company_code,company_name,report_year,indicator_code,value,status,source_url,source_file,source_page,evidence_text,confidence
000009.SZ,中国宝安,2025,Q_G_DEBT_ASSET_RATE,59.78,pending,https://disc.static.szse.cn/disc/disk03/finalpage/2026-04-25/3d0cad8e-7fd7-4c96-9879-a7692046036f.PDF,data/raw/000009.SZ/2025/annual_report.pdf,60,目 本报告期末 上年末 本报告期末比上年末增减 流动比率 1.98 1.81 9.39% 资产负债率 59.78% 59.62% 0.16% 速动比率 0.99 0.95 4.21% 本报告期 上年同期,0.9
000009.SZ,中国宝安,2025,Q_G_DEBT_ASSET_RATE,2.49182372822,pending,https://disc.static.szse.cn/disc/disk03/finalpage/2026-04-25/3d0cad8e-7fd7-4c96-9879-a7692046036f.PDF,data/raw/000009.SZ/2025/annual_report.pdf,66,"合并报表自动派生: 负债合计 股东权益： 股本 其他权益工具 其中：优先股 永续债 资本公积 减：库存股 其他综合收益 专项储备 盈余公积 未分配利润 归属于母公司股东权益合计 少数股东权益 股东权益合计 1,416,765,938.88 1,447,816,558.84 6,165,121.56 10,968,327.50 354,137,293.99 5,637,982,010.5 | 资产总计 56,856,587,520.06 53,774,802,564.92 六、14 六、15 六、16 六、17 六、18 986,175,465.04 669,398,036.22 539,674,124.27 17,481,961,950.60 1,148,488,931.59 889,834,079.96 580,363,555.72 554,689,",0.94
000027.SZ,深圳能源,2025,Q_G_DEBT_ASSET_RATE,61.99,pending,https://disc.static.szse.cn/disc/disk03/finalpage/2026-04-17/e81dfe3f-d725-44b0-a5a9-90166c2caba4.PDF,data/raw/000027.SZ/2025/annual_report.pdf,119,本报告期末 上年末 本报告期末比上年末增减 流动比率 1.07 0.94 13.83% 资产负债率 61.99% 63.93% 下降 1.94 个百分点 速动比率 1.04 0.91 14.29% 本报,0.9
000027.SZ,深圳能源,2025,Q_G_DEBT_ASSET_RATE,61.9918441032,pending,https://disc.static.szse.cn/disc/disk03/finalpage/2026-04-17/e81dfe3f-d725-44b0-a5a9-90166c2caba4.PDF,data/raw/000027.SZ/2025/annual_report.pdf,134,"合并报表自动派生: 负债合计 106,592,653,892.83 103,165,962,137.65 后附的财务报表附注为本财务报表的组成部分。 134  | 资产总计 171,946,254,277.20 161,370,866,988.46 后附的财务报表附注为本财务报表的组成部分。 133",0.94
000027.SZ,深圳能源,2025,Q_G_ROE,4.66,pending,https://disc.static.szse.cn/disc/disk03/finalpage/2026-04-17/e81dfe3f-d725-44b0-a5a9-90166c2caba4.PDF,data/raw/000027.SZ/2025/annual_report.pdf,8,稀释每股收益(元/ 股) 2025 年末 0.31 0.28 10.71% 0.2700 加权平均净资产收益 率 4.66% 4.47% 增长 0.19 个百分点 4.52% 2024 年末 本年末比上年末增减,0.92
000027.SZ,深圳能源,2025,Q_G_ROE,1,pending,https://disc.static.szse.cn/disc/disk03/finalpage/2026-04-17/e81dfe3f-d725-44b0-a5a9-90166c2caba4.PDF,data/raw/000027.SZ/2025/annual_report.pdf,317,年度，本集团不存在具有稀释性的潜在普通股，因此，稀释每股收益等于基 本每股收益。 2、 加权平均净资产收益率的计算过程 (1) 加权平均净资产收益率 加权平均净资产收益率以归属于本公司普通股股东的合并净利润除以归属,0.92
000027.SZ,深圳能源,2025,Q_G_ROE,4.66,pending,https://disc.static.szse.cn/disc/disk03/finalpage/2026-04-17/e81dfe3f-d725-44b0-a5a9-90166c2caba4.PDF,data/raw/000027.SZ/2025/annual_report.pdf,317,"产的 加权平均数 31,799,985,851.71 29,790,062,447.99 加权平均净资产收益率 4.66% 4.47% 317",0.92
000531.SZ,穗恒运Ａ,2025,Q_S_DIVIDEND_PER_SHARE,0.05,pending,https://disc.static.szse.cn/disc/disk03/finalpage/2026-04-10/c6309277-b6b3-40a0-b88b-75d22262103b.PDF,data/raw/000531.SZ/2025/annual_report.pdf,37,"报告期利润分配及资本公积金转增股本情况 适用 □不适用 每 10 股送红股数(股) 0 每 10 股派息数(元)(含税) 0.50 分配预案的股本基数(股) 1,031,804,332 现金分红金额(元)(含税) 51,",0.94
000531.SZ,穗恒运Ａ,2025,Q_S_DIVIDEND_PER_SHARE,1,pending,https://disc.static.szse.cn/disc/disk03/finalpage/2026-04-10/c6309277-b6b3-40a0-b88b-75d22262103b.PDF,data/raw/000531.SZ/2025/annual_report.pdf,136,5 拟分配每 10 股分红股(股) 0 拟分配每 10 股转增数(股) 0 0.5 拟分配每 10 股派息数(元) 经审议批准宣告发放的每 10 股 派息数(元) 经审议批准宣告发放的每 10 股 分红股(股) 0 经审议批准宣告发放,0.94
000543.SZ,皖能电力,2025,Q_S_RD_RATE,0.78,pending,https://disc.static.szse.cn/disc/disk03/finalpage/2026-04-24/3b3f544c-c39a-4da0-8493-880d50c9247f.PDF,data/raw/000543.SZ/2025/annual_report.pdf,15,台 80 万千瓦光伏全容量并网， “陕电入皖”项目取得实质进展。 (四)科技创新成果显现 研发投入强度达 0.78%，专利授权 58 项，其中发明专利 9 项。掺氨燃烧关键技术和装备处于国际先 进水平，完成,0.82
000554.SZ,泰山石油,2025,Q_S_DIVIDEND_PER_SHARE,0.085,pending,https://disc.static.szse.cn/disc/disk03/finalpage/2026-04-24/f1293baa-82c3-4def-b2ce-2df13ac2a987.PDF,data/raw/000554.SZ/2025/annual_report.pdf,40,"金转增股本情况 适用□ 不适用 正但未提出现金红利分配预案 每10 股送红股数(股) 0 每10 股派息数(元)(含税) 0.85 分配预案的股本基数(股) 480793318 现金分红金额(元)(含税) 40,867,",0.94
000554.SZ,泰山石油,2025,Q_S_DIVIDEND_PER_SHARE,0.085,pending,https://disc.static.szse.cn/disc/disk03/finalpage/2026-04-24/f1293baa-82c3-4def-b2ce-2df13ac2a987.PDF,data/raw/000554.SZ/2025/annual_report.pdf,183,项目 内容 对财务状况和经营成果的影 响数 无法估计影响数的原因 2、利润分配情况 拟分配每10 股派息数(元) 0.85 拟分配每10 股分红股(股) 0 拟分配每10 股转增数(股) 0 经审议批准宣告发放的,0.94
000554.SZ,泰山石油,2025,Q_S_DIVIDEND_PER_SHARE,72.119,pending,https://disc.static.szse.cn/disc/disk03/finalpage/2026-04-24/ea8fc224-cd29-440d-9cc5-01f843455242.PDF,data/raw/000554.SZ/2025/esg_report.pdf,13,"会召开次数 2 次 股东会审议议案数 16 项 2022 年 年份 现金分红总额(万元) 每 10 股派息数(含税) 721.19 0.15 2023 年 1,105.82 0.23 2024 年 5,000.25 1.",0.94
000554.SZ,泰山石油,2025,Q_S_DIVIDEND_PER_SHARE,0.023,pending,https://disc.static.szse.cn/disc/disk03/finalpage/2026-04-24/ea8fc224-cd29-440d-9cc5-01f843455242.PDF,data/raw/000554.SZ/2025/esg_report.pdf,44,亿元 17.93 18.86 16.23 净资产 亿元 9.55 10.34 11.20 每 10 股派息数 元 0.23 1.04 1.47 意外泄漏引发事故 次 0 0 0 严重泄漏次数 次 0 0 0 环保,0.94
000600.SZ,建投能源,2025,Q_G_DEBT_ASSET_RATE,59.18,pending,https://disc.static.szse.cn/disc/disk03/finalpage/2026-04-29/c569a305-bce8-4d42-9786-6f96640344f6.PDF,data/raw/000600.SZ/2025/annual_report.pdf,21,资的统筹推进，为公司提供稳健的资金保障， 实现了融资成本和结构“双优化” 。报告期末，公司资产负债率为59.18%。 2、收入与成本 (1) 营业收入构成 单位：元 2025 年 2024 年 金额 占营,0.9
000600.SZ,建投能源,2025,Q_G_DEBT_ASSET_RATE,59.18,pending,https://disc.static.szse.cn/disc/disk03/finalpage/2026-04-29/c569a305-bce8-4d42-9786-6f96640344f6.PDF,data/raw/000600.SZ/2025/annual_report.pdf,105,动比率 0.52 0.68 -23.53% 速动比率 0.48 0.58 -17.24% 资产负债率 59.18% 62.70% -3.52% 本报告期 上年同期 本报告期比上年同期增减 扣除非经常性损益,0.9
000600.SZ,建投能源,2025,Q_G_DEBT_ASSET_RATE,29512.2610496,pending,https://disc.static.szse.cn/disc/disk03/finalpage/2026-04-29/c569a305-bce8-4d42-9786-6f96640344f6.PDF,data/raw/000600.SZ/2025/annual_report.pdf,112,"合并报表自动派生: 负债合计 30,132,830,623.49 29,558,036,336.96 所有者权益： 股本 （三十八） 1,803,234,376.00 1,809,299,376.00 其他权益工具 （三十九） 1,000,000,000.00 其中：优先股 永续债 1,000,000,000.00 资本公积 （四十） 4,602,437,209.34 4,642,11 | 资产总计 （十九） （二十一） 102,102,751.71 1,277,201,789.49 50,919,041,368.32 93,508,169.21 260,449,145.43 47,138,510,289.99 后附财务报表附注为财务报表的组成部分。 公司负责人：王剑峰 主管会计工作负责人： 张贞 会计机构负责人：张贞 111",0.94
000791.SZ,甘肃能源,2025,Q_S_RD_RATE,0.06,pending,https://disc.static.szse.cn/disc/disk03/finalpage/2026-03-28/003b10b9-e971-4620-a1de-7a6c8394afc1.PDF,data/raw/000791.SZ/2025/esg_report.pdf,33,转换，加快发展新质生产力。 2025 年科技创新绩效 研究开发费用 509.19万元 科技研发投入强度 0.06% 研发人员数量 95人 公司深入实施创新驱动发展战略，不断总结技术创新工作经验，紧密围绕战,0.82
000937.SZ,冀中能源,2025,Q_S_DIVIDEND_PER_SHARE,0.1,pending,https://disc.static.szse.cn/disc/disk03/finalpage/2026-04-29/e44b0814-6036-40c4-a477-98173145ea75.PDF,data/raw/000937.SZ/2025/annual_report.pdf,34,"报告期利润分配及资本公积金转增股本情况 适用 □不适用 每 10 股送红股数(股) 0 每 10 股派息数(元)(含税) 1 每 10 股转增数(股) 1 分配预案的股本基数(股) 3,533,546,850 现金",0.94
000937.SZ,冀中能源,2025,Q_S_DIVIDEND_PER_SHARE,0.1,pending,https://disc.static.szse.cn/disc/disk03/finalpage/2026-04-29/e44b0814-6036-40c4-a477-98173145ea75.PDF,data/raw/000937.SZ/2025/annual_report.pdf,153,明 公司不存在需要披露的重要或有事项。 十五、资产负债表日后事项 1、利润分配情况 拟分配每 10 股派息数(元) 1 拟分配每 10 股分红股(股) 0 拟分配每 10 股转增数(股) 1 经审议批准宣告发,0.94
000937.SZ,冀中能源,2025,Q_S_DIVIDEND_PER_SHARE,0,pending,https://disc.static.szse.cn/disc/disk03/finalpage/2026-04-29/e44b0814-6036-40c4-a477-98173145ea75.PDF,data/raw/000937.SZ/2025/annual_report.pdf,153,分配每 10 股分红股(股) 0 拟分配每 10 股转增数(股) 1 经审议批准宣告发放的每 10 股派息数(元) 0 经审议批准宣告发放的每 10 股分红股(股) 0 经审议批准宣告发放的每 10 股转增数,0.94
000968.SZ,蓝焰控股,2025,Q_S_DIVIDEND_PER_SHARE,0.05,pending,https://disc.static.szse.cn/disc/disk03/finalpage/2026-04-28/e8e58391-9f7d-4e3e-a20f-f91de853f3ff.PDF,data/raw/000968.SZ/2025/annual_report.pdf,43,"报告期利润分配及资本公积金转增股本情况 适用 □不适用 每 10 股送红股数(股) 0 每 10 股派息数(元)(含税) 0.5 分配预案的股本基数(股) 967502660 现金分红金额(元)(含税) 48,375,",0.94
000968.SZ,蓝焰控股,2025,Q_S_DIVIDEND_PER_SHARE,0.05,pending,https://disc.static.szse.cn/disc/disk03/finalpage/2026-04-28/e8e58391-9f7d-4e3e-a20f-f91de853f3ff.PDF,data/raw/000968.SZ/2025/annual_report.pdf,199,3、其他 十七、资产负债表日后事项 1、重要的非调整事项 不适用 2、利润分配情况 拟分配每 10 股派息数(元) 0.5 拟分配每 10 股分红股(股) 0 拟分配每 10 股转增数(股) 0 经审议批准宣告发,0.94
000968.SZ,蓝焰控股,2025,Q_S_DIVIDEND_PER_SHARE,0,pending,https://disc.static.szse.cn/disc/disk03/finalpage/2026-04-28/e8e58391-9f7d-4e3e-a20f-f91de853f3ff.PDF,data/raw/000968.SZ/2025/annual_report.pdf,199,分配每 10 股分红股(股) 0 拟分配每 10 股转增数(股) 0 经审议批准宣告发放的每 10 股派息数(元) 0 利润分配方案 2026 年 4 月 27 日，本公司召开第八届董事会第七次会 议，审议通,0.94
001258.SZ,立新能源,2025,Q_S_DIVIDEND_PER_SHARE,0.03,pending,https://disc.static.szse.cn/disc/disk03/finalpage/2026-04-23/c4de7ed7-ade8-4b19-862a-a453dfedb428.PDF,data/raw/001258.SZ/2025/annual_report.pdf,42,"报告期利润分配及资本公积金转增股本情况 √适用 □不适用 每 10 股送红股数(股) 0 每 10 股派息数(元)(含税) 0.30 分配预案的股本基数(股) 933,333,334 现金分红金额(元)(含税) 28,00",0.94
001258.SZ,立新能源,2025,Q_S_DIVIDEND_PER_SHARE,0.03,pending,https://disc.static.szse.cn/disc/disk03/finalpage/2026-04-23/c4de7ed7-ade8-4b19-862a-a453dfedb428.PDF,data/raw/001258.SZ/2025/annual_report.pdf,143,明 公司不存在需要披露的重要或有事项。 十五、资产负债表日后事项 1、利润分配情况 拟分配每 10 股派息数(元) 0.3 拟分配每 10 股分红股(股) 0 拟分配每 10 股转增数(股) 0 经审议批准宣告发,0.94
001258.SZ,立新能源,2025,Q_S_DIVIDEND_PER_SHARE,0,pending,https://disc.static.szse.cn/disc/disk03/finalpage/2026-04-23/c4de7ed7-ade8-4b19-862a-a453dfedb428.PDF,data/raw/001258.SZ/2025/annual_report.pdf,143,分配每 10 股分红股(股) 0 拟分配每 10 股转增数(股) 0 经审议批准宣告发放的每 10 股派息数(元) 0 经审议批准宣告发放的每 10 股分红股(股) 0 经审议批准宣告发放的每 10 股转增数,0.94
001896.SZ,豫能控股,2025,Q_G_DEBT_ASSET_RATE,86.8,pending,https://disc.static.szse.cn/disc/disk03/finalpage/2026-03-31/29426423-51db-4e0f-91b9-a1a8b18c2613.PDF,data/raw/001896.SZ/2025/annual_report.pdf,66,目 本报告期末 上年末 本报告期末比上年末增减 流动比率 0.47 0.44 6.82% 资产负债率 86.80% 89.02% -2.22% 速动比率 0.40 0.35 14.29% 本报告期 上年同,0.9
001896.SZ,豫能控股,2025,Q_G_DEBT_ASSET_RATE,65,pending,https://disc.static.szse.cn/disc/disk03/finalpage/2026-03-31/29426423-51db-4e0f-91b9-a1a8b18c2613.PDF,data/raw/001896.SZ/2025/annual_report.pdf,133,",000.00 元，到 期日为 2038 年 6 月 4 日，该契约条件要求长垣综合能源的资产负债率不得高于 65%；流动比不得低于 1，测试日为 每年的 12 月 31 日。截至 2025 年 12 月",0.9
001896.SZ,豫能控股,2025,Q_G_DEBT_ASSET_RATE,66.53,pending,https://disc.static.szse.cn/disc/disk03/finalpage/2026-03-31/29426423-51db-4e0f-91b9-a1a8b18c2613.PDF,data/raw/001896.SZ/2025/annual_report.pdf,133,试日为 每年的 12 月 31 日。截至 2025 年 12 月 31 日，长垣综合能源的资产负债率为 66.53%；流动比为 0.68。长垣综合能 源确认，该财务指标约束条款已触发影响公司提款，并可能影响,0.9
001896.SZ,豫能控股,2025,Q_G_DEBT_ASSET_RATE,95,pending,https://disc.static.szse.cn/disc/disk03/finalpage/2026-03-31/29426423-51db-4e0f-91b9-a1a8b18c2613.PDF,data/raw/001896.SZ/2025/annual_report.pdf,133,元，到期日为 2030 年 10 月 12 日，该契约条件要求交易 中心的并购方合并口径资产负债率不大于 95%，测试日为每年的 12 月 31 日。截至 2025 年 12 月 31 日，交易中心的,0.9
001896.SZ,豫能控股,2025,Q_G_DEBT_ASSET_RATE,86.8,pending,https://disc.static.szse.cn/disc/disk03/finalpage/2026-03-31/29426423-51db-4e0f-91b9-a1a8b18c2613.PDF,data/raw/001896.SZ/2025/annual_report.pdf,165,".18 负债总额 27,904,718,864.33 28,144,780,096.26 资产负债率 86.80% 89.02% 2、金融资产 (1) 转移方式分类 ☑适用 □不适用 单位：元 转移方式",0.9
00196.HK,HONGHUA GROUP,2025,Q_S_RD_RATE,5.2,pending,https://www1.hkexnews.hk/listedco/listconews/sehk/2026/0427/2026042703116.pdf,data/raw/hkex_reports/00196.HK/2025/annual_report.pdf,6,"r, an increase of 11.31% over the past year. R&D investment intensity was 5.2%, a year-on-year increase of 0.64 percentage",0.93
00196.HK,HONGHUA GROUP,2025,Q_S_RD_RATE,2.97764743789,pending,https://www1.hkexnews.hk/listedco/listconews/sehk/2026/0427/2026042703116.pdf,data/raw/hkex_reports/00196.HK/2025/annual_report.pdf,75,"English consolidated income statement derived: Research and development expenses 6 (163,572) (150,457) | Revenue 4 5,493,330 5,633,410",0.93
00196.HK,HONGHUA GROUP,2025,Q_S_RD_RATE,5.2,pending,https://www1.hkexnews.hk/listedco/listconews/sehk/2026/0427/2026042703134.pdf,data/raw/hkex_reports/00196.HK/2025/esg_report.pdf,21,"nting a year-on-year increase of 11.67%. The R&D intensity reached 5.2%, up by 0.69 percentage points year-on-year,",0.93
002090.SZ,金智科技,2025,Q_S_DIVIDEND_PER_SHARE,0.025,pending,https://disc.static.szse.cn/disc/disk03/finalpage/2026-04-17/da4335ae-ea0c-4a70-9871-ecab8a547187.PDF,data/raw/002090.SZ/2025/annual_report.pdf,50,"报告期利润分配及资本公积金转增股本情况 适用 □不适用 每 10 股送红股数(股) 0 每 10 股派息数(元)(含税) 0.25 分配预案的股本基数(股) 400,577,071 现金分红金额(元)(含税) 10,01",0.94
002090.SZ,金智科技,2025,Q_S_DIVIDEND_PER_SHARE,0.045,pending,https://disc.static.szse.cn/disc/disk03/finalpage/2026-04-17/da4335ae-ea0c-4a70-9871-ecab8a547187.PDF,data/raw/002090.SZ/2025/annual_report.pdf,174,股份有限公司 2025 年年度报告全文 十六、资产负债表日后事项 1、利润分配情况 拟分配每 10 股派息数(元) 0.45 拟分配每 10 股分红股(股) 0 拟分配每 10 股转增数(股) 0 0.45 经审议,0.94
002245.SZ,蔚蓝锂芯,2025,Q_G_ROE,9.77,pending,https://disc.static.szse.cn/disc/disk03/finalpage/2026-04-14/f2df9f6e-7c03-4781-93df-51c9a7e0d2da.PDF,data/raw/002245.SZ/2025/annual_report.pdf,7,222 稀释每股收益(元/ 股) 0.6154 0.4233 45.38% 0.1222 加权平均净资产收益 率 9.77% 7.30% 2.47% 2.20% 2025 年末 2024 年末 本年末比上年末增减,0.92
002245.SZ,蔚蓝锂芯,2025,Q_G_ROE,9.77,pending,https://disc.static.szse.cn/disc/disk03/finalpage/2026-04-14/f2df9f6e-7c03-4781-93df-51c9a7e0d2da.PDF,data/raw/002245.SZ/2025/annual_report.pdf,155,"= D+A/2+ E×F/K-G×H/K ±I×J/K 7,276,947,346.84 加权平均净资产收益率 M=A/L 9.77% 扣除非经常损益加权平均净资产收益率 N=C/L 9.93% (2)基本每股收益和稀释每",0.92
002245.SZ,蔚蓝锂芯,2025,Q_G_ROE,9.93,pending,https://disc.static.szse.cn/disc/disk03/finalpage/2026-04-14/f2df9f6e-7c03-4781-93df-51c9a7e0d2da.PDF,data/raw/002245.SZ/2025/annual_report.pdf,155,"276,947,346.84 加权平均净资产收益率 M=A/L 9.77% 扣除非经常损益加权平均净资产收益率 N=C/L 9.93% (2)基本每股收益和稀释每股收益的计算过程 1)基本每股收益的计算过程 项目 序号 本",0.92
002364.SZ,中恒电气,2025,Q_S_DIVIDEND_PER_SHARE,0.1,pending,https://disc.static.szse.cn/disc/disk03/finalpage/2026-04-21/d0543cb8-6de6-4606-9add-49a587d32b30.PDF,data/raw/002364.SZ/2025/annual_report.pdf,49,"杭州中恒电气股份有限公司 2025 年年度报告全文 每 10 股送红股数(股) 0 每 10 股派息数(元)(含税) 1 分配预案的股本基数(股) 561,760,560 现金分红金额(元)(含税) 56,17",0.94
002364.SZ,中恒电气,2025,Q_S_DIVIDEND_PER_SHARE,0.3,pending,https://disc.static.szse.cn/disc/disk03/finalpage/2026-04-21/d0543cb8-6de6-4606-9add-49a587d32b30.PDF,data/raw/002364.SZ/2025/annual_report.pdf,213,2、利润分配情况 拟分配每 10 股派息数(元) 利润分配方案 3、销售退回 4、其他资产负债表日后事项说明 十八、其他重要事项 1、前期会计差错更正 (1,0.94
002487.SZ,大金重工,2025,Q_S_DIVIDEND_PER_SHARE,0.087,pending,https://disc.static.szse.cn/disc/disk03/finalpage/2026-03-06/6aa612fb-1857-49fb-80ae-34252bd385b7.PDF,data/raw/002487.SZ/2025/annual_report.pdf,40,"报告期利润分配及资本公积金转增股本情况 适用 □不适用 每 10 股送红股数(股) 0 每 10 股派息数(元)(含税) 0.87 分配预案的股本基数(股) 637,749,349 现金分红金额(元)(含税)注1 55,",0.94
002487.SZ,大金重工,2025,Q_S_DIVIDEND_PER_SHARE,1,pending,https://disc.static.szse.cn/disc/disk03/finalpage/2026-03-06/6aa612fb-1857-49fb-80ae-34252bd385b7.PDF,data/raw/002487.SZ/2025/annual_report.pdf,197,大金重工股份有限公司 2025年年度报告全文 2、利润分配情况 拟分配每 10 股派息数(元) 经审议批准宣告发放的每 10 股派息数(元) 利润分配方案 3、销售退回 4、其他资产负债表日后事项说明 十八、其他重,0.94
002533.SZ,金杯电工,2025,Q_G_ROE,14.15,pending,https://disc.static.szse.cn/disc/disk03/finalpage/2026-03-31/35d76772-6a6b-4dde-9439-b554040356ac.PDF,data/raw/002533.SZ/2025/annual_report.pdf,7,7% 0.712 稀释每股收益(元/股) 0.825 0.780 5.77% 0.712 加权平均净资产收益率 14.15% 14.53% -0.38% 14.02% 2025 年末 2024 年末 本年末比上年,0.92
002533.SZ,金杯电工,2025,Q_G_ROE,14.15,pending,https://disc.static.szse.cn/disc/disk03/finalpage/2026-03-31/35d76772-6a6b-4dde-9439-b554040356ac.PDF,data/raw/002533.SZ/2025/annual_report.pdf,219,"L=D+A/2+E×F/K- G×H/K±I×J/K 4,239,398,052.63 加权平均净资产收益率 M=A/L 14.15% 扣除非经常损益后加权平均净资产收益率 M1=C/L 12.38% 期初股份总数 N 7",0.92
002533.SZ,金杯电工,2025,Q_G_ROE,1,pending,https://disc.static.szse.cn/disc/disk03/finalpage/2026-03-31/35d76772-6a6b-4dde-9439-b554040356ac.PDF,data/raw/002533.SZ/2025/annual_report.pdf,219,"9,398,052.63 加权平均净资产收益率 M=A/L 14.15% 扣除非经常损益后加权平均净资产收益率 M1=C/L 12.38% 期初股份总数 N 733,941,062.00 公积金转增股本或股",0.92
002616.SZ,长青集团,2025,Q_G_DEBT_ASSET_RATE,73.23,pending,https://disc.static.szse.cn/disc/disk03/finalpage/2026-03-31/6c1bc172-edf2-4c40-b9b4-5ae4e1fe7c88.PDF,data/raw/002616.SZ/2025/annual_report.pdf,2,成功出售了一些发展受限 项目等多种有利因素下，公司的经营性净现金流同比增长 37.13%，资产负债率由去年的 73.23%大幅下降至62.35%。去年，生物质热电业务取得近年最好成绩。 华中、华东区域各项目的平均,0.9
002616.SZ,长青集团,2025,Q_G_DEBT_ASSET_RATE,73.23,pending,https://disc.static.szse.cn/disc/disk03/finalpage/2026-03-31/6c1bc172-edf2-4c40-b9b4-5ae4e1fe7c88.PDF,data/raw/002616.SZ/2025/annual_report.pdf,23,年同期的 0.2920 元增加 11.68%。公司的经营性净现金流同比增长 37.13%，资产负债率由去年的 73.23%大幅下降至 62.35%。 本报告期，公司向社会累计供应清洁电力 34.09 亿度，供应清,0.9
002616.SZ,长青集团,2025,Q_G_DEBT_ASSET_RATE,73.23,pending,https://disc.static.szse.cn/disc/disk03/finalpage/2026-03-31/6c1bc172-edf2-4c40-b9b4-5ae4e1fe7c88.PDF,data/raw/002616.SZ/2025/annual_report.pdf,85,"为 10,506,489,178.26元，负债总额为7,693,493,743.21 元，资产负债率为73.23%；期末资产总额为9,637,714,176.53 元，负债总额为 6,009,340,81",0.9
002616.SZ,长青集团,2025,Q_G_DEBT_ASSET_RATE,62.35,pending,https://disc.static.szse.cn/disc/disk03/finalpage/2026-03-31/6c1bc172-edf2-4c40-b9b4-5ae4e1fe7c88.PDF,data/raw/002616.SZ/2025/annual_report.pdf,85,"额为9,637,714,176.53 元，负债总额为 6,009,340,813.50元，资产负债率为 62.35%。 85",0.9
002616.SZ,长青集团,2025,Q_G_DEBT_ASSET_RATE,62.35,pending,https://disc.static.szse.cn/disc/disk03/finalpage/2026-03-31/6c1bc172-edf2-4c40-b9b4-5ae4e1fe7c88.PDF,data/raw/002616.SZ/2025/annual_report.pdf,93,本报告期末 上年末 本报告期末比上年末增 减 流动比率 1.53 1.33 15.04% 资产负债率 62.35% 73.23% -10.88% 速动比率 1.44 1.24 16.13% 本报告期 上年,0.9
002706.SZ,良信股份,2025,Q_S_DIVIDEND_PER_SHARE,0.2,pending,https://disc.static.szse.cn/disc/disk03/finalpage/2026-04-11/6e5b941a-3c90-4bfa-916d-e46782edd6fa.PDF,data/raw/002706.SZ/2025/annual_report.pdf,38,"报告期利润分配及资本公积金转增股本情况 R适用 □不适用 每 10 股送红股数(股) 0 每 10 股派息数(元)(含税) 2.00 分配预案的股本基数(股) 1,098,802,720 现金分红金额(元)(含税) 219",0.94
002706.SZ,良信股份,2025,Q_S_DIVIDEND_PER_SHARE,0.2,pending,https://disc.static.szse.cn/disc/disk03/finalpage/2026-04-11/6e5b941a-3c90-4bfa-916d-e46782edd6fa.PDF,data/raw/002706.SZ/2025/annual_report.pdf,190,项目 内容 对财务状况和经营成果的影 响数 无法估计影响数的原因 2、利润分配情况 拟分配每 10 股派息数(元) 2.00 经审议批准宣告发放的每 10 股派息数(元) 2.20 利润分配方案 公司拟以实施权益分,0.94
002706.SZ,良信股份,2025,Q_S_DIVIDEND_PER_SHARE,0.22,pending,https://disc.static.szse.cn/disc/disk03/finalpage/2026-04-11/6e5b941a-3c90-4bfa-916d-e46782edd6fa.PDF,data/raw/002706.SZ/2025/annual_report.pdf,190,数的原因 2、利润分配情况 拟分配每 10 股派息数(元) 2.00 经审议批准宣告发放的每 10 股派息数(元) 2.20 利润分配方案 公司拟以实施权益分派股权登记日的总股本扣减公司回购 专用证券账户中的股份为,0.94
002882.SZ,金龙羽,2025,Q_S_DIVIDEND_PER_SHARE,0.1,pending,https://disc.static.szse.cn/disc/disk03/finalpage/2026-03-27/c8023ac6-3e17-46bd-8cf0-c28947ead96f.PDF,data/raw/002882.SZ/2025/annual_report.pdf,37,"报告期利润分配及资本公积金转增股本情况 适用 □不适用 每 10 股送红股数(股) 0 每 10 股派息数(元)(含税) 1 分配预案的股本基数(股) 432,900,000 现金分红金额(元)(含税) 43,29",0.94
002882.SZ,金龙羽,2025,Q_S_DIVIDEND_PER_SHARE,0.1,pending,https://disc.static.szse.cn/disc/disk03/finalpage/2026-03-27/c8023ac6-3e17-46bd-8cf0-c28947ead96f.PDF,data/raw/002882.SZ/2025/annual_report.pdf,155,存在需要披露的重要或有事项。 3、其他 十七、资产负债表日后事项 1、利润分配情况 拟分配每 10 股派息数(元) 1 拟分配每 10 股分红股(股) 0 拟分配每 10 股转增数(股) 0 经审议批准宣告发,0.94
002882.SZ,金龙羽,2025,Q_S_DIVIDEND_PER_SHARE,0,pending,https://disc.static.szse.cn/disc/disk03/finalpage/2026-03-27/c8023ac6-3e17-46bd-8cf0-c28947ead96f.PDF,data/raw/002882.SZ/2025/annual_report.pdf,155,分配每 10 股分红股(股) 0 拟分配每 10 股转增数(股) 0 经审议批准宣告发放的每 10 股派息数(元) 0 经审议批准宣告发放的每 10 股分红股(股) 0 经审议批准宣告发放的每 10 股转增数,0.94
002893.SZ,京能热力,2025,Q_S_DIVIDEND_PER_SHARE,0.091,pending,https://disc.static.szse.cn/disc/disk03/finalpage/2026-04-29/232612b7-b24b-4132-ae8c-adf86a213da0.PDF,data/raw/002893.SZ/2025/annual_report.pdf,56,"报告期利润分配及资本公积金转增股本情况 适用 □不适用 每 10 股送红股数(股) 0 每 10 股派息数(元) (含税) 0.91 分配预案的股本基数(股) 263,640,000 现金分红金额(元) (含税) 23,9",0.94
002893.SZ,京能热力,2025,Q_S_DIVIDEND_PER_SHARE,0.091,pending,https://disc.static.szse.cn/disc/disk03/finalpage/2026-04-29/232612b7-b24b-4132-ae8c-adf86a213da0.PDF,data/raw/002893.SZ/2025/annual_report.pdf,185,事项。 3、其他 十七、资产负债表日后事项 1、重要的非调整事项 2、利润分配情况 拟分配每 10 股派息数(元) 0.91 拟分配每 10 股转增数(股) 0 经审议批准宣告发放的每 10 股派息数(元) 0 经,0.94
002893.SZ,京能热力,2025,Q_S_DIVIDEND_PER_SHARE,0,pending,https://disc.static.szse.cn/disc/disk03/finalpage/2026-04-29/232612b7-b24b-4132-ae8c-adf86a213da0.PDF,data/raw/002893.SZ/2025/annual_report.pdf,185,10 股派息数(元) 0.91 拟分配每 10 股转增数(股) 0 经审议批准宣告发放的每 10 股派息数(元) 0 经审议批准宣告发放的每 10 股分红股(股) 0 利润分配方案 2026 年 4 月 2,0.94
002911.SZ,佛燃能源,2025,Q_S_DIVIDEND_PER_SHARE,0.27,pending,https://disc.static.szse.cn/disc/disk03/finalpage/2026-03-25/421ea001-e587-4e69-9c11-4f96f88b41b8.PDF,data/raw/002911.SZ/2025/annual_report.pdf,51,"报告期利润分配及资本公积金转增股本情况 适用 □不适用 每 10 股送红股数(股) 0 每 10 股派息数(元)(含税) 2.7 分配预案的股本基数(股) 1,298,394,217 现金分红金额(元)(含税) 350",0.94
002911.SZ,佛燃能源,2025,Q_S_DIVIDEND_PER_SHARE,0.52,pending,https://disc.static.szse.cn/disc/disk03/finalpage/2026-03-25/421ea001-e587-4e69-9c11-4f96f88b41b8.PDF,data/raw/002911.SZ/2025/annual_report.pdf,232,"亿元，计入其 他权益工具。 1,500,000,000.00 / 2、利润分配情况 拟分配每 10 股派息数(元) 5.20 利润分配方案 1、以公司总股本 1,298,394,217 股为基数，向全体股东每 10",0.94
002980.SZ,华盛昌,2025,Q_S_RD_RATE,10.26,pending,https://disc.static.szse.cn/disc/disk03/finalpage/2026-04-28/925581b2-0afe-4728-8166-6b4dde2e149d.PDF,data/raw/002980.SZ/2025/annual_report.pdf,27,具备从传感器应用到 精密制造的全链条技术积累。截至 2025 年 12 月 31 日，公司研发投入占比达营收 10.26%，公司将对前沿技术持续投入 和迭代，进一步补充公司产品矩阵。 (三)核心技术指标持续发展，,0.82
00600.HK,AXERA,2025,Q_E_GHG_INTENSITY,12.5,pending,https://www1.hkexnews.hk/listedco/listconews/sehk/2026/0428/2026042800542.pdf,data/raw/hkex_reports/00600.HK/2025/annual_report.pdf,77,English revenue intensity: Greenhouse gas emission intensity (Scope 1 & Scope 2) tCO2e/revenue of RMB in million 1.25,0.92
00600.HK,AXERA,2025,Q_E_GHG_INTENSITY,7003.1,pending,https://www1.hkexnews.hk/listedco/listconews/sehk/2026/0428/2026042800542.pdf,data/raw/hkex_reports/00600.HK/2025/annual_report.pdf,85,English revenue intensity: Greenhouse gas emission intensity (Scope 1 & Scope 2) tCO2e/revenue of RMB in million 700.31,0.92
01205.HK,CITIC RESOURCES,2025,Q_E_GHG_REDUCTION_RATE,-14.2512699057,pending,https://www1.hkexnews.hk/listedco/listconews/sehk/2026/0429/2026042901100.pdf,data/raw/hkex_reports/01205.HK/2025/esg_report.pdf,33,"English same-scope GHG table derived: Total GHG Emission (Scope 1 and Scope 2) tonnes of CO2e 132,134.21 115,652.29",0.93
01205.HK,CITIC RESOURCES,2025,Q_E_GHG_REDUCTION_RATE,-14.2505783897,pending,https://www1.hkexnews.hk/listedco/listconews/sehk/2026/0429/2026042901100.pdf,data/raw/hkex_reports/01205.HK/2025/esg_report.pdf,64,"English same-scope GHG table derived: Total GHG Emission (Scope 1 and Scope 2) Tonnes of CO2e 132,134.21 115,652.99",0.93
01250.HK,SDHS NEW ENERGY,2025,Q_S_SAFETY_INVEST_RATE,1.77,pending,https://www1.hkexnews.hk/listedco/listconews/sehk/2026/0423/2026042302482.pdf,data/raw/hkex_reports/01250.HK/2025/esg_report.pdf,58,"y education training attendance 10,291 9,020 Proportion of safety production investment38 % / 1.77 Community investment amount RMB10,000 1,406.",0.94
01798.HK,DATANG RENEW,2025,Q_S_SAFETY_INVEST_RATE,4.41,pending,https://www1.hkexnews.hk/listedco/listconews/sehk/2026/0428/2026042802732.pdf,data/raw/hkex_reports/01798.HK/2025/annual_report.pdf,165,"ment RMB10,000 55,147.00 45,698.99 31,692.00 Work safety investment as % of % 4.41 3.63 2.48 revenue Personal protective equipment expenditure RM",0.94
03337.HK,ANTON OILFIELD,2025,Q_E_ALTERNATIVE_WATER_RATE,8.53,pending,https://www1.hkexnews.hk/listedco/listconews/sehk/2026/0429/2026042903319.pdf,data/raw/hkex_reports/03337.HK/2025/esg_report.pdf,24,.12 thousand cubic -28.7% meters/RMB million Proportion of the recycled water consumption 8.53% 2026 Target Water consumption per revenue 11,0.93
03337.HK,ANTON OILFIELD,2025,Q_E_ALTERNATIVE_WATER_RATE,8.53,pending,https://www1.hkexnews.hk/listedco/listconews/sehk/2026/0429/2026042903319.pdf,data/raw/hkex_reports/03337.HK/2025/esg_report.pdf,51,MB million Wastewater discharged per revenue Proportion of the recycled water consumption 8.53 % Total wastewater discharged 10.62 Ten thousa,0.93
03337.HK,ANTON OILFIELD,2025,Q_S_DONATION_RATE,0.03,pending,https://www1.hkexnews.hk/listedco/listconews/sehk/2026/0429/2026042903319.pdf,data/raw/hkex_reports/03337.HK/2025/esg_report.pdf,53,welfare donation amount 181 RMB ten thousand Proportion of donation total in revenue 0.03 % Governance Performance Indicators 2025 Unit,0.94
300037.SZ,新宙邦,2025,Q_S_DIVIDEND_PER_SHARE,0.5,pending,https://disc.static.szse.cn/disc/disk03/finalpage/2026-03-24/9902db8d-1e86-4a42-b85b-d8f0a721ddf9.PDF,data/raw/300037.SZ/2025/annual_report.pdf,61,程等的相关规定。 本年度利润分配及资本公积金转增股本情况 每 10 股送红股数(股) 0 每 10 股派息数(元)(含税) 5 每 10 股转增数(股) 0 61,0.94
300037.SZ,新宙邦,2025,Q_S_DIVIDEND_PER_SHARE,0.5,pending,https://disc.static.szse.cn/disc/disk03/finalpage/2026-03-24/9902db8d-1e86-4a42-b85b-d8f0a721ddf9.PDF,data/raw/300037.SZ/2025/annual_report.pdf,208,、其他 十七、资产负债表日后事项 1、重要的非调整事项 不适用 2、 利润分配情况 拟分配每 10 股派息数(元) 5 拟分配每 10 股分红股(股) 拟分配每 10 股转增数(股) 经审议批准宣告发放的每,0.94
300037.SZ,新宙邦,2025,Q_S_DIVIDEND_PER_SHARE,1,pending,https://disc.static.szse.cn/disc/disk03/finalpage/2026-03-24/9902db8d-1e86-4a42-b85b-d8f0a721ddf9.PDF,data/raw/300037.SZ/2025/annual_report.pdf,208,5 拟分配每 10 股分红股(股) 拟分配每 10 股转增数(股) 经审议批准宣告发放的每 10 股派息数(元) 经审议批准宣告发放的每 10 股分红股(股) 经审议批准宣告发放的每 10 股转增数(股) 利润分配方案 2025 年,0.94
300483.SZ,首华燃气,2025,Q_G_DEBT_ASSET_RATE,30,pending,https://disc.static.szse.cn/disc/disk03/finalpage/2026-03-20/62957663-14a8-4395-b2c5-75dc632fd69b.PDF,data/raw/300483.SZ/2025/annual_report.pdf,19,7.69 亿元， 同比提升 254%；有息负债由年初的约 26 亿元降至 17 亿元，有息资产负债率由 30%降至年末的 20%。 报告期内，公司顺利完成有息负债的利率优化，有序推进可转换债券转股，期,0.9
300483.SZ,首华燃气,2025,Q_G_DEBT_ASSET_RATE,53.2,pending,https://disc.static.szse.cn/disc/disk03/finalpage/2026-03-20/62957663-14a8-4395-b2c5-75dc632fd69b.PDF,data/raw/300483.SZ/2025/annual_report.pdf,98,本报告期末 上年末 本报告期末比上年末增减 流动比率 0.63 0.95 -33.68% 资产负债率 53.20% 58.96% -5.76% 速动比率 0.62 0.95 -34.74% 本报告期 上年,0.9
300763.SZ,锦浪科技,2025,Q_G_DEBT_ASSET_RATE,70,pending,https://disc.static.szse.cn/disc/disk03/finalpage/2026-04-27/5896c519-14d0-4bdc-b47a-1ccc0aa7162a.PDF,data/raw/300763.SZ/2025/annual_report.pdf,102,)公司市场融资功能，满足日常经营的流动资金需求，公司对合并报表范围内的 子(孙)公司，按照资产负债率为 70%以上以及资产负债率低于 70%的两类子(孙)公司分别预计未来十二个月的担保 102,0.9
300763.SZ,锦浪科技,2025,Q_G_DEBT_ASSET_RATE,53.27,pending,https://disc.static.szse.cn/disc/disk03/finalpage/2026-04-27/5896c519-14d0-4bdc-b47a-1ccc0aa7162a.PDF,data/raw/300763.SZ/2025/annual_report.pdf,118,本报告期末 上年末 本报告期末比上年末增减 流动比率 1.17 1.05 11.43% 资产负债率 53.27% 60.48% -7.21% 速动比率 0.72 0.61 18.03% 本报告期 上年同,0.9
300953.SZ,震裕科技,2025,Q_G_DEBT_ASSET_RATE,73.8,pending,https://disc.static.szse.cn/disc/disk03/finalpage/2026-04-23/7ad61fbf-a95f-4079-9f8f-f78b5dea2779.PDF,data/raw/300953.SZ/2025/annual_report.pdf,92,"期初，公司资产总额 1,142,558.92 万元，负债总额 843,230.94 万元，资产负债率 73.80%；报告期末，公司资 产总额 1,304,269.01 万元，负债总额 859,430.62",0.9
300953.SZ,震裕科技,2025,Q_G_DEBT_ASSET_RATE,65.89,pending,https://disc.static.szse.cn/disc/disk03/finalpage/2026-04-23/7ad61fbf-a95f-4079-9f8f-f78b5dea2779.PDF,data/raw/300953.SZ/2025/annual_report.pdf,92,"末，公司资 产总额 1,304,269.01 万元，负债总额 859,430.62 万元，资产负债率 65.89%。 3、现存的内部职工股情况 □适用 不适用 三、股东和实际控制人情况 1、公司股东数量",0.9
300953.SZ,震裕科技,2025,Q_G_DEBT_ASSET_RATE,65.89,pending,https://disc.static.szse.cn/disc/disk03/finalpage/2026-04-23/7ad61fbf-a95f-4079-9f8f-f78b5dea2779.PDF,data/raw/300953.SZ/2025/annual_report.pdf,101,目 本报告期末 上年末 本报告期末比上年末增减 流动比率 1.14 1.11 2.70% 资产负债率 65.89% 73.80% -7.91% 速动比率 0.95 0.94 1.06% 本报告期 上年同期,0.9
300953.SZ,震裕科技,2025,Q_G_DEBT_ASSET_RATE,65.89,pending,https://disc.static.szse.cn/disc/disk03/finalpage/2026-04-23/7ad61fbf-a95f-4079-9f8f-f78b5dea2779.PDF,data/raw/300953.SZ/2025/annual_report.pdf,219,负债除以总资产)为基础对资本结构进行监控。 于 2025 年 12 月 31 日，本公司的资产负债率为 65.89%(2024 年 12 月 31 日：73.80%)。 2、套期 (1) 公司开展套期业务进,0.9
301002.SZ,崧盛股份,2025,Q_G_DEBT_ASSET_RATE,30,pending,https://disc.static.szse.cn/disc/disk03/finalpage/2026-04-25/a65cd9ee-6f34-48a2-b196-b2cd930c72d8.PDF,data/raw/301002.SZ/2025/annual_report.pdf,13,公司财务费用负担，减少公司长期负债，优化公司资产负债率，截至 2026 年 3 月底，公司资产负债率已达到约 30%，远 低于行业平均水平，资产负债率的降低及财务费用的远期改善展望，将有助于公司更加稳健的运,0.9
301002.SZ,崧盛股份,2025,Q_G_DEBT_ASSET_RATE,49.51,pending,https://disc.static.szse.cn/disc/disk03/finalpage/2026-04-25/a65cd9ee-6f34-48a2-b196-b2cd930c72d8.PDF,data/raw/301002.SZ/2025/annual_report.pdf,81,本报告期末 上年末 本报告期末比上年末增减 流动比率 1.86 2.14 -13.08% 资产负债率 49.51% 49.26% 0.25% 速动比率 1.53 1.79 -14.53% 本报告期 上年同,0.9
301157.SZ,华塑科技,2025,Q_S_DIVIDEND_PER_SHARE,0.15,pending,https://disc.static.szse.cn/disc/disk03/finalpage/2026-04-28/2bb16132-6e78-4b3a-be69-a1863fce4ef5.PDF,data/raw/301157.SZ/2025/annual_report.pdf,64,"程等的相关规定。 本年度利润分配及资本公积金转增股本情况 每 10 股送红股数(股) 0 每 10 股派息数(元)(含税) 1.5 每 10 股转增数(股) 0 分配预案的股本基数(股) 60,000,000 现金分红金",0.94
301157.SZ,华塑科技,2025,Q_S_DIVIDEND_PER_SHARE,1,pending,https://disc.static.szse.cn/disc/disk03/finalpage/2026-04-28/2bb16132-6e78-4b3a-be69-a1863fce4ef5.PDF,data/raw/301157.SZ/2025/annual_report.pdf,244,其他 十七、资产负债表日后事项 1、重要的非调整事项 项目 内容 2、利润分配情况 拟分配每 10 股派息数(元) 经审议批准宣告发放的每 10 股派息数(元) 利润分配方案 3、销售退回 4、其他资产负债表日后事项说明 十八、其他重,0.94
301278.SZ,快可电子,2025,Q_S_DIVIDEND_PER_SHARE,0.04,pending,https://disc.static.szse.cn/disc/disk03/finalpage/2026-04-29/dd3e5270-426e-4925-8ea3-f2ed6658376d.PDF,data/raw/301278.SZ/2025/annual_report.pdf,45,"程等的相关规定。 本年度利润分配及资本公积金转增股本情况 每 10 股送红股数(股) 0 每 10 股派息数(元)(含税) 0.4 每 10 股转增数(股) 0 分配预案的股本基数(股) 89,708,143 现金分红金",0.94
301278.SZ,快可电子,2025,Q_S_DIVIDEND_PER_SHARE,0.04,pending,https://disc.static.szse.cn/disc/disk03/finalpage/2026-04-29/dd3e5270-426e-4925-8ea3-f2ed6658376d.PDF,data/raw/301278.SZ/2025/annual_report.pdf,195,不适用 十七、资产负债表日后事项 1、重要的非调整事项 不适用 2、利润分配情况 拟分配每 10 股派息数(元) 0.4 拟分配每 10 股分红股(股) 0 拟分配每 10 股转增数(股) 0 经审议批准宣告发,0.94
301278.SZ,快可电子,2025,Q_S_DIVIDEND_PER_SHARE,0.55,pending,https://disc.static.szse.cn/disc/disk03/finalpage/2026-04-29/dd3e5270-426e-4925-8ea3-f2ed6658376d.PDF,data/raw/301278.SZ/2025/annual_report.pdf,195,分配每 10 股分红股(股) 0 拟分配每 10 股转增数(股) 0 经审议批准宣告发放的每 10 股派息数(元) 5.5 经审议批准宣告发放的每 10 股分红股(股) 0 经审议批准宣告发放的每 10 股转增数,0.94
301439.SZ,泓淋电力,2025,Q_S_DIVIDEND_PER_SHARE,0.2,pending,https://disc.static.szse.cn/disc/disk03/finalpage/2026-04-28/ec348018-231a-4ced-ac70-b15aa00279a0.PDF,data/raw/301439.SZ/2025/annual_report.pdf,52,"程等的相关规定。 本年度利润分配及资本公积金转增股本情况 每 10 股送红股数(股) 0 每 10 股派息数(元)(含税) 2.00 每 10 股转增数(股) 0 分配预案的股本基数(股) 389,101,809.00 现",0.94
301439.SZ,泓淋电力,2025,Q_S_DIVIDEND_PER_SHARE,0.2,pending,https://disc.static.szse.cn/disc/disk03/finalpage/2026-04-28/ec348018-231a-4ced-ac70-b15aa00279a0.PDF,data/raw/301439.SZ/2025/annual_report.pdf,209,威海市泓淋电力技术股份有限公司 2025 年年度报告全文 2、利润分配情况 拟分配每 10 股派息数(元) 2 拟分配每 10 股分红股(股) 0 拟分配每 10 股转增数(股) 0 经审议批准宣告发,0.94
301439.SZ,泓淋电力,2025,Q_S_DIVIDEND_PER_SHARE,0,pending,https://disc.static.szse.cn/disc/disk03/finalpage/2026-04-28/ec348018-231a-4ced-ac70-b15aa00279a0.PDF,data/raw/301439.SZ/2025/annual_report.pdf,209,分配每 10 股分红股(股) 0 拟分配每 10 股转增数(股) 0 经审议批准宣告发放的每 10 股派息数(元) 0 经审议批准宣告发放的每 10 股分红股(股) 0 经审议批准宣告发放的每 10 股转增数,0.94
600021.SH,上海电力,2025,Q_G_DEBT_ASSET_RATE,69.32,pending,https://www.sse.com.cn/disclosure/listedinfo/announcement/c/new/2026-04-14/600021_20260414_EJKO.pdf,data/raw/600021.SH/2025/annual_report.pdf,256,除 以总资产)为基础对资本结构进行监控。 于 2025 年 12 月 31 日， 本公司的资产负债率为 69.32%(2024 年 12 月 31 日：71.90%)。 2、 套期 (1). 公司开展套期业,0.9
600021.SH,上海电力,2025,Q_G_DEBT_ASSET_RATE,69.3152432239,pending,https://www.sse.com.cn/disclosure/listedinfo/announcement/c/new/2026-04-14/600021_20260414_EJKO.pdf,data/raw/600021.SH/2025/annual_report.pdf,104,"合并报表自动派生: 负债合计 143,220,406,050.66 136,157,030,712.59 所有者权益（或股东权益）： 实收资本（或股本） 七、53 2,821,234,945.00 2,816,743,645.00 其他权益工具 七、54 13,695,060,000.00 9,695,060,000.00 其中：优先股 永续债 七、54 13,695,060,000. | 资产总计 206,621,804,078.57 189,377,708,919.86 流动负债： 短期借款 七、32 23,394,761,351.49 22,646,720,536.97 向中央银行借款 拆入资金 交易性金融负债 衍生金融负债 应付票据 七、35 638,000,000.00 395,000,000.00 应付账款 七、36 8,862,183,9",0.94
600025.SH,华能水电,2025,Q_G_DEBT_ASSET_RATE,61.13,pending,https://www.sse.com.cn/disclosure/listedinfo/announcement/c/new/2026-04-29/600025_20260429_EN00.pdf,data/raw/600025.SH/2025/annual_report.pdf,11,”机制，财务费用同比减少 0.49 亿元。多元拓宽融资渠道，千方百计 降低综合融资成本， 资产负债率 61.13%、 同比下降 1.98 个百分点， 争取各类税收优惠 14.7 亿元。 市场营销攻坚稳盘，,0.9
600025.SH,华能水电,2025,Q_G_DEBT_ASSET_RATE,61.13,pending,https://www.sse.com.cn/disclosure/listedinfo/announcement/c/new/2026-04-29/600025_20260429_EN00.pdf,data/raw/600025.SH/2025/annual_report.pdf,246,给股东的股利金额、向股 东返还资本、发行新股与其他权益工具或出售资产以降低债务。 本公司以资产负债率为基础对资本结构进行监控。期末，本公司的资产负债率为 61.13%(上 年年末：63.11%)。 2、 套期 (1). 公司开展套期业务进行风险管理 □适用,0.9
600025.SH,华能水电,2025,Q_G_DEBT_ASSET_RATE,61.1344654068,pending,https://www.sse.com.cn/disclosure/listedinfo/announcement/c/new/2026-04-29/600025_20260429_EN00.pdf,data/raw/600025.SH/2025/annual_report.pdf,99,"合并报表自动派生: 负债合计 138,602,226,982.82 135,438,631,299.02 所有者权益（或股东权益）： 实收资本（或股本） 18,631,094,257.00 18,000,000,000.00 其他权益工具 12,497,000,000.00 14,497,000,000.00 其中：优先股 永续债 12,497,000,000.00 14,497,00 | 资产总计 226,717,001,711.92 214,607,123,371.44 流动负债： 短期借款 11,409,248,372.54 14,258,641,831.25 向中央银行借款 拆入资金 交易性金融负债 衍生金融负债 应付票据 应付账款 294,956,754.19 316,737,971.46 预收款项 3,412,920.93 4,059,02",0.94
600028.SH,中国石化,2025,Q_G_DEBT_ASSET_RATE,54.08,pending,https://www.sse.com.cn/disclosure/listedinfo/announcement/c/new/2026-03-23/600028_20260323_J1IG.pdf,data/raw/600028.SH/2025/annual_report.pdf,85,资产负债率 54.08% 53.17% 0.91 个百分点 本期公司发行中期 票据和科技创新债 券等低成本融资债,0.9
600028.SH,中国石化,2025,Q_G_DEBT_ASSET_RATE,22.1,pending,https://www.sse.com.cn/disclosure/listedinfo/announcement/c/new/2026-03-23/600028_20260323_J1IG.pdf,data/raw/600028.SH/2025/annual_report.pdf,141,的债务资本率和资产负债率维持在合理的范围内。于2025年12月31日，本集团的债务资本率和资产负债率分别为22.1%(2024年12月 31 日：20.4%)和54.1%(2024年12月31日：53.2%,0.9
600028.SH,中国石化,2025,Q_G_DEBT_ASSET_RATE,22.1,pending,https://www.sse.com.cn/disclosure/listedinfo/announcement/c/new/2026-03-23/600028_20260323_J1IG.pdf,data/raw/600028.SH/2025/annual_report.pdf,211,债务资本率和资产负债率维持在合理的范围内。于2025年12月31日，本集团的债务资本率和 资产负债率分别为22.1%(2024年：20.5%)和54.2%(2024年：53.3%)。 合同项下的借款及承诺事,0.9
600089.SH,特变电工,2025,Q_G_DEBT_ASSET_RATE,55.6,pending,https://www.sse.com.cn/disclosure/listedinfo/announcement/c/new/2026-04-16/600089_20260416_7C7T.pdf,data/raw/600089.SH/2025/annual_report.pdf,99,"7%。2025 年末公司资产总额2,271.50 亿元，负债总额1,262.96 亿元， 资产负债率55.60%。 (三)现存的内部职工股情况 □适用 √不适用 99 / 387",0.9
600089.SH,特变电工,2025,Q_G_DEBT_ASSET_RATE,161.431477754,pending,https://www.sse.com.cn/disclosure/listedinfo/announcement/c/new/2026-04-16/600089_20260416_7C7T.pdf,data/raw/600089.SH/2025/annual_report.pdf,136,"合并报表自动派生: 负债合计 所有者权益（或股东权益）： 实收资本（或股本） 其他权益工具 特变电工股份有限公司2025 年年度报告 附注 2025年 12 月 31 日 2024 年 12 月 31 日 七、39 1,769,929,605.59 1,677,413,659.24 七、40 1,132,957,494.17 1,214,770,577.54 七、41 3,209,66 | 资产总计 流动负债： 短期借款 向中央银行借款 拆入资金 交易性金融负债 衍生金融负债 应付票据 应付账款 预收款项 合同负债 卖出回购金融资产款 特变电工股份有限公司2025 年年度报告 附注 2025年 12 月 31 日 2024 年 12 月 31 日 七、15 七、16 七、17 1,096,396,830.54 925,638,388.26 七、18 2",0.94
600098.SH,广州发展,2025,Q_G_DEBT_ASSET_RATE,61.76,pending,https://www.sse.com.cn/disclosure/listedinfo/announcement/c/new/2026-04-15/600098_20260415_1WR7.pdf,data/raw/600098.SH/2025/annual_report.pdf,69,变动情况说明”)。报告期期初资产总额 765.03 亿元，负债总额 472.52 亿元， 资产负债率 61.76%； 报告期期末资产总额 826.96 亿元， 负债总额 524.23 亿元， 资 产负债率,0.9
600098.SH,广州发展,2025,Q_G_DEBT_ASSET_RATE,63.3931594774,pending,https://www.sse.com.cn/disclosure/listedinfo/announcement/c/new/2026-04-15/600098_20260415_1WR7.pdf,data/raw/600098.SH/2025/annual_report.pdf,88,"合并报表自动派生: 负债合计 52,423,293,466.59 47,251,972,952.64 所有者权益（或股东权益）： 实收资本（或股本） 七、56 3,505,864,981.00 3,506,306,868.00 其他权益工具 其中：优先股 永续债 资本公积 七、58 8,869,636,953.67 8,857,053,456.90 减：库存股 其他综合收益 七、60  | 资产总计 82,695,505,159.82 流动负债： 短期借款 七、34 5,400,602,016.61 向中央银行借款 拆入资金 交易性金融负债 衍生金融负债 应付票据 七、37 1,193,483,051.84 应付账款 七、38 6,583,330,341.93 预收款项 七、39 2,039,818.00 合同负债 七、40 1,365,297,913",0.94
600116.SH,三峡水利,2025,Q_G_DEBT_ASSET_RATE,54.43,pending,https://www.sse.com.cn/disclosure/listedinfo/announcement/c/new/2026-04-23/600116_20260423_UG1L.pdf,data/raw/600116.SH/2025/annual_report.pdf,15,1.82%；归属于上市公司股东的净资产 112.97 亿元， 比年初上升 2.42%。 资产负债率 54.43%， 同比下降 0.94 个百分点。 实现归属于上市公司股 东的净利润 4.36 亿元，同比,0.9
600116.SH,三峡水利,2025,Q_G_DEBT_ASSET_RATE,54.4318976157,pending,https://www.sse.com.cn/disclosure/listedinfo/announcement/c/new/2026-04-23/600116_20260423_UG1L.pdf,data/raw/600116.SH/2025/annual_report.pdf,98,"合并报表自动派生: 负债合计 13,699,774,433.12 13,953,722,661.89 所有者权益（或股东权益）： 实收资本（或股本） 注释 53 1,912,142,904.00 1,912,142,904.00 其他权益工具 其中：优先股 永续债 资本公积 注释 55 6,546,025,008.09 6,565,876,347.45 减：库存股 注释 56 146, | 资产总计 25,168,651,164.52 25,201,527,976.12 流动负债： 短期借款 注释 32 3,254,497,649.94 4,844,904,847.84 向中央银行借款 拆入资金 交易性金融负债 衍生金融负债 应付票据 注释 35 35,936,426.98 204,924,862.29 应付账款 注释 36 1,338,799,180",0.94
600152.SH,维科技术,2025,Q_G_DEBT_ASSET_RATE,43.1,pending,https://www.sse.com.cn/disclosure/listedinfo/announcement/c/new/2026-04-14/600152_20260414_AG7Y.pdf,data/raw/600152.SH/2025/annual_report.pdf,209,以总资产) 为基础对资本结构进行监控。 于 2025 年 12 月 31 日， 本 公司的资产负债率为 43.10%(2024 年 12 月 31 日：40.31%)。 2、 套期 (1). 公司开展套期业,0.9
600152.SH,维科技术,2025,Q_G_DEBT_ASSET_RATE,43.0969013812,pending,https://www.sse.com.cn/disclosure/listedinfo/announcement/c/new/2026-04-14/600152_20260414_AG7Y.pdf,data/raw/600152.SH/2025/annual_report.pdf,79,"合并报表自动派生: 负债合计 1,236,452,873.55 所有者权益（或股东权益）： 79 / 240 83,679,925.71 35,436,677.41 22,867,624.67 1,629,672,602.81 2,919,437,116.91 116,099,611.12 400,253,404.84 432,485,609.29 5,551,861.72 6,795 | 资产总计 2,869,006,434.16 流动负债： 短期借款 七、32 105,072,208.33 向中央银行借款 拆入资金 交易性金融负债 衍生金融负债 应付票据 七、35 480,712,008.92 应付账款 七、36 416,514,547.36 预收款项 七、37 5,705.54 合同负债 七、38 17,004,515.84 卖出回购金融资产款",0.94
600157.SH,永泰能源,2025,Q_G_DEBT_ASSET_RATE,73.18,pending,https://www.sse.com.cn/disclosure/listedinfo/announcement/c/new/2026-04-23/600157_20260423_334Q.pdf,data/raw/600157.SH/2025/annual_report.pdf,15,597.70 亿 元；有息负债规模由 709.47 亿元大幅下降至 366.63 亿元，资产负债率由 73.18%大幅 下降至 51.20%，低于同行业平均水平。随着公司有息负债规模和资产负债率持续下 降,0.9
600157.SH,永泰能源,2025,Q_G_DEBT_ASSET_RATE,51.199665594,pending,https://www.sse.com.cn/disclosure/listedinfo/announcement/c/new/2026-04-23/600157_20260423_334Q.pdf,data/raw/600157.SH/2025/annual_report.pdf,79,"合并报表自动派生: 负债合计 56,909,586,552.68 55,740,813,144.72 所有者权益（或股东权益）： 实收资本（或股本） 七、53 21,817,764,145.00 22,217,764,145.00 78  | 资产总计 111,152,262,211.84 107,775,146,728.94 流动负债： 短期借款 七、32 3,509,029,857.99 3,290,510,246.36 向中央银行借款 拆入资金 交易性金融负债 衍生金融负债 应付票据 七、35 848,242,308.59 591,871,146.74 应付账款 七、36 8,425,146,868",0.94
600163.SH,中闽能源,2025,Q_G_DEBT_ASSET_RATE,33.9,pending,https://www.sse.com.cn/disclosure/listedinfo/announcement/c/new/2026-04-29/600163_20260429_79IZ.pdf,data/raw/600163.SH/2025/annual_report.pdf,12,在确保风险可控基础上， 合理配置投资产品， 增加闲置资金的收益。截至 2025 年末，公司资产负债率 33.90%，在同行业中处于较低水平，资 本结构稳健，偿债能力较强。 五、报告期内主要经营情况 202,0.9
600163.SH,中闽能源,2025,Q_G_DEBT_ASSET_RATE,33.8995983912,pending,https://www.sse.com.cn/disclosure/listedinfo/announcement/c/new/2026-04-29/600163_20260429_79IZ.pdf,data/raw/600163.SH/2025/annual_report.pdf,58,"合并报表自动派生: 负债合计 3,773,540,280.21 4,748,737,031.69 所有者权益（或股东权益） ： 实收资本（或股本） 七、53 1,902,996,143.00 1,902,996,143.00 其他权益工具 其中：优先股 永续债 资本公积 七、55 2,943,977,083.28 2,943,977,083.28 减：库存股 其他综合收益 专项储备 七 | 资产总计 11,131,519,130.89 流动负债： 短期借款 七、32 8,004,913.33 向中央银行借款 拆入资金 交易性金融负债 衍生金融负债 应付票据 应付账款 七、36 769,301,481.58 预收款项 合同负债 卖出回购金融资产款 吸收存款及同业存放 代理买卖证券款 代理承销证券款 应付职工薪酬 七、39 28,142,807.39 应交",0.94
600167.SH,联美控股,2025,Q_E_ALTERNATIVE_WATER_RATE,8.71,pending,https://www.sse.com.cn/disclosure/listedinfo/announcement/c/new/2026-04-29/600167_20260429_LEOL.pdf,data/raw/600167.SH/2025/esg_report.pdf,20,"l volume of recycled water : 408,965.59 tons Proportion of recycled water to total water consumption: 8.71% Exploring Clean Energy Guided by the ""dual c",0.93
600192.SH,长城电工,2025,Q_S_RD_RATE,5.29,pending,https://www.sse.com.cn/disclosure/listedinfo/announcement/c/new/2026-04-24/600192_20260424_L478.pdf,data/raw/600192.SH/2025/annual_report.pdf,11,，持续提升核心竞争力 2025 年，公司持续加大研发投入，研发投入 8159.12 万元，研发投入强度 5.29%。围绕“高 端化、智能化、模块化、绿色化”方向，推动技术成果转化，关键技术取得了一定突破。,0.82
600192.SH,长城电工,2025,Q_S_RD_RATE,5.29,pending,https://www.sse.com.cn/disclosure/listedinfo/announcement/c/new/2026-04-24/600192_20260424_L478.pdf,data/raw/600192.SH/2025/annual_report.pdf,16,",591,238.52 本期资本化研发投入 0 研发投入合计 81,591,238.52 研发投入总额占营业收入比例(%) 5.29 研发投入资本化的比重(%) 0 (2).研发人员情况表 √适用 □不适用 16 / 17",0.96
600192.SH,长城电工,2025,Q_S_RD_RATE,5,pending,https://www.sse.com.cn/disclosure/listedinfo/announcement/c/new/2026-04-24/600192_20260424_L478.pdf,data/raw/600192.SH/2025/annual_report.pdf,23,大幅拓展，品牌成为电工电气行业集成服务商、工业自动化领先服务商等标杆。聚焦关 键技术攻关，研发投入占比维持在 5%以上，打造国家级/省级创新平台，新产品贡献率不低于 25%。深耕国内新能源、新基建等领域，,0.82
600207.SH,安彩高科,2025,Q_S_SAFETY_INVEST_RATE,0.42,pending,https://www.sse.com.cn/disclosure/listedinfo/announcement/c/new/2026-05-14/600207_20260514_WA3G.pdf,data/raw/600207.SH/2025/esg_report.pdf,45,"6 Investment in Work Safety RMB 10,000 1,218 Proportion of Work Safety Investment to Operating Revenue % 0.42 Number of Participants in Safety Training Pe",0.94
600212.SH,绿能慧充,2025,Q_G_DEBT_ASSET_RATE,65.89,pending,https://www.sse.com.cn/disclosure/listedinfo/announcement/c/new/2026-04-30/600212_20260430_DKNO.pdf,data/raw/600212.SH/2025/annual_report.pdf,86,"期内，公司期初资产总额 156,576.29 万元，负债总额 103,162.60 万元，资产负债率为 65.89%；期末资产总额 267,635.62 万元，负债总额 205,409.32 万元，资产负债",0.9
600212.SH,绿能慧充,2025,Q_G_DEBT_ASSET_RATE,76.75,pending,https://www.sse.com.cn/disclosure/listedinfo/announcement/c/new/2026-04-30/600212_20260430_DKNO.pdf,data/raw/600212.SH/2025/annual_report.pdf,86,".89%；期末资产总额 267,635.62 万元，负债总额 205,409.32 万元，资产负债率为 76.75%。 86 / 220",0.9
600212.SH,绿能慧充,2025,Q_G_DEBT_ASSET_RATE,76.7496204216,pending,https://www.sse.com.cn/disclosure/listedinfo/announcement/c/new/2026-04-30/600212_20260430_DKNO.pdf,data/raw/600212.SH/2025/annual_report.pdf,100,"合并报表自动派生: 负债合计 2,054,093,221.59 1,031,626,021.85 所有者权益（或股东权益）： 实收资本（或股本） 七.53 704,267,213.00 704,517,213.00 其他权益工具 其中：优先股 永续债 资本公积 七.55 919,553,886.05 914,611,265.60 减：库存股 七.56 237,398,298.17 30 | 资产总计 2,676,356,196.04 1,565,762,881.00 流动负债： 短期借款 七.32 229,351,719.37 70,101,822.17 向中央银行借款 拆入资金 交易性金融负债 衍生金融负债 应付票据 七.35 420,683,047.27 240,801,321.92 应付账款 七.36 982,769,852.75 396,523",0.94
600236.SH,桂冠电力,2025,Q_G_DEBT_ASSET_RATE,54.22,pending,https://www.sse.com.cn/disclosure/listedinfo/announcement/c/new/2026-03-31/600236_20260331_HG2A.pdf,data/raw/600236.SH/2025/annual_report.pdf,11,"长 4.70%；负债总额 2,850,065 万元， 权益总额 2,406,670 万元，资产负债率 54.22%，比年初下降 2.08 个百分点；其中归属于上市公 司股东的净资产2,076,739 万元",0.9
600236.SH,桂冠电力,2025,Q_G_DEBT_ASSET_RATE,54.217396325,pending,https://www.sse.com.cn/disclosure/listedinfo/announcement/c/new/2026-03-31/600236_20260331_HG2A.pdf,data/raw/600236.SH/2025/annual_report.pdf,103,"合并报表自动派生: 负债合计 28,500,650,943.98 28,267,487,975.59 所有者权益（或股东权益）： 实收资本（或股本） 七、53 7,882,377,802.00 7,882,377,802.00 其他权益工具 七、54 2,518,652,655.25 2,524,505,452.06 其中：优先股 永续债 七、54 2,518,652,655.25 2 | 资产总计 52,567,354,531.62 流动负债： 短期借款 七、32 8,889,333,851.96 向中央银行借款 拆入资金 交易性金融负债 衍生金融负债 应付票据 七、35 18,926,495.85 应付账款 七、36 2,134,418,524.16 预收款项 七、37 10,776,902.68 合同负债 七、38 1,337,048.59 卖出",0.94
600241.SH,时代万恒,2025,Q_G_DEBT_ASSET_RATE,10.41,pending,https://www.sse.com.cn/disclosure/listedinfo/announcement/c/new/2026-04-09/600241_20260409_OLEA.pdf,data/raw/600241.SH/2025/annual_report.pdf,138,债务。 本公司以资产负债率(即总负债除以总资产)为基础对资本结构进行监控。期末，本公司的 资产负债率为 10.41%(上年年末：11.77%)。 2、 套期 (1). 公司开展套期业务进行风险管理 □适用,0.9
600241.SH,时代万恒,2025,Q_G_DEBT_ASSET_RATE,10.4117187335,pending,https://www.sse.com.cn/disclosure/listedinfo/announcement/c/new/2026-04-09/600241_20260409_OLEA.pdf,data/raw/600241.SH/2025/annual_report.pdf,57,"合并报表自动派生: 负债合计 120,337,948.05 146,080,040.06 所有者权益（或股东权益）： 实收资本（或股本） 七、32 294,302,115.00 294,302,115.00 其他权益工具 其中：优先股 永续债 资本公积 七、33 1,185,038,904.38 1,185,038,904.38 减：库存股 其他综合收益 专项储备 盈余公积 七、34  | 资产总计 1,155,793,304.93 流动负债： 短期借款 七、21 向中央银行借款 拆入资金 交易性金融负债 衍生金融负债 应付票据 七、22 42,545,941.33 应付账款 七、23 48,974,102.66 预收款项 七、24 213,029.90 合同负债 七、25 1,701,941.47 卖出回购金融资产款 吸收存款及同业存放 代理买卖证券",0.94
600379.SH,宝光股份,2025,Q_G_DEBT_ASSET_RATE,60.92,pending,https://www.sse.com.cn/disclosure/listedinfo/announcement/c/new/2026-04-11/600379_20260411_H9EB.pdf,data/raw/600379.SH/2025/annual_report.pdf,14,比增长 21.58%；归属于上市公司股 东的净资产 7.78 亿元，同比增长 3.37%；资产负债率 60.92%；加权平均净资产收益率 6.7%，减少 5.69 个百分点。 (一) 主营业务分析 1、,0.9
600379.SH,宝光股份,2025,Q_G_DEBT_ASSET_RATE,60.9175601302,pending,https://www.sse.com.cn/disclosure/listedinfo/announcement/c/new/2026-04-11/600379_20260411_H9EB.pdf,data/raw/600379.SH/2025/annual_report.pdf,70,"合并报表自动派生: 负债合计 1,306,635,876.06 982,808,073.79 所有者权益（或股东权益）： 实收资本（或股本） 七.53 330,201,564.00 330,201,564.00 其他权益工具 其中：优先股 永续债 资本公积 七.55 10,206,617.92 10,206,617.92 减：库存股 其他综合收益 专项储备 七.58 5,353,256 | 资产总计 2,144,924,834.92 1,764,158,401.90 流动负债： 短期借款 七.32 19,605,387.92 5,000,000.00 向中央银行借款 拆入资金 交易性金融负债 衍生金融负债 69 / 189",0.94
600379.SH,宝光股份,2025,Q_G_ROE,6.7057,pending,https://www.sse.com.cn/disclosure/listedinfo/announcement/c/new/2026-04-11/600379_20260411_H9EB.pdf,data/raw/600379.SH/2025/annual_report.pdf,7,陕西宝光真空电器股份有限公司2025 年年度报告 收益(元／股) 加权平均净资产收益率(%) 6.7057 12.3971 减少 5.6914 个百分点 10.4467 扣除非经常性损益后的加权平,0.92
600379.SH,宝光股份,2025,Q_G_ROE,6.7,pending,https://www.sse.com.cn/disclosure/listedinfo/announcement/c/new/2026-04-11/600379_20260411_H9EB.pdf,data/raw/600379.SH/2025/annual_report.pdf,14,于上市公司股 东的净资产 7.78 亿元，同比增长 3.37%；资产负债率 60.92%；加权平均净资产收益率 6.7%，减少 5.69 个百分点。 (一) 主营业务分析 1、 利润表及现金流量表相关科目变动,0.92
600405.SH,动力源,2025,Q_G_DEBT_ASSET_RATE,95.91,pending,https://www.sse.com.cn/disclosure/listedinfo/announcement/c/new/2026-04-25/600405_20260425_UNYQ.pdf,data/raw/600405.SH/2025/annual_report.pdf,43,8、现金流风险 报告期末公司资产总额 13.78 亿元，负债总额 13.22 亿元，期末资产负债率 95.91%，公司资 产负债率水平较高；2025 年度公司经营活动产生的现金流量净额-4.19 亿元，,0.9
600405.SH,动力源,2025,Q_G_DEBT_ASSET_RATE,95.9067536528,pending,https://www.sse.com.cn/disclosure/listedinfo/announcement/c/new/2026-04-25/600405_20260425_UNYQ.pdf,data/raw/600405.SH/2025/annual_report.pdf,93,"合并报表自动派生: 负债合计 1,321,568,828.71 1,398,375,554.29 所有者权益（或股东权益）： 实收资本（或股本） 七、53 612,829,588.00 612,829,588.00 其他权益工具 其中：优先股 永续债 资本公积 七、55 640,837,367.16 618,334,497.81 减：库存股 其他综合收益 七、57 -421,643.3 | 资产总计 1,377,972,643.61 1,761,922,379.23 流动负债： 短期借款 七、32 108,048,696.25 345,371,038.11 向中央银行借款 拆入资金 交易性金融负债 衍生金融负债 应付票据 七、35 - 33,898,429.70 应付账款 七、36 215,878,054.90 405,581,602.09 预收款项",0.94
600416.SH,湘电股份,2025,Q_G_DEBT_ASSET_RATE,51.04,pending,https://www.sse.com.cn/disclosure/listedinfo/announcement/c/new/2026-04-10/600416_20260410_6NBL.pdf,data/raw/600416.SH/2025/annual_report.pdf,68,"公司所有者权益增加到 9,683,897,206.82 元，增加比例为 29.38%，合并资产负债率从 51.04%下降到 43.18%。 (三)现存的内部职工股情况 □适用 √不适用 三、股东和实际控制人",0.9
600416.SH,湘电股份,2025,Q_G_DEBT_ASSET_RATE,43.1829748964,pending,https://www.sse.com.cn/disclosure/listedinfo/announcement/c/new/2026-04-10/600416_20260410_6NBL.pdf,data/raw/600416.SH/2025/annual_report.pdf,80,"合并报表自动派生: 负债合计 7,378,742,701.41 7,802,299,105.20 80 / 241  | 资产总计 17,087,156,962.00 15,287,062,524.85 流动负债： 短期借款 七.32 514,313,268.29 1,400,001,574.17 向中央银行借款 拆入资金 交易性金融负债 衍生金融负债 应付票据 七.35 2,260,678,404.05 1,049,282,306.48 应付账款 七.36 2,561,918,943",0.94
600438.SH,通威股份,2025,Q_E_ALTERNATIVE_WATER_RATE,98,pending,https://www.sse.com.cn/disclosure/listedinfo/announcement/c/new/2026-06-17/600438_20260617_PJQ9.pdf,data/raw/600438.SH/2025/esg_report.pdf,11,Percentage of independent directors 33.33 % Percentage of recycled water Over 98 % Percentage of primary raw material suppliers,0.93
600468.SH,百利电气,2025,Q_G_DEBT_ASSET_RATE,53.78,pending,https://www.sse.com.cn/disclosure/listedinfo/announcement/c/new/2026-04-22/600468_20260422_YTDU.pdf,data/raw/600468.SH/2025/annual_report.pdf,8,"5 年 底，通用机械行业拥有资产总额 14,375.27 亿元，同比增长 5.86%；行业资产负债率 53.78%，保 持在合理区间，行业亏损面 16.5%。2025 年是“十四五”的收官之年，通用机械行",0.9
600468.SH,百利电气,2025,Q_G_DEBT_ASSET_RATE,45.1905530006,pending,https://www.sse.com.cn/disclosure/listedinfo/announcement/c/new/2026-04-22/600468_20260422_YTDU.pdf,data/raw/600468.SH/2025/annual_report.pdf,53,"合并报表自动派生: 负债合计 1,813,623,899.87 1,670,801,481.08 所有者权益（或股东权益）： 53 / 149  | 资产总计 4,013,281,049.79 3,773,151,292.34 流动负债： 短期借款 七、32 122,077,744.45 401,178,917.17 向中央银行借款 拆入资金 交易性金融负债 七、33 4,194,500.00 衍生金融负债 应付票据 七、35 600,427,960.82 210,928,457.19 应付账款 七、36 364",0.94
600478.SH,科力远,2025,Q_G_DEBT_ASSET_RATE,72.82,pending,https://www.sse.com.cn/disclosure/listedinfo/announcement/c/new/2026-04-25/600478_20260425_MLC6.pdf,data/raw/600478.SH/2025/annual_report.pdf,20,25.47%； 归属于上市公司股东的净资产 28.99 亿元， 同比增长 5.49%； 资产负债率 72.82%， 同比上升 8.41 个百分点； 报告期公司实现营业收入 57.46 亿元，同比增长 4,0.9
600478.SH,科力远,2025,Q_G_DEBT_ASSET_RATE,72.8163752141,pending,https://www.sse.com.cn/disclosure/listedinfo/announcement/c/new/2026-04-25/600478_20260425_MLC6.pdf,data/raw/600478.SH/2025/annual_report.pdf,80,"合并报表自动派生: 负债合计 8,158,835,781.35 5,752,227,849.77 所有者权益（或股东权益）： 实收资本（或股本） 1,665,540,916.00 1,665,540,916.00 其他权益工具 其中：优先股 永续债 资本公积 1,411,237,365.24 1,400,423,149.43 减：库存股 其他综合收益-94,615,750.11 -93 | 资产总计 11,204,671,692.81 流动负债： 短期借款 2,200,774,080.39 向中央银行借款 拆入资金 交易性金融负债 衍生金融负债 应付票据 1,086,053,786.00 应付账款 1,610,752,838.94 预收款项 712,508.39 合同负债 20,208,152.91 卖出回购金融资产款 吸收存款及同业存放 代理买卖证券",0.94
600483.SH,福能股份,2025,Q_G_DEBT_ASSET_RATE,41.82,pending,https://www.sse.com.cn/disclosure/listedinfo/announcement/c/new/2026-04-23/600483_20260423_GX9A.pdf,data/raw/600483.SH/2025/annual_report.pdf,179,总负债除以总资产)为基础对资本结构进行监控。于 2025 年 12 月 31 日，本公司的资产负债率为 41.82%(2024 年 12 月 31 日：38.50%)。 2、 套期 (1). 公司开展套期业,0.9
600483.SH,福能股份,2025,Q_G_DEBT_ASSET_RATE,41.8152032045,pending,https://www.sse.com.cn/disclosure/listedinfo/announcement/c/new/2026-04-23/600483_20260423_GX9A.pdf,data/raw/600483.SH/2025/annual_report.pdf,72,"合并报表自动派生: 负债合计 24,751,805,260.90 所有者权益（或股东权益）： 实收资本（或股本） 七、53 5,021,006,956.00 其他权益工具 七、54 215,948,723.87 其中：优先股 永续债 资本公积 七、55 7,612,003,127.59 减：库存股 其他综合收益 七、57 42,393,551.40 专项储备 七、58 69,966,6 | 资产总计 59,193,315,741.83 流动负债： 短期借款 七、32 320,175,472.24 向中央银行借款 拆入资金 交易性金融负债 衍生金融负债 应付票据 应付账款 七、36 1,462,404,531.93 预收款项 71 / 207 21,036,760.88 35,946,603.74 3,453,450.00 583,280,201.40",0.94
600508.SH,上海能源,2025,Q_S_RD_RATE,4.12,pending,https://www.sse.com.cn/disclosure/listedinfo/announcement/c/new/2026-03-28/600508_20260328_BPQ5.pdf,data/raw/600508.SH/2025/annual_report.pdf,9,核 A 级、环保考核第一梯队。科技创新工作取得丰硕成果。完成科技研发投入 3.18 亿元，研发投入强度 4.12%。获省部级、行业级科技奖 24 项，1 项成果获得江苏省科学技术奖二 等奖，8 项成果达到,0.82
600509.SH,天富能源,2025,Q_G_DEBT_ASSET_RATE,65.17,pending,https://www.sse.com.cn/disclosure/listedinfo/announcement/c/new/2026-04-22/600509_20260422_2PIH.pdf,data/raw/600509.SH/2025/annual_report.pdf,10,产品，发行规模 20.91 亿元，有效盘活存量资 产、优化资产负债结构，2025 年末公司资产负债率为 65.17%，较 2024 年末下降 7.25%。严格落 实监管要求，对《公司章程》等十余项制度进行修,0.9
600509.SH,天富能源,2025,Q_G_DEBT_ASSET_RATE,65.1663442001,pending,https://www.sse.com.cn/disclosure/listedinfo/announcement/c/new/2026-04-22/600509_20260422_2PIH.pdf,data/raw/600509.SH/2025/annual_report.pdf,91,"合并报表自动派生: 负债合计 20,008,084,314.17 22,109,649,618.78 所有者权益（或股东权益）： 91 / 216  | 资产总计 30,703,094,610.80 30,531,085,005.00 流动负债： 短期借款 七、 32 87,105,907.39 1,431,256,000.00 向中央银行借款 拆入资金 交易性金融负债 衍生金融负债 应付票据 七、 35 9,500,000.00 218,612,706.43 应付账款 七、 36 2,433,312,780.18",0.94
600578.SH,京能电力,2025,Q_G_DEBT_ASSET_RATE,64.25,pending,https://www.sse.com.cn/disclosure/listedinfo/announcement/c/new/2026-04-25/600578_20260425_KNWV.pdf,data/raw/600578.SH/2025/annual_report.pdf,229,成本。 本公司以资产负债率(即总负债除以总资产)为基础对资本结构进行监控。期末，本公司的 资产负债率为 64.25%(上年年末：63.98%)。 2、 套期 (1). 公司开展套期业务进行风险管理 □适用,0.9
600578.SH,京能电力,2025,Q_G_DEBT_ASSET_RATE,64.2520609131,pending,https://www.sse.com.cn/disclosure/listedinfo/announcement/c/new/2026-04-25/600578_20260425_KNWV.pdf,data/raw/600578.SH/2025/annual_report.pdf,97,"合并报表自动派生: 负债合计 64,397,397,742.17 62,491,820,684.25 97 / 265  | 资产总计 100,226,197,925.80 97,679,023,018.62 流动负债： 短期借款 七、32 12,780,544,748.73 9,236,538,449.73 向中央银行借款 拆入资金 交易性金融负债 衍生金融负债 应付票据 七、35 784,805,885.67 1,029,005,463.16 应付账款 七、36 7,850,273,9",0.94
600578.SH,京能电力,2025,Q_G_ROE,14.46,pending,https://www.sse.com.cn/disclosure/listedinfo/announcement/c/new/2026-04-25/600578_20260425_KNWV.pdf,data/raw/600578.SH/2025/annual_report.pdf,8,性损益后的基本每 股收益(元／股) 0.49 0.22 0.22 122.73 0.09 加权平均净资产收益率(%) 14.46 6.96 6.84 增加 7.50 个百分点 3.45 扣除非经常性损益后的加权平 均净,0.92
600578.SH,京能电力,2025,Q_G_ROE,3.45,pending,https://www.sse.com.cn/disclosure/listedinfo/announcement/c/new/2026-04-25/600578_20260425_2RXP.pdf,data/raw/600578.SH/2025/esg_report.pdf,38,率 % 9.08 7.74 0.01 利润总额 亿元 12.69 23.85 48.89 加权平均净资产收益率 % 3.45 6.96 14.46 纳税总额 亿元 12.37 14.73 21.03 控股装机容量,0.92
600688.SH,上海石化,2025,Q_G_DEBT_ASSET_RATE,41.67,pending,https://www.sse.com.cn/disclosure/listedinfo/announcement/c/new/2026-03-19/600688_20260319_YDIX.pdf,data/raw/600688.SH/2025/annual_report.pdf,18,发股利的能力并无限制。 (2) 资产负债率 于 2025 年 12 月 31 日，本集团的资产负债率为 41.67%(2024 年：39.71%)。资产负债率的 计算方法为：总负债/总资产*100%。 3.,0.9
600688.SH,上海石化,2025,Q_G_DEBT_ASSET_RATE,100,pending,https://www.sse.com.cn/disclosure/listedinfo/announcement/c/new/2026-03-19/600688_20260319_YDIX.pdf,data/raw/600688.SH/2025/annual_report.pdf,18,年 12 月 31 日，本集团的资产负债率为 41.67%(2024 年：39.71%)。资产负债率的 计算方法为：总负债/总资产*100%。 3.2.C 研究与开发、专利及许可 研究开发费指公司研究开发或委托开发新产品、新技术、,0.9
600719.SH,大连热电,2025,Q_G_DEBT_ASSET_RATE,88.04,pending,https://www.sse.com.cn/disclosure/listedinfo/announcement/c/new/2026-03-27/600719_20260327_Y12I.pdf,data/raw/600719.SH/2025/annual_report.pdf,151,负债除以总资产)为基础对资本结构进行监控。于 2025 年 12 月 31 日，本 公司的资产负债率为 88.04%(2024 年 12 月 31 日：85.17%)。 2、 套期 (1). 公司开展套期业,0.9
600719.SH,大连热电,2025,Q_G_DEBT_ASSET_RATE,0.0857231723972,pending,https://www.sse.com.cn/disclosure/listedinfo/announcement/c/new/2026-03-27/600719_20260327_Y12I.pdf,data/raw/600719.SH/2025/annual_report.pdf,55,"合并报表自动派生: 负债合计 所有者权益（或股东权益）： 实收资本（或股本） 其他权益工具 其中：优先股 永续债 资本公积 减：库存股 大连热电股份有限公司2025 年年度报告 七、35 2,200,000.00 七、36 235,152,625.35 七、38 288,102,272.12 七、39 4,951,714.70 七、40 1,403,746.85 七、41 8,757, | 资产总计 2,566,400,587.47 2,717,471,323.47 流动负债： 短期借款 七、32 868,666,100.00 589,881,384.78 54 / 171",0.94
600725.SH,云维股份,2025,Q_G_DEBT_ASSET_RATE,25.48,pending,https://www.sse.com.cn/disclosure/listedinfo/announcement/c/new/2026-04-29/600725_20260429_FVLQ.pdf,data/raw/600725.SH/2025/annual_report.pdf,9,"减亏 2,268.01 万元。年末资产 总额 3.47 亿元，净资产总额 2.58 亿元，资产负债率 25.48%。年末两金(应收款项、存货)余额 1.98 亿元，较年初下降 31.00%。 报告期内公司",0.9
600725.SH,云维股份,2025,Q_G_DEBT_ASSET_RATE,25.48,pending,https://www.sse.com.cn/disclosure/listedinfo/announcement/c/new/2026-04-29/600725_20260429_FVLQ.pdf,data/raw/600725.SH/2025/annual_report.pdf,11,"59 万元。截至 12 月 31 日，公司总资产 3.47 亿元，净资产 2.58 亿元，资产负债率 25.48%。 全年经营活动现金净流量 6,789.80 万元；年末两金(应收款项、存货)余额 1.9",0.9
600725.SH,云维股份,2025,Q_G_DEBT_ASSET_RATE,25.4793416605,pending,https://www.sse.com.cn/disclosure/listedinfo/announcement/c/new/2026-04-29/600725_20260429_FVLQ.pdf,data/raw/600725.SH/2025/annual_report.pdf,67,"合并报表自动派生: 负债合计 88,294,466.76 80,838,165.71 所有者权益（或股东权益）： 67 / 177  | 资产总计 346,533,548.38 378,394,617.52 流动负债： 短期借款 七、32 200,000.00 向中央银行借款 拆入资金 交易性金融负债 衍生金融负债 应付票据 七、35 48,781,205.60 42,010,000.00 应付账款 七、36 15,308,007.51 9,375,706.02 预收款项 合同负债 卖出回购金融资产款",0.94
600725.SH,云维股份,2025,Q_G_DEBT_ASSET_RATE,25.48,pending,https://www.sse.com.cn/disclosure/listedinfo/announcement/c/new/2026-04-29/600725_20260429_WQNU.pdf,data/raw/600725.SH/2025/esg_report.pdf,7,.59 万元。 截止 2025 年末，公司总资产 3.47 亿元，净资产 2.58 亿元，资产负债率保 持在 25.48%的较低水平。 3. 发展战略  稳住贸易基本盘 面对大宗商品市场波动常态化， 及传统贸易,0.9
600744.SH,华银电力,2025,Q_G_DEBT_ASSET_RATE,93.25,pending,https://www.sse.com.cn/disclosure/listedinfo/announcement/c/new/2026-04-23/600744_20260423_AN7O.pdf,data/raw/600744.SH/2025/annual_report.pdf,9,.27亿元，所有者权益总额 20.66 亿元，其中归属于上市公司所有者权益16.36亿元，资产负债率 93.25%。 2025年，公司累计完成发电量 184.83亿千瓦时，同比减少 0.20%；完成上网电,0.9
600744.SH,华银电力,2025,Q_G_DEBT_ASSET_RATE,93.25,pending,https://www.sse.com.cn/disclosure/listedinfo/announcement/c/new/2026-04-23/600744_20260423_AN7O.pdf,data/raw/600744.SH/2025/annual_report.pdf,10,亿元，所有者权益总额20.66 亿元，其中：归 属于上市公司所有者权益16.36 亿元，资产负债率93.25%。 (一) 主营业务分析 1、 利润表及现金流量表相关科目变动分析表 单位：元 币种：人民,0.9
600744.SH,华银电力,2025,Q_G_DEBT_ASSET_RATE,93.2477478723,pending,https://www.sse.com.cn/disclosure/listedinfo/announcement/c/new/2026-04-23/600744_20260423_AN7O.pdf,data/raw/600744.SH/2025/annual_report.pdf,71,"合并报表自动派生: 负债合计 28,526,975,023.59 26,305,454,485.17 所有者权益（或股东权益）： 实收资本（或股本） 七、53 2,031,124,274.00 2,031,124,274.00 其他权益工具 七、54 502,099,589.04 502,099,589.04 其中：优先股 永续债 502,099,589.04 502,099,589. | 资产总计 30,592,669,179.16 28,068,488,383.67 流动负债： 短期借款 七、32 2,777,384,295.30 5,051,943,584.79 向中央银行借款 拆入资金 70 / 175",0.94
600744.SH,华银电力,2025,Q_G_DEBT_ASSET_RATE,92.41,pending,https://www.sse.com.cn/disclosure/listedinfo/announcement/c/new/2026-04-23/600744_20260423_ZMP3.pdf,data/raw/600744.SH/2025/esg_report.pdf,35,"排放量 吨⼆氧化碳当量 17,410,707 14,389,443 13,453,573 资产负债率 / 92.41% 93.72% 93.25% 范围⼆： 温室⽓体排放量 吨⼆氧化碳当量 10,81 8 1",0.9
600777.SH,*ST新潮,2025,Q_G_DEBT_ASSET_RATE,34.35,pending,https://www.sse.com.cn/disclosure/listedinfo/announcement/c/new/2026-04-24/600777_20260424_FL01.pdf,data/raw/600777.SH/2025/annual_report.pdf,13,25 年末，公司资产总额 352.13 亿元人民币，净资产 231.19 亿元人民币。年末资产负债率 34.35%， 比 2024 年末的 36.92%下降 2.57 个百分点。 其中， 有息负债占资产总,0.9
600777.SH,*ST新潮,2025,Q_G_DEBT_ASSET_RATE,34.3467360338,pending,https://www.sse.com.cn/disclosure/listedinfo/announcement/c/new/2026-04-24/600777_20260424_FL01.pdf,data/raw/600777.SH/2025/annual_report.pdf,85,"合并报表自动派生: 负债合计 12,094,654,192.03 13,076,793,625.52 所有者权益（或股东权益）： 实收资本（或股本） 6,800,495,825.00 6,800,495,825.00 其他权益工具 其中：优先股 永续债 资本公积 6,657,204,139.08 6,657,204,139.08 减：库存股 其他综合收益 1,030,383,625.3 | 资产总计 35,213,401,879.33 35,422,431,061.85 流动负债： 短期借款 向中央银行借款 拆入资金 交易性金融负债 衍生金融负债 5,088,319.22 应付票据 应付账款 457,184,102.12 733,207,259.94 预收款项 合同负债 84 / 209",0.94
600777.SH,*ST新潮,2025,Q_G_DEBT_ASSET_RATE,34.35,pending,https://www.sse.com.cn/disclosure/listedinfo/announcement/c/new/2026-04-24/600777_20260424_SO09.pdf,data/raw/600777.SH/2025/esg_report.pdf,5,5 年末，公司资产总额 352.13 亿元人民币，净资产 231.19 亿元人民币。 年末资产负债率 34.35%，比 2024 年末的 36.92%下降 2.57 个百分点。其中，有息负债 占资产总额的,0.9
600795.SH,国电电力,2025,Q_G_DEBT_ASSET_RATE,73.45,pending,https://www.sse.com.cn/disclosure/listedinfo/announcement/c/new/2026-04-15/600795_20260415_9PNY.pdf,data/raw/600795.SH/2025/annual_report.pdf,71,"月 31 日， 公 司总资产 5,201.52 亿元，净资产 1,381.14 亿元，公司资产负债率 73.45%，上年同期为 73.40%， 公司资产负债率较年初上升了 0.05 个百分点。 (三)现存",0.9
600795.SH,国电电力,2025,Q_G_DEBT_ASSET_RATE,73.4473875092,pending,https://www.sse.com.cn/disclosure/listedinfo/announcement/c/new/2026-04-15/600795_20260415_9PNY.pdf,data/raw/600795.SH/2025/annual_report.pdf,100,"合并报表自动派生: 负债合计 382,037,891,180.01 100/323 2024 年 12 月 31 日 875,572,244.13 1,232,436,289.18 989,637,094.42 12,710,602,170.25 431,141,019,241.06 493,936,293,815.87 30,412,536,493.35 6,705,058,797. | 资产总计 520,151,776,851.06 流动负债： 短期借款 七、32 32,408,647,900.96 向中央银行借款 拆入资金 交易性金融负债 衍生金融负债 应付票据 七、35 9,546,824,891.54 应付账款 七、36 28,575,195,016.58 预收款项 七、37 21,718,111.85 合同负债 七、38 956,631,6",0.94
600795.SH,国电电力,2025,Q_G_ROE,12.283,pending,https://www.sse.com.cn/disclosure/listedinfo/announcement/c/new/2026-04-15/600795_20260415_9PNY.pdf,data/raw/600795.SH/2025/annual_report.pdf,7,除非经常性损益后的基本每股收益(元／股) 0.380 0.262 45.04 0.273 加权平均净资产收益率(%) 12.283 18.598 减少6.315个百分点 11.834 扣除非经常性损益后的加权平均净资产收,0.92
600795.SH,国电电力,2025,Q_G_ROE,10,pending,https://www.sse.com.cn/disclosure/listedinfo/announcement/c/new/2026-04-15/600795_20260415_9PNY.pdf,data/raw/600795.SH/2025/annual_report.pdf,39,资产、业务及权益)注入国电电力。拟注入资产原则上以省(或区域)为单位，其最近 三个会计年度加权平均净资产收益率的平均值不低于 10%。中国国电承诺将在发电业务资产满足 资产注入条件后三年内，完成向国电电力注资的工作。 上,0.92
600885.SH,宏发股份,2025,Q_G_DEBT_ASSET_RATE,31.47,pending,https://www.sse.com.cn/disclosure/listedinfo/announcement/c/new/2026-04-02/600885_20260402_GU3L.pdf,data/raw/600885.SH/2025/annual_report.pdf,79,"截至 2025 年 12 月 31 日， 本公司总资产 2,336,409.66 万元， 资产负债率 31.47%。 2025 年 5 月 23 日， 上海新世纪资信评估投资服务有限公司出具了 《宏发科技",0.9
600885.SH,宏发股份,2025,Q_G_DEBT_ASSET_RATE,31.4740671658,pending,https://www.sse.com.cn/disclosure/listedinfo/announcement/c/new/2026-04-02/600885_20260402_GU3L.pdf,data/raw/600885.SH/2025/annual_report.pdf,84,"合并报表自动派生: 负债合计 7,353,631,467.01 所有者权益（或股东权益）： 实收资本（或股本） 1,547,594,313.00 其他权益工具 其中：优先股 永续债 资本公积 1,739,709,798.69 减：库存股 其他综合收益 24,061,754.35 专项储备 盈余公积 1,736,011,043.56 一般风险准备 未分配利润 7,583,133,984. | 资产总计 23,364,096,633.21 流动负债： 短期借款 601,696,904.96 向中央银行借款 拆入资金 交易性金融负债 衍生金融负债 9,188,758.77 应付票据 1,835,299,774.16 应付账款 2,260,669,715.46 预收款项 573,147.42 合同负债 56,725,894.64 卖出回购金融资产款 吸收存款及",0.94
600886.SH,国投电力,2025,Q_G_DEBT_ASSET_RATE,60.52,pending,https://www.sse.com.cn/disclosure/listedinfo/announcement/c/new/2026-04-30/600886_20260430_T8HI.pdf,data/raw/600886.SH/2025/annual_report.pdf,16,"增加 5.73% 公司总资产 3,135.80 亿元 较上期期末增加 170.43 亿元 资产负债率 60.52 % 较上期期末下降 2.70 个百分点 发电量 1,580.93 亿千瓦时 同比减少 8.1",0.9
600886.SH,国投电力,2025,Q_G_DEBT_ASSET_RATE,80,pending,https://www.sse.com.cn/disclosure/listedinfo/announcement/c/new/2026-04-30/600886_20260430_T8HI.pdf,data/raw/600886.SH/2025/annual_report.pdf,65,个完整会计年度加权平 均净资产收益率平均值不低于 10% ；拟注入资产最近一个会计 年度末资产负债率不高于 80%。国投电力主动降低净资产收益 率、资产负债率要求的情况除外。 4、不属于国投公司除国投电力,0.9
600886.SH,国投电力,2025,Q_G_DEBT_ASSET_RATE,60.5241320532,pending,https://www.sse.com.cn/disclosure/listedinfo/announcement/c/new/2026-04-30/600886_20260430_T8HI.pdf,data/raw/600886.SH/2025/annual_report.pdf,98,"合并报表自动派生: 负债合计 189,791,463,566.28 187,463,007,779.27 所有者权益 ( 或股东权益 ) ： 实收资本 ( 或股本 ) 七、53 8,004,494,262.00 7,454,179,797.00 其他权益工具 七、54 5,697,311,320.76 5,697,311,320.76 其中：优先股 永续债 5,697,311,320. | 资产总计 313,579,818,706.81 296,536,685,805.74 公司负责人：郭绪元 主管会计工作负责人：周长信 会计机构负责人：赵利君 美好动力 自然而生 95",0.94
600886.SH,国投电力,2025,Q_G_ROE,11.35,pending,https://www.sse.com.cn/disclosure/listedinfo/announcement/c/new/2026-04-30/600886_20260430_T8HI.pdf,data/raw/600886.SH/2025/annual_report.pdf,9,损益后的基本每股收益 ( 元／股 ) 0.9118 0.8464 7.73 0.8599 加权平均净资产收益率 (%) 11.35 11.80 减少 0.45 个百分点 12.78 扣除非经常性损益后的加权平均净资产收益,0.92
600886.SH,国投电力,2025,Q_G_ROE,5,pending,https://www.sse.com.cn/disclosure/listedinfo/announcement/c/new/2026-04-30/600886_20260430_T8HI.pdf,data/raw/600886.SH/2025/annual_report.pdf,10,除非经常性损益的净利润 3. 归母净资产指归属于上市公司股东的净资产 4. 净资产收益率指加权平均净资产收益率 5. 公司 2025 年度利润分配预案需经股东大会审议 6. 装机容量指公司已投产控股装机容,0.92
600886.SH,国投电力,2025,Q_G_ROE,10,pending,https://www.sse.com.cn/disclosure/listedinfo/announcement/c/new/2026-04-30/600886_20260430_T8HI.pdf,data/raw/600886.SH/2025/annual_report.pdf,65,"量、改 善财务状况和增强持续盈利能力，原则上 , 运行满三年的拟注 入资产最近三个会计年度加权平均净资产收益率平均值不低于 10%，运行不满三年的拟注入资产连续两个完整会计年度加权平 均净资产收益率平均值不低于 10%",0.92
600900.SH,长江电力,2025,Q_G_DEBT_ASSET_RATE,58.2694597691,pending,https://www.sse.com.cn/disclosure/listedinfo/announcement/c/new/2026-04-30/600900_20260430_WC8R.pdf,data/raw/600900.SH/2025/annual_report.pdf,81,"合并报表自动派生: 负债合计 325,847,678,729.19 所有者权益（或股东权益）： 81 / 259 1,152,786,257.22 39,916,772.80 654,531,498.58 880,748,529.38 549,377,690,216.17 566,585,128,973.81 69,692,431,511.49 1,619,502,414.93 265 | 资产总计 559,208,340,046.84 流动负债： 短期借款 七、32 15,181,107,941.81 向中央银行借款 拆入资金 交易性金融负债 衍生金融负债 应付票据 应付账款 七、36 1,468,707,269.07 预收款项 合同负债 七、38 181,189,318.46 卖出回购金融资产款 吸收存款及同业存放 代理买卖证券款 代理承销证券款",0.94
600900.SH,长江电力,2025,Q_G_DEBT_ASSET_RATE,58.27,pending,https://www.sse.com.cn/disclosure/listedinfo/announcement/c/new/2026-04-30/600900_20260430_0VWG.pdf,data/raw/600900.SH/2025/esg_report.pdf,14,润 349.49 亿元 年度分红 230.74 亿元 加权平均净资产收益率 15.90% 资产负债率 58.27% 全员劳动生产率 992.27 万元/人 (二)环境 六座梯级电站发电总量 3071.94,0.9
600903.SH,贵州燃气,2025,Q_G_DEBT_ASSET_RATE,65.44,pending,https://www.sse.com.cn/disclosure/listedinfo/announcement/c/new/2026-04-23/600903_20260423_ZLVU.pdf,data/raw/600903.SH/2025/annual_report.pdf,96,□不适用 截至本报告期末，公司资产总额 118.43 亿元，负债总额 77.50 亿元，资产负债率 65.44%。 2025 年 6 月 23 日，中诚信国际信用评级有限责任公司出具了《贵州燃气集团股份,0.9
600903.SH,贵州燃气,2025,Q_G_DEBT_ASSET_RATE,65.4408184386,pending,https://www.sse.com.cn/disclosure/listedinfo/announcement/c/new/2026-04-23/600903_20260423_ZLVU.pdf,data/raw/600903.SH/2025/annual_report.pdf,102,"合并报表自动派生: 负债合计 7,750,197,640.41 7,309,076,897.67 所有者权益（或股东权益）： 102 / 242  | 资产总计 11,843,063,435.52 11,383,019,183.42 流动负债： 短期借款 七、32 1,343,211,777.74 978,511,598.56 向中央银行借款 拆入资金 交易性金融负债 衍生金融负债 应付票据 应付账款 七、36 562,257,105.84 614,683,070.10 预收款项 七、37 3,144,163.92",0.94
600905.SH,三峡能源,2025,Q_G_DEBT_ASSET_RATE,71.91,pending,https://www.sse.com.cn/disclosure/listedinfo/announcement/c/new/2026-04-30/600905_20260430_2G6K.pdf,data/raw/600905.SH/2025/annual_report.pdf,20,公 司股东的权益 886.58 亿元， 较上年末增长 2.18%。 2025 年末， 公司资产负债率为 71.91%， 较上年 末上升 0.96 个百分点。 (一) 主营业务分析 1、 利润表及现金流量表相,0.9
600905.SH,三峡能源,2025,Q_G_DEBT_ASSET_RATE,71.91,pending,https://www.sse.com.cn/disclosure/listedinfo/announcement/c/new/2026-04-30/600905_20260430_2G6K.pdf,data/raw/600905.SH/2025/annual_report.pdf,90,"负债总额 2,784.11 亿元，较上年末(调整后)增长 9.92%。2025 年末，公司资产负债率为 71.91%，较上年 末(调整后)上升 0.96 个百分点。 (三)现存的内部职工股情况 □适用 √不",0.9
600905.SH,三峡能源,2025,Q_G_DEBT_ASSET_RATE,71.9119857414,pending,https://www.sse.com.cn/disclosure/listedinfo/announcement/c/new/2026-04-30/600905_20260430_2G6K.pdf,data/raw/600905.SH/2025/annual_report.pdf,112,"合并报表自动派生: 负债合计 278,411,229,512.86 253,282,249,359.29 所有者权益（或股东权益）： 实收资本（或股本） 53 28,587,650,142.00 28,619,739,196.00 其他权益工具 其中：优先股 永续债 资本公积 55 23,794,438,925.71 23,977,034,579.91 减：库存股 56 105,634 | 资产总计 387,155,529,975.30 357,006,432,659.89 流动负债： 短期借款 32 3,011,069,686.71 823,720,811.69 向中央银行借款 拆入资金 交易性金融负债 衍生金融负债 应付票据 35 67,956,000.00 应付账款 36 30,342,193,434.89 28,914,409,059.64 预",0.94
600956.SH,新天绿能,2025,Q_G_DEBT_ASSET_RATE,66.3,pending,https://www.sse.com.cn/disclosure/listedinfo/announcement/c/new/2026-03-26/600956_20260326_L9M7.pdf,data/raw/600956.SH/2025/annual_report.pdf,25,率，减少 资金沉淀。 11.资产负债率 截至 2025 年 12 月 31 日止， 本集团资产负债率 (即负债总额除以资产总额的比值) 为 66.30%， 比 2024 年 12 月 31 日的 67.73%减少了 1.43 个百分点，主要是,0.9
600956.SH,新天绿能,2025,Q_G_DEBT_ASSET_RATE,66.3,pending,https://www.sse.com.cn/disclosure/listedinfo/announcement/c/new/2026-03-26/600956_20260326_L9M7.pdf,data/raw/600956.SH/2025/annual_report.pdf,110,"1,185,547.08 元 ，负 债 总 额为 61,988,553,350.03 元，资产负债率为 66.30%。 110 / 331",0.9
600956.SH,新天绿能,2025,Q_G_DEBT_ASSET_RATE,66.3041686628,pending,https://www.sse.com.cn/disclosure/listedinfo/announcement/c/new/2026-03-26/600956_20260326_L9M7.pdf,data/raw/600956.SH/2025/annual_report.pdf,132,"合并报表自动派生: 负债合计 61,988,553,350.03 56,903,738,159.25 所有者权益（或股东权益）： 实收资本（或股本） 53 4,512,693,073.00 4,205,693,073.00 其他权益工具 54 1,516,512,328.78 其中：优先股 永续债 54 1,516,512,328.78 资本公积 55 7,818,460,576.91 | 资产总计 93,491,185,547.08 84,016,482,012.66 流动负债： 短期借款 32 3,889,281,345.29 3,938,597,345.65 向中央银行借款 拆入资金 交易性金融负债 衍生金融负债 应付票据 35 3,047,841.53 应付账款 36 879,331,209.42 537,611,223.42 预收款项 37",0.94
600968.SH,海油发展,2025,Q_G_DEBT_ASSET_RATE,40.98,pending,https://www.sse.com.cn/disclosure/listedinfo/announcement/c/new/2026-03-25/600968_20260325_PO84.pdf,data/raw/600968.SH/2025/annual_report.pdf,14,年末，公司总资产 511.65 亿元，归属于上市公司股东的净资 产 295.76 亿元，资产负债率 40.98%。 (一) 主营业务分析 1、 利润表及现金流量表相关科目变动分析表 单位：元 币种：人民,0.9
600968.SH,海油发展,2025,Q_G_DEBT_ASSET_RATE,40.9785447127,pending,https://www.sse.com.cn/disclosure/listedinfo/announcement/c/new/2026-03-25/600968_20260325_PO84.pdf,data/raw/600968.SH/2025/annual_report.pdf,70,"合并报表自动派生: 负债合计 20,966,838,182.33 21,638,889,318.28 所有者权益（或股东权益）： 实收资本（或股本） 53 10,165,104,199.00 10,165,104,199.00 其他权益工具 其中：优先股 永续债 资本公积 55 1,726,113,269.55 1,727,614,603.21 减：库存股 其他综合收益 57 59,3 | 资产总计 51,165,404,553.41 49,502,533,022.56 流动负债： 短期借款 32 37,459,125.31 向中央银行借款 拆入资金 交易性金融负债 衍生金融负债 应付票据 应付账款 36 12,694,761,029.85 13,841,913,552.73 预收款项 37 1,183,393.36 3,663,630.14 合同负债",0.94
600968.SH,海油发展,2025,Q_S_RD_RATE,2.49,pending,https://www.sse.com.cn/disclosure/listedinfo/announcement/c/new/2026-03-25/600968_20260325_PO84.pdf,data/raw/600968.SH/2025/annual_report.pdf,19,"资本化研发投入 1,916,981.15 研发投入合计 1,253,011,666.46 研发投入总额占营业收入比例(%) 2.49 研发投入资本化的比重(%) 0.15 (2).研发人员情况表 √适用 □不适用 公司研发",0.96
600968.SH,海油发展,2025,Q_S_RD_RATE,3.33,pending,https://www.sse.com.cn/disclosure/listedinfo/announcement/c/new/2026-03-25/600968_20260325_5QKP.pdf,data/raw/600968.SH/2025/esg_report.pdf,23,径 2025年 公 司 全 年 完 成 研 发 投入16.76亿元，同比增长8.98%，研发投入强度 3.33%，位于行业前列；持续聚焦核心领域，能 源技术服务产业研发投入占比约66.26%，同时保 持,0.82
600982.SH,宁波能源,2025,Q_G_DEBT_ASSET_RATE,61.63,pending,https://www.sse.com.cn/disclosure/listedinfo/announcement/c/new/2026-04-21/600982_20260421_IEK4.pdf,data/raw/600982.SH/2025/annual_report.pdf,237,总负债除以总资产)为基础对资本结构进行监控。于 2025 年 12 月 31 日，本公司的资产负债率为 61.63%(2024 年 12 月 31 日：65.99%)。 2、 套期 (1). 公司开展套期业,0.9
600982.SH,宁波能源,2025,Q_G_DEBT_ASSET_RATE,61.6298653623,pending,https://www.sse.com.cn/disclosure/listedinfo/announcement/c/new/2026-04-21/600982_20260421_IEK4.pdf,data/raw/600982.SH/2025/annual_report.pdf,92,"合并报表自动派生: 负债合计 10,475,049,240.38 所有者权益（或股东权益）： 92 / 290 13,002,322.45 14,481,720.76 191,506,222.13 317,682,646.34 11,330,139,969.33 15,210,334,726.62 1,953,181,457.56 63,599,840.34 568,208,125.6 | 资产总计 16,996,709,596.56 流动负债： 短期借款 七、32 1,865,849,562.31 向中央银行借款 拆入资金 交易性金融负债 衍生金融负债 应付票据 七、35 58,316,752.40 应付账款 七、36 495,340,116.76 预收款项 七、37 1,840,055.35 合同负债 七、38 27,415,011.53 卖出回购",0.94
600995.SH,南网储能,2025,Q_G_DEBT_ASSET_RATE,54.61,pending,https://www.sse.com.cn/disclosure/listedinfo/announcement/c/new/2026-03-31/600995_20260331_DFTM.pdf,data/raw/600995.SH/2025/annual_report.pdf,11,利润 16.89 亿元， 同比增 加 49.89%；加权平均净资产收益率 7.66%。期末资产负债率 54.61%，财务状况保持稳健。 (一)公司装机规模迈上新台阶 有力有序推进 10 个抽蓄项目建设，,0.9
600995.SH,南网储能,2025,Q_G_DEBT_ASSET_RATE,54.61221003,pending,https://www.sse.com.cn/disclosure/listedinfo/announcement/c/new/2026-03-31/600995_20260331_DFTM.pdf,data/raw/600995.SH/2025/annual_report.pdf,88,"合并报表自动派生: 负债合计 32,278,153,492.44 25,520,994,048.89 所有者权益（或股东权益） ： 88 / 219  | 资产总计 59,104,279,930.60 50,466,641,140.52 流动负债： 短期借款 七、32 850,468,888.89 44,732,780.00 向中央银行借款 拆入资金 交易性金融负债 衍生金融负债 应付票据 七、35 37,060,822.36 66,641,961.47 应付账款 七、36 1,588,044,667.26 800,6",0.94
601001.SH,晋控煤业,2025,Q_G_DEBT_ASSET_RATE,23.1718985128,pending,https://www.sse.com.cn/disclosure/listedinfo/announcement/c/new/2026-04-28/601001_20260428_3BYK.pdf,data/raw/601001.SH/2025/annual_report.pdf,65,"合并报表自动派生: 负债合计 8,318,677,916.34 10,849,126,725.76 65 / 204  | 资产总计 35,899,854,782.12 37,554,042,596.71 流动负债： 短期借款 向中央银行借款 拆入资金 交易性金融负债 衍生金融负债 应付票据 应付账款 3,694,275,840.37 4,159,285,925.80 预收款项 合同负债 329,597,126.68 209,779,687.92 卖出回购金融资产款 吸收存款及同业存放",0.94
601001.SH,晋控煤业,2025,Q_G_DEBT_ASSET_RATE,23,pending,https://www.sse.com.cn/disclosure/listedinfo/announcement/c/new/2026-04-28/601001_20260428_XF06.pdf,data/raw/601001.SH/2025/esg_report.pdf,4,".09亿元、利润总额34 .06亿元，完成电煤保供任务1 ,090万吨。财务状况持续优化，资产负债率降 ⾄23%，财务费⽤控制在0.30亿元，债务结构优化三年⾏动收官；全级次管理费⽤压降明显， “两不⼀",0.9
601001.SH,晋控煤业,2025,Q_G_DEBT_ASSET_RATE,23.17,pending,https://www.sse.com.cn/disclosure/listedinfo/announcement/c/new/2026-04-28/601001_20260428_XF06.pdf,data/raw/601001.SH/2025/esg_report.pdf,6,果 总资产 359亿元 320.09亿元 归⺟净资产 190.84亿元 72.84亿元 资产负债率 23.17% 60.60% 2025年末 2020年末 2025年末 2020年末 市值 220.09,0.9
601012.SH,隆基绿能,2025,Q_G_DEBT_ASSET_RATE,64.43,pending,https://www.sse.com.cn/disclosure/listedinfo/announcement/c/new/2026-04-29/601012_20260429_OI5U.pdf,data/raw/601012.SH/2025/annual_report.pdf,24,的综合实力，连续 24 次蝉联 PVTech 组件制造商可融资最高评级。截至报告期末，公司资产负债率 64.43%、有息负 债率 22.89%，保持了足够安全的现金储备。在当前剧烈的行业波动和产业转型演变,0.9
601012.SH,隆基绿能,2025,Q_G_DEBT_ASSET_RATE,64.43,pending,https://www.sse.com.cn/disclosure/listedinfo/announcement/c/new/2026-04-29/601012_20260429_OI5U.pdf,data/raw/601012.SH/2025/annual_report.pdf,112,况、资信变化情况及在未来年度还债的现金安排 √适用 □不适用 截至本报告期末，公司合并报表资产负债率为 64.43%，资产负债结构合理。联合资信评估股 份有限公司于 2025 年 6 月 25 日出具了《隆,0.9
601012.SH,隆基绿能,2025,Q_G_DEBT_ASSET_RATE,64.428043823,pending,https://www.sse.com.cn/disclosure/listedinfo/announcement/c/new/2026-04-29/601012_20260429_OI5U.pdf,data/raw/601012.SH/2025/annual_report.pdf,121,"合并报表自动派生: 负债合计 99,092,656,484.29 所有者权益（或股东权益）： 实收资本（或股本） 七、53 7,578,064,239.00 其他权益工具 七、54 465,572,261.77 其中：优先股 永续债 资本公积 七、55 12,939,297,258.35 减：库存股 七、56 302,938,257.56 其他综合收益 七、57 54,761,481. | 资产总计 153,803,608,808.29 流动负债： 短期借款 七、32 300,193,416.63 向中央银行借款 拆入资金 交易性金融负债 衍生金融负债 七、34 574,920.00 应付票据 七、35 9,415,377,639.54 应付账款 七、36 32,550,376,084.47 预收款项 七、37 74,052,460.40 合同负债 七",0.94
601012.SH,隆基绿能,2025,Q_G_ROE,11.15,pending,https://www.sse.com.cn/disclosure/listedinfo/announcement/c/new/2026-04-29/601012_20260429_OI5U.pdf,data/raw/601012.SH/2025/annual_report.pdf,14,的基本每 股收益(元／股)-0.97 -1.15 -1.16 不适用 1.43 1.43 加权平均净资产收益率(%)-11.15 -13.07 -13.10 增加1.92个 百分点 16.24 16.20 扣除非经常性,0.92
601012.SH,隆基绿能,2025,Q_G_ROE,35,pending,https://www.sse.com.cn/disclosure/listedinfo/announcement/c/new/2026-04-29/601012_20260429_7BCR.pdf,data/raw/601012.SH/2025/esg_report.pdf,157,".14 1.42 总资产35 亿元 1,538.04 1,528.41 1,639.41 加权平均净资产收益率35 % -11.15 -13.07 16.24 董事会独立董事人数 人 3 3 3 董事会女",0.92
601222.SH,林洋能源,2025,Q_G_DEBT_ASSET_RATE,29.41,pending,https://www.sse.com.cn/disclosure/listedinfo/announcement/c/new/2026-04-30/601222_20260430_3J1N.pdf,data/raw/601222.SH/2025/annual_report.pdf,23,司始终 秉承稳健经营的原则， 资产负债率保持在较低水平， 2021 年底至 2025 年底资产负债率分别为 29.41%、 30.20%、32.79%、36.25%和 39.18%，彰显出良好的偿债能力与抗风险,0.9
601222.SH,林洋能源,2025,Q_G_DEBT_ASSET_RATE,39.1839748258,pending,https://www.sse.com.cn/disclosure/listedinfo/announcement/c/new/2026-04-30/601222_20260430_3J1N.pdf,data/raw/601222.SH/2025/annual_report.pdf,89,"合并报表自动派生: 负债合计 9,876,092,452.21 8,950,567,560.33 所有者权益（或股东权益）： 89 / 229  | 资产总计 25,204,417,101.93 24,688,896,362.27 流动负债： 短期借款 七、32 658,455,401.35 605,026,700.24 向中央银行借款 拆入资金 交易性金融负债 衍生金融负债 应付票据 七、35 1,357,351,325.35 1,101,713,306.60 应付账款 七、36 2,377,813,830.9",0.94
601233.SH,桐昆股份,2025,Q_S_DIVIDEND_PER_SHARE,0.12,pending,https://www.sse.com.cn/disclosure/listedinfo/announcement/c/new/2026-04-29/601233_20260429_240P.pdf,data/raw/601233.SH/2025/annual_report.pdf,51,"积金转增股本预案 √适用 □不适用 单位：元币种：人民币 每 10 股送红股数(股) 0 每 10 股派息数(元)(含税) 1.2 每 10 股转增数(股) 0 现金分红金额(含税) 285,480,178.80 合并报",0.94
601233.SH,桐昆股份,2025,Q_S_DIVIDEND_PER_SHARE,0,pending,https://www.sse.com.cn/disclosure/listedinfo/announcement/c/new/2026-04-29/601233_20260429_ZCGA.pdf,data/raw/601233.SH/2025/esg_report.pdf,14,司实施差异化的现金分红政策。 分红 年度 2025 2024 每10股 送红股数 (股) 每10股 派息数 (元)(含税) 0 1.2 0 1 每10股 转增数 (股) 现金分红的数额 (元含税) 分红年度合并报表中,0.94
601615.SH,明阳智能,2025,Q_G_DEBT_ASSET_RATE,68.59,pending,https://www.sse.com.cn/disclosure/listedinfo/announcement/c/new/2026-04-29/601615_20260429_778X.pdf,data/raw/601615.SH/2025/annual_report.pdf,87,本变动情况” 。 报告期初资产总额为 867.95 亿元，负债总额为 595.31 亿元，资产负债率为 68.59%；报告期末资产总额为 968.54 亿元，负债总额为 694.55 亿元， 资产负债率为,0.9
601615.SH,明阳智能,2025,Q_G_DEBT_ASSET_RATE,71.71,pending,https://www.sse.com.cn/disclosure/listedinfo/announcement/c/new/2026-04-29/601615_20260429_778X.pdf,data/raw/601615.SH/2025/annual_report.pdf,87,68.59%；报告期末资产总额为 968.54 亿元，负债总额为 694.55 亿元， 资产负债率为 71.71%，较 2024 年末有所上升。 (三)现存的内部职工股情况 □适用 √不适用 三、股东和实,0.9
601615.SH,明阳智能,2025,Q_G_DEBT_ASSET_RATE,71.71,pending,https://www.sse.com.cn/disclosure/listedinfo/announcement/c/new/2026-04-29/601615_20260429_778X.pdf,data/raw/601615.SH/2025/annual_report.pdf,236,报告 本集团采用资产负债率(即总负债除以总资产)为基础对资本结构进行监控。期末，本公司 的资产负债率为 71.71%(上年年末：68.59%)。 2、 套期 (1). 公司开展套期业务进行风险管理 □适用,0.9
601615.SH,明阳智能,2025,Q_G_DEBT_ASSET_RATE,71.7113973774,pending,https://www.sse.com.cn/disclosure/listedinfo/announcement/c/new/2026-04-29/601615_20260429_778X.pdf,data/raw/601615.SH/2025/annual_report.pdf,98,"合并报表自动派生: 负债合计 69,455,087,766.75 59,531,276,055.20 所有者权益（或股东权益）： 98 / 278  | 资产总计 96,853,624,816.70 86,794,501,247.32 流动负债： 短期借款 七、32 3,820,287,364.04 1,576,852,627.32 向中央银行借款 拆入资金 交易性金融负债 衍生金融负债 应付票据 七、35 12,329,684,746.90 9,517,195,130.76 应付账款 七、36 17,901,665",0.94
601619.SH,嘉泽新能,2025,Q_G_DEBT_ASSET_RATE,65.13,pending,https://www.sse.com.cn/disclosure/listedinfo/announcement/c/new/2026-03-28/601619_20260328_5SA3.pdf,data/raw/601619.SH/2025/annual_report.pdf,62,"22,811,389,583.83元，负债总额为 14,857,466,501.58元，资产负债率为65.13%。 (三) 现存的内部职工股情况 □适用 √不适用 三、股东和实际控制人情况 (一) 股东",0.9
601619.SH,嘉泽新能,2025,Q_G_DEBT_ASSET_RATE,65.13,pending,https://www.sse.com.cn/disclosure/listedinfo/announcement/c/new/2026-03-28/601619_20260328_5SA3.pdf,data/raw/601619.SH/2025/annual_report.pdf,69,评级结果较前次没有变化。 截至2025年12月31 日，本公司总负债为 148.57亿元，资产负债率为 65.13%。公司主体 资信优良，各项偿债指标良好，同时公司盈利能力稳定，具备较强的偿债能力和抗风险能,0.9
601619.SH,嘉泽新能,2025,Q_G_DEBT_ASSET_RATE,65.1317906214,pending,https://www.sse.com.cn/disclosure/listedinfo/announcement/c/new/2026-03-28/601619_20260328_5SA3.pdf,data/raw/601619.SH/2025/annual_report.pdf,74,"合并报表自动派生: 负债合计 14,857,466,501.58 所有者权益（或股东权益）： 实收资本（或股本） 2,912,746,746.00 其他权益工具 51,036,253.01 其中：优先股 永续债 资本公积 2,259,103,596.51 减：库存股 其他综合收益 专项储备 8,084,534.74 盈余公积 253,373,710.80 一般风险准备 未分配利润 2, | 资产总计 22,811,389,583.83 流动负债： 短期借款 向中央银行借款 拆入资金 交易性金融负债 衍生金融负债 应付票据 应付账款 675,716,252.11 预收款项 3,705,204.99 合同负债 18,751,695.97 73 / 210 85,140,242.07 155,003,342.05 4,080,221,105.60 1,463",0.94
601669.SH,中国电建,2025,Q_G_DEBT_ASSET_RATE,79.59,pending,https://www.sse.com.cn/disclosure/listedinfo/announcement/c/new/2026-04-24/601669_20260424_6UT7.pdf,data/raw/601669.SH/2025/annual_report.pdf,256,"负债 1,098,585,508,530.60 1,017,455,203,707.01 资产负债率 79.59% 78.93% 十六、资产负债表日后事项 (一)重要的非调整事项 □适用 √不适用 (二)",0.9
601669.SH,中国电建,2025,Q_G_DEBT_ASSET_RATE,79.5922430515,pending,https://www.sse.com.cn/disclosure/listedinfo/announcement/c/new/2026-04-24/601669_20260424_6UT7.pdf,data/raw/601669.SH/2025/annual_report.pdf,119,"合并报表自动派生: 负债合计 1,098,585,508,530.60 所有者权益（或股东权益）： 实收资本（或股本） 五、（五十六） 17,226,159,334.00 119 / 273 369,721,362.83 2,104,255,631.60 7,733,437,026.35 111,607,511,116.42 756,171,755,515.41 1,289,068,7 | 资产总计 1,380,267,054,189.34 流动负债： 短期借款 五、（三十三） 58,566,965,729.54 向中央银行借款 拆入资金 30,000,000.00 交易性金融负债 衍生金融负债 五、（三十七） 应付票据 五、（三十八） 25,824,849,877.51 应付账款 五、（三十九） 311,122,108,967.73 预收款项 128",0.94
601727.SH,上海电气,2025,Q_S_RD_RATE,5,pending,https://www.sse.com.cn/disclosure/listedinfo/announcement/c/new/2026-03-31/601727_20260331_Z68Y.pdf,data/raw/601727.SH/2025/annual_report.pdf,20,本期费用化研发投入 61.64 本期资本化研发投入 0.87 研发投入合计 62.51 研发投入总额占营业收入比例(%) 5.0 研发投入资本化的比重(%) 1.4 (2) 研发人员情况表 √适用 □不适用 公司研发人,0.96
601727.SH,上海电气,2025,Q_S_RD_RATE,45,pending,https://www.sse.com.cn/disclosure/listedinfo/announcement/c/new/2026-03-31/601727_20260331_BXF7.pdf,data/raw/601727.SH/2025/esg_report.pdf,57,研发投入率5.0%。“十四五”期间，集团累计研发投入达278.37亿元，其中新兴及未来领域研发投入占比提升至45%。 2025 年 集团研发投入 62.51 亿元 5.0 ％2025 年 研发投入率 “十,0.82
601778.SH,晶科科技,2025,Q_G_DEBT_ASSET_RATE,61.09,pending,https://www.sse.com.cn/disclosure/listedinfo/announcement/c/new/2026-04-29/601778_20260429_021B.pdf,data/raw/601778.SH/2025/annual_report.pdf,92,"公司股东的净资产 16,130,192,023.15 15,874,021,540.71 资产负债率(合并) 61.09% 62.45% (三)现存的内部职工股情况 □适用 √不适用 三、股东和实际控制人情况 (",0.9
601778.SH,晶科科技,2025,Q_G_DEBT_ASSET_RATE,61.09,pending,https://www.sse.com.cn/disclosure/listedinfo/announcement/c/new/2026-04-29/601778_20260429_021B.pdf,data/raw/601778.SH/2025/annual_report.pdf,106,公司的负债情况、资信变化情况及在未来年度还债的现金安排 √适用 □不适用 截至报告期末公司资产负债率为 61.09%，保持在合理水平。报告期内公司债务结构、资产状 况和信用状况未发生重大不利变化。联合资信评,0.9
601778.SH,晶科科技,2025,Q_G_DEBT_ASSET_RATE,61.0861910958,pending,https://www.sse.com.cn/disclosure/listedinfo/announcement/c/new/2026-04-29/601778_20260429_021B.pdf,data/raw/601778.SH/2025/annual_report.pdf,115,"合并报表自动派生: 负债合计 25,519,136,299.18 26,599,363,345.20 所有者权益（或股东权益）： 115 / 316  | 资产总计 41,775,622,020.94 42,593,036,827.78 流动负债： 短期借款 七、32 1,871,743,560.56 1,841,326,959.93 向中央银行借款 拆入资金 交易性金融负债 衍生金融负债 七、34 747,399.28 应付票据 七、35 602,996,656.28 379,130,737.46 应付账款 七、36",0.94
601918.SH,新集能源,2025,Q_G_DEBT_ASSET_RATE,63.53,pending,https://www.sse.com.cn/disclosure/listedinfo/announcement/c/new/2026-03-28/601918_20260328_FXJF.pdf,data/raw/601918.SH/2025/annual_report.pdf,10,元，归属于上市公司股东的净利润 21.36 亿元，经营活动 现金净流量 31.04 亿元，资产负债率 63.53%。 (一) 主营业务分析 1、 利润表及现金流量表相关科目变动分析表 单位：元 币种：人民,0.9
601918.SH,新集能源,2025,Q_G_DEBT_ASSET_RATE,63.5274167725,pending,https://www.sse.com.cn/disclosure/listedinfo/announcement/c/new/2026-03-28/601918_20260328_FXJF.pdf,data/raw/601918.SH/2025/annual_report.pdf,55,"合并报表自动派生: 负债合计 33,691,640,882.62 27,251,223,226.25 所有者权益（或股东权益）： 55 / 183  | 资产总计 53,034,803,860.03 44,665,923,358.32 流动负债： 短期借款 1,970,937,477.79 1,390,737,741.66 向中央银行借款 拆入资金 交易性金融负债 衍生金融负债 应付票据 应付账款 4,586,616,823.05 3,177,307,205.72 预收款项 837,961.94 743,854.34",0.94
603032.SH,德新科技,2025,Q_G_DEBT_ASSET_RATE,23.3,pending,https://www.sse.com.cn/disclosure/listedinfo/announcement/c/new/2026-04-14/603032_20260414_TP3F.pdf,data/raw/603032.SH/2025/annual_report.pdf,19,"5.78 万元， 总负债 36,332.95 万元， 净资产 114,260.83 万元，资产负债率 23.30%。 (二)各业务板块的具体情况 1.精密制造业务板块 (1)精密模具及零配件业务 ①精密模",0.9
603032.SH,德新科技,2025,Q_G_DEBT_ASSET_RATE,29.78,pending,https://www.sse.com.cn/disclosure/listedinfo/announcement/c/new/2026-04-14/603032_20260414_TP3F.pdf,data/raw/603032.SH/2025/annual_report.pdf,89,"7.98 万元， 总负债 48,098.92 万元， 净资产 109,650.51 万元，资产负债率 29.78%；本报告期期末公司总资产 155,955.78 万元，总负债 36,332.95 万元，",0.9
603032.SH,德新科技,2025,Q_G_DEBT_ASSET_RATE,23.3,pending,https://www.sse.com.cn/disclosure/listedinfo/announcement/c/new/2026-04-14/603032_20260414_TP3F.pdf,data/raw/603032.SH/2025/annual_report.pdf,89,"55.78 万元，总负债 36,332.95 万元， 净资产 114,260.83 万元，资产负债率 23.30%。 (三)现存的内部职工股情况 □适用 √不适用 三、股东和实际控制人情况 (一) 股东总",0.9
603032.SH,德新科技,2025,Q_G_DEBT_ASSET_RATE,23.2969551716,pending,https://www.sse.com.cn/disclosure/listedinfo/announcement/c/new/2026-04-14/603032_20260414_TP3F.pdf,data/raw/603032.SH/2025/annual_report.pdf,100,"合并报表自动派生: 负债合计 363,329,473.36 480,989,161.94 100 / 236  | 资产总计 1,559,557,764.88 1,615,279,766.09 流动负债： 短期借款 32 16,012,859.59 22,020,444.46 向中央银行借款 拆入资金 交易性金融负债 衍生金融负债 应付票据 应付账款 36 89,883,155.61 87,706,378.21 预收款项 37 2,392,705.20 2,120,256.58",0.94
603050.SH,科林电气,2025,Q_G_DEBT_ASSET_RATE,67.36,pending,https://www.sse.com.cn/disclosure/listedinfo/announcement/c/new/2026-03-28/603050_20260328_R7WZ.pdf,data/raw/603050.SH/2025/annual_report.pdf,56,"5,183,301,172.06 元， 负债总额为 3,491,550,596.66 元，资产负债率为 67.36%；公司期末资产总额为 4,969,627,592.81 元，负债总额为 3,082,788",0.9
603050.SH,科林电气,2025,Q_G_DEBT_ASSET_RATE,62.03,pending,https://www.sse.com.cn/disclosure/listedinfo/announcement/c/new/2026-03-28/603050_20260328_R7WZ.pdf,data/raw/603050.SH/2025/annual_report.pdf,56,"4,969,627,592.81 元，负债总额为 3,082,788,211.78 元，资产负债率为 62.03%。 (三)现存的内部职工股情况 □适用 √不适用 56 / 197",0.9
603050.SH,科林电气,2025,Q_G_DEBT_ASSET_RATE,62.0325799913,pending,https://www.sse.com.cn/disclosure/listedinfo/announcement/c/new/2026-03-28/603050_20260328_R7WZ.pdf,data/raw/603050.SH/2025/annual_report.pdf,67,"合并报表自动派生: 负债合计 3,082,788,211.78 3,491,550,596.66 所有者权益（或股东权益）： 实收资本（或股本） 七、53 403,319,193.00 272,512,968.00 其他权益工具 七、54 其中：优先股 永续债 67 / 197  | 资产总计 4,969,627,592.81 5,183,301,172.06 流动负债： 短期借款 七、32 411,666,093.87 1,680,000.00 向中央银行借款 拆入资金 交易性金融负债 七、33 衍生金融负债 七、34 应付票据 七、35 748,763,450.00 793,012,961.76 应付账款 七、36 1,250,280,710",0.94
603097.SH,江苏华辰,2025,Q_G_DEBT_ASSET_RATE,56.45,pending,https://www.sse.com.cn/disclosure/listedinfo/announcement/c/new/2026-04-24/603097_20260424_IGU5.pdf,data/raw/603097.SH/2025/annual_report.pdf,93,"司期初资产总额为 237,302.65 万元， 负债总额为 133,963.73 万元， 资产负债率为 56.45%；本报告期期末公司资产总额为 327,898.03 万元，负债总额为 213,332.41",0.9
603097.SH,江苏华辰,2025,Q_G_DEBT_ASSET_RATE,65.0605964482,pending,https://www.sse.com.cn/disclosure/listedinfo/announcement/c/new/2026-04-24/603097_20260424_IGU5.pdf,data/raw/603097.SH/2025/annual_report.pdf,108,"合并报表自动派生: 负债合计 2,133,324,120.17 1,339,637,322.79 所有者权益（或股东权益）： 实收资本（或股本） 七、53 165,153,181.00 160,000,000.00 其他权益工具 七、54 58,983,849.82 其中：优先股 永续债 资本公积 七、55 373,295,212.74 299,664,885.60 减：库存股 七、5 | 资产总计 3,278,980,268.60 2,373,026,460.36 流动负债： 短期借款 七、32 40,117,610.17 241,109,646.50 向中央银行借款 拆入资金 交易性金融负债 衍生金融负债 106 / 256",0.94
603105.SH,芯能科技,2025,Q_G_DEBT_ASSET_RATE,49.67,pending,https://www.sse.com.cn/disclosure/listedinfo/announcement/c/new/2026-04-25/603105_20260425_S0E8.pdf,data/raw/603105.SH/2025/annual_report.pdf,79,的负债情况、资信变化情况及在未来年度还债的现金安排 √适用 □不适用 截至报告期末， 公司资产负债率为 49.67%， 较上年末 49.04%上升了 0.63 个百分点。 公司 2023 年度向 不特定对象,0.9
603105.SH,芯能科技,2025,Q_G_DEBT_ASSET_RATE,49.6696335008,pending,https://www.sse.com.cn/disclosure/listedinfo/announcement/c/new/2026-04-25/603105_20260425_S0E8.pdf,data/raw/603105.SH/2025/annual_report.pdf,85,"合并报表自动派生: 负债合计 2,245,913,044.24 2,107,407,523.27 所有者权益（或股东权益）： 实收资本（或股本） 七、53 500,009,102.00 500,006,441.00 其他权益工具 七、54 129,005,682.64 143,901,008.52 其中：优先股 永续债 资本公积 七、55 715,463,972.82 715,429, | 资产总计 4,521,702,468.78 4,297,315,567.63 流动负债： 短期借款 七、32 209,145,350.01 190,004,779.17 向中央银行借款 拆入资金 交易性金融负债 衍生金融负债 应付票据 七、35 68,713,322.96 60,783,288.32 应付账款 七、36 104,012,180.49 52,131,4",0.94
603185.SH,弘元绿能,2025,Q_G_DEBT_ASSET_RATE,53.88,pending,https://www.sse.com.cn/disclosure/listedinfo/announcement/c/new/2026-04-29/603185_20260429_47FB.pdf,data/raw/603185.SH/2025/annual_report.pdf,68,"产总额为 2,681,082.54 万元， 负债总额为 1,444,594.83 万 元，资产负债率为 53.88%。 (三)现存的内部职工股情况 □适用 √不适用 三、股东和实际控制人情况 (一) 股东总",0.9
603185.SH,弘元绿能,2025,Q_G_DEBT_ASSET_RATE,53.8810279233,pending,https://www.sse.com.cn/disclosure/listedinfo/announcement/c/new/2026-04-29/603185_20260429_47FB.pdf,data/raw/603185.SH/2025/annual_report.pdf,78,"合并报表自动派生: 负债合计 14,445,948,346.11 所有者权益（或股东权益）： 实收资本（或股本） 七、53 683,076,802.00 其他权益工具 其中：优先股 永续债 资本公积 七、55 9,420,410,122.82 减：库存股 七、56 103,005,762.41 其他综合收益 七、57 300,223,297.49 专项储备 七、58 1,908,310 | 资产总计 26,810,825,448.02 流动负债： 短期借款 七、32 2,122,576,027.76 向中央银行借款 拆入资金 交易性金融负债 衍生金融负债 七、34 37,767,215.00 77 / 214 843,124,483.09 147,543,309.34 336,688,307.15 118,716,310.09 1,395,509,50",0.94
603191.SH,望变电气,2025,Q_G_DEBT_ASSET_RATE,56.95,pending,https://www.sse.com.cn/disclosure/listedinfo/announcement/c/new/2026-04-04/603191_20260404_7I5A.pdf,data/raw/603191.SH/2025/annual_report.pdf,79,"担保金额为57,272.91万元。 截至2024年第三次临时股东大会审批时， 云变电气 的资产负债率为56.95%。 79 / 225",0.9
603191.SH,望变电气,2025,Q_G_DEBT_ASSET_RATE,65.5808933088,pending,https://www.sse.com.cn/disclosure/listedinfo/announcement/c/new/2026-04-04/603191_20260404_7I5A.pdf,data/raw/603191.SH/2025/annual_report.pdf,99,"合并报表自动派生: 负债合计 4,760,115,294.56 3,979,107,044.01 所有者权益（或股东权益）： 实收资本（或股本） 七、53 332,353,407.00 333,167,407.00 其他权益工具 其中：优先股 永续债 资本公积 七、55 979,601,250.80 960,873,722.51 减：库存股 七、56 19,807,681.28 30, | 资产总计 7,258,387,396.69 6,531,948,941.04 流动负债： 短期借款 七、32 260,133,690.90 270,060,922.08 向中央银行借款 拆入资金 交易性金融负债 衍生金融负债 应付票据 七、35 878,158,051.60 624,614,221.23 应付账款 七、36 743,992,815.82 855,53",0.94
603212.SH,赛伍技术,2025,Q_G_DEBT_ASSET_RATE,39.16,pending,https://www.sse.com.cn/disclosure/listedinfo/announcement/c/new/2026-04-30/603212_20260430_9GCI.pdf,data/raw/603212.SH/2025/annual_report.pdf,27,3.57%。 财务方面， 报告期末， 公司经营活动产生的现金流量净额为 6755 万元， 资产负债率为 39.16%。 面对行业周期波动，公司坚持稳健的财务政策，保持了健康的现金流水平与较低的负债率。目前,0.9
603212.SH,赛伍技术,2025,Q_G_DEBT_ASSET_RATE,39.155072482,pending,https://www.sse.com.cn/disclosure/listedinfo/announcement/c/new/2026-04-30/603212_20260430_9GCI.pdf,data/raw/603212.SH/2025/annual_report.pdf,106,"合并报表自动派生: 负债合计 1,547,451,814.09 1,700,602,550.30 106 / 261  | 资产总计 3,952,110,712.61 4,383,447,450.64 流动负债： 短期借款 七、32 630,622,796.77 602,045,523.02 向中央银行借款 拆入资金 交易性金融负债 衍生金融负债 应付票据 七、35 177,256,787.57 199,293,325.84 应付账款 七、36 366,421,017.84 429,88",0.94
603318.SH,水发燃气,2025,Q_G_DEBT_ASSET_RATE,60.35,pending,https://www.sse.com.cn/disclosure/listedinfo/announcement/c/new/2026-04-24/603318_20260424_893T.pdf,data/raw/603318.SH/2025/annual_report.pdf,16,日， 公司总资产 45.02 亿元， 归属于上市公 司股东的所有者权益 13.81 亿元，资产负债率 60.35%。 业务布局上，公司坚定推进“立足山东、壮大蒙东、培育陇东”的三东战略，聚焦核心业务 提质,0.9
603318.SH,水发燃气,2025,Q_G_DEBT_ASSET_RATE,60.35,pending,https://www.sse.com.cn/disclosure/listedinfo/announcement/c/new/2026-04-24/603318_20260424_893T.pdf,data/raw/603318.SH/2025/annual_report.pdf,211,债务。 本公司以资产负债率(即总负债除以总资产)为基础对资本结构进行监控。期末，本公司的 资产负债率为 60.35%(上年年末：56.36%) 。 2、 套期 (1). 公司开展套期业务进行风险管理 □适用,0.9
603318.SH,水发燃气,2025,Q_G_DEBT_ASSET_RATE,60.3521324097,pending,https://www.sse.com.cn/disclosure/listedinfo/announcement/c/new/2026-04-24/603318_20260424_893T.pdf,data/raw/603318.SH/2025/annual_report.pdf,78,"合并报表自动派生: 负债合计 2,717,341,920.40 所有者权益（或股东权益） ： 78 / 247 1,090,690,549.20 2,017,488.69 34,070,475.33 23,446,024.68 3,076,445,131.06 4,219,515,694.00 683,536,243.25 157,735,302.26 104,081,174.99 8 | 资产总计 4,502,478,722.63 流动负债： 短期借款 七、32 663,565,389.17 向中央银行借款 拆入资金 交易性金融负债 衍生金融负债 应付票据 七、35 7,900,000.00 应付账款 七、36 230,514,072.14 预收款项 合同负债 七、38 112,429,714.31 卖出回购金融资产款 吸收存款及同业存放 代理买卖证",0.94
603333.SH,尚纬股份,2025,Q_G_DEBT_ASSET_RATE,43.89,pending,https://www.sse.com.cn/disclosure/listedinfo/announcement/c/new/2026-03-17/603333_20260317_UYP8.pdf,data/raw/603333.SH/2025/annual_report.pdf,19,"%， 归属于上市公司股东的净资产 204,266.87 万元， 较期初下降 2.26%， 资产负债率 43.89%， 较期初上升 11.97 个百分点。 (一) 主营业务分析 1、 利润表及现金流量表相关",0.9
603333.SH,尚纬股份,2025,Q_G_DEBT_ASSET_RATE,2566.59025149,pending,https://www.sse.com.cn/disclosure/listedinfo/announcement/c/new/2026-03-17/603333_20260317_UYP8.pdf,data/raw/603333.SH/2025/annual_report.pdf,86,"合并报表自动派生: 负债合计 所有者权益（或股东权益）： 实收资本（或股本） 其他权益工具 其中：优先股 永续债 资本公积 减：库存股 其他综合收益 专项储备 盈余公积 一般风险准备 尚纬股份有限公司2025 年年度报告 七、35 46,282,151.64 七、36 189,794,764.93 127,915,196.70 七、37 265,093.05 130,228.95 七、 | 资产总计 流动负债： 短期借款 向中央银行借款 尚纬股份有限公司2025 年年度报告 七、2 1,803,254.40 20,009,512.42 七、4 92,812,443.99 160,427,796.80 七、5 768,803,038.93 1,007,143,343.80 七、7 34,854,832.76 52,718,907.25 七、8 3,811",0.94
603619.SH,中曼石油,2025,Q_G_DEBT_ASSET_RATE,63.08,pending,https://www.sse.com.cn/disclosure/listedinfo/announcement/c/new/2026-04-15/603619_20260415_U7ZU.pdf,data/raw/603619.SH/2025/annual_report.pdf,226,除以总资产)为基础对资本结构进行监控。 于 2025 年 12 月 31 日， 本公 司的资产负债率为 63.08%(2024 年 12 月 31 日：64.42%)。 2、 套期 (1). 公司开展套期业,0.9
603619.SH,中曼石油,2025,Q_G_DEBT_ASSET_RATE,63.0776897238,pending,https://www.sse.com.cn/disclosure/listedinfo/announcement/c/new/2026-04-15/603619_20260415_U7ZU.pdf,data/raw/603619.SH/2025/annual_report.pdf,97,"合并报表自动派生: 负债合计 7,886,878,745.00 7,689,818,356.23 所有者权益（或股东权益）： 97 / 255  | 资产总计 12,503,436,285.53 11,955,240,261.50 流动负债： 短期借款 七（32） 1,239,108,981.83 1,725,035,467.85 向中央银行借款- - 拆入资金- - 交易性金融负债- - 衍生金融负债- - 应付票据 七（35） 170,463,261.59 137,049,495.09 应付账款 七（36）",0.94
603628.SH,清源股份,2025,Q_G_DEBT_ASSET_RATE,57.9,pending,https://www.sse.com.cn/disclosure/listedinfo/announcement/c/new/2026-04-30/603628_20260430_3P8W.pdf,data/raw/603628.SH/2025/annual_report.pdf,76,"3,052,180,592.24 元，负债总额为 1,767,105,156.01 元，资产负债率为 57.90%。报告期末，公司资产总额为 3,299,465,356.29 元， 负债总额为 1,976",0.9
603628.SH,清源股份,2025,Q_G_DEBT_ASSET_RATE,59.9,pending,https://www.sse.com.cn/disclosure/listedinfo/announcement/c/new/2026-04-30/603628_20260430_3P8W.pdf,data/raw/603628.SH/2025/annual_report.pdf,76,"3,299,465,356.29 元， 负债总额为 1,976,349,813.23 元，资产负债率为 59.90%。 (三) 现存的内部职工股情况 □适用 √不适用 三、股东和实际控制人情况 (一) 股东",0.9
603628.SH,清源股份,2025,Q_G_DEBT_ASSET_RATE,59.9,pending,https://www.sse.com.cn/disclosure/listedinfo/announcement/c/new/2026-04-30/603628_20260430_3P8W.pdf,data/raw/603628.SH/2025/annual_report.pdf,82,"3,299,465,356.29 万元，负债合计 1,976,349,813.23 万元，资产负债率为 59.90%。 根据中国证券监督管理委员会《上市公司证券发行管理办法》《公司债券发行与交易管理办 法》",0.9
603628.SH,清源股份,2025,Q_G_DEBT_ASSET_RATE,59.8990927261,pending,https://www.sse.com.cn/disclosure/listedinfo/announcement/c/new/2026-04-30/603628_20260430_3P8W.pdf,data/raw/603628.SH/2025/annual_report.pdf,88,"合并报表自动派生: 负债合计 1,976,349,813.23 1,767,105,156.01 所有者权益（或股东权益）： 实收资本（或股本） 七、53 273,103,656.00 273,800,000.00 其他权益工具 七、54 18,442,527.59 0.00 其中：优先股 永续债 资本公积 七、55 379,718,338.45 382,972,398.37 减：库存 | 资产总计 3,299,465,356.29 流动负债： 短期借款 七、32 102,486,159.79 向中央银行借款 拆入资金 交易性金融负债 七、33 698,977.87 衍生金融负债 应付票据 七、35 417,996,125.97 应付账款 七、36 170,338,256.22 预收款项 合同负债 七、38 31,050,450.94 卖出回购金融资产",0.94
603659.SH,璞泰来,2025,Q_G_DEBT_ASSET_RATE,53,pending,https://www.sse.com.cn/disclosure/listedinfo/announcement/c/new/2026-03-06/603659_20260306_9A3C.pdf,data/raw/603659.SH/2025/annual_report.pdf,180,产负债率是指期末负债总额除以资产总额的比率。本 集团于 2025 年 12 月 31 日的资产负债率为 53%(2024 年 12 月 31 日：54%)，本集团管理层认 为其符合本公司资本管理的要求,0.9
603659.SH,璞泰来,2025,Q_G_DEBT_ASSET_RATE,52.9253691177,pending,https://www.sse.com.cn/disclosure/listedinfo/announcement/c/new/2026-03-06/603659_20260306_9A3C.pdf,data/raw/603659.SH/2025/annual_report.pdf,78,"合并报表自动派生: 负债合计 24,488,941,824.54 22,563,174,931.66 所有者权益（或股东权益）： 实收资本（或股本） 七、53 2,136,399,076.00 2,137,165,372.00 其他权益工具 其中：优先股 永续债 资本公积 七、55 7,889,181,974.41 7,871,397,613.99 减：库存股 七、56 600,004 | 资产总计 46,270,705,774.50 42,103,555,050.29 流动负债： 短期借款 七、32 4,135,833,480.46 3,632,497,921.20 向中央银行借款 拆入资金 交易性金融负债 衍生金融负债 七、34 1,639,520.00 应付票据 七、35 2,981,842,787.41 1,556,151,285.96 应付账",0.94
603689.SH,皖天然气,2025,Q_G_DEBT_ASSET_RATE,42.96,pending,https://www.sse.com.cn/disclosure/listedinfo/announcement/c/new/2026-04-10/603689_20260410_L4SG.pdf,data/raw/603689.SH/2025/annual_report.pdf,14,9 亿元，同比下降 4.80%；总资产 75.24 亿元， 负债总额 32.33 亿元， 资产负债率 42.96%； 归属于母公司所有者的权益为 37.10 亿元。 (一) 主营业务分析 1、 利润表及现,0.9
603689.SH,皖天然气,2025,Q_G_DEBT_ASSET_RATE,42.96,pending,https://www.sse.com.cn/disclosure/listedinfo/announcement/c/new/2026-04-10/603689_20260410_L4SG.pdf,data/raw/603689.SH/2025/annual_report.pdf,79,债总额 32.32 亿元，其中流动负 债 18.27 亿元，非流动负债 14.06 亿元，资产负债率 42.96%。 2、 资信情况： 2025 年 6 月 10 日， 上海新世纪资信评估投资服务有限公司,0.9
603689.SH,皖天然气,2025,Q_G_DEBT_ASSET_RATE,42.9609963432,pending,https://www.sse.com.cn/disclosure/listedinfo/announcement/c/new/2026-04-10/603689_20260410_L4SG.pdf,data/raw/603689.SH/2025/annual_report.pdf,85,"合并报表自动派生: 负债合计 3,232,598,641.32 3,554,030,506.19 所有者权益（或股东权益）： 实收资本（或股本） 七、53 526,028,575.00 490,479,944.00 其他权益工具 七、54 44,661,064.24 62,954,907.82 其中：优先股 永续债 资本公积 七、55 1,226,167,025.04 983,901, | 资产总计 7,524,496,442.07 流动负债： 短期借款 七、32 213,091,088.86 向中央银行借款 拆入资金 交易性金融负债 衍生金融负债 应付票据 应付账款 七、36 251,221,926.33 预收款项 4,800.00 合同负债 七、38 266,500,401.03 卖出回购金融资产款 吸收存款及同业存放 代理买卖证券款 代理承销证券",0.94
603693.SH,江苏新能,2025,Q_G_DEBT_ASSET_RATE,53.34,pending,https://www.sse.com.cn/disclosure/listedinfo/announcement/c/new/2026-04-25/603693_20260425_50IZ.pdf,data/raw/603693.SH/2025/annual_report.pdf,18,好，与各类金融机构有较好 的合作关系，具备较强的融资能力和资金成本优势。截至报告期末，公司资产负债率为 53.34%， 资本结构稳健，偿债能力较强。 报告期内，公司的核心竞争力未发生重大变化。 五、报告期内,0.9
603693.SH,江苏新能,2025,Q_G_DEBT_ASSET_RATE,53.3443793779,pending,https://www.sse.com.cn/disclosure/listedinfo/announcement/c/new/2026-04-25/603693_20260425_50IZ.pdf,data/raw/603693.SH/2025/annual_report.pdf,78,"合并报表自动派生: 负债合计 9,586,651,732.94 9,723,325,307.49 所有者权益（或股东权益）： 78 / 206  | 资产总计 17,971,249,913.76 17,623,746,044.27 流动负债： 短期借款 七、32 193,117,280.84 173,150,654.17 向中央银行借款 拆入资金 交易性金融负债 衍生金融负债 应付票据 应付账款 七、36 865,210,031.36 1,003,073,346.98 预收款项 合同负债 七、38 252,148",0.94
603727.SH,博迈科,2025,Q_G_DEBT_ASSET_RATE,40.66,pending,https://www.sse.com.cn/disclosure/listedinfo/announcement/c/new/2026-03-21/603727_20260321_7AOY.pdf,data/raw/603727.SH/2025/annual_report.pdf,62,"变动，期初资产总额为 543,153.97 万元，负债总额为 220,844.44 万元，资产负债率为 40.66%；期末资产总额为 452,900.88 万元，负债总额为 131,423.07 万元，资产",0.9
603727.SH,博迈科,2025,Q_G_DEBT_ASSET_RATE,29.02,pending,https://www.sse.com.cn/disclosure/listedinfo/announcement/c/new/2026-03-21/603727_20260321_7AOY.pdf,data/raw/603727.SH/2025/annual_report.pdf,62,"6%；期末资产总额为 452,900.88 万元，负债总额为 131,423.07 万元，资产负债率为 29.02%，整体资 产负债率下降 11.64 个百分点。 62 / 221",0.9
603727.SH,博迈科,2025,Q_G_DEBT_ASSET_RATE,29.0180648688,pending,https://www.sse.com.cn/disclosure/listedinfo/announcement/c/new/2026-03-21/603727_20260321_7AOY.pdf,data/raw/603727.SH/2025/annual_report.pdf,75,"合并报表自动派生: 负债合计 1,314,230,697.96 2,208,444,419.20 所有者权益（或股东权益）： 实收资本（或股本） 七、53 281,719,277.00 281,719,277.00 资本公积 七、55 2,136,526,485.78 2,136,526,485.78 减：库存股 七、56 47,204,881.33 47,204,881.33 其他综 | 资产总计 4,529,008,753.35 5,431,539,736.87 流动负债： 短期借款 七、32 100,000,000.00 598,099,825.00 应付票据 七、35 158,846,204.09 159,054,666.28 应付账款 七、36 857,019,222.75 1,308,844,414.77 合同负债 七、38 33,628,",0.94
603806.SH,福斯特,2025,Q_G_DEBT_ASSET_RATE,19.52,pending,https://www.sse.com.cn/disclosure/listedinfo/announcement/c/new/2026-04-09/603806_20260409_G9Z9.pdf,data/raw/603806.SH/2025/annual_report.pdf,25,截至 2025 年末， 公司 资产合计 206.19 亿元，负债合计 40.25 亿元，资产负债率仅 19.52%，远低于行业平均水平，偿债 能力优异； 货币资金储备充足， 经营活动现金流充沛， 2025,0.9
603806.SH,福斯特,2025,Q_G_DEBT_ASSET_RATE,19.52,pending,https://www.sse.com.cn/disclosure/listedinfo/announcement/c/new/2026-04-09/603806_20260409_G9Z9.pdf,data/raw/603806.SH/2025/annual_report.pdf,97,年度还债的现金安排 √适用 □不适用 截至 2025 年 12 月 31 日，公司合并报表资产负债率为 19.52%。 公司聘请了联合资信评估股份有限公司(以下简称“联合资信”)对本次发行的可转债(债券 简,0.9
603806.SH,福斯特,2025,Q_G_DEBT_ASSET_RATE,19.5197480423,pending,https://www.sse.com.cn/disclosure/listedinfo/announcement/c/new/2026-04-09/603806_20260409_G9Z9.pdf,data/raw/603806.SH/2025/annual_report.pdf,102,"合并报表自动派生: 负债合计 4,024,873,192.80 4,594,141,839.45 所有者权益（或股东权益）： 实收资本（或股本） 2,608,739,191.00 2,608,736,456.00 其他权益工具 473,854,356.61 520,780,967.62 其中：优先股 永续债 资本公积 2,131,185,191.99 2,154,645,271.55  | 资产总计 20,619,493,571.69 21,211,809,320.40 流动负债： 短期借款 66,478,399.95 向中央银行借款 拆入资金 交易性金融负债 衍生金融负债 应付票据 18,994,013.30 应付账款 659,480,547.85 925,268,505.83 预收款项 合同负债 75,113,345.63 51,369,280.6",0.94
603861.SH,白云电器,2025,Q_G_ROE,5.51,pending,https://www.sse.com.cn/disclosure/listedinfo/announcement/c/new/2026-04-25/603861_20260425_O9K5.pdf,data/raw/603861.SH/2025/annual_report.pdf,7,扣除非经常性损益后的基本 每股收益(元／股) 0.36 0.38 -5.26 0.20 加权平均净资产收益率(%) 5.51 6.62 减少1.11个百分点 3.86 扣除非经常性损益后的加权 平均净资产收益率(%,0.92
603861.SH,白云电器,2025,Q_G_ROE,5.51,pending,https://www.sse.com.cn/disclosure/listedinfo/announcement/c/new/2026-04-25/603861_20260425_O9K5.pdf,data/raw/603861.SH/2025/annual_report.pdf,8,"变动说明： 报告期内， 公司基本每股收益 0.40 元/股， 同比下降 11.11%,公司加权平均净资产收益率 5.51%, 同比减少 1.11 个百分点，主要原因是：公司可转换公司债券本期完成转股，使得发行在",0.92
603861.SH,白云电器,2025,Q_G_ROE,5.51,pending,https://www.sse.com.cn/disclosure/listedinfo/announcement/c/new/2026-04-25/603861_20260425_O9K5.pdf,data/raw/603861.SH/2025/annual_report.pdf,29,"变动说明： 报告期内， 公司基本每股收益 0.40 元/股， 同比下降 11.11%,公司加权平均净资产收益率 5.51%, 同比减少 1.11 个百分点，主要原因是：公司可转换公司债券本期完成转股，使得发行在",0.92
603861.SH,白云电器,2025,Q_G_ROE,1,pending,https://www.sse.com.cn/disclosure/listedinfo/announcement/c/new/2026-04-25/603861_20260425_O9K5.pdf,data/raw/603861.SH/2025/annual_report.pdf,29,数及加权平均净资产相应增加，且增幅高于归属于上市公司股东的净利润增幅，因此本 期每股收益及加权平均净资产收益率有所摊薄。 (一) 主营业务分析 1、 利润表及现金流量表相关科目变动分析表 单位：元币种：人民币 科目 本期数 上年同期数,0.92
603906.SH,龙蟠科技,2025,Q_G_DEBT_ASSET_RATE,74.94,pending,https://www.sse.com.cn/disclosure/listedinfo/announcement/c/new/2026-04-25/603906_20260425_SRVT.pdf,data/raw/603906.SH/2025/annual_report.pdf,130,"后) 为 1,605,518.70 万元， 负债总额为 1,203,221.33 万元， 资产负债率 74.94%。 本报告期期末资产总额为 1,867,184.68 万元， 负债总额为 1,489,45",0.9
603906.SH,龙蟠科技,2025,Q_G_DEBT_ASSET_RATE,79.77,pending,https://www.sse.com.cn/disclosure/listedinfo/announcement/c/new/2026-04-25/603906_20260425_SRVT.pdf,data/raw/603906.SH/2025/annual_report.pdf,130,"产总额为 1,867,184.68 万元， 负债总额为 1,489,459.48 万元， 资产负债率 79.77%。公司的总资产增加、净资产有所减少，资产负债率有所上升。 (三)现存的内部职工股情况 □适",0.9
603906.SH,龙蟠科技,2025,Q_G_DEBT_ASSET_RATE,79.7703353056,pending,https://www.sse.com.cn/disclosure/listedinfo/announcement/c/new/2026-04-25/603906_20260425_SRVT.pdf,data/raw/603906.SH/2025/annual_report.pdf,142,"合并报表自动派生: 负债合计 14,894,594,801.25 12,032,213,339.09 所有者权益（或股东权益）： 实收资本（或股本） 七、53 685,078,903.00 665,078,903.00 其他权益工具 其中：优先股 永续债 资本公积 七、55 2,684,654,226.80 2,851,995,011.04 减：库存股 七、56 50,271,636. | 资产总计 18,671,846,801.42 16,055,186,971.37 流动负债： 短期借款 七、32 4,091,462,974.11 3,985,751,169.10 向中央银行借款 拆入资金 交易性金融负债 七、33 1,405,760,000.00 衍生金融负债 七、34 84,610,236.90 878,319.80 应付票据 七、35 555",0.94
605090.SH,九丰能源,2025,Q_G_DEBT_ASSET_RATE,26.98,pending,https://www.sse.com.cn/disclosure/listedinfo/announcement/c/new/2026-04-24/605090_20260424_S5VO.pdf,data/raw/605090.SH/2025/annual_report.pdf,30,"日，公司总资产 1,594,210.89 万元， 负债总额 430,184.71 万元，资产负债率 26.98%；归属于上市公司股东的净资产1,126,114.45 万元。 (二) 驱动公司发展与业绩变",0.9
605090.SH,九丰能源,2025,Q_G_DEBT_ASSET_RATE,26.98,pending,https://www.sse.com.cn/disclosure/listedinfo/announcement/c/new/2026-04-24/605090_20260424_S5VO.pdf,data/raw/605090.SH/2025/annual_report.pdf,126,"89 万元，负债总额 430,184.71 万元，净资产 1,164,026.19 万元，资产负债率 26.98%，资产负债率较上年末降低 9.58 个百分点。 (三)现存的内部职工股情况 □适用 √不适",0.9
605090.SH,九丰能源,2025,Q_G_DEBT_ASSET_RATE,10.6560628274,pending,https://www.sse.com.cn/disclosure/listedinfo/announcement/c/new/2026-04-24/605090_20260424_S5VO.pdf,data/raw/605090.SH/2025/annual_report.pdf,144,"合并报表自动派生: 负债合计 所有者权益（或股东权益）： 实收资本（或股本） 其他权益工具 2025 年年度报告 附注 2025 年 12 月 31 日 2024 年 12 月 31 日 七、39 94,379,883.40 106,916,557.67 七、40 120,213,687.72 163,069,895.15 七、41 112,770,222.22 185,624,457 | 资产总计 流动负债： 短期借款 向中央银行借款 拆入资金 交易性金融负债 衍生金融负债 应付票据 应付账款 预收款项 合同负债 2025 年年度报告 附注 2025 年 12 月 31 日 2024 年 12 月 31 日 七、17 885,691,881.97 667,997,169.81 七、18 20,043,903.33 20,425,318.57 七、19",0.94
605117.SH,德业股份,2025,Q_S_DIVIDEND_PER_SHARE,1.8,pending,https://www.sse.com.cn/disclosure/listedinfo/announcement/c/new/2026-04-10/605117_20260410_RPXG.pdf,data/raw/605117.SH/2025/annual_report.pdf,54,"金转增股本预案 √适用 □不适用 单位：元 币种：人民币 每 10 股送红股数(股) 0 每 10 股派息数(元)(含税) 18 每 10 股转增数(股) 4 现金分红金额(含税) 2,740,498,399.56 合",0.94
605117.SH,德业股份,2025,Q_S_DIVIDEND_PER_SHARE,3.01,pending,https://www.sse.com.cn/disclosure/listedinfo/announcement/c/new/2026-04-10/605117_20260410_772B.pdf,data/raw/605117.SH/2025/esg_report.pdf,65,Members People 8 Shareholder Returns By Role Cash Dividend per Share (tax inclusive) RMB/share 3.01 Independent Directors People 3 Total Cash Di,0.95
605117.SH,德业股份,2025,Q_S_SAFETY_INVEST_RATE,0.12,pending,https://www.sse.com.cn/disclosure/listedinfo/announcement/c/new/2026-04-10/605117_20260410_772B.pdf,data/raw/605117.SH/2025/esg_report.pdf,60,"10.03RMB (10,000s) Investment in work safety Proportion of work safety investment to operating revenue 0.12% Safety Accident Management The Company has",0.94
605117.SH,德业股份,2025,Q_S_SAFETY_INVEST_RATE,0.12,pending,https://www.sse.com.cn/disclosure/listedinfo/announcement/c/new/2026-04-10/605117_20260410_772B.pdf,data/raw/605117.SH/2025/esg_report.pdf,67,") Drills 1,510.03 Number of employees by age Proportion of work safety investment to operating revenue % 0.12 30 years old and below People 3,010 Safety E",0.94
605162.SH,新中港,2025,Q_G_DEBT_ASSET_RATE,29.96,pending,https://www.sse.com.cn/disclosure/listedinfo/announcement/c/new/2026-04-25/605162_20260425_T7P9.pdf,data/raw/605162.SH/2025/annual_report.pdf,68,金安排 √适用 □不适用 报告期期初资产总额 18.85 亿元，负债总额 5.65 亿元，资产负债率 29.96%；本报告期期末资 产总额 18.45 亿元，负债总额 5.25 亿元，资产负债率 28.4,0.9
605162.SH,新中港,2025,Q_G_DEBT_ASSET_RATE,28.44,pending,https://www.sse.com.cn/disclosure/listedinfo/announcement/c/new/2026-04-25/605162_20260425_T7P9.pdf,data/raw/605162.SH/2025/annual_report.pdf,68,负债率 29.96%；本报告期期末资 产总额 18.45 亿元，负债总额 5.25 亿元，资产负债率 28.44%。 2025 年 6 月 27 日，中证鹏元资信评估股份有限公司出具了《浙江新中港热电股份,0.9
605162.SH,新中港,2025,Q_G_DEBT_ASSET_RATE,28.44,pending,https://www.sse.com.cn/disclosure/listedinfo/announcement/c/new/2026-04-25/605162_20260425_T7P9.pdf,data/raw/605162.SH/2025/annual_report.pdf,174,除以总资产)为基础对资本结构进行监控。 于 2025 年 12 月 31 日， 本公 司的资产负债率为 28.44%(2024 年 12 月 31 日：29.96%)。 2、 套期 (1). 公司开展套期业,0.9
605162.SH,新中港,2025,Q_G_DEBT_ASSET_RATE,28.442675783,pending,https://www.sse.com.cn/disclosure/listedinfo/announcement/c/new/2026-04-25/605162_20260425_T7P9.pdf,data/raw/605162.SH/2025/annual_report.pdf,74,"合并报表自动派生: 负债合计 524,862,646.60 564,752,701.93 所有者权益（或股东权益） ： 实收资本（或股本） 七、53 400,583,002.00 400,512,080.00 其他权益工具 七、54 39,034,425.74 39,122,070.60 其中：优先股 永续债 资本公积 七、55 355,145,226.83 354,521,021.9 | 资产总计 1,845,334,983.97 1,885,230,514.78 流动负债： 短期借款 七、32 20,017,263.89 20,020,319.45 向中央银行借款 拆入资金 交易性金融负债 衍生金融负债 应付票据 应付账款 七、36 17,047,396.19 86,605,419.82 预收款项 合同负债 七、38 2,641,143.48 3,",0.94
605222.SH,起帆电缆,2025,Q_G_DEBT_ASSET_RATE,66.6,pending,https://www.sse.com.cn/disclosure/listedinfo/announcement/c/new/2026-04-24/605222_20260424_D8VC.pdf,data/raw/605222.SH/2025/annual_report.pdf,82,适用 □不适用 公司本报告期期初资产总额 139.14 亿元，负债总额 92.68 亿元，资产负债率 66.60%。本报 告期期末资产总额 151.12 亿元， 负债总额 103.38 亿元， 资产负债率,0.9
605222.SH,起帆电缆,2025,Q_G_DEBT_ASSET_RATE,68.41,pending,https://www.sse.com.cn/disclosure/listedinfo/announcement/c/new/2026-04-24/605222_20260424_D8VC.pdf,data/raw/605222.SH/2025/annual_report.pdf,82,6.60%。本报 告期期末资产总额 151.12 亿元， 负债总额 103.38 亿元， 资产负债率 68.41%。 2025 年 6 月 20 日， 中诚信国际信用评级有限责任公司出具了《上海起帆电缆股,0.9
605222.SH,起帆电缆,2025,Q_G_DEBT_ASSET_RATE,68.4065115781,pending,https://www.sse.com.cn/disclosure/listedinfo/announcement/c/new/2026-04-24/605222_20260424_D8VC.pdf,data/raw/605222.SH/2025/annual_report.pdf,87,"合并报表自动派生: 负债合计 10,337,702,574.12 9,267,645,302.75 所有者权益（或股东权益）： 87 / 229  | 资产总计 15,112,161,599.29 13,914,370,073.55 流动负债： 短期借款 5,165,932,251.26 4,092,193,210.44 向中央银行借款- - 拆入资金- - 交易性金融负债- - 衍生金融负债- - 应付票据 835,373,587.59 744,365,532.21 应付账款 1,082,445,293.22 1",0.94
605378.SH,野马电池,2025,Q_G_DEBT_ASSET_RATE,15.41,pending,https://www.sse.com.cn/disclosure/listedinfo/announcement/c/new/2026-04-28/605378_20260428_TOCE.pdf,data/raw/605378.SH/2025/annual_report.pdf,171,总负债除以总资产)为基础对资本结构进行监控。于 2025 年 12 月 31 日，本公司的资产负债率为 15.41%(2024 年 12 月 31 日：21.00%)。 2、 套期 (1). 公司开展套期业,0.9
605378.SH,野马电池,2025,Q_G_DEBT_ASSET_RATE,15.4057579246,pending,https://www.sse.com.cn/disclosure/listedinfo/announcement/c/new/2026-04-28/605378_20260428_TOCE.pdf,data/raw/605378.SH/2025/annual_report.pdf,71,"合并报表自动派生: 负债合计 227,988,390.87 342,171,514.71 所有者权益（或股东权益）： 实收资本（或股本） 261,346,400.00 186,676,000.00 其他权益工具 其中：优先股 永续债 资本公积 566,600,435.30 641,270,835.30 减：库存股 其他综合收益 -2,096,668.57 专项储备 8,026,265. | 资产总计 1,479,890,778.41 流动负债： 短期借款 向中央银行借款 拆入资金 交易性金融负债 衍生金融负债 应付票据 应付账款 140,652,374.36 预收款项 合同负债 6,534,467.13 卖出回购金融资产款 吸收存款及同业存放 代理买卖证券款 代理承销证券款 应付职工薪酬 25,879,875.34 应交税费 7,300,997.71",0.94
688063.SH,派能科技,2025,Q_G_DEBT_ASSET_RATE,70,pending,https://www.sse.com.cn/disclosure/listedinfo/announcement/c/new/2026-04-01/688063_20260401_F453.pdf,data/raw/688063.SH/2025/annual_report.pdf,80,审计报告为非无保留意见或带与持续经营相关的重大不确定性段落 的无保留意见； (2)公司期末资产负债率高于 70%； (3)公司当年度经营性现金流量净额或者现金流量净额为负数； (4)法律、行政法规及本章,0.9
688063.SH,派能科技,2025,Q_G_DEBT_ASSET_RATE,30.3255978788,pending,https://www.sse.com.cn/disclosure/listedinfo/announcement/c/new/2026-04-01/688063_20260401_F453.pdf,data/raw/688063.SH/2025/annual_report.pdf,153,"合并报表自动派生: 负债合计 4,015,394,617.02 2,464,107,261.95 所有者权益（或股东权益）： 实收资本（或股本） 七、53 245,359,249.00 245,359,249.00 其他权益工具 七、54 其中：优先股 永续债 资本公积 七、55 7,505,636,708.69 7,472,517,191.00 减：库存股 七、56 319,990, | 资产总计 13,240,941,309.92 流动负债： 短期借款 七、32 170,030,721.07 向中央银行借款 拆入资金 交易性金融负债 七、33 衍生金融负债 七、34 应付票据 七、35 819,493,092.58 应付账款 七、36 1,653,168,110.34 预收款项 七、37 合同负债 七、38 100,410,286.79 卖出回购金",0.94
688116.SH,天奈科技,2025,Q_G_DEBT_ASSET_RATE,42.33,pending,https://www.sse.com.cn/disclosure/listedinfo/announcement/c/new/2026-04-30/688116_20260430_6L1G.pdf,data/raw/688116.SH/2025/annual_report.pdf,123,"初公司资产总额为 513,873.91 万元， 负债总额为 217,534.54 万元， 资产负债率为 42.33%； 报告期末公司资产总额为 572,923.91 万元，负债总额为 192,480.20",0.9
688116.SH,天奈科技,2025,Q_G_DEBT_ASSET_RATE,33.6,pending,https://www.sse.com.cn/disclosure/listedinfo/announcement/c/new/2026-04-30/688116_20260430_6L1G.pdf,data/raw/688116.SH/2025/annual_report.pdf,123,"告期末公司资产总额为 572,923.91 万元，负债总额为 192,480.20 万元，资产负债率为 33.60%； 三、股东和实际控制人情况 (一) 股东总数 截至报告期末普通股股东总数(户) 27,9",0.9
688116.SH,天奈科技,2025,Q_G_DEBT_ASSET_RATE,33.5961190587,pending,https://www.sse.com.cn/disclosure/listedinfo/announcement/c/new/2026-04-30/688116_20260430_6L1G.pdf,data/raw/688116.SH/2025/annual_report.pdf,140,"合并报表自动派生: 负债合计 1,924,801,986.92 2,175,345,370.36 所有者权益（或股东权益）： 实收资本（或股本） 七、53 366,532,021.00 344,741,485.00 其他权益工具 七、54 78,768,036.95 78,768,726.03 其中：优先股 永续债 资本公积 七、55 1,921,661,798.38 1,150,42 | 资产总计 5,729,239,093.24 5,138,739,093.86 流动负债： 短期借款 七、32 112,035,284.44 170,042,350.00 向中央银行借款 拆入资金 交易性金融负债 衍生金融负债 应付票据 七、35 55,881,201.81 应付账款 七、36 394,880,138.23 597,301,818.70 预收款项 合同",0.94
688148.SH,芳源股份,2025,Q_G_DEBT_ASSET_RATE,83.77,pending,https://www.sse.com.cn/disclosure/listedinfo/announcement/c/new/2026-04-17/688148_20260417_54DK.pdf,data/raw/688148.SH/2025/annual_report.pdf,32,"资产可能会发生减值，从而对公司的经营业绩产生不利影响。 4、流动性风险 截至报告期末，公司资产负债率为 83.77%，处于较高水平；货币资金余额为 15,418.55 万元， 面临一定的资金压力。公司处于发",0.9
688148.SH,芳源股份,2025,Q_G_DEBT_ASSET_RATE,70,pending,https://www.sse.com.cn/disclosure/listedinfo/announcement/c/new/2026-04-17/688148_20260417_54DK.pdf,data/raw/688148.SH/2025/annual_report.pdf,60,。当公司最近一年审计报告为 非无保留意见或带与持续经营相关的重大不确定性段落的无保留意见、资产负债率高于 70%或经 营性现金流净额为负的，可以不进行利润分配。 2、现金分红政策的执行情况 公司于 20,0.9
688148.SH,芳源股份,2025,Q_G_DEBT_ASSET_RATE,83.77,pending,https://www.sse.com.cn/disclosure/listedinfo/announcement/c/new/2026-04-17/688148_20260417_54DK.pdf,data/raw/688148.SH/2025/annual_report.pdf,98,"期末，公司资产总额为 304,254.86 万元，负债总额为 254,888.50 万元，资产负债率 为 83.77%。 信用评级机构中证鹏元资信评估股份有限公司(以下简称“中证鹏元”)在对公司经营状况 及相",0.9
688148.SH,芳源股份,2025,Q_G_DEBT_ASSET_RATE,83.7746663723,pending,https://www.sse.com.cn/disclosure/listedinfo/announcement/c/new/2026-04-17/688148_20260417_54DK.pdf,data/raw/688148.SH/2025/annual_report.pdf,106,"合并报表自动派生: 负债合计 2,548,884,952.31 2,522,927,755.69 所有者权益（或股东权益）： 实收资本（或股本） 七、53 510,173,053.00 510,173,053.00 其他权益工具 七、54 164,118,379.40 164,156,941.56 其中：优先股 永续债 资本公积 七、55 801,230,327.29 790,697, | 资产总计 3,042,548,616.05 3,089,612,268.03 流动负债： 短期借款 七、32 751,163,411.87 572,444,378.16 向中央银行借款 拆入资金 交易性金融负债 衍生金融负债 应付票据 七、35 32,500,000.00 163,578,767.52 应付账款 七、36 557,007,098.68 371,475",0.94
688223.SH,晶科能源,2025,Q_G_DEBT_ASSET_RATE,77.2,pending,https://www.sse.com.cn/disclosure/listedinfo/announcement/c/new/2026-04-30/688223_20260430_ECZS.pdf,data/raw/688223.SH/2025/annual_report.pdf,121,",962,654,800.03 元， 负债总额为 91,065,710,238.46 元，资产负债率为 77.20%。 三、股东和实际控制人情况 (一) 股东总数 截至报告期末普通股股东总数(户) 77,7",0.9
688223.SH,晶科能源,2025,Q_G_DEBT_ASSET_RATE,77.1987629414,pending,https://www.sse.com.cn/disclosure/listedinfo/announcement/c/new/2026-04-30/688223_20260430_ECZS.pdf,data/raw/688223.SH/2025/annual_report.pdf,136,"合并报表自动派生: 负债合计 91,065,710,238.46 87,188,831,757.13 所有者权益（或股东权益）： 136 / 289  | 资产总计 117,962,654,800.03 121,109,877,893.38 流动负债： 短期借款 七、32 1,465,619,200.35 2,757,949,832.17 向中央银行借款 拆入资金 交易性金融负债 七、33 570,462,751.37 601,901,053.60 衍生金融负债 七、34 56,128,746.61 20,789,13",0.94
688226.SH,威腾电气,2025,Q_G_DEBT_ASSET_RATE,64.58,pending,https://www.sse.com.cn/disclosure/listedinfo/announcement/c/new/2026-04-29/688226_20260429_85XN.pdf,data/raw/688226.SH/2025/annual_report.pdf,191,"报告期初，资产总额为 490,672.35 万元，负债总额为 316,857.20 万元，资产负债率为 64.58%； 本报告期末，资产总额为 534,830.67 万元，负债总额为 350,439.89",0.9
688226.SH,威腾电气,2025,Q_G_DEBT_ASSET_RATE,65.52,pending,https://www.sse.com.cn/disclosure/listedinfo/announcement/c/new/2026-04-29/688226_20260429_85XN.pdf,data/raw/688226.SH/2025/annual_report.pdf,191,"报告期末，资产总额为 534,830.67 万元，负债总额为 350,439.89 万元，资产负债率为 65.52%。 三、股东和实际控制人情况 (一) 股东总数 截至报告期末普通股股东总数(户) 7,79",0.9
688226.SH,威腾电气,2025,Q_G_DEBT_ASSET_RATE,65.5235218706,pending,https://www.sse.com.cn/disclosure/listedinfo/announcement/c/new/2026-04-29/688226_20260429_85XN.pdf,data/raw/688226.SH/2025/annual_report.pdf,200,"合并报表自动派生: 负债合计 3,504,398,883.39 3,168,572,007.86 所有者权益（或股东权益）： 实收资本（或股本） 七、53 188,775,520.00 186,506,480.00 其他权益工具 其中：优先股 永续债 资本公积 七、55 1,000,512,432.70 984,329,123.68 减：库存股 其他综合收益 七、57 24,784,5 | 资产总计 5,348,306,658.96 4,906,723,508.05 199 / 356",0.94
688275.SH,万润新能,2025,Q_G_DEBT_ASSET_RATE,68.39,pending,https://www.sse.com.cn/disclosure/listedinfo/announcement/c/new/2026-04-25/688275_20260425_M1WW.pdf,data/raw/688275.SH/2025/annual_report.pdf,132,"司资产总额为 1,767,622.17 万元，负债总额为 1,208,865.41 万元，资产负债率 68.39%；本报告期期末，公司资产总额为 1,917,364.57 万元，负债总额为 1,410,4",0.9
688275.SH,万润新能,2025,Q_G_DEBT_ASSET_RATE,73.56,pending,https://www.sse.com.cn/disclosure/listedinfo/announcement/c/new/2026-04-25/688275_20260425_M1WW.pdf,data/raw/688275.SH/2025/annual_report.pdf,132,"司资产总额为 1,917,364.57 万元，负债总额为 1,410,453.40 万元，资产负债率 73.56%。 132 / 279",0.9
688275.SH,万润新能,2025,Q_G_DEBT_ASSET_RATE,73.56,pending,https://www.sse.com.cn/disclosure/listedinfo/announcement/c/new/2026-04-25/688275_20260425_M1WW.pdf,data/raw/688275.SH/2025/annual_report.pdf,257,债务。 本公司以资产负债率(即总负债除以总资产)为基础对资本结构进行监控。期末，本公司的 资产负债率为 73.56%(上年年末：68.39%)。 2、 套期 (1). 公司开展套期业务进行风险管理 √适用,0.9
688275.SH,万润新能,2025,Q_G_DEBT_ASSET_RATE,73.5620872658,pending,https://www.sse.com.cn/disclosure/listedinfo/announcement/c/new/2026-04-25/688275_20260425_M1WW.pdf,data/raw/688275.SH/2025/annual_report.pdf,144,"合并报表自动派生: 负债合计 14,104,533,968.20 12,088,654,080.57 所有者权益（或股东权益）： 实收资本（或股本） 七、53 126,118,463.00 126,118,463.00 其他权益工具 七、54 其中：优先股 永续债 资本公积 七、55 7,261,304,154.75 7,262,512,396.84 减：库存股 七、56 119,67 | 资产总计 19,173,645,681.41 17,676,221,687.15 流动负债： 短期借款 七、32 5,809,748,351.45 3,471,469,412.19 143 / 279",0.94
688303.SH,大全能源,2025,Q_G_DEBT_ASSET_RATE,8.62,pending,https://www.sse.com.cn/disclosure/listedinfo/announcement/c/new/2026-04-21/688303_20260421_0NTF.pdf,data/raw/688303.SH/2025/annual_report.pdf,17,7.2 亿元、 银行承兑汇票 9.5 亿元， 合计资金储备合计约 132.3 亿元。 公司资产负债率保持在 8.62%的极低水 平，且无任何有息负债，这一稳健的财务结构，为公司抵御行业长期寒冬和未来战略布局储,0.9
688303.SH,大全能源,2025,Q_G_DEBT_ASSET_RATE,8.62094805068,pending,https://www.sse.com.cn/disclosure/listedinfo/announcement/c/new/2026-04-21/688303_20260421_0NTF.pdf,data/raw/688303.SH/2025/annual_report.pdf,118,"合并报表自动派生: 负债合计 3,681,498,277.08 4,042,508,028.88 所有者权益（或股东权益）： 118 / 225  | 资产总计 42,704,100,006.61 44,200,249,316.20 流动负债： 短期借款 向中央银行借款 拆入资金 交易性金融负债 衍生金融负债 应付票据 七、35 723,000,000.00 49,796,036.08 应付账款 七、36 186,849,810.25 192,103,872.00 预收款项 合同负债 七、38 344,404,40",0.94
688345.SH,博力威,2025,Q_G_DEBT_ASSET_RATE,60.85,pending,https://www.sse.com.cn/disclosure/listedinfo/announcement/c/new/2026-03-10/688345_20260310_E38H.pdf,data/raw/688345.SH/2025/annual_report.pdf,98,"期初，公司资产总额为 269,227.22 万元，负债总额为 163,832.18 万元，资产负债率为 60.85%。报告期末，公司资产总额为 290,242.35 万元，负债总额为 177,561.13",0.9
688345.SH,博力威,2025,Q_G_DEBT_ASSET_RATE,61.18,pending,https://www.sse.com.cn/disclosure/listedinfo/announcement/c/new/2026-03-10/688345_20260310_E38H.pdf,data/raw/688345.SH/2025/annual_report.pdf,98,"告期末，公司资产总额为 290,242.35 万元，负债总额为 177,561.13 元，资产负债率为 61.18%。 三、股东和实际控制人情况 (一) 股东总数 截至报告期末普通股股东总数(户) 6,31",0.9
688345.SH,博力威,2025,Q_G_DEBT_ASSET_RATE,61.1768519015,pending,https://www.sse.com.cn/disclosure/listedinfo/announcement/c/new/2026-03-10/688345_20260310_E38H.pdf,data/raw/688345.SH/2025/annual_report.pdf,109,"合并报表自动派生: 负债合计 1,775,611,298.95 1,638,321,777.60 所有者权益（或股东权益）： 实收资本（或股本） 七、53 101,149,500.00 100,000,000.00 其他权益工具 其中：优先股 永续债 资本公积 七、55 757,767,764.34 737,646,337.93 减：库存股 七、56 17,599,744.69 6,0 | 资产总计 2,902,423,455.54 2,692,272,188.53 流动负债： 108 / 231",0.94
688353.SH,华盛锂电,2025,Q_G_DEBT_ASSET_RATE,16.87,pending,https://www.sse.com.cn/disclosure/listedinfo/announcement/c/new/2026-05-28/688353_20260528_7HPP.pdf,data/raw/688353.SH/2025/annual_report.pdf,137,"， 公司资产总额为 429,008.58 万元， 负债总额为 72,358.93 万元， 资产负债率为 16.87%； 报告期末，公司资产总额为 438,075.46 万元，负债总额为 85,611.85",0.9
688353.SH,华盛锂电,2025,Q_G_DEBT_ASSET_RATE,19.54,pending,https://www.sse.com.cn/disclosure/listedinfo/announcement/c/new/2026-05-28/688353_20260528_7HPP.pdf,data/raw/688353.SH/2025/annual_report.pdf,137,"告期末，公司资产总额为 438,075.46 万元，负债总额为 85,611.85 万元，资产负债率为 19.54%。 三、股东和实际控制人情况 (一) 股东总数 截至报告期末普通股股东总数(户) 20,8",0.9
688353.SH,华盛锂电,2025,Q_G_DEBT_ASSET_RATE,19.5427169693,pending,https://www.sse.com.cn/disclosure/listedinfo/announcement/c/new/2026-05-28/688353_20260528_7HPP.pdf,data/raw/688353.SH/2025/annual_report.pdf,151,"合并报表自动派生: 负债合计 856,118,477.14 所有者权益（或股东权益）： 实收资本（或股本） 七、53 159,500,000.00 其他权益工具 其中：优先股 永续债 151 / 305 186,342,213.85 265,695,457.80 204,873.75 21,884,747.97 4,028,334.94 203,812.35 6,306,794.95  | 资产总计 4,380,754,623.24 流动负债： 短期借款 向中央银行借款 拆入资金 交易性金融负债 衍生金融负债 150 / 305 87,070,764.92 45,212,724.15 2,202,492,578.67 100,775,983.61 5,000,000.00 1,260,871,549.42 438,627,965.62 656,999.",0.94
688388.SH,嘉元科技,2025,Q_G_DEBT_ASSET_RATE,70,pending,https://www.sse.com.cn/disclosure/listedinfo/announcement/c/new/2026-04-21/688388_20260421_LIPN.pdf,data/raw/688388.SH/2025/annual_report.pdf,85,一年审计报告为非无保留意见或带与持续经营相关的重大不确定性段落的无保 留意见； (2)公司资产负债率高于 70%； (3)分红年度经营性现金流量净额或者现金流量净额为负数； (4)公司当年未实现盈利或累,0.9
688388.SH,嘉元科技,2025,Q_G_DEBT_ASSET_RATE,45.98,pending,https://www.sse.com.cn/disclosure/listedinfo/announcement/c/new/2026-04-21/688388_20260421_LIPN.pdf,data/raw/688388.SH/2025/annual_report.pdf,134,"初公司资产总额为 1,304,474.41 万元，负债总额为 599,808.70 万元，资产负债率 45.98%；报告期末公司资产总额为 1,473,013.04 万元，负债总额为 764,802.95",0.9
688388.SH,嘉元科技,2025,Q_G_DEBT_ASSET_RATE,51.92,pending,https://www.sse.com.cn/disclosure/listedinfo/announcement/c/new/2026-04-21/688388_20260421_LIPN.pdf,data/raw/688388.SH/2025/annual_report.pdf,142,"司资产总额为 1,473,013.04 万元， 负债总额为 764,802.95 万 元，资产负债率 51.92%。 广州普策信用评价有限公司有限公司于 2025 年 6 月 28 日出具了《广东嘉元科技",0.9
688388.SH,嘉元科技,2025,Q_G_DEBT_ASSET_RATE,51.920989731,pending,https://www.sse.com.cn/disclosure/listedinfo/announcement/c/new/2026-04-21/688388_20260421_LIPN.pdf,data/raw/688388.SH/2025/annual_report.pdf,154,"合并报表自动派生: 负债合计 7,648,029,495.63 5,998,086,967.12 所有者权益（或股东权益）： 实收资本（或股本） 七、53 426,254,136.00 426,238,280.00 其他权益工具 七、54 181,829,945.44 181,929,433.08 其中：优先股 永续债 资本公积 七、55 5,125,003,465.99 5,108, | 资产总计 14,730,130,406.33 流动负债： 短期借款 七、32 1,209,682,839.28 向中央银行借款 拆入资金 交易性金融负债 152 / 343 111,259,262.67 174,683,699.48 5,411,859,510.02 590,122,927.17 6,859,181.02 393,939,163.11 17,810,",0.94
688392.SH,骄成超声,2025,Q_G_DEBT_ASSET_RATE,24.16,pending,https://www.sse.com.cn/disclosure/listedinfo/announcement/c/new/2026-03-31/688392_20260331_TAYM.pdf,data/raw/688392.SH/2025/annual_report.pdf,93,"告期末，公司总资产为 237,325.85 万元，总负债为 57,329.96 万元，公司资产负债率为 24.16%， 较上年末上升了 3.74 个百分点。 三、股东和实际控制人情况 (一)股东总数 截至报",0.9
688392.SH,骄成超声,2025,Q_G_DEBT_ASSET_RATE,24.1566457963,pending,https://www.sse.com.cn/disclosure/listedinfo/announcement/c/new/2026-03-31/688392_20260331_TAYM.pdf,data/raw/688392.SH/2025/annual_report.pdf,106,"合并报表自动派生: 负债合计 573,299,643.05 433,864,205.39 所有者权益（或股东权益）： 实收资本（或股本） 七、53 115,733,360.00 114,800,000.00 其他权益工具 其中：优先股 永续债 资本公积 七、55 1,544,026,912.12 1,490,232,472.96 减：库存股 七、56 134,014,178.21 13 | 资产总计 2,373,258,472.57 流动负债： 短期借款 七、32 191,270,322.18 向中央银行借款 拆入资金 交易性金融负债 衍生金融负债 应付票据 七、35 54,775,302.10 应付账款 七、36 146,058,170.80 预收款项 合同负债 七、38 70,432,789.17 卖出回购金融资产款 吸收存款及同业存放 代理买卖证",0.94
688472.SH,阿特斯,2025,Q_G_DEBT_ASSET_RATE,63.65,pending,https://www.sse.com.cn/disclosure/listedinfo/announcement/c/new/2026-04-28/688472_20260428_28E3.pdf,data/raw/688472.SH/2025/annual_report.pdf,166,"4,378,089,598.43 元，负债总额为 40,977,766,216.68 元，资产负债率为 63.65% 三、股东和实际控制人情况 (一) 股东总数 截至报告期末普通股股东总数(户) 67,00",0.9
688472.SH,阿特斯,2025,Q_G_DEBT_ASSET_RATE,63.6517275866,pending,https://www.sse.com.cn/disclosure/listedinfo/announcement/c/new/2026-04-28/688472_20260428_28E3.pdf,data/raw/688472.SH/2025/annual_report.pdf,182,"合并报表自动派生: 负债合计 40,977,766,216.68 42,481,965,602.34 所有者权益（或股东权益）： 实收资本（或股本） 七、53 3,643,140,112.00 3,688,217,324.00 资本公积 七、55 7,452,746,094.01 7,851,247,693.96 减：库存股 477,840,770.93 566,350,601.81  | 资产总计 64,378,089,598.43 65,358,725,774.94 流动负债： 短期借款 七、32 6,399,613,611.63 7,963,341,808.45 衍生金融负债 七、34 42,400,244.47 98,752,064.87 应付票据 七、35 6,603,903,276.77 4,582,688,810.15 应付账款 七、36",0.94
688499.SH,利元亨,2025,Q_G_DEBT_ASSET_RATE,72.68,pending,https://www.sse.com.cn/disclosure/listedinfo/announcement/c/new/2026-04-16/688499_20260416_D8ZN.pdf,data/raw/688499.SH/2025/annual_report.pdf,60,项 目验收周期拉长，导致部分产品成本高于预期，部分订单出现亏损，存在存货跌价的风险。 3、资产负债率较高导致的偿债风险 报告期末，公司合并报表资产负债率为 72.68%，相较期初减少 1.52%，但仍处于较高水平。 公司项目规模较大和项目执行周期相对较长，从,0.9
688499.SH,利元亨,2025,Q_G_DEBT_ASSET_RATE,72.6818657922,pending,https://www.sse.com.cn/disclosure/listedinfo/announcement/c/new/2026-04-16/688499_20260416_D8ZN.pdf,data/raw/688499.SH/2025/annual_report.pdf,156,"合并报表自动派生: 负债合计 6,145,461,473.67 6,524,954,750.11 所有者权益（或股东权益）： 实收资本（或股本） 七、53 168,728,510.00 168,728,510.00 其他权益工具 其中：优先股 永续债 资本公积 七、55 2,645,435,448.11 2,615,470,912.43 减：库存股 七、56 38,591,844.01 | 资产总计 8,455,288,546.44 8,793,513,269.67 流动负债： 短期借款 七、32 616,632,154.75 728,382,320.85 向中央银行借款 拆入资金 交易性金融负债 衍生金融负债 155 / 299",0.94
688499.SH,利元亨,2025,Q_G_ROE,2.26,pending,https://www.sse.com.cn/disclosure/listedinfo/announcement/c/new/2026-04-16/688499_20260416_D8ZN.pdf,data/raw/688499.SH/2025/annual_report.pdf,7,0 扣除非经常性损益后的基本每股 收益(元／股) 0.21 -8.10 不适用-1.76 加权平均净资产收益率(%) 2.26 -51.89 增加54.15个 百分点-7.49 净资产收益率(%) 扣除非经常性损益后,0.92
688499.SH,利元亨,2025,Q_G_ROE,2.26,pending,https://www.sse.com.cn/disclosure/listedinfo/announcement/c/new/2026-04-16/688499_20260416_D8ZN.pdf,data/raw/688499.SH/2025/annual_report.pdf,8,8.12 元，扣除非经常性损益后的基本每股收益为 0.21 元，上年同期为-8.10 元，加权平均净资产收益率为 2.26%，较上年增加 54.15 个百分点，扣 除非经常性损益后的加权平均净资产收益率为 1.5,0.92
688499.SH,利元亨,2025,Q_G_ROE,1.54,pending,https://www.sse.com.cn/disclosure/listedinfo/announcement/c/new/2026-04-16/688499_20260416_D8ZN.pdf,data/raw/688499.SH/2025/annual_report.pdf,8,权平均净资产收益率为 2.26%，较上年增加 54.15 个百分点，扣 除非经常性损益后的加权平均净资产收益率为 1.54%，较上年增加 53.32 个百分点，变动的主要 原因是： (1)新能源行业景气度提升，公,0.92
688503.SH,聚和材料,2025,Q_G_DEBT_ASSET_RATE,41.8,pending,https://www.sse.com.cn/disclosure/listedinfo/announcement/c/new/2026-03-31/688503_20260331_5PHS.pdf,data/raw/688503.SH/2025/annual_report.pdf,113,"期初，公司资产总额为 797,600.70 万元，负债总额为 333,370.10 万元，资产负债率为 41.8%； 报告期末， 公司资产总额为 1,197,836.83 万元， 负债总额为 697,83",0.9
688503.SH,聚和材料,2025,Q_G_DEBT_ASSET_RATE,58.2575929706,pending,https://www.sse.com.cn/disclosure/listedinfo/announcement/c/new/2026-03-31/688503_20260331_5PHS.pdf,data/raw/688503.SH/2025/annual_report.pdf,124,"合并报表自动派生: 负债合计 6,978,309,067.95 3,333,701,000.79 所有者权益（或股东权益）： 实收资本（或股本） 七、53 242,033,643.00 242,033,643.00 其他权益工具 其中：优先股 永续债 资本公积 七、55 3,409,938,940.28 3,452,080,139.30 减：库存股 七、56 444,562,142.9 | 资产总计 11,978,368,332.99 流动负债： 短期借款 七、32 5,776,149,718.43 向中央银行借款 拆入资金 交易性金融负债 七、33 445,626,844.74 衍生金融负债 应付票据 七、35 475,027,714.54 应付账款 七、36 59,693,663.50 预收款项 合同负债 七、38 11,889,893.27 卖出",0.94
688517.SH,金冠电气,2025,Q_G_DEBT_ASSET_RATE,39.42,pending,https://www.sse.com.cn/disclosure/listedinfo/announcement/c/new/2026-04-24/688517_20260424_3XLR.pdf,data/raw/688517.SH/2025/annual_report.pdf,243,债务。 本公司以资产负债率(即总负债除以总资产)为基础对资本结构进行监控。期末，本公司的 资产负债率为 39.42%(上年年末：36.40%)。 2、 套期 (1). 公司开展套期业务进行风险管理 □适用,0.9
688517.SH,金冠电气,2025,Q_G_DEBT_ASSET_RATE,39.4193457125,pending,https://www.sse.com.cn/disclosure/listedinfo/announcement/c/new/2026-04-24/688517_20260424_3XLR.pdf,data/raw/688517.SH/2025/annual_report.pdf,130,"合并报表自动派生: 负债合计 533,145,657.78 466,276,195.95 130 / 267  | 资产总计 1,352,497,480.98 1,281,150,128.63 流动负债： 短期借款 七、32 11,000,000.00 11,000,000.00 向中央银行借款 拆入资金 交易性金融负债 衍生金融负债 应付票据 七、35 140,507,492.10 121,539,062.26 应付账款 七、36 289,810,943.04 275,815,",0.94
688551.SH,科威尔,2025,Q_G_DEBT_ASSET_RATE,24.01,pending,https://www.sse.com.cn/disclosure/listedinfo/announcement/c/new/2026-04-24/688551_20260424_I9OO.pdf,data/raw/688551.SH/2025/annual_report.pdf,96,"告 报告期初资产总额为 171,153.74 万元，负债总额为 41,096.25 万元，资产负债率为 24.01%；报 告期末资产总额为 167,475.69 万元，负债总额为 35,676.59 万元，",0.9
688551.SH,科威尔,2025,Q_G_DEBT_ASSET_RATE,21.3,pending,https://www.sse.com.cn/disclosure/listedinfo/announcement/c/new/2026-04-24/688551_20260424_I9OO.pdf,data/raw/688551.SH/2025/annual_report.pdf,96,"；报 告期末资产总额为 167,475.69 万元，负债总额为 35,676.59 万元，资产负债率为 21.30%。 三、股东和实际控制人情况 (一) 股东总数 截至报告期末普通股股东总数(户) 5,61",0.9
688551.SH,科威尔,2025,Q_G_DEBT_ASSET_RATE,21.3025478621,pending,https://www.sse.com.cn/disclosure/listedinfo/announcement/c/new/2026-04-24/688551_20260424_I9OO.pdf,data/raw/688551.SH/2025/annual_report.pdf,106,"合并报表自动派生: 负债合计 356,765,898.61 410,962,496.71 所有者权益（或股东权益）： 实收资本（或股本） 七、53 84,070,709.00 84,023,969.00 其他权益工具 其中：优先股 永续债 资本公积 七、55 964,590,571.47 962,118,191.12 减：库存股 七、56 29,155,288.87 11,818,05 | 资产总计 1,674,756,939.50 1,711,537,350.58 流动负债： 短期借款 七、32 - 30,020,342.47 向中央银行借款 拆入资金 交易性金融负债 衍生金融负债 应付票据 七、35 120,674,744.72 115,396,602.85 应付账款 七、36 88,877,425.84 114,698,553.77 预收款项 合",0.94
688556.SH,高测股份,2025,Q_G_DEBT_ASSET_RATE,52.53,pending,https://www.sse.com.cn/disclosure/listedinfo/announcement/c/new/2026-03-31/688556_20260331_S27I.pdf,data/raw/688556.SH/2025/annual_report.pdf,100,"7,751,986,184.06 元，负债总额为 4,071,743,247.93 元，资产负债率为 52.53%。 报告期末，公司资产总额为 7,589,466,867.58 元，负债总额为 3,646",0.9
688556.SH,高测股份,2025,Q_G_DEBT_ASSET_RATE,48.05,pending,https://www.sse.com.cn/disclosure/listedinfo/announcement/c/new/2026-03-31/688556_20260331_S27I.pdf,data/raw/688556.SH/2025/annual_report.pdf,100,"7,589,466,867.58 元，负债总额为 3,646,903,197.01 元，资产负债率为 48.05%。 三、股东和实际控制人情况 (一) 股东总数 截至报告期末普通股股东总数(户) 20,6",0.9
688556.SH,高测股份,2025,Q_G_DEBT_ASSET_RATE,48.0521657271,pending,https://www.sse.com.cn/disclosure/listedinfo/announcement/c/new/2026-03-31/688556_20260331_S27I.pdf,data/raw/688556.SH/2025/annual_report.pdf,115,"合并报表自动派生: 负债合计 3,646,903,197.01 4,071,743,247.93 所有者权益（或股东权益）： 115 / 237  | 资产总计 7,589,466,867.58 7,751,986,184.06 流动负债： 短期借款 七、32 59,194,529.91 155,992,308.99 向中央银行借款 拆入资金 交易性金融负债 衍生金融负债 应付票据 七、35 742,053,249.54 495,492,921.10 应付账款 七、36 485,815,027.98 918,373",0.94
688567.SH,孚能科技,2025,Q_G_DEBT_ASSET_RATE,59.37,pending,https://www.sse.com.cn/disclosure/listedinfo/announcement/c/new/2026-04-30/688567_20260430_T7JY.pdf,data/raw/688567.SH/2025/annual_report.pdf,26,"的 净利润-74,616.67 万元。期末公司资产总额为 2,280,245.85 万元，资产负债率 59.37%。报告期内 的公司主要经营情况详见本报告“第三节 管理层讨论与分析/二、经营情况讨论与分析",0.9
688567.SH,孚能科技,2025,Q_G_DEBT_ASSET_RATE,59.3688131359,pending,https://www.sse.com.cn/disclosure/listedinfo/announcement/c/new/2026-04-30/688567_20260430_T7JY.pdf,data/raw/688567.SH/2025/annual_report.pdf,113,"合并报表自动派生: 负债合计 13,537,548,989.79 16,715,575,148.16 所有者权益（或股东权益）： 实收资本（或股本） 七、53 1,222,103,885.00 1,222,103,885.00 资本公积 七、55 12,929,229,049.76 12,929,229,049.76 其他综合收益 七、57 129,699,298.12 30,240, | 资产总计 22,802,458,521.10 26,627,192,608.24 流动负债： 短期借款 七、32 2,184,845,413.13 1,860,885,049.13 应付票据 七、35 2,456,021,381.90 3,649,362,065.62 应付账款 七、36 838,213,822.35 2,052,882,202.14 合同负债 七、",0.94
688597.SH,煜邦电力,2025,Q_G_DEBT_ASSET_RATE,55.47,pending,https://www.sse.com.cn/disclosure/listedinfo/announcement/c/new/2026-04-25/688597_20260425_PCYB.pdf,data/raw/688597.SH/2025/annual_report.pdf,178,司的负债情况、资信变化情况及在未来年度还债的现金安排 √适用 □不适用 截至报告期末，公司资产负债率为 55.47%，较上年末 52.60%上升 2.87 个百分点。 根据中国证券监督管理委员会《上市公司证,0.9
688597.SH,煜邦电力,2025,Q_G_DEBT_ASSET_RATE,55.521475678,pending,https://www.sse.com.cn/disclosure/listedinfo/announcement/c/new/2026-04-25/688597_20260425_PCYB.pdf,data/raw/688597.SH/2025/annual_report.pdf,184,"合并报表自动派生: 负债合计 1,152,460,965.03 967,279,970.01 所有者权益（或股东权益）： 实收资本（或股本） 七、53 336,060,004.00 247,101,285.00 其他权益工具 七、54 61,980,727.49 61,981,420.65 其中：优先股 永续债 资本公积 七、55 200,299,781.38 307,576,080. | 资产总计 2,075,703,051.76 流动负债： 短期借款 20,000,000.00 向中央银行借款 拆入资金 交易性金融负债 衍生金融负债 应付票据 七、35 79,853,795.53 应付账款 七、36 398,680,865.11 预收款项 合同负债 七、38 88,852,608.61 卖出回购金融资产款 吸收存款及同业存放 代理买卖证券款 代理承",0.94
688598.SH,金博股份,2025,Q_G_DEBT_ASSET_RATE,16.99,pending,https://www.sse.com.cn/disclosure/listedinfo/announcement/c/new/2026-04-29/688598_20260429_IEVZ.pdf,data/raw/688598.SH/2025/annual_report.pdf,93,"报告期初资产总额为 624,531.94 万元，负债总额为 106,115.57 万元，资产负债率 16.99%；报 告期末资产总额为 512,242.96 万元，负债总额为 118,922.03 万元",0.9
688598.SH,金博股份,2025,Q_G_DEBT_ASSET_RATE,23.22,pending,https://www.sse.com.cn/disclosure/listedinfo/announcement/c/new/2026-04-29/688598_20260429_IEVZ.pdf,data/raw/688598.SH/2025/annual_report.pdf,93,"报 告期末资产总额为 512,242.96 万元，负债总额为 118,922.03 万元，资产负债率 23.22%。 93 / 233",0.9
688598.SH,金博股份,2025,Q_G_DEBT_ASSET_RATE,23.2159418357,pending,https://www.sse.com.cn/disclosure/listedinfo/announcement/c/new/2026-04-29/688598_20260429_IEVZ.pdf,data/raw/688598.SH/2025/annual_report.pdf,105,"合并报表自动派生: 负债合计 1,189,220,265.91 1,061,155,694.14 105 / 233  | 资产总计 5,122,429,554.33 6,245,319,377.69 流动负债： 短期借款 七、（三十二） 351,580,974.57 53,852,080.00 向中央银行借款 拆入资金 交易性金融负债 衍生金融负债 应付票据 七、（三十五） 260,489,499.62 216,940,000.00 应付账款 七、（三十六） 177,005,093.4",0.94
688599.SH,天合光能,2025,Q_G_DEBT_ASSET_RATE,74.02,pending,https://www.sse.com.cn/disclosure/listedinfo/announcement/c/new/2026-04-30/688599_20260430_VKTH.pdf,data/raw/688599.SH/2025/annual_report.pdf,131,"4,052,177,668.34 元，负债总额为 91,821,898,546.95 元，资产负债率 为 74.02%；期末资产总额为 115,014,364,491.82 元，负债总额为 88,480,07",0.9
688599.SH,天合光能,2025,Q_G_DEBT_ASSET_RATE,76.9295885529,pending,https://www.sse.com.cn/disclosure/listedinfo/announcement/c/new/2026-04-30/688599_20260430_VKTH.pdf,data/raw/688599.SH/2025/annual_report.pdf,145,"合并报表自动派生: 负债合计 88,480,077,380.28 91,821,898,546.95 所有者权益（或股东权益）： 实收资本（或股本） 七、53 2,342,567,686.00 2,179,365,328.00 其他权益工具 七、54 309,918,891.03 521,324,459.53 其中：优先股 永续债 资本公积 七、55 20,104,451,260.93 | 资产总计 115,014,364,491.82 124,052,177,668.34 流动负债： 短期借款 七、32 7,380,722,522.92 6,497,513,267.06 向中央银行借款 拆入资金 交易性金融负债 七、33 745,945.57 1,481,718.74 衍生金融负债 七、34 7,601,850.00 6,699,993.44 应付票",0.94
688638.SH,誉辰智能,2025,Q_G_DEBT_ASSET_RATE,67.42,pending,https://www.sse.com.cn/disclosure/listedinfo/announcement/c/new/2026-04-25/688638_20260425_UKMM.pdf,data/raw/688638.SH/2025/annual_report.pdf,150,"报 告期末资产总额为 264,662.10 万元，负债总额为 178,437.03 万元，资产负债率为 67.42%；报告 期初资产总额为 216,162.99 万元，负债总额为 113,914.41 万元",0.9
688638.SH,誉辰智能,2025,Q_G_DEBT_ASSET_RATE,52.7,pending,https://www.sse.com.cn/disclosure/listedinfo/announcement/c/new/2026-04-25/688638_20260425_UKMM.pdf,data/raw/688638.SH/2025/annual_report.pdf,150,"报告 期初资产总额为 216,162.99 万元，负债总额为 113,914.41 万元，资产负债率为 52.70%。 三、股东和实际控制人情况 (一) 股东总数 截至报告期末普通股股东总数(户) 4,79",0.9
688638.SH,誉辰智能,2025,Q_G_DEBT_ASSET_RATE,67.4206965844,pending,https://www.sse.com.cn/disclosure/listedinfo/announcement/c/new/2026-04-25/688638_20260425_UKMM.pdf,data/raw/688638.SH/2025/annual_report.pdf,165,"合并报表自动派生: 负债合计 1,784,370,343.35 1,139,144,067.91 所有者权益（或股东权益）： 实收资本（或股本） 七、53 56,000,000.00 56,000,000.00 其他权益工具- - 其中：优先股- - 永续债- - 资本公积 七、55 909,209,131.87 903,489,437.51 减：库存股 七、56 30,102,780 | 资产总计 2,646,621,043.31 2,161,629,947.73 流动负债： 短期借款 七、32 285,239,206.82 291,757,614.74 向中央银行借款- - 拆入资金- - 交易性金融负债- - 衍生金融负债- - 应付票据 七、35 298,091,453.46 134,219,020.62 应付账款 七、36 384,530,6",0.94
688676.SH,金盘科技,2025,Q_G_DEBT_ASSET_RATE,53.76,pending,https://www.sse.com.cn/disclosure/listedinfo/announcement/c/new/2026-03-21/688676_20260321_XTVS.pdf,data/raw/688676.SH/2025/annual_report.pdf,161,"期初，公司资产总额为 961,602.27 万元，负债总额为 516,949.27 万元，资产负债率为 53.76%；报告期末，公司资产总额为 1,239,054.11 万元，负债总额为 716,967.7",0.9
688676.SH,金盘科技,2025,Q_G_DEBT_ASSET_RATE,57.86,pending,https://www.sse.com.cn/disclosure/listedinfo/announcement/c/new/2026-03-21/688676_20260321_XTVS.pdf,data/raw/688676.SH/2025/annual_report.pdf,299,负债除以总资产)为基础对资本结构进行监控。于 2025 年 12 月 31 日，本公 司的资产负债率为 57.86%(2024 年 12 月 31 日：53.76%)。 2、 套期 (1). 公司开展套期业,0.9
688676.SH,金盘科技,2025,Q_G_DEBT_ASSET_RATE,57.8641191283,pending,https://www.sse.com.cn/disclosure/listedinfo/announcement/c/new/2026-03-21/688676_20260321_XTVS.pdf,data/raw/688676.SH/2025/annual_report.pdf,173,"合并报表自动派生: 负债合计 7,169,677,446.73 5,169,492,684.14 所有者权益（或股东权益）： 实收资本（或股本） 七、53 459,784,364.00 457,440,992.00 其他权益工具 七、54 191,571,339.80 其中：优先股 永续债 资本公积 七、55 2,177,313,596.23 2,130,274,141.21 减：库存 | 资产总计 12,390,541,072.33 9,616,022,655.06 流动负债： 短期借款 七、32 491,503,397.23 168,322,347.20 向中央银行借款 拆入资金 交易性金融负债 七、33 2,585,370.00 衍生金融负债 应付票据 七、35 622,284,746.79 616,370,622.20 应付账款 七、36 1,",0.94
688680.SH,海优新材,2025,Q_G_DEBT_ASSET_RATE,56.2,pending,https://www.sse.com.cn/disclosure/listedinfo/announcement/c/new/2026-04-18/688680_20260418_MT8E.pdf,data/raw/688680.SH/2025/annual_report.pdf,100,"2,553,646,126.56 元，负债总额为 1,435,191,099.96 元， 资产负债率为 56.20%。 三、股东和实际控制人情况 (一) 股东总数 截至报告期末普通股股东总数(户) 8,00",0.9
688680.SH,海优新材,2025,Q_G_DEBT_ASSET_RATE,56.2016437999,pending,https://www.sse.com.cn/disclosure/listedinfo/announcement/c/new/2026-04-18/688680_20260418_MT8E.pdf,data/raw/688680.SH/2025/annual_report.pdf,116,"合并报表自动派生: 负债合计 1,435,191,099.96 1,617,611,278.56 所有者权益（或股东权益）： 116 / 262  | 资产总计 2,553,646,126.56 3,224,646,284.11 流动负债： 短期借款 七、32 416,302,636.25 321,339,254.93 向中央银行借款 拆入资金 交易性金融负债 衍生金融负债 应付票据 应付账款 七、36 118,409,452.74 231,476,890.06 预收款项 合同负债 七、38 2,863,984.0",0.94
688707.SH,振华新材,2025,Q_G_DEBT_ASSET_RATE,39.29,pending,https://www.sse.com.cn/disclosure/listedinfo/announcement/c/new/2026-04-25/688707_20260425_QS2E.pdf,data/raw/688707.SH/2025/annual_report.pdf,190,总负债除以总资产)为基础对资本结构进行监控。截至 2025 年 12 月 31 日，本公司资产负债率为 39.29%(截至 2024 年 12 月 31 日为 43.43%)。 2、 套期 (1).公司开展,0.9
688707.SH,振华新材,2025,Q_G_DEBT_ASSET_RATE,39.2902334106,pending,https://www.sse.com.cn/disclosure/listedinfo/announcement/c/new/2026-04-25/688707_20260425_QS2E.pdf,data/raw/688707.SH/2025/annual_report.pdf,91,"合并报表自动派生: 负债合计 2,580,299,078.85 3,391,829,011.69 所有者权益（或股东权益）： 91 / 208  | 资产总计 6,567,278,569.93 7,810,250,983.40 流动负债： 短期借款 七、32 525,373,902.69 799,621,277.74 向中央银行借款 拆入资金 交易性金融负债 衍生金融负债 应付票据 七、35 460,039,645.22 839,172,949.43 应付账款 七、36 129,604,595.83 297,42",0.94
688719.SH,爱科赛博,2025,Q_G_DEBT_ASSET_RATE,31.91,pending,https://www.sse.com.cn/disclosure/listedinfo/announcement/c/new/2026-04-22/688719_20260422_4510.pdf,data/raw/688719.SH/2025/annual_report.pdf,250,负债除以总资产)为基础对资本结构进行监控。于 2025 年 12 月 31 日，本公 司的资产负债率为 31.91%(2024 年 12 月 31 日：25.14%)。 250 / 274,0.9
688719.SH,爱科赛博,2025,Q_G_DEBT_ASSET_RATE,31.9131372515,pending,https://www.sse.com.cn/disclosure/listedinfo/announcement/c/new/2026-04-22/688719_20260422_4510.pdf,data/raw/688719.SH/2025/annual_report.pdf,137,"合并报表自动派生: 负债合计 792,544,727.83 596,977,489.54 所有者权益（或股东权益）： 实收资本（或股本） 七、53 115,385,418.00 115,385,418.00 其他权益工具 其中：优先股 永续债 资本公积 七、55 1,392,791,566.78 1,438,065,743.97 减：库存股 七、56 41,973,805.06 63, | 资产总计 2,483,443,484.68 流动负债： 短期借款 七、31 129,770,127.74 向中央银行借款 拆入资金 交易性金融负债 衍生金融负债 应付票据 七、35 15,237,207.39 应付账款 七、36 413,695,227.06 预收款项 合同负债 七、38 93,486,065.23 卖出回购金融资产款 吸收存款及同业存放 代理买卖证",0.94
688772.SH,珠海冠宇,2025,Q_G_DEBT_ASSET_RATE,65.32,pending,https://www.sse.com.cn/disclosure/listedinfo/announcement/c/new/2026-03-31/688772_20260331_W55T.pdf,data/raw/688772.SH/2025/annual_report.pdf,103,"司资产总额为 2,095,315.66 万元，负债总额为 1,368,645.84 万元，资产负债率为 65.32%；报告期末，公司资产 总额为 2,614,391.33 万元，负债总额为 1,782,62",0.9
688772.SH,珠海冠宇,2025,Q_G_DEBT_ASSET_RATE,68.19,pending,https://www.sse.com.cn/disclosure/listedinfo/announcement/c/new/2026-03-31/688772_20260331_W55T.pdf,data/raw/688772.SH/2025/annual_report.pdf,103,"资产 总额为 2,614,391.33 万元，负债总额为 1,782,623.43 万元，资产负债率为 68.19%。 三、股东和实际控制人情况 (一) 股东总数 截至报告期末普通股股东总数(户) 22,1",0.9
688772.SH,珠海冠宇,2025,Q_G_DEBT_ASSET_RATE,68.19,pending,https://www.sse.com.cn/disclosure/listedinfo/announcement/c/new/2026-03-31/688772_20260331_W55T.pdf,data/raw/688772.SH/2025/annual_report.pdf,111,"产总额为 2,614,391.33 万元， 负债总额为 1,782,623.43 万元， 资产负债率为 68.19%。 本次可转换公司债券经中证鹏元资信评估股份有限公司(以下简称“中证鹏元”)评级，根 据中",0.9
688772.SH,珠海冠宇,2025,Q_G_DEBT_ASSET_RATE,68.19,pending,https://www.sse.com.cn/disclosure/listedinfo/announcement/c/new/2026-03-31/688772_20260331_W55T.pdf,data/raw/688772.SH/2025/annual_report.pdf,234,债务。 本公司以资产负债率(即总负债除以总资产)为基础对资本结构进行监控。期末，本公司的 资产负债率为 68.19%(上年年末：65.32%)。 2、 套期 (1). 公司开展套期业务进行风险管理 □适用,0.9
688772.SH,珠海冠宇,2025,Q_G_DEBT_ASSET_RATE,68.1850269128,pending,https://www.sse.com.cn/disclosure/listedinfo/announcement/c/new/2026-03-31/688772_20260331_W55T.pdf,data/raw/688772.SH/2025/annual_report.pdf,117,"合并报表自动派生: 负债合计 17,826,234,306.39 13,686,458,433.61 所有者权益（或股东权益）： 实收资本（或股本） 七、53 1,132,068,851.00 1,127,286,261.00 其他权益工具 七、54 389,453,028.76 389,456,180.76 其中：优先股 永续债 资本公积 七、55 4,148,202,186.48  | 资产总计 26,143,913,280.52 20,953,156,563.69 流动负债： 短期借款 七、32 2,221,181,697.20 868,454,412.63 向中央银行借款 拆入资金 交易性金融负债 七、33 10,597,579.53 衍生金融负债 应付票据 七、35 3,120,895,785.16 1,394,958,427.28 应付账款",0.94
688778.SH,厦钨新能,2025,Q_G_DEBT_ASSET_RATE,37.98,pending,https://www.sse.com.cn/disclosure/listedinfo/announcement/c/new/2026-04-23/688778_20260423_IURT.pdf,data/raw/688778.SH/2025/annual_report.pdf,115,"14,983,708,713.49 元，负债总额为 5,690,274,218.87 元，资产负债率为 37.98%；本报告期末资产总额为 21,957,613,602.94 元，负债总额为 12,360,",0.9
688778.SH,厦钨新能,2025,Q_G_DEBT_ASSET_RATE,56.29,pending,https://www.sse.com.cn/disclosure/listedinfo/announcement/c/new/2026-04-23/688778_20260423_IURT.pdf,data/raw/688778.SH/2025/annual_report.pdf,257,本公司以资产负债率(即总负债除以总资产)为基础对资本结构进行监控。本报告期末，本 公司的资产负债率为 56.29%(2024 年 12 月 31 日资产负债率 37.98%)。 2、 套期 (1). 公司,0.9
688778.SH,厦钨新能,2025,Q_G_DEBT_ASSET_RATE,37.98,pending,https://www.sse.com.cn/disclosure/listedinfo/announcement/c/new/2026-04-23/688778_20260423_IURT.pdf,data/raw/688778.SH/2025/annual_report.pdf,257,行监控。本报告期末，本 公司的资产负债率为 56.29%(2024 年 12 月 31 日资产负债率 37.98%)。 2、 套期 (1). 公司开展套期业务进行风险管理 □适用 √不适用 其他说明 □适,0.9
688778.SH,厦钨新能,2025,Q_G_DEBT_ASSET_RATE,56.291891245,pending,https://www.sse.com.cn/disclosure/listedinfo/announcement/c/new/2026-04-23/688778_20260423_IURT.pdf,data/raw/688778.SH/2025/annual_report.pdf,132,"合并报表自动派生: 负债合计 12,360,355,969.37 5,690,274,218.87 132 / 288  | 资产总计 21,957,613,602.94 14,983,708,713.49 流动负债： 短期借款 七、32 134,125,192.89 135,113,287.00 向中央银行借款 拆入资金 交易性金融负债 衍生金融负债 应付票据 七、35 5,851,774,964.13 2,507,864,315.54 应付账款 七、36 5,155,310,651.5",0.94
688779.SH,五矿新能,2025,Q_G_DEBT_ASSET_RATE,45.19,pending,https://www.sse.com.cn/disclosure/listedinfo/announcement/c/new/2026-04-29/688779_20260429_6XCV.pdf,data/raw/688779.SH/2025/annual_report.pdf,83,"期初资产总 额为 1,284,995.13 万元，负债总额为 580,736.75 万元，资产负债率为 45.19%；报告期末资产总 额为 1,617,402.96 万元，负债总额为 891,717.50",0.9
688779.SH,五矿新能,2025,Q_G_DEBT_ASSET_RATE,55.13,pending,https://www.sse.com.cn/disclosure/listedinfo/announcement/c/new/2026-04-29/688779_20260429_6XCV.pdf,data/raw/688779.SH/2025/annual_report.pdf,83,"期末资产总 额为 1,617,402.96 万元，负债总额为 891,717.50 万元，资产负债率为 55.13%。 三、股东和实际控制人情况 (一) 股东总数 83 / 222",0.9
688779.SH,五矿新能,2025,Q_G_DEBT_ASSET_RATE,55.1326739101,pending,https://www.sse.com.cn/disclosure/listedinfo/announcement/c/new/2026-04-29/688779_20260429_6XCV.pdf,data/raw/688779.SH/2025/annual_report.pdf,98,"合并报表自动派生: 负债合计 8,917,174,979.87 5,807,367,543.30 所有者权益（或股东权益）： 实收资本（或股本） 七、53 1,929,219,344.00 1,929,218,895.00 其他权益工具 七、54 238,734,621.38 318,719,851.66 其中：优先股 永续债 资本公积 七、55 3,551,354,318.31 3, | 资产总计 16,174,029,568.04 12,849,951,306.75 流动负债： 短期借款 向中央银行借款 拆入资金 交易性金融负债 七、33 14,174,780.00 衍生金融负债 应付票据 七、35 3,679,863,977.52 971,352,948.26 应付账款 七、36 1,102,648,189.27 773,140,807.01 预",0.94
688819.SH,天能股份,2025,Q_G_DEBT_ASSET_RATE,60.99,pending,https://www.sse.com.cn/disclosure/listedinfo/announcement/c/new/2026-03-28/688819_20260328_AAOL.pdf,data/raw/688819.SH/2025/annual_report.pdf,34,索，产销规模稳定提升。公司主要利用自身经营积累和银行间接融资实现自身发 展，报告期末本公司资产负债率为 60.99%。出于节约融资成本和提高融资效率等方面考虑，报告 期末流动负债在负债总额中的比例为 92.,0.9
688819.SH,天能股份,2025,Q_G_DEBT_ASSET_RATE,60.9868655034,pending,https://www.sse.com.cn/disclosure/listedinfo/announcement/c/new/2026-03-28/688819_20260328_AAOL.pdf,data/raw/688819.SH/2025/annual_report.pdf,124,"合并报表自动派生: 负债合计 27,152,839,100.59 28,061,911,033.37 所有者权益（或股东权益）： 实收资本（或股本） 七、53 972,100,000.00 972,100,000.00 其他权益工具 其中：优先股 永续债 资本公积 七、55 5,428,692,647.60 5,428,026,549.70 减：库存股 七、56 55,008,678. | 资产总计 44,522,437,538.75 44,287,963,941.96 流动负债： 短期借款 七、32 3,131,587,103.07 6,296,881,838.57 向中央银行借款 拆入资金 交易性金融负债 衍生金融负债 应付票据 七、35 13,293,335,139.24 9,914,497,770.83 应付账款 七、36 2,455,135,",0.94
920010.BJ,凯添燃气,2025,Q_G_ROE,4.04,pending,https://www.bse.cn/disclosure/2026/2026-04-28/9f633d393fd741cdbe9992f969303586.pdf,data/raw/920010.BJ/2025/annual_report.pdf,9,",680,818.47 -15.02% 基本每股收益 0.12 0.14 -14.29% 加权平均净资产收益率%(扣非前) 4.04% 4.71% 加权平均净资产收益率%(扣非后) 3.85% 4.50% 总资产 1,09",0.92
920010.BJ,凯添燃气,2025,Q_G_ROE,3.85,pending,https://www.bse.cn/disclosure/2026/2026-04-28/9f633d393fd741cdbe9992f969303586.pdf,data/raw/920010.BJ/2025/annual_report.pdf,9,"12 0.14 -14.29% 加权平均净资产收益率%(扣非前) 4.04% 4.71% 加权平均净资产收益率%(扣非后) 3.85% 4.50% 总资产 1,095,179,472.03 1,099,325,403.28",0.92
920046.BJ,亿能电力,2025,Q_G_ROE,6.05,pending,https://www.bse.cn/disclosure/2026/2026-04-23/9d9fdfa88c164e97b13ce705f84be1c8.pdf,data/raw/920046.BJ/2025/annual_report.pdf,9,"8 13,938,066.19 3.62% 基本每股收益 0.15 0.15 0.00% 加权平均净资产收益率%(扣非前) 6.05% 5.93% - 加权平均净资产收益率%(扣非后) 5.74% 5.62% - 总资产",0.92
920046.BJ,亿能电力,2025,Q_G_ROE,5.74,pending,https://www.bse.cn/disclosure/2026/2026-04-23/9d9fdfa88c164e97b13ce705f84be1c8.pdf,data/raw/920046.BJ/2025/annual_report.pdf,9,"15 0.15 0.00% 加权平均净资产收益率%(扣非前) 6.05% 5.93% - 加权平均净资产收益率%(扣非后) 5.74% 5.62% - 总资产 457,586,600.16 457,012,357.71 -",0.92
920062.BJ,科润智控,2025,Q_G_ROE,2.19,pending,https://www.bse.cn/disclosure/2026/2026-04-24/986815ed4f07426e979f60d013fb4941.pdf,data/raw/920062.BJ/2025/annual_report.pdf,11,"3 3,642,642.90 16.90% 基本每股收益 0.08 0.08 0.00% 加权平均净资产收益率%(扣非前) 2.19% 2.17% -0.91% 加权平均净资产收益率%(扣非后) 0.43% 0.50% 1",0.92
920062.BJ,科润智控,2025,Q_G_ROE,0.43,pending,https://www.bse.cn/disclosure/2026/2026-04-24/986815ed4f07426e979f60d013fb4941.pdf,data/raw/920062.BJ/2025/annual_report.pdf,11,"08 0.00% 加权平均净资产收益率%(扣非前) 2.19% 2.17% -0.91% 加权平均净资产收益率%(扣非后) 0.43% 0.50% 16.28% 总资产 2,025,693,367.67 2,024,524",0.92
920062.BJ,科润智控,2025,Q_G_ROE,2.17,pending,https://www.bse.cn/disclosure/2026/2026-04-24/986815ed4f07426e979f60d013fb4941.pdf,data/raw/920062.BJ/2025/annual_report.pdf,190,"L= D+A/2+ E×F/K-G× H/K±I×J/K 726,467,402.95 加权平均净资产收益率 M=A/L 2.17% 扣除非经常性损益加权平均净资产收益率 N=C/L 0.50% 3. 基本每股收益和稀释",0.92
920110.BJ,雷特科技,2025,Q_G_ROE,11.88,pending,https://www.bse.cn/disclosure/2026/2026-04-10/5ba7957370fa4e8eaddd8a7acc20f8fe.pdf,data/raw/920110.BJ/2025/annual_report.pdf,12,"1 43,711,195.97 0.55% 基本每股收益 1.18 1.16 1.72% 加权平均净资产收益 率%(扣非前) 11.88% 12.46% -0.58% 加权平均净资产收益 率%(扣非后) 11.39% 12.0",0.92
920110.BJ,雷特科技,2025,Q_G_ROE,11.39,pending,https://www.bse.cn/disclosure/2026/2026-04-10/5ba7957370fa4e8eaddd8a7acc20f8fe.pdf,data/raw/920110.BJ/2025/annual_report.pdf,12,"1.72% 加权平均净资产收益 率%(扣非前) 11.88% 12.46% -0.58% 加权平均净资产收益 率%(扣非后) 11.39% 12.04% -0.65% 总资产 400,461,889.66 400,040,29",0.92
920152.BJ,昆工科技,2025,Q_G_ROE,66.73,pending,https://www.bse.cn/disclosure/2026/2026-04-28/806508ecdff048e980b23ed5957f2363.pdf,data/raw/920152.BJ/2025/annual_report.pdf,9,"16,332,537.52 3.84% 基本每股收益 -1.88 -1.96 4.26% 加权平均净资产收益 率%(扣非前) -66.73% -70.58% - 加权平均净资产收益 率%(扣非后) -67.79% -71.60%",0.92
920152.BJ,昆工科技,2025,Q_G_ROE,67.79,pending,https://www.bse.cn/disclosure/2026/2026-04-28/806508ecdff048e980b23ed5957f2363.pdf,data/raw/920152.BJ/2025/annual_report.pdf,9,"96 4.26% 加权平均净资产收益 率%(扣非前) -66.73% -70.58% - 加权平均净资产收益 率%(扣非后) -67.79% -71.60% - 项目 业绩快报 年度报告 差异率 总资产 1,436,094,95",0.92
920167.BJ,同享科技,2025,Q_G_ROE,3.28,pending,https://www.bse.cn/disclosure/2026/2026-04-28/661e5e084df64edd99b1dea3dac3d477.pdf,data/raw/920167.BJ/2025/annual_report.pdf,9,"性损益 的净利润 20,334,937.12 17,626,407.20 -13.32% 加权平均净资产收益率%(扣非后) 3.28% 2.84% -0.44% 加权平均净资产收益率%(扣非前) 3.50% 3.50% 0",0.92
920167.BJ,同享科技,2025,Q_G_ROE,3.5,pending,https://www.bse.cn/disclosure/2026/2026-04-28/661e5e084df64edd99b1dea3dac3d477.pdf,data/raw/920167.BJ/2025/annual_report.pdf,9,"-13.32% 加权平均净资产收益率%(扣非后) 3.28% 2.84% -0.44% 加权平均净资产收益率%(扣非前) 3.50% 3.50% 0.00% 总资产 2,721,535,456.97 2,721,766,",0.92
920239.BJ,长虹能源,2025,Q_G_ROE,24.94,pending,https://www.bse.cn/disclosure/2026/2026-04-27/36887f378b744114be28f0d1b675134b.pdf,data/raw/920239.BJ/2025/annual_report.pdf,9,"223,771,312.17 1.74% 基本每股收益 1.37 1.37 0.38% 加权平均净资产收益率% (扣非前) 24.94% 25.11% 0.68% 加权平均净资产收益率% (扣非后) 22.07% 22.52",0.92
920239.BJ,长虹能源,2025,Q_G_ROE,22.07,pending,https://www.bse.cn/disclosure/2026/2026-04-27/36887f378b744114be28f0d1b675134b.pdf,data/raw/920239.BJ/2025/annual_report.pdf,9,0.38% 加权平均净资产收益率% (扣非前) 24.94% 25.11% 0.68% 加权平均净资产收益率% (扣非后) 22.07% 22.52% 2.04% 业绩快报本报告期末 经审计本报告期末 经审计财务数据与业绩快,0.92
920239.BJ,长虹能源,2025,Q_G_ROE,25.11,pending,https://www.bse.cn/disclosure/2026/2026-04-27/36887f378b744114be28f0d1b675134b.pdf,data/raw/920239.BJ/2025/annual_report.pdf,172,"L= D+A/2+ E×F/K-G×H/K±I×J /K 993,495,758.15 加权平均净资产收益率 M=A/L 25.11% 扣除非经常性损益加权平均净资产收益率 N=C/L 22.52% 3. 基本每股收益和稀",0.92
920252.BJ,天宏锂电,2025,Q_G_ROE,3.46,pending,https://www.bse.cn/disclosure/2026/2026-04-27/316b930b7dfb46cfbec6d30ca8e2f1de.pdf,data/raw/920252.BJ/2025/annual_report.pdf,9,"5,498,295.21 -11.24% 基本每股收益 0.09 0.09 0.00% 加权平均净资产收益率%(扣非前) 3.46 3.68 -5.98% 加权平均净资产收益率%(扣非后) 1.86 2.09 -11.0",0.92
920252.BJ,天宏锂电,2025,Q_G_ROE,1.86,pending,https://www.bse.cn/disclosure/2026/2026-04-27/316b930b7dfb46cfbec6d30ca8e2f1de.pdf,data/raw/920252.BJ/2025/annual_report.pdf,9,"0.09 0.00% 加权平均净资产收益率%(扣非前) 3.46 3.68 -5.98% 加权平均净资产收益率%(扣非后) 1.86 2.09 -11.00% 总资产 530,581,890.15 530,656,430.",0.92
920299.BJ,灿能电力,2025,Q_G_ROE,8.86,pending,https://www.bse.cn/disclosure/2026/2026-04-17/5f36077b583443bd981df04c6efb49fd.pdf,data/raw/920299.BJ/2025/annual_report.pdf,9,"0.95 22,954,418.93 -1.01% 基本每股收益 0.28 0.28 - 加权平均净资产收益 率%(扣非前) 8.86% 8.94% - 加权平均净资产收益 率%(扣非后) 8.08% 8.16% - 总资产",0.92
920299.BJ,灿能电力,2025,Q_G_ROE,8.08,pending,https://www.bse.cn/disclosure/2026/2026-04-17/5f36077b583443bd981df04c6efb49fd.pdf,data/raw/920299.BJ/2025/annual_report.pdf,9,"0.28 0.28 - 加权平均净资产收益 率%(扣非前) 8.86% 8.94% - 加权平均净资产收益 率%(扣非后) 8.08% 8.16% - 总资产 343,230,361.76 342,137,434.08 0",0.92
920368.BJ,连城数控,2025,Q_G_ROE,2.02,pending,https://www.bse.cn/disclosure/2026/2026-04-24/5957706c64f147069d7bc9822854ae5b.pdf,data/raw/920368.BJ/2025/annual_report.pdf,9,"21,141,752.12 16.48% 基本每股收益 0.36 0.33 9.09% 加权平均净资产收益率%(扣非前) 2.02% 1.87% - 加权平均净资产收益率%(扣非后) 0.59% 0.50% - 总资产",0.92
920368.BJ,连城数控,2025,Q_G_ROE,0.59,pending,https://www.bse.cn/disclosure/2026/2026-04-24/5957706c64f147069d7bc9822854ae5b.pdf,data/raw/920368.BJ/2025/annual_report.pdf,9,"36 0.33 9.09% 加权平均净资产收益率%(扣非前) 2.02% 1.87% - 加权平均净资产收益率%(扣非后) 0.59% 0.50% - 总资产 8,725,195,534.89 8,734,209,799.",0.92
920375.BJ,派诺科技,2025,Q_G_ROE,1.2,pending,https://www.bse.cn/disclosure/2026/2026-04-28/23fb43f52ff84329b5bd0884cc3b0cef.pdf,data/raw/920375.BJ/2025/annual_report.pdf,10,"72 6,942,417.04 8.04% 基本每股收益 0.09 0.09 0.00% 加权平均净资产收益率%(扣非前) 1.20% 1.25% 4.17% 加权平均净资产收益率%(扣非后) 0.83% 0.89% 7.",0.92
920375.BJ,派诺科技,2025,Q_G_ROE,0.83,pending,https://www.bse.cn/disclosure/2026/2026-04-28/23fb43f52ff84329b5bd0884cc3b0cef.pdf,data/raw/920375.BJ/2025/annual_report.pdf,10,".09 0.00% 加权平均净资产收益率%(扣非前) 1.20% 1.25% 4.17% 加权平均净资产收益率%(扣非后) 0.83% 0.89% 7.23% 总资产 1,226,439,110.79 1,227,744,",0.92
920414.BJ,欧普泰,2025,Q_G_ROE,5.62,pending,https://www.bse.cn/disclosure/2026/2026-04-20/6f87a111ac1140a5a3c3379718885ce9.pdf,data/raw/920414.BJ/2025/annual_report.pdf,9,"东的扣除非经常性损益的净利润 -17,557,089.44 基本每股收益 -0.1985 加权平均净资产收益率%(扣非前) -5.62% 加权平均净资产收益率%(扣非后) -6.23% 总资产 447,762,319.96",0.92
920414.BJ,欧普泰,2025,Q_G_ROE,6.23,pending,https://www.bse.cn/disclosure/2026/2026-04-20/6f87a111ac1140a5a3c3379718885ce9.pdf,data/raw/920414.BJ/2025/annual_report.pdf,9,"89.44 基本每股收益 -0.1985 加权平均净资产收益率%(扣非前) -5.62% 加权平均净资产收益率%(扣非后) -6.23% 总资产 447,762,319.96 归属于上市公司股东的所有者权益 276,917,",0.92
920496.BJ,许昌智能,2025,Q_G_ROE,1.91,pending,https://www.bse.cn/disclosure/2026/2026-04-29/2c386e30eab54c8d9654436aadf1a2aa.pdf,data/raw/920496.BJ/2025/annual_report.pdf,9,"11 7,415,511.75 1.25% 基本每股收益 0.07 0.07 0.00% 加权平均净资产收益率% (扣非 前) 1.91% 1.91% 0.00% 加权平均净资产收益率% (扣非 后) 1.30% 1.31%",0.92
920496.BJ,许昌智能,2025,Q_G_ROE,1.3,pending,https://www.bse.cn/disclosure/2026/2026-04-29/2c386e30eab54c8d9654436aadf1a2aa.pdf,data/raw/920496.BJ/2025/annual_report.pdf,9,"7 0.00% 加权平均净资产收益率% (扣非 前) 1.91% 1.91% 0.00% 加权平均净资产收益率% (扣非 后) 1.30% 1.31% -0.76% 总资产 1,041,621,200.93 1,055,025",0.92
920496.BJ,许昌智能,2025,Q_G_ROE,9,pending,https://www.bse.cn/disclosure/2026/2026-04-29/2c386e30eab54c8d9654436aadf1a2aa.pdf,data/raw/920496.BJ/2025/annual_report.pdf,208,"6.32 加权平均净资产 8=4+1*0.5+ 5-6+7 576,204,970.87 加权平均净资产收益率 9=1/8 1.91% 扣除非经常性损益后加权平均净资产收益率 10=3/8 1.30% [",0.92
920522.BJ,纳科诺尔,2025,Q_G_ROE,6.23,pending,https://www.bse.cn/disclosure/2026/2026-04-13/83d7249378294b87b16ecae9fa43648e.pdf,data/raw/920522.BJ/2025/annual_report.pdf,9,"0 58,942,873.57 3.79% 基本每股收益 0.42 0.42 0.00% 加权平均净资产收益 率%(扣非前) 6.23% 6.05% 0.18% 加权平均净资产收益 率%(扣非后) 5.78% 5.47% 0",0.92
920522.BJ,纳科诺尔,2025,Q_G_ROE,5.78,pending,https://www.bse.cn/disclosure/2026/2026-04-13/83d7249378294b87b16ecae9fa43648e.pdf,data/raw/920522.BJ/2025/annual_report.pdf,9,"42 0.00% 加权平均净资产收益 率%(扣非前) 6.23% 6.05% 0.18% 加权平均净资产收益 率%(扣非后) 5.78% 5.47% 0.31% 总资产 2,477,212,961.69 2,477,419,",0.92
920523.BJ,德瑞锂电,2025,Q_G_ROE,22.77,pending,https://www.bse.cn/disclosure/2026/2026-04-22/de8c0f7264e74edabc3cf425d1ff3a40.pdf,data/raw/920523.BJ/2025/annual_report.pdf,9,"44,817,034.04 -2.07% 基本每股收益 1.46 1.43 -2.05% 加权平均净资产收益率%(扣非前) 22.77% 22.35% - 加权平均净资产收益率%(扣非后) 22.71% 22.29% - 总",0.92
920523.BJ,德瑞锂电,2025,Q_G_ROE,22.71,pending,https://www.bse.cn/disclosure/2026/2026-04-22/de8c0f7264e74edabc3cf425d1ff3a40.pdf,data/raw/920523.BJ/2025/annual_report.pdf,9,"1.43 -2.05% 加权平均净资产收益率%(扣非前) 22.77% 22.35% - 加权平均净资产收益率%(扣非后) 22.71% 22.29% - 总资产 1,017,918,238.63 1,021,720,545",0.92
920556.BJ,雅达股份,2025,Q_G_ROE,5.32,pending,https://www.bse.cn/disclosure/2026/2026-04-24/6f31903dfc8f4d698b64385040d3b2d5.pdf,data/raw/920556.BJ/2025/annual_report.pdf,9,",532,181.41 -19.51% 基本每股收益 0.17 0.15 -11.76% 加权平均净资产收益率(扣非前) 5.32% 4.50% -15.41% 加权平均净资产收益率(扣非后) 4.43% 3.58% -",0.92
920556.BJ,雅达股份,2025,Q_G_ROE,4.43,pending,https://www.bse.cn/disclosure/2026/2026-04-24/6f31903dfc8f4d698b64385040d3b2d5.pdf,data/raw/920556.BJ/2025/annual_report.pdf,9,"-11.76% 加权平均净资产收益率(扣非前) 5.32% 4.50% -15.41% 加权平均净资产收益率(扣非后) 4.43% 3.58% -19.19% 资产总计 629,235,465.57 626,210,9",0.92
920627.BJ,力王股份,2025,Q_G_ROE,5.89,pending,https://www.bse.cn/disclosure/2026/2026-04-10/f182907c23be49d5bb01fca9ded7aba3.pdf,data/raw/920627.BJ/2025/annual_report.pdf,9,"490.28 24,801,545.80 580,944.48 2.34% 基本每股收益 加权平均净资产收益率% (扣非前) 5.89% 加权平均净资产收益率% (扣非后) 5.58% 0.28 总资产 股本 归属于上市公司",0.92
920627.BJ,力王股份,2025,Q_G_ROE,5.58,pending,https://www.bse.cn/disclosure/2026/2026-04-10/f182907c23be49d5bb01fca9ded7aba3.pdf,data/raw/920627.BJ/2025/annual_report.pdf,9,",944.48 2.34% 基本每股收益 加权平均净资产收益率% (扣非前) 5.89% 加权平均净资产收益率% (扣非后) 5.58% 0.28 总资产 股本 归属于上市公司股东的所有者权益 0.28 0.00 5.75%",0.92
920627.BJ,力王股份,2025,Q_G_ROE,5.89,pending,https://www.bse.cn/disclosure/2026/2026-04-10/f182907c23be49d5bb01fca9ded7aba3.pdf,data/raw/920627.BJ/2025/annual_report.pdf,160,"L= D+A/2+ E×F/K-G× H/K±I×J/K 454,687,195.78 加权平均净资产收益率 M=A/L 5.89% 扣除非经常性损益加权平均净资产收益率 N=C/L 5.58% 3. 基本每股收益和稀释",0.92
920639.BJ,晨光电缆,2025,Q_G_ROE,2.17,pending,https://www.bse.cn/disclosure/2026/2026-04-28/ff935ae0d7634f02add20469063cb8bd.pdf,data/raw/920639.BJ/2025/annual_report.pdf,9,",486,164.78 -11.46% 基本每股收益 0.09 0.08 -11.11% 加权平均净资产收益率%(扣非前) 2.17% 1.93% 减少 0.24个 百分点 加权平均净资产收益率%(扣非后) 2.08% 1",0.92
920639.BJ,晨光电缆,2025,Q_G_ROE,2.08,pending,https://www.bse.cn/disclosure/2026/2026-04-28/ff935ae0d7634f02add20469063cb8bd.pdf,data/raw/920639.BJ/2025/annual_report.pdf,9,"1% 加权平均净资产收益率%(扣非前) 2.17% 1.93% 减少 0.24个 百分点 加权平均净资产收益率%(扣非后) 2.08% 1.84% 减少 0.24个 百分点 总资产 1,983,248,695.18 1,9",0.92
920639.BJ,晨光电缆,2025,Q_G_ROE,1.93,pending,https://www.bse.cn/disclosure/2026/2026-04-28/ff935ae0d7634f02add20469063cb8bd.pdf,data/raw/920639.BJ/2025/annual_report.pdf,172,"L= D+A/2+ E×F/K-G× H/K±I×J/K 841,889,934.48 加权平均净资产收益率 M=A/L 1.93% 扣除非经常性损益加权平均净资产收益率 N=C/L 1.84% 3. 基本每股收益和稀释",0.92
920682.BJ,球冠电缆,2025,Q_G_ROE,8.44,pending,https://www.bse.cn/disclosure/2026/2026-03-31/92f6cc882a9945cc9afe76e9bed3626b.pdf,data/raw/920682.BJ/2025/annual_report.pdf,9,"9 93,841,050.27 1.58% 基本每股收益 0.29 0.30 3.45% 加权平均净资产收益 率%(扣非前) 8.44% 8.57% - 加权平均净资产收益 率%(扣非后) 8.19% 8.32% - 项目",0.92
920682.BJ,球冠电缆,2025,Q_G_ROE,8.19,pending,https://www.bse.cn/disclosure/2026/2026-03-31/92f6cc882a9945cc9afe76e9bed3626b.pdf,data/raw/920682.BJ/2025/annual_report.pdf,9,"9 0.30 3.45% 加权平均净资产收益 率%(扣非前) 8.44% 8.57% - 加权平均净资产收益 率%(扣非后) 8.19% 8.32% - 项目 总资产 2,595,433,549.95 2,594,861,0",0.92
920770.BJ,艾能聚,2025,Q_G_ROE,7.52,pending,https://www.bse.cn/disclosure/2026/2026-04-16/3b01eeba143a433e92ada83410f5d6db.pdf,data/raw/920770.BJ/2025/annual_report.pdf,9,"7 48,516,938.13 4.81% 基本每股收益 0.35 0.33 6.06% 加权平均净资产收益率%(扣非前) 7.52% 7.22% 4.16% 加权平均净资产收益率%(扣非后) 8.46% 8.09% 4.",0.92
920770.BJ,艾能聚,2025,Q_G_ROE,8.46,pending,https://www.bse.cn/disclosure/2026/2026-04-16/3b01eeba143a433e92ada83410f5d6db.pdf,data/raw/920770.BJ/2025/annual_report.pdf,9,".33 6.06% 加权平均净资产收益率%(扣非前) 7.52% 7.22% 4.16% 加权平均净资产收益率%(扣非后) 8.46% 8.09% 4.57% 总资产 910,244,532.81 908,432,052.",0.92
920770.BJ,艾能聚,2025,Q_G_ROE,7.52,pending,https://www.bse.cn/disclosure/2026/2026-04-16/3b01eeba143a433e92ada83410f5d6db.pdf,data/raw/920770.BJ/2025/annual_report.pdf,12,"属于上市公司股东的净资产61,821.54 万元，同比增加5.44%。2025 年度，公司加权平均净资产收益率7.52%，较上年同期 6.18%增加1.34个 百分点。公司基本每股收益为 0.35元，较上年同",0.92
920770.BJ,艾能聚,2025,Q_G_ROE,7.52,pending,https://www.bse.cn/disclosure/2026/2026-04-16/3b01eeba143a433e92ada83410f5d6db.pdf,data/raw/920770.BJ/2025/annual_report.pdf,161,"产 L= D+A/2+ E×F/K-G×H/K±I×J/K 600,973,153.04 加权平均净资产收益率 M=A/L 7.52% 扣除非经常性损益加权平均净资产收益率 N=C/L 8.46% 3. 基本每股收益和稀释",0.92
920779.BJ,武汉蓝电,2025,Q_G_ROE,12.59,pending,https://www.bse.cn/disclosure/2026/2026-03-20/172127937d634d47bd61af171462ffbe.pdf,data/raw/920779.BJ/2025/annual_report.pdf,9,"非经常 性损益的净利润 57,172,539.53 基本每股收益 0.78 0.78 0 加权平均净资产收益率%(扣非前) 12.59% 12.59% 0 加权平均净资产收益率%(扣非后) 11.46% 项目 本报告期末 总",0.92
920779.BJ,武汉蓝电,2025,Q_G_ROE,11.46,pending,https://www.bse.cn/disclosure/2026/2026-03-20/172127937d634d47bd61af171462ffbe.pdf,data/raw/920779.BJ/2025/annual_report.pdf,9,"0.78 0.78 0 加权平均净资产收益率%(扣非前) 12.59% 12.59% 0 加权平均净资产收益率%(扣非后) 11.46% 项目 本报告期末 总资产 591,528,431.93 15,323.22 业绩快报披",0.92
920779.BJ,武汉蓝电,2025,Q_G_ROE,12.59,pending,https://www.bse.cn/disclosure/2026/2026-03-20/172127937d634d47bd61af171462ffbe.pdf,data/raw/920779.BJ/2025/annual_report.pdf,159,"M-G× H/M-I×J/M+K×K1/M+L× L1/M 498,693,471.45 加权平均净资产收益率 O=A/N 12.59% 扣除非经常损益加权平均净资产收益率 P=C/N 11.46% 3. 基本每股收益和稀释",0.92
920779.BJ,武汉蓝电,2025,Q_G_ROE,11.46,pending,https://www.bse.cn/disclosure/2026/2026-03-20/172127937d634d47bd61af171462ffbe.pdf,data/raw/920779.BJ/2025/annual_report.pdf,159,"98,693,471.45 加权平均净资产收益率 O=A/N 12.59% 扣除非经常损益加权平均净资产收益率 P=C/N 11.46% 3. 基本每股收益和稀释每股收益的计算过程 (1) 基本每股收益的计算过程 项 目 序",0.92
920809.BJ,安达科技,2025,Q_G_ROE,15.24,pending,https://www.bse.cn/disclosure/2026/2026-04-28/80bd6e5011584fd6a671dd731579b789.pdf,data/raw/920809.BJ/2025/annual_report.pdf,11,"262,210.42 -271,717,158.97 -545,051.45 0.20% 加权平均净资产收益率%(扣非前) -15.24% -15.18% -0.06% - 加权平均净资产收益率%(扣非后) -16.16% -",0.92
920809.BJ,安达科技,2025,Q_G_ROE,16.16,pending,https://www.bse.cn/disclosure/2026/2026-04-28/80bd6e5011584fd6a671dd731579b789.pdf,data/raw/920809.BJ/2025/annual_report.pdf,11,"0% 加权平均净资产收益率%(扣非前) -15.24% -15.18% -0.06% - 加权平均净资产收益率%(扣非后) -16.16% -16.10% -0.06% - 总资产 4,714,852,389.46 4,726",0.92
920809.BJ,安达科技,2025,Q_G_ROE,15.24,pending,https://www.bse.cn/disclosure/2026/2026-04-28/80bd6e5011584fd6a671dd731579b789.pdf,data/raw/920809.BJ/2025/annual_report.pdf,148,"= D+A/2+ E×F/K- G×H/K±I×J/K 1,684,840,061.65 加权平均净资产收益率 M=A/L -15.24% 扣除非经常损益加权平均净资产收益率 N=C/L -16.16% 3. 基本每股收益和稀",0.92
920809.BJ,安达科技,2025,Q_G_ROE,16.16,pending,https://www.bse.cn/disclosure/2026/2026-04-28/80bd6e5011584fd6a671dd731579b789.pdf,data/raw/920809.BJ/2025/annual_report.pdf,148,"4,840,061.65 加权平均净资产收益率 M=A/L -15.24% 扣除非经常损益加权平均净资产收益率 N=C/L -16.16% 3. 基本每股收益和稀释每股收益的计算过程 (1)基本每股收益的计算过程 项 目 序号",0.92
920985.BJ,海泰新能,2025,Q_G_ROE,64.09,pending,https://www.bse.cn/disclosure/2026/2026-04-28/03b5d97f82724fcababfdf745831515f.pdf,data/raw/920985.BJ/2025/annual_report.pdf,9,",747,691.77 -4.15% 基本每股收益 -2.18 -2.14 -1.86% 加权平均净资产收益率% (扣非前) -64.09% -62.72% - 加权平均净资产收益率% (扣非后) -65.28% -62.34%",0.92
920985.BJ,海泰新能,2025,Q_G_ROE,65.28,pending,https://www.bse.cn/disclosure/2026/2026-04-28/03b5d97f82724fcababfdf745831515f.pdf,data/raw/920985.BJ/2025/annual_report.pdf,9,"4 -1.86% 加权平均净资产收益率% (扣非前) -64.09% -62.72% - 加权平均净资产收益率% (扣非后) -65.28% -62.34% - 总资产 5,163,572,546.94 5,186,610,61",0.92
920985.BJ,海泰新能,2025,Q_G_ROE,13.41,pending,https://www.bse.cn/disclosure/2026/2026-04-28/03b5d97f82724fcababfdf745831515f.pdf,data/raw/920985.BJ/2025/annual_report.pdf,12,"59 所有者权益合计 1,432,391,613.96 1,430,305,722.19 加权平均净资产收益率%(扣非前) 13.41% 14.00% 加权平均净资产收益率%(扣非后) 11.55% 12.14% 2、 会计",0.92
920985.BJ,海泰新能,2025,Q_G_ROE,11.55,pending,https://www.bse.cn/disclosure/2026/2026-04-28/03b5d97f82724fcababfdf745831515f.pdf,data/raw/920985.BJ/2025/annual_report.pdf,12,"30,305,722.19 加权平均净资产收益率%(扣非前) 13.41% 14.00% 加权平均净资产收益率%(扣非后) 11.55% 12.14% 2、 会计政策、会计估计变更或重大会计差错更正的原因及影响 √适用 □不",0.92
