stock_code,company_name,source_url,source_file,source_page,matched_term,evidence_text,review_status
00002.HK,CLP HOLDINGS,https://www1.hkexnews.hk/listedco/listconews/sehk/2026/0311/2026031100298.pdf,data/raw/hkex_reports/00002.HK/2025/annual_report.pdf,3,Sustainability Report,"irements of Hong Kong Financial Reporting Standard (HKFRS) S2, while sustainability-related financial information has been developed in accordance with HKFRS S1 requirements. 2025 Sustainability Report 2025 Materiality Assessment Report Climate Vision 2050: Powering an orderly transition 2 CLP Holdings 2025 Annual Report",pending
00002.HK,CLP HOLDINGS,https://www1.hkexnews.hk/listedco/listconews/sehk/2026/0311/2026031100298.pdf,data/raw/hkex_reports/00002.HK/2025/annual_report.pdf,7,Sustainability Report,"raining Council to cultivate engineering talent CLP Power allocated HK$240 million under the CLP Community Energy Saving Fund for a series of community support programmes See 2025 Sustainability Report for more information Note: 1 The 15th National Games, 12th National Games for Persons with Disabilities and 9th National Special Olympic Games. CLP Holdings 2025 Annual Report 7",pending
00002.HK,CLP HOLDINGS,https://www1.hkexnews.hk/listedco/listconews/sehk/2026/0311/2026031100298.pdf,data/raw/hkex_reports/00002.HK/2025/annual_report.pdf,27,Sustainability Report,"portunities (IROs). This approach means that CLP’s Annual Report addresses financially material topics that could reasonably be expected to affect the Group’s prospects, while the Sustainability Report focuses on topics that have a material impact on people, the environment and the economy. The assessment complements CLP’s established risk management process, further detailed in the Risk Management Report on page 103. The double materiality assessment operates on a three- year cycle. 2025 was Year 2, centred on reviewing and refreshing results from Year 1",pending
00002.HK,CLP HOLDINGS,https://www1.hkexnews.hk/listedco/listconews/sehk/2026/0311/2026031100298.pdf,data/raw/hkex_reports/00002.HK/2025/annual_report.pdf,34,Sustainability Report,"e to the significant uncertainty associated with these considerations, the financial effect has not been quantified. 6 For further information, please refer to the EnergyAustralia Sustainability Report 2025. CLP Holdings 2025 Annual Report 37",pending
00002.HK,CLP HOLDINGS,https://www1.hkexnews.hk/listedco/listconews/sehk/2026/0311/2026031100298.pdf,data/raw/hkex_reports/00002.HK/2025/annual_report.pdf,36,"Environmental, Social and Governance"," be found in the 2025 Sustainability Report. Key data is also available in Five‑year Summary: CLP Group Economic and Financial Data on page 254 and in Five-year Summary: CLP Group Environmental, Social and Governance (ESG) Data on page 256 of the 2025 Annual Report. CLP Holdings 2025 Annual Report 39",pending
000407.SZ,胜利股份,https://disc.static.szse.cn/disc/disk03/finalpage/2026-03-25/21a25109-48ba-4146-9399-ea8549814972.PDF,data/raw/000407.SZ/2025/annual_report.pdf,47,环境、社会及管治,老人、残障人士、边远社区提供购气服务、燃气检测、用气指导等延伸服务，慰问困 难家庭、困难学生，关心关爱贫困老人、留守儿童等，实践公司的社会责任担当。 公司诚信对待客户、供应商、债权人等关联主体，公平交易，精诚合作，打造良好的商 业生态圈。公司充分尊重股东利益，依法运作，推进公司治理，保障股东权益，连续多年实 施分红。 公司将 ESG 理念作为核心指引，加大对环境、社会及管治的投入，全面提升公司可持 续发展能力，将理念融入公司治理和日常运营工作中。 公司 2025 年度社会责任报告刊载于巨潮资讯网 www.cninfo.com.cn。 未来公司将继续发挥自身优势，以实际行动践行社会责任，为促进社会、经济和环境的 协调、可持续发展做出应有贡献。 十七、巩固拓展脱贫攻坚成果、乡村振兴的情况 公司报告年度通过公益活动、结对、捐款等方式参与扶贫工作，助力乡村振兴，公司将 继续在力所能及的范围内为乡村振兴作出积极贡献。 45,pending
00065.HK,GRAND OCEAN AR,https://www1.hkexnews.hk/listedco/listconews/sehk/2026/0428/2026042802772.pdf,data/raw/hkex_reports/00065.HK/2025/annual_report.pdf,2,"Environmental, social and governance","e 3 Definitions 5 Chairman’s statement 6 Financial highlights 9 Management discussion and analysis 20 Profiles of directors and senior management 22 Corporate governance report 38 Environmental, social and governance report 71 Directors’ report 79 Independent auditor’s report 84 Consolidated statement of profit or loss 85 Consolidated statement of other comprehensive income 86 Consolidated statement of financial position 88 Consolidated statement of changes in equity 89 Consolidated statement of cash flows 91 Notes to the consolidated financial statements ANNUAL REPORT ",pending
00065.HK,GRAND OCEAN AR,https://www1.hkexnews.hk/listedco/listconews/sehk/2026/0428/2026042802772.pdf,data/raw/hkex_reports/00065.HK/2025/annual_report.pdf,39,"ENVIRONMENTAL, SOCIAL AND GOVERNANCE","ENVIRONMENTAL, SOCIAL AND GOVERNANCE REPORT About this Report The Group is committed to building an environmentally friendly corporation, while maintaining high quality standards in the production and sale of coal and minerals. The Group’s coal-related operations are based in a strategic location, Inner Mongolia, which possesses one of the richest low-rank coal reserves in the People’ s Republ",pending
00065.HK,GRAND OCEAN AR,https://www1.hkexnews.hk/listedco/listconews/sehk/2026/0428/2026042802772.pdf,data/raw/hkex_reports/00065.HK/2025/annual_report.pdf,40,"ENVIRONMENTAL, SOCIAL AND GOVERNANCE","ENVIRONMENTAL, SOCIAL AND GOVERNANCE REPORT About this Report (Continued) Scope of the ESG Report This ESG Report covers the core business with significant environmental and social impacts, specifically the coal mining site in Inner Mongolia, PRC. The headquarters in Hong Kong and other subsidiaries offices in the PRC exhibit minimal environmental and social impacts; therefore, they are reflec",pending
00065.HK,GRAND OCEAN AR,https://www1.hkexnews.hk/listedco/listconews/sehk/2026/0428/2026042802772.pdf,data/raw/hkex_reports/00065.HK/2025/annual_report.pdf,41,"ENVIRONMENTAL, SOCIAL AND GOVERNANCE","ENVIRONMENTAL, SOCIAL AND GOVERNANCE REPORT About this Report (Continued) The Group’s governance structure for its sustainability matters is as follows: Management team in coal mining production-related department Emission management Sewage management Energy management Supply chain management New technology application Board Project Group Management team in administration and human resources d",pending
00065.HK,GRAND OCEAN AR,https://www1.hkexnews.hk/listedco/listconews/sehk/2026/0428/2026042802772.pdf,data/raw/hkex_reports/00065.HK/2025/annual_report.pdf,42,"ENVIRONMENTAL, SOCIAL AND GOVERNANCE","ENVIRONMENTAL, SOCIAL AND GOVERNANCE REPORT About this Report (Continued) Stakeholder Engagement (Continued) The Group develops multiple channels for the stakeholders, summarised in the following table, which provide opportunities for them to express their views on the Group’s sustainability performance and future strategies. To reinforce mutual trust and respect, the Group is committed to mai",pending
00206.HK,CM-ENERGY,https://www1.hkexnews.hk/listedco/listconews/sehk/2026/0430/2026043001000.pdf,data/raw/hkex_reports/00206.HK/2025/annual_report.pdf,3,"ENVIRONMENTAL, SOCIAL AND GOVERNANCE","告 16 MANAGEMENT DISCUSSION AND ANALYSIS 20 管理層討論及分析 PROFILES OF DIRECTORS AND SENIOR MANAGEMENT 董事及高級管理層 38 REPORT OF THE DIRECTORS 45 董事會報告書 CORPORATE GOVERNANCE REPORT 70 企業管治報告 ENVIRONMENTAL, SOCIAL AND GOVERNANCE REPORT 環境、社會及管治報告 94 INDEPENDENT AUDITOR’S REPORT 195 獨立核數師報告 CONSOLIDATED FINANCIAL STATEMENTS 205 綜合財務報表 NOTES TO THE CONSOLIDATED FINANCIAL STATEMENTS 綜合財務報表附註 212 CORPORATE INFORMATION 322 公司資料",pending
00206.HK,CM-ENERGY,https://www1.hkexnews.hk/listedco/listconews/sehk/2026/0430/2026043001000.pdf,data/raw/hkex_reports/00206.HK/2025/annual_report.pdf,48,"ENVIRONMENTAL, SOCIAL AND GOVERNANCE","REPORT OF THE DIRECTORS 董事會報告書 ENVIRONMENTAL, SOCIAL AND GOVERNANCE POLICIES CM Energy considers a high degree of social responsibility, environmental protection, safety and sustainable economy as key factors in ensuring business continuity and success. The Company has introduced effective tools to ensure full implementation of social, safety and environmental policies within the Company to ensure compliance with the releva",pending
00206.HK,CM-ENERGY,https://www1.hkexnews.hk/listedco/listconews/sehk/2026/0430/2026043001000.pdf,data/raw/hkex_reports/00206.HK/2025/annual_report.pdf,72,"Environmental, Social and Governance"," More details of the Company’s culture and Company’s strategies could be found in different sections under the “Management Discussion and Analysis”, “Report of the Directors” and “Environmental, Social and Governance Report” in this report. CORPORATE GOVERNANCE PRACTICES For the year ended 31 December 2025, the Company has complied with all the applicable code provisions of the Corporate Governance Code (the “CG Code”) set out in Appendix C1 to the Listing Rules, except for a deviation from former code provision F.2.2 (renumbered as code provision F.1.3 with effect from",pending
00206.HK,CM-ENERGY,https://www1.hkexnews.hk/listedco/listconews/sehk/2026/0430/2026043001000.pdf,data/raw/hkex_reports/00206.HK/2025/annual_report.pdf,84,"environmental, social and governance","executive Directors, namely Mr. Zou Zhengdong, Ms. Zhang Zhen and Mr. Xue Jianzhong. The ESG Committee is mainly responsible for: (i) reviewing, developing and guiding the Group’s environmental, social and governance (“ESG”) vision, goals, strategies and structure and making recommendations to the Board on ESG matters, strategies and structure; (ii) identifying, determining and assessing the key trends in corporate ESG and the risks and opportunities related to ESG and report to the Board in this regard, if applicable; (iii) reviewing and assessing the adequacy and effe",pending
00206.HK,CM-ENERGY,https://www1.hkexnews.hk/listedco/listconews/sehk/2026/0430/2026043001000.pdf,data/raw/hkex_reports/00206.HK/2025/annual_report.pdf,96,"ENVIRONMENTAL, SOCIAL AND GOVERNANCE","ENVIRONMENTAL, SOCIAL AND GOVERNANCE REPORT 環境、社會及管治報告 ABOUT THIS REPORT Report Introduction CM Energy Technology Co., Ltd. and its subsidiaries (hereinafter referred to as “we”, “CM Energy”, or the “Group”) are pleased to release the 2025 Environmental, Social and Governance (ESG) Report (hereinafter referred to as “this Report”). This Report transparently discloses the Group’s environmental,",pending
002128.SZ,电投能源,https://disc.static.szse.cn/disc/disk03/finalpage/2026-04-15/3355aa03-a913-46f0-bfb2-14e9d92c7283.PDF,data/raw/002128.SZ/2025/annual_report.pdf,76,环境、社会及管治,会责任：公司积极践行绿色发展理念，将生态环境 保护要求融入发展战略和公司治理过程，主动开展污染防治、节约集约、绿 色低碳等工作。公司严格贯彻落实国家及公司脱贫攻坚和乡村振兴工作部署， 以公司绿色智慧能源发展助力脱贫攻坚，巩固脱贫成果，以建设公司特色的 乡村振兴示范村为支撑，形成企业发展与乡村振兴融合的长效帮扶机制，并 取得了显著成果。公司披露 2024 年度环境、社会及管治（ESG）报告。报告 期内，公司入选国资委央企 ESG 先锋 100 指数。 （八）信息披露与透明度：公司根据《公司章程》《信息披露管理办法》 和《投资者关系管理制度》等有关规定，认真履行信息披露义务。公司指定 《证券时报》《中国证券报》《上海证券报》及巨潮资讯网作为公司信息披 露的报纸和网站。保证公司信息披露的真实、准确、完整、及时，并确保所 有股东有平等的机会获得信息。2025 年 10 月，公司获中国证券报第 27 届上 市公司“金牛奖”2024 年度“最具投资价值奖” 。 公司治理结构完善，与《公司法》和中国证监会相关规定的要求不存在 差异。 公司治理的实际状况与法律、行政法规和中国证监会发布的关于上市公司治理的规定是否存在重大差异 □是 否 公司治理的实际状况与法律、行政法规和中国证监会发布的关于上,pending
002128.SZ,电投能源,https://disc.static.szse.cn/disc/disk03/finalpage/2026-04-15/3355aa03-a913-46f0-bfb2-14e9d92c7283.PDF,data/raw/002128.SZ/2025/annual_report.pdf,104,环境、社会及管治,打造“煤—新能源—电—铝”循环经济新范式，抓实污 染防治与生态修复；积极构建和谐公共关系，深化政企、校企、企企合作，同时深耕“映 山红”公益品牌，常态化开展公益志愿活动，以实干彰显央企责任与担当。2026 年公司将 继续以高质量发展为核心，深化绿色转型、强化社会责任履行，为保障国家能源安全、服 务区域经济社会发展贡献力量。 同日，公司在巨潮资讯网披露了《年度环境、社会及管治（ESG）报告》。 十七、巩固拓展脱贫攻坚成果、乡村振兴的情况 公司深入贯彻落实习近平总书记关于“三农”工作的重要指示批示精神，紧扣公司定 点帮扶（乡村振兴）工作目标，高质量推进定点帮扶（乡村振兴）工作落地实施，并取得 了显著成果。2025 年电投能源在通辽市库伦旗实施民生帮扶 1 项，在库伦旗茫汗苏木阿拉 达尔图嘎查，那仁朝格图耕地到阿木沙那耕地之间新建机耕路 1800 米，有效提升地企关 系，落实企业社会责任；在陕西省延川县实施产业帮扶共 1 项，支持延川县特色产业高质 量发展。两项帮扶合计执行金额 1130 万元。 全力推进库伦旗农村能源革命试点县项目建设（内蒙古自治区唯一入选国家首批 15 个农村能源革命试点县项目）， 一期工程聚焦 50MW 分散式风电、5MW 分布式光伏及绿美乡 村样板示范工程三大核,pending
002490.SZ,山东墨龙,https://disc.static.szse.cn/disc/disk03/finalpage/2026-04-01/6e2bee29-5946-4301-9895-ac7d1174e5b6.PDF,data/raw/002490.SZ/2025/annual_report.pdf,26,环境、社会及管治,大客户的销售额占公司本年度的总销售额约42.73%，其中本集团最大客户的销售额则占本集团总销 售额约11.75%。 本集团五大供货商的购货额占公司本年度的总购货额约36.79%， 其中本集团最大供货商的购货额则占公司总购货额约9.19%。 就董事所知，概无董事或彼等的紧密联系人，或拥有本公司已发行股本5%以上的现有股东，拥有任何五大客户及供货商中 的权益。 环境、社会及管治报告及社会责任情况 本集团采取的环保政策及社会责任的履行情况载于本年度报告 「环境和社会责任」 章节。 对于上市规则要求之环境、 社会及 管治报告，本公司将在刊发本年报时，同时刊发环境、社会及管治报告。 雇员 本集团的有关雇员情况和薪酬政策（包括厘定董事酬金的基础）载于本年度报告「公司员工情况」一节。 捐款 公司注重社会价值的创造， 自觉把履行社会责任的重点放在积极参加社会公益活动上， 积极投身社会公益慈善事业， 在力 所能及的范围内回馈社会。公司设立困难扶助基金，关爱并资助有困难的员工，创建和谐工作氛围。2025 年，公司共发 放困难扶助基金人民币 2.5 万元，用于对家庭困难职工的帮扶救助。 董事 于本年度及截至本年报日期为止，在任董事及监事如下： 执行董事： 韩高贵先生 袁 瑞先生 王 涛先生（职工代表董,pending
002606.SZ,大连电瓷,https://disc.static.szse.cn/disc/disk03/finalpage/2026-04-23/ecbc2b8f-2aac-4038-8ec6-07e0843517bb.PDF,data/raw/002606.SZ/2025/annual_report.pdf,77,环境、社会及管治,要子公司是否纳入环境信息依法披露企业名单 □是 否 十六、社会责任情况 “作为瓷绝缘子行业的领军企业，我们深知‘绿水青山就是金山银山’ 。报告期内，我们不仅关 注产品的绝缘性能，更关注其对环境的‘绝缘’保护。通过将绿色、低碳理念融入生产运营全过程，我 们致力于引领行业走出一条高质量、可持续的发展之路。 ” 1、绿色智造，引领低碳转型 报告期内，公司持续完善环境、社会及管治（ESG）体系，为回应投资者及利益相关方对可持续发 展的关切，大连工厂编制并发布了《环境、社会及管治（ESG）报告》，参照全球报告倡议组织（GRI） 标准，全面披露了公司在环境保护、社会责任与公司治理方面的战略、实践与绩效。作为公司 ESG 战略 在环境维度的卓越体现，大连工厂在 2025 年成功获评辽宁省省级绿色工厂。该荣誉是对公司践行绿色 低碳发展模式的高度认可。 1.1 构建清洁能源体系，优化用能结构 光伏发电规模化应用：公司充分利用厂区建筑屋顶资源，投资建设了分布式光伏电站，现已全面并 网发电，不仅直接降低了生产用电成本，更显著提升了绿色电力在公司能源消费中的占比。数智化空压 站管理系统建设：对主要用能设备（如空压机等）的运行状态与能耗数据进行实时采集、监测与分析。 窑炉余热回收系统升级：将隧道窑产生的,pending
00276.HK,MONGOLIA ENERGY,https://www1.hkexnews.hk/listedco/listconews/sehk/2026/0723/2026072300316.pdf,data/raw/hkex_reports/00276.HK/2026/annual_report.pdf,16,"Environmental, Social and Governance","are aware, MoEnCo has generally complied with its environmental duties as required by the Mongolian laws and regulations during the Financial Year. More details are set out in the Environmental, Social and Governance Report. Key Stakeholders Relationship Engaging and building relationships with stakeholders is the key to sustaining business. Our stakeholders are individuals, groups or organisations that affect and/or being affected by our business activities and performance. The stakeholders of the Group include our shareholders, employees, customers, contractors, vario",pending
00276.HK,MONGOLIA ENERGY,https://www1.hkexnews.hk/listedco/listconews/sehk/2026/0723/2026072300316.pdf,data/raw/hkex_reports/00276.HK/2026/annual_report.pdf,39,"environmental, social and governance","ations and experience of accounting staff of the Group, accounting and financial reporting function and their training programs and budgets as well as those related to the Group’s environmental, social and governance performance and reporting. Based on the results of evaluations and representations made by the Internal Auditor and the Independent Auditor for the Financial Year, the Audit Committee was satisfied that there was an ongoing process for identifying, evaluating and managing the significant risks faced by the Group that would threaten the achievement of its bu",pending
00276.HK,MONGOLIA ENERGY,https://www1.hkexnews.hk/listedco/listconews/sehk/2026/0723/2026072300316.pdf,data/raw/hkex_reports/00276.HK/2026/annual_report.pdf,47,"Environmental, Social and Governance","PERFORMANCE Discussions of the environmental policies and performance during the Financial Year are provided in the Management Discussion and Analysis on pages 13 to 14 and in the Environmental, Social and Governance Report. COMPLIANCE WITH RELEVANT LAWS AND REGULATIONS Discussions of the compliance with relevant laws and regulations which have a significant impact on the Group are set out in the Management Discussion and Analysis on pages 13 to 14. KEY RELATIONSHIPS WITH STAKEHOLDERS In relation to the Company’s key relationships with its stakeholders, discussions of t",pending
00276.HK,MONGOLIA ENERGY,https://www1.hkexnews.hk/listedco/listconews/sehk/2026/0723/2026072300316.pdf,data/raw/hkex_reports/00276.HK/2026/annual_report.pdf,74,"environmental, social and governance","ic payment system before the settlement date if specified criteria are met. The amendments clarify how to assess the contractual cash flow characteristics of financial assets with environmental, social and governance and other similar contingent features. Moreover, the amendments clarify the requirements for classifying financial assets with non-recourse features and contractually linked instruments. The amendments also include additional disclosures for investments in equity instruments designated at fair value through other comprehensive income and financial instrumen",pending
00295.HK,KONG SUN HOLD,https://www1.hkexnews.hk/listedco/listconews/sehk/2026/0428/2026042803631.pdf,data/raw/hkex_reports/00295.HK/2025/annual_report.pdf,2,"Environmental, Social and Governance","ement 6 Financial Highlights 7 Management Discussion and Analysis 29 Biographical Details of Directors and Senior Management 32 Directors’ Report 50 Corporate Governance Report 67 Environmental, Social and Governance Report 115 Independent Auditor’s Report 121 123 125 126 128 Consolidated Statement of Profit or Loss and Other Comprehensive Income Consolidated Statement of Financial Position Consolidated Statement of Changes in Equity Consolidated Statement of Cash Flows Notes to the Financial Statements 210 Five-Year Financial Summary",pending
00295.HK,KONG SUN HOLD,https://www1.hkexnews.hk/listedco/listconews/sehk/2026/0428/2026042803631.pdf,data/raw/hkex_reports/00295.HK/2025/annual_report.pdf,49,"ENVIRONMENTAL, SOCIAL AND GOVERNANCE"," Tang Jian CORPORATE GOVERNANCE The Company’s corporate governance principles and practices are set out in the Corporate Governance Report on pages 50 to 66 of this annual report. ENVIRONMENTAL, SOCIAL AND GOVERNANCE Information on the Company’s implementation of environmental and social responsibilities is set out in the Environmental, Social and Governance report on pages 67 to 114 of this annual report. AUDITOR On 7 January 2025, BDO Limited resigned as auditor of the Company. The Board appointed Suya WWC CPA Limited as the new auditor of the Company to fill the vaca",pending
00295.HK,KONG SUN HOLD,https://www1.hkexnews.hk/listedco/listconews/sehk/2026/0428/2026042803631.pdf,data/raw/hkex_reports/00295.HK/2025/annual_report.pdf,68,"ENVIRONMENTAL, SOCIAL AND GOVERNANCE","ENVIRONMENTAL, SOCIAL AND GOVERNANCE REPORT ABOUT THIS REPORT This environmental, social and governance (“ESG”) report of Kong Sun Holdings Limited (the “Group” or “we”) summarises and presents the sustainable development works of the Group from 1 January 2025 to 31 December 2025 (the “Year”). The ESG Report primarily sets out the overall environmental and social policies of the Group when con",pending
00295.HK,KONG SUN HOLD,https://www1.hkexnews.hk/listedco/listconews/sehk/2026/0428/2026042803631.pdf,data/raw/hkex_reports/00295.HK/2025/annual_report.pdf,69,"ENVIRONMENTAL, SOCIAL AND GOVERNANCE","ENVIRONMENTAL, SOCIAL AND GOVERNANCE REPORT (continued) Consistency In order to enhance and maintain comparability of ESG performances between years, the Group has strived to adopt consistent reporting and calculation methodologies as far as reasonably practicable. Any changes in methodologies and specific standards have been presented and explained in detail in corresponding sections. The Gro",pending
00295.HK,KONG SUN HOLD,https://www1.hkexnews.hk/listedco/listconews/sehk/2026/0428/2026042803631.pdf,data/raw/hkex_reports/00295.HK/2025/annual_report.pdf,70,"ENVIRONMENTAL, SOCIAL AND GOVERNANCE","ENVIRONMENTAL, SOCIAL AND GOVERNANCE REPORT (continued) ESG AND CLIMATE-RELATED GOVERNANCE FRAMEWORK The Group understands that good ESG governance is the key to the long-term development of an enterprise. To this end, the board of directors (the “Board”) of the Group upholds its primary leading role and management responsibilities in the ESG aspects, including overseeing the Group’s assessmen",pending
00353.HK,ENERGY INTINV,https://www1.hkexnews.hk/listedco/listconews/sehk/2025/0725/2025072500637.pdf,data/raw/00353.HK/2025/annual_report.pdf,19,環境、社會及管治,"nd governance aspects. 承擔 本集團認為，致力於員工發展、工作場所安全及 健康、多元化與可持續發展的文化，培養本集團 員工的使命感及對本集團使命的情感投入，為打 造強大、高效的員工隊伍奠定基調，從而為本集 團吸引、培養並挽留最優秀的人才，交付最優質 的工程。此外，本公司於業務發展及管理方面的 策略為實現長期、穩定及可持續的發展，同時在 環境、社會及管治方面作出適當的考量。 The Board sets and promotes corporate culture and expects and requires all employees to reinforce their awareness of our corporate culture through training and other activities. All of our new employees are required to attend orientation and training programs so that they may better understand our corporate culture, structure and policies, learn r",pending
00353.HK,ENERGY INTINV,https://www1.hkexnews.hk/listedco/listconews/sehk/2025/0725/2025072500637.pdf,data/raw/00353.HK/2025/annual_report.pdf,52,"environmental, social and governance","s including customers, suppliers and employees. Through regular stakeholder engagement via different channels, the stakeholders are encouraged to give their opinions regarding the environmental, social and governance policies of the Group. 與權益持有人的關係 本集團致力可持續經營，同時平衡各權益持有人 （包括客戶、供應商及僱員）的利益。權益持有人 獲鼓勵透過不同渠道定期參與表達對本集團環境、 社會及管治政策的意見。 This includes providing quality services to customers, developing effective and mutual beneficial working relationships with its suppliers, and offering competitive remuneration package with safety working environments to employees. 這包括向客戶提供高質服務、",pending
003816.SZ,中国广核,https://disc.static.szse.cn/disc/disk03/finalpage/2026-03-26/9ab2d2e1-0fbc-43a7-98ea-7f8e02043b16.PDF,data/raw/003816.SZ/2025/annual_report.pdf,6,环境、社会及管治,监督管理委员会 指 深圳证券交易所 指 香港联合交易所有限公司 指 世界核运营者协会 指 中国电力企业联合会 指 《中国广核电力股份有限公司章程》 指 《中华人民共和国公司法》 指 2025 年1 月1 日至2025 年 12 月 31 日止年度 指 已核准待 FCD 及在建核电机组 指 台山 3 号和4 号机组项目 指 防城港 5 号和6 号机组项目 指 环境、社会及管治 指 标准化、集约化、专业化 指 放射性液体废物和放射性气体废物 指 国际原子能机构施行的《国际核事件分级表（INES）》 指 核反应堆主厂房第一罐混凝土浇筑日 指 核电机组获得国务院核准至 FCD 指 FCD 至主厂房穹顶吊装就位 指 核反应堆主厂房穹顶吊装后开始核岛系统设备全面安装施工，至核岛主系统具备 冷态功能试验条件 指 核岛主系统冷态功能试验开始，电厂进入全面联合调试 指 发电机实现与电网首次并网后的调试，也意味着机组具备发电的能力 6,pending
00600.HK,AXERA,https://www1.hkexnews.hk/listedco/listconews/sehk/2026/0428/2026042800542.pdf,data/raw/hkex_reports/00600.HK/2025/annual_report.pdf,2,"Environmental, Social and Governance","orate Information Financial Highlights Business Review and Outlook Management Discussion and Analysis Directors and Senior Management Directors’ Report Corporate Governance Report Environmental, Social and Governance Report Independent Auditor’s Report  Consolidated Statements of Profit or Loss and Other Comprehensive Income Consolidated Statements of Financial Position Consolidated Statements of Changes in Equity Consolidated Statements of Cash Flows Notes to the Consolidated Financial Statements Four-Year Financial Summary Definitions",pending
00600.HK,AXERA,https://www1.hkexnews.hk/listedco/listconews/sehk/2026/0428/2026042800542.pdf,data/raw/hkex_reports/00600.HK/2025/annual_report.pdf,66,"ENVIRONMENTAL, SOCIAL AND GOVERNANCE","ENVIRONMENTAL, SOCIAL AND GOVERNANCE REPORT About This Report This report is the first Environmental, Social and Governance (ESG) Report released by Axera Semiconductor Co., Ltd. (hereinafter referred to as “Group”, our “Group”, “the Group”, “we” or “us”), aiming to present the Group’s management policies and performance in environmental, social and governance aspects in 2025. Reporting Period",pending
00600.HK,AXERA,https://www1.hkexnews.hk/listedco/listconews/sehk/2026/0428/2026042800542.pdf,data/raw/hkex_reports/00600.HK/2025/annual_report.pdf,67,"Environmental, Social and Governance","Environmental, Social and Governance Report (Continued) Contact Information We highly value the views of our stakeholders and the public regarding this report. Should you have any inquiries or suggestions, please contact the Group via the following channels. Address: Room 504, Sandhill Central, 505 Zhangjiang Road, Pudong New Area, Shanghai, PRC Email: ir@axera-tech.com Major Accolades Awards ",pending
00600.HK,AXERA,https://www1.hkexnews.hk/listedco/listconews/sehk/2026/0428/2026042800542.pdf,data/raw/hkex_reports/00600.HK/2025/annual_report.pdf,68,"Environmental, Social and Governance","Environmental, Social and Governance Report (Continued) Based on the external environment and the Group’s development strategy, and taking into account disclosure standard requirements, capital market attention, and stakeholder communications, the Group has identified key ESG issues, including human capital development (training and development), employment management, supply chain management,",pending
00600.HK,AXERA,https://www1.hkexnews.hk/listedco/listconews/sehk/2026/0428/2026042800542.pdf,data/raw/hkex_reports/00600.HK/2025/annual_report.pdf,69,"Environmental, Social and Governance","Environmental, Social and Governance Report (Continued) Stakeholders Concerns Communication Channels Group Responses Customers • • • • Protection of customer rights Product quality management Product R&D and technological innovation Information security and privacy protection • • • Daily operational communications Professional service teams Customer seminars • • • Suppliers and Partners • Gove",pending
00632.HK,CHK OIL,https://www1.hkexnews.hk/listedco/listconews/sehk/2026/0423/2026042300354.pdf,data/raw/hkex_reports/00632.HK/2025/annual_report.pdf,2,"Environmental, Social and Governance","Contents pages Corporate Information 2 Financial Highlights 3 Chairman’s Statement 4 Profiles of Directors 5 Management Discussion and Analysis 8 Environmental, Social and Governance Report 15 Corporate Governance Report 39 Directors’ Report 52 Independent Auditor’s Report 62 pages Consolidated Statement of Profit or Loss and Other Comprehensive Income 68 Consolidated Statement of Financial Position 69 Consolidated Statement of Changes in Equity 71 Consolidated Statement of Cash Flows 72 Notes to the Consolidated Financial Statements 73",pending
00632.HK,CHK OIL,https://www1.hkexnews.hk/listedco/listconews/sehk/2026/0423/2026042300354.pdf,data/raw/hkex_reports/00632.HK/2025/annual_report.pdf,16,"Environmental, Social and Governance","Environmental, Social and Governance Report ABOUT US The Company is principally engaged in the investment holding, exploring, exploiting and sale of oil and natural gas, and trading of oil, oil-related and other products. The Group holds exploitation interest in the Utah Gas and Oil Field located in Utah of the US. ABOUT THE ENVIRONMENTAL, SOCIAL AND GOVERNANCE REPORT This Environmental, Socia",pending
00632.HK,CHK OIL,https://www1.hkexnews.hk/listedco/listconews/sehk/2026/0423/2026042300354.pdf,data/raw/hkex_reports/00632.HK/2025/annual_report.pdf,17,"Environmental, Social and Governance","Environmental, Social and Governance Report BOARD STATEMENT Dear Valued Stakeholders, On behalf of the Board, I am pleased to present the ESG Report of the Group, which demonstrates our growing commitment to improving our ESG performance in five aspects, including corporate governance, environmental protection, employment practices, operating practices and community investment. The Group belie",pending
00632.HK,CHK OIL,https://www1.hkexnews.hk/listedco/listconews/sehk/2026/0423/2026042300354.pdf,data/raw/hkex_reports/00632.HK/2025/annual_report.pdf,18,"Environmental, Social and Governance","Environmental, Social and Governance Report ESG GOVERNANCE STRUCTURE To ensure the ESG governance aligns with its business strategy and commitment to sustainability, the Group has developed an ESG governance structure that integrates ESG management into its business operations and decision-making process. The Board holds the overall responsibility for the Group’s ESG issues and sets out ESG ma",pending
00632.HK,CHK OIL,https://www1.hkexnews.hk/listedco/listconews/sehk/2026/0423/2026042300354.pdf,data/raw/hkex_reports/00632.HK/2025/annual_report.pdf,19,"Environmental, Social and Governance","Environmental, Social and Governance Report Stakeholders Communication channels Expectations Suppliers and contractors • Business meetings, emails and phone calls • Review and assessment • Fair tendering • Business ethics and reputation • Long-term partnership Employees • Trainings, seminars and briefing sessions • Staff performance appraisal interviews • Emails • Career development opportunit",pending
00639.HK,SHOUGANG RES,https://www1.hkexnews.hk/listedco/listconews/sehk/2026/0430/2026043000571.pdf,data/raw/hkex_reports/00639.HK/2025/annual_report.pdf,2,"ENVIRONMENTAL, SOCIAL AND GOVERNANCE","MATION 公司資料 2 MAIN OPERATIONAL STRUCTURE 主要業務架構 4 FINANCIAL HIGHLIGHTS 財務摘要 5 OPERATING MINES 營運中之煤礦 7 CHAIRMAN’S STATEMENT 主席報告書 12 MANAGEMENT DISCUSSION AND ANALYSIS 管理層論述與分析 20 ENVIRONMENTAL, SOCIAL AND GOVERNANCE REPORT 環境、社會及管治報告 41 DIRECTORS’ BIOGRAPHIES 董事簡介 183 CORPORATE GOVERNANCE REPORT 企業管治報告 189 DIRECTORS’ REPORT 董事會報告 231 INDEPENDENT AUDITOR’S REPORT 獨立核數師報告 257 AUDITED CONSOLIDATED FINANCIAL STATEMENTS 經審核綜合財務報表 CONSOLIDATED STATEMENT OF PROFIT OR LOSS AND OTHER COMPREHENSIVE INCOME 綜合損益及其他全面收益表 266 CONSOLIDATED STATEMENT OF FINANCIAL POSITION 綜合財務狀況表 268 ",pending
00639.HK,SHOUGANG RES,https://www1.hkexnews.hk/listedco/listconews/sehk/2026/0430/2026043000571.pdf,data/raw/hkex_reports/00639.HK/2025/annual_report.pdf,41,"environmental, social and governance","iciency and cost control capabilities, and steadily advance the construction of intelligent mines at its three mining operations. Meanwhile, the Group will continue to improve its environmental, social and governance (“ESG”) management system, strengthen its sustainable development capabilities, and support the Company in achieving long-term, stable and healthy development, thereby delivering sustainable long-term returns to shareholders. 未來展望（續） 煤炭市場方面，安全生產、穩定供應，淘汰落 後產能等相關政策持續推進，全年產量有望保 持相對穩定。進口煤方面，國際價格波動與進 口結構變化仍將對國內市場產生影響，相信在 政策引導與市場機制共同作用下，煤炭市場預 計將維持基本平衡格局。 本集團將持續保持",pending
00639.HK,SHOUGANG RES,https://www1.hkexnews.hk/listedco/listconews/sehk/2026/0430/2026043000571.pdf,data/raw/hkex_reports/00639.HK/2025/annual_report.pdf,42,"ENVIRONMENTAL, SOCIAL AND GOVERNANCE","二零二五年年報 首鋼福山資源集團有限公司 41 ENVIRONMENTAL, SOCIAL AND GOVERNANCE REPORT 環境、社會及 管治報告 ABOUT THE REPORT The report details the corporate social responsibility ideas and practices and the progress made by Shougang Fushan Resources Group Limited (the “Company”) and its subsidiaries (collectively referred to as the “Group”) in the economic, social and environmental aspects. It truly reflects the Group’s proactive performance o",pending
00639.HK,SHOUGANG RES,https://www1.hkexnews.hk/listedco/listconews/sehk/2026/0430/2026043000571.pdf,data/raw/hkex_reports/00639.HK/2025/annual_report.pdf,43,"ENVIRONMENTAL, SOCIAL AND GOVERNANCE","SHOUGANG FUSHAN RESOURCES GROUP LIMITED 42 Annual Report 2025 ENVIRONMENTAL, SOCIAL AND GOVERNANCE REPORT (continued) 環境、社會及 管治報告（續） ABOUT THE REPORT (continued) • References The report is prepared based on the Environmental, Social and Governance Reporting Code (“ESG Reporting Code”) in Appendix C2 of the Main Board and GEM Listing Rules of the Stock Exchange of Hong Kong Limited (the “Stock Exchange”). It also refers to the GRI standards (GRI standards",pending
00639.HK,SHOUGANG RES,https://www1.hkexnews.hk/listedco/listconews/sehk/2026/0430/2026043000571.pdf,data/raw/hkex_reports/00639.HK/2025/annual_report.pdf,44,"ENVIRONMENTAL, SOCIAL AND GOVERNANCE","二零二五年年報 首鋼福山資源集團有限公司 43 ENVIRONMENTAL, SOCIAL AND GOVERNANCE REPORT (continued) 環境、社會及 管治報告 （續） ESG STATEMENT OF THE BOARD OF DIRECTORS (continued) To systematically promote ESG management, the Group has established a complete ESG governance structure, clarifying the rights and responsibilities of each level. As the highest decision- making body for ESG affairs, the Board of Directors is responsible for reviewing ESG",pending
00645.HK,ARES ASIA,https://www1.hkexnews.hk/listedco/listconews/sehk/2026/0720/2026072001465.pdf,data/raw/hkex_reports/00645.HK/2025/annual_report.pdf,2,"Environmental, Social and Governance","2026 2 Corporate Information 4 Chairman’s Statement 5 Management Discussion and Analysis 9 Directors’ Report 18 Biographical Details of Directors 20 Corporate Governance Report 35 Environmental, Social and Governance Report 58 Independent Auditor’s Report 63 Consolidated Statement of Comprehensive Income 64 Consolidated Statement of Financial Position 65 Consolidated Statement of Changes in Equity 66 Consolidated Statement of Cash Flows 67 Notes to the Consolidated Financial Statements 108 Financial Summary",pending
00645.HK,ARES ASIA,https://www1.hkexnews.hk/listedco/listconews/sehk/2026/0720/2026072001465.pdf,data/raw/hkex_reports/00645.HK/2025/annual_report.pdf,10,"environmental, social and governance","y with laws and regulations regarding environmental protection and adopt effective measures to achieve efficient use of resources, energy saving and waste reduction. The Company’s environmental, social and governance report are set out in the Environmental, Social and Governance Report on pages 35 to 57 of this annual report. COMPLIANCE WITH THE RELEVANT LAWS AND REGULATIONS As far as the Board is aware, the Group has complied with the relevant laws and regulations in material respects that have a significant impact on the business and operation of the Group. During the",pending
00645.HK,ARES ASIA,https://www1.hkexnews.hk/listedco/listconews/sehk/2026/0720/2026072001465.pdf,data/raw/hkex_reports/00645.HK/2025/annual_report.pdf,36,"ENVIRONMENTAL, SOCIAL AND GOVERNANCE","Ares Asia Limited Annual Report 2025-2026 ENVIRONMENTAL, SOCIAL AND GOVERNANCE REPORT ABOUT THE REPORT Ares Asia Limited (the “Company” and together with its subsidiaries, the “Group”) is delighted to present the Environmental, Social and Governance Report (“ESG Report”). This report aims to enhance stakeholders’ recognition of the Group’s environment and society performance and their understanding of the Group’s strategy for sustaina",pending
00645.HK,ARES ASIA,https://www1.hkexnews.hk/listedco/listconews/sehk/2026/0720/2026072001465.pdf,data/raw/hkex_reports/00645.HK/2025/annual_report.pdf,37,"ENVIRONMENTAL, SOCIAL AND GOVERNANCE","Ares Asia Limited Annual Report 2025-2026 ENVIRONMENTAL, SOCIAL AND GOVERNANCE REPORT The Management acknowledges and is responsible for the day-to-day oversight of ESG-related matters, which includes: • • • • • designing, implementing, and monitoring ESG risk management and internal control systems; developing ESG policies and practices; setting and executing the ESG management approach, strategy, priorities, objectives and performan",pending
00645.HK,ARES ASIA,https://www1.hkexnews.hk/listedco/listconews/sehk/2026/0720/2026072001465.pdf,data/raw/hkex_reports/00645.HK/2025/annual_report.pdf,38,"ENVIRONMENTAL, SOCIAL AND GOVERNANCE","Ares Asia Limited Annual Report 2025-2026 ENVIRONMENTAL, SOCIAL AND GOVERNANCE REPORT MATERIALITY ASSESSMENT The Group conducts an annual materiality assessment to systematically identify and prioritize material environmental and social issues by analyzing stakeholder concerns. The priority of ESG issues is reviewed by benchmarking against sustainability reporting standards. The specific process is as follows: Engaging with senior man",pending
00650.HK,PRODUCTIVE TECH,https://www1.hkexnews.hk/listedco/listconews/sehk/2025/0730/2025073000464.pdf,data/raw/00650.HK/2025/annual_report.pdf,2,"ENVIRONMENTAL, SOCIAL AND GOVERNANCE","ANAGEMENT DISCUSSION AND ANAL YSIS 管理層討論及分析 18 DIRECTORS’ AND SENIOR MANAGEMENT’S BIOGRAPHIES 董事及高級管理人員簡介 57 REPORT OF THE DIRECTORS 董事會報告 66 CORPORATE GOVERNANCE REPORT 企業管治報告 90 ENVIRONMENTAL, SOCIAL AND GOVERNANCE REPORT 環境、社會及管治報告 113 INDEPENDENT AUDITOR’S REPORT 獨立核數師報告 207 AUDITED CONSOLIDATED FINANCIAL STATEMENTS 經審核綜合財務報表 CONSOLIDATED STATEMENT OF PROFIT OR LOSS 綜合損益表 215 CONSOLIDATED STATEMENT OF PROFIT OR LOSS AND OTHER COMPREHENSIVE INCOME 綜合損益及其他全面收益表 217 CONSOLIDATED STATEMENT OF FINANCIAL POSITION 綜合財務狀況表 218 CONSOLIDATED STATEMENT OF CHANGES IN EQUITY 綜合權",pending
00650.HK,PRODUCTIVE TECH,https://www1.hkexnews.hk/listedco/listconews/sehk/2025/0730/2025073000464.pdf,data/raw/00650.HK/2025/annual_report.pdf,89,"Environmental, Social and Governance","4, and the circular of the Company dated 6 September 2022. ENVIRONMENTAL POLICY AND PERFORMANCE Details of the environmental policy and performance of the Group are set out in the Environmental, Social and Governance Report on pages 113 to 206 of this annual report. RELATIONSHIPS WITH EMPLOYEES, SUPPLIERS AND CUSTOMERS Details of the relationships of the Group with employees, suppliers and customers are set out in the Environmental, Social and Governance Report on pages 113 to 206 of this annual report. COMPLIANCE WITH LAWS AND REGULATIONS In FY2024, as far as the Compa",pending
00650.HK,PRODUCTIVE TECH,https://www1.hkexnews.hk/listedco/listconews/sehk/2025/0730/2025073000464.pdf,data/raw/00650.HK/2025/annual_report.pdf,114,"ENVIRONMENTAL, SOCIAL AND GOVERNANCE","ENVIRONMENTAL, SOCIAL AND GOVERNANCE REPORT 環境、社會及管治報告 CONTENTS 目錄 ABOUT THIS REPORT 關於本報告 114 STATEMENT OF THE BOARD OF DIRECTORS 董事會聲明 116 VISION OF ESG MANAGEMENT ESG管理願景 117 STAKEHOLDER ENGAGEMENT 利益相關方溝通 118 MATERIALITY ASSESSMENT 重要性評估 121 1. STABLE BUSINESS OPERATION, MUTUAL BENEFIT 1.穩健經營 互惠共贏 123 AND WIN-WIN 1.1 Rising to the Challenge and Pursuing Innovation-driven 1.1勇於挑戰 創新引領 123 D",pending
00650.HK,PRODUCTIVE TECH,https://www1.hkexnews.hk/listedco/listconews/sehk/2025/0730/2025073000464.pdf,data/raw/00650.HK/2025/annual_report.pdf,115,"ENVIRONMENTAL, SOCIAL AND GOVERNANCE","ENVIRONMENTAL, SOCIAL AND GOVERNANCE REPORT 環境、社會及管治報告 ABOUT THIS REPORT This is the ninth Environmental, Social and Governance (“ESG”) Report issued by Productive Technologies Company Limited (the “Company”). This report mainly introduces the Company and its subsidiaries’ (the “Group”) policies and measures regarding ESG issues and is meant to strengthen communication and engagement with inte",pending
00650.HK,PRODUCTIVE TECH,https://www1.hkexnews.hk/listedco/listconews/sehk/2025/0730/2025073000464.pdf,data/raw/00650.HK/2025/annual_report.pdf,116,"ENVIRONMENTAL, SOCIAL AND GOVERNANCE","ENVIRONMENTAL, SOCIAL AND GOVERNANCE REPORT 環境、社會及管治報告 T i me R an ge The Company ’s ESG report is an annual report and this report is for the period from 1 April 2024 to 31 March 2025. 時 間範 圍 本公司的環境、社會及管治報告為年度報告， 報告期間為二零二四年四月一日至二零二五 年三月三十一日。 P ri nci pl e of P re parat i on This report is prepared according to the following principles: 編 製 原則 本報告乃根據以下原則編製： Materiality: We identified key ESG i",pending
00689.HK,EPI (HOLDINGS),https://www1.hkexnews.hk/listedco/listconews/sehk/2026/0429/2026042902496.pdf,data/raw/hkex_reports/00689.HK/2025/annual_report.pdf,3,"Environmental, Social and Governance","atement from the Board 7 Management Discussion and Analysis 23 Biographical Details of Directors and Senior Management 25 Report of the Directors 31 Corporate Governance Report 47 Environmental, Social and Governance Report 82 Independent Auditor’s Report 87 Consolidated Statement of Profit or Loss and Other Comprehensive Income 89 Consolidated Statement of Financial Position 91 93 Consolidated Statement of Changes in Equity Consolidated Statement of Cash Flows 95 Notes to the Consolidated Financial Statements 168 Five-Year Financial Summary",pending
00689.HK,EPI (HOLDINGS),https://www1.hkexnews.hk/listedco/listconews/sehk/2026/0429/2026042902496.pdf,data/raw/hkex_reports/00689.HK/2025/annual_report.pdf,27,"Environmental, Social and Governance","es 31 to 46 of this annual report. These discussions form part of this report. In addition, discussions on the Group’s environmental policies and performance are contained in the “Environmental, Social and Governance Report” on pages 47 to 81 of this annual report. RESULTS The results of the Group for the year ended 31 December 2025 are set out in the consolidated statement of profit or loss and other comprehensive income on page 87. FINAL DIVIDEND The Board does not recommend the payment of a final dividend for the year ended 31 December 2025 (2024: nil). FIVE-YEAR FIN",pending
00689.HK,EPI (HOLDINGS),https://www1.hkexnews.hk/listedco/listconews/sehk/2026/0429/2026042902496.pdf,data/raw/hkex_reports/00689.HK/2025/annual_report.pdf,44,"environmental, social and governance","Corporate Governance Report RISK MANAGEMENT AND INTERNAL CONTROL (continued) The process used to identify, evaluate and manage significant risks (including environmental, social and governance (“ESG”) risks) of the Group is embedded in the Group’s normal business operations. Organisational structure is well established with clearly defined authorities and responsibilities, and the Group has developed various risk management and internal control policies and procedures for each business unit to follow. Business units are responsible for identifyin",pending
00689.HK,EPI (HOLDINGS),https://www1.hkexnews.hk/listedco/listconews/sehk/2026/0429/2026042902496.pdf,data/raw/hkex_reports/00689.HK/2025/annual_report.pdf,49,"Environmental, Social and Governance","Environmental, Social and Governance Report INTRODUCTION The Board is pleased to present this Environmental, Social and Governance (“ESG“) Report (“ESG Report“) of the Group for the year ended 31 December 2025 (the “Reporting Period“ or ‘‘FY2025“). The Group is principally engaged in the business of petroleum exploration and production, solar energy, money lending and investment in securities.",pending
00689.HK,EPI (HOLDINGS),https://www1.hkexnews.hk/listedco/listconews/sehk/2026/0429/2026042902496.pdf,data/raw/hkex_reports/00689.HK/2025/annual_report.pdf,50,"Environmental, Social and Governance","Environmental, Social and Governance Report REPORTING PRINCIPLES (continued) Balance: Every effort has been made in this ESG Report to reflect the performance of the Group’s ESG activities impartially and has avoided selection, omission or presentation of format that might inappropriately influence the decision or judgment of the readers of this ESG Report. Consistency: The approach in prepari",pending
00704.HK,HUSCOKE HLDGS,https://www1.hkexnews.hk/listedco/listconews/sehk/2025/0730/2025073000498.pdf,data/raw/00704.HK/2025/annual_report.pdf,2,"Environmental, Social and Governance"," Discussion and Analysis 管理層討論及分析 4 Biographical Details of Directors and Senior Management 董事及高級管理層之履歷詳情 15 Report of the Directors 董事會報告 22 Corporate Governance Report 企業管治報告 37 Environmental, Social and Governance Report 環境、社會及管治報告 60 Independent Auditor’s Report 獨立核數師報告 104 Consolidated Statement of Profit or Loss and Comprehensive Income 綜合損益及全面收益表 109 Consolidated Statement of Financial Position 綜合財務狀況表 111 Consolidated Statement of Changes in Equity 綜合權益變動表 113 Consolidated Statement of Cash Flows 綜合現金流量表 114 Notes to the Consolidated Financial Statements 綜合財務報表附",pending
00704.HK,HUSCOKE HLDGS,https://www1.hkexnews.hk/listedco/listconews/sehk/2025/0730/2025073000498.pdf,data/raw/00704.HK/2025/annual_report.pdf,23,ESG Report,"REPORT OF THE DIRECTORS 董事會報告 The Directors are pleased to present their report, the CG Report and the ESG Report together with the audited consolidated financial statements for the year ended 31 March 2025. PRINCIPAL ACTIVITIES The Company is an investment holding company. The Group is principally engaged in coke trading business, coal-related ancillary business and coke production business. The activities of each of its principal subsidiaries are set out in note 1 of",pending
00704.HK,HUSCOKE HLDGS,https://www1.hkexnews.hk/listedco/listconews/sehk/2025/0730/2025073000498.pdf,data/raw/00704.HK/2025/annual_report.pdf,36,"ENVIRONMENTAL, SOCIAL AND GOVERNANCE"," will be made by the Company to inform the Shareholders and potential investors of the Company of any significant developments in relation to the Petition as and when appropriate. ENVIRONMENTAL, SOCIAL AND GOVERNANCE The Group is committed to supporting sustainability of the environment and endeavours to comply with laws and regulations regarding environmental protection and to adopt measures to achieve efficient use of resources, energy saving and waste reduction. The details of environmental, social and governance information of the Group for the year ended 31 March 2",pending
00704.HK,HUSCOKE HLDGS,https://www1.hkexnews.hk/listedco/listconews/sehk/2025/0730/2025073000498.pdf,data/raw/00704.HK/2025/annual_report.pdf,55,"Environmental, Social and Governance","employees 其他僱員 40% (2) 60% (3) Overall workforce 整體員工 27% (4) 73% (11) Details on the gender ratio of the Group in Mainland China, together with relevant data, can be found in the Environmental, Social and Governance Report on pages 60 to 103 of this Annual Report. Currently, the Board consists of only male members. Having reviewed the Board composition, the Board recognises the importance and benefits of gender diversity at the Board level and shall continue to review the gender diversity of the Group from time to time to ensure its appropriateness and take initiatives",pending
00704.HK,HUSCOKE HLDGS,https://www1.hkexnews.hk/listedco/listconews/sehk/2025/0730/2025073000498.pdf,data/raw/00704.HK/2025/annual_report.pdf,56,"Environmental, Social and Governance","e and extent of significant ESG risks (if any); and (iii) the scope and quality of management’s ongoing monitoring of ESG risks. For further details, please refer to the Company’s Environmental, Social and Governance Report on pages 60 to 103 of this Annual Report. 甄選董事會成員候選人將按一系列多元化 範疇為基準，包括但不限於性別、年齡、文 化及教育背景、專長或專業經驗。董事會未 來 擬 於 董 事 會 內 維 持 至 少 一 名 女 性 董 事。 最終決定將會根據選定候選人之長處及其 可為董事會帶來之貢獻而作出。 企業宗旨、戰略及企業文化 董事會界定本公司宗旨、價值及戰略，並認 為 應 與 本 公 司 企 業 文 化 一 致。本 集 團 致 力 於投資焦炭貿易、洗原煤以製成精煤、銷售 電能及熱能（產生之副產品）以及加工精煤 等 行 業，為 消 費 者 創 造 價 值 並 持 續 為 股 東 帶 來 具 吸 引 力 的 回 報。縱 使 營 運 環 境 瞬 息 萬變，但本集團",pending
00866.HK,CHINA QINFA,https://www1.hkexnews.hk/listedco/listconews/sehk/2026/0427/2026042701905.pdf,data/raw/hkex_reports/00866.HK/2025/annual_report.pdf,2,"ENVIRONMENTAL, SOCIAL AND GOVERNANCE","NT 主席報告書 9 MANAGEMENT DISCUSSION AND ANALYSIS 管理層討論與分析 31 DIRECTORS’ REPORT 董事會報告 66 PROFILE OF DIRECTORS AND SENIOR MANAGEMENT 董事及高級管理層履歷 75 CORPORATE GOVERNANCE REPORT 企業管治報告 95 ENVIRONMENTAL, SOCIAL AND GOVERNANCE REPORT 環境、社會及管治報告 CONSOLIDATED FINANCIAL STATEMENTS 綜合財務報表 182 INDEPENDENT AUDITOR’S REPORT 獨立核數師報告 190 CONSOLIDATED STATEMENT OF COMPREHENSIVE INCOME 綜合全面收入表 193 CONSOLIDATED STATEMENT OF FINANCIAL POSITION 綜合財務狀況表 195 CONSOLIDATED STATEMENT OF CHANGES IN EQUITY 綜合權益變動表 198 CONSOLIDATED STATEMENT OF CASH FLOWS 綜合現金流量表 201 NOTES TO THE CONSOLIDATED FINANCIA",pending
00866.HK,CHINA QINFA,https://www1.hkexnews.hk/listedco/listconews/sehk/2026/0427/2026042701905.pdf,data/raw/hkex_reports/00866.HK/2025/annual_report.pdf,4,"ENVIRONMENTAL, SOCIAL AND GOVERNANCE","CORPORATE INFORMATION 公司資料 ENVIRONMENTAL, SOCIAL AND GOVERNANCE COMMITTEE Mr. XU Da (Chairman) Mr. BAI Tao Mr. ZHAI Yifeng COMPANY SECRETARY Mr. OR Chun Wai Dennis AUTHORISED REPRESENTATIVES Mr. BAI Tao Mr. OR Chun Wai Dennis REGISTERED OFFICE Cricket Square Hutchins Drive, P.O. Box 2681 Grand Cayman KY1–1111, Cayman Islands PRINCIPAL PLACE OF BUSINESS OF THE GROUP’S SUBSIDIARIES IN CHINA Unit Nos. 2201 to 2208 Level 22",pending
00866.HK,CHINA QINFA,https://www1.hkexnews.hk/listedco/listconews/sehk/2026/0427/2026042701905.pdf,data/raw/hkex_reports/00866.HK/2025/annual_report.pdf,35,"Environmental, social and governance","DIRECTORS’ REPORT 董事會報告 ENVIRONMENTAL POLICIES AND PERFORMANCE Environmental, social and governance policies of the Company are listed out below. For details of environmental performance, please refer to “Environmental, Social and Governance Report” of this annual report. Environment • To strictly abide by environmental laws and regulations in the Republic of Indonesia (the “Indonesia”), including but not limited to Law on Environmental Protection and Man",pending
00866.HK,CHINA QINFA,https://www1.hkexnews.hk/listedco/listconews/sehk/2026/0427/2026042701905.pdf,data/raw/hkex_reports/00866.HK/2025/annual_report.pdf,37,"Environmental, Social and Governance","DIRECTORS’ REPORT 董事會報告 Governance • The Environmental, Social and Governance Committee (the “ESG Committee”) was established on 6 December 2021, which is responsible for: • Monitoring the implementation of this policy and reviewing it from time to time, • Approving changes or updates to this policy, and • Ensuring that responsible procurement is practiced during our course of business and along the entire supply chain, and that our ",pending
00866.HK,CHINA QINFA,https://www1.hkexnews.hk/listedco/listconews/sehk/2026/0427/2026042701905.pdf,data/raw/hkex_reports/00866.HK/2025/annual_report.pdf,38,"Environmental, Social and Governance","f relationship with the employees and suppliers, please refer to “Stakeholder Engagement” , “People Empowerment” , “Training and Development” and “Supply Chain Management” in the “Environmental, Social and Governance Report” in this annual report. COMPLIANCE WITH LAWS AND REGULATIONS The directors believe that the Group has complied in all material aspects with the relevant laws and regulations that are related to the business and operation of the Group. There was no material breach of or non-compliance with relevant laws and regulations which might have a significant i",pending
00931.HK,CHINA HK POWER,https://www1.hkexnews.hk/listedco/listconews/sehk/2026/0724/2026072400746.pdf,data/raw/hkex_reports/00931.HK/2026/annual_report.pdf,2,"Environmental, Social and Governance","te Information 2 Chairman’s Statement 3 Management Discussion and Analysis 5 Biographical of Directors and Senior Management 18 Corporate Governance Report 20 Directors’ Report 33 Environmental, Social and Governance Report 42 Independent Auditor’s Report 64 Consolidated Statement of Profit or Loss 69 Consolidated Statement of Other Comprehensive Income Consolidated Statement of Financial Position 70 71 Consolidated Statement of Changes in Equity Consolidated Statement of Cash Flows 73 74 Notes to the Consolidated Financial Statements 76 Financial Summary 162 CHINA HK P",pending
00931.HK,CHINA HK POWER,https://www1.hkexnews.hk/listedco/listconews/sehk/2026/0724/2026072400746.pdf,data/raw/hkex_reports/00931.HK/2026/annual_report.pdf,42,"Environmental, Social and Governance","ation by saving electricity and encouraging the recycling of office supplies and other materials. Details of the Company’s environmental policy and performance are set out in the “Environmental, Social and Governance Report” section contained in this annual report. COMPLIANCE WITH RELEVANT LAWS AND REGULATIONS During the Current Year, as far as the Company is aware, there was no material breach of or non-compliance with applicable laws and regulations by the Company that has a significant impact on the Company. IMPORTANT EVENTS AFTER YEAR END Please refer to note 39 of ",pending
00931.HK,CHINA HK POWER,https://www1.hkexnews.hk/listedco/listconews/sehk/2026/0724/2026072400746.pdf,data/raw/hkex_reports/00931.HK/2026/annual_report.pdf,43,"Environmental, Social and Governance","Environmental, Social and Governance Report INTRODUCTION This Environmental, Social and Governance (“ESG”) Report (the “ESG Report”) for the year ended 31 March 2026 (the “Current Year” or “2026”) summarises the ESG initiatives, plans and performance of China HK Power Smart Energy Group Limited (the “Company”) and its subsidiaries (the “Group” or “we”), specifies comparative data for the year ",pending
00931.HK,CHINA HK POWER,https://www1.hkexnews.hk/listedco/listconews/sehk/2026/0724/2026072400746.pdf,data/raw/hkex_reports/00931.HK/2026/annual_report.pdf,44,"Environmental, Social and Governance","Environmental, Social and Governance Report REPORTING FRAMEWORK This ESG Report has been prepared in accordance with the Environmental, Social and Governance Reporting Code (the “ESG Reporting Code”) as set out in Appendix C2 of the Rules Governing the Listing of Securities on the Main Board of The Stock Exchange of Hong Kong Limited (the “Stock Exchange”). The ESG Report adheres to the report",pending
00931.HK,CHINA HK POWER,https://www1.hkexnews.hk/listedco/listconews/sehk/2026/0724/2026072400746.pdf,data/raw/hkex_reports/00931.HK/2026/annual_report.pdf,45,"Environmental, Social and Governance","Environmental, Social and Governance Report Stakeholders Communication channels Expectations and demands Employees • Government and regulatory authorities Customers • Suppliers • Communities • • • • • • • • • • • • • • • • • Training activities Team building activities Regular performance assessments Staff meetings Daily communications and reporting Compliance management Tax reporting Informat",pending
00975.HK,MONGOL MINING,https://www1.hkexnews.hk/listedco/listconews/sehk/2026/0428/2026042800522.pdf,data/raw/hkex_reports/00975.HK/2025/annual_report.pdf,2,ESG Disclosure,diversity 39 Tailings management 41 Stakeholder engagement 42 Community 44 Employment practices 46 Health & Safety 48 Ethics and Responsible Operations 49 Independent Assurance 50 ESG Disclosure Index 51 Governance 57 Financial Statements 77 Independent Auditor’s Report 78 Consolidated Statement of Profit or Loss 81 Consolidated Statement of Profit or Loss and Other Comprehensive Income 81 Consolidated Statement of Financial Position 82 Consolidated Statement of Changes in Equity 83 Consolidated Cash Flow Statement 84 Notes to Consolidated Financia,pending
00975.HK,MONGOL MINING,https://www1.hkexnews.hk/listedco/listconews/sehk/2026/0428/2026042800522.pdf,data/raw/hkex_reports/00975.HK/2025/annual_report.pdf,6,"Environmental, Social and Governance","s a non-executive Director of the Company. Ms. Gombo was appointed as a non-executive Director of the Company on 30 September 2017. She is also a member of the Audit Committee and Environmental, Social and Governance Committee of the Company. Ms. Gombo holds the position of vice president and director of the Finance Department of MCS Holding LLC and is a board member of MCS Mongolia LLC, a controlling shareholder of the Company. Ms. Gombo joined MCS Holding LLC in 2003 as a financial analyst, subsequently appointed as the head of the Planning Unit under the Finance Depa",pending
00975.HK,MONGOL MINING,https://www1.hkexnews.hk/listedco/listconews/sehk/2026/0428/2026042800522.pdf,data/raw/hkex_reports/00975.HK/2025/annual_report.pdf,7,"Environmental, Social and Governance"," of the Company. Mr. Chan was appointed as an independent non-executive Director of the Company on 16 September 2010. He is the Chairman of the Audit Committee and a member of the Environmental, Social and Governance Committee of the Company. From 1980 to 2007, Mr. Chan held various positions in Citigroup, including management associate, country treasurer and head of sales and trading, head of corporate banking business for Hong Kong, country officer for Taiwan, chief operating officer for Greater China, country officer for Hong Kong and head of corporate and investment",pending
00975.HK,MONGOL MINING,https://www1.hkexnews.hk/listedco/listconews/sehk/2026/0428/2026042800522.pdf,data/raw/hkex_reports/00975.HK/2025/annual_report.pdf,29,"Environmental, Social and Governance","f its ongoing organisational development. The Board maintains direct oversight through its dedicated committees (Audit Committee, Remuneration Committee, Nomination Committee, and Environmental, Social and Governance Committee). The Board independence and diversity is ensured by Independent Non-executive Directors (“INED”) constituting 43% of the Board, which exceeds level required by Hong Kong Stock Exchange (“HKSE”) Listing Rules, while 43% of the Board are female Directors, which, I believe, is well above average for companies listed at HKSE. We are committed to envi",pending
00975.HK,MONGOL MINING,https://www1.hkexnews.hk/listedco/listconews/sehk/2026/0428/2026042800522.pdf,data/raw/hkex_reports/00975.HK/2025/annual_report.pdf,50,sustainability report,"ibery Policy, inside information handling procedures, and data confidentiality controls are set out in the Corporate Governance Report of this Annual Re- port. This section of the sustainability report focuses on the operational and stakeholder-facing dimensions of responsi- ble business — including our supply chain, the stakeholder reach of our ethics and reporting mechanisms, our human rights commitments, and our approach to tax transparency. SUPPLY CHAIN AND RESPONSIBLE SOURCING Our supply chain spans domestic and international suppliers across mining ",pending
01080.HK,SHENGLI PIPE,https://www1.hkexnews.hk/listedco/listconews/sehk/2026/0417/2026041700264.pdf,data/raw/hkex_reports/01080.HK/2025/annual_report.pdf,3,"Environmental, Social and Governance","ive Officer’s Statement 4 Management Discussion and Analysis 9 Biographical Details of Directors and Senior Management 17 Report of the Directors 22 Corporate Governance Report 37 Environmental, Social and Governance Report 52 Independent Auditor’s Report 101 Consolidated Statement of Profit or Loss and Other 108 Comprehensive Income Consolidated Statement of Financial Position 110 Consolidated Statement of Changes in Equity 112 Consolidated Statement of Cash Flows 114 Notes to the Consolidated Financial Statements 116 Five-Year Financial Summary 196 ANNUAL REPORT 2025 ",pending
01080.HK,SHENGLI PIPE,https://www1.hkexnews.hk/listedco/listconews/sehk/2026/0417/2026041700264.pdf,data/raw/hkex_reports/01080.HK/2025/annual_report.pdf,25,"Environmental, Social and Governance","roving the internal environmental protection system from time to time. Details of the Group’s development, performance and operation in the environmental aspect are set out in the Environmental, Social and Governance Report on pages 52 to 100 of this annual report. COMPLIANCE WITH LAWS AND REGULATIONS The Group has adopted internal control and risk management policies to monitor the on-going compliance with the relevant laws and regulations. As far as the Board is concerned, the Group has complied with the relevant laws and regulations that have a significant impact on ",pending
01080.HK,SHENGLI PIPE,https://www1.hkexnews.hk/listedco/listconews/sehk/2026/0417/2026041700264.pdf,data/raw/hkex_reports/01080.HK/2025/annual_report.pdf,49,ESG Report," to gender, age, cultural and educational background, and make recommendations to the Board to meet the diversity strategy of the Company. For further details, please refer to our ESG Report. With reference to the above measurable objectives, the Nomination Committee is satisfied with the successful implementation of the board diversity policy. For the year ended 31 December 2025, the Company had achieved all of the five measurable objectives of the board diversity policy listed above. The Nomination Committee will continue to monitor the imple",pending
01080.HK,SHENGLI PIPE,https://www1.hkexnews.hk/listedco/listconews/sehk/2026/0417/2026041700264.pdf,data/raw/hkex_reports/01080.HK/2025/annual_report.pdf,51,"environmental, social and governance","g internal audit every half year, conducting supervision and examination on financial management, contract management, human resources management, significant investment projects, environmental, social and governance issues etc., identifying problems and overseeing the rectification and correction of these problems, and reporting to the Audit Committee and the Board any material issues identified in the internal audit and the rectification and correction thereof for their review. The Board holds meetings to review the effectiveness of the risk management and internal co",pending
01080.HK,SHENGLI PIPE,https://www1.hkexnews.hk/listedco/listconews/sehk/2026/0417/2026041700264.pdf,data/raw/hkex_reports/01080.HK/2025/annual_report.pdf,54,"ENVIRONMENTAL, SOCIAL AND GOVERNANCE","ENVIRONMENTAL, SOCIAL AND GOVERNANCE REPORT 1. ABOUT THE REPORT The Environmental, Social and Governance (“ESG”) Report of the Group (the “Report”) aims to elaborate on the Group’s environmental, social and governance (hereinafter referred to as “ESG”) practices during the period from 1 January to 31 December 2025 (hereinafter referred to as the “Reporting Period”). This Report is prepared in ",pending
01251.HK,SPT ENERGY,https://www1.hkexnews.hk/listedco/listconews/sehk/2026/0428/2026042800550.pdf,data/raw/hkex_reports/01251.HK/2025/annual_report.pdf,3,"Environmental, Social and Governance"," Summary 4 Chairman’s Statement 6 Management Discussion and Analysis 15 Directors’ and Senior Management’s Biographies 35 Report of the Directors 40 Corporate Governance Report 60 Environmental, Social and Governance Report 82 Independent Auditor’s Report 120 Consolidated Statement of Financial Position 126 Consolidated Income Statement 128 Consolidated Statement of Comprehensive Income 129 Consolidated Statement of Changes in Equity 130 Consolidated Cash Flow Statement 132 Notes to the Consolidated Financial Statements 133",pending
01251.HK,SPT ENERGY,https://www1.hkexnews.hk/listedco/listconews/sehk/2026/0428/2026042800550.pdf,data/raw/hkex_reports/01251.HK/2025/annual_report.pdf,75,"Environmental, Social and Governance","eview the adequacy and effectiveness of the Company’s financial reporting system, internal control system and risk management system and associated procedures; and • To review the Environmental, Social and Governance Report and disclosures therein. During the Reporting Year, three meetings of the Audit Committee were held on 27 June 2025, 26 August 2025 and 10 December 2025 respectively and the attendance record of the Audit Committee members is set out in the table below: Directors Attended/ Eligible to attend Mr. Wu Kwok Keung Andrew 3/3 Ms. Chen Chunhua 3/3 Mr. Ma Xi",pending
01251.HK,SPT ENERGY,https://www1.hkexnews.hk/listedco/listconews/sehk/2026/0428/2026042800550.pdf,data/raw/hkex_reports/01251.HK/2025/annual_report.pdf,84,"Environmental, Social and Governance","82 SPT Energy Group Inc. Annual Report 2025 Environmental, Social and Governance Report I. ABOUT THIS REPORT SPT Energy Group Inc. (Stock Code: 01251) hereby presents the Environmental, Social and Governance Report 2025 (the “Report”) of the Company and its subsidiaries (collectively, the “Group” or “SPT Energy” hereafter) to demonstrate the concepts and practices of the Company in environmental, social and governance (“ESG”) areas to a",pending
01251.HK,SPT ENERGY,https://www1.hkexnews.hk/listedco/listconews/sehk/2026/0428/2026042800550.pdf,data/raw/hkex_reports/01251.HK/2025/annual_report.pdf,85,"Environmental, Social and Governance","SPT Energy Group Inc. Annual Report 2025 83 Environmental, Social and Governance Report 2.2 Management Structure The Group has proactively improved the ESG management system, and continuously implemented ESG in an orderly manner. The Group has established a top-down ESG management structure consisting of the Board, the ESG Management Committee, the ESG Management Working Group, and the ESG management personnel from the region, subsidiar",pending
01251.HK,SPT ENERGY,https://www1.hkexnews.hk/listedco/listconews/sehk/2026/0428/2026042800550.pdf,data/raw/hkex_reports/01251.HK/2025/annual_report.pdf,86,"Environmental, Social and Governance","84 SPT Energy Group Inc. Annual Report 2025 Environmental, Social and Governance Report During the Reporting Year, Enik (Tianjin) Petroleum Engineering Technology Co., Ltd.(艾尼克 (天津)石油技術有限公司) under the Group successfully obtained the Q1 Quality Management System Certification from the American Petroleum Institute (API), and also obtained API monogram licenses for its five major products, including API 14A downhole safety valves, API 11D1",pending
01277.HK,KINETIC DEV,https://www1.hkexnews.hk/listedco/listconews/sehk/2026/0331/2026033104131.pdf,data/raw/hkex_reports/01277.HK/2025/annual_report.pdf,2,"Environmental, Social and Governance","man’s Statement 4 Consolidated Statement of Profit or Loss and Other Comprehensive Income 116 Management Discussion and Analysis 6 Consolidated Statement of Financial Position 118 Environmental, Social and Governance Report 29 Consolidated Statement of Changes in Equity 120 Directors and Senior Management 68 Consolidated Statement of Cash Flows 121 Directors’ Report 72 Notes to the Consolidated Financial Statements 123 Corporate Governance Report 97 Financial Summary 196",pending
01277.HK,KINETIC DEV,https://www1.hkexnews.hk/listedco/listconews/sehk/2026/0331/2026033104131.pdf,data/raw/hkex_reports/01277.HK/2025/annual_report.pdf,16,"Environmental, Social and Governance"," were no major safety accidents resulting in work-related fatalities among the Group’s employees. Work that minimizes the risks in respect of production safety are detailed in the Environmental, Social and Governance Report set out on pages 29 to 67 of this annual report.",pending
01277.HK,KINETIC DEV,https://www1.hkexnews.hk/listedco/listconews/sehk/2026/0331/2026033104131.pdf,data/raw/hkex_reports/01277.HK/2025/annual_report.pdf,30,"Environmental, Social and Governance","KINETIC DEVELOPMENT GROUP LIMITED Annual Report 2025 29 Environmental, Social and Governance Report ABOUT THIS REPORT: The Group has been publishing the Environmental, Social and Governance (ESG) report since 2016. This is the tenth ESG report published by us, which was approved by the Board and set out in the Group’s annual report. ESG covers a wide range of areas and poses significant impacts on both the long-term business of a company and the ov",pending
01277.HK,KINETIC DEV,https://www1.hkexnews.hk/listedco/listconews/sehk/2026/0331/2026033104131.pdf,data/raw/hkex_reports/01277.HK/2025/annual_report.pdf,31,"Environmental, Social and Governance","30 KINETIC DEVELOPMENT GROUP LIMITED Annual Report 2025 Environmental, Social and Governance Report 1. RESPONSIBLE GOVERNANCE 1.1 Board statement The Board of the Group is the highest responsible and decision-making body for ESG matters and assumes full responsibility for the Group’s ESG strategy and reporting. It is responsible for assessing and identifying the Group’s ESG-related risks and ensuring appropriate and effective ESG risk management an",pending
01277.HK,KINETIC DEV,https://www1.hkexnews.hk/listedco/listconews/sehk/2026/0331/2026033104131.pdf,data/raw/hkex_reports/01277.HK/2025/annual_report.pdf,32,"Environmental, Social and Governance","KINETIC DEVELOPMENT GROUP LIMITED Annual Report 2025 31 Environmental, Social and Governance Report 1.3 Communication with stakeholders The Group attaches great importance to the communication with stakeholders. The Group disseminates its ESG concepts and practices through various channels and understands the concerns of stakeholders with responsive measures taken to meet their reasonable expectations and demands. Stakeholders Expectations and conc",pending
01393.HK,HIDILI INDUSTRY,https://www1.hkexnews.hk/listedco/listconews/sehk/2026/0430/2026043004226.pdf,data/raw/hkex_reports/01393.HK/2025/annual_report.pdf,2,"Environmental, Social and Governance","rporate Information 2 Chairman’s Statement 4 Management Discussion and Analysis 9 Profile of Directors and Senior Management 19 Directors’ Report 21 Corporate Governance Report 30 Environmental, Social and Governance Report 38 Independent Auditor’s Report 80 Consolidated Statement of Profit or Loss and Other Comprehensive Income 82 Consolidated Statement of Financial Position 83 Consolidated Statement of Changes in Equity 85 Consolidated Statement of Cash Flows 86 Notes to the Consolidated Financial Statements 88 Financial Summary 152",pending
01393.HK,HIDILI INDUSTRY,https://www1.hkexnews.hk/listedco/listconews/sehk/2026/0430/2026043004226.pdf,data/raw/hkex_reports/01393.HK/2025/annual_report.pdf,39,"ENVIRONMENTAL, SOCIAL AND GOVERNANCE","ENVIRONMENTAL, SOCIAL AND GOVERNANCE REPORT ABOUT THE ESG REPORT Hidili Industry International Development Limited (the “Company”) and its subsidiaries (collectively, the “Group” or “we”) act as an investment holding company, which is principally engaged in coal mining, manufacture and sale of clean coal. Currently, one of the consolidated core mines in Sichuan province has commenced the produ",pending
01393.HK,HIDILI INDUSTRY,https://www1.hkexnews.hk/listedco/listconews/sehk/2026/0430/2026043004226.pdf,data/raw/hkex_reports/01393.HK/2025/annual_report.pdf,40,"ENVIRONMENTAL, SOCIAL AND GOVERNANCE","ENVIRONMENTAL, SOCIAL AND GOVERNANCE REPORT During the preparation for the ESG Report, the Group has applied the reporting principles in the aforementioned ESG Reporting Code as follow: Materiality: Materiality assessment was conducted by the Group to identify material issues during the Reporting Period, thereby adopting the confirmed material issues as the focus for the preparation of the ESG",pending
01393.HK,HIDILI INDUSTRY,https://www1.hkexnews.hk/listedco/listconews/sehk/2026/0430/2026043004226.pdf,data/raw/hkex_reports/01393.HK/2025/annual_report.pdf,41,"ENVIRONMENTAL, SOCIAL AND GOVERNANCE","ENVIRONMENTAL, SOCIAL AND GOVERNANCE REPORT COMMUNICATION WITH STAKEHOLDERS The Group has established various communication channels to allow stakeholders to participate in its operations, and to understand and monitor the Group’s operating conditions, so as to promote the formation of a community of harmony and common interest between the Group and stakeholders and realise maximum comprehensi",pending
01393.HK,HIDILI INDUSTRY,https://www1.hkexnews.hk/listedco/listconews/sehk/2026/0430/2026043004226.pdf,data/raw/hkex_reports/01393.HK/2025/annual_report.pdf,42,"ENVIRONMENTAL, SOCIAL AND GOVERNANCE","ENVIRONMENTAL, SOCIAL AND GOVERNANCE REPORT MATERIALITY ASSESSMENT In hope of understanding the opinions and expectations of stakeholders on the Group’s ESG performances effectively, the Group adopts a systematic approach in conducting the annual materiality assessment to identify ESG-related issues that were shared by the Group and its stakeholders and assess the priorities of their importanc",pending
01555.HK,MIE HOLDINGS,https://www1.hkexnews.hk/listedco/listconews/sehk/2026/0420/2026042000474.pdf,data/raw/hkex_reports/01555.HK/2025/annual_report.pdf,2,"Environmental, Social and Governance"," Financial Summary 財務摘要 Operating Summary 營運摘要 Chairman’s Statement 主席報告書 Directors and Senior Management 董事及高級管理層 Corporate Governance Report 企業管治報告 Report of the Directors 董事會報告 Environmental, Social and Governance Report 環境、社會及管治報告 Management Discussion and Analysis 管理層討論及分析 Independent Auditor’s Report 獨立核數師報告 Consolidated Statement of Financial Position 合併財務狀況表 Consolidated Statement of Comprehensive Income 合併綜合收益表 Consolidated Statement of Changes in Equity 合併權益變動表 Consolidated Statement of Cash Flows 合併現金流量表 Notes to the Consolidated Financial Statements 合併財務報表附註",pending
01555.HK,MIE HOLDINGS,https://www1.hkexnews.hk/listedco/listconews/sehk/2026/0420/2026042000474.pdf,data/raw/hkex_reports/01555.HK/2025/annual_report.pdf,65,"Environmental, Social and Governance","Environmental, Social and Governance Report 環境、社會及管治報告 REPORT DESCRIPTION 報告說明 This report is the Group’s Environmental, Social and Governance (“ESG”) Report, covering the overall environmental and social performance of the Group’s main business operations in oil and natural gas exploration and development during the period from January 1, 2025 to December 31, 2025 (“Reporting Period”). 本報告為本集",pending
01555.HK,MIE HOLDINGS,https://www1.hkexnews.hk/listedco/listconews/sehk/2026/0420/2026042000474.pdf,data/raw/hkex_reports/01555.HK/2025/annual_report.pdf,66,"Environmental, Social and Governance","Environmental, Social and Governance Report (Continued) 環境、社會及管治報告 （續） BOARD’S ESG GOVERNANCE STATEMENT 董事會ESG管治聲明 The Company is committed to strictly complying with the disclosure requirements of the Environmental, Social and Governance Reporting Code of the Stock Exchange. The Company recognizes the importance of ESG to the Company ’s long-term and stable operation, and has established effe",pending
01555.HK,MIE HOLDINGS,https://www1.hkexnews.hk/listedco/listconews/sehk/2026/0420/2026042000474.pdf,data/raw/hkex_reports/01555.HK/2025/annual_report.pdf,67,"Environmental, Social and Governance","Environmental, Social and Governance Report (Continued) 環境、社會及管治報告 （續） (2) ESG Management Concept （二） ESG管理理念 The Group’s ESG management concept is aligned with national standards and the overarching development strategy, embodying the principles of “innovative development and value creation” . It focuses on strengthening the ESG framework, promoting integrated and coordinated development, and",pending
01555.HK,MIE HOLDINGS,https://www1.hkexnews.hk/listedco/listconews/sehk/2026/0420/2026042000474.pdf,data/raw/hkex_reports/01555.HK/2025/annual_report.pdf,68,"Environmental, Social and Governance","Environmental, Social and Governance Report (Continued) 環境、社會及管治報告 （續） (4) Materiality （四） 實質性議題 In accordance with Appendix C2 of the Environmental, Social, and Governance Reporting Code from the Listing Rules on the Stock Exchange, the Group has identified and screened material issues related to its operations. This process is guided by internationally recognized ESG initiatives, standards, ",pending
01621.HK,VICO INTL HLDGS,https://www1.hkexnews.hk/listedco/listconews/sehk/2026/0723/2026072300494.pdf,data/raw/hkex_reports/01621.HK/2025/annual_report.pdf,2,"ENVIRONMENTAL, SOCIAL AND GOVERNANCE","PORATE INFORMATION 公司資料 2 STATEMENT FROM THE CHAIRMAN 主席報告書 4 MANAGEMENT DISCUSSION AND ANALYSIS 管理層討論及分析 6 BIOGRAPHICAL DETAILS OF DIRECTORS AND SENIOR MANAGEMENT 董事及高級管理層履歷詳情 15 ENVIRONMENTAL, SOCIAL AND GOVERNANCE REPORT 環境、社會及管治報告 23 CORPORATE GOVERNANCE REPORT 企業管治報告 109 DIRECTORS’ REPORT 董事會報告 140 INDEPENDENT AUDITOR’S REPORT 獨立核數師報告 157 CONSOLIDATED STATEMENT OF PROFIT OR LOSS AND OTHER COMPREHENSIVE INCOME 綜合損益及其他全面收益表 164 CONSOLIDATED STATEMENT OF FINANCIAL POSITION 綜合財務狀況表 165 CONSOLIDATED STATEMENT OF CHANGES IN EQUITY 綜合權益變動表 167 CONSOLIDATED STATEMENT OF CA",pending
01621.HK,VICO INTL HLDGS,https://www1.hkexnews.hk/listedco/listconews/sehk/2026/0723/2026072300494.pdf,data/raw/hkex_reports/01621.HK/2025/annual_report.pdf,24,"ENVIRONMENTAL, SOCIAL AND GOVERNANCE","ENVIRONMENTAL, SOCIAL AND GOVERNANCE REPORT 環境、社會及管治報告 ABOUT THIS REPORT This is the ninth Environmental, Social and Governance (“ESG”) report published by the Company, presenting the achievements in promoting sustainable development of the Company and its subsidiaries, as well as our performance in environmental, social, and governance aspects. In keeping with the spirit of creating long-term",pending
01621.HK,VICO INTL HLDGS,https://www1.hkexnews.hk/listedco/listconews/sehk/2026/0723/2026072300494.pdf,data/raw/hkex_reports/01621.HK/2025/annual_report.pdf,25,"ENVIRONMENTAL, SOCIAL AND GOVERNANCE","ENVIRONMENTAL, SOCIAL AND GOVERNANCE REPORT 環境、社會及管治報告 Reporting Principles The content of the ESG Report was prepared based on the following reporting principles: 報告原則 編製： 本環境、社會及管治報告內容根據以下報告原則 Materiality Quantitative Consistency 重要性 量化 一致性 The Board conducts an annual r e v i e w o f t h e G r o u p ’ s E S G guidelines, ESG reports, and m a n a g e m e n t o b j e c t i v e s b y recognizi",pending
01621.HK,VICO INTL HLDGS,https://www1.hkexnews.hk/listedco/listconews/sehk/2026/0723/2026072300494.pdf,data/raw/hkex_reports/01621.HK/2025/annual_report.pdf,26,"ENVIRONMENTAL, SOCIAL AND GOVERNANCE","ENVIRONMENTAL, SOCIAL AND GOVERNANCE REPORT 環境、社會及管治報告 Corporate Social Responsibility and Vision The Group is committed to environmental protection by promoting a low-carbon workplace and delivering eco-friendly, high-efficiency products and services. As an employer, we enhance employees’ awareness of resource conservation through workplace environmental education and sustainable practices. T",pending
01621.HK,VICO INTL HLDGS,https://www1.hkexnews.hk/listedco/listconews/sehk/2026/0723/2026072300494.pdf,data/raw/hkex_reports/01621.HK/2025/annual_report.pdf,27,"ENVIRONMENTAL, SOCIAL AND GOVERNANCE","ENVIRONMENTAL, SOCIAL AND GOVERNANCE REPORT 環境、社會及管治報告 We continue to provide the Board with a quarterly update that offers a fair and understandable appraisal of the Group’s performance, position, and future prospects. All directors have the opportunity to add items to the agenda for regular board meetings, and they all have free access to board papers and other resources of a caliber and for",pending
01798.HK,DATANG RENEW,https://www1.hkexnews.hk/listedco/listconews/sehk/2026/0428/2026042802732.pdf,data/raw/hkex_reports/01798.HK/2025/annual_report.pdf,2,"Environmental, Social and Governance","ating and Financial Data 8 Financial Highlights 10 Management Discussion and Analysis 12 Major Events in 2025 37 Report of the Board of Directors 39 Corporate Governance Report 68 Environmental, Social and Governance 94 Report Investor Relations 192 Profile of Directors and Senior Management 193",pending
01798.HK,DATANG RENEW,https://www1.hkexnews.hk/listedco/listconews/sehk/2026/0428/2026042802732.pdf,data/raw/hkex_reports/01798.HK/2025/annual_report.pdf,41,"Environmental, Social and Governance"," policies, including compliance with the relevant laws and regulations that have a significant impact on the Group, and relationships with its key stakeholders are included in the Environmental, Social and Governance Report contained in this Annual Report. All references herein to other sections or reports in this Annual Report form part of this report. 40 China Datang Corporation Renewable Power Co., Limited",pending
01798.HK,DATANG RENEW,https://www1.hkexnews.hk/listedco/listconews/sehk/2026/0428/2026042802732.pdf,data/raw/hkex_reports/01798.HK/2025/annual_report.pdf,42,"Environmental, Social and Governance","Development Mechanism, to promote the ecology environment protection. For more details, please refer to the sections headed Management Discussion and Analysis, Human Resources and Environmental, Social and Governance （ESG） Report. V. PROPERTY, PLANT AND EQUIPMENT Details of the changes in property, plant and equipment of the Group as at 31 December 2025 are set out in Note 13 to the financial statements. VI. SHARE CAPITAL As at 31 December 2025, the total share capital of the Company was RMB7,273,701,000, divided into 7,273,701,000 shares with nominal value of RMB1.00 e",pending
01798.HK,DATANG RENEW,https://www1.hkexnews.hk/listedco/listconews/sehk/2026/0428/2026042802732.pdf,data/raw/hkex_reports/01798.HK/2025/annual_report.pdf,69,"Environmental, Social and Governance","and balance. Meanwhile, the Company and the Board have always attached great importance to the establishment of corporate culture. For details, please refer to the section headed “Environmental, Social and Governance Report – About US – Corporate Culture” in this Annual Report. The Company has adopted the Code as its own corporate governance practices. For the Year, the Company has been in strict compliance with the principles and code provisions set out in the Code, except for the deviation from code provision C.1.8 of the Code which is explained in “Directors’ liabili",pending
01798.HK,DATANG RENEW,https://www1.hkexnews.hk/listedco/listconews/sehk/2026/0428/2026042802732.pdf,data/raw/hkex_reports/01798.HK/2025/annual_report.pdf,95,"Environmental, Social and Governance","Environmental, Social and Governance Report 1.0 ABOUT THE REPORT Since 2017, China Datang Corporation Renewable Power Co., Limited. has consistently produced Environmental, Social, and Governance (ESG) Reports. This ESG Report, the ninth published by DRP, seeks to update stakeholders on the latest developments and management philosophies in ESG work. We recommend reading alongside the “Corpora",pending
01878.HK,SOUTHGOBI,https://www1.hkexnews.hk/listedco/listconews/sehk/2026/0429/2026042902945.pdf,data/raw/hkex_reports/01878.HK/2025/annual_report.pdf,3,"Environmental, Social and Governance","of Directors and Senior Management 15 Directors’ Report 32 Corporate Governance Report 64 Management’s Discussion and Analysis of Financial Condition and Results of Operations 132 Environmental, Social and Governance Report 192 Consolidated Financial Statements 268 Corporate Information SouthGobi Resources Ltd. (the “Company” or “SouthGobi”) is focused on the exploration, development and production of its coal deposits in Mongolia’s South Gobi Region. The Company has a 100% shareholding in Southgobi Sands LLC, the Mongolian registered company that holds SouthGobi’s mini",pending
01878.HK,SOUTHGOBI,https://www1.hkexnews.hk/listedco/listconews/sehk/2026/0429/2026042902945.pdf,data/raw/hkex_reports/01878.HK/2025/annual_report.pdf,28,"Environmental, Social and Governance","ting to US$578,066 (2024: US$853,273). Environmental Policies and Performance Detailed information on the environment and social practices adopted by the Company is set out in the Environmental, Social and Governance Report which will be presented on pages 132 to 189 of this Report and published on the website of the Company at www.southgobi.com.",pending
01878.HK,SOUTHGOBI,https://www1.hkexnews.hk/listedco/listconews/sehk/2026/0429/2026042902945.pdf,data/raw/hkex_reports/01878.HK/2025/annual_report.pdf,44,"environmental, social and governance","onment, safety and social responsibility; • reviewed the performance of the Company in the areas of health, environment, safety and social responsibility. • reviewed the Company’s environmental, social and governance report (the “ESG Report”); and • provided guidelines and recommendations to the Company’s management relating to the findings in the ESG Report. The Board believes that strong corporate governance provides a framework to make well-informed and sound decisions that will facilitate the implementation of policies and procedures to safeguard the safety and well",pending
01878.HK,SOUTHGOBI,https://www1.hkexnews.hk/listedco/listconews/sehk/2026/0429/2026042902945.pdf,data/raw/hkex_reports/01878.HK/2025/annual_report.pdf,133,"ENVIRONMENTAL, SOCIAL AND GOVERNANCE","132 SOUTHGOBI RESOURCES LTD. ENVIRONMENTAL, SOCIAL AND GOVERNANCE REPORT About the Company Business Nature SouthGobi Resources Ltd., together with its subsidiaries (collectively the “Company” or “we”), is an integrated coal mining, development, and trading company. The Company’s primary operation site, the Ovoot Tolgoi Mine, is located in Mongolia, approximately 46 kilometres north of border with China. With the mining an",pending
01878.HK,SOUTHGOBI,https://www1.hkexnews.hk/listedco/listconews/sehk/2026/0429/2026042902945.pdf,data/raw/hkex_reports/01878.HK/2025/annual_report.pdf,134,"ENVIRONMENTAL, SOCIAL AND GOVERNANCE","ANNUAL REPORT 2025 133 ENVIRONMENTAL, SOCIAL AND GOVERNANCE REPORT Embedding ESG into Our Operations Sustainability is not a standalone initiative. It is embedded in the Company’s daily operations, shaping how value is created for stakeholders and society at large. Environmental Stewardship The Company is committed to building “green mines” and promoting environmentally responsible resource development. Through envi",pending
01921.HK,DALIPAL HLDG,https://www1.hkexnews.hk/listedco/listconews/sehk/2026/0429/2026042901611.pdf,data/raw/hkex_reports/01921.HK/2025/annual_report.pdf,2,"Environmental, Social and Governance","rectors and Senior Management Profiles 董事及高級管理層簡介 28 Management Discussion and Analysis 管理層討論及分析 52 Report of the Board of Directors 董事會報告 73 Corporate Governance Report 企業管治報告 94 Environmental, Social and Governance Report 環境、社會和管治報告 227 Independent Auditor’s Report 獨立核數師報告 236 Consolidated Statement of Profit or Loss and Other Comprehensive Income 綜合損益及其他全面收益表 237 Consolidated Statement of Financial Position 綜合財務狀況表 238 Consolidated Statement of Changes in Equity 綜合權益變動表 240 Consolidated Cash Flow Statement 綜合現金流量表 242 Notes to the Financial Statements 綜合財務報表附註 316 Fi",pending
01921.HK,DALIPAL HLDG,https://www1.hkexnews.hk/listedco/listconews/sehk/2026/0429/2026042901611.pdf,data/raw/hkex_reports/01921.HK/2025/annual_report.pdf,11,"environmental, social and governance"," one-tenth of the paid up capital of the Company carrying the right of voting at general meetings of the Company 「合資格股東」 指 一名或以上於遞交要求當日持有有權於本公司股東大會投票的本公司繳足 股本不少於十分之一的一名或以上股東 “ESG” environmental, social and governance 「ESG」 指 環境、社會及管治 “ESG Committee” the ESG committee of the Board 「ESG委員會」 指 董事會的ESG委員會 “Group” or “our Group” or collectively, our Company and its subsidiaries “we” or “our” or “us” 「本集團」或「我們」 指 本公司及其附屬公司的統稱 “Hong Kong” or “HK” the Hong Kong Special Administrative Region of the PRC 「香港」 指 中國香港特別行政區 “Hong Kong dollars” or “HK$” Hong Kong dollars, the lawful c",pending
01921.HK,DALIPAL HLDG,https://www1.hkexnews.hk/listedco/listconews/sehk/2026/0429/2026042901611.pdf,data/raw/hkex_reports/01921.HK/2025/annual_report.pdf,55,"environmental, social and governance","s from time to time. The Group is always committed to maintaining the highest environmental and social standards to ensure sustainable development of its business. A report on the environmental, social and governance aspects has been prepared with reference to the Environmental, Social and Governance Reporting Guide in Appendix C2 to the Listing Rules and is set out in the section headed “Environmental, Social & Governance Report” on pages 94 to 226 of this annual report. RELATIONSHIP WITH STAKEHOLDERS The Group recognises that employees, customers, suppliers and busine",pending
01921.HK,DALIPAL HLDG,https://www1.hkexnews.hk/listedco/listconews/sehk/2026/0429/2026042901611.pdf,data/raw/hkex_reports/01921.HK/2025/annual_report.pdf,74,"Environmental, Social and Governance",", and inclusion and diversity in the work-place. Further details about the Group’s ESG initiatives and its key relationships with stakeholders are disclosed in the section headed “Environmental, Social and Governance Report” of this annual report. 本公司於2019年11月8日在香港聯交所上市。本 年度的公司企業管治情況如下。本報告符合上市 規則附錄C1企業管治守則第一部份的強制披露 要求。 企業文化及策略 企業文化 「爭創一流企業，服務一流客戶，締造百年品牌」 是本集團的願景和使命，公司董事會及管理層緊 緊圍繞實現這一願景和使命，帶領全體員工始 終秉承「守法合規、誠實守信」的基本價值準則， 持續改善、不斷創新、勇於變革是公司長久發展 的不竭動力。公司倡導思想上同心、目標上同 向、行動上同步，以變應變，開放共享，始終追 求「沒有最好，只有更好」。本集團將以穩健的成 長和優異的業績，實現股東、客戶、員工、供應 商、社會的和諧發展。 企業策略 為實現公司長期發展的價值目標，本集團專注於 在其財務及",pending
01921.HK,DALIPAL HLDG,https://www1.hkexnews.hk/listedco/listconews/sehk/2026/0429/2026042901611.pdf,data/raw/hkex_reports/01921.HK/2025/annual_report.pdf,85,ESG report,"ppendix C1 and Appendix C2 to the Listing Rules, respectively. During the Year, 2 meetings of the ESG Committee were held to discuss and review the corporate governance report and ESG report prepared by the Company regularly. BOARD DIVERSITY POLICY The Board has adopted a board diversity policy setting out the approach to achieve diversity on the Board. The Company recognises and embraces the benefits of having a diverse Board to enhance the quality of its performance and hence the purpose of the Board Diversity Policy aims to build and maintai",pending
01938.HK,CHU KONG PIPE,https://www1.hkexnews.hk/listedco/listconews/sehk/2026/0423/2026042302216.pdf,data/raw/hkex_reports/01938.HK/2025/annual_report.pdf,2,"Environmental, Social and Governance","討論與分析 Management Discussion and Analysis 40 董事及高級管理層履歷 Profile of Directors and Senior Management 54 董事會報告書 Report of Directors 67 企業管治報告 Corporate Governance Report 97 環境、社會及管治報告 Environmental, Social and Governance Report 124 獨立核數師報告 Independent Auditor’s Report 135 綜合損益表 Consolidated Statement of Profit or Loss 136 綜合全面收益表 Consolidated Statement of Comprehensive Income 137 綜合財務狀況表 Consolidated Statement of Financial Position 139 綜合權益變動表 Consolidated Statement of Changes in Equity 141 綜合現金流量表 Consolidated Statement of Cash Flows 144 財務報表附註 Notes to Financial Statement",pending
01938.HK,CHU KONG PIPE,https://www1.hkexnews.hk/listedco/listconews/sehk/2026/0423/2026042302216.pdf,data/raw/hkex_reports/01938.HK/2025/annual_report.pdf,55,"Environmental, Social and Governance","e before recycling and discharge, and sell wasted steel products to recycling companies. Further details of the Group’s environmental policies and performance can be found in the “Environmental, Social and Governance Report” set out on pages 97 to 123. 54 Chu Kong Petroleum and Natural Gas Steel Pipe Holdings Limited 董事會謹此提呈其報告書以及本集團截至二零二五年十 二月三十一日止年度的經審核財務報表。 主要業務 本公司主要業務為投資控股。本公司附屬公司的主要業 務包括製造及銷售焊接鋼管。本集團亦從事物業發展及 投資。 本公司主要附屬公司於二零二五年十二月三十一日的詳 情載於財務報表附註1。 業績及股息 本集團截至二零二五年十二月三十一日止年度的溢利及 本集團於當日的事務狀況載於財務報表第135至282頁。 董事會不建議就截至二零二五年十二月三十一日止年度 派付股息（二零二四年：無）。 業務回顧 本集團業務的公平回顧及本",pending
01938.HK,CHU KONG PIPE,https://www1.hkexnews.hk/listedco/listconews/sehk/2026/0423/2026042302216.pdf,data/raw/hkex_reports/01938.HK/2025/annual_report.pdf,98,"ENVIRONMENTAL, SOCIAL AND GOVERNANCE","ENVIRONMENTAL, SOCIAL AND GOVERNANCE REPORT 環境、社會及管治報告 The Board is committed to the long-term sustainability of the environment and communities in which the Group operates and continually enhances investment value to stakeholders through proper and effective internal control systems and ESG risk management measures throughout its operations. The Board maintains oversight of and approves the i",pending
01938.HK,CHU KONG PIPE,https://www1.hkexnews.hk/listedco/listconews/sehk/2026/0423/2026042302216.pdf,data/raw/hkex_reports/01938.HK/2025/annual_report.pdf,99,"ENVIRONMENTAL, SOCIAL AND GOVERNANCE","ENVIRONMENTAL, SOCIAL AND GOVERNANCE REPORT 環境、社會及管治報告 The Group is complying with the following laws and regulations that are most relevant to the Group: 本集團遵守與本集團最為相關的以下法律法規： • Law of the PRC on the Environmental Protection* (中華 人民共和國環境保護法); • 中華人民共和國環境保護法； • Law of the PRC on the Water Pollution Prevention and Control* (中華人民共和國水污染防止法); • 中華人民共和國水污染防治法； • Law of the PRC on the Prevention and",pending
01938.HK,CHU KONG PIPE,https://www1.hkexnews.hk/listedco/listconews/sehk/2026/0423/2026042302216.pdf,data/raw/hkex_reports/01938.HK/2025/annual_report.pdf,100,"ENVIRONMENTAL, SOCIAL AND GOVERNANCE","ENVIRONMENTAL, SOCIAL AND GOVERNANCE REPORT 環境、社會及管治報告 Hazardous waste Hazardous wastes were produced during production, including waste oil, waste sludge, waste mineral oil, paint, paint residue, waste grease, waste grease drum, waste paint drum, waste emulsion drum, waste activated carbon, waste organic solvent, waste developer, and fixer. Total hazardous waste produced in 2025 was approxima",pending
02178.HK,PETRO-KING,https://www1.hkexnews.hk/listedco/listconews/sehk/2026/0416/2026041601300.pdf,data/raw/hkex_reports/02178.HK/2025/annual_report.pdf,2,"Environmental, Social and Governance","CONTENTS Financial Highlight 2 Corporate Profile and Structure 3 Chairman’s Statement 4-5 Management Discussion and Analysis 6-17 Environmental, Social and Governance Report 18-49 Corporate Governance Practices 50-60 Directors and Senior Management 61-63 Corporate Information 64-65 Report of the Directors 66-82 Independent Auditor’s Report 83-88 Consolidated Statement of Profit or Loss and Other Comprehensive Income 89-90 Consolidated Statement of Financial Position 91-92 Consolidated Statement of Changes In Equity Conso",pending
02178.HK,PETRO-KING,https://www1.hkexnews.hk/listedco/listconews/sehk/2026/0416/2026041601300.pdf,data/raw/hkex_reports/02178.HK/2025/annual_report.pdf,19,"ENVIRONMENTAL, SOCIAL AND GOVERNANCE","ENVIRONMENTAL, SOCIAL AND GOVERNANCE REPORT SCOPE AND REPORTING PERIOD This is the eighth Environmental, Social, and Governance (the “ESG”) report of Petro-King Oilfield Services Limited (the “Company”, and together with its subsidiaries referred to as the “Group”), highlighting its ESG performance, with disclosure references made to the ESG Reporting Guide as prescribed in Appendix C2 of the ",pending
02178.HK,PETRO-KING,https://www1.hkexnews.hk/listedco/listconews/sehk/2026/0416/2026041601300.pdf,data/raw/hkex_reports/02178.HK/2025/annual_report.pdf,20,"ENVIRONMENTAL, SOCIAL AND GOVERNANCE","ENVIRONMENTAL, SOCIAL AND GOVERNANCE REPORT ESG GOVERNANCE: EMPOWERING PETRO-KING’S SUSTAINABLE GROWTH AND RESILIENCE The Group acknowledges that the petroleum and energy sector represents a significant portion of global energy consumption and is a major contributor to carbon emissions. As global decarbonization efforts intensify, the transformation of our energy consumption structure is vital",pending
02178.HK,PETRO-KING,https://www1.hkexnews.hk/listedco/listconews/sehk/2026/0416/2026041601300.pdf,data/raw/hkex_reports/02178.HK/2025/annual_report.pdf,21,"ENVIRONMENTAL, SOCIAL AND GOVERNANCE","ENVIRONMENTAL, SOCIAL AND GOVERNANCE REPORT The HSE policy is subject to regular reviews and will be updated as necessary to ensure its relevance and effectiveness. Furthermore, the Group strictly adheres to several United Nations conventions since its establishment, including: 1. United Nations Convention against Corruption 2. Basel Convention on the Control of Transboundary Movements of Haza",pending
02178.HK,PETRO-KING,https://www1.hkexnews.hk/listedco/listconews/sehk/2026/0416/2026041601300.pdf,data/raw/hkex_reports/02178.HK/2025/annual_report.pdf,22,"ENVIRONMENTAL, SOCIAL AND GOVERNANCE","ENVIRONMENTAL, SOCIAL AND GOVERNANCE REPORT EMBRACING A GREENER FUTURE To ensure sustainable operations and long-term growth, the Group has established clear ESG goals, particularly in emission reduction and energy efficiency. Progress is monitored through regular data collection, management reviews, and site inspections. Annually, the ESG Task Force evaluates target achievement and overall ES",pending
02798.HK,PER ENERGY,https://www1.hkexnews.hk/listedco/listconews/sehk/2026/0423/2026042301563.pdf,data/raw/hkex_reports/02798.HK/2025/annual_report.pdf,2,"Environmental, Social and Governance"," and Senior Management’s Biographical Details 董事及高級管理層履歷詳情 11 Management Discussion and Analysis 管理層討論及分析 17 Report of the Directors 董事會報告 41 Corporate Governance Report 企業管治報告 60 Environmental, Social and Governance Report 環境、社會及管治報告 84 Independent Auditor’s Report 獨立核數師報告 151 Consolidated Statement of Profit or Loss and Other Comprehensive Income 綜合損益及其他全面收益表 158 Consolidated Statement of Financial Position 綜合財務狀況表 159 Consolidated Statement of Changes in Equity 綜合權益變動表 161 Consolidated Statement of Cash Flows 綜合現金流量表 163 Notes to the Consolidated Financial Statements",pending
02798.HK,PER ENERGY,https://www1.hkexnews.hk/listedco/listconews/sehk/2026/0423/2026042301563.pdf,data/raw/hkex_reports/02798.HK/2025/annual_report.pdf,59,"Environmental, Social and Governance","of the Group and were implemented effectively. For more detailed information about the Group’s environmental policies and performance for this financial year, please refer to the “Environmental, Social and Governance Report” on pages 84 to 150 of this annual report. Key Relationships with Stakeholders The Group recognises that employees, customers, business associates and the local community are key stakeholders of the Group’s success. The Group strives to achieve corporate sustainability through engaging employees, providing quality services to customers and collaborat",pending
02798.HK,PER ENERGY,https://www1.hkexnews.hk/listedco/listconews/sehk/2026/0423/2026042301563.pdf,data/raw/hkex_reports/02798.HK/2025/annual_report.pdf,79,環境、社會及管治,ry to ensure that the deficiencies and weaknesses have been mitigated or duly addressed. 風險管理及內部監控 （續） 風險管理及內部監控系統的主要特點 （續） 內部監控制度 （續） 董事會具有一個持續的程序識別、評估及管理 本集團面臨的重大風險（包括環境、社會及管 治（「環境、社會及管治」）風險）。作為此過程 的一部分，風險管理系統及內部控制至少每年 審查一次，並根據業務或外部環境的變化不時 改進。透過識別及評估面臨的風險以及設計、 運行及監控有效的內部控制以減輕及控制該等 風險，管理層協助董事會在董事會批准的風險 偏好範圍內設計、實施及維護本集團的政策、 程序及限制。 審查涵蓋所有重大控制，包括財務、營運及程 序合規控制，以及識別、評估及管理本集團面 臨的重大風險（包括環境、社會及管治風險）的 過程。董事會亦審查本集團的會計、合規、 風險管理、內部審計及財務報告職能，以及與 本集團環境、社會及管治績效及報告有關的資 源、員工資格及經驗、培訓計劃以及本集團的 預算。 為確保有一個穩健有效的內部控制系統來支 撐風險管理框架，截至2025年12月31日止年 度，董事會已透過審核委員會，在獨立內部控,pending
02798.HK,PER ENERGY,https://www1.hkexnews.hk/listedco/listconews/sehk/2026/0423/2026042301563.pdf,data/raw/hkex_reports/02798.HK/2025/annual_report.pdf,80,ESG report,"evolving needs of stakeholders. Detailed ESG risk and information on the Group’s management approaches for environmental and social aspects can be found in various sections of our ESG report. The Board is satisfied with the adequacy of the Group’s resources, staff qualifications and experience, training programmes and budget relating to ESG performance and reporting. 本集團的管理層及負責團隊定期審查並調整其 可持續發展政策，以滿足利益相關者不斷變化 的需求。詳細的環境、社會及管治風險及有關 本集團於環境及社會方面的管理方法的資料請 參閱我們的環境、社會及管治報告的各章節。 董事會對本集團於環境、社會及管治績效及報 告方面的資源、員工資格及經驗、培訓計劃及 預算的充足性感到滿意。",pending
02798.HK,PER ENERGY,https://www1.hkexnews.hk/listedco/listconews/sehk/2026/0423/2026042301563.pdf,data/raw/hkex_reports/02798.HK/2025/annual_report.pdf,85,"ENVIRONMENTAL, SOCIAL AND GOVERNANCE","84 Perennial Energy Holdings Limited 久泰邦達能源控股有限公司 ENVIRONMENTAL, SOCIAL AND GOVERNANCE REPORT 環境、社會及管治報告 Reporting Principles and Scopes Perennial Energy Holdings Limited (the “Company”) and its subsidiaries (collectively referred to as the “Group” or “We”) is committed to fulfilling its disclosure obligations relating to environmental, social and governance (“ESG”) matters in strict accordance with the requirements of The Stock Exchange of H",pending
03395.HK,JX ENERGY,https://www1.hkexnews.hk/listedco/listconews/sehk/2026/0429/2026042901442.pdf,data/raw/hkex_reports/03395.HK/2025/annual_report.pdf,3,"Environmental, Social and Governance","eserves Summary 5 Chairman’s Statement 7 Profiles of Directors and Senior Management 11 Management’s Discussion and Analysis 44 Corporate Governance Report 61 Directors’ Report 78 Environmental, Social and Governance Report 105 Independent Auditor’s Report 110 Statement of Financial Position 112 Statement of Loss and Comprehensive Loss 113 Statement of Changes in Shareholders’ Equity 114 Statement of Cash Flows 115 Notes to the Financial Statements",pending
03395.HK,JX ENERGY,https://www1.hkexnews.hk/listedco/listconews/sehk/2026/0429/2026042901442.pdf,data/raw/hkex_reports/03395.HK/2025/annual_report.pdf,49,"Environmental, Social and Governance","iversity in workforce. For further details of gender ratio and initiatives taken to improve gender diversity together with the relevant date, please refer to the disclosure in the Environmental, Social and Governance report. Confirmation of Independence by the Independent Non-executive Directors The Company has received written annual confirmation from each independent non-executive Director of his/her independence pursuant to the requirements of the Listing Rules. The Company considers all independent non-executive Directors to be independent in accordance with the ind",pending
03395.HK,JX ENERGY,https://www1.hkexnews.hk/listedco/listconews/sehk/2026/0429/2026042901442.pdf,data/raw/hkex_reports/03395.HK/2025/annual_report.pdf,76,"Environmental, Social and Governance","hat would have an impact thereon. ENVIRONMENTAL POLICIES AND PERFORMANCE Information on the environmental policies and performance of the Company is set out in the section headed “Environmental, Social and Governance Report” in this annual report. 74 JX Energy Ltd. Annual Report 2025",pending
03395.HK,JX ENERGY,https://www1.hkexnews.hk/listedco/listconews/sehk/2026/0429/2026042901442.pdf,data/raw/hkex_reports/03395.HK/2025/annual_report.pdf,80,"ENVIRONMENTAL, SOCIAL AND GOVERNANCE","ENVIRONMENTAL, SOCIAL AND GOVERNANCE REPORT 1 ABOUT THIS REPORT 1.1 Overview This is the Environmental, Social and Governance Report (the “ESG Report”) of JX Energy Ltd. (hereinafter “JX”, the “Company”, “we”, “our” or “us”), for the period from January 1, 2025 to December 31, 2025 (the “Reporting Period”). 1.2 This ESG Report has been prepared in accordance with the Environmental, Social and ",pending
03395.HK,JX ENERGY,https://www1.hkexnews.hk/listedco/listconews/sehk/2026/0429/2026042901442.pdf,data/raw/hkex_reports/03395.HK/2025/annual_report.pdf,81,"ENVIRONMENTAL, SOCIAL AND GOVERNANCE","ENVIRONMENTAL, SOCIAL AND GOVERNANCE REPORT The principle of consistency is applied through the adoption of consistent reporting boundaries, methodologies and disclosure approaches to enable meaningful comparison of ESG performance across reporting periods. Where there are any significant changes in scope, methodology or assumptions, appropriate explanations are provided to ensure transparency",pending
06885.HK,JINMA ENERGY,https://www1.hkexnews.hk/listedco/listconews/sehk/2026/0429/2026042901180.pdf,data/raw/hkex_reports/06885.HK/2025/annual_report.pdf,2,"Environmental, Social and Governance","oup Profile Page 2-3 Five Year Financial Highlights Page 4-5 Chairman’s Statement Page 6 Management Discussion & Analysis Overview Page 7-27 Corporate Governance Report Page 28-45 Environmental, Social and Governance Report Page 46-98 Directors’ Report Page 99-115 Supervisors’ Report Page 116-118 Directors, Supervisors and Senior Management Page 119-125 Independent Auditor’s Report and Consolidated Financial Statements Page 126-218 Company Information Page 219-221 Definitions Page 222-224",pending
06885.HK,JINMA ENERGY,https://www1.hkexnews.hk/listedco/listconews/sehk/2026/0429/2026042901180.pdf,data/raw/hkex_reports/06885.HK/2025/annual_report.pdf,41,"environmental, social and governance"," services were approximately RMB1.2 million and for non-audit services were approximately RMB0.3 million. Non-audit services provided to the Group represented the assurance of the environmental, social and governance report of the Company. Responsibilities of Directors and Auditor for Financial Statements The Directors intend to present the financial statements of the Company in accordance with the current accounting standards and laws. The Directors ensure that the financial statements of the Company will be published on time so that the Company’s interim results and a",pending
06885.HK,JINMA ENERGY,https://www1.hkexnews.hk/listedco/listconews/sehk/2026/0429/2026042901180.pdf,data/raw/hkex_reports/06885.HK/2025/annual_report.pdf,44,"Environmental, Social and Governance","ruption and Whistleblowing Mechanism based on the actual situation of Company. For the efforts made by the Company relating to anti-corruption, please refer to the section headed “Environmental, Social and Governance Report” on pages 46 to 98 of this annual report. Risk Management and Internal Control The Board confirms its responsibility for overseeing the Group’s risk management and internal control system on an ongoing basis and reviewing their effectiveness. The Audit Committee is authorized by the Board to review the Group’s risk management and internal control sys",pending
06885.HK,JINMA ENERGY,https://www1.hkexnews.hk/listedco/listconews/sehk/2026/0429/2026042901180.pdf,data/raw/hkex_reports/06885.HK/2025/annual_report.pdf,47,"ENVIRONMENTAL, SOCIAL AND GOVERNANCE","46 ENVIRONMENTAL, SOCIAL AND GOVERNANCE REPORT Report Description This is the Group’s Environmental, Social and Governance report for the period from 1 January, 2025 to 31 December, 2025 (the “Reporting Period”). This report aims to disclose the Group’s overall performance in two main aspects (i.e., environmental and social) during the operation of its main businesses (production and sale of coke",pending
06885.HK,JINMA ENERGY,https://www1.hkexnews.hk/listedco/listconews/sehk/2026/0429/2026042901180.pdf,data/raw/hkex_reports/06885.HK/2025/annual_report.pdf,48,"ENVIRONMENTAL, SOCIAL AND GOVERNANCE","ENVIRONMENTAL, SOCIAL AND GOVERNANCE REPORT 47 1. Responsibility Management During the Reporting Period, the Group positioned itself as a responsible corporate citizen, solidly advanced its responsibility management initiatives, and strived to play a leading role in sustainable development and social value creation. By continuously optimizing its ESG management system, deepening communication ",pending
08132.HK,CENTURY EN INTL,https://www1.hkexnews.hk/listedco/listconews/gem/2025/0829/2025082901506.pdf,data/raw/hkex_reports/08132.HK/2025/annual_report.pdf,3,"Environmental, Social and Governance","CONTENTS Corporate Information 2 Management Discussion and Analysis 4 Report of the Directors 8 Corporate Governance Report 24 Environmental, Social and Governance Report 35 Independent Auditor’s Report 51 Consolidated Statement of Profit or Loss and Other Comprehensive Income 57 Consolidated Statement of Financial Position 59 Consolidated Statement of Changes in Equity 61 Consolidated Statement of Cash Flows 62 Notes to the Consolidated Financial Statements 64 Financial Summary 136",pending
08132.HK,CENTURY EN INTL,https://www1.hkexnews.hk/listedco/listconews/gem/2025/0829/2025082901506.pdf,data/raw/hkex_reports/08132.HK/2025/annual_report.pdf,37,"ENVIRONMENTAL, SOCIAL AND GOVERNANCE","ENVIRONMENTAL, SOCIAL AND GOVERNANCE REPORT ABOUT THIS REPORT The Group is pleased to present this Environmental, Social and Governance (“ESG”) Report (the “Report”) to provide an overview of the Group’s management of significant issues affecting the operation, and how the Group achieves its goals and subsequent development in a sustainable manner. This Report covers the principal business of ",pending
08132.HK,CENTURY EN INTL,https://www1.hkexnews.hk/listedco/listconews/gem/2025/0829/2025082901506.pdf,data/raw/hkex_reports/08132.HK/2025/annual_report.pdf,38,"ENVIRONMENTAL, SOCIAL AND GOVERNANCE","ENVIRONMENTAL, SOCIAL AND GOVERNANCE REPORT FEEDBACK OF THIS REPORT AND CONTACT INFORMATION This Report shall be published both in English and Chinese, should there be any discrepancy between the English and the Chinese versions, the English version shall prevail. The Group highly values the opinions from the relevant stakeholders, and welcome readers to contact it through the following contac",pending
08132.HK,CENTURY EN INTL,https://www1.hkexnews.hk/listedco/listconews/gem/2025/0829/2025082901506.pdf,data/raw/hkex_reports/08132.HK/2025/annual_report.pdf,39,"ENVIRONMENTAL, SOCIAL AND GOVERNANCE","ENVIRONMENTAL, SOCIAL AND GOVERNANCE REPORT STAKEHOLDER ENGAGEMENT AND MATERIALITY ASSESSMENT Stakeholder engagement is essential to the Group — from communication with investors to everyday relationships with employees, customers and business partners — and is integral to the group’s sustainability success. Stakeholders are prioritised from time to time in view of the Group’s roles and duties",pending
08132.HK,CENTURY EN INTL,https://www1.hkexnews.hk/listedco/listconews/gem/2025/0829/2025082901506.pdf,data/raw/hkex_reports/08132.HK/2025/annual_report.pdf,40,"ENVIRONMENTAL, SOCIAL AND GOVERNANCE","ENVIRONMENTAL, SOCIAL AND GOVERNANCE REPORT The Group has evaluated the materiality and importance in ESG aspects through the following steps: Step 1: Identifying relevant ESG areas — Relevant ESG areas were identified through the review of the Group’s business and relevant industry benchmark. Step 2: Materiality and Prioritization — Materiality of each ESG aspect was determined based on the i",pending
08347.HK,F8 ENT,https://www1.hkexnews.hk/listedco/listconews/gem/2026/0727/2026072700454.pdf,data/raw/hkex_reports/08347.HK/2026/annual_report.pdf,3,"ENVIRONMENTAL, SOCIAL AND GOVERNANCE","CONTENTS 目錄 Page 頁次 CORPORATE INFORMATION 2 公司資料 CHAIRMAN’S STATEMENT 4 主席報告書 MANAGEMENT DISCUSSION AND ANALYSIS 6 管理層討論及分析 CORPORATE GOVERNANCE REPORT 19 企業管治報告 ENVIRONMENTAL, SOCIAL AND GOVERNANCE REPORT 環境、社會及管治報告 39 REPORT OF THE BOARD OF DIRECTORS 董事會報告 77 BIOGRAPHIES OF BOARD OF DIRECTORS AND SENIOR MANAGEMENT 董事會及高級管理層履歷 93 INDEPENDENT AUDITORS’ REPORT 100 獨立核數師報告 CONSOLIDATED STATEMENT OF PROFIT OR LOSS AND 107 OTHER COMPREHENSIVE INCOME 綜合損益及其他全面收益表 CONSOLIDATED STATEMENT OF FINANCIAL POSITION 綜合財務狀況表 109 CONSOLIDATED STATEMENT OF CHANGES IN E",pending
08347.HK,F8 ENT,https://www1.hkexnews.hk/listedco/listconews/gem/2026/0727/2026072700454.pdf,data/raw/hkex_reports/08347.HK/2026/annual_report.pdf,40,"Environmental, Social and Governance","he CG Code during the Reporting Period. The Company has also established a whistleblowing policy as well as anti-corruption policy and systems, details of which are set out in the Environmental, Social and Governance Report below. Internal control on connected transaction As a general control, the Group maintained a list of connected persons and entities for the monitoring and identification of connected transaction. The risk management and internal control of the Group were reviewed by the Board and the Audit Committee for the year ended 31 March 2026. The Board and th",pending
08347.HK,F8 ENT,https://www1.hkexnews.hk/listedco/listconews/gem/2026/0727/2026072700454.pdf,data/raw/hkex_reports/08347.HK/2026/annual_report.pdf,41,"Environmental, Social and Governance","Environmental, Social and Governance Report 環境、社會及管治報告 INTRODUCTION, ENVIRONMENTAL, SOCIAL AND GOVERNANCE POLICIES F8 Enterprises (Holdings) Group Limited (“F8 Enterprises” , “Company” , “we” and “our”), with its subsidiaries (collectively, the “Group”), was principally engaged in the provision of the business of sale and transportation of diesel oil and related products in Hong Kong during th",pending
08347.HK,F8 ENT,https://www1.hkexnews.hk/listedco/listconews/gem/2026/0727/2026072700454.pdf,data/raw/hkex_reports/08347.HK/2026/annual_report.pdf,42,"Environmental, Social and Governance","Environmental, Social and Governance Report 環境、社會及管治報告 Board of Directors 董事會 Executive Directors Independent Non-executive Directors 執行董事 獨立非執行董事 Mr. Fong Chun Man, JP (Chairman) 方俊文先生，太平紳士 （主席） 崔志仁先生 Mr. Chui Chi Yun, Robert Ms. Lo Pui Yee Mr. Wang Anyuan 勞佩儀女士 王安元先生 Mr. Chan Chi Fai Mr. Luk Che Chung 陳志輝先生 陸志聰先生 The ESG Governance Structure The Group has set up an ESG working taskforce (the",pending
08347.HK,F8 ENT,https://www1.hkexnews.hk/listedco/listconews/gem/2026/0727/2026072700454.pdf,data/raw/hkex_reports/08347.HK/2026/annual_report.pdf,43,"Environmental, Social and Governance","Environmental, Social and Governance Report 環境、社會及管治報告 Detail of the ESG Strategy We established an ESG management system with clarified management functions and responsibilities at all levels. We carry out specific work through the Taskforce and help the Board understand our ESG risks and performance in a timely manner, and so a better incorporate ESG factor into company planning and daily op",pending
08536.HK,TL NATURAL GAS,https://www1.hkexnews.hk/listedco/listconews/gem/2026/0326/2026032600752.pdf,data/raw/hkex_reports/08536.HK/2025/annual_report.pdf,3,"Environmental, Social and Governance"," 3 Chairman’s Statement 4 Management Discussion and Analysis 5 Biographical Details of Directors and Senior Management 15 Report of the Directors 18 Corporate Governance Report 30 Environmental, Social and Governance Report 40 Independent Auditor’s Report 57 Consolidated Statement of Profit or Loss 61 Consolidated Statement of Profit or Loss and Other Comprehensive Income 62 Consolidated Statement of Financial Position 63 Consolidated Statement of Changes in Equity 64 Consolidated Statement of Cash Flows 65 Notes to Consolidated Financial Statements 66 Financial Summary",pending
08536.HK,TL NATURAL GAS,https://www1.hkexnews.hk/listedco/listconews/gem/2026/0326/2026032600752.pdf,data/raw/hkex_reports/08536.HK/2025/annual_report.pdf,19,"environmental, social and governance","aws, rules and regulations. During the Year, the Group has complied with relevant laws and regulations that have significant impact on the operations of the Group. A report on the environmental, social and governance aspects prepared in accordance with Appendix C2 to the GEM Listing Rules is set out in pages 40 to 56 of this report. Relationship with stakeholders The Group recognises that employees, customers and business partners are keys to its sustainable development. The Group is committed to establishing a close and caring relationship with its employees, providing",pending
08536.HK,TL NATURAL GAS,https://www1.hkexnews.hk/listedco/listconews/gem/2026/0326/2026032600752.pdf,data/raw/hkex_reports/08536.HK/2025/annual_report.pdf,41,"ENVIRONMENTAL, SOCIAL AND GOVERNANCE","40 ENVIRONMENTAL, SOCIAL AND GOVERNANCE REPORT PREPARATION BASIS AND SCOPE The Company is pleased to present our annual Environmental, Social and Governance Report (the “ESG Report”) for year ended 31 December 2025 to provide an overview of the Group’s management of significant issues affecting the operation, including environmental, social and governance (“ESG”) issues. The Board has overall res",pending
08536.HK,TL NATURAL GAS,https://www1.hkexnews.hk/listedco/listconews/gem/2026/0326/2026032600752.pdf,data/raw/hkex_reports/08536.HK/2025/annual_report.pdf,42,"ENVIRONMENTAL, SOCIAL AND GOVERNANCE","41 ENVIRONMENTAL, SOCIAL AND GOVERNANCE REPORT (CONTINUED) SOURCE OF INFORMATION The information disclosed in this ESG Report is derived from the Group’s formal documents, statistics or public information. The Board is responsible for the truthfulness, accuracy and completeness of its contents. ACCESS TO THIS REPORT The ESG Report is available in Chinese and English versions. In case of any discr",pending
08536.HK,TL NATURAL GAS,https://www1.hkexnews.hk/listedco/listconews/gem/2026/0326/2026032600752.pdf,data/raw/hkex_reports/08536.HK/2025/annual_report.pdf,43,"ENVIRONMENTAL, SOCIAL AND GOVERNANCE","42 ENVIRONMENTAL, SOCIAL AND GOVERNANCE REPORT (CONTINUED) STAKEHOLDERS ENGAGEMENT The Group emphasises the participation of its stakeholders. All of them have a substantial impact on the success of its business or activities. In compiling the ESG Report, the Group consulted its internal stakeholders, to monitor and manage its impact on all aspects of the environment and society. Besides, the Gro",pending
08631.HK,SUN KONG HLDGS,https://www1.hkexnews.hk/listedco/listconews/gem/2025/0707/2025070701740.pdf,data/raw/08631.HK/2025/annual_report.pdf,3,"ENVIRONMENTAL, SOCIAL AND GOVERNANCE","CONTENTS 目錄 CORPORATE INFORMATION 公司資料 3 CHAIRMAN’S STATEMENT 主席報告書 5 MANAGEMENT DISCUSSION AND ANALYSIS 管理層討論及分析 8 CORPORATE GOVERNANCE REPORT 企業管治報告 22 ENVIRONMENTAL, SOCIAL AND GOVERNANCE REPORT 環境、社會及管治報告 46 REPORT OF THE BOARD OF DIRECTORS 董事會報告 102 BIOGRAPHIES OF BOARD OF DIRECTORS AND SENIOR MANAGEMENT 董事會及高級管理層履歷 128 INDEPENDENT AUDITORS’ REPORT 獨立核數師報告 135 CONSOLIDATED STATEMENT OF PROFIT OR LOSS AND OTHER COMPREHENSIVE INCOME 綜合損益及其他全面收益表 144 CONSOLIDATED STATEMENT OF FINANCIAL POSITION 綜合財務狀況表 145 CONSOLIDATED STATEMENT OF CHANGES IN",pending
08631.HK,SUN KONG HLDGS,https://www1.hkexnews.hk/listedco/listconews/gem/2025/0707/2025070701740.pdf,data/raw/08631.HK/2025/annual_report.pdf,47,"ENVIRONMENTAL, SOCIAL AND GOVERNANCE","ENVIRONMENTAL, SOCIAL AND GOVERNANCE REPORT 環 境 、 社 會 及 管 治 報 告 APPROACH 方針 Yufengchang Holdings Limited (“Yufengchang” or the “Company”, together with its subsidiaries, the “Group”) are principally engaged in the business of the sales of diesel oil and related products in Hong Kong. The services of the Group include sourcing and transportation of diesel oil and related products in Hong Kong. ",pending
08631.HK,SUN KONG HLDGS,https://www1.hkexnews.hk/listedco/listconews/gem/2025/0707/2025070701740.pdf,data/raw/08631.HK/2025/annual_report.pdf,48,"ENVIRONMENTAL, SOCIAL AND GOVERNANCE","ENVIRONMENTAL, SOCIAL AND GOVERNANCE REPORT 環 境 、 社 會 及 管 治 報 告 To implement sustainability strategies which apply to all levels of the Group, the top-down approach is adopted for the following sustainability strategies: 為 實 施 適 用 於 本 集 團 所 有 層 面 的 可 持 續 發 展 戰略，本集團以由上而下的方式採納下列可持 續發展戰略： 1. To achieve environmental sustainability 2. To respect human rights and social culture 3. To engage with st",pending
08631.HK,SUN KONG HLDGS,https://www1.hkexnews.hk/listedco/listconews/gem/2025/0707/2025070701740.pdf,data/raw/08631.HK/2025/annual_report.pdf,49,"ENVIRONMENTAL, SOCIAL AND GOVERNANCE","ENVIRONMENTAL, SOCIAL AND GOVERNANCE REPORT 環 境 、 社 會 及 管 治 報 告 The Group has complied with the disclosure requirements of the “comply or explain” provisions set out in the ESG Reporting Guide and the Board has overall responsibility for the Group’ s ESG strategy and reporting. The Board assumes responsibility for assessing and reviewing ESG-related risks and maintaining robust risk management",pending
08631.HK,SUN KONG HLDGS,https://www1.hkexnews.hk/listedco/listconews/gem/2025/0707/2025070701740.pdf,data/raw/08631.HK/2025/annual_report.pdf,50,"ENVIRONMENTAL, SOCIAL AND GOVERNANCE","ENVIRONMENTAL, SOCIAL AND GOVERNANCE REPORT 環 境 、 社 會 及 管 治 報 告 Feedback 反饋 For details on the ESG performance of the Group, corporate governance as well as financial performance, please visit the Group’s website (kg.yfcsx.com) for its annual reports. The Group is open to and values all advice and suggestions received, to uphold the common interests of the Group and all stakeholders. Stakehold",pending
09689.HK,JTF INTL,https://www1.hkexnews.hk/listedco/listconews/sehk/2026/0422/2026042201784.pdf,data/raw/hkex_reports/09689.HK/2025/annual_report.pdf,2,"Environmental, Social and Governance","TENTS Corporate Information 2 Chairman’s Statement 4 Management Discussion and Analysis 6 Biographical Details of Directors and Senior Management 15 Corporate Governance Report 18 Environmental, Social and Governance Report 29 Directors’ Report 77 Independent Auditor’s Report 84 Consolidated Statement of Comprehensive Income 89 Consolidated Statement of Financial Position 90 Consolidated Statement of Changes in Equity 92 Consolidated Statement of Cash Flows 93 Notes to the Consolidated Financial Statements 94 Financial Summary 140",pending
09689.HK,JTF INTL,https://www1.hkexnews.hk/listedco/listconews/sehk/2026/0422/2026042201784.pdf,data/raw/hkex_reports/09689.HK/2025/annual_report.pdf,30,"Environmental, Social and Governance","Annual Report 2025 JTF International Holdings Limited 29 Environmental, Social and Governance Report For the year ended 31 December 2025 INTRODUCTION JTF International Holdings Limited (the “Company”, together with its subsidiaries, the “Group”) is pleased to present this Environmental, Social and Governance (“ESG”) report (the “ESG Report”), highlighting the ESG performance, with disclosure reference to the requirements of the Implementation Guidan",pending
09689.HK,JTF INTL,https://www1.hkexnews.hk/listedco/listconews/sehk/2026/0422/2026042201784.pdf,data/raw/hkex_reports/09689.HK/2025/annual_report.pdf,31,"Environmental, Social and Governance","30 JTF International Holdings Limited Annual Report 2025 Environmental, Social and Governance Report (Continued) For the year ended 31 December 2025 REPORTING PRINCIPLES The ESG Report is prepared according to the “Comply or Explain” provisions and the four Reporting Principles as required by the ESG Reporting Code: 1. Materiality: Based on our continuous communication with stakeholders, the Group has formulated models to analyse environmental and s",pending
09689.HK,JTF INTL,https://www1.hkexnews.hk/listedco/listconews/sehk/2026/0422/2026042201784.pdf,data/raw/hkex_reports/09689.HK/2025/annual_report.pdf,32,"Environmental, Social and Governance","Annual Report 2025 JTF International Holdings Limited 31 Environmental, Social and Governance Report (Continued) For the year ended 31 December 2025 COMMENT AND SUGGESTION Our group values the comments from different stakeholders, if you have any opinions regarding this ESG Report or the sustainability development of the Group, please contact the ESG Reporting Team via the following channels. Address: No. 35, Yanjiang Road, Shazhuang Tujiang Village",pending
09689.HK,JTF INTL,https://www1.hkexnews.hk/listedco/listconews/sehk/2026/0422/2026042201784.pdf,data/raw/hkex_reports/09689.HK/2025/annual_report.pdf,33,"Environmental, Social and Governance","32 JTF International Holdings Limited Annual Report 2025 Environmental, Social and Governance Report (Continued) For the year ended 31 December 2025 Major Stakeholders Major Communication Channels Major Concerns External Suppliers • Periodic review and examination • Procurement meetings • Site visit • Phone calls, conferences, and e-mails Customers • Company website • Meetings and correspondence • Customer hotlines Public community • Charitable acti",pending
300140.SZ,节能环境,https://disc.static.szse.cn/disc/disk03/finalpage/2026-04-03/9693cad2-142d-4eb6-b8b5-a8e6c02cc299.PDF,data/raw/300140.SZ/2025/annual_report.pdf,47,环境、社会及管治,%AD%E8%8A%82%E8%83%BD%EF%BC%88% E7%A6%8F%E5%B7%9E%EF%BC%89%E7%8E%AF%E4%BF%9D%E8%83%BD%E6 %BA%90%E6%9C%89%E9%99%90%E5%85%AC%E5%8F%B8&ifYearReport= 0&ifTempReport=0 十八、社会责任情况 《2025 年环境、社会及管治（ESG）报告》具体内容详见公司于 2026 年 4 月 3 日在巨潮资讯网披露的相关公告。 十九、巩固拓展脱贫攻坚成果、乡村振兴的情况 节能环境始终以习近平新时代中国特色社会主义思想为指导，深入学习贯彻习近平总书记关于乡村振兴工作的重要 论述和重要指示批示精神，坚决扛起中央企业政治责任，严格落实国家乡村振兴局、国资委党委及集团公司党委部署要 求，节能环境本部、秦皇岛公司、承德公司分别对 6 个帮扶村开展帮扶工作，全力协助地方政府巩固拓展脱贫攻坚成 果，接续推进乡村振兴各项工作，在帮扶机制、帮扶成效、帮扶力度等方面下真功、求实效。 47,pending
300376.SZ,易事特,https://disc.static.szse.cn/disc/disk03/finalpage/2026-04-29/35d1b11a-0c81-4de8-91a4-fffa21f62804.PDF,data/raw/300376.SZ/2025/annual_report.pdf,6,Environmental Social and Governance,ESG CBAM REPowerEU AFIR Ah SNEC EESA DCIM EFLOPS AC-DC NACS CCC CQC CE 泰尔 抗震 TÜV SGS CGC 深交所 证监会 巨潮资讯网 元、万元 报告期 上年同期 6 易事特集团股份有限公司 2025 年年度报告全文 指 Environmental Social and Governance，即环境、社会和公司治理 指 Carbon Border Adjustment Mechanism，即碳边境调节机制 指 欧盟能源独立计划 指 Alternative Fuels Infrastructure Regulation，即欧盟替代燃料基础设施法规 指 Ampere - hour，安时，是衡量电池容量的单位 指 Solar & New Energy Conference，即太阳能与新能源大会 指 储能领跑者联盟 指 Data Center Infrastructure Management，即数据中心基础设施管理 指 ExaFLOPS，即每秒百亿亿次浮点运算 指 将交流电（AC）转换为直流电（DC） 指 North American Charging Standard，即北美充电标准 指 China ,pending
300568.SZ,星源材质,https://disc.static.szse.cn/disc/disk03/finalpage/2026-03-31/f95aef58-2557-4c28-bb37-acf90fc637cf.PDF,data/raw/300568.SZ/2025/annual_report.pdf,53,环境、社会及管治,信息披露情况 上市公司及其主要子公司是否纳入环境信息依法披露企业名单 □是 否 公司需遵守《深圳证券交易所上市公司自律监管指引第 3 号——行业信息披露》中的“化工行业相关业务”的披露要求 上市公司发生环境事故的相关情况 报告期内，公司未发生环境事故。 十八、社会责任情况 具体内容详见公司于 2026 年 3 月 31 日披露在巨潮资讯网上的《2025 年环境、社会及管治(ESG)报告》。 公司需遵守《深圳证券交易所上市公司自律监管指引第 3 号——行业信息披露》中的“化工行业相关业务”的披露要求 报告期内，公司未发生重大安全事故。 十九、巩固拓展脱贫攻坚成果、乡村振兴的情况 报告期内，公司未开展脱贫攻坚、乡村振兴工作。 53,pending
600011.SH,华能国际,https://www.sse.com.cn/disclosure/listedinfo/announcement/c/new/2026-03-25/600011_20260325_CS0B.pdf,data/raw/600011.SH/2025/annual_report.pdf,35,环境、社会及管治,、半月谈杂志社等主流媒体颁发的 “中国 ESG 上市公司央企先锋 100 榜单” 、 “中国 ESG 上市公司先锋 100 榜单” 、 “企业 ESG 优 秀成果” ，荣获中国上市公司协会、中国水利电力质量管理协会等行业协会颁发的“可持续发展 最佳实践案例” 、 “ESG 一等典型案例”等殊荣，充分彰显公司在 ESG 领域先锋带头作用。公司 《2025 年度环境、社会及管治报告》将于 2026 年 4 月登载于公司网站和上海证券交易所网站。 公司严格遵守上市地相关监管要求， 积极履行披露义务， 努力保障公司信息披露内容的真实、 准确、完整、及时、公平。报告期内，完成境内外 313 次公告披露，连续获得上交所 A 级最优评 级，荣获《证券市场周刊》2025 年度上市公司信息披露水晶球奖。不断加强投资者关系管理，通 过业绩推介会、投资论坛及券商投资策略会、上交所 E 互动平台以及日常交流等多种形式，及时 回应市场关切，始终保持快速反应、细致解读，坦诚交流的理念，准确传递公司投资价值，公司 2024 年业绩推介会入选中国上市公司协会“2024 年报业绩说明会最佳实践” 。 2025 年，经过不懈努力，公司获得第十五届中国证券金紫荆“卓越上市公司”奖、证券时报 社“第十九届中国上市公司价,pending
600011.SH,华能国际,https://www.sse.com.cn/disclosure/listedinfo/announcement/c/new/2026-03-25/600011_20260325_CS0B.pdf,data/raw/600011.SH/2025/annual_report.pdf,57,环境、社会及管治,"0 华能桂林燃气分布式能源有限责任公司 https://bqfq.sthjt.gxzf.gov.cn/GXHJXXPLQYD/fro ntal/index.html#/home/index 其他说明 □适用 √不适用 十五、社会责任工作情况 (一) 是否单独披露社会责任报告、可持续发展报告或 ESG 报告 √适用 □不适用 相关内容详见公司在上交所网站披露的环境、社会及管治报告。 (二) 社会责任工作具体情况 √适用 □不适用 对外捐赠、公益项目 数量/内容 情况说明 总投入（万元） 441.8 包括救灾捐赠、公益捐赠等 其中：资金（万元） 441.8 - 物资折款（万元）- - 惠及人数（人）- 因公司运营覆盖区域广泛， 对外捐赠和 公益项目众多， 具体受惠人数难以精确 统计。 具体说明 √适用 □不适用 相关内容详见公司在上交所网站披露的环境、社会及管治报告。 十六、巩固拓展脱贫攻坚成果、乡村振兴等工作具体情况 √适用 □不适用 扶贫及乡村振兴项目 数量/内容 情况说明 总投入（万元） 1,617.1 不包含消费帮扶金额 其中：资金（万元） 1,617.1 - 物资折款（万元）- - 惠及人数（人）- 因公司运营覆盖区域广泛， 帮扶项目众 多，具体受惠人数难以精确统计 帮扶形",pending
600188.SH,兖矿能源,https://www.sse.com.cn/disclosure/listedinfo/announcement/c/new/2026-03-28/600188_20260328_R5TM.pdf,data/raw/600188.SH/2025/annual_report.pdf,71,环境、社会及管治,系运行的有效性。 公司 2026 年 3 月 27 日召开 的第九届董事会第二十二次会议，对 2025 年度内部控制的有效性进行了评估。董事会评估认为， 公司内部控制制度健全，执行有效，未发现本公司存在内部控制设计或执行方面的重大缺陷。 公司内部控制的自我评估报告全文载于上交所网站、香港联交所网站和公司网站。 公司制定了《全面风险管理办法》，搭建了风险（包括环境、社会及管治风险）管理信息化 管控平台，建立了完善的风险管控机制。每年在公司及附属公司范围内，通过风险管理信息化管 控平台开展风险辨识、风险评估、风险应对、关键风险点监控等全面风险管理工作，并出具《年 度风险管理报告》；针对确认的重大风险，制定切合实际的风险管理策略和解决方案，定期对管 控情况进行总结，编制重大风险管控报告。通过借助信息化的手段，对重大风险实施精准辨识、 多维度风险评估及量化分析、科学应对及定期跟踪评价，实现了对重大风险的全过程闭环管理。 董事会对前述的风险管理及内部监控系统负责，并及时检讨该等制度的有效性（最少每年检 讨一次）。董事会已经完成有关检讨，认为本集团的风险管理及内部监控系统有效且足够。董事 会进一步阐明前述系统旨在管理而并非消除未能达成业务目标的风险，并且只就不会有重大的失 实陈述或损失作出合,pending
600188.SH,兖矿能源,https://www.sse.com.cn/disclosure/listedinfo/announcement/c/new/2026-03-28/600188_20260328_R5TM.pdf,data/raw/600188.SH/2025/annual_report.pdf,75,环境、社会及管治,"露系统（甘肃） https://zwfw.sthj.gansu.gov.cn/revealPubVue/#/home 其他说明 √适用 □不适用 露规定。 上表所列纳入环境信息依法披露企业均为本集团境内附属公司，境外附属公司不适用上述披 十七、 社会责任工作情况 1. 是否单独披露社会责任报告、可持续发展报告或 ESG 报告 √适用 □不适用 公司单独发布《环境、社会及管治报告》。 2. 社会责任工作具体情况 √适用 □不适用 对外捐赠、公益项目 数量/内容 总投入（万元） 6,883 其中：资金（万元） 5,836 物资折款（万元） 997 惠及人数（人）- 具体说明 √适用 □不适用 2025 年，公司积极开展对外捐赠和公益支持工作，有关详情请见日期为 2026 年 3 月 27 日的 《2025 年度环境、社会及管治报告》。 75 / 379",pending
600188.SH,兖矿能源,https://www.sse.com.cn/disclosure/listedinfo/announcement/c/new/2026-03-28/600188_20260328_R5TM.pdf,data/raw/600188.SH/2025/annual_report.pdf,76,环境、社会及管治,用 扶贫及乡村振兴项目 数量/内容 总投入（万元） 619 其中：资金（万元） 619 物资折款（万元） - 惠及人数（人） - 帮扶形式 （如产业扶贫、 就业扶 贫、教育扶贫等） 产业扶贫、就业扶贫、教育扶贫 具体说明 √适用 □不适用 2025 年，公司积极开展脱贫攻坚和乡村振兴工作，有关详情请见日期为 2026 年 3 月 27 日的 《2025 年度环境、社会及管治报告》。 十九、 其他 √适用 □不适用 企业管治报告（按香港上市监管规定编制） （一）《企业管治守则》（“《守则》”）及《标准守则》遵守情况 本集团已经建立了比较规范、稳健的企业管治架构，并注重遵循透明、问责、维护全体股东 权益的公司管治原则。 董事会相信，良好的企业管治对本集团运营发展十分重要。本集团已建立向全体董事汇报的 制度，确保董事对公司业务知情；并相信定期举行的董事会会议能够为非执行董事提供有效的沟 通渠道，以使非执行董事对本集团业务进行全面及开放的讨论。董事会定期检讨公司治理常规， 以确保公司的运行符合法律、法规及上市地监管规定，不断致力于提升公司管治水平。 本集团已执行的企业管治常规文件包括但不限于：《公司章程》《股东会议事规则》《董事 会议事规则》《总经理工作细则》《总经理办公会议事规则》《独,pending
600875.SH,东方电气,https://www.sse.com.cn/disclosure/listedinfo/announcement/c/new/2026-04-01/600875_20260401_APQ8.pdf,data/raw/600875.SH/2025/annual_report.pdf,48,环境、社会及管治,"https://permit.mee.gov.cn/（全国排污许可证 管理信息平台）-许可信息公开-搜索 “915101007653850291001U”可查看执行 报告 其他说明 □适用 √不适用 十五、社会责任工作情况 (一) 是否单独披露社会责任报告、可持续发展报告或 ESG 报告 √适用 □不适用 详见公司披露的《东方电气股份有限公司 2025 年度环境、社会及管治报告》。 (二) 社会责任工作具体情况 √适用 □不适用 对外捐赠、公益项目 数量/内容 情况说明 总投入（万元） 2,898.88 其中：资金（万元） 2,837.37 向昭觉县、吉县投入无偿帮扶资金 2555.67 万元， 向四川省中江县仓山镇、西藏日喀则、新疆布尔 津县、甘肃省酒泉阿克塞捐款 281.7 万元 物资折款（万元） 61.51 向昭觉县、 吉县捐款捐物折合资金 40.39 万元； 向 西藏昌都市洛隆县、甘肃省酒泉市金河社区、湖 北省武汉市新洲区捐款捐物折合 21.12 万元 惠及人数（人） 70,497 通过实施产业、人才、文化、生态、组织“五大 振兴”项目，在边疆地区产业布局、帮助销售农 产品和捐款捐物等方式惠及 具体说明 □适用 √不适用 十六、巩固拓展脱贫攻坚成果、乡村振兴等工作具体情况",pending
600875.SH,东方电气,https://www.sse.com.cn/disclosure/listedinfo/announcement/c/new/2026-04-01/600875_20260401_APQ8.pdf,data/raw/600875.SH/2025/annual_report.pdf,50,环境、社会及管治,东方电气股份有限公司2025 年年度报告 本公司采用《香港上市规则》附录 C1 之《企业管治守则》所载之所有适用守则条文，董事认 为，报告期内，本公司已遵守《企业管治守则》所载之所有适用守则条文。董事认为，报告期内， 本公司已遵守《香港上市规则》附录 C2 之《环境、社会及管治报告守则》所载之所有适用守则条 文，详情请见本公司 2025 年公司环境、社会及管治报告。 1.董事会专门委员会说明 董事会已成立四个专门委员会， 各委员会具备界定之职权范围， 以监察公司个别范畴的事务。 （1）审计与风险委员会 审计与风险委员会的主要职责是： ①审核公司的财务信息及其披露，审核公司的财务会计报告及定期报告中的财务信息，在向 董事会提交财务报表及定期报告前先行审阅； ②监督及评估公司的内部审计工作； ③监督及评估外部审计机构工作； ④协调管理层、内部审计部门及相关部门与外部审计机构的沟通； ⑤监督及评估公司内部控制； ⑥审议聘任或者解聘公司财务负责人； ⑦审议因会计准则变更以外的原因作出会计政策、会计估计变更或者重大会计差错更正； ⑧审查公司的重大关联交易情况，判断其公允性、合规性及披露情况； ,pending
600938.SH,中国海油,https://www.sse.com.cn/disclosure/listedinfo/announcement/c/new/2026-03-27/600938_20260327_B3QB.pdf,data/raw/600938.SH/2025/annual_report.pdf,21,环境、社会及管治,张力腿型浮式风电平台项目开工；深远海风电示范项目海南CZ7项目一期开工建设。 第三，坚持有序推动新产业发展。中国海上首个CCUS项目在南海投产，成功实现海上 “CCS”向“CCUS”的跨越。此外，大亚湾区CCS/CCUS集群示范项目完成技术可行性研 究。 二零二五年，公司在节能降碳、关键项目推进、零碳负碳产业等方面获得显著成效，具 体情况详见公司《2025年环境、社会及管治报告》。 - 21 -,pending
600938.SH,中国海油,https://www.sse.com.cn/disclosure/listedinfo/announcement/c/new/2026-03-27/600938_20260327_B3QB.pdf,data/raw/600938.SH/2025/annual_report.pdf,22,环境、社会及管治,"环保核心价值理念。我们不断完善HSSE体系管理，努力为公司员工及承包商提供安全 的工作环境，持续保持较为平稳的安全生产形势，努力构建世界一流的安全风险管控体 系。 二零二五年，公司扎实推进安全生产专项行动，狠抓重大事故隐患排查质效，突出数智 赋能和科技兴安，全面加强基层基础精益管理，安全风险管控能力不断提升。 公司健康、安全、环保具体情况详见公司《2025年环境、社会及管治报告》。 企业公民 在追求产量增长的同时，中国海油积极应对气候变化，践行绿色低碳发展理念，打造绿 色低碳企业。公司的社会责任理念是：努力把自己建设成为油气增储上产的主导力量、 绿色低碳发展的促进力量、构建和谐社会的中坚力量。 二零二五年，中国海油在对外捐赠、公益项目上总计投入人民币超1.34亿元。公司履行 企业社会责任的具体情况详见《2025年环境、社会及管治报告》。 人力资源 中国海油始终视员工为公司发展的核心竞争力，始终秉持以人为本的发展理念，不断完 善各项用工制度，重视员工权益，为员工打造良好的成长环境，助力员工健康发展。 截至二零二五年十二月三十一日，本公司的中国雇员、海外雇员和劳务派遣雇员人数分 别为20,810、1,235和1,039人。 公司用工政策、保障员工权益及员工发展等具体情况详见《2025",pending
600938.SH,中国海油,https://www.sse.com.cn/disclosure/listedinfo/announcement/c/new/2026-03-27/600938_20260327_B3QB.pdf,data/raw/600938.SH/2025/annual_report.pdf,30,环境、社会及管治,公司努力构建与国际一流能源公司相匹配的风险管理体系。对重大风险统筹管 理，分级分类应对，努力实现及时识别、防范、处置和报告。对重要业务领 域进行风险监测预警，动态研判和处置。形成“事前防范、事中控制、事后评 价”的全过程风险管理机制。 持续健全以风险管理为导向的内控制度体系。聚焦公司治理体系和治理能力现 代化，加强合规体系建设，确保各项风险有效应对。 公司将环境、社会及管治(ESG)风险管理融入常态化风险管理之中，更多ESG 风险识别及应对详见公司《2025年环境、社会及管治报告》。 - 30 -,pending
600938.SH,中国海油,https://www.sse.com.cn/disclosure/listedinfo/announcement/c/new/2026-03-27/600938_20260327_B3QB.pdf,data/raw/600938.SH/2025/annual_report.pdf,42,环境、社会及管治,来，并定期作检视以确保有关安排符合本公司的需要。 • 董事会履行之主要职能包括： (i) 审核及批准长期战略计划及年度经营计划，监督该等计划之实施及 执行； (ii) 审核及批准重大财务及商业交易及其他重大企业活动； (iii) 审核及批准财务报表及报告，监督控制、流程和程序的设立及维 持，确保财务及其他披露事项之准确性、完整性及清晰性； (iv) 对公司的环境、社会及管治策略及汇报承担全部责任，负责评估及 厘定公司有关环境、社会及管治的风险，并确保公司设立合适及有 效的环境、社会及管治风险管理及内部监控系统； (v) 决定聘任或解聘高级管理人员，决定高级管理人员的业绩考核结 果，合理控制高级管理人员的薪酬水平；及 (vi) 公司组织章程细则规定的董事会其他职权。 • 董事会与高级管理人员有着各自的职能、责任和贡献。高级管理人员履 行之主要职能是处理日常业务和上述董事会批准及授予的事务，以及董事 会不时要求的其他事项。 • 董事定期检视该等权力转授的安排以确保该安排符合公司需要。 • 董事清楚了解既定的权力转授安排。公司已与执行董事、非执行董事及 独立非执行董事签有服务协议，订明有关服务的主要条款及条件。 - 42 -,pending
600938.SH,中国海油,https://www.sse.com.cn/disclosure/listedinfo/announcement/c/new/2026-03-27/600938_20260327_B3QB.pdf,data/raw/600938.SH/2025/annual_report.pdf,47,环境、社会及管治,核委员会” 。 • 公司设立的风控合规委员会，经董事会授权负责公司全面风险管理和内部 控制工作的组织和实施，负责制定风险管理及内部控制体系，为风险管 理和内部控制体系实施标准化的组织机构、授权、责任、流程和方法， 负责持续监督公司风险管理及内部控制体系的工作，并定期向审核委员会 及董事会报告公司风险管理和内部控制体系建设及合规管控情况。 • 在风险管理（包括环境、社会及管治风险）方面，公司选用ISO31000 ： 2018/GBT24353-2022 《风险管理指南》，并以中国国资委发布的《中央企业 全面风险管理指引》、COSO委员会(Committee of Sponsoring Organizations of the Treadway Commission)制定的企业风险管理框架作为重要参考，形 成一套设计、实施、监控、评审和持续改进的风险管理体系。公司风控 合规委员会根据公司战略制定风险管理总体目标和策略，识别、分析及 评估本公司综合风险，同时负责制定对重大风险的应对方案，跟踪与定 期回顾已识别风险的应对方案实施情况及重大合规事件的处理情况，以 确保公司各类重大风险及合规事件能得到足够的关注、监控与应对。风 险管理报告定期向审核委员会及董事会呈交。公司已将ESG风险管理融,pending
601669.SH,中国电建,https://www.sse.com.cn/disclosure/listedinfo/announcement/c/new/2026-04-24/601669_20260424_6UT7.pdf,data/raw/601669.SH/2025/annual_report.pdf,60,环境、社会及管治," 中国水利水电夹江水工机械有限公司 https://103.203.219.138:8082/eps/list 其他说明 □适用 √不适用 十五、社会责任工作情况 (一) 是否单独披露社会责任报告、可持续发展报告或 ESG 报告 √适用 □不适用 详见公司于 2026 年 4 月 24 日在上海证券交易所网站披露的《中国电力建设股份有限公司 2025 年 度环境、社会及管治报告》。 (二) 社会责任工作具体情况 √适用 □不适用 对外捐赠、公益项目 数量/内容 情况说明 总投入（万元） 5,479.48 其中：资金（万元） 2,650.62 物资折款（万元） 2,828.86 惠及人数（人） / 具体说明 □适用 √不适用 十六、巩固拓展脱贫攻坚成果、乡村振兴等工作具体情况 √适用 □不适用 扶贫及乡村振兴项目 数量/内容 情况说明 总投入（万元） 7,268.55 定点帮扶 3,820 万元；对口支援 1,740 万元；其他帮扶 1,708.55 万元。 其中：资金（万元） 6,674.3 物资折款（万元） 594.25 惠及人数（人） 132,000 直接受惠：剑川县 67000 人、芒康县 38000 人、民丰县 27000 人。 帮扶形式（如产业扶贫、就 业扶贫、教育扶贫",pending
601808.SH,中海油服,https://www.sse.com.cn/disclosure/listedinfo/announcement/c/new/2026-03-25/601808_20260325_9TQK.pdf,data/raw/601808.SH/2025/annual_report.pdf,53,环境、社会及管治,"中海油田服务股份有限公司2025 年年度报告 有关社会责任工作情况请详见公司在上海证券交易所网站（www.sse.com.cn）及公司网站 （www.cosl.com.cn）发布的《中海油服 2025 年环境、社会及管治（ESG）报告》。 (二) 社会责任工作具体情况 √适用 □不适用 对外捐赠、公益项目 数量/内容 情况说明 总投入（万元人民币） 1,919.88 捐赠项目 20 项，涉及定点帮扶、教育帮扶、地方 帮扶、境外公益等。 其中：资金（万元人民币） 1,919.12 捐赠项目 19 项，涉及定点帮扶、教育帮扶、地方 帮扶等。 物资折款 （万元人民币） 0.76 捐赠项目 1 项，涉及地方帮扶等。 惠及人数（人） 258,098 地方帮扶涉及 4 个地区、 教育帮扶涉及 15 所学校、 境外捐赠涉及 3 个国家。 具体说明 √适用 □不适用 2025 年，中海油服积极参与公益项目，坚决把实现巩固拓展脱贫攻坚成果同乡村振兴有效衔 接作为一项重要任务来抓，积极参与地方建设，持续建好希望小学，大力开展消费帮扶，用实际 行动",pending
601865.SH,福莱特,https://www.sse.com.cn/disclosure/listedinfo/announcement/c/new/2026-03-27/601865_20260327_VLO0.pdf,data/raw/601865.SH/2025/annual_report.pdf,43,环境、社会及管治,福莱特玻璃集团股份有限公司2025 年年度报告 十五、社会责任工作情况 (一) 是否单独披露社会责任报告、可持续发展报告或 ESG 报告 √适用 □不适用 ESG 报告具体详见公司同日于上海证券交易所网站披露的《福莱特玻璃集团股份有限公司 2025 年度环境、社会及管治报告》。 (二) 社会责任工作具体情况 √适用 □不适用 对外捐赠、公益项目 数量/内容 情况说明 总投入（万元） 53.93 其中：资金（万元） 51.60 嘉兴秀洲区慈善捐款、红心助残捐款、 特殊困难未成年人关爱 物资折款（万元） 2.33 浙青牵手计划、夏日公益活动 惠及人数（人） 不适用 具体说明 □适用 √不适用 十六、巩固拓展脱贫攻坚成果、乡村振兴等工作具体情况 □适用 √不适用 具体说明 □适用 √不适用 十七、其他 □适用 √不适用 43 / 221,pending
601868.SH,中国能建,https://www.sse.com.cn/disclosure/listedinfo/announcement/c/new/2026-03-28/601868_20260328_S4N1.pdf,data/raw/601868.SH/2025/annual_report.pdf,50,环境、社会及管治,有限公司 2025 年年度报告 关于本公司股息分派及政策，详情载于本报告“第六节 重要事项”及“第五节 公司治理、 环境和社会 （企业管治报告） ” 中。 关于本公司于 2025 年度社会责任和环境保护情况载于本报告 “第五节 公司治理、环境和社会（企业管治报告）” 。本公司环境政策、社会责任及其表现的进 一步详情将载于本公司 2025 年度报告同日刊发的《环境、社会及管治报告》中。 关于本公司于 2025 年度对本公司有重大影响的事件情况及其他需披露事项， 详情载于本报告 “第六节 重要事项” 。 （二）未来投资计划 公司将围绕“增强核心功能、提升核心竞争力” ，持续聚焦主责主业、聚焦优势领域，培育 壮大新兴产业、前瞻布局未来产业，以价值投资为引领、全生命周期管理为抓手，持续优化投资 结构、强化精益管理、深化风险防控、提升投资效能，着力发展新质生产力，服务国家能源安全 新战略、 “双碳”目标实现和共建“一带一路”等重大战略，全力增强能源保供托底能力、现代 化基础设施体系支撑能力和服务经济社会发展的价值创造能力。 （三）期后事项 公司关于向特定对象发行 A 股股票的申请， 已于 2025 年 6 月获得中国证监会同意注册批复 （详 情请参见本公司网站 (www.ceec.net.,pending
601898.SH,中煤能源,https://www.sse.com.cn/disclosure/listedinfo/announcement/c/new/2026-03-28/601898_20260328_JP8H.pdf,data/raw/601898.SH/2025/annual_report.pdf,52,环境、社会及管治, 日 审议了关于聘任公司总裁和提名公司执 行董事的议案 会议审议通过了相关 议案，同意提交董事 会审议 - (四) 报告期内安全、健康与环保委员会（ESG 委员会）召开2次会议 召开日期 会议内容 重要意见和建议 其他履行 职责情况 2025 年 3 月 20 日 审议了《公司 2024 年年度报告》《公司 2024 年度董事会报告》《公司 2024 年 度环境、社会及管治（ESG）报告》等 3 项议案 会议审议通过了相关 议案，同意提交董事 会审议。 - 2025 年 4 月 24 日 听取了关于公司安全健康环保及节能工 作 2024 年完成情况和 2025 年工作安排 的汇报 - - (五) 报告期内审计与风险管理委员会召开6次会议 召开日期 会议内容 重要意见和建议 其他履行 职责情况 2025 年 3 月 3 日 听取了关于公司 2024 年财务报告初步 审计情况的汇报- - 2025 年 3 月 20 日 审议了《公司 2024 年年度报告》《公司 2024 年度董事会报告》《公司 2024 年 度财务报告》 《公司 2024 年度利润分配 预案》 《公司 2025 年度生产经营和财务 计划》 《财务公司 2024 年度风险持续评 估报告》《继续给予公司发行债务类融 资,pending
601898.SH,中煤能源,https://www.sse.com.cn/disclosure/listedinfo/announcement/c/new/2026-03-28/601898_20260328_JP8H.pdf,data/raw/601898.SH/2025/annual_report.pdf,60,环境、社会及管治,"社会和公司治理报告。 (二)社会责任工作具体情况 √适用 □不适用 对外捐赠、公益项目 数量/内容 情况说明 总投入（万元） 1,470.50 - 其中：资金（万元） 1,469.50 社会、爱心等资金捐赠 物资折款（万元） 1.00 物资捐赠 惠及人数（人）- 项目惠及当地群众 具体说明 √适用 □不适用 详见本公司在联交所网站、上交所网站和公司网站发布的环境、社会及管治报告。 十六、巩固拓展脱贫攻坚成果、乡村振兴等工作具体情况 √适用 □不适用 扶贫及乡村振兴项目 数量/内容 情况说明 总投入（万元） 3,717.57 - 其中：资金（万元） 303.05 直接投入无偿帮扶资金 物资折款（万元） 3,414.52 捐赠物资、爱心助学、消费帮扶等 惠及人数（人）- 帮扶项目惠及当地群众人数 帮扶形式（如产业扶贫、就业 扶贫、教育扶贫等） 围绕产业振兴、 人才振兴、 生态振兴、组织振兴和文 化振兴，开展形式多样的 帮扶项目 22 个， 深化能源 产业帮扶，大力实施教育 - 60 / 262",pending
688663.SH,DR新风光,https://www.sse.com.cn/disclosure/listedinfo/announcement/c/new/2026-04-09/688663_20260409_XD1N.pdf,data/raw/688663.SH/2025/annual_report.pdf,70,环境、社会及管治,控制审计报告， 报告内容于 2026 年 4 月 9 日披露在上海证券交易 所网站（www.sse.com.cn）。 是否披露内部控制审计报告：是 内部控制审计报告意见类型：标准的无保留意见 报告期或上年度是否被出具内部控制非标准审计意见 □是 √否 十五、上市公司治理专项行动自查问题整改情况 不适用 十六、董事会有关 ESG 情况的声明 公司董事会高度重视环境、社会及管治（ESG）工作，将 ESG 理念深度融入企业战略规划与日 70 / 262,pending
