stock_code,company_name,exchange,industry,entity_id,st_status,listing_status,energy_eligible,source_url,as_of_date
00001.HK,CKH HOLDINGS,HKEX,待分类,00001.HK,,上市,,https://www.hkex.com.hk/eng/services/trading/securities/securitieslists/ListOfSecurities.xlsx,2026-07-29
00002.HK,CLP HOLDINGS,HKEX,待分类,00002.HK,,上市,,https://www.hkex.com.hk/eng/services/trading/securities/securitieslists/ListOfSecurities.xlsx,2026-07-29
00003.HK,HK & CHINA GAS,HKEX,待分类,00003.HK,,上市,,https://www.hkex.com.hk/eng/services/trading/securities/securitieslists/ListOfSecurities.xlsx,2026-07-29
00004.HK,WHARF HOLDINGS,HKEX,待分类,00004.HK,,上市,,https://www.hkex.com.hk/eng/services/trading/securities/securitieslists/ListOfSecurities.xlsx,2026-07-29
00005.HK,HSBC HOLDINGS,HKEX,待分类,00005.HK,,上市,,https://www.hkex.com.hk/eng/services/trading/securities/securitieslists/ListOfSecurities.xlsx,2026-07-29
00006.HK,POWER ASSETS,HKEX,待分类,00006.HK,,上市,,https://www.hkex.com.hk/eng/services/trading/securities/securitieslists/ListOfSecurities.xlsx,2026-07-29
00007.HK,WISDOM WEALTH,HKEX,待分类,00007.HK,,上市,,https://www.hkex.com.hk/eng/services/trading/securities/securitieslists/ListOfSecurities.xlsx,2026-07-29
00008.HK,PCCW,HKEX,待分类,00008.HK,,上市,,https://www.hkex.com.hk/eng/services/trading/securities/securitieslists/ListOfSecurities.xlsx,2026-07-29
00010.HK,HANG LUNG GROUP,HKEX,待分类,00010.HK,,上市,,https://www.hkex.com.hk/eng/services/trading/securities/securitieslists/ListOfSecurities.xlsx,2026-07-29
00012.HK,HENDERSON LAND,HKEX,待分类,00012.HK,,上市,,https://www.hkex.com.hk/eng/services/trading/securities/securitieslists/ListOfSecurities.xlsx,2026-07-29
00013.HK,HUTCHMED,HKEX,待分类,00013.HK,,上市,,https://www.hkex.com.hk/eng/services/trading/securities/securitieslists/ListOfSecurities.xlsx,2026-07-29
00014.HK,HYSAN DEV,HKEX,待分类,00014.HK,,上市,,https://www.hkex.com.hk/eng/services/trading/securities/securitieslists/ListOfSecurities.xlsx,2026-07-29
00016.HK,SHK PPT,HKEX,待分类,00016.HK,,上市,,https://www.hkex.com.hk/eng/services/trading/securities/securitieslists/ListOfSecurities.xlsx,2026-07-29
00017.HK,NEW WORLD DEV,HKEX,待分类,00017.HK,,上市,,https://www.hkex.com.hk/eng/services/trading/securities/securitieslists/ListOfSecurities.xlsx,2026-07-29
00018.HK,ORIENTAL M G,HKEX,待分类,00018.HK,,上市,,https://www.hkex.com.hk/eng/services/trading/securities/securitieslists/ListOfSecurities.xlsx,2026-07-29
00019.HK,SWIRE PACIFIC A,HKEX,待分类,00019.HK,,上市,,https://www.hkex.com.hk/eng/services/trading/securities/securitieslists/ListOfSecurities.xlsx,2026-07-29
00020.HK,SENSETIME-W,HKEX,待分类,00020.HK,,上市,,https://www.hkex.com.hk/eng/services/trading/securities/securitieslists/ListOfSecurities.xlsx,2026-07-29
00021.HK,GREAT CHI HLDGS,HKEX,待分类,00021.HK,,上市,,https://www.hkex.com.hk/eng/services/trading/securities/securitieslists/ListOfSecurities.xlsx,2026-07-29
00022.HK,MEXAN-NEW,HKEX,待分类,00022.HK,,上市,,https://www.hkex.com.hk/eng/services/trading/securities/securitieslists/ListOfSecurities.xlsx,2026-07-29
00023.HK,BANK OF E ASIA,HKEX,待分类,00023.HK,,上市,,https://www.hkex.com.hk/eng/services/trading/securities/securitieslists/ListOfSecurities.xlsx,2026-07-29
00025.HK,CHEVALIER INT'L,HKEX,待分类,00025.HK,,上市,,https://www.hkex.com.hk/eng/services/trading/securities/securitieslists/ListOfSecurities.xlsx,2026-07-29
00026.HK,CHINA MOTOR BUS,HKEX,待分类,00026.HK,,上市,,https://www.hkex.com.hk/eng/services/trading/securities/securitieslists/ListOfSecurities.xlsx,2026-07-29
00027.HK,GALAXY ENT,HKEX,待分类,00027.HK,,上市,,https://www.hkex.com.hk/eng/services/trading/securities/securitieslists/ListOfSecurities.xlsx,2026-07-29
00028.HK,TIAN AN,HKEX,待分类,00028.HK,,上市,,https://www.hkex.com.hk/eng/services/trading/securities/securitieslists/ListOfSecurities.xlsx,2026-07-29
00029.HK,DYNAMIC HOLD,HKEX,待分类,00029.HK,,上市,,https://www.hkex.com.hk/eng/services/trading/securities/securitieslists/ListOfSecurities.xlsx,2026-07-29
00030.HK,YNBY INTL,HKEX,待分类,00030.HK,,上市,,https://www.hkex.com.hk/eng/services/trading/securities/securitieslists/ListOfSecurities.xlsx,2026-07-29
00031.HK,CHINA AEROSPACE,HKEX,待分类,00031.HK,,上市,,https://www.hkex.com.hk/eng/services/trading/securities/securitieslists/ListOfSecurities.xlsx,2026-07-29
00032.HK,CROSS-HAR(HOLD),HKEX,待分类,00032.HK,,上市,,https://www.hkex.com.hk/eng/services/trading/securities/securitieslists/ListOfSecurities.xlsx,2026-07-29
00033.HK,INTL GENIUS,HKEX,待分类,00033.HK,,上市,,https://www.hkex.com.hk/eng/services/trading/securities/securitieslists/ListOfSecurities.xlsx,2026-07-29
00034.HK,KOWLOON DEV,HKEX,待分类,00034.HK,,上市,,https://www.hkex.com.hk/eng/services/trading/securities/securitieslists/ListOfSecurities.xlsx,2026-07-29
00035.HK,FE CONSORT INTL,HKEX,待分类,00035.HK,,上市,,https://www.hkex.com.hk/eng/services/trading/securities/securitieslists/ListOfSecurities.xlsx,2026-07-29
00036.HK,FE HLDGS INTL,HKEX,待分类,00036.HK,,上市,,https://www.hkex.com.hk/eng/services/trading/securities/securitieslists/ListOfSecurities.xlsx,2026-07-29
00037.HK,FE HOTELS,HKEX,待分类,00037.HK,,上市,,https://www.hkex.com.hk/eng/services/trading/securities/securitieslists/ListOfSecurities.xlsx,2026-07-29
00038.HK,FIRST TRACTOR,HKEX,待分类,00038.HK,,上市,,https://www.hkex.com.hk/eng/services/trading/securities/securitieslists/ListOfSecurities.xlsx,2026-07-29
00039.HK,CH BEIDAHUANG,HKEX,待分类,00039.HK,,上市,,https://www.hkex.com.hk/eng/services/trading/securities/securitieslists/ListOfSecurities.xlsx,2026-07-29
00040.HK,GOLD PEAK,HKEX,待分类,00040.HK,,上市,,https://www.hkex.com.hk/eng/services/trading/securities/securitieslists/ListOfSecurities.xlsx,2026-07-29
00041.HK,GREAT EAGLE H,HKEX,待分类,00041.HK,,上市,,https://www.hkex.com.hk/eng/services/trading/securities/securitieslists/ListOfSecurities.xlsx,2026-07-29
00042.HK,NE ELECTRIC,HKEX,待分类,00042.HK,,上市,,https://www.hkex.com.hk/eng/services/trading/securities/securitieslists/ListOfSecurities.xlsx,2026-07-29
00045.HK,HK&S HOTELS,HKEX,待分类,00045.HK,,上市,,https://www.hkex.com.hk/eng/services/trading/securities/securitieslists/ListOfSecurities.xlsx,2026-07-29
00046.HK,COMPUTER & TECH,HKEX,待分类,00046.HK,,上市,,https://www.hkex.com.hk/eng/services/trading/securities/securitieslists/ListOfSecurities.xlsx,2026-07-29
00048.HK,C AUTO INT DECO,HKEX,待分类,00048.HK,,上市,,https://www.hkex.com.hk/eng/services/trading/securities/securitieslists/ListOfSecurities.xlsx,2026-07-29
00050.HK,HK FERRY (HOLD),HKEX,待分类,00050.HK,,上市,,https://www.hkex.com.hk/eng/services/trading/securities/securitieslists/ListOfSecurities.xlsx,2026-07-29
00051.HK,HARBOUR CENTRE,HKEX,待分类,00051.HK,,上市,,https://www.hkex.com.hk/eng/services/trading/securities/securitieslists/ListOfSecurities.xlsx,2026-07-29
00052.HK,FAIRWOOD HOLD,HKEX,待分类,00052.HK,,上市,,https://www.hkex.com.hk/eng/services/trading/securities/securitieslists/ListOfSecurities.xlsx,2026-07-29
00053.HK,GUOCO GROUP,HKEX,待分类,00053.HK,,上市,,https://www.hkex.com.hk/eng/services/trading/securities/securitieslists/ListOfSecurities.xlsx,2026-07-29
00055.HK,NEWAY GROUP,HKEX,待分类,00055.HK,,上市,,https://www.hkex.com.hk/eng/services/trading/securities/securitieslists/ListOfSecurities.xlsx,2026-07-29
00057.HK,CHEN HSONG HOLD,HKEX,待分类,00057.HK,,上市,,https://www.hkex.com.hk/eng/services/trading/securities/securitieslists/ListOfSecurities.xlsx,2026-07-29
00058.HK,SUNWAY INT'L,HKEX,待分类,00058.HK,,上市,,https://www.hkex.com.hk/eng/services/trading/securities/securitieslists/ListOfSecurities.xlsx,2026-07-29
00059.HK,SKYFAME REALTY,HKEX,待分类,00059.HK,,上市,,https://www.hkex.com.hk/eng/services/trading/securities/securitieslists/ListOfSecurities.xlsx,2026-07-29
00060.HK,HK FOOD INV,HKEX,待分类,00060.HK,,上市,,https://www.hkex.com.hk/eng/services/trading/securities/securitieslists/ListOfSecurities.xlsx,2026-07-29
00061.HK,GREEN LEAD-NEW,HKEX,待分类,00061.HK,,上市,,https://www.hkex.com.hk/eng/services/trading/securities/securitieslists/ListOfSecurities.xlsx,2026-07-29
00062.HK,TRANSPORT INT'L,HKEX,待分类,00062.HK,,上市,,https://www.hkex.com.hk/eng/services/trading/securities/securitieslists/ListOfSecurities.xlsx,2026-07-29
00063.HK,CHI ASIA VALLEY,HKEX,待分类,00063.HK,,上市,,https://www.hkex.com.hk/eng/services/trading/securities/securitieslists/ListOfSecurities.xlsx,2026-07-29
00064.HK,GET NICE,HKEX,待分类,00064.HK,,上市,,https://www.hkex.com.hk/eng/services/trading/securities/securitieslists/ListOfSecurities.xlsx,2026-07-29
00065.HK,GRAND OCEAN AR,HKEX,待分类,00065.HK,,上市,,https://www.hkex.com.hk/eng/services/trading/securities/securitieslists/ListOfSecurities.xlsx,2026-07-29
00066.HK,MTR CORPORATION,HKEX,待分类,00066.HK,,上市,,https://www.hkex.com.hk/eng/services/trading/securities/securitieslists/ListOfSecurities.xlsx,2026-07-29
00068.HK,MANYCORE TECH,HKEX,待分类,00068.HK,,上市,,https://www.hkex.com.hk/eng/services/trading/securities/securitieslists/ListOfSecurities.xlsx,2026-07-29
00069.HK,SHANGRI-LA ASIA,HKEX,待分类,00069.HK,,上市,,https://www.hkex.com.hk/eng/services/trading/securities/securitieslists/ListOfSecurities.xlsx,2026-07-29
00070.HK,RICH GOLDMAN,HKEX,待分类,00070.HK,,上市,,https://www.hkex.com.hk/eng/services/trading/securities/securitieslists/ListOfSecurities.xlsx,2026-07-29
00071.HK,MIRAMAR HOTEL,HKEX,待分类,00071.HK,,上市,,https://www.hkex.com.hk/eng/services/trading/securities/securitieslists/ListOfSecurities.xlsx,2026-07-29
00072.HK,META MEDIA,HKEX,待分类,00072.HK,,上市,,https://www.hkex.com.hk/eng/services/trading/securities/securitieslists/ListOfSecurities.xlsx,2026-07-29
00073.HK,ASIAN CITRUS,HKEX,待分类,00073.HK,,上市,,https://www.hkex.com.hk/eng/services/trading/securities/securitieslists/ListOfSecurities.xlsx,2026-07-29
00075.HK,Y.T. REALTY,HKEX,待分类,00075.HK,,上市,,https://www.hkex.com.hk/eng/services/trading/securities/securitieslists/ListOfSecurities.xlsx,2026-07-29
00076.HK,ELATE HOLDINGS,HKEX,待分类,00076.HK,,上市,,https://www.hkex.com.hk/eng/services/trading/securities/securitieslists/ListOfSecurities.xlsx,2026-07-29
00077.HK,AMS TRANSPORT,HKEX,待分类,00077.HK,,上市,,https://www.hkex.com.hk/eng/services/trading/securities/securitieslists/ListOfSecurities.xlsx,2026-07-29
00078.HK,REGAL INT'L,HKEX,待分类,00078.HK,,上市,,https://www.hkex.com.hk/eng/services/trading/securities/securitieslists/ListOfSecurities.xlsx,2026-07-29
00079.HK,CENTURY LEGEND,HKEX,待分类,00079.HK,,上市,,https://www.hkex.com.hk/eng/services/trading/securities/securitieslists/ListOfSecurities.xlsx,2026-07-29
00081.HK,CH OVS G OCEANS,HKEX,待分类,00081.HK,,上市,,https://www.hkex.com.hk/eng/services/trading/securities/securitieslists/ListOfSecurities.xlsx,2026-07-29
00082.HK,CRAZY SPORTS,HKEX,待分类,00082.HK,,上市,,https://www.hkex.com.hk/eng/services/trading/securities/securitieslists/ListOfSecurities.xlsx,2026-07-29
00083.HK,SINO LAND,HKEX,待分类,00083.HK,,上市,,https://www.hkex.com.hk/eng/services/trading/securities/securitieslists/ListOfSecurities.xlsx,2026-07-29
00084.HK,STELUX HOLDINGS,HKEX,待分类,00084.HK,,上市,,https://www.hkex.com.hk/eng/services/trading/securities/securitieslists/ListOfSecurities.xlsx,2026-07-29
00085.HK,CE HUADA TECH,HKEX,待分类,00085.HK,,上市,,https://www.hkex.com.hk/eng/services/trading/securities/securitieslists/ListOfSecurities.xlsx,2026-07-29
00086.HK,SUN HUNG KAI CO,HKEX,待分类,00086.HK,,上市,,https://www.hkex.com.hk/eng/services/trading/securities/securitieslists/ListOfSecurities.xlsx,2026-07-29
00087.HK,SWIRE PACIFIC B,HKEX,待分类,00087.HK,,上市,,https://www.hkex.com.hk/eng/services/trading/securities/securitieslists/ListOfSecurities.xlsx,2026-07-29
00088.HK,TAI CHEUNG HOLD,HKEX,待分类,00088.HK,,上市,,https://www.hkex.com.hk/eng/services/trading/securities/securitieslists/ListOfSecurities.xlsx,2026-07-29
00089.HK,TAI SANG LAND,HKEX,待分类,00089.HK,,上市,,https://www.hkex.com.hk/eng/services/trading/securities/securitieslists/ListOfSecurities.xlsx,2026-07-29
00090.HK,PUXING ENERGY,HKEX,待分类,00090.HK,,上市,,https://www.hkex.com.hk/eng/services/trading/securities/securitieslists/ListOfSecurities.xlsx,2026-07-29
00092.HK,CHAMPION TECH,HKEX,待分类,00092.HK,,上市,,https://www.hkex.com.hk/eng/services/trading/securities/securitieslists/ListOfSecurities.xlsx,2026-07-29
00093.HK,ZERO FINTECH,HKEX,待分类,00093.HK,,上市,,https://www.hkex.com.hk/eng/services/trading/securities/securitieslists/ListOfSecurities.xlsx,2026-07-29
00094.HK,GREENHEART GP,HKEX,待分类,00094.HK,,上市,,https://www.hkex.com.hk/eng/services/trading/securities/securitieslists/ListOfSecurities.xlsx,2026-07-29
00095.HK,LVGEM CHINA,HKEX,待分类,00095.HK,,上市,,https://www.hkex.com.hk/eng/services/trading/securities/securitieslists/ListOfSecurities.xlsx,2026-07-29
00096.HK,YUSEI,HKEX,待分类,00096.HK,,上市,,https://www.hkex.com.hk/eng/services/trading/securities/securitieslists/ListOfSecurities.xlsx,2026-07-29
00097.HK,HENDERSON INV,HKEX,待分类,00097.HK,,上市,,https://www.hkex.com.hk/eng/services/trading/securities/securitieslists/ListOfSecurities.xlsx,2026-07-29
00098.HK,XINGFA ALUM,HKEX,待分类,00098.HK,,上市,,https://www.hkex.com.hk/eng/services/trading/securities/securitieslists/ListOfSecurities.xlsx,2026-07-29
00099.HK,WONG'S INT'L,HKEX,待分类,00099.HK,,上市,,https://www.hkex.com.hk/eng/services/trading/securities/securitieslists/ListOfSecurities.xlsx,2026-07-29
00100.HK,MINIMAX-W,HKEX,待分类,00100.HK,,上市,,https://www.hkex.com.hk/eng/services/trading/securities/securitieslists/ListOfSecurities.xlsx,2026-07-29
00101.HK,HANG LUNG PPT,HKEX,待分类,00101.HK,,上市,,https://www.hkex.com.hk/eng/services/trading/securities/securitieslists/ListOfSecurities.xlsx,2026-07-29
00103.HK,SHOUGANG CENT,HKEX,待分类,00103.HK,,上市,,https://www.hkex.com.hk/eng/services/trading/securities/securitieslists/ListOfSecurities.xlsx,2026-07-29
00104.HK,ASIA COMM HOLD,HKEX,待分类,00104.HK,,上市,,https://www.hkex.com.hk/eng/services/trading/securities/securitieslists/ListOfSecurities.xlsx,2026-07-29
00105.HK,ASSO INT HOTELS,HKEX,待分类,00105.HK,,上市,,https://www.hkex.com.hk/eng/services/trading/securities/securitieslists/ListOfSecurities.xlsx,2026-07-29
00106.HK,LANDSEA MGMT,HKEX,待分类,00106.HK,,上市,,https://www.hkex.com.hk/eng/services/trading/securities/securitieslists/ListOfSecurities.xlsx,2026-07-29
00107.HK,SICHUAN EXPRESS,HKEX,待分类,00107.HK,,上市,,https://www.hkex.com.hk/eng/services/trading/securities/securitieslists/ListOfSecurities.xlsx,2026-07-29
00108.HK,SR MEDICAL,HKEX,待分类,00108.HK,,上市,,https://www.hkex.com.hk/eng/services/trading/securities/securitieslists/ListOfSecurities.xlsx,2026-07-29
00110.HK,CHINA FORTUNE,HKEX,待分类,00110.HK,,上市,,https://www.hkex.com.hk/eng/services/trading/securities/securitieslists/ListOfSecurities.xlsx,2026-07-29
00111.HK,CINDA INTL HLDG,HKEX,待分类,00111.HK,,上市,,https://www.hkex.com.hk/eng/services/trading/securities/securitieslists/ListOfSecurities.xlsx,2026-07-29
00113.HK,DICKSON CONCEPT,HKEX,待分类,00113.HK,,上市,,https://www.hkex.com.hk/eng/services/trading/securities/securitieslists/ListOfSecurities.xlsx,2026-07-29
00114.HK,HERALD HOLD,HKEX,待分类,00114.HK,,上市,,https://www.hkex.com.hk/eng/services/trading/securities/securitieslists/ListOfSecurities.xlsx,2026-07-29
00115.HK,GRAND FIELD GP,HKEX,待分类,00115.HK,,上市,,https://www.hkex.com.hk/eng/services/trading/securities/securitieslists/ListOfSecurities.xlsx,2026-07-29
00116.HK,CHOW SANG SANG,HKEX,待分类,00116.HK,,上市,,https://www.hkex.com.hk/eng/services/trading/securities/securitieslists/ListOfSecurities.xlsx,2026-07-29
00117.HK,TIANLI HOLDINGS,HKEX,待分类,00117.HK,,上市,,https://www.hkex.com.hk/eng/services/trading/securities/securitieslists/ListOfSecurities.xlsx,2026-07-29
00118.HK,COSMOS MACH,HKEX,待分类,00118.HK,,上市,,https://www.hkex.com.hk/eng/services/trading/securities/securitieslists/ListOfSecurities.xlsx,2026-07-29
00119.HK,POLY PROPERTY,HKEX,待分类,00119.HK,,上市,,https://www.hkex.com.hk/eng/services/trading/securities/securitieslists/ListOfSecurities.xlsx,2026-07-29
00120.HK,COSMOPOL INT'L,HKEX,待分类,00120.HK,,上市,,https://www.hkex.com.hk/eng/services/trading/securities/securitieslists/ListOfSecurities.xlsx,2026-07-29
00122.HK,CROCODILE,HKEX,待分类,00122.HK,,上市,,https://www.hkex.com.hk/eng/services/trading/securities/securitieslists/ListOfSecurities.xlsx,2026-07-29
00123.HK,YUEXIU PROPERTY,HKEX,待分类,00123.HK,,上市,,https://www.hkex.com.hk/eng/services/trading/securities/securitieslists/ListOfSecurities.xlsx,2026-07-29
00124.HK,GD LAND,HKEX,待分类,00124.HK,,上市,,https://www.hkex.com.hk/eng/services/trading/securities/securitieslists/ListOfSecurities.xlsx,2026-07-29
00125.HK,SUN HING VISION,HKEX,待分类,00125.HK,,上市,,https://www.hkex.com.hk/eng/services/trading/securities/securitieslists/ListOfSecurities.xlsx,2026-07-29
00126.HK,CARRIANNA,HKEX,待分类,00126.HK,,上市,,https://www.hkex.com.hk/eng/services/trading/securities/securitieslists/ListOfSecurities.xlsx,2026-07-29
00127.HK,CHINESE EST H,HKEX,待分类,00127.HK,,上市,,https://www.hkex.com.hk/eng/services/trading/securities/securitieslists/ListOfSecurities.xlsx,2026-07-29
00128.HK,ENM HOLDINGS,HKEX,待分类,00128.HK,,上市,,https://www.hkex.com.hk/eng/services/trading/securities/securitieslists/ListOfSecurities.xlsx,2026-07-29
00129.HK,ASIA STANDARD,HKEX,待分类,00129.HK,,上市,,https://www.hkex.com.hk/eng/services/trading/securities/securitieslists/ListOfSecurities.xlsx,2026-07-29
00130.HK,MOISELLE INT'L,HKEX,待分类,00130.HK,,上市,,https://www.hkex.com.hk/eng/services/trading/securities/securitieslists/ListOfSecurities.xlsx,2026-07-29
00131.HK,CHEUK NANG HOLD,HKEX,待分类,00131.HK,,上市,,https://www.hkex.com.hk/eng/services/trading/securities/securitieslists/ListOfSecurities.xlsx,2026-07-29
00132.HK,HING YIP HLDGS,HKEX,待分类,00132.HK,,上市,,https://www.hkex.com.hk/eng/services/trading/securities/securitieslists/ListOfSecurities.xlsx,2026-07-29
00135.HK,KUNLUN ENERGY,HKEX,待分类,00135.HK,,上市,,https://www.hkex.com.hk/eng/services/trading/securities/securitieslists/ListOfSecurities.xlsx,2026-07-29
00136.HK,CHINA RUYI,HKEX,待分类,00136.HK,,上市,,https://www.hkex.com.hk/eng/services/trading/securities/securitieslists/ListOfSecurities.xlsx,2026-07-29
00137.HK,JINHUI HOLDINGS,HKEX,待分类,00137.HK,,上市,,https://www.hkex.com.hk/eng/services/trading/securities/securitieslists/ListOfSecurities.xlsx,2026-07-29
00138.HK,CCT FORTIS,HKEX,待分类,00138.HK,,上市,,https://www.hkex.com.hk/eng/services/trading/securities/securitieslists/ListOfSecurities.xlsx,2026-07-29
00139.HK,SMART FISH,HKEX,待分类,00139.HK,,上市,,https://www.hkex.com.hk/eng/services/trading/securities/securitieslists/ListOfSecurities.xlsx,2026-07-29
00142.HK,FIRST PACIFIC,HKEX,待分类,00142.HK,,上市,,https://www.hkex.com.hk/eng/services/trading/securities/securitieslists/ListOfSecurities.xlsx,2026-07-29
00144.HK,CHINA MER PORT,HKEX,待分类,00144.HK,,上市,,https://www.hkex.com.hk/eng/services/trading/securities/securitieslists/ListOfSecurities.xlsx,2026-07-29
00145.HK,CCIAM FUTURE EN,HKEX,待分类,00145.HK,,上市,,https://www.hkex.com.hk/eng/services/trading/securities/securitieslists/ListOfSecurities.xlsx,2026-07-29
00146.HK,TAI PING CARPET,HKEX,待分类,00146.HK,,上市,,https://www.hkex.com.hk/eng/services/trading/securities/securitieslists/ListOfSecurities.xlsx,2026-07-29
00147.HK,IB SETTLEMENT,HKEX,待分类,00147.HK,,上市,,https://www.hkex.com.hk/eng/services/trading/securities/securitieslists/ListOfSecurities.xlsx,2026-07-29
00148.HK,KINGBOARD HLDG,HKEX,待分类,00148.HK,,上市,,https://www.hkex.com.hk/eng/services/trading/securities/securitieslists/ListOfSecurities.xlsx,2026-07-29
00149.HK,CH AGRI-PROD EX,HKEX,待分类,00149.HK,,上市,,https://www.hkex.com.hk/eng/services/trading/securities/securitieslists/ListOfSecurities.xlsx,2026-07-29
00150.HK,HYPEBEAST,HKEX,待分类,00150.HK,,上市,,https://www.hkex.com.hk/eng/services/trading/securities/securitieslists/ListOfSecurities.xlsx,2026-07-29
00151.HK,WANT WANT CHINA,HKEX,待分类,00151.HK,,上市,,https://www.hkex.com.hk/eng/services/trading/securities/securitieslists/ListOfSecurities.xlsx,2026-07-29
00152.HK,SHENZHEN INT'L,HKEX,待分类,00152.HK,,上市,,https://www.hkex.com.hk/eng/services/trading/securities/securitieslists/ListOfSecurities.xlsx,2026-07-29
00154.HK,BE ENVIRONMENT,HKEX,待分类,00154.HK,,上市,,https://www.hkex.com.hk/eng/services/trading/securities/securitieslists/ListOfSecurities.xlsx,2026-07-29
00156.HK,LIPPO CHINA RES,HKEX,待分类,00156.HK,,上市,,https://www.hkex.com.hk/eng/services/trading/securities/securitieslists/ListOfSecurities.xlsx,2026-07-29
00157.HK,NATURAL BEAUTY,HKEX,待分类,00157.HK,,上市,,https://www.hkex.com.hk/eng/services/trading/securities/securitieslists/ListOfSecurities.xlsx,2026-07-29
00158.HK,MELBOURNE ENT,HKEX,待分类,00158.HK,,上市,,https://www.hkex.com.hk/eng/services/trading/securities/securitieslists/ListOfSecurities.xlsx,2026-07-29
00159.HK,BROCKMAN MINING,HKEX,待分类,00159.HK,,上市,,https://www.hkex.com.hk/eng/services/trading/securities/securitieslists/ListOfSecurities.xlsx,2026-07-29
00160.HK,HON KWOK LAND,HKEX,待分类,00160.HK,,上市,,https://www.hkex.com.hk/eng/services/trading/securities/securitieslists/ListOfSecurities.xlsx,2026-07-29
00162.HK,CENTURY GINWA,HKEX,待分类,00162.HK,,上市,,https://www.hkex.com.hk/eng/services/trading/securities/securitieslists/ListOfSecurities.xlsx,2026-07-29
00163.HK,EMPEROR INT'L,HKEX,待分类,00163.HK,,上市,,https://www.hkex.com.hk/eng/services/trading/securities/securitieslists/ListOfSecurities.xlsx,2026-07-29
00164.HK,CHINA BAOLI TEC,HKEX,待分类,00164.HK,,上市,,https://www.hkex.com.hk/eng/services/trading/securities/securitieslists/ListOfSecurities.xlsx,2026-07-29
00165.HK,CHINA EB LTD,HKEX,待分类,00165.HK,,上市,,https://www.hkex.com.hk/eng/services/trading/securities/securitieslists/ListOfSecurities.xlsx,2026-07-29
00166.HK,NEW TIMES CORP,HKEX,待分类,00166.HK,,上市,,https://www.hkex.com.hk/eng/services/trading/securities/securitieslists/ListOfSecurities.xlsx,2026-07-29
00167.HK,IDT INT'L,HKEX,待分类,00167.HK,,上市,,https://www.hkex.com.hk/eng/services/trading/securities/securitieslists/ListOfSecurities.xlsx,2026-07-29
00168.HK,TSINGTAO BREW,HKEX,待分类,00168.HK,,上市,,https://www.hkex.com.hk/eng/services/trading/securities/securitieslists/ListOfSecurities.xlsx,2026-07-29
00169.HK,WANDA HOTEL DEV,HKEX,待分类,00169.HK,,上市,,https://www.hkex.com.hk/eng/services/trading/securities/securitieslists/ListOfSecurities.xlsx,2026-07-29
00171.HK,SILVER GRANT,HKEX,待分类,00171.HK,,上市,,https://www.hkex.com.hk/eng/services/trading/securities/securitieslists/ListOfSecurities.xlsx,2026-07-29
00173.HK,K. WAH INT'L,HKEX,待分类,00173.HK,,上市,,https://www.hkex.com.hk/eng/services/trading/securities/securitieslists/ListOfSecurities.xlsx,2026-07-29
00174.HK,GEMINI INV,HKEX,待分类,00174.HK,,上市,,https://www.hkex.com.hk/eng/services/trading/securities/securitieslists/ListOfSecurities.xlsx,2026-07-29
00175.HK,GEELY AUTO,HKEX,待分类,00175.HK,,上市,,https://www.hkex.com.hk/eng/services/trading/securities/securitieslists/ListOfSecurities.xlsx,2026-07-29
00176.HK,SUPERACTIVE GP,HKEX,待分类,00176.HK,,上市,,https://www.hkex.com.hk/eng/services/trading/securities/securitieslists/ListOfSecurities.xlsx,2026-07-29
00177.HK,JIANGSU EXPRESS,HKEX,待分类,00177.HK,,上市,,https://www.hkex.com.hk/eng/services/trading/securities/securitieslists/ListOfSecurities.xlsx,2026-07-29
00178.HK,SA SA INT'L,HKEX,待分类,00178.HK,,上市,,https://www.hkex.com.hk/eng/services/trading/securities/securitieslists/ListOfSecurities.xlsx,2026-07-29
00179.HK,JOHNSON ELEC H,HKEX,待分类,00179.HK,,上市,,https://www.hkex.com.hk/eng/services/trading/securities/securitieslists/ListOfSecurities.xlsx,2026-07-29
00180.HK,KADER HOLDINGS,HKEX,待分类,00180.HK,,上市,,https://www.hkex.com.hk/eng/services/trading/securities/securitieslists/ListOfSecurities.xlsx,2026-07-29
00181.HK,FUJIAN HOLDINGS,HKEX,待分类,00181.HK,,上市,,https://www.hkex.com.hk/eng/services/trading/securities/securitieslists/ListOfSecurities.xlsx,2026-07-29
00182.HK,CONCORD NE,HKEX,待分类,00182.HK,,上市,,https://www.hkex.com.hk/eng/services/trading/securities/securitieslists/ListOfSecurities.xlsx,2026-07-29
00183.HK,WINFULL GP,HKEX,待分类,00183.HK,,上市,,https://www.hkex.com.hk/eng/services/trading/securities/securitieslists/ListOfSecurities.xlsx,2026-07-29
00184.HK,KECK SENG INV,HKEX,待分类,00184.HK,,上市,,https://www.hkex.com.hk/eng/services/trading/securities/securitieslists/ListOfSecurities.xlsx,2026-07-29
00185.HK,ZENSUN ENT,HKEX,待分类,00185.HK,,上市,,https://www.hkex.com.hk/eng/services/trading/securities/securitieslists/ListOfSecurities.xlsx,2026-07-29
00186.HK,NIMBLE HOLDINGS,HKEX,待分类,00186.HK,,上市,,https://www.hkex.com.hk/eng/services/trading/securities/securitieslists/ListOfSecurities.xlsx,2026-07-29
00187.HK,JINGCHENG MAC,HKEX,待分类,00187.HK,,上市,,https://www.hkex.com.hk/eng/services/trading/securities/securitieslists/ListOfSecurities.xlsx,2026-07-29
00188.HK,SUNWAH KINGSWAY,HKEX,待分类,00188.HK,,上市,,https://www.hkex.com.hk/eng/services/trading/securities/securitieslists/ListOfSecurities.xlsx,2026-07-29
00189.HK,DONGYUE GROUP,HKEX,待分类,00189.HK,,上市,,https://www.hkex.com.hk/eng/services/trading/securities/securitieslists/ListOfSecurities.xlsx,2026-07-29
00191.HK,LAI SUN INT'L,HKEX,待分类,00191.HK,,上市,,https://www.hkex.com.hk/eng/services/trading/securities/securitieslists/ListOfSecurities.xlsx,2026-07-29
00193.HK,CAPITAL ESTATE,HKEX,待分类,00193.HK,,上市,,https://www.hkex.com.hk/eng/services/trading/securities/securitieslists/ListOfSecurities.xlsx,2026-07-29
00194.HK,LIU CHONG HING,HKEX,待分类,00194.HK,,上市,,https://www.hkex.com.hk/eng/services/trading/securities/securitieslists/ListOfSecurities.xlsx,2026-07-29
00195.HK,GREENTECH INTL,HKEX,待分类,00195.HK,,上市,,https://www.hkex.com.hk/eng/services/trading/securities/securitieslists/ListOfSecurities.xlsx,2026-07-29
00196.HK,HONGHUA GROUP,HKEX,待分类,00196.HK,,上市,,https://www.hkex.com.hk/eng/services/trading/securities/securitieslists/ListOfSecurities.xlsx,2026-07-29
00197.HK,HENG TAI,HKEX,待分类,00197.HK,,上市,,https://www.hkex.com.hk/eng/services/trading/securities/securitieslists/ListOfSecurities.xlsx,2026-07-29
00199.HK,ITC PROPERTIES,HKEX,待分类,00199.HK,,上市,,https://www.hkex.com.hk/eng/services/trading/securities/securitieslists/ListOfSecurities.xlsx,2026-07-29
00200.HK,MELCO INT'L DEV,HKEX,待分类,00200.HK,,上市,,https://www.hkex.com.hk/eng/services/trading/securities/securitieslists/ListOfSecurities.xlsx,2026-07-29
00201.HK,MAGNIFICENT,HKEX,待分类,00201.HK,,上市,,https://www.hkex.com.hk/eng/services/trading/securities/securitieslists/ListOfSecurities.xlsx,2026-07-29
00202.HK,EVERCHINA INT'L,HKEX,待分类,00202.HK,,上市,,https://www.hkex.com.hk/eng/services/trading/securities/securitieslists/ListOfSecurities.xlsx,2026-07-29
00205.HK,BFB HEALTH,HKEX,待分类,00205.HK,,上市,,https://www.hkex.com.hk/eng/services/trading/securities/securitieslists/ListOfSecurities.xlsx,2026-07-29
00206.HK,CM-ENERGY,HKEX,待分类,00206.HK,,上市,,https://www.hkex.com.hk/eng/services/trading/securities/securitieslists/ListOfSecurities.xlsx,2026-07-29
00209.HK,POLY XVERSE IT,HKEX,待分类,00209.HK,,上市,,https://www.hkex.com.hk/eng/services/trading/securities/securitieslists/ListOfSecurities.xlsx,2026-07-29
00210.HK,DAPHNE INT'L,HKEX,待分类,00210.HK,,上市,,https://www.hkex.com.hk/eng/services/trading/securities/securitieslists/ListOfSecurities.xlsx,2026-07-29
00211.HK,STYLAND HOLD,HKEX,待分类,00211.HK,,上市,,https://www.hkex.com.hk/eng/services/trading/securities/securitieslists/ListOfSecurities.xlsx,2026-07-29
00212.HK,NANYANG HOLD,HKEX,待分类,00212.HK,,上市,,https://www.hkex.com.hk/eng/services/trading/securities/securitieslists/ListOfSecurities.xlsx,2026-07-29
00213.HK,NATIONAL ELEC H,HKEX,待分类,00213.HK,,上市,,https://www.hkex.com.hk/eng/services/trading/securities/securitieslists/ListOfSecurities.xlsx,2026-07-29
00214.HK,ASIA ORIENT,HKEX,待分类,00214.HK,,上市,,https://www.hkex.com.hk/eng/services/trading/securities/securitieslists/ListOfSecurities.xlsx,2026-07-29
00215.HK,HUTCHTEL HK,HKEX,待分类,00215.HK,,上市,,https://www.hkex.com.hk/eng/services/trading/securities/securitieslists/ListOfSecurities.xlsx,2026-07-29
00216.HK,CHINNEY INV,HKEX,待分类,00216.HK,,上市,,https://www.hkex.com.hk/eng/services/trading/securities/securitieslists/ListOfSecurities.xlsx,2026-07-29
00217.HK,CHINA CHENGTONG,HKEX,待分类,00217.HK,,上市,,https://www.hkex.com.hk/eng/services/trading/securities/securitieslists/ListOfSecurities.xlsx,2026-07-29
00218.HK,SWHYHK,HKEX,待分类,00218.HK,,上市,,https://www.hkex.com.hk/eng/services/trading/securities/securitieslists/ListOfSecurities.xlsx,2026-07-29
00219.HK,SHUNHO PROPERTY,HKEX,待分类,00219.HK,,上市,,https://www.hkex.com.hk/eng/services/trading/securities/securitieslists/ListOfSecurities.xlsx,2026-07-29
00220.HK,U-PRESID CHINA,HKEX,待分类,00220.HK,,上市,,https://www.hkex.com.hk/eng/services/trading/securities/securitieslists/ListOfSecurities.xlsx,2026-07-29
00222.HK,MIN XIN HOLD,HKEX,待分类,00222.HK,,上市,,https://www.hkex.com.hk/eng/services/trading/securities/securitieslists/ListOfSecurities.xlsx,2026-07-29
00223.HK,ELIFE HLDGS,HKEX,待分类,00223.HK,,上市,,https://www.hkex.com.hk/eng/services/trading/securities/securitieslists/ListOfSecurities.xlsx,2026-07-29
00224.HK,PIONEER GLOBAL,HKEX,待分类,00224.HK,,上市,,https://www.hkex.com.hk/eng/services/trading/securities/securitieslists/ListOfSecurities.xlsx,2026-07-29
00225.HK,POKFULAM,HKEX,待分类,00225.HK,,上市,,https://www.hkex.com.hk/eng/services/trading/securities/securitieslists/ListOfSecurities.xlsx,2026-07-29
00227.HK,FIRST SHANGHAI,HKEX,待分类,00227.HK,,上市,,https://www.hkex.com.hk/eng/services/trading/securities/securitieslists/ListOfSecurities.xlsx,2026-07-29
00228.HK,CHINA ENERGY,HKEX,待分类,00228.HK,,上市,,https://www.hkex.com.hk/eng/services/trading/securities/securitieslists/ListOfSecurities.xlsx,2026-07-29
00229.HK,RAYMOND IND,HKEX,待分类,00229.HK,,上市,,https://www.hkex.com.hk/eng/services/trading/securities/securitieslists/ListOfSecurities.xlsx,2026-07-29
00232.HK,CON AERO TECH,HKEX,待分类,00232.HK,,上市,,https://www.hkex.com.hk/eng/services/trading/securities/securitieslists/ListOfSecurities.xlsx,2026-07-29
00234.HK,NEW CENTURY GP,HKEX,待分类,00234.HK,,上市,,https://www.hkex.com.hk/eng/services/trading/securities/securitieslists/ListOfSecurities.xlsx,2026-07-29
00235.HK,CSC HOLDINGS,HKEX,待分类,00235.HK,,上市,,https://www.hkex.com.hk/eng/services/trading/securities/securitieslists/ListOfSecurities.xlsx,2026-07-29
00236.HK,SAN MIGUEL HK,HKEX,待分类,00236.HK,,上市,,https://www.hkex.com.hk/eng/services/trading/securities/securitieslists/ListOfSecurities.xlsx,2026-07-29
00237.HK,SAFETY GODOWN,HKEX,待分类,00237.HK,,上市,,https://www.hkex.com.hk/eng/services/trading/securities/securitieslists/ListOfSecurities.xlsx,2026-07-29
00239.HK,PAK FAH YEOW,HKEX,待分类,00239.HK,,上市,,https://www.hkex.com.hk/eng/services/trading/securities/securitieslists/ListOfSecurities.xlsx,2026-07-29
00240.HK,BUILD KING HOLD,HKEX,待分类,00240.HK,,上市,,https://www.hkex.com.hk/eng/services/trading/securities/securitieslists/ListOfSecurities.xlsx,2026-07-29
00241.HK,ALI HEALTH,HKEX,待分类,00241.HK,,上市,,https://www.hkex.com.hk/eng/services/trading/securities/securitieslists/ListOfSecurities.xlsx,2026-07-29
00242.HK,SHUN TAK HOLD,HKEX,待分类,00242.HK,,上市,,https://www.hkex.com.hk/eng/services/trading/securities/securitieslists/ListOfSecurities.xlsx,2026-07-29
00243.HK,QPL INT'L,HKEX,待分类,00243.HK,,上市,,https://www.hkex.com.hk/eng/services/trading/securities/securitieslists/ListOfSecurities.xlsx,2026-07-29
00244.HK,SINCERE,HKEX,待分类,00244.HK,,上市,,https://www.hkex.com.hk/eng/services/trading/securities/securitieslists/ListOfSecurities.xlsx,2026-07-29
00245.HK,CHINA VERED FIN,HKEX,待分类,00245.HK,,上市,,https://www.hkex.com.hk/eng/services/trading/securities/securitieslists/ListOfSecurities.xlsx,2026-07-29
00247.HK,TST PROPERTIES,HKEX,待分类,00247.HK,,上市,,https://www.hkex.com.hk/eng/services/trading/securities/securitieslists/ListOfSecurities.xlsx,2026-07-29
00248.HK,HKC INT'L HOLD,HKEX,待分类,00248.HK,,上市,,https://www.hkex.com.hk/eng/services/trading/securities/securitieslists/ListOfSecurities.xlsx,2026-07-29
00251.HK,SEA HOLDINGS,HKEX,待分类,00251.HK,,上市,,https://www.hkex.com.hk/eng/services/trading/securities/securitieslists/ListOfSecurities.xlsx,2026-07-29
00252.HK,SE ASIA PPT,HKEX,待分类,00252.HK,,上市,,https://www.hkex.com.hk/eng/services/trading/securities/securitieslists/ListOfSecurities.xlsx,2026-07-29
00253.HK,SHUNHO HOLDINGS,HKEX,待分类,00253.HK,,上市,,https://www.hkex.com.hk/eng/services/trading/securities/securitieslists/ListOfSecurities.xlsx,2026-07-29
00254.HK,NUR HOLDINGS,HKEX,待分类,00254.HK,,上市,,https://www.hkex.com.hk/eng/services/trading/securities/securitieslists/ListOfSecurities.xlsx,2026-07-29
00255.HK,LUNG KEE,HKEX,待分类,00255.HK,,上市,,https://www.hkex.com.hk/eng/services/trading/securities/securitieslists/ListOfSecurities.xlsx,2026-07-29
00256.HK,CITYCHAMP,HKEX,待分类,00256.HK,,上市,,https://www.hkex.com.hk/eng/services/trading/securities/securitieslists/ListOfSecurities.xlsx,2026-07-29
00257.HK,EB ENVIRONMENT,HKEX,待分类,00257.HK,,上市,,https://www.hkex.com.hk/eng/services/trading/securities/securitieslists/ListOfSecurities.xlsx,2026-07-29
00258.HK,TOMSON GROUP,HKEX,待分类,00258.HK,,上市,,https://www.hkex.com.hk/eng/services/trading/securities/securitieslists/ListOfSecurities.xlsx,2026-07-29
00259.HK,YEEBO (INT'L H),HKEX,待分类,00259.HK,,上市,,https://www.hkex.com.hk/eng/services/trading/securities/securitieslists/ListOfSecurities.xlsx,2026-07-29
00261.HK,GBA HOLDINGS,HKEX,待分类,00261.HK,,上市,,https://www.hkex.com.hk/eng/services/trading/securities/securitieslists/ListOfSecurities.xlsx,2026-07-29
00262.HK,DESON DEV INT'L,HKEX,待分类,00262.HK,,上市,,https://www.hkex.com.hk/eng/services/trading/securities/securitieslists/ListOfSecurities.xlsx,2026-07-29
00264.HK,CN INT DEV CORP,HKEX,待分类,00264.HK,,上市,,https://www.hkex.com.hk/eng/services/trading/securities/securitieslists/ListOfSecurities.xlsx,2026-07-29
00265.HK,GANGYU SERVICES,HKEX,待分类,00265.HK,,上市,,https://www.hkex.com.hk/eng/services/trading/securities/securitieslists/ListOfSecurities.xlsx,2026-07-29
00266.HK,TIAN TECK LAND,HKEX,待分类,00266.HK,,上市,,https://www.hkex.com.hk/eng/services/trading/securities/securitieslists/ListOfSecurities.xlsx,2026-07-29
00267.HK,CITIC,HKEX,待分类,00267.HK,,上市,,https://www.hkex.com.hk/eng/services/trading/securities/securitieslists/ListOfSecurities.xlsx,2026-07-29
00268.HK,KINGDEE INT'L,HKEX,待分类,00268.HK,,上市,,https://www.hkex.com.hk/eng/services/trading/securities/securitieslists/ListOfSecurities.xlsx,2026-07-29
00269.HK,CRTG,HKEX,待分类,00269.HK,,上市,,https://www.hkex.com.hk/eng/services/trading/securities/securitieslists/ListOfSecurities.xlsx,2026-07-29
00270.HK,GUANGDONG INV,HKEX,待分类,00270.HK,,上市,,https://www.hkex.com.hk/eng/services/trading/securities/securitieslists/ListOfSecurities.xlsx,2026-07-29
00271.HK,ASIASEC PPT,HKEX,待分类,00271.HK,,上市,,https://www.hkex.com.hk/eng/services/trading/securities/securitieslists/ListOfSecurities.xlsx,2026-07-29
00272.HK,SHUI ON LAND,HKEX,待分类,00272.HK,,上市,,https://www.hkex.com.hk/eng/services/trading/securities/securitieslists/ListOfSecurities.xlsx,2026-07-29
00274.HK,RA SILK ROAD,HKEX,待分类,00274.HK,,上市,,https://www.hkex.com.hk/eng/services/trading/securities/securitieslists/ListOfSecurities.xlsx,2026-07-29
00276.HK,MONGOLIA ENERGY,HKEX,待分类,00276.HK,,上市,,https://www.hkex.com.hk/eng/services/trading/securities/securitieslists/ListOfSecurities.xlsx,2026-07-29
00277.HK,TERN PROPERTIES,HKEX,待分类,00277.HK,,上市,,https://www.hkex.com.hk/eng/services/trading/securities/securitieslists/ListOfSecurities.xlsx,2026-07-29
00279.HK,ARTA TECHFIN,HKEX,待分类,00279.HK,,上市,,https://www.hkex.com.hk/eng/services/trading/securities/securitieslists/ListOfSecurities.xlsx,2026-07-29
00280.HK,KING FOOK HOLD,HKEX,待分类,00280.HK,,上市,,https://www.hkex.com.hk/eng/services/trading/securities/securitieslists/ListOfSecurities.xlsx,2026-07-29
00285.HK,BYD ELECTRONIC,HKEX,待分类,00285.HK,,上市,,https://www.hkex.com.hk/eng/services/trading/securities/securitieslists/ListOfSecurities.xlsx,2026-07-29
00286.HK,AIDIGONG,HKEX,待分类,00286.HK,,上市,,https://www.hkex.com.hk/eng/services/trading/securities/securitieslists/ListOfSecurities.xlsx,2026-07-29
00287.HK,WINFAIR INV,HKEX,待分类,00287.HK,,上市,,https://www.hkex.com.hk/eng/services/trading/securities/securitieslists/ListOfSecurities.xlsx,2026-07-29
00288.HK,WH GROUP,HKEX,待分类,00288.HK,,上市,,https://www.hkex.com.hk/eng/services/trading/securities/securitieslists/ListOfSecurities.xlsx,2026-07-29
00289.HK,WING ON CO,HKEX,待分类,00289.HK,,上市,,https://www.hkex.com.hk/eng/services/trading/securities/securitieslists/ListOfSecurities.xlsx,2026-07-29
00290.HK,GOFINTECH QUANT,HKEX,待分类,00290.HK,,上市,,https://www.hkex.com.hk/eng/services/trading/securities/securitieslists/ListOfSecurities.xlsx,2026-07-29
00291.HK,CHINA RES BEER,HKEX,待分类,00291.HK,,上市,,https://www.hkex.com.hk/eng/services/trading/securities/securitieslists/ListOfSecurities.xlsx,2026-07-29
00293.HK,CATHAY PAC AIR,HKEX,待分类,00293.HK,,上市,,https://www.hkex.com.hk/eng/services/trading/securities/securitieslists/ListOfSecurities.xlsx,2026-07-29
00294.HK,YANGTZEKIANG,HKEX,待分类,00294.HK,,上市,,https://www.hkex.com.hk/eng/services/trading/securities/securitieslists/ListOfSecurities.xlsx,2026-07-29
00295.HK,KONG SUN HOLD,HKEX,待分类,00295.HK,,上市,,https://www.hkex.com.hk/eng/services/trading/securities/securitieslists/ListOfSecurities.xlsx,2026-07-29
00296.HK,EMPEROR E HOTEL,HKEX,待分类,00296.HK,,上市,,https://www.hkex.com.hk/eng/services/trading/securities/securitieslists/ListOfSecurities.xlsx,2026-07-29
00297.HK,SINOFERT,HKEX,待分类,00297.HK,,上市,,https://www.hkex.com.hk/eng/services/trading/securities/securitieslists/ListOfSecurities.xlsx,2026-07-29
00298.HK,CHUANG'S CHINA,HKEX,待分类,00298.HK,,上市,,https://www.hkex.com.hk/eng/services/trading/securities/securitieslists/ListOfSecurities.xlsx,2026-07-29
00299.HK,GLORY SUN LAND,HKEX,待分类,00299.HK,,上市,,https://www.hkex.com.hk/eng/services/trading/securities/securitieslists/ListOfSecurities.xlsx,2026-07-29
00300.HK,MIDEA GROUP,HKEX,待分类,00300.HK,,上市,,https://www.hkex.com.hk/eng/services/trading/securities/securitieslists/ListOfSecurities.xlsx,2026-07-29
00301.HK,SANVO CHEMICALS,HKEX,待分类,00301.HK,,上市,,https://www.hkex.com.hk/eng/services/trading/securities/securitieslists/ListOfSecurities.xlsx,2026-07-29
00302.HK,CMGE,HKEX,待分类,00302.HK,,上市,,https://www.hkex.com.hk/eng/services/trading/securities/securitieslists/ListOfSecurities.xlsx,2026-07-29
00303.HK,VTECH HOLDINGS,HKEX,待分类,00303.HK,,上市,,https://www.hkex.com.hk/eng/services/trading/securities/securitieslists/ListOfSecurities.xlsx,2026-07-29
00305.HK,WULING MOTORS,HKEX,待分类,00305.HK,,上市,,https://www.hkex.com.hk/eng/services/trading/securities/securitieslists/ListOfSecurities.xlsx,2026-07-29
00306.HK,KWOON CHUNG BUS,HKEX,待分类,00306.HK,,上市,,https://www.hkex.com.hk/eng/services/trading/securities/securitieslists/ListOfSecurities.xlsx,2026-07-29
00308.HK,CHINA TRAVEL HK,HKEX,待分类,00308.HK,,上市,,https://www.hkex.com.hk/eng/services/trading/securities/securitieslists/ListOfSecurities.xlsx,2026-07-29
00309.HK,XH NEWS M-NEW,HKEX,待分类,00309.HK,,上市,,https://www.hkex.com.hk/eng/services/trading/securities/securitieslists/ListOfSecurities.xlsx,2026-07-29
00311.HK,LUEN THAI,HKEX,待分类,00311.HK,,上市,,https://www.hkex.com.hk/eng/services/trading/securities/securitieslists/ListOfSecurities.xlsx,2026-07-29
00312.HK,SHIRBLE STORE,HKEX,待分类,00312.HK,,上市,,https://www.hkex.com.hk/eng/services/trading/securities/securitieslists/ListOfSecurities.xlsx,2026-07-29
00313.HK,RICHLY FIELD,HKEX,待分类,00313.HK,,上市,,https://www.hkex.com.hk/eng/services/trading/securities/securitieslists/ListOfSecurities.xlsx,2026-07-29
00314.HK,SIPAI HEALTH,HKEX,待分类,00314.HK,,上市,,https://www.hkex.com.hk/eng/services/trading/securities/securitieslists/ListOfSecurities.xlsx,2026-07-29
00315.HK,SMARTONE TELE,HKEX,待分类,00315.HK,,上市,,https://www.hkex.com.hk/eng/services/trading/securities/securitieslists/ListOfSecurities.xlsx,2026-07-29
00316.HK,OOIL,HKEX,待分类,00316.HK,,上市,,https://www.hkex.com.hk/eng/services/trading/securities/securitieslists/ListOfSecurities.xlsx,2026-07-29
00317.HK,COMEC,HKEX,待分类,00317.HK,,上市,,https://www.hkex.com.hk/eng/services/trading/securities/securitieslists/ListOfSecurities.xlsx,2026-07-29
00318.HK,VONGROUP,HKEX,待分类,00318.HK,,上市,,https://www.hkex.com.hk/eng/services/trading/securities/securitieslists/ListOfSecurities.xlsx,2026-07-29
00320.HK,CTGL,HKEX,待分类,00320.HK,,上市,,https://www.hkex.com.hk/eng/services/trading/securities/securitieslists/ListOfSecurities.xlsx,2026-07-29
00321.HK,TEXWINCA HOLD,HKEX,待分类,00321.HK,,上市,,https://www.hkex.com.hk/eng/services/trading/securities/securitieslists/ListOfSecurities.xlsx,2026-07-29
00322.HK,TINGYI,HKEX,待分类,00322.HK,,上市,,https://www.hkex.com.hk/eng/services/trading/securities/securitieslists/ListOfSecurities.xlsx,2026-07-29
00323.HK,MAANSHAN IRON,HKEX,待分类,00323.HK,,上市,,https://www.hkex.com.hk/eng/services/trading/securities/securitieslists/ListOfSecurities.xlsx,2026-07-29
00325.HK,BLOKS,HKEX,待分类,00325.HK,,上市,,https://www.hkex.com.hk/eng/services/trading/securities/securitieslists/ListOfSecurities.xlsx,2026-07-29
00326.HK,CHINA STAR ENT,HKEX,待分类,00326.HK,,上市,,https://www.hkex.com.hk/eng/services/trading/securities/securitieslists/ListOfSecurities.xlsx,2026-07-29
00327.HK,PAX GLOBAL,HKEX,待分类,00327.HK,,上市,,https://www.hkex.com.hk/eng/services/trading/securities/securitieslists/ListOfSecurities.xlsx,2026-07-29
00328.HK,ALCO HOLDINGS,HKEX,待分类,00328.HK,,上市,,https://www.hkex.com.hk/eng/services/trading/securities/securitieslists/ListOfSecurities.xlsx,2026-07-29
00329.HK,OCI INTL,HKEX,待分类,00329.HK,,上市,,https://www.hkex.com.hk/eng/services/trading/securities/securitieslists/ListOfSecurities.xlsx,2026-07-29
00330.HK,ESPRIT HOLDINGS,HKEX,待分类,00330.HK,,上市,,https://www.hkex.com.hk/eng/services/trading/securities/securitieslists/ListOfSecurities.xlsx,2026-07-29
00331.HK,FSE LIFESTYLE,HKEX,待分类,00331.HK,,上市,,https://www.hkex.com.hk/eng/services/trading/securities/securitieslists/ListOfSecurities.xlsx,2026-07-29
00332.HK,YUANHENGGAS-NEW,HKEX,待分类,00332.HK,,上市,,https://www.hkex.com.hk/eng/services/trading/securities/securitieslists/ListOfSecurities.xlsx,2026-07-29
00333.HK,TOP FORM INT'L,HKEX,待分类,00333.HK,,上市,,https://www.hkex.com.hk/eng/services/trading/securities/securitieslists/ListOfSecurities.xlsx,2026-07-29
00334.HK,CH DISPLAY OPT,HKEX,待分类,00334.HK,,上市,,https://www.hkex.com.hk/eng/services/trading/securities/securitieslists/ListOfSecurities.xlsx,2026-07-29
00335.HK,UPBEST GROUP,HKEX,待分类,00335.HK,,上市,,https://www.hkex.com.hk/eng/services/trading/securities/securitieslists/ListOfSecurities.xlsx,2026-07-29
00336.HK,HUABAO INTL,HKEX,待分类,00336.HK,,上市,,https://www.hkex.com.hk/eng/services/trading/securities/securitieslists/ListOfSecurities.xlsx,2026-07-29
00337.HK,GREENLAND HK,HKEX,待分类,00337.HK,,上市,,https://www.hkex.com.hk/eng/services/trading/securities/securitieslists/ListOfSecurities.xlsx,2026-07-29
00338.HK,SHANGHAI PECHEM,HKEX,待分类,00338.HK,,上市,,https://www.hkex.com.hk/eng/services/trading/securities/securitieslists/ListOfSecurities.xlsx,2026-07-29
00340.HK,TONGGUAN GOLD,HKEX,待分类,00340.HK,,上市,,https://www.hkex.com.hk/eng/services/trading/securities/securitieslists/ListOfSecurities.xlsx,2026-07-29
00341.HK,CAFE DE CORAL H,HKEX,待分类,00341.HK,,上市,,https://www.hkex.com.hk/eng/services/trading/securities/securitieslists/ListOfSecurities.xlsx,2026-07-29
00343.HK,CULTURECOM HOLD,HKEX,待分类,00343.HK,,上市,,https://www.hkex.com.hk/eng/services/trading/securities/securitieslists/ListOfSecurities.xlsx,2026-07-29
00345.HK,VITASOY INT'L,HKEX,待分类,00345.HK,,上市,,https://www.hkex.com.hk/eng/services/trading/securities/securitieslists/ListOfSecurities.xlsx,2026-07-29
00346.HK,YANCHANG PETRO,HKEX,待分类,00346.HK,,上市,,https://www.hkex.com.hk/eng/services/trading/securities/securitieslists/ListOfSecurities.xlsx,2026-07-29
00347.HK,ANGANG STEEL,HKEX,待分类,00347.HK,,上市,,https://www.hkex.com.hk/eng/services/trading/securities/securitieslists/ListOfSecurities.xlsx,2026-07-29
00348.HK,CHINAHEALTHWISE,HKEX,待分类,00348.HK,,上市,,https://www.hkex.com.hk/eng/services/trading/securities/securitieslists/ListOfSecurities.xlsx,2026-07-29
00351.HK,ASIA ENERGY LOG,HKEX,待分类,00351.HK,,上市,,https://www.hkex.com.hk/eng/services/trading/securities/securitieslists/ListOfSecurities.xlsx,2026-07-29
00352.HK,FORTUNE SUN,HKEX,待分类,00352.HK,,上市,,https://www.hkex.com.hk/eng/services/trading/securities/securitieslists/ListOfSecurities.xlsx,2026-07-29
00353.HK,ENERGY INTINV,HKEX,待分类,00353.HK,,上市,,https://www.hkex.com.hk/eng/services/trading/securities/securitieslists/ListOfSecurities.xlsx,2026-07-29
00354.HK,CHINASOFT INT'L,HKEX,待分类,00354.HK,,上市,,https://www.hkex.com.hk/eng/services/trading/securities/securitieslists/ListOfSecurities.xlsx,2026-07-29
00355.HK,CENTURY C INT'L,HKEX,待分类,00355.HK,,上市,,https://www.hkex.com.hk/eng/services/trading/securities/securitieslists/ListOfSecurities.xlsx,2026-07-29
00357.HK,MEILAN AIRPORT,HKEX,待分类,00357.HK,,上市,,https://www.hkex.com.hk/eng/services/trading/securities/securitieslists/ListOfSecurities.xlsx,2026-07-29
00358.HK,JIANGXI COPPER,HKEX,待分类,00358.HK,,上市,,https://www.hkex.com.hk/eng/services/trading/securities/securitieslists/ListOfSecurities.xlsx,2026-07-29
00360.HK,NEW FOCUS AUTO,HKEX,待分类,00360.HK,,上市,,https://www.hkex.com.hk/eng/services/trading/securities/securitieslists/ListOfSecurities.xlsx,2026-07-29
00361.HK,HANFORT DEV H,HKEX,待分类,00361.HK,,上市,,https://www.hkex.com.hk/eng/services/trading/securities/securitieslists/ListOfSecurities.xlsx,2026-07-29
00362.HK,C ZENITH CHEM,HKEX,待分类,00362.HK,,上市,,https://www.hkex.com.hk/eng/services/trading/securities/securitieslists/ListOfSecurities.xlsx,2026-07-29
00363.HK,SHANGHAI IND H,HKEX,待分类,00363.HK,,上市,,https://www.hkex.com.hk/eng/services/trading/securities/securitieslists/ListOfSecurities.xlsx,2026-07-29
00365.HK,SINO ICT,HKEX,待分类,00365.HK,,上市,,https://www.hkex.com.hk/eng/services/trading/securities/securitieslists/ListOfSecurities.xlsx,2026-07-29
00366.HK,LUKS GROUP (VN),HKEX,待分类,00366.HK,,上市,,https://www.hkex.com.hk/eng/services/trading/securities/securitieslists/ListOfSecurities.xlsx,2026-07-29
00367.HK,CHUANG'S INT'L,HKEX,待分类,00367.HK,,上市,,https://www.hkex.com.hk/eng/services/trading/securities/securitieslists/ListOfSecurities.xlsx,2026-07-29
00368.HK,SUPERLAND GROUP,HKEX,待分类,00368.HK,,上市,,https://www.hkex.com.hk/eng/services/trading/securities/securitieslists/ListOfSecurities.xlsx,2026-07-29
00369.HK,WING TAI PPT,HKEX,待分类,00369.HK,,上市,,https://www.hkex.com.hk/eng/services/trading/securities/securitieslists/ListOfSecurities.xlsx,2026-07-29
00370.HK,HK ROBOTICS,HKEX,待分类,00370.HK,,上市,,https://www.hkex.com.hk/eng/services/trading/securities/securitieslists/ListOfSecurities.xlsx,2026-07-29
00371.HK,BJ ENT WATER,HKEX,待分类,00371.HK,,上市,,https://www.hkex.com.hk/eng/services/trading/securities/securitieslists/ListOfSecurities.xlsx,2026-07-29
00372.HK,PT INTL DEV,HKEX,待分类,00372.HK,,上市,,https://www.hkex.com.hk/eng/services/trading/securities/securitieslists/ListOfSecurities.xlsx,2026-07-29
00373.HK,ALLIED GROUP,HKEX,待分类,00373.HK,,上市,,https://www.hkex.com.hk/eng/services/trading/securities/securitieslists/ListOfSecurities.xlsx,2026-07-29
00374.HK,FOUR SEAS MER,HKEX,待分类,00374.HK,,上市,,https://www.hkex.com.hk/eng/services/trading/securities/securitieslists/ListOfSecurities.xlsx,2026-07-29
00375.HK,YGM TRADING,HKEX,待分类,00375.HK,,上市,,https://www.hkex.com.hk/eng/services/trading/securities/securitieslists/ListOfSecurities.xlsx,2026-07-29
00376.HK,YUNFENG FIN,HKEX,待分类,00376.HK,,上市,,https://www.hkex.com.hk/eng/services/trading/securities/securitieslists/ListOfSecurities.xlsx,2026-07-29
00377.HK,CHINA HUAJUN GP,HKEX,待分类,00377.HK,,上市,,https://www.hkex.com.hk/eng/services/trading/securities/securitieslists/ListOfSecurities.xlsx,2026-07-29
00379.HK,EG LEASING,HKEX,待分类,00379.HK,,上市,,https://www.hkex.com.hk/eng/services/trading/securities/securitieslists/ListOfSecurities.xlsx,2026-07-29
00380.HK,CHINA PIPE,HKEX,待分类,00380.HK,,上市,,https://www.hkex.com.hk/eng/services/trading/securities/securitieslists/ListOfSecurities.xlsx,2026-07-29
00381.HK,AOM INT'L,HKEX,待分类,00381.HK,,上市,,https://www.hkex.com.hk/eng/services/trading/securities/securitieslists/ListOfSecurities.xlsx,2026-07-29
00382.HK,EDVANTAGE GROUP,HKEX,待分类,00382.HK,,上市,,https://www.hkex.com.hk/eng/services/trading/securities/securitieslists/ListOfSecurities.xlsx,2026-07-29
00383.HK,TIANAN MEDICARE,HKEX,待分类,00383.HK,,上市,,https://www.hkex.com.hk/eng/services/trading/securities/securitieslists/ListOfSecurities.xlsx,2026-07-29
00384.HK,CHINA GAS HOLD,HKEX,待分类,00384.HK,,上市,,https://www.hkex.com.hk/eng/services/trading/securities/securitieslists/ListOfSecurities.xlsx,2026-07-29
00385.HK,CHINNEY ALLI,HKEX,待分类,00385.HK,,上市,,https://www.hkex.com.hk/eng/services/trading/securities/securitieslists/ListOfSecurities.xlsx,2026-07-29
00386.HK,SINOPEC CORP,HKEX,待分类,00386.HK,,上市,,https://www.hkex.com.hk/eng/services/trading/securities/securitieslists/ListOfSecurities.xlsx,2026-07-29
00387.HK,LEEPORT(HOLD),HKEX,待分类,00387.HK,,上市,,https://www.hkex.com.hk/eng/services/trading/securities/securitieslists/ListOfSecurities.xlsx,2026-07-29
00388.HK,HKEX,HKEX,待分类,00388.HK,,上市,,https://www.hkex.com.hk/eng/services/trading/securities/securitieslists/ListOfSecurities.xlsx,2026-07-29
00389.HK,TONTINE WINES,HKEX,待分类,00389.HK,,上市,,https://www.hkex.com.hk/eng/services/trading/securities/securitieslists/ListOfSecurities.xlsx,2026-07-29
00390.HK,CHINA RAILWAY,HKEX,待分类,00390.HK,,上市,,https://www.hkex.com.hk/eng/services/trading/securities/securitieslists/ListOfSecurities.xlsx,2026-07-29
00391.HK,MEI AH ENTER,HKEX,待分类,00391.HK,,上市,,https://www.hkex.com.hk/eng/services/trading/securities/securitieslists/ListOfSecurities.xlsx,2026-07-29
00392.HK,BEIJING ENT,HKEX,待分类,00392.HK,,上市,,https://www.hkex.com.hk/eng/services/trading/securities/securitieslists/ListOfSecurities.xlsx,2026-07-29
00393.HK,GLORIOUS SUN,HKEX,待分类,00393.HK,,上市,,https://www.hkex.com.hk/eng/services/trading/securities/securitieslists/ListOfSecurities.xlsx,2026-07-29
00396.HK,HING LEE (HK),HKEX,待分类,00396.HK,,上市,,https://www.hkex.com.hk/eng/services/trading/securities/securitieslists/ListOfSecurities.xlsx,2026-07-29
00397.HK,MINERVA GROUP,HKEX,待分类,00397.HK,,上市,,https://www.hkex.com.hk/eng/services/trading/securities/securitieslists/ListOfSecurities.xlsx,2026-07-29
00398.HK,ORIENTAL WATCH,HKEX,待分类,00398.HK,,上市,,https://www.hkex.com.hk/eng/services/trading/securities/securitieslists/ListOfSecurities.xlsx,2026-07-29
00399.HK,STARCOIN GROUP,HKEX,待分类,00399.HK,,上市,,https://www.hkex.com.hk/eng/services/trading/securities/securitieslists/ListOfSecurities.xlsx,2026-07-29
00400.HK,INGDAN,HKEX,待分类,00400.HK,,上市,,https://www.hkex.com.hk/eng/services/trading/securities/securitieslists/ListOfSecurities.xlsx,2026-07-29
00401.HK,WANJIA GROUP,HKEX,待分类,00401.HK,,上市,,https://www.hkex.com.hk/eng/services/trading/securities/securitieslists/ListOfSecurities.xlsx,2026-07-29
00403.HK,STARLITE HOLD,HKEX,待分类,00403.HK,,上市,,https://www.hkex.com.hk/eng/services/trading/securities/securitieslists/ListOfSecurities.xlsx,2026-07-29
00406.HK,YAU LEE HOLD,HKEX,待分类,00406.HK,,上市,,https://www.hkex.com.hk/eng/services/trading/securities/securitieslists/ListOfSecurities.xlsx,2026-07-29
00408.HK,YIP'S CHEMICAL,HKEX,待分类,00408.HK,,上市,,https://www.hkex.com.hk/eng/services/trading/securities/securitieslists/ListOfSecurities.xlsx,2026-07-29
00410.HK,SOHO CHINA,HKEX,待分类,00410.HK,,上市,,https://www.hkex.com.hk/eng/services/trading/securities/securitieslists/ListOfSecurities.xlsx,2026-07-29
00411.HK,LAM SOON (HK),HKEX,待分类,00411.HK,,上市,,https://www.hkex.com.hk/eng/services/trading/securities/securitieslists/ListOfSecurities.xlsx,2026-07-29
00412.HK,SDHG,HKEX,待分类,00412.HK,,上市,,https://www.hkex.com.hk/eng/services/trading/securities/securitieslists/ListOfSecurities.xlsx,2026-07-29
00413.HK,SC HOLDINGS,HKEX,待分类,00413.HK,,上市,,https://www.hkex.com.hk/eng/services/trading/securities/securitieslists/ListOfSecurities.xlsx,2026-07-29
00417.HK,TSE SUI LUEN,HKEX,待分类,00417.HK,,上市,,https://www.hkex.com.hk/eng/services/trading/securities/securitieslists/ListOfSecurities.xlsx,2026-07-29
00418.HK,FOUNDER HOLD,HKEX,待分类,00418.HK,,上市,,https://www.hkex.com.hk/eng/services/trading/securities/securitieslists/ListOfSecurities.xlsx,2026-07-29
00419.HK,HONY MEDIA,HKEX,待分类,00419.HK,,上市,,https://www.hkex.com.hk/eng/services/trading/securities/securitieslists/ListOfSecurities.xlsx,2026-07-29
00420.HK,FOUNTAIN SET,HKEX,待分类,00420.HK,,上市,,https://www.hkex.com.hk/eng/services/trading/securities/securitieslists/ListOfSecurities.xlsx,2026-07-29
00422.HK,VMEP HOLDINGS,HKEX,待分类,00422.HK,,上市,,https://www.hkex.com.hk/eng/services/trading/securities/securitieslists/ListOfSecurities.xlsx,2026-07-29
00423.HK,HKET HOLDINGS,HKEX,待分类,00423.HK,,上市,,https://www.hkex.com.hk/eng/services/trading/securities/securitieslists/ListOfSecurities.xlsx,2026-07-29
00425.HK,MINTH GROUP,HKEX,待分类,00425.HK,,上市,,https://www.hkex.com.hk/eng/services/trading/securities/securitieslists/ListOfSecurities.xlsx,2026-07-29
00426.HK,ONE MEDIA GROUP,HKEX,待分类,00426.HK,,上市,,https://www.hkex.com.hk/eng/services/trading/securities/securitieslists/ListOfSecurities.xlsx,2026-07-29
00430.HK,ORIENTAL EXPL,HKEX,待分类,00430.HK,,上市,,https://www.hkex.com.hk/eng/services/trading/securities/securitieslists/ListOfSecurities.xlsx,2026-07-29
00432.HK,PCPD,HKEX,待分类,00432.HK,,上市,,https://www.hkex.com.hk/eng/services/trading/securities/securitieslists/ListOfSecurities.xlsx,2026-07-29
00433.HK,NORTH MINING,HKEX,待分类,00433.HK,,上市,,https://www.hkex.com.hk/eng/services/trading/securities/securitieslists/ListOfSecurities.xlsx,2026-07-29
00434.HK,BOYAA,HKEX,待分类,00434.HK,,上市,,https://www.hkex.com.hk/eng/services/trading/securities/securitieslists/ListOfSecurities.xlsx,2026-07-29
00436.HK,NU ENVIRO,HKEX,待分类,00436.HK,,上市,,https://www.hkex.com.hk/eng/services/trading/securities/securitieslists/ListOfSecurities.xlsx,2026-07-29
00438.HK,IRICO NEWENERGY,HKEX,待分类,00438.HK,,上市,,https://www.hkex.com.hk/eng/services/trading/securities/securitieslists/ListOfSecurities.xlsx,2026-07-29
00439.HK,GENESIS SCALE,HKEX,待分类,00439.HK,,上市,,https://www.hkex.com.hk/eng/services/trading/securities/securitieslists/ListOfSecurities.xlsx,2026-07-29
00440.HK,DAH SING,HKEX,待分类,00440.HK,,上市,,https://www.hkex.com.hk/eng/services/trading/securities/securitieslists/ListOfSecurities.xlsx,2026-07-29
00442.HK,DOMAINE POWER,HKEX,待分类,00442.HK,,上市,,https://www.hkex.com.hk/eng/services/trading/securities/securitieslists/ListOfSecurities.xlsx,2026-07-29
00444.HK,SINCEREWATCH HK,HKEX,待分类,00444.HK,,上市,,https://www.hkex.com.hk/eng/services/trading/securities/securitieslists/ListOfSecurities.xlsx,2026-07-29
00450.HK,HUNG HING PRINT,HKEX,待分类,00450.HK,,上市,,https://www.hkex.com.hk/eng/services/trading/securities/securitieslists/ListOfSecurities.xlsx,2026-07-29
00451.HK,DYNASTY DIGITAL,HKEX,待分类,00451.HK,,上市,,https://www.hkex.com.hk/eng/services/trading/securities/securitieslists/ListOfSecurities.xlsx,2026-07-29
00455.HK,TIANDA PHARMA,HKEX,待分类,00455.HK,,上市,,https://www.hkex.com.hk/eng/services/trading/securities/securitieslists/ListOfSecurities.xlsx,2026-07-29
00456.HK,NEW CITY DEV,HKEX,待分类,00456.HK,,上市,,https://www.hkex.com.hk/eng/services/trading/securities/securitieslists/ListOfSecurities.xlsx,2026-07-29
00458.HK,TRISTATE HOLD,HKEX,待分类,00458.HK,,上市,,https://www.hkex.com.hk/eng/services/trading/securities/securitieslists/ListOfSecurities.xlsx,2026-07-29
00460.HK,SIHUAN PHARM,HKEX,待分类,00460.HK,,上市,,https://www.hkex.com.hk/eng/services/trading/securities/securitieslists/ListOfSecurities.xlsx,2026-07-29
00464.HK,CHINA IN-TECH,HKEX,待分类,00464.HK,,上市,,https://www.hkex.com.hk/eng/services/trading/securities/securitieslists/ListOfSecurities.xlsx,2026-07-29
00465.HK,FUTONG TECH,HKEX,待分类,00465.HK,,上市,,https://www.hkex.com.hk/eng/services/trading/securities/securitieslists/ListOfSecurities.xlsx,2026-07-29
00467.HK,UNITEDENERGY GP,HKEX,待分类,00467.HK,,上市,,https://www.hkex.com.hk/eng/services/trading/securities/securitieslists/ListOfSecurities.xlsx,2026-07-29
00468.HK,GAPACK,HKEX,待分类,00468.HK,,上市,,https://www.hkex.com.hk/eng/services/trading/securities/securitieslists/ListOfSecurities.xlsx,2026-07-29
00470.HK,WUXI LEAD,HKEX,待分类,00470.HK,,上市,,https://www.hkex.com.hk/eng/services/trading/securities/securitieslists/ListOfSecurities.xlsx,2026-07-29
00471.HK,SILKWAVE INC,HKEX,待分类,00471.HK,,上市,,https://www.hkex.com.hk/eng/services/trading/securities/securitieslists/ListOfSecurities.xlsx,2026-07-29
00472.HK,NEW SILKROAD,HKEX,待分类,00472.HK,,上市,,https://www.hkex.com.hk/eng/services/trading/securities/securitieslists/ListOfSecurities.xlsx,2026-07-29
00474.HK,ACESO LIFE SCI,HKEX,待分类,00474.HK,,上市,,https://www.hkex.com.hk/eng/services/trading/securities/securitieslists/ListOfSecurities.xlsx,2026-07-29
00475.HK,CENTRAL DEV H,HKEX,待分类,00475.HK,,上市,,https://www.hkex.com.hk/eng/services/trading/securities/securitieslists/ListOfSecurities.xlsx,2026-07-29
00476.HK,EV DYNAMICS,HKEX,待分类,00476.HK,,上市,,https://www.hkex.com.hk/eng/services/trading/securities/securitieslists/ListOfSecurities.xlsx,2026-07-29
00480.HK,HKR INT'L,HKEX,待分类,00480.HK,,上市,,https://www.hkex.com.hk/eng/services/trading/securities/securitieslists/ListOfSecurities.xlsx,2026-07-29
00482.HK,SANDMARTIN INTL,HKEX,待分类,00482.HK,,上市,,https://www.hkex.com.hk/eng/services/trading/securities/securitieslists/ListOfSecurities.xlsx,2026-07-29
00483.HK,BAUHAUS INT'L,HKEX,待分类,00483.HK,,上市,,https://www.hkex.com.hk/eng/services/trading/securities/securitieslists/ListOfSecurities.xlsx,2026-07-29
00484.HK,FORGAME,HKEX,待分类,00484.HK,,上市,,https://www.hkex.com.hk/eng/services/trading/securities/securitieslists/ListOfSecurities.xlsx,2026-07-29
00485.HK,CHINASINOSTAR,HKEX,待分类,00485.HK,,上市,,https://www.hkex.com.hk/eng/services/trading/securities/securitieslists/ListOfSecurities.xlsx,2026-07-29
00486.HK,RUSAL,HKEX,待分类,00486.HK,,上市,,https://www.hkex.com.hk/eng/services/trading/securities/securitieslists/ListOfSecurities.xlsx,2026-07-29
00487.HK,SUCCESSUNIVERSE,HKEX,待分类,00487.HK,,上市,,https://www.hkex.com.hk/eng/services/trading/securities/securitieslists/ListOfSecurities.xlsx,2026-07-29
00488.HK,LAI SUN DEV,HKEX,待分类,00488.HK,,上市,,https://www.hkex.com.hk/eng/services/trading/securities/securitieslists/ListOfSecurities.xlsx,2026-07-29
00491.HK,EMPEROR CULTURE,HKEX,待分类,00491.HK,,上市,,https://www.hkex.com.hk/eng/services/trading/securities/securitieslists/ListOfSecurities.xlsx,2026-07-29
00493.HK,GOME RETAIL,HKEX,待分类,00493.HK,,上市,,https://www.hkex.com.hk/eng/services/trading/securities/securitieslists/ListOfSecurities.xlsx,2026-07-29
00496.HK,KASEN,HKEX,待分类,00496.HK,,上市,,https://www.hkex.com.hk/eng/services/trading/securities/securitieslists/ListOfSecurities.xlsx,2026-07-29
00497.HK,CSI PROPERTIES,HKEX,待分类,00497.HK,,上市,,https://www.hkex.com.hk/eng/services/trading/securities/securitieslists/ListOfSecurities.xlsx,2026-07-29
00498.HK,BLUE RIVER HLDG,HKEX,待分类,00498.HK,,上市,,https://www.hkex.com.hk/eng/services/trading/securities/securitieslists/ListOfSecurities.xlsx,2026-07-29
00499.HK,QINGDAO HLDGS,HKEX,待分类,00499.HK,,上市,,https://www.hkex.com.hk/eng/services/trading/securities/securitieslists/ListOfSecurities.xlsx,2026-07-29
00500.HK,FRONTIER SER,HKEX,待分类,00500.HK,,上市,,https://www.hkex.com.hk/eng/services/trading/securities/securitieslists/ListOfSecurities.xlsx,2026-07-29
00501.HK,OMNIVISION,HKEX,待分类,00501.HK,,上市,,https://www.hkex.com.hk/eng/services/trading/securities/securitieslists/ListOfSecurities.xlsx,2026-07-29
00505.HK,XINGYE ALLOY,HKEX,待分类,00505.HK,,上市,,https://www.hkex.com.hk/eng/services/trading/securities/securitieslists/ListOfSecurities.xlsx,2026-07-29
00506.HK,CHINA FOODS,HKEX,待分类,00506.HK,,上市,,https://www.hkex.com.hk/eng/services/trading/securities/securitieslists/ListOfSecurities.xlsx,2026-07-29
00508.HK,DINGYI GP INV,HKEX,待分类,00508.HK,,上市,,https://www.hkex.com.hk/eng/services/trading/securities/securitieslists/ListOfSecurities.xlsx,2026-07-29
00509.HK,SUNSHINE,HKEX,待分类,00509.HK,,上市,,https://www.hkex.com.hk/eng/services/trading/securities/securitieslists/ListOfSecurities.xlsx,2026-07-29
00510.HK,CASH FIN SER GP,HKEX,待分类,00510.HK,,上市,,https://www.hkex.com.hk/eng/services/trading/securities/securitieslists/ListOfSecurities.xlsx,2026-07-29
00511.HK,TVB,HKEX,待分类,00511.HK,,上市,,https://www.hkex.com.hk/eng/services/trading/securities/securitieslists/ListOfSecurities.xlsx,2026-07-29
00512.HK,GRAND PHARMA,HKEX,待分类,00512.HK,,上市,,https://www.hkex.com.hk/eng/services/trading/securities/securitieslists/ListOfSecurities.xlsx,2026-07-29
00513.HK,CONTINENTAL H,HKEX,待分类,00513.HK,,上市,,https://www.hkex.com.hk/eng/services/trading/securities/securitieslists/ListOfSecurities.xlsx,2026-07-29
00515.HK,CHINASILVER TEC,HKEX,待分类,00515.HK,,上市,,https://www.hkex.com.hk/eng/services/trading/securities/securitieslists/ListOfSecurities.xlsx,2026-07-29
00517.HK,COSCO SHIP INTL,HKEX,待分类,00517.HK,,上市,,https://www.hkex.com.hk/eng/services/trading/securities/securitieslists/ListOfSecurities.xlsx,2026-07-29
00518.HK,TUNGTEX (HOLD),HKEX,待分类,00518.HK,,上市,,https://www.hkex.com.hk/eng/services/trading/securities/securitieslists/ListOfSecurities.xlsx,2026-07-29
00519.HK,NOVAUTEK,HKEX,待分类,00519.HK,,上市,,https://www.hkex.com.hk/eng/services/trading/securities/securitieslists/ListOfSecurities.xlsx,2026-07-29
00520.HK,XIABUXIABU,HKEX,待分类,00520.HK,,上市,,https://www.hkex.com.hk/eng/services/trading/securities/securitieslists/ListOfSecurities.xlsx,2026-07-29
00521.HK,CWT INT'L,HKEX,待分类,00521.HK,,上市,,https://www.hkex.com.hk/eng/services/trading/securities/securitieslists/ListOfSecurities.xlsx,2026-07-29
00522.HK,ASMPT,HKEX,待分类,00522.HK,,上市,,https://www.hkex.com.hk/eng/services/trading/securities/securitieslists/ListOfSecurities.xlsx,2026-07-29
00524.HK,GW TERROIR-10K,HKEX,待分类,00524.HK,,上市,,https://www.hkex.com.hk/eng/services/trading/securities/securitieslists/ListOfSecurities.xlsx,2026-07-29
00525.HK,GUANGSHEN RAIL,HKEX,待分类,00525.HK,,上市,,https://www.hkex.com.hk/eng/services/trading/securities/securitieslists/ListOfSecurities.xlsx,2026-07-29
00526.HK,LISI GP HOLD,HKEX,待分类,00526.HK,,上市,,https://www.hkex.com.hk/eng/services/trading/securities/securitieslists/ListOfSecurities.xlsx,2026-07-29
00527.HK,RUIFENG RENEW,HKEX,待分类,00527.HK,,上市,,https://www.hkex.com.hk/eng/services/trading/securities/securitieslists/ListOfSecurities.xlsx,2026-07-29
00528.HK,KINGDOM HOLDING,HKEX,待分类,00528.HK,,上市,,https://www.hkex.com.hk/eng/services/trading/securities/securitieslists/ListOfSecurities.xlsx,2026-07-29
00529.HK,SIS INT'L,HKEX,待分类,00529.HK,,上市,,https://www.hkex.com.hk/eng/services/trading/securities/securitieslists/ListOfSecurities.xlsx,2026-07-29
00532.HK,WKK INTL (HOLD),HKEX,待分类,00532.HK,,上市,,https://www.hkex.com.hk/eng/services/trading/securities/securitieslists/ListOfSecurities.xlsx,2026-07-29
00533.HK,GOLDLION HOLD,HKEX,待分类,00533.HK,,上市,,https://www.hkex.com.hk/eng/services/trading/securities/securitieslists/ListOfSecurities.xlsx,2026-07-29
00535.HK,GEMDALE PPT,HKEX,待分类,00535.HK,,上市,,https://www.hkex.com.hk/eng/services/trading/securities/securitieslists/ListOfSecurities.xlsx,2026-07-29
00536.HK,TRADELINK,HKEX,待分类,00536.HK,,上市,,https://www.hkex.com.hk/eng/services/trading/securities/securitieslists/ListOfSecurities.xlsx,2026-07-29
00537.HK,RIGOL,HKEX,待分类,00537.HK,,上市,,https://www.hkex.com.hk/eng/services/trading/securities/securitieslists/ListOfSecurities.xlsx,2026-07-29
00538.HK,AJISEN (CHINA),HKEX,待分类,00538.HK,,上市,,https://www.hkex.com.hk/eng/services/trading/securities/securitieslists/ListOfSecurities.xlsx,2026-07-29
00540.HK,SPEEDY GLOBAL,HKEX,待分类,00540.HK,,上市,,https://www.hkex.com.hk/eng/services/trading/securities/securitieslists/ListOfSecurities.xlsx,2026-07-29
00542.HK,CN CULTURAL T&A,HKEX,待分类,00542.HK,,上市,,https://www.hkex.com.hk/eng/services/trading/securities/securitieslists/ListOfSecurities.xlsx,2026-07-29
00543.HK,PACIFIC ONLINE,HKEX,待分类,00543.HK,,上市,,https://www.hkex.com.hk/eng/services/trading/securities/securitieslists/ListOfSecurities.xlsx,2026-07-29
00544.HK,DAIDO GROUP,HKEX,待分类,00544.HK,,上市,,https://www.hkex.com.hk/eng/services/trading/securities/securitieslists/ListOfSecurities.xlsx,2026-07-29
00546.HK,FUFENG GROUP,HKEX,待分类,00546.HK,,上市,,https://www.hkex.com.hk/eng/services/trading/securities/securitieslists/ListOfSecurities.xlsx,2026-07-29
00547.HK,DIGITAL DOMAIN,HKEX,待分类,00547.HK,,上市,,https://www.hkex.com.hk/eng/services/trading/securities/securitieslists/ListOfSecurities.xlsx,2026-07-29
00548.HK,SHENZHENEXPRESS,HKEX,待分类,00548.HK,,上市,,https://www.hkex.com.hk/eng/services/trading/securities/securitieslists/ListOfSecurities.xlsx,2026-07-29
00550.HK,ALLEGRO CULTURE,HKEX,待分类,00550.HK,,上市,,https://www.hkex.com.hk/eng/services/trading/securities/securitieslists/ListOfSecurities.xlsx,2026-07-29
00551.HK,YUE YUEN IND,HKEX,待分类,00551.HK,,上市,,https://www.hkex.com.hk/eng/services/trading/securities/securitieslists/ListOfSecurities.xlsx,2026-07-29
00552.HK,CHINACOMSERVICE,HKEX,待分类,00552.HK,,上市,,https://www.hkex.com.hk/eng/services/trading/securities/securitieslists/ListOfSecurities.xlsx,2026-07-29
00553.HK,NANJING PANDA,HKEX,待分类,00553.HK,,上市,,https://www.hkex.com.hk/eng/services/trading/securities/securitieslists/ListOfSecurities.xlsx,2026-07-29
00554.HK,HANS GP HLDGS,HKEX,待分类,00554.HK,,上市,,https://www.hkex.com.hk/eng/services/trading/securities/securitieslists/ListOfSecurities.xlsx,2026-07-29
00556.HK,PAN ASIA ENVIRO,HKEX,待分类,00556.HK,,上市,,https://www.hkex.com.hk/eng/services/trading/securities/securitieslists/ListOfSecurities.xlsx,2026-07-29
00557.HK,TIANYUAN HEALTH,HKEX,待分类,00557.HK,,上市,,https://www.hkex.com.hk/eng/services/trading/securities/securitieslists/ListOfSecurities.xlsx,2026-07-29
00558.HK,LK TECH,HKEX,待分类,00558.HK,,上市,,https://www.hkex.com.hk/eng/services/trading/securities/securitieslists/ListOfSecurities.xlsx,2026-07-29
00559.HK,DETAI NEWENERGY,HKEX,待分类,00559.HK,,上市,,https://www.hkex.com.hk/eng/services/trading/securities/securitieslists/ListOfSecurities.xlsx,2026-07-29
00560.HK,CHU KONG SHIP,HKEX,待分类,00560.HK,,上市,,https://www.hkex.com.hk/eng/services/trading/securities/securitieslists/ListOfSecurities.xlsx,2026-07-29
00563.HK,SH IND URBAN,HKEX,待分类,00563.HK,,上市,,https://www.hkex.com.hk/eng/services/trading/securities/securitieslists/ListOfSecurities.xlsx,2026-07-29
00564.HK,ZCZL,HKEX,待分类,00564.HK,,上市,,https://www.hkex.com.hk/eng/services/trading/securities/securitieslists/ListOfSecurities.xlsx,2026-07-29
00565.HK,ART GROUP HOLD,HKEX,待分类,00565.HK,,上市,,https://www.hkex.com.hk/eng/services/trading/securities/securitieslists/ListOfSecurities.xlsx,2026-07-29
00567.HK,JSMART TECH,HKEX,待分类,00567.HK,,上市,,https://www.hkex.com.hk/eng/services/trading/securities/securitieslists/ListOfSecurities.xlsx,2026-07-29
00568.HK,SHANDONG MOLONG,HKEX,待分类,00568.HK,,上市,,https://www.hkex.com.hk/eng/services/trading/securities/securitieslists/ListOfSecurities.xlsx,2026-07-29
00570.HK,TRAD CHI MED,HKEX,待分类,00570.HK,,上市,,https://www.hkex.com.hk/eng/services/trading/securities/securitieslists/ListOfSecurities.xlsx,2026-07-29
00571.HK,ESUN HOLDINGS,HKEX,待分类,00571.HK,,上市,,https://www.hkex.com.hk/eng/services/trading/securities/securitieslists/ListOfSecurities.xlsx,2026-07-29
00572.HK,FW HOLDINGS,HKEX,待分类,00572.HK,,上市,,https://www.hkex.com.hk/eng/services/trading/securities/securitieslists/ListOfSecurities.xlsx,2026-07-29
00573.HK,TAO HEUNG HLDGS,HKEX,待分类,00573.HK,,上市,,https://www.hkex.com.hk/eng/services/trading/securities/securitieslists/ListOfSecurities.xlsx,2026-07-29
00574.HK,PASHUN INT'L,HKEX,待分类,00574.HK,,上市,,https://www.hkex.com.hk/eng/services/trading/securities/securitieslists/ListOfSecurities.xlsx,2026-07-29
00575.HK,REGENT PACIFIC,HKEX,待分类,00575.HK,,上市,,https://www.hkex.com.hk/eng/services/trading/securities/securitieslists/ListOfSecurities.xlsx,2026-07-29
00576.HK,ZHEJIANGEXPRESS,HKEX,待分类,00576.HK,,上市,,https://www.hkex.com.hk/eng/services/trading/securities/securitieslists/ListOfSecurities.xlsx,2026-07-29
00579.HK,JNCEC,HKEX,待分类,00579.HK,,上市,,https://www.hkex.com.hk/eng/services/trading/securities/securitieslists/ListOfSecurities.xlsx,2026-07-29
00580.HK,SUN.KING TECH,HKEX,待分类,00580.HK,,上市,,https://www.hkex.com.hk/eng/services/trading/securities/securitieslists/ListOfSecurities.xlsx,2026-07-29
00581.HK,CHINA ORIENTAL,HKEX,待分类,00581.HK,,上市,,https://www.hkex.com.hk/eng/services/trading/securities/securitieslists/ListOfSecurities.xlsx,2026-07-29
00582.HK,SHIN HWA WORLD,HKEX,待分类,00582.HK,,上市,,https://www.hkex.com.hk/eng/services/trading/securities/securitieslists/ListOfSecurities.xlsx,2026-07-29
00583.HK,GWPA HOLDINGS,HKEX,待分类,00583.HK,,上市,,https://www.hkex.com.hk/eng/services/trading/securities/securitieslists/ListOfSecurities.xlsx,2026-07-29
00585.HK,IMAGI INT'L,HKEX,待分类,00585.HK,,上市,,https://www.hkex.com.hk/eng/services/trading/securities/securitieslists/ListOfSecurities.xlsx,2026-07-29
00586.HK,CONCH VENTURE,HKEX,待分类,00586.HK,,上市,,https://www.hkex.com.hk/eng/services/trading/securities/securitieslists/ListOfSecurities.xlsx,2026-07-29
00587.HK,CONCH ENVIRO,HKEX,待分类,00587.HK,,上市,,https://www.hkex.com.hk/eng/services/trading/securities/securitieslists/ListOfSecurities.xlsx,2026-07-29
00588.HK,BEIJING N STAR,HKEX,待分类,00588.HK,,上市,,https://www.hkex.com.hk/eng/services/trading/securities/securitieslists/ListOfSecurities.xlsx,2026-07-29
00590.HK,LUK FOOK HOLD,HKEX,待分类,00590.HK,,上市,,https://www.hkex.com.hk/eng/services/trading/securities/securitieslists/ListOfSecurities.xlsx,2026-07-29
00591.HK,C HIGHPRECISION,HKEX,待分类,00591.HK,,上市,,https://www.hkex.com.hk/eng/services/trading/securities/securitieslists/ListOfSecurities.xlsx,2026-07-29
00595.HK,AV CONCEPT HOLD,HKEX,待分类,00595.HK,,上市,,https://www.hkex.com.hk/eng/services/trading/securities/securitieslists/ListOfSecurities.xlsx,2026-07-29
00596.HK,INSPUR DIGI ENT,HKEX,待分类,00596.HK,,上市,,https://www.hkex.com.hk/eng/services/trading/securities/securitieslists/ListOfSecurities.xlsx,2026-07-29
00598.HK,SINOTRANS,HKEX,待分类,00598.HK,,上市,,https://www.hkex.com.hk/eng/services/trading/securities/securitieslists/ListOfSecurities.xlsx,2026-07-29
00599.HK,E. BON HOLDINGS,HKEX,待分类,00599.HK,,上市,,https://www.hkex.com.hk/eng/services/trading/securities/securitieslists/ListOfSecurities.xlsx,2026-07-29
00600.HK,AXERA,HKEX,待分类,00600.HK,,上市,,https://www.hkex.com.hk/eng/services/trading/securities/securitieslists/ListOfSecurities.xlsx,2026-07-29
00601.HK,REMT,HKEX,待分类,00601.HK,,上市,,https://www.hkex.com.hk/eng/services/trading/securities/securitieslists/ListOfSecurities.xlsx,2026-07-29
00602.HK,JIAHUA STORES H,HKEX,待分类,00602.HK,,上市,,https://www.hkex.com.hk/eng/services/trading/securities/securitieslists/ListOfSecurities.xlsx,2026-07-29
00603.HK,CHINA OIL & GAS,HKEX,待分类,00603.HK,,上市,,https://www.hkex.com.hk/eng/services/trading/securities/securitieslists/ListOfSecurities.xlsx,2026-07-29
00604.HK,SHENZHEN INVEST,HKEX,待分类,00604.HK,,上市,,https://www.hkex.com.hk/eng/services/trading/securities/securitieslists/ListOfSecurities.xlsx,2026-07-29
00605.HK,C FIN SERVICES,HKEX,待分类,00605.HK,,上市,,https://www.hkex.com.hk/eng/services/trading/securities/securitieslists/ListOfSecurities.xlsx,2026-07-29
00606.HK,SCE CM,HKEX,待分类,00606.HK,,上市,,https://www.hkex.com.hk/eng/services/trading/securities/securitieslists/ListOfSecurities.xlsx,2026-07-29
00607.HK,FULLSHARE,HKEX,待分类,00607.HK,,上市,,https://www.hkex.com.hk/eng/services/trading/securities/securitieslists/ListOfSecurities.xlsx,2026-07-29
00608.HK,HIGH FASHION,HKEX,待分类,00608.HK,,上市,,https://www.hkex.com.hk/eng/services/trading/securities/securitieslists/ListOfSecurities.xlsx,2026-07-29
00609.HK,TIANDE CHEMICAL,HKEX,待分类,00609.HK,,上市,,https://www.hkex.com.hk/eng/services/trading/securities/securitieslists/ListOfSecurities.xlsx,2026-07-29
00610.HK,WAI KEE HOLD,HKEX,待分类,00610.HK,,上市,,https://www.hkex.com.hk/eng/services/trading/securities/securitieslists/ListOfSecurities.xlsx,2026-07-29
00611.HK,CNE TECH CORP,HKEX,待分类,00611.HK,,上市,,https://www.hkex.com.hk/eng/services/trading/securities/securitieslists/ListOfSecurities.xlsx,2026-07-29
00613.HK,PLANETREE INT'L,HKEX,待分类,00613.HK,,上市,,https://www.hkex.com.hk/eng/services/trading/securities/securitieslists/ListOfSecurities.xlsx,2026-07-29
00616.HK,ASSET CHAIN,HKEX,待分类,00616.HK,,上市,,https://www.hkex.com.hk/eng/services/trading/securities/securitieslists/ListOfSecurities.xlsx,2026-07-29
00617.HK,PALIBURG HOLD,HKEX,待分类,00617.HK,,上市,,https://www.hkex.com.hk/eng/services/trading/securities/securitieslists/ListOfSecurities.xlsx,2026-07-29
00618.HK,PKU RESOURCES,HKEX,待分类,00618.HK,,上市,,https://www.hkex.com.hk/eng/services/trading/securities/securitieslists/ListOfSecurities.xlsx,2026-07-29
00619.HK,SOUTH CHINA FIN,HKEX,待分类,00619.HK,,上市,,https://www.hkex.com.hk/eng/services/trading/securities/securitieslists/ListOfSecurities.xlsx,2026-07-29
00620.HK,DTXS SILK ROAD,HKEX,待分类,00620.HK,,上市,,https://www.hkex.com.hk/eng/services/trading/securities/securitieslists/ListOfSecurities.xlsx,2026-07-29
00621.HK,TAUNG GOLD,HKEX,待分类,00621.HK,,上市,,https://www.hkex.com.hk/eng/services/trading/securities/securitieslists/ListOfSecurities.xlsx,2026-07-29
00622.HK,OSHIDORI,HKEX,待分类,00622.HK,,上市,,https://www.hkex.com.hk/eng/services/trading/securities/securitieslists/ListOfSecurities.xlsx,2026-07-29
00623.HK,SINOMEDIA,HKEX,待分类,00623.HK,,上市,,https://www.hkex.com.hk/eng/services/trading/securities/securitieslists/ListOfSecurities.xlsx,2026-07-29
00626.HK,PUBLIC FIN HOLD,HKEX,待分类,00626.HK,,上市,,https://www.hkex.com.hk/eng/services/trading/securities/securitieslists/ListOfSecurities.xlsx,2026-07-29
00627.HK,VISION SYNERGY,HKEX,待分类,00627.HK,,上市,,https://www.hkex.com.hk/eng/services/trading/securities/securitieslists/ListOfSecurities.xlsx,2026-07-29
00628.HK,TONGTONG AI SOC,HKEX,待分类,00628.HK,,上市,,https://www.hkex.com.hk/eng/services/trading/securities/securitieslists/ListOfSecurities.xlsx,2026-07-29
00629.HK,YUE DA INTL,HKEX,待分类,00629.HK,,上市,,https://www.hkex.com.hk/eng/services/trading/securities/securitieslists/ListOfSecurities.xlsx,2026-07-29
00630.HK,AMCO UNITED,HKEX,待分类,00630.HK,,上市,,https://www.hkex.com.hk/eng/services/trading/securities/securitieslists/ListOfSecurities.xlsx,2026-07-29
00631.HK,SANY INT'L,HKEX,待分类,00631.HK,,上市,,https://www.hkex.com.hk/eng/services/trading/securities/securitieslists/ListOfSecurities.xlsx,2026-07-29
00632.HK,CHK OIL,HKEX,待分类,00632.HK,,上市,,https://www.hkex.com.hk/eng/services/trading/securities/securitieslists/ListOfSecurities.xlsx,2026-07-29
00635.HK,PLAYMATES,HKEX,待分类,00635.HK,,上市,,https://www.hkex.com.hk/eng/services/trading/securities/securitieslists/ListOfSecurities.xlsx,2026-07-29
00636.HK,KLN,HKEX,待分类,00636.HK,,上市,,https://www.hkex.com.hk/eng/services/trading/securities/securitieslists/ListOfSecurities.xlsx,2026-07-29
00637.HK,LEE KEE,HKEX,待分类,00637.HK,,上市,,https://www.hkex.com.hk/eng/services/trading/securities/securitieslists/ListOfSecurities.xlsx,2026-07-29
00638.HK,FIBOCOM,HKEX,待分类,00638.HK,,上市,,https://www.hkex.com.hk/eng/services/trading/securities/securitieslists/ListOfSecurities.xlsx,2026-07-29
00639.HK,SHOUGANG RES,HKEX,待分类,00639.HK,,上市,,https://www.hkex.com.hk/eng/services/trading/securities/securitieslists/ListOfSecurities.xlsx,2026-07-29
00640.HK,INFINITY DEV,HKEX,待分类,00640.HK,,上市,,https://www.hkex.com.hk/eng/services/trading/securities/securitieslists/ListOfSecurities.xlsx,2026-07-29
00641.HK,CHTC FONG'S INT,HKEX,待分类,00641.HK,,上市,,https://www.hkex.com.hk/eng/services/trading/securities/securitieslists/ListOfSecurities.xlsx,2026-07-29
00643.HK,CARRY WEALTH,HKEX,待分类,00643.HK,,上市,,https://www.hkex.com.hk/eng/services/trading/securities/securitieslists/ListOfSecurities.xlsx,2026-07-29
00645.HK,ARES ASIA,HKEX,待分类,00645.HK,,上市,,https://www.hkex.com.hk/eng/services/trading/securities/securitieslists/ListOfSecurities.xlsx,2026-07-29
00646.HK,CHINA ENV TEC,HKEX,待分类,00646.HK,,上市,,https://www.hkex.com.hk/eng/services/trading/securities/securitieslists/ListOfSecurities.xlsx,2026-07-29
00648.HK,SOFTMEDX,HKEX,待分类,00648.HK,,上市,,https://www.hkex.com.hk/eng/services/trading/securities/securitieslists/ListOfSecurities.xlsx,2026-07-29
00650.HK,PRODUCTIVE TECH,HKEX,待分类,00650.HK,,上市,,https://www.hkex.com.hk/eng/services/trading/securities/securitieslists/ListOfSecurities.xlsx,2026-07-29
00653.HK,BONJOUR HOLD,HKEX,待分类,00653.HK,,上市,,https://www.hkex.com.hk/eng/services/trading/securities/securitieslists/ListOfSecurities.xlsx,2026-07-29
00655.HK,HK CHINESE LTD,HKEX,待分类,00655.HK,,上市,,https://www.hkex.com.hk/eng/services/trading/securities/securitieslists/ListOfSecurities.xlsx,2026-07-29
00656.HK,FOSUN INTL,HKEX,待分类,00656.HK,,上市,,https://www.hkex.com.hk/eng/services/trading/securities/securitieslists/ListOfSecurities.xlsx,2026-07-29
00657.HK,G-VISION INT'L,HKEX,待分类,00657.HK,,上市,,https://www.hkex.com.hk/eng/services/trading/securities/securitieslists/ListOfSecurities.xlsx,2026-07-29
00658.HK,C TRANSMISSION,HKEX,待分类,00658.HK,,上市,,https://www.hkex.com.hk/eng/services/trading/securities/securitieslists/ListOfSecurities.xlsx,2026-07-29
00659.HK,CTF SERVICES,HKEX,待分类,00659.HK,,上市,,https://www.hkex.com.hk/eng/services/trading/securities/securitieslists/ListOfSecurities.xlsx,2026-07-29
00660.HK,WAI CHUN BIOTEC,HKEX,待分类,00660.HK,,上市,,https://www.hkex.com.hk/eng/services/trading/securities/securitieslists/ListOfSecurities.xlsx,2026-07-29
00661.HK,CDAYENONFER,HKEX,待分类,00661.HK,,上市,,https://www.hkex.com.hk/eng/services/trading/securities/securitieslists/ListOfSecurities.xlsx,2026-07-29
00662.HK,ASIA FINANCIAL,HKEX,待分类,00662.HK,,上市,,https://www.hkex.com.hk/eng/services/trading/securities/securitieslists/ListOfSecurities.xlsx,2026-07-29
00664.HK,TONGSHIFU,HKEX,待分类,00664.HK,,上市,,https://www.hkex.com.hk/eng/services/trading/securities/securitieslists/ListOfSecurities.xlsx,2026-07-29
00666.HK,REPT BATTERO,HKEX,待分类,00666.HK,,上市,,https://www.hkex.com.hk/eng/services/trading/securities/securitieslists/ListOfSecurities.xlsx,2026-07-29
00667.HK,CHINA EAST EDU,HKEX,待分类,00667.HK,,上市,,https://www.hkex.com.hk/eng/services/trading/securities/securitieslists/ListOfSecurities.xlsx,2026-07-29
00668.HK,ANKER,HKEX,待分类,00668.HK,,上市,,https://www.hkex.com.hk/eng/services/trading/securities/securitieslists/ListOfSecurities.xlsx,2026-07-29
00669.HK,TECHTRONIC IND,HKEX,待分类,00669.HK,,上市,,https://www.hkex.com.hk/eng/services/trading/securities/securitieslists/ListOfSecurities.xlsx,2026-07-29
00670.HK,CHINA EAST AIR,HKEX,待分类,00670.HK,,上市,,https://www.hkex.com.hk/eng/services/trading/securities/securitieslists/ListOfSecurities.xlsx,2026-07-29
00672.HK,ZHONGAN GROUP,HKEX,待分类,00672.HK,,上市,,https://www.hkex.com.hk/eng/services/trading/securities/securitieslists/ListOfSecurities.xlsx,2026-07-29
00673.HK,CHINA HEALTH,HKEX,待分类,00673.HK,,上市,,https://www.hkex.com.hk/eng/services/trading/securities/securitieslists/ListOfSecurities.xlsx,2026-07-29
00674.HK,CHINA TANGSHANG,HKEX,待分类,00674.HK,,上市,,https://www.hkex.com.hk/eng/services/trading/securities/securitieslists/ListOfSecurities.xlsx,2026-07-29
00675.HK,K & P INT'L,HKEX,待分类,00675.HK,,上市,,https://www.hkex.com.hk/eng/services/trading/securities/securitieslists/ListOfSecurities.xlsx,2026-07-29
00676.HK,PEGASUS INT'L,HKEX,待分类,00676.HK,,上市,,https://www.hkex.com.hk/eng/services/trading/securities/securitieslists/ListOfSecurities.xlsx,2026-07-29
00677.HK,GOLDEN RES DEV,HKEX,待分类,00677.HK,,上市,,https://www.hkex.com.hk/eng/services/trading/securities/securitieslists/ListOfSecurities.xlsx,2026-07-29
00679.HK,ASIA TELE-NET,HKEX,待分类,00679.HK,,上市,,https://www.hkex.com.hk/eng/services/trading/securities/securitieslists/ListOfSecurities.xlsx,2026-07-29
00681.HK,CHI PEOPLE HOLD,HKEX,待分类,00681.HK,,上市,,https://www.hkex.com.hk/eng/services/trading/securities/securitieslists/ListOfSecurities.xlsx,2026-07-29
00682.HK,CHAODA MODERN,HKEX,待分类,00682.HK,,上市,,https://www.hkex.com.hk/eng/services/trading/securities/securitieslists/ListOfSecurities.xlsx,2026-07-29
00683.HK,KERRY PPT,HKEX,待分类,00683.HK,,上市,,https://www.hkex.com.hk/eng/services/trading/securities/securitieslists/ListOfSecurities.xlsx,2026-07-29
00684.HK,ALLAN INT'L,HKEX,待分类,00684.HK,,上市,,https://www.hkex.com.hk/eng/services/trading/securities/securitieslists/ListOfSecurities.xlsx,2026-07-29
00685.HK,MEDIA CHINESE,HKEX,待分类,00685.HK,,上市,,https://www.hkex.com.hk/eng/services/trading/securities/securitieslists/ListOfSecurities.xlsx,2026-07-29
00686.HK,BJ ENERGY INTL,HKEX,待分类,00686.HK,,上市,,https://www.hkex.com.hk/eng/services/trading/securities/securitieslists/ListOfSecurities.xlsx,2026-07-29
00687.HK,TYSAN HOLDINGS,HKEX,待分类,00687.HK,,上市,,https://www.hkex.com.hk/eng/services/trading/securities/securitieslists/ListOfSecurities.xlsx,2026-07-29
00688.HK,CHINA OVERSEAS,HKEX,待分类,00688.HK,,上市,,https://www.hkex.com.hk/eng/services/trading/securities/securitieslists/ListOfSecurities.xlsx,2026-07-29
00689.HK,EPI (HOLDINGS),HKEX,待分类,00689.HK,,上市,,https://www.hkex.com.hk/eng/services/trading/securities/securitieslists/ListOfSecurities.xlsx,2026-07-29
00690.HK,UNI-BIO GROUP,HKEX,待分类,00690.HK,,上市,,https://www.hkex.com.hk/eng/services/trading/securities/securitieslists/ListOfSecurities.xlsx,2026-07-29
00691.HK,SHANSHUI CEMENT,HKEX,待分类,00691.HK,,上市,,https://www.hkex.com.hk/eng/services/trading/securities/securitieslists/ListOfSecurities.xlsx,2026-07-29
00693.HK,TAN CHONG INT'L,HKEX,待分类,00693.HK,,上市,,https://www.hkex.com.hk/eng/services/trading/securities/securitieslists/ListOfSecurities.xlsx,2026-07-29
00694.HK,BEIJING AIRPORT,HKEX,待分类,00694.HK,,上市,,https://www.hkex.com.hk/eng/services/trading/securities/securitieslists/ListOfSecurities.xlsx,2026-07-29
00695.HK,DONGWU CEMENT,HKEX,待分类,00695.HK,,上市,,https://www.hkex.com.hk/eng/services/trading/securities/securitieslists/ListOfSecurities.xlsx,2026-07-29
00696.HK,TRAVELSKY TECH,HKEX,待分类,00696.HK,,上市,,https://www.hkex.com.hk/eng/services/trading/securities/securitieslists/ListOfSecurities.xlsx,2026-07-29
00697.HK,SHOUCHENG,HKEX,待分类,00697.HK,,上市,,https://www.hkex.com.hk/eng/services/trading/securities/securitieslists/ListOfSecurities.xlsx,2026-07-29
00698.HK,TONGDA GROUP,HKEX,待分类,00698.HK,,上市,,https://www.hkex.com.hk/eng/services/trading/securities/securitieslists/ListOfSecurities.xlsx,2026-07-29
00699.HK,JOYSON ELEC,HKEX,待分类,00699.HK,,上市,,https://www.hkex.com.hk/eng/services/trading/securities/securitieslists/ListOfSecurities.xlsx,2026-07-29
00700.HK,TENCENT,HKEX,待分类,00700.HK,,上市,,https://www.hkex.com.hk/eng/services/trading/securities/securitieslists/ListOfSecurities.xlsx,2026-07-29
00701.HK,CNT GROUP,HKEX,待分类,00701.HK,,上市,,https://www.hkex.com.hk/eng/services/trading/securities/securitieslists/ListOfSecurities.xlsx,2026-07-29
00702.HK,SINO OIL & GAS,HKEX,待分类,00702.HK,,上市,,https://www.hkex.com.hk/eng/services/trading/securities/securitieslists/ListOfSecurities.xlsx,2026-07-29
00703.HK,FUTURE BRIGHT,HKEX,待分类,00703.HK,,上市,,https://www.hkex.com.hk/eng/services/trading/securities/securitieslists/ListOfSecurities.xlsx,2026-07-29
00704.HK,HUSCOKE HLDGS,HKEX,待分类,00704.HK,,上市,,https://www.hkex.com.hk/eng/services/trading/securities/securitieslists/ListOfSecurities.xlsx,2026-07-29
00707.HK,ATV HOLDINGS,HKEX,待分类,00707.HK,,上市,,https://www.hkex.com.hk/eng/services/trading/securities/securitieslists/ListOfSecurities.xlsx,2026-07-29
00708.HK,EVERG VEHICLE,HKEX,待分类,00708.HK,,上市,,https://www.hkex.com.hk/eng/services/trading/securities/securitieslists/ListOfSecurities.xlsx,2026-07-29
00709.HK,GIORDANO INT'L,HKEX,待分类,00709.HK,,上市,,https://www.hkex.com.hk/eng/services/trading/securities/securitieslists/ListOfSecurities.xlsx,2026-07-29
00710.HK,BOE VARITRONIX,HKEX,待分类,00710.HK,,上市,,https://www.hkex.com.hk/eng/services/trading/securities/securitieslists/ListOfSecurities.xlsx,2026-07-29
00711.HK,ASIA ALLIED INF,HKEX,待分类,00711.HK,,上市,,https://www.hkex.com.hk/eng/services/trading/securities/securitieslists/ListOfSecurities.xlsx,2026-07-29
00712.HK,COMTEC SOLAR,HKEX,待分类,00712.HK,,上市,,https://www.hkex.com.hk/eng/services/trading/securities/securitieslists/ListOfSecurities.xlsx,2026-07-29
00713.HK,WORLD HOUSEWARE,HKEX,待分类,00713.HK,,上市,,https://www.hkex.com.hk/eng/services/trading/securities/securitieslists/ListOfSecurities.xlsx,2026-07-29
00716.HK,SINGAMAS CONT,HKEX,待分类,00716.HK,,上市,,https://www.hkex.com.hk/eng/services/trading/securities/securitieslists/ListOfSecurities.xlsx,2026-07-29
00717.HK,EMPEROR CAPITAL,HKEX,待分类,00717.HK,,上市,,https://www.hkex.com.hk/eng/services/trading/securities/securitieslists/ListOfSecurities.xlsx,2026-07-29
00718.HK,TAI UNITED HOLD,HKEX,待分类,00718.HK,,上市,,https://www.hkex.com.hk/eng/services/trading/securities/securitieslists/ListOfSecurities.xlsx,2026-07-29
00719.HK,SHANDONG XINHUA,HKEX,待分类,00719.HK,,上市,,https://www.hkex.com.hk/eng/services/trading/securities/securitieslists/ListOfSecurities.xlsx,2026-07-29
00720.HK,AUTO ITALIA,HKEX,待分类,00720.HK,,上市,,https://www.hkex.com.hk/eng/services/trading/securities/securitieslists/ListOfSecurities.xlsx,2026-07-29
00722.HK,UMP,HKEX,待分类,00722.HK,,上市,,https://www.hkex.com.hk/eng/services/trading/securities/securitieslists/ListOfSecurities.xlsx,2026-07-29
00723.HK,RELIANCE GLO HL,HKEX,待分类,00723.HK,,上市,,https://www.hkex.com.hk/eng/services/trading/securities/securitieslists/ListOfSecurities.xlsx,2026-07-29
00725.HK,PERENNIAL INT'L,HKEX,待分类,00725.HK,,上市,,https://www.hkex.com.hk/eng/services/trading/securities/securitieslists/ListOfSecurities.xlsx,2026-07-29
00726.HK,DIT GROUP,HKEX,待分类,00726.HK,,上市,,https://www.hkex.com.hk/eng/services/trading/securities/securitieslists/ListOfSecurities.xlsx,2026-07-29
00727.HK,SINOPROS CORP,HKEX,待分类,00727.HK,,上市,,https://www.hkex.com.hk/eng/services/trading/securities/securitieslists/ListOfSecurities.xlsx,2026-07-29
00728.HK,CHINA TELECOM,HKEX,待分类,00728.HK,,上市,,https://www.hkex.com.hk/eng/services/trading/securities/securitieslists/ListOfSecurities.xlsx,2026-07-29
00730.HK,CAPITAL IND FIN,HKEX,待分类,00730.HK,,上市,,https://www.hkex.com.hk/eng/services/trading/securities/securitieslists/ListOfSecurities.xlsx,2026-07-29
00731.HK,C&D NEWIN,HKEX,待分类,00731.HK,,上市,,https://www.hkex.com.hk/eng/services/trading/securities/securitieslists/ListOfSecurities.xlsx,2026-07-29
00732.HK,TRULY INT'L,HKEX,待分类,00732.HK,,上市,,https://www.hkex.com.hk/eng/services/trading/securities/securitieslists/ListOfSecurities.xlsx,2026-07-29
00733.HK,HOPEFLUENT,HKEX,待分类,00733.HK,,上市,,https://www.hkex.com.hk/eng/services/trading/securities/securitieslists/ListOfSecurities.xlsx,2026-07-29
00736.HK,CHINA PPT INV,HKEX,待分类,00736.HK,,上市,,https://www.hkex.com.hk/eng/services/trading/securities/securitieslists/ListOfSecurities.xlsx,2026-07-29
00737.HK,BAY AREA DEV,HKEX,待分类,00737.HK,,上市,,https://www.hkex.com.hk/eng/services/trading/securities/securitieslists/ListOfSecurities.xlsx,2026-07-29
00738.HK,LE SAUNDA,HKEX,待分类,00738.HK,,上市,,https://www.hkex.com.hk/eng/services/trading/securities/securitieslists/ListOfSecurities.xlsx,2026-07-29
00743.HK,ASIA CEMENT CH,HKEX,待分类,00743.HK,,上市,,https://www.hkex.com.hk/eng/services/trading/securities/securitieslists/ListOfSecurities.xlsx,2026-07-29
00745.HK,CN CULTURE GP,HKEX,待分类,00745.HK,,上市,,https://www.hkex.com.hk/eng/services/trading/securities/securitieslists/ListOfSecurities.xlsx,2026-07-29
00746.HK,L & M CHEMICAL,HKEX,待分类,00746.HK,,上市,,https://www.hkex.com.hk/eng/services/trading/securities/securitieslists/ListOfSecurities.xlsx,2026-07-29
00747.HK,SHENYANG PUBLIC,HKEX,待分类,00747.HK,,上市,,https://www.hkex.com.hk/eng/services/trading/securities/securitieslists/ListOfSecurities.xlsx,2026-07-29
00750.HK,SFSY ENERGY,HKEX,待分类,00750.HK,,上市,,https://www.hkex.com.hk/eng/services/trading/securities/securitieslists/ListOfSecurities.xlsx,2026-07-29
00751.HK,SKYWORTH GROUP,HKEX,待分类,00751.HK,,上市,,https://www.hkex.com.hk/eng/services/trading/securities/securitieslists/ListOfSecurities.xlsx,2026-07-29
00752.HK,PICO FAR EAST,HKEX,待分类,00752.HK,,上市,,https://www.hkex.com.hk/eng/services/trading/securities/securitieslists/ListOfSecurities.xlsx,2026-07-29
00753.HK,AIR CHINA,HKEX,待分类,00753.HK,,上市,,https://www.hkex.com.hk/eng/services/trading/securities/securitieslists/ListOfSecurities.xlsx,2026-07-29
00754.HK,HOPSON DEV HOLD,HKEX,待分类,00754.HK,,上市,,https://www.hkex.com.hk/eng/services/trading/securities/securitieslists/ListOfSecurities.xlsx,2026-07-29
00755.HK,DEVGREAT,HKEX,待分类,00755.HK,,上市,,https://www.hkex.com.hk/eng/services/trading/securities/securitieslists/ListOfSecurities.xlsx,2026-07-29
00756.HK,SUMMI,HKEX,待分类,00756.HK,,上市,,https://www.hkex.com.hk/eng/services/trading/securities/securitieslists/ListOfSecurities.xlsx,2026-07-29
00757.HK,SOLARGIGA,HKEX,待分类,00757.HK,,上市,,https://www.hkex.com.hk/eng/services/trading/securities/securitieslists/ListOfSecurities.xlsx,2026-07-29
00759.HK,CEC INT'L HOLD,HKEX,待分类,00759.HK,,上市,,https://www.hkex.com.hk/eng/services/trading/securities/securitieslists/ListOfSecurities.xlsx,2026-07-29
00760.HK,TALENT PPT GP,HKEX,待分类,00760.HK,,上市,,https://www.hkex.com.hk/eng/services/trading/securities/securitieslists/ListOfSecurities.xlsx,2026-07-29
00762.HK,CHINA UNICOM,HKEX,待分类,00762.HK,,上市,,https://www.hkex.com.hk/eng/services/trading/securities/securitieslists/ListOfSecurities.xlsx,2026-07-29
00763.HK,ZTE,HKEX,待分类,00763.HK,,上市,,https://www.hkex.com.hk/eng/services/trading/securities/securitieslists/ListOfSecurities.xlsx,2026-07-29
00764.HK,ETERNITY INV,HKEX,待分类,00764.HK,,上市,,https://www.hkex.com.hk/eng/services/trading/securities/securitieslists/ListOfSecurities.xlsx,2026-07-29
00765.HK,PERFECTECH INTL,HKEX,待分类,00765.HK,,上市,,https://www.hkex.com.hk/eng/services/trading/securities/securitieslists/ListOfSecurities.xlsx,2026-07-29
00767.HK,ZHONG JI LS,HKEX,待分类,00767.HK,,上市,,https://www.hkex.com.hk/eng/services/trading/securities/securitieslists/ListOfSecurities.xlsx,2026-07-29
00769.HK,CHINA RAREEARTH,HKEX,待分类,00769.HK,,上市,,https://www.hkex.com.hk/eng/services/trading/securities/securitieslists/ListOfSecurities.xlsx,2026-07-29
00771.HK,AUTOMATED SYS,HKEX,待分类,00771.HK,,上市,,https://www.hkex.com.hk/eng/services/trading/securities/securitieslists/ListOfSecurities.xlsx,2026-07-29
00772.HK,CHINA LIT,HKEX,待分类,00772.HK,,上市,,https://www.hkex.com.hk/eng/services/trading/securities/securitieslists/ListOfSecurities.xlsx,2026-07-29
00775.HK,CKLIFE SCIENCES,HKEX,待分类,00775.HK,,上市,,https://www.hkex.com.hk/eng/services/trading/securities/securitieslists/ListOfSecurities.xlsx,2026-07-29
00776.HK,IMPERIUM TEC GP,HKEX,待分类,00776.HK,,上市,,https://www.hkex.com.hk/eng/services/trading/securities/securitieslists/ListOfSecurities.xlsx,2026-07-29
00777.HK,NETDRAGON,HKEX,待分类,00777.HK,,上市,,https://www.hkex.com.hk/eng/services/trading/securities/securitieslists/ListOfSecurities.xlsx,2026-07-29
00780.HK,TONGCHENGTRAVEL,HKEX,待分类,00780.HK,,上市,,https://www.hkex.com.hk/eng/services/trading/securities/securitieslists/ListOfSecurities.xlsx,2026-07-29
00784.HK,LING YUI,HKEX,待分类,00784.HK,,上市,,https://www.hkex.com.hk/eng/services/trading/securities/securitieslists/ListOfSecurities.xlsx,2026-07-29
00788.HK,CHINA TOWER,HKEX,待分类,00788.HK,,上市,,https://www.hkex.com.hk/eng/services/trading/securities/securitieslists/ListOfSecurities.xlsx,2026-07-29
00789.HK,ARTINI HLDG,HKEX,待分类,00789.HK,,上市,,https://www.hkex.com.hk/eng/services/trading/securities/securitieslists/ListOfSecurities.xlsx,2026-07-29
00794.HK,COME SURE GROUP,HKEX,待分类,00794.HK,,上市,,https://www.hkex.com.hk/eng/services/trading/securities/securitieslists/ListOfSecurities.xlsx,2026-07-29
00797.HK,7ROAD,HKEX,待分类,00797.HK,,上市,,https://www.hkex.com.hk/eng/services/trading/securities/securitieslists/ListOfSecurities.xlsx,2026-07-29
00798.HK,CEOVU,HKEX,待分类,00798.HK,,上市,,https://www.hkex.com.hk/eng/services/trading/securities/securitieslists/ListOfSecurities.xlsx,2026-07-29
00799.HK,IGG,HKEX,待分类,00799.HK,,上市,,https://www.hkex.com.hk/eng/services/trading/securities/securitieslists/ListOfSecurities.xlsx,2026-07-29
00800.HK,WERIDE-W,HKEX,待分类,00800.HK,,上市,,https://www.hkex.com.hk/eng/services/trading/securities/securitieslists/ListOfSecurities.xlsx,2026-07-29
00804.HK,PINESTONE,HKEX,待分类,00804.HK,,上市,,https://www.hkex.com.hk/eng/services/trading/securities/securitieslists/ListOfSecurities.xlsx,2026-07-29
00805.HK,NEW GONOW RV,HKEX,待分类,00805.HK,,上市,,https://www.hkex.com.hk/eng/services/trading/securities/securitieslists/ListOfSecurities.xlsx,2026-07-29
00806.HK,VALUE PARTNERS,HKEX,待分类,00806.HK,,上市,,https://www.hkex.com.hk/eng/services/trading/securities/securitieslists/ListOfSecurities.xlsx,2026-07-29
00807.HK,SIICENVIRONMENT,HKEX,待分类,00807.HK,,上市,,https://www.hkex.com.hk/eng/services/trading/securities/securitieslists/ListOfSecurities.xlsx,2026-07-29
00809.HK,GLOBAL BIO-NEW,HKEX,待分类,00809.HK,,上市,,https://www.hkex.com.hk/eng/services/trading/securities/securitieslists/ListOfSecurities.xlsx,2026-07-29
00811.HK,XINHUA WINSHARE,HKEX,待分类,00811.HK,,上市,,https://www.hkex.com.hk/eng/services/trading/securities/securitieslists/ListOfSecurities.xlsx,2026-07-29
00813.HK,SHIMAO GROUP,HKEX,待分类,00813.HK,,上市,,https://www.hkex.com.hk/eng/services/trading/securities/securitieslists/ListOfSecurities.xlsx,2026-07-29
00814.HK,JINGKELONG,HKEX,待分类,00814.HK,,上市,,https://www.hkex.com.hk/eng/services/trading/securities/securitieslists/ListOfSecurities.xlsx,2026-07-29
00815.HK,CHI SILVER GP,HKEX,待分类,00815.HK,,上市,,https://www.hkex.com.hk/eng/services/trading/securities/securitieslists/ListOfSecurities.xlsx,2026-07-29
00816.HK,JINMAO SERVICES,HKEX,待分类,00816.HK,,上市,,https://www.hkex.com.hk/eng/services/trading/securities/securitieslists/ListOfSecurities.xlsx,2026-07-29
00817.HK,CHINA JINMAO,HKEX,待分类,00817.HK,,上市,,https://www.hkex.com.hk/eng/services/trading/securities/securitieslists/ListOfSecurities.xlsx,2026-07-29
00818.HK,HI SUN TECH,HKEX,待分类,00818.HK,,上市,,https://www.hkex.com.hk/eng/services/trading/securities/securitieslists/ListOfSecurities.xlsx,2026-07-29
00819.HK,TIANNENG POWER,HKEX,待分类,00819.HK,,上市,,https://www.hkex.com.hk/eng/services/trading/securities/securitieslists/ListOfSecurities.xlsx,2026-07-29
00821.HK,VC HOLDINGS,HKEX,待分类,00821.HK,,上市,,https://www.hkex.com.hk/eng/services/trading/securities/securitieslists/ListOfSecurities.xlsx,2026-07-29
00822.HK,KA SHUI INT'L,HKEX,待分类,00822.HK,,上市,,https://www.hkex.com.hk/eng/services/trading/securities/securitieslists/ListOfSecurities.xlsx,2026-07-29
00825.HK,NWDS CHINA,HKEX,待分类,00825.HK,,上市,,https://www.hkex.com.hk/eng/services/trading/securities/securitieslists/ListOfSecurities.xlsx,2026-07-29
00826.HK,TIANGONG INT'L,HKEX,待分类,00826.HK,,上市,,https://www.hkex.com.hk/eng/services/trading/securities/securitieslists/ListOfSecurities.xlsx,2026-07-29
00827.HK,KO YO GROUP,HKEX,待分类,00827.HK,,上市,,https://www.hkex.com.hk/eng/services/trading/securities/securitieslists/ListOfSecurities.xlsx,2026-07-29
00828.HK,DYNASTY WINES,HKEX,待分类,00828.HK,,上市,,https://www.hkex.com.hk/eng/services/trading/securities/securitieslists/ListOfSecurities.xlsx,2026-07-29
00829.HK,SHENGUAN HLDGS,HKEX,待分类,00829.HK,,上市,,https://www.hkex.com.hk/eng/services/trading/securities/securitieslists/ListOfSecurities.xlsx,2026-07-29
00830.HK,CSC DEVELOPMENT,HKEX,待分类,00830.HK,,上市,,https://www.hkex.com.hk/eng/services/trading/securities/securitieslists/ListOfSecurities.xlsx,2026-07-29
00831.HK,CR ASIA,HKEX,待分类,00831.HK,,上市,,https://www.hkex.com.hk/eng/services/trading/securities/securitieslists/ListOfSecurities.xlsx,2026-07-29
00832.HK,CENTRAL CHINA,HKEX,待分类,00832.HK,,上市,,https://www.hkex.com.hk/eng/services/trading/securities/securitieslists/ListOfSecurities.xlsx,2026-07-29
00833.HK,ALLTRONICS,HKEX,待分类,00833.HK,,上市,,https://www.hkex.com.hk/eng/services/trading/securities/securitieslists/ListOfSecurities.xlsx,2026-07-29
00834.HK,SHENGRONG HLDG,HKEX,待分类,00834.HK,,上市,,https://www.hkex.com.hk/eng/services/trading/securities/securitieslists/ListOfSecurities.xlsx,2026-07-29
00836.HK,CHINA RES POWER,HKEX,待分类,00836.HK,,上市,,https://www.hkex.com.hk/eng/services/trading/securities/securitieslists/ListOfSecurities.xlsx,2026-07-29
00837.HK,CARPENTER TAN,HKEX,待分类,00837.HK,,上市,,https://www.hkex.com.hk/eng/services/trading/securities/securitieslists/ListOfSecurities.xlsx,2026-07-29
00838.HK,EVA HOLDINGS,HKEX,待分类,00838.HK,,上市,,https://www.hkex.com.hk/eng/services/trading/securities/securitieslists/ListOfSecurities.xlsx,2026-07-29
00839.HK,CHINA EDU GROUP,HKEX,待分类,00839.HK,,上市,,https://www.hkex.com.hk/eng/services/trading/securities/securitieslists/ListOfSecurities.xlsx,2026-07-29
00840.HK,TIANYE WATER,HKEX,待分类,00840.HK,,上市,,https://www.hkex.com.hk/eng/services/trading/securities/securitieslists/ListOfSecurities.xlsx,2026-07-29
00841.HK,CASSAVA RES,HKEX,待分类,00841.HK,,上市,,https://www.hkex.com.hk/eng/services/trading/securities/securitieslists/ListOfSecurities.xlsx,2026-07-29
00842.HK,LEOCH INT'L,HKEX,待分类,00842.HK,,上市,,https://www.hkex.com.hk/eng/services/trading/securities/securitieslists/ListOfSecurities.xlsx,2026-07-29
00844.HK,GREATIME INTL,HKEX,待分类,00844.HK,,上市,,https://www.hkex.com.hk/eng/services/trading/securities/securitieslists/ListOfSecurities.xlsx,2026-07-29
00845.HK,GLORIOUS PPT H,HKEX,待分类,00845.HK,,上市,,https://www.hkex.com.hk/eng/services/trading/securities/securitieslists/ListOfSecurities.xlsx,2026-07-29
00846.HK,MINGFA GROUP,HKEX,待分类,00846.HK,,上市,,https://www.hkex.com.hk/eng/services/trading/securities/securitieslists/ListOfSecurities.xlsx,2026-07-29
00848.HK,MAOYE INT'L,HKEX,待分类,00848.HK,,上市,,https://www.hkex.com.hk/eng/services/trading/securities/securitieslists/ListOfSecurities.xlsx,2026-07-29
00851.HK,SHENG YUAN HLDG,HKEX,待分类,00851.HK,,上市,,https://www.hkex.com.hk/eng/services/trading/securities/securitieslists/ListOfSecurities.xlsx,2026-07-29
00852.HK,STRONG PETRO,HKEX,待分类,00852.HK,,上市,,https://www.hkex.com.hk/eng/services/trading/securities/securitieslists/ListOfSecurities.xlsx,2026-07-29
00853.HK,MICROPORT,HKEX,待分类,00853.HK,,上市,,https://www.hkex.com.hk/eng/services/trading/securities/securitieslists/ListOfSecurities.xlsx,2026-07-29
00854.HK,WILLAS-ARRAY,HKEX,待分类,00854.HK,,上市,,https://www.hkex.com.hk/eng/services/trading/securities/securitieslists/ListOfSecurities.xlsx,2026-07-29
00855.HK,CHINA WATER,HKEX,待分类,00855.HK,,上市,,https://www.hkex.com.hk/eng/services/trading/securities/securitieslists/ListOfSecurities.xlsx,2026-07-29
00856.HK,VSTECS,HKEX,待分类,00856.HK,,上市,,https://www.hkex.com.hk/eng/services/trading/securities/securitieslists/ListOfSecurities.xlsx,2026-07-29
00857.HK,PETROCHINA,HKEX,待分类,00857.HK,,上市,,https://www.hkex.com.hk/eng/services/trading/securities/securitieslists/ListOfSecurities.xlsx,2026-07-29
00858.HK,EXTRAWELL PHAR,HKEX,待分类,00858.HK,,上市,,https://www.hkex.com.hk/eng/services/trading/securities/securitieslists/ListOfSecurities.xlsx,2026-07-29
00859.HK,ZHONGCHANG INTL,HKEX,待分类,00859.HK,,上市,,https://www.hkex.com.hk/eng/services/trading/securities/securitieslists/ListOfSecurities.xlsx,2026-07-29
00860.HK,APOLLO FMG,HKEX,待分类,00860.HK,,上市,,https://www.hkex.com.hk/eng/services/trading/securities/securitieslists/ListOfSecurities.xlsx,2026-07-29
00861.HK,DC HOLDINGS,HKEX,待分类,00861.HK,,上市,,https://www.hkex.com.hk/eng/services/trading/securities/securitieslists/ListOfSecurities.xlsx,2026-07-29
00862.HK,VISION VALUES,HKEX,待分类,00862.HK,,上市,,https://www.hkex.com.hk/eng/services/trading/securities/securitieslists/ListOfSecurities.xlsx,2026-07-29
00863.HK,OSL GROUP,HKEX,待分类,00863.HK,,上市,,https://www.hkex.com.hk/eng/services/trading/securities/securitieslists/ListOfSecurities.xlsx,2026-07-29
00864.HK,WING LEE PPT,HKEX,待分类,00864.HK,,上市,,https://www.hkex.com.hk/eng/services/trading/securities/securitieslists/ListOfSecurities.xlsx,2026-07-29
00865.HK,JIANDE INT'L,HKEX,待分类,00865.HK,,上市,,https://www.hkex.com.hk/eng/services/trading/securities/securitieslists/ListOfSecurities.xlsx,2026-07-29
00866.HK,CHINA QINFA,HKEX,待分类,00866.HK,,上市,,https://www.hkex.com.hk/eng/services/trading/securities/securitieslists/ListOfSecurities.xlsx,2026-07-29
00867.HK,CMS,HKEX,待分类,00867.HK,,上市,,https://www.hkex.com.hk/eng/services/trading/securities/securitieslists/ListOfSecurities.xlsx,2026-07-29
00868.HK,XINYI GLASS,HKEX,待分类,00868.HK,,上市,,https://www.hkex.com.hk/eng/services/trading/securities/securitieslists/ListOfSecurities.xlsx,2026-07-29
00869.HK,PLAYMATES TOYS,HKEX,待分类,00869.HK,,上市,,https://www.hkex.com.hk/eng/services/trading/securities/securitieslists/ListOfSecurities.xlsx,2026-07-29
00871.HK,CH DREDG ENV,HKEX,待分类,00871.HK,,上市,,https://www.hkex.com.hk/eng/services/trading/securities/securitieslists/ListOfSecurities.xlsx,2026-07-29
00873.HK,SHIMAO SERVICES,HKEX,待分类,00873.HK,,上市,,https://www.hkex.com.hk/eng/services/trading/securities/securitieslists/ListOfSecurities.xlsx,2026-07-29
00874.HK,BAIYUNSHAN PH,HKEX,待分类,00874.HK,,上市,,https://www.hkex.com.hk/eng/services/trading/securities/securitieslists/ListOfSecurities.xlsx,2026-07-29
00875.HK,CONGYU INTE AGR,HKEX,待分类,00875.HK,,上市,,https://www.hkex.com.hk/eng/services/trading/securities/securitieslists/ListOfSecurities.xlsx,2026-07-29
00876.HK,KAISAHEALTH-NEW,HKEX,待分类,00876.HK,,上市,,https://www.hkex.com.hk/eng/services/trading/securities/securitieslists/ListOfSecurities.xlsx,2026-07-29
00878.HK,SOUNDWILL HOLD,HKEX,待分类,00878.HK,,上市,,https://www.hkex.com.hk/eng/services/trading/securities/securitieslists/ListOfSecurities.xlsx,2026-07-29
00880.HK,SJM HOLDINGS,HKEX,待分类,00880.HK,,上市,,https://www.hkex.com.hk/eng/services/trading/securities/securitieslists/ListOfSecurities.xlsx,2026-07-29
00881.HK,ZHONGSHENG HLDG,HKEX,待分类,00881.HK,,上市,,https://www.hkex.com.hk/eng/services/trading/securities/securitieslists/ListOfSecurities.xlsx,2026-07-29
00882.HK,TIANJIN DEV,HKEX,待分类,00882.HK,,上市,,https://www.hkex.com.hk/eng/services/trading/securities/securitieslists/ListOfSecurities.xlsx,2026-07-29
00883.HK,CNOOC,HKEX,待分类,00883.HK,,上市,,https://www.hkex.com.hk/eng/services/trading/securities/securitieslists/ListOfSecurities.xlsx,2026-07-29
00884.HK,CIFI HOLD GP,HKEX,待分类,00884.HK,,上市,,https://www.hkex.com.hk/eng/services/trading/securities/securitieslists/ListOfSecurities.xlsx,2026-07-29
00887.HK,EMPEROR WATCH&J,HKEX,待分类,00887.HK,,上市,,https://www.hkex.com.hk/eng/services/trading/securities/securitieslists/ListOfSecurities.xlsx,2026-07-29
00888.HK,BLOCKFIN HLDG,HKEX,待分类,00888.HK,,上市,,https://www.hkex.com.hk/eng/services/trading/securities/securitieslists/ListOfSecurities.xlsx,2026-07-29
00889.HK,DATRONIX HOLD,HKEX,待分类,00889.HK,,上市,,https://www.hkex.com.hk/eng/services/trading/securities/securitieslists/ListOfSecurities.xlsx,2026-07-29
00893.HK,CHINAVTM MINING,HKEX,待分类,00893.HK,,上市,,https://www.hkex.com.hk/eng/services/trading/securities/securitieslists/ListOfSecurities.xlsx,2026-07-29
00894.HK,MAN YUE TECH,HKEX,待分类,00894.HK,,上市,,https://www.hkex.com.hk/eng/services/trading/securities/securitieslists/ListOfSecurities.xlsx,2026-07-29
00895.HK,DONGJIANG ENV,HKEX,待分类,00895.HK,,上市,,https://www.hkex.com.hk/eng/services/trading/securities/securitieslists/ListOfSecurities.xlsx,2026-07-29
00896.HK,HANISON,HKEX,待分类,00896.HK,,上市,,https://www.hkex.com.hk/eng/services/trading/securities/securitieslists/ListOfSecurities.xlsx,2026-07-29
00897.HK,WAI YUEN TONG,HKEX,待分类,00897.HK,,上市,,https://www.hkex.com.hk/eng/services/trading/securities/securitieslists/ListOfSecurities.xlsx,2026-07-29
00898.HK,MULTIFIELD INTL,HKEX,待分类,00898.HK,,上市,,https://www.hkex.com.hk/eng/services/trading/securities/securitieslists/ListOfSecurities.xlsx,2026-07-29
00899.HK,ZHONG JIA GX,HKEX,待分类,00899.HK,,上市,,https://www.hkex.com.hk/eng/services/trading/securities/securitieslists/ListOfSecurities.xlsx,2026-07-29
00900.HK,AEON CREDIT,HKEX,待分类,00900.HK,,上市,,https://www.hkex.com.hk/eng/services/trading/securities/securitieslists/ListOfSecurities.xlsx,2026-07-29
00901.HK,SDMC,HKEX,待分类,00901.HK,,上市,,https://www.hkex.com.hk/eng/services/trading/securities/securitieslists/ListOfSecurities.xlsx,2026-07-29
00902.HK,HUANENG POWER,HKEX,待分类,00902.HK,,上市,,https://www.hkex.com.hk/eng/services/trading/securities/securitieslists/ListOfSecurities.xlsx,2026-07-29
00907.HK,ELEGANCEOPTICAL,HKEX,待分类,00907.HK,,上市,,https://www.hkex.com.hk/eng/services/trading/securities/securitieslists/ListOfSecurities.xlsx,2026-07-29
00909.HK,MING YUAN CLOUD,HKEX,待分类,00909.HK,,上市,,https://www.hkex.com.hk/eng/services/trading/securities/securitieslists/ListOfSecurities.xlsx,2026-07-29
00910.HK,CHINA SANDI,HKEX,待分类,00910.HK,,上市,,https://www.hkex.com.hk/eng/services/trading/securities/securitieslists/ListOfSecurities.xlsx,2026-07-29
00911.HK,QIANHAI HEALTH,HKEX,待分类,00911.HK,,上市,,https://www.hkex.com.hk/eng/services/trading/securities/securitieslists/ListOfSecurities.xlsx,2026-07-29
00912.HK,SUGA INT'L,HKEX,待分类,00912.HK,,上市,,https://www.hkex.com.hk/eng/services/trading/securities/securitieslists/ListOfSecurities.xlsx,2026-07-29
00914.HK,CONCH CEMENT,HKEX,待分类,00914.HK,,上市,,https://www.hkex.com.hk/eng/services/trading/securities/securitieslists/ListOfSecurities.xlsx,2026-07-29
00915.HK,DAOHE GLOBAL,HKEX,待分类,00915.HK,,上市,,https://www.hkex.com.hk/eng/services/trading/securities/securitieslists/ListOfSecurities.xlsx,2026-07-29
00916.HK,CHINA LONGYUAN,HKEX,待分类,00916.HK,,上市,,https://www.hkex.com.hk/eng/services/trading/securities/securitieslists/ListOfSecurities.xlsx,2026-07-29
00917.HK,QUNABOX GROUP,HKEX,待分类,00917.HK,,上市,,https://www.hkex.com.hk/eng/services/trading/securities/securitieslists/ListOfSecurities.xlsx,2026-07-29
00918.HK,MAJESTIC DRAGON,HKEX,待分类,00918.HK,,上市,,https://www.hkex.com.hk/eng/services/trading/securities/securitieslists/ListOfSecurities.xlsx,2026-07-29
00919.HK,MODERNHEALTHTEC,HKEX,待分类,00919.HK,,上市,,https://www.hkex.com.hk/eng/services/trading/securities/securitieslists/ListOfSecurities.xlsx,2026-07-29
00921.HK,HISENSE HA,HKEX,待分类,00921.HK,,上市,,https://www.hkex.com.hk/eng/services/trading/securities/securitieslists/ListOfSecurities.xlsx,2026-07-29
00922.HK,ANXIANYUAN CH,HKEX,待分类,00922.HK,,上市,,https://www.hkex.com.hk/eng/services/trading/securities/securitieslists/ListOfSecurities.xlsx,2026-07-29
00923.HK,IWS,HKEX,待分类,00923.HK,,上市,,https://www.hkex.com.hk/eng/services/trading/securities/securitieslists/ListOfSecurities.xlsx,2026-07-29
00924.HK,KHOON GROUP,HKEX,待分类,00924.HK,,上市,,https://www.hkex.com.hk/eng/services/trading/securities/securitieslists/ListOfSecurities.xlsx,2026-07-29
00926.HK,BESUNYEN,HKEX,待分类,00926.HK,,上市,,https://www.hkex.com.hk/eng/services/trading/securities/securitieslists/ListOfSecurities.xlsx,2026-07-29
00927.HK,FUJIKON IND,HKEX,待分类,00927.HK,,上市,,https://www.hkex.com.hk/eng/services/trading/securities/securitieslists/ListOfSecurities.xlsx,2026-07-29
00928.HK,KING INTL INV,HKEX,待分类,00928.HK,,上市,,https://www.hkex.com.hk/eng/services/trading/securities/securitieslists/ListOfSecurities.xlsx,2026-07-29
00929.HK,IPE GROUP,HKEX,待分类,00929.HK,,上市,,https://www.hkex.com.hk/eng/services/trading/securities/securitieslists/ListOfSecurities.xlsx,2026-07-29
00931.HK,CHINA HK POWER,HKEX,待分类,00931.HK,,上市,,https://www.hkex.com.hk/eng/services/trading/securities/securitieslists/ListOfSecurities.xlsx,2026-07-29
00932.HK,SHUNTEN INTL,HKEX,待分类,00932.HK,,上市,,https://www.hkex.com.hk/eng/services/trading/securities/securitieslists/ListOfSecurities.xlsx,2026-07-29
00933.HK,VIVA GOODS,HKEX,待分类,00933.HK,,上市,,https://www.hkex.com.hk/eng/services/trading/securities/securitieslists/ListOfSecurities.xlsx,2026-07-29
00934.HK,SINOPEC KANTONS,HKEX,待分类,00934.HK,,上市,,https://www.hkex.com.hk/eng/services/trading/securities/securitieslists/ListOfSecurities.xlsx,2026-07-29
00936.HK,KAISA CAPITAL,HKEX,待分类,00936.HK,,上市,,https://www.hkex.com.hk/eng/services/trading/securities/securitieslists/ListOfSecurities.xlsx,2026-07-29
00938.HK,MAN SANG INT'L,HKEX,待分类,00938.HK,,上市,,https://www.hkex.com.hk/eng/services/trading/securities/securitieslists/ListOfSecurities.xlsx,2026-07-29
00939.HK,CCB,HKEX,待分类,00939.HK,,上市,,https://www.hkex.com.hk/eng/services/trading/securities/securitieslists/ListOfSecurities.xlsx,2026-07-29
00941.HK,CHINA MOBILE,HKEX,待分类,00941.HK,,上市,,https://www.hkex.com.hk/eng/services/trading/securities/securitieslists/ListOfSecurities.xlsx,2026-07-29
00943.HK,ZHONGZHENG INTL,HKEX,待分类,00943.HK,,上市,,https://www.hkex.com.hk/eng/services/trading/securities/securitieslists/ListOfSecurities.xlsx,2026-07-29
00945.HK,MANULIFE-S,HKEX,待分类,00945.HK,,上市,,https://www.hkex.com.hk/eng/services/trading/securities/securitieslists/ListOfSecurities.xlsx,2026-07-29
00947.HK,MOBI DEV,HKEX,待分类,00947.HK,,上市,,https://www.hkex.com.hk/eng/services/trading/securities/securitieslists/ListOfSecurities.xlsx,2026-07-29
00948.HK,ALPHA PRO HLDGS,HKEX,待分类,00948.HK,,上市,,https://www.hkex.com.hk/eng/services/trading/securities/securitieslists/ListOfSecurities.xlsx,2026-07-29
00950.HK,LEE'S PHARM,HKEX,待分类,00950.HK,,上市,,https://www.hkex.com.hk/eng/services/trading/securities/securitieslists/ListOfSecurities.xlsx,2026-07-29
00951.HK,CHAOWEI POWER,HKEX,待分类,00951.HK,,上市,,https://www.hkex.com.hk/eng/services/trading/securities/securitieslists/ListOfSecurities.xlsx,2026-07-29
00952.HK,QUAM PLUS FIN,HKEX,待分类,00952.HK,,上市,,https://www.hkex.com.hk/eng/services/trading/securities/securitieslists/ListOfSecurities.xlsx,2026-07-29
00953.HK,SHAW BROTHERS,HKEX,待分类,00953.HK,,上市,,https://www.hkex.com.hk/eng/services/trading/securities/securitieslists/ListOfSecurities.xlsx,2026-07-29
00954.HK,CHANGMAO BIO,HKEX,待分类,00954.HK,,上市,,https://www.hkex.com.hk/eng/services/trading/securities/securitieslists/ListOfSecurities.xlsx,2026-07-29
00956.HK,CHINA SUNTIEN,HKEX,待分类,00956.HK,,上市,,https://www.hkex.com.hk/eng/services/trading/securities/securitieslists/ListOfSecurities.xlsx,2026-07-29
00959.HK,CENTURY ENT INT,HKEX,待分类,00959.HK,,上市,,https://www.hkex.com.hk/eng/services/trading/securities/securitieslists/ListOfSecurities.xlsx,2026-07-29
00960.HK,LONGFOR GROUP,HKEX,待分类,00960.HK,,上市,,https://www.hkex.com.hk/eng/services/trading/securities/securitieslists/ListOfSecurities.xlsx,2026-07-29
00966.HK,CHINA TAIPING,HKEX,待分类,00966.HK,,上市,,https://www.hkex.com.hk/eng/services/trading/securities/securitieslists/ListOfSecurities.xlsx,2026-07-29
00968.HK,XINYI SOLAR,HKEX,待分类,00968.HK,,上市,,https://www.hkex.com.hk/eng/services/trading/securities/securitieslists/ListOfSecurities.xlsx,2026-07-29
00969.HK,HUA LIEN INT'L,HKEX,待分类,00969.HK,,上市,,https://www.hkex.com.hk/eng/services/trading/securities/securitieslists/ListOfSecurities.xlsx,2026-07-29
00970.HK,NEW SPARKLEROLL,HKEX,待分类,00970.HK,,上市,,https://www.hkex.com.hk/eng/services/trading/securities/securitieslists/ListOfSecurities.xlsx,2026-07-29
00974.HK,SKL,HKEX,待分类,00974.HK,,上市,,https://www.hkex.com.hk/eng/services/trading/securities/securitieslists/ListOfSecurities.xlsx,2026-07-29
00975.HK,MONGOL MINING,HKEX,待分类,00975.HK,,上市,,https://www.hkex.com.hk/eng/services/trading/securities/securitieslists/ListOfSecurities.xlsx,2026-07-29
00976.HK,CHIHO ENV,HKEX,待分类,00976.HK,,上市,,https://www.hkex.com.hk/eng/services/trading/securities/securitieslists/ListOfSecurities.xlsx,2026-07-29
00978.HK,CHI MER LAND,HKEX,待分类,00978.HK,,上市,,https://www.hkex.com.hk/eng/services/trading/securities/securitieslists/ListOfSecurities.xlsx,2026-07-29
00979.HK,GREEN ENERGY GP,HKEX,待分类,00979.HK,,上市,,https://www.hkex.com.hk/eng/services/trading/securities/securitieslists/ListOfSecurities.xlsx,2026-07-29
00980.HK,LIANHUA,HKEX,待分类,00980.HK,,上市,,https://www.hkex.com.hk/eng/services/trading/securities/securitieslists/ListOfSecurities.xlsx,2026-07-29
00981.HK,SMIC,HKEX,待分类,00981.HK,,上市,,https://www.hkex.com.hk/eng/services/trading/securities/securitieslists/ListOfSecurities.xlsx,2026-07-29
00983.HK,SOCAM DEV,HKEX,待分类,00983.HK,,上市,,https://www.hkex.com.hk/eng/services/trading/securities/securitieslists/ListOfSecurities.xlsx,2026-07-29
00984.HK,AEON STORES,HKEX,待分类,00984.HK,,上市,,https://www.hkex.com.hk/eng/services/trading/securities/securitieslists/ListOfSecurities.xlsx,2026-07-29
00986.HK,DUFU LIQUOR GP,HKEX,待分类,00986.HK,,上市,,https://www.hkex.com.hk/eng/services/trading/securities/securitieslists/ListOfSecurities.xlsx,2026-07-29
00987.HK,CH RENEW EN INV,HKEX,待分类,00987.HK,,上市,,https://www.hkex.com.hk/eng/services/trading/securities/securitieslists/ListOfSecurities.xlsx,2026-07-29
00989.HK,CHINA CBS INTL,HKEX,待分类,00989.HK,,上市,,https://www.hkex.com.hk/eng/services/trading/securities/securitieslists/ListOfSecurities.xlsx,2026-07-29
00990.HK,DEEP SOURCE,HKEX,待分类,00990.HK,,上市,,https://www.hkex.com.hk/eng/services/trading/securities/securitieslists/ListOfSecurities.xlsx,2026-07-29
00991.HK,DATANG POWER,HKEX,待分类,00991.HK,,上市,,https://www.hkex.com.hk/eng/services/trading/securities/securitieslists/ListOfSecurities.xlsx,2026-07-29
00992.HK,LENOVO GROUP,HKEX,待分类,00992.HK,,上市,,https://www.hkex.com.hk/eng/services/trading/securities/securitieslists/ListOfSecurities.xlsx,2026-07-29
00993.HK,XINKONG INT CAP,HKEX,待分类,00993.HK,,上市,,https://www.hkex.com.hk/eng/services/trading/securities/securitieslists/ListOfSecurities.xlsx,2026-07-29
00994.HK,CT VISION,HKEX,待分类,00994.HK,,上市,,https://www.hkex.com.hk/eng/services/trading/securities/securitieslists/ListOfSecurities.xlsx,2026-07-29
00995.HK,ANHUIEXPRESSWAY,HKEX,待分类,00995.HK,,上市,,https://www.hkex.com.hk/eng/services/trading/securities/securitieslists/ListOfSecurities.xlsx,2026-07-29
00997.HK,CHINLINK INTL,HKEX,待分类,00997.HK,,上市,,https://www.hkex.com.hk/eng/services/trading/securities/securitieslists/ListOfSecurities.xlsx,2026-07-29
00998.HK,CITIC BANK,HKEX,待分类,00998.HK,,上市,,https://www.hkex.com.hk/eng/services/trading/securities/securitieslists/ListOfSecurities.xlsx,2026-07-29
00999.HK,XIAOCAIYUAN,HKEX,待分类,00999.HK,,上市,,https://www.hkex.com.hk/eng/services/trading/securities/securitieslists/ListOfSecurities.xlsx,2026-07-29
01000.HK,BEIJING MEDIA,HKEX,待分类,01000.HK,,上市,,https://www.hkex.com.hk/eng/services/trading/securities/securitieslists/ListOfSecurities.xlsx,2026-07-29
01001.HK,HK SH ALLIANCE,HKEX,待分类,01001.HK,,上市,,https://www.hkex.com.hk/eng/services/trading/securities/securitieslists/ListOfSecurities.xlsx,2026-07-29
01002.HK,V.S. INT'L,HKEX,待分类,01002.HK,,上市,,https://www.hkex.com.hk/eng/services/trading/securities/securitieslists/ListOfSecurities.xlsx,2026-07-29
01003.HK,HUANXI MEDIA,HKEX,待分类,01003.HK,,上市,,https://www.hkex.com.hk/eng/services/trading/securities/securitieslists/ListOfSecurities.xlsx,2026-07-29
01004.HK,C SMARTERENERGY,HKEX,待分类,01004.HK,,上市,,https://www.hkex.com.hk/eng/services/trading/securities/securitieslists/ListOfSecurities.xlsx,2026-07-29
01005.HK,MATRIX HOLDINGS,HKEX,待分类,01005.HK,,上市,,https://www.hkex.com.hk/eng/services/trading/securities/securitieslists/ListOfSecurities.xlsx,2026-07-29
01007.HK,LONGHUI INTL,HKEX,待分类,01007.HK,,上市,,https://www.hkex.com.hk/eng/services/trading/securities/securitieslists/ListOfSecurities.xlsx,2026-07-29
01008.HK,LITU HOLDINGS,HKEX,待分类,01008.HK,,上市,,https://www.hkex.com.hk/eng/services/trading/securities/securitieslists/ListOfSecurities.xlsx,2026-07-29
01009.HK,INT'L ENT,HKEX,待分类,01009.HK,,上市,,https://www.hkex.com.hk/eng/services/trading/securities/securitieslists/ListOfSecurities.xlsx,2026-07-29
01010.HK,SKY BLUE 11,HKEX,待分类,01010.HK,,上市,,https://www.hkex.com.hk/eng/services/trading/securities/securitieslists/ListOfSecurities.xlsx,2026-07-29
01011.HK,NT PHARMA,HKEX,待分类,01011.HK,,上市,,https://www.hkex.com.hk/eng/services/trading/securities/securitieslists/ListOfSecurities.xlsx,2026-07-29
01013.HK,WAI CHUN GROUP,HKEX,待分类,01013.HK,,上市,,https://www.hkex.com.hk/eng/services/trading/securities/securitieslists/ListOfSecurities.xlsx,2026-07-29
01020.HK,CIPRUN TECH,HKEX,待分类,01020.HK,,上市,,https://www.hkex.com.hk/eng/services/trading/securities/securitieslists/ListOfSecurities.xlsx,2026-07-29
01021.HK,HUAYAN ROBOTICS,HKEX,待分类,01021.HK,,上市,,https://www.hkex.com.hk/eng/services/trading/securities/securitieslists/ListOfSecurities.xlsx,2026-07-29
01022.HK,FEIYU,HKEX,待分类,01022.HK,,上市,,https://www.hkex.com.hk/eng/services/trading/securities/securitieslists/ListOfSecurities.xlsx,2026-07-29
01023.HK,SITOY GROUP,HKEX,待分类,01023.HK,,上市,,https://www.hkex.com.hk/eng/services/trading/securities/securitieslists/ListOfSecurities.xlsx,2026-07-29
01024.HK,KUAISHOU-W,HKEX,待分类,01024.HK,,上市,,https://www.hkex.com.hk/eng/services/trading/securities/securitieslists/ListOfSecurities.xlsx,2026-07-29
01025.HK,KNT HOLDINGS,HKEX,待分类,01025.HK,,上市,,https://www.hkex.com.hk/eng/services/trading/securities/securitieslists/ListOfSecurities.xlsx,2026-07-29
01026.HK,UNIVERSAL TECH,HKEX,待分类,01026.HK,,上市,,https://www.hkex.com.hk/eng/services/trading/securities/securitieslists/ListOfSecurities.xlsx,2026-07-29
01027.HK,ASIA STRAT TECH,HKEX,待分类,01027.HK,,上市,,https://www.hkex.com.hk/eng/services/trading/securities/securitieslists/ListOfSecurities.xlsx,2026-07-29
01028.HK,C.BANNER,HKEX,待分类,01028.HK,,上市,,https://www.hkex.com.hk/eng/services/trading/securities/securitieslists/ListOfSecurities.xlsx,2026-07-29
01029.HK,IRC,HKEX,待分类,01029.HK,,上市,,https://www.hkex.com.hk/eng/services/trading/securities/securitieslists/ListOfSecurities.xlsx,2026-07-29
01030.HK,SEAZEN,HKEX,待分类,01030.HK,,上市,,https://www.hkex.com.hk/eng/services/trading/securities/securitieslists/ListOfSecurities.xlsx,2026-07-29
01033.HK,SINOPEC SSC,HKEX,待分类,01033.HK,,上市,,https://www.hkex.com.hk/eng/services/trading/securities/securitieslists/ListOfSecurities.xlsx,2026-07-29
01036.HK,VANKE OVERSEAS,HKEX,待分类,01036.HK,,上市,,https://www.hkex.com.hk/eng/services/trading/securities/securitieslists/ListOfSecurities.xlsx,2026-07-29
01037.HK,MAXNERVA TECH,HKEX,待分类,01037.HK,,上市,,https://www.hkex.com.hk/eng/services/trading/securities/securitieslists/ListOfSecurities.xlsx,2026-07-29
01038.HK,CKI HOLDINGS,HKEX,待分类,01038.HK,,上市,,https://www.hkex.com.hk/eng/services/trading/securities/securitieslists/ListOfSecurities.xlsx,2026-07-29
01039.HK,CHANGYOU INT GP,HKEX,待分类,01039.HK,,上市,,https://www.hkex.com.hk/eng/services/trading/securities/securitieslists/ListOfSecurities.xlsx,2026-07-29
01044.HK,HENGAN INT'L,HKEX,待分类,01044.HK,,上市,,https://www.hkex.com.hk/eng/services/trading/securities/securitieslists/ListOfSecurities.xlsx,2026-07-29
01045.HK,APT SATELLITE,HKEX,待分类,01045.HK,,上市,,https://www.hkex.com.hk/eng/services/trading/securities/securitieslists/ListOfSecurities.xlsx,2026-07-29
01046.HK,UNIVERSE ENT,HKEX,待分类,01046.HK,,上市,,https://www.hkex.com.hk/eng/services/trading/securities/securitieslists/ListOfSecurities.xlsx,2026-07-29
01047.HK,NGAI HING HONG,HKEX,待分类,01047.HK,,上市,,https://www.hkex.com.hk/eng/services/trading/securities/securitieslists/ListOfSecurities.xlsx,2026-07-29
01049.HK,CELESTIAL ASIA,HKEX,待分类,01049.HK,,上市,,https://www.hkex.com.hk/eng/services/trading/securities/securitieslists/ListOfSecurities.xlsx,2026-07-29
01050.HK,KARRIE INT'L,HKEX,待分类,01050.HK,,上市,,https://www.hkex.com.hk/eng/services/trading/securities/securitieslists/ListOfSecurities.xlsx,2026-07-29
01051.HK,G-RESOURCES,HKEX,待分类,01051.HK,,上市,,https://www.hkex.com.hk/eng/services/trading/securities/securitieslists/ListOfSecurities.xlsx,2026-07-29
01052.HK,YUEXIUTRANSPORT,HKEX,待分类,01052.HK,,上市,,https://www.hkex.com.hk/eng/services/trading/securities/securitieslists/ListOfSecurities.xlsx,2026-07-29
01053.HK,CHONGQING IRON,HKEX,待分类,01053.HK,,上市,,https://www.hkex.com.hk/eng/services/trading/securities/securitieslists/ListOfSecurities.xlsx,2026-07-29
01055.HK,CHINA SOUTH AIR,HKEX,待分类,01055.HK,,上市,,https://www.hkex.com.hk/eng/services/trading/securities/securitieslists/ListOfSecurities.xlsx,2026-07-29
01057.HK,ZHEJIANG SHIBAO,HKEX,待分类,01057.HK,,上市,,https://www.hkex.com.hk/eng/services/trading/securities/securitieslists/ListOfSecurities.xlsx,2026-07-29
01058.HK,NAMYUE HOLDINGS,HKEX,待分类,01058.HK,,上市,,https://www.hkex.com.hk/eng/services/trading/securities/securitieslists/ListOfSecurities.xlsx,2026-07-29
01059.HK,KANTONE HOLDING,HKEX,待分类,01059.HK,,上市,,https://www.hkex.com.hk/eng/services/trading/securities/securitieslists/ListOfSecurities.xlsx,2026-07-29
01060.HK,DAMAI ENT,HKEX,待分类,01060.HK,,上市,,https://www.hkex.com.hk/eng/services/trading/securities/securitieslists/ListOfSecurities.xlsx,2026-07-29
01061.HK,ESSEX BIO-TECH,HKEX,待分类,01061.HK,,上市,,https://www.hkex.com.hk/eng/services/trading/securities/securitieslists/ListOfSecurities.xlsx,2026-07-29
01063.HK,SUNCORP TECH,HKEX,待分类,01063.HK,,上市,,https://www.hkex.com.hk/eng/services/trading/securities/securitieslists/ListOfSecurities.xlsx,2026-07-29
01064.HK,ZHONG HUA INT'L,HKEX,待分类,01064.HK,,上市,,https://www.hkex.com.hk/eng/services/trading/securities/securitieslists/ListOfSecurities.xlsx,2026-07-29
01065.HK,TIANJIN CAPITAL,HKEX,待分类,01065.HK,,上市,,https://www.hkex.com.hk/eng/services/trading/securities/securitieslists/ListOfSecurities.xlsx,2026-07-29
01066.HK,WEIGAO GROUP,HKEX,待分类,01066.HK,,上市,,https://www.hkex.com.hk/eng/services/trading/securities/securitieslists/ListOfSecurities.xlsx,2026-07-29
01068.HK,YURUN FOOD,HKEX,待分类,01068.HK,,上市,,https://www.hkex.com.hk/eng/services/trading/securities/securitieslists/ListOfSecurities.xlsx,2026-07-29
01069.HK,CN HEALTH TECH,HKEX,待分类,01069.HK,,上市,,https://www.hkex.com.hk/eng/services/trading/securities/securitieslists/ListOfSecurities.xlsx,2026-07-29
01070.HK,TCL ELECTRONICS,HKEX,待分类,01070.HK,,上市,,https://www.hkex.com.hk/eng/services/trading/securities/securitieslists/ListOfSecurities.xlsx,2026-07-29
01071.HK,HUADIAN POWER,HKEX,待分类,01071.HK,,上市,,https://www.hkex.com.hk/eng/services/trading/securities/securitieslists/ListOfSecurities.xlsx,2026-07-29
01072.HK,DONGFANG ELEC,HKEX,待分类,01072.HK,,上市,,https://www.hkex.com.hk/eng/services/trading/securities/securitieslists/ListOfSecurities.xlsx,2026-07-29
01073.HK,DA YU FIN,HKEX,待分类,01073.HK,,上市,,https://www.hkex.com.hk/eng/services/trading/securities/securitieslists/ListOfSecurities.xlsx,2026-07-29
01075.HK,CAPINFO,HKEX,待分类,01075.HK,,上市,,https://www.hkex.com.hk/eng/services/trading/securities/securitieslists/ListOfSecurities.xlsx,2026-07-29
01079.HK,PINE TECH,HKEX,待分类,01079.HK,,上市,,https://www.hkex.com.hk/eng/services/trading/securities/securitieslists/ListOfSecurities.xlsx,2026-07-29
01080.HK,SHENGLI PIPE,HKEX,待分类,01080.HK,,上市,,https://www.hkex.com.hk/eng/services/trading/securities/securitieslists/ListOfSecurities.xlsx,2026-07-29
01081.HK,DAJIN,HKEX,待分类,01081.HK,,上市,,https://www.hkex.com.hk/eng/services/trading/securities/securitieslists/ListOfSecurities.xlsx,2026-07-29
01082.HK,BDV EDU INTL,HKEX,待分类,01082.HK,,上市,,https://www.hkex.com.hk/eng/services/trading/securities/securitieslists/ListOfSecurities.xlsx,2026-07-29
01083.HK,TG SMART ENERGY,HKEX,待分类,01083.HK,,上市,,https://www.hkex.com.hk/eng/services/trading/securities/securitieslists/ListOfSecurities.xlsx,2026-07-29
01084.HK,GREEN FRESH BIO,HKEX,待分类,01084.HK,,上市,,https://www.hkex.com.hk/eng/services/trading/securities/securitieslists/ListOfSecurities.xlsx,2026-07-29
01085.HK,HXTL,HKEX,待分类,01085.HK,,上市,,https://www.hkex.com.hk/eng/services/trading/securities/securitieslists/ListOfSecurities.xlsx,2026-07-29
01086.HK,GOODBABY INTL,HKEX,待分类,01086.HK,,上市,,https://www.hkex.com.hk/eng/services/trading/securities/securitieslists/ListOfSecurities.xlsx,2026-07-29
01087.HK,INVESTECH HLDGS,HKEX,待分类,01087.HK,,上市,,https://www.hkex.com.hk/eng/services/trading/securities/securitieslists/ListOfSecurities.xlsx,2026-07-29
01088.HK,CHINA SHENHUA,HKEX,待分类,01088.HK,,上市,,https://www.hkex.com.hk/eng/services/trading/securities/securitieslists/ListOfSecurities.xlsx,2026-07-29
01090.HK,DA MING INT'L,HKEX,待分类,01090.HK,,上市,,https://www.hkex.com.hk/eng/services/trading/securities/securitieslists/ListOfSecurities.xlsx,2026-07-29
01091.HK,SOUTH MANGANESE,HKEX,待分类,01091.HK,,上市,,https://www.hkex.com.hk/eng/services/trading/securities/securitieslists/ListOfSecurities.xlsx,2026-07-29
01093.HK,CSPC PHARMA,HKEX,待分类,01093.HK,,上市,,https://www.hkex.com.hk/eng/services/trading/securities/securitieslists/ListOfSecurities.xlsx,2026-07-29
01094.HK,CHERISH SUN,HKEX,待分类,01094.HK,,上市,,https://www.hkex.com.hk/eng/services/trading/securities/securitieslists/ListOfSecurities.xlsx,2026-07-29
01097.HK,I-CABLE COMM,HKEX,待分类,01097.HK,,上市,,https://www.hkex.com.hk/eng/services/trading/securities/securitieslists/ListOfSecurities.xlsx,2026-07-29
01098.HK,ROAD KING INFRA,HKEX,待分类,01098.HK,,上市,,https://www.hkex.com.hk/eng/services/trading/securities/securitieslists/ListOfSecurities.xlsx,2026-07-29
01099.HK,SINOPHARM,HKEX,待分类,01099.HK,,上市,,https://www.hkex.com.hk/eng/services/trading/securities/securitieslists/ListOfSecurities.xlsx,2026-07-29
01100.HK,MAINLAND HOLD,HKEX,待分类,01100.HK,,上市,,https://www.hkex.com.hk/eng/services/trading/securities/securitieslists/ListOfSecurities.xlsx,2026-07-29
01101.HK,HUARONG ENERGY,HKEX,待分类,01101.HK,,上市,,https://www.hkex.com.hk/eng/services/trading/securities/securitieslists/ListOfSecurities.xlsx,2026-07-29
01102.HK,ENVIRO ENERGY,HKEX,待分类,01102.HK,,上市,,https://www.hkex.com.hk/eng/services/trading/securities/securitieslists/ListOfSecurities.xlsx,2026-07-29
01104.HK,APAC RESOURCES,HKEX,待分类,01104.HK,,上市,,https://www.hkex.com.hk/eng/services/trading/securities/securitieslists/ListOfSecurities.xlsx,2026-07-29
01105.HK,SING TAO,HKEX,待分类,01105.HK,,上市,,https://www.hkex.com.hk/eng/services/trading/securities/securitieslists/ListOfSecurities.xlsx,2026-07-29
01107.HK,MODERN LAND,HKEX,待分类,01107.HK,,上市,,https://www.hkex.com.hk/eng/services/trading/securities/securitieslists/ListOfSecurities.xlsx,2026-07-29
01108.HK,TRIUMPH NEW EN,HKEX,待分类,01108.HK,,上市,,https://www.hkex.com.hk/eng/services/trading/securities/securitieslists/ListOfSecurities.xlsx,2026-07-29
01109.HK,CHINA RES LAND,HKEX,待分类,01109.HK,,上市,,https://www.hkex.com.hk/eng/services/trading/securities/securitieslists/ListOfSecurities.xlsx,2026-07-29
01110.HK,KINGWORLD,HKEX,待分类,01110.HK,,上市,,https://www.hkex.com.hk/eng/services/trading/securities/securitieslists/ListOfSecurities.xlsx,2026-07-29
01111.HK,HUASHI GROUP,HKEX,待分类,01111.HK,,上市,,https://www.hkex.com.hk/eng/services/trading/securities/securitieslists/ListOfSecurities.xlsx,2026-07-29
01112.HK,H&H INTL HLDG,HKEX,待分类,01112.HK,,上市,,https://www.hkex.com.hk/eng/services/trading/securities/securitieslists/ListOfSecurities.xlsx,2026-07-29
01113.HK,CK ASSET,HKEX,待分类,01113.HK,,上市,,https://www.hkex.com.hk/eng/services/trading/securities/securitieslists/ListOfSecurities.xlsx,2026-07-29
01114.HK,BRILLIANCE CHI,HKEX,待分类,01114.HK,,上市,,https://www.hkex.com.hk/eng/services/trading/securities/securitieslists/ListOfSecurities.xlsx,2026-07-29
01115.HK,5100 XIZANG,HKEX,待分类,01115.HK,,上市,,https://www.hkex.com.hk/eng/services/trading/securities/securitieslists/ListOfSecurities.xlsx,2026-07-29
01116.HK,HC TECH GP,HKEX,待分类,01116.HK,,上市,,https://www.hkex.com.hk/eng/services/trading/securities/securitieslists/ListOfSecurities.xlsx,2026-07-29
01117.HK,CH MODERN D,HKEX,待分类,01117.HK,,上市,,https://www.hkex.com.hk/eng/services/trading/securities/securitieslists/ListOfSecurities.xlsx,2026-07-29
01118.HK,GOLIK HOLDINGS,HKEX,待分类,01118.HK,,上市,,https://www.hkex.com.hk/eng/services/trading/securities/securitieslists/ListOfSecurities.xlsx,2026-07-29
01119.HK,IDREAMSKY,HKEX,待分类,01119.HK,,上市,,https://www.hkex.com.hk/eng/services/trading/securities/securitieslists/ListOfSecurities.xlsx,2026-07-29
01120.HK,ARTS OPTICAL,HKEX,待分类,01120.HK,,上市,,https://www.hkex.com.hk/eng/services/trading/securities/securitieslists/ListOfSecurities.xlsx,2026-07-29
01121.HK,GOLDENSOLAR,HKEX,待分类,01121.HK,,上市,,https://www.hkex.com.hk/eng/services/trading/securities/securitieslists/ListOfSecurities.xlsx,2026-07-29
01122.HK,QINGLING MOTORS,HKEX,待分类,01122.HK,,上市,,https://www.hkex.com.hk/eng/services/trading/securities/securitieslists/ListOfSecurities.xlsx,2026-07-29
01123.HK,CHINA-HK PHOTO,HKEX,待分类,01123.HK,,上市,,https://www.hkex.com.hk/eng/services/trading/securities/securitieslists/ListOfSecurities.xlsx,2026-07-29
01124.HK,COASTAL GL,HKEX,待分类,01124.HK,,上市,,https://www.hkex.com.hk/eng/services/trading/securities/securitieslists/ListOfSecurities.xlsx,2026-07-29
01125.HK,LAI FUNG HOLD,HKEX,待分类,01125.HK,,上市,,https://www.hkex.com.hk/eng/services/trading/securities/securitieslists/ListOfSecurities.xlsx,2026-07-29
01126.HK,DREAM INT'L,HKEX,待分类,01126.HK,,上市,,https://www.hkex.com.hk/eng/services/trading/securities/securitieslists/ListOfSecurities.xlsx,2026-07-29
01127.HK,LION ROCK GROUP,HKEX,待分类,01127.HK,,上市,,https://www.hkex.com.hk/eng/services/trading/securities/securitieslists/ListOfSecurities.xlsx,2026-07-29
01128.HK,WYNN MACAU,HKEX,待分类,01128.HK,,上市,,https://www.hkex.com.hk/eng/services/trading/securities/securitieslists/ListOfSecurities.xlsx,2026-07-29
01129.HK,WATER INDUSTRY,HKEX,待分类,01129.HK,,上市,,https://www.hkex.com.hk/eng/services/trading/securities/securitieslists/ListOfSecurities.xlsx,2026-07-29
01130.HK,CHINA ENV RES,HKEX,待分类,01130.HK,,上市,,https://www.hkex.com.hk/eng/services/trading/securities/securitieslists/ListOfSecurities.xlsx,2026-07-29
01132.HK,ORANGE SKY G H,HKEX,待分类,01132.HK,,上市,,https://www.hkex.com.hk/eng/services/trading/securities/securitieslists/ListOfSecurities.xlsx,2026-07-29
01133.HK,HARBIN ELECTRIC,HKEX,待分类,01133.HK,,上市,,https://www.hkex.com.hk/eng/services/trading/securities/securitieslists/ListOfSecurities.xlsx,2026-07-29
01134.HK,KELFRED,HKEX,待分类,01134.HK,,上市,,https://www.hkex.com.hk/eng/services/trading/securities/securitieslists/ListOfSecurities.xlsx,2026-07-29
01137.HK,HK TECH VENTURE,HKEX,待分类,01137.HK,,上市,,https://www.hkex.com.hk/eng/services/trading/securities/securitieslists/ListOfSecurities.xlsx,2026-07-29
01138.HK,COSCO SHIP ENGY,HKEX,待分类,01138.HK,,上市,,https://www.hkex.com.hk/eng/services/trading/securities/securitieslists/ListOfSecurities.xlsx,2026-07-29
01141.HK,CMBC CAPITAL,HKEX,待分类,01141.HK,,上市,,https://www.hkex.com.hk/eng/services/trading/securities/securitieslists/ListOfSecurities.xlsx,2026-07-29
01142.HK,E&P GLOBAL,HKEX,待分类,01142.HK,,上市,,https://www.hkex.com.hk/eng/services/trading/securities/securitieslists/ListOfSecurities.xlsx,2026-07-29
01143.HK,CN ENGY STORAGE,HKEX,待分类,01143.HK,,上市,,https://www.hkex.com.hk/eng/services/trading/securities/securitieslists/ListOfSecurities.xlsx,2026-07-29
01145.HK,COURAGE INV,HKEX,待分类,01145.HK,,上市,,https://www.hkex.com.hk/eng/services/trading/securities/securitieslists/ListOfSecurities.xlsx,2026-07-29
01146.HK,HUICHENG INTL H,HKEX,待分类,01146.HK,,上市,,https://www.hkex.com.hk/eng/services/trading/securities/securitieslists/ListOfSecurities.xlsx,2026-07-29
01147.HK,EDENSOFT,HKEX,待分类,01147.HK,,上市,,https://www.hkex.com.hk/eng/services/trading/securities/securitieslists/ListOfSecurities.xlsx,2026-07-29
01148.HK,POWER XINCHEN,HKEX,待分类,01148.HK,,上市,,https://www.hkex.com.hk/eng/services/trading/securities/securitieslists/ListOfSecurities.xlsx,2026-07-29
01150.HK,MILAN STATION,HKEX,待分类,01150.HK,,上市,,https://www.hkex.com.hk/eng/services/trading/securities/securitieslists/ListOfSecurities.xlsx,2026-07-29
01152.HK,MOMENTUM FIN,HKEX,待分类,01152.HK,,上市,,https://www.hkex.com.hk/eng/services/trading/securities/securitieslists/ListOfSecurities.xlsx,2026-07-29
01153.HK,JIAYUAN SER,HKEX,待分类,01153.HK,,上市,,https://www.hkex.com.hk/eng/services/trading/securities/securitieslists/ListOfSecurities.xlsx,2026-07-29
01156.HK,CHINANEWENERGY,HKEX,待分类,01156.HK,,上市,,https://www.hkex.com.hk/eng/services/trading/securities/securitieslists/ListOfSecurities.xlsx,2026-07-29
01157.HK,ZOOMLION,HKEX,待分类,01157.HK,,上市,,https://www.hkex.com.hk/eng/services/trading/securities/securitieslists/ListOfSecurities.xlsx,2026-07-29
01159.HK,SMART DIGI TECH,HKEX,待分类,01159.HK,,上市,,https://www.hkex.com.hk/eng/services/trading/securities/securitieslists/ListOfSecurities.xlsx,2026-07-29
01161.HK,WATER OASIS GP,HKEX,待分类,01161.HK,,上市,,https://www.hkex.com.hk/eng/services/trading/securities/securitieslists/ListOfSecurities.xlsx,2026-07-29
01162.HK,LUMINA GROUP,HKEX,待分类,01162.HK,,上市,,https://www.hkex.com.hk/eng/services/trading/securities/securitieslists/ListOfSecurities.xlsx,2026-07-29
01163.HK,ADTIGER CORP,HKEX,待分类,01163.HK,,上市,,https://www.hkex.com.hk/eng/services/trading/securities/securitieslists/ListOfSecurities.xlsx,2026-07-29
01164.HK,CGN MINING,HKEX,待分类,01164.HK,,上市,,https://www.hkex.com.hk/eng/services/trading/securities/securitieslists/ListOfSecurities.xlsx,2026-07-29
01165.HK,SFCE,HKEX,待分类,01165.HK,,上市,,https://www.hkex.com.hk/eng/services/trading/securities/securitieslists/ListOfSecurities.xlsx,2026-07-29
01166.HK,SOLARTECH INT'L,HKEX,待分类,01166.HK,,上市,,https://www.hkex.com.hk/eng/services/trading/securities/securitieslists/ListOfSecurities.xlsx,2026-07-29
01167.HK,JACOBIO-B,HKEX,待分类,01167.HK,,上市,,https://www.hkex.com.hk/eng/services/trading/securities/securitieslists/ListOfSecurities.xlsx,2026-07-29
01168.HK,Z FIN,HKEX,待分类,01168.HK,,上市,,https://www.hkex.com.hk/eng/services/trading/securities/securitieslists/ListOfSecurities.xlsx,2026-07-29
01170.HK,KINGMAKER,HKEX,待分类,01170.HK,,上市,,https://www.hkex.com.hk/eng/services/trading/securities/securitieslists/ListOfSecurities.xlsx,2026-07-29
01171.HK,YANKUANG ENERGY,HKEX,待分类,01171.HK,,上市,,https://www.hkex.com.hk/eng/services/trading/securities/securitieslists/ListOfSecurities.xlsx,2026-07-29
01172.HK,MAGNUSCONCORDIA,HKEX,待分类,01172.HK,,上市,,https://www.hkex.com.hk/eng/services/trading/securities/securitieslists/ListOfSecurities.xlsx,2026-07-29
01173.HK,VEEKO INT'L,HKEX,待分类,01173.HK,,上市,,https://www.hkex.com.hk/eng/services/trading/securities/securitieslists/ListOfSecurities.xlsx,2026-07-29
01176.HK,ZHUGUANG HOLD,HKEX,待分类,01176.HK,,上市,,https://www.hkex.com.hk/eng/services/trading/securities/securitieslists/ListOfSecurities.xlsx,2026-07-29
01177.HK,SBP GROUP,HKEX,待分类,01177.HK,,上市,,https://www.hkex.com.hk/eng/services/trading/securities/securitieslists/ListOfSecurities.xlsx,2026-07-29
01179.HK,HWORLD-S,HKEX,待分类,01179.HK,,上市,,https://www.hkex.com.hk/eng/services/trading/securities/securitieslists/ListOfSecurities.xlsx,2026-07-29
01180.HK,PARADISE ENT,HKEX,待分类,01180.HK,,上市,,https://www.hkex.com.hk/eng/services/trading/securities/securitieslists/ListOfSecurities.xlsx,2026-07-29
01181.HK,TANG PALACE,HKEX,待分类,01181.HK,,上市,,https://www.hkex.com.hk/eng/services/trading/securities/securitieslists/ListOfSecurities.xlsx,2026-07-29
01182.HK,SUCCESS DRAGON,HKEX,待分类,01182.HK,,上市,,https://www.hkex.com.hk/eng/services/trading/securities/securitieslists/ListOfSecurities.xlsx,2026-07-29
01183.HK,MECOM POWER,HKEX,待分类,01183.HK,,上市,,https://www.hkex.com.hk/eng/services/trading/securities/securitieslists/ListOfSecurities.xlsx,2026-07-29
01184.HK,S.A.S. DRAGON,HKEX,待分类,01184.HK,,上市,,https://www.hkex.com.hk/eng/services/trading/securities/securitieslists/ListOfSecurities.xlsx,2026-07-29
01186.HK,CHINA RAIL CONS,HKEX,待分类,01186.HK,,上市,,https://www.hkex.com.hk/eng/services/trading/securities/securitieslists/ListOfSecurities.xlsx,2026-07-29
01187.HK,COFOE MEDICAL,HKEX,待分类,01187.HK,,上市,,https://www.hkex.com.hk/eng/services/trading/securities/securitieslists/ListOfSecurities.xlsx,2026-07-29
01188.HK,HYBRID KINETIC,HKEX,待分类,01188.HK,,上市,,https://www.hkex.com.hk/eng/services/trading/securities/securitieslists/ListOfSecurities.xlsx,2026-07-29
01191.HK,CREALIGHTS,HKEX,待分类,01191.HK,,上市,,https://www.hkex.com.hk/eng/services/trading/securities/securitieslists/ListOfSecurities.xlsx,2026-07-29
01193.HK,CHINA RES GAS,HKEX,待分类,01193.HK,,上市,,https://www.hkex.com.hk/eng/services/trading/securities/securitieslists/ListOfSecurities.xlsx,2026-07-29
01195.HK,KINGWELL GROUP,HKEX,待分类,01195.HK,,上市,,https://www.hkex.com.hk/eng/services/trading/securities/securitieslists/ListOfSecurities.xlsx,2026-07-29
01196.HK,REALORD TECH,HKEX,待分类,01196.HK,,上市,,https://www.hkex.com.hk/eng/services/trading/securities/securitieslists/ListOfSecurities.xlsx,2026-07-29
01198.HK,ROYALE HOME,HKEX,待分类,01198.HK,,上市,,https://www.hkex.com.hk/eng/services/trading/securities/securitieslists/ListOfSecurities.xlsx,2026-07-29
01199.HK,COSCO SHIP PORT,HKEX,待分类,01199.HK,,上市,,https://www.hkex.com.hk/eng/services/trading/securities/securitieslists/ListOfSecurities.xlsx,2026-07-29
01200.HK,MIDLAND HOLDING,HKEX,待分类,01200.HK,,上市,,https://www.hkex.com.hk/eng/services/trading/securities/securitieslists/ListOfSecurities.xlsx,2026-07-29
01201.HK,TESSON HOLDINGS,HKEX,待分类,01201.HK,,上市,,https://www.hkex.com.hk/eng/services/trading/securities/securitieslists/ListOfSecurities.xlsx,2026-07-29
01202.HK,SIWI SCI & TECH,HKEX,待分类,01202.HK,,上市,,https://www.hkex.com.hk/eng/services/trading/securities/securitieslists/ListOfSecurities.xlsx,2026-07-29
01203.HK,GUANGNAN (HOLD),HKEX,待分类,01203.HK,,上市,,https://www.hkex.com.hk/eng/services/trading/securities/securitieslists/ListOfSecurities.xlsx,2026-07-29
01204.HK,BOARDWARE INTEL,HKEX,待分类,01204.HK,,上市,,https://www.hkex.com.hk/eng/services/trading/securities/securitieslists/ListOfSecurities.xlsx,2026-07-29
01205.HK,CITIC RESOURCES,HKEX,待分类,01205.HK,,上市,,https://www.hkex.com.hk/eng/services/trading/securities/securitieslists/ListOfSecurities.xlsx,2026-07-29
01206.HK,TECHNOVATOR,HKEX,待分类,01206.HK,,上市,,https://www.hkex.com.hk/eng/services/trading/securities/securitieslists/ListOfSecurities.xlsx,2026-07-29
01208.HK,MMG,HKEX,待分类,01208.HK,,上市,,https://www.hkex.com.hk/eng/services/trading/securities/securitieslists/ListOfSecurities.xlsx,2026-07-29
01209.HK,CHINA RES MIXC,HKEX,待分类,01209.HK,,上市,,https://www.hkex.com.hk/eng/services/trading/securities/securitieslists/ListOfSecurities.xlsx,2026-07-29
01211.HK,BYD COMPANY,HKEX,待分类,01211.HK,,上市,,https://www.hkex.com.hk/eng/services/trading/securities/securitieslists/ListOfSecurities.xlsx,2026-07-29
01213.HK,MOBICON GROUP,HKEX,待分类,01213.HK,,上市,,https://www.hkex.com.hk/eng/services/trading/securities/securitieslists/ListOfSecurities.xlsx,2026-07-29
01215.HK,KAI YUAN HLDGS,HKEX,待分类,01215.HK,,上市,,https://www.hkex.com.hk/eng/services/trading/securities/securitieslists/ListOfSecurities.xlsx,2026-07-29
01216.HK,ZYBANK,HKEX,待分类,01216.HK,,上市,,https://www.hkex.com.hk/eng/services/trading/securities/securitieslists/ListOfSecurities.xlsx,2026-07-29
01218.HK,EASYKNIT INT'L,HKEX,待分类,01218.HK,,上市,,https://www.hkex.com.hk/eng/services/trading/securities/securitieslists/ListOfSecurities.xlsx,2026-07-29
01220.HK,ZHIDAO INT'L,HKEX,待分类,01220.HK,,上市,,https://www.hkex.com.hk/eng/services/trading/securities/securitieslists/ListOfSecurities.xlsx,2026-07-29
01221.HK,SINO HOTELS,HKEX,待分类,01221.HK,,上市,,https://www.hkex.com.hk/eng/services/trading/securities/securitieslists/ListOfSecurities.xlsx,2026-07-29
01222.HK,WANG ON GROUP,HKEX,待分类,01222.HK,,上市,,https://www.hkex.com.hk/eng/services/trading/securities/securitieslists/ListOfSecurities.xlsx,2026-07-29
01223.HK,SYMPHONY HOLD,HKEX,待分类,01223.HK,,上市,,https://www.hkex.com.hk/eng/services/trading/securities/securitieslists/ListOfSecurities.xlsx,2026-07-29
01224.HK,C C LAND,HKEX,待分类,01224.HK,,上市,,https://www.hkex.com.hk/eng/services/trading/securities/securitieslists/ListOfSecurities.xlsx,2026-07-29
01225.HK,LERADO FIN,HKEX,待分类,01225.HK,,上市,,https://www.hkex.com.hk/eng/services/trading/securities/securitieslists/ListOfSecurities.xlsx,2026-07-29
01228.HK,CANBRIDGE-B,HKEX,待分类,01228.HK,,上市,,https://www.hkex.com.hk/eng/services/trading/securities/securitieslists/ListOfSecurities.xlsx,2026-07-29
01229.HK,NAN NAN RES,HKEX,待分类,01229.HK,,上市,,https://www.hkex.com.hk/eng/services/trading/securities/securitieslists/ListOfSecurities.xlsx,2026-07-29
01231.HK,NEWTON RES,HKEX,待分类,01231.HK,,上市,,https://www.hkex.com.hk/eng/services/trading/securities/securitieslists/ListOfSecurities.xlsx,2026-07-29
01232.HK,GW TIANDI,HKEX,待分类,01232.HK,,上市,,https://www.hkex.com.hk/eng/services/trading/securities/securitieslists/ListOfSecurities.xlsx,2026-07-29
01233.HK,TIMES CHINA,HKEX,待分类,01233.HK,,上市,,https://www.hkex.com.hk/eng/services/trading/securities/securitieslists/ListOfSecurities.xlsx,2026-07-29
01234.HK,CHINA LILANG,HKEX,待分类,01234.HK,,上市,,https://www.hkex.com.hk/eng/services/trading/securities/securitieslists/ListOfSecurities.xlsx,2026-07-29
01235.HK,TRAVEL EXPERT,HKEX,待分类,01235.HK,,上市,,https://www.hkex.com.hk/eng/services/trading/securities/securitieslists/ListOfSecurities.xlsx,2026-07-29
01236.HK,LDROBOT,HKEX,待分类,01236.HK,,上市,,https://www.hkex.com.hk/eng/services/trading/securities/securitieslists/ListOfSecurities.xlsx,2026-07-29
01237.HK,CH ENV TECH&BIO,HKEX,待分类,01237.HK,,上市,,https://www.hkex.com.hk/eng/services/trading/securities/securitieslists/ListOfSecurities.xlsx,2026-07-29
01238.HK,POWERLONG,HKEX,待分类,01238.HK,,上市,,https://www.hkex.com.hk/eng/services/trading/securities/securitieslists/ListOfSecurities.xlsx,2026-07-29
01239.HK,TEAMWAY INTL GP,HKEX,待分类,01239.HK,,上市,,https://www.hkex.com.hk/eng/services/trading/securities/securitieslists/ListOfSecurities.xlsx,2026-07-29
01240.HK,CNQC INT'L,HKEX,待分类,01240.HK,,上市,,https://www.hkex.com.hk/eng/services/trading/securities/securitieslists/ListOfSecurities.xlsx,2026-07-29
01241.HK,SHUANGHUA H,HKEX,待分类,01241.HK,,上市,,https://www.hkex.com.hk/eng/services/trading/securities/securitieslists/ListOfSecurities.xlsx,2026-07-29
01243.HK,WANG ON PPT,HKEX,待分类,01243.HK,,上市,,https://www.hkex.com.hk/eng/services/trading/securities/securitieslists/ListOfSecurities.xlsx,2026-07-29
01244.HK,3D MEDICINES,HKEX,待分类,01244.HK,,上市,,https://www.hkex.com.hk/eng/services/trading/securities/securitieslists/ListOfSecurities.xlsx,2026-07-29
01245.HK,NIRAKU,HKEX,待分类,01245.HK,,上市,,https://www.hkex.com.hk/eng/services/trading/securities/securitieslists/ListOfSecurities.xlsx,2026-07-29
01246.HK,BOILLHEALTHCARE,HKEX,待分类,01246.HK,,上市,,https://www.hkex.com.hk/eng/services/trading/securities/securitieslists/ListOfSecurities.xlsx,2026-07-29
01247.HK,MIKO INTL,HKEX,待分类,01247.HK,,上市,,https://www.hkex.com.hk/eng/services/trading/securities/securitieslists/ListOfSecurities.xlsx,2026-07-29
01250.HK,SDHS NEW ENERGY,HKEX,待分类,01250.HK,,上市,,https://www.hkex.com.hk/eng/services/trading/securities/securitieslists/ListOfSecurities.xlsx,2026-07-29
01251.HK,SPT ENERGY,HKEX,待分类,01251.HK,,上市,,https://www.hkex.com.hk/eng/services/trading/securities/securitieslists/ListOfSecurities.xlsx,2026-07-29
01252.HK,CHINA TIANRUI,HKEX,待分类,01252.HK,,上市,,https://www.hkex.com.hk/eng/services/trading/securities/securitieslists/ListOfSecurities.xlsx,2026-07-29
01253.HK,GREEN BROAD,HKEX,待分类,01253.HK,,上市,,https://www.hkex.com.hk/eng/services/trading/securities/securitieslists/ListOfSecurities.xlsx,2026-07-29
01255.HK,TATA HEALTH,HKEX,待分类,01255.HK,,上市,,https://www.hkex.com.hk/eng/services/trading/securities/securitieslists/ListOfSecurities.xlsx,2026-07-29
01257.HK,CEB GREENTECH,HKEX,待分类,01257.HK,,上市,,https://www.hkex.com.hk/eng/services/trading/securities/securitieslists/ListOfSecurities.xlsx,2026-07-29
01258.HK,CHINFMINING,HKEX,待分类,01258.HK,,上市,,https://www.hkex.com.hk/eng/services/trading/securities/securitieslists/ListOfSecurities.xlsx,2026-07-29
01259.HK,PROSPER FUTURE,HKEX,待分类,01259.HK,,上市,,https://www.hkex.com.hk/eng/services/trading/securities/securitieslists/ListOfSecurities.xlsx,2026-07-29
01260.HK,WONDERFUL SKY,HKEX,待分类,01260.HK,,上市,,https://www.hkex.com.hk/eng/services/trading/securities/securitieslists/ListOfSecurities.xlsx,2026-07-29
01262.HK,LABIXIAOXIN,HKEX,待分类,01262.HK,,上市,,https://www.hkex.com.hk/eng/services/trading/securities/securitieslists/ListOfSecurities.xlsx,2026-07-29
01265.HK,TIANJINJINRAN,HKEX,待分类,01265.HK,,上市,,https://www.hkex.com.hk/eng/services/trading/securities/securitieslists/ListOfSecurities.xlsx,2026-07-29
01268.HK,MEIDONG AUTO,HKEX,待分类,01268.HK,,上市,,https://www.hkex.com.hk/eng/services/trading/securities/securitieslists/ListOfSecurities.xlsx,2026-07-29
01269.HK,FIRST CAP GP,HKEX,待分类,01269.HK,,上市,,https://www.hkex.com.hk/eng/services/trading/securities/securitieslists/ListOfSecurities.xlsx,2026-07-29
01270.HK,LANGHAM-SS,HKEX,待分类,01270.HK,,上市,,https://www.hkex.com.hk/eng/services/trading/securities/securitieslists/ListOfSecurities.xlsx,2026-07-29
01271.HK,GRAND MING,HKEX,待分类,01271.HK,,上市,,https://www.hkex.com.hk/eng/services/trading/securities/securitieslists/ListOfSecurities.xlsx,2026-07-29
01272.HK,DATANG ENVIRO,HKEX,待分类,01272.HK,,上市,,https://www.hkex.com.hk/eng/services/trading/securities/securitieslists/ListOfSecurities.xlsx,2026-07-29
01273.HK,HK FINANCE GP,HKEX,待分类,01273.HK,,上市,,https://www.hkex.com.hk/eng/services/trading/securities/securitieslists/ListOfSecurities.xlsx,2026-07-29
01274.HK,IMOTIONTECH,HKEX,待分类,01274.HK,,上市,,https://www.hkex.com.hk/eng/services/trading/securities/securitieslists/ListOfSecurities.xlsx,2026-07-29
01276.HK,HENGRUI PHARMA,HKEX,待分类,01276.HK,,上市,,https://www.hkex.com.hk/eng/services/trading/securities/securitieslists/ListOfSecurities.xlsx,2026-07-29
01277.HK,KINETIC DEV,HKEX,待分类,01277.HK,,上市,,https://www.hkex.com.hk/eng/services/trading/securities/securitieslists/ListOfSecurities.xlsx,2026-07-29
01278.HK,CHINANEWTOWN,HKEX,待分类,01278.HK,,上市,,https://www.hkex.com.hk/eng/services/trading/securities/securitieslists/ListOfSecurities.xlsx,2026-07-29
01280.HK,QIDIAN GUOFENG,HKEX,待分类,01280.HK,,上市,,https://www.hkex.com.hk/eng/services/trading/securities/securitieslists/ListOfSecurities.xlsx,2026-07-29
01281.HK,XINDA INV HLDGS,HKEX,待分类,01281.HK,,上市,,https://www.hkex.com.hk/eng/services/trading/securities/securitieslists/ListOfSecurities.xlsx,2026-07-29
01282.HK,RENZE HARVEST,HKEX,待分类,01282.HK,,上市,,https://www.hkex.com.hk/eng/services/trading/securities/securitieslists/ListOfSecurities.xlsx,2026-07-29
01283.HK,ACCEL GROUP,HKEX,待分类,01283.HK,,上市,,https://www.hkex.com.hk/eng/services/trading/securities/securitieslists/ListOfSecurities.xlsx,2026-07-29
01284.HK,NEW MEDIA LAB,HKEX,待分类,01284.HK,,上市,,https://www.hkex.com.hk/eng/services/trading/securities/securitieslists/ListOfSecurities.xlsx,2026-07-29
01285.HK,JIASHILI GP,HKEX,待分类,01285.HK,,上市,,https://www.hkex.com.hk/eng/services/trading/securities/securitieslists/ListOfSecurities.xlsx,2026-07-29
01286.HK,IMPRO PRECISION,HKEX,待分类,01286.HK,,上市,,https://www.hkex.com.hk/eng/services/trading/securities/securitieslists/ListOfSecurities.xlsx,2026-07-29
01288.HK,ABC,HKEX,待分类,01288.HK,,上市,,https://www.hkex.com.hk/eng/services/trading/securities/securitieslists/ListOfSecurities.xlsx,2026-07-29
01289.HK,SUNLIT SCI,HKEX,待分类,01289.HK,,上市,,https://www.hkex.com.hk/eng/services/trading/securities/securitieslists/ListOfSecurities.xlsx,2026-07-29
01290.HK,CHINA HUIRONG,HKEX,待分类,01290.HK,,上市,,https://www.hkex.com.hk/eng/services/trading/securities/securitieslists/ListOfSecurities.xlsx,2026-07-29
01292.HK,CMA LOGISTICS,HKEX,待分类,01292.HK,,上市,,https://www.hkex.com.hk/eng/services/trading/securities/securitieslists/ListOfSecurities.xlsx,2026-07-29
01293.HK,GRAND BAOXIN,HKEX,待分类,01293.HK,,上市,,https://www.hkex.com.hk/eng/services/trading/securities/securitieslists/ListOfSecurities.xlsx,2026-07-29
01298.HK,YUNNAN ENERGY,HKEX,待分类,01298.HK,,上市,,https://www.hkex.com.hk/eng/services/trading/securities/securitieslists/ListOfSecurities.xlsx,2026-07-29
01299.HK,AIA,HKEX,待分类,01299.HK,,上市,,https://www.hkex.com.hk/eng/services/trading/securities/securitieslists/ListOfSecurities.xlsx,2026-07-29
01300.HK,TRIGIANT,HKEX,待分类,01300.HK,,上市,,https://www.hkex.com.hk/eng/services/trading/securities/securitieslists/ListOfSecurities.xlsx,2026-07-29
01301.HK,D&G TECH,HKEX,待分类,01301.HK,,上市,,https://www.hkex.com.hk/eng/services/trading/securities/securitieslists/ListOfSecurities.xlsx,2026-07-29
01302.HK,LIFETECH SCI,HKEX,待分类,01302.HK,,上市,,https://www.hkex.com.hk/eng/services/trading/securities/securitieslists/ListOfSecurities.xlsx,2026-07-29
01303.HK,HUILI RES,HKEX,待分类,01303.HK,,上市,,https://www.hkex.com.hk/eng/services/trading/securities/securitieslists/ListOfSecurities.xlsx,2026-07-29
01304.HK,FORTIOR,HKEX,待分类,01304.HK,,上市,,https://www.hkex.com.hk/eng/services/trading/securities/securitieslists/ListOfSecurities.xlsx,2026-07-29
01305.HK,WAI CHI HOLD,HKEX,待分类,01305.HK,,上市,,https://www.hkex.com.hk/eng/services/trading/securities/securitieslists/ListOfSecurities.xlsx,2026-07-29
01308.HK,SITC,HKEX,待分类,01308.HK,,上市,,https://www.hkex.com.hk/eng/services/trading/securities/securitieslists/ListOfSecurities.xlsx,2026-07-29
01310.HK,HKBN,HKEX,待分类,01310.HK,,上市,,https://www.hkex.com.hk/eng/services/trading/securities/securitieslists/ListOfSecurities.xlsx,2026-07-29
01312.HK,KONTA CHINA,HKEX,待分类,01312.HK,,上市,,https://www.hkex.com.hk/eng/services/trading/securities/securitieslists/ListOfSecurities.xlsx,2026-07-29
01313.HK,CR BLDG MAT TEC,HKEX,待分类,01313.HK,,上市,,https://www.hkex.com.hk/eng/services/trading/securities/securitieslists/ListOfSecurities.xlsx,2026-07-29
01314.HK,TSUI WAH HLDG,HKEX,待分类,01314.HK,,上市,,https://www.hkex.com.hk/eng/services/trading/securities/securitieslists/ListOfSecurities.xlsx,2026-07-29
01315.HK,GREEN ECONOMY,HKEX,待分类,01315.HK,,上市,,https://www.hkex.com.hk/eng/services/trading/securities/securitieslists/ListOfSecurities.xlsx,2026-07-29
01316.HK,NEXTEER,HKEX,待分类,01316.HK,,上市,,https://www.hkex.com.hk/eng/services/trading/securities/securitieslists/ListOfSecurities.xlsx,2026-07-29
01317.HK,MAPLELEAF EDU,HKEX,待分类,01317.HK,,上市,,https://www.hkex.com.hk/eng/services/trading/securities/securitieslists/ListOfSecurities.xlsx,2026-07-29
01318.HK,MAO GEPING,HKEX,待分类,01318.HK,,上市,,https://www.hkex.com.hk/eng/services/trading/securities/securitieslists/ListOfSecurities.xlsx,2026-07-29
01319.HK,OIWAHPAWN,HKEX,待分类,01319.HK,,上市,,https://www.hkex.com.hk/eng/services/trading/securities/securitieslists/ListOfSecurities.xlsx,2026-07-29
01321.HK,CHINA NEWCITY,HKEX,待分类,01321.HK,,上市,,https://www.hkex.com.hk/eng/services/trading/securities/securitieslists/ListOfSecurities.xlsx,2026-07-29
01323.HK,HUASHENG INTL,HKEX,待分类,01323.HK,,上市,,https://www.hkex.com.hk/eng/services/trading/securities/securitieslists/ListOfSecurities.xlsx,2026-07-29
01326.HK,TRANSMIT ENT,HKEX,待分类,01326.HK,,上市,,https://www.hkex.com.hk/eng/services/trading/securities/securitieslists/ListOfSecurities.xlsx,2026-07-29
01327.HK,LUXXU GROUP,HKEX,待分类,01327.HK,,上市,,https://www.hkex.com.hk/eng/services/trading/securities/securitieslists/ListOfSecurities.xlsx,2026-07-29
01328.HK,GOLDSTREAM INV,HKEX,待分类,01328.HK,,上市,,https://www.hkex.com.hk/eng/services/trading/securities/securitieslists/ListOfSecurities.xlsx,2026-07-29
01330.HK,DYNAGREEN ENV,HKEX,待分类,01330.HK,,上市,,https://www.hkex.com.hk/eng/services/trading/securities/securitieslists/ListOfSecurities.xlsx,2026-07-29
01332.HK,TOUYUN BIOTECH,HKEX,待分类,01332.HK,,上市,,https://www.hkex.com.hk/eng/services/trading/securities/securitieslists/ListOfSecurities.xlsx,2026-07-29
01333.HK,BRETON,HKEX,待分类,01333.HK,,上市,,https://www.hkex.com.hk/eng/services/trading/securities/securitieslists/ListOfSecurities.xlsx,2026-07-29
01334.HK,RUICHANG INTL,HKEX,待分类,01334.HK,,上市,,https://www.hkex.com.hk/eng/services/trading/securities/securitieslists/ListOfSecurities.xlsx,2026-07-29
01335.HK,SHEEN TAI,HKEX,待分类,01335.HK,,上市,,https://www.hkex.com.hk/eng/services/trading/securities/securitieslists/ListOfSecurities.xlsx,2026-07-29
01336.HK,NCI,HKEX,待分类,01336.HK,,上市,,https://www.hkex.com.hk/eng/services/trading/securities/securitieslists/ListOfSecurities.xlsx,2026-07-29
01338.HK,BAWANG GROUP,HKEX,待分类,01338.HK,,上市,,https://www.hkex.com.hk/eng/services/trading/securities/securitieslists/ListOfSecurities.xlsx,2026-07-29
01339.HK,PICC GROUP,HKEX,待分类,01339.HK,,上市,,https://www.hkex.com.hk/eng/services/trading/securities/securitieslists/ListOfSecurities.xlsx,2026-07-29
01340.HK,HUISHENG I-NEW,HKEX,待分类,01340.HK,,上市,,https://www.hkex.com.hk/eng/services/trading/securities/securitieslists/ListOfSecurities.xlsx,2026-07-29
01341.HK,HAO TIAN INTL,HKEX,待分类,01341.HK,,上市,,https://www.hkex.com.hk/eng/services/trading/securities/securitieslists/ListOfSecurities.xlsx,2026-07-29
01343.HK,WEI YUAN HLDG,HKEX,待分类,01343.HK,,上市,,https://www.hkex.com.hk/eng/services/trading/securities/securitieslists/ListOfSecurities.xlsx,2026-07-29
01345.HK,SH PIONEER HLDG,HKEX,待分类,01345.HK,,上市,,https://www.hkex.com.hk/eng/services/trading/securities/securitieslists/ListOfSecurities.xlsx,2026-07-29
01346.HK,LEVER STYLE,HKEX,待分类,01346.HK,,上市,,https://www.hkex.com.hk/eng/services/trading/securities/securitieslists/ListOfSecurities.xlsx,2026-07-29
01347.HK,HUA HONG GRACE,HKEX,待分类,01347.HK,,上市,,https://www.hkex.com.hk/eng/services/trading/securities/securitieslists/ListOfSecurities.xlsx,2026-07-29
01348.HK,QUALI-SMART,HKEX,待分类,01348.HK,,上市,,https://www.hkex.com.hk/eng/services/trading/securities/securitieslists/ListOfSecurities.xlsx,2026-07-29
01349.HK,FUDANZHANGJIANG,HKEX,待分类,01349.HK,,上市,,https://www.hkex.com.hk/eng/services/trading/securities/securitieslists/ListOfSecurities.xlsx,2026-07-29
01351.HK,BRIGHT FUTURE,HKEX,待分类,01351.HK,,上市,,https://www.hkex.com.hk/eng/services/trading/securities/securitieslists/ListOfSecurities.xlsx,2026-07-29
01354.HK,KINGFARPROPERTY,HKEX,待分类,01354.HK,,上市,,https://www.hkex.com.hk/eng/services/trading/securities/securitieslists/ListOfSecurities.xlsx,2026-07-29
01355.HK,BIOSYSEN,HKEX,待分类,01355.HK,,上市,,https://www.hkex.com.hk/eng/services/trading/securities/securitieslists/ListOfSecurities.xlsx,2026-07-29
01357.HK,MEITU,HKEX,待分类,01357.HK,,上市,,https://www.hkex.com.hk/eng/services/trading/securities/securitieslists/ListOfSecurities.xlsx,2026-07-29
01358.HK,PW MEDTECH,HKEX,待分类,01358.HK,,上市,,https://www.hkex.com.hk/eng/services/trading/securities/securitieslists/ListOfSecurities.xlsx,2026-07-29
01359.HK,CHINA CINDA,HKEX,待分类,01359.HK,,上市,,https://www.hkex.com.hk/eng/services/trading/securities/securitieslists/ListOfSecurities.xlsx,2026-07-29
01361.HK,361 DEGREES,HKEX,待分类,01361.HK,,上市,,https://www.hkex.com.hk/eng/services/trading/securities/securitieslists/ListOfSecurities.xlsx,2026-07-29
01362.HK,SIS MOBILE,HKEX,待分类,01362.HK,,上市,,https://www.hkex.com.hk/eng/services/trading/securities/securitieslists/ListOfSecurities.xlsx,2026-07-29
01364.HK,GUMING,HKEX,待分类,01364.HK,,上市,,https://www.hkex.com.hk/eng/services/trading/securities/securitieslists/ListOfSecurities.xlsx,2026-07-29
01368.HK,XTEP INT'L,HKEX,待分类,01368.HK,,上市,,https://www.hkex.com.hk/eng/services/trading/securities/securitieslists/ListOfSecurities.xlsx,2026-07-29
01370.HK,AOWEI HOLDING,HKEX,待分类,01370.HK,,上市,,https://www.hkex.com.hk/eng/services/trading/securities/securitieslists/ListOfSecurities.xlsx,2026-07-29
01371.HK,CN ECOTOUR-NEW,HKEX,待分类,01371.HK,,上市,,https://www.hkex.com.hk/eng/services/trading/securities/securitieslists/ListOfSecurities.xlsx,2026-07-29
01372.HK,C CARBONNEUTRAL,HKEX,待分类,01372.HK,,上市,,https://www.hkex.com.hk/eng/services/trading/securities/securitieslists/ListOfSecurities.xlsx,2026-07-29
01373.HK,IH RETAIL,HKEX,待分类,01373.HK,,上市,,https://www.hkex.com.hk/eng/services/trading/securities/securitieslists/ListOfSecurities.xlsx,2026-07-29
01375.HK,CC SECURITIES,HKEX,待分类,01375.HK,,上市,,https://www.hkex.com.hk/eng/services/trading/securities/securitieslists/ListOfSecurities.xlsx,2026-07-29
01376.HK,RAFFLESINTERIOR,HKEX,待分类,01376.HK,,上市,,https://www.hkex.com.hk/eng/services/trading/securities/securitieslists/ListOfSecurities.xlsx,2026-07-29
01377.HK,DTECH,HKEX,待分类,01377.HK,,上市,,https://www.hkex.com.hk/eng/services/trading/securities/securitieslists/ListOfSecurities.xlsx,2026-07-29
01378.HK,CHINAHONGQIAO,HKEX,待分类,01378.HK,,上市,,https://www.hkex.com.hk/eng/services/trading/securities/securitieslists/ListOfSecurities.xlsx,2026-07-29
01379.HK,WENLING MCT,HKEX,待分类,01379.HK,,上市,,https://www.hkex.com.hk/eng/services/trading/securities/securitieslists/ListOfSecurities.xlsx,2026-07-29
01380.HK,CHI KINGSTONE,HKEX,待分类,01380.HK,,上市,,https://www.hkex.com.hk/eng/services/trading/securities/securitieslists/ListOfSecurities.xlsx,2026-07-29
01382.HK,PACIFICTEXTILES,HKEX,待分类,01382.HK,,上市,,https://www.hkex.com.hk/eng/services/trading/securities/securitieslists/ListOfSecurities.xlsx,2026-07-29
01384.HK,DEEPEXI TECH,HKEX,待分类,01384.HK,,上市,,https://www.hkex.com.hk/eng/services/trading/securities/securitieslists/ListOfSecurities.xlsx,2026-07-29
01385.HK,SHANGHAI FUDAN,HKEX,待分类,01385.HK,,上市,,https://www.hkex.com.hk/eng/services/trading/securities/securitieslists/ListOfSecurities.xlsx,2026-07-29
01388.HK,EMBRY HOLDINGS,HKEX,待分类,01388.HK,,上市,,https://www.hkex.com.hk/eng/services/trading/securities/securitieslists/ListOfSecurities.xlsx,2026-07-29
01389.HK,MAJOR HLDGS,HKEX,待分类,01389.HK,,上市,,https://www.hkex.com.hk/eng/services/trading/securities/securitieslists/ListOfSecurities.xlsx,2026-07-29
01392.HK,HQVT,HKEX,待分类,01392.HK,,上市,,https://www.hkex.com.hk/eng/services/trading/securities/securitieslists/ListOfSecurities.xlsx,2026-07-29
01393.HK,HIDILI INDUSTRY,HKEX,待分类,01393.HK,,上市,,https://www.hkex.com.hk/eng/services/trading/securities/securitieslists/ListOfSecurities.xlsx,2026-07-29
01395.HK,ELL ENV,HKEX,待分类,01395.HK,,上市,,https://www.hkex.com.hk/eng/services/trading/securities/securitieslists/ListOfSecurities.xlsx,2026-07-29
01396.HK,GBA AI COMP,HKEX,待分类,01396.HK,,上市,,https://www.hkex.com.hk/eng/services/trading/securities/securitieslists/ListOfSecurities.xlsx,2026-07-29
01397.HK,BAGUIO GREEN,HKEX,待分类,01397.HK,,上市,,https://www.hkex.com.hk/eng/services/trading/securities/securitieslists/ListOfSecurities.xlsx,2026-07-29
01398.HK,ICBC,HKEX,待分类,01398.HK,,上市,,https://www.hkex.com.hk/eng/services/trading/securities/securitieslists/ListOfSecurities.xlsx,2026-07-29
01399.HK,VESON HLDG,HKEX,待分类,01399.HK,,上市,,https://www.hkex.com.hk/eng/services/trading/securities/securitieslists/ListOfSecurities.xlsx,2026-07-29
01400.HK,MOODY TECH HLDG,HKEX,待分类,01400.HK,,上市,,https://www.hkex.com.hk/eng/services/trading/securities/securitieslists/ListOfSecurities.xlsx,2026-07-29
01401.HK,FUTURE MACH LTD,HKEX,待分类,01401.HK,,上市,,https://www.hkex.com.hk/eng/services/trading/securities/securitieslists/ListOfSecurities.xlsx,2026-07-29
01402.HK,I-CONTROL,HKEX,待分类,01402.HK,,上市,,https://www.hkex.com.hk/eng/services/trading/securities/securitieslists/ListOfSecurities.xlsx,2026-07-29
01405.HK,DPC DASH,HKEX,待分类,01405.HK,,上市,,https://www.hkex.com.hk/eng/services/trading/securities/securitieslists/ListOfSecurities.xlsx,2026-07-29
01406.HK,CLARITY MEDICAL,HKEX,待分类,01406.HK,,上市,,https://www.hkex.com.hk/eng/services/trading/securities/securitieslists/ListOfSecurities.xlsx,2026-07-29
01407.HK,JY GAS,HKEX,待分类,01407.HK,,上市,,https://www.hkex.com.hk/eng/services/trading/securities/securitieslists/ListOfSecurities.xlsx,2026-07-29
01408.HK,MACAU E&M,HKEX,待分类,01408.HK,,上市,,https://www.hkex.com.hk/eng/services/trading/securities/securitieslists/ListOfSecurities.xlsx,2026-07-29
01410.HK,EDVANCE INTL,HKEX,待分类,01410.HK,,上市,,https://www.hkex.com.hk/eng/services/trading/securities/securitieslists/ListOfSecurities.xlsx,2026-07-29
01412.HK,Q P GROUP,HKEX,待分类,01412.HK,,上市,,https://www.hkex.com.hk/eng/services/trading/securities/securitieslists/ListOfSecurities.xlsx,2026-07-29
01413.HK,FEG HOLDINGS,HKEX,待分类,01413.HK,,上市,,https://www.hkex.com.hk/eng/services/trading/securities/securitieslists/ListOfSecurities.xlsx,2026-07-29
01415.HK,COWELL,HKEX,待分类,01415.HK,,上市,,https://www.hkex.com.hk/eng/services/trading/securities/securitieslists/ListOfSecurities.xlsx,2026-07-29
01416.HK,CTR HOLDINGS,HKEX,待分类,01416.HK,,上市,,https://www.hkex.com.hk/eng/services/trading/securities/securitieslists/ListOfSecurities.xlsx,2026-07-29
01417.HK,RIVERINE CHINA,HKEX,待分类,01417.HK,,上市,,https://www.hkex.com.hk/eng/services/trading/securities/securitieslists/ListOfSecurities.xlsx,2026-07-29
01418.HK,SINOMAX GROUP,HKEX,待分类,01418.HK,,上市,,https://www.hkex.com.hk/eng/services/trading/securities/securitieslists/ListOfSecurities.xlsx,2026-07-29
01419.HK,HUMAN HEALTH,HKEX,待分类,01419.HK,,上市,,https://www.hkex.com.hk/eng/services/trading/securities/securitieslists/ListOfSecurities.xlsx,2026-07-29
01420.HK,CHUAN HOLDING,HKEX,待分类,01420.HK,,上市,,https://www.hkex.com.hk/eng/services/trading/securities/securitieslists/ListOfSecurities.xlsx,2026-07-29
01421.HK,PROSP GP INTL,HKEX,待分类,01421.HK,,上市,,https://www.hkex.com.hk/eng/services/trading/securities/securitieslists/ListOfSecurities.xlsx,2026-07-29
01425.HK,JUSTIN ALLEN H,HKEX,待分类,01425.HK,,上市,,https://www.hkex.com.hk/eng/services/trading/securities/securitieslists/ListOfSecurities.xlsx,2026-07-29
01427.HK,CH TIANBAO GP,HKEX,待分类,01427.HK,,上市,,https://www.hkex.com.hk/eng/services/trading/securities/securitieslists/ListOfSecurities.xlsx,2026-07-29
01428.HK,BRIGHT SMART,HKEX,待分类,01428.HK,,上市,,https://www.hkex.com.hk/eng/services/trading/securities/securitieslists/ListOfSecurities.xlsx,2026-07-29
01429.HK,SKYMISSION GP,HKEX,待分类,01429.HK,,上市,,https://www.hkex.com.hk/eng/services/trading/securities/securitieslists/ListOfSecurities.xlsx,2026-07-29
01431.HK,YST DAIRY,HKEX,待分类,01431.HK,,上市,,https://www.hkex.com.hk/eng/services/trading/securities/securitieslists/ListOfSecurities.xlsx,2026-07-29
01432.HK,CHINA SHENGMU,HKEX,待分类,01432.HK,,上市,,https://www.hkex.com.hk/eng/services/trading/securities/securitieslists/ListOfSecurities.xlsx,2026-07-29
01433.HK,CIRTEK HLDGS,HKEX,待分类,01433.HK,,上市,,https://www.hkex.com.hk/eng/services/trading/securities/securitieslists/ListOfSecurities.xlsx,2026-07-29
01440.HK,STAR SHINE HLDG,HKEX,待分类,01440.HK,,上市,,https://www.hkex.com.hk/eng/services/trading/securities/securitieslists/ListOfSecurities.xlsx,2026-07-29
01442.HK,INFINITY L&T,HKEX,待分类,01442.HK,,上市,,https://www.hkex.com.hk/eng/services/trading/securities/securitieslists/ListOfSecurities.xlsx,2026-07-29
01443.HK,FULUM GP HLDG,HKEX,待分类,01443.HK,,上市,,https://www.hkex.com.hk/eng/services/trading/securities/securitieslists/ListOfSecurities.xlsx,2026-07-29
01446.HK,HUNGFOOKTONG,HKEX,待分类,01446.HK,,上市,,https://www.hkex.com.hk/eng/services/trading/securities/securitieslists/ListOfSecurities.xlsx,2026-07-29
01447.HK,SFK,HKEX,待分类,01447.HK,,上市,,https://www.hkex.com.hk/eng/services/trading/securities/securitieslists/ListOfSecurities.xlsx,2026-07-29
01448.HK,FU SHOU YUAN,HKEX,待分类,01448.HK,,上市,,https://www.hkex.com.hk/eng/services/trading/securities/securitieslists/ListOfSecurities.xlsx,2026-07-29
01449.HK,LEADER EDU,HKEX,待分类,01449.HK,,上市,,https://www.hkex.com.hk/eng/services/trading/securities/securitieslists/ListOfSecurities.xlsx,2026-07-29
01450.HK,BE FRIENDS HLDG,HKEX,待分类,01450.HK,,上市,,https://www.hkex.com.hk/eng/services/trading/securities/securitieslists/ListOfSecurities.xlsx,2026-07-29
01451.HK,MS GROUP HLDGS,HKEX,待分类,01451.HK,,上市,,https://www.hkex.com.hk/eng/services/trading/securities/securitieslists/ListOfSecurities.xlsx,2026-07-29
01452.HK,DENOX ENV,HKEX,待分类,01452.HK,,上市,,https://www.hkex.com.hk/eng/services/trading/securities/securitieslists/ListOfSecurities.xlsx,2026-07-29
01455.HK,FOURACE IND GP,HKEX,待分类,01455.HK,,上市,,https://www.hkex.com.hk/eng/services/trading/securities/securitieslists/ListOfSecurities.xlsx,2026-07-29
01456.HK,GLMS SEC,HKEX,待分类,01456.HK,,上市,,https://www.hkex.com.hk/eng/services/trading/securities/securitieslists/ListOfSecurities.xlsx,2026-07-29
01458.HK,ZHOU HEI YA,HKEX,待分类,01458.HK,,上市,,https://www.hkex.com.hk/eng/services/trading/securities/securitieslists/ListOfSecurities.xlsx,2026-07-29
01459.HK,JUJIANG CONS,HKEX,待分类,01459.HK,,上市,,https://www.hkex.com.hk/eng/services/trading/securities/securitieslists/ListOfSecurities.xlsx,2026-07-29
01460.HK,ICO GROUP,HKEX,待分类,01460.HK,,上市,,https://www.hkex.com.hk/eng/services/trading/securities/securitieslists/ListOfSecurities.xlsx,2026-07-29
01461.HK,ZHONGTAIFUTURES,HKEX,待分类,01461.HK,,上市,,https://www.hkex.com.hk/eng/services/trading/securities/securitieslists/ListOfSecurities.xlsx,2026-07-29
01463.HK,C-LINK SQ,HKEX,待分类,01463.HK,,上市,,https://www.hkex.com.hk/eng/services/trading/securities/securitieslists/ListOfSecurities.xlsx,2026-07-29
01466.HK,BAIJIN LIFE SCI,HKEX,待分类,01466.HK,,上市,,https://www.hkex.com.hk/eng/services/trading/securities/securitieslists/ListOfSecurities.xlsx,2026-07-29
01468.HK,JAKOTA CAP-NEW,HKEX,待分类,01468.HK,,上市,,https://www.hkex.com.hk/eng/services/trading/securities/securitieslists/ListOfSecurities.xlsx,2026-07-29
01470.HK,PROSPER ONE,HKEX,待分类,01470.HK,,上市,,https://www.hkex.com.hk/eng/services/trading/securities/securitieslists/ListOfSecurities.xlsx,2026-07-29
01471.HK,ZHONGMIAO,HKEX,待分类,01471.HK,,上市,,https://www.hkex.com.hk/eng/services/trading/securities/securitieslists/ListOfSecurities.xlsx,2026-07-29
01472.HK,SANG HING HLDGS,HKEX,待分类,01472.HK,,上市,,https://www.hkex.com.hk/eng/services/trading/securities/securitieslists/ListOfSecurities.xlsx,2026-07-29
01473.HK,PANGAEA CONNECT,HKEX,待分类,01473.HK,,上市,,https://www.hkex.com.hk/eng/services/trading/securities/securitieslists/ListOfSecurities.xlsx,2026-07-29
01475.HK,NISSIN FOODS,HKEX,待分类,01475.HK,,上市,,https://www.hkex.com.hk/eng/services/trading/securities/securitieslists/ListOfSecurities.xlsx,2026-07-29
01476.HK,FIN STREET SEC,HKEX,待分类,01476.HK,,上市,,https://www.hkex.com.hk/eng/services/trading/securities/securitieslists/ListOfSecurities.xlsx,2026-07-29
01477.HK,OCUMENSION-B,HKEX,待分类,01477.HK,,上市,,https://www.hkex.com.hk/eng/services/trading/securities/securitieslists/ListOfSecurities.xlsx,2026-07-29
01478.HK,Q TECH,HKEX,待分类,01478.HK,,上市,,https://www.hkex.com.hk/eng/services/trading/securities/securitieslists/ListOfSecurities.xlsx,2026-07-29
01480.HK,YAN TAT GROUP,HKEX,待分类,01480.HK,,上市,,https://www.hkex.com.hk/eng/services/trading/securities/securitieslists/ListOfSecurities.xlsx,2026-07-29
01481.HK,SMART GLOBE,HKEX,待分类,01481.HK,,上市,,https://www.hkex.com.hk/eng/services/trading/securities/securitieslists/ListOfSecurities.xlsx,2026-07-29
01483.HK,NET-A-GO TECH,HKEX,待分类,01483.HK,,上市,,https://www.hkex.com.hk/eng/services/trading/securities/securitieslists/ListOfSecurities.xlsx,2026-07-29
01486.HK,C CHENG HLDGS,HKEX,待分类,01486.HK,,上市,,https://www.hkex.com.hk/eng/services/trading/securities/securitieslists/ListOfSecurities.xlsx,2026-07-29
01488.HK,BEST FOOD HLDG,HKEX,待分类,01488.HK,,上市,,https://www.hkex.com.hk/eng/services/trading/securities/securitieslists/ListOfSecurities.xlsx,2026-07-29
01489.HK,GC CONSTRUCTION,HKEX,待分类,01489.HK,,上市,,https://www.hkex.com.hk/eng/services/trading/securities/securitieslists/ListOfSecurities.xlsx,2026-07-29
01490.HK,AI X TECH,HKEX,待分类,01490.HK,,上市,,https://www.hkex.com.hk/eng/services/trading/securities/securitieslists/ListOfSecurities.xlsx,2026-07-29
01496.HK,AP RENTALS,HKEX,待分类,01496.HK,,上市,,https://www.hkex.com.hk/eng/services/trading/securities/securitieslists/ListOfSecurities.xlsx,2026-07-29
01497.HK,YAN PALACE,HKEX,待分类,01497.HK,,上市,,https://www.hkex.com.hk/eng/services/trading/securities/securitieslists/ListOfSecurities.xlsx,2026-07-29
01498.HK,PURAPHARM,HKEX,待分类,01498.HK,,上市,,https://www.hkex.com.hk/eng/services/trading/securities/securitieslists/ListOfSecurities.xlsx,2026-07-29
01499.HK,OKG TECH,HKEX,待分类,01499.HK,,上市,,https://www.hkex.com.hk/eng/services/trading/securities/securitieslists/ListOfSecurities.xlsx,2026-07-29
01500.HK,INCON,HKEX,待分类,01500.HK,,上市,,https://www.hkex.com.hk/eng/services/trading/securities/securitieslists/ListOfSecurities.xlsx,2026-07-29
01501.HK,INT MEDICAL,HKEX,待分类,01501.HK,,上市,,https://www.hkex.com.hk/eng/services/trading/securities/securitieslists/ListOfSecurities.xlsx,2026-07-29
01502.HK,FIN STREET PPT,HKEX,待分类,01502.HK,,上市,,https://www.hkex.com.hk/eng/services/trading/securities/securitieslists/ListOfSecurities.xlsx,2026-07-29
01508.HK,CHINA RE,HKEX,待分类,01508.HK,,上市,,https://www.hkex.com.hk/eng/services/trading/securities/securitieslists/ListOfSecurities.xlsx,2026-07-29
01511.HK,UISEE TECH,HKEX,待分类,01511.HK,,上市,,https://www.hkex.com.hk/eng/services/trading/securities/securitieslists/ListOfSecurities.xlsx,2026-07-29
01513.HK,LIVZON PHARMA,HKEX,待分类,01513.HK,,上市,,https://www.hkex.com.hk/eng/services/trading/securities/securitieslists/ListOfSecurities.xlsx,2026-07-29
01515.HK,CR MEDICAL,HKEX,待分类,01515.HK,,上市,,https://www.hkex.com.hk/eng/services/trading/securities/securitieslists/ListOfSecurities.xlsx,2026-07-29
01516.HK,SUNAC SERVICES,HKEX,待分类,01516.HK,,上市,,https://www.hkex.com.hk/eng/services/trading/securities/securitieslists/ListOfSecurities.xlsx,2026-07-29
01518.HK,NC HEALTHCARE,HKEX,待分类,01518.HK,,上市,,https://www.hkex.com.hk/eng/services/trading/securities/securitieslists/ListOfSecurities.xlsx,2026-07-29
01519.HK,J&T EXPRESS-W,HKEX,待分类,01519.HK,,上市,,https://www.hkex.com.hk/eng/services/trading/securities/securitieslists/ListOfSecurities.xlsx,2026-07-29
01520.HK,VIRTUAL MIND,HKEX,待分类,01520.HK,,上市,,https://www.hkex.com.hk/eng/services/trading/securities/securitieslists/ListOfSecurities.xlsx,2026-07-29
01521.HK,FRONTAGE,HKEX,待分类,01521.HK,,上市,,https://www.hkex.com.hk/eng/services/trading/securities/securitieslists/ListOfSecurities.xlsx,2026-07-29
01522.HK,BII TRANS TECH,HKEX,待分类,01522.HK,,上市,,https://www.hkex.com.hk/eng/services/trading/securities/securitieslists/ListOfSecurities.xlsx,2026-07-29
01523.HK,PLOVER BAY TECH,HKEX,待分类,01523.HK,,上市,,https://www.hkex.com.hk/eng/services/trading/securities/securitieslists/ListOfSecurities.xlsx,2026-07-29
01525.HK,GENCH EDU,HKEX,待分类,01525.HK,,上市,,https://www.hkex.com.hk/eng/services/trading/securities/securitieslists/ListOfSecurities.xlsx,2026-07-29
01526.HK,RICI HEALTH,HKEX,待分类,01526.HK,,上市,,https://www.hkex.com.hk/eng/services/trading/securities/securitieslists/ListOfSecurities.xlsx,2026-07-29
01527.HK,TENGY ENV,HKEX,待分类,01527.HK,,上市,,https://www.hkex.com.hk/eng/services/trading/securities/securitieslists/ListOfSecurities.xlsx,2026-07-29
01528.HK,RS MACALLINE,HKEX,待分类,01528.HK,,上市,,https://www.hkex.com.hk/eng/services/trading/securities/securitieslists/ListOfSecurities.xlsx,2026-07-29
01529.HK,YUES INTL HLDG,HKEX,待分类,01529.HK,,上市,,https://www.hkex.com.hk/eng/services/trading/securities/securitieslists/ListOfSecurities.xlsx,2026-07-29
01530.HK,3SBIO,HKEX,待分类,01530.HK,,上市,,https://www.hkex.com.hk/eng/services/trading/securities/securitieslists/ListOfSecurities.xlsx,2026-07-29
01532.HK,CHINA PARTYTIME,HKEX,待分类,01532.HK,,上市,,https://www.hkex.com.hk/eng/services/trading/securities/securitieslists/ListOfSecurities.xlsx,2026-07-29
01536.HK,YUK WING GP,HKEX,待分类,01536.HK,,上市,,https://www.hkex.com.hk/eng/services/trading/securities/securitieslists/ListOfSecurities.xlsx,2026-07-29
01538.HK,ZHONG AO HOME,HKEX,待分类,01538.HK,,上市,,https://www.hkex.com.hk/eng/services/trading/securities/securitieslists/ListOfSecurities.xlsx,2026-07-29
01539.HK,UNITY GP HLDGS,HKEX,待分类,01539.HK,,上市,,https://www.hkex.com.hk/eng/services/trading/securities/securitieslists/ListOfSecurities.xlsx,2026-07-29
01540.HK,LEFTFIELD PRINT,HKEX,待分类,01540.HK,,上市,,https://www.hkex.com.hk/eng/services/trading/securities/securitieslists/ListOfSecurities.xlsx,2026-07-29
01541.HK,IMMUNEONCO-B,HKEX,待分类,01541.HK,,上市,,https://www.hkex.com.hk/eng/services/trading/securities/securitieslists/ListOfSecurities.xlsx,2026-07-29
01542.HK,TAIZHOU WATER,HKEX,待分类,01542.HK,,上市,,https://www.hkex.com.hk/eng/services/trading/securities/securitieslists/ListOfSecurities.xlsx,2026-07-29
01543.HK,JOIN-SHARE,HKEX,待分类,01543.HK,,上市,,https://www.hkex.com.hk/eng/services/trading/securities/securitieslists/ListOfSecurities.xlsx,2026-07-29
01545.HK,DESIGN CAPITAL,HKEX,待分类,01545.HK,,上市,,https://www.hkex.com.hk/eng/services/trading/securities/securitieslists/ListOfSecurities.xlsx,2026-07-29
01546.HK,THELLOY DEV,HKEX,待分类,01546.HK,,上市,,https://www.hkex.com.hk/eng/services/trading/securities/securitieslists/ListOfSecurities.xlsx,2026-07-29
01547.HK,IBI GROUP HLDGS,HKEX,待分类,01547.HK,,上市,,https://www.hkex.com.hk/eng/services/trading/securities/securitieslists/ListOfSecurities.xlsx,2026-07-29
01548.HK,GENSCRIPT BIO,HKEX,待分类,01548.HK,,上市,,https://www.hkex.com.hk/eng/services/trading/securities/securitieslists/ListOfSecurities.xlsx,2026-07-29
01549.HK,EVER HARVEST GP,HKEX,待分类,01549.HK,,上市,,https://www.hkex.com.hk/eng/services/trading/securities/securitieslists/ListOfSecurities.xlsx,2026-07-29
01551.HK,GRCB,HKEX,待分类,01551.HK,,上市,,https://www.hkex.com.hk/eng/services/trading/securities/securitieslists/ListOfSecurities.xlsx,2026-07-29
01552.HK,BHCC HOLDING,HKEX,待分类,01552.HK,,上市,,https://www.hkex.com.hk/eng/services/trading/securities/securitieslists/ListOfSecurities.xlsx,2026-07-29
01553.HK,MAIKE TUBE,HKEX,待分类,01553.HK,,上市,,https://www.hkex.com.hk/eng/services/trading/securities/securitieslists/ListOfSecurities.xlsx,2026-07-29
01555.HK,MIE HOLDINGS,HKEX,待分类,01555.HK,,上市,,https://www.hkex.com.hk/eng/services/trading/securities/securitieslists/ListOfSecurities.xlsx,2026-07-29
01556.HK,CHINNEY KW,HKEX,待分类,01556.HK,,上市,,https://www.hkex.com.hk/eng/services/trading/securities/securitieslists/ListOfSecurities.xlsx,2026-07-29
01557.HK,K.H. GP HLDGS,HKEX,待分类,01557.HK,,上市,,https://www.hkex.com.hk/eng/services/trading/securities/securitieslists/ListOfSecurities.xlsx,2026-07-29
01559.HK,KWAN ON HLDGS,HKEX,待分类,01559.HK,,上市,,https://www.hkex.com.hk/eng/services/trading/securities/securitieslists/ListOfSecurities.xlsx,2026-07-29
01560.HK,STAR GROUP ASIA,HKEX,待分类,01560.HK,,上市,,https://www.hkex.com.hk/eng/services/trading/securities/securitieslists/ListOfSecurities.xlsx,2026-07-29
01561.HK,PAN ASIA DATA H,HKEX,待分类,01561.HK,,上市,,https://www.hkex.com.hk/eng/services/trading/securities/securitieslists/ListOfSecurities.xlsx,2026-07-29
01563.HK,ALLI INTL ED LE,HKEX,待分类,01563.HK,,上市,,https://www.hkex.com.hk/eng/services/trading/securities/securitieslists/ListOfSecurities.xlsx,2026-07-29
01565.HK,VIRSCEND EDU,HKEX,待分类,01565.HK,,上市,,https://www.hkex.com.hk/eng/services/trading/securities/securitieslists/ListOfSecurities.xlsx,2026-07-29
01566.HK,CA CULTURAL,HKEX,待分类,01566.HK,,上市,,https://www.hkex.com.hk/eng/services/trading/securities/securitieslists/ListOfSecurities.xlsx,2026-07-29
01568.HK,SUNDART HLDGS,HKEX,待分类,01568.HK,,上市,,https://www.hkex.com.hk/eng/services/trading/securities/securitieslists/ListOfSecurities.xlsx,2026-07-29
01569.HK,MINSHENG EDU,HKEX,待分类,01569.HK,,上市,,https://www.hkex.com.hk/eng/services/trading/securities/securitieslists/ListOfSecurities.xlsx,2026-07-29
01570.HK,WEIYE HOLDINGS,HKEX,待分类,01570.HK,,上市,,https://www.hkex.com.hk/eng/services/trading/securities/securitieslists/ListOfSecurities.xlsx,2026-07-29
01571.HK,XIN POINT HOLD,HKEX,待分类,01571.HK,,上市,,https://www.hkex.com.hk/eng/services/trading/securities/securitieslists/ListOfSecurities.xlsx,2026-07-29
01572.HK,CHINA ART FIN,HKEX,待分类,01572.HK,,上市,,https://www.hkex.com.hk/eng/services/trading/securities/securitieslists/ListOfSecurities.xlsx,2026-07-29
01575.HK,REGAL PARTNERS,HKEX,待分类,01575.HK,,上市,,https://www.hkex.com.hk/eng/services/trading/securities/securitieslists/ListOfSecurities.xlsx,2026-07-29
01576.HK,QILU EXPRESSWAY,HKEX,待分类,01576.HK,,上市,,https://www.hkex.com.hk/eng/services/trading/securities/securitieslists/ListOfSecurities.xlsx,2026-07-29
01577.HK,HUIXIN CREDIT,HKEX,待分类,01577.HK,,上市,,https://www.hkex.com.hk/eng/services/trading/securities/securitieslists/ListOfSecurities.xlsx,2026-07-29
01578.HK,BANK OF TIANJIN,HKEX,待分类,01578.HK,,上市,,https://www.hkex.com.hk/eng/services/trading/securities/securitieslists/ListOfSecurities.xlsx,2026-07-29
01579.HK,YIHAI INTL,HKEX,待分类,01579.HK,,上市,,https://www.hkex.com.hk/eng/services/trading/securities/securitieslists/ListOfSecurities.xlsx,2026-07-29
01580.HK,DA SEN HLDGS,HKEX,待分类,01580.HK,,上市,,https://www.hkex.com.hk/eng/services/trading/securities/securitieslists/ListOfSecurities.xlsx,2026-07-29
01581.HK,PROGRESSIVE P,HKEX,待分类,01581.HK,,上市,,https://www.hkex.com.hk/eng/services/trading/securities/securitieslists/ListOfSecurities.xlsx,2026-07-29
01582.HK,CR CONSTRUCTION,HKEX,待分类,01582.HK,,上市,,https://www.hkex.com.hk/eng/services/trading/securities/securitieslists/ListOfSecurities.xlsx,2026-07-29
01583.HK,QINQIN FOODS,HKEX,待分类,01583.HK,,上市,,https://www.hkex.com.hk/eng/services/trading/securities/securitieslists/ListOfSecurities.xlsx,2026-07-29
01585.HK,YADEA,HKEX,待分类,01585.HK,,上市,,https://www.hkex.com.hk/eng/services/trading/securities/securitieslists/ListOfSecurities.xlsx,2026-07-29
01586.HK,LEON INSPECTION,HKEX,待分类,01586.HK,,上市,,https://www.hkex.com.hk/eng/services/trading/securities/securitieslists/ListOfSecurities.xlsx,2026-07-29
01587.HK,SHINEROAD INTL,HKEX,待分类,01587.HK,,上市,,https://www.hkex.com.hk/eng/services/trading/securities/securitieslists/ListOfSecurities.xlsx,2026-07-29
01588.HK,CHANJET,HKEX,待分类,01588.HK,,上市,,https://www.hkex.com.hk/eng/services/trading/securities/securitieslists/ListOfSecurities.xlsx,2026-07-29
01591.HK,SHUN WO GROUP,HKEX,待分类,01591.HK,,上市,,https://www.hkex.com.hk/eng/services/trading/securities/securitieslists/ListOfSecurities.xlsx,2026-07-29
01592.HK,ANCHORSTONE,HKEX,待分类,01592.HK,,上市,,https://www.hkex.com.hk/eng/services/trading/securities/securitieslists/ListOfSecurities.xlsx,2026-07-29
01593.HK,CHEN LIN EDU,HKEX,待分类,01593.HK,,上市,,https://www.hkex.com.hk/eng/services/trading/securities/securitieslists/ListOfSecurities.xlsx,2026-07-29
01596.HK,YICHEN IND,HKEX,待分类,01596.HK,,上市,,https://www.hkex.com.hk/eng/services/trading/securities/securitieslists/ListOfSecurities.xlsx,2026-07-29
01597.HK,NATURE ENERGY T,HKEX,待分类,01597.HK,,上市,,https://www.hkex.com.hk/eng/services/trading/securities/securitieslists/ListOfSecurities.xlsx,2026-07-29
01598.HK,21CENTURY EDU,HKEX,待分类,01598.HK,,上市,,https://www.hkex.com.hk/eng/services/trading/securities/securitieslists/ListOfSecurities.xlsx,2026-07-29
01599.HK,UCD,HKEX,待分类,01599.HK,,上市,,https://www.hkex.com.hk/eng/services/trading/securities/securitieslists/ListOfSecurities.xlsx,2026-07-29
01600.HK,TIAN LUN GAS,HKEX,待分类,01600.HK,,上市,,https://www.hkex.com.hk/eng/services/trading/securities/securitieslists/ListOfSecurities.xlsx,2026-07-29
01601.HK,ZGC TEC LEASING,HKEX,待分类,01601.HK,,上市,,https://www.hkex.com.hk/eng/services/trading/securities/securitieslists/ListOfSecurities.xlsx,2026-07-29
01606.HK,CDB LEASING,HKEX,待分类,01606.HK,,上市,,https://www.hkex.com.hk/eng/services/trading/securities/securitieslists/ListOfSecurities.xlsx,2026-07-29
01608.HK,VPOWER GROUP,HKEX,待分类,01608.HK,,上市,,https://www.hkex.com.hk/eng/services/trading/securities/securitieslists/ListOfSecurities.xlsx,2026-07-29
01609.HK,STAR SPORTS MED,HKEX,待分类,01609.HK,,上市,,https://www.hkex.com.hk/eng/services/trading/securities/securitieslists/ListOfSecurities.xlsx,2026-07-29
01610.HK,COFCO JOYCOME,HKEX,待分类,01610.HK,,上市,,https://www.hkex.com.hk/eng/services/trading/securities/securitieslists/ListOfSecurities.xlsx,2026-07-29
01611.HK,BITFIRE GROUP,HKEX,待分类,01611.HK,,上市,,https://www.hkex.com.hk/eng/services/trading/securities/securitieslists/ListOfSecurities.xlsx,2026-07-29
01612.HK,VINCENT MED,HKEX,待分类,01612.HK,,上市,,https://www.hkex.com.hk/eng/services/trading/securities/securitieslists/ListOfSecurities.xlsx,2026-07-29
01613.HK,SYNERTONE,HKEX,待分类,01613.HK,,上市,,https://www.hkex.com.hk/eng/services/trading/securities/securitieslists/ListOfSecurities.xlsx,2026-07-29
01615.HK,AB BUILDERS,HKEX,待分类,01615.HK,,上市,,https://www.hkex.com.hk/eng/services/trading/securities/securitieslists/ListOfSecurities.xlsx,2026-07-29
01616.HK,A METAVERSE,HKEX,待分类,01616.HK,,上市,,https://www.hkex.com.hk/eng/services/trading/securities/securitieslists/ListOfSecurities.xlsx,2026-07-29
01617.HK,NANFANG COMM,HKEX,待分类,01617.HK,,上市,,https://www.hkex.com.hk/eng/services/trading/securities/securitieslists/ListOfSecurities.xlsx,2026-07-29
01618.HK,MCC,HKEX,待分类,01618.HK,,上市,,https://www.hkex.com.hk/eng/services/trading/securities/securitieslists/ListOfSecurities.xlsx,2026-07-29
01620.HK,CINESE INTL,HKEX,待分类,01620.HK,,上市,,https://www.hkex.com.hk/eng/services/trading/securities/securitieslists/ListOfSecurities.xlsx,2026-07-29
01621.HK,VICO INTL HLDGS,HKEX,待分类,01621.HK,,上市,,https://www.hkex.com.hk/eng/services/trading/securities/securitieslists/ListOfSecurities.xlsx,2026-07-29
01622.HK,REDCO GROUP,HKEX,待分类,01622.HK,,上市,,https://www.hkex.com.hk/eng/services/trading/securities/securitieslists/ListOfSecurities.xlsx,2026-07-29
01623.HK,HILONG,HKEX,待分类,01623.HK,,上市,,https://www.hkex.com.hk/eng/services/trading/securities/securitieslists/ListOfSecurities.xlsx,2026-07-29
01626.HK,JIA YAO HLDGS,HKEX,待分类,01626.HK,,上市,,https://www.hkex.com.hk/eng/services/trading/securities/securitieslists/ListOfSecurities.xlsx,2026-07-29
01627.HK,ABLE ENG HLDGS,HKEX,待分类,01627.HK,,上市,,https://www.hkex.com.hk/eng/services/trading/securities/securitieslists/ListOfSecurities.xlsx,2026-07-29
01628.HK,YUZHOU GROUP,HKEX,待分类,01628.HK,,上市,,https://www.hkex.com.hk/eng/services/trading/securities/securitieslists/ListOfSecurities.xlsx,2026-07-29
01629.HK,CHAMP ALLI INTL,HKEX,待分类,01629.HK,,上市,,https://www.hkex.com.hk/eng/services/trading/securities/securitieslists/ListOfSecurities.xlsx,2026-07-29
01630.HK,KIN SHING HLDGS,HKEX,待分类,01630.HK,,上市,,https://www.hkex.com.hk/eng/services/trading/securities/securitieslists/ListOfSecurities.xlsx,2026-07-29
01631.HK,REF HOLDINGS,HKEX,待分类,01631.HK,,上市,,https://www.hkex.com.hk/eng/services/trading/securities/securitieslists/ListOfSecurities.xlsx,2026-07-29
01632.HK,MSCTECH,HKEX,待分类,01632.HK,,上市,,https://www.hkex.com.hk/eng/services/trading/securities/securitieslists/ListOfSecurities.xlsx,2026-07-29
01633.HK,SHEUNG YUE GP,HKEX,待分类,01633.HK,,上市,,https://www.hkex.com.hk/eng/services/trading/securities/securitieslists/ListOfSecurities.xlsx,2026-07-29
01635.HK,DZUG,HKEX,待分类,01635.HK,,上市,,https://www.hkex.com.hk/eng/services/trading/securities/securitieslists/ListOfSecurities.xlsx,2026-07-29
01636.HK,CMRU,HKEX,待分类,01636.HK,,上市,,https://www.hkex.com.hk/eng/services/trading/securities/securitieslists/ListOfSecurities.xlsx,2026-07-29
01637.HK,SH GROUP HLDG,HKEX,待分类,01637.HK,,上市,,https://www.hkex.com.hk/eng/services/trading/securities/securitieslists/ListOfSecurities.xlsx,2026-07-29
01638.HK,KAISA GROUP,HKEX,待分类,01638.HK,,上市,,https://www.hkex.com.hk/eng/services/trading/securities/securitieslists/ListOfSecurities.xlsx,2026-07-29
01640.HK,QIAN XUN TECH,HKEX,待分类,01640.HK,,上市,,https://www.hkex.com.hk/eng/services/trading/securities/securitieslists/ListOfSecurities.xlsx,2026-07-29
01641.HK,HX COLDCHAIN,HKEX,待分类,01641.HK,,上市,,https://www.hkex.com.hk/eng/services/trading/securities/securitieslists/ListOfSecurities.xlsx,2026-07-29
01643.HK,MODERN CHI MED,HKEX,待分类,01643.HK,,上市,,https://www.hkex.com.hk/eng/services/trading/securities/securitieslists/ListOfSecurities.xlsx,2026-07-29
01645.HK,HAINA INTEL,HKEX,待分类,01645.HK,,上市,,https://www.hkex.com.hk/eng/services/trading/securities/securitieslists/ListOfSecurities.xlsx,2026-07-29
01647.HK,GRANDSHORES,HKEX,待分类,01647.HK,,上市,,https://www.hkex.com.hk/eng/services/trading/securities/securitieslists/ListOfSecurities.xlsx,2026-07-29
01650.HK,HYGIEIA GROUP,HKEX,待分类,01650.HK,,上市,,https://www.hkex.com.hk/eng/services/trading/securities/securitieslists/ListOfSecurities.xlsx,2026-07-29
01651.HK,TSUGAMI CHI-500,HKEX,待分类,01651.HK,,上市,,https://www.hkex.com.hk/eng/services/trading/securities/securitieslists/ListOfSecurities.xlsx,2026-07-29
01652.HK,FUSEN PHARM,HKEX,待分类,01652.HK,,上市,,https://www.hkex.com.hk/eng/services/trading/securities/securitieslists/ListOfSecurities.xlsx,2026-07-29
01653.HK,MOS HOUSE,HKEX,待分类,01653.HK,,上市,,https://www.hkex.com.hk/eng/services/trading/securities/securitieslists/ListOfSecurities.xlsx,2026-07-29
01655.HK,OKURA HOLDINGS,HKEX,待分类,01655.HK,,上市,,https://www.hkex.com.hk/eng/services/trading/securities/securitieslists/ListOfSecurities.xlsx,2026-07-29
01656.HK,ISDN HOLDINGS,HKEX,待分类,01656.HK,,上市,,https://www.hkex.com.hk/eng/services/trading/securities/securitieslists/ListOfSecurities.xlsx,2026-07-29
01657.HK,SG GROUP HLDGS,HKEX,待分类,01657.HK,,上市,,https://www.hkex.com.hk/eng/services/trading/securities/securitieslists/ListOfSecurities.xlsx,2026-07-29
01658.HK,PSBC,HKEX,待分类,01658.HK,,上市,,https://www.hkex.com.hk/eng/services/trading/securities/securitieslists/ListOfSecurities.xlsx,2026-07-29
01660.HK,SEVEN ELEMENTS,HKEX,待分类,01660.HK,,上市,,https://www.hkex.com.hk/eng/services/trading/securities/securitieslists/ListOfSecurities.xlsx,2026-07-29
01661.HK,CH FRONTIER TEC,HKEX,待分类,01661.HK,,上市,,https://www.hkex.com.hk/eng/services/trading/securities/securitieslists/ListOfSecurities.xlsx,2026-07-29
01662.HK,YEE HOP HLDGS,HKEX,待分类,01662.HK,,上市,,https://www.hkex.com.hk/eng/services/trading/securities/securitieslists/ListOfSecurities.xlsx,2026-07-29
01663.HK,S HARBOURHOLD,HKEX,待分类,01663.HK,,上市,,https://www.hkex.com.hk/eng/services/trading/securities/securitieslists/ListOfSecurities.xlsx,2026-07-29
01666.HK,TONG REN TANG,HKEX,待分类,01666.HK,,上市,,https://www.hkex.com.hk/eng/services/trading/securities/securitieslists/ListOfSecurities.xlsx,2026-07-29
01667.HK,DIMMI LIFE HLDG,HKEX,待分类,01667.HK,,上市,,https://www.hkex.com.hk/eng/services/trading/securities/securitieslists/ListOfSecurities.xlsx,2026-07-29
01668.HK,CHINASOUTHCITY,HKEX,待分类,01668.HK,,上市,,https://www.hkex.com.hk/eng/services/trading/securities/securitieslists/ListOfSecurities.xlsx,2026-07-29
01669.HK,GIC GROUP,HKEX,待分类,01669.HK,,上市,,https://www.hkex.com.hk/eng/services/trading/securities/securitieslists/ListOfSecurities.xlsx,2026-07-29
01671.HK,TIANBAO ENERGY,HKEX,待分类,01671.HK,,上市,,https://www.hkex.com.hk/eng/services/trading/securities/securitieslists/ListOfSecurities.xlsx,2026-07-29
01672.HK,ASCLETIS-B,HKEX,待分类,01672.HK,,上市,,https://www.hkex.com.hk/eng/services/trading/securities/securitieslists/ListOfSecurities.xlsx,2026-07-29
01673.HK,HUAZHANG TECH,HKEX,待分类,01673.HK,,上市,,https://www.hkex.com.hk/eng/services/trading/securities/securitieslists/ListOfSecurities.xlsx,2026-07-29
01675.HK,ASIAINFO TECH,HKEX,待分类,01675.HK,,上市,,https://www.hkex.com.hk/eng/services/trading/securities/securitieslists/ListOfSecurities.xlsx,2026-07-29
01676.HK,GAODI HOLDINGS,HKEX,待分类,01676.HK,,上市,,https://www.hkex.com.hk/eng/services/trading/securities/securitieslists/ListOfSecurities.xlsx,2026-07-29
01679.HK,RISECOMM GP,HKEX,待分类,01679.HK,,上市,,https://www.hkex.com.hk/eng/services/trading/securities/securitieslists/ListOfSecurities.xlsx,2026-07-29
01680.HK,MACAU LEGEND,HKEX,待分类,01680.HK,,上市,,https://www.hkex.com.hk/eng/services/trading/securities/securitieslists/ListOfSecurities.xlsx,2026-07-29
01681.HK,CONSUN PHARMA,HKEX,待分类,01681.HK,,上市,,https://www.hkex.com.hk/eng/services/trading/securities/securitieslists/ListOfSecurities.xlsx,2026-07-29
01682.HK,HP LIVING TECH,HKEX,待分类,01682.HK,,上市,,https://www.hkex.com.hk/eng/services/trading/securities/securitieslists/ListOfSecurities.xlsx,2026-07-29
01683.HK,HOPE LIFE INT,HKEX,待分类,01683.HK,,上市,,https://www.hkex.com.hk/eng/services/trading/securities/securitieslists/ListOfSecurities.xlsx,2026-07-29
01685.HK,BOER POWER,HKEX,待分类,01685.HK,,上市,,https://www.hkex.com.hk/eng/services/trading/securities/securitieslists/ListOfSecurities.xlsx,2026-07-29
01686.HK,SUNEVISION,HKEX,待分类,01686.HK,,上市,,https://www.hkex.com.hk/eng/services/trading/securities/securitieslists/ListOfSecurities.xlsx,2026-07-29
01688.HK,LINGYI ITECH,HKEX,待分类,01688.HK,,上市,,https://www.hkex.com.hk/eng/services/trading/securities/securitieslists/ListOfSecurities.xlsx,2026-07-29
01689.HK,HUAXIHOLDINGS,HKEX,待分类,01689.HK,,上市,,https://www.hkex.com.hk/eng/services/trading/securities/securitieslists/ListOfSecurities.xlsx,2026-07-29
01690.HK,LAP KEI ENGRG,HKEX,待分类,01690.HK,,上市,,https://www.hkex.com.hk/eng/services/trading/securities/securitieslists/ListOfSecurities.xlsx,2026-07-29
01691.HK,JS GLOBAL LIFE,HKEX,待分类,01691.HK,,上市,,https://www.hkex.com.hk/eng/services/trading/securities/securitieslists/ListOfSecurities.xlsx,2026-07-29
01692.HK,TOWNRAY HLDGS,HKEX,待分类,01692.HK,,上市,,https://www.hkex.com.hk/eng/services/trading/securities/securitieslists/ListOfSecurities.xlsx,2026-07-29
01693.HK,BGMC,HKEX,待分类,01693.HK,,上市,,https://www.hkex.com.hk/eng/services/trading/securities/securitieslists/ListOfSecurities.xlsx,2026-07-29
01695.HK,S&P INTL HLDG,HKEX,待分类,01695.HK,,上市,,https://www.hkex.com.hk/eng/services/trading/securities/securitieslists/ListOfSecurities.xlsx,2026-07-29
01696.HK,SISRAM MED,HKEX,待分类,01696.HK,,上市,,https://www.hkex.com.hk/eng/services/trading/securities/securitieslists/ListOfSecurities.xlsx,2026-07-29
01697.HK,SDITC,HKEX,待分类,01697.HK,,上市,,https://www.hkex.com.hk/eng/services/trading/securities/securitieslists/ListOfSecurities.xlsx,2026-07-29
01698.HK,TME-SW,HKEX,待分类,01698.HK,,上市,,https://www.hkex.com.hk/eng/services/trading/securities/securitieslists/ListOfSecurities.xlsx,2026-07-29
01701.HK,TU YI HLDG,HKEX,待分类,01701.HK,,上市,,https://www.hkex.com.hk/eng/services/trading/securities/securitieslists/ListOfSecurities.xlsx,2026-07-29
01702.HK,DONGGUANG CHEM,HKEX,待分类,01702.HK,,上市,,https://www.hkex.com.hk/eng/services/trading/securities/securitieslists/ListOfSecurities.xlsx,2026-07-29
01703.HK,EASYHOLD GROUP,HKEX,待分类,01703.HK,,上市,,https://www.hkex.com.hk/eng/services/trading/securities/securitieslists/ListOfSecurities.xlsx,2026-07-29
01705.HK,B & S INTL HLDG,HKEX,待分类,01705.HK,,上市,,https://www.hkex.com.hk/eng/services/trading/securities/securitieslists/ListOfSecurities.xlsx,2026-07-29
01707.HK,GEOTECH HLDGS,HKEX,待分类,01707.HK,,上市,,https://www.hkex.com.hk/eng/services/trading/securities/securitieslists/ListOfSecurities.xlsx,2026-07-29
01708.HK,SAMPLE TECH,HKEX,待分类,01708.HK,,上市,,https://www.hkex.com.hk/eng/services/trading/securities/securitieslists/ListOfSecurities.xlsx,2026-07-29
01709.HK,DL HOLDINGS GP,HKEX,待分类,01709.HK,,上市,,https://www.hkex.com.hk/eng/services/trading/securities/securitieslists/ListOfSecurities.xlsx,2026-07-29
01710.HK,TRIO IND ELEC,HKEX,待分类,01710.HK,,上市,,https://www.hkex.com.hk/eng/services/trading/securities/securitieslists/ListOfSecurities.xlsx,2026-07-29
01711.HK,ULFERTS,HKEX,待分类,01711.HK,,上市,,https://www.hkex.com.hk/eng/services/trading/securities/securitieslists/ListOfSecurities.xlsx,2026-07-29
01712.HK,DRAGON MINING,HKEX,待分类,01712.HK,,上市,,https://www.hkex.com.hk/eng/services/trading/securities/securitieslists/ListOfSecurities.xlsx,2026-07-29
01713.HK,SICHUAN EN INV,HKEX,待分类,01713.HK,,上市,,https://www.hkex.com.hk/eng/services/trading/securities/securitieslists/ListOfSecurities.xlsx,2026-07-29
01715.HK,AI HEALTH TECH,HKEX,待分类,01715.HK,,上市,,https://www.hkex.com.hk/eng/services/trading/securities/securitieslists/ListOfSecurities.xlsx,2026-07-29
01716.HK,MOST KWAI CHUNG,HKEX,待分类,01716.HK,,上市,,https://www.hkex.com.hk/eng/services/trading/securities/securitieslists/ListOfSecurities.xlsx,2026-07-29
01717.HK,AUSNUTRIA,HKEX,待分类,01717.HK,,上市,,https://www.hkex.com.hk/eng/services/trading/securities/securitieslists/ListOfSecurities.xlsx,2026-07-29
01718.HK,WAN KEI GROUP,HKEX,待分类,01718.HK,,上市,,https://www.hkex.com.hk/eng/services/trading/securities/securitieslists/ListOfSecurities.xlsx,2026-07-29
01719.HK,CIL GROUP,HKEX,待分类,01719.HK,,上市,,https://www.hkex.com.hk/eng/services/trading/securities/securitieslists/ListOfSecurities.xlsx,2026-07-29
01720.HK,PUTIAN COMM,HKEX,待分类,01720.HK,,上市,,https://www.hkex.com.hk/eng/services/trading/securities/securitieslists/ListOfSecurities.xlsx,2026-07-29
01721.HK,FSM HOLDINGS,HKEX,待分类,01721.HK,,上市,,https://www.hkex.com.hk/eng/services/trading/securities/securitieslists/ListOfSecurities.xlsx,2026-07-29
01722.HK,KIN PANG HLDGS,HKEX,待分类,01722.HK,,上市,,https://www.hkex.com.hk/eng/services/trading/securities/securitieslists/ListOfSecurities.xlsx,2026-07-29
01723.HK,MOON INC,HKEX,待分类,01723.HK,,上市,,https://www.hkex.com.hk/eng/services/trading/securities/securitieslists/ListOfSecurities.xlsx,2026-07-29
01725.HK,C STRATEGIC TEC,HKEX,待分类,01725.HK,,上市,,https://www.hkex.com.hk/eng/services/trading/securities/securitieslists/ListOfSecurities.xlsx,2026-07-29
01726.HK,HKE HOLDINGS,HKEX,待分类,01726.HK,,上市,,https://www.hkex.com.hk/eng/services/trading/securities/securitieslists/ListOfSecurities.xlsx,2026-07-29
01727.HK,HEBEI CONS,HKEX,待分类,01727.HK,,上市,,https://www.hkex.com.hk/eng/services/trading/securities/securitieslists/ListOfSecurities.xlsx,2026-07-29
01728.HK,ZHENGTONGAUTO,HKEX,待分类,01728.HK,,上市,,https://www.hkex.com.hk/eng/services/trading/securities/securitieslists/ListOfSecurities.xlsx,2026-07-29
01729.HK,TIME INTERCON,HKEX,待分类,01729.HK,,上市,,https://www.hkex.com.hk/eng/services/trading/securities/securitieslists/ListOfSecurities.xlsx,2026-07-29
01731.HK,PROSPEROUS IND,HKEX,待分类,01731.HK,,上市,,https://www.hkex.com.hk/eng/services/trading/securities/securitieslists/ListOfSecurities.xlsx,2026-07-29
01732.HK,XIANGXING INT,HKEX,待分类,01732.HK,,上市,,https://www.hkex.com.hk/eng/services/trading/securities/securitieslists/ListOfSecurities.xlsx,2026-07-29
01733.HK,E-COMMODITIES,HKEX,待分类,01733.HK,,上市,,https://www.hkex.com.hk/eng/services/trading/securities/securitieslists/ListOfSecurities.xlsx,2026-07-29
01735.HK,CENTRAL NEW EGY,HKEX,待分类,01735.HK,,上市,,https://www.hkex.com.hk/eng/services/trading/securities/securitieslists/ListOfSecurities.xlsx,2026-07-29
01736.HK,PARENTING NET,HKEX,待分类,01736.HK,,上市,,https://www.hkex.com.hk/eng/services/trading/securities/securitieslists/ListOfSecurities.xlsx,2026-07-29
01737.HK,A & S GROUP,HKEX,待分类,01737.HK,,上市,,https://www.hkex.com.hk/eng/services/trading/securities/securitieslists/ListOfSecurities.xlsx,2026-07-29
01738.HK,FS ANTHRACITE,HKEX,待分类,01738.HK,,上市,,https://www.hkex.com.hk/eng/services/trading/securities/securitieslists/ListOfSecurities.xlsx,2026-07-29
01739.HK,QEEKA HOME,HKEX,待分类,01739.HK,,上市,,https://www.hkex.com.hk/eng/services/trading/securities/securitieslists/ListOfSecurities.xlsx,2026-07-29
01740.HK,VALUES CULTURAL,HKEX,待分类,01740.HK,,上市,,https://www.hkex.com.hk/eng/services/trading/securities/securitieslists/ListOfSecurities.xlsx,2026-07-29
01741.HK,SHING CHI HLDGS,HKEX,待分类,01741.HK,,上市,,https://www.hkex.com.hk/eng/services/trading/securities/securitieslists/ListOfSecurities.xlsx,2026-07-29
01742.HK,HPC HOLDINGS,HKEX,待分类,01742.HK,,上市,,https://www.hkex.com.hk/eng/services/trading/securities/securitieslists/ListOfSecurities.xlsx,2026-07-29
01745.HK,LVJI TECH,HKEX,待分类,01745.HK,,上市,,https://www.hkex.com.hk/eng/services/trading/securities/securitieslists/ListOfSecurities.xlsx,2026-07-29
01746.HK,MAN SHUN GP,HKEX,待分类,01746.HK,,上市,,https://www.hkex.com.hk/eng/services/trading/securities/securitieslists/ListOfSecurities.xlsx,2026-07-29
01747.HK,HOME CONTROL,HKEX,待分类,01747.HK,,上市,,https://www.hkex.com.hk/eng/services/trading/securities/securitieslists/ListOfSecurities.xlsx,2026-07-29
01748.HK,XIN YUAN ENT,HKEX,待分类,01748.HK,,上市,,https://www.hkex.com.hk/eng/services/trading/securities/securitieslists/ListOfSecurities.xlsx,2026-07-29
01749.HK,SHANSHAN,HKEX,待分类,01749.HK,,上市,,https://www.hkex.com.hk/eng/services/trading/securities/securitieslists/ListOfSecurities.xlsx,2026-07-29
01750.HK,REM GROUP HLDGS,HKEX,待分类,01750.HK,,上市,,https://www.hkex.com.hk/eng/services/trading/securities/securitieslists/ListOfSecurities.xlsx,2026-07-29
01751.HK,AI ENERGY ENG,HKEX,待分类,01751.HK,,上市,,https://www.hkex.com.hk/eng/services/trading/securities/securitieslists/ListOfSecurities.xlsx,2026-07-29
01752.HK,TOP EDUCATION,HKEX,待分类,01752.HK,,上市,,https://www.hkex.com.hk/eng/services/trading/securities/securitieslists/ListOfSecurities.xlsx,2026-07-29
01753.HK,DUIBA,HKEX,待分类,01753.HK,,上市,,https://www.hkex.com.hk/eng/services/trading/securities/securitieslists/ListOfSecurities.xlsx,2026-07-29
01755.HK,S-ENJOY SERVICE,HKEX,待分类,01755.HK,,上市,,https://www.hkex.com.hk/eng/services/trading/securities/securitieslists/ListOfSecurities.xlsx,2026-07-29
01756.HK,CHI SCI&EDU IND,HKEX,待分类,01756.HK,,上市,,https://www.hkex.com.hk/eng/services/trading/securities/securitieslists/ListOfSecurities.xlsx,2026-07-29
01757.HK,GLOBAL CHI BC,HKEX,待分类,01757.HK,,上市,,https://www.hkex.com.hk/eng/services/trading/securities/securitieslists/ListOfSecurities.xlsx,2026-07-29
01758.HK,BOJUN EDU,HKEX,待分类,01758.HK,,上市,,https://www.hkex.com.hk/eng/services/trading/securities/securitieslists/ListOfSecurities.xlsx,2026-07-29
01759.HK,SINO GAS HLDGS,HKEX,待分类,01759.HK,,上市,,https://www.hkex.com.hk/eng/services/trading/securities/securitieslists/ListOfSecurities.xlsx,2026-07-29
01760.HK,INTRON TECH,HKEX,待分类,01760.HK,,上市,,https://www.hkex.com.hk/eng/services/trading/securities/securitieslists/ListOfSecurities.xlsx,2026-07-29
01762.HK,WANKA ONLINE,HKEX,待分类,01762.HK,,上市,,https://www.hkex.com.hk/eng/services/trading/securities/securitieslists/ListOfSecurities.xlsx,2026-07-29
01763.HK,CIRC,HKEX,待分类,01763.HK,,上市,,https://www.hkex.com.hk/eng/services/trading/securities/securitieslists/ListOfSecurities.xlsx,2026-07-29
01765.HK,XJ INTL HLDGS,HKEX,待分类,01765.HK,,上市,,https://www.hkex.com.hk/eng/services/trading/securities/securitieslists/ListOfSecurities.xlsx,2026-07-29
01766.HK,CRRC,HKEX,待分类,01766.HK,,上市,,https://www.hkex.com.hk/eng/services/trading/securities/securitieslists/ListOfSecurities.xlsx,2026-07-29
01767.HK,TS WONDERS,HKEX,待分类,01767.HK,,上市,,https://www.hkex.com.hk/eng/services/trading/securities/securitieslists/ListOfSecurities.xlsx,2026-07-29
01768.HK,BUSYMING,HKEX,待分类,01768.HK,,上市,,https://www.hkex.com.hk/eng/services/trading/securities/securitieslists/ListOfSecurities.xlsx,2026-07-29
01769.HK,SCHOLAR EDU,HKEX,待分类,01769.HK,,上市,,https://www.hkex.com.hk/eng/services/trading/securities/securitieslists/ListOfSecurities.xlsx,2026-07-29
01770.HK,DKE,HKEX,待分类,01770.HK,,上市,,https://www.hkex.com.hk/eng/services/trading/securities/securitieslists/ListOfSecurities.xlsx,2026-07-29
01771.HK,SUNFONDA GP,HKEX,待分类,01771.HK,,上市,,https://www.hkex.com.hk/eng/services/trading/securities/securitieslists/ListOfSecurities.xlsx,2026-07-29
01772.HK,GANFENGLITHIUM,HKEX,待分类,01772.HK,,上市,,https://www.hkex.com.hk/eng/services/trading/securities/securitieslists/ListOfSecurities.xlsx,2026-07-29
01773.HK,TIANLI INT HLDG,HKEX,待分类,01773.HK,,上市,,https://www.hkex.com.hk/eng/services/trading/securities/securitieslists/ListOfSecurities.xlsx,2026-07-29
01775.HK,BEXCELLENT GP,HKEX,待分类,01775.HK,,上市,,https://www.hkex.com.hk/eng/services/trading/securities/securitieslists/ListOfSecurities.xlsx,2026-07-29
01776.HK,GF SEC,HKEX,待分类,01776.HK,,上市,,https://www.hkex.com.hk/eng/services/trading/securities/securitieslists/ListOfSecurities.xlsx,2026-07-29
01777.HK,FANTASIA,HKEX,待分类,01777.HK,,上市,,https://www.hkex.com.hk/eng/services/trading/securities/securitieslists/ListOfSecurities.xlsx,2026-07-29
01778.HK,COLOUR LIFE,HKEX,待分类,01778.HK,,上市,,https://www.hkex.com.hk/eng/services/trading/securities/securitieslists/ListOfSecurities.xlsx,2026-07-29
01779.HK,LONGBIO-B,HKEX,待分类,01779.HK,,上市,,https://www.hkex.com.hk/eng/services/trading/securities/securitieslists/ListOfSecurities.xlsx,2026-07-29
01780.HK,RONGZUN INT'L H,HKEX,待分类,01780.HK,,上市,,https://www.hkex.com.hk/eng/services/trading/securities/securitieslists/ListOfSecurities.xlsx,2026-07-29
01782.HK,IB DIGITAL TECH,HKEX,待分类,01782.HK,,上市,,https://www.hkex.com.hk/eng/services/trading/securities/securitieslists/ListOfSecurities.xlsx,2026-07-29
01783.HK,ENVISION GREEN,HKEX,待分类,01783.HK,,上市,,https://www.hkex.com.hk/eng/services/trading/securities/securitieslists/ListOfSecurities.xlsx,2026-07-29
01785.HK,CHENGDU EXPWAY,HKEX,待分类,01785.HK,,上市,,https://www.hkex.com.hk/eng/services/trading/securities/securitieslists/ListOfSecurities.xlsx,2026-07-29
01786.HK,CRCCE,HKEX,待分类,01786.HK,,上市,,https://www.hkex.com.hk/eng/services/trading/securities/securitieslists/ListOfSecurities.xlsx,2026-07-29
01787.HK,SD GOLD,HKEX,待分类,01787.HK,,上市,,https://www.hkex.com.hk/eng/services/trading/securities/securitieslists/ListOfSecurities.xlsx,2026-07-29
01788.HK,GUOTAI JUNAN I,HKEX,待分类,01788.HK,,上市,,https://www.hkex.com.hk/eng/services/trading/securities/securitieslists/ListOfSecurities.xlsx,2026-07-29
01789.HK,AK MEDICAL,HKEX,待分类,01789.HK,,上市,,https://www.hkex.com.hk/eng/services/trading/securities/securitieslists/ListOfSecurities.xlsx,2026-07-29
01790.HK,TIL ENVIRO,HKEX,待分类,01790.HK,,上市,,https://www.hkex.com.hk/eng/services/trading/securities/securitieslists/ListOfSecurities.xlsx,2026-07-29
01792.HK,CMON,HKEX,待分类,01792.HK,,上市,,https://www.hkex.com.hk/eng/services/trading/securities/securitieslists/ListOfSecurities.xlsx,2026-07-29
01793.HK,WECON HOLDINGS,HKEX,待分类,01793.HK,,上市,,https://www.hkex.com.hk/eng/services/trading/securities/securitieslists/ListOfSecurities.xlsx,2026-07-29
01795.HK,YADONG GROUP,HKEX,待分类,01795.HK,,上市,,https://www.hkex.com.hk/eng/services/trading/securities/securitieslists/ListOfSecurities.xlsx,2026-07-29
01796.HK,METASPACEX,HKEX,待分类,01796.HK,,上市,,https://www.hkex.com.hk/eng/services/trading/securities/securitieslists/ListOfSecurities.xlsx,2026-07-29
01797.HK,EAST BUY,HKEX,待分类,01797.HK,,上市,,https://www.hkex.com.hk/eng/services/trading/securities/securitieslists/ListOfSecurities.xlsx,2026-07-29
01798.HK,DATANG RENEW,HKEX,待分类,01798.HK,,上市,,https://www.hkex.com.hk/eng/services/trading/securities/securitieslists/ListOfSecurities.xlsx,2026-07-29
01799.HK,XINTE ENERGY,HKEX,待分类,01799.HK,,上市,,https://www.hkex.com.hk/eng/services/trading/securities/securitieslists/ListOfSecurities.xlsx,2026-07-29
01800.HK,CHINA COMM CONS,HKEX,待分类,01800.HK,,上市,,https://www.hkex.com.hk/eng/services/trading/securities/securitieslists/ListOfSecurities.xlsx,2026-07-29
01801.HK,INNOVENT BIO,HKEX,待分类,01801.HK,,上市,,https://www.hkex.com.hk/eng/services/trading/securities/securitieslists/ListOfSecurities.xlsx,2026-07-29
01802.HK,WENYE GROUP,HKEX,待分类,01802.HK,,上市,,https://www.hkex.com.hk/eng/services/trading/securities/securitieslists/ListOfSecurities.xlsx,2026-07-29
01803.HK,BJ SPORTS & ENT,HKEX,待分类,01803.HK,,上市,,https://www.hkex.com.hk/eng/services/trading/securities/securitieslists/ListOfSecurities.xlsx,2026-07-29
01808.HK,ENTERPRISE DEV,HKEX,待分类,01808.HK,,上市,,https://www.hkex.com.hk/eng/services/trading/securities/securitieslists/ListOfSecurities.xlsx,2026-07-29
01809.HK,PRINX CHENGSHAN,HKEX,待分类,01809.HK,,上市,,https://www.hkex.com.hk/eng/services/trading/securities/securitieslists/ListOfSecurities.xlsx,2026-07-29
01810.HK,XIAOMI-W,HKEX,待分类,01810.HK,,上市,,https://www.hkex.com.hk/eng/services/trading/securities/securitieslists/ListOfSecurities.xlsx,2026-07-29
01811.HK,CGN NEW ENERGY,HKEX,待分类,01811.HK,,上市,,https://www.hkex.com.hk/eng/services/trading/securities/securitieslists/ListOfSecurities.xlsx,2026-07-29
01812.HK,CHENMING PAPER,HKEX,待分类,01812.HK,,上市,,https://www.hkex.com.hk/eng/services/trading/securities/securitieslists/ListOfSecurities.xlsx,2026-07-29
01813.HK,KWG GROUP,HKEX,待分类,01813.HK,,上市,,https://www.hkex.com.hk/eng/services/trading/securities/securitieslists/ListOfSecurities.xlsx,2026-07-29
01815.HK,EVEREST GOLD,HKEX,待分类,01815.HK,,上市,,https://www.hkex.com.hk/eng/services/trading/securities/securitieslists/ListOfSecurities.xlsx,2026-07-29
01816.HK,CGN POWER,HKEX,待分类,01816.HK,,上市,,https://www.hkex.com.hk/eng/services/trading/securities/securitieslists/ListOfSecurities.xlsx,2026-07-29
01817.HK,MULSANNE GROUP,HKEX,待分类,01817.HK,,上市,,https://www.hkex.com.hk/eng/services/trading/securities/securitieslists/ListOfSecurities.xlsx,2026-07-29
01818.HK,ZHAOJIN MINING,HKEX,待分类,01818.HK,,上市,,https://www.hkex.com.hk/eng/services/trading/securities/securitieslists/ListOfSecurities.xlsx,2026-07-29
01820.HK,PM PACKAGING,HKEX,待分类,01820.HK,,上市,,https://www.hkex.com.hk/eng/services/trading/securities/securitieslists/ListOfSecurities.xlsx,2026-07-29
01822.HK,CHINA WOOD INT,HKEX,待分类,01822.HK,,上市,,https://www.hkex.com.hk/eng/services/trading/securities/securitieslists/ListOfSecurities.xlsx,2026-07-29
01823.HK,HUAYUEXPRESSWAY,HKEX,待分类,01823.HK,,上市,,https://www.hkex.com.hk/eng/services/trading/securities/securitieslists/ListOfSecurities.xlsx,2026-07-29
01825.HK,STERLING GP,HKEX,待分类,01825.HK,,上市,,https://www.hkex.com.hk/eng/services/trading/securities/securitieslists/ListOfSecurities.xlsx,2026-07-29
01826.HK,FDB HOLDINGS,HKEX,待分类,01826.HK,,上市,,https://www.hkex.com.hk/eng/services/trading/securities/securitieslists/ListOfSecurities.xlsx,2026-07-29
01827.HK,MIRICOR,HKEX,待分类,01827.HK,,上市,,https://www.hkex.com.hk/eng/services/trading/securities/securitieslists/ListOfSecurities.xlsx,2026-07-29
01828.HK,FWD,HKEX,待分类,01828.HK,,上市,,https://www.hkex.com.hk/eng/services/trading/securities/securitieslists/ListOfSecurities.xlsx,2026-07-29
01830.HK,PERFECT MEDICAL,HKEX,待分类,01830.HK,,上市,,https://www.hkex.com.hk/eng/services/trading/securities/securitieslists/ListOfSecurities.xlsx,2026-07-29
01831.HK,SHIFANG HLDG,HKEX,待分类,01831.HK,,上市,,https://www.hkex.com.hk/eng/services/trading/securities/securitieslists/ListOfSecurities.xlsx,2026-07-29
01832.HK,SAI LEISURE,HKEX,待分类,01832.HK,,上市,,https://www.hkex.com.hk/eng/services/trading/securities/securitieslists/ListOfSecurities.xlsx,2026-07-29
01833.HK,PA GOODDOCTOR,HKEX,待分类,01833.HK,,上市,,https://www.hkex.com.hk/eng/services/trading/securities/securitieslists/ListOfSecurities.xlsx,2026-07-29
01835.HK,REALWAY CAPITAL,HKEX,待分类,01835.HK,,上市,,https://www.hkex.com.hk/eng/services/trading/securities/securitieslists/ListOfSecurities.xlsx,2026-07-29
01836.HK,STELLA HOLDINGS,HKEX,待分类,01836.HK,,上市,,https://www.hkex.com.hk/eng/services/trading/securities/securitieslists/ListOfSecurities.xlsx,2026-07-29
01837.HK,NATURAL FOOD IH,HKEX,待分类,01837.HK,,上市,,https://www.hkex.com.hk/eng/services/trading/securities/securitieslists/ListOfSecurities.xlsx,2026-07-29
01841.HK,A.PLUS GROUP,HKEX,待分类,01841.HK,,上市,,https://www.hkex.com.hk/eng/services/trading/securities/securitieslists/ListOfSecurities.xlsx,2026-07-29
01842.HK,GROWN UP GROUP,HKEX,待分类,01842.HK,,上市,,https://www.hkex.com.hk/eng/services/trading/securities/securitieslists/ListOfSecurities.xlsx,2026-07-29
01843.HK,SNACK EMPIRE,HKEX,待分类,01843.HK,,上市,,https://www.hkex.com.hk/eng/services/trading/securities/securitieslists/ListOfSecurities.xlsx,2026-07-29
01845.HK,WG ENV TECH,HKEX,待分类,01845.HK,,上市,,https://www.hkex.com.hk/eng/services/trading/securities/securitieslists/ListOfSecurities.xlsx,2026-07-29
01846.HK,EUROEYES,HKEX,待分类,01846.HK,,上市,,https://www.hkex.com.hk/eng/services/trading/securities/securitieslists/ListOfSecurities.xlsx,2026-07-29
01847.HK,GHPC,HKEX,待分类,01847.HK,,上市,,https://www.hkex.com.hk/eng/services/trading/securities/securitieslists/ListOfSecurities.xlsx,2026-07-29
01848.HK,CALC,HKEX,待分类,01848.HK,,上市,,https://www.hkex.com.hk/eng/services/trading/securities/securitieslists/ListOfSecurities.xlsx,2026-07-29
01849.HK,AM GROUP,HKEX,待分类,01849.HK,,上市,,https://www.hkex.com.hk/eng/services/trading/securities/securitieslists/ListOfSecurities.xlsx,2026-07-29
01850.HK,BEAUTIFULLIFEGP,HKEX,待分类,01850.HK,,上市,,https://www.hkex.com.hk/eng/services/trading/securities/securitieslists/ListOfSecurities.xlsx,2026-07-29
01851.HK,GINGKO EDU,HKEX,待分类,01851.HK,,上市,,https://www.hkex.com.hk/eng/services/trading/securities/securitieslists/ListOfSecurities.xlsx,2026-07-29
01853.HK,CHUNCHENG HEAT,HKEX,待分类,01853.HK,,上市,,https://www.hkex.com.hk/eng/services/trading/securities/securitieslists/ListOfSecurities.xlsx,2026-07-29
01854.HK,CHINA WANTIAN,HKEX,待分类,01854.HK,,上市,,https://www.hkex.com.hk/eng/services/trading/securities/securitieslists/ListOfSecurities.xlsx,2026-07-29
01855.HK,ZONQING LTD,HKEX,待分类,01855.HK,,上市,,https://www.hkex.com.hk/eng/services/trading/securities/securitieslists/ListOfSecurities.xlsx,2026-07-29
01856.HK,ERNEST BOREL,HKEX,待分类,01856.HK,,上市,,https://www.hkex.com.hk/eng/services/trading/securities/securitieslists/ListOfSecurities.xlsx,2026-07-29
01857.HK,CEB WATER,HKEX,待分类,01857.HK,,上市,,https://www.hkex.com.hk/eng/services/trading/securities/securitieslists/ListOfSecurities.xlsx,2026-07-29
01858.HK,CHUNLI MEDICAL,HKEX,待分类,01858.HK,,上市,,https://www.hkex.com.hk/eng/services/trading/securities/securitieslists/ListOfSecurities.xlsx,2026-07-29
01860.HK,MOBVISTA,HKEX,待分类,01860.HK,,上市,,https://www.hkex.com.hk/eng/services/trading/securities/securitieslists/ListOfSecurities.xlsx,2026-07-29
01861.HK,PRECIOUS DRAGON,HKEX,待分类,01861.HK,,上市,,https://www.hkex.com.hk/eng/services/trading/securities/securitieslists/ListOfSecurities.xlsx,2026-07-29
01862.HK,JINGRUI HLDGS,HKEX,待分类,01862.HK,,上市,,https://www.hkex.com.hk/eng/services/trading/securities/securitieslists/ListOfSecurities.xlsx,2026-07-29
01863.HK,CHI LONGEVITY,HKEX,待分类,01863.HK,,上市,,https://www.hkex.com.hk/eng/services/trading/securities/securitieslists/ListOfSecurities.xlsx,2026-07-29
01865.HK,PENGO HLDG GP,HKEX,待分类,01865.HK,,上市,,https://www.hkex.com.hk/eng/services/trading/securities/securitieslists/ListOfSecurities.xlsx,2026-07-29
01866.HK,CHINA XLX FERT,HKEX,待分类,01866.HK,,上市,,https://www.hkex.com.hk/eng/services/trading/securities/securitieslists/ListOfSecurities.xlsx,2026-07-29
01867.HK,STD DEV GROUP,HKEX,待分类,01867.HK,,上市,,https://www.hkex.com.hk/eng/services/trading/securities/securitieslists/ListOfSecurities.xlsx,2026-07-29
01868.HK,NEO-NEON,HKEX,待分类,01868.HK,,上市,,https://www.hkex.com.hk/eng/services/trading/securities/securitieslists/ListOfSecurities.xlsx,2026-07-29
01869.HK,KAFELAKU COFFEE,HKEX,待分类,01869.HK,,上市,,https://www.hkex.com.hk/eng/services/trading/securities/securitieslists/ListOfSecurities.xlsx,2026-07-29
01870.HK,ACME INTL HLDGS,HKEX,待分类,01870.HK,,上市,,https://www.hkex.com.hk/eng/services/trading/securities/securitieslists/ListOfSecurities.xlsx,2026-07-29
01871.HK,CHINA ORIENTED,HKEX,待分类,01871.HK,,上市,,https://www.hkex.com.hk/eng/services/trading/securities/securitieslists/ListOfSecurities.xlsx,2026-07-29
01872.HK,GUAN CHAO HLDGS,HKEX,待分类,01872.HK,,上市,,https://www.hkex.com.hk/eng/services/trading/securities/securitieslists/ListOfSecurities.xlsx,2026-07-29
01873.HK,VIVA BIOTECH,HKEX,待分类,01873.HK,,上市,,https://www.hkex.com.hk/eng/services/trading/securities/securitieslists/ListOfSecurities.xlsx,2026-07-29
01875.HK,BIODLINK-B,HKEX,待分类,01875.HK,,上市,,https://www.hkex.com.hk/eng/services/trading/securities/securitieslists/ListOfSecurities.xlsx,2026-07-29
01876.HK,BUD APAC,HKEX,待分类,01876.HK,,上市,,https://www.hkex.com.hk/eng/services/trading/securities/securitieslists/ListOfSecurities.xlsx,2026-07-29
01877.HK,JUNSHI BIO,HKEX,待分类,01877.HK,,上市,,https://www.hkex.com.hk/eng/services/trading/securities/securitieslists/ListOfSecurities.xlsx,2026-07-29
01878.HK,SOUTHGOBI,HKEX,待分类,01878.HK,,上市,,https://www.hkex.com.hk/eng/services/trading/securities/securitieslists/ListOfSecurities.xlsx,2026-07-29
01879.HK,XIZHI TECH-P,HKEX,待分类,01879.HK,,上市,,https://www.hkex.com.hk/eng/services/trading/securities/securitieslists/ListOfSecurities.xlsx,2026-07-29
01880.HK,CTG DUTY-FREE,HKEX,待分类,01880.HK,,上市,,https://www.hkex.com.hk/eng/services/trading/securities/securitieslists/ListOfSecurities.xlsx,2026-07-29
01882.HK,HAITIAN INT'L,HKEX,待分类,01882.HK,,上市,,https://www.hkex.com.hk/eng/services/trading/securities/securitieslists/ListOfSecurities.xlsx,2026-07-29
01883.HK,CITIC TELECOM,HKEX,待分类,01883.HK,,上市,,https://www.hkex.com.hk/eng/services/trading/securities/securitieslists/ListOfSecurities.xlsx,2026-07-29
01884.HK,EPRINT GROUP,HKEX,待分类,01884.HK,,上市,,https://www.hkex.com.hk/eng/services/trading/securities/securitieslists/ListOfSecurities.xlsx,2026-07-29
01888.HK,KB LAMINATES,HKEX,待分类,01888.HK,,上市,,https://www.hkex.com.hk/eng/services/trading/securities/securitieslists/ListOfSecurities.xlsx,2026-07-29
01889.HK,SANAI HEALTH GP,HKEX,待分类,01889.HK,,上市,,https://www.hkex.com.hk/eng/services/trading/securities/securitieslists/ListOfSecurities.xlsx,2026-07-29
01890.HK,CHINA KEPEI,HKEX,待分类,01890.HK,,上市,,https://www.hkex.com.hk/eng/services/trading/securities/securitieslists/ListOfSecurities.xlsx,2026-07-29
01891.HK,HENG HUP,HKEX,待分类,01891.HK,,上市,,https://www.hkex.com.hk/eng/services/trading/securities/securitieslists/ListOfSecurities.xlsx,2026-07-29
01894.HK,HANG YICK HLDGS,HKEX,待分类,01894.HK,,上市,,https://www.hkex.com.hk/eng/services/trading/securities/securitieslists/ListOfSecurities.xlsx,2026-07-29
01895.HK,XINYUAN PM,HKEX,待分类,01895.HK,,上市,,https://www.hkex.com.hk/eng/services/trading/securities/securitieslists/ListOfSecurities.xlsx,2026-07-29
01896.HK,MAOYAN ENT,HKEX,待分类,01896.HK,,上市,,https://www.hkex.com.hk/eng/services/trading/securities/securitieslists/ListOfSecurities.xlsx,2026-07-29
01897.HK,MILLIONHOPE IND,HKEX,待分类,01897.HK,,上市,,https://www.hkex.com.hk/eng/services/trading/securities/securitieslists/ListOfSecurities.xlsx,2026-07-29
01898.HK,CHINA COAL,HKEX,待分类,01898.HK,,上市,,https://www.hkex.com.hk/eng/services/trading/securities/securitieslists/ListOfSecurities.xlsx,2026-07-29
01899.HK,XINGDA INT'L,HKEX,待分类,01899.HK,,上市,,https://www.hkex.com.hk/eng/services/trading/securities/securitieslists/ListOfSecurities.xlsx,2026-07-29
01900.HK,CHINA ITS,HKEX,待分类,01900.HK,,上市,,https://www.hkex.com.hk/eng/services/trading/securities/securitieslists/ListOfSecurities.xlsx,2026-07-29
01901.HK,FEIYANG GROUP,HKEX,待分类,01901.HK,,上市,,https://www.hkex.com.hk/eng/services/trading/securities/securitieslists/ListOfSecurities.xlsx,2026-07-29
01903.HK,JBB BUILDERS,HKEX,待分类,01903.HK,,上市,,https://www.hkex.com.hk/eng/services/trading/securities/securitieslists/ListOfSecurities.xlsx,2026-07-29
01905.HK,HAITONG UT,HKEX,待分类,01905.HK,,上市,,https://www.hkex.com.hk/eng/services/trading/securities/securitieslists/ListOfSecurities.xlsx,2026-07-29
01906.HK,BONNY HLDG,HKEX,待分类,01906.HK,,上市,,https://www.hkex.com.hk/eng/services/trading/securities/securitieslists/ListOfSecurities.xlsx,2026-07-29
01907.HK,CHINA RISUN GP,HKEX,待分类,01907.HK,,上市,,https://www.hkex.com.hk/eng/services/trading/securities/securitieslists/ListOfSecurities.xlsx,2026-07-29
01908.HK,C&D INTL GROUP,HKEX,待分类,01908.HK,,上市,,https://www.hkex.com.hk/eng/services/trading/securities/securitieslists/ListOfSecurities.xlsx,2026-07-29
01909.HK,FIRE ROCK,HKEX,待分类,01909.HK,,上市,,https://www.hkex.com.hk/eng/services/trading/securities/securitieslists/ListOfSecurities.xlsx,2026-07-29
01910.HK,SAMSONITE,HKEX,待分类,01910.HK,,上市,,https://www.hkex.com.hk/eng/services/trading/securities/securitieslists/ListOfSecurities.xlsx,2026-07-29
01911.HK,CR HOLDINGS,HKEX,待分类,01911.HK,,上市,,https://www.hkex.com.hk/eng/services/trading/securities/securitieslists/ListOfSecurities.xlsx,2026-07-29
01912.HK,CONTEL,HKEX,待分类,01912.HK,,上市,,https://www.hkex.com.hk/eng/services/trading/securities/securitieslists/ListOfSecurities.xlsx,2026-07-29
01913.HK,PRADA,HKEX,待分类,01913.HK,,上市,,https://www.hkex.com.hk/eng/services/trading/securities/securitieslists/ListOfSecurities.xlsx,2026-07-29
01915.HK,TAIHE M-FIN,HKEX,待分类,01915.HK,,上市,,https://www.hkex.com.hk/eng/services/trading/securities/securitieslists/ListOfSecurities.xlsx,2026-07-29
01916.HK,JIANGXI BANK,HKEX,待分类,01916.HK,,上市,,https://www.hkex.com.hk/eng/services/trading/securities/securitieslists/ListOfSecurities.xlsx,2026-07-29
01917.HK,DOUMOB,HKEX,待分类,01917.HK,,上市,,https://www.hkex.com.hk/eng/services/trading/securities/securitieslists/ListOfSecurities.xlsx,2026-07-29
01918.HK,SUNAC,HKEX,待分类,01918.HK,,上市,,https://www.hkex.com.hk/eng/services/trading/securities/securitieslists/ListOfSecurities.xlsx,2026-07-29
01919.HK,COSCO SHIP HOLD,HKEX,待分类,01919.HK,,上市,,https://www.hkex.com.hk/eng/services/trading/securities/securitieslists/ListOfSecurities.xlsx,2026-07-29
01920.HK,JUNWEA GROUP,HKEX,待分类,01920.HK,,上市,,https://www.hkex.com.hk/eng/services/trading/securities/securitieslists/ListOfSecurities.xlsx,2026-07-29
01921.HK,DALIPAL HLDG,HKEX,待分类,01921.HK,,上市,,https://www.hkex.com.hk/eng/services/trading/securities/securitieslists/ListOfSecurities.xlsx,2026-07-29
01925.HK,KWUNGS AROMA,HKEX,待分类,01925.HK,,上市,,https://www.hkex.com.hk/eng/services/trading/securities/securitieslists/ListOfSecurities.xlsx,2026-07-29
01927.HK,JIUJIUWANG,HKEX,待分类,01927.HK,,上市,,https://www.hkex.com.hk/eng/services/trading/securities/securitieslists/ListOfSecurities.xlsx,2026-07-29
01928.HK,SANDS CHINA LTD,HKEX,待分类,01928.HK,,上市,,https://www.hkex.com.hk/eng/services/trading/securities/securitieslists/ListOfSecurities.xlsx,2026-07-29
01929.HK,CHOW TAI FOOK,HKEX,待分类,01929.HK,,上市,,https://www.hkex.com.hk/eng/services/trading/securities/securitieslists/ListOfSecurities.xlsx,2026-07-29
01930.HK,SHINELONG,HKEX,待分类,01930.HK,,上市,,https://www.hkex.com.hk/eng/services/trading/securities/securitieslists/ListOfSecurities.xlsx,2026-07-29
01931.HK,ETHK LABS INC.,HKEX,待分类,01931.HK,,上市,,https://www.hkex.com.hk/eng/services/trading/securities/securitieslists/ListOfSecurities.xlsx,2026-07-29
01932.HK,CPM GROUP,HKEX,待分类,01932.HK,,上市,,https://www.hkex.com.hk/eng/services/trading/securities/securitieslists/ListOfSecurities.xlsx,2026-07-29
01933.HK,ONEFORCE HLDGS,HKEX,待分类,01933.HK,,上市,,https://www.hkex.com.hk/eng/services/trading/securities/securitieslists/ListOfSecurities.xlsx,2026-07-29
01935.HK,JH EDUCATION,HKEX,待分类,01935.HK,,上市,,https://www.hkex.com.hk/eng/services/trading/securities/securitieslists/ListOfSecurities.xlsx,2026-07-29
01936.HK,RITAMIX,HKEX,待分类,01936.HK,,上市,,https://www.hkex.com.hk/eng/services/trading/securities/securitieslists/ListOfSecurities.xlsx,2026-07-29
01937.HK,JIACHEN HOLDING,HKEX,待分类,01937.HK,,上市,,https://www.hkex.com.hk/eng/services/trading/securities/securitieslists/ListOfSecurities.xlsx,2026-07-29
01938.HK,CHU KONG PIPE,HKEX,待分类,01938.HK,,上市,,https://www.hkex.com.hk/eng/services/trading/securities/securitieslists/ListOfSecurities.xlsx,2026-07-29
01939.HK,SHANGSHAN GOLD,HKEX,待分类,01939.HK,,上市,,https://www.hkex.com.hk/eng/services/trading/securities/securitieslists/ListOfSecurities.xlsx,2026-07-29
01940.HK,CGII HLDGS,HKEX,待分类,01940.HK,,上市,,https://www.hkex.com.hk/eng/services/trading/securities/securitieslists/ListOfSecurities.xlsx,2026-07-29
01941.HK,YE XING GROUP,HKEX,待分类,01941.HK,,上市,,https://www.hkex.com.hk/eng/services/trading/securities/securitieslists/ListOfSecurities.xlsx,2026-07-29
01942.HK,MOG DIGITECH,HKEX,待分类,01942.HK,,上市,,https://www.hkex.com.hk/eng/services/trading/securities/securitieslists/ListOfSecurities.xlsx,2026-07-29
01943.HK,KING'S STONE,HKEX,待分类,01943.HK,,上市,,https://www.hkex.com.hk/eng/services/trading/securities/securitieslists/ListOfSecurities.xlsx,2026-07-29
01945.HK,ZERO2IPO,HKEX,待分类,01945.HK,,上市,,https://www.hkex.com.hk/eng/services/trading/securities/securitieslists/ListOfSecurities.xlsx,2026-07-29
01947.HK,MEIHAO GROUP,HKEX,待分类,01947.HK,,上市,,https://www.hkex.com.hk/eng/services/trading/securities/securitieslists/ListOfSecurities.xlsx,2026-07-29
01948.HK,UJU HOLDING,HKEX,待分类,01948.HK,,上市,,https://www.hkex.com.hk/eng/services/trading/securities/securitieslists/ListOfSecurities.xlsx,2026-07-29
01949.HK,PLATT NERA,HKEX,待分类,01949.HK,,上市,,https://www.hkex.com.hk/eng/services/trading/securities/securitieslists/ListOfSecurities.xlsx,2026-07-29
01950.HK,DIWANG IND H,HKEX,待分类,01950.HK,,上市,,https://www.hkex.com.hk/eng/services/trading/securities/securitieslists/ListOfSecurities.xlsx,2026-07-29
01951.HK,JXR,HKEX,待分类,01951.HK,,上市,,https://www.hkex.com.hk/eng/services/trading/securities/securitieslists/ListOfSecurities.xlsx,2026-07-29
01952.HK,EVEREST MED,HKEX,待分类,01952.HK,,上市,,https://www.hkex.com.hk/eng/services/trading/securities/securitieslists/ListOfSecurities.xlsx,2026-07-29
01953.HK,RIMBACO,HKEX,待分类,01953.HK,,上市,,https://www.hkex.com.hk/eng/services/trading/securities/securitieslists/ListOfSecurities.xlsx,2026-07-29
01955.HK,JOHNSON HLDGS,HKEX,待分类,01955.HK,,上市,,https://www.hkex.com.hk/eng/services/trading/securities/securitieslists/ListOfSecurities.xlsx,2026-07-29
01956.HK,WENGE AI,HKEX,待分类,01956.HK,,上市,,https://www.hkex.com.hk/eng/services/trading/securities/securitieslists/ListOfSecurities.xlsx,2026-07-29
01957.HK,MBV INTL,HKEX,待分类,01957.HK,,上市,,https://www.hkex.com.hk/eng/services/trading/securities/securitieslists/ListOfSecurities.xlsx,2026-07-29
01958.HK,BAIC MOTOR,HKEX,待分类,01958.HK,,上市,,https://www.hkex.com.hk/eng/services/trading/securities/securitieslists/ListOfSecurities.xlsx,2026-07-29
01959.HK,ZHONG JU INVEST,HKEX,待分类,01959.HK,,上市,,https://www.hkex.com.hk/eng/services/trading/securities/securitieslists/ListOfSecurities.xlsx,2026-07-29
01960.HK,TBKS HLDGS,HKEX,待分类,01960.HK,,上市,,https://www.hkex.com.hk/eng/services/trading/securities/securitieslists/ListOfSecurities.xlsx,2026-07-29
01961.HK,INFINITIES TECH,HKEX,待分类,01961.HK,,上市,,https://www.hkex.com.hk/eng/services/trading/securities/securitieslists/ListOfSecurities.xlsx,2026-07-29
01962.HK,EVERGREEN PG,HKEX,待分类,01962.HK,,上市,,https://www.hkex.com.hk/eng/services/trading/securities/securitieslists/ListOfSecurities.xlsx,2026-07-29
01963.HK,BCQ,HKEX,待分类,01963.HK,,上市,,https://www.hkex.com.hk/eng/services/trading/securities/securitieslists/ListOfSecurities.xlsx,2026-07-29
01965.HK,LANDSEA LIFE,HKEX,待分类,01965.HK,,上市,,https://www.hkex.com.hk/eng/services/trading/securities/securitieslists/ListOfSecurities.xlsx,2026-07-29
01966.HK,CHINA SCE GROUP,HKEX,待分类,01966.HK,,上市,,https://www.hkex.com.hk/eng/services/trading/securities/securitieslists/ListOfSecurities.xlsx,2026-07-29
01967.HK,CONFIDENCE IN,HKEX,待分类,01967.HK,,上市,,https://www.hkex.com.hk/eng/services/trading/securities/securitieslists/ListOfSecurities.xlsx,2026-07-29
01968.HK,HINGTEX HLDGS,HKEX,待分类,01968.HK,,上市,,https://www.hkex.com.hk/eng/services/trading/securities/securitieslists/ListOfSecurities.xlsx,2026-07-29
01969.HK,CHINA CHUNLAI,HKEX,待分类,01969.HK,,上市,,https://www.hkex.com.hk/eng/services/trading/securities/securitieslists/ListOfSecurities.xlsx,2026-07-29
01970.HK,IMAX CHINA,HKEX,待分类,01970.HK,,上市,,https://www.hkex.com.hk/eng/services/trading/securities/securitieslists/ListOfSecurities.xlsx,2026-07-29
01971.HK,RSUN SER,HKEX,待分类,01971.HK,,上市,,https://www.hkex.com.hk/eng/services/trading/securities/securitieslists/ListOfSecurities.xlsx,2026-07-29
01972.HK,SWIREPROPERTIES,HKEX,待分类,01972.HK,,上市,,https://www.hkex.com.hk/eng/services/trading/securities/securitieslists/ListOfSecurities.xlsx,2026-07-29
01973.HK,TIAN TU CAPITAL,HKEX,待分类,01973.HK,,上市,,https://www.hkex.com.hk/eng/services/trading/securities/securitieslists/ListOfSecurities.xlsx,2026-07-29
01975.HK,SUN HING PRINT,HKEX,待分类,01975.HK,,上市,,https://www.hkex.com.hk/eng/services/trading/securities/securitieslists/ListOfSecurities.xlsx,2026-07-29
01977.HK,ANALOGUE HLDGS,HKEX,待分类,01977.HK,,上市,,https://www.hkex.com.hk/eng/services/trading/securities/securitieslists/ListOfSecurities.xlsx,2026-07-29
01978.HK,LH GROUP,HKEX,待分类,01978.HK,,上市,,https://www.hkex.com.hk/eng/services/trading/securities/securitieslists/ListOfSecurities.xlsx,2026-07-29
01979.HK,TEN PAO GROUP,HKEX,待分类,01979.HK,,上市,,https://www.hkex.com.hk/eng/services/trading/securities/securitieslists/ListOfSecurities.xlsx,2026-07-29
01980.HK,TIANGE,HKEX,待分类,01980.HK,,上市,,https://www.hkex.com.hk/eng/services/trading/securities/securitieslists/ListOfSecurities.xlsx,2026-07-29
01981.HK,CATHAY GP HLDGS,HKEX,待分类,01981.HK,,上市,,https://www.hkex.com.hk/eng/services/trading/securities/securitieslists/ListOfSecurities.xlsx,2026-07-29
01982.HK,NAMESON HLDGS,HKEX,待分类,01982.HK,,上市,,https://www.hkex.com.hk/eng/services/trading/securities/securitieslists/ListOfSecurities.xlsx,2026-07-29
01983.HK,LUZHOU BANK,HKEX,待分类,01983.HK,,上市,,https://www.hkex.com.hk/eng/services/trading/securities/securitieslists/ListOfSecurities.xlsx,2026-07-29
01985.HK,MICROWARE,HKEX,待分类,01985.HK,,上市,,https://www.hkex.com.hk/eng/services/trading/securities/securitieslists/ListOfSecurities.xlsx,2026-07-29
01986.HK,TSAKER NE,HKEX,待分类,01986.HK,,上市,,https://www.hkex.com.hk/eng/services/trading/securities/securitieslists/ListOfSecurities.xlsx,2026-07-29
01987.HK,BENG SOON MACH,HKEX,待分类,01987.HK,,上市,,https://www.hkex.com.hk/eng/services/trading/securities/securitieslists/ListOfSecurities.xlsx,2026-07-29
01988.HK,MINSHENG BANK,HKEX,待分类,01988.HK,,上市,,https://www.hkex.com.hk/eng/services/trading/securities/securitieslists/ListOfSecurities.xlsx,2026-07-29
01989.HK,DELTON,HKEX,待分类,01989.HK,,上市,,https://www.hkex.com.hk/eng/services/trading/securities/securitieslists/ListOfSecurities.xlsx,2026-07-29
01991.HK,TA YANG GROUP,HKEX,待分类,01991.HK,,上市,,https://www.hkex.com.hk/eng/services/trading/securities/securitieslists/ListOfSecurities.xlsx,2026-07-29
01993.HK,ASIARAY,HKEX,待分类,01993.HK,,上市,,https://www.hkex.com.hk/eng/services/trading/securities/securitieslists/ListOfSecurities.xlsx,2026-07-29
01995.HK,ES SERVICES,HKEX,待分类,01995.HK,,上市,,https://www.hkex.com.hk/eng/services/trading/securities/securitieslists/ListOfSecurities.xlsx,2026-07-29
01996.HK,RSUN PPT,HKEX,待分类,01996.HK,,上市,,https://www.hkex.com.hk/eng/services/trading/securities/securitieslists/ListOfSecurities.xlsx,2026-07-29
01997.HK,WHARF REIC,HKEX,待分类,01997.HK,,上市,,https://www.hkex.com.hk/eng/services/trading/securities/securitieslists/ListOfSecurities.xlsx,2026-07-29
01999.HK,MAN WAH HLDGS,HKEX,待分类,01999.HK,,上市,,https://www.hkex.com.hk/eng/services/trading/securities/securitieslists/ListOfSecurities.xlsx,2026-07-29
02000.HK,SIM TECH,HKEX,待分类,02000.HK,,上市,,https://www.hkex.com.hk/eng/services/trading/securities/securitieslists/ListOfSecurities.xlsx,2026-07-29
02001.HK,NEW HIGHER EDU,HKEX,待分类,02001.HK,,上市,,https://www.hkex.com.hk/eng/services/trading/securities/securitieslists/ListOfSecurities.xlsx,2026-07-29
02002.HK,SUNSHINE PAPER,HKEX,待分类,02002.HK,,上市,,https://www.hkex.com.hk/eng/services/trading/securities/securitieslists/ListOfSecurities.xlsx,2026-07-29
02003.HK,VCREDIT,HKEX,待分类,02003.HK,,上市,,https://www.hkex.com.hk/eng/services/trading/securities/securitieslists/ListOfSecurities.xlsx,2026-07-29
02005.HK,SSY GROUP,HKEX,待分类,02005.HK,,上市,,https://www.hkex.com.hk/eng/services/trading/securities/securitieslists/ListOfSecurities.xlsx,2026-07-29
02007.HK,COUNTRY GARDEN,HKEX,待分类,02007.HK,,上市,,https://www.hkex.com.hk/eng/services/trading/securities/securitieslists/ListOfSecurities.xlsx,2026-07-29
02008.HK,PHOENIX TV,HKEX,待分类,02008.HK,,上市,,https://www.hkex.com.hk/eng/services/trading/securities/securitieslists/ListOfSecurities.xlsx,2026-07-29
02009.HK,BBMG,HKEX,待分类,02009.HK,,上市,,https://www.hkex.com.hk/eng/services/trading/securities/securitieslists/ListOfSecurities.xlsx,2026-07-29
02011.HK,GILSTON GROUP,HKEX,待分类,02011.HK,,上市,,https://www.hkex.com.hk/eng/services/trading/securities/securitieslists/ListOfSecurities.xlsx,2026-07-29
02012.HK,SUNSHINE OIL,HKEX,待分类,02012.HK,,上市,,https://www.hkex.com.hk/eng/services/trading/securities/securitieslists/ListOfSecurities.xlsx,2026-07-29
02013.HK,WEIMOB INC,HKEX,待分类,02013.HK,,上市,,https://www.hkex.com.hk/eng/services/trading/securities/securitieslists/ListOfSecurities.xlsx,2026-07-29
02015.HK,LI AUTO-W,HKEX,待分类,02015.HK,,上市,,https://www.hkex.com.hk/eng/services/trading/securities/securitieslists/ListOfSecurities.xlsx,2026-07-29
02016.HK,CZBANK,HKEX,待分类,02016.HK,,上市,,https://www.hkex.com.hk/eng/services/trading/securities/securitieslists/ListOfSecurities.xlsx,2026-07-29
02017.HK,CHANHIGH,HKEX,待分类,02017.HK,,上市,,https://www.hkex.com.hk/eng/services/trading/securities/securitieslists/ListOfSecurities.xlsx,2026-07-29
02018.HK,AAC TECH,HKEX,待分类,02018.HK,,上市,,https://www.hkex.com.hk/eng/services/trading/securities/securitieslists/ListOfSecurities.xlsx,2026-07-29
02020.HK,ANTA SPORTS,HKEX,待分类,02020.HK,,上市,,https://www.hkex.com.hk/eng/services/trading/securities/securitieslists/ListOfSecurities.xlsx,2026-07-29
02022.HK,DIGIT HOLLYWOOD,HKEX,待分类,02022.HK,,上市,,https://www.hkex.com.hk/eng/services/trading/securities/securitieslists/ListOfSecurities.xlsx,2026-07-29
02023.HK,CHINA LUDAO,HKEX,待分类,02023.HK,,上市,,https://www.hkex.com.hk/eng/services/trading/securities/securitieslists/ListOfSecurities.xlsx,2026-07-29
02025.HK,RUIFENG POWER,HKEX,待分类,02025.HK,,上市,,https://www.hkex.com.hk/eng/services/trading/securities/securitieslists/ListOfSecurities.xlsx,2026-07-29
02026.HK,PONY-W,HKEX,待分类,02026.HK,,上市,,https://www.hkex.com.hk/eng/services/trading/securities/securitieslists/ListOfSecurities.xlsx,2026-07-29
02028.HK,JOLIMARK,HKEX,待分类,02028.HK,,上市,,https://www.hkex.com.hk/eng/services/trading/securities/securitieslists/ListOfSecurities.xlsx,2026-07-29
02030.HK,CABBEEN,HKEX,待分类,02030.HK,,上市,,https://www.hkex.com.hk/eng/services/trading/securities/securitieslists/ListOfSecurities.xlsx,2026-07-29
02031.HK,AUSUPREME,HKEX,待分类,02031.HK,,上市,,https://www.hkex.com.hk/eng/services/trading/securities/securitieslists/ListOfSecurities.xlsx,2026-07-29
02033.HK,TIME WATCH,HKEX,待分类,02033.HK,,上市,,https://www.hkex.com.hk/eng/services/trading/securities/securitieslists/ListOfSecurities.xlsx,2026-07-29
02038.HK,FIH,HKEX,待分类,02038.HK,,上市,,https://www.hkex.com.hk/eng/services/trading/securities/securitieslists/ListOfSecurities.xlsx,2026-07-29
02039.HK,CIMC,HKEX,待分类,02039.HK,,上市,,https://www.hkex.com.hk/eng/services/trading/securities/securitieslists/ListOfSecurities.xlsx,2026-07-29
02048.HK,E-HOUSE ENT,HKEX,待分类,02048.HK,,上市,,https://www.hkex.com.hk/eng/services/trading/securities/securitieslists/ListOfSecurities.xlsx,2026-07-29
02050.HK,SANHUA,HKEX,待分类,02050.HK,,上市,,https://www.hkex.com.hk/eng/services/trading/securities/securitieslists/ListOfSecurities.xlsx,2026-07-29
02051.HK,VALA,HKEX,待分类,02051.HK,,上市,,https://www.hkex.com.hk/eng/services/trading/securities/securitieslists/ListOfSecurities.xlsx,2026-07-29
02057.HK,ZTO EXPRESS-W,HKEX,待分类,02057.HK,,上市,,https://www.hkex.com.hk/eng/services/trading/securities/securitieslists/ListOfSecurities.xlsx,2026-07-29
02068.HK,CHALIECO,HKEX,待分类,02068.HK,,上市,,https://www.hkex.com.hk/eng/services/trading/securities/securitieslists/ListOfSecurities.xlsx,2026-07-29
02076.HK,BOSS ZHIPIN-W,HKEX,待分类,02076.HK,,上市,,https://www.hkex.com.hk/eng/services/trading/securities/securitieslists/ListOfSecurities.xlsx,2026-07-29
02078.HK,PANASIALUM,HKEX,待分类,02078.HK,,上市,,https://www.hkex.com.hk/eng/services/trading/securities/securitieslists/ListOfSecurities.xlsx,2026-07-29
02080.HK,AUX INTL,HKEX,待分类,02080.HK,,上市,,https://www.hkex.com.hk/eng/services/trading/securities/securitieslists/ListOfSecurities.xlsx,2026-07-29
02086.HK,LEADWAY TECH,HKEX,待分类,02086.HK,,上市,,https://www.hkex.com.hk/eng/services/trading/securities/securitieslists/ListOfSecurities.xlsx,2026-07-29
02088.HK,XIWANG PROPERTY,HKEX,待分类,02088.HK,,上市,,https://www.hkex.com.hk/eng/services/trading/securities/securitieslists/ListOfSecurities.xlsx,2026-07-29
02096.HK,SIMCERE PHARMA,HKEX,待分类,02096.HK,,上市,,https://www.hkex.com.hk/eng/services/trading/securities/securitieslists/ListOfSecurities.xlsx,2026-07-29
02097.HK,MIXUE GROUP,HKEX,待分类,02097.HK,,上市,,https://www.hkex.com.hk/eng/services/trading/securities/securitieslists/ListOfSecurities.xlsx,2026-07-29
02098.HK,ZALL SMARTCOM,HKEX,待分类,02098.HK,,上市,,https://www.hkex.com.hk/eng/services/trading/securities/securitieslists/ListOfSecurities.xlsx,2026-07-29
02099.HK,CHINAGOLDINTL,HKEX,待分类,02099.HK,,上市,,https://www.hkex.com.hk/eng/services/trading/securities/securitieslists/ListOfSecurities.xlsx,2026-07-29
02100.HK,BAIOO,HKEX,待分类,02100.HK,,上市,,https://www.hkex.com.hk/eng/services/trading/securities/securitieslists/ListOfSecurities.xlsx,2026-07-29
02101.HK,FULU HOLDINGS,HKEX,待分类,02101.HK,,上市,,https://www.hkex.com.hk/eng/services/trading/securities/securitieslists/ListOfSecurities.xlsx,2026-07-29
02102.HK,TAK LEE MACH,HKEX,待分类,02102.HK,,上市,,https://www.hkex.com.hk/eng/services/trading/securities/securitieslists/ListOfSecurities.xlsx,2026-07-29
02105.HK,LAEKNA-B,HKEX,待分类,02105.HK,,上市,,https://www.hkex.com.hk/eng/services/trading/securities/securitieslists/ListOfSecurities.xlsx,2026-07-29
02107.HK,FIRST SERVICE,HKEX,待分类,02107.HK,,上市,,https://www.hkex.com.hk/eng/services/trading/securities/securitieslists/ListOfSecurities.xlsx,2026-07-29
02108.HK,K2 F&B,HKEX,待分类,02108.HK,,上市,,https://www.hkex.com.hk/eng/services/trading/securities/securitieslists/ListOfSecurities.xlsx,2026-07-29
02110.HK,TIAN CHENG HLDG,HKEX,待分类,02110.HK,,上市,,https://www.hkex.com.hk/eng/services/trading/securities/securitieslists/ListOfSecurities.xlsx,2026-07-29
02111.HK,BEST PACIFIC,HKEX,待分类,02111.HK,,上市,,https://www.hkex.com.hk/eng/services/trading/securities/securitieslists/ListOfSecurities.xlsx,2026-07-29
02112.HK,GRACE LIFE-TECH,HKEX,待分类,02112.HK,,上市,,https://www.hkex.com.hk/eng/services/trading/securities/securitieslists/ListOfSecurities.xlsx,2026-07-29
02113.HK,CENTURY GP INTL,HKEX,待分类,02113.HK,,上市,,https://www.hkex.com.hk/eng/services/trading/securities/securitieslists/ListOfSecurities.xlsx,2026-07-29
02116.HK,JS INNOV,HKEX,待分类,02116.HK,,上市,,https://www.hkex.com.hk/eng/services/trading/securities/securitieslists/ListOfSecurities.xlsx,2026-07-29
02119.HK,TSIT WING INTL,HKEX,待分类,02119.HK,,上市,,https://www.hkex.com.hk/eng/services/trading/securities/securitieslists/ListOfSecurities.xlsx,2026-07-29
02120.HK,KN HOSPITAL,HKEX,待分类,02120.HK,,上市,,https://www.hkex.com.hk/eng/services/trading/securities/securitieslists/ListOfSecurities.xlsx,2026-07-29
02121.HK,AINNOVATION,HKEX,待分类,02121.HK,,上市,,https://www.hkex.com.hk/eng/services/trading/securities/securitieslists/ListOfSecurities.xlsx,2026-07-29
02122.HK,KIDSLAND INTL,HKEX,待分类,02122.HK,,上市,,https://www.hkex.com.hk/eng/services/trading/securities/securitieslists/ListOfSecurities.xlsx,2026-07-29
02125.HK,STRAWBEAR ENT,HKEX,待分类,02125.HK,,上市,,https://www.hkex.com.hk/eng/services/trading/securities/securitieslists/ListOfSecurities.xlsx,2026-07-29
02126.HK,JW THERAP-B,HKEX,待分类,02126.HK,,上市,,https://www.hkex.com.hk/eng/services/trading/securities/securitieslists/ListOfSecurities.xlsx,2026-07-29
02127.HK,HUISEN SHARES,HKEX,待分类,02127.HK,,上市,,https://www.hkex.com.hk/eng/services/trading/securities/securitieslists/ListOfSecurities.xlsx,2026-07-29
02128.HK,CHINA LESSO,HKEX,待分类,02128.HK,,上市,,https://www.hkex.com.hk/eng/services/trading/securities/securitieslists/ListOfSecurities.xlsx,2026-07-29
02129.HK,LEGION CONSO,HKEX,待分类,02129.HK,,上市,,https://www.hkex.com.hk/eng/services/trading/securities/securitieslists/ListOfSecurities.xlsx,2026-07-29
02130.HK,CN LOGISTICS,HKEX,待分类,02130.HK,,上市,,https://www.hkex.com.hk/eng/services/trading/securities/securitieslists/ListOfSecurities.xlsx,2026-07-29
02131.HK,NETJOY,HKEX,待分类,02131.HK,,上市,,https://www.hkex.com.hk/eng/services/trading/securities/securitieslists/ListOfSecurities.xlsx,2026-07-29
02132.HK,LANDRICH HLDG,HKEX,待分类,02132.HK,,上市,,https://www.hkex.com.hk/eng/services/trading/securities/securitieslists/ListOfSecurities.xlsx,2026-07-29
02135.HK,RAILY AESMED,HKEX,待分类,02135.HK,,上市,,https://www.hkex.com.hk/eng/services/trading/securities/securitieslists/ListOfSecurities.xlsx,2026-07-29
02136.HK,LIFESTYLE CHI,HKEX,待分类,02136.HK,,上市,,https://www.hkex.com.hk/eng/services/trading/securities/securitieslists/ListOfSecurities.xlsx,2026-07-29
02137.HK,BRII-B,HKEX,待分类,02137.HK,,上市,,https://www.hkex.com.hk/eng/services/trading/securities/securitieslists/ListOfSecurities.xlsx,2026-07-29
02138.HK,EC HEALTHCARE,HKEX,待分类,02138.HK,,上市,,https://www.hkex.com.hk/eng/services/trading/securities/securitieslists/ListOfSecurities.xlsx,2026-07-29
02139.HK,BANK OF GANSU,HKEX,待分类,02139.HK,,上市,,https://www.hkex.com.hk/eng/services/trading/securities/securitieslists/ListOfSecurities.xlsx,2026-07-29
02142.HK,HBM HOLDINGS-B,HKEX,待分类,02142.HK,,上市,,https://www.hkex.com.hk/eng/services/trading/securities/securitieslists/ListOfSecurities.xlsx,2026-07-29
02145.HK,CHICMAX,HKEX,待分类,02145.HK,,上市,,https://www.hkex.com.hk/eng/services/trading/securities/securitieslists/ListOfSecurities.xlsx,2026-07-29
02146.HK,ROISERV,HKEX,待分类,02146.HK,,上市,,https://www.hkex.com.hk/eng/services/trading/securities/securitieslists/ListOfSecurities.xlsx,2026-07-29
02147.HK,ZHENGWEI GROUP,HKEX,待分类,02147.HK,,上市,,https://www.hkex.com.hk/eng/services/trading/securities/securitieslists/ListOfSecurities.xlsx,2026-07-29
02149.HK,BATELAB,HKEX,待分类,02149.HK,,上市,,https://www.hkex.com.hk/eng/services/trading/securities/securitieslists/ListOfSecurities.xlsx,2026-07-29
02150.HK,NAYUKI,HKEX,待分类,02150.HK,,上市,,https://www.hkex.com.hk/eng/services/trading/securities/securitieslists/ListOfSecurities.xlsx,2026-07-29
02152.HK,SUXIN SERVICES,HKEX,待分类,02152.HK,,上市,,https://www.hkex.com.hk/eng/services/trading/securities/securitieslists/ListOfSecurities.xlsx,2026-07-29
02153.HK,TAT HONG EQUIP,HKEX,待分类,02153.HK,,上市,,https://www.hkex.com.hk/eng/services/trading/securities/securitieslists/ListOfSecurities.xlsx,2026-07-29
02155.HK,MORIMATSU INTL,HKEX,待分类,02155.HK,,上市,,https://www.hkex.com.hk/eng/services/trading/securities/securitieslists/ListOfSecurities.xlsx,2026-07-29
02156.HK,C&D PROPERTY,HKEX,待分类,02156.HK,,上市,,https://www.hkex.com.hk/eng/services/trading/securities/securitieslists/ListOfSecurities.xlsx,2026-07-29
02157.HK,LEPU BIO,HKEX,待分类,02157.HK,,上市,,https://www.hkex.com.hk/eng/services/trading/securities/securitieslists/ListOfSecurities.xlsx,2026-07-29
02158.HK,YIDU TECH,HKEX,待分类,02158.HK,,上市,,https://www.hkex.com.hk/eng/services/trading/securities/securitieslists/ListOfSecurities.xlsx,2026-07-29
02159.HK,MEDIWELCOME,HKEX,待分类,02159.HK,,上市,,https://www.hkex.com.hk/eng/services/trading/securities/securitieslists/ListOfSecurities.xlsx,2026-07-29
02160.HK,MP CARDIOFLOW-B,HKEX,待分类,02160.HK,,上市,,https://www.hkex.com.hk/eng/services/trading/securities/securitieslists/ListOfSecurities.xlsx,2026-07-29
02161.HK,JBM HEALTHCARE,HKEX,待分类,02161.HK,,上市,,https://www.hkex.com.hk/eng/services/trading/securities/securitieslists/ListOfSecurities.xlsx,2026-07-29
02162.HK,KEYMED BIO-B,HKEX,待分类,02162.HK,,上市,,https://www.hkex.com.hk/eng/services/trading/securities/securitieslists/ListOfSecurities.xlsx,2026-07-29
02163.HK,BROAD HOMES,HKEX,待分类,02163.HK,,上市,,https://www.hkex.com.hk/eng/services/trading/securities/securitieslists/ListOfSecurities.xlsx,2026-07-29
02165.HK,LING YUE SER GP,HKEX,待分类,02165.HK,,上市,,https://www.hkex.com.hk/eng/services/trading/securities/securitieslists/ListOfSecurities.xlsx,2026-07-29
02166.HK,SMART-CORE,HKEX,待分类,02166.HK,,上市,,https://www.hkex.com.hk/eng/services/trading/securities/securitieslists/ListOfSecurities.xlsx,2026-07-29
02167.HK,TI CLOUD,HKEX,待分类,02167.HK,,上市,,https://www.hkex.com.hk/eng/services/trading/securities/securitieslists/ListOfSecurities.xlsx,2026-07-29
02168.HK,KAISA PROSPER,HKEX,待分类,02168.HK,,上市,,https://www.hkex.com.hk/eng/services/trading/securities/securitieslists/ListOfSecurities.xlsx,2026-07-29
02169.HK,CANGGANGRAILWAY,HKEX,待分类,02169.HK,,上市,,https://www.hkex.com.hk/eng/services/trading/securities/securitieslists/ListOfSecurities.xlsx,2026-07-29
02170.HK,BASECARE-B,HKEX,待分类,02170.HK,,上市,,https://www.hkex.com.hk/eng/services/trading/securities/securitieslists/ListOfSecurities.xlsx,2026-07-29
02171.HK,CARSGEN-B,HKEX,待分类,02171.HK,,上市,,https://www.hkex.com.hk/eng/services/trading/securities/securitieslists/ListOfSecurities.xlsx,2026-07-29
02172.HK,MICROPORT NEURO,HKEX,待分类,02172.HK,,上市,,https://www.hkex.com.hk/eng/services/trading/securities/securitieslists/ListOfSecurities.xlsx,2026-07-29
02175.HK,CH GENERAL EDU,HKEX,待分类,02175.HK,,上市,,https://www.hkex.com.hk/eng/services/trading/securities/securitieslists/ListOfSecurities.xlsx,2026-07-29
02176.HK,CCID CONSULTING,HKEX,待分类,02176.HK,,上市,,https://www.hkex.com.hk/eng/services/trading/securities/securitieslists/ListOfSecurities.xlsx,2026-07-29
02177.HK,UNQ HOLDINGS,HKEX,待分类,02177.HK,,上市,,https://www.hkex.com.hk/eng/services/trading/securities/securitieslists/ListOfSecurities.xlsx,2026-07-29
02178.HK,PETRO-KING,HKEX,待分类,02178.HK,,上市,,https://www.hkex.com.hk/eng/services/trading/securities/securitieslists/ListOfSecurities.xlsx,2026-07-29
02179.HK,RECBIO-B,HKEX,待分类,02179.HK,,上市,,https://www.hkex.com.hk/eng/services/trading/securities/securitieslists/ListOfSecurities.xlsx,2026-07-29
02180.HK,MANPOWER GRC,HKEX,待分类,02180.HK,,上市,,https://www.hkex.com.hk/eng/services/trading/securities/securitieslists/ListOfSecurities.xlsx,2026-07-29
02181.HK,MABPHARM-B,HKEX,待分类,02181.HK,,上市,,https://www.hkex.com.hk/eng/services/trading/securities/securitieslists/ListOfSecurities.xlsx,2026-07-29
02182.HK,TIAN CHANG GP,HKEX,待分类,02182.HK,,上市,,https://www.hkex.com.hk/eng/services/trading/securities/securitieslists/ListOfSecurities.xlsx,2026-07-29
02185.HK,BIOHEART-B,HKEX,待分类,02185.HK,,上市,,https://www.hkex.com.hk/eng/services/trading/securities/securitieslists/ListOfSecurities.xlsx,2026-07-29
02186.HK,LUYE PHARMA,HKEX,待分类,02186.HK,,上市,,https://www.hkex.com.hk/eng/services/trading/securities/securitieslists/ListOfSecurities.xlsx,2026-07-29
02187.HK,ZHIXIN GP HLDG,HKEX,待分类,02187.HK,,上市,,https://www.hkex.com.hk/eng/services/trading/securities/securitieslists/ListOfSecurities.xlsx,2026-07-29
02188.HK,TITANS ENERGY,HKEX,待分类,02188.HK,,上市,,https://www.hkex.com.hk/eng/services/trading/securities/securitieslists/ListOfSecurities.xlsx,2026-07-29
02189.HK,KATO (HK) HLDGS,HKEX,待分类,02189.HK,,上市,,https://www.hkex.com.hk/eng/services/trading/securities/securitieslists/ListOfSecurities.xlsx,2026-07-29
02190.HK,ZYLOXTB,HKEX,待分类,02190.HK,,上市,,https://www.hkex.com.hk/eng/services/trading/securities/securitieslists/ListOfSecurities.xlsx,2026-07-29
02192.HK,MEDLIVE,HKEX,待分类,02192.HK,,上市,,https://www.hkex.com.hk/eng/services/trading/securities/securitieslists/ListOfSecurities.xlsx,2026-07-29
02193.HK,MAN KING HOLD,HKEX,待分类,02193.HK,,上市,,https://www.hkex.com.hk/eng/services/trading/securities/securitieslists/ListOfSecurities.xlsx,2026-07-29
02195.HK,UNITY ENT,HKEX,待分类,02195.HK,,上市,,https://www.hkex.com.hk/eng/services/trading/securities/securitieslists/ListOfSecurities.xlsx,2026-07-29
02196.HK,FOSUN PHARMA,HKEX,待分类,02196.HK,,上市,,https://www.hkex.com.hk/eng/services/trading/securities/securitieslists/ListOfSecurities.xlsx,2026-07-29
02197.HK,CLOVER BIO-B,HKEX,待分类,02197.HK,,上市,,https://www.hkex.com.hk/eng/services/trading/securities/securitieslists/ListOfSecurities.xlsx,2026-07-29
02198.HK,CHINA SANJIANG,HKEX,待分类,02198.HK,,上市,,https://www.hkex.com.hk/eng/services/trading/securities/securitieslists/ListOfSecurities.xlsx,2026-07-29
02199.HK,REGINA MIRACLE,HKEX,待分类,02199.HK,,上市,,https://www.hkex.com.hk/eng/services/trading/securities/securitieslists/ListOfSecurities.xlsx,2026-07-29
02202.HK,CHINA VANKE,HKEX,待分类,02202.HK,,上市,,https://www.hkex.com.hk/eng/services/trading/securities/securitieslists/ListOfSecurities.xlsx,2026-07-29
02203.HK,BRAINHOLE TECH,HKEX,待分类,02203.HK,,上市,,https://www.hkex.com.hk/eng/services/trading/securities/securitieslists/ListOfSecurities.xlsx,2026-07-29
02205.HK,KANGQIAO SER,HKEX,待分类,02205.HK,,上市,,https://www.hkex.com.hk/eng/services/trading/securities/securitieslists/ListOfSecurities.xlsx,2026-07-29
02208.HK,GOLDWIND,HKEX,待分类,02208.HK,,上市,,https://www.hkex.com.hk/eng/services/trading/securities/securitieslists/ListOfSecurities.xlsx,2026-07-29
02209.HK,YESASIA HLDGS,HKEX,待分类,02209.HK,,上市,,https://www.hkex.com.hk/eng/services/trading/securities/securitieslists/ListOfSecurities.xlsx,2026-07-29
02210.HK,BEIJING JIAYE,HKEX,待分类,02210.HK,,上市,,https://www.hkex.com.hk/eng/services/trading/securities/securitieslists/ListOfSecurities.xlsx,2026-07-29
02211.HK,UNI HEALTH,HKEX,待分类,02211.HK,,上市,,https://www.hkex.com.hk/eng/services/trading/securities/securitieslists/ListOfSecurities.xlsx,2026-07-29
02212.HK,FB MINING,HKEX,待分类,02212.HK,,上市,,https://www.hkex.com.hk/eng/services/trading/securities/securitieslists/ListOfSecurities.xlsx,2026-07-29
02215.HK,DEXIN SER GROUP,HKEX,待分类,02215.HK,,上市,,https://www.hkex.com.hk/eng/services/trading/securities/securitieslists/ListOfSecurities.xlsx,2026-07-29
02216.HK,BRONCUS-B,HKEX,待分类,02216.HK,,上市,,https://www.hkex.com.hk/eng/services/trading/securities/securitieslists/ListOfSecurities.xlsx,2026-07-29
02218.HK,ANDRE JUICE,HKEX,待分类,02218.HK,,上市,,https://www.hkex.com.hk/eng/services/trading/securities/securitieslists/ListOfSecurities.xlsx,2026-07-29
02219.HK,CHAOJU EYE CARE,HKEX,待分类,02219.HK,,上市,,https://www.hkex.com.hk/eng/services/trading/securities/securitieslists/ListOfSecurities.xlsx,2026-07-29
02221.HK,NEW CONCEPTS,HKEX,待分类,02221.HK,,上市,,https://www.hkex.com.hk/eng/services/trading/securities/securitieslists/ListOfSecurities.xlsx,2026-07-29
02222.HK,NVC INTL,HKEX,待分类,02222.HK,,上市,,https://www.hkex.com.hk/eng/services/trading/securities/securitieslists/ListOfSecurities.xlsx,2026-07-29
02223.HK,CASABLANCA,HKEX,待分类,02223.HK,,上市,,https://www.hkex.com.hk/eng/services/trading/securities/securitieslists/ListOfSecurities.xlsx,2026-07-29
02225.HK,JINHAI MED TECH,HKEX,待分类,02225.HK,,上市,,https://www.hkex.com.hk/eng/services/trading/securities/securitieslists/ListOfSecurities.xlsx,2026-07-29
02226.HK,HONWORLD GP,HKEX,待分类,02226.HK,,上市,,https://www.hkex.com.hk/eng/services/trading/securities/securitieslists/ListOfSecurities.xlsx,2026-07-29
02227.HK,SOLIS HOLDINGS,HKEX,待分类,02227.HK,,上市,,https://www.hkex.com.hk/eng/services/trading/securities/securitieslists/ListOfSecurities.xlsx,2026-07-29
02228.HK,XTALPI,HKEX,待分类,02228.HK,,上市,,https://www.hkex.com.hk/eng/services/trading/securities/securitieslists/ListOfSecurities.xlsx,2026-07-29
02230.HK,MEDIALINK GROUP,HKEX,待分类,02230.HK,,上市,,https://www.hkex.com.hk/eng/services/trading/securities/securitieslists/ListOfSecurities.xlsx,2026-07-29
02231.HK,JY GRANDMARK,HKEX,待分类,02231.HK,,上市,,https://www.hkex.com.hk/eng/services/trading/securities/securitieslists/ListOfSecurities.xlsx,2026-07-29
02232.HK,CRYSTAL INTL,HKEX,待分类,02232.HK,,上市,,https://www.hkex.com.hk/eng/services/trading/securities/securitieslists/ListOfSecurities.xlsx,2026-07-29
02233.HK,WESTCHINACEMENT,HKEX,待分类,02233.HK,,上市,,https://www.hkex.com.hk/eng/services/trading/securities/securitieslists/ListOfSecurities.xlsx,2026-07-29
02235.HK,MICROTECH MED-B,HKEX,待分类,02235.HK,,上市,,https://www.hkex.com.hk/eng/services/trading/securities/securitieslists/ListOfSecurities.xlsx,2026-07-29
02236.HK,WISON ENGRG,HKEX,待分类,02236.HK,,上市,,https://www.hkex.com.hk/eng/services/trading/securities/securitieslists/ListOfSecurities.xlsx,2026-07-29
02237.HK,CHINA GRAPHITE,HKEX,待分类,02237.HK,,上市,,https://www.hkex.com.hk/eng/services/trading/securities/securitieslists/ListOfSecurities.xlsx,2026-07-29
02238.HK,GAC GROUP,HKEX,待分类,02238.HK,,上市,,https://www.hkex.com.hk/eng/services/trading/securities/securitieslists/ListOfSecurities.xlsx,2026-07-29
02239.HK,SMIT,HKEX,待分类,02239.HK,,上市,,https://www.hkex.com.hk/eng/services/trading/securities/securitieslists/ListOfSecurities.xlsx,2026-07-29
02245.HK,LYGEND RESOURCE,HKEX,待分类,02245.HK,,上市,,https://www.hkex.com.hk/eng/services/trading/securities/securitieslists/ListOfSecurities.xlsx,2026-07-29
02246.HK,GOGOX,HKEX,待分类,02246.HK,,上市,,https://www.hkex.com.hk/eng/services/trading/securities/securitieslists/ListOfSecurities.xlsx,2026-07-29
02249.HK,NEXCHIP,HKEX,待分类,02249.HK,,上市,,https://www.hkex.com.hk/eng/services/trading/securities/securitieslists/ListOfSecurities.xlsx,2026-07-29
02250.HK,B.DUCK SEMK,HKEX,待分类,02250.HK,,上市,,https://www.hkex.com.hk/eng/services/trading/securities/securitieslists/ListOfSecurities.xlsx,2026-07-29
02251.HK,AIRDOC-B,HKEX,待分类,02251.HK,,上市,,https://www.hkex.com.hk/eng/services/trading/securities/securitieslists/ListOfSecurities.xlsx,2026-07-29
02252.HK,MEDBOT-B,HKEX,待分类,02252.HK,,上市,,https://www.hkex.com.hk/eng/services/trading/securities/securitieslists/ListOfSecurities.xlsx,2026-07-29
02255.HK,HAICHANG HLDG,HKEX,待分类,02255.HK,,上市,,https://www.hkex.com.hk/eng/services/trading/securities/securitieslists/ListOfSecurities.xlsx,2026-07-29
02256.HK,ABBISKO-B,HKEX,待分类,02256.HK,,上市,,https://www.hkex.com.hk/eng/services/trading/securities/securitieslists/ListOfSecurities.xlsx,2026-07-29
02257.HK,SIRNAOMICS-B,HKEX,待分类,02257.HK,,上市,,https://www.hkex.com.hk/eng/services/trading/securities/securitieslists/ListOfSecurities.xlsx,2026-07-29
02258.HK,WATTS INT'L,HKEX,待分类,02258.HK,,上市,,https://www.hkex.com.hk/eng/services/trading/securities/securitieslists/ListOfSecurities.xlsx,2026-07-29
02259.HK,ZIJIN GOLD INTL,HKEX,待分类,02259.HK,,上市,,https://www.hkex.com.hk/eng/services/trading/securities/securitieslists/ListOfSecurities.xlsx,2026-07-29
02260.HK,VANOV HOLDINGS,HKEX,待分类,02260.HK,,上市,,https://www.hkex.com.hk/eng/services/trading/securities/securitieslists/ListOfSecurities.xlsx,2026-07-29
02262.HK,SLD GROUP,HKEX,待分类,02262.HK,,上市,,https://www.hkex.com.hk/eng/services/trading/securities/securitieslists/ListOfSecurities.xlsx,2026-07-29
02263.HK,FU SHEK FIN,HKEX,待分类,02263.HK,,上市,,https://www.hkex.com.hk/eng/services/trading/securities/securitieslists/ListOfSecurities.xlsx,2026-07-29
02265.HK,HC ENV TECH,HKEX,待分类,02265.HK,,上市,,https://www.hkex.com.hk/eng/services/trading/securities/securitieslists/ListOfSecurities.xlsx,2026-07-29
02266.HK,LAI SI ENT,HKEX,待分类,02266.HK,,上市,,https://www.hkex.com.hk/eng/services/trading/securities/securitieslists/ListOfSecurities.xlsx,2026-07-29
02268.HK,WUXI XDC,HKEX,待分类,02268.HK,,上市,,https://www.hkex.com.hk/eng/services/trading/securities/securitieslists/ListOfSecurities.xlsx,2026-07-29
02269.HK,WUXI BIO,HKEX,待分类,02269.HK,,上市,,https://www.hkex.com.hk/eng/services/trading/securities/securitieslists/ListOfSecurities.xlsx,2026-07-29
02270.HK,DESUN SERVICES,HKEX,待分类,02270.HK,,上市,,https://www.hkex.com.hk/eng/services/trading/securities/securitieslists/ListOfSecurities.xlsx,2026-07-29
02271.HK,ZHONGAN SERVICE,HKEX,待分类,02271.HK,,上市,,https://www.hkex.com.hk/eng/services/trading/securities/securitieslists/ListOfSecurities.xlsx,2026-07-29
02272.HK,KEYTOP PARKING,HKEX,待分类,02272.HK,,上市,,https://www.hkex.com.hk/eng/services/trading/securities/securitieslists/ListOfSecurities.xlsx,2026-07-29
02273.HK,GUSHENGTANG,HKEX,待分类,02273.HK,,上市,,https://www.hkex.com.hk/eng/services/trading/securities/securitieslists/ListOfSecurities.xlsx,2026-07-29
02276.HK,CONANT OPTICAL,HKEX,待分类,02276.HK,,上市,,https://www.hkex.com.hk/eng/services/trading/securities/securitieslists/ListOfSecurities.xlsx,2026-07-29
02279.HK,YONGHE MEDICAL,HKEX,待分类,02279.HK,,上市,,https://www.hkex.com.hk/eng/services/trading/securities/securitieslists/ListOfSecurities.xlsx,2026-07-29
02280.HK,HC GROUP,HKEX,待分类,02280.HK,,上市,,https://www.hkex.com.hk/eng/services/trading/securities/securitieslists/ListOfSecurities.xlsx,2026-07-29
02281.HK,XINGLU WATER,HKEX,待分类,02281.HK,,上市,,https://www.hkex.com.hk/eng/services/trading/securities/securitieslists/ListOfSecurities.xlsx,2026-07-29
02282.HK,MGM CHINA,HKEX,待分类,02282.HK,,上市,,https://www.hkex.com.hk/eng/services/trading/securities/securitieslists/ListOfSecurities.xlsx,2026-07-29
02283.HK,TK GROUP HLDG,HKEX,待分类,02283.HK,,上市,,https://www.hkex.com.hk/eng/services/trading/securities/securitieslists/ListOfSecurities.xlsx,2026-07-29
02285.HK,CHERVON,HKEX,待分类,02285.HK,,上市,,https://www.hkex.com.hk/eng/services/trading/securities/securitieslists/ListOfSecurities.xlsx,2026-07-29
02286.HK,CHEN XING,HKEX,待分类,02286.HK,,上市,,https://www.hkex.com.hk/eng/services/trading/securities/securitieslists/ListOfSecurities.xlsx,2026-07-29
02288.HK,RYKADAN CAPITAL,HKEX,待分类,02288.HK,,上市,,https://www.hkex.com.hk/eng/services/trading/securities/securitieslists/ListOfSecurities.xlsx,2026-07-29
02289.HK,CHARMACY PHAR,HKEX,待分类,02289.HK,,上市,,https://www.hkex.com.hk/eng/services/trading/securities/securitieslists/ListOfSecurities.xlsx,2026-07-29
02290.HK,LUNG FUNG GROUP,HKEX,待分类,02290.HK,,上市,,https://www.hkex.com.hk/eng/services/trading/securities/securitieslists/ListOfSecurities.xlsx,2026-07-29
02291.HK,SCIENTECH,HKEX,待分类,02291.HK,,上市,,https://www.hkex.com.hk/eng/services/trading/securities/securitieslists/ListOfSecurities.xlsx,2026-07-29
02293.HK,BAMBOOSHEALTH,HKEX,待分类,02293.HK,,上市,,https://www.hkex.com.hk/eng/services/trading/securities/securitieslists/ListOfSecurities.xlsx,2026-07-29
02295.HK,MAXICITY,HKEX,待分类,02295.HK,,上市,,https://www.hkex.com.hk/eng/services/trading/securities/securitieslists/ListOfSecurities.xlsx,2026-07-29
02297.HK,RAINMED-B,HKEX,待分类,02297.HK,,上市,,https://www.hkex.com.hk/eng/services/trading/securities/securitieslists/ListOfSecurities.xlsx,2026-07-29
02298.HK,COSMO LADY,HKEX,待分类,02298.HK,,上市,,https://www.hkex.com.hk/eng/services/trading/securities/securitieslists/ListOfSecurities.xlsx,2026-07-29
02299.HK,BILLION IND,HKEX,待分类,02299.HK,,上市,,https://www.hkex.com.hk/eng/services/trading/securities/securitieslists/ListOfSecurities.xlsx,2026-07-29
02302.HK,CNNC INT'L,HKEX,待分类,02302.HK,,上市,,https://www.hkex.com.hk/eng/services/trading/securities/securitieslists/ListOfSecurities.xlsx,2026-07-29
02306.HK,YH ENT,HKEX,待分类,02306.HK,,上市,,https://www.hkex.com.hk/eng/services/trading/securities/securitieslists/ListOfSecurities.xlsx,2026-07-29
02307.HK,KAM HING INT'L,HKEX,待分类,02307.HK,,上市,,https://www.hkex.com.hk/eng/services/trading/securities/securitieslists/ListOfSecurities.xlsx,2026-07-29
02309.HK,ZO FUTURE GROUP,HKEX,待分类,02309.HK,,上市,,https://www.hkex.com.hk/eng/services/trading/securities/securitieslists/ListOfSecurities.xlsx,2026-07-29
02310.HK,TIMES UNI GP,HKEX,待分类,02310.HK,,上市,,https://www.hkex.com.hk/eng/services/trading/securities/securitieslists/ListOfSecurities.xlsx,2026-07-29
02313.HK,SHENZHOU INTL,HKEX,待分类,02313.HK,,上市,,https://www.hkex.com.hk/eng/services/trading/securities/securitieslists/ListOfSecurities.xlsx,2026-07-29
02314.HK,LEE & MAN PAPER,HKEX,待分类,02314.HK,,上市,,https://www.hkex.com.hk/eng/services/trading/securities/securitieslists/ListOfSecurities.xlsx,2026-07-29
02315.HK,BIOCYTOGEN-B,HKEX,待分类,02315.HK,,上市,,https://www.hkex.com.hk/eng/services/trading/securities/securitieslists/ListOfSecurities.xlsx,2026-07-29
02317.HK,VEDAN INT'L,HKEX,待分类,02317.HK,,上市,,https://www.hkex.com.hk/eng/services/trading/securities/securitieslists/ListOfSecurities.xlsx,2026-07-29
02318.HK,PING AN,HKEX,待分类,02318.HK,,上市,,https://www.hkex.com.hk/eng/services/trading/securities/securitieslists/ListOfSecurities.xlsx,2026-07-29
02319.HK,MENGNIU DAIRY,HKEX,待分类,02319.HK,,上市,,https://www.hkex.com.hk/eng/services/trading/securities/securitieslists/ListOfSecurities.xlsx,2026-07-29
02320.HK,HOP FUNG GROUP,HKEX,待分类,02320.HK,,上市,,https://www.hkex.com.hk/eng/services/trading/securities/securitieslists/ListOfSecurities.xlsx,2026-07-29
02321.HK,SWANGCHAICHUAN,HKEX,待分类,02321.HK,,上市,,https://www.hkex.com.hk/eng/services/trading/securities/securitieslists/ListOfSecurities.xlsx,2026-07-29
02322.HK,MODERN INNO DT,HKEX,待分类,02322.HK,,上市,,https://www.hkex.com.hk/eng/services/trading/securities/securitieslists/ListOfSecurities.xlsx,2026-07-29
02323.HK,RENCO HOLDINGS,HKEX,待分类,02323.HK,,上市,,https://www.hkex.com.hk/eng/services/trading/securities/securitieslists/ListOfSecurities.xlsx,2026-07-29
02325.HK,YUNKANG GROUP,HKEX,待分类,02325.HK,,上市,,https://www.hkex.com.hk/eng/services/trading/securities/securitieslists/ListOfSecurities.xlsx,2026-07-29
02326.HK,NPE HOLDINGS,HKEX,待分类,02326.HK,,上市,,https://www.hkex.com.hk/eng/services/trading/securities/securitieslists/ListOfSecurities.xlsx,2026-07-29
02327.HK,MEILLEUREHEALTH,HKEX,待分类,02327.HK,,上市,,https://www.hkex.com.hk/eng/services/trading/securities/securitieslists/ListOfSecurities.xlsx,2026-07-29
02328.HK,PICC P&C,HKEX,待分类,02328.HK,,上市,,https://www.hkex.com.hk/eng/services/trading/securities/securitieslists/ListOfSecurities.xlsx,2026-07-29
02329.HK,GLORY HEALTH,HKEX,待分类,02329.HK,,上市,,https://www.hkex.com.hk/eng/services/trading/securities/securitieslists/ListOfSecurities.xlsx,2026-07-29
02330.HK,CHINA UPTOWN,HKEX,待分类,02330.HK,,上市,,https://www.hkex.com.hk/eng/services/trading/securities/securitieslists/ListOfSecurities.xlsx,2026-07-29
02331.HK,LI NING,HKEX,待分类,02331.HK,,上市,,https://www.hkex.com.hk/eng/services/trading/securities/securitieslists/ListOfSecurities.xlsx,2026-07-29
02333.HK,GWMOTOR,HKEX,待分类,02333.HK,,上市,,https://www.hkex.com.hk/eng/services/trading/securities/securitieslists/ListOfSecurities.xlsx,2026-07-29
02335.HK,MICOT PHARMA-B,HKEX,待分类,02335.HK,,上市,,https://www.hkex.com.hk/eng/services/trading/securities/securitieslists/ListOfSecurities.xlsx,2026-07-29
02336.HK,SHUOAO INTL,HKEX,待分类,02336.HK,,上市,,https://www.hkex.com.hk/eng/services/trading/securities/securitieslists/ListOfSecurities.xlsx,2026-07-29
02337.HK,UNITED STRENGTH,HKEX,待分类,02337.HK,,上市,,https://www.hkex.com.hk/eng/services/trading/securities/securitieslists/ListOfSecurities.xlsx,2026-07-29
02338.HK,WEICHAI POWER,HKEX,待分类,02338.HK,,上市,,https://www.hkex.com.hk/eng/services/trading/securities/securitieslists/ListOfSecurities.xlsx,2026-07-29
02339.HK,BWI INT'L,HKEX,待分类,02339.HK,,上市,,https://www.hkex.com.hk/eng/services/trading/securities/securitieslists/ListOfSecurities.xlsx,2026-07-29
02340.HK,ISP HOLDINGS,HKEX,待分类,02340.HK,,上市,,https://www.hkex.com.hk/eng/services/trading/securities/securitieslists/ListOfSecurities.xlsx,2026-07-29
02342.HK,COMBA,HKEX,待分类,02342.HK,,上市,,https://www.hkex.com.hk/eng/services/trading/securities/securitieslists/ListOfSecurities.xlsx,2026-07-29
02343.HK,PACIFIC BASIN,HKEX,待分类,02343.HK,,上市,,https://www.hkex.com.hk/eng/services/trading/securities/securitieslists/ListOfSecurities.xlsx,2026-07-29
02347.HK,YOHO GROUP,HKEX,待分类,02347.HK,,上市,,https://www.hkex.com.hk/eng/services/trading/securities/securitieslists/ListOfSecurities.xlsx,2026-07-29
02348.HK,DAWNRAYS PHARMA,HKEX,待分类,02348.HK,,上市,,https://www.hkex.com.hk/eng/services/trading/securities/securitieslists/ListOfSecurities.xlsx,2026-07-29
02349.HK,CHINA AI INFRA,HKEX,待分类,02349.HK,,上市,,https://www.hkex.com.hk/eng/services/trading/securities/securitieslists/ListOfSecurities.xlsx,2026-07-29
02350.HK,MTT GROUP,HKEX,待分类,02350.HK,,上市,,https://www.hkex.com.hk/eng/services/trading/securities/securitieslists/ListOfSecurities.xlsx,2026-07-29
02352.HK,DOWELL SERVICE,HKEX,待分类,02352.HK,,上市,,https://www.hkex.com.hk/eng/services/trading/securities/securitieslists/ListOfSecurities.xlsx,2026-07-29
02355.HK,BAOYE GROUP,HKEX,待分类,02355.HK,,上市,,https://www.hkex.com.hk/eng/services/trading/securities/securitieslists/ListOfSecurities.xlsx,2026-07-29
02356.HK,DAHSING BANKING,HKEX,待分类,02356.HK,,上市,,https://www.hkex.com.hk/eng/services/trading/securities/securitieslists/ListOfSecurities.xlsx,2026-07-29
02357.HK,AVICHINA,HKEX,待分类,02357.HK,,上市,,https://www.hkex.com.hk/eng/services/trading/securities/securitieslists/ListOfSecurities.xlsx,2026-07-29
02358.HK,JIU RONG HOLD,HKEX,待分类,02358.HK,,上市,,https://www.hkex.com.hk/eng/services/trading/securities/securitieslists/ListOfSecurities.xlsx,2026-07-29
02359.HK,WUXI APPTEC,HKEX,待分类,02359.HK,,上市,,https://www.hkex.com.hk/eng/services/trading/securities/securitieslists/ListOfSecurities.xlsx,2026-07-29
02360.HK,BEST MART 360,HKEX,待分类,02360.HK,,上市,,https://www.hkex.com.hk/eng/services/trading/securities/securitieslists/ListOfSecurities.xlsx,2026-07-29
02361.HK,SINOHEALTH TECH,HKEX,待分类,02361.HK,,上市,,https://www.hkex.com.hk/eng/services/trading/securities/securitieslists/ListOfSecurities.xlsx,2026-07-29
02362.HK,JINCHUAN INTL,HKEX,待分类,02362.HK,,上市,,https://www.hkex.com.hk/eng/services/trading/securities/securitieslists/ListOfSecurities.xlsx,2026-07-29
02363.HK,TONGDA HONG TAI,HKEX,待分类,02363.HK,,上市,,https://www.hkex.com.hk/eng/services/trading/securities/securitieslists/ListOfSecurities.xlsx,2026-07-29
02367.HK,GIANT BIOGENE,HKEX,待分类,02367.HK,,上市,,https://www.hkex.com.hk/eng/services/trading/securities/securitieslists/ListOfSecurities.xlsx,2026-07-29
02368.HK,EAGLE NICE,HKEX,待分类,02368.HK,,上市,,https://www.hkex.com.hk/eng/services/trading/securities/securitieslists/ListOfSecurities.xlsx,2026-07-29
02369.HK,COOLPAD GROUP,HKEX,待分类,02369.HK,,上市,,https://www.hkex.com.hk/eng/services/trading/securities/securitieslists/ListOfSecurities.xlsx,2026-07-29
02370.HK,REDCO HEALTHY,HKEX,待分类,02370.HK,,上市,,https://www.hkex.com.hk/eng/services/trading/securities/securitieslists/ListOfSecurities.xlsx,2026-07-29
02371.HK,CHUANGLIAN HOLD,HKEX,待分类,02371.HK,,上市,,https://www.hkex.com.hk/eng/services/trading/securities/securitieslists/ListOfSecurities.xlsx,2026-07-29
02372.HK,WEILI HOLDINGS,HKEX,待分类,02372.HK,,上市,,https://www.hkex.com.hk/eng/services/trading/securities/securitieslists/ListOfSecurities.xlsx,2026-07-29
02373.HK,BEAUTYFARM MED,HKEX,待分类,02373.HK,,上市,,https://www.hkex.com.hk/eng/services/trading/securities/securitieslists/ListOfSecurities.xlsx,2026-07-29
02376.HK,LUSHANGSERVICES,HKEX,待分类,02376.HK,,上市,,https://www.hkex.com.hk/eng/services/trading/securities/securitieslists/ListOfSecurities.xlsx,2026-07-29
02377.HK,BOQI ENV,HKEX,待分类,02377.HK,,上市,,https://www.hkex.com.hk/eng/services/trading/securities/securitieslists/ListOfSecurities.xlsx,2026-07-29
02378.HK,PRU,HKEX,待分类,02378.HK,,上市,,https://www.hkex.com.hk/eng/services/trading/securities/securitieslists/ListOfSecurities.xlsx,2026-07-29
02380.HK,CHINA POWER,HKEX,待分类,02380.HK,,上市,,https://www.hkex.com.hk/eng/services/trading/securities/securitieslists/ListOfSecurities.xlsx,2026-07-29
02381.HK,SMC ELECTRIC,HKEX,待分类,02381.HK,,上市,,https://www.hkex.com.hk/eng/services/trading/securities/securitieslists/ListOfSecurities.xlsx,2026-07-29
02382.HK,SUNNY OPTICAL,HKEX,待分类,02382.HK,,上市,,https://www.hkex.com.hk/eng/services/trading/securities/securitieslists/ListOfSecurities.xlsx,2026-07-29
02383.HK,TOM GROUP,HKEX,待分类,02383.HK,,上市,,https://www.hkex.com.hk/eng/services/trading/securities/securitieslists/ListOfSecurities.xlsx,2026-07-29
02385.HK,READBOY,HKEX,待分类,02385.HK,,上市,,https://www.hkex.com.hk/eng/services/trading/securities/securitieslists/ListOfSecurities.xlsx,2026-07-29
02386.HK,SINOPEC SEG,HKEX,待分类,02386.HK,,上市,,https://www.hkex.com.hk/eng/services/trading/securities/securitieslists/ListOfSecurities.xlsx,2026-07-29
02388.HK,BOC HONG KONG,HKEX,待分类,02388.HK,,上市,,https://www.hkex.com.hk/eng/services/trading/securities/securitieslists/ListOfSecurities.xlsx,2026-07-29
02389.HK,BJ HEALTH,HKEX,待分类,02389.HK,,上市,,https://www.hkex.com.hk/eng/services/trading/securities/securitieslists/ListOfSecurities.xlsx,2026-07-29
02390.HK,ZHIHU-W,HKEX,待分类,02390.HK,,上市,,https://www.hkex.com.hk/eng/services/trading/securities/securitieslists/ListOfSecurities.xlsx,2026-07-29
02391.HK,TUYA-W,HKEX,待分类,02391.HK,,上市,,https://www.hkex.com.hk/eng/services/trading/securities/securitieslists/ListOfSecurities.xlsx,2026-07-29
02392.HK,XUANWU CLOUD,HKEX,待分类,02392.HK,,上市,,https://www.hkex.com.hk/eng/services/trading/securities/securitieslists/ListOfSecurities.xlsx,2026-07-29
02393.HK,YESTAR HEALTH,HKEX,待分类,02393.HK,,上市,,https://www.hkex.com.hk/eng/services/trading/securities/securitieslists/ListOfSecurities.xlsx,2026-07-29
02396.HK,B&K CORP-B,HKEX,待分类,02396.HK,,上市,,https://www.hkex.com.hk/eng/services/trading/securities/securitieslists/ListOfSecurities.xlsx,2026-07-29
02399.HK,CN ANCHU ENERGY,HKEX,待分类,02399.HK,,上市,,https://www.hkex.com.hk/eng/services/trading/securities/securitieslists/ListOfSecurities.xlsx,2026-07-29
02400.HK,XD INC,HKEX,待分类,02400.HK,,上市,,https://www.hkex.com.hk/eng/services/trading/securities/securitieslists/ListOfSecurities.xlsx,2026-07-29
02402.HK,SINOHYTEC,HKEX,待分类,02402.HK,,上市,,https://www.hkex.com.hk/eng/services/trading/securities/securitieslists/ListOfSecurities.xlsx,2026-07-29
02405.HK,POWERWIN TECH,HKEX,待分类,02405.HK,,上市,,https://www.hkex.com.hk/eng/services/trading/securities/securitieslists/ListOfSecurities.xlsx,2026-07-29
02407.HK,GAUSH MEDITECH,HKEX,待分类,02407.HK,,上市,,https://www.hkex.com.hk/eng/services/trading/securities/securitieslists/ListOfSecurities.xlsx,2026-07-29
02408.HK,XIAO NOODLES,HKEX,待分类,02408.HK,,上市,,https://www.hkex.com.hk/eng/services/trading/securities/securitieslists/ListOfSecurities.xlsx,2026-07-29
02409.HK,SEACON,HKEX,待分类,02409.HK,,上市,,https://www.hkex.com.hk/eng/services/trading/securities/securitieslists/ListOfSecurities.xlsx,2026-07-29
02410.HK,TYK MEDICINES-B,HKEX,待分类,02410.HK,,上市,,https://www.hkex.com.hk/eng/services/trading/securities/securitieslists/ListOfSecurities.xlsx,2026-07-29
02411.HK,PAGODA GP,HKEX,待分类,02411.HK,,上市,,https://www.hkex.com.hk/eng/services/trading/securities/securitieslists/ListOfSecurities.xlsx,2026-07-29
02415.HK,MEDSCI,HKEX,待分类,02415.HK,,上市,,https://www.hkex.com.hk/eng/services/trading/securities/securitieslists/ListOfSecurities.xlsx,2026-07-29
02416.HK,EDIANYUN,HKEX,待分类,02416.HK,,上市,,https://www.hkex.com.hk/eng/services/trading/securities/securitieslists/ListOfSecurities.xlsx,2026-07-29
02418.HK,DEEWIN,HKEX,待分类,02418.HK,,上市,,https://www.hkex.com.hk/eng/services/trading/securities/securitieslists/ListOfSecurities.xlsx,2026-07-29
02419.HK,DEKON AGR,HKEX,待分类,02419.HK,,上市,,https://www.hkex.com.hk/eng/services/trading/securities/securitieslists/ListOfSecurities.xlsx,2026-07-29
02420.HK,ZIBUYU,HKEX,待分类,02420.HK,,上市,,https://www.hkex.com.hk/eng/services/trading/securities/securitieslists/ListOfSecurities.xlsx,2026-07-29
02421.HK,KRP DEVELOPMENT,HKEX,待分类,02421.HK,,上市,,https://www.hkex.com.hk/eng/services/trading/securities/securitieslists/ListOfSecurities.xlsx,2026-07-29
02422.HK,REGO INTERACT,HKEX,待分类,02422.HK,,上市,,https://www.hkex.com.hk/eng/services/trading/securities/securitieslists/ListOfSecurities.xlsx,2026-07-29
02423.HK,BEKE-W,HKEX,待分类,02423.HK,,上市,,https://www.hkex.com.hk/eng/services/trading/securities/securitieslists/ListOfSecurities.xlsx,2026-07-29
02425.HK,AUSTASIA GROUP,HKEX,待分类,02425.HK,,上市,,https://www.hkex.com.hk/eng/services/trading/securities/securitieslists/ListOfSecurities.xlsx,2026-07-29
02427.HK,GUANZE MEDICAL,HKEX,待分类,02427.HK,,上市,,https://www.hkex.com.hk/eng/services/trading/securities/securitieslists/ListOfSecurities.xlsx,2026-07-29
02429.HK,UBOX ONLINE,HKEX,待分类,02429.HK,,上市,,https://www.hkex.com.hk/eng/services/trading/securities/securitieslists/ListOfSecurities.xlsx,2026-07-29
02431.HK,MINIEYE,HKEX,待分类,02431.HK,,上市,,https://www.hkex.com.hk/eng/services/trading/securities/securitieslists/ListOfSecurities.xlsx,2026-07-29
02432.HK,DOBOT,HKEX,待分类,02432.HK,,上市,,https://www.hkex.com.hk/eng/services/trading/securities/securitieslists/ListOfSecurities.xlsx,2026-07-29
02433.HK,ZT HN GROUP,HKEX,待分类,02433.HK,,上市,,https://www.hkex.com.hk/eng/services/trading/securities/securitieslists/ListOfSecurities.xlsx,2026-07-29
02436.HK,LX TECHNOLOGY,HKEX,待分类,02436.HK,,上市,,https://www.hkex.com.hk/eng/services/trading/securities/securitieslists/ListOfSecurities.xlsx,2026-07-29
02438.HK,MOBVOI,HKEX,待分类,02438.HK,,上市,,https://www.hkex.com.hk/eng/services/trading/securities/securitieslists/ListOfSecurities.xlsx,2026-07-29
02439.HK,CH TREASURES NM,HKEX,待分类,02439.HK,,上市,,https://www.hkex.com.hk/eng/services/trading/securities/securitieslists/ListOfSecurities.xlsx,2026-07-29
02440.HK,MEMESTRATEGY,HKEX,待分类,02440.HK,,上市,,https://www.hkex.com.hk/eng/services/trading/securities/securitieslists/ListOfSecurities.xlsx,2026-07-29
02442.HK,EASY SMART GP,HKEX,待分类,02442.HK,,上市,,https://www.hkex.com.hk/eng/services/trading/securities/securitieslists/ListOfSecurities.xlsx,2026-07-29
02443.HK,AUTOSTREETS,HKEX,待分类,02443.HK,,上市,,https://www.hkex.com.hk/eng/services/trading/securities/securitieslists/ListOfSecurities.xlsx,2026-07-29
02450.HK,HUAIBEI GD CO,HKEX,待分类,02450.HK,,上市,,https://www.hkex.com.hk/eng/services/trading/securities/securitieslists/ListOfSecurities.xlsx,2026-07-29
02451.HK,LUYUAN GP HLDG,HKEX,待分类,02451.HK,,上市,,https://www.hkex.com.hk/eng/services/trading/securities/securitieslists/ListOfSecurities.xlsx,2026-07-29
02453.HK,CONCORD HC GP,HKEX,待分类,02453.HK,,上市,,https://www.hkex.com.hk/eng/services/trading/securities/securitieslists/ListOfSecurities.xlsx,2026-07-29
02455.HK,RUNHUA SERVICE,HKEX,待分类,02455.HK,,上市,,https://www.hkex.com.hk/eng/services/trading/securities/securitieslists/ListOfSecurities.xlsx,2026-07-29
02457.HK,BUYANG INTL,HKEX,待分类,02457.HK,,上市,,https://www.hkex.com.hk/eng/services/trading/securities/securitieslists/ListOfSecurities.xlsx,2026-07-29
02458.HK,GALA TECH HOLD,HKEX,待分类,02458.HK,,上市,,https://www.hkex.com.hk/eng/services/trading/securities/securitieslists/ListOfSecurities.xlsx,2026-07-29
02459.HK,SANERGY GROUP,HKEX,待分类,02459.HK,,上市,,https://www.hkex.com.hk/eng/services/trading/securities/securitieslists/ListOfSecurities.xlsx,2026-07-29
02460.HK,CR BEVERAGE,HKEX,待分类,02460.HK,,上市,,https://www.hkex.com.hk/eng/services/trading/securities/securitieslists/ListOfSecurities.xlsx,2026-07-29
02465.HK,LOPAL TECH,HKEX,待分类,02465.HK,,上市,,https://www.hkex.com.hk/eng/services/trading/securities/securitieslists/ListOfSecurities.xlsx,2026-07-29
02469.HK,FENBI,HKEX,待分类,02469.HK,,上市,,https://www.hkex.com.hk/eng/services/trading/securities/securitieslists/ListOfSecurities.xlsx,2026-07-29
02473.HK,XXF,HKEX,待分类,02473.HK,,上市,,https://www.hkex.com.hk/eng/services/trading/securities/securitieslists/ListOfSecurities.xlsx,2026-07-29
02475.HK,LUXSHARE ICT,HKEX,待分类,02475.HK,,上市,,https://www.hkex.com.hk/eng/services/trading/securities/securitieslists/ListOfSecurities.xlsx,2026-07-29
02476.HK,VGT,HKEX,待分类,02476.HK,,上市,,https://www.hkex.com.hk/eng/services/trading/securities/securitieslists/ListOfSecurities.xlsx,2026-07-29
02477.HK,WELLCELL HOLD,HKEX,待分类,02477.HK,,上市,,https://www.hkex.com.hk/eng/services/trading/securities/securitieslists/ListOfSecurities.xlsx,2026-07-29
02479.HK,TIANJUDIHE,HKEX,待分类,02479.HK,,上市,,https://www.hkex.com.hk/eng/services/trading/securities/securitieslists/ListOfSecurities.xlsx,2026-07-29
02480.HK,LUZHU BIOTECH-B,HKEX,待分类,02480.HK,,上市,,https://www.hkex.com.hk/eng/services/trading/securities/securitieslists/ListOfSecurities.xlsx,2026-07-29
02481.HK,SL GEMINI,HKEX,待分类,02481.HK,,上市,,https://www.hkex.com.hk/eng/services/trading/securities/securitieslists/ListOfSecurities.xlsx,2026-07-29
02482.HK,LOGORY,HKEX,待分类,02482.HK,,上市,,https://www.hkex.com.hk/eng/services/trading/securities/securitieslists/ListOfSecurities.xlsx,2026-07-29
02483.HK,K CASH,HKEX,待分类,02483.HK,,上市,,https://www.hkex.com.hk/eng/services/trading/securities/securitieslists/ListOfSecurities.xlsx,2026-07-29
02486.HK,PLUS GP HOLDING,HKEX,待分类,02486.HK,,上市,,https://www.hkex.com.hk/eng/services/trading/securities/securitieslists/ListOfSecurities.xlsx,2026-07-29
02487.HK,CUTIA-B,HKEX,待分类,02487.HK,,上市,,https://www.hkex.com.hk/eng/services/trading/securities/securitieslists/ListOfSecurities.xlsx,2026-07-29
02488.HK,LAUNCH TECH,HKEX,待分类,02488.HK,,上市,,https://www.hkex.com.hk/eng/services/trading/securities/securitieslists/ListOfSecurities.xlsx,2026-07-29
02489.HK,PERSISTENCEGOLD,HKEX,待分类,02489.HK,,上市,,https://www.hkex.com.hk/eng/services/trading/securities/securitieslists/ListOfSecurities.xlsx,2026-07-29
02490.HK,LC LOGISTICS,HKEX,待分类,02490.HK,,上市,,https://www.hkex.com.hk/eng/services/trading/securities/securitieslists/ListOfSecurities.xlsx,2026-07-29
02493.HK,MABWELL-B,HKEX,待分类,02493.HK,,上市,,https://www.hkex.com.hk/eng/services/trading/securities/securitieslists/ListOfSecurities.xlsx,2026-07-29
02495.HK,VOICECOMM,HKEX,待分类,02495.HK,,上市,,https://www.hkex.com.hk/eng/services/trading/securities/securitieslists/ListOfSecurities.xlsx,2026-07-29
02496.HK,YZYBIO-B,HKEX,待分类,02496.HK,,上市,,https://www.hkex.com.hk/eng/services/trading/securities/securitieslists/ListOfSecurities.xlsx,2026-07-29
02497.HK,FUJING HOLDINGS,HKEX,待分类,02497.HK,,上市,,https://www.hkex.com.hk/eng/services/trading/securities/securitieslists/ListOfSecurities.xlsx,2026-07-29
02498.HK,ROBOSENSE,HKEX,待分类,02498.HK,,上市,,https://www.hkex.com.hk/eng/services/trading/securities/securitieslists/ListOfSecurities.xlsx,2026-07-29
02499.HK,FOLANGSI,HKEX,待分类,02499.HK,,上市,,https://www.hkex.com.hk/eng/services/trading/securities/securitieslists/ListOfSecurities.xlsx,2026-07-29
02500.HK,VENUS MEDTECH-B,HKEX,待分类,02500.HK,,上市,,https://www.hkex.com.hk/eng/services/trading/securities/securitieslists/ListOfSecurities.xlsx,2026-07-29
02501.HK,MAIYUE TECH,HKEX,待分类,02501.HK,,上市,,https://www.hkex.com.hk/eng/services/trading/securities/securitieslists/ListOfSecurities.xlsx,2026-07-29
02502.HK,JINYUAN HCHEM,HKEX,待分类,02502.HK,,上市,,https://www.hkex.com.hk/eng/services/trading/securities/securitieslists/ListOfSecurities.xlsx,2026-07-29
02503.HK,ZHONGSHENJIANYE,HKEX,待分类,02503.HK,,上市,,https://www.hkex.com.hk/eng/services/trading/securities/securitieslists/ListOfSecurities.xlsx,2026-07-29
02505.HK,EDA GROUP HLDGS,HKEX,待分类,02505.HK,,上市,,https://www.hkex.com.hk/eng/services/trading/securities/securitieslists/ListOfSecurities.xlsx,2026-07-29
02506.HK,XUNFEIHEALTH,HKEX,待分类,02506.HK,,上市,,https://www.hkex.com.hk/eng/services/trading/securities/securitieslists/ListOfSecurities.xlsx,2026-07-29
02507.HK,CIRRUS,HKEX,待分类,02507.HK,,上市,,https://www.hkex.com.hk/eng/services/trading/securities/securitieslists/ListOfSecurities.xlsx,2026-07-29
02508.HK,SAINT BELLA GP,HKEX,待分类,02508.HK,,上市,,https://www.hkex.com.hk/eng/services/trading/securities/securitieslists/ListOfSecurities.xlsx,2026-07-29
02509.HK,QYUNS-B,HKEX,待分类,02509.HK,,上市,,https://www.hkex.com.hk/eng/services/trading/securities/securitieslists/ListOfSecurities.xlsx,2026-07-29
02510.HK,TS LINES,HKEX,待分类,02510.HK,,上市,,https://www.hkex.com.hk/eng/services/trading/securities/securitieslists/ListOfSecurities.xlsx,2026-07-29
02511.HK,HIGHTIDE-B,HKEX,待分类,02511.HK,,上市,,https://www.hkex.com.hk/eng/services/trading/securities/securitieslists/ListOfSecurities.xlsx,2026-07-29
02512.HK,CLOUD FACTORY,HKEX,待分类,02512.HK,,上市,,https://www.hkex.com.hk/eng/services/trading/securities/securitieslists/ListOfSecurities.xlsx,2026-07-29
02513.HK,Z.AI,HKEX,待分类,02513.HK,,上市,,https://www.hkex.com.hk/eng/services/trading/securities/securitieslists/ListOfSecurities.xlsx,2026-07-29
02515.HK,TJCD,HKEX,待分类,02515.HK,,上市,,https://www.hkex.com.hk/eng/services/trading/securities/securitieslists/ListOfSecurities.xlsx,2026-07-29
02516.HK,FAR INTL,HKEX,待分类,02516.HK,,上市,,https://www.hkex.com.hk/eng/services/trading/securities/securitieslists/ListOfSecurities.xlsx,2026-07-29
02517.HK,GUOQUAN,HKEX,待分类,02517.HK,,上市,,https://www.hkex.com.hk/eng/services/trading/securities/securitieslists/ListOfSecurities.xlsx,2026-07-29
02518.HK,AUTOHOME-S,HKEX,待分类,02518.HK,,上市,,https://www.hkex.com.hk/eng/services/trading/securities/securitieslists/ListOfSecurities.xlsx,2026-07-29
02519.HK,AUGROUP,HKEX,待分类,02519.HK,,上市,,https://www.hkex.com.hk/eng/services/trading/securities/securitieslists/ListOfSecurities.xlsx,2026-07-29
02520.HK,SHANXI INSTALL,HKEX,待分类,02520.HK,,上市,,https://www.hkex.com.hk/eng/services/trading/securities/securitieslists/ListOfSecurities.xlsx,2026-07-29
02521.HK,SHENGHUI CLEAN,HKEX,待分类,02521.HK,,上市,,https://www.hkex.com.hk/eng/services/trading/securities/securitieslists/ListOfSecurities.xlsx,2026-07-29
02522.HK,RIMAG GROUP,HKEX,待分类,02522.HK,,上市,,https://www.hkex.com.hk/eng/services/trading/securities/securitieslists/ListOfSecurities.xlsx,2026-07-29
02525.HK,HESAI-W-NEW,HKEX,待分类,02525.HK,,上市,,https://www.hkex.com.hk/eng/services/trading/securities/securitieslists/ListOfSecurities.xlsx,2026-07-29
02526.HK,DIAGENS-B,HKEX,待分类,02526.HK,,上市,,https://www.hkex.com.hk/eng/services/trading/securities/securitieslists/ListOfSecurities.xlsx,2026-07-29
02528.HK,FW FASHION INT,HKEX,待分类,02528.HK,,上市,,https://www.hkex.com.hk/eng/services/trading/securities/securitieslists/ListOfSecurities.xlsx,2026-07-29
02529.HK,HOLLWIN URBAN,HKEX,待分类,02529.HK,,上市,,https://www.hkex.com.hk/eng/services/trading/securities/securitieslists/ListOfSecurities.xlsx,2026-07-29
02530.HK,NUMANS,HKEX,待分类,02530.HK,,上市,,https://www.hkex.com.hk/eng/services/trading/securities/securitieslists/ListOfSecurities.xlsx,2026-07-29
02531.HK,CARLINK TECH,HKEX,待分类,02531.HK,,上市,,https://www.hkex.com.hk/eng/services/trading/securities/securitieslists/ListOfSecurities.xlsx,2026-07-29
02533.HK,BLACK SESAME,HKEX,待分类,02533.HK,,上市,,https://www.hkex.com.hk/eng/services/trading/securities/securitieslists/ListOfSecurities.xlsx,2026-07-29
02535.HK,WK GROUP,HKEX,待分类,02535.HK,,上市,,https://www.hkex.com.hk/eng/services/trading/securities/securitieslists/ListOfSecurities.xlsx,2026-07-29
02536.HK,PALASINO,HKEX,待分类,02536.HK,,上市,,https://www.hkex.com.hk/eng/services/trading/securities/securitieslists/ListOfSecurities.xlsx,2026-07-29
02539.HK,LEMO SERVICES,HKEX,待分类,02539.HK,,上市,,https://www.hkex.com.hk/eng/services/trading/securities/securitieslists/ListOfSecurities.xlsx,2026-07-29
02540.HK,LESI GROUP,HKEX,待分类,02540.HK,,上市,,https://www.hkex.com.hk/eng/services/trading/securities/securitieslists/ListOfSecurities.xlsx,2026-07-29
02543.HK,DAHON TECH,HKEX,待分类,02543.HK,,上市,,https://www.hkex.com.hk/eng/services/trading/securities/securitieslists/ListOfSecurities.xlsx,2026-07-29
02545.HK,ZHONGGAN COMM,HKEX,待分类,02545.HK,,上市,,https://www.hkex.com.hk/eng/services/trading/securities/securitieslists/ListOfSecurities.xlsx,2026-07-29
02546.HK,ZHIHUI MINING,HKEX,待分类,02546.HK,,上市,,https://www.hkex.com.hk/eng/services/trading/securities/securitieslists/ListOfSecurities.xlsx,2026-07-29
02549.HK,CAROTE LTD,HKEX,待分类,02549.HK,,上市,,https://www.hkex.com.hk/eng/services/trading/securities/securitieslists/ListOfSecurities.xlsx,2026-07-29
02550.HK,EASOU TECH,HKEX,待分类,02550.HK,,上市,,https://www.hkex.com.hk/eng/services/trading/securities/securitieslists/ListOfSecurities.xlsx,2026-07-29
02551.HK,APT ELECTRONICS,HKEX,待分类,02551.HK,,上市,,https://www.hkex.com.hk/eng/services/trading/securities/securitieslists/ListOfSecurities.xlsx,2026-07-29
02552.HK,HUA MEDICINE-B,HKEX,待分类,02552.HK,,上市,,https://www.hkex.com.hk/eng/services/trading/securities/securitieslists/ListOfSecurities.xlsx,2026-07-29
02553.HK,SHOUGANG LANZA,HKEX,待分类,02553.HK,,上市,,https://www.hkex.com.hk/eng/services/trading/securities/securitieslists/ListOfSecurities.xlsx,2026-07-29
02555.HK,CHABAIDAO,HKEX,待分类,02555.HK,,上市,,https://www.hkex.com.hk/eng/services/trading/securities/securitieslists/ListOfSecurities.xlsx,2026-07-29
02556.HK,MARKETINGFORCE,HKEX,待分类,02556.HK,,上市,,https://www.hkex.com.hk/eng/services/trading/securities/securitieslists/ListOfSecurities.xlsx,2026-07-29
02558.HK,JINSHANG BANK,HKEX,待分类,02558.HK,,上市,,https://www.hkex.com.hk/eng/services/trading/securities/securitieslists/ListOfSecurities.xlsx,2026-07-29
02559.HK,DIDA INC,HKEX,待分类,02559.HK,,上市,,https://www.hkex.com.hk/eng/services/trading/securities/securitieslists/ListOfSecurities.xlsx,2026-07-29
02560.HK,CONCH MAT TECH,HKEX,待分类,02560.HK,,上市,,https://www.hkex.com.hk/eng/services/trading/securities/securitieslists/ListOfSecurities.xlsx,2026-07-29
02561.HK,VISEN PHARMA-B,HKEX,待分类,02561.HK,,上市,,https://www.hkex.com.hk/eng/services/trading/securities/securitieslists/ListOfSecurities.xlsx,2026-07-29
02562.HK,SYNAGISTICS,HKEX,待分类,02562.HK,,上市,,https://www.hkex.com.hk/eng/services/trading/securities/securitieslists/ListOfSecurities.xlsx,2026-07-29
02563.HK,BIOSTAR PHARM-B,HKEX,待分类,02563.HK,,上市,,https://www.hkex.com.hk/eng/services/trading/securities/securitieslists/ListOfSecurities.xlsx,2026-07-29
02565.HK,PEGBIO CO-B,HKEX,待分类,02565.HK,,上市,,https://www.hkex.com.hk/eng/services/trading/securities/securitieslists/ListOfSecurities.xlsx,2026-07-29
02566.HK,JIUYUAN GENE,HKEX,待分类,02566.HK,,上市,,https://www.hkex.com.hk/eng/services/trading/securities/securitieslists/ListOfSecurities.xlsx,2026-07-29
02567.HK,QINIU,HKEX,待分类,02567.HK,,上市,,https://www.hkex.com.hk/eng/services/trading/securities/securitieslists/ListOfSecurities.xlsx,2026-07-29
02569.HK,SOFT INTL,HKEX,待分类,02569.HK,,上市,,https://www.hkex.com.hk/eng/services/trading/securities/securitieslists/ListOfSecurities.xlsx,2026-07-29
02570.HK,REFIRE,HKEX,待分类,02570.HK,,上市,,https://www.hkex.com.hk/eng/services/trading/securities/securitieslists/ListOfSecurities.xlsx,2026-07-29
02571.HK,SAIMO,HKEX,待分类,02571.HK,,上市,,https://www.hkex.com.hk/eng/services/trading/securities/securitieslists/ListOfSecurities.xlsx,2026-07-29
02573.HK,NEWTREND GROUP,HKEX,待分类,02573.HK,,上市,,https://www.hkex.com.hk/eng/services/trading/securities/securitieslists/ListOfSecurities.xlsx,2026-07-29
02575.HK,XUANZHUBIO-B,HKEX,待分类,02575.HK,,上市,,https://www.hkex.com.hk/eng/services/trading/securities/securitieslists/ListOfSecurities.xlsx,2026-07-29
02576.HK,TAIMEI TECH,HKEX,待分类,02576.HK,,上市,,https://www.hkex.com.hk/eng/services/trading/securities/securitieslists/ListOfSecurities.xlsx,2026-07-29
02577.HK,INNOSCIENCE,HKEX,待分类,02577.HK,,上市,,https://www.hkex.com.hk/eng/services/trading/securities/securitieslists/ListOfSecurities.xlsx,2026-07-29
02579.HK,CNGR,HKEX,待分类,02579.HK,,上市,,https://www.hkex.com.hk/eng/services/trading/securities/securitieslists/ListOfSecurities.xlsx,2026-07-29
02580.HK,AUX ELECTRIC,HKEX,待分类,02580.HK,,上市,,https://www.hkex.com.hk/eng/services/trading/securities/securitieslists/ListOfSecurities.xlsx,2026-07-29
02581.HK,BENQ HOLDING,HKEX,待分类,02581.HK,,上市,,https://www.hkex.com.hk/eng/services/trading/securities/securitieslists/ListOfSecurities.xlsx,2026-07-29
02582.HK,GUOFUHEE,HKEX,待分类,02582.HK,,上市,,https://www.hkex.com.hk/eng/services/trading/securities/securitieslists/ListOfSecurities.xlsx,2026-07-29
02583.HK,HIPINE,HKEX,待分类,02583.HK,,上市,,https://www.hkex.com.hk/eng/services/trading/securities/securitieslists/ListOfSecurities.xlsx,2026-07-29
02585.HK,MOKINGRAN,HKEX,待分类,02585.HK,,上市,,https://www.hkex.com.hk/eng/services/trading/securities/securitieslists/ListOfSecurities.xlsx,2026-07-29
02586.HK,DMALL,HKEX,待分类,02586.HK,,上市,,https://www.hkex.com.hk/eng/services/trading/securities/securitieslists/ListOfSecurities.xlsx,2026-07-29
02587.HK,HEALTHYWAY INC,HKEX,待分类,02587.HK,,上市,,https://www.hkex.com.hk/eng/services/trading/securities/securitieslists/ListOfSecurities.xlsx,2026-07-29
02588.HK,BOC AVIATION,HKEX,待分类,02588.HK,,上市,,https://www.hkex.com.hk/eng/services/trading/securities/securitieslists/ListOfSecurities.xlsx,2026-07-29
02589.HK,AUNTEA JENNY,HKEX,待分类,02589.HK,,上市,,https://www.hkex.com.hk/eng/services/trading/securities/securitieslists/ListOfSecurities.xlsx,2026-07-29
02590.HK,GEEKPLUS-W,HKEX,待分类,02590.HK,,上市,,https://www.hkex.com.hk/eng/services/trading/securities/securitieslists/ListOfSecurities.xlsx,2026-07-29
02591.HK,INNOGEN-B,HKEX,待分类,02591.HK,,上市,,https://www.hkex.com.hk/eng/services/trading/securities/securitieslists/ListOfSecurities.xlsx,2026-07-29
02592.HK,CLOUDBREAK-B,HKEX,待分类,02592.HK,,上市,,https://www.hkex.com.hk/eng/services/trading/securities/securitieslists/ListOfSecurities.xlsx,2026-07-29
02593.HK,HERBS GROUP,HKEX,待分类,02593.HK,,上市,,https://www.hkex.com.hk/eng/services/trading/securities/securitieslists/ListOfSecurities.xlsx,2026-07-29
02595.HK,GENFLEET-B,HKEX,待分类,02595.HK,,上市,,https://www.hkex.com.hk/eng/services/trading/securities/securitieslists/ListOfSecurities.xlsx,2026-07-29
02596.HK,YIBIN BANK,HKEX,待分类,02596.HK,,上市,,https://www.hkex.com.hk/eng/services/trading/securities/securitieslists/ListOfSecurities.xlsx,2026-07-29
02597.HK,XUNZHONG,HKEX,待分类,02597.HK,,上市,,https://www.hkex.com.hk/eng/services/trading/securities/securitieslists/ListOfSecurities.xlsx,2026-07-29
02598.HK,LIANLIAN,HKEX,待分类,02598.HK,,上市,,https://www.hkex.com.hk/eng/services/trading/securities/securitieslists/ListOfSecurities.xlsx,2026-07-29
02600.HK,CHALCO,HKEX,待分类,02600.HK,,上市,,https://www.hkex.com.hk/eng/services/trading/securities/securitieslists/ListOfSecurities.xlsx,2026-07-29
02601.HK,CPIC,HKEX,待分类,02601.HK,,上市,,https://www.hkex.com.hk/eng/services/trading/securities/securitieslists/ListOfSecurities.xlsx,2026-07-29
02602.HK,ONEWO,HKEX,待分类,02602.HK,,上市,,https://www.hkex.com.hk/eng/services/trading/securities/securitieslists/ListOfSecurities.xlsx,2026-07-29
02603.HK,JIHONG CO,HKEX,待分类,02603.HK,,上市,,https://www.hkex.com.hk/eng/services/trading/securities/securitieslists/ListOfSecurities.xlsx,2026-07-29
02605.HK,METALIGHT,HKEX,待分类,02605.HK,,上市,,https://www.hkex.com.hk/eng/services/trading/securities/securitieslists/ListOfSecurities.xlsx,2026-07-29
02607.HK,SH PHARMA,HKEX,待分类,02607.HK,,上市,,https://www.hkex.com.hk/eng/services/trading/securities/securitieslists/ListOfSecurities.xlsx,2026-07-29
02608.HK,SUNSHINE 100,HKEX,待分类,02608.HK,,上市,,https://www.hkex.com.hk/eng/services/trading/securities/securitieslists/ListOfSecurities.xlsx,2026-07-29
02609.HK,BAYZED HEALTH,HKEX,待分类,02609.HK,,上市,,https://www.hkex.com.hk/eng/services/trading/securities/securitieslists/ListOfSecurities.xlsx,2026-07-29
02610.HK,NANSHAN AL INTL,HKEX,待分类,02610.HK,,上市,,https://www.hkex.com.hk/eng/services/trading/securities/securitieslists/ListOfSecurities.xlsx,2026-07-29
02611.HK,GTHT,HKEX,待分类,02611.HK,,上市,,https://www.hkex.com.hk/eng/services/trading/securities/securitieslists/ListOfSecurities.xlsx,2026-07-29
02613.HK,CONTIOCEAN,HKEX,待分类,02613.HK,,上市,,https://www.hkex.com.hk/eng/services/trading/securities/securitieslists/ListOfSecurities.xlsx,2026-07-29
02616.HK,CSTONE PHARMA-B,HKEX,待分类,02616.HK,,上市,,https://www.hkex.com.hk/eng/services/trading/securities/securitieslists/ListOfSecurities.xlsx,2026-07-29
02617.HK,TRANSTHERA-B,HKEX,待分类,02617.HK,,上市,,https://www.hkex.com.hk/eng/services/trading/securities/securitieslists/ListOfSecurities.xlsx,2026-07-29
02618.HK,JD LOGISTICS,HKEX,待分类,02618.HK,,上市,,https://www.hkex.com.hk/eng/services/trading/securities/securitieslists/ListOfSecurities.xlsx,2026-07-29
02619.HK,XJ ELECTRICS,HKEX,待分类,02619.HK,,上市,,https://www.hkex.com.hk/eng/services/trading/securities/securitieslists/ListOfSecurities.xlsx,2026-07-29
02621.HK,SHOUHUI GROUP,HKEX,待分类,02621.HK,,上市,,https://www.hkex.com.hk/eng/services/trading/securities/securitieslists/ListOfSecurities.xlsx,2026-07-29
02623.HK,HK GOLD IND GP,HKEX,待分类,02623.HK,,上市,,https://www.hkex.com.hk/eng/services/trading/securities/securitieslists/ListOfSecurities.xlsx,2026-07-29
02625.HK,JIANGSU HORIZON,HKEX,待分类,02625.HK,,上市,,https://www.hkex.com.hk/eng/services/trading/securities/securitieslists/ListOfSecurities.xlsx,2026-07-29
02627.HK,AB&B BIO-TECH-B,HKEX,待分类,02627.HK,,上市,,https://www.hkex.com.hk/eng/services/trading/securities/securitieslists/ListOfSecurities.xlsx,2026-07-29
02628.HK,CHINA LIFE,HKEX,待分类,02628.HK,,上市,,https://www.hkex.com.hk/eng/services/trading/securities/securitieslists/ListOfSecurities.xlsx,2026-07-29
02629.HK,MIRXES-B,HKEX,待分类,02629.HK,,上市,,https://www.hkex.com.hk/eng/services/trading/securities/securitieslists/ListOfSecurities.xlsx,2026-07-29
02630.HK,VIGONVITA-B,HKEX,待分类,02630.HK,,上市,,https://www.hkex.com.hk/eng/services/trading/securities/securitieslists/ListOfSecurities.xlsx,2026-07-29
02631.HK,SICC,HKEX,待分类,02631.HK,,上市,,https://www.hkex.com.hk/eng/services/trading/securities/securitieslists/ListOfSecurities.xlsx,2026-07-29
02632.HK,NEW VISION CO,HKEX,待分类,02632.HK,,上市,,https://www.hkex.com.hk/eng/services/trading/securities/securitieslists/ListOfSecurities.xlsx,2026-07-29
02633.HK,JACOBSON PHARMA,HKEX,待分类,02633.HK,,上市,,https://www.hkex.com.hk/eng/services/trading/securities/securitieslists/ListOfSecurities.xlsx,2026-07-29
02635.HK,NUOBIKAN,HKEX,待分类,02635.HK,,上市,,https://www.hkex.com.hk/eng/services/trading/securities/securitieslists/ListOfSecurities.xlsx,2026-07-29
02637.HK,HAIXI PHARMA,HKEX,待分类,02637.HK,,上市,,https://www.hkex.com.hk/eng/services/trading/securities/securitieslists/ListOfSecurities.xlsx,2026-07-29
02638.HK,HKELECTRIC-SS,HKEX,待分类,02638.HK,,上市,,https://www.hkex.com.hk/eng/services/trading/securities/securitieslists/ListOfSecurities.xlsx,2026-07-29
02643.HK,CAOCAO INC,HKEX,待分类,02643.HK,,上市,,https://www.hkex.com.hk/eng/services/trading/securities/securitieslists/ListOfSecurities.xlsx,2026-07-29
02648.HK,ANJOY FOOD,HKEX,待分类,02648.HK,,上市,,https://www.hkex.com.hk/eng/services/trading/securities/securitieslists/ListOfSecurities.xlsx,2026-07-29
02649.HK,ALSCO POOLING,HKEX,待分类,02649.HK,,上市,,https://www.hkex.com.hk/eng/services/trading/securities/securitieslists/ListOfSecurities.xlsx,2026-07-29
02650.HK,ZHIDA TECH,HKEX,待分类,02650.HK,,上市,,https://www.hkex.com.hk/eng/services/trading/securities/securitieslists/ListOfSecurities.xlsx,2026-07-29
02651.HK,DAZHONG DENTAL,HKEX,待分类,02651.HK,,上市,,https://www.hkex.com.hk/eng/services/trading/securities/securitieslists/ListOfSecurities.xlsx,2026-07-29
02652.HK,CF PHARMT-100,HKEX,待分类,02652.HK,,上市,,https://www.hkex.com.hk/eng/services/trading/securities/securitieslists/ListOfSecurities.xlsx,2026-07-29
02655.HK,GUOXIA TECH,HKEX,待分类,02655.HK,,上市,,https://www.hkex.com.hk/eng/services/trading/securities/securitieslists/ListOfSecurities.xlsx,2026-07-29
02656.HK,160 HEALTH,HKEX,待分类,02656.HK,,上市,,https://www.hkex.com.hk/eng/services/trading/securities/securitieslists/ListOfSecurities.xlsx,2026-07-29
02657.HK,FOREST CABIN,HKEX,待分类,02657.HK,,上市,,https://www.hkex.com.hk/eng/services/trading/securities/securitieslists/ListOfSecurities.xlsx,2026-07-29
02658.HK,TIANYU SEMI,HKEX,待分类,02658.HK,,上市,,https://www.hkex.com.hk/eng/services/trading/securities/securitieslists/ListOfSecurities.xlsx,2026-07-29
02659.HK,BAO PHARMA-B,HKEX,待分类,02659.HK,,上市,,https://www.hkex.com.hk/eng/services/trading/securities/securitieslists/ListOfSecurities.xlsx,2026-07-29
02660.HK,ZENGAME,HKEX,待分类,02660.HK,,上市,,https://www.hkex.com.hk/eng/services/trading/securities/securitieslists/ListOfSecurities.xlsx,2026-07-29
02661.HK,QINGSONG HEALTH,HKEX,待分类,02661.HK,,上市,,https://www.hkex.com.hk/eng/services/trading/securities/securitieslists/ListOfSecurities.xlsx,2026-07-29
02663.HK,KPA-BM HLDGS,HKEX,待分类,02663.HK,,上市,,https://www.hkex.com.hk/eng/services/trading/securities/securitieslists/ListOfSecurities.xlsx,2026-07-29
02665.HK,SEYOND,HKEX,待分类,02665.HK,,上市,,https://www.hkex.com.hk/eng/services/trading/securities/securitieslists/ListOfSecurities.xlsx,2026-07-29
02666.HK,UNI MEDICAL,HKEX,待分类,02666.HK,,上市,,https://www.hkex.com.hk/eng/services/trading/securities/securitieslists/ListOfSecurities.xlsx,2026-07-29
02667.HK,TONGRENTANGCARE,HKEX,待分类,02667.HK,,上市,,https://www.hkex.com.hk/eng/services/trading/securities/securitieslists/ListOfSecurities.xlsx,2026-07-29
02668.HK,PAK TAK INT'L,HKEX,待分类,02668.HK,,上市,,https://www.hkex.com.hk/eng/services/trading/securities/securitieslists/ListOfSecurities.xlsx,2026-07-29
02669.HK,CHINA OVS PPT,HKEX,待分类,02669.HK,,上市,,https://www.hkex.com.hk/eng/services/trading/securities/securitieslists/ListOfSecurities.xlsx,2026-07-29
02670.HK,YUNJI,HKEX,待分类,02670.HK,,上市,,https://www.hkex.com.hk/eng/services/trading/securities/securitieslists/ListOfSecurities.xlsx,2026-07-29
02671.HK,USAS BUILDING,HKEX,待分类,02671.HK,,上市,,https://www.hkex.com.hk/eng/services/trading/securities/securitieslists/ListOfSecurities.xlsx,2026-07-29
02672.HK,BAIGE DIGITAL,HKEX,待分类,02672.HK,,上市,,https://www.hkex.com.hk/eng/services/trading/securities/securitieslists/ListOfSecurities.xlsx,2026-07-29
02675.HK,EDGE MEDICAL-B,HKEX,待分类,02675.HK,,上市,,https://www.hkex.com.hk/eng/services/trading/securities/securitieslists/ListOfSecurities.xlsx,2026-07-29
02676.HK,NOVOSENSE,HKEX,待分类,02676.HK,,上市,,https://www.hkex.com.hk/eng/services/trading/securities/securitieslists/ListOfSecurities.xlsx,2026-07-29
02677.HK,DISTINCT HEALTH,HKEX,待分类,02677.HK,,上市,,https://www.hkex.com.hk/eng/services/trading/securities/securitieslists/ListOfSecurities.xlsx,2026-07-29
02678.HK,TEXHONG INTL GP,HKEX,待分类,02678.HK,,上市,,https://www.hkex.com.hk/eng/services/trading/securities/securitieslists/ListOfSecurities.xlsx,2026-07-29
02680.HK,INNOVAX HLDGS,HKEX,待分类,02680.HK,,上市,,https://www.hkex.com.hk/eng/services/trading/securities/securitieslists/ListOfSecurities.xlsx,2026-07-29
02682.HK,YUN LEE MARINE,HKEX,待分类,02682.HK,,上市,,https://www.hkex.com.hk/eng/services/trading/securities/securitieslists/ListOfSecurities.xlsx,2026-07-29
02683.HK,WAHSUN HANDBAGS,HKEX,待分类,02683.HK,,上市,,https://www.hkex.com.hk/eng/services/trading/securities/securitieslists/ListOfSecurities.xlsx,2026-07-29
02685.HK,QUANTGROUP,HKEX,待分类,02685.HK,,上市,,https://www.hkex.com.hk/eng/services/trading/securities/securitieslists/ListOfSecurities.xlsx,2026-07-29
02687.HK,ABLE DIGITAL,HKEX,待分类,02687.HK,,上市,,https://www.hkex.com.hk/eng/services/trading/securities/securitieslists/ListOfSecurities.xlsx,2026-07-29
02688.HK,ENN ENERGY,HKEX,待分类,02688.HK,,上市,,https://www.hkex.com.hk/eng/services/trading/securities/securitieslists/ListOfSecurities.xlsx,2026-07-29
02689.HK,ND PAPER,HKEX,待分类,02689.HK,,上市,,https://www.hkex.com.hk/eng/services/trading/securities/securitieslists/ListOfSecurities.xlsx,2026-07-29
02691.HK,NANHUA FUTURES,HKEX,待分类,02691.HK,,上市,,https://www.hkex.com.hk/eng/services/trading/securities/securitieslists/ListOfSecurities.xlsx,2026-07-29
02692.HK,ZHAOWEI,HKEX,待分类,02692.HK,,上市,,https://www.hkex.com.hk/eng/services/trading/securities/securitieslists/ListOfSecurities.xlsx,2026-07-29
02693.HK,JINYAN KAOLIN,HKEX,待分类,02693.HK,,上市,,https://www.hkex.com.hk/eng/services/trading/securities/securitieslists/ListOfSecurities.xlsx,2026-07-29
02695.HK,IMPRESSION DHP,HKEX,待分类,02695.HK,,上市,,https://www.hkex.com.hk/eng/services/trading/securities/securitieslists/ListOfSecurities.xlsx,2026-07-29
02696.HK,HENLIUS,HKEX,待分类,02696.HK,,上市,,https://www.hkex.com.hk/eng/services/trading/securities/securitieslists/ListOfSecurities.xlsx,2026-07-29
02697.HK,TH MEDICAL-B,HKEX,待分类,02697.HK,,上市,,https://www.hkex.com.hk/eng/services/trading/securities/securitieslists/ListOfSecurities.xlsx,2026-07-29
02698.HK,SOFTCARE,HKEX,待分类,02698.HK,,上市,,https://www.hkex.com.hk/eng/services/trading/securities/securitieslists/ListOfSecurities.xlsx,2026-07-29
02699.HK,XINMING CHINA,HKEX,待分类,02699.HK,,上市,,https://www.hkex.com.hk/eng/services/trading/securities/securitieslists/ListOfSecurities.xlsx,2026-07-29
02700.HK,GREEN INTL HLDG,HKEX,待分类,02700.HK,,上市,,https://www.hkex.com.hk/eng/services/trading/securities/securitieslists/ListOfSecurities.xlsx,2026-07-29
02701.HK,NSING TECH,HKEX,待分类,02701.HK,,上市,,https://www.hkex.com.hk/eng/services/trading/securities/securitieslists/ListOfSecurities.xlsx,2026-07-29
02706.HK,HAIZHI TECH GP,HKEX,待分类,02706.HK,,上市,,https://www.hkex.com.hk/eng/services/trading/securities/securitieslists/ListOfSecurities.xlsx,2026-07-29
02714.HK,MUYUAN,HKEX,待分类,02714.HK,,上市,,https://www.hkex.com.hk/eng/services/trading/securities/securitieslists/ListOfSecurities.xlsx,2026-07-29
02715.HK,ESTUN,HKEX,待分类,02715.HK,,上市,,https://www.hkex.com.hk/eng/services/trading/securities/securitieslists/ListOfSecurities.xlsx,2026-07-29
02718.HK,MININGLAMP-W,HKEX,待分类,02718.HK,,上市,,https://www.hkex.com.hk/eng/services/trading/securities/securitieslists/ListOfSecurities.xlsx,2026-07-29
02720.HK,RIDGE OUTDOOR,HKEX,待分类,02720.HK,,上市,,https://www.hkex.com.hk/eng/services/trading/securities/securitieslists/ListOfSecurities.xlsx,2026-07-29
02722.HK,CHONGQING M&E,HKEX,待分类,02722.HK,,上市,,https://www.hkex.com.hk/eng/services/trading/securities/securitieslists/ListOfSecurities.xlsx,2026-07-29
02723.HK,DEEPZERO,HKEX,待分类,02723.HK,,上市,,https://www.hkex.com.hk/eng/services/trading/securities/securitieslists/ListOfSecurities.xlsx,2026-07-29
02726.HK,EPIWORLD,HKEX,待分类,02726.HK,,上市,,https://www.hkex.com.hk/eng/services/trading/securities/securitieslists/ListOfSecurities.xlsx,2026-07-29
02727.HK,SH ELECTRIC,HKEX,待分类,02727.HK,,上市,,https://www.hkex.com.hk/eng/services/trading/securities/securitieslists/ListOfSecurities.xlsx,2026-07-29
02728.HK,JINTAI ENERGY H,HKEX,待分类,02728.HK,,上市,,https://www.hkex.com.hk/eng/services/trading/securities/securitieslists/ListOfSecurities.xlsx,2026-07-29
02729.HK,GALAXIS TECH,HKEX,待分类,02729.HK,,上市,,https://www.hkex.com.hk/eng/services/trading/securities/securitieslists/ListOfSecurities.xlsx,2026-07-29
02738.HK,HUAJIN INTL,HKEX,待分类,02738.HK,,上市,,https://www.hkex.com.hk/eng/services/trading/securities/securitieslists/ListOfSecurities.xlsx,2026-07-29
02768.HK,GON TECHNOLOGY,HKEX,待分类,02768.HK,,上市,,https://www.hkex.com.hk/eng/services/trading/securities/securitieslists/ListOfSecurities.xlsx,2026-07-29
02772.HK,ZHONGLIANG HLDG,HKEX,待分类,02772.HK,,上市,,https://www.hkex.com.hk/eng/services/trading/securities/securitieslists/ListOfSecurities.xlsx,2026-07-29
02777.HK,R&F PROPERTIES,HKEX,待分类,02777.HK,,上市,,https://www.hkex.com.hk/eng/services/trading/securities/securitieslists/ListOfSecurities.xlsx,2026-07-29
02779.HK,CH XINHUA EDU,HKEX,待分类,02779.HK,,上市,,https://www.hkex.com.hk/eng/services/trading/securities/securitieslists/ListOfSecurities.xlsx,2026-07-29
02788.HK,CHUANGXIN IND,HKEX,待分类,02788.HK,,上市,,https://www.hkex.com.hk/eng/services/trading/securities/securitieslists/ListOfSecurities.xlsx,2026-07-29
02789.HK,YUANDA CHINA,HKEX,待分类,02789.HK,,上市,,https://www.hkex.com.hk/eng/services/trading/securities/securitieslists/ListOfSecurities.xlsx,2026-07-29
02797.HK,QIYUNSHAN FOOD,HKEX,待分类,02797.HK,,上市,,https://www.hkex.com.hk/eng/services/trading/securities/securitieslists/ListOfSecurities.xlsx,2026-07-29
02798.HK,PER ENERGY,HKEX,待分类,02798.HK,,上市,,https://www.hkex.com.hk/eng/services/trading/securities/securitieslists/ListOfSecurities.xlsx,2026-07-29
02799.HK,CITIC FAMC,HKEX,待分类,02799.HK,,上市,,https://www.hkex.com.hk/eng/services/trading/securities/securitieslists/ListOfSecurities.xlsx,2026-07-29
02858.HK,YIXIN,HKEX,待分类,02858.HK,,上市,,https://www.hkex.com.hk/eng/services/trading/securities/securitieslists/ListOfSecurities.xlsx,2026-07-29
02863.HK,GOLDEN FAITH GP,HKEX,待分类,02863.HK,,上市,,https://www.hkex.com.hk/eng/services/trading/securities/securitieslists/ListOfSecurities.xlsx,2026-07-29
02865.HK,DRINDA,HKEX,待分类,02865.HK,,上市,,https://www.hkex.com.hk/eng/services/trading/securities/securitieslists/ListOfSecurities.xlsx,2026-07-29
02866.HK,COSCO SHIP DEV,HKEX,待分类,02866.HK,,上市,,https://www.hkex.com.hk/eng/services/trading/securities/securitieslists/ListOfSecurities.xlsx,2026-07-29
02869.HK,GREENTOWN SER,HKEX,待分类,02869.HK,,上市,,https://www.hkex.com.hk/eng/services/trading/securities/securitieslists/ListOfSecurities.xlsx,2026-07-29
02877.HK,SHINEWAY PHARM,HKEX,待分类,02877.HK,,上市,,https://www.hkex.com.hk/eng/services/trading/securities/securitieslists/ListOfSecurities.xlsx,2026-07-29
02878.HK,SOLOMON SYSTECH,HKEX,待分类,02878.HK,,上市,,https://www.hkex.com.hk/eng/services/trading/securities/securitieslists/ListOfSecurities.xlsx,2026-07-29
02880.HK,LIAONING PORT,HKEX,待分类,02880.HK,,上市,,https://www.hkex.com.hk/eng/services/trading/securities/securitieslists/ListOfSecurities.xlsx,2026-07-29
02881.HK,WUHAN YOUJI,HKEX,待分类,02881.HK,,上市,,https://www.hkex.com.hk/eng/services/trading/securities/securitieslists/ListOfSecurities.xlsx,2026-07-29
02882.HK,3DG HOLDINGS,HKEX,待分类,02882.HK,,上市,,https://www.hkex.com.hk/eng/services/trading/securities/securitieslists/ListOfSecurities.xlsx,2026-07-29
02883.HK,CHINA OILFIELD,HKEX,待分类,02883.HK,,上市,,https://www.hkex.com.hk/eng/services/trading/securities/securitieslists/ListOfSecurities.xlsx,2026-07-29
02885.HK,PEIPORT HOLD,HKEX,待分类,02885.HK,,上市,,https://www.hkex.com.hk/eng/services/trading/securities/securitieslists/ListOfSecurities.xlsx,2026-07-29
02886.HK,BINHAI INV,HKEX,待分类,02886.HK,,上市,,https://www.hkex.com.hk/eng/services/trading/securities/securitieslists/ListOfSecurities.xlsx,2026-07-29
02888.HK,STANCHART,HKEX,待分类,02888.HK,,上市,,https://www.hkex.com.hk/eng/services/trading/securities/securitieslists/ListOfSecurities.xlsx,2026-07-29
02889.HK,PATEO,HKEX,待分类,02889.HK,,上市,,https://www.hkex.com.hk/eng/services/trading/securities/securitieslists/ListOfSecurities.xlsx,2026-07-29
02892.HK,MILLION CITIES,HKEX,待分类,02892.HK,,上市,,https://www.hkex.com.hk/eng/services/trading/securities/securitieslists/ListOfSecurities.xlsx,2026-07-29
02898.HK,SUNHO BIO-B,HKEX,待分类,02898.HK,,上市,,https://www.hkex.com.hk/eng/services/trading/securities/securitieslists/ListOfSecurities.xlsx,2026-07-29
02899.HK,ZIJIN MINING,HKEX,待分类,02899.HK,,上市,,https://www.hkex.com.hk/eng/services/trading/securities/securitieslists/ListOfSecurities.xlsx,2026-07-29
02900.HK,LVJI TECH,HKEX,待分类,02900.HK,,上市,,https://www.hkex.com.hk/eng/services/trading/securities/securitieslists/ListOfSecurities.xlsx,2026-07-29
02954.HK,KAISAHEALTH-OLD,HKEX,待分类,02954.HK,,上市,,https://www.hkex.com.hk/eng/services/trading/securities/securitieslists/ListOfSecurities.xlsx,2026-07-29
02967.HK,JAKOTA CAP-OLD,HKEX,待分类,02967.HK,,上市,,https://www.hkex.com.hk/eng/services/trading/securities/securitieslists/ListOfSecurities.xlsx,2026-07-29
02968.HK,XH NEWS M-OLD,HKEX,待分类,02968.HK,,上市,,https://www.hkex.com.hk/eng/services/trading/securities/securitieslists/ListOfSecurities.xlsx,2026-07-29
02969.HK,GLOBAL BIO-OLD,HKEX,待分类,02969.HK,,上市,,https://www.hkex.com.hk/eng/services/trading/securities/securitieslists/ListOfSecurities.xlsx,2026-07-29
02971.HK,CN ECOTOUR-OLD,HKEX,待分类,02971.HK,,上市,,https://www.hkex.com.hk/eng/services/trading/securities/securitieslists/ListOfSecurities.xlsx,2026-07-29
02974.HK,ARTGO HOLD-OLD,HKEX,待分类,02974.HK,,上市,,https://www.hkex.com.hk/eng/services/trading/securities/securitieslists/ListOfSecurities.xlsx,2026-07-29
02975.HK,YOUZAN-OLD,HKEX,待分类,02975.HK,,上市,,https://www.hkex.com.hk/eng/services/trading/securities/securitieslists/ListOfSecurities.xlsx,2026-07-29
02976.HK,MEXAN-OLD,HKEX,待分类,02976.HK,,上市,,https://www.hkex.com.hk/eng/services/trading/securities/securitieslists/ListOfSecurities.xlsx,2026-07-29
02977.HK,YUANHENGGAS-OLD,HKEX,待分类,02977.HK,,上市,,https://www.hkex.com.hk/eng/services/trading/securities/securitieslists/ListOfSecurities.xlsx,2026-07-29
02979.HK,HAOSEN FINT-OLD,HKEX,待分类,02979.HK,,上市,,https://www.hkex.com.hk/eng/services/trading/securities/securitieslists/ListOfSecurities.xlsx,2026-07-29
02983.HK,HESAI-W-OLD,HKEX,待分类,02983.HK,,上市,,https://www.hkex.com.hk/eng/services/trading/securities/securitieslists/ListOfSecurities.xlsx,2026-07-29
02986.HK,HUISHENG I-OLD,HKEX,待分类,02986.HK,,上市,,https://www.hkex.com.hk/eng/services/trading/securities/securitieslists/ListOfSecurities.xlsx,2026-07-29
02988.HK,GREEN LEAD-OLD,HKEX,待分类,02988.HK,,上市,,https://www.hkex.com.hk/eng/services/trading/securities/securitieslists/ListOfSecurities.xlsx,2026-07-29
02989.HK,CF PHARMT-500,HKEX,待分类,02989.HK,,上市,,https://www.hkex.com.hk/eng/services/trading/securities/securitieslists/ListOfSecurities.xlsx,2026-07-29
02991.HK,POLY XVERSE IT,HKEX,待分类,02991.HK,,上市,,https://www.hkex.com.hk/eng/services/trading/securities/securitieslists/ListOfSecurities.xlsx,2026-07-29
02994.HK,GW TERROIR-50K,HKEX,待分类,02994.HK,,上市,,https://www.hkex.com.hk/eng/services/trading/securities/securitieslists/ListOfSecurities.xlsx,2026-07-29
02995.HK,ARTINI HLDG,HKEX,待分类,02995.HK,,上市,,https://www.hkex.com.hk/eng/services/trading/securities/securitieslists/ListOfSecurities.xlsx,2026-07-29
02997.HK,TSUGAMI CHI-1K,HKEX,待分类,02997.HK,,上市,,https://www.hkex.com.hk/eng/services/trading/securities/securitieslists/ListOfSecurities.xlsx,2026-07-29
03200.HK,HANS CNC,HKEX,待分类,03200.HK,,上市,,https://www.hkex.com.hk/eng/services/trading/securities/securitieslists/ListOfSecurities.xlsx,2026-07-29
03268.HK,MEIG,HKEX,待分类,03268.HK,,上市,,https://www.hkex.com.hk/eng/services/trading/securities/securitieslists/ListOfSecurities.xlsx,2026-07-29
03277.HK,GPIXEL,HKEX,待分类,03277.HK,,上市,,https://www.hkex.com.hk/eng/services/trading/securities/securitieslists/ListOfSecurities.xlsx,2026-07-29
03288.HK,HAITIAN FLAV,HKEX,待分类,03288.HK,,上市,,https://www.hkex.com.hk/eng/services/trading/securities/securitieslists/ListOfSecurities.xlsx,2026-07-29
03296.HK,HUAQIN,HKEX,待分类,03296.HK,,上市,,https://www.hkex.com.hk/eng/services/trading/securities/securitieslists/ListOfSecurities.xlsx,2026-07-29
03300.HK,CHINA GLASS,HKEX,待分类,03300.HK,,上市,,https://www.hkex.com.hk/eng/services/trading/securities/securitieslists/ListOfSecurities.xlsx,2026-07-29
03301.HK,RONSHINECHINA,HKEX,待分类,03301.HK,,上市,,https://www.hkex.com.hk/eng/services/trading/securities/securitieslists/ListOfSecurities.xlsx,2026-07-29
03302.HK,KINERGY,HKEX,待分类,03302.HK,,上市,,https://www.hkex.com.hk/eng/services/trading/securities/securitieslists/ListOfSecurities.xlsx,2026-07-29
03303.HK,JUTAL OIL SER,HKEX,待分类,03303.HK,,上市,,https://www.hkex.com.hk/eng/services/trading/securities/securitieslists/ListOfSecurities.xlsx,2026-07-29
03306.HK,JNBY,HKEX,待分类,03306.HK,,上市,,https://www.hkex.com.hk/eng/services/trading/securities/securitieslists/ListOfSecurities.xlsx,2026-07-29
03309.HK,C-MER MEDICAL,HKEX,待分类,03309.HK,,上市,,https://www.hkex.com.hk/eng/services/trading/securities/securitieslists/ListOfSecurities.xlsx,2026-07-29
03310.HK,VIEWTRIX TECH,HKEX,待分类,03310.HK,,上市,,https://www.hkex.com.hk/eng/services/trading/securities/securitieslists/ListOfSecurities.xlsx,2026-07-29
03311.HK,CHINA STATE CON,HKEX,待分类,03311.HK,,上市,,https://www.hkex.com.hk/eng/services/trading/securities/securitieslists/ListOfSecurities.xlsx,2026-07-29
03313.HK,ARTGO HOLD-NEW,HKEX,待分类,03313.HK,,上市,,https://www.hkex.com.hk/eng/services/trading/securities/securitieslists/ListOfSecurities.xlsx,2026-07-29
03315.HK,GOLDPAC GROUP,HKEX,待分类,03315.HK,,上市,,https://www.hkex.com.hk/eng/services/trading/securities/securitieslists/ListOfSecurities.xlsx,2026-07-29
03316.HK,BINJIANG SER,HKEX,待分类,03316.HK,,上市,,https://www.hkex.com.hk/eng/services/trading/securities/securitieslists/ListOfSecurities.xlsx,2026-07-29
03317.HK,XUNCE,HKEX,待分类,03317.HK,,上市,,https://www.hkex.com.hk/eng/services/trading/securities/securitieslists/ListOfSecurities.xlsx,2026-07-29
03318.HK,CHINA BOTON,HKEX,待分类,03318.HK,,上市,,https://www.hkex.com.hk/eng/services/trading/securities/securitieslists/ListOfSecurities.xlsx,2026-07-29
03319.HK,A-LIVING,HKEX,待分类,03319.HK,,上市,,https://www.hkex.com.hk/eng/services/trading/securities/securitieslists/ListOfSecurities.xlsx,2026-07-29
03320.HK,CHINARES PHARMA,HKEX,待分类,03320.HK,,上市,,https://www.hkex.com.hk/eng/services/trading/securities/securitieslists/ListOfSecurities.xlsx,2026-07-29
03321.HK,ZHONGKE GROUP,HKEX,待分类,03321.HK,,上市,,https://www.hkex.com.hk/eng/services/trading/securities/securitieslists/ListOfSecurities.xlsx,2026-07-29
03322.HK,WIN HANVERKY,HKEX,待分类,03322.HK,,上市,,https://www.hkex.com.hk/eng/services/trading/securities/securitieslists/ListOfSecurities.xlsx,2026-07-29
03323.HK,CNBM,HKEX,待分类,03323.HK,,上市,,https://www.hkex.com.hk/eng/services/trading/securities/securitieslists/ListOfSecurities.xlsx,2026-07-29
03328.HK,BANKCOMM,HKEX,待分类,03328.HK,,上市,,https://www.hkex.com.hk/eng/services/trading/securities/securitieslists/ListOfSecurities.xlsx,2026-07-29
03329.HK,BOCOM INTL,HKEX,待分类,03329.HK,,上市,,https://www.hkex.com.hk/eng/services/trading/securities/securitieslists/ListOfSecurities.xlsx,2026-07-29
03330.HK,LINGBAO GOLD,HKEX,待分类,03330.HK,,上市,,https://www.hkex.com.hk/eng/services/trading/securities/securitieslists/ListOfSecurities.xlsx,2026-07-29
03332.HK,SINOLIFE UTD,HKEX,待分类,03332.HK,,上市,,https://www.hkex.com.hk/eng/services/trading/securities/securitieslists/ListOfSecurities.xlsx,2026-07-29
03336.HK,JU TENG INTL,HKEX,待分类,03336.HK,,上市,,https://www.hkex.com.hk/eng/services/trading/securities/securitieslists/ListOfSecurities.xlsx,2026-07-29
03337.HK,ANTON OILFIELD,HKEX,待分类,03337.HK,,上市,,https://www.hkex.com.hk/eng/services/trading/securities/securitieslists/ListOfSecurities.xlsx,2026-07-29
03339.HK,LONKING,HKEX,待分类,03339.HK,,上市,,https://www.hkex.com.hk/eng/services/trading/securities/securitieslists/ListOfSecurities.xlsx,2026-07-29
03347.HK,TIGERMED,HKEX,待分类,03347.HK,,上市,,https://www.hkex.com.hk/eng/services/trading/securities/securitieslists/ListOfSecurities.xlsx,2026-07-29
03348.HK,CHINA PENGFEI,HKEX,待分类,03348.HK,,上市,,https://www.hkex.com.hk/eng/services/trading/securities/securitieslists/ListOfSecurities.xlsx,2026-07-29
03355.HK,FS.COM,HKEX,待分类,03355.HK,,上市,,https://www.hkex.com.hk/eng/services/trading/securities/securitieslists/ListOfSecurities.xlsx,2026-07-29
03360.HK,FE HORIZON,HKEX,待分类,03360.HK,,上市,,https://www.hkex.com.hk/eng/services/trading/securities/securitieslists/ListOfSecurities.xlsx,2026-07-29
03363.HK,ZHENGYE INT'L,HKEX,待分类,03363.HK,,上市,,https://www.hkex.com.hk/eng/services/trading/securities/securitieslists/ListOfSecurities.xlsx,2026-07-29
03366.HK,OCT (ASIA),HKEX,待分类,03366.HK,,上市,,https://www.hkex.com.hk/eng/services/trading/securities/securitieslists/ListOfSecurities.xlsx,2026-07-29
03368.HK,PARKSON GROUP,HKEX,待分类,03368.HK,,上市,,https://www.hkex.com.hk/eng/services/trading/securities/securitieslists/ListOfSecurities.xlsx,2026-07-29
03369.HK,QHD PORT,HKEX,待分类,03369.HK,,上市,,https://www.hkex.com.hk/eng/services/trading/securities/securitieslists/ListOfSecurities.xlsx,2026-07-29
03377.HK,SINO-OCEAN GP,HKEX,待分类,03377.HK,,上市,,https://www.hkex.com.hk/eng/services/trading/securities/securitieslists/ListOfSecurities.xlsx,2026-07-29
03378.HK,HANXBIO-B,HKEX,待分类,03378.HK,,上市,,https://www.hkex.com.hk/eng/services/trading/securities/securitieslists/ListOfSecurities.xlsx,2026-07-29
03380.HK,LOGAN GROUP,HKEX,待分类,03380.HK,,上市,,https://www.hkex.com.hk/eng/services/trading/securities/securitieslists/ListOfSecurities.xlsx,2026-07-29
03382.HK,TIANJINPORT DEV,HKEX,待分类,03382.HK,,上市,,https://www.hkex.com.hk/eng/services/trading/securities/securitieslists/ListOfSecurities.xlsx,2026-07-29
03383.HK,AGILE GROUP,HKEX,待分类,03383.HK,,上市,,https://www.hkex.com.hk/eng/services/trading/securities/securitieslists/ListOfSecurities.xlsx,2026-07-29
03388.HK,CREALITY,HKEX,待分类,03388.HK,,上市,,https://www.hkex.com.hk/eng/services/trading/securities/securitieslists/ListOfSecurities.xlsx,2026-07-29
03389.HK,HENGDELI,HKEX,待分类,03389.HK,,上市,,https://www.hkex.com.hk/eng/services/trading/securities/securitieslists/ListOfSecurities.xlsx,2026-07-29
03390.HK,TYCOON GROUP,HKEX,待分类,03390.HK,,上市,,https://www.hkex.com.hk/eng/services/trading/securities/securitieslists/ListOfSecurities.xlsx,2026-07-29
03393.HK,WASION HOLDINGS,HKEX,待分类,03393.HK,,上市,,https://www.hkex.com.hk/eng/services/trading/securities/securitieslists/ListOfSecurities.xlsx,2026-07-29
03395.HK,JX ENERGY,HKEX,待分类,03395.HK,,上市,,https://www.hkex.com.hk/eng/services/trading/securities/securitieslists/ListOfSecurities.xlsx,2026-07-29
03396.HK,LEGENDHOLDING,HKEX,待分类,03396.HK,,上市,,https://www.hkex.com.hk/eng/services/trading/securities/securitieslists/ListOfSecurities.xlsx,2026-07-29
03398.HK,CHINA TING,HKEX,待分类,03398.HK,,上市,,https://www.hkex.com.hk/eng/services/trading/securities/securitieslists/ListOfSecurities.xlsx,2026-07-29
03399.HK,YUEYUN TRANS,HKEX,待分类,03399.HK,,上市,,https://www.hkex.com.hk/eng/services/trading/securities/securitieslists/ListOfSecurities.xlsx,2026-07-29
03600.HK,MODERN DENTAL,HKEX,待分类,03600.HK,,上市,,https://www.hkex.com.hk/eng/services/trading/securities/securitieslists/ListOfSecurities.xlsx,2026-07-29
03601.HK,LUDASHI,HKEX,待分类,03601.HK,,上市,,https://www.hkex.com.hk/eng/services/trading/securities/securitieslists/ListOfSecurities.xlsx,2026-07-29
03603.HK,XINJI SHAXI,HKEX,待分类,03603.HK,,上市,,https://www.hkex.com.hk/eng/services/trading/securities/securitieslists/ListOfSecurities.xlsx,2026-07-29
03606.HK,FUYAO GLASS,HKEX,待分类,03606.HK,,上市,,https://www.hkex.com.hk/eng/services/trading/securities/securitieslists/ListOfSecurities.xlsx,2026-07-29
03613.HK,TONGRENTANGCM,HKEX,待分类,03613.HK,,上市,,https://www.hkex.com.hk/eng/services/trading/securities/securitieslists/ListOfSecurities.xlsx,2026-07-29
03616.HK,EVER REACH GP,HKEX,待分类,03616.HK,,上市,,https://www.hkex.com.hk/eng/services/trading/securities/securitieslists/ListOfSecurities.xlsx,2026-07-29
03618.HK,CQRC BANK,HKEX,待分类,03618.HK,,上市,,https://www.hkex.com.hk/eng/services/trading/securities/securitieslists/ListOfSecurities.xlsx,2026-07-29
03623.HK,C SUCCESS FIN,HKEX,待分类,03623.HK,,上市,,https://www.hkex.com.hk/eng/services/trading/securities/securitieslists/ListOfSecurities.xlsx,2026-07-29
03625.HK,FOURSEMI,HKEX,待分类,03625.HK,,上市,,https://www.hkex.com.hk/eng/services/trading/securities/securitieslists/ListOfSecurities.xlsx,2026-07-29
03626.HK,EAST NOVA HLDGS,HKEX,待分类,03626.HK,,上市,,https://www.hkex.com.hk/eng/services/trading/securities/securitieslists/ListOfSecurities.xlsx,2026-07-29
03628.HK,RENHENG ENT,HKEX,待分类,03628.HK,,上市,,https://www.hkex.com.hk/eng/services/trading/securities/securitieslists/ListOfSecurities.xlsx,2026-07-29
03633.HK,ZHONGYU ENERGY,HKEX,待分类,03633.HK,,上市,,https://www.hkex.com.hk/eng/services/trading/securities/securitieslists/ListOfSecurities.xlsx,2026-07-29
03636.HK,JINXUN RESOURCE,HKEX,待分类,03636.HK,,上市,,https://www.hkex.com.hk/eng/services/trading/securities/securitieslists/ListOfSecurities.xlsx,2026-07-29
03638.HK,HUNLICAR GROUP,HKEX,待分类,03638.HK,,上市,,https://www.hkex.com.hk/eng/services/trading/securities/securitieslists/ListOfSecurities.xlsx,2026-07-29
03639.HK,YIDA CHINA,HKEX,待分类,03639.HK,,上市,,https://www.hkex.com.hk/eng/services/trading/securities/securitieslists/ListOfSecurities.xlsx,2026-07-29
03650.HK,KEEP,HKEX,待分类,03650.HK,,上市,,https://www.hkex.com.hk/eng/services/trading/securities/securitieslists/ListOfSecurities.xlsx,2026-07-29
03658.HK,NEW HOPE SERV,HKEX,待分类,03658.HK,,上市,,https://www.hkex.com.hk/eng/services/trading/securities/securitieslists/ListOfSecurities.xlsx,2026-07-29
03660.HK,QFIN-S,HKEX,待分类,03660.HK,,上市,,https://www.hkex.com.hk/eng/services/trading/securities/securitieslists/ListOfSecurities.xlsx,2026-07-29
03661.HK,SG MICRO,HKEX,待分类,03661.HK,,上市,,https://www.hkex.com.hk/eng/services/trading/securities/securitieslists/ListOfSecurities.xlsx,2026-07-29
03662.HK,STARJOY W&T,HKEX,待分类,03662.HK,,上市,,https://www.hkex.com.hk/eng/services/trading/securities/securitieslists/ListOfSecurities.xlsx,2026-07-29
03666.HK,SHANGHAI XNG,HKEX,待分类,03666.HK,,上市,,https://www.hkex.com.hk/eng/services/trading/securities/securitieslists/ListOfSecurities.xlsx,2026-07-29
03668.HK,YANCOAL AUS,HKEX,待分类,03668.HK,,上市,,https://www.hkex.com.hk/eng/services/trading/securities/securitieslists/ListOfSecurities.xlsx,2026-07-29
03669.HK,YONGDA AUTO,HKEX,待分类,03669.HK,,上市,,https://www.hkex.com.hk/eng/services/trading/securities/securitieslists/ListOfSecurities.xlsx,2026-07-29
03677.HK,ZENERGY,HKEX,待分类,03677.HK,,上市,,https://www.hkex.com.hk/eng/services/trading/securities/securitieslists/ListOfSecurities.xlsx,2026-07-29
03678.HK,HOLLY FUTURES,HKEX,待分类,03678.HK,,上市,,https://www.hkex.com.hk/eng/services/trading/securities/securitieslists/ListOfSecurities.xlsx,2026-07-29
03680.HK,RUIHE DATA,HKEX,待分类,03680.HK,,上市,,https://www.hkex.com.hk/eng/services/trading/securities/securitieslists/ListOfSecurities.xlsx,2026-07-29
03681.HK,SINOMAB BIO-B,HKEX,待分类,03681.HK,,上市,,https://www.hkex.com.hk/eng/services/trading/securities/securitieslists/ListOfSecurities.xlsx,2026-07-29
03683.HK,GREAT HARVEST,HKEX,待分类,03683.HK,,上市,,https://www.hkex.com.hk/eng/services/trading/securities/securitieslists/ListOfSecurities.xlsx,2026-07-29
03686.HK,CLIFFORDML,HKEX,待分类,03686.HK,,上市,,https://www.hkex.com.hk/eng/services/trading/securities/securitieslists/ListOfSecurities.xlsx,2026-07-29
03688.HK,TOP SPRING,HKEX,待分类,03688.HK,,上市,,https://www.hkex.com.hk/eng/services/trading/securities/securitieslists/ListOfSecurities.xlsx,2026-07-29
03689.HK,KANGHUA HEALTH,HKEX,待分类,03689.HK,,上市,,https://www.hkex.com.hk/eng/services/trading/securities/securitieslists/ListOfSecurities.xlsx,2026-07-29
03690.HK,MEITUAN-W,HKEX,待分类,03690.HK,,上市,,https://www.hkex.com.hk/eng/services/trading/securities/securitieslists/ListOfSecurities.xlsx,2026-07-29
03692.HK,HANSOH PHARMA,HKEX,待分类,03692.HK,,上市,,https://www.hkex.com.hk/eng/services/trading/securities/securitieslists/ListOfSecurities.xlsx,2026-07-29
03696.HK,INSILICO,HKEX,待分类,03696.HK,,上市,,https://www.hkex.com.hk/eng/services/trading/securities/securitieslists/ListOfSecurities.xlsx,2026-07-29
03698.HK,HUISHANG BANK,HKEX,待分类,03698.HK,,上市,,https://www.hkex.com.hk/eng/services/trading/securities/securitieslists/ListOfSecurities.xlsx,2026-07-29
03699.HK,EB GRAND CHINA,HKEX,待分类,03699.HK,,上市,,https://www.hkex.com.hk/eng/services/trading/securities/securitieslists/ListOfSecurities.xlsx,2026-07-29
03700.HK,INKEVERSE,HKEX,待分类,03700.HK,,上市,,https://www.hkex.com.hk/eng/services/trading/securities/securitieslists/ListOfSecurities.xlsx,2026-07-29
03708.HK,WORLD DIGI ECON,HKEX,待分类,03708.HK,,上市,,https://www.hkex.com.hk/eng/services/trading/securities/securitieslists/ListOfSecurities.xlsx,2026-07-29
03709.HK,EEKA FASHION,HKEX,待分类,03709.HK,,上市,,https://www.hkex.com.hk/eng/services/trading/securities/securitieslists/ListOfSecurities.xlsx,2026-07-29
03718.HK,BJ ENT URBAN,HKEX,待分类,03718.HK,,上市,,https://www.hkex.com.hk/eng/services/trading/securities/securitieslists/ListOfSecurities.xlsx,2026-07-29
03728.HK,CHING LEE,HKEX,待分类,03728.HK,,上市,,https://www.hkex.com.hk/eng/services/trading/securities/securitieslists/ListOfSecurities.xlsx,2026-07-29
03737.HK,ZHONGZHIPHARM,HKEX,待分类,03737.HK,,上市,,https://www.hkex.com.hk/eng/services/trading/securities/securitieslists/ListOfSecurities.xlsx,2026-07-29
03738.HK,VOBILE GROUP,HKEX,待分类,03738.HK,,上市,,https://www.hkex.com.hk/eng/services/trading/securities/securitieslists/ListOfSecurities.xlsx,2026-07-29
03750.HK,CATL,HKEX,待分类,03750.HK,,上市,,https://www.hkex.com.hk/eng/services/trading/securities/securitieslists/ListOfSecurities.xlsx,2026-07-29
03752.HK,ROKAE ROBOTICS,HKEX,待分类,03752.HK,,上市,,https://www.hkex.com.hk/eng/services/trading/securities/securitieslists/ListOfSecurities.xlsx,2026-07-29
03759.HK,PHARMARON,HKEX,待分类,03759.HK,,上市,,https://www.hkex.com.hk/eng/services/trading/securities/securitieslists/ListOfSecurities.xlsx,2026-07-29
03768.HK,DCWT,HKEX,待分类,03768.HK,,上市,,https://www.hkex.com.hk/eng/services/trading/securities/securitieslists/ListOfSecurities.xlsx,2026-07-29
03773.HK,YS DIGIFAVOR,HKEX,待分类,03773.HK,,上市,,https://www.hkex.com.hk/eng/services/trading/securities/securitieslists/ListOfSecurities.xlsx,2026-07-29
03774.HK,FAMEGLOW,HKEX,待分类,03774.HK,,上市,,https://www.hkex.com.hk/eng/services/trading/securities/securitieslists/ListOfSecurities.xlsx,2026-07-29
03778.HK,CHINA WEAVING,HKEX,待分类,03778.HK,,上市,,https://www.hkex.com.hk/eng/services/trading/securities/securitieslists/ListOfSecurities.xlsx,2026-07-29
03788.HK,HANKING GOLD,HKEX,待分类,03788.HK,,上市,,https://www.hkex.com.hk/eng/services/trading/securities/securitieslists/ListOfSecurities.xlsx,2026-07-29
03789.HK,ROYAL DELUXE,HKEX,待分类,03789.HK,,上市,,https://www.hkex.com.hk/eng/services/trading/securities/securitieslists/ListOfSecurities.xlsx,2026-07-29
03798.HK,HOMELAND ITL,HKEX,待分类,03798.HK,,上市,,https://www.hkex.com.hk/eng/services/trading/securities/securitieslists/ListOfSecurities.xlsx,2026-07-29
03800.HK,GCL TECH,HKEX,待分类,03800.HK,,上市,,https://www.hkex.com.hk/eng/services/trading/securities/securitieslists/ListOfSecurities.xlsx,2026-07-29
03808.HK,SINOTRUK,HKEX,待分类,03808.HK,,上市,,https://www.hkex.com.hk/eng/services/trading/securities/securitieslists/ListOfSecurities.xlsx,2026-07-29
03813.HK,POU SHENG INT'L,HKEX,待分类,03813.HK,,上市,,https://www.hkex.com.hk/eng/services/trading/securities/securitieslists/ListOfSecurities.xlsx,2026-07-29
03816.HK,KFM KINGDOM,HKEX,待分类,03816.HK,,上市,,https://www.hkex.com.hk/eng/services/trading/securities/securitieslists/ListOfSecurities.xlsx,2026-07-29
03818.HK,CHINA DONGXIANG,HKEX,待分类,03818.HK,,上市,,https://www.hkex.com.hk/eng/services/trading/securities/securitieslists/ListOfSecurities.xlsx,2026-07-29
03822.HK,SAM WOO CONS,HKEX,待分类,03822.HK,,上市,,https://www.hkex.com.hk/eng/services/trading/securities/securitieslists/ListOfSecurities.xlsx,2026-07-29
03828.HK,MING FAI INT'L,HKEX,待分类,03828.HK,,上市,,https://www.hkex.com.hk/eng/services/trading/securities/securitieslists/ListOfSecurities.xlsx,2026-07-29
03830.HK,KIDDIELAND,HKEX,待分类,03830.HK,,上市,,https://www.hkex.com.hk/eng/services/trading/securities/securitieslists/ListOfSecurities.xlsx,2026-07-29
03833.HK,XINXIN MINING,HKEX,待分类,03833.HK,,上市,,https://www.hkex.com.hk/eng/services/trading/securities/securitieslists/ListOfSecurities.xlsx,2026-07-29
03836.HK,HARMONY AUTO,HKEX,待分类,03836.HK,,上市,,https://www.hkex.com.hk/eng/services/trading/securities/securitieslists/ListOfSecurities.xlsx,2026-07-29
03838.HK,CHINA STARCH,HKEX,待分类,03838.HK,,上市,,https://www.hkex.com.hk/eng/services/trading/securities/securitieslists/ListOfSecurities.xlsx,2026-07-29
03839.HK,CPBIO,HKEX,待分类,03839.HK,,上市,,https://www.hkex.com.hk/eng/services/trading/securities/securitieslists/ListOfSecurities.xlsx,2026-07-29
03848.HK,HAOSEN FINT-NEW,HKEX,待分类,03848.HK,,上市,,https://www.hkex.com.hk/eng/services/trading/securities/securitieslists/ListOfSecurities.xlsx,2026-07-29
03858.HK,JIAXIN INTL RES,HKEX,待分类,03858.HK,,上市,,https://www.hkex.com.hk/eng/services/trading/securities/securitieslists/ListOfSecurities.xlsx,2026-07-29
03860.HK,EPS HEALTH TECH,HKEX,待分类,03860.HK,,上市,,https://www.hkex.com.hk/eng/services/trading/securities/securitieslists/ListOfSecurities.xlsx,2026-07-29
03866.HK,BQD,HKEX,待分类,03866.HK,,上市,,https://www.hkex.com.hk/eng/services/trading/securities/securitieslists/ListOfSecurities.xlsx,2026-07-29
03868.HK,XINYI ENERGY,HKEX,待分类,03868.HK,,上市,,https://www.hkex.com.hk/eng/services/trading/securities/securitieslists/ListOfSecurities.xlsx,2026-07-29
03869.HK,HOSPITAL CORP,HKEX,待分类,03869.HK,,上市,,https://www.hkex.com.hk/eng/services/trading/securities/securitieslists/ListOfSecurities.xlsx,2026-07-29
03877.HK,CSSC SHIPPING,HKEX,待分类,03877.HK,,上市,,https://www.hkex.com.hk/eng/services/trading/securities/securitieslists/ListOfSecurities.xlsx,2026-07-29
03878.HK,VICON HOLDINGS,HKEX,待分类,03878.HK,,上市,,https://www.hkex.com.hk/eng/services/trading/securities/securitieslists/ListOfSecurities.xlsx,2026-07-29
03880.HK,MEDTIDE,HKEX,待分类,03880.HK,,上市,,https://www.hkex.com.hk/eng/services/trading/securities/securitieslists/ListOfSecurities.xlsx,2026-07-29
03881.HK,CIDI,HKEX,待分类,03881.HK,,上市,,https://www.hkex.com.hk/eng/services/trading/securities/securitieslists/ListOfSecurities.xlsx,2026-07-29
03882.HK,SKYLIGHT HLDG,HKEX,待分类,03882.HK,,上市,,https://www.hkex.com.hk/eng/services/trading/securities/securitieslists/ListOfSecurities.xlsx,2026-07-29
03883.HK,CHINA AOYUAN,HKEX,待分类,03883.HK,,上市,,https://www.hkex.com.hk/eng/services/trading/securities/securitieslists/ListOfSecurities.xlsx,2026-07-29
03886.HK,TOWN HEALTH,HKEX,待分类,03886.HK,,上市,,https://www.hkex.com.hk/eng/services/trading/securities/securitieslists/ListOfSecurities.xlsx,2026-07-29
03887.HK,HASHKEY HLDGS,HKEX,待分类,03887.HK,,上市,,https://www.hkex.com.hk/eng/services/trading/securities/securitieslists/ListOfSecurities.xlsx,2026-07-29
03888.HK,KINGSOFT,HKEX,待分类,03888.HK,,上市,,https://www.hkex.com.hk/eng/services/trading/securities/securitieslists/ListOfSecurities.xlsx,2026-07-29
03889.HK,GLOBAL CORN GP,HKEX,待分类,03889.HK,,上市,,https://www.hkex.com.hk/eng/services/trading/securities/securitieslists/ListOfSecurities.xlsx,2026-07-29
03893.HK,CROSSTEC,HKEX,待分类,03893.HK,,上市,,https://www.hkex.com.hk/eng/services/trading/securities/securitieslists/ListOfSecurities.xlsx,2026-07-29
03896.HK,KINGSOFT CLOUD,HKEX,待分类,03896.HK,,上市,,https://www.hkex.com.hk/eng/services/trading/securities/securitieslists/ListOfSecurities.xlsx,2026-07-29
03898.HK,TIMES ELECTRIC,HKEX,待分类,03898.HK,,上市,,https://www.hkex.com.hk/eng/services/trading/securities/securitieslists/ListOfSecurities.xlsx,2026-07-29
03899.HK,CIMC ENRIC,HKEX,待分类,03899.HK,,上市,,https://www.hkex.com.hk/eng/services/trading/securities/securitieslists/ListOfSecurities.xlsx,2026-07-29
03900.HK,GREENTOWN CHINA,HKEX,待分类,03900.HK,,上市,,https://www.hkex.com.hk/eng/services/trading/securities/securitieslists/ListOfSecurities.xlsx,2026-07-29
03903.HK,HANHUA FIN,HKEX,待分类,03903.HK,,上市,,https://www.hkex.com.hk/eng/services/trading/securities/securitieslists/ListOfSecurities.xlsx,2026-07-29
03908.HK,CICC,HKEX,待分类,03908.HK,,上市,,https://www.hkex.com.hk/eng/services/trading/securities/securitieslists/ListOfSecurities.xlsx,2026-07-29
03913.HK,KWG LIVING,HKEX,待分类,03913.HK,,上市,,https://www.hkex.com.hk/eng/services/trading/securities/securitieslists/ListOfSecurities.xlsx,2026-07-29
03918.HK,NAGACORP,HKEX,待分类,03918.HK,,上市,,https://www.hkex.com.hk/eng/services/trading/securities/securitieslists/ListOfSecurities.xlsx,2026-07-29
03919.HK,GOLDENPOWER,HKEX,待分类,03919.HK,,上市,,https://www.hkex.com.hk/eng/services/trading/securities/securitieslists/ListOfSecurities.xlsx,2026-07-29
03928.HK,CHINA NEXT-GEN,HKEX,待分类,03928.HK,,上市,,https://www.hkex.com.hk/eng/services/trading/securities/securitieslists/ListOfSecurities.xlsx,2026-07-29
03931.HK,CALB,HKEX,待分类,03931.HK,,上市,,https://www.hkex.com.hk/eng/services/trading/securities/securitieslists/ListOfSecurities.xlsx,2026-07-29
03933.HK,UNITED LAB,HKEX,待分类,03933.HK,,上市,,https://www.hkex.com.hk/eng/services/trading/securities/securitieslists/ListOfSecurities.xlsx,2026-07-29
03938.HK,LFG INV HLDGS,HKEX,待分类,03938.HK,,上市,,https://www.hkex.com.hk/eng/services/trading/securities/securitieslists/ListOfSecurities.xlsx,2026-07-29
03939.HK,WANGUO GOLD GP,HKEX,待分类,03939.HK,,上市,,https://www.hkex.com.hk/eng/services/trading/securities/securitieslists/ListOfSecurities.xlsx,2026-07-29
03952.HK,LAIFUAL,HKEX,待分类,03952.HK,,上市,,https://www.hkex.com.hk/eng/services/trading/securities/securitieslists/ListOfSecurities.xlsx,2026-07-29
03958.HK,DFZQ,HKEX,待分类,03958.HK,,上市,,https://www.hkex.com.hk/eng/services/trading/securities/securitieslists/ListOfSecurities.xlsx,2026-07-29
03963.HK,RONGZHONG FIN,HKEX,待分类,03963.HK,,上市,,https://www.hkex.com.hk/eng/services/trading/securities/securitieslists/ListOfSecurities.xlsx,2026-07-29
03968.HK,CM BANK,HKEX,待分类,03968.HK,,上市,,https://www.hkex.com.hk/eng/services/trading/securities/securitieslists/ListOfSecurities.xlsx,2026-07-29
03969.HK,CHINA CRSC,HKEX,待分类,03969.HK,,上市,,https://www.hkex.com.hk/eng/services/trading/securities/securitieslists/ListOfSecurities.xlsx,2026-07-29
03978.HK,BESTSTUDY EDU,HKEX,待分类,03978.HK,,上市,,https://www.hkex.com.hk/eng/services/trading/securities/securitieslists/ListOfSecurities.xlsx,2026-07-29
03983.HK,CHINA BLUECHEM,HKEX,待分类,03983.HK,,上市,,https://www.hkex.com.hk/eng/services/trading/securities/securitieslists/ListOfSecurities.xlsx,2026-07-29
03986.HK,GIGADEVICE,HKEX,待分类,03986.HK,,上市,,https://www.hkex.com.hk/eng/services/trading/securities/securitieslists/ListOfSecurities.xlsx,2026-07-29
03988.HK,BANK OF CHINA,HKEX,待分类,03988.HK,,上市,,https://www.hkex.com.hk/eng/services/trading/securities/securitieslists/ListOfSecurities.xlsx,2026-07-29
03989.HK,CAPITAL ENV,HKEX,待分类,03989.HK,,上市,,https://www.hkex.com.hk/eng/services/trading/securities/securitieslists/ListOfSecurities.xlsx,2026-07-29
03990.HK,MIDEA REAL EST,HKEX,待分类,03990.HK,,上市,,https://www.hkex.com.hk/eng/services/trading/securities/securitieslists/ListOfSecurities.xlsx,2026-07-29
03991.HK,CHANGHONG JH,HKEX,待分类,03991.HK,,上市,,https://www.hkex.com.hk/eng/services/trading/securities/securitieslists/ListOfSecurities.xlsx,2026-07-29
03993.HK,CMOC,HKEX,待分类,03993.HK,,上市,,https://www.hkex.com.hk/eng/services/trading/securities/securitieslists/ListOfSecurities.xlsx,2026-07-29
03996.HK,CH ENERGY ENG,HKEX,待分类,03996.HK,,上市,,https://www.hkex.com.hk/eng/services/trading/securities/securitieslists/ListOfSecurities.xlsx,2026-07-29
03997.HK,TSO,HKEX,待分类,03997.HK,,上市,,https://www.hkex.com.hk/eng/services/trading/securities/securitieslists/ListOfSecurities.xlsx,2026-07-29
03998.HK,BOSIDENG,HKEX,待分类,03998.HK,,上市,,https://www.hkex.com.hk/eng/services/trading/securities/securitieslists/ListOfSecurities.xlsx,2026-07-29
03999.HK,DACHAN FOOD,HKEX,待分类,03999.HK,,上市,,https://www.hkex.com.hk/eng/services/trading/securities/securitieslists/ListOfSecurities.xlsx,2026-07-29
04621.HK,CINDA 21USDPREF,HKEX,待分类,04621.HK,,上市,,https://www.hkex.com.hk/eng/services/trading/securities/securitieslists/ListOfSecurities.xlsx,2026-07-29
06030.HK,CITIC SEC,HKEX,待分类,06030.HK,,上市,,https://www.hkex.com.hk/eng/services/trading/securities/securitieslists/ListOfSecurities.xlsx,2026-07-29
06031.HK,SANY HEAVY IND,HKEX,待分类,06031.HK,,上市,,https://www.hkex.com.hk/eng/services/trading/securities/securitieslists/ListOfSecurities.xlsx,2026-07-29
06033.HK,TELECOM DIGIT,HKEX,待分类,06033.HK,,上市,,https://www.hkex.com.hk/eng/services/trading/securities/securitieslists/ListOfSecurities.xlsx,2026-07-29
06036.HK,APEX ACE HLDG,HKEX,待分类,06036.HK,,上市,,https://www.hkex.com.hk/eng/services/trading/securities/securitieslists/ListOfSecurities.xlsx,2026-07-29
06038.HK,G & M HLDGS,HKEX,待分类,06038.HK,,上市,,https://www.hkex.com.hk/eng/services/trading/securities/securitieslists/ListOfSecurities.xlsx,2026-07-29
06049.HK,POLY PPT SER,HKEX,待分类,06049.HK,,上市,,https://www.hkex.com.hk/eng/services/trading/securities/securitieslists/ListOfSecurities.xlsx,2026-07-29
06051.HK,YOUZAN-NEW,HKEX,待分类,06051.HK,,上市,,https://www.hkex.com.hk/eng/services/trading/securities/securitieslists/ListOfSecurities.xlsx,2026-07-29
06055.HK,CTIHK,HKEX,待分类,06055.HK,,上市,,https://www.hkex.com.hk/eng/services/trading/securities/securitieslists/ListOfSecurities.xlsx,2026-07-29
06058.HK,CISI FIN,HKEX,待分类,06058.HK,,上市,,https://www.hkex.com.hk/eng/services/trading/securities/securitieslists/ListOfSecurities.xlsx,2026-07-29
06060.HK,ZA ONLINE,HKEX,待分类,06060.HK,,上市,,https://www.hkex.com.hk/eng/services/trading/securities/securitieslists/ListOfSecurities.xlsx,2026-07-29
06063.HK,LOTUS HORIZON,HKEX,待分类,06063.HK,,上市,,https://www.hkex.com.hk/eng/services/trading/securities/securitieslists/ListOfSecurities.xlsx,2026-07-29
06066.HK,CSC,HKEX,待分类,06066.HK,,上市,,https://www.hkex.com.hk/eng/services/trading/securities/securitieslists/ListOfSecurities.xlsx,2026-07-29
06067.HK,SENIOR MATERIAL,HKEX,待分类,06067.HK,,上市,,https://www.hkex.com.hk/eng/services/trading/securities/securitieslists/ListOfSecurities.xlsx,2026-07-29
06068.HK,WISDOM EDU INTL,HKEX,待分类,06068.HK,,上市,,https://www.hkex.com.hk/eng/services/trading/securities/securitieslists/ListOfSecurities.xlsx,2026-07-29
06069.HK,SY HOLDINGS,HKEX,待分类,06069.HK,,上市,,https://www.hkex.com.hk/eng/services/trading/securities/securitieslists/ListOfSecurities.xlsx,2026-07-29
06078.HK,HYGEIA HEALTH,HKEX,待分类,06078.HK,,上市,,https://www.hkex.com.hk/eng/services/trading/securities/securitieslists/ListOfSecurities.xlsx,2026-07-29
06080.HK,WING CHI HLDGS,HKEX,待分类,06080.HK,,上市,,https://www.hkex.com.hk/eng/services/trading/securities/securitieslists/ListOfSecurities.xlsx,2026-07-29
06082.HK,BIREN TECH,HKEX,待分类,06082.HK,,上市,,https://www.hkex.com.hk/eng/services/trading/securities/securitieslists/ListOfSecurities.xlsx,2026-07-29
06083.HK,WORLD-LINK LOG,HKEX,待分类,06083.HK,,上市,,https://www.hkex.com.hk/eng/services/trading/securities/securitieslists/ListOfSecurities.xlsx,2026-07-29
06086.HK,FANGZHOU JIANKE,HKEX,待分类,06086.HK,,上市,,https://www.hkex.com.hk/eng/services/trading/securities/securitieslists/ListOfSecurities.xlsx,2026-07-29
06088.HK,FIT HON TENG,HKEX,待分类,06088.HK,,上市,,https://www.hkex.com.hk/eng/services/trading/securities/securitieslists/ListOfSecurities.xlsx,2026-07-29
06090.HK,BUTONG GROUP,HKEX,待分类,06090.HK,,上市,,https://www.hkex.com.hk/eng/services/trading/securities/securitieslists/ListOfSecurities.xlsx,2026-07-29
06093.HK,HEVOL SERVICES,HKEX,待分类,06093.HK,,上市,,https://www.hkex.com.hk/eng/services/trading/securities/securitieslists/ListOfSecurities.xlsx,2026-07-29
06098.HK,CG SERVICES,HKEX,待分类,06098.HK,,上市,,https://www.hkex.com.hk/eng/services/trading/securities/securitieslists/ListOfSecurities.xlsx,2026-07-29
06099.HK,CMSC,HKEX,待分类,06099.HK,,上市,,https://www.hkex.com.hk/eng/services/trading/securities/securitieslists/ListOfSecurities.xlsx,2026-07-29
06100.HK,TONGDAO LIEPIN,HKEX,待分类,06100.HK,,上市,,https://www.hkex.com.hk/eng/services/trading/securities/securitieslists/ListOfSecurities.xlsx,2026-07-29
06106.HK,SEER TECH,HKEX,待分类,06106.HK,,上市,,https://www.hkex.com.hk/eng/services/trading/securities/securitieslists/ListOfSecurities.xlsx,2026-07-29
06108.HK,NEW RAY MEDIC,HKEX,待分类,06108.HK,,上市,,https://www.hkex.com.hk/eng/services/trading/securities/securitieslists/ListOfSecurities.xlsx,2026-07-29
06110.HK,TOPSPORTS,HKEX,待分类,06110.HK,,上市,,https://www.hkex.com.hk/eng/services/trading/securities/securitieslists/ListOfSecurities.xlsx,2026-07-29
06113.HK,BITSTRAT HLDGS,HKEX,待分类,06113.HK,,上市,,https://www.hkex.com.hk/eng/services/trading/securities/securitieslists/ListOfSecurities.xlsx,2026-07-29
06117.HK,RIZHAO PORT JR,HKEX,待分类,06117.HK,,上市,,https://www.hkex.com.hk/eng/services/trading/securities/securitieslists/ListOfSecurities.xlsx,2026-07-29
06118.HK,AUSTAR,HKEX,待分类,06118.HK,,上市,,https://www.hkex.com.hk/eng/services/trading/securities/securitieslists/ListOfSecurities.xlsx,2026-07-29
06119.HK,TIAN YUAN GP,HKEX,待分类,06119.HK,,上市,,https://www.hkex.com.hk/eng/services/trading/securities/securitieslists/ListOfSecurities.xlsx,2026-07-29
06123.HK,YTO INTL EXP,HKEX,待分类,06123.HK,,上市,,https://www.hkex.com.hk/eng/services/trading/securities/securitieslists/ListOfSecurities.xlsx,2026-07-29
06127.HK,JOINN,HKEX,待分类,06127.HK,,上市,,https://www.hkex.com.hk/eng/services/trading/securities/securitieslists/ListOfSecurities.xlsx,2026-07-29
06128.HK,GRAPHEX GROUP,HKEX,待分类,06128.HK,,上市,,https://www.hkex.com.hk/eng/services/trading/securities/securitieslists/ListOfSecurities.xlsx,2026-07-29
06132.HK,HJ SCIENCE-B,HKEX,待分类,06132.HK,,上市,,https://www.hkex.com.hk/eng/services/trading/securities/securitieslists/ListOfSecurities.xlsx,2026-07-29
06133.HK,VITAL INNO,HKEX,待分类,06133.HK,,上市,,https://www.hkex.com.hk/eng/services/trading/securities/securitieslists/ListOfSecurities.xlsx,2026-07-29
06136.HK,KANGDA ENV,HKEX,待分类,06136.HK,,上市,,https://www.hkex.com.hk/eng/services/trading/securities/securitieslists/ListOfSecurities.xlsx,2026-07-29
06138.HK,HARBIN BANK,HKEX,待分类,06138.HK,,上市,,https://www.hkex.com.hk/eng/services/trading/securities/securitieslists/ListOfSecurities.xlsx,2026-07-29
06158.HK,ZHENRO PPT,HKEX,待分类,06158.HK,,上市,,https://www.hkex.com.hk/eng/services/trading/securities/securitieslists/ListOfSecurities.xlsx,2026-07-29
06160.HK,BEONE MEDICINES,HKEX,待分类,06160.HK,,上市,,https://www.hkex.com.hk/eng/services/trading/securities/securitieslists/ListOfSecurities.xlsx,2026-07-29
06162.HK,TR INTERIORS,HKEX,待分类,06162.HK,,上市,,https://www.hkex.com.hk/eng/services/trading/securities/securitieslists/ListOfSecurities.xlsx,2026-07-29
06163.HK,GEMILANG INTL,HKEX,待分类,06163.HK,,上市,,https://www.hkex.com.hk/eng/services/trading/securities/securitieslists/ListOfSecurities.xlsx,2026-07-29
06166.HK,CIG,HKEX,待分类,06166.HK,,上市,,https://www.hkex.com.hk/eng/services/trading/securities/securitieslists/ListOfSecurities.xlsx,2026-07-29
06168.HK,ZHOU LIU FU,HKEX,待分类,06168.HK,,上市,,https://www.hkex.com.hk/eng/services/trading/securities/securitieslists/ListOfSecurities.xlsx,2026-07-29
06169.HK,YUHUA EDU,HKEX,待分类,06169.HK,,上市,,https://www.hkex.com.hk/eng/services/trading/securities/securitieslists/ListOfSecurities.xlsx,2026-07-29
06178.HK,EB SECURITIES,HKEX,待分类,06178.HK,,上市,,https://www.hkex.com.hk/eng/services/trading/securities/securitieslists/ListOfSecurities.xlsx,2026-07-29
06181.HK,LAOPU GOLD,HKEX,待分类,06181.HK,,上市,,https://www.hkex.com.hk/eng/services/trading/securities/securitieslists/ListOfSecurities.xlsx,2026-07-29
06182.HK,TWINTEK,HKEX,待分类,06182.HK,,上市,,https://www.hkex.com.hk/eng/services/trading/securities/securitieslists/ListOfSecurities.xlsx,2026-07-29
06185.HK,CANSINOBIO,HKEX,待分类,06185.HK,,上市,,https://www.hkex.com.hk/eng/services/trading/securities/securitieslists/ListOfSecurities.xlsx,2026-07-29
06186.HK,CHINA FEIHE,HKEX,待分类,06186.HK,,上市,,https://www.hkex.com.hk/eng/services/trading/securities/securitieslists/ListOfSecurities.xlsx,2026-07-29
06188.HK,BJ DIGITAL,HKEX,待分类,06188.HK,,上市,,https://www.hkex.com.hk/eng/services/trading/securities/securitieslists/ListOfSecurities.xlsx,2026-07-29
06189.HK,ADWAY,HKEX,待分类,06189.HK,,上市,,https://www.hkex.com.hk/eng/services/trading/securities/securitieslists/ListOfSecurities.xlsx,2026-07-29
06190.HK,BANKOFJIUJIANG,HKEX,待分类,06190.HK,,上市,,https://www.hkex.com.hk/eng/services/trading/securities/securitieslists/ListOfSecurities.xlsx,2026-07-29
06193.HK,TAILAM TECHCON,HKEX,待分类,06193.HK,,上市,,https://www.hkex.com.hk/eng/services/trading/securities/securitieslists/ListOfSecurities.xlsx,2026-07-29
06196.HK,BANKOFZHENGZHOU,HKEX,待分类,06196.HK,,上市,,https://www.hkex.com.hk/eng/services/trading/securities/securitieslists/ListOfSecurities.xlsx,2026-07-29
06198.HK,QINGDAO PORT,HKEX,待分类,06198.HK,,上市,,https://www.hkex.com.hk/eng/services/trading/securities/securitieslists/ListOfSecurities.xlsx,2026-07-29
06199.HK,BANK OF GUIZHOU,HKEX,待分类,06199.HK,,上市,,https://www.hkex.com.hk/eng/services/trading/securities/securitieslists/ListOfSecurities.xlsx,2026-07-29
06600.HK,ONEROBOTICS,HKEX,待分类,06600.HK,,上市,,https://www.hkex.com.hk/eng/services/trading/securities/securitieslists/ListOfSecurities.xlsx,2026-07-29
06601.HK,CHEERWIN GP,HKEX,待分类,06601.HK,,上市,,https://www.hkex.com.hk/eng/services/trading/securities/securitieslists/ListOfSecurities.xlsx,2026-07-29
06603.HK,IFBH,HKEX,待分类,06603.HK,,上市,,https://www.hkex.com.hk/eng/services/trading/securities/securitieslists/ListOfSecurities.xlsx,2026-07-29
06608.HK,BAIRONG-W,HKEX,待分类,06608.HK,,上市,,https://www.hkex.com.hk/eng/services/trading/securities/securitieslists/ListOfSecurities.xlsx,2026-07-29
06609.HK,HEARTCARE-B,HKEX,待分类,06609.HK,,上市,,https://www.hkex.com.hk/eng/services/trading/securities/securitieslists/ListOfSecurities.xlsx,2026-07-29
06610.HK,FLOWING CLOUD,HKEX,待分类,06610.HK,,上市,,https://www.hkex.com.hk/eng/services/trading/securities/securitieslists/ListOfSecurities.xlsx,2026-07-29
06611.HK,SANXUN GROUP,HKEX,待分类,06611.HK,,上市,,https://www.hkex.com.hk/eng/services/trading/securities/securitieslists/ListOfSecurities.xlsx,2026-07-29
06613.HK,LENS,HKEX,待分类,06613.HK,,上市,,https://www.hkex.com.hk/eng/services/trading/securities/securitieslists/ListOfSecurities.xlsx,2026-07-29
06616.HK,GLOBAL NEW MAT,HKEX,待分类,06616.HK,,上市,,https://www.hkex.com.hk/eng/services/trading/securities/securitieslists/ListOfSecurities.xlsx,2026-07-29
06618.HK,JD HEALTH,HKEX,待分类,06618.HK,,上市,,https://www.hkex.com.hk/eng/services/trading/securities/securitieslists/ListOfSecurities.xlsx,2026-07-29
06622.HK,ZHAOKE OPHTH-B,HKEX,待分类,06622.HK,,上市,,https://www.hkex.com.hk/eng/services/trading/securities/securitieslists/ListOfSecurities.xlsx,2026-07-29
06623.HK,LUFAX,HKEX,待分类,06623.HK,,上市,,https://www.hkex.com.hk/eng/services/trading/securities/securitieslists/ListOfSecurities.xlsx,2026-07-29
06626.HK,YUEXIU SERVICES,HKEX,待分类,06626.HK,,上市,,https://www.hkex.com.hk/eng/services/trading/securities/securitieslists/ListOfSecurities.xlsx,2026-07-29
06628.HK,TRANSCENTA-B,HKEX,待分类,06628.HK,,上市,,https://www.hkex.com.hk/eng/services/trading/securities/securitieslists/ListOfSecurities.xlsx,2026-07-29
06633.HK,QINGCI GAMES,HKEX,待分类,06633.HK,,上市,,https://www.hkex.com.hk/eng/services/trading/securities/securitieslists/ListOfSecurities.xlsx,2026-07-29
06636.HK,EXTREME VISION,HKEX,待分类,06636.HK,,上市,,https://www.hkex.com.hk/eng/services/trading/securities/securitieslists/ListOfSecurities.xlsx,2026-07-29
06639.HK,ARRAIL GROUP,HKEX,待分类,06639.HK,,上市,,https://www.hkex.com.hk/eng/services/trading/securities/securitieslists/ListOfSecurities.xlsx,2026-07-29
06651.HK,51WORLD,HKEX,待分类,06651.HK,,上市,,https://www.hkex.com.hk/eng/services/trading/securities/securitieslists/ListOfSecurities.xlsx,2026-07-29
06655.HK,HX BLDG MAT,HKEX,待分类,06655.HK,,上市,,https://www.hkex.com.hk/eng/services/trading/securities/securitieslists/ListOfSecurities.xlsx,2026-07-29
06656.HK,SIGENERGY,HKEX,待分类,06656.HK,,上市,,https://www.hkex.com.hk/eng/services/trading/securities/securitieslists/ListOfSecurities.xlsx,2026-07-29
06657.HK,BAIWANG CO,HKEX,待分类,06657.HK,,上市,,https://www.hkex.com.hk/eng/services/trading/securities/securitieslists/ListOfSecurities.xlsx,2026-07-29
06658.HK,LIULIUMEI,HKEX,待分类,06658.HK,,上市,,https://www.hkex.com.hk/eng/services/trading/securities/securitieslists/ListOfSecurities.xlsx,2026-07-29
06660.HK,AIM VACCINE,HKEX,待分类,06660.HK,,上市,,https://www.hkex.com.hk/eng/services/trading/securities/securitieslists/ListOfSecurities.xlsx,2026-07-29
06661.HK,HUZHOU GAS,HKEX,待分类,06661.HK,,上市,,https://www.hkex.com.hk/eng/services/trading/securities/securitieslists/ListOfSecurities.xlsx,2026-07-29
06663.HK,IWS GROUP,HKEX,待分类,06663.HK,,上市,,https://www.hkex.com.hk/eng/services/trading/securities/securitieslists/ListOfSecurities.xlsx,2026-07-29
06666.HK,EVERG SERVICES,HKEX,待分类,06666.HK,,上市,,https://www.hkex.com.hk/eng/services/trading/securities/securitieslists/ListOfSecurities.xlsx,2026-07-29
06667.HK,MEGA GENOMICS,HKEX,待分类,06667.HK,,上市,,https://www.hkex.com.hk/eng/services/trading/securities/securitieslists/ListOfSecurities.xlsx,2026-07-29
06668.HK,E-STAR CM,HKEX,待分类,06668.HK,,上市,,https://www.hkex.com.hk/eng/services/trading/securities/securitieslists/ListOfSecurities.xlsx,2026-07-29
06669.HK,ACOTEC-B,HKEX,待分类,06669.HK,,上市,,https://www.hkex.com.hk/eng/services/trading/securities/securitieslists/ListOfSecurities.xlsx,2026-07-29
06675.HK,SENASIC,HKEX,待分类,06675.HK,,上市,,https://www.hkex.com.hk/eng/services/trading/securities/securitieslists/ListOfSecurities.xlsx,2026-07-29
06676.HK,ZG GROUP-W,HKEX,待分类,06676.HK,,上市,,https://www.hkex.com.hk/eng/services/trading/securities/securitieslists/ListOfSecurities.xlsx,2026-07-29
06677.HK,SINO-OCEAN SERV,HKEX,待分类,06677.HK,,上市,,https://www.hkex.com.hk/eng/services/trading/securities/securitieslists/ListOfSecurities.xlsx,2026-07-29
06680.HK,JLMAG,HKEX,待分类,06680.HK,,上市,,https://www.hkex.com.hk/eng/services/trading/securities/securitieslists/ListOfSecurities.xlsx,2026-07-29
06681.HK,BRAINAURORA-B,HKEX,待分类,06681.HK,,上市,,https://www.hkex.com.hk/eng/services/trading/securities/securitieslists/ListOfSecurities.xlsx,2026-07-29
06682.HK,PHANCY,HKEX,待分类,06682.HK,,上市,,https://www.hkex.com.hk/eng/services/trading/securities/securitieslists/ListOfSecurities.xlsx,2026-07-29
06683.HK,STARPLUS LEGEND,HKEX,待分类,06683.HK,,上市,,https://www.hkex.com.hk/eng/services/trading/securities/securitieslists/ListOfSecurities.xlsx,2026-07-29
06686.HK,NOAH HOLDINGS,HKEX,待分类,06686.HK,,上市,,https://www.hkex.com.hk/eng/services/trading/securities/securitieslists/ListOfSecurities.xlsx,2026-07-29
06687.HK,JST GROUP,HKEX,待分类,06687.HK,,上市,,https://www.hkex.com.hk/eng/services/trading/securities/securitieslists/ListOfSecurities.xlsx,2026-07-29
06690.HK,HAIER SMARTHOME,HKEX,待分类,06690.HK,,上市,,https://www.hkex.com.hk/eng/services/trading/securities/securitieslists/ListOfSecurities.xlsx,2026-07-29
06693.HK,CHIFENG GOLD,HKEX,待分类,06693.HK,,上市,,https://www.hkex.com.hk/eng/services/trading/securities/securitieslists/ListOfSecurities.xlsx,2026-07-29
06696.HK,MANY IDEA CLOUD,HKEX,待分类,06696.HK,,上市,,https://www.hkex.com.hk/eng/services/trading/securities/securitieslists/ListOfSecurities.xlsx,2026-07-29
06698.HK,STAR CM,HKEX,待分类,06698.HK,,上市,,https://www.hkex.com.hk/eng/services/trading/securities/securitieslists/ListOfSecurities.xlsx,2026-07-29
06699.HK,ANGELALIGN,HKEX,待分类,06699.HK,,上市,,https://www.hkex.com.hk/eng/services/trading/securities/securitieslists/ListOfSecurities.xlsx,2026-07-29
06715.HK,XUNLONG SCITECH,HKEX,待分类,06715.HK,,上市,,https://www.hkex.com.hk/eng/services/trading/securities/securitieslists/ListOfSecurities.xlsx,2026-07-29
06745.HK,BEFAR GROUP,HKEX,待分类,06745.HK,,上市,,https://www.hkex.com.hk/eng/services/trading/securities/securitieslists/ListOfSecurities.xlsx,2026-07-29
06805.HK,KIMOU ENVIRON,HKEX,待分类,06805.HK,,上市,,https://www.hkex.com.hk/eng/services/trading/securities/securitieslists/ListOfSecurities.xlsx,2026-07-29
06806.HK,SWHY,HKEX,待分类,06806.HK,,上市,,https://www.hkex.com.hk/eng/services/trading/securities/securitieslists/ListOfSecurities.xlsx,2026-07-29
06808.HK,SUNART RETAIL,HKEX,待分类,06808.HK,,上市,,https://www.hkex.com.hk/eng/services/trading/securities/securitieslists/ListOfSecurities.xlsx,2026-07-29
06809.HK,MONTAGE TECH,HKEX,待分类,06809.HK,,上市,,https://www.hkex.com.hk/eng/services/trading/securities/securitieslists/ListOfSecurities.xlsx,2026-07-29
06810.HK,SUNMI TECH-W,HKEX,待分类,06810.HK,,上市,,https://www.hkex.com.hk/eng/services/trading/securities/securitieslists/ListOfSecurities.xlsx,2026-07-29
06811.HK,TAI HING GROUP,HKEX,待分类,06811.HK,,上市,,https://www.hkex.com.hk/eng/services/trading/securities/securitieslists/ListOfSecurities.xlsx,2026-07-29
06812.HK,WINSON HLDGS HK,HKEX,待分类,06812.HK,,上市,,https://www.hkex.com.hk/eng/services/trading/securities/securitieslists/ListOfSecurities.xlsx,2026-07-29
06816.HK,PROSPER CONS,HKEX,待分类,06816.HK,,上市,,https://www.hkex.com.hk/eng/services/trading/securities/securitieslists/ListOfSecurities.xlsx,2026-07-29
06818.HK,CEB BANK,HKEX,待分类,06818.HK,,上市,,https://www.hkex.com.hk/eng/services/trading/securities/securitieslists/ListOfSecurities.xlsx,2026-07-29
06820.HK,FRIENDTIMES,HKEX,待分类,06820.HK,,上市,,https://www.hkex.com.hk/eng/services/trading/securities/securitieslists/ListOfSecurities.xlsx,2026-07-29
06821.HK,ASYMCHEM,HKEX,待分类,06821.HK,,上市,,https://www.hkex.com.hk/eng/services/trading/securities/securitieslists/ListOfSecurities.xlsx,2026-07-29
06822.HK,KING'S FLAIR,HKEX,待分类,06822.HK,,上市,,https://www.hkex.com.hk/eng/services/trading/securities/securitieslists/ListOfSecurities.xlsx,2026-07-29
06823.HK,HKT-SS,HKEX,待分类,06823.HK,,上市,,https://www.hkex.com.hk/eng/services/trading/securities/securitieslists/ListOfSecurities.xlsx,2026-07-29
06826.HK,HAOHAI BIOTEC,HKEX,待分类,06826.HK,,上市,,https://www.hkex.com.hk/eng/services/trading/securities/securitieslists/ListOfSecurities.xlsx,2026-07-29
06828.HK,BG BLUE SKY,HKEX,待分类,06828.HK,,上市,,https://www.hkex.com.hk/eng/services/trading/securities/securitieslists/ListOfSecurities.xlsx,2026-07-29
06829.HK,DRAGON RISE GP,HKEX,待分类,06829.HK,,上市,,https://www.hkex.com.hk/eng/services/trading/securities/securitieslists/ListOfSecurities.xlsx,2026-07-29
06830.HK,HUAZHONG IN-V,HKEX,待分类,06830.HK,,上市,,https://www.hkex.com.hk/eng/services/trading/securities/securitieslists/ListOfSecurities.xlsx,2026-07-29
06831.HK,GREEN TEA GROUP,HKEX,待分类,06831.HK,,上市,,https://www.hkex.com.hk/eng/services/trading/securities/securitieslists/ListOfSecurities.xlsx,2026-07-29
06833.HK,SINCO PHARMA,HKEX,待分类,06833.HK,,上市,,https://www.hkex.com.hk/eng/services/trading/securities/securitieslists/ListOfSecurities.xlsx,2026-07-29
06838.HK,WINOX,HKEX,待分类,06838.HK,,上市,,https://www.hkex.com.hk/eng/services/trading/securities/securitieslists/ListOfSecurities.xlsx,2026-07-29
06839.HK,YUNNAN WATER,HKEX,待分类,06839.HK,,上市,,https://www.hkex.com.hk/eng/services/trading/securities/securitieslists/ListOfSecurities.xlsx,2026-07-29
06855.HK,ASCENTAGE,HKEX,待分类,06855.HK,,上市,,https://www.hkex.com.hk/eng/services/trading/securities/securitieslists/ListOfSecurities.xlsx,2026-07-29
06858.HK,HONMAGOLF,HKEX,待分类,06858.HK,,上市,,https://www.hkex.com.hk/eng/services/trading/securities/securitieslists/ListOfSecurities.xlsx,2026-07-29
06860.HK,FINGERTANGO,HKEX,待分类,06860.HK,,上市,,https://www.hkex.com.hk/eng/services/trading/securities/securitieslists/ListOfSecurities.xlsx,2026-07-29
06862.HK,HAIDILAO,HKEX,待分类,06862.HK,,上市,,https://www.hkex.com.hk/eng/services/trading/securities/securitieslists/ListOfSecurities.xlsx,2026-07-29
06865.HK,FLAT GLASS,HKEX,待分类,06865.HK,,上市,,https://www.hkex.com.hk/eng/services/trading/securities/securitieslists/ListOfSecurities.xlsx,2026-07-29
06866.HK,ZUOLI KECHUANG,HKEX,待分类,06866.HK,,上市,,https://www.hkex.com.hk/eng/services/trading/securities/securitieslists/ListOfSecurities.xlsx,2026-07-29
06868.HK,TENFU,HKEX,待分类,06868.HK,,上市,,https://www.hkex.com.hk/eng/services/trading/securities/securitieslists/ListOfSecurities.xlsx,2026-07-29
06869.HK,YOFC,HKEX,待分类,06869.HK,,上市,,https://www.hkex.com.hk/eng/services/trading/securities/securitieslists/ListOfSecurities.xlsx,2026-07-29
06871.HK,ROBOTPHOENIX,HKEX,待分类,06871.HK,,上市,,https://www.hkex.com.hk/eng/services/trading/securities/securitieslists/ListOfSecurities.xlsx,2026-07-29
06872.HK,TENNOR THERAP-B,HKEX,待分类,06872.HK,,上市,,https://www.hkex.com.hk/eng/services/trading/securities/securitieslists/ListOfSecurities.xlsx,2026-07-29
06877.HK,TE HEALTHCARE,HKEX,待分类,06877.HK,,上市,,https://www.hkex.com.hk/eng/services/trading/securities/securitieslists/ListOfSecurities.xlsx,2026-07-29
06878.HK,DIFFER GP AUTO,HKEX,待分类,06878.HK,,上市,,https://www.hkex.com.hk/eng/services/trading/securities/securitieslists/ListOfSecurities.xlsx,2026-07-29
06880.HK,MOMENTA-W,HKEX,待分类,06880.HK,,上市,,https://www.hkex.com.hk/eng/services/trading/securities/securitieslists/ListOfSecurities.xlsx,2026-07-29
06881.HK,CGS,HKEX,待分类,06881.HK,,上市,,https://www.hkex.com.hk/eng/services/trading/securities/securitieslists/ListOfSecurities.xlsx,2026-07-29
06882.HK,EGL HOLDINGS,HKEX,待分类,06882.HK,,上市,,https://www.hkex.com.hk/eng/services/trading/securities/securitieslists/ListOfSecurities.xlsx,2026-07-29
06883.HK,ETERNAL BEAUTY,HKEX,待分类,06883.HK,,上市,,https://www.hkex.com.hk/eng/services/trading/securities/securitieslists/ListOfSecurities.xlsx,2026-07-29
06885.HK,JINMA ENERGY,HKEX,待分类,06885.HK,,上市,,https://www.hkex.com.hk/eng/services/trading/securities/securitieslists/ListOfSecurities.xlsx,2026-07-29
06886.HK,HTSC,HKEX,待分类,06886.HK,,上市,,https://www.hkex.com.hk/eng/services/trading/securities/securitieslists/ListOfSecurities.xlsx,2026-07-29
06887.HK,SUNSHINE PHARMA,HKEX,待分类,06887.HK,,上市,,https://www.hkex.com.hk/eng/services/trading/securities/securitieslists/ListOfSecurities.xlsx,2026-07-29
06888.HK,FREETECH,HKEX,待分类,06888.HK,,上市,,https://www.hkex.com.hk/eng/services/trading/securities/securitieslists/ListOfSecurities.xlsx,2026-07-29
06889.HK,DYNAM JAPAN,HKEX,待分类,06889.HK,,上市,,https://www.hkex.com.hk/eng/services/trading/securities/securitieslists/ListOfSecurities.xlsx,2026-07-29
06890.HK,KANGLI INT HLDG,HKEX,待分类,06890.HK,,上市,,https://www.hkex.com.hk/eng/services/trading/securities/securitieslists/ListOfSecurities.xlsx,2026-07-29
06893.HK,HINSANG GROUP,HKEX,待分类,06893.HK,,上市,,https://www.hkex.com.hk/eng/services/trading/securities/securitieslists/ListOfSecurities.xlsx,2026-07-29
06896.HK,GOLDEN THROAT,HKEX,待分类,06896.HK,,上市,,https://www.hkex.com.hk/eng/services/trading/securities/securitieslists/ListOfSecurities.xlsx,2026-07-29
06898.HK,CHINA ALUMCAN,HKEX,待分类,06898.HK,,上市,,https://www.hkex.com.hk/eng/services/trading/securities/securitieslists/ListOfSecurities.xlsx,2026-07-29
06899.HK,OURGAME,HKEX,待分类,06899.HK,,上市,,https://www.hkex.com.hk/eng/services/trading/securities/securitieslists/ListOfSecurities.xlsx,2026-07-29
06908.HK,HG SEMI,HKEX,待分类,06908.HK,,上市,,https://www.hkex.com.hk/eng/services/trading/securities/securitieslists/ListOfSecurities.xlsx,2026-07-29
06909.HK,BETTERLIFE HLDG,HKEX,待分类,06909.HK,,上市,,https://www.hkex.com.hk/eng/services/trading/securities/securitieslists/ListOfSecurities.xlsx,2026-07-29
06911.HK,LANCANG TEA,HKEX,待分类,06911.HK,,上市,,https://www.hkex.com.hk/eng/services/trading/securities/securitieslists/ListOfSecurities.xlsx,2026-07-29
06913.HK,SCVE GROUP,HKEX,待分类,06913.HK,,上市,,https://www.hkex.com.hk/eng/services/trading/securities/securitieslists/ListOfSecurities.xlsx,2026-07-29
06915.HK,JIANGXI BIO,HKEX,待分类,06915.HK,,上市,,https://www.hkex.com.hk/eng/services/trading/securities/securitieslists/ListOfSecurities.xlsx,2026-07-29
06918.HK,KIDZTECH,HKEX,待分类,06918.HK,,上市,,https://www.hkex.com.hk/eng/services/trading/securities/securitieslists/ListOfSecurities.xlsx,2026-07-29
06919.HK,RENRUI HR,HKEX,待分类,06919.HK,,上市,,https://www.hkex.com.hk/eng/services/trading/securities/securitieslists/ListOfSecurities.xlsx,2026-07-29
06922.HK,CRYOFOCUS-B,HKEX,待分类,06922.HK,,上市,,https://www.hkex.com.hk/eng/services/trading/securities/securitieslists/ListOfSecurities.xlsx,2026-07-29
06928.HK,TOMO HOLDINGS,HKEX,待分类,06928.HK,,上市,,https://www.hkex.com.hk/eng/services/trading/securities/securitieslists/ListOfSecurities.xlsx,2026-07-29
06929.HK,ORBUSNEICH,HKEX,待分类,06929.HK,,上市,,https://www.hkex.com.hk/eng/services/trading/securities/securitieslists/ListOfSecurities.xlsx,2026-07-29
06933.HK,SINO-ENTERTAIN,HKEX,待分类,06933.HK,,上市,,https://www.hkex.com.hk/eng/services/trading/securities/securitieslists/ListOfSecurities.xlsx,2026-07-29
06936.HK,SF HOLDING,HKEX,待分类,06936.HK,,上市,,https://www.hkex.com.hk/eng/services/trading/securities/securitieslists/ListOfSecurities.xlsx,2026-07-29
06938.HK,RIBOLIFE-B,HKEX,待分类,06938.HK,,上市,,https://www.hkex.com.hk/eng/services/trading/securities/securitieslists/ListOfSecurities.xlsx,2026-07-29
06939.HK,MEGAIN,HKEX,待分类,06939.HK,,上市,,https://www.hkex.com.hk/eng/services/trading/securities/securitieslists/ListOfSecurities.xlsx,2026-07-29
06951.HK,CCTC,HKEX,待分类,06951.HK,,上市,,https://www.hkex.com.hk/eng/services/trading/securities/securitieslists/ListOfSecurities.xlsx,2026-07-29
06955.HK,BOAN BIOTECH,HKEX,待分类,06955.HK,,上市,,https://www.hkex.com.hk/eng/services/trading/securities/securitieslists/ListOfSecurities.xlsx,2026-07-29
06958.HK,ZHENRO SERVICES,HKEX,待分类,06958.HK,,上市,,https://www.hkex.com.hk/eng/services/trading/securities/securitieslists/ListOfSecurities.xlsx,2026-07-29
06959.HK,CHANGJIU HLDGS,HKEX,待分类,06959.HK,,上市,,https://www.hkex.com.hk/eng/services/trading/securities/securitieslists/ListOfSecurities.xlsx,2026-07-29
06960.HK,SHUANGDENG,HKEX,待分类,06960.HK,,上市,,https://www.hkex.com.hk/eng/services/trading/securities/securitieslists/ListOfSecurities.xlsx,2026-07-29
06963.HK,SUNSHINE INS,HKEX,待分类,06963.HK,,上市,,https://www.hkex.com.hk/eng/services/trading/securities/securitieslists/ListOfSecurities.xlsx,2026-07-29
06966.HK,C WAN TONG YUAN,HKEX,待分类,06966.HK,,上市,,https://www.hkex.com.hk/eng/services/trading/securities/securitieslists/ListOfSecurities.xlsx,2026-07-29
06968.HK,GANGLONG CHINA,HKEX,待分类,06968.HK,,上市,,https://www.hkex.com.hk/eng/services/trading/securities/securitieslists/ListOfSecurities.xlsx,2026-07-29
06969.HK,SMOORE INTL,HKEX,待分类,06969.HK,,上市,,https://www.hkex.com.hk/eng/services/trading/securities/securitieslists/ListOfSecurities.xlsx,2026-07-29
06978.HK,IMMUNOTECH-B,HKEX,待分类,06978.HK,,上市,,https://www.hkex.com.hk/eng/services/trading/securities/securitieslists/ListOfSecurities.xlsx,2026-07-29
06979.HK,ZJLD,HKEX,待分类,06979.HK,,上市,,https://www.hkex.com.hk/eng/services/trading/securities/securitieslists/ListOfSecurities.xlsx,2026-07-29
06980.HK,BAMA TEA,HKEX,待分类,06980.HK,,上市,,https://www.hkex.com.hk/eng/services/trading/securities/securitieslists/ListOfSecurities.xlsx,2026-07-29
06988.HK,JOY SPREADER,HKEX,待分类,06988.HK,,上市,,https://www.hkex.com.hk/eng/services/trading/securities/securitieslists/ListOfSecurities.xlsx,2026-07-29
06989.HK,EXCELLENCE CM,HKEX,待分类,06989.HK,,上市,,https://www.hkex.com.hk/eng/services/trading/securities/securitieslists/ListOfSecurities.xlsx,2026-07-29
06990.HK,SKB BIO,HKEX,待分类,06990.HK,,上市,,https://www.hkex.com.hk/eng/services/trading/securities/securitieslists/ListOfSecurities.xlsx,2026-07-29
06993.HK,BLUE MOON GROUP,HKEX,待分类,06993.HK,,上市,,https://www.hkex.com.hk/eng/services/trading/securities/securitieslists/ListOfSecurities.xlsx,2026-07-29
06996.HK,ANTENGENE-B,HKEX,待分类,06996.HK,,上市,,https://www.hkex.com.hk/eng/services/trading/securities/securitieslists/ListOfSecurities.xlsx,2026-07-29
06998.HK,EDDING GENOR,HKEX,待分类,06998.HK,,上市,,https://www.hkex.com.hk/eng/services/trading/securities/securitieslists/ListOfSecurities.xlsx,2026-07-29
06999.HK,LEADING HLDGS,HKEX,待分类,06999.HK,,上市,,https://www.hkex.com.hk/eng/services/trading/securities/securitieslists/ListOfSecurities.xlsx,2026-07-29
07489.HK,VOYAH AUTO,HKEX,待分类,07489.HK,,上市,,https://www.hkex.com.hk/eng/services/trading/securities/securitieslists/ListOfSecurities.xlsx,2026-07-29
07618.HK,JD INDUSTRIALS,HKEX,待分类,07618.HK,,上市,,https://www.hkex.com.hk/eng/services/trading/securities/securitieslists/ListOfSecurities.xlsx,2026-07-29
07630.HK,IMPACT THERAP-B,HKEX,待分类,07630.HK,,上市,,https://www.hkex.com.hk/eng/services/trading/securities/securitieslists/ListOfSecurities.xlsx,2026-07-29
07656.HK,RECONOVA,HKEX,待分类,07656.HK,,上市,,https://www.hkex.com.hk/eng/services/trading/securities/securitieslists/ListOfSecurities.xlsx,2026-07-29
07666.HK,METIS TECHBIO-P,HKEX,待分类,07666.HK,,上市,,https://www.hkex.com.hk/eng/services/trading/securities/securitieslists/ListOfSecurities.xlsx,2026-07-29
07687.HK,EACON,HKEX,待分类,07687.HK,,上市,,https://www.hkex.com.hk/eng/services/trading/securities/securitieslists/ListOfSecurities.xlsx,2026-07-29
07688.HK,TOPNC,HKEX,待分类,07688.HK,,上市,,https://www.hkex.com.hk/eng/services/trading/securities/securitieslists/ListOfSecurities.xlsx,2026-07-29
08003.HK,GREAT WORLD,HKEX,待分类,08003.HK,,上市,,https://www.hkex.com.hk/eng/services/trading/securities/securitieslists/ListOfSecurities.xlsx,2026-07-29
08005.HK,YUXING INFOTECH,HKEX,待分类,08005.HK,,上市,,https://www.hkex.com.hk/eng/services/trading/securities/securitieslists/ListOfSecurities.xlsx,2026-07-29
08006.HK,SINO SPLENDID,HKEX,待分类,08006.HK,,上市,,https://www.hkex.com.hk/eng/services/trading/securities/securitieslists/ListOfSecurities.xlsx,2026-07-29
08007.HK,GLOBALSTRAT,HKEX,待分类,08007.HK,,上市,,https://www.hkex.com.hk/eng/services/trading/securities/securitieslists/ListOfSecurities.xlsx,2026-07-29
08013.HK,ECI TECH,HKEX,待分类,08013.HK,,上市,,https://www.hkex.com.hk/eng/services/trading/securities/securitieslists/ListOfSecurities.xlsx,2026-07-29
08017.HK,TRADEGO,HKEX,待分类,08017.HK,,上市,,https://www.hkex.com.hk/eng/services/trading/securities/securitieslists/ListOfSecurities.xlsx,2026-07-29
08018.HK,FINSOFT FIN,HKEX,待分类,08018.HK,,上市,,https://www.hkex.com.hk/eng/services/trading/securities/securitieslists/ListOfSecurities.xlsx,2026-07-29
08019.HK,HAO WEN HLDGS,HKEX,待分类,08019.HK,,上市,,https://www.hkex.com.hk/eng/services/trading/securities/securitieslists/ListOfSecurities.xlsx,2026-07-29
08020.HK,UNITAS HOLD,HKEX,待分类,08020.HK,,上市,,https://www.hkex.com.hk/eng/services/trading/securities/securitieslists/ListOfSecurities.xlsx,2026-07-29
08021.HK,WLS HOLDINGS,HKEX,待分类,08021.HK,,上市,,https://www.hkex.com.hk/eng/services/trading/securities/securitieslists/ListOfSecurities.xlsx,2026-07-29
08023.HK,KWONG MAN KEE,HKEX,待分类,08023.HK,,上市,,https://www.hkex.com.hk/eng/services/trading/securities/securitieslists/ListOfSecurities.xlsx,2026-07-29
08026.HK,CB GLOBAL,HKEX,待分类,08026.HK,,上市,,https://www.hkex.com.hk/eng/services/trading/securities/securitieslists/ListOfSecurities.xlsx,2026-07-29
08027.HK,KPM HOLDING,HKEX,待分类,08027.HK,,上市,,https://www.hkex.com.hk/eng/services/trading/securities/securitieslists/ListOfSecurities.xlsx,2026-07-29
08028.HK,TIMELESS,HKEX,待分类,08028.HK,,上市,,https://www.hkex.com.hk/eng/services/trading/securities/securitieslists/ListOfSecurities.xlsx,2026-07-29
08029.HK,CI FIN TECH GP,HKEX,待分类,08029.HK,,上市,,https://www.hkex.com.hk/eng/services/trading/securities/securitieslists/ListOfSecurities.xlsx,2026-07-29
08030.HK,FENGYINHE,HKEX,待分类,08030.HK,,上市,,https://www.hkex.com.hk/eng/services/trading/securities/securitieslists/ListOfSecurities.xlsx,2026-07-29
08031.HK,ETS GROUP,HKEX,待分类,08031.HK,,上市,,https://www.hkex.com.hk/eng/services/trading/securities/securitieslists/ListOfSecurities.xlsx,2026-07-29
08033.HK,VODATEL NETWORK,HKEX,待分类,08033.HK,,上市,,https://www.hkex.com.hk/eng/services/trading/securities/securitieslists/ListOfSecurities.xlsx,2026-07-29
08035.HK,JANCO HOLDINGS,HKEX,待分类,08035.HK,,上市,,https://www.hkex.com.hk/eng/services/trading/securities/securitieslists/ListOfSecurities.xlsx,2026-07-29
08036.HK,EBROKER GROUP,HKEX,待分类,08036.HK,,上市,,https://www.hkex.com.hk/eng/services/trading/securities/securitieslists/ListOfSecurities.xlsx,2026-07-29
08037.HK,CH BIOTECH SER,HKEX,待分类,08037.HK,,上市,,https://www.hkex.com.hk/eng/services/trading/securities/securitieslists/ListOfSecurities.xlsx,2026-07-29
08039.HK,CHINA COME RIDE,HKEX,待分类,08039.HK,,上市,,https://www.hkex.com.hk/eng/services/trading/securities/securitieslists/ListOfSecurities.xlsx,2026-07-29
08040.HK,COOLPOINT INNO,HKEX,待分类,08040.HK,,上市,,https://www.hkex.com.hk/eng/services/trading/securities/securitieslists/ListOfSecurities.xlsx,2026-07-29
08041.HK,INTELLIMARK AI,HKEX,待分类,08041.HK,,上市,,https://www.hkex.com.hk/eng/services/trading/securities/securitieslists/ListOfSecurities.xlsx,2026-07-29
08042.HK,KOS TALENT GP,HKEX,待分类,08042.HK,,上市,,https://www.hkex.com.hk/eng/services/trading/securities/securitieslists/ListOfSecurities.xlsx,2026-07-29
08043.HK,ATLINKS,HKEX,待分类,08043.HK,,上市,,https://www.hkex.com.hk/eng/services/trading/securities/securitieslists/ListOfSecurities.xlsx,2026-07-29
08047.HK,CHINA OCEAN GP,HKEX,待分类,08047.HK,,上市,,https://www.hkex.com.hk/eng/services/trading/securities/securitieslists/ListOfSecurities.xlsx,2026-07-29
08049.HK,JILIN CHANGLONG,HKEX,待分类,08049.HK,,上市,,https://www.hkex.com.hk/eng/services/trading/securities/securitieslists/ListOfSecurities.xlsx,2026-07-29
08050.HK,CITY COOLXUAN,HKEX,待分类,08050.HK,,上市,,https://www.hkex.com.hk/eng/services/trading/securities/securitieslists/ListOfSecurities.xlsx,2026-07-29
08051.HK,CIRCUTECH,HKEX,待分类,08051.HK,,上市,,https://www.hkex.com.hk/eng/services/trading/securities/securitieslists/ListOfSecurities.xlsx,2026-07-29
08052.HK,LUK HING ENT,HKEX,待分类,08052.HK,,上市,,https://www.hkex.com.hk/eng/services/trading/securities/securitieslists/ListOfSecurities.xlsx,2026-07-29
08056.HK,LIFE CONCEPTS,HKEX,待分类,08056.HK,,上市,,https://www.hkex.com.hk/eng/services/trading/securities/securitieslists/ListOfSecurities.xlsx,2026-07-29
08057.HK,MADISON HLDG,HKEX,待分类,08057.HK,,上市,,https://www.hkex.com.hk/eng/services/trading/securities/securitieslists/ListOfSecurities.xlsx,2026-07-29
08059.HK,GLORY FLAME,HKEX,待分类,08059.HK,,上市,,https://www.hkex.com.hk/eng/services/trading/securities/securitieslists/ListOfSecurities.xlsx,2026-07-29
08060.HK,GLOBAL LINK,HKEX,待分类,08060.HK,,上市,,https://www.hkex.com.hk/eng/services/trading/securities/securitieslists/ListOfSecurities.xlsx,2026-07-29
08062.HK,EFT SOLUTIONS,HKEX,待分类,08062.HK,,上市,,https://www.hkex.com.hk/eng/services/trading/securities/securitieslists/ListOfSecurities.xlsx,2026-07-29
08065.HK,KML TECH,HKEX,待分类,08065.HK,,上市,,https://www.hkex.com.hk/eng/services/trading/securities/securitieslists/ListOfSecurities.xlsx,2026-07-29
08066.HK,PHOENITRON HOLD,HKEX,待分类,08066.HK,,上市,,https://www.hkex.com.hk/eng/services/trading/securities/securitieslists/ListOfSecurities.xlsx,2026-07-29
08067.HK,OUC HOLDINGS,HKEX,待分类,08067.HK,,上市,,https://www.hkex.com.hk/eng/services/trading/securities/securitieslists/ListOfSecurities.xlsx,2026-07-29
08069.HK,FLYDOO TECH,HKEX,待分类,08069.HK,,上市,,https://www.hkex.com.hk/eng/services/trading/securities/securitieslists/ListOfSecurities.xlsx,2026-07-29
08070.HK,KEEN OCEAN,HKEX,待分类,08070.HK,,上市,,https://www.hkex.com.hk/eng/services/trading/securities/securitieslists/ListOfSecurities.xlsx,2026-07-29
08071.HK,CH NETCOM-NEW,HKEX,待分类,08071.HK,,上市,,https://www.hkex.com.hk/eng/services/trading/securities/securitieslists/ListOfSecurities.xlsx,2026-07-29
08072.HK,LANGU CO,HKEX,待分类,08072.HK,,上市,,https://www.hkex.com.hk/eng/services/trading/securities/securitieslists/ListOfSecurities.xlsx,2026-07-29
08073.HK,SFSY NEW MAT,HKEX,待分类,08073.HK,,上市,,https://www.hkex.com.hk/eng/services/trading/securities/securitieslists/ListOfSecurities.xlsx,2026-07-29
08076.HK,SING LEE,HKEX,待分类,08076.HK,,上市,,https://www.hkex.com.hk/eng/services/trading/securities/securitieslists/ListOfSecurities.xlsx,2026-07-29
08079.HK,LIT LIFE,HKEX,待分类,08079.HK,,上市,,https://www.hkex.com.hk/eng/services/trading/securities/securitieslists/ListOfSecurities.xlsx,2026-07-29
08080.HK,NAS HOLDINGS,HKEX,待分类,08080.HK,,上市,,https://www.hkex.com.hk/eng/services/trading/securities/securitieslists/ListOfSecurities.xlsx,2026-07-29
08081.HK,BAIJUYI HOLD,HKEX,待分类,08081.HK,,上市,,https://www.hkex.com.hk/eng/services/trading/securities/securitieslists/ListOfSecurities.xlsx,2026-07-29
08082.HK,QINGHUA HOLD,HKEX,待分类,08082.HK,,上市,,https://www.hkex.com.hk/eng/services/trading/securities/securitieslists/ListOfSecurities.xlsx,2026-07-29
08087.HK,CHINA 33 GROUP,HKEX,待分类,08087.HK,,上市,,https://www.hkex.com.hk/eng/services/trading/securities/securitieslists/ListOfSecurities.xlsx,2026-07-29
08090.HK,BAOGAI,HKEX,待分类,08090.HK,,上市,,https://www.hkex.com.hk/eng/services/trading/securities/securitieslists/ListOfSecurities.xlsx,2026-07-29
08091.HK,OOH HOLDINGS,HKEX,待分类,08091.HK,,上市,,https://www.hkex.com.hk/eng/services/trading/securities/securitieslists/ListOfSecurities.xlsx,2026-07-29
08092.HK,ITE HOLDINGS,HKEX,待分类,08092.HK,,上市,,https://www.hkex.com.hk/eng/services/trading/securities/securitieslists/ListOfSecurities.xlsx,2026-07-29
08093.HK,WEB3 META,HKEX,待分类,08093.HK,,上市,,https://www.hkex.com.hk/eng/services/trading/securities/securitieslists/ListOfSecurities.xlsx,2026-07-29
08095.HK,BEIDA JADE BIRD,HKEX,待分类,08095.HK,,上市,,https://www.hkex.com.hk/eng/services/trading/securities/securitieslists/ListOfSecurities.xlsx,2026-07-29
08096.HK,TASTY CONCEPTS,HKEX,待分类,08096.HK,,上市,,https://www.hkex.com.hk/eng/services/trading/securities/securitieslists/ListOfSecurities.xlsx,2026-07-29
08098.HK,CL GROUP,HKEX,待分类,08098.HK,,上市,,https://www.hkex.com.hk/eng/services/trading/securities/securitieslists/ListOfSecurities.xlsx,2026-07-29
08100.HK,FAMOUS TECH INT,HKEX,待分类,08100.HK,,上市,,https://www.hkex.com.hk/eng/services/trading/securities/securitieslists/ListOfSecurities.xlsx,2026-07-29
08103.HK,HMVOD,HKEX,待分类,08103.HK,,上市,,https://www.hkex.com.hk/eng/services/trading/securities/securitieslists/ListOfSecurities.xlsx,2026-07-29
08106.HK,XINHUA LANDE,HKEX,待分类,08106.HK,,上市,,https://www.hkex.com.hk/eng/services/trading/securities/securitieslists/ListOfSecurities.xlsx,2026-07-29
08107.HK,FICUS TECH,HKEX,待分类,08107.HK,,上市,,https://www.hkex.com.hk/eng/services/trading/securities/securitieslists/ListOfSecurities.xlsx,2026-07-29
08111.HK,CT IND GROUP,HKEX,待分类,08111.HK,,上市,,https://www.hkex.com.hk/eng/services/trading/securities/securitieslists/ListOfSecurities.xlsx,2026-07-29
08112.HK,CORNERSTONE FIN,HKEX,待分类,08112.HK,,上市,,https://www.hkex.com.hk/eng/services/trading/securities/securitieslists/ListOfSecurities.xlsx,2026-07-29
08113.HK,V&V TECH,HKEX,待分类,08113.HK,,上市,,https://www.hkex.com.hk/eng/services/trading/securities/securitieslists/ListOfSecurities.xlsx,2026-07-29
08115.HK,QINGDA ORIENTAL,HKEX,待分类,08115.HK,,上市,,https://www.hkex.com.hk/eng/services/trading/securities/securitieslists/ListOfSecurities.xlsx,2026-07-29
08117.HK,CHI P ENERGY,HKEX,待分类,08117.HK,,上市,,https://www.hkex.com.hk/eng/services/trading/securities/securitieslists/ListOfSecurities.xlsx,2026-07-29
08118.HK,ZHONGZI INTL H,HKEX,待分类,08118.HK,,上市,,https://www.hkex.com.hk/eng/services/trading/securities/securitieslists/ListOfSecurities.xlsx,2026-07-29
08120.HK,CH DEMETER FIN,HKEX,待分类,08120.HK,,上市,,https://www.hkex.com.hk/eng/services/trading/securities/securitieslists/ListOfSecurities.xlsx,2026-07-29
08121.HK,GUOEN HOLDINGS,HKEX,待分类,08121.HK,,上市,,https://www.hkex.com.hk/eng/services/trading/securities/securitieslists/ListOfSecurities.xlsx,2026-07-29
08123.HK,SINOFORTUNE FIN,HKEX,待分类,08123.HK,,上市,,https://www.hkex.com.hk/eng/services/trading/securities/securitieslists/ListOfSecurities.xlsx,2026-07-29
08125.HK,CHINA NEW HLDGS,HKEX,待分类,08125.HK,,上市,,https://www.hkex.com.hk/eng/services/trading/securities/securitieslists/ListOfSecurities.xlsx,2026-07-29
08128.HK,CHYY GP,HKEX,待分类,08128.HK,,上市,,https://www.hkex.com.hk/eng/services/trading/securities/securitieslists/ListOfSecurities.xlsx,2026-07-29
08130.HK,DADI INTL GROUP,HKEX,待分类,08130.HK,,上市,,https://www.hkex.com.hk/eng/services/trading/securities/securitieslists/ListOfSecurities.xlsx,2026-07-29
08131.HK,NOVATECH INTEL,HKEX,待分类,08131.HK,,上市,,https://www.hkex.com.hk/eng/services/trading/securities/securitieslists/ListOfSecurities.xlsx,2026-07-29
08132.HK,CENTURY EN INTL,HKEX,待分类,08132.HK,,上市,,https://www.hkex.com.hk/eng/services/trading/securities/securitieslists/ListOfSecurities.xlsx,2026-07-29
08133.HK,JISHENG GP HLDG,HKEX,待分类,08133.HK,,上市,,https://www.hkex.com.hk/eng/services/trading/securities/securitieslists/ListOfSecurities.xlsx,2026-07-29
08136.HK,IMS GROUP,HKEX,待分类,08136.HK,,上市,,https://www.hkex.com.hk/eng/services/trading/securities/securitieslists/ListOfSecurities.xlsx,2026-07-29
08137.HK,HONBRIDGE,HKEX,待分类,08137.HK,,上市,,https://www.hkex.com.hk/eng/services/trading/securities/securitieslists/ListOfSecurities.xlsx,2026-07-29
08139.HK,CHANGAN RH,HKEX,待分类,08139.HK,,上市,,https://www.hkex.com.hk/eng/services/trading/securities/securitieslists/ListOfSecurities.xlsx,2026-07-29
08140.HK,BOSATECH,HKEX,待分类,08140.HK,,上市,,https://www.hkex.com.hk/eng/services/trading/securities/securitieslists/ListOfSecurities.xlsx,2026-07-29
08143.HK,GF HEALTHCARE,HKEX,待分类,08143.HK,,上市,,https://www.hkex.com.hk/eng/services/trading/securities/securitieslists/ListOfSecurities.xlsx,2026-07-29
08146.HK,GRACEWINE,HKEX,待分类,08146.HK,,上市,,https://www.hkex.com.hk/eng/services/trading/securities/securitieslists/ListOfSecurities.xlsx,2026-07-29
08147.HK,MILLENNIUM PG,HKEX,待分类,08147.HK,,上市,,https://www.hkex.com.hk/eng/services/trading/securities/securitieslists/ListOfSecurities.xlsx,2026-07-29
08148.HK,WUXI LIFE,HKEX,待分类,08148.HK,,上市,,https://www.hkex.com.hk/eng/services/trading/securities/securitieslists/ListOfSecurities.xlsx,2026-07-29
08149.HK,ALTUS HLDGS,HKEX,待分类,08149.HK,,上市,,https://www.hkex.com.hk/eng/services/trading/securities/securitieslists/ListOfSecurities.xlsx,2026-07-29
08152.HK,M&L HOLDINGS,HKEX,待分类,08152.HK,,上市,,https://www.hkex.com.hk/eng/services/trading/securities/securitieslists/ListOfSecurities.xlsx,2026-07-29
08153.HK,JIADING INTL GP,HKEX,待分类,08153.HK,,上市,,https://www.hkex.com.hk/eng/services/trading/securities/securitieslists/ListOfSecurities.xlsx,2026-07-29
08156.HK,SINOPHARM TECH,HKEX,待分类,08156.HK,,上市,,https://www.hkex.com.hk/eng/services/trading/securities/securitieslists/ListOfSecurities.xlsx,2026-07-29
08158.HK,CRMI,HKEX,待分类,08158.HK,,上市,,https://www.hkex.com.hk/eng/services/trading/securities/securitieslists/ListOfSecurities.xlsx,2026-07-29
08159.HK,CU VENTURE INV,HKEX,待分类,08159.HK,,上市,,https://www.hkex.com.hk/eng/services/trading/securities/securitieslists/ListOfSecurities.xlsx,2026-07-29
08160.HK,GOLDWAY EDU,HKEX,待分类,08160.HK,,上市,,https://www.hkex.com.hk/eng/services/trading/securities/securitieslists/ListOfSecurities.xlsx,2026-07-29
08161.HK,MEDINET GROUP,HKEX,待分类,08161.HK,,上市,,https://www.hkex.com.hk/eng/services/trading/securities/securitieslists/ListOfSecurities.xlsx,2026-07-29
08162.HK,LOCO HK,HKEX,待分类,08162.HK,,上市,,https://www.hkex.com.hk/eng/services/trading/securities/securitieslists/ListOfSecurities.xlsx,2026-07-29
08163.HK,NOIZ GROUP,HKEX,待分类,08163.HK,,上市,,https://www.hkex.com.hk/eng/services/trading/securities/securitieslists/ListOfSecurities.xlsx,2026-07-29
08168.HK,AMASSE CAPITAL,HKEX,待分类,08168.HK,,上市,,https://www.hkex.com.hk/eng/services/trading/securities/securitieslists/ListOfSecurities.xlsx,2026-07-29
08169.HK,ECO-TEK HLDGS,HKEX,待分类,08169.HK,,上市,,https://www.hkex.com.hk/eng/services/trading/securities/securitieslists/ListOfSecurities.xlsx,2026-07-29
08172.HK,LAJIN ENT,HKEX,待分类,08172.HK,,上市,,https://www.hkex.com.hk/eng/services/trading/securities/securitieslists/ListOfSecurities.xlsx,2026-07-29
08173.HK,HEPHAESTUS HLDG,HKEX,待分类,08173.HK,,上市,,https://www.hkex.com.hk/eng/services/trading/securities/securitieslists/ListOfSecurities.xlsx,2026-07-29
08176.HK,SUPERROBOTICS,HKEX,待分类,08176.HK,,上市,,https://www.hkex.com.hk/eng/services/trading/securities/securitieslists/ListOfSecurities.xlsx,2026-07-29
08178.HK,CHINA INFO TECH,HKEX,待分类,08178.HK,,上市,,https://www.hkex.com.hk/eng/services/trading/securities/securitieslists/ListOfSecurities.xlsx,2026-07-29
08179.HK,PALINDA GROUP,HKEX,待分类,08179.HK,,上市,,https://www.hkex.com.hk/eng/services/trading/securities/securitieslists/ListOfSecurities.xlsx,2026-07-29
08181.HK,KS SMART MGMT,HKEX,待分类,08181.HK,,上市,,https://www.hkex.com.hk/eng/services/trading/securities/securitieslists/ListOfSecurities.xlsx,2026-07-29
08186.HK,HONOR MATRIX,HKEX,待分类,08186.HK,,上市,,https://www.hkex.com.hk/eng/services/trading/securities/securitieslists/ListOfSecurities.xlsx,2026-07-29
08187.HK,JIMU GROUP,HKEX,待分类,08187.HK,,上市,,https://www.hkex.com.hk/eng/services/trading/securities/securitieslists/ListOfSecurities.xlsx,2026-07-29
08188.HK,GME GROUP,HKEX,待分类,08188.HK,,上市,,https://www.hkex.com.hk/eng/services/trading/securities/securitieslists/ListOfSecurities.xlsx,2026-07-29
08189.HK,TEDA BIOMEDICAL,HKEX,待分类,08189.HK,,上市,,https://www.hkex.com.hk/eng/services/trading/securities/securitieslists/ListOfSecurities.xlsx,2026-07-29
08191.HK,HONG WEI ASIA,HKEX,待分类,08191.HK,,上市,,https://www.hkex.com.hk/eng/services/trading/securities/securitieslists/ListOfSecurities.xlsx,2026-07-29
08193.HK,ASIAPAC FIN INV,HKEX,待分类,08193.HK,,上市,,https://www.hkex.com.hk/eng/services/trading/securities/securitieslists/ListOfSecurities.xlsx,2026-07-29
08195.HK,LEGENDARY EDU,HKEX,待分类,08195.HK,,上市,,https://www.hkex.com.hk/eng/services/trading/securities/securitieslists/ListOfSecurities.xlsx,2026-07-29
08196.HK,FUTIAN HOLDINGS,HKEX,待分类,08196.HK,,上市,,https://www.hkex.com.hk/eng/services/trading/securities/securitieslists/ListOfSecurities.xlsx,2026-07-29
08198.HK,CRYPTO FLOW,HKEX,待分类,08198.HK,,上市,,https://www.hkex.com.hk/eng/services/trading/securities/securitieslists/ListOfSecurities.xlsx,2026-07-29
08200.HK,SAU SAN TONG,HKEX,待分类,08200.HK,,上市,,https://www.hkex.com.hk/eng/services/trading/securities/securitieslists/ListOfSecurities.xlsx,2026-07-29
08201.HK,PPS INT'L,HKEX,待分类,08201.HK,,上市,,https://www.hkex.com.hk/eng/services/trading/securities/securitieslists/ListOfSecurities.xlsx,2026-07-29
08203.HK,KAISUN HOLDINGS,HKEX,待分类,08203.HK,,上市,,https://www.hkex.com.hk/eng/services/trading/securities/securitieslists/ListOfSecurities.xlsx,2026-07-29
08205.HK,JIAODA WITHUB,HKEX,待分类,08205.HK,,上市,,https://www.hkex.com.hk/eng/services/trading/securities/securitieslists/ListOfSecurities.xlsx,2026-07-29
08206.HK,S ROBOT EDU,HKEX,待分类,08206.HK,,上市,,https://www.hkex.com.hk/eng/services/trading/securities/securitieslists/ListOfSecurities.xlsx,2026-07-29
08208.HK,RADIANCE GLO GP,HKEX,待分类,08208.HK,,上市,,https://www.hkex.com.hk/eng/services/trading/securities/securitieslists/ListOfSecurities.xlsx,2026-07-29
08210.HK,DLC ASIA,HKEX,待分类,08210.HK,,上市,,https://www.hkex.com.hk/eng/services/trading/securities/securitieslists/ListOfSecurities.xlsx,2026-07-29
08213.HK,STARGLORY HLDGS,HKEX,待分类,08213.HK,,上市,,https://www.hkex.com.hk/eng/services/trading/securities/securitieslists/ListOfSecurities.xlsx,2026-07-29
08217.HK,JU FU TANG BIOT,HKEX,待分类,08217.HK,,上市,,https://www.hkex.com.hk/eng/services/trading/securities/securitieslists/ListOfSecurities.xlsx,2026-07-29
08218.HK,ECHO INT HOLD,HKEX,待分类,08218.HK,,上市,,https://www.hkex.com.hk/eng/services/trading/securities/securitieslists/ListOfSecurities.xlsx,2026-07-29
08219.HK,HANVEY GROUP,HKEX,待分类,08219.HK,,上市,,https://www.hkex.com.hk/eng/services/trading/securities/securitieslists/ListOfSecurities.xlsx,2026-07-29
08220.HK,BINGO GROUP,HKEX,待分类,08220.HK,,上市,,https://www.hkex.com.hk/eng/services/trading/securities/securitieslists/ListOfSecurities.xlsx,2026-07-29
08221.HK,GAOYU FINANCE,HKEX,待分类,08221.HK,,上市,,https://www.hkex.com.hk/eng/services/trading/securities/securitieslists/ListOfSecurities.xlsx,2026-07-29
08222.HK,E LIGHTING,HKEX,待分类,08222.HK,,上市,,https://www.hkex.com.hk/eng/services/trading/securities/securitieslists/ListOfSecurities.xlsx,2026-07-29
08223.HK,ZYY,HKEX,待分类,08223.HK,,上市,,https://www.hkex.com.hk/eng/services/trading/securities/securitieslists/ListOfSecurities.xlsx,2026-07-29
08225.HK,C HEALTH GP,HKEX,待分类,08225.HK,,上市,,https://www.hkex.com.hk/eng/services/trading/securities/securitieslists/ListOfSecurities.xlsx,2026-07-29
08226.HK,KOALA FIN GP,HKEX,待分类,08226.HK,,上市,,https://www.hkex.com.hk/eng/services/trading/securities/securitieslists/ListOfSecurities.xlsx,2026-07-29
08227.HK,HAITIAN ANTENNA,HKEX,待分类,08227.HK,,上市,,https://www.hkex.com.hk/eng/services/trading/securities/securitieslists/ListOfSecurities.xlsx,2026-07-29
08229.HK,FUTURE DATA,HKEX,待分类,08229.HK,,上市,,https://www.hkex.com.hk/eng/services/trading/securities/securitieslists/ListOfSecurities.xlsx,2026-07-29
08232.HK,THAC GROUP,HKEX,待分类,08232.HK,,上市,,https://www.hkex.com.hk/eng/services/trading/securities/securitieslists/ListOfSecurities.xlsx,2026-07-29
08237.HK,LINK HOLDINGS,HKEX,待分类,08237.HK,,上市,,https://www.hkex.com.hk/eng/services/trading/securities/securitieslists/ListOfSecurities.xlsx,2026-07-29
08238.HK,WINTO GROUP,HKEX,待分类,08238.HK,,上市,,https://www.hkex.com.hk/eng/services/trading/securities/securitieslists/ListOfSecurities.xlsx,2026-07-29
08239.HK,CAPITAL FIN,HKEX,待分类,08239.HK,,上市,,https://www.hkex.com.hk/eng/services/trading/securities/securitieslists/ListOfSecurities.xlsx,2026-07-29
08241.HK,YING KEE TEA,HKEX,待分类,08241.HK,,上市,,https://www.hkex.com.hk/eng/services/trading/securities/securitieslists/ListOfSecurities.xlsx,2026-07-29
08245.HK,CANOPY SKYFIRE,HKEX,待分类,08245.HK,,上市,,https://www.hkex.com.hk/eng/services/trading/securities/securitieslists/ListOfSecurities.xlsx,2026-07-29
08246.HK,ZHONGHUA GAS,HKEX,待分类,08246.HK,,上市,,https://www.hkex.com.hk/eng/services/trading/securities/securitieslists/ListOfSecurities.xlsx,2026-07-29
08247.HK,BIOSINO BIO-TEC,HKEX,待分类,08247.HK,,上市,,https://www.hkex.com.hk/eng/services/trading/securities/securitieslists/ListOfSecurities.xlsx,2026-07-29
08249.HK,RUIYUAN IC TECH,HKEX,待分类,08249.HK,,上市,,https://www.hkex.com.hk/eng/services/trading/securities/securitieslists/ListOfSecurities.xlsx,2026-07-29
08250.HK,DU DU HLDGS,HKEX,待分类,08250.HK,,上市,,https://www.hkex.com.hk/eng/services/trading/securities/securitieslists/ListOfSecurities.xlsx,2026-07-29
08262.HK,SUPER STRONG,HKEX,待分类,08262.HK,,上市,,https://www.hkex.com.hk/eng/services/trading/securities/securitieslists/ListOfSecurities.xlsx,2026-07-29
08267.HK,LINEKONG,HKEX,待分类,08267.HK,,上市,,https://www.hkex.com.hk/eng/services/trading/securities/securitieslists/ListOfSecurities.xlsx,2026-07-29
08268.HK,SMART CITY DEV,HKEX,待分类,08268.HK,,上市,,https://www.hkex.com.hk/eng/services/trading/securities/securitieslists/ListOfSecurities.xlsx,2026-07-29
08269.HK,GO UP EDU TECH,HKEX,待分类,08269.HK,,上市,,https://www.hkex.com.hk/eng/services/trading/securities/securitieslists/ListOfSecurities.xlsx,2026-07-29
08270.HK,CHINA CBM,HKEX,待分类,08270.HK,,上市,,https://www.hkex.com.hk/eng/services/trading/securities/securitieslists/ListOfSecurities.xlsx,2026-07-29
08271.HK,GDC,HKEX,待分类,08271.HK,,上市,,https://www.hkex.com.hk/eng/services/trading/securities/securitieslists/ListOfSecurities.xlsx,2026-07-29
08275.HK,CHINA NEW CONS,HKEX,待分类,08275.HK,,上市,,https://www.hkex.com.hk/eng/services/trading/securities/securitieslists/ListOfSecurities.xlsx,2026-07-29
08277.HK,STEEDORIENTAL,HKEX,待分类,08277.HK,,上市,,https://www.hkex.com.hk/eng/services/trading/securities/securitieslists/ListOfSecurities.xlsx,2026-07-29
08279.HK,AGTECH HOLDINGS,HKEX,待分类,08279.HK,,上市,,https://www.hkex.com.hk/eng/services/trading/securities/securitieslists/ListOfSecurities.xlsx,2026-07-29
08280.HK,CDV HOLDINGS,HKEX,待分类,08280.HK,,上市,,https://www.hkex.com.hk/eng/services/trading/securities/securitieslists/ListOfSecurities.xlsx,2026-07-29
08281.HK,CH GOLD CLASSIC,HKEX,待分类,08281.HK,,上市,,https://www.hkex.com.hk/eng/services/trading/securities/securitieslists/ListOfSecurities.xlsx,2026-07-29
08282.HK,GAMEONE,HKEX,待分类,08282.HK,,上市,,https://www.hkex.com.hk/eng/services/trading/securities/securitieslists/ListOfSecurities.xlsx,2026-07-29
08283.HK,ZHONGSHI MINAN,HKEX,待分类,08283.HK,,上市,,https://www.hkex.com.hk/eng/services/trading/securities/securitieslists/ListOfSecurities.xlsx,2026-07-29
08285.HK,SLING GROUP,HKEX,待分类,08285.HK,,上市,,https://www.hkex.com.hk/eng/services/trading/securities/securitieslists/ListOfSecurities.xlsx,2026-07-29
08286.HK,CCOE,HKEX,待分类,08286.HK,,上市,,https://www.hkex.com.hk/eng/services/trading/securities/securitieslists/ListOfSecurities.xlsx,2026-07-29
08290.HK,AHSAY BACKUP,HKEX,待分类,08290.HK,,上市,,https://www.hkex.com.hk/eng/services/trading/securities/securitieslists/ListOfSecurities.xlsx,2026-07-29
08291.HK,HK ENT INTL,HKEX,待分类,08291.HK,,上市,,https://www.hkex.com.hk/eng/services/trading/securities/securitieslists/ListOfSecurities.xlsx,2026-07-29
08292.HK,VSING,HKEX,待分类,08292.HK,,上市,,https://www.hkex.com.hk/eng/services/trading/securities/securitieslists/ListOfSecurities.xlsx,2026-07-29
08293.HK,SINGASIA HLDG,HKEX,待分类,08293.HK,,上市,,https://www.hkex.com.hk/eng/services/trading/securities/securitieslists/ListOfSecurities.xlsx,2026-07-29
08295.HK,KINGWISOFT TECH,HKEX,待分类,08295.HK,,上市,,https://www.hkex.com.hk/eng/services/trading/securities/securitieslists/ListOfSecurities.xlsx,2026-07-29
08296.HK,SINO-LIFE GROUP,HKEX,待分类,08296.HK,,上市,,https://www.hkex.com.hk/eng/services/trading/securities/securitieslists/ListOfSecurities.xlsx,2026-07-29
08297.HK,OCEAN STAR TECH,HKEX,待分类,08297.HK,,上市,,https://www.hkex.com.hk/eng/services/trading/securities/securitieslists/ListOfSecurities.xlsx,2026-07-29
08299.HK,GT GOLD,HKEX,待分类,08299.HK,,上市,,https://www.hkex.com.hk/eng/services/trading/securities/securitieslists/ListOfSecurities.xlsx,2026-07-29
08300.HK,JIN MI FANG GP,HKEX,待分类,08300.HK,,上市,,https://www.hkex.com.hk/eng/services/trading/securities/securitieslists/ListOfSecurities.xlsx,2026-07-29
08305.HK,ST HLDGS,HKEX,待分类,08305.HK,,上市,,https://www.hkex.com.hk/eng/services/trading/securities/securitieslists/ListOfSecurities.xlsx,2026-07-29
08307.HK,MEDICSKIN,HKEX,待分类,08307.HK,,上市,,https://www.hkex.com.hk/eng/services/trading/securities/securitieslists/ListOfSecurities.xlsx,2026-07-29
08308.HK,GUDOU HLDGS,HKEX,待分类,08308.HK,,上市,,https://www.hkex.com.hk/eng/services/trading/securities/securitieslists/ListOfSecurities.xlsx,2026-07-29
08309.HK,MANSHING GLOBAL,HKEX,待分类,08309.HK,,上市,,https://www.hkex.com.hk/eng/services/trading/securities/securitieslists/ListOfSecurities.xlsx,2026-07-29
08310.HK,YANCHENG PORT,HKEX,待分类,08310.HK,,上市,,https://www.hkex.com.hk/eng/services/trading/securities/securitieslists/ListOfSecurities.xlsx,2026-07-29
08311.HK,PERFECT OPT,HKEX,待分类,08311.HK,,上市,,https://www.hkex.com.hk/eng/services/trading/securities/securitieslists/ListOfSecurities.xlsx,2026-07-29
08313.HK,ZACD,HKEX,待分类,08313.HK,,上市,,https://www.hkex.com.hk/eng/services/trading/securities/securitieslists/ListOfSecurities.xlsx,2026-07-29
08315.HK,CEN PLAZA HOTEL,HKEX,待分类,08315.HK,,上市,,https://www.hkex.com.hk/eng/services/trading/securities/securitieslists/ListOfSecurities.xlsx,2026-07-29
08316.HK,CHINA HONGBAO,HKEX,待分类,08316.HK,,上市,,https://www.hkex.com.hk/eng/services/trading/securities/securitieslists/ListOfSecurities.xlsx,2026-07-29
08317.HK,FINET GROUP,HKEX,待分类,08317.HK,,上市,,https://www.hkex.com.hk/eng/services/trading/securities/securitieslists/ListOfSecurities.xlsx,2026-07-29
08319.HK,EXPERT SYS,HKEX,待分类,08319.HK,,上市,,https://www.hkex.com.hk/eng/services/trading/securities/securitieslists/ListOfSecurities.xlsx,2026-07-29
08320.HK,AEC GROUP,HKEX,待分类,08320.HK,,上市,,https://www.hkex.com.hk/eng/services/trading/securities/securitieslists/ListOfSecurities.xlsx,2026-07-29
08321.HK,TAI KAM HLDGS,HKEX,待分类,08321.HK,,上市,,https://www.hkex.com.hk/eng/services/trading/securities/securitieslists/ListOfSecurities.xlsx,2026-07-29
08326.HK,TK NEW ENERGY,HKEX,待分类,08326.HK,,上市,,https://www.hkex.com.hk/eng/services/trading/securities/securitieslists/ListOfSecurities.xlsx,2026-07-29
08328.HK,XY ELEC STORAGE,HKEX,待分类,08328.HK,,上市,,https://www.hkex.com.hk/eng/services/trading/securities/securitieslists/ListOfSecurities.xlsx,2026-07-29
08329.HK,NEP INTERLONG,HKEX,待分类,08329.HK,,上市,,https://www.hkex.com.hk/eng/services/trading/securities/securitieslists/ListOfSecurities.xlsx,2026-07-29
08331.HK,P.B. GROUP,HKEX,待分类,08331.HK,,上市,,https://www.hkex.com.hk/eng/services/trading/securities/securitieslists/ListOfSecurities.xlsx,2026-07-29
08333.HK,ASTRUM FIN,HKEX,待分类,08333.HK,,上市,,https://www.hkex.com.hk/eng/services/trading/securities/securitieslists/ListOfSecurities.xlsx,2026-07-29
08337.HK,DIRECTEL,HKEX,待分类,08337.HK,,上市,,https://www.hkex.com.hk/eng/services/trading/securities/securitieslists/ListOfSecurities.xlsx,2026-07-29
08340.HK,ZIJING INTL FIN,HKEX,待分类,08340.HK,,上市,,https://www.hkex.com.hk/eng/services/trading/securities/securitieslists/ListOfSecurities.xlsx,2026-07-29
08341.HK,AESO HOLDING,HKEX,待分类,08341.HK,,上市,,https://www.hkex.com.hk/eng/services/trading/securities/securitieslists/ListOfSecurities.xlsx,2026-07-29
08347.HK,F8 ENT,HKEX,待分类,08347.HK,,上市,,https://www.hkex.com.hk/eng/services/trading/securities/securitieslists/ListOfSecurities.xlsx,2026-07-29
08348.HK,BINHAI TEDA,HKEX,待分类,08348.HK,,上市,,https://www.hkex.com.hk/eng/services/trading/securities/securitieslists/ListOfSecurities.xlsx,2026-07-29
08349.HK,GUIXIN GROUP,HKEX,待分类,08349.HK,,上市,,https://www.hkex.com.hk/eng/services/trading/securities/securitieslists/ListOfSecurities.xlsx,2026-07-29
08350.HK,WELL LINK SEC,HKEX,待分类,08350.HK,,上市,,https://www.hkex.com.hk/eng/services/trading/securities/securitieslists/ListOfSecurities.xlsx,2026-07-29
08356.HK,TSUN YIP HLDGS,HKEX,待分类,08356.HK,,上市,,https://www.hkex.com.hk/eng/services/trading/securities/securitieslists/ListOfSecurities.xlsx,2026-07-29
08357.HK,REPUBLIC HC,HKEX,待分类,08357.HK,,上市,,https://www.hkex.com.hk/eng/services/trading/securities/securitieslists/ListOfSecurities.xlsx,2026-07-29
08360.HK,BASIC H NEWLIFE,HKEX,待分类,08360.HK,,上市,,https://www.hkex.com.hk/eng/services/trading/securities/securitieslists/ListOfSecurities.xlsx,2026-07-29
08362.HK,WINNING TOWER,HKEX,待分类,08362.HK,,上市,,https://www.hkex.com.hk/eng/services/trading/securities/securitieslists/ListOfSecurities.xlsx,2026-07-29
08365.HK,HATCHER GROUP,HKEX,待分类,08365.HK,,上市,,https://www.hkex.com.hk/eng/services/trading/securities/securitieslists/ListOfSecurities.xlsx,2026-07-29
08366.HK,ZJ UNITED INV,HKEX,待分类,08366.HK,,上市,,https://www.hkex.com.hk/eng/services/trading/securities/securitieslists/ListOfSecurities.xlsx,2026-07-29
08367.HK,SIMPLICITY HLDG,HKEX,待分类,08367.HK,,上市,,https://www.hkex.com.hk/eng/services/trading/securities/securitieslists/ListOfSecurities.xlsx,2026-07-29
08368.HK,CREATIVE CHINA,HKEX,待分类,08368.HK,,上市,,https://www.hkex.com.hk/eng/services/trading/securities/securitieslists/ListOfSecurities.xlsx,2026-07-29
08370.HK,ZHI SHENG GP,HKEX,待分类,08370.HK,,上市,,https://www.hkex.com.hk/eng/services/trading/securities/securitieslists/ListOfSecurities.xlsx,2026-07-29
08371.HK,TASTEGOURMET GP,HKEX,待分类,08371.HK,,上市,,https://www.hkex.com.hk/eng/services/trading/securities/securitieslists/ListOfSecurities.xlsx,2026-07-29
08372.HK,GBG HOLDINGS,HKEX,待分类,08372.HK,,上市,,https://www.hkex.com.hk/eng/services/trading/securities/securitieslists/ListOfSecurities.xlsx,2026-07-29
08373.HK,INDIGO STAR,HKEX,待分类,08373.HK,,上市,,https://www.hkex.com.hk/eng/services/trading/securities/securitieslists/ListOfSecurities.xlsx,2026-07-29
08375.HK,DATA UNION CAP,HKEX,待分类,08375.HK,,上市,,https://www.hkex.com.hk/eng/services/trading/securities/securitieslists/ListOfSecurities.xlsx,2026-07-29
08377.HK,HARBOUR EQUINE,HKEX,待分类,08377.HK,,上市,,https://www.hkex.com.hk/eng/services/trading/securities/securitieslists/ListOfSecurities.xlsx,2026-07-29
08379.HK,PRIME INTEL,HKEX,待分类,08379.HK,,上市,,https://www.hkex.com.hk/eng/services/trading/securities/securitieslists/ListOfSecurities.xlsx,2026-07-29
08385.HK,PROSPEROUSPRINT,HKEX,待分类,08385.HK,,上市,,https://www.hkex.com.hk/eng/services/trading/securities/securitieslists/ListOfSecurities.xlsx,2026-07-29
08391.HK,CORNERSTONE TEC,HKEX,待分类,08391.HK,,上市,,https://www.hkex.com.hk/eng/services/trading/securities/securitieslists/ListOfSecurities.xlsx,2026-07-29
08392.HK,SATU HOLDINGS,HKEX,待分类,08392.HK,,上市,,https://www.hkex.com.hk/eng/services/trading/securities/securitieslists/ListOfSecurities.xlsx,2026-07-29
08395.HK,ZXZN QI-HOUSE,HKEX,待分类,08395.HK,,上市,,https://www.hkex.com.hk/eng/services/trading/securities/securitieslists/ListOfSecurities.xlsx,2026-07-29
08400.HK,ASIA PIONEER,HKEX,待分类,08400.HK,,上市,,https://www.hkex.com.hk/eng/services/trading/securities/securitieslists/ListOfSecurities.xlsx,2026-07-29
08401.HK,HUA XIA WATER,HKEX,待分类,08401.HK,,上市,,https://www.hkex.com.hk/eng/services/trading/securities/securitieslists/ListOfSecurities.xlsx,2026-07-29
08402.HK,PLATEAU TL,HKEX,待分类,08402.HK,,上市,,https://www.hkex.com.hk/eng/services/trading/securities/securitieslists/ListOfSecurities.xlsx,2026-07-29
08403.HK,DEFENG SOLIFE,HKEX,待分类,08403.HK,,上市,,https://www.hkex.com.hk/eng/services/trading/securities/securitieslists/ListOfSecurities.xlsx,2026-07-29
08406.HK,CHINA ORAL IND,HKEX,待分类,08406.HK,,上市,,https://www.hkex.com.hk/eng/services/trading/securities/securitieslists/ListOfSecurities.xlsx,2026-07-29
08411.HK,K W NELSON GP,HKEX,待分类,08411.HK,,上市,,https://www.hkex.com.hk/eng/services/trading/securities/securitieslists/ListOfSecurities.xlsx,2026-07-29
08412.HK,NEW AMANTE,HKEX,待分类,08412.HK,,上市,,https://www.hkex.com.hk/eng/services/trading/securities/securitieslists/ListOfSecurities.xlsx,2026-07-29
08413.HK,ASIA GROCERY,HKEX,待分类,08413.HK,,上市,,https://www.hkex.com.hk/eng/services/trading/securities/securitieslists/ListOfSecurities.xlsx,2026-07-29
08416.HK,HM INTL HLDGS,HKEX,待分类,08416.HK,,上市,,https://www.hkex.com.hk/eng/services/trading/securities/securitieslists/ListOfSecurities.xlsx,2026-07-29
08417.HK,DADI EDU,HKEX,待分类,08417.HK,,上市,,https://www.hkex.com.hk/eng/services/trading/securities/securitieslists/ListOfSecurities.xlsx,2026-07-29
08418.HK,OPTIMA AUTO,HKEX,待分类,08418.HK,,上市,,https://www.hkex.com.hk/eng/services/trading/securities/securitieslists/ListOfSecurities.xlsx,2026-07-29
08419.HK,AV PROMOTIONS,HKEX,待分类,08419.HK,,上市,,https://www.hkex.com.hk/eng/services/trading/securities/securitieslists/ListOfSecurities.xlsx,2026-07-29
08420.HK,NEXION TECH,HKEX,待分类,08420.HK,,上市,,https://www.hkex.com.hk/eng/services/trading/securities/securitieslists/ListOfSecurities.xlsx,2026-07-29
08422.HK,WT GROUP,HKEX,待分类,08422.HK,,上市,,https://www.hkex.com.hk/eng/services/trading/securities/securitieslists/ListOfSecurities.xlsx,2026-07-29
08423.HK,CHI HO DEV,HKEX,待分类,08423.HK,,上市,,https://www.hkex.com.hk/eng/services/trading/securities/securitieslists/ListOfSecurities.xlsx,2026-07-29
08425.HK,HING MING HLDGS,HKEX,待分类,08425.HK,,上市,,https://www.hkex.com.hk/eng/services/trading/securities/securitieslists/ListOfSecurities.xlsx,2026-07-29
08426.HK,MODERN LIVING,HKEX,待分类,08426.HK,,上市,,https://www.hkex.com.hk/eng/services/trading/securities/securitieslists/ListOfSecurities.xlsx,2026-07-29
08427.HK,WS-SK TARGET,HKEX,待分类,08427.HK,,上市,,https://www.hkex.com.hk/eng/services/trading/securities/securitieslists/ListOfSecurities.xlsx,2026-07-29
08428.HK,CBK HOLDINGS,HKEX,待分类,08428.HK,,上市,,https://www.hkex.com.hk/eng/services/trading/securities/securitieslists/ListOfSecurities.xlsx,2026-07-29
08429.HK,SV VISION,HKEX,待分类,08429.HK,,上市,,https://www.hkex.com.hk/eng/services/trading/securities/securitieslists/ListOfSecurities.xlsx,2026-07-29
08430.HK,C&N HOLDINGS,HKEX,待分类,08430.HK,,上市,,https://www.hkex.com.hk/eng/services/trading/securities/securitieslists/ListOfSecurities.xlsx,2026-07-29
08431.HK,HAO BAI INTL,HKEX,待分类,08431.HK,,上市,,https://www.hkex.com.hk/eng/services/trading/securities/securitieslists/ListOfSecurities.xlsx,2026-07-29
08432.HK,BAR PACIFIC,HKEX,待分类,08432.HK,,上市,,https://www.hkex.com.hk/eng/services/trading/securities/securitieslists/ListOfSecurities.xlsx,2026-07-29
08436.HK,TAKBO GROUP,HKEX,待分类,08436.HK,,上市,,https://www.hkex.com.hk/eng/services/trading/securities/securitieslists/ListOfSecurities.xlsx,2026-07-29
08437.HK,RMH HOLDINGS,HKEX,待分类,08437.HK,,上市,,https://www.hkex.com.hk/eng/services/trading/securities/securitieslists/ListOfSecurities.xlsx,2026-07-29
08439.HK,SOMERLEY CAP,HKEX,待分类,08439.HK,,上市,,https://www.hkex.com.hk/eng/services/trading/securities/securitieslists/ListOfSecurities.xlsx,2026-07-29
08445.HK,NOBLE ENG GP,HKEX,待分类,08445.HK,,上市,,https://www.hkex.com.hk/eng/services/trading/securities/securitieslists/ListOfSecurities.xlsx,2026-07-29
08446.HK,BRIGHTSTAR TECH,HKEX,待分类,08446.HK,,上市,,https://www.hkex.com.hk/eng/services/trading/securities/securitieslists/ListOfSecurities.xlsx,2026-07-29
08447.HK,MS CONCEPT,HKEX,待分类,08447.HK,,上市,,https://www.hkex.com.hk/eng/services/trading/securities/securitieslists/ListOfSecurities.xlsx,2026-07-29
08448.HK,UNI PRINTSHOP,HKEX,待分类,08448.HK,,上市,,https://www.hkex.com.hk/eng/services/trading/securities/securitieslists/ListOfSecurities.xlsx,2026-07-29
08450.HK,EDICO HOLDINGS,HKEX,待分类,08450.HK,,上市,,https://www.hkex.com.hk/eng/services/trading/securities/securitieslists/ListOfSecurities.xlsx,2026-07-29
08451.HK,SUNLIGHT HLDGS,HKEX,待分类,08451.HK,,上市,,https://www.hkex.com.hk/eng/services/trading/securities/securitieslists/ListOfSecurities.xlsx,2026-07-29
08452.HK,FY FINANCIAL,HKEX,待分类,08452.HK,,上市,,https://www.hkex.com.hk/eng/services/trading/securities/securitieslists/ListOfSecurities.xlsx,2026-07-29
08455.HK,LAI GROUP,HKEX,待分类,08455.HK,,上市,,https://www.hkex.com.hk/eng/services/trading/securities/securitieslists/ListOfSecurities.xlsx,2026-07-29
08456.HK,MANSION INTL,HKEX,待分类,08456.HK,,上市,,https://www.hkex.com.hk/eng/services/trading/securities/securitieslists/ListOfSecurities.xlsx,2026-07-29
08460.HK,BASETROPHY GP,HKEX,待分类,08460.HK,,上市,,https://www.hkex.com.hk/eng/services/trading/securities/securitieslists/ListOfSecurities.xlsx,2026-07-29
08462.HK,OMNIBRIDGE HLDG,HKEX,待分类,08462.HK,,上市,,https://www.hkex.com.hk/eng/services/trading/securities/securitieslists/ListOfSecurities.xlsx,2026-07-29
08471.HK,REACH NEW HLDGS,HKEX,待分类,08471.HK,,上市,,https://www.hkex.com.hk/eng/services/trading/securities/securitieslists/ListOfSecurities.xlsx,2026-07-29
08472.HK,LAPCO HOLDINGS,HKEX,待分类,08472.HK,,上市,,https://www.hkex.com.hk/eng/services/trading/securities/securitieslists/ListOfSecurities.xlsx,2026-07-29
08473.HK,MI MING MART,HKEX,待分类,08473.HK,,上市,,https://www.hkex.com.hk/eng/services/trading/securities/securitieslists/ListOfSecurities.xlsx,2026-07-29
08475.HK,E-STATION GTECH,HKEX,待分类,08475.HK,,上市,,https://www.hkex.com.hk/eng/services/trading/securities/securitieslists/ListOfSecurities.xlsx,2026-07-29
08480.HK,FURNIWEB,HKEX,待分类,08480.HK,,上市,,https://www.hkex.com.hk/eng/services/trading/securities/securitieslists/ListOfSecurities.xlsx,2026-07-29
08481.HK,SHENGLONG INTL,HKEX,待分类,08481.HK,,上市,,https://www.hkex.com.hk/eng/services/trading/securities/securitieslists/ListOfSecurities.xlsx,2026-07-29
08482.HK,WAN LEADER,HKEX,待分类,08482.HK,,上市,,https://www.hkex.com.hk/eng/services/trading/securities/securitieslists/ListOfSecurities.xlsx,2026-07-29
08483.HK,MAX SIGHT GROUP,HKEX,待分类,08483.HK,,上市,,https://www.hkex.com.hk/eng/services/trading/securities/securitieslists/ListOfSecurities.xlsx,2026-07-29
08487.HK,ISP GLOBAL,HKEX,待分类,08487.HK,,上市,,https://www.hkex.com.hk/eng/services/trading/securities/securitieslists/ListOfSecurities.xlsx,2026-07-29
08489.HK,GP LOGISTICS,HKEX,待分类,08489.HK,,上市,,https://www.hkex.com.hk/eng/services/trading/securities/securitieslists/ListOfSecurities.xlsx,2026-07-29
08490.HK,NICHE-TECH SEMI,HKEX,待分类,08490.HK,,上市,,https://www.hkex.com.hk/eng/services/trading/securities/securitieslists/ListOfSecurities.xlsx,2026-07-29
08491.HK,COOL LINK,HKEX,待分类,08491.HK,,上市,,https://www.hkex.com.hk/eng/services/trading/securities/securitieslists/ListOfSecurities.xlsx,2026-07-29
08493.HK,S. DRAGON,HKEX,待分类,08493.HK,,上市,,https://www.hkex.com.hk/eng/services/trading/securities/securitieslists/ListOfSecurities.xlsx,2026-07-29
08495.HK,1957 & CO.,HKEX,待分类,08495.HK,,上市,,https://www.hkex.com.hk/eng/services/trading/securities/securitieslists/ListOfSecurities.xlsx,2026-07-29
08496.HK,GLOBAL UIN,HKEX,待分类,08496.HK,,上市,,https://www.hkex.com.hk/eng/services/trading/securities/securitieslists/ListOfSecurities.xlsx,2026-07-29
08500.HK,ICONCULTURE,HKEX,待分类,08500.HK,,上市,,https://www.hkex.com.hk/eng/services/trading/securities/securitieslists/ListOfSecurities.xlsx,2026-07-29
08501.HK,SANBASE CORP,HKEX,待分类,08501.HK,,上市,,https://www.hkex.com.hk/eng/services/trading/securities/securitieslists/ListOfSecurities.xlsx,2026-07-29
08502.HK,OCEAN LINE PORT,HKEX,待分类,08502.HK,,上市,,https://www.hkex.com.hk/eng/services/trading/securities/securitieslists/ListOfSecurities.xlsx,2026-07-29
08507.HK,I.CENTURY HLDG,HKEX,待分类,08507.HK,,上市,,https://www.hkex.com.hk/eng/services/trading/securities/securitieslists/ListOfSecurities.xlsx,2026-07-29
08509.HK,WINE'S LINK,HKEX,待分类,08509.HK,,上市,,https://www.hkex.com.hk/eng/services/trading/securities/securitieslists/ListOfSecurities.xlsx,2026-07-29
08510.HK,TOPSTANDARDCORP,HKEX,待分类,08510.HK,,上市,,https://www.hkex.com.hk/eng/services/trading/securities/securitieslists/ListOfSecurities.xlsx,2026-07-29
08511.HK,MIN FU INTL,HKEX,待分类,08511.HK,,上市,,https://www.hkex.com.hk/eng/services/trading/securities/securitieslists/ListOfSecurities.xlsx,2026-07-29
08512.HK,HYFUSIN GROUP,HKEX,待分类,08512.HK,,上市,,https://www.hkex.com.hk/eng/services/trading/securities/securitieslists/ListOfSecurities.xlsx,2026-07-29
08513.HK,MAXWIN INT HLDG,HKEX,待分类,08513.HK,,上市,,https://www.hkex.com.hk/eng/services/trading/securities/securitieslists/ListOfSecurities.xlsx,2026-07-29
08516.HK,ZY INTL,HKEX,待分类,08516.HK,,上市,,https://www.hkex.com.hk/eng/services/trading/securities/securitieslists/ListOfSecurities.xlsx,2026-07-29
08519.HK,XINXIANG ERA,HKEX,待分类,08519.HK,,上市,,https://www.hkex.com.hk/eng/services/trading/securities/securitieslists/ListOfSecurities.xlsx,2026-07-29
08521.HK,WEBX INTL HLDGS,HKEX,待分类,08521.HK,,上市,,https://www.hkex.com.hk/eng/services/trading/securities/securitieslists/ListOfSecurities.xlsx,2026-07-29
08525.HK,BAIYING HOLDING,HKEX,待分类,08525.HK,,上市,,https://www.hkex.com.hk/eng/services/trading/securities/securitieslists/ListOfSecurities.xlsx,2026-07-29
08526.HK,WING FUNG GROUP,HKEX,待分类,08526.HK,,上市,,https://www.hkex.com.hk/eng/services/trading/securities/securitieslists/ListOfSecurities.xlsx,2026-07-29
08527.HK,JLOGO HLDGS,HKEX,待分类,08527.HK,,上市,,https://www.hkex.com.hk/eng/services/trading/securities/securitieslists/ListOfSecurities.xlsx,2026-07-29
08529.HK,UBOT HOLDING,HKEX,待分类,08529.HK,,上市,,https://www.hkex.com.hk/eng/services/trading/securities/securitieslists/ListOfSecurities.xlsx,2026-07-29
08532.HK,POLYFAIR HLDGS,HKEX,待分类,08532.HK,,上市,,https://www.hkex.com.hk/eng/services/trading/securities/securitieslists/ListOfSecurities.xlsx,2026-07-29
08535.HK,VISTAR HOLDINGS,HKEX,待分类,08535.HK,,上市,,https://www.hkex.com.hk/eng/services/trading/securities/securitieslists/ListOfSecurities.xlsx,2026-07-29
08536.HK,TL NATURAL GAS,HKEX,待分类,08536.HK,,上市,,https://www.hkex.com.hk/eng/services/trading/securities/securitieslists/ListOfSecurities.xlsx,2026-07-29
08537.HK,CHONG FAI JEWEL,HKEX,待分类,08537.HK,,上市,,https://www.hkex.com.hk/eng/services/trading/securities/securitieslists/ListOfSecurities.xlsx,2026-07-29
08540.HK,VICTORY SEC,HKEX,待分类,08540.HK,,上市,,https://www.hkex.com.hk/eng/services/trading/securities/securitieslists/ListOfSecurities.xlsx,2026-07-29
08545.HK,AMUSE GROUP,HKEX,待分类,08545.HK,,上市,,https://www.hkex.com.hk/eng/services/trading/securities/securitieslists/ListOfSecurities.xlsx,2026-07-29
08547.HK,PACIFIC LEGEND,HKEX,待分类,08547.HK,,上市,,https://www.hkex.com.hk/eng/services/trading/securities/securitieslists/ListOfSecurities.xlsx,2026-07-29
08549.HK,GOLDEN LEAF INT,HKEX,待分类,08549.HK,,上市,,https://www.hkex.com.hk/eng/services/trading/securities/securitieslists/ListOfSecurities.xlsx,2026-07-29
08571.HK,CH NETCOM-OLD,HKEX,待分类,08571.HK,,上市,,https://www.hkex.com.hk/eng/services/trading/securities/securitieslists/ListOfSecurities.xlsx,2026-07-29
08601.HK,BOLTEK,HKEX,待分类,08601.HK,,上市,,https://www.hkex.com.hk/eng/services/trading/securities/securitieslists/ListOfSecurities.xlsx,2026-07-29
08606.HK,KINETIX SYSTEMS,HKEX,待分类,08606.HK,,上市,,https://www.hkex.com.hk/eng/services/trading/securities/securitieslists/ListOfSecurities.xlsx,2026-07-29
08610.HK,BBSB INTL,HKEX,待分类,08610.HK,,上市,,https://www.hkex.com.hk/eng/services/trading/securities/securitieslists/ListOfSecurities.xlsx,2026-07-29
08611.HK,JUFEEL,HKEX,待分类,08611.HK,,上市,,https://www.hkex.com.hk/eng/services/trading/securities/securitieslists/ListOfSecurities.xlsx,2026-07-29
08612.HK,WORLD SUPER,HKEX,待分类,08612.HK,,上市,,https://www.hkex.com.hk/eng/services/trading/securities/securitieslists/ListOfSecurities.xlsx,2026-07-29
08613.HK,ORIENTAL PAY,HKEX,待分类,08613.HK,,上市,,https://www.hkex.com.hk/eng/services/trading/securities/securitieslists/ListOfSecurities.xlsx,2026-07-29
08616.HK,SUNRAY ENG GP,HKEX,待分类,08616.HK,,上市,,https://www.hkex.com.hk/eng/services/trading/securities/securitieslists/ListOfSecurities.xlsx,2026-07-29
08619.HK,NIU HOLDINGS,HKEX,待分类,08619.HK,,上市,,https://www.hkex.com.hk/eng/services/trading/securities/securitieslists/ListOfSecurities.xlsx,2026-07-29
08620.HK,AE LOGISTICS,HKEX,待分类,08620.HK,,上市,,https://www.hkex.com.hk/eng/services/trading/securities/securitieslists/ListOfSecurities.xlsx,2026-07-29
08621.HK,METROPOLIS CAP,HKEX,待分类,08621.HK,,上市,,https://www.hkex.com.hk/eng/services/trading/securities/securitieslists/ListOfSecurities.xlsx,2026-07-29
08622.HK,JOYZYME GROUP,HKEX,待分类,08622.HK,,上市,,https://www.hkex.com.hk/eng/services/trading/securities/securitieslists/ListOfSecurities.xlsx,2026-07-29
08623.HK,CHINA SAFTOWER,HKEX,待分类,08623.HK,,上市,,https://www.hkex.com.hk/eng/services/trading/securities/securitieslists/ListOfSecurities.xlsx,2026-07-29
08627.HK,ORANGE TOUR,HKEX,待分类,08627.HK,,上市,,https://www.hkex.com.hk/eng/services/trading/securities/securitieslists/ListOfSecurities.xlsx,2026-07-29
08629.HK,SYNTRUST GK,HKEX,待分类,08629.HK,,上市,,https://www.hkex.com.hk/eng/services/trading/securities/securitieslists/ListOfSecurities.xlsx,2026-07-29
08631.HK,SUN KONG HLDGS,HKEX,待分类,08631.HK,,上市,,https://www.hkex.com.hk/eng/services/trading/securities/securitieslists/ListOfSecurities.xlsx,2026-07-29
08635.HK,ELEPHANT HLDGS,HKEX,待分类,08635.HK,,上市,,https://www.hkex.com.hk/eng/services/trading/securities/securitieslists/ListOfSecurities.xlsx,2026-07-29
08637.HK,METASURFACE,HKEX,待分类,08637.HK,,上市,,https://www.hkex.com.hk/eng/services/trading/securities/securitieslists/ListOfSecurities.xlsx,2026-07-29
08645.HK,BYTE META,HKEX,待分类,08645.HK,,上市,,https://www.hkex.com.hk/eng/services/trading/securities/securitieslists/ListOfSecurities.xlsx,2026-07-29
08646.HK,CHINA HONGGUANG,HKEX,待分类,08646.HK,,上市,,https://www.hkex.com.hk/eng/services/trading/securities/securitieslists/ListOfSecurities.xlsx,2026-07-29
08657.HK,TRUE PARTNER,HKEX,待分类,08657.HK,,上市,,https://www.hkex.com.hk/eng/services/trading/securities/securitieslists/ListOfSecurities.xlsx,2026-07-29
08659.HK,YIK WO INTL,HKEX,待分类,08659.HK,,上市,,https://www.hkex.com.hk/eng/services/trading/securities/securitieslists/ListOfSecurities.xlsx,2026-07-29
08668.HK,YING HAI GROUP,HKEX,待分类,08668.HK,,上市,,https://www.hkex.com.hk/eng/services/trading/securities/securitieslists/ListOfSecurities.xlsx,2026-07-29
09600.HK,NEWLINK TECH,HKEX,待分类,09600.HK,,上市,,https://www.hkex.com.hk/eng/services/trading/securities/securitieslists/ListOfSecurities.xlsx,2026-07-29
09606.HK,DUALITYBIO-B,HKEX,待分类,09606.HK,,上市,,https://www.hkex.com.hk/eng/services/trading/securities/securitieslists/ListOfSecurities.xlsx,2026-07-29
09608.HK,SUNDY SERVICE,HKEX,待分类,09608.HK,,上市,,https://www.hkex.com.hk/eng/services/trading/securities/securitieslists/ListOfSecurities.xlsx,2026-07-29
09609.HK,HAIWEI ELEC,HKEX,待分类,09609.HK,,上市,,https://www.hkex.com.hk/eng/services/trading/securities/securitieslists/ListOfSecurities.xlsx,2026-07-29
09611.HK,LONGCHEER,HKEX,待分类,09611.HK,,上市,,https://www.hkex.com.hk/eng/services/trading/securities/securitieslists/ListOfSecurities.xlsx,2026-07-29
09616.HK,NEUTECH GROUP,HKEX,待分类,09616.HK,,上市,,https://www.hkex.com.hk/eng/services/trading/securities/securitieslists/ListOfSecurities.xlsx,2026-07-29
09618.HK,JD-SW,HKEX,待分类,09618.HK,,上市,,https://www.hkex.com.hk/eng/services/trading/securities/securitieslists/ListOfSecurities.xlsx,2026-07-29
09626.HK,BILIBILI-W,HKEX,待分类,09626.HK,,上市,,https://www.hkex.com.hk/eng/services/trading/securities/securitieslists/ListOfSecurities.xlsx,2026-07-29
09630.HK,CFMEE,HKEX,待分类,09630.HK,,上市,,https://www.hkex.com.hk/eng/services/trading/securities/securitieslists/ListOfSecurities.xlsx,2026-07-29
09633.HK,NONGFU SPRING,HKEX,待分类,09633.HK,,上市,,https://www.hkex.com.hk/eng/services/trading/securities/securitieslists/ListOfSecurities.xlsx,2026-07-29
09636.HK,JF SMARTINVEST,HKEX,待分类,09636.HK,,上市,,https://www.hkex.com.hk/eng/services/trading/securities/securitieslists/ListOfSecurities.xlsx,2026-07-29
09637.HK,ALEBUND-B,HKEX,待分类,09637.HK,,上市,,https://www.hkex.com.hk/eng/services/trading/securities/securitieslists/ListOfSecurities.xlsx,2026-07-29
09638.HK,FERRETTI,HKEX,待分类,09638.HK,,上市,,https://www.hkex.com.hk/eng/services/trading/securities/securitieslists/ListOfSecurities.xlsx,2026-07-29
09639.HK,WING LEE DEV,HKEX,待分类,09639.HK,,上市,,https://www.hkex.com.hk/eng/services/trading/securities/securitieslists/ListOfSecurities.xlsx,2026-07-29
09658.HK,SUPER HI,HKEX,待分类,09658.HK,,上市,,https://www.hkex.com.hk/eng/services/trading/securities/securitieslists/ListOfSecurities.xlsx,2026-07-29
09660.HK,HORIZONROBOT-W,HKEX,待分类,09660.HK,,上市,,https://www.hkex.com.hk/eng/services/trading/securities/securitieslists/ListOfSecurities.xlsx,2026-07-29
09663.HK,SINOSYNERGY,HKEX,待分类,09663.HK,,上市,,https://www.hkex.com.hk/eng/services/trading/securities/securitieslists/ListOfSecurities.xlsx,2026-07-29
09668.HK,CBHB,HKEX,待分类,09668.HK,,上市,,https://www.hkex.com.hk/eng/services/trading/securities/securitieslists/ListOfSecurities.xlsx,2026-07-29
09669.HK,BEISEN HOLDING,HKEX,待分类,09669.HK,,上市,,https://www.hkex.com.hk/eng/services/trading/securities/securitieslists/ListOfSecurities.xlsx,2026-07-29
09676.HK,SHIYUE DAOTIAN,HKEX,待分类,09676.HK,,上市,,https://www.hkex.com.hk/eng/services/trading/securities/securitieslists/ListOfSecurities.xlsx,2026-07-29
09677.HK,WEIHAI BANK,HKEX,待分类,09677.HK,,上市,,https://www.hkex.com.hk/eng/services/trading/securities/securitieslists/ListOfSecurities.xlsx,2026-07-29
09678.HK,UNISOUND,HKEX,待分类,09678.HK,,上市,,https://www.hkex.com.hk/eng/services/trading/securities/securitieslists/ListOfSecurities.xlsx,2026-07-29
09680.HK,CHENQI TECH,HKEX,待分类,09680.HK,,上市,,https://www.hkex.com.hk/eng/services/trading/securities/securitieslists/ListOfSecurities.xlsx,2026-07-29
09686.HK,XIKANG CLOUD,HKEX,待分类,09686.HK,,上市,,https://www.hkex.com.hk/eng/services/trading/securities/securitieslists/ListOfSecurities.xlsx,2026-07-29
09688.HK,ZAI LAB,HKEX,待分类,09688.HK,,上市,,https://www.hkex.com.hk/eng/services/trading/securities/securitieslists/ListOfSecurities.xlsx,2026-07-29
09689.HK,JTF INTL,HKEX,待分类,09689.HK,,上市,,https://www.hkex.com.hk/eng/services/trading/securities/securitieslists/ListOfSecurities.xlsx,2026-07-29
09690.HK,TUHU-W,HKEX,待分类,09690.HK,,上市,,https://www.hkex.com.hk/eng/services/trading/securities/securitieslists/ListOfSecurities.xlsx,2026-07-29
09696.HK,TIANQI LITHIUM,HKEX,待分类,09696.HK,,上市,,https://www.hkex.com.hk/eng/services/trading/securities/securitieslists/ListOfSecurities.xlsx,2026-07-29
09698.HK,GDS-SW,HKEX,待分类,09698.HK,,上市,,https://www.hkex.com.hk/eng/services/trading/securities/securitieslists/ListOfSecurities.xlsx,2026-07-29
09699.HK,SF INTRA-CITY,HKEX,待分类,09699.HK,,上市,,https://www.hkex.com.hk/eng/services/trading/securities/securitieslists/ListOfSecurities.xlsx,2026-07-29
09857.HK,LINMON MEDIA,HKEX,待分类,09857.HK,,上市,,https://www.hkex.com.hk/eng/services/trading/securities/securitieslists/ListOfSecurities.xlsx,2026-07-29
09858.HK,YOURAN DAIRY,HKEX,待分类,09858.HK,,上市,,https://www.hkex.com.hk/eng/services/trading/securities/securitieslists/ListOfSecurities.xlsx,2026-07-29
09860.HK,ADICON HOLDINGS,HKEX,待分类,09860.HK,,上市,,https://www.hkex.com.hk/eng/services/trading/securities/securitieslists/ListOfSecurities.xlsx,2026-07-29
09863.HK,LEAPMOTOR,HKEX,待分类,09863.HK,,上市,,https://www.hkex.com.hk/eng/services/trading/securities/securitieslists/ListOfSecurities.xlsx,2026-07-29
09866.HK,NIO-SW,HKEX,待分类,09866.HK,,上市,,https://www.hkex.com.hk/eng/services/trading/securities/securitieslists/ListOfSecurities.xlsx,2026-07-29
09868.HK,XPENG-W,HKEX,待分类,09868.HK,,上市,,https://www.hkex.com.hk/eng/services/trading/securities/securitieslists/ListOfSecurities.xlsx,2026-07-29
09869.HK,HELENS,HKEX,待分类,09869.HK,,上市,,https://www.hkex.com.hk/eng/services/trading/securities/securitieslists/ListOfSecurities.xlsx,2026-07-29
09876.HK,OCEAN ONE HLDG,HKEX,待分类,09876.HK,,上市,,https://www.hkex.com.hk/eng/services/trading/securities/securitieslists/ListOfSecurities.xlsx,2026-07-29
09877.HK,JENSCARE-B,HKEX,待分类,09877.HK,,上市,,https://www.hkex.com.hk/eng/services/trading/securities/securitieslists/ListOfSecurities.xlsx,2026-07-29
09878.HK,HUITONGDA NET,HKEX,待分类,09878.HK,,上市,,https://www.hkex.com.hk/eng/services/trading/securities/securitieslists/ListOfSecurities.xlsx,2026-07-29
09879.HK,MIGAO GROUP,HKEX,待分类,09879.HK,,上市,,https://www.hkex.com.hk/eng/services/trading/securities/securitieslists/ListOfSecurities.xlsx,2026-07-29
09880.HK,UBTECH ROBOTICS,HKEX,待分类,09880.HK,,上市,,https://www.hkex.com.hk/eng/services/trading/securities/securitieslists/ListOfSecurities.xlsx,2026-07-29
09881.HK,RONGTA TECH,HKEX,待分类,09881.HK,,上市,,https://www.hkex.com.hk/eng/services/trading/securities/securitieslists/ListOfSecurities.xlsx,2026-07-29
09882.HK,BEST LINKING,HKEX,待分类,09882.HK,,上市,,https://www.hkex.com.hk/eng/services/trading/securities/securitieslists/ListOfSecurities.xlsx,2026-07-29
09885.HK,YSB,HKEX,待分类,09885.HK,,上市,,https://www.hkex.com.hk/eng/services/trading/securities/securitieslists/ListOfSecurities.xlsx,2026-07-29
09886.HK,DINGDANG HEALTH,HKEX,待分类,09886.HK,,上市,,https://www.hkex.com.hk/eng/services/trading/securities/securitieslists/ListOfSecurities.xlsx,2026-07-29
09887.HK,LEADS BIOLABS-B,HKEX,待分类,09887.HK,,上市,,https://www.hkex.com.hk/eng/services/trading/securities/securitieslists/ListOfSecurities.xlsx,2026-07-29
09888.HK,BIDU-SW,HKEX,待分类,09888.HK,,上市,,https://www.hkex.com.hk/eng/services/trading/securities/securitieslists/ListOfSecurities.xlsx,2026-07-29
09889.HK,DRCB,HKEX,待分类,09889.HK,,上市,,https://www.hkex.com.hk/eng/services/trading/securities/securitieslists/ListOfSecurities.xlsx,2026-07-29
09890.HK,TANWAN,HKEX,待分类,09890.HK,,上市,,https://www.hkex.com.hk/eng/services/trading/securities/securitieslists/ListOfSecurities.xlsx,2026-07-29
09893.HK,PIZU GROUP,HKEX,待分类,09893.HK,,上市,,https://www.hkex.com.hk/eng/services/trading/securities/securitieslists/ListOfSecurities.xlsx,2026-07-29
09896.HK,MNSO,HKEX,待分类,09896.HK,,上市,,https://www.hkex.com.hk/eng/services/trading/securities/securitieslists/ListOfSecurities.xlsx,2026-07-29
09898.HK,WB-SW,HKEX,待分类,09898.HK,,上市,,https://www.hkex.com.hk/eng/services/trading/securities/securitieslists/ListOfSecurities.xlsx,2026-07-29
09899.HK,NETEASE MUSIC,HKEX,待分类,09899.HK,,上市,,https://www.hkex.com.hk/eng/services/trading/securities/securitieslists/ListOfSecurities.xlsx,2026-07-29
09900.HK,ZCLOUD TECH CON,HKEX,待分类,09900.HK,,上市,,https://www.hkex.com.hk/eng/services/trading/securities/securitieslists/ListOfSecurities.xlsx,2026-07-29
09901.HK,NEW ORIENTAL-S,HKEX,待分类,09901.HK,,上市,,https://www.hkex.com.hk/eng/services/trading/securities/securitieslists/ListOfSecurities.xlsx,2026-07-29
09903.HK,ILUVATAR COREX,HKEX,待分类,09903.HK,,上市,,https://www.hkex.com.hk/eng/services/trading/securities/securitieslists/ListOfSecurities.xlsx,2026-07-29
09906.HK,HONLIV HEALTH,HKEX,待分类,09906.HK,,上市,,https://www.hkex.com.hk/eng/services/trading/securities/securitieslists/ListOfSecurities.xlsx,2026-07-29
09908.HK,JIAXING GAS,HKEX,待分类,09908.HK,,上市,,https://www.hkex.com.hk/eng/services/trading/securities/securitieslists/ListOfSecurities.xlsx,2026-07-29
09909.HK,POWERLONG CM,HKEX,待分类,09909.HK,,上市,,https://www.hkex.com.hk/eng/services/trading/securities/securitieslists/ListOfSecurities.xlsx,2026-07-29
09911.HK,NEWBORNTOWN,HKEX,待分类,09911.HK,,上市,,https://www.hkex.com.hk/eng/services/trading/securities/securitieslists/ListOfSecurities.xlsx,2026-07-29
09913.HK,CHI KAN HLDGS,HKEX,待分类,09913.HK,,上市,,https://www.hkex.com.hk/eng/services/trading/securities/securitieslists/ListOfSecurities.xlsx,2026-07-29
09916.HK,XINGYE WULIAN,HKEX,待分类,09916.HK,,上市,,https://www.hkex.com.hk/eng/services/trading/securities/securitieslists/ListOfSecurities.xlsx,2026-07-29
09918.HK,WISE ALLY INTL,HKEX,待分类,09918.HK,,上市,,https://www.hkex.com.hk/eng/services/trading/securities/securitieslists/ListOfSecurities.xlsx,2026-07-29
09919.HK,ACTIVATION GP,HKEX,待分类,09919.HK,,上市,,https://www.hkex.com.hk/eng/services/trading/securities/securitieslists/ListOfSecurities.xlsx,2026-07-29
09922.HK,JIUMAOJIU,HKEX,待分类,09922.HK,,上市,,https://www.hkex.com.hk/eng/services/trading/securities/securitieslists/ListOfSecurities.xlsx,2026-07-29
09923.HK,YEAHKA,HKEX,待分类,09923.HK,,上市,,https://www.hkex.com.hk/eng/services/trading/securities/securitieslists/ListOfSecurities.xlsx,2026-07-29
09926.HK,AKESO,HKEX,待分类,09926.HK,,上市,,https://www.hkex.com.hk/eng/services/trading/securities/securitieslists/ListOfSecurities.xlsx,2026-07-29
09927.HK,SERES,HKEX,待分类,09927.HK,,上市,,https://www.hkex.com.hk/eng/services/trading/securities/securitieslists/ListOfSecurities.xlsx,2026-07-29
09928.HK,TIMES NEIGHBOR,HKEX,待分类,09928.HK,,上市,,https://www.hkex.com.hk/eng/services/trading/securities/securitieslists/ListOfSecurities.xlsx,2026-07-29
09929.HK,SEM HLDGS,HKEX,待分类,09929.HK,,上市,,https://www.hkex.com.hk/eng/services/trading/securities/securitieslists/ListOfSecurities.xlsx,2026-07-29
09930.HK,HORIZON CD,HKEX,待分类,09930.HK,,上市,,https://www.hkex.com.hk/eng/services/trading/securities/securitieslists/ListOfSecurities.xlsx,2026-07-29
09933.HK,GHW INTL,HKEX,待分类,09933.HK,,上市,,https://www.hkex.com.hk/eng/services/trading/securities/securitieslists/ListOfSecurities.xlsx,2026-07-29
09936.HK,XIMEI RESOURCES,HKEX,待分类,09936.HK,,上市,,https://www.hkex.com.hk/eng/services/trading/securities/securitieslists/ListOfSecurities.xlsx,2026-07-29
09938.HK,WAH WO HOLDINGS,HKEX,待分类,09938.HK,,上市,,https://www.hkex.com.hk/eng/services/trading/securities/securitieslists/ListOfSecurities.xlsx,2026-07-29
09939.HK,KINTOR PHARMA-B,HKEX,待分类,09939.HK,,上市,,https://www.hkex.com.hk/eng/services/trading/securities/securitieslists/ListOfSecurities.xlsx,2026-07-29
09955.HK,CLOUDR,HKEX,待分类,09955.HK,,上市,,https://www.hkex.com.hk/eng/services/trading/securities/securitieslists/ListOfSecurities.xlsx,2026-07-29
09958.HK,LITIAN PICTURES,HKEX,待分类,09958.HK,,上市,,https://www.hkex.com.hk/eng/services/trading/securities/securitieslists/ListOfSecurities.xlsx,2026-07-29
09959.HK,LINKLOGIS-W,HKEX,待分类,09959.HK,,上市,,https://www.hkex.com.hk/eng/services/trading/securities/securitieslists/ListOfSecurities.xlsx,2026-07-29
09960.HK,KINDSTAR GLOBAL,HKEX,待分类,09960.HK,,上市,,https://www.hkex.com.hk/eng/services/trading/securities/securitieslists/ListOfSecurities.xlsx,2026-07-29
09961.HK,TRIP.COM-S,HKEX,待分类,09961.HK,,上市,,https://www.hkex.com.hk/eng/services/trading/securities/securitieslists/ListOfSecurities.xlsx,2026-07-29
09963.HK,TRANSTECH,HKEX,待分类,09963.HK,,上市,,https://www.hkex.com.hk/eng/services/trading/securities/securitieslists/ListOfSecurities.xlsx,2026-07-29
09966.HK,ALPHAMAB-B,HKEX,待分类,09966.HK,,上市,,https://www.hkex.com.hk/eng/services/trading/securities/securitieslists/ListOfSecurities.xlsx,2026-07-29
09968.HK,HUIJING HLDGS,HKEX,待分类,09968.HK,,上市,,https://www.hkex.com.hk/eng/services/trading/securities/securitieslists/ListOfSecurities.xlsx,2026-07-29
09969.HK,INNOCARE,HKEX,待分类,09969.HK,,上市,,https://www.hkex.com.hk/eng/services/trading/securities/securitieslists/ListOfSecurities.xlsx,2026-07-29
09971.HK,BASICSEMI,HKEX,待分类,09971.HK,,上市,,https://www.hkex.com.hk/eng/services/trading/securities/securitieslists/ListOfSecurities.xlsx,2026-07-29
09973.HK,CHERY AUTO,HKEX,待分类,09973.HK,,上市,,https://www.hkex.com.hk/eng/services/trading/securities/securitieslists/ListOfSecurities.xlsx,2026-07-29
09978.HK,FINELAND LIVING,HKEX,待分类,09978.HK,,上市,,https://www.hkex.com.hk/eng/services/trading/securities/securitieslists/ListOfSecurities.xlsx,2026-07-29
09979.HK,GREENTOWN MGMT,HKEX,待分类,09979.HK,,上市,,https://www.hkex.com.hk/eng/services/trading/securities/securitieslists/ListOfSecurities.xlsx,2026-07-29
09980.HK,EASTROC,HKEX,待分类,09980.HK,,上市,,https://www.hkex.com.hk/eng/services/trading/securities/securitieslists/ListOfSecurities.xlsx,2026-07-29
09981.HK,WOER,HKEX,待分类,09981.HK,,上市,,https://www.hkex.com.hk/eng/services/trading/securities/securitieslists/ListOfSecurities.xlsx,2026-07-29
09982.HK,CENTRALCHINA MT,HKEX,待分类,09982.HK,,上市,,https://www.hkex.com.hk/eng/services/trading/securities/securitieslists/ListOfSecurities.xlsx,2026-07-29
09983.HK,CC NEW LIFE,HKEX,待分类,09983.HK,,上市,,https://www.hkex.com.hk/eng/services/trading/securities/securitieslists/ListOfSecurities.xlsx,2026-07-29
09985.HK,WL DELICIOUS,HKEX,待分类,09985.HK,,上市,,https://www.hkex.com.hk/eng/services/trading/securities/securitieslists/ListOfSecurities.xlsx,2026-07-29
09986.HK,DASHAN EDU,HKEX,待分类,09986.HK,,上市,,https://www.hkex.com.hk/eng/services/trading/securities/securitieslists/ListOfSecurities.xlsx,2026-07-29
09987.HK,YUM CHINA,HKEX,待分类,09987.HK,,上市,,https://www.hkex.com.hk/eng/services/trading/securities/securitieslists/ListOfSecurities.xlsx,2026-07-29
09988.HK,BABA-W,HKEX,待分类,09988.HK,,上市,,https://www.hkex.com.hk/eng/services/trading/securities/securitieslists/ListOfSecurities.xlsx,2026-07-29
09989.HK,HEPALINK,HKEX,待分类,09989.HK,,上市,,https://www.hkex.com.hk/eng/services/trading/securities/securitieslists/ListOfSecurities.xlsx,2026-07-29
09990.HK,ARCHOSAUR GAMES,HKEX,待分类,09990.HK,,上市,,https://www.hkex.com.hk/eng/services/trading/securities/securitieslists/ListOfSecurities.xlsx,2026-07-29
09991.HK,BAOZUN-W,HKEX,待分类,09991.HK,,上市,,https://www.hkex.com.hk/eng/services/trading/securities/securitieslists/ListOfSecurities.xlsx,2026-07-29
09992.HK,POP MART,HKEX,待分类,09992.HK,,上市,,https://www.hkex.com.hk/eng/services/trading/securities/securitieslists/ListOfSecurities.xlsx,2026-07-29
09993.HK,RADIANCE HLDGS,HKEX,待分类,09993.HK,,上市,,https://www.hkex.com.hk/eng/services/trading/securities/securitieslists/ListOfSecurities.xlsx,2026-07-29
09995.HK,REMEGEN,HKEX,待分类,09995.HK,,上市,,https://www.hkex.com.hk/eng/services/trading/securities/securitieslists/ListOfSecurities.xlsx,2026-07-29
09996.HK,PEIJIA-B,HKEX,待分类,09996.HK,,上市,,https://www.hkex.com.hk/eng/services/trading/securities/securitieslists/ListOfSecurities.xlsx,2026-07-29
09998.HK,KWAN YONG,HKEX,待分类,09998.HK,,上市,,https://www.hkex.com.hk/eng/services/trading/securities/securitieslists/ListOfSecurities.xlsx,2026-07-29
09999.HK,NTES,HKEX,待分类,09999.HK,,上市,,https://www.hkex.com.hk/eng/services/trading/securities/securitieslists/ListOfSecurities.xlsx,2026-07-29
80016.HK,SHK PPT-R,HKEX,待分类,80016.HK,,上市,,https://www.hkex.com.hk/eng/services/trading/securities/securitieslists/ListOfSecurities.xlsx,2026-07-29
80020.HK,SENSETIME-WR,HKEX,待分类,80020.HK,,上市,,https://www.hkex.com.hk/eng/services/trading/securities/securitieslists/ListOfSecurities.xlsx,2026-07-29
80175.HK,GEELY AUTO-R,HKEX,待分类,80175.HK,,上市,,https://www.hkex.com.hk/eng/services/trading/securities/securitieslists/ListOfSecurities.xlsx,2026-07-29
80291.HK,CHINARES BEER-R,HKEX,待分类,80291.HK,,上市,,https://www.hkex.com.hk/eng/services/trading/securities/securitieslists/ListOfSecurities.xlsx,2026-07-29
80388.HK,HKEX-R,HKEX,待分类,80388.HK,,上市,,https://www.hkex.com.hk/eng/services/trading/securities/securitieslists/ListOfSecurities.xlsx,2026-07-29
80700.HK,TENCENT-R,HKEX,待分类,80700.HK,,上市,,https://www.hkex.com.hk/eng/services/trading/securities/securitieslists/ListOfSecurities.xlsx,2026-07-29
80737.HK,BAY AREA DEV-R,HKEX,待分类,80737.HK,,上市,,https://www.hkex.com.hk/eng/services/trading/securities/securitieslists/ListOfSecurities.xlsx,2026-07-29
80883.HK,CNOOC-R,HKEX,待分类,80883.HK,,上市,,https://www.hkex.com.hk/eng/services/trading/securities/securitieslists/ListOfSecurities.xlsx,2026-07-29
80941.HK,CHINA MOBILE-R,HKEX,待分类,80941.HK,,上市,,https://www.hkex.com.hk/eng/services/trading/securities/securitieslists/ListOfSecurities.xlsx,2026-07-29
80992.HK,LENOVO GROUP-R,HKEX,待分类,80992.HK,,上市,,https://www.hkex.com.hk/eng/services/trading/securities/securitieslists/ListOfSecurities.xlsx,2026-07-29
81024.HK,KUAISHOU-WR,HKEX,待分类,81024.HK,,上市,,https://www.hkex.com.hk/eng/services/trading/securities/securitieslists/ListOfSecurities.xlsx,2026-07-29
81211.HK,BYD COMPANY-R,HKEX,待分类,81211.HK,,上市,,https://www.hkex.com.hk/eng/services/trading/securities/securitieslists/ListOfSecurities.xlsx,2026-07-29
81299.HK,AIA-R,HKEX,待分类,81299.HK,,上市,,https://www.hkex.com.hk/eng/services/trading/securities/securitieslists/ListOfSecurities.xlsx,2026-07-29
81810.HK,XIAOMI-WR,HKEX,待分类,81810.HK,,上市,,https://www.hkex.com.hk/eng/services/trading/securities/securitieslists/ListOfSecurities.xlsx,2026-07-29
82020.HK,ANTA SPORTS-R,HKEX,待分类,82020.HK,,上市,,https://www.hkex.com.hk/eng/services/trading/securities/securitieslists/ListOfSecurities.xlsx,2026-07-29
82318.HK,PING AN-R,HKEX,待分类,82318.HK,,上市,,https://www.hkex.com.hk/eng/services/trading/securities/securitieslists/ListOfSecurities.xlsx,2026-07-29
82331.HK,LI NING-R,HKEX,待分类,82331.HK,,上市,,https://www.hkex.com.hk/eng/services/trading/securities/securitieslists/ListOfSecurities.xlsx,2026-07-29
82333.HK,GWMOTOR-R,HKEX,待分类,82333.HK,,上市,,https://www.hkex.com.hk/eng/services/trading/securities/securitieslists/ListOfSecurities.xlsx,2026-07-29
82388.HK,BOC HONG KONG-R,HKEX,待分类,82388.HK,,上市,,https://www.hkex.com.hk/eng/services/trading/securities/securitieslists/ListOfSecurities.xlsx,2026-07-29
83690.HK,MEITUAN-WR,HKEX,待分类,83690.HK,,上市,,https://www.hkex.com.hk/eng/services/trading/securities/securitieslists/ListOfSecurities.xlsx,2026-07-29
86618.HK,JD HEALTH-R,HKEX,待分类,86618.HK,,上市,,https://www.hkex.com.hk/eng/services/trading/securities/securitieslists/ListOfSecurities.xlsx,2026-07-29
89618.HK,JD-SWR,HKEX,待分类,89618.HK,,上市,,https://www.hkex.com.hk/eng/services/trading/securities/securitieslists/ListOfSecurities.xlsx,2026-07-29
89888.HK,BIDU-SWR,HKEX,待分类,89888.HK,,上市,,https://www.hkex.com.hk/eng/services/trading/securities/securitieslists/ListOfSecurities.xlsx,2026-07-29
89988.HK,BABA-WR,HKEX,待分类,89988.HK,,上市,,https://www.hkex.com.hk/eng/services/trading/securities/securitieslists/ListOfSecurities.xlsx,2026-07-29
