stock_code,company_name,exchange,industry,entity_id,st_status,listing_status,energy_eligible,source_url,as_of_date
600000.SH,浦发银行,SSE,金融业,600000.SH,,上市,,https://www.sse.com.cn/assortment/stock/home/,2026-07-28
600004.SH,白云机场,SSE,交通运输、仓储和邮政业,600004.SH,,上市,,https://www.sse.com.cn/assortment/stock/home/,2026-07-28
600006.SH,东风股份,SSE,制造业,600006.SH,,上市,,https://www.sse.com.cn/assortment/stock/home/,2026-07-28
600007.SH,中国国贸,SSE,房地产业,600007.SH,,上市,,https://www.sse.com.cn/assortment/stock/home/,2026-07-28
600008.SH,首创环保,SSE,电力、热力、燃气及水生产和供应业,600008.SH,,上市,,https://www.sse.com.cn/assortment/stock/home/,2026-07-28
600009.SH,上海机场,SSE,交通运输、仓储和邮政业,600009.SH,,上市,,https://www.sse.com.cn/assortment/stock/home/,2026-07-28
600010.SH,包钢股份,SSE,制造业,600010.SH,,上市,,https://www.sse.com.cn/assortment/stock/home/,2026-07-28
600011.SH,华能国际,SSE,电力、热力、燃气及水生产和供应业,600011.SH,,上市,,https://www.sse.com.cn/assortment/stock/home/,2026-07-28
600012.SH,皖通高速,SSE,交通运输、仓储和邮政业,600012.SH,,上市,,https://www.sse.com.cn/assortment/stock/home/,2026-07-28
600015.SH,华夏银行,SSE,金融业,600015.SH,,上市,,https://www.sse.com.cn/assortment/stock/home/,2026-07-28
600016.SH,民生银行,SSE,金融业,600016.SH,,上市,,https://www.sse.com.cn/assortment/stock/home/,2026-07-28
600017.SH,日照港,SSE,交通运输、仓储和邮政业,600017.SH,,上市,,https://www.sse.com.cn/assortment/stock/home/,2026-07-28
600018.SH,上港集团,SSE,交通运输、仓储和邮政业,600018.SH,,上市,,https://www.sse.com.cn/assortment/stock/home/,2026-07-28
600019.SH,宝钢股份,SSE,制造业,600019.SH,,上市,,https://www.sse.com.cn/assortment/stock/home/,2026-07-28
600020.SH,中原高速,SSE,交通运输、仓储和邮政业,600020.SH,,上市,,https://www.sse.com.cn/assortment/stock/home/,2026-07-28
600021.SH,上海电力,SSE,电力、热力、燃气及水生产和供应业,600021.SH,,上市,,https://www.sse.com.cn/assortment/stock/home/,2026-07-28
600022.SH,山东钢铁,SSE,制造业,600022.SH,,上市,,https://www.sse.com.cn/assortment/stock/home/,2026-07-28
600023.SH,浙能电力,SSE,电力、热力、燃气及水生产和供应业,600023.SH,,上市,,https://www.sse.com.cn/assortment/stock/home/,2026-07-28
600025.SH,华能水电,SSE,电力、热力、燃气及水生产和供应业,600025.SH,,上市,,https://www.sse.com.cn/assortment/stock/home/,2026-07-28
600026.SH,中远海能,SSE,交通运输、仓储和邮政业,600026.SH,,上市,,https://www.sse.com.cn/assortment/stock/home/,2026-07-28
600027.SH,华电国际,SSE,电力、热力、燃气及水生产和供应业,600027.SH,,上市,,https://www.sse.com.cn/assortment/stock/home/,2026-07-28
600028.SH,中国石化,SSE,采矿业,600028.SH,,上市,,https://www.sse.com.cn/assortment/stock/home/,2026-07-28
600029.SH,南方航空,SSE,交通运输、仓储和邮政业,600029.SH,,上市,,https://www.sse.com.cn/assortment/stock/home/,2026-07-28
600030.SH,中信证券,SSE,金融业,600030.SH,,上市,,https://www.sse.com.cn/assortment/stock/home/,2026-07-28
600031.SH,三一重工,SSE,制造业,600031.SH,,上市,,https://www.sse.com.cn/assortment/stock/home/,2026-07-28
600032.SH,浙江新能,SSE,电力、热力、燃气及水生产和供应业,600032.SH,,上市,,https://www.sse.com.cn/assortment/stock/home/,2026-07-28
600033.SH,福建高速,SSE,交通运输、仓储和邮政业,600033.SH,,上市,,https://www.sse.com.cn/assortment/stock/home/,2026-07-28
600035.SH,楚天高速,SSE,交通运输、仓储和邮政业,600035.SH,,上市,,https://www.sse.com.cn/assortment/stock/home/,2026-07-28
600036.SH,招商银行,SSE,金融业,600036.SH,,上市,,https://www.sse.com.cn/assortment/stock/home/,2026-07-28
600037.SH,歌华有线,SSE,信息传输、软件和信息技术服务业,600037.SH,,上市,,https://www.sse.com.cn/assortment/stock/home/,2026-07-28
600038.SH,中直股份,SSE,制造业,600038.SH,,上市,,https://www.sse.com.cn/assortment/stock/home/,2026-07-28
600039.SH,四川路桥,SSE,建筑业,600039.SH,,上市,,https://www.sse.com.cn/assortment/stock/home/,2026-07-28
600048.SH,保利发展,SSE,房地产业,600048.SH,,上市,,https://www.sse.com.cn/assortment/stock/home/,2026-07-28
600050.SH,中国联通,SSE,信息传输、软件和信息技术服务业,600050.SH,,上市,,https://www.sse.com.cn/assortment/stock/home/,2026-07-28
600051.SH,宁波联合,SSE,批发和零售业,600051.SH,,上市,,https://www.sse.com.cn/assortment/stock/home/,2026-07-28
600052.SH,东望时代,SSE,租赁和商务服务业,600052.SH,,上市,,https://www.sse.com.cn/assortment/stock/home/,2026-07-28
600053.SH,*ST九鼎,SSE,金融业,600053.SH,,上市,,https://www.sse.com.cn/assortment/stock/home/,2026-07-28
600054.SH,黄山旅游,SSE,水利、环境和公共设施管理业,600054.SH,,上市,,https://www.sse.com.cn/assortment/stock/home/,2026-07-28
600055.SH,万东医疗,SSE,制造业,600055.SH,,上市,,https://www.sse.com.cn/assortment/stock/home/,2026-07-28
600056.SH,中国医药,SSE,批发和零售业,600056.SH,,上市,,https://www.sse.com.cn/assortment/stock/home/,2026-07-28
600057.SH,厦门象屿,SSE,租赁和商务服务业,600057.SH,,上市,,https://www.sse.com.cn/assortment/stock/home/,2026-07-28
600058.SH,五矿发展,SSE,批发和零售业,600058.SH,,上市,,https://www.sse.com.cn/assortment/stock/home/,2026-07-28
600059.SH,古越龙山,SSE,制造业,600059.SH,,上市,,https://www.sse.com.cn/assortment/stock/home/,2026-07-28
600060.SH,海信视像,SSE,制造业,600060.SH,,上市,,https://www.sse.com.cn/assortment/stock/home/,2026-07-28
600061.SH,国投资本,SSE,金融业,600061.SH,,上市,,https://www.sse.com.cn/assortment/stock/home/,2026-07-28
600062.SH,华润双鹤,SSE,制造业,600062.SH,,上市,,https://www.sse.com.cn/assortment/stock/home/,2026-07-28
600063.SH,皖维高新,SSE,制造业,600063.SH,,上市,,https://www.sse.com.cn/assortment/stock/home/,2026-07-28
600064.SH,南京高科,SSE,房地产业,600064.SH,,上市,,https://www.sse.com.cn/assortment/stock/home/,2026-07-28
600066.SH,宇通客车,SSE,制造业,600066.SH,,上市,,https://www.sse.com.cn/assortment/stock/home/,2026-07-28
600067.SH,冠城新材,SSE,制造业,600067.SH,,上市,,https://www.sse.com.cn/assortment/stock/home/,2026-07-28
600071.SH,凤凰光学,SSE,制造业,600071.SH,,上市,,https://www.sse.com.cn/assortment/stock/home/,2026-07-28
600072.SH,中船科技,SSE,建筑业,600072.SH,,上市,,https://www.sse.com.cn/assortment/stock/home/,2026-07-28
600073.SH,光明肉业,SSE,制造业,600073.SH,,上市,,https://www.sse.com.cn/assortment/stock/home/,2026-07-28
600075.SH,新疆天业,SSE,制造业,600075.SH,,上市,,https://www.sse.com.cn/assortment/stock/home/,2026-07-28
600076.SH,康欣新材,SSE,制造业,600076.SH,,上市,,https://www.sse.com.cn/assortment/stock/home/,2026-07-28
600078.SH,澄星股份,SSE,制造业,600078.SH,,上市,,https://www.sse.com.cn/assortment/stock/home/,2026-07-28
600079.SH,ST人福,SSE,制造业,600079.SH,,上市,,https://www.sse.com.cn/assortment/stock/home/,2026-07-28
600080.SH,ST金花,SSE,制造业,600080.SH,,上市,,https://www.sse.com.cn/assortment/stock/home/,2026-07-28
600081.SH,东风科技,SSE,制造业,600081.SH,,上市,,https://www.sse.com.cn/assortment/stock/home/,2026-07-28
600082.SH,ST海泰,SSE,批发和零售业,600082.SH,,上市,,https://www.sse.com.cn/assortment/stock/home/,2026-07-28
600084.SH,*ST尼雅,SSE,制造业,600084.SH,,上市,,https://www.sse.com.cn/assortment/stock/home/,2026-07-28
600085.SH,同仁堂,SSE,制造业,600085.SH,,上市,,https://www.sse.com.cn/assortment/stock/home/,2026-07-28
600088.SH,中视传媒,SSE,文化、体育和娱乐业,600088.SH,,上市,,https://www.sse.com.cn/assortment/stock/home/,2026-07-28
600089.SH,特变电工,SSE,制造业,600089.SH,,上市,,https://www.sse.com.cn/assortment/stock/home/,2026-07-28
600094.SH,大名城,SSE,房地产业,600094.SH,,上市,,https://www.sse.com.cn/assortment/stock/home/,2026-07-28
600095.SH,湘财股份,SSE,金融业,600095.SH,,上市,,https://www.sse.com.cn/assortment/stock/home/,2026-07-28
600096.SH,云天化,SSE,制造业,600096.SH,,上市,,https://www.sse.com.cn/assortment/stock/home/,2026-07-28
600097.SH,开创国际,SSE,农、林、牧、渔业,600097.SH,,上市,,https://www.sse.com.cn/assortment/stock/home/,2026-07-28
600098.SH,广州发展,SSE,电力、热力、燃气及水生产和供应业,600098.SH,,上市,,https://www.sse.com.cn/assortment/stock/home/,2026-07-28
600099.SH,林海股份,SSE,制造业,600099.SH,,上市,,https://www.sse.com.cn/assortment/stock/home/,2026-07-28
600100.SH,同方股份,SSE,制造业,600100.SH,,上市,,https://www.sse.com.cn/assortment/stock/home/,2026-07-28
600101.SH,明星电力,SSE,电力、热力、燃气及水生产和供应业,600101.SH,,上市,,https://www.sse.com.cn/assortment/stock/home/,2026-07-28
600103.SH,青山纸业,SSE,制造业,600103.SH,,上市,,https://www.sse.com.cn/assortment/stock/home/,2026-07-28
600104.SH,上汽集团,SSE,制造业,600104.SH,,上市,,https://www.sse.com.cn/assortment/stock/home/,2026-07-28
600105.SH,永鼎股份,SSE,制造业,600105.SH,,上市,,https://www.sse.com.cn/assortment/stock/home/,2026-07-28
600106.SH,重庆路桥,SSE,交通运输、仓储和邮政业,600106.SH,,上市,,https://www.sse.com.cn/assortment/stock/home/,2026-07-28
600107.SH,*ST尔雅,SSE,制造业,600107.SH,,上市,,https://www.sse.com.cn/assortment/stock/home/,2026-07-28
600108.SH,亚盛集团,SSE,农、林、牧、渔业,600108.SH,,上市,,https://www.sse.com.cn/assortment/stock/home/,2026-07-28
600109.SH,国金证券,SSE,金融业,600109.SH,,上市,,https://www.sse.com.cn/assortment/stock/home/,2026-07-28
600110.SH,诺德股份,SSE,制造业,600110.SH,,上市,,https://www.sse.com.cn/assortment/stock/home/,2026-07-28
600111.SH,北方稀土,SSE,制造业,600111.SH,,上市,,https://www.sse.com.cn/assortment/stock/home/,2026-07-28
600113.SH,浙江东日,SSE,租赁和商务服务业,600113.SH,,上市,,https://www.sse.com.cn/assortment/stock/home/,2026-07-28
600114.SH,东睦股份,SSE,制造业,600114.SH,,上市,,https://www.sse.com.cn/assortment/stock/home/,2026-07-28
600115.SH,中国东航,SSE,交通运输、仓储和邮政业,600115.SH,,上市,,https://www.sse.com.cn/assortment/stock/home/,2026-07-28
600116.SH,三峡水利,SSE,电力、热力、燃气及水生产和供应业,600116.SH,,上市,,https://www.sse.com.cn/assortment/stock/home/,2026-07-28
600117.SH,西宁特钢,SSE,制造业,600117.SH,,上市,,https://www.sse.com.cn/assortment/stock/home/,2026-07-28
600118.SH,中国卫星,SSE,制造业,600118.SH,,上市,,https://www.sse.com.cn/assortment/stock/home/,2026-07-28
600119.SH,*ST长投,SSE,交通运输、仓储和邮政业,600119.SH,,上市,,https://www.sse.com.cn/assortment/stock/home/,2026-07-28
600120.SH,浙江东方,SSE,金融业,600120.SH,,上市,,https://www.sse.com.cn/assortment/stock/home/,2026-07-28
600121.SH,郑州煤电,SSE,采矿业,600121.SH,,上市,,https://www.sse.com.cn/assortment/stock/home/,2026-07-28
600123.SH,兰花科创,SSE,采矿业,600123.SH,,上市,,https://www.sse.com.cn/assortment/stock/home/,2026-07-28
600125.SH,铁龙物流,SSE,交通运输、仓储和邮政业,600125.SH,,上市,,https://www.sse.com.cn/assortment/stock/home/,2026-07-28
600126.SH,杭钢股份,SSE,制造业,600126.SH,,上市,,https://www.sse.com.cn/assortment/stock/home/,2026-07-28
600127.SH,金健米业,SSE,制造业,600127.SH,,上市,,https://www.sse.com.cn/assortment/stock/home/,2026-07-28
600128.SH,苏豪弘业,SSE,批发和零售业,600128.SH,,上市,,https://www.sse.com.cn/assortment/stock/home/,2026-07-28
600129.SH,太极集团,SSE,制造业,600129.SH,,上市,,https://www.sse.com.cn/assortment/stock/home/,2026-07-28
600130.SH,波导股份,SSE,制造业,600130.SH,,上市,,https://www.sse.com.cn/assortment/stock/home/,2026-07-28
600131.SH,国网信通,SSE,信息传输、软件和信息技术服务业,600131.SH,,上市,,https://www.sse.com.cn/assortment/stock/home/,2026-07-28
600132.SH,重庆啤酒,SSE,制造业,600132.SH,,上市,,https://www.sse.com.cn/assortment/stock/home/,2026-07-28
600133.SH,东湖高新,SSE,水利、环境和公共设施管理业,600133.SH,,上市,,https://www.sse.com.cn/assortment/stock/home/,2026-07-28
600135.SH,乐凯胶片,SSE,制造业,600135.SH,,上市,,https://www.sse.com.cn/assortment/stock/home/,2026-07-28
600136.SH,ST明诚,SSE,文化、体育和娱乐业,600136.SH,,上市,,https://www.sse.com.cn/assortment/stock/home/,2026-07-28
600137.SH,浪莎股份,SSE,制造业,600137.SH,,上市,,https://www.sse.com.cn/assortment/stock/home/,2026-07-28
600138.SH,中青旅,SSE,租赁和商务服务业,600138.SH,,上市,,https://www.sse.com.cn/assortment/stock/home/,2026-07-28
600141.SH,兴发集团,SSE,制造业,600141.SH,,上市,,https://www.sse.com.cn/assortment/stock/home/,2026-07-28
600143.SH,金发科技,SSE,制造业,600143.SH,,上市,,https://www.sse.com.cn/assortment/stock/home/,2026-07-28
600148.SH,长春一东,SSE,制造业,600148.SH,,上市,,https://www.sse.com.cn/assortment/stock/home/,2026-07-28
600149.SH,廊坊发展,SSE,电力、热力、燃气及水生产和供应业,600149.SH,,上市,,https://www.sse.com.cn/assortment/stock/home/,2026-07-28
600150.SH,中国船舶,SSE,制造业,600150.SH,,上市,,https://www.sse.com.cn/assortment/stock/home/,2026-07-28
600151.SH,航天机电,SSE,制造业,600151.SH,,上市,,https://www.sse.com.cn/assortment/stock/home/,2026-07-28
600152.SH,维科技术,SSE,制造业,600152.SH,,上市,,https://www.sse.com.cn/assortment/stock/home/,2026-07-28
600153.SH,建发股份,SSE,租赁和商务服务业,600153.SH,,上市,,https://www.sse.com.cn/assortment/stock/home/,2026-07-28
600155.SH,华创云信,SSE,金融业,600155.SH,,上市,,https://www.sse.com.cn/assortment/stock/home/,2026-07-28
600156.SH,华升股份,SSE,制造业,600156.SH,,上市,,https://www.sse.com.cn/assortment/stock/home/,2026-07-28
600157.SH,永泰能源,SSE,电力、热力、燃气及水生产和供应业,600157.SH,,上市,,https://www.sse.com.cn/assortment/stock/home/,2026-07-28
600158.SH,中体产业,SSE,文化、体育和娱乐业,600158.SH,,上市,,https://www.sse.com.cn/assortment/stock/home/,2026-07-28
600159.SH,大龙地产,SSE,建筑业,600159.SH,,上市,,https://www.sse.com.cn/assortment/stock/home/,2026-07-28
600160.SH,巨化股份,SSE,制造业,600160.SH,,上市,,https://www.sse.com.cn/assortment/stock/home/,2026-07-28
600161.SH,天坛生物,SSE,制造业,600161.SH,,上市,,https://www.sse.com.cn/assortment/stock/home/,2026-07-28
600162.SH,香江控股,SSE,房地产业,600162.SH,,上市,,https://www.sse.com.cn/assortment/stock/home/,2026-07-28
600163.SH,中闽能源,SSE,电力、热力、燃气及水生产和供应业,600163.SH,,上市,,https://www.sse.com.cn/assortment/stock/home/,2026-07-28
600165.SH,ST宁科,SSE,制造业,600165.SH,,上市,,https://www.sse.com.cn/assortment/stock/home/,2026-07-28
600166.SH,福田汽车,SSE,制造业,600166.SH,,上市,,https://www.sse.com.cn/assortment/stock/home/,2026-07-28
600167.SH,联美控股,SSE,电力、热力、燃气及水生产和供应业,600167.SH,,上市,,https://www.sse.com.cn/assortment/stock/home/,2026-07-28
600168.SH,武汉控股,SSE,电力、热力、燃气及水生产和供应业,600168.SH,,上市,,https://www.sse.com.cn/assortment/stock/home/,2026-07-28
600169.SH,ST太重,SSE,制造业,600169.SH,,上市,,https://www.sse.com.cn/assortment/stock/home/,2026-07-28
600170.SH,上海建工,SSE,建筑业,600170.SH,,上市,,https://www.sse.com.cn/assortment/stock/home/,2026-07-28
600171.SH,上海贝岭,SSE,制造业,600171.SH,,上市,,https://www.sse.com.cn/assortment/stock/home/,2026-07-28
600172.SH,黄河旋风,SSE,制造业,600172.SH,,上市,,https://www.sse.com.cn/assortment/stock/home/,2026-07-28
600173.SH,卧龙新能,SSE,房地产业,600173.SH,,上市,,https://www.sse.com.cn/assortment/stock/home/,2026-07-28
600176.SH,中国巨石,SSE,制造业,600176.SH,,上市,,https://www.sse.com.cn/assortment/stock/home/,2026-07-28
600177.SH,雅戈尔,SSE,制造业,600177.SH,,上市,,https://www.sse.com.cn/assortment/stock/home/,2026-07-28
600178.SH,东安动力,SSE,制造业,600178.SH,,上市,,https://www.sse.com.cn/assortment/stock/home/,2026-07-28
600179.SH,安通控股,SSE,交通运输、仓储和邮政业,600179.SH,,上市,,https://www.sse.com.cn/assortment/stock/home/,2026-07-28
600180.SH,*ST瑞茂,SSE,批发和零售业,600180.SH,,上市,,https://www.sse.com.cn/assortment/stock/home/,2026-07-28
600182.SH,S佳通,SSE,制造业,600182.SH,,上市,,https://www.sse.com.cn/assortment/stock/home/,2026-07-28
600183.SH,生益科技,SSE,制造业,600183.SH,,上市,,https://www.sse.com.cn/assortment/stock/home/,2026-07-28
600184.SH,光电股份,SSE,制造业,600184.SH,,上市,,https://www.sse.com.cn/assortment/stock/home/,2026-07-28
600185.SH,珠免集团,SSE,租赁和商务服务业,600185.SH,,上市,,https://www.sse.com.cn/assortment/stock/home/,2026-07-28
600186.SH,莲花控股,SSE,制造业,600186.SH,,上市,,https://www.sse.com.cn/assortment/stock/home/,2026-07-28
600187.SH,*ST国中,SSE,电力、热力、燃气及水生产和供应业,600187.SH,,上市,,https://www.sse.com.cn/assortment/stock/home/,2026-07-28
600188.SH,兖矿能源,SSE,采矿业,600188.SH,,上市,,https://www.sse.com.cn/assortment/stock/home/,2026-07-28
600189.SH,泉阳泉,SSE,制造业,600189.SH,,上市,,https://www.sse.com.cn/assortment/stock/home/,2026-07-28
600191.SH,华资实业,SSE,制造业,600191.SH,,上市,,https://www.sse.com.cn/assortment/stock/home/,2026-07-28
600192.SH,长城电工,SSE,制造业,600192.SH,,上市,,https://www.sse.com.cn/assortment/stock/home/,2026-07-28
600195.SH,中牧股份,SSE,制造业,600195.SH,,上市,,https://www.sse.com.cn/assortment/stock/home/,2026-07-28
600196.SH,XD复星医,SSE,制造业,600196.SH,,上市,,https://www.sse.com.cn/assortment/stock/home/,2026-07-28
600197.SH,伊力特,SSE,制造业,600197.SH,,上市,,https://www.sse.com.cn/assortment/stock/home/,2026-07-28
600198.SH,大唐电信,SSE,制造业,600198.SH,,上市,,https://www.sse.com.cn/assortment/stock/home/,2026-07-28
600199.SH,金种子酒,SSE,制造业,600199.SH,,上市,,https://www.sse.com.cn/assortment/stock/home/,2026-07-28
600201.SH,生物股份,SSE,制造业,600201.SH,,上市,,https://www.sse.com.cn/assortment/stock/home/,2026-07-28
600202.SH,哈空调,SSE,制造业,600202.SH,,上市,,https://www.sse.com.cn/assortment/stock/home/,2026-07-28
600203.SH,福日电子,SSE,制造业,600203.SH,,上市,,https://www.sse.com.cn/assortment/stock/home/,2026-07-28
600206.SH,有研新材,SSE,制造业,600206.SH,,上市,,https://www.sse.com.cn/assortment/stock/home/,2026-07-28
600207.SH,安彩高科,SSE,制造业,600207.SH,,上市,,https://www.sse.com.cn/assortment/stock/home/,2026-07-28
600208.SH,衢州发展,SSE,房地产业,600208.SH,,上市,,https://www.sse.com.cn/assortment/stock/home/,2026-07-28
600210.SH,紫江企业,SSE,制造业,600210.SH,,上市,,https://www.sse.com.cn/assortment/stock/home/,2026-07-28
600211.SH,西藏药业,SSE,制造业,600211.SH,,上市,,https://www.sse.com.cn/assortment/stock/home/,2026-07-28
600212.SH,绿能慧充,SSE,制造业,600212.SH,,上市,,https://www.sse.com.cn/assortment/stock/home/,2026-07-28
600215.SH,派斯林,SSE,制造业,600215.SH,,上市,,https://www.sse.com.cn/assortment/stock/home/,2026-07-28
600216.SH,浙江医药,SSE,制造业,600216.SH,,上市,,https://www.sse.com.cn/assortment/stock/home/,2026-07-28
600217.SH,中再资环,SSE,制造业,600217.SH,,上市,,https://www.sse.com.cn/assortment/stock/home/,2026-07-28
600218.SH,全柴动力,SSE,制造业,600218.SH,,上市,,https://www.sse.com.cn/assortment/stock/home/,2026-07-28
600219.SH,南山铝业,SSE,制造业,600219.SH,,上市,,https://www.sse.com.cn/assortment/stock/home/,2026-07-28
600221.SH,海航控股,SSE,交通运输、仓储和邮政业,600221.SH,,上市,,https://www.sse.com.cn/assortment/stock/home/,2026-07-28
600222.SH,太龙药业,SSE,制造业,600222.SH,,上市,,https://www.sse.com.cn/assortment/stock/home/,2026-07-28
600223.SH,福瑞达,SSE,制造业,600223.SH,,上市,,https://www.sse.com.cn/assortment/stock/home/,2026-07-28
600226.SH,亨通股份,SSE,电力、热力、燃气及水生产和供应业,600226.SH,,上市,,https://www.sse.com.cn/assortment/stock/home/,2026-07-28
600227.SH,赤天化,SSE,制造业,600227.SH,,上市,,https://www.sse.com.cn/assortment/stock/home/,2026-07-28
600228.SH,返利科技,SSE,信息传输、软件和信息技术服务业,600228.SH,,上市,,https://www.sse.com.cn/assortment/stock/home/,2026-07-28
600229.SH,城市传媒,SSE,文化、体育和娱乐业,600229.SH,,上市,,https://www.sse.com.cn/assortment/stock/home/,2026-07-28
600230.SH,沧州大化,SSE,制造业,600230.SH,,上市,,https://www.sse.com.cn/assortment/stock/home/,2026-07-28
600231.SH,凌钢股份,SSE,制造业,600231.SH,,上市,,https://www.sse.com.cn/assortment/stock/home/,2026-07-28
600232.SH,金鹰股份,SSE,制造业,600232.SH,,上市,,https://www.sse.com.cn/assortment/stock/home/,2026-07-28
600233.SH,圆通速递,SSE,交通运输、仓储和邮政业,600233.SH,,上市,,https://www.sse.com.cn/assortment/stock/home/,2026-07-28
600234.SH,科新发展,SSE,建筑业,600234.SH,,上市,,https://www.sse.com.cn/assortment/stock/home/,2026-07-28
600235.SH,民丰特纸,SSE,制造业,600235.SH,,上市,,https://www.sse.com.cn/assortment/stock/home/,2026-07-28
600236.SH,桂冠电力,SSE,电力、热力、燃气及水生产和供应业,600236.SH,,上市,,https://www.sse.com.cn/assortment/stock/home/,2026-07-28
600237.SH,铜峰电子,SSE,制造业,600237.SH,,上市,,https://www.sse.com.cn/assortment/stock/home/,2026-07-28
600238.SH,*ST椰岛,SSE,制造业,600238.SH,,上市,,https://www.sse.com.cn/assortment/stock/home/,2026-07-28
600239.SH,ST云城,SSE,房地产业,600239.SH,,上市,,https://www.sse.com.cn/assortment/stock/home/,2026-07-28
600241.SH,时代万恒,SSE,制造业,600241.SH,,上市,,https://www.sse.com.cn/assortment/stock/home/,2026-07-28
600243.SH,*ST海华,SSE,制造业,600243.SH,,上市,,https://www.sse.com.cn/assortment/stock/home/,2026-07-28
600246.SH,万通发展,SSE,房地产业,600246.SH,,上市,,https://www.sse.com.cn/assortment/stock/home/,2026-07-28
600248.SH,陕建股份,SSE,建筑业,600248.SH,,上市,,https://www.sse.com.cn/assortment/stock/home/,2026-07-28
600249.SH,两面针,SSE,制造业,600249.SH,,上市,,https://www.sse.com.cn/assortment/stock/home/,2026-07-28
600250.SH,南京商旅,SSE,水利、环境和公共设施管理业,600250.SH,,上市,,https://www.sse.com.cn/assortment/stock/home/,2026-07-28
600251.SH,冠农股份,SSE,制造业,600251.SH,,上市,,https://www.sse.com.cn/assortment/stock/home/,2026-07-28
600252.SH,中恒集团,SSE,制造业,600252.SH,,上市,,https://www.sse.com.cn/assortment/stock/home/,2026-07-28
600255.SH,鑫科材料,SSE,制造业,600255.SH,,上市,,https://www.sse.com.cn/assortment/stock/home/,2026-07-28
600256.SH,广汇能源,SSE,采矿业,600256.SH,,上市,,https://www.sse.com.cn/assortment/stock/home/,2026-07-28
600257.SH,大湖股份,SSE,农、林、牧、渔业,600257.SH,,上市,,https://www.sse.com.cn/assortment/stock/home/,2026-07-28
600258.SH,首旅酒店,SSE,住宿和餐饮业,600258.SH,,上市,,https://www.sse.com.cn/assortment/stock/home/,2026-07-28
600259.SH,中稀有色,SSE,采矿业,600259.SH,,上市,,https://www.sse.com.cn/assortment/stock/home/,2026-07-28
600261.SH,阳光照明,SSE,制造业,600261.SH,,上市,,https://www.sse.com.cn/assortment/stock/home/,2026-07-28
600262.SH,北方股份,SSE,制造业,600262.SH,,上市,,https://www.sse.com.cn/assortment/stock/home/,2026-07-28
600265.SH,*ST景谷,SSE,制造业,600265.SH,,上市,,https://www.sse.com.cn/assortment/stock/home/,2026-07-28
600266.SH,城建发展,SSE,房地产业,600266.SH,,上市,,https://www.sse.com.cn/assortment/stock/home/,2026-07-28
600267.SH,海正药业,SSE,制造业,600267.SH,,上市,,https://www.sse.com.cn/assortment/stock/home/,2026-07-28
600268.SH,国电南自,SSE,制造业,600268.SH,,上市,,https://www.sse.com.cn/assortment/stock/home/,2026-07-28
600269.SH,赣粤高速,SSE,交通运输、仓储和邮政业,600269.SH,,上市,,https://www.sse.com.cn/assortment/stock/home/,2026-07-28
600271.SH,航天信息,SSE,信息传输、软件和信息技术服务业,600271.SH,,上市,,https://www.sse.com.cn/assortment/stock/home/,2026-07-28
600272.SH,开开实业,SSE,批发和零售业,600272.SH,,上市,,https://www.sse.com.cn/assortment/stock/home/,2026-07-28
600273.SH,嘉化能源,SSE,制造业,600273.SH,,上市,,https://www.sse.com.cn/assortment/stock/home/,2026-07-28
600276.SH,恒瑞医药,SSE,制造业,600276.SH,,上市,,https://www.sse.com.cn/assortment/stock/home/,2026-07-28
600278.SH,东方创业,SSE,批发和零售业,600278.SH,,上市,,https://www.sse.com.cn/assortment/stock/home/,2026-07-28
600279.SH,重庆港,SSE,交通运输、仓储和邮政业,600279.SH,,上市,,https://www.sse.com.cn/assortment/stock/home/,2026-07-28
600280.SH,中央商场,SSE,批发和零售业,600280.SH,,上市,,https://www.sse.com.cn/assortment/stock/home/,2026-07-28
600281.SH,华阳新材,SSE,制造业,600281.SH,,上市,,https://www.sse.com.cn/assortment/stock/home/,2026-07-28
600282.SH,南钢股份,SSE,制造业,600282.SH,,上市,,https://www.sse.com.cn/assortment/stock/home/,2026-07-28
600283.SH,钱江水利,SSE,电力、热力、燃气及水生产和供应业,600283.SH,,上市,,https://www.sse.com.cn/assortment/stock/home/,2026-07-28
600284.SH,浦东建设,SSE,建筑业,600284.SH,,上市,,https://www.sse.com.cn/assortment/stock/home/,2026-07-28
600285.SH,羚锐制药,SSE,制造业,600285.SH,,上市,,https://www.sse.com.cn/assortment/stock/home/,2026-07-28
600287.SH,苏豪时尚,SSE,批发和零售业,600287.SH,,上市,,https://www.sse.com.cn/assortment/stock/home/,2026-07-28
600288.SH,大恒科技,SSE,制造业,600288.SH,,上市,,https://www.sse.com.cn/assortment/stock/home/,2026-07-28
600289.SH,ST信通,SSE,信息传输、软件和信息技术服务业,600289.SH,,上市,,https://www.sse.com.cn/assortment/stock/home/,2026-07-28
600292.SH,电投水电,SSE,水利、环境和公共设施管理业,600292.SH,,上市,,https://www.sse.com.cn/assortment/stock/home/,2026-07-28
600293.SH,三峡新材,SSE,制造业,600293.SH,,上市,,https://www.sse.com.cn/assortment/stock/home/,2026-07-28
600295.SH,鄂尔多斯,SSE,制造业,600295.SH,,上市,,https://www.sse.com.cn/assortment/stock/home/,2026-07-28
600298.SH,安琪酵母,SSE,制造业,600298.SH,,上市,,https://www.sse.com.cn/assortment/stock/home/,2026-07-28
600299.SH,安迪苏,SSE,制造业,600299.SH,,上市,,https://www.sse.com.cn/assortment/stock/home/,2026-07-28
600300.SH,维维股份,SSE,制造业,600300.SH,,上市,,https://www.sse.com.cn/assortment/stock/home/,2026-07-28
600301.SH,华锡有色,SSE,采矿业,600301.SH,,上市,,https://www.sse.com.cn/assortment/stock/home/,2026-07-28
600302.SH,ST标准,SSE,制造业,600302.SH,,上市,,https://www.sse.com.cn/assortment/stock/home/,2026-07-28
600303.SH,曙光股份,SSE,制造业,600303.SH,,上市,,https://www.sse.com.cn/assortment/stock/home/,2026-07-28
600305.SH,恒顺醋业,SSE,制造业,600305.SH,,上市,,https://www.sse.com.cn/assortment/stock/home/,2026-07-28
600307.SH,酒钢宏兴,SSE,制造业,600307.SH,,上市,,https://www.sse.com.cn/assortment/stock/home/,2026-07-28
600308.SH,华泰股份,SSE,制造业,600308.SH,,上市,,https://www.sse.com.cn/assortment/stock/home/,2026-07-28
600309.SH,万华化学,SSE,制造业,600309.SH,,上市,,https://www.sse.com.cn/assortment/stock/home/,2026-07-28
600310.SH,广西能源,SSE,电力、热力、燃气及水生产和供应业,600310.SH,,上市,,https://www.sse.com.cn/assortment/stock/home/,2026-07-28
600312.SH,平高电气,SSE,制造业,600312.SH,,上市,,https://www.sse.com.cn/assortment/stock/home/,2026-07-28
600313.SH,农发种业,SSE,批发和零售业,600313.SH,,上市,,https://www.sse.com.cn/assortment/stock/home/,2026-07-28
600315.SH,上海家化,SSE,制造业,600315.SH,,上市,,https://www.sse.com.cn/assortment/stock/home/,2026-07-28
600316.SH,洪都航空,SSE,制造业,600316.SH,,上市,,https://www.sse.com.cn/assortment/stock/home/,2026-07-28
600318.SH,新力金融,SSE,金融业,600318.SH,,上市,,https://www.sse.com.cn/assortment/stock/home/,2026-07-28
600319.SH,亚星化学,SSE,制造业,600319.SH,,上市,,https://www.sse.com.cn/assortment/stock/home/,2026-07-28
600320.SH,振华重工,SSE,制造业,600320.SH,,上市,,https://www.sse.com.cn/assortment/stock/home/,2026-07-28
600322.SH,津投城开,SSE,房地产业,600322.SH,,上市,,https://www.sse.com.cn/assortment/stock/home/,2026-07-28
600323.SH,瀚蓝环境,SSE,水利、环境和公共设施管理业,600323.SH,,上市,,https://www.sse.com.cn/assortment/stock/home/,2026-07-28
600325.SH,华发股份,SSE,房地产业,600325.SH,,上市,,https://www.sse.com.cn/assortment/stock/home/,2026-07-28
600326.SH,西藏天路,SSE,制造业,600326.SH,,上市,,https://www.sse.com.cn/assortment/stock/home/,2026-07-28
600327.SH,大东方,SSE,卫生和社会工作,600327.SH,,上市,,https://www.sse.com.cn/assortment/stock/home/,2026-07-28
600328.SH,中盐化工,SSE,制造业,600328.SH,,上市,,https://www.sse.com.cn/assortment/stock/home/,2026-07-28
600329.SH,达仁堂,SSE,制造业,600329.SH,,上市,,https://www.sse.com.cn/assortment/stock/home/,2026-07-28
600330.SH,天通股份,SSE,制造业,600330.SH,,上市,,https://www.sse.com.cn/assortment/stock/home/,2026-07-28
600331.SH,宏达股份,SSE,制造业,600331.SH,,上市,,https://www.sse.com.cn/assortment/stock/home/,2026-07-28
600332.SH,白云山,SSE,制造业,600332.SH,,上市,,https://www.sse.com.cn/assortment/stock/home/,2026-07-28
600333.SH,长春燃气,SSE,电力、热力、燃气及水生产和供应业,600333.SH,,上市,,https://www.sse.com.cn/assortment/stock/home/,2026-07-28
600335.SH,国机汽车,SSE,批发和零售业,600335.SH,,上市,,https://www.sse.com.cn/assortment/stock/home/,2026-07-28
600336.SH,澳柯玛,SSE,制造业,600336.SH,,上市,,https://www.sse.com.cn/assortment/stock/home/,2026-07-28
600337.SH,ST美克,SSE,批发和零售业,600337.SH,,上市,,https://www.sse.com.cn/assortment/stock/home/,2026-07-28
600338.SH,西藏珠峰,SSE,采矿业,600338.SH,,上市,,https://www.sse.com.cn/assortment/stock/home/,2026-07-28
600339.SH,中油工程,SSE,采矿业,600339.SH,,上市,,https://www.sse.com.cn/assortment/stock/home/,2026-07-28
600340.SH,*ST华幸,SSE,房地产业,600340.SH,,上市,,https://www.sse.com.cn/assortment/stock/home/,2026-07-28
600343.SH,航天动力,SSE,制造业,600343.SH,,上市,,https://www.sse.com.cn/assortment/stock/home/,2026-07-28
600345.SH,长江通信,SSE,制造业,600345.SH,,上市,,https://www.sse.com.cn/assortment/stock/home/,2026-07-28
600346.SH,恒力石化,SSE,制造业,600346.SH,,上市,,https://www.sse.com.cn/assortment/stock/home/,2026-07-28
600348.SH,华阳股份,SSE,采矿业,600348.SH,,上市,,https://www.sse.com.cn/assortment/stock/home/,2026-07-28
600350.SH,山东高速,SSE,交通运输、仓储和邮政业,600350.SH,,上市,,https://www.sse.com.cn/assortment/stock/home/,2026-07-28
600351.SH,亚宝药业,SSE,制造业,600351.SH,,上市,,https://www.sse.com.cn/assortment/stock/home/,2026-07-28
600352.SH,浙江龙盛,SSE,制造业,600352.SH,,上市,,https://www.sse.com.cn/assortment/stock/home/,2026-07-28
600353.SH,旭光电子,SSE,制造业,600353.SH,,上市,,https://www.sse.com.cn/assortment/stock/home/,2026-07-28
600354.SH,敦煌种业,SSE,农、林、牧、渔业,600354.SH,,上市,,https://www.sse.com.cn/assortment/stock/home/,2026-07-28
600356.SH,恒丰纸业,SSE,制造业,600356.SH,,上市,,https://www.sse.com.cn/assortment/stock/home/,2026-07-28
600358.SH,国旅联合,SSE,租赁和商务服务业,600358.SH,,上市,,https://www.sse.com.cn/assortment/stock/home/,2026-07-28
600359.SH,新农开发,SSE,农、林、牧、渔业,600359.SH,,上市,,https://www.sse.com.cn/assortment/stock/home/,2026-07-28
600360.SH,华微电子,SSE,制造业,600360.SH,,上市,,https://www.sse.com.cn/assortment/stock/home/,2026-07-28
600361.SH,创新新材,SSE,制造业,600361.SH,,上市,,https://www.sse.com.cn/assortment/stock/home/,2026-07-28
600362.SH,江西铜业,SSE,制造业,600362.SH,,上市,,https://www.sse.com.cn/assortment/stock/home/,2026-07-28
600363.SH,联创光电,SSE,制造业,600363.SH,,上市,,https://www.sse.com.cn/assortment/stock/home/,2026-07-28
600365.SH,ST通葡,SSE,批发和零售业,600365.SH,,上市,,https://www.sse.com.cn/assortment/stock/home/,2026-07-28
600366.SH,宁波韵升,SSE,制造业,600366.SH,,上市,,https://www.sse.com.cn/assortment/stock/home/,2026-07-28
600367.SH,红星发展,SSE,制造业,600367.SH,,上市,,https://www.sse.com.cn/assortment/stock/home/,2026-07-28
600368.SH,五洲交通,SSE,交通运输、仓储和邮政业,600368.SH,,上市,,https://www.sse.com.cn/assortment/stock/home/,2026-07-28
600369.SH,西南证券,SSE,金融业,600369.SH,,上市,,https://www.sse.com.cn/assortment/stock/home/,2026-07-28
600370.SH,*ST三房,SSE,制造业,600370.SH,,上市,,https://www.sse.com.cn/assortment/stock/home/,2026-07-28
600371.SH,万向德农,SSE,农、林、牧、渔业,600371.SH,,上市,,https://www.sse.com.cn/assortment/stock/home/,2026-07-28
600372.SH,中航机载,SSE,制造业,600372.SH,,上市,,https://www.sse.com.cn/assortment/stock/home/,2026-07-28
600373.SH,中文传媒,SSE,文化、体育和娱乐业,600373.SH,,上市,,https://www.sse.com.cn/assortment/stock/home/,2026-07-28
600375.SH,汉马科技,SSE,制造业,600375.SH,,上市,,https://www.sse.com.cn/assortment/stock/home/,2026-07-28
600376.SH,首开股份,SSE,房地产业,600376.SH,,上市,,https://www.sse.com.cn/assortment/stock/home/,2026-07-28
600377.SH,宁沪高速,SSE,交通运输、仓储和邮政业,600377.SH,,上市,,https://www.sse.com.cn/assortment/stock/home/,2026-07-28
600378.SH,昊华科技,SSE,制造业,600378.SH,,上市,,https://www.sse.com.cn/assortment/stock/home/,2026-07-28
600379.SH,宝光股份,SSE,制造业,600379.SH,,上市,,https://www.sse.com.cn/assortment/stock/home/,2026-07-28
600380.SH,健康元,SSE,制造业,600380.SH,,上市,,https://www.sse.com.cn/assortment/stock/home/,2026-07-28
600381.SH,*ST春天,SSE,制造业,600381.SH,,上市,,https://www.sse.com.cn/assortment/stock/home/,2026-07-28
600382.SH,广东明珠,SSE,采矿业,600382.SH,,上市,,https://www.sse.com.cn/assortment/stock/home/,2026-07-28
600383.SH,金地集团,SSE,房地产业,600383.SH,,上市,,https://www.sse.com.cn/assortment/stock/home/,2026-07-28
600386.SH,北巴传媒,SSE,批发和零售业,600386.SH,,上市,,https://www.sse.com.cn/assortment/stock/home/,2026-07-28
600388.SH,龙净环保,SSE,制造业,600388.SH,,上市,,https://www.sse.com.cn/assortment/stock/home/,2026-07-28
600389.SH,江山股份,SSE,制造业,600389.SH,,上市,,https://www.sse.com.cn/assortment/stock/home/,2026-07-28
600390.SH,五矿资本,SSE,金融业,600390.SH,,上市,,https://www.sse.com.cn/assortment/stock/home/,2026-07-28
600391.SH,航发科技,SSE,制造业,600391.SH,,上市,,https://www.sse.com.cn/assortment/stock/home/,2026-07-28
600392.SH,盛和资源,SSE,制造业,600392.SH,,上市,,https://www.sse.com.cn/assortment/stock/home/,2026-07-28
600395.SH,盘江股份,SSE,采矿业,600395.SH,,上市,,https://www.sse.com.cn/assortment/stock/home/,2026-07-28
600396.SH,华电辽能,SSE,电力、热力、燃气及水生产和供应业,600396.SH,,上市,,https://www.sse.com.cn/assortment/stock/home/,2026-07-28
600397.SH,江钨装备,SSE,批发和零售业,600397.SH,,上市,,https://www.sse.com.cn/assortment/stock/home/,2026-07-28
600398.SH,海澜之家,SSE,制造业,600398.SH,,上市,,https://www.sse.com.cn/assortment/stock/home/,2026-07-28
600399.SH,抚顺特钢,SSE,制造业,600399.SH,,上市,,https://www.sse.com.cn/assortment/stock/home/,2026-07-28
600400.SH,红豆股份,SSE,制造业,600400.SH,,上市,,https://www.sse.com.cn/assortment/stock/home/,2026-07-28
600403.SH,大有能源,SSE,采矿业,600403.SH,,上市,,https://www.sse.com.cn/assortment/stock/home/,2026-07-28
600405.SH,动力源,SSE,制造业,600405.SH,,上市,,https://www.sse.com.cn/assortment/stock/home/,2026-07-28
600406.SH,国电南瑞,SSE,信息传输、软件和信息技术服务业,600406.SH,,上市,,https://www.sse.com.cn/assortment/stock/home/,2026-07-28
600408.SH,安泰集团,SSE,制造业,600408.SH,,上市,,https://www.sse.com.cn/assortment/stock/home/,2026-07-28
600409.SH,三友化工,SSE,制造业,600409.SH,,上市,,https://www.sse.com.cn/assortment/stock/home/,2026-07-28
600410.SH,华胜天成,SSE,信息传输、软件和信息技术服务业,600410.SH,,上市,,https://www.sse.com.cn/assortment/stock/home/,2026-07-28
600415.SH,小商品城,SSE,租赁和商务服务业,600415.SH,,上市,,https://www.sse.com.cn/assortment/stock/home/,2026-07-28
600416.SH,湘电股份,SSE,制造业,600416.SH,,上市,,https://www.sse.com.cn/assortment/stock/home/,2026-07-28
600418.SH,江淮汽车,SSE,制造业,600418.SH,,上市,,https://www.sse.com.cn/assortment/stock/home/,2026-07-28
600419.SH,天润乳业,SSE,制造业,600419.SH,,上市,,https://www.sse.com.cn/assortment/stock/home/,2026-07-28
600420.SH,国药现代,SSE,制造业,600420.SH,,上市,,https://www.sse.com.cn/assortment/stock/home/,2026-07-28
600422.SH,昆药集团,SSE,制造业,600422.SH,,上市,,https://www.sse.com.cn/assortment/stock/home/,2026-07-28
600423.SH,*ST柳化,SSE,制造业,600423.SH,,上市,,https://www.sse.com.cn/assortment/stock/home/,2026-07-28
600425.SH,青松建化,SSE,制造业,600425.SH,,上市,,https://www.sse.com.cn/assortment/stock/home/,2026-07-28
600426.SH,华鲁恒升,SSE,制造业,600426.SH,,上市,,https://www.sse.com.cn/assortment/stock/home/,2026-07-28
600428.SH,中远海特,SSE,交通运输、仓储和邮政业,600428.SH,,上市,,https://www.sse.com.cn/assortment/stock/home/,2026-07-28
600429.SH,三元股份,SSE,制造业,600429.SH,,上市,,https://www.sse.com.cn/assortment/stock/home/,2026-07-28
600433.SH,冠豪高新,SSE,制造业,600433.SH,,上市,,https://www.sse.com.cn/assortment/stock/home/,2026-07-28
600435.SH,北方导航,SSE,制造业,600435.SH,,上市,,https://www.sse.com.cn/assortment/stock/home/,2026-07-28
600436.SH,片仔癀,SSE,制造业,600436.SH,,上市,,https://www.sse.com.cn/assortment/stock/home/,2026-07-28
600438.SH,通威股份,SSE,制造业,600438.SH,,上市,,https://www.sse.com.cn/assortment/stock/home/,2026-07-28
600439.SH,瑞贝卡,SSE,制造业,600439.SH,,上市,,https://www.sse.com.cn/assortment/stock/home/,2026-07-28
600444.SH,国机通用,SSE,制造业,600444.SH,,上市,,https://www.sse.com.cn/assortment/stock/home/,2026-07-28
600446.SH,金证股份,SSE,信息传输、软件和信息技术服务业,600446.SH,,上市,,https://www.sse.com.cn/assortment/stock/home/,2026-07-28
600448.SH,华纺股份,SSE,制造业,600448.SH,,上市,,https://www.sse.com.cn/assortment/stock/home/,2026-07-28
600449.SH,宁夏建材,SSE,制造业,600449.SH,,上市,,https://www.sse.com.cn/assortment/stock/home/,2026-07-28
600452.SH,涪陵电力,SSE,电力、热力、燃气及水生产和供应业,600452.SH,,上市,,https://www.sse.com.cn/assortment/stock/home/,2026-07-28
600455.SH,博通股份,SSE,教育,600455.SH,,上市,,https://www.sse.com.cn/assortment/stock/home/,2026-07-28
600456.SH,宝钛股份,SSE,制造业,600456.SH,,上市,,https://www.sse.com.cn/assortment/stock/home/,2026-07-28
600458.SH,时代新材,SSE,制造业,600458.SH,,上市,,https://www.sse.com.cn/assortment/stock/home/,2026-07-28
600459.SH,贵研铂业,SSE,制造业,600459.SH,,上市,,https://www.sse.com.cn/assortment/stock/home/,2026-07-28
600460.SH,士兰微,SSE,制造业,600460.SH,,上市,,https://www.sse.com.cn/assortment/stock/home/,2026-07-28
600461.SH,洪城环境,SSE,电力、热力、燃气及水生产和供应业,600461.SH,,上市,,https://www.sse.com.cn/assortment/stock/home/,2026-07-28
600463.SH,空港股份,SSE,建筑业,600463.SH,,上市,,https://www.sse.com.cn/assortment/stock/home/,2026-07-28
600467.SH,好当家,SSE,农、林、牧、渔业,600467.SH,,上市,,https://www.sse.com.cn/assortment/stock/home/,2026-07-28
600468.SH,百利电气,SSE,制造业,600468.SH,,上市,,https://www.sse.com.cn/assortment/stock/home/,2026-07-28
600469.SH,风神股份,SSE,制造业,600469.SH,,上市,,https://www.sse.com.cn/assortment/stock/home/,2026-07-28
600470.SH,六国化工,SSE,制造业,600470.SH,,上市,,https://www.sse.com.cn/assortment/stock/home/,2026-07-28
600475.SH,华光环能,SSE,水利、环境和公共设施管理业,600475.SH,,上市,,https://www.sse.com.cn/assortment/stock/home/,2026-07-28
600476.SH,*ST湘邮,SSE,信息传输、软件和信息技术服务业,600476.SH,,上市,,https://www.sse.com.cn/assortment/stock/home/,2026-07-28
600477.SH,杭萧钢构,SSE,制造业,600477.SH,,上市,,https://www.sse.com.cn/assortment/stock/home/,2026-07-28
600478.SH,科力远,SSE,制造业,600478.SH,,上市,,https://www.sse.com.cn/assortment/stock/home/,2026-07-28
600479.SH,千金药业,SSE,制造业,600479.SH,,上市,,https://www.sse.com.cn/assortment/stock/home/,2026-07-28
600480.SH,凌云股份,SSE,制造业,600480.SH,,上市,,https://www.sse.com.cn/assortment/stock/home/,2026-07-28
600481.SH,双良节能,SSE,制造业,600481.SH,,上市,,https://www.sse.com.cn/assortment/stock/home/,2026-07-28
600482.SH,中国动力,SSE,制造业,600482.SH,,上市,,https://www.sse.com.cn/assortment/stock/home/,2026-07-28
600483.SH,福能股份,SSE,电力、热力、燃气及水生产和供应业,600483.SH,,上市,,https://www.sse.com.cn/assortment/stock/home/,2026-07-28
600486.SH,扬农化工,SSE,制造业,600486.SH,,上市,,https://www.sse.com.cn/assortment/stock/home/,2026-07-28
600487.SH,亨通光电,SSE,制造业,600487.SH,,上市,,https://www.sse.com.cn/assortment/stock/home/,2026-07-28
600488.SH,津药药业,SSE,制造业,600488.SH,,上市,,https://www.sse.com.cn/assortment/stock/home/,2026-07-28
600489.SH,中金黄金,SSE,采矿业,600489.SH,,上市,,https://www.sse.com.cn/assortment/stock/home/,2026-07-28
600490.SH,鹏欣资源,SSE,制造业,600490.SH,,上市,,https://www.sse.com.cn/assortment/stock/home/,2026-07-28
600491.SH,ST龙元,SSE,建筑业,600491.SH,,上市,,https://www.sse.com.cn/assortment/stock/home/,2026-07-28
600493.SH,凤竹纺织,SSE,制造业,600493.SH,,上市,,https://www.sse.com.cn/assortment/stock/home/,2026-07-28
600495.SH,晋西车轴,SSE,制造业,600495.SH,,上市,,https://www.sse.com.cn/assortment/stock/home/,2026-07-28
600496.SH,精工钢构,SSE,制造业,600496.SH,,上市,,https://www.sse.com.cn/assortment/stock/home/,2026-07-28
600497.SH,驰宏锌锗,SSE,制造业,600497.SH,,上市,,https://www.sse.com.cn/assortment/stock/home/,2026-07-28
600498.SH,烽火通信,SSE,制造业,600498.SH,,上市,,https://www.sse.com.cn/assortment/stock/home/,2026-07-28
600499.SH,科达制造,SSE,制造业,600499.SH,,上市,,https://www.sse.com.cn/assortment/stock/home/,2026-07-28
600500.SH,中化国际,SSE,制造业,600500.SH,,上市,,https://www.sse.com.cn/assortment/stock/home/,2026-07-28
600501.SH,航天晨光,SSE,制造业,600501.SH,,上市,,https://www.sse.com.cn/assortment/stock/home/,2026-07-28
600502.SH,安徽建工,SSE,建筑业,600502.SH,,上市,,https://www.sse.com.cn/assortment/stock/home/,2026-07-28
600503.SH,华丽家族,SSE,房地产业,600503.SH,,上市,,https://www.sse.com.cn/assortment/stock/home/,2026-07-28
600505.SH,西昌电力,SSE,电力、热力、燃气及水生产和供应业,600505.SH,,上市,,https://www.sse.com.cn/assortment/stock/home/,2026-07-28
600506.SH,统一股份,SSE,制造业,600506.SH,,上市,,https://www.sse.com.cn/assortment/stock/home/,2026-07-28
600507.SH,方大特钢,SSE,制造业,600507.SH,,上市,,https://www.sse.com.cn/assortment/stock/home/,2026-07-28
600508.SH,上海能源,SSE,采矿业,600508.SH,,上市,,https://www.sse.com.cn/assortment/stock/home/,2026-07-28
600509.SH,天富能源,SSE,电力、热力、燃气及水生产和供应业,600509.SH,,上市,,https://www.sse.com.cn/assortment/stock/home/,2026-07-28
600510.SH,黑牡丹,SSE,房地产业,600510.SH,,上市,,https://www.sse.com.cn/assortment/stock/home/,2026-07-28
600511.SH,国药股份,SSE,批发和零售业,600511.SH,,上市,,https://www.sse.com.cn/assortment/stock/home/,2026-07-28
600512.SH,腾达建设,SSE,建筑业,600512.SH,,上市,,https://www.sse.com.cn/assortment/stock/home/,2026-07-28
600513.SH,联环药业,SSE,制造业,600513.SH,,上市,,https://www.sse.com.cn/assortment/stock/home/,2026-07-28
600515.SH,海南机场,SSE,房地产业,600515.SH,,上市,,https://www.sse.com.cn/assortment/stock/home/,2026-07-28
600516.SH,方大炭素,SSE,制造业,600516.SH,,上市,,https://www.sse.com.cn/assortment/stock/home/,2026-07-28
600517.SH,国网英大,SSE,金融业,600517.SH,,上市,,https://www.sse.com.cn/assortment/stock/home/,2026-07-28
600518.SH,康美药业,SSE,制造业,600518.SH,,上市,,https://www.sse.com.cn/assortment/stock/home/,2026-07-28
600519.SH,贵州茅台,SSE,制造业,600519.SH,,上市,,https://www.sse.com.cn/assortment/stock/home/,2026-07-28
600520.SH,三佳科技,SSE,制造业,600520.SH,,上市,,https://www.sse.com.cn/assortment/stock/home/,2026-07-28
600521.SH,华海药业,SSE,制造业,600521.SH,,上市,,https://www.sse.com.cn/assortment/stock/home/,2026-07-28
600522.SH,中天科技,SSE,制造业,600522.SH,,上市,,https://www.sse.com.cn/assortment/stock/home/,2026-07-28
600523.SH,贵航股份,SSE,制造业,600523.SH,,上市,,https://www.sse.com.cn/assortment/stock/home/,2026-07-28
600525.SH,ST长园,SSE,制造业,600525.SH,,上市,,https://www.sse.com.cn/assortment/stock/home/,2026-07-28
600526.SH,菲达环保,SSE,制造业,600526.SH,,上市,,https://www.sse.com.cn/assortment/stock/home/,2026-07-28
600527.SH,江南高纤,SSE,制造业,600527.SH,,上市,,https://www.sse.com.cn/assortment/stock/home/,2026-07-28
600528.SH,中铁工业,SSE,制造业,600528.SH,,上市,,https://www.sse.com.cn/assortment/stock/home/,2026-07-28
600529.SH,山东药玻,SSE,制造业,600529.SH,,上市,,https://www.sse.com.cn/assortment/stock/home/,2026-07-28
600530.SH,交大昂立,SSE,制造业,600530.SH,,上市,,https://www.sse.com.cn/assortment/stock/home/,2026-07-28
600531.SH,豫光金铅,SSE,制造业,600531.SH,,上市,,https://www.sse.com.cn/assortment/stock/home/,2026-07-28
600533.SH,栖霞建设,SSE,房地产业,600533.SH,,上市,,https://www.sse.com.cn/assortment/stock/home/,2026-07-28
600535.SH,天士力,SSE,制造业,600535.SH,,上市,,https://www.sse.com.cn/assortment/stock/home/,2026-07-28
600536.SH,中国软件,SSE,信息传输、软件和信息技术服务业,600536.SH,,上市,,https://www.sse.com.cn/assortment/stock/home/,2026-07-28
600537.SH,*ST亿晶,SSE,制造业,600537.SH,,上市,,https://www.sse.com.cn/assortment/stock/home/,2026-07-28
600538.SH,国发股份,SSE,批发和零售业,600538.SH,,上市,,https://www.sse.com.cn/assortment/stock/home/,2026-07-28
600539.SH,狮头股份,SSE,批发和零售业,600539.SH,,上市,,https://www.sse.com.cn/assortment/stock/home/,2026-07-28
600540.SH,新赛股份,SSE,农、林、牧、渔业,600540.SH,,上市,,https://www.sse.com.cn/assortment/stock/home/,2026-07-28
600543.SH,*ST莫高,SSE,制造业,600543.SH,,上市,,https://www.sse.com.cn/assortment/stock/home/,2026-07-28
600545.SH,卓郎智能,SSE,制造业,600545.SH,,上市,,https://www.sse.com.cn/assortment/stock/home/,2026-07-28
600546.SH,山煤国际,SSE,采矿业,600546.SH,,上市,,https://www.sse.com.cn/assortment/stock/home/,2026-07-28
600547.SH,山东黄金,SSE,采矿业,600547.SH,,上市,,https://www.sse.com.cn/assortment/stock/home/,2026-07-28
600548.SH,深高速,SSE,交通运输、仓储和邮政业,600548.SH,,上市,,https://www.sse.com.cn/assortment/stock/home/,2026-07-28
600549.SH,厦门钨业,SSE,制造业,600549.SH,,上市,,https://www.sse.com.cn/assortment/stock/home/,2026-07-28
600550.SH,保变电气,SSE,制造业,600550.SH,,上市,,https://www.sse.com.cn/assortment/stock/home/,2026-07-28
600551.SH,时代出版,SSE,文化、体育和娱乐业,600551.SH,,上市,,https://www.sse.com.cn/assortment/stock/home/,2026-07-28
600552.SH,凯盛科技,SSE,制造业,600552.SH,,上市,,https://www.sse.com.cn/assortment/stock/home/,2026-07-28
600556.SH,天下秀,SSE,信息传输、软件和信息技术服务业,600556.SH,,上市,,https://www.sse.com.cn/assortment/stock/home/,2026-07-28
600557.SH,康缘药业,SSE,制造业,600557.SH,,上市,,https://www.sse.com.cn/assortment/stock/home/,2026-07-28
600558.SH,大西洋,SSE,制造业,600558.SH,,上市,,https://www.sse.com.cn/assortment/stock/home/,2026-07-28
600559.SH,老白干酒,SSE,制造业,600559.SH,,上市,,https://www.sse.com.cn/assortment/stock/home/,2026-07-28
600560.SH,金自天正,SSE,制造业,600560.SH,,上市,,https://www.sse.com.cn/assortment/stock/home/,2026-07-28
600561.SH,江西长运,SSE,交通运输、仓储和邮政业,600561.SH,,上市,,https://www.sse.com.cn/assortment/stock/home/,2026-07-28
600562.SH,国睿科技,SSE,制造业,600562.SH,,上市,,https://www.sse.com.cn/assortment/stock/home/,2026-07-28
600563.SH,法拉电子,SSE,制造业,600563.SH,,上市,,https://www.sse.com.cn/assortment/stock/home/,2026-07-28
600566.SH,济川药业,SSE,制造业,600566.SH,,上市,,https://www.sse.com.cn/assortment/stock/home/,2026-07-28
600567.SH,山鹰国际,SSE,制造业,600567.SH,,上市,,https://www.sse.com.cn/assortment/stock/home/,2026-07-28
600568.SH,ST中珠,SSE,卫生和社会工作,600568.SH,,上市,,https://www.sse.com.cn/assortment/stock/home/,2026-07-28
600569.SH,安阳钢铁,SSE,制造业,600569.SH,,上市,,https://www.sse.com.cn/assortment/stock/home/,2026-07-28
600570.SH,恒生电子,SSE,信息传输、软件和信息技术服务业,600570.SH,,上市,,https://www.sse.com.cn/assortment/stock/home/,2026-07-28
600571.SH,信雅达,SSE,信息传输、软件和信息技术服务业,600571.SH,,上市,,https://www.sse.com.cn/assortment/stock/home/,2026-07-28
600572.SH,康恩贝,SSE,制造业,600572.SH,,上市,,https://www.sse.com.cn/assortment/stock/home/,2026-07-28
600573.SH,惠泉啤酒,SSE,制造业,600573.SH,,上市,,https://www.sse.com.cn/assortment/stock/home/,2026-07-28
600575.SH,淮河能源,SSE,交通运输、仓储和邮政业,600575.SH,,上市,,https://www.sse.com.cn/assortment/stock/home/,2026-07-28
600576.SH,祥源文旅,SSE,水利、环境和公共设施管理业,600576.SH,,上市,,https://www.sse.com.cn/assortment/stock/home/,2026-07-28
600577.SH,精达股份,SSE,制造业,600577.SH,,上市,,https://www.sse.com.cn/assortment/stock/home/,2026-07-28
600578.SH,京能电力,SSE,电力、热力、燃气及水生产和供应业,600578.SH,,上市,,https://www.sse.com.cn/assortment/stock/home/,2026-07-28
600579.SH,中化装备,SSE,制造业,600579.SH,,上市,,https://www.sse.com.cn/assortment/stock/home/,2026-07-28
600580.SH,卧龙电驱,SSE,制造业,600580.SH,,上市,,https://www.sse.com.cn/assortment/stock/home/,2026-07-28
600581.SH,*ST八钢,SSE,制造业,600581.SH,,上市,,https://www.sse.com.cn/assortment/stock/home/,2026-07-28
600582.SH,天地科技,SSE,制造业,600582.SH,,上市,,https://www.sse.com.cn/assortment/stock/home/,2026-07-28
600583.SH,海油工程,SSE,采矿业,600583.SH,,上市,,https://www.sse.com.cn/assortment/stock/home/,2026-07-28
600584.SH,长电科技,SSE,制造业,600584.SH,,上市,,https://www.sse.com.cn/assortment/stock/home/,2026-07-28
600585.SH,海螺水泥,SSE,制造业,600585.SH,,上市,,https://www.sse.com.cn/assortment/stock/home/,2026-07-28
600586.SH,金晶科技,SSE,制造业,600586.SH,,上市,,https://www.sse.com.cn/assortment/stock/home/,2026-07-28
600587.SH,新华医疗,SSE,制造业,600587.SH,,上市,,https://www.sse.com.cn/assortment/stock/home/,2026-07-28
600588.SH,用友网络,SSE,信息传输、软件和信息技术服务业,600588.SH,,上市,,https://www.sse.com.cn/assortment/stock/home/,2026-07-28
600589.SH,大位科技,SSE,信息传输、软件和信息技术服务业,600589.SH,,上市,,https://www.sse.com.cn/assortment/stock/home/,2026-07-28
600590.SH,泰豪科技,SSE,制造业,600590.SH,,上市,,https://www.sse.com.cn/assortment/stock/home/,2026-07-28
600592.SH,龙溪股份,SSE,制造业,600592.SH,,上市,,https://www.sse.com.cn/assortment/stock/home/,2026-07-28
600593.SH,大连圣亚,SSE,水利、环境和公共设施管理业,600593.SH,,上市,,https://www.sse.com.cn/assortment/stock/home/,2026-07-28
600594.SH,益佰制药,SSE,制造业,600594.SH,,上市,,https://www.sse.com.cn/assortment/stock/home/,2026-07-28
600595.SH,中孚实业,SSE,制造业,600595.SH,,上市,,https://www.sse.com.cn/assortment/stock/home/,2026-07-28
600596.SH,新安股份,SSE,制造业,600596.SH,,上市,,https://www.sse.com.cn/assortment/stock/home/,2026-07-28
600597.SH,光明乳业,SSE,制造业,600597.SH,,上市,,https://www.sse.com.cn/assortment/stock/home/,2026-07-28
600598.SH,北大荒,SSE,农、林、牧、渔业,600598.SH,,上市,,https://www.sse.com.cn/assortment/stock/home/,2026-07-28
600600.SH,青岛啤酒,SSE,制造业,600600.SH,,上市,,https://www.sse.com.cn/assortment/stock/home/,2026-07-28
600601.SH,方正科技,SSE,制造业,600601.SH,,上市,,https://www.sse.com.cn/assortment/stock/home/,2026-07-28
600602.SH,云赛智联,SSE,信息传输、软件和信息技术服务业,600602.SH,,上市,,https://www.sse.com.cn/assortment/stock/home/,2026-07-28
600603.SH,广汇物流,SSE,交通运输、仓储和邮政业,600603.SH,,上市,,https://www.sse.com.cn/assortment/stock/home/,2026-07-28
600604.SH,市北高新,SSE,房地产业,600604.SH,,上市,,https://www.sse.com.cn/assortment/stock/home/,2026-07-28
600605.SH,汇通能源,SSE,房地产业,600605.SH,,上市,,https://www.sse.com.cn/assortment/stock/home/,2026-07-28
600606.SH,绿地控股,SSE,建筑业,600606.SH,,上市,,https://www.sse.com.cn/assortment/stock/home/,2026-07-28
600609.SH,金杯汽车,SSE,制造业,600609.SH,,上市,,https://www.sse.com.cn/assortment/stock/home/,2026-07-28
600610.SH,中毅达,SSE,制造业,600610.SH,,上市,,https://www.sse.com.cn/assortment/stock/home/,2026-07-28
600611.SH,大众交通,SSE,交通运输、仓储和邮政业,600611.SH,,上市,,https://www.sse.com.cn/assortment/stock/home/,2026-07-28
600612.SH,老凤祥,SSE,制造业,600612.SH,,上市,,https://www.sse.com.cn/assortment/stock/home/,2026-07-28
600613.SH,神奇制药,SSE,制造业,600613.SH,,上市,,https://www.sse.com.cn/assortment/stock/home/,2026-07-28
600615.SH,鑫源智造,SSE,制造业,600615.SH,,上市,,https://www.sse.com.cn/assortment/stock/home/,2026-07-28
600616.SH,金枫酒业,SSE,制造业,600616.SH,,上市,,https://www.sse.com.cn/assortment/stock/home/,2026-07-28
600617.SH,国新能源,SSE,电力、热力、燃气及水生产和供应业,600617.SH,,上市,,https://www.sse.com.cn/assortment/stock/home/,2026-07-28
600618.SH,氯碱化工,SSE,制造业,600618.SH,,上市,,https://www.sse.com.cn/assortment/stock/home/,2026-07-28
600619.SH,海立股份,SSE,制造业,600619.SH,,上市,,https://www.sse.com.cn/assortment/stock/home/,2026-07-28
600620.SH,天宸股份,SSE,综合,600620.SH,,上市,,https://www.sse.com.cn/assortment/stock/home/,2026-07-28
600621.SH,华鑫股份,SSE,金融业,600621.SH,,上市,,https://www.sse.com.cn/assortment/stock/home/,2026-07-28
600622.SH,光大嘉宝,SSE,房地产业,600622.SH,,上市,,https://www.sse.com.cn/assortment/stock/home/,2026-07-28
600623.SH,华谊集团,SSE,制造业,600623.SH,,上市,,https://www.sse.com.cn/assortment/stock/home/,2026-07-28
600624.SH,ST复华,SSE,制造业,600624.SH,,上市,,https://www.sse.com.cn/assortment/stock/home/,2026-07-28
600626.SH,申达股份,SSE,制造业,600626.SH,,上市,,https://www.sse.com.cn/assortment/stock/home/,2026-07-28
600628.SH,新世界,SSE,批发和零售业,600628.SH,,上市,,https://www.sse.com.cn/assortment/stock/home/,2026-07-28
600629.SH,华建集团,SSE,科学研究和技术服务业,600629.SH,,上市,,https://www.sse.com.cn/assortment/stock/home/,2026-07-28
600630.SH,龙头股份,SSE,制造业,600630.SH,,上市,,https://www.sse.com.cn/assortment/stock/home/,2026-07-28
600633.SH,浙数文化,SSE,信息传输、软件和信息技术服务业,600633.SH,,上市,,https://www.sse.com.cn/assortment/stock/home/,2026-07-28
600635.SH,大众公用,SSE,电力、热力、燃气及水生产和供应业,600635.SH,,上市,,https://www.sse.com.cn/assortment/stock/home/,2026-07-28
600637.SH,东方明珠,SSE,信息传输、软件和信息技术服务业,600637.SH,,上市,,https://www.sse.com.cn/assortment/stock/home/,2026-07-28
600638.SH,新黄浦,SSE,房地产业,600638.SH,,上市,,https://www.sse.com.cn/assortment/stock/home/,2026-07-28
600639.SH,浦东金桥,SSE,房地产业,600639.SH,,上市,,https://www.sse.com.cn/assortment/stock/home/,2026-07-28
600640.SH,国脉文化,SSE,信息传输、软件和信息技术服务业,600640.SH,,上市,,https://www.sse.com.cn/assortment/stock/home/,2026-07-28
600641.SH,先导基电,SSE,房地产业,600641.SH,,上市,,https://www.sse.com.cn/assortment/stock/home/,2026-07-28
600642.SH,申能股份,SSE,电力、热力、燃气及水生产和供应业,600642.SH,,上市,,https://www.sse.com.cn/assortment/stock/home/,2026-07-28
600643.SH,爱建集团,SSE,金融业,600643.SH,,上市,,https://www.sse.com.cn/assortment/stock/home/,2026-07-28
600644.SH,乐山电力,SSE,电力、热力、燃气及水生产和供应业,600644.SH,,上市,,https://www.sse.com.cn/assortment/stock/home/,2026-07-28
600645.SH,中源协和,SSE,制造业,600645.SH,,上市,,https://www.sse.com.cn/assortment/stock/home/,2026-07-28
600648.SH,外高桥,SSE,批发和零售业,600648.SH,,上市,,https://www.sse.com.cn/assortment/stock/home/,2026-07-28
600649.SH,城投控股,SSE,房地产业,600649.SH,,上市,,https://www.sse.com.cn/assortment/stock/home/,2026-07-28
600650.SH,锦江在线,SSE,交通运输、仓储和邮政业,600650.SH,,上市,,https://www.sse.com.cn/assortment/stock/home/,2026-07-28
600651.SH,飞乐音响,SSE,制造业,600651.SH,,上市,,https://www.sse.com.cn/assortment/stock/home/,2026-07-28
600653.SH,申华控股,SSE,批发和零售业,600653.SH,,上市,,https://www.sse.com.cn/assortment/stock/home/,2026-07-28
600654.SH,中安科,SSE,租赁和商务服务业,600654.SH,,上市,,https://www.sse.com.cn/assortment/stock/home/,2026-07-28
600655.SH,豫园股份,SSE,批发和零售业,600655.SH,,上市,,https://www.sse.com.cn/assortment/stock/home/,2026-07-28
600657.SH,信达地产,SSE,房地产业,600657.SH,,上市,,https://www.sse.com.cn/assortment/stock/home/,2026-07-28
600658.SH,电子城,SSE,房地产业,600658.SH,,上市,,https://www.sse.com.cn/assortment/stock/home/,2026-07-28
600660.SH,福耀玻璃,SSE,制造业,600660.SH,,上市,,https://www.sse.com.cn/assortment/stock/home/,2026-07-28
600661.SH,昂立教育,SSE,教育,600661.SH,,上市,,https://www.sse.com.cn/assortment/stock/home/,2026-07-28
600662.SH,外服控股,SSE,租赁和商务服务业,600662.SH,,上市,,https://www.sse.com.cn/assortment/stock/home/,2026-07-28
600663.SH,陆家嘴,SSE,房地产业,600663.SH,,上市,,https://www.sse.com.cn/assortment/stock/home/,2026-07-28
600664.SH,哈药股份,SSE,制造业,600664.SH,,上市,,https://www.sse.com.cn/assortment/stock/home/,2026-07-28
600665.SH,天地源,SSE,房地产业,600665.SH,,上市,,https://www.sse.com.cn/assortment/stock/home/,2026-07-28
600666.SH,奥瑞德,SSE,制造业,600666.SH,,上市,,https://www.sse.com.cn/assortment/stock/home/,2026-07-28
600667.SH,太极实业,SSE,建筑业,600667.SH,,上市,,https://www.sse.com.cn/assortment/stock/home/,2026-07-28
600668.SH,尖峰集团,SSE,制造业,600668.SH,,上市,,https://www.sse.com.cn/assortment/stock/home/,2026-07-28
600671.SH,天目药业,SSE,制造业,600671.SH,,上市,,https://www.sse.com.cn/assortment/stock/home/,2026-07-28
600673.SH,东阳光,SSE,综合,600673.SH,,上市,,https://www.sse.com.cn/assortment/stock/home/,2026-07-28
600674.SH,川投能源,SSE,电力、热力、燃气及水生产和供应业,600674.SH,,上市,,https://www.sse.com.cn/assortment/stock/home/,2026-07-28
600675.SH,中华企业,SSE,房地产业,600675.SH,,上市,,https://www.sse.com.cn/assortment/stock/home/,2026-07-28
600676.SH,交运股份,SSE,交通运输、仓储和邮政业,600676.SH,,上市,,https://www.sse.com.cn/assortment/stock/home/,2026-07-28
600678.SH,ST金顶,SSE,制造业,600678.SH,,上市,,https://www.sse.com.cn/assortment/stock/home/,2026-07-28
600679.SH,上海凤凰,SSE,制造业,600679.SH,,上市,,https://www.sse.com.cn/assortment/stock/home/,2026-07-28
600681.SH,百川能源,SSE,电力、热力、燃气及水生产和供应业,600681.SH,,上市,,https://www.sse.com.cn/assortment/stock/home/,2026-07-28
600682.SH,南京新百,SSE,制造业,600682.SH,,上市,,https://www.sse.com.cn/assortment/stock/home/,2026-07-28
600683.SH,京投发展,SSE,房地产业,600683.SH,,上市,,https://www.sse.com.cn/assortment/stock/home/,2026-07-28
600684.SH,珠江股份,SSE,房地产业,600684.SH,,上市,,https://www.sse.com.cn/assortment/stock/home/,2026-07-28
600685.SH,中船防务,SSE,制造业,600685.SH,,上市,,https://www.sse.com.cn/assortment/stock/home/,2026-07-28
600686.SH,金龙汽车,SSE,制造业,600686.SH,,上市,,https://www.sse.com.cn/assortment/stock/home/,2026-07-28
600688.SH,上海石化,SSE,制造业,600688.SH,,上市,,https://www.sse.com.cn/assortment/stock/home/,2026-07-28
600689.SH,上海三毛,SSE,批发和零售业,600689.SH,,上市,,https://www.sse.com.cn/assortment/stock/home/,2026-07-28
600690.SH,海尔智家,SSE,制造业,600690.SH,,上市,,https://www.sse.com.cn/assortment/stock/home/,2026-07-28
600691.SH,潞化科技,SSE,制造业,600691.SH,,上市,,https://www.sse.com.cn/assortment/stock/home/,2026-07-28
600692.SH,亚通股份,SSE,房地产业,600692.SH,,上市,,https://www.sse.com.cn/assortment/stock/home/,2026-07-28
600693.SH,东百集团,SSE,批发和零售业,600693.SH,,上市,,https://www.sse.com.cn/assortment/stock/home/,2026-07-28
600694.SH,大商股份,SSE,批发和零售业,600694.SH,,上市,,https://www.sse.com.cn/assortment/stock/home/,2026-07-28
600697.SH,欧亚集团,SSE,批发和零售业,600697.SH,,上市,,https://www.sse.com.cn/assortment/stock/home/,2026-07-28
600698.SH,湖南天雁,SSE,制造业,600698.SH,,上市,,https://www.sse.com.cn/assortment/stock/home/,2026-07-28
600699.SH,均胜电子,SSE,制造业,600699.SH,,上市,,https://www.sse.com.cn/assortment/stock/home/,2026-07-28
600702.SH,舍得酒业,SSE,制造业,600702.SH,,上市,,https://www.sse.com.cn/assortment/stock/home/,2026-07-28
600703.SH,三安光电,SSE,制造业,600703.SH,,上市,,https://www.sse.com.cn/assortment/stock/home/,2026-07-28
600704.SH,物产中大,SSE,批发和零售业,600704.SH,,上市,,https://www.sse.com.cn/assortment/stock/home/,2026-07-28
600706.SH,曲江文旅,SSE,水利、环境和公共设施管理业,600706.SH,,上市,,https://www.sse.com.cn/assortment/stock/home/,2026-07-28
600707.SH,彩虹股份,SSE,制造业,600707.SH,,上市,,https://www.sse.com.cn/assortment/stock/home/,2026-07-28
600708.SH,光明地产,SSE,房地产业,600708.SH,,上市,,https://www.sse.com.cn/assortment/stock/home/,2026-07-28
600710.SH,苏美达,SSE,批发和零售业,600710.SH,,上市,,https://www.sse.com.cn/assortment/stock/home/,2026-07-28
600711.SH,盛屯矿业,SSE,采矿业,600711.SH,,上市,,https://www.sse.com.cn/assortment/stock/home/,2026-07-28
600712.SH,南宁百货,SSE,批发和零售业,600712.SH,,上市,,https://www.sse.com.cn/assortment/stock/home/,2026-07-28
600713.SH,南京医药,SSE,批发和零售业,600713.SH,,上市,,https://www.sse.com.cn/assortment/stock/home/,2026-07-28
600714.SH,金瑞矿业,SSE,制造业,600714.SH,,上市,,https://www.sse.com.cn/assortment/stock/home/,2026-07-28
600715.SH,文投控股,SSE,文化、体育和娱乐业,600715.SH,,上市,,https://www.sse.com.cn/assortment/stock/home/,2026-07-28
600716.SH,凤凰股份,SSE,房地产业,600716.SH,,上市,,https://www.sse.com.cn/assortment/stock/home/,2026-07-28
600717.SH,天津港,SSE,交通运输、仓储和邮政业,600717.SH,,上市,,https://www.sse.com.cn/assortment/stock/home/,2026-07-28
600718.SH,东软集团,SSE,信息传输、软件和信息技术服务业,600718.SH,,上市,,https://www.sse.com.cn/assortment/stock/home/,2026-07-28
600719.SH,大连热电,SSE,电力、热力、燃气及水生产和供应业,600719.SH,,上市,,https://www.sse.com.cn/assortment/stock/home/,2026-07-28
600720.SH,中交设计,SSE,科学研究和技术服务业,600720.SH,,上市,,https://www.sse.com.cn/assortment/stock/home/,2026-07-28
600721.SH,百花医药,SSE,科学研究和技术服务业,600721.SH,,上市,,https://www.sse.com.cn/assortment/stock/home/,2026-07-28
600722.SH,金牛化工,SSE,制造业,600722.SH,,上市,,https://www.sse.com.cn/assortment/stock/home/,2026-07-28
600724.SH,宁波富达,SSE,制造业,600724.SH,,上市,,https://www.sse.com.cn/assortment/stock/home/,2026-07-28
600725.SH,云维股份,SSE,批发和零售业,600725.SH,,上市,,https://www.sse.com.cn/assortment/stock/home/,2026-07-28
600726.SH,华电能源,SSE,电力、热力、燃气及水生产和供应业,600726.SH,,上市,,https://www.sse.com.cn/assortment/stock/home/,2026-07-28
600727.SH,鲁北化工,SSE,制造业,600727.SH,,上市,,https://www.sse.com.cn/assortment/stock/home/,2026-07-28
600728.SH,佳都科技,SSE,信息传输、软件和信息技术服务业,600728.SH,,上市,,https://www.sse.com.cn/assortment/stock/home/,2026-07-28
600729.SH,重百集团,SSE,批发和零售业,600729.SH,,上市,,https://www.sse.com.cn/assortment/stock/home/,2026-07-28
600730.SH,*ST高科,SSE,教育,600730.SH,,上市,,https://www.sse.com.cn/assortment/stock/home/,2026-07-28
600731.SH,湖南海利,SSE,制造业,600731.SH,,上市,,https://www.sse.com.cn/assortment/stock/home/,2026-07-28
600732.SH,爱旭股份,SSE,制造业,600732.SH,,上市,,https://www.sse.com.cn/assortment/stock/home/,2026-07-28
600733.SH,北汽蓝谷,SSE,制造业,600733.SH,,上市,,https://www.sse.com.cn/assortment/stock/home/,2026-07-28
600734.SH,*ST实达,SSE,信息传输、软件和信息技术服务业,600734.SH,,上市,,https://www.sse.com.cn/assortment/stock/home/,2026-07-28
600735.SH,ST新华锦,SSE,制造业,600735.SH,,上市,,https://www.sse.com.cn/assortment/stock/home/,2026-07-28
600736.SH,苏州高新,SSE,房地产业,600736.SH,,上市,,https://www.sse.com.cn/assortment/stock/home/,2026-07-28
600737.SH,中粮糖业,SSE,制造业,600737.SH,,上市,,https://www.sse.com.cn/assortment/stock/home/,2026-07-28
600738.SH,丽尚国潮,SSE,批发和零售业,600738.SH,,上市,,https://www.sse.com.cn/assortment/stock/home/,2026-07-28
600739.SH,辽宁成大,SSE,批发和零售业,600739.SH,,上市,,https://www.sse.com.cn/assortment/stock/home/,2026-07-28
600740.SH,山西焦化,SSE,制造业,600740.SH,,上市,,https://www.sse.com.cn/assortment/stock/home/,2026-07-28
600741.SH,华域汽车,SSE,制造业,600741.SH,,上市,,https://www.sse.com.cn/assortment/stock/home/,2026-07-28
600742.SH,富维股份,SSE,制造业,600742.SH,,上市,,https://www.sse.com.cn/assortment/stock/home/,2026-07-28
600743.SH,华远控股,SSE,房地产业,600743.SH,,上市,,https://www.sse.com.cn/assortment/stock/home/,2026-07-28
600744.SH,华银电力,SSE,电力、热力、燃气及水生产和供应业,600744.SH,,上市,,https://www.sse.com.cn/assortment/stock/home/,2026-07-28
600745.SH,*ST闻泰,SSE,制造业,600745.SH,,上市,,https://www.sse.com.cn/assortment/stock/home/,2026-07-28
600746.SH,江苏索普,SSE,制造业,600746.SH,,上市,,https://www.sse.com.cn/assortment/stock/home/,2026-07-28
600748.SH,上实发展,SSE,房地产业,600748.SH,,上市,,https://www.sse.com.cn/assortment/stock/home/,2026-07-28
600749.SH,西藏旅游,SSE,水利、环境和公共设施管理业,600749.SH,,上市,,https://www.sse.com.cn/assortment/stock/home/,2026-07-28
600750.SH,华润江中,SSE,制造业,600750.SH,,上市,,https://www.sse.com.cn/assortment/stock/home/,2026-07-28
600751.SH,海航科技,SSE,交通运输、仓储和邮政业,600751.SH,,上市,,https://www.sse.com.cn/assortment/stock/home/,2026-07-28
600753.SH,ST海钦,SSE,批发和零售业,600753.SH,,上市,,https://www.sse.com.cn/assortment/stock/home/,2026-07-28
600754.SH,锦江酒店,SSE,住宿和餐饮业,600754.SH,,上市,,https://www.sse.com.cn/assortment/stock/home/,2026-07-28
600755.SH,厦门国贸,SSE,租赁和商务服务业,600755.SH,,上市,,https://www.sse.com.cn/assortment/stock/home/,2026-07-28
600756.SH,浪潮软件,SSE,信息传输、软件和信息技术服务业,600756.SH,,上市,,https://www.sse.com.cn/assortment/stock/home/,2026-07-28
600757.SH,长江传媒,SSE,文化、体育和娱乐业,600757.SH,,上市,,https://www.sse.com.cn/assortment/stock/home/,2026-07-28
600758.SH,辽宁能源,SSE,采矿业,600758.SH,,上市,,https://www.sse.com.cn/assortment/stock/home/,2026-07-28
600759.SH,ST洲际,SSE,采矿业,600759.SH,,上市,,https://www.sse.com.cn/assortment/stock/home/,2026-07-28
600760.SH,中航沈飞,SSE,制造业,600760.SH,,上市,,https://www.sse.com.cn/assortment/stock/home/,2026-07-28
600761.SH,安徽合力,SSE,制造业,600761.SH,,上市,,https://www.sse.com.cn/assortment/stock/home/,2026-07-28
600763.SH,通策医疗,SSE,卫生和社会工作,600763.SH,,上市,,https://www.sse.com.cn/assortment/stock/home/,2026-07-28
600764.SH,中国海防,SSE,制造业,600764.SH,,上市,,https://www.sse.com.cn/assortment/stock/home/,2026-07-28
600765.SH,中航重机,SSE,制造业,600765.SH,,上市,,https://www.sse.com.cn/assortment/stock/home/,2026-07-28
600768.SH,宁波富邦,SSE,制造业,600768.SH,,上市,,https://www.sse.com.cn/assortment/stock/home/,2026-07-28
600769.SH,祥龙电业,SSE,电力、热力、燃气及水生产和供应业,600769.SH,,上市,,https://www.sse.com.cn/assortment/stock/home/,2026-07-28
600770.SH,综艺股份,SSE,电力、热力、燃气及水生产和供应业,600770.SH,,上市,,https://www.sse.com.cn/assortment/stock/home/,2026-07-28
600771.SH,广誉远,SSE,制造业,600771.SH,,上市,,https://www.sse.com.cn/assortment/stock/home/,2026-07-28
600773.SH,西藏城投,SSE,房地产业,600773.SH,,上市,,https://www.sse.com.cn/assortment/stock/home/,2026-07-28
600774.SH,汉商集团,SSE,制造业,600774.SH,,上市,,https://www.sse.com.cn/assortment/stock/home/,2026-07-28
600775.SH,南京熊猫,SSE,制造业,600775.SH,,上市,,https://www.sse.com.cn/assortment/stock/home/,2026-07-28
600776.SH,东方通信,SSE,制造业,600776.SH,,上市,,https://www.sse.com.cn/assortment/stock/home/,2026-07-28
600777.SH,新潮能源,SSE,采矿业,600777.SH,,上市,,https://www.sse.com.cn/assortment/stock/home/,2026-07-28
600778.SH,友好集团,SSE,批发和零售业,600778.SH,,上市,,https://www.sse.com.cn/assortment/stock/home/,2026-07-28
600779.SH,水井坊,SSE,制造业,600779.SH,,上市,,https://www.sse.com.cn/assortment/stock/home/,2026-07-28
600780.SH,XD通宝能,SSE,电力、热力、燃气及水生产和供应业,600780.SH,,上市,,https://www.sse.com.cn/assortment/stock/home/,2026-07-28
600782.SH,新钢股份,SSE,制造业,600782.SH,,上市,,https://www.sse.com.cn/assortment/stock/home/,2026-07-28
600783.SH,鲁信创投,SSE,金融业,600783.SH,,上市,,https://www.sse.com.cn/assortment/stock/home/,2026-07-28
600784.SH,鲁银投资,SSE,制造业,600784.SH,,上市,,https://www.sse.com.cn/assortment/stock/home/,2026-07-28
600785.SH,新华百货,SSE,批发和零售业,600785.SH,,上市,,https://www.sse.com.cn/assortment/stock/home/,2026-07-28
600787.SH,中储股份,SSE,交通运输、仓储和邮政业,600787.SH,,上市,,https://www.sse.com.cn/assortment/stock/home/,2026-07-28
600789.SH,鲁抗医药,SSE,制造业,600789.SH,,上市,,https://www.sse.com.cn/assortment/stock/home/,2026-07-28
600790.SH,轻纺城,SSE,租赁和商务服务业,600790.SH,,上市,,https://www.sse.com.cn/assortment/stock/home/,2026-07-28
600791.SH,京能置业,SSE,房地产业,600791.SH,,上市,,https://www.sse.com.cn/assortment/stock/home/,2026-07-28
600792.SH,云煤能源,SSE,制造业,600792.SH,,上市,,https://www.sse.com.cn/assortment/stock/home/,2026-07-28
600793.SH,宜宾纸业,SSE,制造业,600793.SH,,上市,,https://www.sse.com.cn/assortment/stock/home/,2026-07-28
600794.SH,保税科技,SSE,交通运输、仓储和邮政业,600794.SH,,上市,,https://www.sse.com.cn/assortment/stock/home/,2026-07-28
600795.SH,国电电力,SSE,电力、热力、燃气及水生产和供应业,600795.SH,,上市,,https://www.sse.com.cn/assortment/stock/home/,2026-07-28
600796.SH,钱江生化,SSE,电力、热力、燃气及水生产和供应业,600796.SH,,上市,,https://www.sse.com.cn/assortment/stock/home/,2026-07-28
600797.SH,浙大网新,SSE,信息传输、软件和信息技术服务业,600797.SH,,上市,,https://www.sse.com.cn/assortment/stock/home/,2026-07-28
600798.SH,宁波海运,SSE,交通运输、仓储和邮政业,600798.SH,,上市,,https://www.sse.com.cn/assortment/stock/home/,2026-07-28
600800.SH,渤海化学,SSE,制造业,600800.SH,,上市,,https://www.sse.com.cn/assortment/stock/home/,2026-07-28
600801.SH,华新建材,SSE,制造业,600801.SH,,上市,,https://www.sse.com.cn/assortment/stock/home/,2026-07-28
600802.SH,福建水泥,SSE,制造业,600802.SH,,上市,,https://www.sse.com.cn/assortment/stock/home/,2026-07-28
600803.SH,新奥股份,SSE,电力、热力、燃气及水生产和供应业,600803.SH,,上市,,https://www.sse.com.cn/assortment/stock/home/,2026-07-28
600805.SH,悦达投资,SSE,综合,600805.SH,,上市,,https://www.sse.com.cn/assortment/stock/home/,2026-07-28
600807.SH,济高发展,SSE,制造业,600807.SH,,上市,,https://www.sse.com.cn/assortment/stock/home/,2026-07-28
600808.SH,马钢股份,SSE,制造业,600808.SH,,上市,,https://www.sse.com.cn/assortment/stock/home/,2026-07-28
600809.SH,山西汾酒,SSE,制造业,600809.SH,,上市,,https://www.sse.com.cn/assortment/stock/home/,2026-07-28
600810.SH,神马股份,SSE,制造业,600810.SH,,上市,,https://www.sse.com.cn/assortment/stock/home/,2026-07-28
600812.SH,华北制药,SSE,制造业,600812.SH,,上市,,https://www.sse.com.cn/assortment/stock/home/,2026-07-28
600814.SH,杭州解百,SSE,批发和零售业,600814.SH,,上市,,https://www.sse.com.cn/assortment/stock/home/,2026-07-28
600815.SH,厦工股份,SSE,制造业,600815.SH,,上市,,https://www.sse.com.cn/assortment/stock/home/,2026-07-28
600816.SH,建元信托,SSE,金融业,600816.SH,,上市,,https://www.sse.com.cn/assortment/stock/home/,2026-07-28
600817.SH,宇通重工,SSE,制造业,600817.SH,,上市,,https://www.sse.com.cn/assortment/stock/home/,2026-07-28
600818.SH,ST中路,SSE,制造业,600818.SH,,上市,,https://www.sse.com.cn/assortment/stock/home/,2026-07-28
600819.SH,耀皮玻璃,SSE,制造业,600819.SH,,上市,,https://www.sse.com.cn/assortment/stock/home/,2026-07-28
600820.SH,隧道股份,SSE,建筑业,600820.SH,,上市,,https://www.sse.com.cn/assortment/stock/home/,2026-07-28
600821.SH,金开新能,SSE,电力、热力、燃气及水生产和供应业,600821.SH,,上市,,https://www.sse.com.cn/assortment/stock/home/,2026-07-28
600822.SH,上海物贸,SSE,批发和零售业,600822.SH,,上市,,https://www.sse.com.cn/assortment/stock/home/,2026-07-28
600824.SH,益民集团,SSE,批发和零售业,600824.SH,,上市,,https://www.sse.com.cn/assortment/stock/home/,2026-07-28
600825.SH,新华传媒,SSE,文化、体育和娱乐业,600825.SH,,上市,,https://www.sse.com.cn/assortment/stock/home/,2026-07-28
600826.SH,兰生股份,SSE,租赁和商务服务业,600826.SH,,上市,,https://www.sse.com.cn/assortment/stock/home/,2026-07-28
600827.SH,百联股份,SSE,批发和零售业,600827.SH,,上市,,https://www.sse.com.cn/assortment/stock/home/,2026-07-28
600828.SH,茂业商业,SSE,批发和零售业,600828.SH,,上市,,https://www.sse.com.cn/assortment/stock/home/,2026-07-28
600829.SH,人民同泰,SSE,批发和零售业,600829.SH,,上市,,https://www.sse.com.cn/assortment/stock/home/,2026-07-28
600830.SH,香溢融通,SSE,金融业,600830.SH,,上市,,https://www.sse.com.cn/assortment/stock/home/,2026-07-28
600831.SH,广电网络,SSE,信息传输、软件和信息技术服务业,600831.SH,,上市,,https://www.sse.com.cn/assortment/stock/home/,2026-07-28
600833.SH,第一医药,SSE,批发和零售业,600833.SH,,上市,,https://www.sse.com.cn/assortment/stock/home/,2026-07-28
600834.SH,申通地铁,SSE,综合,600834.SH,,上市,,https://www.sse.com.cn/assortment/stock/home/,2026-07-28
600835.SH,上海机电,SSE,制造业,600835.SH,,上市,,https://www.sse.com.cn/assortment/stock/home/,2026-07-28
600838.SH,上海九百,SSE,批发和零售业,600838.SH,,上市,,https://www.sse.com.cn/assortment/stock/home/,2026-07-28
600839.SH,四川长虹,SSE,制造业,600839.SH,,上市,,https://www.sse.com.cn/assortment/stock/home/,2026-07-28
600841.SH,动力新科,SSE,制造业,600841.SH,,上市,,https://www.sse.com.cn/assortment/stock/home/,2026-07-28
600843.SH,上工申贝,SSE,制造业,600843.SH,,上市,,https://www.sse.com.cn/assortment/stock/home/,2026-07-28
600844.SH,金煤科技,SSE,制造业,600844.SH,,上市,,https://www.sse.com.cn/assortment/stock/home/,2026-07-28
600845.SH,宝信软件,SSE,信息传输、软件和信息技术服务业,600845.SH,,上市,,https://www.sse.com.cn/assortment/stock/home/,2026-07-28
600846.SH,同济科技,SSE,建筑业,600846.SH,,上市,,https://www.sse.com.cn/assortment/stock/home/,2026-07-28
600847.SH,万里股份,SSE,制造业,600847.SH,,上市,,https://www.sse.com.cn/assortment/stock/home/,2026-07-28
600848.SH,上海临港,SSE,房地产业,600848.SH,,上市,,https://www.sse.com.cn/assortment/stock/home/,2026-07-28
600850.SH,电科数字,SSE,信息传输、软件和信息技术服务业,600850.SH,,上市,,https://www.sse.com.cn/assortment/stock/home/,2026-07-28
600851.SH,海欣股份,SSE,制造业,600851.SH,,上市,,https://www.sse.com.cn/assortment/stock/home/,2026-07-28
600853.SH,龙建股份,SSE,建筑业,600853.SH,,上市,,https://www.sse.com.cn/assortment/stock/home/,2026-07-28
600854.SH,春兰股份,SSE,制造业,600854.SH,,上市,,https://www.sse.com.cn/assortment/stock/home/,2026-07-28
600855.SH,航天长峰,SSE,制造业,600855.SH,,上市,,https://www.sse.com.cn/assortment/stock/home/,2026-07-28
600857.SH,宁波中百,SSE,批发和零售业,600857.SH,,上市,,https://www.sse.com.cn/assortment/stock/home/,2026-07-28
600858.SH,银座股份,SSE,批发和零售业,600858.SH,,上市,,https://www.sse.com.cn/assortment/stock/home/,2026-07-28
600859.SH,王府井,SSE,批发和零售业,600859.SH,,上市,,https://www.sse.com.cn/assortment/stock/home/,2026-07-28
600860.SH,京城股份,SSE,制造业,600860.SH,,上市,,https://www.sse.com.cn/assortment/stock/home/,2026-07-28
600861.SH,北京人力,SSE,租赁和商务服务业,600861.SH,,上市,,https://www.sse.com.cn/assortment/stock/home/,2026-07-28
600862.SH,中航高科,SSE,制造业,600862.SH,,上市,,https://www.sse.com.cn/assortment/stock/home/,2026-07-28
600863.SH,华能蒙电,SSE,电力、热力、燃气及水生产和供应业,600863.SH,,上市,,https://www.sse.com.cn/assortment/stock/home/,2026-07-28
600864.SH,哈投股份,SSE,金融业,600864.SH,,上市,,https://www.sse.com.cn/assortment/stock/home/,2026-07-28
600865.SH,百大集团,SSE,批发和零售业,600865.SH,,上市,,https://www.sse.com.cn/assortment/stock/home/,2026-07-28
600866.SH,星湖科技,SSE,制造业,600866.SH,,上市,,https://www.sse.com.cn/assortment/stock/home/,2026-07-28
600867.SH,通化东宝,SSE,制造业,600867.SH,,上市,,https://www.sse.com.cn/assortment/stock/home/,2026-07-28
600868.SH,梅雁吉祥,SSE,电力、热力、燃气及水生产和供应业,600868.SH,,上市,,https://www.sse.com.cn/assortment/stock/home/,2026-07-28
600869.SH,远东股份,SSE,制造业,600869.SH,,上市,,https://www.sse.com.cn/assortment/stock/home/,2026-07-28
600871.SH,石化油服,SSE,采矿业,600871.SH,,上市,,https://www.sse.com.cn/assortment/stock/home/,2026-07-28
600872.SH,中炬高新,SSE,制造业,600872.SH,,上市,,https://www.sse.com.cn/assortment/stock/home/,2026-07-28
600873.SH,梅花生物,SSE,制造业,600873.SH,,上市,,https://www.sse.com.cn/assortment/stock/home/,2026-07-28
600874.SH,创业环保,SSE,电力、热力、燃气及水生产和供应业,600874.SH,,上市,,https://www.sse.com.cn/assortment/stock/home/,2026-07-28
600875.SH,东方电气,SSE,制造业,600875.SH,,上市,,https://www.sse.com.cn/assortment/stock/home/,2026-07-28
600876.SH,凯盛新能,SSE,制造业,600876.SH,,上市,,https://www.sse.com.cn/assortment/stock/home/,2026-07-28
600877.SH,电科芯片,SSE,制造业,600877.SH,,上市,,https://www.sse.com.cn/assortment/stock/home/,2026-07-28
600879.SH,航天电子,SSE,制造业,600879.SH,,上市,,https://www.sse.com.cn/assortment/stock/home/,2026-07-28
600880.SH,博瑞传播,SSE,文化、体育和娱乐业,600880.SH,,上市,,https://www.sse.com.cn/assortment/stock/home/,2026-07-28
600881.SH,亚泰集团,SSE,制造业,600881.SH,,上市,,https://www.sse.com.cn/assortment/stock/home/,2026-07-28
600882.SH,妙可蓝多,SSE,制造业,600882.SH,,上市,,https://www.sse.com.cn/assortment/stock/home/,2026-07-28
600883.SH,博闻科技,SSE,制造业,600883.SH,,上市,,https://www.sse.com.cn/assortment/stock/home/,2026-07-28
600884.SH,杉杉股份,SSE,制造业,600884.SH,,上市,,https://www.sse.com.cn/assortment/stock/home/,2026-07-28
600885.SH,宏发股份,SSE,制造业,600885.SH,,上市,,https://www.sse.com.cn/assortment/stock/home/,2026-07-28
600886.SH,国投电力,SSE,电力、热力、燃气及水生产和供应业,600886.SH,,上市,,https://www.sse.com.cn/assortment/stock/home/,2026-07-28
600887.SH,伊利股份,SSE,制造业,600887.SH,,上市,,https://www.sse.com.cn/assortment/stock/home/,2026-07-28
600888.SH,新疆众和,SSE,制造业,600888.SH,,上市,,https://www.sse.com.cn/assortment/stock/home/,2026-07-28
600889.SH,*ST京化,SSE,制造业,600889.SH,,上市,,https://www.sse.com.cn/assortment/stock/home/,2026-07-28
600892.SH,大晟文化,SSE,信息传输、软件和信息技术服务业,600892.SH,,上市,,https://www.sse.com.cn/assortment/stock/home/,2026-07-28
600893.SH,航发动力,SSE,制造业,600893.SH,,上市,,https://www.sse.com.cn/assortment/stock/home/,2026-07-28
600894.SH,广日股份,SSE,制造业,600894.SH,,上市,,https://www.sse.com.cn/assortment/stock/home/,2026-07-28
600895.SH,张江高科,SSE,房地产业,600895.SH,,上市,,https://www.sse.com.cn/assortment/stock/home/,2026-07-28
600897.SH,厦门空港,SSE,交通运输、仓储和邮政业,600897.SH,,上市,,https://www.sse.com.cn/assortment/stock/home/,2026-07-28
600900.SH,长江电力,SSE,电力、热力、燃气及水生产和供应业,600900.SH,,上市,,https://www.sse.com.cn/assortment/stock/home/,2026-07-28
600901.SH,江苏金租,SSE,金融业,600901.SH,,上市,,https://www.sse.com.cn/assortment/stock/home/,2026-07-28
600903.SH,贵州燃气,SSE,电力、热力、燃气及水生产和供应业,600903.SH,,上市,,https://www.sse.com.cn/assortment/stock/home/,2026-07-28
600905.SH,三峡能源,SSE,电力、热力、燃气及水生产和供应业,600905.SH,,上市,,https://www.sse.com.cn/assortment/stock/home/,2026-07-28
600906.SH,财达证券,SSE,金融业,600906.SH,,上市,,https://www.sse.com.cn/assortment/stock/home/,2026-07-28
600908.SH,无锡银行,SSE,金融业,600908.SH,,上市,,https://www.sse.com.cn/assortment/stock/home/,2026-07-28
600909.SH,华安证券,SSE,金融业,600909.SH,,上市,,https://www.sse.com.cn/assortment/stock/home/,2026-07-28
600916.SH,中国黄金,SSE,批发和零售业,600916.SH,,上市,,https://www.sse.com.cn/assortment/stock/home/,2026-07-28
600917.SH,重庆燃气,SSE,电力、热力、燃气及水生产和供应业,600917.SH,,上市,,https://www.sse.com.cn/assortment/stock/home/,2026-07-28
600918.SH,中泰证券,SSE,金融业,600918.SH,,上市,,https://www.sse.com.cn/assortment/stock/home/,2026-07-28
600919.SH,江苏银行,SSE,金融业,600919.SH,,上市,,https://www.sse.com.cn/assortment/stock/home/,2026-07-28
600925.SH,苏能股份,SSE,采矿业,600925.SH,,上市,,https://www.sse.com.cn/assortment/stock/home/,2026-07-28
600926.SH,杭州银行,SSE,金融业,600926.SH,,上市,,https://www.sse.com.cn/assortment/stock/home/,2026-07-28
600927.SH,永安期货,SSE,金融业,600927.SH,,上市,,https://www.sse.com.cn/assortment/stock/home/,2026-07-28
600928.SH,西安银行,SSE,金融业,600928.SH,,上市,,https://www.sse.com.cn/assortment/stock/home/,2026-07-28
600929.SH,雪天盐业,SSE,制造业,600929.SH,,上市,,https://www.sse.com.cn/assortment/stock/home/,2026-07-28
600930.SH,华电新能,SSE,电力、热力、燃气及水生产和供应业,600930.SH,,上市,,https://www.sse.com.cn/assortment/stock/home/,2026-07-28
600933.SH,爱柯迪,SSE,制造业,600933.SH,,上市,,https://www.sse.com.cn/assortment/stock/home/,2026-07-28
600935.SH,华塑股份,SSE,制造业,600935.SH,,上市,,https://www.sse.com.cn/assortment/stock/home/,2026-07-28
600936.SH,北投科技,SSE,信息传输、软件和信息技术服务业,600936.SH,,上市,,https://www.sse.com.cn/assortment/stock/home/,2026-07-28
600938.SH,中国海油,SSE,采矿业,600938.SH,,上市,,https://www.sse.com.cn/assortment/stock/home/,2026-07-28
600939.SH,重庆建工,SSE,建筑业,600939.SH,,上市,,https://www.sse.com.cn/assortment/stock/home/,2026-07-28
600941.SH,中国移动,SSE,信息传输、软件和信息技术服务业,600941.SH,,上市,,https://www.sse.com.cn/assortment/stock/home/,2026-07-28
600955.SH,维远股份,SSE,制造业,600955.SH,,上市,,https://www.sse.com.cn/assortment/stock/home/,2026-07-28
600956.SH,新天绿能,SSE,电力、热力、燃气及水生产和供应业,600956.SH,,上市,,https://www.sse.com.cn/assortment/stock/home/,2026-07-28
600958.SH,东方证券,SSE,金融业,600958.SH,,上市,,https://www.sse.com.cn/assortment/stock/home/,2026-07-28
600959.SH,江苏有线,SSE,信息传输、软件和信息技术服务业,600959.SH,,上市,,https://www.sse.com.cn/assortment/stock/home/,2026-07-28
600960.SH,渤海汽车,SSE,制造业,600960.SH,,上市,,https://www.sse.com.cn/assortment/stock/home/,2026-07-28
600961.SH,株冶集团,SSE,制造业,600961.SH,,上市,,https://www.sse.com.cn/assortment/stock/home/,2026-07-28
600962.SH,国投中鲁,SSE,制造业,600962.SH,,上市,,https://www.sse.com.cn/assortment/stock/home/,2026-07-28
600963.SH,岳阳林纸,SSE,制造业,600963.SH,,上市,,https://www.sse.com.cn/assortment/stock/home/,2026-07-28
600965.SH,*ST福成,SSE,制造业,600965.SH,,上市,,https://www.sse.com.cn/assortment/stock/home/,2026-07-28
600966.SH,博汇纸业,SSE,制造业,600966.SH,,上市,,https://www.sse.com.cn/assortment/stock/home/,2026-07-28
600967.SH,内蒙一机,SSE,制造业,600967.SH,,上市,,https://www.sse.com.cn/assortment/stock/home/,2026-07-28
600968.SH,海油发展,SSE,采矿业,600968.SH,,上市,,https://www.sse.com.cn/assortment/stock/home/,2026-07-28
600969.SH,郴电国际,SSE,电力、热力、燃气及水生产和供应业,600969.SH,,上市,,https://www.sse.com.cn/assortment/stock/home/,2026-07-28
600970.SH,中材国际,SSE,建筑业,600970.SH,,上市,,https://www.sse.com.cn/assortment/stock/home/,2026-07-28
600971.SH,恒源煤电,SSE,采矿业,600971.SH,,上市,,https://www.sse.com.cn/assortment/stock/home/,2026-07-28
600973.SH,宝胜股份,SSE,制造业,600973.SH,,上市,,https://www.sse.com.cn/assortment/stock/home/,2026-07-28
600975.SH,新五丰,SSE,农、林、牧、渔业,600975.SH,,上市,,https://www.sse.com.cn/assortment/stock/home/,2026-07-28
600976.SH,健民集团,SSE,批发和零售业,600976.SH,,上市,,https://www.sse.com.cn/assortment/stock/home/,2026-07-28
600977.SH,中国电影,SSE,文化、体育和娱乐业,600977.SH,,上市,,https://www.sse.com.cn/assortment/stock/home/,2026-07-28
600979.SH,广安爱众,SSE,电力、热力、燃气及水生产和供应业,600979.SH,,上市,,https://www.sse.com.cn/assortment/stock/home/,2026-07-28
600980.SH,北矿科技,SSE,制造业,600980.SH,,上市,,https://www.sse.com.cn/assortment/stock/home/,2026-07-28
600981.SH,苏豪汇鸿,SSE,批发和零售业,600981.SH,,上市,,https://www.sse.com.cn/assortment/stock/home/,2026-07-28
600982.SH,宁波能源,SSE,电力、热力、燃气及水生产和供应业,600982.SH,,上市,,https://www.sse.com.cn/assortment/stock/home/,2026-07-28
600983.SH,惠而浦,SSE,制造业,600983.SH,,上市,,https://www.sse.com.cn/assortment/stock/home/,2026-07-28
600984.SH,建设机械,SSE,租赁和商务服务业,600984.SH,,上市,,https://www.sse.com.cn/assortment/stock/home/,2026-07-28
600985.SH,淮北矿业,SSE,采矿业,600985.SH,,上市,,https://www.sse.com.cn/assortment/stock/home/,2026-07-28
600986.SH,浙文互联,SSE,信息传输、软件和信息技术服务业,600986.SH,,上市,,https://www.sse.com.cn/assortment/stock/home/,2026-07-28
600987.SH,航民股份,SSE,制造业,600987.SH,,上市,,https://www.sse.com.cn/assortment/stock/home/,2026-07-28
600988.SH,赤峰黄金,SSE,采矿业,600988.SH,,上市,,https://www.sse.com.cn/assortment/stock/home/,2026-07-28
600989.SH,宝丰能源,SSE,制造业,600989.SH,,上市,,https://www.sse.com.cn/assortment/stock/home/,2026-07-28
600990.SH,四创电子,SSE,制造业,600990.SH,,上市,,https://www.sse.com.cn/assortment/stock/home/,2026-07-28
600992.SH,贵绳股份,SSE,制造业,600992.SH,,上市,,https://www.sse.com.cn/assortment/stock/home/,2026-07-28
600993.SH,马应龙,SSE,制造业,600993.SH,,上市,,https://www.sse.com.cn/assortment/stock/home/,2026-07-28
600995.SH,南网储能,SSE,电力、热力、燃气及水生产和供应业,600995.SH,,上市,,https://www.sse.com.cn/assortment/stock/home/,2026-07-28
600996.SH,贵广网络,SSE,信息传输、软件和信息技术服务业,600996.SH,,上市,,https://www.sse.com.cn/assortment/stock/home/,2026-07-28
600997.SH,开滦股份,SSE,制造业,600997.SH,,上市,,https://www.sse.com.cn/assortment/stock/home/,2026-07-28
600998.SH,九州通,SSE,批发和零售业,600998.SH,,上市,,https://www.sse.com.cn/assortment/stock/home/,2026-07-28
600999.SH,招商证券,SSE,金融业,600999.SH,,上市,,https://www.sse.com.cn/assortment/stock/home/,2026-07-28
601000.SH,唐山港,SSE,交通运输、仓储和邮政业,601000.SH,,上市,,https://www.sse.com.cn/assortment/stock/home/,2026-07-28
601001.SH,晋控煤业,SSE,采矿业,601001.SH,,上市,,https://www.sse.com.cn/assortment/stock/home/,2026-07-28
601002.SH,晋亿实业,SSE,制造业,601002.SH,,上市,,https://www.sse.com.cn/assortment/stock/home/,2026-07-28
601003.SH,柳钢股份,SSE,制造业,601003.SH,,上市,,https://www.sse.com.cn/assortment/stock/home/,2026-07-28
601005.SH,重庆钢铁,SSE,制造业,601005.SH,,上市,,https://www.sse.com.cn/assortment/stock/home/,2026-07-28
601006.SH,大秦铁路,SSE,交通运输、仓储和邮政业,601006.SH,,上市,,https://www.sse.com.cn/assortment/stock/home/,2026-07-28
601007.SH,金陵饭店,SSE,住宿和餐饮业,601007.SH,,上市,,https://www.sse.com.cn/assortment/stock/home/,2026-07-28
601008.SH,连云港,SSE,交通运输、仓储和邮政业,601008.SH,,上市,,https://www.sse.com.cn/assortment/stock/home/,2026-07-28
601009.SH,南京银行,SSE,金融业,601009.SH,,上市,,https://www.sse.com.cn/assortment/stock/home/,2026-07-28
601010.SH,ST文峰,SSE,批发和零售业,601010.SH,,上市,,https://www.sse.com.cn/assortment/stock/home/,2026-07-28
601011.SH,宝泰隆,SSE,制造业,601011.SH,,上市,,https://www.sse.com.cn/assortment/stock/home/,2026-07-28
601012.SH,隆基绿能,SSE,制造业,601012.SH,,上市,,https://www.sse.com.cn/assortment/stock/home/,2026-07-28
601015.SH,陕西黑猫,SSE,制造业,601015.SH,,上市,,https://www.sse.com.cn/assortment/stock/home/,2026-07-28
601016.SH,节能风电,SSE,电力、热力、燃气及水生产和供应业,601016.SH,,上市,,https://www.sse.com.cn/assortment/stock/home/,2026-07-28
601018.SH,宁波港,SSE,交通运输、仓储和邮政业,601018.SH,,上市,,https://www.sse.com.cn/assortment/stock/home/,2026-07-28
601019.SH,山东出版,SSE,文化、体育和娱乐业,601019.SH,,上市,,https://www.sse.com.cn/assortment/stock/home/,2026-07-28
601020.SH,华钰矿业,SSE,采矿业,601020.SH,,上市,,https://www.sse.com.cn/assortment/stock/home/,2026-07-28
601021.SH,春秋航空,SSE,交通运输、仓储和邮政业,601021.SH,,上市,,https://www.sse.com.cn/assortment/stock/home/,2026-07-28
601022.SH,宁波远洋,SSE,交通运输、仓储和邮政业,601022.SH,,上市,,https://www.sse.com.cn/assortment/stock/home/,2026-07-28
601026.SH,道生天合,SSE,制造业,601026.SH,,上市,,https://www.sse.com.cn/assortment/stock/home/,2026-07-28
601033.SH,永兴股份,SSE,水利、环境和公共设施管理业,601033.SH,,上市,,https://www.sse.com.cn/assortment/stock/home/,2026-07-28
601038.SH,一拖股份,SSE,制造业,601038.SH,,上市,,https://www.sse.com.cn/assortment/stock/home/,2026-07-28
601058.SH,赛轮轮胎,SSE,制造业,601058.SH,,上市,,https://www.sse.com.cn/assortment/stock/home/,2026-07-28
601059.SH,信达证券,SSE,金融业,601059.SH,,上市,,https://www.sse.com.cn/assortment/stock/home/,2026-07-28
601061.SH,中信金属,SSE,批发和零售业,601061.SH,,上市,,https://www.sse.com.cn/assortment/stock/home/,2026-07-28
601065.SH,江盐集团,SSE,制造业,601065.SH,,上市,,https://www.sse.com.cn/assortment/stock/home/,2026-07-28
601066.SH,中信建投,SSE,金融业,601066.SH,,上市,,https://www.sse.com.cn/assortment/stock/home/,2026-07-28
601068.SH,中铝国际,SSE,建筑业,601068.SH,,上市,,https://www.sse.com.cn/assortment/stock/home/,2026-07-28
601069.SH,西部黄金,SSE,采矿业,601069.SH,,上市,,https://www.sse.com.cn/assortment/stock/home/,2026-07-28
601077.SH,渝农商行,SSE,金融业,601077.SH,,上市,,https://www.sse.com.cn/assortment/stock/home/,2026-07-28
601083.SH,锦江航运,SSE,交通运输、仓储和邮政业,601083.SH,,上市,,https://www.sse.com.cn/assortment/stock/home/,2026-07-28
601086.SH,国芳集团,SSE,批发和零售业,601086.SH,,上市,,https://www.sse.com.cn/assortment/stock/home/,2026-07-28
601088.SH,中国神华,SSE,采矿业,601088.SH,,上市,,https://www.sse.com.cn/assortment/stock/home/,2026-07-28
601089.SH,福元医药,SSE,制造业,601089.SH,,上市,,https://www.sse.com.cn/assortment/stock/home/,2026-07-28
601096.SH,宏盛华源,SSE,制造业,601096.SH,,上市,,https://www.sse.com.cn/assortment/stock/home/,2026-07-28
601098.SH,中南传媒,SSE,文化、体育和娱乐业,601098.SH,,上市,,https://www.sse.com.cn/assortment/stock/home/,2026-07-28
601099.SH,太平洋,SSE,金融业,601099.SH,,上市,,https://www.sse.com.cn/assortment/stock/home/,2026-07-28
601100.SH,恒立液压,SSE,制造业,601100.SH,,上市,,https://www.sse.com.cn/assortment/stock/home/,2026-07-28
601101.SH,昊华能源,SSE,采矿业,601101.SH,,上市,,https://www.sse.com.cn/assortment/stock/home/,2026-07-28
601106.SH,中国一重,SSE,制造业,601106.SH,,上市,,https://www.sse.com.cn/assortment/stock/home/,2026-07-28
601107.SH,四川成渝,SSE,交通运输、仓储和邮政业,601107.SH,,上市,,https://www.sse.com.cn/assortment/stock/home/,2026-07-28
601108.SH,财通证券,SSE,金融业,601108.SH,,上市,,https://www.sse.com.cn/assortment/stock/home/,2026-07-28
601111.SH,中国国航,SSE,交通运输、仓储和邮政业,601111.SH,,上市,,https://www.sse.com.cn/assortment/stock/home/,2026-07-28
601112.SH,振石股份,SSE,制造业,601112.SH,,上市,,https://www.sse.com.cn/assortment/stock/home/,2026-07-28
601113.SH,华鼎股份,SSE,批发和零售业,601113.SH,,上市,,https://www.sse.com.cn/assortment/stock/home/,2026-07-28
601116.SH,三江购物,SSE,批发和零售业,601116.SH,,上市,,https://www.sse.com.cn/assortment/stock/home/,2026-07-28
601117.SH,中国化学,SSE,建筑业,601117.SH,,上市,,https://www.sse.com.cn/assortment/stock/home/,2026-07-28
601118.SH,海南橡胶,SSE,农、林、牧、渔业,601118.SH,,上市,,https://www.sse.com.cn/assortment/stock/home/,2026-07-28
601121.SH,宝地矿业,SSE,采矿业,601121.SH,,上市,,https://www.sse.com.cn/assortment/stock/home/,2026-07-28
601126.SH,四方股份,SSE,制造业,601126.SH,,上市,,https://www.sse.com.cn/assortment/stock/home/,2026-07-28
601127.SH,赛力斯,SSE,制造业,601127.SH,,上市,,https://www.sse.com.cn/assortment/stock/home/,2026-07-28
601128.SH,常熟银行,SSE,金融业,601128.SH,,上市,,https://www.sse.com.cn/assortment/stock/home/,2026-07-28
601133.SH,柏诚股份,SSE,建筑业,601133.SH,,上市,,https://www.sse.com.cn/assortment/stock/home/,2026-07-28
601136.SH,首创证券,SSE,金融业,601136.SH,,上市,,https://www.sse.com.cn/assortment/stock/home/,2026-07-28
601137.SH,博威合金,SSE,制造业,601137.SH,,上市,,https://www.sse.com.cn/assortment/stock/home/,2026-07-28
601138.SH,工业富联,SSE,制造业,601138.SH,,上市,,https://www.sse.com.cn/assortment/stock/home/,2026-07-28
601139.SH,深圳燃气,SSE,电力、热力、燃气及水生产和供应业,601139.SH,,上市,,https://www.sse.com.cn/assortment/stock/home/,2026-07-28
601155.SH,新城控股,SSE,房地产业,601155.SH,,上市,,https://www.sse.com.cn/assortment/stock/home/,2026-07-28
601156.SH,东航物流,SSE,交通运输、仓储和邮政业,601156.SH,,上市,,https://www.sse.com.cn/assortment/stock/home/,2026-07-28
601158.SH,重庆水务,SSE,电力、热力、燃气及水生产和供应业,601158.SH,,上市,,https://www.sse.com.cn/assortment/stock/home/,2026-07-28
601162.SH,天风证券,SSE,金融业,601162.SH,,上市,,https://www.sse.com.cn/assortment/stock/home/,2026-07-28
601163.SH,三角轮胎,SSE,制造业,601163.SH,,上市,,https://www.sse.com.cn/assortment/stock/home/,2026-07-28
601166.SH,兴业银行,SSE,金融业,601166.SH,,上市,,https://www.sse.com.cn/assortment/stock/home/,2026-07-28
601168.SH,西部矿业,SSE,采矿业,601168.SH,,上市,,https://www.sse.com.cn/assortment/stock/home/,2026-07-28
601169.SH,北京银行,SSE,金融业,601169.SH,,上市,,https://www.sse.com.cn/assortment/stock/home/,2026-07-28
601177.SH,杭齿前进,SSE,制造业,601177.SH,,上市,,https://www.sse.com.cn/assortment/stock/home/,2026-07-28
601179.SH,中国西电,SSE,制造业,601179.SH,,上市,,https://www.sse.com.cn/assortment/stock/home/,2026-07-28
601186.SH,中国铁建,SSE,建筑业,601186.SH,,上市,,https://www.sse.com.cn/assortment/stock/home/,2026-07-28
601187.SH,厦门银行,SSE,金融业,601187.SH,,上市,,https://www.sse.com.cn/assortment/stock/home/,2026-07-28
601188.SH,龙江交通,SSE,交通运输、仓储和邮政业,601188.SH,,上市,,https://www.sse.com.cn/assortment/stock/home/,2026-07-28
601198.SH,东兴证券,SSE,金融业,601198.SH,,上市,,https://www.sse.com.cn/assortment/stock/home/,2026-07-28
601199.SH,江南水务,SSE,电力、热力、燃气及水生产和供应业,601199.SH,,上市,,https://www.sse.com.cn/assortment/stock/home/,2026-07-28
601200.SH,上海环境,SSE,水利、环境和公共设施管理业,601200.SH,,上市,,https://www.sse.com.cn/assortment/stock/home/,2026-07-28
601208.SH,东材科技,SSE,制造业,601208.SH,,上市,,https://www.sse.com.cn/assortment/stock/home/,2026-07-28
601211.SH,国泰海通,SSE,金融业,601211.SH,,上市,,https://www.sse.com.cn/assortment/stock/home/,2026-07-28
601212.SH,白银有色,SSE,制造业,601212.SH,,上市,,https://www.sse.com.cn/assortment/stock/home/,2026-07-28
601216.SH,君正集团,SSE,制造业,601216.SH,,上市,,https://www.sse.com.cn/assortment/stock/home/,2026-07-28
601218.SH,吉鑫科技,SSE,制造业,601218.SH,,上市,,https://www.sse.com.cn/assortment/stock/home/,2026-07-28
601222.SH,林洋能源,SSE,制造业,601222.SH,,上市,,https://www.sse.com.cn/assortment/stock/home/,2026-07-28
601225.SH,陕西煤业,SSE,采矿业,601225.SH,,上市,,https://www.sse.com.cn/assortment/stock/home/,2026-07-28
601226.SH,华电科工,SSE,科学研究和技术服务业,601226.SH,,上市,,https://www.sse.com.cn/assortment/stock/home/,2026-07-28
601228.SH,广州港,SSE,交通运输、仓储和邮政业,601228.SH,,上市,,https://www.sse.com.cn/assortment/stock/home/,2026-07-28
601229.SH,上海银行,SSE,金融业,601229.SH,,上市,,https://www.sse.com.cn/assortment/stock/home/,2026-07-28
601231.SH,环旭电子,SSE,制造业,601231.SH,,上市,,https://www.sse.com.cn/assortment/stock/home/,2026-07-28
601233.SH,桐昆股份,SSE,制造业,601233.SH,,上市,,https://www.sse.com.cn/assortment/stock/home/,2026-07-28
601236.SH,红塔证券,SSE,金融业,601236.SH,,上市,,https://www.sse.com.cn/assortment/stock/home/,2026-07-28
601238.SH,广汽集团,SSE,制造业,601238.SH,,上市,,https://www.sse.com.cn/assortment/stock/home/,2026-07-28
601279.SH,英利汽车,SSE,制造业,601279.SH,,上市,,https://www.sse.com.cn/assortment/stock/home/,2026-07-28
601288.SH,农业银行,SSE,金融业,601288.SH,,上市,,https://www.sse.com.cn/assortment/stock/home/,2026-07-28
601298.SH,青岛港,SSE,交通运输、仓储和邮政业,601298.SH,,上市,,https://www.sse.com.cn/assortment/stock/home/,2026-07-28
601311.SH,骆驼股份,SSE,制造业,601311.SH,,上市,,https://www.sse.com.cn/assortment/stock/home/,2026-07-28
601318.SH,中国平安,SSE,金融业,601318.SH,,上市,,https://www.sse.com.cn/assortment/stock/home/,2026-07-28
601319.SH,中国人保,SSE,金融业,601319.SH,,上市,,https://www.sse.com.cn/assortment/stock/home/,2026-07-28
601326.SH,秦港股份,SSE,交通运输、仓储和邮政业,601326.SH,,上市,,https://www.sse.com.cn/assortment/stock/home/,2026-07-28
601328.SH,交通银行,SSE,金融业,601328.SH,,上市,,https://www.sse.com.cn/assortment/stock/home/,2026-07-28
601330.SH,绿色动力,SSE,水利、环境和公共设施管理业,601330.SH,,上市,,https://www.sse.com.cn/assortment/stock/home/,2026-07-28
601333.SH,广深铁路,SSE,交通运输、仓储和邮政业,601333.SH,,上市,,https://www.sse.com.cn/assortment/stock/home/,2026-07-28
601336.SH,新华保险,SSE,金融业,601336.SH,,上市,,https://www.sse.com.cn/assortment/stock/home/,2026-07-28
601339.SH,百隆东方,SSE,制造业,601339.SH,,上市,,https://www.sse.com.cn/assortment/stock/home/,2026-07-28
601360.SH,三六零,SSE,信息传输、软件和信息技术服务业,601360.SH,,上市,,https://www.sse.com.cn/assortment/stock/home/,2026-07-28
601366.SH,利群股份,SSE,批发和零售业,601366.SH,,上市,,https://www.sse.com.cn/assortment/stock/home/,2026-07-28
601368.SH,绿城水务,SSE,电力、热力、燃气及水生产和供应业,601368.SH,,上市,,https://www.sse.com.cn/assortment/stock/home/,2026-07-28
601369.SH,陕鼓动力,SSE,制造业,601369.SH,,上市,,https://www.sse.com.cn/assortment/stock/home/,2026-07-28
601375.SH,中原证券,SSE,金融业,601375.SH,,上市,,https://www.sse.com.cn/assortment/stock/home/,2026-07-28
601377.SH,兴业证券,SSE,金融业,601377.SH,,上市,,https://www.sse.com.cn/assortment/stock/home/,2026-07-28
601388.SH,怡球资源,SSE,制造业,601388.SH,,上市,,https://www.sse.com.cn/assortment/stock/home/,2026-07-28
601390.SH,中国中铁,SSE,建筑业,601390.SH,,上市,,https://www.sse.com.cn/assortment/stock/home/,2026-07-28
601398.SH,工商银行,SSE,金融业,601398.SH,,上市,,https://www.sse.com.cn/assortment/stock/home/,2026-07-28
601399.SH,国机重装,SSE,制造业,601399.SH,,上市,,https://www.sse.com.cn/assortment/stock/home/,2026-07-28
601456.SH,国联民生,SSE,金融业,601456.SH,,上市,,https://www.sse.com.cn/assortment/stock/home/,2026-07-28
601500.SH,通用股份,SSE,制造业,601500.SH,,上市,,https://www.sse.com.cn/assortment/stock/home/,2026-07-28
601512.SH,中新集团,SSE,房地产业,601512.SH,,上市,,https://www.sse.com.cn/assortment/stock/home/,2026-07-28
601515.SH,衢州东峰,SSE,制造业,601515.SH,,上市,,https://www.sse.com.cn/assortment/stock/home/,2026-07-28
601518.SH,吉林高速,SSE,交通运输、仓储和邮政业,601518.SH,,上市,,https://www.sse.com.cn/assortment/stock/home/,2026-07-28
601519.SH,大智慧,SSE,金融业,601519.SH,,上市,,https://www.sse.com.cn/assortment/stock/home/,2026-07-28
601528.SH,瑞丰银行,SSE,金融业,601528.SH,,上市,,https://www.sse.com.cn/assortment/stock/home/,2026-07-28
601555.SH,东吴证券,SSE,金融业,601555.SH,,上市,,https://www.sse.com.cn/assortment/stock/home/,2026-07-28
601566.SH,九牧王,SSE,制造业,601566.SH,,上市,,https://www.sse.com.cn/assortment/stock/home/,2026-07-28
601567.SH,三星电气,SSE,制造业,601567.SH,,上市,,https://www.sse.com.cn/assortment/stock/home/,2026-07-28
601568.SH,北元化工,SSE,制造业,601568.SH,,上市,,https://www.sse.com.cn/assortment/stock/home/,2026-07-28
601577.SH,长沙银行,SSE,金融业,601577.SH,,上市,,https://www.sse.com.cn/assortment/stock/home/,2026-07-28
601579.SH,会稽山,SSE,制造业,601579.SH,,上市,,https://www.sse.com.cn/assortment/stock/home/,2026-07-28
601588.SH,北辰实业,SSE,房地产业,601588.SH,,上市,,https://www.sse.com.cn/assortment/stock/home/,2026-07-28
601595.SH,上海电影,SSE,文化、体育和娱乐业,601595.SH,,上市,,https://www.sse.com.cn/assortment/stock/home/,2026-07-28
601598.SH,中国外运,SSE,交通运输、仓储和邮政业,601598.SH,,上市,,https://www.sse.com.cn/assortment/stock/home/,2026-07-28
601599.SH,浙文影业,SSE,制造业,601599.SH,,上市,,https://www.sse.com.cn/assortment/stock/home/,2026-07-28
601600.SH,中国铝业,SSE,制造业,601600.SH,,上市,,https://www.sse.com.cn/assortment/stock/home/,2026-07-28
601601.SH,中国太保,SSE,金融业,601601.SH,,上市,,https://www.sse.com.cn/assortment/stock/home/,2026-07-28
601606.SH,长城军工,SSE,制造业,601606.SH,,上市,,https://www.sse.com.cn/assortment/stock/home/,2026-07-28
601607.SH,上海医药,SSE,批发和零售业,601607.SH,,上市,,https://www.sse.com.cn/assortment/stock/home/,2026-07-28
601608.SH,中信重工,SSE,制造业,601608.SH,,上市,,https://www.sse.com.cn/assortment/stock/home/,2026-07-28
601609.SH,金田股份,SSE,制造业,601609.SH,,上市,,https://www.sse.com.cn/assortment/stock/home/,2026-07-28
601611.SH,中国核建,SSE,建筑业,601611.SH,,上市,,https://www.sse.com.cn/assortment/stock/home/,2026-07-28
601615.SH,明阳智能,SSE,制造业,601615.SH,,上市,,https://www.sse.com.cn/assortment/stock/home/,2026-07-28
601616.SH,广电电气,SSE,制造业,601616.SH,,上市,,https://www.sse.com.cn/assortment/stock/home/,2026-07-28
601618.SH,中国中冶,SSE,建筑业,601618.SH,,上市,,https://www.sse.com.cn/assortment/stock/home/,2026-07-28
601619.SH,嘉泽新能,SSE,电力、热力、燃气及水生产和供应业,601619.SH,,上市,,https://www.sse.com.cn/assortment/stock/home/,2026-07-28
601628.SH,中国人寿,SSE,金融业,601628.SH,,上市,,https://www.sse.com.cn/assortment/stock/home/,2026-07-28
601633.SH,长城汽车,SSE,制造业,601633.SH,,上市,,https://www.sse.com.cn/assortment/stock/home/,2026-07-28
601636.SH,旗滨集团,SSE,制造业,601636.SH,,上市,,https://www.sse.com.cn/assortment/stock/home/,2026-07-28
601658.SH,邮储银行,SSE,金融业,601658.SH,,上市,,https://www.sse.com.cn/assortment/stock/home/,2026-07-28
601665.SH,齐鲁银行,SSE,金融业,601665.SH,,上市,,https://www.sse.com.cn/assortment/stock/home/,2026-07-28
601666.SH,平煤股份,SSE,采矿业,601666.SH,,上市,,https://www.sse.com.cn/assortment/stock/home/,2026-07-28
601668.SH,中国建筑,SSE,建筑业,601668.SH,,上市,,https://www.sse.com.cn/assortment/stock/home/,2026-07-28
601669.SH,中国电建,SSE,建筑业,601669.SH,,上市,,https://www.sse.com.cn/assortment/stock/home/,2026-07-28
601677.SH,明泰铝业,SSE,制造业,601677.SH,,上市,,https://www.sse.com.cn/assortment/stock/home/,2026-07-28
601678.SH,滨化股份,SSE,制造业,601678.SH,,上市,,https://www.sse.com.cn/assortment/stock/home/,2026-07-28
601686.SH,友发集团,SSE,制造业,601686.SH,,上市,,https://www.sse.com.cn/assortment/stock/home/,2026-07-28
601688.SH,华泰证券,SSE,金融业,601688.SH,,上市,,https://www.sse.com.cn/assortment/stock/home/,2026-07-28
601689.SH,拓普集团,SSE,制造业,601689.SH,,上市,,https://www.sse.com.cn/assortment/stock/home/,2026-07-28
601696.SH,中银证券,SSE,金融业,601696.SH,,上市,,https://www.sse.com.cn/assortment/stock/home/,2026-07-28
601698.SH,中国卫通,SSE,信息传输、软件和信息技术服务业,601698.SH,,上市,,https://www.sse.com.cn/assortment/stock/home/,2026-07-28
601699.SH,潞安环能,SSE,采矿业,601699.SH,,上市,,https://www.sse.com.cn/assortment/stock/home/,2026-07-28
601700.SH,风范股份,SSE,制造业,601700.SH,,上市,,https://www.sse.com.cn/assortment/stock/home/,2026-07-28
601702.SH,华峰铝业,SSE,制造业,601702.SH,,上市,,https://www.sse.com.cn/assortment/stock/home/,2026-07-28
601717.SH,中创智领,SSE,制造业,601717.SH,,上市,,https://www.sse.com.cn/assortment/stock/home/,2026-07-28
601718.SH,ST际华,SSE,制造业,601718.SH,,上市,,https://www.sse.com.cn/assortment/stock/home/,2026-07-28
601727.SH,上海电气,SSE,制造业,601727.SH,,上市,,https://www.sse.com.cn/assortment/stock/home/,2026-07-28
601728.SH,中国电信,SSE,信息传输、软件和信息技术服务业,601728.SH,,上市,,https://www.sse.com.cn/assortment/stock/home/,2026-07-28
601766.SH,中国中车,SSE,制造业,601766.SH,,上市,,https://www.sse.com.cn/assortment/stock/home/,2026-07-28
601777.SH,千里科技,SSE,制造业,601777.SH,,上市,,https://www.sse.com.cn/assortment/stock/home/,2026-07-28
601778.SH,晶科科技,SSE,电力、热力、燃气及水生产和供应业,601778.SH,,上市,,https://www.sse.com.cn/assortment/stock/home/,2026-07-28
601788.SH,光大证券,SSE,金融业,601788.SH,,上市,,https://www.sse.com.cn/assortment/stock/home/,2026-07-28
601789.SH,宁波建工,SSE,建筑业,601789.SH,,上市,,https://www.sse.com.cn/assortment/stock/home/,2026-07-28
601798.SH,蓝科高新,SSE,制造业,601798.SH,,上市,,https://www.sse.com.cn/assortment/stock/home/,2026-07-28
601799.SH,星宇股份,SSE,制造业,601799.SH,,上市,,https://www.sse.com.cn/assortment/stock/home/,2026-07-28
601800.SH,中国交建,SSE,建筑业,601800.SH,,上市,,https://www.sse.com.cn/assortment/stock/home/,2026-07-28
601801.SH,皖新传媒,SSE,文化、体育和娱乐业,601801.SH,,上市,,https://www.sse.com.cn/assortment/stock/home/,2026-07-28
601808.SH,中海油服,SSE,采矿业,601808.SH,,上市,,https://www.sse.com.cn/assortment/stock/home/,2026-07-28
601811.SH,新华文轩,SSE,文化、体育和娱乐业,601811.SH,,上市,,https://www.sse.com.cn/assortment/stock/home/,2026-07-28
601816.SH,京沪高铁,SSE,交通运输、仓储和邮政业,601816.SH,,上市,,https://www.sse.com.cn/assortment/stock/home/,2026-07-28
601818.SH,光大银行,SSE,金融业,601818.SH,,上市,,https://www.sse.com.cn/assortment/stock/home/,2026-07-28
601825.SH,沪农商行,SSE,金融业,601825.SH,,上市,,https://www.sse.com.cn/assortment/stock/home/,2026-07-28
601827.SH,三峰环境,SSE,水利、环境和公共设施管理业,601827.SH,,上市,,https://www.sse.com.cn/assortment/stock/home/,2026-07-28
601828.SH,美凯龙,SSE,租赁和商务服务业,601828.SH,,上市,,https://www.sse.com.cn/assortment/stock/home/,2026-07-28
601838.SH,成都银行,SSE,金融业,601838.SH,,上市,,https://www.sse.com.cn/assortment/stock/home/,2026-07-28
601857.SH,中国石油,SSE,采矿业,601857.SH,,上市,,https://www.sse.com.cn/assortment/stock/home/,2026-07-28
601858.SH,中国科传,SSE,文化、体育和娱乐业,601858.SH,,上市,,https://www.sse.com.cn/assortment/stock/home/,2026-07-28
601860.SH,紫金银行,SSE,金融业,601860.SH,,上市,,https://www.sse.com.cn/assortment/stock/home/,2026-07-28
601865.SH,福莱特,SSE,制造业,601865.SH,,上市,,https://www.sse.com.cn/assortment/stock/home/,2026-07-28
601866.SH,中远海发,SSE,交通运输、仓储和邮政业,601866.SH,,上市,,https://www.sse.com.cn/assortment/stock/home/,2026-07-28
601868.SH,中国能建,SSE,建筑业,601868.SH,,上市,,https://www.sse.com.cn/assortment/stock/home/,2026-07-28
601869.SH,长飞光纤,SSE,制造业,601869.SH,,上市,,https://www.sse.com.cn/assortment/stock/home/,2026-07-28
601872.SH,招商轮船,SSE,交通运输、仓储和邮政业,601872.SH,,上市,,https://www.sse.com.cn/assortment/stock/home/,2026-07-28
601877.SH,正泰电器,SSE,制造业,601877.SH,,上市,,https://www.sse.com.cn/assortment/stock/home/,2026-07-28
601878.SH,浙商证券,SSE,金融业,601878.SH,,上市,,https://www.sse.com.cn/assortment/stock/home/,2026-07-28
601880.SH,辽港股份,SSE,交通运输、仓储和邮政业,601880.SH,,上市,,https://www.sse.com.cn/assortment/stock/home/,2026-07-28
601881.SH,中国银河,SSE,金融业,601881.SH,,上市,,https://www.sse.com.cn/assortment/stock/home/,2026-07-28
601882.SH,海天精工,SSE,制造业,601882.SH,,上市,,https://www.sse.com.cn/assortment/stock/home/,2026-07-28
601886.SH,江河集团,SSE,建筑业,601886.SH,,上市,,https://www.sse.com.cn/assortment/stock/home/,2026-07-28
601888.SH,中国中免,SSE,租赁和商务服务业,601888.SH,,上市,,https://www.sse.com.cn/assortment/stock/home/,2026-07-28
601890.SH,亚星锚链,SSE,制造业,601890.SH,,上市,,https://www.sse.com.cn/assortment/stock/home/,2026-07-28
601898.SH,中煤能源,SSE,采矿业,601898.SH,,上市,,https://www.sse.com.cn/assortment/stock/home/,2026-07-28
601899.SH,紫金矿业,SSE,采矿业,601899.SH,,上市,,https://www.sse.com.cn/assortment/stock/home/,2026-07-28
601900.SH,南方传媒,SSE,文化、体育和娱乐业,601900.SH,,上市,,https://www.sse.com.cn/assortment/stock/home/,2026-07-28
601901.SH,方正证券,SSE,金融业,601901.SH,,上市,,https://www.sse.com.cn/assortment/stock/home/,2026-07-28
601908.SH,京运通,SSE,制造业,601908.SH,,上市,,https://www.sse.com.cn/assortment/stock/home/,2026-07-28
601916.SH,浙商银行,SSE,金融业,601916.SH,,上市,,https://www.sse.com.cn/assortment/stock/home/,2026-07-28
601918.SH,新集能源,SSE,采矿业,601918.SH,,上市,,https://www.sse.com.cn/assortment/stock/home/,2026-07-28
601919.SH,中远海控,SSE,交通运输、仓储和邮政业,601919.SH,,上市,,https://www.sse.com.cn/assortment/stock/home/,2026-07-28
601921.SH,浙版传媒,SSE,文化、体育和娱乐业,601921.SH,,上市,,https://www.sse.com.cn/assortment/stock/home/,2026-07-28
601928.SH,凤凰传媒,SSE,文化、体育和娱乐业,601928.SH,,上市,,https://www.sse.com.cn/assortment/stock/home/,2026-07-28
601929.SH,吉视传媒,SSE,信息传输、软件和信息技术服务业,601929.SH,,上市,,https://www.sse.com.cn/assortment/stock/home/,2026-07-28
601933.SH,永辉超市,SSE,批发和零售业,601933.SH,,上市,,https://www.sse.com.cn/assortment/stock/home/,2026-07-28
601939.SH,建设银行,SSE,金融业,601939.SH,,上市,,https://www.sse.com.cn/assortment/stock/home/,2026-07-28
601949.SH,中国出版,SSE,文化、体育和娱乐业,601949.SH,,上市,,https://www.sse.com.cn/assortment/stock/home/,2026-07-28
601952.SH,苏垦农发,SSE,制造业,601952.SH,,上市,,https://www.sse.com.cn/assortment/stock/home/,2026-07-28
601956.SH,东贝集团,SSE,制造业,601956.SH,,上市,,https://www.sse.com.cn/assortment/stock/home/,2026-07-28
601958.SH,金钼股份,SSE,采矿业,601958.SH,,上市,,https://www.sse.com.cn/assortment/stock/home/,2026-07-28
601963.SH,重庆银行,SSE,金融业,601963.SH,,上市,,https://www.sse.com.cn/assortment/stock/home/,2026-07-28
601965.SH,中国汽研,SSE,科学研究和技术服务业,601965.SH,,上市,,https://www.sse.com.cn/assortment/stock/home/,2026-07-28
601966.SH,玲珑轮胎,SSE,制造业,601966.SH,,上市,,https://www.sse.com.cn/assortment/stock/home/,2026-07-28
601968.SH,宝钢包装,SSE,制造业,601968.SH,,上市,,https://www.sse.com.cn/assortment/stock/home/,2026-07-28
601969.SH,海南矿业,SSE,采矿业,601969.SH,,上市,,https://www.sse.com.cn/assortment/stock/home/,2026-07-28
601975.SH,招商南油,SSE,交通运输、仓储和邮政业,601975.SH,,上市,,https://www.sse.com.cn/assortment/stock/home/,2026-07-28
601985.SH,中国核电,SSE,电力、热力、燃气及水生产和供应业,601985.SH,,上市,,https://www.sse.com.cn/assortment/stock/home/,2026-07-28
601988.SH,中国银行,SSE,金融业,601988.SH,,上市,,https://www.sse.com.cn/assortment/stock/home/,2026-07-28
601990.SH,南京证券,SSE,金融业,601990.SH,,上市,,https://www.sse.com.cn/assortment/stock/home/,2026-07-28
601991.SH,大唐发电,SSE,电力、热力、燃气及水生产和供应业,601991.SH,,上市,,https://www.sse.com.cn/assortment/stock/home/,2026-07-28
601992.SH,金隅集团,SSE,制造业,601992.SH,,上市,,https://www.sse.com.cn/assortment/stock/home/,2026-07-28
601995.SH,中金公司,SSE,金融业,601995.SH,,上市,,https://www.sse.com.cn/assortment/stock/home/,2026-07-28
601996.SH,丰林集团,SSE,制造业,601996.SH,,上市,,https://www.sse.com.cn/assortment/stock/home/,2026-07-28
601997.SH,贵阳银行,SSE,金融业,601997.SH,,上市,,https://www.sse.com.cn/assortment/stock/home/,2026-07-28
601998.SH,中信银行,SSE,金融业,601998.SH,,上市,,https://www.sse.com.cn/assortment/stock/home/,2026-07-28
601999.SH,出版传媒,SSE,文化、体育和娱乐业,601999.SH,,上市,,https://www.sse.com.cn/assortment/stock/home/,2026-07-28
603000.SH,人民网,SSE,信息传输、软件和信息技术服务业,603000.SH,,上市,,https://www.sse.com.cn/assortment/stock/home/,2026-07-28
603001.SH,奥康国际,SSE,制造业,603001.SH,,上市,,https://www.sse.com.cn/assortment/stock/home/,2026-07-28
603002.SH,宏昌电子,SSE,制造业,603002.SH,,上市,,https://www.sse.com.cn/assortment/stock/home/,2026-07-28
603004.SH,鼎龙科技,SSE,制造业,603004.SH,,上市,,https://www.sse.com.cn/assortment/stock/home/,2026-07-28
603005.SH,晶方科技,SSE,制造业,603005.SH,,上市,,https://www.sse.com.cn/assortment/stock/home/,2026-07-28
603006.SH,联明股份,SSE,制造业,603006.SH,,上市,,https://www.sse.com.cn/assortment/stock/home/,2026-07-28
603007.SH,顺景科技,SSE,建筑业,603007.SH,,上市,,https://www.sse.com.cn/assortment/stock/home/,2026-07-28
603008.SH,ST喜临门,SSE,制造业,603008.SH,,上市,,https://www.sse.com.cn/assortment/stock/home/,2026-07-28
603009.SH,北特科技,SSE,制造业,603009.SH,,上市,,https://www.sse.com.cn/assortment/stock/home/,2026-07-28
603010.SH,万盛股份,SSE,制造业,603010.SH,,上市,,https://www.sse.com.cn/assortment/stock/home/,2026-07-28
603011.SH,合锻智能,SSE,制造业,603011.SH,,上市,,https://www.sse.com.cn/assortment/stock/home/,2026-07-28
603012.SH,创力集团,SSE,制造业,603012.SH,,上市,,https://www.sse.com.cn/assortment/stock/home/,2026-07-28
603013.SH,亚普股份,SSE,制造业,603013.SH,,上市,,https://www.sse.com.cn/assortment/stock/home/,2026-07-28
603014.SH,威高血净,SSE,制造业,603014.SH,,上市,,https://www.sse.com.cn/assortment/stock/home/,2026-07-28
603015.SH,弘讯科技,SSE,制造业,603015.SH,,上市,,https://www.sse.com.cn/assortment/stock/home/,2026-07-28
603016.SH,新宏泰,SSE,制造业,603016.SH,,上市,,https://www.sse.com.cn/assortment/stock/home/,2026-07-28
603017.SH,中衡设计,SSE,科学研究和技术服务业,603017.SH,,上市,,https://www.sse.com.cn/assortment/stock/home/,2026-07-28
603018.SH,华设集团,SSE,科学研究和技术服务业,603018.SH,,上市,,https://www.sse.com.cn/assortment/stock/home/,2026-07-28
603019.SH,中科曙光,SSE,制造业,603019.SH,,上市,,https://www.sse.com.cn/assortment/stock/home/,2026-07-28
603020.SH,爱普股份,SSE,制造业,603020.SH,,上市,,https://www.sse.com.cn/assortment/stock/home/,2026-07-28
603021.SH,*ST华鹏,SSE,制造业,603021.SH,,上市,,https://www.sse.com.cn/assortment/stock/home/,2026-07-28
603022.SH,新通联,SSE,制造业,603022.SH,,上市,,https://www.sse.com.cn/assortment/stock/home/,2026-07-28
603023.SH,威帝股份,SSE,制造业,603023.SH,,上市,,https://www.sse.com.cn/assortment/stock/home/,2026-07-28
603025.SH,大豪科技,SSE,制造业,603025.SH,,上市,,https://www.sse.com.cn/assortment/stock/home/,2026-07-28
603026.SH,石大胜华,SSE,制造业,603026.SH,,上市,,https://www.sse.com.cn/assortment/stock/home/,2026-07-28
603027.SH,千禾味业,SSE,制造业,603027.SH,,上市,,https://www.sse.com.cn/assortment/stock/home/,2026-07-28
603028.SH,赛福天,SSE,制造业,603028.SH,,上市,,https://www.sse.com.cn/assortment/stock/home/,2026-07-28
603029.SH,天鹅股份,SSE,制造业,603029.SH,,上市,,https://www.sse.com.cn/assortment/stock/home/,2026-07-28
603030.SH,全筑股份,SSE,建筑业,603030.SH,,上市,,https://www.sse.com.cn/assortment/stock/home/,2026-07-28
603031.SH,安孚科技,SSE,制造业,603031.SH,,上市,,https://www.sse.com.cn/assortment/stock/home/,2026-07-28
603032.SH,德新科技,SSE,制造业,603032.SH,,上市,,https://www.sse.com.cn/assortment/stock/home/,2026-07-28
603033.SH,三维股份,SSE,制造业,603033.SH,,上市,,https://www.sse.com.cn/assortment/stock/home/,2026-07-28
603035.SH,常熟汽饰,SSE,制造业,603035.SH,,上市,,https://www.sse.com.cn/assortment/stock/home/,2026-07-28
603036.SH,如通股份,SSE,制造业,603036.SH,,上市,,https://www.sse.com.cn/assortment/stock/home/,2026-07-28
603037.SH,凯众股份,SSE,制造业,603037.SH,,上市,,https://www.sse.com.cn/assortment/stock/home/,2026-07-28
603038.SH,华立股份,SSE,制造业,603038.SH,,上市,,https://www.sse.com.cn/assortment/stock/home/,2026-07-28
603039.SH,泛微网络,SSE,信息传输、软件和信息技术服务业,603039.SH,,上市,,https://www.sse.com.cn/assortment/stock/home/,2026-07-28
603040.SH,新坐标,SSE,制造业,603040.SH,,上市,,https://www.sse.com.cn/assortment/stock/home/,2026-07-28
603041.SH,美思德,SSE,制造业,603041.SH,,上市,,https://www.sse.com.cn/assortment/stock/home/,2026-07-28
603042.SH,华脉科技,SSE,制造业,603042.SH,,上市,,https://www.sse.com.cn/assortment/stock/home/,2026-07-28
603043.SH,广州酒家,SSE,制造业,603043.SH,,上市,,https://www.sse.com.cn/assortment/stock/home/,2026-07-28
603045.SH,福达合金,SSE,制造业,603045.SH,,上市,,https://www.sse.com.cn/assortment/stock/home/,2026-07-28
603048.SH,浙江黎明,SSE,制造业,603048.SH,,上市,,https://www.sse.com.cn/assortment/stock/home/,2026-07-28
603049.SH,中策橡胶,SSE,制造业,603049.SH,,上市,,https://www.sse.com.cn/assortment/stock/home/,2026-07-28
603050.SH,科林电气,SSE,制造业,603050.SH,,上市,,https://www.sse.com.cn/assortment/stock/home/,2026-07-28
603051.SH,鹿山新材,SSE,制造业,603051.SH,,上市,,https://www.sse.com.cn/assortment/stock/home/,2026-07-28
603052.SH,可川科技,SSE,制造业,603052.SH,,上市,,https://www.sse.com.cn/assortment/stock/home/,2026-07-28
603053.SH,成都燃气,SSE,电力、热力、燃气及水生产和供应业,603053.SH,,上市,,https://www.sse.com.cn/assortment/stock/home/,2026-07-28
603055.SH,台华新材,SSE,制造业,603055.SH,,上市,,https://www.sse.com.cn/assortment/stock/home/,2026-07-28
603057.SH,紫燕食品,SSE,制造业,603057.SH,,上市,,https://www.sse.com.cn/assortment/stock/home/,2026-07-28
603058.SH,永吉股份,SSE,制造业,603058.SH,,上市,,https://www.sse.com.cn/assortment/stock/home/,2026-07-28
603059.SH,倍加洁,SSE,制造业,603059.SH,,上市,,https://www.sse.com.cn/assortment/stock/home/,2026-07-28
603060.SH,国检集团,SSE,科学研究和技术服务业,603060.SH,,上市,,https://www.sse.com.cn/assortment/stock/home/,2026-07-28
603061.SH,金海通,SSE,制造业,603061.SH,,上市,,https://www.sse.com.cn/assortment/stock/home/,2026-07-28
603062.SH,麦加芯彩,SSE,制造业,603062.SH,,上市,,https://www.sse.com.cn/assortment/stock/home/,2026-07-28
603063.SH,禾望电气,SSE,制造业,603063.SH,,上市,,https://www.sse.com.cn/assortment/stock/home/,2026-07-28
603065.SH,宿迁联盛,SSE,制造业,603065.SH,,上市,,https://www.sse.com.cn/assortment/stock/home/,2026-07-28
603066.SH,音飞储存,SSE,交通运输、仓储和邮政业,603066.SH,,上市,,https://www.sse.com.cn/assortment/stock/home/,2026-07-28
603067.SH,振华股份,SSE,制造业,603067.SH,,上市,,https://www.sse.com.cn/assortment/stock/home/,2026-07-28
603068.SH,博通集成,SSE,制造业,603068.SH,,上市,,https://www.sse.com.cn/assortment/stock/home/,2026-07-28
603069.SH,海汽集团,SSE,交通运输、仓储和邮政业,603069.SH,,上市,,https://www.sse.com.cn/assortment/stock/home/,2026-07-28
603070.SH,万控智造,SSE,制造业,603070.SH,,上市,,https://www.sse.com.cn/assortment/stock/home/,2026-07-28
603071.SH,物产环能,SSE,批发和零售业,603071.SH,,上市,,https://www.sse.com.cn/assortment/stock/home/,2026-07-28
603072.SH,天和磁材,SSE,制造业,603072.SH,,上市,,https://www.sse.com.cn/assortment/stock/home/,2026-07-28
603073.SH,彩蝶实业,SSE,制造业,603073.SH,,上市,,https://www.sse.com.cn/assortment/stock/home/,2026-07-28
603075.SH,热威股份,SSE,制造业,603075.SH,,上市,,https://www.sse.com.cn/assortment/stock/home/,2026-07-28
603076.SH,乐惠国际,SSE,制造业,603076.SH,,上市,,https://www.sse.com.cn/assortment/stock/home/,2026-07-28
603077.SH,和邦生物,SSE,制造业,603077.SH,,上市,,https://www.sse.com.cn/assortment/stock/home/,2026-07-28
603078.SH,江化微,SSE,制造业,603078.SH,,上市,,https://www.sse.com.cn/assortment/stock/home/,2026-07-28
603079.SH,圣达生物,SSE,制造业,603079.SH,,上市,,https://www.sse.com.cn/assortment/stock/home/,2026-07-28
603080.SH,新疆火炬,SSE,电力、热力、燃气及水生产和供应业,603080.SH,,上市,,https://www.sse.com.cn/assortment/stock/home/,2026-07-28
603081.SH,大丰实业,SSE,制造业,603081.SH,,上市,,https://www.sse.com.cn/assortment/stock/home/,2026-07-28
603082.SH,北自科技,SSE,制造业,603082.SH,,上市,,https://www.sse.com.cn/assortment/stock/home/,2026-07-28
603083.SH,剑桥科技,SSE,制造业,603083.SH,,上市,,https://www.sse.com.cn/assortment/stock/home/,2026-07-28
603085.SH,天成自控,SSE,制造业,603085.SH,,上市,,https://www.sse.com.cn/assortment/stock/home/,2026-07-28
603086.SH,先达股份,SSE,制造业,603086.SH,,上市,,https://www.sse.com.cn/assortment/stock/home/,2026-07-28
603087.SH,甘李药业,SSE,制造业,603087.SH,,上市,,https://www.sse.com.cn/assortment/stock/home/,2026-07-28
603088.SH,宁波精达,SSE,制造业,603088.SH,,上市,,https://www.sse.com.cn/assortment/stock/home/,2026-07-28
603089.SH,正裕工业,SSE,制造业,603089.SH,,上市,,https://www.sse.com.cn/assortment/stock/home/,2026-07-28
603090.SH,宏盛股份,SSE,制造业,603090.SH,,上市,,https://www.sse.com.cn/assortment/stock/home/,2026-07-28
603091.SH,众鑫股份,SSE,制造业,603091.SH,,上市,,https://www.sse.com.cn/assortment/stock/home/,2026-07-28
603092.SH,德力佳,SSE,制造业,603092.SH,,上市,,https://www.sse.com.cn/assortment/stock/home/,2026-07-28
603093.SH,南华期货,SSE,金融业,603093.SH,,上市,,https://www.sse.com.cn/assortment/stock/home/,2026-07-28
603095.SH,越剑智能,SSE,制造业,603095.SH,,上市,,https://www.sse.com.cn/assortment/stock/home/,2026-07-28
603096.SH,新经典,SSE,文化、体育和娱乐业,603096.SH,,上市,,https://www.sse.com.cn/assortment/stock/home/,2026-07-28
603097.SH,江苏华辰,SSE,制造业,603097.SH,,上市,,https://www.sse.com.cn/assortment/stock/home/,2026-07-28
603098.SH,森特股份,SSE,建筑业,603098.SH,,上市,,https://www.sse.com.cn/assortment/stock/home/,2026-07-28
603099.SH,长白山,SSE,水利、环境和公共设施管理业,603099.SH,,上市,,https://www.sse.com.cn/assortment/stock/home/,2026-07-28
603100.SH,川仪股份,SSE,制造业,603100.SH,,上市,,https://www.sse.com.cn/assortment/stock/home/,2026-07-28
603101.SH,汇嘉时代,SSE,批发和零售业,603101.SH,,上市,,https://www.sse.com.cn/assortment/stock/home/,2026-07-28
603102.SH,百合股份,SSE,制造业,603102.SH,,上市,,https://www.sse.com.cn/assortment/stock/home/,2026-07-28
603103.SH,横店影视,SSE,文化、体育和娱乐业,603103.SH,,上市,,https://www.sse.com.cn/assortment/stock/home/,2026-07-28
603105.SH,芯能科技,SSE,电力、热力、燃气及水生产和供应业,603105.SH,,上市,,https://www.sse.com.cn/assortment/stock/home/,2026-07-28
603106.SH,恒银科技,SSE,制造业,603106.SH,,上市,,https://www.sse.com.cn/assortment/stock/home/,2026-07-28
603107.SH,上海汽配,SSE,制造业,603107.SH,,上市,,https://www.sse.com.cn/assortment/stock/home/,2026-07-28
603108.SH,润达医疗,SSE,批发和零售业,603108.SH,,上市,,https://www.sse.com.cn/assortment/stock/home/,2026-07-28
603109.SH,神驰机电,SSE,制造业,603109.SH,,上市,,https://www.sse.com.cn/assortment/stock/home/,2026-07-28
603110.SH,东方材料,SSE,制造业,603110.SH,,上市,,https://www.sse.com.cn/assortment/stock/home/,2026-07-28
603111.SH,康尼机电,SSE,制造业,603111.SH,,上市,,https://www.sse.com.cn/assortment/stock/home/,2026-07-28
603112.SH,华翔股份,SSE,制造业,603112.SH,,上市,,https://www.sse.com.cn/assortment/stock/home/,2026-07-28
603113.SH,金能科技,SSE,制造业,603113.SH,,上市,,https://www.sse.com.cn/assortment/stock/home/,2026-07-28
603115.SH,海星股份,SSE,制造业,603115.SH,,上市,,https://www.sse.com.cn/assortment/stock/home/,2026-07-28
603116.SH,红蜻蜓,SSE,制造业,603116.SH,,上市,,https://www.sse.com.cn/assortment/stock/home/,2026-07-28
603117.SH,万林物流,SSE,交通运输、仓储和邮政业,603117.SH,,上市,,https://www.sse.com.cn/assortment/stock/home/,2026-07-28
603118.SH,共进股份,SSE,制造业,603118.SH,,上市,,https://www.sse.com.cn/assortment/stock/home/,2026-07-28
603119.SH,浙江荣泰,SSE,制造业,603119.SH,,上市,,https://www.sse.com.cn/assortment/stock/home/,2026-07-28
603120.SH,肯特催化,SSE,制造业,603120.SH,,上市,,https://www.sse.com.cn/assortment/stock/home/,2026-07-28
603121.SH,华培动力,SSE,制造业,603121.SH,,上市,,https://www.sse.com.cn/assortment/stock/home/,2026-07-28
603122.SH,合富中国,SSE,批发和零售业,603122.SH,,上市,,https://www.sse.com.cn/assortment/stock/home/,2026-07-28
603123.SH,翠微股份,SSE,批发和零售业,603123.SH,,上市,,https://www.sse.com.cn/assortment/stock/home/,2026-07-28
603124.SH,江南新材,SSE,制造业,603124.SH,,上市,,https://www.sse.com.cn/assortment/stock/home/,2026-07-28
603125.SH,常青科技,SSE,制造业,603125.SH,,上市,,https://www.sse.com.cn/assortment/stock/home/,2026-07-28
603126.SH,中材节能,SSE,科学研究和技术服务业,603126.SH,,上市,,https://www.sse.com.cn/assortment/stock/home/,2026-07-28
603127.SH,昭衍新药,SSE,科学研究和技术服务业,603127.SH,,上市,,https://www.sse.com.cn/assortment/stock/home/,2026-07-28
603128.SH,华贸物流,SSE,交通运输、仓储和邮政业,603128.SH,,上市,,https://www.sse.com.cn/assortment/stock/home/,2026-07-28
603129.SH,春风动力,SSE,制造业,603129.SH,,上市,,https://www.sse.com.cn/assortment/stock/home/,2026-07-28
603130.SH,云中马,SSE,制造业,603130.SH,,上市,,https://www.sse.com.cn/assortment/stock/home/,2026-07-28
603131.SH,上海沪工,SSE,制造业,603131.SH,,上市,,https://www.sse.com.cn/assortment/stock/home/,2026-07-28
603132.SH,金徽股份,SSE,采矿业,603132.SH,,上市,,https://www.sse.com.cn/assortment/stock/home/,2026-07-28
603135.SH,中重科技,SSE,制造业,603135.SH,,上市,,https://www.sse.com.cn/assortment/stock/home/,2026-07-28
603136.SH,天目湖,SSE,水利、环境和公共设施管理业,603136.SH,,上市,,https://www.sse.com.cn/assortment/stock/home/,2026-07-28
603137.SH,恒尚节能,SSE,建筑业,603137.SH,,上市,,https://www.sse.com.cn/assortment/stock/home/,2026-07-28
603138.SH,海量数据,SSE,信息传输、软件和信息技术服务业,603138.SH,,上市,,https://www.sse.com.cn/assortment/stock/home/,2026-07-28
603139.SH,康惠股份,SSE,制造业,603139.SH,,上市,,https://www.sse.com.cn/assortment/stock/home/,2026-07-28
603150.SH,万朗磁塑,SSE,制造业,603150.SH,,上市,,https://www.sse.com.cn/assortment/stock/home/,2026-07-28
603151.SH,邦基科技,SSE,制造业,603151.SH,,上市,,https://www.sse.com.cn/assortment/stock/home/,2026-07-28
603153.SH,上海建科,SSE,科学研究和技术服务业,603153.SH,,上市,,https://www.sse.com.cn/assortment/stock/home/,2026-07-28
603155.SH,新亚强,SSE,制造业,603155.SH,,上市,,https://www.sse.com.cn/assortment/stock/home/,2026-07-28
603156.SH,养元饮品,SSE,制造业,603156.SH,,上市,,https://www.sse.com.cn/assortment/stock/home/,2026-07-28
603158.SH,腾龙股份,SSE,制造业,603158.SH,,上市,,https://www.sse.com.cn/assortment/stock/home/,2026-07-28
603159.SH,上海亚虹,SSE,制造业,603159.SH,,上市,,https://www.sse.com.cn/assortment/stock/home/,2026-07-28
603160.SH,汇顶科技,SSE,制造业,603160.SH,,上市,,https://www.sse.com.cn/assortment/stock/home/,2026-07-28
603161.SH,科华控股,SSE,制造业,603161.SH,,上市,,https://www.sse.com.cn/assortment/stock/home/,2026-07-28
603162.SH,海通发展,SSE,交通运输、仓储和邮政业,603162.SH,,上市,,https://www.sse.com.cn/assortment/stock/home/,2026-07-28
603163.SH,圣晖集成,SSE,建筑业,603163.SH,,上市,,https://www.sse.com.cn/assortment/stock/home/,2026-07-28
603165.SH,荣晟环保,SSE,制造业,603165.SH,,上市,,https://www.sse.com.cn/assortment/stock/home/,2026-07-28
603166.SH,福达股份,SSE,制造业,603166.SH,,上市,,https://www.sse.com.cn/assortment/stock/home/,2026-07-28
603167.SH,渤海轮渡,SSE,交通运输、仓储和邮政业,603167.SH,,上市,,https://www.sse.com.cn/assortment/stock/home/,2026-07-28
603168.SH,莎普爱思,SSE,制造业,603168.SH,,上市,,https://www.sse.com.cn/assortment/stock/home/,2026-07-28
603169.SH,兰石重装,SSE,制造业,603169.SH,,上市,,https://www.sse.com.cn/assortment/stock/home/,2026-07-28
603170.SH,宝立食品,SSE,制造业,603170.SH,,上市,,https://www.sse.com.cn/assortment/stock/home/,2026-07-28
603171.SH,税友股份,SSE,信息传输、软件和信息技术服务业,603171.SH,,上市,,https://www.sse.com.cn/assortment/stock/home/,2026-07-28
603172.SH,万丰股份,SSE,制造业,603172.SH,,上市,,https://www.sse.com.cn/assortment/stock/home/,2026-07-28
603173.SH,福斯达,SSE,制造业,603173.SH,,上市,,https://www.sse.com.cn/assortment/stock/home/,2026-07-28
603175.SH,超颖电子,SSE,制造业,603175.SH,,上市,,https://www.sse.com.cn/assortment/stock/home/,2026-07-28
603176.SH,汇通集团,SSE,建筑业,603176.SH,,上市,,https://www.sse.com.cn/assortment/stock/home/,2026-07-28
603177.SH,德创环保,SSE,水利、环境和公共设施管理业,603177.SH,,上市,,https://www.sse.com.cn/assortment/stock/home/,2026-07-28
603178.SH,圣龙股份,SSE,制造业,603178.SH,,上市,,https://www.sse.com.cn/assortment/stock/home/,2026-07-28
603179.SH,新泉股份,SSE,制造业,603179.SH,,上市,,https://www.sse.com.cn/assortment/stock/home/,2026-07-28
603180.SH,金牌家居,SSE,制造业,603180.SH,,上市,,https://www.sse.com.cn/assortment/stock/home/,2026-07-28
603181.SH,皇马科技,SSE,制造业,603181.SH,,上市,,https://www.sse.com.cn/assortment/stock/home/,2026-07-28
603182.SH,嘉华股份,SSE,制造业,603182.SH,,上市,,https://www.sse.com.cn/assortment/stock/home/,2026-07-28
603183.SH,建研院,SSE,科学研究和技术服务业,603183.SH,,上市,,https://www.sse.com.cn/assortment/stock/home/,2026-07-28
603185.SH,弘元绿能,SSE,制造业,603185.SH,,上市,,https://www.sse.com.cn/assortment/stock/home/,2026-07-28
603186.SH,华正新材,SSE,制造业,603186.SH,,上市,,https://www.sse.com.cn/assortment/stock/home/,2026-07-28
603187.SH,海容冷链,SSE,制造业,603187.SH,,上市,,https://www.sse.com.cn/assortment/stock/home/,2026-07-28
603188.SH,亚邦股份,SSE,制造业,603188.SH,,上市,,https://www.sse.com.cn/assortment/stock/home/,2026-07-28
603189.SH,*ST网达,SSE,信息传输、软件和信息技术服务业,603189.SH,,上市,,https://www.sse.com.cn/assortment/stock/home/,2026-07-28
603190.SH,亚通精工,SSE,制造业,603190.SH,,上市,,https://www.sse.com.cn/assortment/stock/home/,2026-07-28
603191.SH,望变电气,SSE,制造业,603191.SH,,上市,,https://www.sse.com.cn/assortment/stock/home/,2026-07-28
603192.SH,汇得科技,SSE,制造业,603192.SH,,上市,,https://www.sse.com.cn/assortment/stock/home/,2026-07-28
603193.SH,润本股份,SSE,制造业,603193.SH,,上市,,https://www.sse.com.cn/assortment/stock/home/,2026-07-28
603194.SH,中力股份,SSE,制造业,603194.SH,,上市,,https://www.sse.com.cn/assortment/stock/home/,2026-07-28
603195.SH,公牛集团,SSE,制造业,603195.SH,,上市,,https://www.sse.com.cn/assortment/stock/home/,2026-07-28
603196.SH,璞源材料,SSE,制造业,603196.SH,,上市,,https://www.sse.com.cn/assortment/stock/home/,2026-07-28
603197.SH,保隆科技,SSE,制造业,603197.SH,,上市,,https://www.sse.com.cn/assortment/stock/home/,2026-07-28
603198.SH,迎驾贡酒,SSE,制造业,603198.SH,,上市,,https://www.sse.com.cn/assortment/stock/home/,2026-07-28
603199.SH,九华旅游,SSE,水利、环境和公共设施管理业,603199.SH,,上市,,https://www.sse.com.cn/assortment/stock/home/,2026-07-28
603200.SH,上海洗霸,SSE,水利、环境和公共设施管理业,603200.SH,,上市,,https://www.sse.com.cn/assortment/stock/home/,2026-07-28
603201.SH,常润股份,SSE,制造业,603201.SH,,上市,,https://www.sse.com.cn/assortment/stock/home/,2026-07-28
603202.SH,天有为,SSE,制造业,603202.SH,,上市,,https://www.sse.com.cn/assortment/stock/home/,2026-07-28
603203.SH,快克智能,SSE,制造业,603203.SH,,上市,,https://www.sse.com.cn/assortment/stock/home/,2026-07-28
603205.SH,健尔康,SSE,制造业,603205.SH,,上市,,https://www.sse.com.cn/assortment/stock/home/,2026-07-28
603206.SH,嘉环科技,SSE,信息传输、软件和信息技术服务业,603206.SH,,上市,,https://www.sse.com.cn/assortment/stock/home/,2026-07-28
603207.SH,小方制药,SSE,制造业,603207.SH,,上市,,https://www.sse.com.cn/assortment/stock/home/,2026-07-28
603208.SH,江山欧派,SSE,制造业,603208.SH,,上市,,https://www.sse.com.cn/assortment/stock/home/,2026-07-28
603209.SH,兴通股份,SSE,交通运输、仓储和邮政业,603209.SH,,上市,,https://www.sse.com.cn/assortment/stock/home/,2026-07-28
603210.SH,泰鸿万立,SSE,制造业,603210.SH,,上市,,https://www.sse.com.cn/assortment/stock/home/,2026-07-28
603211.SH,晋拓股份,SSE,制造业,603211.SH,,上市,,https://www.sse.com.cn/assortment/stock/home/,2026-07-28
603212.SH,赛伍技术,SSE,制造业,603212.SH,,上市,,https://www.sse.com.cn/assortment/stock/home/,2026-07-28
603213.SH,镇洋发展,SSE,制造业,603213.SH,,上市,,https://www.sse.com.cn/assortment/stock/home/,2026-07-28
603214.SH,爱婴室,SSE,批发和零售业,603214.SH,,上市,,https://www.sse.com.cn/assortment/stock/home/,2026-07-28
603215.SH,比依股份,SSE,制造业,603215.SH,,上市,,https://www.sse.com.cn/assortment/stock/home/,2026-07-28
603216.SH,梦天家居,SSE,制造业,603216.SH,,上市,,https://www.sse.com.cn/assortment/stock/home/,2026-07-28
603217.SH,元利科技,SSE,制造业,603217.SH,,上市,,https://www.sse.com.cn/assortment/stock/home/,2026-07-28
603218.SH,日月股份,SSE,制造业,603218.SH,,上市,,https://www.sse.com.cn/assortment/stock/home/,2026-07-28
603219.SH,富佳股份,SSE,制造业,603219.SH,,上市,,https://www.sse.com.cn/assortment/stock/home/,2026-07-28
603220.SH,中贝通信,SSE,信息传输、软件和信息技术服务业,603220.SH,,上市,,https://www.sse.com.cn/assortment/stock/home/,2026-07-28
603221.SH,爱丽家居,SSE,制造业,603221.SH,,上市,,https://www.sse.com.cn/assortment/stock/home/,2026-07-28
603222.SH,济民健康,SSE,制造业,603222.SH,,上市,,https://www.sse.com.cn/assortment/stock/home/,2026-07-28
603223.SH,恒通股份,SSE,电力、热力、燃气及水生产和供应业,603223.SH,,上市,,https://www.sse.com.cn/assortment/stock/home/,2026-07-28
603225.SH,新凤鸣,SSE,制造业,603225.SH,,上市,,https://www.sse.com.cn/assortment/stock/home/,2026-07-28
603226.SH,菲林格尔,SSE,制造业,603226.SH,,上市,,https://www.sse.com.cn/assortment/stock/home/,2026-07-28
603227.SH,雪峰科技,SSE,制造业,603227.SH,,上市,,https://www.sse.com.cn/assortment/stock/home/,2026-07-28
603228.SH,景旺电子,SSE,制造业,603228.SH,,上市,,https://www.sse.com.cn/assortment/stock/home/,2026-07-28
603229.SH,奥翔药业,SSE,制造业,603229.SH,,上市,,https://www.sse.com.cn/assortment/stock/home/,2026-07-28
603230.SH,内蒙新华,SSE,文化、体育和娱乐业,603230.SH,,上市,,https://www.sse.com.cn/assortment/stock/home/,2026-07-28
603231.SH,索宝蛋白,SSE,制造业,603231.SH,,上市,,https://www.sse.com.cn/assortment/stock/home/,2026-07-28
603232.SH,格尔软件,SSE,信息传输、软件和信息技术服务业,603232.SH,,上市,,https://www.sse.com.cn/assortment/stock/home/,2026-07-28
603233.SH,大参林,SSE,批发和零售业,603233.SH,,上市,,https://www.sse.com.cn/assortment/stock/home/,2026-07-28
603235.SH,天新药业,SSE,制造业,603235.SH,,上市,,https://www.sse.com.cn/assortment/stock/home/,2026-07-28
603236.SH,移远通信,SSE,制造业,603236.SH,,上市,,https://www.sse.com.cn/assortment/stock/home/,2026-07-28
603237.SH,五芳斋,SSE,制造业,603237.SH,,上市,,https://www.sse.com.cn/assortment/stock/home/,2026-07-28
603238.SH,诺邦股份,SSE,制造业,603238.SH,,上市,,https://www.sse.com.cn/assortment/stock/home/,2026-07-28
603239.SH,浙江仙通,SSE,制造业,603239.SH,,上市,,https://www.sse.com.cn/assortment/stock/home/,2026-07-28
603248.SH,锡华科技,SSE,制造业,603248.SH,,上市,,https://www.sse.com.cn/assortment/stock/home/,2026-07-28
603255.SH,鼎际得,SSE,制造业,603255.SH,,上市,,https://www.sse.com.cn/assortment/stock/home/,2026-07-28
603256.SH,宏和科技,SSE,制造业,603256.SH,,上市,,https://www.sse.com.cn/assortment/stock/home/,2026-07-28
603257.SH,中国瑞林,SSE,科学研究和技术服务业,603257.SH,,上市,,https://www.sse.com.cn/assortment/stock/home/,2026-07-28
603258.SH,电魂网络,SSE,信息传输、软件和信息技术服务业,603258.SH,,上市,,https://www.sse.com.cn/assortment/stock/home/,2026-07-28
603259.SH,药明康德,SSE,科学研究和技术服务业,603259.SH,,上市,,https://www.sse.com.cn/assortment/stock/home/,2026-07-28
603260.SH,合盛硅业,SSE,制造业,603260.SH,,上市,,https://www.sse.com.cn/assortment/stock/home/,2026-07-28
603261.SH,立航科技,SSE,制造业,603261.SH,,上市,,https://www.sse.com.cn/assortment/stock/home/,2026-07-28
603262.SH,技源集团,SSE,制造业,603262.SH,,上市,,https://www.sse.com.cn/assortment/stock/home/,2026-07-28
603266.SH,天龙股份,SSE,制造业,603266.SH,,上市,,https://www.sse.com.cn/assortment/stock/home/,2026-07-28
603267.SH,鸿远电子,SSE,制造业,603267.SH,,上市,,https://www.sse.com.cn/assortment/stock/home/,2026-07-28
603268.SH,松发股份,SSE,制造业,603268.SH,,上市,,https://www.sse.com.cn/assortment/stock/home/,2026-07-28
603269.SH,海鸥股份,SSE,制造业,603269.SH,,上市,,https://www.sse.com.cn/assortment/stock/home/,2026-07-28
603270.SH,金帝股份,SSE,制造业,603270.SH,,上市,,https://www.sse.com.cn/assortment/stock/home/,2026-07-28
603271.SH,永杰新材,SSE,制造业,603271.SH,,上市,,https://www.sse.com.cn/assortment/stock/home/,2026-07-28
603272.SH,*ST联翔,SSE,制造业,603272.SH,,上市,,https://www.sse.com.cn/assortment/stock/home/,2026-07-28
603273.SH,天元智能,SSE,制造业,603273.SH,,上市,,https://www.sse.com.cn/assortment/stock/home/,2026-07-28
603275.SH,众辰科技,SSE,制造业,603275.SH,,上市,,https://www.sse.com.cn/assortment/stock/home/,2026-07-28
603276.SH,恒兴新材,SSE,制造业,603276.SH,,上市,,https://www.sse.com.cn/assortment/stock/home/,2026-07-28
603277.SH,银都股份,SSE,制造业,603277.SH,,上市,,https://www.sse.com.cn/assortment/stock/home/,2026-07-28
603278.SH,大业股份,SSE,制造业,603278.SH,,上市,,https://www.sse.com.cn/assortment/stock/home/,2026-07-28
603279.SH,景津装备,SSE,制造业,603279.SH,,上市,,https://www.sse.com.cn/assortment/stock/home/,2026-07-28
603280.SH,南方路机,SSE,制造业,603280.SH,,上市,,https://www.sse.com.cn/assortment/stock/home/,2026-07-28
603281.SH,江瀚新材,SSE,制造业,603281.SH,,上市,,https://www.sse.com.cn/assortment/stock/home/,2026-07-28
603282.SH,亚光股份,SSE,制造业,603282.SH,,上市,,https://www.sse.com.cn/assortment/stock/home/,2026-07-28
603283.SH,赛腾股份,SSE,制造业,603283.SH,,上市,,https://www.sse.com.cn/assortment/stock/home/,2026-07-28
603284.SH,林平发展,SSE,制造业,603284.SH,,上市,,https://www.sse.com.cn/assortment/stock/home/,2026-07-28
603285.SH,键邦股份,SSE,制造业,603285.SH,,上市,,https://www.sse.com.cn/assortment/stock/home/,2026-07-28
603286.SH,日盈电子,SSE,制造业,603286.SH,,上市,,https://www.sse.com.cn/assortment/stock/home/,2026-07-28
603288.SH,海天味业,SSE,制造业,603288.SH,,上市,,https://www.sse.com.cn/assortment/stock/home/,2026-07-28
603289.SH,泰瑞机器,SSE,制造业,603289.SH,,上市,,https://www.sse.com.cn/assortment/stock/home/,2026-07-28
603290.SH,斯达半导,SSE,制造业,603290.SH,,上市,,https://www.sse.com.cn/assortment/stock/home/,2026-07-28
603291.SH,联合水务,SSE,电力、热力、燃气及水生产和供应业,603291.SH,,上市,,https://www.sse.com.cn/assortment/stock/home/,2026-07-28
603293.SH,埃泰克,SSE,制造业,603293.SH,,上市,,https://www.sse.com.cn/assortment/stock/home/,2026-07-28
603296.SH,华勤技术,SSE,制造业,603296.SH,,上市,,https://www.sse.com.cn/assortment/stock/home/,2026-07-28
603297.SH,永新光学,SSE,制造业,603297.SH,,上市,,https://www.sse.com.cn/assortment/stock/home/,2026-07-28
603298.SH,杭叉集团,SSE,制造业,603298.SH,,上市,,https://www.sse.com.cn/assortment/stock/home/,2026-07-28
603299.SH,苏盐井神,SSE,制造业,603299.SH,,上市,,https://www.sse.com.cn/assortment/stock/home/,2026-07-28
603300.SH,海南华铁,SSE,租赁和商务服务业,603300.SH,,上市,,https://www.sse.com.cn/assortment/stock/home/,2026-07-28
603301.SH,振德医疗,SSE,制造业,603301.SH,,上市,,https://www.sse.com.cn/assortment/stock/home/,2026-07-28
603303.SH,得邦照明,SSE,制造业,603303.SH,,上市,,https://www.sse.com.cn/assortment/stock/home/,2026-07-28
603305.SH,旭升集团,SSE,制造业,603305.SH,,上市,,https://www.sse.com.cn/assortment/stock/home/,2026-07-28
603306.SH,华懋科技,SSE,制造业,603306.SH,,上市,,https://www.sse.com.cn/assortment/stock/home/,2026-07-28
603307.SH,扬州金泉,SSE,制造业,603307.SH,,上市,,https://www.sse.com.cn/assortment/stock/home/,2026-07-28
603308.SH,应流股份,SSE,制造业,603308.SH,,上市,,https://www.sse.com.cn/assortment/stock/home/,2026-07-28
603309.SH,维力医疗,SSE,制造业,603309.SH,,上市,,https://www.sse.com.cn/assortment/stock/home/,2026-07-28
603310.SH,巍华新材,SSE,制造业,603310.SH,,上市,,https://www.sse.com.cn/assortment/stock/home/,2026-07-28
603311.SH,金海高科,SSE,制造业,603311.SH,,上市,,https://www.sse.com.cn/assortment/stock/home/,2026-07-28
603312.SH,西典新能,SSE,制造业,603312.SH,,上市,,https://www.sse.com.cn/assortment/stock/home/,2026-07-28
603313.SH,梦百合,SSE,制造业,603313.SH,,上市,,https://www.sse.com.cn/assortment/stock/home/,2026-07-28
603315.SH,福鞍股份,SSE,水利、环境和公共设施管理业,603315.SH,,上市,,https://www.sse.com.cn/assortment/stock/home/,2026-07-28
603316.SH,诚邦股份,SSE,建筑业,603316.SH,,上市,,https://www.sse.com.cn/assortment/stock/home/,2026-07-28
603317.SH,天味食品,SSE,制造业,603317.SH,,上市,,https://www.sse.com.cn/assortment/stock/home/,2026-07-28
603318.SH,水发燃气,SSE,电力、热力、燃气及水生产和供应业,603318.SH,,上市,,https://www.sse.com.cn/assortment/stock/home/,2026-07-28
603319.SH,美湖股份,SSE,制造业,603319.SH,,上市,,https://www.sse.com.cn/assortment/stock/home/,2026-07-28
603320.SH,迪贝电气,SSE,制造业,603320.SH,,上市,,https://www.sse.com.cn/assortment/stock/home/,2026-07-28
603321.SH,梅轮电梯,SSE,制造业,603321.SH,,上市,,https://www.sse.com.cn/assortment/stock/home/,2026-07-28
603322.SH,超讯科技,SSE,信息传输、软件和信息技术服务业,603322.SH,,上市,,https://www.sse.com.cn/assortment/stock/home/,2026-07-28
603323.SH,苏农银行,SSE,金融业,603323.SH,,上市,,https://www.sse.com.cn/assortment/stock/home/,2026-07-28
603324.SH,盛剑科技,SSE,制造业,603324.SH,,上市,,https://www.sse.com.cn/assortment/stock/home/,2026-07-28
603325.SH,博隆技术,SSE,制造业,603325.SH,,上市,,https://www.sse.com.cn/assortment/stock/home/,2026-07-28
603326.SH,我乐家居,SSE,制造业,603326.SH,,上市,,https://www.sse.com.cn/assortment/stock/home/,2026-07-28
603327.SH,福蓉科技,SSE,制造业,603327.SH,,上市,,https://www.sse.com.cn/assortment/stock/home/,2026-07-28
603328.SH,依顿电子,SSE,制造业,603328.SH,,上市,,https://www.sse.com.cn/assortment/stock/home/,2026-07-28
603329.SH,上海雅仕,SSE,租赁和商务服务业,603329.SH,,上市,,https://www.sse.com.cn/assortment/stock/home/,2026-07-28
603330.SH,天洋新材,SSE,制造业,603330.SH,,上市,,https://www.sse.com.cn/assortment/stock/home/,2026-07-28
603331.SH,百达精工,SSE,制造业,603331.SH,,上市,,https://www.sse.com.cn/assortment/stock/home/,2026-07-28
603332.SH,苏州龙杰,SSE,制造业,603332.SH,,上市,,https://www.sse.com.cn/assortment/stock/home/,2026-07-28
603333.SH,福华尚纬,SSE,制造业,603333.SH,,上市,,https://www.sse.com.cn/assortment/stock/home/,2026-07-28
603334.SH,丰倍生物,SSE,制造业,603334.SH,,上市,,https://www.sse.com.cn/assortment/stock/home/,2026-07-28
603335.SH,迪生力,SSE,制造业,603335.SH,,上市,,https://www.sse.com.cn/assortment/stock/home/,2026-07-28
603336.SH,宏辉果蔬,SSE,制造业,603336.SH,,上市,,https://www.sse.com.cn/assortment/stock/home/,2026-07-28
603337.SH,杰克科技,SSE,制造业,603337.SH,,上市,,https://www.sse.com.cn/assortment/stock/home/,2026-07-28
603338.SH,浙江鼎力,SSE,制造业,603338.SH,,上市,,https://www.sse.com.cn/assortment/stock/home/,2026-07-28
603339.SH,四方科技,SSE,制造业,603339.SH,,上市,,https://www.sse.com.cn/assortment/stock/home/,2026-07-28
603341.SH,龙旗科技,SSE,制造业,603341.SH,,上市,,https://www.sse.com.cn/assortment/stock/home/,2026-07-28
603344.SH,星德胜,SSE,制造业,603344.SH,,上市,,https://www.sse.com.cn/assortment/stock/home/,2026-07-28
603345.SH,安井食品,SSE,制造业,603345.SH,,上市,,https://www.sse.com.cn/assortment/stock/home/,2026-07-28
603348.SH,文灿股份,SSE,制造业,603348.SH,,上市,,https://www.sse.com.cn/assortment/stock/home/,2026-07-28
603350.SH,安乃达,SSE,制造业,603350.SH,,上市,,https://www.sse.com.cn/assortment/stock/home/,2026-07-28
603351.SH,威尔药业,SSE,制造业,603351.SH,,上市,,https://www.sse.com.cn/assortment/stock/home/,2026-07-28
603352.SH,至信股份,SSE,制造业,603352.SH,,上市,,https://www.sse.com.cn/assortment/stock/home/,2026-07-28
603353.SH,和顺石油,SSE,批发和零售业,603353.SH,,上市,,https://www.sse.com.cn/assortment/stock/home/,2026-07-28
603355.SH,莱克电气,SSE,制造业,603355.SH,,上市,,https://www.sse.com.cn/assortment/stock/home/,2026-07-28
603356.SH,华菱精工,SSE,制造业,603356.SH,,上市,,https://www.sse.com.cn/assortment/stock/home/,2026-07-28
603357.SH,设计总院,SSE,科学研究和技术服务业,603357.SH,,上市,,https://www.sse.com.cn/assortment/stock/home/,2026-07-28
603358.SH,华达科技,SSE,制造业,603358.SH,,上市,,https://www.sse.com.cn/assortment/stock/home/,2026-07-28
603359.SH,*ST东珠,SSE,建筑业,603359.SH,,上市,,https://www.sse.com.cn/assortment/stock/home/,2026-07-28
603360.SH,百傲化学,SSE,制造业,603360.SH,,上市,,https://www.sse.com.cn/assortment/stock/home/,2026-07-28
603363.SH,傲农生物,SSE,制造业,603363.SH,,上市,,https://www.sse.com.cn/assortment/stock/home/,2026-07-28
603365.SH,水星家纺,SSE,制造业,603365.SH,,上市,,https://www.sse.com.cn/assortment/stock/home/,2026-07-28
603366.SH,日出东方,SSE,制造业,603366.SH,,上市,,https://www.sse.com.cn/assortment/stock/home/,2026-07-28
603367.SH,辰欣药业,SSE,制造业,603367.SH,,上市,,https://www.sse.com.cn/assortment/stock/home/,2026-07-28
603368.SH,柳药集团,SSE,批发和零售业,603368.SH,,上市,,https://www.sse.com.cn/assortment/stock/home/,2026-07-28
603369.SH,今世缘,SSE,制造业,603369.SH,,上市,,https://www.sse.com.cn/assortment/stock/home/,2026-07-28
603370.SH,华新精科,SSE,制造业,603370.SH,,上市,,https://www.sse.com.cn/assortment/stock/home/,2026-07-28
603373.SH,安邦护卫,SSE,租赁和商务服务业,603373.SH,,上市,,https://www.sse.com.cn/assortment/stock/home/,2026-07-28
603375.SH,盛景微,SSE,制造业,603375.SH,,上市,,https://www.sse.com.cn/assortment/stock/home/,2026-07-28
603376.SH,大明电子,SSE,制造业,603376.SH,,上市,,https://www.sse.com.cn/assortment/stock/home/,2026-07-28
603377.SH,ST东时,SSE,教育,603377.SH,,上市,,https://www.sse.com.cn/assortment/stock/home/,2026-07-28
603378.SH,*ST亚士,SSE,制造业,603378.SH,,上市,,https://www.sse.com.cn/assortment/stock/home/,2026-07-28
603379.SH,三美股份,SSE,制造业,603379.SH,,上市,,https://www.sse.com.cn/assortment/stock/home/,2026-07-28
603380.SH,易德龙,SSE,制造业,603380.SH,,上市,,https://www.sse.com.cn/assortment/stock/home/,2026-07-28
603381.SH,永臻股份,SSE,制造业,603381.SH,,上市,,https://www.sse.com.cn/assortment/stock/home/,2026-07-28
603382.SH,海阳科技,SSE,制造业,603382.SH,,上市,,https://www.sse.com.cn/assortment/stock/home/,2026-07-28
603383.SH,顶点软件,SSE,信息传输、软件和信息技术服务业,603383.SH,,上市,,https://www.sse.com.cn/assortment/stock/home/,2026-07-28
603385.SH,惠达卫浴,SSE,制造业,603385.SH,,上市,,https://www.sse.com.cn/assortment/stock/home/,2026-07-28
603386.SH,骏亚科技,SSE,制造业,603386.SH,,上市,,https://www.sse.com.cn/assortment/stock/home/,2026-07-28
603387.SH,基蛋生物,SSE,制造业,603387.SH,,上市,,https://www.sse.com.cn/assortment/stock/home/,2026-07-28
603389.SH,亚振家居,SSE,制造业,603389.SH,,上市,,https://www.sse.com.cn/assortment/stock/home/,2026-07-28
603390.SH,通达电气,SSE,制造业,603390.SH,,上市,,https://www.sse.com.cn/assortment/stock/home/,2026-07-28
603391.SH,力聚热能,SSE,制造业,603391.SH,,上市,,https://www.sse.com.cn/assortment/stock/home/,2026-07-28
603392.SH,万泰生物,SSE,制造业,603392.SH,,上市,,https://www.sse.com.cn/assortment/stock/home/,2026-07-28
603393.SH,新天然气,SSE,电力、热力、燃气及水生产和供应业,603393.SH,,上市,,https://www.sse.com.cn/assortment/stock/home/,2026-07-28
603395.SH,红四方,SSE,制造业,603395.SH,,上市,,https://www.sse.com.cn/assortment/stock/home/,2026-07-28
603396.SH,金辰股份,SSE,制造业,603396.SH,,上市,,https://www.sse.com.cn/assortment/stock/home/,2026-07-28
603398.SH,*ST沐邦,SSE,制造业,603398.SH,,上市,,https://www.sse.com.cn/assortment/stock/home/,2026-07-28
603399.SH,永杉锂业,SSE,制造业,603399.SH,,上市,,https://www.sse.com.cn/assortment/stock/home/,2026-07-28
603400.SH,华之杰,SSE,制造业,603400.SH,,上市,,https://www.sse.com.cn/assortment/stock/home/,2026-07-28
603402.SH,陕西旅游,SSE,文化、体育和娱乐业,603402.SH,,上市,,https://www.sse.com.cn/assortment/stock/home/,2026-07-28
603406.SH,天富龙,SSE,制造业,603406.SH,,上市,,https://www.sse.com.cn/assortment/stock/home/,2026-07-28
603407.SH,长裕集团,SSE,制造业,603407.SH,,上市,,https://www.sse.com.cn/assortment/stock/home/,2026-07-28
603408.SH,建霖家居,SSE,制造业,603408.SH,,上市,,https://www.sse.com.cn/assortment/stock/home/,2026-07-28
603409.SH,汇通控股,SSE,制造业,603409.SH,,上市,,https://www.sse.com.cn/assortment/stock/home/,2026-07-28
603416.SH,信捷电气,SSE,制造业,603416.SH,,上市,,https://www.sse.com.cn/assortment/stock/home/,2026-07-28
603418.SH,友升股份,SSE,制造业,603418.SH,,上市,,https://www.sse.com.cn/assortment/stock/home/,2026-07-28
603421.SH,鼎信通讯,SSE,制造业,603421.SH,,上市,,https://www.sse.com.cn/assortment/stock/home/,2026-07-28
603429.SH,*ST集友,SSE,制造业,603429.SH,,上市,,https://www.sse.com.cn/assortment/stock/home/,2026-07-28
603435.SH,嘉德利,SSE,制造业,603435.SH,,上市,,https://www.sse.com.cn/assortment/stock/home/,2026-07-28
603439.SH,三力制药,SSE,制造业,603439.SH,,上市,,https://www.sse.com.cn/assortment/stock/home/,2026-07-28
603444.SH,吉比特,SSE,信息传输、软件和信息技术服务业,603444.SH,,上市,,https://www.sse.com.cn/assortment/stock/home/,2026-07-28
603456.SH,九洲药业,SSE,制造业,603456.SH,,上市,,https://www.sse.com.cn/assortment/stock/home/,2026-07-28
603458.SH,勘设股份,SSE,科学研究和技术服务业,603458.SH,,上市,,https://www.sse.com.cn/assortment/stock/home/,2026-07-28
603459.SH,红板科技,SSE,制造业,603459.SH,,上市,,https://www.sse.com.cn/assortment/stock/home/,2026-07-28
603466.SH,风语筑,SSE,文化、体育和娱乐业,603466.SH,,上市,,https://www.sse.com.cn/assortment/stock/home/,2026-07-28
603477.SH,巨星农牧,SSE,农、林、牧、渔业,603477.SH,,上市,,https://www.sse.com.cn/assortment/stock/home/,2026-07-28
603486.SH,科沃斯,SSE,制造业,603486.SH,,上市,,https://www.sse.com.cn/assortment/stock/home/,2026-07-28
603488.SH,展鹏科技,SSE,制造业,603488.SH,,上市,,https://www.sse.com.cn/assortment/stock/home/,2026-07-28
603489.SH,八方股份,SSE,制造业,603489.SH,,上市,,https://www.sse.com.cn/assortment/stock/home/,2026-07-28
603496.SH,恒为科技,SSE,制造业,603496.SH,,上市,,https://www.sse.com.cn/assortment/stock/home/,2026-07-28
603499.SH,翔港科技,SSE,制造业,603499.SH,,上市,,https://www.sse.com.cn/assortment/stock/home/,2026-07-28
603500.SH,祥和实业,SSE,制造业,603500.SH,,上市,,https://www.sse.com.cn/assortment/stock/home/,2026-07-28
603501.SH,豪威集团,SSE,制造业,603501.SH,,上市,,https://www.sse.com.cn/assortment/stock/home/,2026-07-28
603505.SH,金石资源,SSE,采矿业,603505.SH,,上市,,https://www.sse.com.cn/assortment/stock/home/,2026-07-28
603506.SH,南都物业,SSE,房地产业,603506.SH,,上市,,https://www.sse.com.cn/assortment/stock/home/,2026-07-28
603507.SH,振江股份,SSE,制造业,603507.SH,,上市,,https://www.sse.com.cn/assortment/stock/home/,2026-07-28
603508.SH,思维列控,SSE,制造业,603508.SH,,上市,,https://www.sse.com.cn/assortment/stock/home/,2026-07-28
603511.SH,爱慕股份,SSE,制造业,603511.SH,,上市,,https://www.sse.com.cn/assortment/stock/home/,2026-07-28
603515.SH,欧普照明,SSE,制造业,603515.SH,,上市,,https://www.sse.com.cn/assortment/stock/home/,2026-07-28
603516.SH,淳中科技,SSE,制造业,603516.SH,,上市,,https://www.sse.com.cn/assortment/stock/home/,2026-07-28
603517.SH,ST绝味,SSE,制造业,603517.SH,,上市,,https://www.sse.com.cn/assortment/stock/home/,2026-07-28
603518.SH,锦泓集团,SSE,制造业,603518.SH,,上市,,https://www.sse.com.cn/assortment/stock/home/,2026-07-28
603519.SH,立霸股份,SSE,制造业,603519.SH,,上市,,https://www.sse.com.cn/assortment/stock/home/,2026-07-28
603520.SH,司太立,SSE,制造业,603520.SH,,上市,,https://www.sse.com.cn/assortment/stock/home/,2026-07-28
603527.SH,众源新材,SSE,制造业,603527.SH,,上市,,https://www.sse.com.cn/assortment/stock/home/,2026-07-28
603528.SH,多伦科技,SSE,信息传输、软件和信息技术服务业,603528.SH,,上市,,https://www.sse.com.cn/assortment/stock/home/,2026-07-28
603529.SH,爱玛科技,SSE,制造业,603529.SH,,上市,,https://www.sse.com.cn/assortment/stock/home/,2026-07-28
603530.SH,神马电力,SSE,制造业,603530.SH,,上市,,https://www.sse.com.cn/assortment/stock/home/,2026-07-28
603533.SH,掌阅科技,SSE,信息传输、软件和信息技术服务业,603533.SH,,上市,,https://www.sse.com.cn/assortment/stock/home/,2026-07-28
603535.SH,嘉诚国际,SSE,交通运输、仓储和邮政业,603535.SH,,上市,,https://www.sse.com.cn/assortment/stock/home/,2026-07-28
603536.SH,惠发食品,SSE,制造业,603536.SH,,上市,,https://www.sse.com.cn/assortment/stock/home/,2026-07-28
603538.SH,美诺华,SSE,制造业,603538.SH,,上市,,https://www.sse.com.cn/assortment/stock/home/,2026-07-28
603551.SH,奥普科技,SSE,制造业,603551.SH,,上市,,https://www.sse.com.cn/assortment/stock/home/,2026-07-28
603556.SH,海兴电力,SSE,制造业,603556.SH,,上市,,https://www.sse.com.cn/assortment/stock/home/,2026-07-28
603557.SH,*ST起步,SSE,制造业,603557.SH,,上市,,https://www.sse.com.cn/assortment/stock/home/,2026-07-28
603558.SH,健盛集团,SSE,制造业,603558.SH,,上市,,https://www.sse.com.cn/assortment/stock/home/,2026-07-28
603559.SH,中通国脉,SSE,信息传输、软件和信息技术服务业,603559.SH,,上市,,https://www.sse.com.cn/assortment/stock/home/,2026-07-28
603565.SH,中谷物流,SSE,交通运输、仓储和邮政业,603565.SH,,上市,,https://www.sse.com.cn/assortment/stock/home/,2026-07-28
603566.SH,普莱柯,SSE,制造业,603566.SH,,上市,,https://www.sse.com.cn/assortment/stock/home/,2026-07-28
603567.SH,珍宝岛,SSE,制造业,603567.SH,,上市,,https://www.sse.com.cn/assortment/stock/home/,2026-07-28
603568.SH,伟明环保,SSE,水利、环境和公共设施管理业,603568.SH,,上市,,https://www.sse.com.cn/assortment/stock/home/,2026-07-28
603569.SH,长久物流,SSE,交通运输、仓储和邮政业,603569.SH,,上市,,https://www.sse.com.cn/assortment/stock/home/,2026-07-28
603577.SH,汇金通,SSE,制造业,603577.SH,,上市,,https://www.sse.com.cn/assortment/stock/home/,2026-07-28
603578.SH,三星新材,SSE,制造业,603578.SH,,上市,,https://www.sse.com.cn/assortment/stock/home/,2026-07-28
603579.SH,荣泰健康,SSE,制造业,603579.SH,,上市,,https://www.sse.com.cn/assortment/stock/home/,2026-07-28
603580.SH,艾艾精工,SSE,制造业,603580.SH,,上市,,https://www.sse.com.cn/assortment/stock/home/,2026-07-28
603583.SH,捷昌驱动,SSE,制造业,603583.SH,,上市,,https://www.sse.com.cn/assortment/stock/home/,2026-07-28
603585.SH,苏利股份,SSE,制造业,603585.SH,,上市,,https://www.sse.com.cn/assortment/stock/home/,2026-07-28
603586.SH,金麒麟,SSE,制造业,603586.SH,,上市,,https://www.sse.com.cn/assortment/stock/home/,2026-07-28
603587.SH,地素时尚,SSE,制造业,603587.SH,,上市,,https://www.sse.com.cn/assortment/stock/home/,2026-07-28
603588.SH,高能环境,SSE,水利、环境和公共设施管理业,603588.SH,,上市,,https://www.sse.com.cn/assortment/stock/home/,2026-07-28
603589.SH,口子窖,SSE,制造业,603589.SH,,上市,,https://www.sse.com.cn/assortment/stock/home/,2026-07-28
603590.SH,康辰药业,SSE,制造业,603590.SH,,上市,,https://www.sse.com.cn/assortment/stock/home/,2026-07-28
603595.SH,ST东尼,SSE,制造业,603595.SH,,上市,,https://www.sse.com.cn/assortment/stock/home/,2026-07-28
603596.SH,伯特利,SSE,制造业,603596.SH,,上市,,https://www.sse.com.cn/assortment/stock/home/,2026-07-28
603598.SH,引力传媒,SSE,租赁和商务服务业,603598.SH,,上市,,https://www.sse.com.cn/assortment/stock/home/,2026-07-28
603599.SH,广信股份,SSE,制造业,603599.SH,,上市,,https://www.sse.com.cn/assortment/stock/home/,2026-07-28
603600.SH,永艺股份,SSE,制造业,603600.SH,,上市,,https://www.sse.com.cn/assortment/stock/home/,2026-07-28
603601.SH,再升科技,SSE,制造业,603601.SH,,上市,,https://www.sse.com.cn/assortment/stock/home/,2026-07-28
603602.SH,纵横通信,SSE,信息传输、软件和信息技术服务业,603602.SH,,上市,,https://www.sse.com.cn/assortment/stock/home/,2026-07-28
603605.SH,珀莱雅,SSE,制造业,603605.SH,,上市,,https://www.sse.com.cn/assortment/stock/home/,2026-07-28
603606.SH,东方电缆,SSE,制造业,603606.SH,,上市,,https://www.sse.com.cn/assortment/stock/home/,2026-07-28
603607.SH,京华激光,SSE,制造业,603607.SH,,上市,,https://www.sse.com.cn/assortment/stock/home/,2026-07-28
603608.SH,天创时尚,SSE,制造业,603608.SH,,上市,,https://www.sse.com.cn/assortment/stock/home/,2026-07-28
603609.SH,禾丰股份,SSE,制造业,603609.SH,,上市,,https://www.sse.com.cn/assortment/stock/home/,2026-07-28
603610.SH,麒盛科技,SSE,制造业,603610.SH,,上市,,https://www.sse.com.cn/assortment/stock/home/,2026-07-28
603611.SH,诺力股份,SSE,制造业,603611.SH,,上市,,https://www.sse.com.cn/assortment/stock/home/,2026-07-28
603612.SH,索通发展,SSE,制造业,603612.SH,,上市,,https://www.sse.com.cn/assortment/stock/home/,2026-07-28
603613.SH,国联股份,SSE,信息传输、软件和信息技术服务业,603613.SH,,上市,,https://www.sse.com.cn/assortment/stock/home/,2026-07-28
603615.SH,茶花股份,SSE,制造业,603615.SH,,上市,,https://www.sse.com.cn/assortment/stock/home/,2026-07-28
603616.SH,韩建河山,SSE,制造业,603616.SH,,上市,,https://www.sse.com.cn/assortment/stock/home/,2026-07-28
603617.SH,君禾股份,SSE,制造业,603617.SH,,上市,,https://www.sse.com.cn/assortment/stock/home/,2026-07-28
603618.SH,杭电股份,SSE,制造业,603618.SH,,上市,,https://www.sse.com.cn/assortment/stock/home/,2026-07-28
603619.SH,中曼石油,SSE,采矿业,603619.SH,,上市,,https://www.sse.com.cn/assortment/stock/home/,2026-07-28
603626.SH,科森科技,SSE,制造业,603626.SH,,上市,,https://www.sse.com.cn/assortment/stock/home/,2026-07-28
603628.SH,清源股份,SSE,制造业,603628.SH,,上市,,https://www.sse.com.cn/assortment/stock/home/,2026-07-28
603629.SH,利通电子,SSE,制造业,603629.SH,,上市,,https://www.sse.com.cn/assortment/stock/home/,2026-07-28
603630.SH,拉芳家化,SSE,制造业,603630.SH,,上市,,https://www.sse.com.cn/assortment/stock/home/,2026-07-28
603633.SH,徕木股份,SSE,制造业,603633.SH,,上市,,https://www.sse.com.cn/assortment/stock/home/,2026-07-28
603636.SH,南威软件,SSE,信息传输、软件和信息技术服务业,603636.SH,,上市,,https://www.sse.com.cn/assortment/stock/home/,2026-07-28
603637.SH,镇海股份,SSE,建筑业,603637.SH,,上市,,https://www.sse.com.cn/assortment/stock/home/,2026-07-28
603638.SH,艾迪精密,SSE,制造业,603638.SH,,上市,,https://www.sse.com.cn/assortment/stock/home/,2026-07-28
603639.SH,海利尔,SSE,制造业,603639.SH,,上市,,https://www.sse.com.cn/assortment/stock/home/,2026-07-28
603648.SH,畅联股份,SSE,租赁和商务服务业,603648.SH,,上市,,https://www.sse.com.cn/assortment/stock/home/,2026-07-28
603650.SH,彤程新材,SSE,制造业,603650.SH,,上市,,https://www.sse.com.cn/assortment/stock/home/,2026-07-28
603655.SH,朗博科技,SSE,制造业,603655.SH,,上市,,https://www.sse.com.cn/assortment/stock/home/,2026-07-28
603656.SH,泰禾智能,SSE,制造业,603656.SH,,上市,,https://www.sse.com.cn/assortment/stock/home/,2026-07-28
603657.SH,春光科技,SSE,制造业,603657.SH,,上市,,https://www.sse.com.cn/assortment/stock/home/,2026-07-28
603658.SH,安图生物,SSE,制造业,603658.SH,,上市,,https://www.sse.com.cn/assortment/stock/home/,2026-07-28
603659.SH,璞泰来,SSE,制造业,603659.SH,,上市,,https://www.sse.com.cn/assortment/stock/home/,2026-07-28
603660.SH,苏州科达,SSE,制造业,603660.SH,,上市,,https://www.sse.com.cn/assortment/stock/home/,2026-07-28
603661.SH,恒林股份,SSE,制造业,603661.SH,,上市,,https://www.sse.com.cn/assortment/stock/home/,2026-07-28
603662.SH,柯力传感,SSE,制造业,603662.SH,,上市,,https://www.sse.com.cn/assortment/stock/home/,2026-07-28
603663.SH,三祥新材,SSE,制造业,603663.SH,,上市,,https://www.sse.com.cn/assortment/stock/home/,2026-07-28
603665.SH,康隆达,SSE,制造业,603665.SH,,上市,,https://www.sse.com.cn/assortment/stock/home/,2026-07-28
603666.SH,亿嘉和,SSE,制造业,603666.SH,,上市,,https://www.sse.com.cn/assortment/stock/home/,2026-07-28
603667.SH,五洲新春,SSE,制造业,603667.SH,,上市,,https://www.sse.com.cn/assortment/stock/home/,2026-07-28
603668.SH,天马科技,SSE,制造业,603668.SH,,上市,,https://www.sse.com.cn/assortment/stock/home/,2026-07-28
603669.SH,灵康药业,SSE,制造业,603669.SH,,上市,,https://www.sse.com.cn/assortment/stock/home/,2026-07-28
603676.SH,卫信康,SSE,制造业,603676.SH,,上市,,https://www.sse.com.cn/assortment/stock/home/,2026-07-28
603677.SH,奇精机械,SSE,制造业,603677.SH,,上市,,https://www.sse.com.cn/assortment/stock/home/,2026-07-28
603678.SH,火炬电子,SSE,制造业,603678.SH,,上市,,https://www.sse.com.cn/assortment/stock/home/,2026-07-28
603679.SH,华体科技,SSE,制造业,603679.SH,,上市,,https://www.sse.com.cn/assortment/stock/home/,2026-07-28
603680.SH,今创集团,SSE,制造业,603680.SH,,上市,,https://www.sse.com.cn/assortment/stock/home/,2026-07-28
603681.SH,永冠新材,SSE,制造业,603681.SH,,上市,,https://www.sse.com.cn/assortment/stock/home/,2026-07-28
603682.SH,锦和商管,SSE,租赁和商务服务业,603682.SH,,上市,,https://www.sse.com.cn/assortment/stock/home/,2026-07-28
603683.SH,晶华新材,SSE,制造业,603683.SH,,上市,,https://www.sse.com.cn/assortment/stock/home/,2026-07-28
603685.SH,晨丰科技,SSE,制造业,603685.SH,,上市,,https://www.sse.com.cn/assortment/stock/home/,2026-07-28
603686.SH,福龙马,SSE,水利、环境和公共设施管理业,603686.SH,,上市,,https://www.sse.com.cn/assortment/stock/home/,2026-07-28
603687.SH,大胜达,SSE,制造业,603687.SH,,上市,,https://www.sse.com.cn/assortment/stock/home/,2026-07-28
603688.SH,石英股份,SSE,制造业,603688.SH,,上市,,https://www.sse.com.cn/assortment/stock/home/,2026-07-28
603689.SH,皖天然气,SSE,电力、热力、燃气及水生产和供应业,603689.SH,,上市,,https://www.sse.com.cn/assortment/stock/home/,2026-07-28
603690.SH,至纯科技,SSE,制造业,603690.SH,,上市,,https://www.sse.com.cn/assortment/stock/home/,2026-07-28
603693.SH,江苏新能,SSE,电力、热力、燃气及水生产和供应业,603693.SH,,上市,,https://www.sse.com.cn/assortment/stock/home/,2026-07-28
603696.SH,安记食品,SSE,制造业,603696.SH,,上市,,https://www.sse.com.cn/assortment/stock/home/,2026-07-28
603697.SH,有友食品,SSE,制造业,603697.SH,,上市,,https://www.sse.com.cn/assortment/stock/home/,2026-07-28
603698.SH,航天工程,SSE,制造业,603698.SH,,上市,,https://www.sse.com.cn/assortment/stock/home/,2026-07-28
603699.SH,纽威股份,SSE,制造业,603699.SH,,上市,,https://www.sse.com.cn/assortment/stock/home/,2026-07-28
603700.SH,宁水集团,SSE,制造业,603700.SH,,上市,,https://www.sse.com.cn/assortment/stock/home/,2026-07-28
603701.SH,德宏股份,SSE,制造业,603701.SH,,上市,,https://www.sse.com.cn/assortment/stock/home/,2026-07-28
603703.SH,盛洋科技,SSE,制造业,603703.SH,,上市,,https://www.sse.com.cn/assortment/stock/home/,2026-07-28
603706.SH,东方环宇,SSE,电力、热力、燃气及水生产和供应业,603706.SH,,上市,,https://www.sse.com.cn/assortment/stock/home/,2026-07-28
603707.SH,健友股份,SSE,制造业,603707.SH,,上市,,https://www.sse.com.cn/assortment/stock/home/,2026-07-28
603708.SH,家家悦,SSE,批发和零售业,603708.SH,,上市,,https://www.sse.com.cn/assortment/stock/home/,2026-07-28
603709.SH,中源家居,SSE,制造业,603709.SH,,上市,,https://www.sse.com.cn/assortment/stock/home/,2026-07-28
603711.SH,香飘飘,SSE,制造业,603711.SH,,上市,,https://www.sse.com.cn/assortment/stock/home/,2026-07-28
603712.SH,七一二,SSE,制造业,603712.SH,,上市,,https://www.sse.com.cn/assortment/stock/home/,2026-07-28
603713.SH,密尔克卫,SSE,交通运输、仓储和邮政业,603713.SH,,上市,,https://www.sse.com.cn/assortment/stock/home/,2026-07-28
603716.SH,塞力医疗,SSE,批发和零售业,603716.SH,,上市,,https://www.sse.com.cn/assortment/stock/home/,2026-07-28
603717.SH,天域生物,SSE,农、林、牧、渔业,603717.SH,,上市,,https://www.sse.com.cn/assortment/stock/home/,2026-07-28
603718.SH,*ST海利,SSE,制造业,603718.SH,,上市,,https://www.sse.com.cn/assortment/stock/home/,2026-07-28
603719.SH,良品铺子,SSE,批发和零售业,603719.SH,,上市,,https://www.sse.com.cn/assortment/stock/home/,2026-07-28
603721.SH,中广天择,SSE,文化、体育和娱乐业,603721.SH,,上市,,https://www.sse.com.cn/assortment/stock/home/,2026-07-28
603722.SH,阿科力,SSE,制造业,603722.SH,,上市,,https://www.sse.com.cn/assortment/stock/home/,2026-07-28
603725.SH,天安新材,SSE,制造业,603725.SH,,上市,,https://www.sse.com.cn/assortment/stock/home/,2026-07-28
603726.SH,朗迪集团,SSE,制造业,603726.SH,,上市,,https://www.sse.com.cn/assortment/stock/home/,2026-07-28
603727.SH,博迈科,SSE,采矿业,603727.SH,,上市,,https://www.sse.com.cn/assortment/stock/home/,2026-07-28
603728.SH,鸣志电器,SSE,制造业,603728.SH,,上市,,https://www.sse.com.cn/assortment/stock/home/,2026-07-28
603729.SH,ST龙韵,SSE,租赁和商务服务业,603729.SH,,上市,,https://www.sse.com.cn/assortment/stock/home/,2026-07-28
603730.SH,岱美股份,SSE,制造业,603730.SH,,上市,,https://www.sse.com.cn/assortment/stock/home/,2026-07-28
603733.SH,仙鹤股份,SSE,制造业,603733.SH,,上市,,https://www.sse.com.cn/assortment/stock/home/,2026-07-28
603737.SH,三棵树,SSE,制造业,603737.SH,,上市,,https://www.sse.com.cn/assortment/stock/home/,2026-07-28
603738.SH,泰晶科技,SSE,制造业,603738.SH,,上市,,https://www.sse.com.cn/assortment/stock/home/,2026-07-28
603739.SH,蔚蓝生物,SSE,制造业,603739.SH,,上市,,https://www.sse.com.cn/assortment/stock/home/,2026-07-28
603755.SH,日辰股份,SSE,制造业,603755.SH,,上市,,https://www.sse.com.cn/assortment/stock/home/,2026-07-28
603757.SH,大元泵业,SSE,制造业,603757.SH,,上市,,https://www.sse.com.cn/assortment/stock/home/,2026-07-28
603758.SH,秦安股份,SSE,制造业,603758.SH,,上市,,https://www.sse.com.cn/assortment/stock/home/,2026-07-28
603759.SH,海天股份,SSE,电力、热力、燃气及水生产和供应业,603759.SH,,上市,,https://www.sse.com.cn/assortment/stock/home/,2026-07-28
603766.SH,隆鑫通用,SSE,制造业,603766.SH,,上市,,https://www.sse.com.cn/assortment/stock/home/,2026-07-28
603767.SH,中马传动,SSE,制造业,603767.SH,,上市,,https://www.sse.com.cn/assortment/stock/home/,2026-07-28
603768.SH,常青股份,SSE,制造业,603768.SH,,上市,,https://www.sse.com.cn/assortment/stock/home/,2026-07-28
603773.SH,沃格光电,SSE,制造业,603773.SH,,上市,,https://www.sse.com.cn/assortment/stock/home/,2026-07-28
603776.SH,永安行,SSE,信息传输、软件和信息技术服务业,603776.SH,,上市,,https://www.sse.com.cn/assortment/stock/home/,2026-07-28
603777.SH,来伊份,SSE,批发和零售业,603777.SH,,上市,,https://www.sse.com.cn/assortment/stock/home/,2026-07-28
603778.SH,国晟科技,SSE,制造业,603778.SH,,上市,,https://www.sse.com.cn/assortment/stock/home/,2026-07-28
603779.SH,威龙股份,SSE,制造业,603779.SH,,上市,,https://www.sse.com.cn/assortment/stock/home/,2026-07-28
603786.SH,科博达,SSE,制造业,603786.SH,,上市,,https://www.sse.com.cn/assortment/stock/home/,2026-07-28
603787.SH,新日股份,SSE,制造业,603787.SH,,上市,,https://www.sse.com.cn/assortment/stock/home/,2026-07-28
603788.SH,宁波高发,SSE,制造业,603788.SH,,上市,,https://www.sse.com.cn/assortment/stock/home/,2026-07-28
603789.SH,ST星农,SSE,制造业,603789.SH,,上市,,https://www.sse.com.cn/assortment/stock/home/,2026-07-28
603790.SH,雅运股份,SSE,制造业,603790.SH,,上市,,https://www.sse.com.cn/assortment/stock/home/,2026-07-28
603797.SH,联泰环保,SSE,水利、环境和公共设施管理业,603797.SH,,上市,,https://www.sse.com.cn/assortment/stock/home/,2026-07-28
603798.SH,康普顿,SSE,制造业,603798.SH,,上市,,https://www.sse.com.cn/assortment/stock/home/,2026-07-28
603799.SH,华友钴业,SSE,制造业,603799.SH,,上市,,https://www.sse.com.cn/assortment/stock/home/,2026-07-28
603800.SH,洪田股份,SSE,制造业,603800.SH,,上市,,https://www.sse.com.cn/assortment/stock/home/,2026-07-28
603801.SH,志邦家居,SSE,制造业,603801.SH,,上市,,https://www.sse.com.cn/assortment/stock/home/,2026-07-28
603803.SH,瑞斯康达,SSE,制造业,603803.SH,,上市,,https://www.sse.com.cn/assortment/stock/home/,2026-07-28
603806.SH,福斯特,SSE,制造业,603806.SH,,上市,,https://www.sse.com.cn/assortment/stock/home/,2026-07-28
603808.SH,歌力思,SSE,制造业,603808.SH,,上市,,https://www.sse.com.cn/assortment/stock/home/,2026-07-28
603809.SH,豪能股份,SSE,制造业,603809.SH,,上市,,https://www.sse.com.cn/assortment/stock/home/,2026-07-28
603810.SH,丰山集团,SSE,制造业,603810.SH,,上市,,https://www.sse.com.cn/assortment/stock/home/,2026-07-28
603811.SH,诚意药业,SSE,制造业,603811.SH,,上市,,https://www.sse.com.cn/assortment/stock/home/,2026-07-28
603813.SH,原尚股份,SSE,交通运输、仓储和邮政业,603813.SH,,上市,,https://www.sse.com.cn/assortment/stock/home/,2026-07-28
603815.SH,交建股份,SSE,建筑业,603815.SH,,上市,,https://www.sse.com.cn/assortment/stock/home/,2026-07-28
603816.SH,顾家家居,SSE,制造业,603816.SH,,上市,,https://www.sse.com.cn/assortment/stock/home/,2026-07-28
603817.SH,海峡环保,SSE,电力、热力、燃气及水生产和供应业,603817.SH,,上市,,https://www.sse.com.cn/assortment/stock/home/,2026-07-28
603818.SH,曲美家居,SSE,制造业,603818.SH,,上市,,https://www.sse.com.cn/assortment/stock/home/,2026-07-28
603819.SH,神力股份,SSE,制造业,603819.SH,,上市,,https://www.sse.com.cn/assortment/stock/home/,2026-07-28
603822.SH,ST嘉澳,SSE,制造业,603822.SH,,上市,,https://www.sse.com.cn/assortment/stock/home/,2026-07-28
603823.SH,百合花,SSE,制造业,603823.SH,,上市,,https://www.sse.com.cn/assortment/stock/home/,2026-07-28
603825.SH,ST华扬,SSE,租赁和商务服务业,603825.SH,,上市,,https://www.sse.com.cn/assortment/stock/home/,2026-07-28
603826.SH,坤彩科技,SSE,制造业,603826.SH,,上市,,https://www.sse.com.cn/assortment/stock/home/,2026-07-28
603828.SH,*ST利达,SSE,建筑业,603828.SH,,上市,,https://www.sse.com.cn/assortment/stock/home/,2026-07-28
603829.SH,洛凯股份,SSE,制造业,603829.SH,,上市,,https://www.sse.com.cn/assortment/stock/home/,2026-07-28
603833.SH,欧派家居,SSE,制造业,603833.SH,,上市,,https://www.sse.com.cn/assortment/stock/home/,2026-07-28
603836.SH,海程邦达,SSE,租赁和商务服务业,603836.SH,,上市,,https://www.sse.com.cn/assortment/stock/home/,2026-07-28
603838.SH,*ST四通,SSE,制造业,603838.SH,,上市,,https://www.sse.com.cn/assortment/stock/home/,2026-07-28
603839.SH,安正时尚,SSE,制造业,603839.SH,,上市,,https://www.sse.com.cn/assortment/stock/home/,2026-07-28
603843.SH,*ST正平,SSE,建筑业,603843.SH,,上市,,https://www.sse.com.cn/assortment/stock/home/,2026-07-28
603848.SH,好太太,SSE,制造业,603848.SH,,上市,,https://www.sse.com.cn/assortment/stock/home/,2026-07-28
603855.SH,华荣股份,SSE,制造业,603855.SH,,上市,,https://www.sse.com.cn/assortment/stock/home/,2026-07-28
603856.SH,东宏股份,SSE,制造业,603856.SH,,上市,,https://www.sse.com.cn/assortment/stock/home/,2026-07-28
603858.SH,步长制药,SSE,制造业,603858.SH,,上市,,https://www.sse.com.cn/assortment/stock/home/,2026-07-28
603859.SH,能科科技,SSE,信息传输、软件和信息技术服务业,603859.SH,,上市,,https://www.sse.com.cn/assortment/stock/home/,2026-07-28
603860.SH,中公高科,SSE,科学研究和技术服务业,603860.SH,,上市,,https://www.sse.com.cn/assortment/stock/home/,2026-07-28
603861.SH,白云电器,SSE,制造业,603861.SH,,上市,,https://www.sse.com.cn/assortment/stock/home/,2026-07-28
603863.SH,松炀资源,SSE,制造业,603863.SH,,上市,,https://www.sse.com.cn/assortment/stock/home/,2026-07-28
603866.SH,桃李面包,SSE,制造业,603866.SH,,上市,,https://www.sse.com.cn/assortment/stock/home/,2026-07-28
603867.SH,新化股份,SSE,制造业,603867.SH,,上市,,https://www.sse.com.cn/assortment/stock/home/,2026-07-28
603868.SH,飞科电器,SSE,制造业,603868.SH,,上市,,https://www.sse.com.cn/assortment/stock/home/,2026-07-28
603869.SH,ST智知,SSE,信息传输、软件和信息技术服务业,603869.SH,,上市,,https://www.sse.com.cn/assortment/stock/home/,2026-07-28
603871.SH,嘉友国际,SSE,交通运输、仓储和邮政业,603871.SH,,上市,,https://www.sse.com.cn/assortment/stock/home/,2026-07-28
603876.SH,鼎胜新材,SSE,制造业,603876.SH,,上市,,https://www.sse.com.cn/assortment/stock/home/,2026-07-28
603877.SH,太平鸟,SSE,制造业,603877.SH,,上市,,https://www.sse.com.cn/assortment/stock/home/,2026-07-28
603878.SH,武进不锈,SSE,制造业,603878.SH,,上市,,https://www.sse.com.cn/assortment/stock/home/,2026-07-28
603879.SH,永悦科技,SSE,制造业,603879.SH,,上市,,https://www.sse.com.cn/assortment/stock/home/,2026-07-28
603880.SH,南卫股份,SSE,制造业,603880.SH,,上市,,https://www.sse.com.cn/assortment/stock/home/,2026-07-28
603881.SH,数据港,SSE,信息传输、软件和信息技术服务业,603881.SH,,上市,,https://www.sse.com.cn/assortment/stock/home/,2026-07-28
603882.SH,金域医学,SSE,卫生和社会工作,603882.SH,,上市,,https://www.sse.com.cn/assortment/stock/home/,2026-07-28
603883.SH,老百姓,SSE,批发和零售业,603883.SH,,上市,,https://www.sse.com.cn/assortment/stock/home/,2026-07-28
603885.SH,吉祥航空,SSE,交通运输、仓储和邮政业,603885.SH,,上市,,https://www.sse.com.cn/assortment/stock/home/,2026-07-28
603886.SH,元祖股份,SSE,制造业,603886.SH,,上市,,https://www.sse.com.cn/assortment/stock/home/,2026-07-28
603887.SH,城地香江,SSE,信息传输、软件和信息技术服务业,603887.SH,,上市,,https://www.sse.com.cn/assortment/stock/home/,2026-07-28
603888.SH,新华网,SSE,信息传输、软件和信息技术服务业,603888.SH,,上市,,https://www.sse.com.cn/assortment/stock/home/,2026-07-28
603889.SH,新澳股份,SSE,制造业,603889.SH,,上市,,https://www.sse.com.cn/assortment/stock/home/,2026-07-28
603890.SH,春秋电子,SSE,制造业,603890.SH,,上市,,https://www.sse.com.cn/assortment/stock/home/,2026-07-28
603893.SH,瑞芯微,SSE,制造业,603893.SH,,上市,,https://www.sse.com.cn/assortment/stock/home/,2026-07-28
603895.SH,天永智能,SSE,制造业,603895.SH,,上市,,https://www.sse.com.cn/assortment/stock/home/,2026-07-28
603896.SH,寿仙谷,SSE,制造业,603896.SH,,上市,,https://www.sse.com.cn/assortment/stock/home/,2026-07-28
603897.SH,长城科技,SSE,制造业,603897.SH,,上市,,https://www.sse.com.cn/assortment/stock/home/,2026-07-28
603898.SH,好莱客,SSE,制造业,603898.SH,,上市,,https://www.sse.com.cn/assortment/stock/home/,2026-07-28
603899.SH,晨光股份,SSE,制造业,603899.SH,,上市,,https://www.sse.com.cn/assortment/stock/home/,2026-07-28
603900.SH,莱绅通灵,SSE,批发和零售业,603900.SH,,上市,,https://www.sse.com.cn/assortment/stock/home/,2026-07-28
603901.SH,永创智能,SSE,制造业,603901.SH,,上市,,https://www.sse.com.cn/assortment/stock/home/,2026-07-28
603903.SH,中持股份,SSE,水利、环境和公共设施管理业,603903.SH,,上市,,https://www.sse.com.cn/assortment/stock/home/,2026-07-28
603906.SH,龙蟠科技,SSE,制造业,603906.SH,,上市,,https://www.sse.com.cn/assortment/stock/home/,2026-07-28
603908.SH,牧高笛,SSE,制造业,603908.SH,,上市,,https://www.sse.com.cn/assortment/stock/home/,2026-07-28
603909.SH,建发合诚,SSE,建筑业,603909.SH,,上市,,https://www.sse.com.cn/assortment/stock/home/,2026-07-28
603912.SH,佳力图,SSE,制造业,603912.SH,,上市,,https://www.sse.com.cn/assortment/stock/home/,2026-07-28
603915.SH,国茂股份,SSE,制造业,603915.SH,,上市,,https://www.sse.com.cn/assortment/stock/home/,2026-07-28
603916.SH,苏博特,SSE,制造业,603916.SH,,上市,,https://www.sse.com.cn/assortment/stock/home/,2026-07-28
603917.SH,合力科技,SSE,制造业,603917.SH,,上市,,https://www.sse.com.cn/assortment/stock/home/,2026-07-28
603918.SH,金桥信息,SSE,信息传输、软件和信息技术服务业,603918.SH,,上市,,https://www.sse.com.cn/assortment/stock/home/,2026-07-28
603919.SH,金徽酒,SSE,制造业,603919.SH,,上市,,https://www.sse.com.cn/assortment/stock/home/,2026-07-28
603920.SH,世运电路,SSE,制造业,603920.SH,,上市,,https://www.sse.com.cn/assortment/stock/home/,2026-07-28
603922.SH,ST金鸿顺,SSE,制造业,603922.SH,,上市,,https://www.sse.com.cn/assortment/stock/home/,2026-07-28
603926.SH,铁流股份,SSE,制造业,603926.SH,,上市,,https://www.sse.com.cn/assortment/stock/home/,2026-07-28
603927.SH,中科软,SSE,信息传输、软件和信息技术服务业,603927.SH,,上市,,https://www.sse.com.cn/assortment/stock/home/,2026-07-28
603928.SH,兴业股份,SSE,制造业,603928.SH,,上市,,https://www.sse.com.cn/assortment/stock/home/,2026-07-28
603929.SH,亚翔集成,SSE,建筑业,603929.SH,,上市,,https://www.sse.com.cn/assortment/stock/home/,2026-07-28
603931.SH,格林达,SSE,制造业,603931.SH,,上市,,https://www.sse.com.cn/assortment/stock/home/,2026-07-28
603933.SH,睿能科技,SSE,制造业,603933.SH,,上市,,https://www.sse.com.cn/assortment/stock/home/,2026-07-28
603936.SH,博敏电子,SSE,制造业,603936.SH,,上市,,https://www.sse.com.cn/assortment/stock/home/,2026-07-28
603937.SH,丽岛新材,SSE,制造业,603937.SH,,上市,,https://www.sse.com.cn/assortment/stock/home/,2026-07-28
603938.SH,三孚股份,SSE,制造业,603938.SH,,上市,,https://www.sse.com.cn/assortment/stock/home/,2026-07-28
603939.SH,益丰药房,SSE,批发和零售业,603939.SH,,上市,,https://www.sse.com.cn/assortment/stock/home/,2026-07-28
603948.SH,建业股份,SSE,制造业,603948.SH,,上市,,https://www.sse.com.cn/assortment/stock/home/,2026-07-28
603949.SH,雪龙集团,SSE,制造业,603949.SH,,上市,,https://www.sse.com.cn/assortment/stock/home/,2026-07-28
603950.SH,长源东谷,SSE,制造业,603950.SH,,上市,,https://www.sse.com.cn/assortment/stock/home/,2026-07-28
603955.SH,大千生态,SSE,建筑业,603955.SH,,上市,,https://www.sse.com.cn/assortment/stock/home/,2026-07-28
603956.SH,威派格,SSE,制造业,603956.SH,,上市,,https://www.sse.com.cn/assortment/stock/home/,2026-07-28
603958.SH,哈森股份,SSE,制造业,603958.SH,,上市,,https://www.sse.com.cn/assortment/stock/home/,2026-07-28
603959.SH,ST百利,SSE,建筑业,603959.SH,,上市,,https://www.sse.com.cn/assortment/stock/home/,2026-07-28
603960.SH,克来机电,SSE,制造业,603960.SH,,上市,,https://www.sse.com.cn/assortment/stock/home/,2026-07-28
603966.SH,法兰泰克,SSE,制造业,603966.SH,,上市,,https://www.sse.com.cn/assortment/stock/home/,2026-07-28
603967.SH,中创物流,SSE,交通运输、仓储和邮政业,603967.SH,,上市,,https://www.sse.com.cn/assortment/stock/home/,2026-07-28
603968.SH,醋化股份,SSE,制造业,603968.SH,,上市,,https://www.sse.com.cn/assortment/stock/home/,2026-07-28
603969.SH,银龙股份,SSE,制造业,603969.SH,,上市,,https://www.sse.com.cn/assortment/stock/home/,2026-07-28
603970.SH,中农立华,SSE,批发和零售业,603970.SH,,上市,,https://www.sse.com.cn/assortment/stock/home/,2026-07-28
603976.SH,正川股份,SSE,制造业,603976.SH,,上市,,https://www.sse.com.cn/assortment/stock/home/,2026-07-28
603977.SH,国泰集团,SSE,制造业,603977.SH,,上市,,https://www.sse.com.cn/assortment/stock/home/,2026-07-28
603978.SH,深圳新星,SSE,制造业,603978.SH,,上市,,https://www.sse.com.cn/assortment/stock/home/,2026-07-28
603979.SH,金诚信,SSE,采矿业,603979.SH,,上市,,https://www.sse.com.cn/assortment/stock/home/,2026-07-28
603980.SH,吉华集团,SSE,制造业,603980.SH,,上市,,https://www.sse.com.cn/assortment/stock/home/,2026-07-28
603982.SH,泉峰汽车,SSE,制造业,603982.SH,,上市,,https://www.sse.com.cn/assortment/stock/home/,2026-07-28
603983.SH,丸美生物,SSE,制造业,603983.SH,,上市,,https://www.sse.com.cn/assortment/stock/home/,2026-07-28
603985.SH,恒润股份,SSE,制造业,603985.SH,,上市,,https://www.sse.com.cn/assortment/stock/home/,2026-07-28
603986.SH,兆易创新,SSE,制造业,603986.SH,,上市,,https://www.sse.com.cn/assortment/stock/home/,2026-07-28
603987.SH,康德莱,SSE,制造业,603987.SH,,上市,,https://www.sse.com.cn/assortment/stock/home/,2026-07-28
603988.SH,中电电机,SSE,制造业,603988.SH,,上市,,https://www.sse.com.cn/assortment/stock/home/,2026-07-28
603989.SH,艾华集团,SSE,制造业,603989.SH,,上市,,https://www.sse.com.cn/assortment/stock/home/,2026-07-28
603990.SH,麦迪科技,SSE,信息传输、软件和信息技术服务业,603990.SH,,上市,,https://www.sse.com.cn/assortment/stock/home/,2026-07-28
603991.SH,领先股份,SSE,制造业,603991.SH,,上市,,https://www.sse.com.cn/assortment/stock/home/,2026-07-28
603992.SH,松霖科技,SSE,制造业,603992.SH,,上市,,https://www.sse.com.cn/assortment/stock/home/,2026-07-28
603993.SH,洛阳钼业,SSE,采矿业,603993.SH,,上市,,https://www.sse.com.cn/assortment/stock/home/,2026-07-28
603995.SH,甬金股份,SSE,制造业,603995.SH,,上市,,https://www.sse.com.cn/assortment/stock/home/,2026-07-28
603997.SH,继峰股份,SSE,制造业,603997.SH,,上市,,https://www.sse.com.cn/assortment/stock/home/,2026-07-28
603998.SH,方盛制药,SSE,制造业,603998.SH,,上市,,https://www.sse.com.cn/assortment/stock/home/,2026-07-28
603999.SH,读者传媒,SSE,文化、体育和娱乐业,603999.SH,,上市,,https://www.sse.com.cn/assortment/stock/home/,2026-07-28
605001.SH,威奥股份,SSE,制造业,605001.SH,,上市,,https://www.sse.com.cn/assortment/stock/home/,2026-07-28
605003.SH,众望布艺,SSE,制造业,605003.SH,,上市,,https://www.sse.com.cn/assortment/stock/home/,2026-07-28
605005.SH,合兴股份,SSE,制造业,605005.SH,,上市,,https://www.sse.com.cn/assortment/stock/home/,2026-07-28
605006.SH,山东玻纤,SSE,制造业,605006.SH,,上市,,https://www.sse.com.cn/assortment/stock/home/,2026-07-28
605007.SH,五洲特纸,SSE,制造业,605007.SH,,上市,,https://www.sse.com.cn/assortment/stock/home/,2026-07-28
605008.SH,长鸿高科,SSE,制造业,605008.SH,,上市,,https://www.sse.com.cn/assortment/stock/home/,2026-07-28
605009.SH,豪悦护理,SSE,制造业,605009.SH,,上市,,https://www.sse.com.cn/assortment/stock/home/,2026-07-28
605011.SH,杭州热电,SSE,电力、热力、燃气及水生产和供应业,605011.SH,,上市,,https://www.sse.com.cn/assortment/stock/home/,2026-07-28
605016.SH,百龙创园,SSE,制造业,605016.SH,,上市,,https://www.sse.com.cn/assortment/stock/home/,2026-07-28
605018.SH,长华集团,SSE,制造业,605018.SH,,上市,,https://www.sse.com.cn/assortment/stock/home/,2026-07-28
605020.SH,永和股份,SSE,制造业,605020.SH,,上市,,https://www.sse.com.cn/assortment/stock/home/,2026-07-28
605028.SH,世茂能源,SSE,电力、热力、燃气及水生产和供应业,605028.SH,,上市,,https://www.sse.com.cn/assortment/stock/home/,2026-07-28
605033.SH,美邦股份,SSE,制造业,605033.SH,,上市,,https://www.sse.com.cn/assortment/stock/home/,2026-07-28
605050.SH,福然德,SSE,交通运输、仓储和邮政业,605050.SH,,上市,,https://www.sse.com.cn/assortment/stock/home/,2026-07-28
605055.SH,迎丰股份,SSE,制造业,605055.SH,,上市,,https://www.sse.com.cn/assortment/stock/home/,2026-07-28
605056.SH,咸亨国际,SSE,批发和零售业,605056.SH,,上市,,https://www.sse.com.cn/assortment/stock/home/,2026-07-28
605058.SH,澳弘电子,SSE,制造业,605058.SH,,上市,,https://www.sse.com.cn/assortment/stock/home/,2026-07-28
605060.SH,联德股份,SSE,制造业,605060.SH,,上市,,https://www.sse.com.cn/assortment/stock/home/,2026-07-28
605066.SH,天正电气,SSE,制造业,605066.SH,,上市,,https://www.sse.com.cn/assortment/stock/home/,2026-07-28
605068.SH,明新旭腾,SSE,制造业,605068.SH,,上市,,https://www.sse.com.cn/assortment/stock/home/,2026-07-28
605069.SH,正和生态,SSE,水利、环境和公共设施管理业,605069.SH,,上市,,https://www.sse.com.cn/assortment/stock/home/,2026-07-28
605077.SH,华康股份,SSE,制造业,605077.SH,,上市,,https://www.sse.com.cn/assortment/stock/home/,2026-07-28
605080.SH,浙江自然,SSE,制造业,605080.SH,,上市,,https://www.sse.com.cn/assortment/stock/home/,2026-07-28
605086.SH,龙高股份,SSE,采矿业,605086.SH,,上市,,https://www.sse.com.cn/assortment/stock/home/,2026-07-28
605088.SH,冠盛股份,SSE,制造业,605088.SH,,上市,,https://www.sse.com.cn/assortment/stock/home/,2026-07-28
605089.SH,味知香,SSE,制造业,605089.SH,,上市,,https://www.sse.com.cn/assortment/stock/home/,2026-07-28
605090.SH,九丰能源,SSE,电力、热力、燃气及水生产和供应业,605090.SH,,上市,,https://www.sse.com.cn/assortment/stock/home/,2026-07-28
605098.SH,行动教育,SSE,教育,605098.SH,,上市,,https://www.sse.com.cn/assortment/stock/home/,2026-07-28
605099.SH,共创草坪,SSE,制造业,605099.SH,,上市,,https://www.sse.com.cn/assortment/stock/home/,2026-07-28
605100.SH,华丰股份,SSE,制造业,605100.SH,,上市,,https://www.sse.com.cn/assortment/stock/home/,2026-07-28
605108.SH,同庆楼,SSE,住宿和餐饮业,605108.SH,,上市,,https://www.sse.com.cn/assortment/stock/home/,2026-07-28
605111.SH,新洁能,SSE,制造业,605111.SH,,上市,,https://www.sse.com.cn/assortment/stock/home/,2026-07-28
605116.SH,奥锐特,SSE,制造业,605116.SH,,上市,,https://www.sse.com.cn/assortment/stock/home/,2026-07-28
605117.SH,德业股份,SSE,制造业,605117.SH,,上市,,https://www.sse.com.cn/assortment/stock/home/,2026-07-28
605118.SH,力鼎光电,SSE,制造业,605118.SH,,上市,,https://www.sse.com.cn/assortment/stock/home/,2026-07-28
605122.SH,四方新材,SSE,制造业,605122.SH,,上市,,https://www.sse.com.cn/assortment/stock/home/,2026-07-28
605123.SH,派克新材,SSE,制造业,605123.SH,,上市,,https://www.sse.com.cn/assortment/stock/home/,2026-07-28
605128.SH,上海沿浦,SSE,制造业,605128.SH,,上市,,https://www.sse.com.cn/assortment/stock/home/,2026-07-28
605133.SH,嵘泰股份,SSE,制造业,605133.SH,,上市,,https://www.sse.com.cn/assortment/stock/home/,2026-07-28
605136.SH,丽人丽妆,SSE,批发和零售业,605136.SH,,上市,,https://www.sse.com.cn/assortment/stock/home/,2026-07-28
605138.SH,盛泰集团,SSE,制造业,605138.SH,,上市,,https://www.sse.com.cn/assortment/stock/home/,2026-07-28
605151.SH,西上海,SSE,制造业,605151.SH,,上市,,https://www.sse.com.cn/assortment/stock/home/,2026-07-28
605155.SH,西大门,SSE,制造业,605155.SH,,上市,,https://www.sse.com.cn/assortment/stock/home/,2026-07-28
605158.SH,华达新材,SSE,制造业,605158.SH,,上市,,https://www.sse.com.cn/assortment/stock/home/,2026-07-28
605162.SH,新中港,SSE,电力、热力、燃气及水生产和供应业,605162.SH,,上市,,https://www.sse.com.cn/assortment/stock/home/,2026-07-28
605166.SH,聚合顺,SSE,制造业,605166.SH,,上市,,https://www.sse.com.cn/assortment/stock/home/,2026-07-28
605167.SH,利柏特,SSE,建筑业,605167.SH,,上市,,https://www.sse.com.cn/assortment/stock/home/,2026-07-28
605168.SH,三人行,SSE,租赁和商务服务业,605168.SH,,上市,,https://www.sse.com.cn/assortment/stock/home/,2026-07-28
605169.SH,洪通燃气,SSE,电力、热力、燃气及水生产和供应业,605169.SH,,上市,,https://www.sse.com.cn/assortment/stock/home/,2026-07-28
605177.SH,东亚药业,SSE,制造业,605177.SH,,上市,,https://www.sse.com.cn/assortment/stock/home/,2026-07-28
605178.SH,时空科技,SSE,建筑业,605178.SH,,上市,,https://www.sse.com.cn/assortment/stock/home/,2026-07-28
605179.SH,一鸣食品,SSE,制造业,605179.SH,,上市,,https://www.sse.com.cn/assortment/stock/home/,2026-07-28
605180.SH,华生科技,SSE,制造业,605180.SH,,上市,,https://www.sse.com.cn/assortment/stock/home/,2026-07-28
605183.SH,确成股份,SSE,制造业,605183.SH,,上市,,https://www.sse.com.cn/assortment/stock/home/,2026-07-28
605186.SH,健麾信息,SSE,制造业,605186.SH,,上市,,https://www.sse.com.cn/assortment/stock/home/,2026-07-28
605188.SH,国光连锁,SSE,批发和零售业,605188.SH,,上市,,https://www.sse.com.cn/assortment/stock/home/,2026-07-28
605189.SH,富春染织,SSE,制造业,605189.SH,,上市,,https://www.sse.com.cn/assortment/stock/home/,2026-07-28
605196.SH,华通线缆,SSE,制造业,605196.SH,,上市,,https://www.sse.com.cn/assortment/stock/home/,2026-07-28
605198.SH,安德利,SSE,制造业,605198.SH,,上市,,https://www.sse.com.cn/assortment/stock/home/,2026-07-28
605199.SH,ST葫芦娃,SSE,制造业,605199.SH,,上市,,https://www.sse.com.cn/assortment/stock/home/,2026-07-28
605208.SH,永茂泰,SSE,制造业,605208.SH,,上市,,https://www.sse.com.cn/assortment/stock/home/,2026-07-28
605218.SH,伟时电子,SSE,制造业,605218.SH,,上市,,https://www.sse.com.cn/assortment/stock/home/,2026-07-28
605222.SH,起帆电缆,SSE,制造业,605222.SH,,上市,,https://www.sse.com.cn/assortment/stock/home/,2026-07-28
605228.SH,神通科技,SSE,制造业,605228.SH,,上市,,https://www.sse.com.cn/assortment/stock/home/,2026-07-28
605255.SH,天普股份,SSE,制造业,605255.SH,,上市,,https://www.sse.com.cn/assortment/stock/home/,2026-07-28
605258.SH,协和电子,SSE,制造业,605258.SH,,上市,,https://www.sse.com.cn/assortment/stock/home/,2026-07-28
605259.SH,绿田机械,SSE,制造业,605259.SH,,上市,,https://www.sse.com.cn/assortment/stock/home/,2026-07-28
605266.SH,健之佳,SSE,批发和零售业,605266.SH,,上市,,https://www.sse.com.cn/assortment/stock/home/,2026-07-28
605268.SH,王力安防,SSE,制造业,605268.SH,,上市,,https://www.sse.com.cn/assortment/stock/home/,2026-07-28
605277.SH,新亚电子,SSE,制造业,605277.SH,,上市,,https://www.sse.com.cn/assortment/stock/home/,2026-07-28
605286.SH,同力天启,SSE,制造业,605286.SH,,上市,,https://www.sse.com.cn/assortment/stock/home/,2026-07-28
605287.SH,德才股份,SSE,建筑业,605287.SH,,上市,,https://www.sse.com.cn/assortment/stock/home/,2026-07-28
605288.SH,凯迪股份,SSE,制造业,605288.SH,,上市,,https://www.sse.com.cn/assortment/stock/home/,2026-07-28
605289.SH,罗曼股份,SSE,建筑业,605289.SH,,上市,,https://www.sse.com.cn/assortment/stock/home/,2026-07-28
605296.SH,神农集团,SSE,农、林、牧、渔业,605296.SH,,上市,,https://www.sse.com.cn/assortment/stock/home/,2026-07-28
605298.SH,必得科技,SSE,制造业,605298.SH,,上市,,https://www.sse.com.cn/assortment/stock/home/,2026-07-28
605299.SH,舒华体育,SSE,制造业,605299.SH,,上市,,https://www.sse.com.cn/assortment/stock/home/,2026-07-28
605300.SH,佳禾食品,SSE,制造业,605300.SH,,上市,,https://www.sse.com.cn/assortment/stock/home/,2026-07-28
605303.SH,园林股份,SSE,建筑业,605303.SH,,上市,,https://www.sse.com.cn/assortment/stock/home/,2026-07-28
605305.SH,中际联合,SSE,制造业,605305.SH,,上市,,https://www.sse.com.cn/assortment/stock/home/,2026-07-28
605318.SH,法狮龙,SSE,制造业,605318.SH,,上市,,https://www.sse.com.cn/assortment/stock/home/,2026-07-28
605319.SH,无锡振华,SSE,制造业,605319.SH,,上市,,https://www.sse.com.cn/assortment/stock/home/,2026-07-28
605333.SH,沪光股份,SSE,制造业,605333.SH,,上市,,https://www.sse.com.cn/assortment/stock/home/,2026-07-28
605336.SH,*ST帅电,SSE,制造业,605336.SH,,上市,,https://www.sse.com.cn/assortment/stock/home/,2026-07-28
605337.SH,李子园,SSE,制造业,605337.SH,,上市,,https://www.sse.com.cn/assortment/stock/home/,2026-07-28
605338.SH,巴比食品,SSE,制造业,605338.SH,,上市,,https://www.sse.com.cn/assortment/stock/home/,2026-07-28
605339.SH,南侨食品,SSE,制造业,605339.SH,,上市,,https://www.sse.com.cn/assortment/stock/home/,2026-07-28
605358.SH,立昂微,SSE,制造业,605358.SH,,上市,,https://www.sse.com.cn/assortment/stock/home/,2026-07-28
605365.SH,立达信,SSE,制造业,605365.SH,,上市,,https://www.sse.com.cn/assortment/stock/home/,2026-07-28
605366.SH,宏柏新材,SSE,制造业,605366.SH,,上市,,https://www.sse.com.cn/assortment/stock/home/,2026-07-28
605368.SH,蓝天燃气,SSE,电力、热力、燃气及水生产和供应业,605368.SH,,上市,,https://www.sse.com.cn/assortment/stock/home/,2026-07-28
605369.SH,拱东医疗,SSE,制造业,605369.SH,,上市,,https://www.sse.com.cn/assortment/stock/home/,2026-07-28
605376.SH,博迁新材,SSE,制造业,605376.SH,,上市,,https://www.sse.com.cn/assortment/stock/home/,2026-07-28
605377.SH,华旺科技,SSE,制造业,605377.SH,,上市,,https://www.sse.com.cn/assortment/stock/home/,2026-07-28
605378.SH,野马电池,SSE,制造业,605378.SH,,上市,,https://www.sse.com.cn/assortment/stock/home/,2026-07-28
605388.SH,均瑶健康,SSE,制造业,605388.SH,,上市,,https://www.sse.com.cn/assortment/stock/home/,2026-07-28
605389.SH,长龄液压,SSE,制造业,605389.SH,,上市,,https://www.sse.com.cn/assortment/stock/home/,2026-07-28
605398.SH,新炬网络,SSE,信息传输、软件和信息技术服务业,605398.SH,,上市,,https://www.sse.com.cn/assortment/stock/home/,2026-07-28
605399.SH,晨光新材,SSE,制造业,605399.SH,,上市,,https://www.sse.com.cn/assortment/stock/home/,2026-07-28
605488.SH,福莱新材,SSE,制造业,605488.SH,,上市,,https://www.sse.com.cn/assortment/stock/home/,2026-07-28
605499.SH,东鹏饮料,SSE,制造业,605499.SH,,上市,,https://www.sse.com.cn/assortment/stock/home/,2026-07-28
605500.SH,森林包装,SSE,制造业,605500.SH,,上市,,https://www.sse.com.cn/assortment/stock/home/,2026-07-28
605507.SH,国邦医药,SSE,制造业,605507.SH,,上市,,https://www.sse.com.cn/assortment/stock/home/,2026-07-28
605555.SH,德昌股份,SSE,制造业,605555.SH,,上市,,https://www.sse.com.cn/assortment/stock/home/,2026-07-28
605566.SH,福莱蒽特,SSE,制造业,605566.SH,,上市,,https://www.sse.com.cn/assortment/stock/home/,2026-07-28
605567.SH,春雪食品,SSE,制造业,605567.SH,,上市,,https://www.sse.com.cn/assortment/stock/home/,2026-07-28
605577.SH,龙版传媒,SSE,文化、体育和娱乐业,605577.SH,,上市,,https://www.sse.com.cn/assortment/stock/home/,2026-07-28
605580.SH,恒盛能源,SSE,电力、热力、燃气及水生产和供应业,605580.SH,,上市,,https://www.sse.com.cn/assortment/stock/home/,2026-07-28
605588.SH,冠石科技,SSE,制造业,605588.SH,,上市,,https://www.sse.com.cn/assortment/stock/home/,2026-07-28
605589.SH,圣泉集团,SSE,制造业,605589.SH,,上市,,https://www.sse.com.cn/assortment/stock/home/,2026-07-28
605598.SH,上海港湾,SSE,建筑业,605598.SH,,上市,,https://www.sse.com.cn/assortment/stock/home/,2026-07-28
605599.SH,菜百股份,SSE,批发和零售业,605599.SH,,上市,,https://www.sse.com.cn/assortment/stock/home/,2026-07-28
