company_code,company_name,report_year,indicator_code,value,status,source_url,source_file,source_page,evidence_text,confidence
600236.SH,桂冠电力,2025,Q_G_AR_TURNOVER,4.8559,confirmed,https://www.sse.com.cn/disclosure/listedinfo/announcement/c/new/2026-03-31/600236_20260331_HG2A.pdf,data/raw/600236.SH/2025/annual_report.pdf,101,"合并报表自动派生: 营业收入=1.03929e+10 | 应收账款 七、5 2,208,190,980.95 2,072,353,961.63 应收款项融资 七、7 6,370,002.00 504,025.20 预付款项 七、8 95,176,252.25 111,162,074.29 应收保费 应收分保账款 应收分保合同准备金 其他应收款 七、9 60,095,305.52 74,517,552.29 其中：应收利息 [auto-confirm:public-disclosure-v3]",0.94
600236.SH,桂冠电力,2025,Q_G_ASSET_TURNOVER,0.3382,confirmed,https://www.sse.com.cn/disclosure/listedinfo/announcement/c/new/2026-03-31/600236_20260331_HG2A.pdf,data/raw/600236.SH/2025/annual_report.pdf,102,"合并报表自动派生: 营业收入=1.03929e+10 | 资产总计 52,567,354,531.62 流动负债： 短期借款 七、32 8,889,333,851.96 向中央银行借款 拆入资金 交易性金融负债 衍生金融负债 应付票据 七、35 18,926,495.85 应付账款 七、36 2,134,418,524.16 预收款项 七、37 10,776,902.68 合同负债 七、38 1,337,048.59 卖出 [auto-confirm:public-disclosure-v3]",0.94
600236.SH,桂冠电力,2025,Q_G_CASH_CURRENT_LIABILITY,51.9976,confirmed,https://www.sse.com.cn/disclosure/listedinfo/announcement/c/new/2026-03-31/600236_20260331_HG2A.pdf,data/raw/600236.SH/2025/annual_report.pdf,110,"合并利润/现金流量表自动派生: 营业收入=1.03929e+10 | 经营活动产生的现金流 量净额 七、78 6,957,390,577.01 二、投资活动产生的现金流量： 收回投资收到的现金 取得投资收益收到的现金 46,094,602.47 处置固定资产、无形资产和 其他长期资产收回的现金净额 249,682.90 处置子公司及其他营业单位 收到的现金净额 收到其他与投资活动有关的 现金 投资活动现金流入小计 46,344,285.37 购建固定资产 | 流动负债合计 13,380,205,655.41 非流动负债： 保险合同准备金 长期借款 七、45 11,385,369,012.04 应付债券 七、46 2,398,483,018.86 其中：优先股 永续债 租赁负债 七、47 782,983,876.35 长期应付款 七、48 42,528,564.00 长期应付职工薪酬 预计负债 102 / 293 1,166, [auto-confirm:public-disclosure-v3]",0.94
600236.SH,桂冠电力,2025,Q_G_CASH_REALIZATION,113.9354,confirmed,https://www.sse.com.cn/disclosure/listedinfo/announcement/c/new/2026-03-31/600236_20260331_HG2A.pdf,data/raw/600236.SH/2025/annual_report.pdf,109,"合并利润/现金流量表自动派生: 营业收入=1.03929e+10 | 经营活动现金流入小计 11,841,234,169.04 10,694,054,323.08 购买商品、接受劳务支付的 现金 656,370,602.54 1,654,794,686.09 客户贷款及垫款净增加额 存放中央银行和同业款项净 增加额 支付原保险合同赔付款项的 现金 拆出资金净增加额 支付利息、手续费及佣金的 现金 支付保单红利的现金 支付给职工及为职工支付的 现金 [auto-confirm:public-disclosure-v3]",0.94
600236.SH,桂冠电力,2025,Q_G_COST_REVENUE_RATE,58.5211,confirmed,https://www.sse.com.cn/disclosure/listedinfo/announcement/c/new/2026-03-31/600236_20260331_HG2A.pdf,data/raw/600236.SH/2025/annual_report.pdf,105,"合并利润/现金流量表自动派生: 营业收入=1.03929e+10 | 营业总成本 6,082,058,433.37 6,358,980,337.47 其中：营业成本 七、61 4,782,990,068.94 5,307,510,155.01 利息支出 手续费及佣金支出 退保金 赔付支出净额 提取保险责任准备金净额 保单红利支出 分保费用 税金及附加 七、62 411,066,617.21 149,761,706.24 销售费用 管理费 [auto-confirm:public-disclosure-v3]",0.94
600236.SH,桂冠电力,2025,Q_G_CURRENT_ASSET_TURNOVER,2.1657,confirmed,https://www.sse.com.cn/disclosure/listedinfo/announcement/c/new/2026-03-31/600236_20260331_HG2A.pdf,data/raw/600236.SH/2025/annual_report.pdf,101,"合并报表自动派生: 营业收入=1.03929e+10 | 流动资产合计 5,223,879,372.06 4,373,935,206.92 非流动资产： 发放贷款和垫款 债权投资 其他债权投资 长期应收款 长期股权投资 七、17 1,376,515,274.11 1,291,637,899.41 其他权益工具投资 七、18 241,658,724.16 240,360,926.39 其他非流动金融资产 投资性房地产 固定资产 [auto-confirm:public-disclosure-v3]",0.94
600236.SH,桂冠电力,2025,Q_G_DEBT_ASSET_RATE,54.2174,confirmed,https://www.sse.com.cn/disclosure/listedinfo/announcement/c/new/2026-03-31/600236_20260331_HG2A.pdf,data/raw/600236.SH/2025/annual_report.pdf,103,"合并报表自动派生: 负债合计 28,500,650,943.98 28,267,487,975.59 所有者权益（或股东权益）： 实收资本（或股本） 七、53 7,882,377,802.00 7,882,377,802.00 其他权益工具 七、54 2,518,652,655.25 2,524,505,452.06 其中：优先股 永续债 七、54 2,518,652,655.25 2 | 资产总计 52,567,354,531.62 流动负债： 短期借款 七、32 8,889,333,851.96 向中央银行借款 拆入资金 交易性金融负债 衍生金融负债 应付票据 七、35 18,926,495.85 应付账款 七、36 2,134,418,524.16 预收款项 七、37 10,776,902.68 合同负债 七、38 1,337,048.59 卖出 [auto-confirm:public-disclosure-v3]",0.94
600236.SH,桂冠电力,2025,Q_G_EBITDA_INTEREST,9.7414,confirmed,https://www.sse.com.cn/disclosure/listedinfo/announcement/c/new/2026-03-31/600236_20260331_HG2A.pdf,data/raw/600236.SH/2025/annual_report.pdf,106,"合并利润/现金流量表自动派生: 营业收入=1.03929e+10 | 利润总额（亏损总额以“ － ”号 填列） 4,425,753,230.71 减：所得税费用 七、76 713,117,048.77 五、净利润（净亏损以“ － ”号填 列） 3,712,636,181.94 （一）按经营持续性分类 “ 1.持续经营净利润（净亏损以 － ”号填列） 3,712,636,181.94 “ 2.终止经营净利润（净亏损以 － ”号填列） （ | 利息费用 七、66 506,295,946.31 利息收入 七、66 776,139.24 加：其他收益 七、67 32,001,402.07 投资收益（损失以“－”号 填列） 七、68 130,709,311.90 其中：对联营企业和合营企 业的投资收益 七、68 111,014,709.43 以摊余成本计量的金融 资产终止确认收益 汇兑收益（损失以“－”号 填列 [auto-confirm:public-disclosure-v3]",0.94
600236.SH,桂冠电力,2025,Q_G_OPERATING_MARGIN,42.8375,confirmed,https://www.sse.com.cn/disclosure/listedinfo/announcement/c/new/2026-03-31/600236_20260331_HG2A.pdf,data/raw/600236.SH/2025/annual_report.pdf,106,"合并利润/现金流量表自动派生: 营业收入=1.03929e+10 | 营业利润（亏损以“－”号填 列） 4,452,075,564.09 加：营业外收入 七、74 62,163,417.22 减：营业外支出 七、75 88,485,750.60 四、利润总额（亏损总额以“ － ”号 填列） 4,425,753,230.71 减：所得税费用 七、76 713,117,048.77 五、净利润（净亏损以“ － ”号填 列） 3,712,6 [auto-confirm:public-disclosure-v3]",0.94
600236.SH,桂冠电力,2025,Q_G_REVENUE_GROWTH,8.2781,confirmed,https://www.sse.com.cn/disclosure/listedinfo/announcement/c/new/2026-03-31/600236_20260331_HG2A.pdf,data/raw/600236.SH/2025/annual_report.pdf,6,"营业收入 10,392,934,752.84 9,598,376,231.50 8.28 8,091,005,363.59 [auto-confirm:public-disclosure-v3]",0.91
600236.SH,桂冠电力,2025,Q_G_ROA,16.0505,confirmed,https://www.sse.com.cn/disclosure/listedinfo/announcement/c/new/2026-03-31/600236_20260331_HG2A.pdf,data/raw/600236.SH/2025/annual_report.pdf,106,"合并利润/现金流量表自动派生: 营业收入=1.03929e+10 | 利润总额（亏损总额以“ － ”号 填列） 4,425,753,230.71 减：所得税费用 七、76 713,117,048.77 五、净利润（净亏损以“ － ”号填 列） 3,712,636,181.94 （一）按经营持续性分类 “ 1.持续经营净利润（净亏损以 － ”号填列） 3,712,636,181.94 “ 2.终止经营净利润（净亏损以 － ”号填列） （ | 利息费用 七、66 506,295,946.31 利息收入 七、66 776,139.24 加：其他收益 七、67 32,001,402.07 投资收益（损失以“－”号 填列） 七、68 130,709,311.90 其中：对联营企业和合营企 业的投资收益 七、68 111,014,709.43 以摊余成本计量的金融 资产终止确认收益 汇兑收益（损失以“－”号 填列 | 资产总计 52,567,354,531.62 流动负债： 短期借款 七、32 8,889,333,851.96 向中央银行借款 拆入资金 交易性金融负债 衍生金融负债 应付票据 七、35 18,926,495.85 应付账款 七、36 2,134,418,524.16 预收款项 七、37 10,776,902.68 合同负债 七、38 1,337,048.59 卖出 [auto-confirm:public-disclosure-v3]",0.94
600236.SH,桂冠电力,2025,Q_G_ROE,18.39,confirmed,https://www.sse.com.cn/disclosure/listedinfo/announcement/c/new/2026-03-31/600236_20260331_HG2A.pdf,data/raw/600236.SH/2025/annual_report.pdf,7,性损益后的基本每股 收益(元／股) 0.4101 0.2959 38.59 0.1416 加权平均净资产收益率(%) 18.39 13.35 增加5.04个百 分点 6.93 净资产收益率(%) 扣除非经常性损益后的加 [auto-confirm:public-disclosure-v3],0.92
600236.SH,桂冠电力,2025,Q_G_TWO_FUNDS_RATE,45.8813,confirmed,https://www.sse.com.cn/disclosure/listedinfo/announcement/c/new/2026-03-31/600236_20260331_HG2A.pdf,data/raw/600236.SH/2025/annual_report.pdf,101,"合并报表自动派生: 应收账款 七、5 2,208,190,980.95 2,072,353,961.63 应收款项融资 七、7 6,370,002.00 504,025.20 预付款项 七、8 95,176,252.25 111,162,074.29 应收保费 应收分保账款 应收分保合同准备金 其他应收款 七、9 60,095,305.52 74,517,552.29 其中：应收利息  | 存货 七、10 188,594,855.27 475,364,207.41 其中：数据资源 合同资产 持有待售资产 一年内到期的非流动资产 其他流动资产 七、13 773,743,772.10 669,360,848.48 流动资产合计 5,223,879,372.06 4,373,935,206.92 非流动资产： 发放贷款和垫款 债权投资 其他债权投资 长期 | 流动资产合计 5,223,879,372.06 4,373,935,206.92 非流动资产： 发放贷款和垫款 债权投资 其他债权投资 长期应收款 长期股权投资 七、17 1,376,515,274.11 1,291,637,899.41 其他权益工具投资 七、18 241,658,724.16 240,360,926.39 其他非流动金融资产 投资性房地产 固定资产 [auto-confirm:public-disclosure-v3]",0.94
600236.SH,桂冠电力,2025,Q_S_DIVIDEND_PER_SHARE,0.293,confirmed,https://www.sse.com.cn/disclosure/listedinfo/announcement/c/new/2026-03-31/600236_20260331_HG2A.pdf,data/raw/600236.SH/2025/annual_report.pdf,54,"积金转增股本预案 √适用 □不适用 单位：元 币种：人民币 每10 股送红股数(股) / 每10 股派息数(元)(含税) 2.93 每10 股转增数(股) / 现金分红金额(含税) 2,309,536,695.99 合并 [auto-confirm:public-disclosure-v3]",0.94
600236.SH,桂冠电力,2025,Q_S_RD_RATE,1.92,confirmed,https://www.sse.com.cn/disclosure/listedinfo/announcement/c/new/2026-03-31/600236_20260331_HG2A.pdf,data/raw/600236.SH/2025/annual_report.pdf,20,"人民币 本期费用化研发投入 / 本期资本化研发投入 / 研发投入合计 19,963.75 研发投入总额占营业收入比例(%) 1.92 研发投入资本化的比重(%) / (2).研发人员情况表 √适用 □不适用 20 / 29 [auto-confirm:public-disclosure-v3]",0.96
600339.SH,中油工程,2025,Q_G_AR_TURNOVER,6.9333,confirmed,https://www.sse.com.cn/disclosure/listedinfo/announcement/c/new/2026-04-11/600339_20260411_1IH9.pdf,data/raw/600339.SH/2025/annual_report.pdf,81,"合并报表自动派生: 营业收入=9.96507e+10 | 应收账款 七、5 16,958,966,543.67 11,786,650,039.75 应收款项融资 七、7 103,010,196.87 273,170,635.12 预付款项 七、8 8,585,203,890.31 6,906,329,722.36 应收保费 应收分保账款 应收分保合同准备金 其他应收款 七、9 7,303,544,098.27 6,779, [auto-confirm:public-disclosure-v3]",0.94
600339.SH,中油工程,2025,Q_G_ASSET_TURNOVER,1.6162,confirmed,https://www.sse.com.cn/disclosure/listedinfo/announcement/c/new/2026-04-11/600339_20260411_1IH9.pdf,data/raw/600339.SH/2025/annual_report.pdf,82,"合并报表自动派生: 营业收入=9.96507e+10 | 资产总计 122,681,573,492.31 流动负债： 短期借款 向中央银行借款 拆入资金 交易性金融负债 衍生金融负债 应付票据 七、35 633,114,148.16 应付账款 七、36 38,051,303,323.27 预收款项 七、37 27,826,246.92 合同负债 七、38 31,227,621,798.04 卖出回购金融资产款 吸收存款及同 [auto-confirm:public-disclosure-v3]",0.94
600339.SH,中油工程,2025,Q_G_CASH_REALIZATION,122.8322,confirmed,https://www.sse.com.cn/disclosure/listedinfo/announcement/c/new/2026-04-11/600339_20260411_1IH9.pdf,data/raw/600339.SH/2025/annual_report.pdf,89,"合并利润/现金流量表自动派生: 营业收入=9.96507e+10 | 经营活动现金流入小计 122,403,179,194.38 100,619,448,727.29 购买商品、接受劳务支付的现金 87,875,118,802.66 83,186,597,937.10 客户贷款及垫款净增加额 存放中央银行和同业款项净增加 额 支付原保险合同赔付款项的现金 拆出资金净增加额 支付利息、手续费及佣金的现金 支付保单红利的现金 支付给职工及为职工支付的 [auto-confirm:public-disclosure-v3]",0.94
600339.SH,中油工程,2025,Q_G_COST_REVENUE_RATE,98.702,confirmed,https://www.sse.com.cn/disclosure/listedinfo/announcement/c/new/2026-04-11/600339_20260411_1IH9.pdf,data/raw/600339.SH/2025/annual_report.pdf,85,"合并利润/现金流量表自动派生: 营业收入=9.96507e+10 | 营业总成本 98,357,185,320.55 84,164,577,559.17 其中：营业成本 七、61 92,348,173,296.16 78,878,105,721.20 利息支出 手续费及佣金支出 85 / 220 [auto-confirm:public-disclosure-v3]",0.94
600339.SH,中油工程,2025,Q_G_CURRENT_ASSET_TURNOVER,0.9282,confirmed,https://www.sse.com.cn/disclosure/listedinfo/announcement/c/new/2026-04-11/600339_20260411_1IH9.pdf,data/raw/600339.SH/2025/annual_report.pdf,81,"合并报表自动派生: 营业收入=9.96507e+10 | 流动资产合计 114,328,470,287.01 100,378,530,655.75 非流动资产： 发放贷款和垫款 81 / 220 [auto-confirm:public-disclosure-v3]",0.94
600339.SH,中油工程,2025,Q_G_DEBT_ASSET_RATE,78.1716,confirmed,https://www.sse.com.cn/disclosure/listedinfo/announcement/c/new/2026-04-11/600339_20260411_1IH9.pdf,data/raw/600339.SH/2025/annual_report.pdf,83,"合并报表自动派生: 负债合计 95,902,150,795.57 81,930,964,831.83 所有者权益（或股东权益）： 实收资本（或股本） 七、53 5,583,147,471.00 5,583,147,471.00 其他权益工具 其中：优先股 永续债 资本公积 七、55 14,573,436,520.40 14,575,760,587.84 减：库存股 其他综合收益 七、5 | 资产总计 122,681,573,492.31 流动负债： 短期借款 向中央银行借款 拆入资金 交易性金融负债 衍生金融负债 应付票据 七、35 633,114,148.16 应付账款 七、36 38,051,303,323.27 预收款项 七、37 27,826,246.92 合同负债 七、38 31,227,621,798.04 卖出回购金融资产款 吸收存款及同 [auto-confirm:public-disclosure-v3]",0.94
600339.SH,中油工程,2025,Q_G_EBITDA_INTEREST,4.0402,confirmed,https://www.sse.com.cn/disclosure/listedinfo/announcement/c/new/2026-04-11/600339_20260411_1IH9.pdf,data/raw/600339.SH/2025/annual_report.pdf,86,"合并利润/现金流量表自动派生: 营业收入=9.96507e+10 | 利润总额（亏损总额以“ － ”号填 列） 1,079,706,232.17 1,380,850,337.94 减：所得税费用 七、76 707,764,792.37 747,839,380.69 五、净利润（净亏损以“ － ”号填列） 371,941,439.80 633,010,957.25 （一）按经营持续性分类 “ 1.持续经营净利润（净亏损以 － ”号填列） | 利息费用 355,138,448.78 179,660,261.96 利息收入 176,561,345.17 324,030,644.82 加：其他收益 七、67 52,821,635.96 53,662,328.28 投资收益（损失以 “ － ” 号填 列） 七、68 34,239,280.68 14,400,340.33 其中： 对联营企业和合营企业 的投资收益 [auto-confirm:public-disclosure-v3]",0.94
600339.SH,中油工程,2025,Q_G_OPERATING_MARGIN,1.0719,confirmed,https://www.sse.com.cn/disclosure/listedinfo/announcement/c/new/2026-04-11/600339_20260411_1IH9.pdf,data/raw/600339.SH/2025/annual_report.pdf,86,"合并利润/现金流量表自动派生: 营业收入=9.96507e+10 | 营业利润 （亏损以 “ － ” 号填列） 1,068,142,490.08 1,325,686,025.86 加：营业外收入 七、74 68,457,558.27 110,554,228.02 减：营业外支出 七、75 56,893,816.18 55,389,915.94 四、 利润总额（亏损总额以“ － ”号填 列） 1,079,706,232.17 1,380 [auto-confirm:public-disclosure-v3]",0.94
600339.SH,中油工程,2025,Q_G_OPERATING_PROFIT_GROWTH,-19.4272,confirmed,https://www.sse.com.cn/disclosure/listedinfo/announcement/c/new/2026-04-11/600339_20260411_1IH9.pdf,data/raw/600339.SH/2025/annual_report.pdf,86,"合并利润/现金流量表自动派生: 营业收入=9.96507e+10 | 营业利润 （亏损以 “ － ” 号填列） 1,068,142,490.08 1,325,686,025.86 加：营业外收入 七、74 68,457,558.27 110,554,228.02 减：营业外支出 七、75 56,893,816.18 55,389,915.94 四、 利润总额（亏损总额以“ － ”号填 列） 1,079,706,232.17 1,380 [auto-confirm:public-disclosure-v3]",0.94
600339.SH,中油工程,2025,Q_G_REVENUE_GROWTH,15.9844,confirmed,https://www.sse.com.cn/disclosure/listedinfo/announcement/c/new/2026-04-11/600339_20260411_1IH9.pdf,data/raw/600339.SH/2025/annual_report.pdf,7,"营业收入 99,650,697,576.70 85,917,347,544.27 15.98 80,343,365,358.89 [auto-confirm:public-disclosure-v3]",0.91
600339.SH,中油工程,2025,Q_G_ROA,2.3271,confirmed,https://www.sse.com.cn/disclosure/listedinfo/announcement/c/new/2026-04-11/600339_20260411_1IH9.pdf,data/raw/600339.SH/2025/annual_report.pdf,86,"合并利润/现金流量表自动派生: 营业收入=9.96507e+10 | 利润总额（亏损总额以“ － ”号填 列） 1,079,706,232.17 1,380,850,337.94 减：所得税费用 七、76 707,764,792.37 747,839,380.69 五、净利润（净亏损以“ － ”号填列） 371,941,439.80 633,010,957.25 （一）按经营持续性分类 “ 1.持续经营净利润（净亏损以 － ”号填列） | 利息费用 355,138,448.78 179,660,261.96 利息收入 176,561,345.17 324,030,644.82 加：其他收益 七、67 52,821,635.96 53,662,328.28 投资收益（损失以 “ － ” 号填 列） 七、68 34,239,280.68 14,400,340.33 其中： 对联营企业和合营企业 的投资收益 | 资产总计 122,681,573,492.31 流动负债： 短期借款 向中央银行借款 拆入资金 交易性金融负债 衍生金融负债 应付票据 七、35 633,114,148.16 应付账款 七、36 38,051,303,323.27 预收款项 七、37 27,826,246.92 合同负债 七、38 31,227,621,798.04 卖出回购金融资产款 吸收存款及同 [auto-confirm:public-disclosure-v3]",0.94
600339.SH,中油工程,2025,Q_G_ROE,1.34,confirmed,https://www.sse.com.cn/disclosure/listedinfo/announcement/c/new/2026-04-11/600339_20260411_1IH9.pdf,data/raw/600339.SH/2025/annual_report.pdf,7,损益后的基本每股收益 (元／股) 0.0497 0.0599 -17.03 0.0977 加权平均净资产收益率(%) 1.34 2.42 减少 1.08 个百分 点 2.90 产收益率(%) 扣除非经常性损益后的加权 [auto-confirm:public-disclosure-v3],0.92
600339.SH,中油工程,2025,Q_G_TWO_FUNDS_RATE,30.9479,confirmed,https://www.sse.com.cn/disclosure/listedinfo/announcement/c/new/2026-04-11/600339_20260411_1IH9.pdf,data/raw/600339.SH/2025/annual_report.pdf,81,"合并报表自动派生: 应收账款 七、5 16,958,966,543.67 11,786,650,039.75 应收款项融资 七、7 103,010,196.87 273,170,635.12 预付款项 七、8 8,585,203,890.31 6,906,329,722.36 应收保费 应收分保账款 应收分保合同准备金 其他应收款 七、9 7,303,544,098.27 6,779, | 存货 七、10 18,423,283,529.94 14,120,894,696.57 其中：数据资源 合同资产 七、6 22,577,918,651.70 27,369,984,211.97 持有待售资产 七、11 0.00 一年内到期的非流动资产 七、12 16,276,106.26 80,666,266.89 其他流动资产 七、13 1,896,108,9 | 流动资产合计 114,328,470,287.01 100,378,530,655.75 非流动资产： 发放贷款和垫款 81 / 220 [auto-confirm:public-disclosure-v3]",0.94
600339.SH,中油工程,2025,Q_S_DIVIDEND_PER_SHARE,0.026,confirmed,https://www.sse.com.cn/disclosure/listedinfo/announcement/c/new/2026-04-11/600339_20260411_1IH9.pdf,data/raw/600339.SH/2025/annual_report.pdf,50,"金转增股本预案 √适用 □不适用 单位：元 币种：人民币 每 10 股送红股数(股) 0 每 10 股派息数(元)(含税) 0.26 每 10 股转增数(股) 0 现金分红金额(含税) 145,161,834.24 合并报 [auto-confirm:public-disclosure-v3]",0.94
600339.SH,中油工程,2025,Q_S_RD_RATE,2.52,confirmed,https://www.sse.com.cn/disclosure/listedinfo/announcement/c/new/2026-04-11/600339_20260411_1IH9.pdf,data/raw/600339.SH/2025/annual_report.pdf,20,"资本化研发投入 9,429,539.03 研发投入合计 2,516,050,853.68 研发投入总额占营业收入比例(%) 2.52 研发投入资本化的比重(%) 0.37 20 / 220 [auto-confirm:public-disclosure-v3]",0.96
600406.SH,国电南瑞,2025,Q_G_AR_TURNOVER,3.8377,confirmed,https://www.sse.com.cn/disclosure/listedinfo/announcement/c/new/2026-04-30/600406_20260430_JEME.pdf,data/raw/600406.SH/2025/annual_report.pdf,121,"合并报表自动派生: 营业收入=6.6229e+10 | 应收账款 七、5 31,249,864,276.02 应收款项融资 七、7 3,264,728,509.18 预付款项 七、8 2,412,648,345.32 应收保费 应收分保账款 应收分保合同准备金 其他应收款 七、9 178,278,136.68 其中：应收利息 应收股利 买入返售金融资产 存货 七、10 13,058,218,914.99 其中：数据资源 [auto-confirm:public-disclosure-v3]",0.94
600406.SH,国电南瑞,2025,Q_G_ASSET_TURNOVER,1.3365,confirmed,https://www.sse.com.cn/disclosure/listedinfo/announcement/c/new/2026-04-30/600406_20260430_JEME.pdf,data/raw/600406.SH/2025/annual_report.pdf,122,"合并报表自动派生: 营业收入=6.6229e+10 | 资产总计 98,585,657,661.02 流动负债： 短期借款 七、32 520,837,869.59 向中央银行借款 拆入资金 交易性金融负债 衍生金融负债 七、34 1,976,480.52 应付票据 七、35 1,906,930,541.86 应付账款 七、36 27,828,765,884.55 预收款项 七、37 5,541,838.36 合同负债 七 [auto-confirm:public-disclosure-v3]",0.94
600406.SH,国电南瑞,2025,Q_G_CASH_CURRENT_LIABILITY,30.8836,confirmed,https://www.sse.com.cn/disclosure/listedinfo/announcement/c/new/2026-04-30/600406_20260430_JEME.pdf,data/raw/600406.SH/2025/annual_report.pdf,134,"合并利润/现金流量表自动派生: 营业收入=6.6229e+10 | 经营活动产生的现金流 量净额 12,768,702,125.04 二、投资活动产生的现金流量： 收回投资收到的现金 61,101,829,010.82 取得投资收益收到的现金 301,538,534.01 处置固定资产、无形资产和其 他长期资产收回的现金净额 2,847,704.49 处置子公司及其他营业单位 收到的现金净额 收到其他与投资活动有关的 现金 七、78 596,850.0 | 流动负债合计 41,344,628,070.52 非流动负债： 保险合同准备金 长期借款 七、45 21,099,999.22 应付债券 其中：优先股 永续债 租赁负债 七、47 9,023,783.66 长期应付款 七、48 316,224,703.00 长期应付职工薪酬 预计负债 七、50 15,955,627.85 递延收益 七、51 345,649,305.66 [auto-confirm:public-disclosure-v3]",0.94
600406.SH,国电南瑞,2025,Q_G_CASH_REALIZATION,111.2444,confirmed,https://www.sse.com.cn/disclosure/listedinfo/announcement/c/new/2026-04-30/600406_20260430_JEME.pdf,data/raw/600406.SH/2025/annual_report.pdf,133,"合并利润/现金流量表自动派生: 营业收入=6.6229e+10 | 经营活动现金流入小计 73,676,021,474.37 61,740,137,477.16 购买商品、接受劳务支付的现 金 46,559,631,492.71 37,415,307,106.75 客户贷款及垫款净增加额 存放中央银行和同业款项净 增加额 支付原保险合同赔付款项的 现金 拆出资金净增加额 支付利息、手续费及佣金的现 金 支付保单红利的现金 支付给职工及为职工支付 [auto-confirm:public-disclosure-v3]",0.94
600406.SH,国电南瑞,2025,Q_G_COST_REVENUE_RATE,86.0421,confirmed,https://www.sse.com.cn/disclosure/listedinfo/announcement/c/new/2026-04-30/600406_20260430_JEME.pdf,data/raw/600406.SH/2025/annual_report.pdf,128,"合并利润/现金流量表自动派生: 营业收入=6.6229e+10 | 营业总成本 56,984,816,433.73 49,420,314,544.63 其中：营业成本 七、61 49,117,323,852.59 42,459,770,307.62 利息支出 手续费及佣金支出 退保金 赔付支出净额 提取保险责任准备金净额 保单红利支出 分保费用 税金及附加 七、62 437,446,438.10 435,611,444.96 销售费用 [auto-confirm:public-disclosure-v3]",0.94
600406.SH,国电南瑞,2025,Q_G_CURRENT_ASSET_TURNOVER,1.4562,confirmed,https://www.sse.com.cn/disclosure/listedinfo/announcement/c/new/2026-04-30/600406_20260430_JEME.pdf,data/raw/600406.SH/2025/annual_report.pdf,121,"合并报表自动派生: 营业收入=6.6229e+10 | 流动资产合计 81,929,921,500.23 非流动资产： 发放贷款和垫款 121 / 306 单位：元 币种：人民币 2024 年 12 月 31 日 9,033,417,046.54 15,745,798,116.83 88,065.44 116,632,572.91 30,926,493,201.05 2,494,597,407.25 1,567,515,45 [auto-confirm:public-disclosure-v3]",0.94
600406.SH,国电南瑞,2025,Q_G_DEBT_ASSET_RATE,42.7306,confirmed,https://www.sse.com.cn/disclosure/listedinfo/announcement/c/new/2026-04-30/600406_20260430_JEME.pdf,data/raw/600406.SH/2025/annual_report.pdf,123,"合并报表自动派生: 负债合计 42,126,213,104.12 所有者权益（或股东权益）： 实收资本（或股本） 七、53 8,031,756,156.00 123 / 306 168,069,985.86 1,285,541,666.51 1,124,175,539.13 314,840,635.07 172,876,274.59 740,478,242.66 39,537,981, | 资产总计 98,585,657,661.02 流动负债： 短期借款 七、32 520,837,869.59 向中央银行借款 拆入资金 交易性金融负债 衍生金融负债 七、34 1,976,480.52 应付票据 七、35 1,906,930,541.86 应付账款 七、36 27,828,765,884.55 预收款项 七、37 5,541,838.36 合同负债 七 [auto-confirm:public-disclosure-v3]",0.94
600406.SH,国电南瑞,2025,Q_G_EBITDA_INTEREST,491.8879,confirmed,https://www.sse.com.cn/disclosure/listedinfo/announcement/c/new/2026-04-30/600406_20260430_JEME.pdf,data/raw/600406.SH/2025/annual_report.pdf,129,"合并利润/现金流量表自动派生: 营业收入=6.6229e+10 | 利润总额（亏损总额以“ － ”号填 列） 9,818,913,105.67 减：所得税费用 七、76 960,840,921.64 五、净利润（净亏损以“ － ”号填列） 8,858,072,184.03 （一）按经营持续性分类 “ 1.持续经营净利润（净亏损以 － ”号填列） 8,858,072,184.03 “ 2.终止经营净利润（净亏损以 － ”号填列） （二 | 利息费用 七、66 20,002,353.81 28,697,841.84 利息收入 七、66 302,800,881.44 508,243,406.85 加：其他收益 七、67 642,994,972.66 710,326,619.89 投资收益（损失以 “ － ” 号填 列） 七、68 188,974,974.44 38,339,961.65 其中： 对联营企业 [auto-confirm:public-disclosure-v3]",0.94
600406.SH,国电南瑞,2025,Q_G_OPERATING_MARGIN,14.8112,confirmed,https://www.sse.com.cn/disclosure/listedinfo/announcement/c/new/2026-04-30/600406_20260430_JEME.pdf,data/raw/600406.SH/2025/annual_report.pdf,129,"合并利润/现金流量表自动派生: 营业收入=6.6229e+10 | 营业利润 （亏损以 “ － ” 号填列） 9,809,281,552.09 加：营业外收入 七、74 18,285,929.70 减：营业外支出 七、75 8,654,376.12 四、 利润总额（亏损总额以“ － ”号填 列） 9,818,913,105.67 减：所得税费用 七、76 960,840,921.64 五、净利润（净亏损以“ － ”号填列） 8,85 [auto-confirm:public-disclosure-v3]",0.94
600406.SH,国电南瑞,2025,Q_G_REVENUE_GROWTH,14.5252,confirmed,https://www.sse.com.cn/disclosure/listedinfo/announcement/c/new/2026-04-30/600406_20260430_JEME.pdf,data/raw/600406.SH/2025/annual_report.pdf,13,"营业收入 66,228,963,223.21 57,829,172,321.78 57,417,254,946.56 14.53 51,961,306,701.63 51,655,248,318.66 [auto-confirm:public-disclosure-v3]",0.91
600406.SH,国电南瑞,2025,Q_G_ROA,19.8552,confirmed,https://www.sse.com.cn/disclosure/listedinfo/announcement/c/new/2026-04-30/600406_20260430_JEME.pdf,data/raw/600406.SH/2025/annual_report.pdf,129,"合并利润/现金流量表自动派生: 营业收入=6.6229e+10 | 利润总额（亏损总额以“ － ”号填 列） 9,818,913,105.67 减：所得税费用 七、76 960,840,921.64 五、净利润（净亏损以“ － ”号填列） 8,858,072,184.03 （一）按经营持续性分类 “ 1.持续经营净利润（净亏损以 － ”号填列） 8,858,072,184.03 “ 2.终止经营净利润（净亏损以 － ”号填列） （二 | 利息费用 七、66 20,002,353.81 28,697,841.84 利息收入 七、66 302,800,881.44 508,243,406.85 加：其他收益 七、67 642,994,972.66 710,326,619.89 投资收益（损失以 “ － ” 号填 列） 七、68 188,974,974.44 38,339,961.65 其中： 对联营企业 | 资产总计 98,585,657,661.02 流动负债： 短期借款 七、32 520,837,869.59 向中央银行借款 拆入资金 交易性金融负债 衍生金融负债 七、34 1,976,480.52 应付票据 七、35 1,906,930,541.86 应付账款 七、36 27,828,765,884.55 预收款项 七、37 5,541,838.36 合同负债 七 [auto-confirm:public-disclosure-v3]",0.94
600406.SH,国电南瑞,2025,Q_G_ROE,16.26,confirmed,https://www.sse.com.cn/disclosure/listedinfo/announcement/c/new/2026-04-30/600406_20260430_JEME.pdf,data/raw/600406.SH/2025/annual_report.pdf,14,后的 基本每股收益(元／股) 1.00 0.92 0.92 8.24 0.87 0.87 加权平均净资产收益率 (%) 16.26 15.85 15.87 增加0.41个 百分点 16.04 16.06 扣除非经常性损益 [auto-confirm:public-disclosure-v3],0.92
600406.SH,国电南瑞,2025,Q_G_TWO_FUNDS_RATE,54.0805,confirmed,https://www.sse.com.cn/disclosure/listedinfo/announcement/c/new/2026-04-30/600406_20260430_JEME.pdf,data/raw/600406.SH/2025/annual_report.pdf,121,"合并报表自动派生: 应收账款 七、5 31,249,864,276.02 应收款项融资 七、7 3,264,728,509.18 预付款项 七、8 2,412,648,345.32 应收保费 应收分保账款 应收分保合同准备金 其他应收款 七、9 178,278,136.68 其中：应收利息 应收股利 买入返售金融资产 存货 七、10 13,058,218,914.99 其中：数据资源  | 存货 七、10 13,058,218,914.99 其中：数据资源 合同资产 七、6 1,494,607,220.30 持有待售资产 一年内到期的非流动资产 七、12 1,968,177,265.82 其他流动资产 七、13 3,735,408,467.75 流动资产合计 81,929,921,500.23 非流动资产： 发放贷款和垫款 121 / 306 单位 | 流动资产合计 81,929,921,500.23 非流动资产： 发放贷款和垫款 121 / 306 单位：元 币种：人民币 2024 年 12 月 31 日 9,033,417,046.54 15,745,798,116.83 88,065.44 116,632,572.91 30,926,493,201.05 2,494,597,407.25 1,567,515,45 [auto-confirm:public-disclosure-v3]",0.94
600406.SH,国电南瑞,2025,Q_S_DIVIDEND_PER_SHARE,0.622,confirmed,https://www.sse.com.cn/disclosure/listedinfo/announcement/c/new/2026-04-30/600406_20260430_JEME.pdf,data/raw/600406.SH/2025/annual_report.pdf,71,"国电南瑞科技股份有限公司2025 年年度报告 每 10 股派息数(元)(含税) 6.22 每 10 股转增数(股) 0 现金分红金额(含税) 4,967,912,638.17 合 [auto-confirm:public-disclosure-v3]",0.94
600406.SH,国电南瑞,2025,Q_S_RD_RATE,7.16,confirmed,https://www.sse.com.cn/disclosure/listedinfo/announcement/c/new/2026-04-30/600406_20260430_JEME.pdf,data/raw/600406.SH/2025/annual_report.pdf,31,"化研发投入 209,111,917.43 研发投入合计 4,738,986,354.36 研发投入总额占营业收入比例(%) 7.16 研发投入资本化的比重(%) 4.41 (2).研发人员情况表 √适用 □不适用 公司研发 [auto-confirm:public-disclosure-v3]",0.96
600803.SH,新奥股份,2025,Q_G_REVENUE_GROWTH,-3.2243,confirmed,https://www.sse.com.cn/disclosure/listedinfo/announcement/c/new/2026-03-28/600803_20260328_HKOX.pdf,data/raw/600803.SH/2025/annual_report.pdf,8,"营业收入 13,145,677 13,583,649 -3.22 14,375,398 [auto-confirm:public-disclosure-v3]",0.91
600803.SH,新奥股份,2025,Q_G_ROE,19.35,confirmed,https://www.sse.com.cn/disclosure/listedinfo/announcement/c/new/2026-03-28/600803_20260328_HKOX.pdf,data/raw/600803.SH/2025/annual_report.pdf,9,扣除非经常性损益后的基本每股 收益(元／股) 1.44 1.21 19.01 0.80 加权平均净资产收益率(%) 19.35 19.06 增加0.29个百分点 34.39 扣除非经常性损益后的加权平均 净资产收益率 [auto-confirm:public-disclosure-v3],0.92
600803.SH,新奥股份,2025,Q_S_DIVIDEND_PER_SHARE,1.14,confirmed,https://www.sse.com.cn/disclosure/listedinfo/announcement/c/new/2026-03-28/600803_20260328_HKOX.pdf,data/raw/600803.SH/2025/annual_report.pdf,68,"转增股本预案 √适用 □不适用 单位：万元 币种：人民币 每 10 股送红股数(股) 0 每 10 股派息数(元)(含税) 11.40 每 10 股转增数(股) 0 现金分红金额(含税) 352,640 合并报表中归属于上市 [auto-confirm:public-disclosure-v3]",0.94
600803.SH,新奥股份,2025,Q_S_RD_RATE,0.74,confirmed,https://www.sse.com.cn/disclosure/listedinfo/announcement/c/new/2026-03-28/600803_20260328_HKOX.pdf,data/raw/600803.SH/2025/annual_report.pdf,34,"用化研发投入 61,207 本期资本化研发投入 36,506 研发投入合计 97,713 研发投入总额占营业收入比例(%) 0.74 研发投入资本化的比重(%) 37.36 (2).研发人员情况表 √适用 □不适用 公司研 [auto-confirm:public-disclosure-v3]",0.96
600821.SH,金开新能,2025,Q_G_AR_TURNOVER,0.4495,confirmed,https://www.sse.com.cn/disclosure/listedinfo/announcement/c/new/2026-04-18/600821_20260418_U3DI.pdf,data/raw/600821.SH/2025/annual_report.pdf,86,"合并报表自动派生: 营业收入=3.45168e+09 | 应收账款 七、5 7,369,609,603.80 7,987,558,891.19 应收款项融资 七、7 33,278,486.78 163,237,743.40 预付款项 七、8 66,503,250.27 222,410,454.60 应收保费 应收分保账款 应收分保合同准备金 其他应收款 七、9 95,039,453.31 86,703,137.76 其中： [auto-confirm:public-disclosure-v3]",0.94
600821.SH,金开新能,2025,Q_G_ASSET_TURNOVER,0.0869,confirmed,https://www.sse.com.cn/disclosure/listedinfo/announcement/c/new/2026-04-18/600821_20260418_U3DI.pdf,data/raw/600821.SH/2025/annual_report.pdf,87,"合并报表自动派生: 营业收入=3.45168e+09 | 资产总计 39,330,374,336.32 40,070,451,242.79 流动负债： 短期借款 七、32 60,145,900.02 547,917.11 向中央银行借款 拆入资金 交易性金融负债 衍生金融负债 应付票据 七、35 268,073,744.25 2,043,836,418.59 应付账款 七、36 261,042,003.31 327,999 [auto-confirm:public-disclosure-v3]",0.94
600821.SH,金开新能,2025,Q_G_CASH_CURRENT_LIABILITY,43.2437,confirmed,https://www.sse.com.cn/disclosure/listedinfo/announcement/c/new/2026-04-18/600821_20260418_U3DI.pdf,data/raw/600821.SH/2025/annual_report.pdf,93,"合并利润/现金流量表自动派生: 营业收入=3.45168e+09 | 经营活动产生的现金流量净额 七、79 2,169,968,463.97 1,881,229,894.71 二、投资活动产生的现金流量： 收回投资收到的现金 七、78 3,331,161,601.07 2,335,950,007.34 取得投资收益收到的现金 14,756,145.85 27,237,621.74 处置固定资产、无形资产和其他长期资产收 回的现金净额 3,142.12  | 流动负债合计 5,018,003,229.58 6,641,908,310.78 非流动负债： 保险合同准备金 长期借款 七、45 20,187,360,423.09 21,388,605,614.96 应付债券 七、46 2,696,120,179.90 1,547,101,288.71 其中：优先股 永续债 租赁负债 七、47 570,727,671.40 489, [auto-confirm:public-disclosure-v3]",0.94
600821.SH,金开新能,2025,Q_G_CASH_REALIZATION,187.74,confirmed,https://www.sse.com.cn/disclosure/listedinfo/announcement/c/new/2026-04-18/600821_20260418_U3DI.pdf,data/raw/600821.SH/2025/annual_report.pdf,93,"合并利润/现金流量表自动派生: 营业收入=3.45168e+09 | 经营活动现金流入小计 6,480,182,191.31 5,057,660,093.33 购买商品、接受劳务支付的现金 3,468,283,025.56 2,360,144,958.34 客户贷款及垫款净增加额 存放中央银行和同业款项净增加额 支付原保险合同赔付款项的现金 拆出资金净增加额 支付利息、手续费及佣金的现金 支付保单红利的现金 支付给职工及为职工支付的现金 251, [auto-confirm:public-disclosure-v3]",0.94
600821.SH,金开新能,2025,Q_G_COST_REVENUE_RATE,81.7461,confirmed,https://www.sse.com.cn/disclosure/listedinfo/announcement/c/new/2026-04-18/600821_20260418_U3DI.pdf,data/raw/600821.SH/2025/annual_report.pdf,90,"合并利润/现金流量表自动派生: 营业收入=3.45168e+09 | 营业总成本 2,821,613,572.49 2,712,758,238.78 其中：营业成本 七、61 1,714,718,038.81 1,621,611,889.52 利息支出 手续费及佣金支出 退保金 赔付支出净额 提取保险责任准备金净额 保单红利支出 分保费用 税金及附加 七、62 38,596,267.59 35,927,940.05 销售费用 七、63 [auto-confirm:public-disclosure-v3]",0.94
600821.SH,金开新能,2025,Q_G_CURRENT_ASSET_TURNOVER,0.3485,confirmed,https://www.sse.com.cn/disclosure/listedinfo/announcement/c/new/2026-04-18/600821_20260418_U3DI.pdf,data/raw/600821.SH/2025/annual_report.pdf,86,"合并报表自动派生: 营业收入=3.45168e+09 | 流动资产合计 9,554,319,140.16 10,256,220,772.92 非流动资产： 发放贷款和垫款 债权投资 其他债权投资 长期应收款 七、16 26,950,198.41 223,418,311.00 长期股权投资 七、17 1,444,858,317.69 1,328,016,568.67 其他权益工具投资 其他非流动金融资产 投资性房地产 固定资产 [auto-confirm:public-disclosure-v3]",0.94
600821.SH,金开新能,2025,Q_G_DEBT_ASSET_RATE,72.4189,confirmed,https://www.sse.com.cn/disclosure/listedinfo/announcement/c/new/2026-04-18/600821_20260418_U3DI.pdf,data/raw/600821.SH/2025/annual_report.pdf,87,"合并报表自动派生: 负债合计 28,482,611,119.48 30,080,889,108.42 所有者权益（或股东权益）： 87 |金开新能源股份有限公司  | 资产总计 39,330,374,336.32 40,070,451,242.79 流动负债： 短期借款 七、32 60,145,900.02 547,917.11 向中央银行借款 拆入资金 交易性金融负债 衍生金融负债 应付票据 七、35 268,073,744.25 2,043,836,418.59 应付账款 七、36 261,042,003.31 327,999 [auto-confirm:public-disclosure-v3]",0.94
600821.SH,金开新能,2025,Q_G_EBITDA_INTEREST,1.3733,confirmed,https://www.sse.com.cn/disclosure/listedinfo/announcement/c/new/2026-04-18/600821_20260418_U3DI.pdf,data/raw/600821.SH/2025/annual_report.pdf,91,"合并利润/现金流量表自动派生: 营业收入=3.45168e+09 | 利润总额（亏损总额以“ － ”号填列） 300,099,400.91 1,068,361,148.98 减：所得税费用 七、76 215,117,247.29 160,741,517.84 五、净利润（净亏损以“ － ”号填列） 84,982,153.62 907,619,631.14 （一）按经营持续性分类 1.持续经营净利润 （净亏损以“ － ”号填列） 84, | 利息费用 七、66 803,837,394.89 819,427,360.59 利息收入 七、66 1,710,115.47 4,727,884.50 加：其他收益 七、67 22,868,715.14 26,672,367.14 投资收益（损失以“ － ”号填列） 七、68 261,844,748.90 301,242,590.24 其中：对联营企业和合营企业的投 [auto-confirm:public-disclosure-v3]",0.94
600821.SH,金开新能,2025,Q_G_OPERATING_MARGIN,7.9767,confirmed,https://www.sse.com.cn/disclosure/listedinfo/announcement/c/new/2026-04-18/600821_20260418_U3DI.pdf,data/raw/600821.SH/2025/annual_report.pdf,91,"合并利润/现金流量表自动派生: 营业收入=3.45168e+09 | 营业利润（亏损以“ － ”号填列） 275,331,655.83 1,067,686,678.84 加：营业外收入 七、74 37,238,769.30 3,643,836.57 减：营业外支出 七、75 12,471,024.22 2,969,366.43 四、利润总额（亏损总额以“ － ”号填列） 300,099,400.91 1,068,361,148.98 [auto-confirm:public-disclosure-v3]",0.94
600821.SH,金开新能,2025,Q_G_OPERATING_PROFIT_GROWTH,-74.2123,confirmed,https://www.sse.com.cn/disclosure/listedinfo/announcement/c/new/2026-04-18/600821_20260418_U3DI.pdf,data/raw/600821.SH/2025/annual_report.pdf,91,"合并利润/现金流量表自动派生: 营业收入=3.45168e+09 | 营业利润（亏损以“ － ”号填列） 275,331,655.83 1,067,686,678.84 加：营业外收入 七、74 37,238,769.30 3,643,836.57 减：营业外支出 七、75 12,471,024.22 2,969,366.43 四、利润总额（亏损总额以“ － ”号填列） 300,099,400.91 1,068,361,148.98 [auto-confirm:public-disclosure-v3]",0.94
600821.SH,金开新能,2025,Q_G_REVENUE_GROWTH,-4.4431,confirmed,https://www.sse.com.cn/disclosure/listedinfo/announcement/c/new/2026-04-18/600821_20260418_U3DI.pdf,data/raw/600821.SH/2025/annual_report.pdf,7,"营业收入 3,451,679,106.98 3,612,171,823.08 -4.44 3,327,748,339.44 扣除与主营业务无关的业 务收入和不具备商业实质 的收入后的营业收入 3,375,924,404.58 3,453,578,294.38 -2.25 3,250,858,844.98 [auto-confirm:public-disclosure-v3]",0.91
600821.SH,金开新能,2025,Q_G_ROA,2.7807,confirmed,https://www.sse.com.cn/disclosure/listedinfo/announcement/c/new/2026-04-18/600821_20260418_U3DI.pdf,data/raw/600821.SH/2025/annual_report.pdf,91,"合并利润/现金流量表自动派生: 营业收入=3.45168e+09 | 利润总额（亏损总额以“ － ”号填列） 300,099,400.91 1,068,361,148.98 减：所得税费用 七、76 215,117,247.29 160,741,517.84 五、净利润（净亏损以“ － ”号填列） 84,982,153.62 907,619,631.14 （一）按经营持续性分类 1.持续经营净利润 （净亏损以“ － ”号填列） 84, | 利息费用 七、66 803,837,394.89 819,427,360.59 利息收入 七、66 1,710,115.47 4,727,884.50 加：其他收益 七、67 22,868,715.14 26,672,367.14 投资收益（损失以“ － ”号填列） 七、68 261,844,748.90 301,242,590.24 其中：对联营企业和合营企业的投 | 资产总计 39,330,374,336.32 40,070,451,242.79 流动负债： 短期借款 七、32 60,145,900.02 547,917.11 向中央银行借款 拆入资金 交易性金融负债 衍生金融负债 应付票据 七、35 268,073,744.25 2,043,836,418.59 应付账款 七、36 261,042,003.31 327,999 [auto-confirm:public-disclosure-v3]",0.94
600821.SH,金开新能,2025,Q_G_ROE,1.11,confirmed,https://www.sse.com.cn/disclosure/listedinfo/announcement/c/new/2026-04-18/600821_20260418_U3DI.pdf,data/raw/600821.SH/2025/annual_report.pdf,7,除非经常性损益后的基本 每股收益(元／股)-0.17 0.37 -145.95 0.37 加权平均净资产收益率(%) 1.11 8.87 减少7.76个百分点 9.20 扣除非经常性损益后的加权 平均净资产收益率(% [auto-confirm:public-disclosure-v3],0.92
600821.SH,金开新能,2025,Q_G_TWO_FUNDS_RATE,77.1935,confirmed,https://www.sse.com.cn/disclosure/listedinfo/announcement/c/new/2026-04-18/600821_20260418_U3DI.pdf,data/raw/600821.SH/2025/annual_report.pdf,86,"合并报表自动派生: 应收账款 七、5 7,369,609,603.80 7,987,558,891.19 应收款项融资 七、7 33,278,486.78 163,237,743.40 预付款项 七、8 66,503,250.27 222,410,454.60 应收保费 应收分保账款 应收分保合同准备金 其他应收款 七、9 95,039,453.31 86,703,137.76 其中： | 存货 七、10 5,705,440.37 21,667,118.62 其中：数据资源 合同资产 持有待售资产 一年内到期的非流动资产 七、12 214,388,292.54 6,538,500.00 其他流动资产 七、13 289,523,865.38 296,598,971.68 流动资产合计 9,554,319,140.16 10,256,220,772.9 | 流动资产合计 9,554,319,140.16 10,256,220,772.92 非流动资产： 发放贷款和垫款 债权投资 其他债权投资 长期应收款 七、16 26,950,198.41 223,418,311.00 长期股权投资 七、17 1,444,858,317.69 1,328,016,568.67 其他权益工具投资 其他非流动金融资产 投资性房地产 固定资产 [auto-confirm:public-disclosure-v3]",0.94
600821.SH,金开新能,2025,Q_S_DIVIDEND_PER_SHARE,0.1,confirmed,https://www.sse.com.cn/disclosure/listedinfo/announcement/c/new/2026-04-18/600821_20260418_U3DI.pdf,data/raw/600821.SH/2025/annual_report.pdf,52,"积金转增股本预案 √适用 □不适用 单位：元 币种：人民币 每 10 股送红股数(股)- 每 10 股派息数(元)(含税) 1.00 每 10 股转增数(股)- 现金分红金额(含税) 196,732,495.30 合并报表 [auto-confirm:public-disclosure-v3]",0.94
600821.SH,金开新能,2025,Q_S_RD_RATE,0.36,confirmed,https://www.sse.com.cn/disclosure/listedinfo/announcement/c/new/2026-04-18/600821_20260418_U3DI.pdf,data/raw/600821.SH/2025/annual_report.pdf,21,"2,507,987.85 本期资本化研发投入- 研发投入合计 12,507,987.85 研发投入总额占营业收入比例(%) 0.36 研发投入资本化的比重(%)- (2).研发人员情况表 √适用 □不适用 公司研发人员的数 [auto-confirm:public-disclosure-v3]",0.96
600875.SH,东方电气,2025,Q_G_REVENUE_GROWTH,13.1062,confirmed,https://www.sse.com.cn/disclosure/listedinfo/announcement/c/new/2026-04-01/600875_20260401_APQ8.pdf,data/raw/600875.SH/2025/annual_report.pdf,5,"营业收入 77,582,624,563.59 68,592,735,741.35 13.11 59,566,526,583.78 [auto-confirm:public-disclosure-v3]",0.91
600875.SH,东方电气,2025,Q_G_ROE,9,confirmed,https://www.sse.com.cn/disclosure/listedinfo/announcement/c/new/2026-04-01/600875_20260401_APQ8.pdf,data/raw/600875.SH/2025/annual_report.pdf,6,扣除非经常性损益后的基本每股 收益(元／股) 0.96 0.64 50.00 0.83 加权平均净资产收益率(%) 9.00 7.71 增长1.29个百分点 9.82 扣除非经常性损益后的加权平均 净资产收益率(% [auto-confirm:public-disclosure-v3],0.92
600875.SH,东方电气,2025,Q_S_DIVIDEND_PER_SHARE,0.53,confirmed,https://www.sse.com.cn/disclosure/listedinfo/announcement/c/new/2026-04-01/600875_20260401_APQ8.pdf,data/raw/600875.SH/2025/annual_report.pdf,45,"金转增股本预案 √适用 □不适用 单位：元 币种：人民币 每 10 股送红股数(股) 0 每 10 股派息数(元)(含税) 5.30 每 10 股转增数(股) 0 现金分红金额(含税) 1,832,930,972.78 合 [auto-confirm:public-disclosure-v3]",0.94
600875.SH,东方电气,2025,Q_S_RD_RATE,4.94,confirmed,https://www.sse.com.cn/disclosure/listedinfo/announcement/c/new/2026-04-01/600875_20260401_APQ8.pdf,data/raw/600875.SH/2025/annual_report.pdf,19,"化研发投入 470,715,150.37 研发投入合计 3,881,318,979.05 研发投入总额占营业收入比例(%) 4.94 研发投入资本化的比重(%) 12.13 (2).研发人员情况表 √适用 □不适用 公司研 [auto-confirm:public-disclosure-v3]",0.96
600885.SH,宏发股份,2025,Q_G_AR_TURNOVER,4.64,confirmed,https://www.sse.com.cn/disclosure/listedinfo/announcement/c/new/2026-04-02/600885_20260402_GU3L.pdf,data/raw/600885.SH/2025/annual_report.pdf,82,"合并报表自动派生: 营业收入=1.72025e+10 | 应收账款 4,144,220,018.93 3,270,719,960.76 应收款项融资 预付款项 204,772,686.99 169,053,142.52 应收保费 应收分保账款 应收分保合同准备金 其他应收款 55,720,547.41 54,558,344.12 其中：应收利息 应收股利 82 / 225 [auto-confirm:public-disclosure-v3]",0.94
600885.SH,宏发股份,2025,Q_G_ASSET_TURNOVER,1.4356,confirmed,https://www.sse.com.cn/disclosure/listedinfo/announcement/c/new/2026-04-02/600885_20260402_GU3L.pdf,data/raw/600885.SH/2025/annual_report.pdf,83,"合并报表自动派生: 营业收入=1.72025e+10 | 资产总计 23,364,096,633.21 流动负债： 短期借款 601,696,904.96 向中央银行借款 拆入资金 交易性金融负债 衍生金融负债 9,188,758.77 应付票据 1,835,299,774.16 应付账款 2,260,669,715.46 预收款项 573,147.42 合同负债 56,725,894.64 卖出回购金融资产款 吸收存款及 [auto-confirm:public-disclosure-v3]",0.94
600885.SH,宏发股份,2025,Q_G_CASH_CURRENT_LIABILITY,47.8302,confirmed,https://www.sse.com.cn/disclosure/listedinfo/announcement/c/new/2026-04-02/600885_20260402_GU3L.pdf,data/raw/600885.SH/2025/annual_report.pdf,91,"合并利润/现金流量表自动派生: 营业收入=1.72025e+10 | 经营活动产生的现金流 量净额 2,968,662,719.38 二、投资活动产生的现金流量： 收回投资收到的现金 3,193,000,023.03 取得投资收益收到的现金 61,119,997.36 处置固定资产、无形资产和其 他长期资产收回的现金净额 2,184,822.87 处置子公司及其他营业单位 收到的现金净额 收到其他与投资活动有关的 现金 8,036,218.69 投资活动 | 流动负债合计 6,206,663,711.50 非流动负债： 保险合同准备金 长期借款 168,905,695.48 应付债券 其中：优先股 永续债 租赁负债 55,432,736.55 长期应付款 长期应付职工薪酬 预计负债 34,542,263.20 递延收益 508,968,194.12 递延所得税负债 379,049,038.56 其他非流动负债 69,827. [auto-confirm:public-disclosure-v3]",0.94
600885.SH,宏发股份,2025,Q_G_CASH_REALIZATION,102.4841,confirmed,https://www.sse.com.cn/disclosure/listedinfo/announcement/c/new/2026-04-02/600885_20260402_GU3L.pdf,data/raw/600885.SH/2025/annual_report.pdf,91,"合并利润/现金流量表自动派生: 营业收入=1.72025e+10 | 经营活动现金流入小计 17,629,808,000.87 购买商品、接受劳务支付的现 金 9,716,109,032.48 客户贷款及垫款净增加额 存放中央银行和同业款项净 增加额 支付原保险合同赔付款项的 现金 拆出资金净增加额 支付利息、手续费及佣金的现 金 支付保单红利的现金 支付给职工及为职工支付的 现金 3,214,443,962.11 支付的各项税费 1,164,5 [auto-confirm:public-disclosure-v3]",0.94
600885.SH,宏发股份,2025,Q_G_COST_REVENUE_RATE,85.5233,confirmed,https://www.sse.com.cn/disclosure/listedinfo/announcement/c/new/2026-04-02/600885_20260402_GU3L.pdf,data/raw/600885.SH/2025/annual_report.pdf,87,"合并利润/现金流量表自动派生: 营业收入=1.72025e+10 | 营业总成本 14,712,135,119.60 11,913,215,334.70 其中：营业成本 11,298,643,249.35 8,996,300,820.47 利息支出 手续费及佣金支出 退保金 赔付支出净额 提取保险责任准备金净额 保单红利支出 分保费用 税金及附加 134,393,879.06 108,669,419.11 销售费用 567,923,10 [auto-confirm:public-disclosure-v3]",0.94
600885.SH,宏发股份,2025,Q_G_CURRENT_ASSET_TURNOVER,2.2923,confirmed,https://www.sse.com.cn/disclosure/listedinfo/announcement/c/new/2026-04-02/600885_20260402_GU3L.pdf,data/raw/600885.SH/2025/annual_report.pdf,83,"合并报表自动派生: 营业收入=1.72025e+10 | 流动资产合计 14,978,709,195.46 非流动资产： 发放贷款和垫款 债权投资 其他债权投资 长期应收款 30,035,322.71 长期股权投资 14,541,906.72 其他权益工具投资 其他非流动金融资产 投资性房地产 323,881,591.76 固定资产 5,532,611,809.10 在建工程 651,243,916.08 生产性生物资产 油气 [auto-confirm:public-disclosure-v3]",0.94
600885.SH,宏发股份,2025,Q_G_DEBT_ASSET_RATE,31.4741,confirmed,https://www.sse.com.cn/disclosure/listedinfo/announcement/c/new/2026-04-02/600885_20260402_GU3L.pdf,data/raw/600885.SH/2025/annual_report.pdf,84,"合并报表自动派生: 负债合计 7,353,631,467.01 所有者权益（或股东权益）： 实收资本（或股本） 1,547,594,313.00 其他权益工具 其中：优先股 永续债 资本公积 1,739,709,798.69 减：库存股 其他综合收益 24,061,754.35 专项储备 盈余公积 1,736,011,043.56 一般风险准备 未分配利润 7,583,133,984. | 资产总计 23,364,096,633.21 流动负债： 短期借款 601,696,904.96 向中央银行借款 拆入资金 交易性金融负债 衍生金融负债 9,188,758.77 应付票据 1,835,299,774.16 应付账款 2,260,669,715.46 预收款项 573,147.42 合同负债 56,725,894.64 卖出回购金融资产款 吸收存款及 [auto-confirm:public-disclosure-v3]",0.94
600885.SH,宏发股份,2025,Q_G_EBITDA_INTEREST,20.6561,confirmed,https://www.sse.com.cn/disclosure/listedinfo/announcement/c/new/2026-04-02/600885_20260402_GU3L.pdf,data/raw/600885.SH/2025/annual_report.pdf,88,"合并利润/现金流量表自动派生: 营业收入=1.72025e+10 | 利润总额 （亏损总额以“ 填列） － ”号 2,688,640,048.86 减：所得税费用 349,616,348.71 五、 净利润 （净亏损以“ － ”号填列） 2,339,023,700.15 （一）按经营持续性分类 “ － 1.持续经营净利润（净亏损以 ”号填列） 2,339,023,700.15 “ － 2.终止经营净利润（净亏损以 ”号填列） （二）按 | 利息费用 136,783,901.63 142,928,722.51 利息收入 67,804,990.89 71,212,516.58 加：其他收益 232,487,187.80 246,059,978.16 投资收益（损失以 “ － ” 号填 列） 16,005,576.62 -25,432,230.43 其中： 对联营企业和合营企业 的投资收益 1,491,12 [auto-confirm:public-disclosure-v3]",0.94
600885.SH,宏发股份,2025,Q_G_OPERATING_MARGIN,15.6635,confirmed,https://www.sse.com.cn/disclosure/listedinfo/announcement/c/new/2026-04-02/600885_20260402_GU3L.pdf,data/raw/600885.SH/2025/annual_report.pdf,87,"合并利润/现金流量表自动派生: 营业收入=1.72025e+10 | 营业利润 （亏损以 “ － ” 号填列） 2,694,503,524.34 2,444,442,865.00 加：营业外收入 2,771,972.80 5,449,692.67 减：营业外支出 8,635,448.28 4,414,493.51 87 / 225 [auto-confirm:public-disclosure-v3]",0.94
600885.SH,宏发股份,2025,Q_G_OPERATING_PROFIT_GROWTH,10.2298,confirmed,https://www.sse.com.cn/disclosure/listedinfo/announcement/c/new/2026-04-02/600885_20260402_GU3L.pdf,data/raw/600885.SH/2025/annual_report.pdf,87,"合并利润/现金流量表自动派生: 营业收入=1.72025e+10 | 营业利润 （亏损以 “ － ” 号填列） 2,694,503,524.34 2,444,442,865.00 加：营业外收入 2,771,972.80 5,449,692.67 减：营业外支出 8,635,448.28 4,414,493.51 87 / 225 [auto-confirm:public-disclosure-v3]",0.94
600885.SH,宏发股份,2025,Q_G_REVENUE_GROWTH,21.9818,confirmed,https://www.sse.com.cn/disclosure/listedinfo/announcement/c/new/2026-04-02/600885_20260402_GU3L.pdf,data/raw/600885.SH/2025/annual_report.pdf,8,"营业收入 17,202,480,686.91 14,102,498,333.63 14,102,4 98,333.6 321.98 12,929,7 77,899.9 7 12,929,7 77,899.9 7 [auto-confirm:public-disclosure-v3]",0.91
600885.SH,宏发股份,2025,Q_G_ROA,23.5788,confirmed,https://www.sse.com.cn/disclosure/listedinfo/announcement/c/new/2026-04-02/600885_20260402_GU3L.pdf,data/raw/600885.SH/2025/annual_report.pdf,88,"合并利润/现金流量表自动派生: 营业收入=1.72025e+10 | 利润总额 （亏损总额以“ 填列） － ”号 2,688,640,048.86 减：所得税费用 349,616,348.71 五、 净利润 （净亏损以“ － ”号填列） 2,339,023,700.15 （一）按经营持续性分类 “ － 1.持续经营净利润（净亏损以 ”号填列） 2,339,023,700.15 “ － 2.终止经营净利润（净亏损以 ”号填列） （二）按 | 利息费用 136,783,901.63 142,928,722.51 利息收入 67,804,990.89 71,212,516.58 加：其他收益 232,487,187.80 246,059,978.16 投资收益（损失以 “ － ” 号填 列） 16,005,576.62 -25,432,230.43 其中： 对联营企业和合营企业 的投资收益 1,491,12 | 资产总计 23,364,096,633.21 流动负债： 短期借款 601,696,904.96 向中央银行借款 拆入资金 交易性金融负债 衍生金融负债 9,188,758.77 应付票据 1,835,299,774.16 应付账款 2,260,669,715.46 预收款项 573,147.42 合同负债 56,725,894.64 卖出回购金融资产款 吸收存款及 [auto-confirm:public-disclosure-v3]",0.94
600885.SH,宏发股份,2025,Q_G_ROE,17.23,confirmed,https://www.sse.com.cn/disclosure/listedinfo/announcement/c/new/2026-04-02/600885_20260402_GU3L.pdf,data/raw/600885.SH/2025/annual_report.pdf,8,后的 基本每股收益(元／股) 1.12 1.04 1.45 7.69 0.91 1.28 加权平均净资产收益率 (%) 17.23 18.28 18.28 减少 1.05 个百分点 17.44 17.44 扣除非经常性损 [auto-confirm:public-disclosure-v3],0.92
600885.SH,宏发股份,2025,Q_G_TWO_FUNDS_RATE,56.2283,confirmed,https://www.sse.com.cn/disclosure/listedinfo/announcement/c/new/2026-04-02/600885_20260402_GU3L.pdf,data/raw/600885.SH/2025/annual_report.pdf,83,"合并报表自动派生: 应收账款 4,144,220,018.93 3,270,719,960.76 应收款项融资 预付款项 204,772,686.99 169,053,142.52 应收保费 应收分保账款 应收分保合同准备金 其他应收款 55,720,547.41 54,558,344.12 其中：应收利息 应收股利 82 / 225  | 存货 4,278,060,439.64 其中：数据资源 合同资产 持有待售资产 一年内到期的非流动资产 37,745,953.42 其他流动资产 170,090,781.15 流动资产合计 14,978,709,195.46 非流动资产： 发放贷款和垫款 债权投资 其他债权投资 长期应收款 30,035,322.71 长期股权投资 14,541,906.72 其 | 流动资产合计 14,978,709,195.46 非流动资产： 发放贷款和垫款 债权投资 其他债权投资 长期应收款 30,035,322.71 长期股权投资 14,541,906.72 其他权益工具投资 其他非流动金融资产 投资性房地产 323,881,591.76 固定资产 5,532,611,809.10 在建工程 651,243,916.08 生产性生物资产 油气 [auto-confirm:public-disclosure-v3]",0.94
600885.SH,宏发股份,2025,Q_S_DIVIDEND_PER_SHARE,0.347,confirmed,https://www.sse.com.cn/disclosure/listedinfo/announcement/c/new/2026-04-02/600885_20260402_GU3L.pdf,data/raw/600885.SH/2025/annual_report.pdf,44,"金转增股本预案 √适用 □不适用 单位：元 币种：人民币 每 10 股送红股数(股) 0 每 10 股派息数(元)(含税) 3.47 每 10 股转增数(股) 0 现金分红金额(含税) 537,015,226.61 合并报 [auto-confirm:public-disclosure-v3]",0.94
600885.SH,宏发股份,2025,Q_S_RD_RATE,5.31,confirmed,https://www.sse.com.cn/disclosure/listedinfo/announcement/c/new/2026-04-02/600885_20260402_GU3L.pdf,data/raw/600885.SH/2025/annual_report.pdf,23,"617,653.27 本期资本化研发投入 0 研发投入合计 913,617,653.27 研发投入总额占营业收入比例(%) 5.31 研发投入资本化的比重(%) 0 (2).研发人员情况表 √适用 □不适用 公司研发人员的 [auto-confirm:public-disclosure-v3]",0.96
600900.SH,长江电力,2025,Q_E_ENERGY_INTENSITY,2,confirmed,https://www.sse.com.cn/disclosure/listedinfo/announcement/c/new/2026-04-30/600900_20260430_0VWG.pdf,data/raw/600900.SH/2025/esg_report.pdf,67,非化石能源使用比例 94.13% 能源消耗总量 16690.11吨标准煤 能源消耗强度 0.0020吨标准煤/万元 (2)可再生能源技术 绿色航运 项目 全球最大万吨级纯电动散货船“葛洲坝”号顺利下水，验 [auto-confirm:public-disclosure-v3],0.82
600900.SH,长江电力,2025,Q_E_GHG_INTENSITY,6.68,confirmed,https://www.sse.com.cn/disclosure/listedinfo/announcement/c/new/2026-04-30/600900_20260430_0VWG.pdf,data/raw/600900.SH/2025/esg_report.pdf,56,范围一排放 0.19 万吨 范围二排放 5.50 万吨 温室气体排放强度 万元产值二氧化碳排放 0.00668 吨/万元 碳排放统计说明： (1) 统计口径为截至报告期末本公司下辖所有分公司和具有运营控制权的所 [auto-confirm:public-disclosure-v3],0.82
600900.SH,长江电力,2025,Q_E_WATER_INTENSITY,810,confirmed,https://www.sse.com.cn/disclosure/listedinfo/announcement/c/new/2026-04-30/600900_20260430_0VWG.pdf,data/raw/600900.SH/2025/esg_report.pdf,14,氮氧化物排放 3.84 万吨 获发绿证超 3.6 亿张 总耗水量 701.63 万立方米 水资源消耗强度 0.81 立方米/万元 环保投入 2.73 亿元 污水、噪声等污染物排放达标率 100% 危险废物合规处置率 1 [auto-confirm:public-disclosure-v3],0.82
600900.SH,长江电力,2025,Q_G_AR_TURNOVER,10.4041,confirmed,https://www.sse.com.cn/disclosure/listedinfo/announcement/c/new/2026-04-30/600900_20260430_WC8R.pdf,data/raw/600900.SH/2025/annual_report.pdf,80,"合并报表自动派生: 营业收入=8.62419e+10 | 应收账款 七、5 7,251,847,539.23 9,326,624,055.45 应收款项融资 预付款项 七、8 193,198,601.50 87,429,651.53 应收保费 应收分保账款 应收分保合同准备金 其他应收款 七、9 344,774,687.24 323,000,402.26 其中：应收利息 应收股利 143,077,397.37 155,40 [auto-confirm:public-disclosure-v3]",0.94
600900.SH,长江电力,2025,Q_G_ASSET_TURNOVER,0.3003,confirmed,https://www.sse.com.cn/disclosure/listedinfo/announcement/c/new/2026-04-30/600900_20260430_WC8R.pdf,data/raw/600900.SH/2025/annual_report.pdf,81,"合并报表自动派生: 营业收入=8.62419e+10 | 资产总计 559,208,340,046.84 流动负债： 短期借款 七、32 15,181,107,941.81 向中央银行借款 拆入资金 交易性金融负债 衍生金融负债 应付票据 应付账款 七、36 1,468,707,269.07 预收款项 合同负债 七、38 181,189,318.46 卖出回购金融资产款 吸收存款及同业存放 代理买卖证券款 代理承销证券款 [auto-confirm:public-disclosure-v3]",0.94
600900.SH,长江电力,2025,Q_G_CAPITAL_ACCUMULATION,5.0776,confirmed,https://www.sse.com.cn/disclosure/listedinfo/announcement/c/new/2026-04-30/600900_20260430_WC8R.pdf,data/raw/600900.SH/2025/annual_report.pdf,82,"合并报表自动派生: 股东权益合计 233,360,661,317.65 222,084,093,713.76 负债和股东权益总计 559,208,340,046.84 566,585,128,973.81 公司负责人：刘伟平 主管会计工作负责人：张传红 会计机构负责人：张娜 母公司资产负债表 2025 年 12 月 31 日 编制单位：中国长江电力股份有限公司 单位：元 币种：人民币 项目 [auto-confirm:public-disclosure-v3]",0.94
600900.SH,长江电力,2025,Q_G_CASH_CURRENT_LIABILITY,50.919,confirmed,https://www.sse.com.cn/disclosure/listedinfo/announcement/c/new/2026-04-30/600900_20260430_WC8R.pdf,data/raw/600900.SH/2025/annual_report.pdf,88,"合并利润/现金流量表自动派生: 营业收入=8.62419e+10 | 经营活动产生的现金流量净额 60,562,925,570.41 二、投资活动产生的现金流量： 收回投资收到的现金 4,633,371,682.43 取得投资收益收到的现金 2,634,610,585.96 处置固定资产、 无形资产和其他长期资 产收回的现金净额 4,832,440.19 处置子公司及其他营业单位收到的现 金净额 2,593,470.00 收到其他与投资活动有关的现金  | 流动负债合计 118,939,692,466.15 非流动负债： 保险合同准备金 长期借款 七、45 172,310,624,303.31 应付债券 七、46 29,780,996,027.99 其中：优先股 永续债 租赁负债 七、47 508,976,801.84 长期应付款 长期应付职工薪酬 预计负债 七、50 125,826,015.28 递延收益 22,835, [auto-confirm:public-disclosure-v3]",0.94
600900.SH,长江电力,2025,Q_G_CASH_REALIZATION,116.8373,confirmed,https://www.sse.com.cn/disclosure/listedinfo/announcement/c/new/2026-04-30/600900_20260430_WC8R.pdf,data/raw/600900.SH/2025/annual_report.pdf,88,"合并利润/现金流量表自动派生: 营业收入=8.62419e+10 | 经营活动现金流入小计 100,762,737,586.57 购买商品、接受劳务支付的现金 14,327,553,334.02 客户贷款及垫款净增加额 存放中央银行和同业款项净增加额 支付原保险合同赔付款项的现金 拆出资金净增加额 支付利息、手续费及佣金的现金 支付保单红利的现金 支付给职工及为职工支付的现金 3,988,336,983.09 支付的各项税费 20,160,836 [auto-confirm:public-disclosure-v3]",0.94
600900.SH,长江电力,2025,Q_G_COST_REVENUE_RATE,56.546,confirmed,https://www.sse.com.cn/disclosure/listedinfo/announcement/c/new/2026-04-30/600900_20260430_WC8R.pdf,data/raw/600900.SH/2025/annual_report.pdf,84,"合并利润/现金流量表自动派生: 营业收入=8.62419e+10 | 营业总成本 48,766,372,374.15 50,268,818,794.54 其中：营业成本 七、 61 33,057,840,034.77 34,528,346,186.67 利息支出 手续费及佣金支出 退保金 赔付支出净额 提取保险责任准备金净额 保单红利支出 分保费用 税金及附加 七、 62 3,318,838,177.83 1,968,013,144.2 [auto-confirm:public-disclosure-v3]",0.94
600900.SH,长江电力,2025,Q_G_CURRENT_ASSET_TURNOVER,5.5648,confirmed,https://www.sse.com.cn/disclosure/listedinfo/announcement/c/new/2026-04-30/600900_20260430_WC8R.pdf,data/raw/600900.SH/2025/annual_report.pdf,80,"合并报表自动派生: 营业收入=8.62419e+10 | 流动资产合计 13,788,280,669.65 17,207,438,757.64 非流动资产： 发放贷款和垫款 债权投资 七、14 1,139,012,015.88 1,016,091,728.01 其他债权投资 长期应收款 长期股权投资 七、17 74,936,308,441.59 73,319,357,743.59 其他权益工具投资 七、18 4,524,103 [auto-confirm:public-disclosure-v3]",0.94
600900.SH,长江电力,2025,Q_G_DEBT_ASSET_RATE,58.2695,confirmed,https://www.sse.com.cn/disclosure/listedinfo/announcement/c/new/2026-04-30/600900_20260430_WC8R.pdf,data/raw/600900.SH/2025/annual_report.pdf,81,"合并报表自动派生: 负债合计 325,847,678,729.19 所有者权益（或股东权益）： 81 / 259 1,152,786,257.22 39,916,772.80 654,531,498.58 880,748,529.38 549,377,690,216.17 566,585,128,973.81 69,692,431,511.49 1,619,502,414.93 265 | 资产总计 559,208,340,046.84 流动负债： 短期借款 七、32 15,181,107,941.81 向中央银行借款 拆入资金 交易性金融负债 衍生金融负债 应付票据 应付账款 七、36 1,468,707,269.07 预收款项 合同负债 七、38 181,189,318.46 卖出回购金融资产款 吸收存款及同业存放 代理买卖证券款 代理承销证券款 [auto-confirm:public-disclosure-v3]",0.94
600900.SH,长江电力,2025,Q_G_EBITDA_INTEREST,5.3896,confirmed,https://www.sse.com.cn/disclosure/listedinfo/announcement/c/new/2026-04-30/600900_20260430_WC8R.pdf,data/raw/600900.SH/2025/annual_report.pdf,85,"合并利润/现金流量表自动派生: 营业收入=8.62419e+10 | 利润总额（亏损总额以“ 列） － ”号填 41,739,840,157.92 减：所得税费用 七、 76 6,790,569,270.37 五、净利润（净亏损以“ － ”号填列） 34,949,270,887.55 （一）按经营持续性分类 “ － 1.持续经营净利润（净亏损以 ”号填列） 34,949,270,887.55 “ － 2.终止经营净利润（净亏损以 ”号 | 利息费用 9,508,718,717.67 11,327,295,992.21 利息收入 148,748,619.61 204,614,382.09 加：其他收益 七、 67 19,576,677.60 6,617,497.40 投资收益（损失以“ － ”号填列） 七、 68 4,958,543,639.59 5,257,616,386.94 其中：对联营企业和合营 [auto-confirm:public-disclosure-v3]",0.94
600900.SH,长江电力,2025,Q_G_OPERATING_MARGIN,49.3952,confirmed,https://www.sse.com.cn/disclosure/listedinfo/announcement/c/new/2026-04-30/600900_20260430_WC8R.pdf,data/raw/600900.SH/2025/annual_report.pdf,85,"合并利润/现金流量表自动派生: 营业收入=8.62419e+10 | 营业利润（亏损以“ － ”号填列） 42,599,375,047.39 加：营业外收入 七、 74 32,401,808.12 减：营业外支出 七、 75 891,936,697.59 四、利润总额（亏损总额以“ 列） － ”号填 41,739,840,157.92 减：所得税费用 七、 76 6,790,569,270.37 五、净利润（净亏损以“ － ”号填列） [auto-confirm:public-disclosure-v3]",0.94
600900.SH,长江电力,2025,Q_G_REVENUE_GROWTH,2.0713,confirmed,https://www.sse.com.cn/disclosure/listedinfo/announcement/c/new/2026-04-30/600900_20260430_WC8R.pdf,data/raw/600900.SH/2025/annual_report.pdf,6,"营业收入 86,241,940,222.20 84,491,870,566.52 84,491,870,566.52 2.07 78,143,535,736.10 [auto-confirm:public-disclosure-v3]",0.91
600900.SH,长江电力,2025,Q_G_ROA,17.8445,confirmed,https://www.sse.com.cn/disclosure/listedinfo/announcement/c/new/2026-04-30/600900_20260430_WC8R.pdf,data/raw/600900.SH/2025/annual_report.pdf,85,"合并利润/现金流量表自动派生: 营业收入=8.62419e+10 | 利润总额（亏损总额以“ 列） － ”号填 41,739,840,157.92 减：所得税费用 七、 76 6,790,569,270.37 五、净利润（净亏损以“ － ”号填列） 34,949,270,887.55 （一）按经营持续性分类 “ － 1.持续经营净利润（净亏损以 ”号填列） 34,949,270,887.55 “ － 2.终止经营净利润（净亏损以 ”号 | 利息费用 9,508,718,717.67 11,327,295,992.21 利息收入 148,748,619.61 204,614,382.09 加：其他收益 七、 67 19,576,677.60 6,617,497.40 投资收益（损失以“ － ”号填列） 七、 68 4,958,543,639.59 5,257,616,386.94 其中：对联营企业和合营 | 资产总计 559,208,340,046.84 流动负债： 短期借款 七、32 15,181,107,941.81 向中央银行借款 拆入资金 交易性金融负债 衍生金融负债 应付票据 应付账款 七、36 1,468,707,269.07 预收款项 合同负债 七、38 181,189,318.46 卖出回购金融资产款 吸收存款及同业存放 代理买卖证券款 代理承销证券款 [auto-confirm:public-disclosure-v3]",0.94
600900.SH,长江电力,2025,Q_G_ROE,15.9,confirmed,https://www.sse.com.cn/disclosure/listedinfo/announcement/c/new/2026-04-30/600900_20260430_WC8R.pdf,data/raw/600900.SH/2025/annual_report.pdf,7,本每股收益 (元／股) 1.3669 1.3286 1.3286 2.89 1.1242 加权平均净资产收益率(%) 15.90 15.71 15.71 增加 0.19 个 百分点 13.52 产收益率(%) 扣除非经 [auto-confirm:public-disclosure-v3],0.92
600900.SH,长江电力,2025,Q_G_TWO_FUNDS_RATE,58.6617,confirmed,https://www.sse.com.cn/disclosure/listedinfo/announcement/c/new/2026-04-30/600900_20260430_WC8R.pdf,data/raw/600900.SH/2025/annual_report.pdf,80,"合并报表自动派生: 应收账款 七、5 7,251,847,539.23 9,326,624,055.45 应收款项融资 预付款项 七、8 193,198,601.50 87,429,651.53 应收保费 应收分保账款 应收分保合同准备金 其他应收款 七、9 344,774,687.24 323,000,402.26 其中：应收利息 应收股利 143,077,397.37 155,40 | 存货 七、10 836,598,890.26 641,979,948.58 其中：数据资源 合同资产 持有待售资产 一年内到期的非流动资产 其他流动资产 七、13 576,004,883.36 255,680,295.50 流动资产合计 13,788,280,669.65 17,207,438,757.64 非流动资产： 发放贷款和垫款 债权投资 七、14 1, | 流动资产合计 13,788,280,669.65 17,207,438,757.64 非流动资产： 发放贷款和垫款 债权投资 七、14 1,139,012,015.88 1,016,091,728.01 其他债权投资 长期应收款 长期股权投资 七、17 74,936,308,441.59 73,319,357,743.59 其他权益工具投资 七、18 4,524,103 [auto-confirm:public-disclosure-v3]",0.94
600900.SH,长江电力,2025,Q_S_DIVIDEND_PER_SHARE,1,confirmed,https://www.sse.com.cn/disclosure/listedinfo/announcement/c/new/2026-04-30/600900_20260430_WC8R.pdf,data/raw/600900.SH/2025/annual_report.pdf,40,"金转增股本预案 √适用 □不适用 单位：元 币种：人民币 每 10 股送红股数(股) 0 每 10 股派息数(元)(含税) 10 每 10 股转增数(股) 0 现金分红金额(含税) 24,468,217,716.00 [auto-confirm:public-disclosure-v3]",0.94
600900.SH,长江电力,2025,Q_S_RD_RATE,2.85,confirmed,https://www.sse.com.cn/disclosure/listedinfo/announcement/c/new/2026-04-30/600900_20260430_WC8R.pdf,data/raw/600900.SH/2025/annual_report.pdf,15,中国长江电力股份有限公司2025 年年度报告 研发投入总额占营业收入比例(%) 2.85 研发投入资本化的比重(%) 52.47 (2).研发人员情况表 √适用 □不适用 公司研 [auto-confirm:public-disclosure-v3],0.96
600956.SH,新天绿能,2025,Q_G_AR_TURNOVER,2.9073,confirmed,https://www.sse.com.cn/disclosure/listedinfo/announcement/c/new/2026-03-26/600956_20260326_L9M7.pdf,data/raw/600956.SH/2025/annual_report.pdf,130,"合并报表自动派生: 营业收入=1.98308e+10 | 应收账款 5 6,490,103,437.11 7,152,026,189.19 应收款项融资 7 333,977,575.22 355,146,814.44 预付款项 8 926,275,663.07 677,401,054.31 应收保费 应收分保账款 应收分保合同准备金 其他应收款 9 243,134,877.53 257,731,355.73 其中：应收利息 [auto-confirm:public-disclosure-v3]",0.94
600956.SH,新天绿能,2025,Q_G_ASSET_TURNOVER,0.2234,confirmed,https://www.sse.com.cn/disclosure/listedinfo/announcement/c/new/2026-03-26/600956_20260326_L9M7.pdf,data/raw/600956.SH/2025/annual_report.pdf,131,"合并报表自动派生: 营业收入=1.98308e+10 | 资产总计 93,491,185,547.08 84,016,482,012.66 流动负债： 短期借款 32 3,889,281,345.29 3,938,597,345.65 向中央银行借款 拆入资金 交易性金融负债 衍生金融负债 应付票据 35 3,047,841.53 应付账款 36 879,331,209.42 537,611,223.42 预收款项 37 [auto-confirm:public-disclosure-v3]",0.94
600956.SH,新天绿能,2025,Q_G_CASH_CURRENT_LIABILITY,28.4249,confirmed,https://www.sse.com.cn/disclosure/listedinfo/announcement/c/new/2026-03-26/600956_20260326_L9M7.pdf,data/raw/600956.SH/2025/annual_report.pdf,139,"合并利润/现金流量表自动派生: 营业收入=1.98308e+10 | 经营活动产生的现金流 量净额 79 7,296,692,201.57 3,720,788,835.78 二、投资活动产生的现金流量： 收回投资收到的现金 992,158.00 1,320,000,000.00 取得投资收益收到的现金 326,742,624.57 324,094,810.26 处置固定资产、无形资产和其 他长期资产收回的现金净额 14,462,797.49 18,549 | 流动负债合计 25,670,051,452.87 22,599,081,203.26 非流动负债： 保险合同准备金 长期借款 45 35,549,185,396.30 33,520,656,093.53 应付债券 46 其中：优先股 永续债 租赁负债 47 283,998,942.42 324,946,910.63 长期应付款 48 164,262,739.46 195 [auto-confirm:public-disclosure-v3]",0.94
600956.SH,新天绿能,2025,Q_G_CASH_REALIZATION,116.8921,confirmed,https://www.sse.com.cn/disclosure/listedinfo/announcement/c/new/2026-03-26/600956_20260326_L9M7.pdf,data/raw/600956.SH/2025/annual_report.pdf,138,"合并利润/现金流量表自动派生: 营业收入=1.98308e+10 | 经营活动现金流入小计 23,180,653,871.56 22,906,992,686.56 购买商品、接受劳务支付的现 13,611,240,595.08 16,785,894,855.62 138 / 331 [auto-confirm:public-disclosure-v3]",0.94
600956.SH,新天绿能,2025,Q_G_COST_REVENUE_RATE,90.4414,confirmed,https://www.sse.com.cn/disclosure/listedinfo/announcement/c/new/2026-03-26/600956_20260326_L9M7.pdf,data/raw/600956.SH/2025/annual_report.pdf,135,"合并利润/现金流量表自动派生: 营业收入=1.98308e+10 | 营业总成本 17,935,276,488.19 19,563,817,557.06 其中：营业成本 61 15,711,806,536.82 17,167,814,753.55 利息支出 手续费及佣金支出 退保金 赔付支出净额 提取保险责任准备金净额 保单红利支出 分保费用 税金及附加 62 91,717,230.29 89,459,767.26 销售费用 63 5, [auto-confirm:public-disclosure-v3]",0.94
600956.SH,新天绿能,2025,Q_G_CURRENT_ASSET_TURNOVER,1.3209,confirmed,https://www.sse.com.cn/disclosure/listedinfo/announcement/c/new/2026-03-26/600956_20260326_L9M7.pdf,data/raw/600956.SH/2025/annual_report.pdf,131,"合并报表自动派生: 营业收入=1.98308e+10 | 流动资产合计 15,603,911,130.48 14,421,875,979.90 非流动资产： 发放贷款和垫款 债权投资 其他债权投资 长期应收款 长期股权投资 17 3,683,964,091.48 3,677,406,635.10 其他权益工具投资 18 215,013,700.00 215,013,700.00 其他非流动金融资产 19 13,200,000. [auto-confirm:public-disclosure-v3]",0.94
600956.SH,新天绿能,2025,Q_G_DEBT_ASSET_RATE,66.3042,confirmed,https://www.sse.com.cn/disclosure/listedinfo/announcement/c/new/2026-03-26/600956_20260326_L9M7.pdf,data/raw/600956.SH/2025/annual_report.pdf,132,"合并报表自动派生: 负债合计 61,988,553,350.03 56,903,738,159.25 所有者权益（或股东权益）： 实收资本（或股本） 53 4,512,693,073.00 4,205,693,073.00 其他权益工具 54 1,516,512,328.78 其中：优先股 永续债 54 1,516,512,328.78 资本公积 55 7,818,460,576.91 | 资产总计 93,491,185,547.08 84,016,482,012.66 流动负债： 短期借款 32 3,889,281,345.29 3,938,597,345.65 向中央银行借款 拆入资金 交易性金融负债 衍生金融负债 应付票据 35 3,047,841.53 应付账款 36 879,331,209.42 537,611,223.42 预收款项 37 [auto-confirm:public-disclosure-v3]",0.94
600956.SH,新天绿能,2025,Q_G_EBITDA_INTEREST,3.3801,confirmed,https://www.sse.com.cn/disclosure/listedinfo/announcement/c/new/2026-03-26/600956_20260326_L9M7.pdf,data/raw/600956.SH/2025/annual_report.pdf,135,"合并利润/现金流量表自动派生: 营业收入=1.98308e+10 | 利润总额（亏损总额以“ － ”号填 列） 2,543,141,551.77 2,346,693,228.19 减：所得税费用 76 529,224,696.47 446,332,472.47 五、净利润（净亏损以“ － ”号填列） 2,013,916,855.30 1,900,360,755.72 （一）按经营持续性分类 135 / 331  | 利息费用 1,068,494,974.26 1,239,238,614.74 利息收入 25,796,096.19 34,093,777.18 加：其他收益 67 671,774,454.61 710,396,457.47 列） 投资收益（损失以 “ － ” 号填 68 319,849,601.02 148,143,008.64 其中： 对联营企业和合营企业 的投资 [auto-confirm:public-disclosure-v3]",0.94
600956.SH,新天绿能,2025,Q_G_OPERATING_MARGIN,12.1827,confirmed,https://www.sse.com.cn/disclosure/listedinfo/announcement/c/new/2026-03-26/600956_20260326_L9M7.pdf,data/raw/600956.SH/2025/annual_report.pdf,135,"合并利润/现金流量表自动派生: 营业收入=1.98308e+10 | 营业利润 （亏损以 “ － ” 号填列） 2,415,926,447.09 2,339,259,082.00 加：营业外收入 74 131,110,690.15 17,257,016.19 减：营业外支出 75 3,895,585.47 9,822,870.00 四、 利润总额（亏损总额以“ － ”号填 列） 2,543,141,551.77 2,346,693,2 [auto-confirm:public-disclosure-v3]",0.94
600956.SH,新天绿能,2025,Q_G_OPERATING_PROFIT_GROWTH,3.2774,confirmed,https://www.sse.com.cn/disclosure/listedinfo/announcement/c/new/2026-03-26/600956_20260326_L9M7.pdf,data/raw/600956.SH/2025/annual_report.pdf,135,"合并利润/现金流量表自动派生: 营业收入=1.98308e+10 | 营业利润 （亏损以 “ － ” 号填列） 2,415,926,447.09 2,339,259,082.00 加：营业外收入 74 131,110,690.15 17,257,016.19 减：营业外支出 75 3,895,585.47 9,822,870.00 四、 利润总额（亏损总额以“ － ”号填 列） 2,543,141,551.77 2,346,693,2 [auto-confirm:public-disclosure-v3]",0.94
600956.SH,新天绿能,2025,Q_G_REVENUE_GROWTH,-7.2118,confirmed,https://www.sse.com.cn/disclosure/listedinfo/announcement/c/new/2026-03-26/600956_20260326_L9M7.pdf,data/raw/600956.SH/2025/annual_report.pdf,14,"营业收入 19,830,819,137.01 21,372,124,492.83 -7.21 20,281,788,883.53 [auto-confirm:public-disclosure-v3]",0.91
600956.SH,新天绿能,2025,Q_G_ROA,4.0693,confirmed,https://www.sse.com.cn/disclosure/listedinfo/announcement/c/new/2026-03-26/600956_20260326_L9M7.pdf,data/raw/600956.SH/2025/annual_report.pdf,135,"合并利润/现金流量表自动派生: 营业收入=1.98308e+10 | 利润总额（亏损总额以“ － ”号填 列） 2,543,141,551.77 2,346,693,228.19 减：所得税费用 76 529,224,696.47 446,332,472.47 五、净利润（净亏损以“ － ”号填列） 2,013,916,855.30 1,900,360,755.72 （一）按经营持续性分类 135 / 331  | 利息费用 1,068,494,974.26 1,239,238,614.74 利息收入 25,796,096.19 34,093,777.18 加：其他收益 67 671,774,454.61 710,396,457.47 列） 投资收益（损失以 “ － ” 号填 68 319,849,601.02 148,143,008.64 其中： 对联营企业和合营企业 的投资 | 资产总计 93,491,185,547.08 84,016,482,012.66 流动负债： 短期借款 32 3,889,281,345.29 3,938,597,345.65 向中央银行借款 拆入资金 交易性金融负债 衍生金融负债 应付票据 35 3,047,841.53 应付账款 36 879,331,209.42 537,611,223.42 预收款项 37 [auto-confirm:public-disclosure-v3]",0.94
600956.SH,新天绿能,2025,Q_G_ROE,8.12,confirmed,https://www.sse.com.cn/disclosure/listedinfo/announcement/c/new/2026-03-26/600956_20260326_L9M7.pdf,data/raw/600956.SH/2025/annual_report.pdf,14,1 扣除非经常性损益后的基本每股 收益(元／股) 0.39 0.39 0.00 0.51 加权平均净资产收益率(%) 8.12 7.82 增加0.30个百 分点 10.70 扣除非经常性损益后的加权平均 净资产收益率 [auto-confirm:public-disclosure-v3],0.92
600956.SH,新天绿能,2025,Q_G_TWO_FUNDS_RATE,54.46,confirmed,https://www.sse.com.cn/disclosure/listedinfo/announcement/c/new/2026-03-26/600956_20260326_L9M7.pdf,data/raw/600956.SH/2025/annual_report.pdf,131,"合并报表自动派生: 应收账款 5 6,490,103,437.11 7,152,026,189.19 应收款项融资 7 333,977,575.22 355,146,814.44 预付款项 8 926,275,663.07 677,401,054.31 应收保费 应收分保账款 应收分保合同准备金 其他应收款 9 243,134,877.53 257,731,355.73 其中：应收利息 | 存货 10 2,007,781,140.81 2,162,586,032.24 其中：数据资源 130 / 331  | 流动资产合计 15,603,911,130.48 14,421,875,979.90 非流动资产： 发放贷款和垫款 债权投资 其他债权投资 长期应收款 长期股权投资 17 3,683,964,091.48 3,677,406,635.10 其他权益工具投资 18 215,013,700.00 215,013,700.00 其他非流动金融资产 19 13,200,000. [auto-confirm:public-disclosure-v3]",0.94
600956.SH,新天绿能,2025,Q_S_DIVIDEND_PER_SHARE,0.2,confirmed,https://www.sse.com.cn/disclosure/listedinfo/announcement/c/new/2026-03-26/600956_20260326_L9M7.pdf,data/raw/600956.SH/2025/annual_report.pdf,67,金转增股本预案 √适用 □不适用 单位：元 币种：人民币 每 10 股送红股数(股) 0 每 10 股派息数(元)(含税) 2.00 67 / 331 [auto-confirm:public-disclosure-v3],0.94
600956.SH,新天绿能,2025,Q_S_RD_RATE,1.4,confirmed,https://www.sse.com.cn/disclosure/listedinfo/announcement/c/new/2026-03-26/600956_20260326_L9M7.pdf,data/raw/600956.SH/2025/annual_report.pdf,31,"本期资本化研发投入 7,349,327.61 研发投入合计 277,332,749.98 研发投入总额占营业收入比例(%) 1.40 研发投入资本化的比重(%) 2.65 (2).研发人员情况表 √适用 □不适用 公司研发 [auto-confirm:public-disclosure-v3]",0.96
600968.SH,海油发展,2025,Q_G_AR_TURNOVER,4.8982,confirmed,https://www.sse.com.cn/disclosure/listedinfo/announcement/c/new/2026-03-25/600968_20260325_PO84.pdf,data/raw/600968.SH/2025/annual_report.pdf,68,"合并报表自动派生: 营业收入=5.03631e+10 | 应收账款 5 9,659,349,401.01 10,904,749,326.49 应收款项融资 7 163,720,074.04 131,176,188.90 预付款项 8 64,889,925.48 52,864,916.94 应收保费 应收分保账款 68 / 260 [auto-confirm:public-disclosure-v3]",0.94
600968.SH,海油发展,2025,Q_G_ASSET_TURNOVER,1.0006,confirmed,https://www.sse.com.cn/disclosure/listedinfo/announcement/c/new/2026-03-25/600968_20260325_PO84.pdf,data/raw/600968.SH/2025/annual_report.pdf,69,"合并报表自动派生: 营业收入=5.03631e+10 | 资产总计 51,165,404,553.41 49,502,533,022.56 流动负债： 短期借款 32 37,459,125.31 向中央银行借款 拆入资金 交易性金融负债 衍生金融负债 应付票据 应付账款 36 12,694,761,029.85 13,841,913,552.73 预收款项 37 1,183,393.36 3,663,630.14 合同负债 [auto-confirm:public-disclosure-v3]",0.94
600968.SH,海油发展,2025,Q_G_CASH_CURRENT_LIABILITY,29.633,confirmed,https://www.sse.com.cn/disclosure/listedinfo/announcement/c/new/2026-03-25/600968_20260325_PO84.pdf,data/raw/600968.SH/2025/annual_report.pdf,77,"合并利润/现金流量表自动派生: 营业收入=5.03631e+10 | 经营活动产生的现金流 量净额 5,077,890,352.47 二、投资活动产生的现金流量： 收回投资收到的现金 9,529,270,098.13 取得投资收益收到的现金 381,082,108.38 处置固定资产、无形资产和其 他长期资产收回的现金净额 12,826,017.38 处置子公司及其他营业单位 收到的现金净额 156,215,046.06 收到其他与投资活动有关的 现金  | 流动负债合计 17,135,941,251.38 18,157,069,720.73 非流动负债： 保险合同准备金 长期借款 45 2,360,890,771.97 2,018,344,635.78 应付债券 其中：优先股 永续债 租赁负债 47 900,419,769.06 929,451,579.27 长期应付款 48 227,823,507.48 187,652, [auto-confirm:public-disclosure-v3]",0.94
600968.SH,海油发展,2025,Q_G_CASH_REALIZATION,115.0182,confirmed,https://www.sse.com.cn/disclosure/listedinfo/announcement/c/new/2026-03-25/600968_20260325_PO84.pdf,data/raw/600968.SH/2025/annual_report.pdf,77,"合并利润/现金流量表自动派生: 营业收入=5.03631e+10 | 经营活动现金流入小计 57,926,690,412.35 购买商品、接受劳务支付的现 金 42,435,733,247.23 客户贷款及垫款净增加额 存放中央银行和同业款项净 增加额 支付原保险合同赔付款项的 现金 拆出资金净增加额 支付利息、手续费及佣金的现 金 支付保单红利的现金 支付给职工及为职工支付的 现金 7,370,933,226.81 支付的各项税费 2,258, [auto-confirm:public-disclosure-v3]",0.94
600968.SH,海油发展,2025,Q_G_COST_REVENUE_RATE,90.9003,confirmed,https://www.sse.com.cn/disclosure/listedinfo/announcement/c/new/2026-03-25/600968_20260325_PO84.pdf,data/raw/600968.SH/2025/annual_report.pdf,73,"合并利润/现金流量表自动派生: 营业收入=5.03631e+10 | 营业总成本 45,780,168,211.17 48,021,656,152.68 其中：营业成本 61 42,261,958,515.28 44,838,140,400.50 利息支出 手续费及佣金支出 退保金 赔付支出净额 提取保险责任准备金净额 保单红利支出 分保费用 税金及附加 62 210,528,958.91 210,308,545.01 销售费用 63 [auto-confirm:public-disclosure-v3]",0.94
600968.SH,海油发展,2025,Q_G_CURRENT_ASSET_TURNOVER,1.8189,confirmed,https://www.sse.com.cn/disclosure/listedinfo/announcement/c/new/2026-03-25/600968_20260325_PO84.pdf,data/raw/600968.SH/2025/annual_report.pdf,69,"合并报表自动派生: 营业收入=5.03631e+10 | 流动资产合计 28,185,956,814.28 27,192,388,841.38 非流动资产： 发放贷款和垫款 债权投资 14 1,500,071,917.81 1,059,197,260.28 其他债权投资 长期应收款 16 24,800,298.74 29,511,408.49 长期股权投资 17 4,242,030,585.98 4,307,095,673.7 [auto-confirm:public-disclosure-v3]",0.94
600968.SH,海油发展,2025,Q_G_DEBT_ASSET_RATE,40.9785,confirmed,https://www.sse.com.cn/disclosure/listedinfo/announcement/c/new/2026-03-25/600968_20260325_PO84.pdf,data/raw/600968.SH/2025/annual_report.pdf,70,"合并报表自动派生: 负债合计 20,966,838,182.33 21,638,889,318.28 所有者权益（或股东权益）： 实收资本（或股本） 53 10,165,104,199.00 10,165,104,199.00 其他权益工具 其中：优先股 永续债 资本公积 55 1,726,113,269.55 1,727,614,603.21 减：库存股 其他综合收益 57 59,3 | 资产总计 51,165,404,553.41 49,502,533,022.56 流动负债： 短期借款 32 37,459,125.31 向中央银行借款 拆入资金 交易性金融负债 衍生金融负债 应付票据 应付账款 36 12,694,761,029.85 13,841,913,552.73 预收款项 37 1,183,393.36 3,663,630.14 合同负债 [auto-confirm:public-disclosure-v3]",0.94
600968.SH,海油发展,2025,Q_G_EBITDA_INTEREST,45.4968,confirmed,https://www.sse.com.cn/disclosure/listedinfo/announcement/c/new/2026-03-25/600968_20260325_PO84.pdf,data/raw/600968.SH/2025/annual_report.pdf,74,"合并利润/现金流量表自动派生: 营业收入=5.03631e+10 | 利润总额（亏损总额以“ － ”号填 列） 4,802,860,436.65 4,579,674,389.74 减：所得税费用 76 818,424,933.26 823,997,626.50 五、净利润（净亏损以“ － ”号填列） 3,984,435,503.39 3,755,676,763.24 （一）按经营持续性分类 “ － 1.持续经营净利润（净亏损以 ”号填 | 利息费用 66 107,937,252.80 119,942,258.87 利息收入 66 114,426,650.19 117,536,932.90 加：其他收益 67 130,050,096.54 180,811,833.40 投资收益（损失以 “ － ” 号填 列） 68 411,640,032.33 325,821,309.57 其中： 对联营企业和合营企业 [auto-confirm:public-disclosure-v3]",0.94
600968.SH,海油发展,2025,Q_G_OPERATING_MARGIN,10.0866,confirmed,https://www.sse.com.cn/disclosure/listedinfo/announcement/c/new/2026-03-25/600968_20260325_PO84.pdf,data/raw/600968.SH/2025/annual_report.pdf,73,"合并利润/现金流量表自动派生: 营业收入=5.03631e+10 | 营业利润 （亏损以 “ － ” 号填列） 5,079,941,064.91 5,009,917,194.88 加：营业外收入 74 18,367,276.93 76,035,958.42 减：营业外支出 75 295,447,905.19 506,278,763.56 73 / 260 [auto-confirm:public-disclosure-v3]",0.94
600968.SH,海油发展,2025,Q_G_OPERATING_PROFIT_GROWTH,1.3977,confirmed,https://www.sse.com.cn/disclosure/listedinfo/announcement/c/new/2026-03-25/600968_20260325_PO84.pdf,data/raw/600968.SH/2025/annual_report.pdf,73,"合并利润/现金流量表自动派生: 营业收入=5.03631e+10 | 营业利润 （亏损以 “ － ” 号填列） 5,079,941,064.91 5,009,917,194.88 加：营业外收入 74 18,367,276.93 76,035,958.42 减：营业外支出 75 295,447,905.19 506,278,763.56 73 / 260 [auto-confirm:public-disclosure-v3]",0.94
600968.SH,海油发展,2025,Q_G_REVENUE_GROWTH,-4.1013,confirmed,https://www.sse.com.cn/disclosure/listedinfo/announcement/c/new/2026-03-25/600968_20260325_PO84.pdf,data/raw/600968.SH/2025/annual_report.pdf,6,"营业收入 50,363,061,030.51 52,516,934,873.70 -4.10 49,307,957,578.16 [auto-confirm:public-disclosure-v3]",0.91
600968.SH,海油发展,2025,Q_G_ROA,9.7564,confirmed,https://www.sse.com.cn/disclosure/listedinfo/announcement/c/new/2026-03-25/600968_20260325_PO84.pdf,data/raw/600968.SH/2025/annual_report.pdf,74,"合并利润/现金流量表自动派生: 营业收入=5.03631e+10 | 利润总额（亏损总额以“ － ”号填 列） 4,802,860,436.65 4,579,674,389.74 减：所得税费用 76 818,424,933.26 823,997,626.50 五、净利润（净亏损以“ － ”号填列） 3,984,435,503.39 3,755,676,763.24 （一）按经营持续性分类 “ － 1.持续经营净利润（净亏损以 ”号填 | 利息费用 66 107,937,252.80 119,942,258.87 利息收入 66 114,426,650.19 117,536,932.90 加：其他收益 67 130,050,096.54 180,811,833.40 投资收益（损失以 “ － ” 号填 列） 68 411,640,032.33 325,821,309.57 其中： 对联营企业和合营企业 | 资产总计 51,165,404,553.41 49,502,533,022.56 流动负债： 短期借款 32 37,459,125.31 向中央银行借款 拆入资金 交易性金融负债 衍生金融负债 应付票据 应付账款 36 12,694,761,029.85 13,841,913,552.73 预收款项 37 1,183,393.36 3,663,630.14 合同负债 [auto-confirm:public-disclosure-v3]",0.94
600968.SH,海油发展,2025,Q_G_ROE,13.69,confirmed,https://www.sse.com.cn/disclosure/listedinfo/announcement/c/new/2026-03-25/600968_20260325_PO84.pdf,data/raw/600968.SH/2025/annual_report.pdf,7,常性损益后的基本每股 收益(元／股) 0.3852 0.3743 2.91 0.2817 加权平均净资产收益率(%) 13.69 14.11 减少0.42个百 分点 13.13 扣除非经常性损益后的加权平均 净资产收益 [auto-confirm:public-disclosure-v3],0.92
600968.SH,海油发展,2025,Q_G_TWO_FUNDS_RATE,38.067,confirmed,https://www.sse.com.cn/disclosure/listedinfo/announcement/c/new/2026-03-25/600968_20260325_PO84.pdf,data/raw/600968.SH/2025/annual_report.pdf,69,"合并报表自动派生: 应收账款 5 9,659,349,401.01 10,904,749,326.49 应收款项融资 7 163,720,074.04 131,176,188.90 预付款项 8 64,889,925.48 52,864,916.94 应收保费 应收分保账款 68 / 260  | 存货 10 1,070,192,316.41 1,014,116,837.23 其中：数据资源 合同资产 6 3,111,536,901.51 2,570,537,784.86 持有待售资产 一年内到期的非流动资产 12 3,263,748,096.06 4,486,277.42 其他流动资产 13 536,618,913.18 352,744,912.93 流 | 流动资产合计 28,185,956,814.28 27,192,388,841.38 非流动资产： 发放贷款和垫款 债权投资 14 1,500,071,917.81 1,059,197,260.28 其他债权投资 长期应收款 16 24,800,298.74 29,511,408.49 长期股权投资 17 4,242,030,585.98 4,307,095,673.7 [auto-confirm:public-disclosure-v3]",0.94
600968.SH,海油发展,2025,Q_S_DIVIDEND_PER_SHARE,0.147,confirmed,https://www.sse.com.cn/disclosure/listedinfo/announcement/c/new/2026-03-25/600968_20260325_PO84.pdf,data/raw/600968.SH/2025/annual_report.pdf,41,"转增股本预案 √适用 □不适用 单位：万元 币种：人民币 每 10 股送红股数(股) 0 每 10 股派息数(元)(含税) 1.47 每 10 股转增数(股) 0 现金分红金额(含税) 149,427.03 合并报表中归属 [auto-confirm:public-disclosure-v3]",0.94
600968.SH,海油发展,2025,Q_S_RD_RATE,2.49,confirmed,https://www.sse.com.cn/disclosure/listedinfo/announcement/c/new/2026-03-25/600968_20260325_PO84.pdf,data/raw/600968.SH/2025/annual_report.pdf,19,"资本化研发投入 1,916,981.15 研发投入合计 1,253,011,666.46 研发投入总额占营业收入比例(%) 2.49 研发投入资本化的比重(%) 0.15 (2).研发人员情况表 √适用 □不适用 公司研发 [auto-confirm:public-disclosure-v3]",0.96
600995.SH,南网储能,2025,Q_G_AR_TURNOVER,14.4836,confirmed,https://www.sse.com.cn/disclosure/listedinfo/announcement/c/new/2026-03-31/600995_20260331_DFTM.pdf,data/raw/600995.SH/2025/annual_report.pdf,87,"合并报表自动派生: 营业收入=7.37729e+09 | 应收账款 七、5 571,315,972.02 447,396,159.53 应收款项融资 预付款项 七、8 22,081,817.28 12,265,228.80 应收保费 应收分保账款 应收分保合同准备金 其他应收款 七、9 41,947,275.08 65,332,026.34 其中：应收利息 应收股利 买入返售金融资产 存货 七、10 245,253,920 [auto-confirm:public-disclosure-v3]",0.94
600995.SH,南网储能,2025,Q_G_ASSET_TURNOVER,0.1347,confirmed,https://www.sse.com.cn/disclosure/listedinfo/announcement/c/new/2026-03-31/600995_20260331_DFTM.pdf,data/raw/600995.SH/2025/annual_report.pdf,88,"合并报表自动派生: 营业收入=7.37729e+09 | 资产总计 59,104,279,930.60 50,466,641,140.52 流动负债： 短期借款 七、32 850,468,888.89 44,732,780.00 向中央银行借款 拆入资金 交易性金融负债 衍生金融负债 应付票据 七、35 37,060,822.36 66,641,961.47 应付账款 七、36 1,588,044,667.26 800,6 [auto-confirm:public-disclosure-v3]",0.94
600995.SH,南网储能,2025,Q_G_CASH_CURRENT_LIABILITY,74.4752,confirmed,https://www.sse.com.cn/disclosure/listedinfo/announcement/c/new/2026-03-31/600995_20260331_DFTM.pdf,data/raw/600995.SH/2025/annual_report.pdf,96,"合并利润/现金流量表自动派生: 营业收入=7.37729e+09 | 经营活动产生的现金流量净额 4,622,572,896.75 3,855,166,416.50 二、投资活动产生的现金流量： 收回投资收到的现金 500,000,000.00 800,000,000.00 取得投资收益收到的现金 6,557,689.32 6,834,936.78 处置固定资产、无形资产和其他长 期资产收回的现金净额 15,643,038.63 24,873,945. | 流动负债合计 6,206,865,452.30 3,047,217,927.88 非流动负债： 保险合同准备金 长期借款 七、45 21,790,292,924.21 19,759,543,314.14 应付债券 其中：优先股 永续债 租赁负债 七、47 182,335,406.39 144,898,765.80 长期应付款 七、48 3,579,045,405.60 [auto-confirm:public-disclosure-v3]",0.94
600995.SH,南网储能,2025,Q_G_CASH_REALIZATION,115.8602,confirmed,https://www.sse.com.cn/disclosure/listedinfo/announcement/c/new/2026-03-31/600995_20260331_DFTM.pdf,data/raw/600995.SH/2025/annual_report.pdf,96,"合并利润/现金流量表自动派生: 营业收入=7.37729e+09 | 经营活动现金流入小计 8,547,338,418.31 7,090,143,428.16 购买商品、接受劳务支付的现金 1,066,678,587.37 628,395,628.80 客户贷款及垫款净增加额 存放中央银行和同业款项净增加额 支付原保险合同赔付款项的现金 拆出资金净增加额 支付利息、手续费及佣金的现金 支付保单红利的现金 支付给职工及为职工支付的现金 1,134, [auto-confirm:public-disclosure-v3]",0.94
600995.SH,南网储能,2025,Q_G_COST_REVENUE_RATE,65.0535,confirmed,https://www.sse.com.cn/disclosure/listedinfo/announcement/c/new/2026-03-31/600995_20260331_DFTM.pdf,data/raw/600995.SH/2025/annual_report.pdf,92,"合并利润/现金流量表自动派生: 营业收入=7.37729e+09 | 营业总成本 4,799,184,558.81 4,338,088,759.40 其中：营业成本 七、61 3,627,900,929.13 3,262,586,320.02 利息支出 手续费及佣金支出 退保金 赔付支出净额 提取保险责任准备金净额 保单红利支出 分保费用 税金及附加 七、62 223,728,278.72 125,692,243.56 销售费用 七、6 [auto-confirm:public-disclosure-v3]",0.94
600995.SH,南网储能,2025,Q_G_CURRENT_ASSET_TURNOVER,1.3236,confirmed,https://www.sse.com.cn/disclosure/listedinfo/announcement/c/new/2026-03-31/600995_20260331_DFTM.pdf,data/raw/600995.SH/2025/annual_report.pdf,87,"合并报表自动派生: 营业收入=7.37729e+09 | 流动资产合计 6,050,221,124.20 5,097,300,003.66 非流动资产： 发放贷款和垫款 债权投资 其他债权投资 长期应收款 长期股权投资 七、17 654,837,478.05 501,041,468.24 其他权益工具投资 七、18 197,000,000.00 259,000,000.00 其他非流动金融资产 七、19 125,376,857 [auto-confirm:public-disclosure-v3]",0.94
600995.SH,南网储能,2025,Q_G_DEBT_ASSET_RATE,54.6122,confirmed,https://www.sse.com.cn/disclosure/listedinfo/announcement/c/new/2026-03-31/600995_20260331_DFTM.pdf,data/raw/600995.SH/2025/annual_report.pdf,88,"合并报表自动派生: 负债合计 32,278,153,492.44 25,520,994,048.89 所有者权益（或股东权益） ： 88 / 219  | 资产总计 59,104,279,930.60 50,466,641,140.52 流动负债： 短期借款 七、32 850,468,888.89 44,732,780.00 向中央银行借款 拆入资金 交易性金融负债 衍生金融负债 应付票据 七、35 37,060,822.36 66,641,961.47 应付账款 七、36 1,588,044,667.26 800,6 [auto-confirm:public-disclosure-v3]",0.94
600995.SH,南网储能,2025,Q_G_EBITDA_INTEREST,6.5011,confirmed,https://www.sse.com.cn/disclosure/listedinfo/announcement/c/new/2026-03-31/600995_20260331_DFTM.pdf,data/raw/600995.SH/2025/annual_report.pdf,92,"合并利润/现金流量表自动派生: 营业收入=7.37729e+09 | 利润总额（亏损总额以“ － ”号填 2,604,838,549.09 1,830,469,264.26 92 / 219  | 利息费用 473,514,433.51 479,033,441.77 利息收入 23,498,769.56 38,019,686.40 加：其他收益 七、67 2,986,037.82 2,707,027.49 投资收益（损失以 “ － ” 号填 列） 七、68 54,204,794.62 21,253,777.49 其中： 对联营企业和合营企业 的投资收益 54, [auto-confirm:public-disclosure-v3]",0.94
600995.SH,南网储能,2025,Q_G_OPERATING_MARGIN,35.8639,confirmed,https://www.sse.com.cn/disclosure/listedinfo/announcement/c/new/2026-03-31/600995_20260331_DFTM.pdf,data/raw/600995.SH/2025/annual_report.pdf,92,"合并利润/现金流量表自动派生: 营业收入=7.37729e+09 | 营业利润 （亏损以 “ － ” 号填列） 2,645,784,391.23 1,878,504,320.80 加：营业外收入 七、74 7,965,243.65 5,821,162.26 减：营业外支出 七、75 48,911,085.79 53,856,218.80 四、 利润总额（亏损总额以“ － ”号填 2,604,838,549.09 1,830,469,2 [auto-confirm:public-disclosure-v3]",0.94
600995.SH,南网储能,2025,Q_G_OPERATING_PROFIT_GROWTH,40.8453,confirmed,https://www.sse.com.cn/disclosure/listedinfo/announcement/c/new/2026-03-31/600995_20260331_DFTM.pdf,data/raw/600995.SH/2025/annual_report.pdf,92,"合并利润/现金流量表自动派生: 营业收入=7.37729e+09 | 营业利润 （亏损以 “ － ” 号填列） 2,645,784,391.23 1,878,504,320.80 加：营业外收入 七、74 7,965,243.65 5,821,162.26 减：营业外支出 七、75 48,911,085.79 53,856,218.80 四、 利润总额（亏损总额以“ － ”号填 2,604,838,549.09 1,830,469,2 [auto-confirm:public-disclosure-v3]",0.94
600995.SH,南网储能,2025,Q_G_REVENUE_GROWTH,19.4919,confirmed,https://www.sse.com.cn/disclosure/listedinfo/announcement/c/new/2026-03-31/600995_20260331_DFTM.pdf,data/raw/600995.SH/2025/annual_report.pdf,6,"营业收入 7,377,287,079.18 6,173,879,376.06 19.49 5,629,657,903.00 [auto-confirm:public-disclosure-v3]",0.91
600995.SH,南网储能,2025,Q_G_ROA,5.6189,confirmed,https://www.sse.com.cn/disclosure/listedinfo/announcement/c/new/2026-03-31/600995_20260331_DFTM.pdf,data/raw/600995.SH/2025/annual_report.pdf,92,"合并利润/现金流量表自动派生: 营业收入=7.37729e+09 | 利润总额（亏损总额以“ － ”号填 2,604,838,549.09 1,830,469,264.26 92 / 219  | 利息费用 473,514,433.51 479,033,441.77 利息收入 23,498,769.56 38,019,686.40 加：其他收益 七、67 2,986,037.82 2,707,027.49 投资收益（损失以 “ － ” 号填 列） 七、68 54,204,794.62 21,253,777.49 其中： 对联营企业和合营企业 的投资收益 54, | 资产总计 59,104,279,930.60 50,466,641,140.52 流动负债： 短期借款 七、32 850,468,888.89 44,732,780.00 向中央银行借款 拆入资金 交易性金融负债 衍生金融负债 应付票据 七、35 37,060,822.36 66,641,961.47 应付账款 七、36 1,588,044,667.26 800,6 [auto-confirm:public-disclosure-v3]",0.94
600995.SH,南网储能,2025,Q_G_ROE,7.66,confirmed,https://www.sse.com.cn/disclosure/listedinfo/announcement/c/new/2026-03-31/600995_20260331_DFTM.pdf,data/raw/600995.SH/2025/annual_report.pdf,7,扣除非经常性损益后的基本每股 收益(元／股) 0.52 0.36 44.44 0.32 加权平均净资产收益率(%) 7.66 5.31 增加 2.35 个百 分点 4.98 扣除非经常性损益后的加权平均 净资产收益 [auto-confirm:public-disclosure-v3],0.92
600995.SH,南网储能,2025,Q_G_TWO_FUNDS_RATE,13.4965,confirmed,https://www.sse.com.cn/disclosure/listedinfo/announcement/c/new/2026-03-31/600995_20260331_DFTM.pdf,data/raw/600995.SH/2025/annual_report.pdf,87,"合并报表自动派生: 应收账款 七、5 571,315,972.02 447,396,159.53 应收款项融资 预付款项 七、8 22,081,817.28 12,265,228.80 应收保费 应收分保账款 应收分保合同准备金 其他应收款 七、9 41,947,275.08 65,332,026.34 其中：应收利息 应收股利 买入返售金融资产 存货 七、10 245,253,920 | 存货 七、10 245,253,920.44 228,304,822.98 其中：数据资源 合同资产 七、6 373,465.26 1,194,533.31 持有待售资产 七、11 5,217,956.84 5,217,956.84 一年内到期的非流动资产 其他流动资产 七、13 457,168,152.94 348,510,150.68 流动资产合计 6,05 | 流动资产合计 6,050,221,124.20 5,097,300,003.66 非流动资产： 发放贷款和垫款 债权投资 其他债权投资 长期应收款 长期股权投资 七、17 654,837,478.05 501,041,468.24 其他权益工具投资 七、18 197,000,000.00 259,000,000.00 其他非流动金融资产 七、19 125,376,857 [auto-confirm:public-disclosure-v3]",0.94
600995.SH,南网储能,2025,Q_S_DIVIDEND_PER_SHARE,0.1171,confirmed,https://www.sse.com.cn/disclosure/listedinfo/announcement/c/new/2026-03-31/600995_20260331_DFTM.pdf,data/raw/600995.SH/2025/annual_report.pdf,52,"金转增股本预案 √适用 □不适用 单位：元 币种：人民币 每 10 股送红股数(股) 0 每 10 股派息数(元)(含税) 1.1707 每 10 股转增数(股) 0 现金分红金额(含税) 374,156,399.59 合并报 [auto-confirm:public-disclosure-v3]",0.94
600995.SH,南网储能,2025,Q_S_RD_RATE,1.18,confirmed,https://www.sse.com.cn/disclosure/listedinfo/announcement/c/new/2026-03-31/600995_20260331_DFTM.pdf,data/raw/600995.SH/2025/annual_report.pdf,18,"本期资本化研发投入 3,984,831.93 研发投入合计 86,911,024.31 研发投入总额占营业收入比例(%) 1.18 18 / 219 [auto-confirm:public-disclosure-v3]",0.96
601126.SH,四方股份,2025,Q_G_AR_TURNOVER,6.2094,confirmed,https://www.sse.com.cn/disclosure/listedinfo/announcement/c/new/2026-03-24/601126_20260324_2K9N.pdf,data/raw/601126.SH/2025/annual_report.pdf,74,"合并报表自动派生: 营业收入=8.19331e+09 | 应收账款 1,449,451,300.85 1,189,564,984.90 应收款项融资 224,811,943.07 346,211,496.90 预付款项 286,920,473.46 247,401,302.05 应收保费 应收分保账款 应收分保合同准备金 其他应收款 58,221,952.39 43,703,969.42 其中：应收利息 应收股利 买入返售 [auto-confirm:public-disclosure-v3]",0.94
601126.SH,四方股份,2025,Q_G_ASSET_TURNOVER,0.6899,confirmed,https://www.sse.com.cn/disclosure/listedinfo/announcement/c/new/2026-03-24/601126_20260324_2K9N.pdf,data/raw/601126.SH/2025/annual_report.pdf,75,"合并报表自动派生: 营业收入=8.19331e+09 | 资产总计 12,705,127,033.69 11,045,737,341.05 流动负债： 短期借款 向中央银行借款 拆入资金 交易性金融负债 衍生金融负债 应付票据 1,578,963,048.44 1,063,907,542.24 应付账款 2,963,566,198.54 2,567,673,510.37 预收款项 合同负债 1,992,955,064.77 [auto-confirm:public-disclosure-v3]",0.94
601126.SH,四方股份,2025,Q_G_CASH_CURRENT_LIABILITY,15.7241,confirmed,https://www.sse.com.cn/disclosure/listedinfo/announcement/c/new/2026-03-24/601126_20260324_2K9N.pdf,data/raw/601126.SH/2025/annual_report.pdf,83,"合并利润/现金流量表自动派生: 营业收入=8.19331e+09 | 经营活动产生的现金流 量净额 1,224,656,463.11 1,254,177,184.94 二、投资活动产生的现金流量： 收回投资收到的现金 2,378,000,000.00 250,000,000.00 取得投资收益收到的现金 19,514,783.56 2,090,541.72 处置固定资产、无形资产和其 他长期资产收回的现金净额 1,697,381.52 63,303.45 | 流动负债合计 7,788,404,227.37 6,447,873,870.64 非流动负债： 保险合同准备金 长期借款 75 / 221 [auto-confirm:public-disclosure-v3]",0.94
601126.SH,四方股份,2025,Q_G_CASH_REALIZATION,111.9828,confirmed,https://www.sse.com.cn/disclosure/listedinfo/announcement/c/new/2026-03-24/601126_20260324_2K9N.pdf,data/raw/601126.SH/2025/annual_report.pdf,82,"合并利润/现金流量表自动派生: 营业收入=8.19331e+09 | 经营活动现金流入小计 9,175,096,772.11 7,723,912,940.39 购买商品、接受劳务支付的现 金 4,981,711,443.93 3,820,302,835.53 客户贷款及垫款净增加额 存放中央银行和同业款项净 增加额 支付原保险合同赔付款项的 现金 拆出资金净增加额 支付利息、手续费及佣金的现 金 支付保单红利的现金 支付给职工及为职工支付的 现金 [auto-confirm:public-disclosure-v3]",0.94
601126.SH,四方股份,2025,Q_G_COST_REVENUE_RATE,88.9672,confirmed,https://www.sse.com.cn/disclosure/listedinfo/announcement/c/new/2026-03-24/601126_20260324_2K9N.pdf,data/raw/601126.SH/2025/annual_report.pdf,78,"合并利润/现金流量表自动派生: 营业收入=8.19331e+09 | 营业总成本 7,289,361,833.34 6,181,682,939.72 其中：营业成本 5,716,993,593.17 4,703,368,425.19 利息支出 手续费及佣金支出 退保金 赔付支出净额 78 / 221 [auto-confirm:public-disclosure-v3]",0.94
601126.SH,四方股份,2025,Q_G_CURRENT_ASSET_TURNOVER,0.7671,confirmed,https://www.sse.com.cn/disclosure/listedinfo/announcement/c/new/2026-03-24/601126_20260324_2K9N.pdf,data/raw/601126.SH/2025/annual_report.pdf,74,"合并报表自动派生: 营业收入=8.19331e+09 | 流动资产合计 11,438,827,732.15 9,922,690,413.65 非流动资产： 发放贷款和垫款 债权投资 其他债权投资 74 / 221 [auto-confirm:public-disclosure-v3]",0.94
601126.SH,四方股份,2025,Q_G_DEBT_ASSET_RATE,61.463,confirmed,https://www.sse.com.cn/disclosure/listedinfo/announcement/c/new/2026-03-24/601126_20260324_2K9N.pdf,data/raw/601126.SH/2025/annual_report.pdf,76,"合并报表自动派生: 负债合计 7,808,950,596.31 6,466,552,166.92 所有者权益（或股东权益）： 实收资本（或股本） 833,183,500.00 833,436,000.00 其他权益工具 其中：优先股 永续债 资本公积 1,706,251,038.23 1,665,980,285.34 减：库存股 50,775,087.00 101,930,277.00 | 资产总计 12,705,127,033.69 11,045,737,341.05 流动负债： 短期借款 向中央银行借款 拆入资金 交易性金融负债 衍生金融负债 应付票据 1,578,963,048.44 1,063,907,542.24 应付账款 2,963,566,198.54 2,567,673,510.37 预收款项 合同负债 1,992,955,064.77 [auto-confirm:public-disclosure-v3]",0.94
601126.SH,四方股份,2025,Q_G_EBITDA_INTEREST,3288.8389,confirmed,https://www.sse.com.cn/disclosure/listedinfo/announcement/c/new/2026-03-24/601126_20260324_2K9N.pdf,data/raw/601126.SH/2025/annual_report.pdf,79,"合并利润/现金流量表自动派生: 营业收入=8.19331e+09 | 利润总额 （亏损总额以“ 填列） － ”号 932,068,552.41 823,778,063.91 减：所得税费用 103,124,793.84 107,943,308.90 五、 净利润 （净亏损以“ － ”号填列） 828,943,758.57 715,834,755.01 （一）按经营持续性分类 “ 1.持续经营净利润（净亏损以 － ”号填列） 828,9 | 利息费用 283,489.73 利息收入 54,205,718.38 66,361,579.14 加：其他收益 126,387,540.42 114,473,237.89 投资收益（损失以 “ － ” 号填 列） 11,944,687.34 5,781,709.69 其中： 对联营企业和合营企业 的投资收益 5,517,489.87 4,527,541.95 以摊余 [auto-confirm:public-disclosure-v3]",0.94
601126.SH,四方股份,2025,Q_G_OPERATING_MARGIN,11.2235,confirmed,https://www.sse.com.cn/disclosure/listedinfo/announcement/c/new/2026-03-24/601126_20260324_2K9N.pdf,data/raw/601126.SH/2025/annual_report.pdf,79,"合并利润/现金流量表自动派生: 营业收入=8.19331e+09 | 营业利润 （亏损以 “ － ” 号填列） 919,572,772.18 803,408,268.79 加：营业外收入 15,938,789.98 25,028,312.29 减：营业外支出 3,443,009.75 4,658,517.17 四、 利润总额 （亏损总额以“ 填列） － ”号 932,068,552.41 823,778,063.91 减：所得税费用 [auto-confirm:public-disclosure-v3]",0.94
601126.SH,四方股份,2025,Q_G_OPERATING_PROFIT_GROWTH,14.459,confirmed,https://www.sse.com.cn/disclosure/listedinfo/announcement/c/new/2026-03-24/601126_20260324_2K9N.pdf,data/raw/601126.SH/2025/annual_report.pdf,79,"合并利润/现金流量表自动派生: 营业收入=8.19331e+09 | 营业利润 （亏损以 “ － ” 号填列） 919,572,772.18 803,408,268.79 加：营业外收入 15,938,789.98 25,028,312.29 减：营业外支出 3,443,009.75 4,658,517.17 四、 利润总额 （亏损总额以“ 填列） － ”号 932,068,552.41 823,778,063.91 减：所得税费用 [auto-confirm:public-disclosure-v3]",0.94
601126.SH,四方股份,2025,Q_G_REVENUE_GROWTH,17.8735,confirmed,https://www.sse.com.cn/disclosure/listedinfo/announcement/c/new/2026-03-24/601126_20260324_2K9N.pdf,data/raw/601126.SH/2025/annual_report.pdf,8,"营业收入 8,193,310,113.95 6,950,934,596.87 17.87 5,751,051,476.34 [auto-confirm:public-disclosure-v3]",0.91
601126.SH,四方股份,2025,Q_G_ROA,7.8511,confirmed,https://www.sse.com.cn/disclosure/listedinfo/announcement/c/new/2026-03-24/601126_20260324_2K9N.pdf,data/raw/601126.SH/2025/annual_report.pdf,79,"合并利润/现金流量表自动派生: 营业收入=8.19331e+09 | 利润总额 （亏损总额以“ 填列） － ”号 932,068,552.41 823,778,063.91 减：所得税费用 103,124,793.84 107,943,308.90 五、 净利润 （净亏损以“ － ”号填列） 828,943,758.57 715,834,755.01 （一）按经营持续性分类 “ 1.持续经营净利润（净亏损以 － ”号填列） 828,9 | 利息费用 283,489.73 利息收入 54,205,718.38 66,361,579.14 加：其他收益 126,387,540.42 114,473,237.89 投资收益（损失以 “ － ” 号填 列） 11,944,687.34 5,781,709.69 其中： 对联营企业和合营企业 的投资收益 5,517,489.87 4,527,541.95 以摊余 | 资产总计 12,705,127,033.69 11,045,737,341.05 流动负债： 短期借款 向中央银行借款 拆入资金 交易性金融负债 衍生金融负债 应付票据 1,578,963,048.44 1,063,907,542.24 应付账款 2,963,566,198.54 2,567,673,510.37 预收款项 合同负债 1,992,955,064.77 [auto-confirm:public-disclosure-v3]",0.94
601126.SH,四方股份,2025,Q_G_ROE,17.75,confirmed,https://www.sse.com.cn/disclosure/listedinfo/announcement/c/new/2026-03-24/601126_20260324_2K9N.pdf,data/raw/601126.SH/2025/annual_report.pdf,8,扣除非经常性损益后的基本每 股收益(元/股) 0.97 0.85 14.12 0.75 加权平均净资产收益率(%) 17.75 16.62 增加1.13个百分点 15.47 扣除非经常性损益后的加权平 均净资产收益率 [auto-confirm:public-disclosure-v3],0.92
601126.SH,四方股份,2025,Q_G_TWO_FUNDS_RATE,32.999,confirmed,https://www.sse.com.cn/disclosure/listedinfo/announcement/c/new/2026-03-24/601126_20260324_2K9N.pdf,data/raw/601126.SH/2025/annual_report.pdf,74,"合并报表自动派生: 应收账款 1,449,451,300.85 1,189,564,984.90 应收款项融资 224,811,943.07 346,211,496.90 预付款项 286,920,473.46 247,401,302.05 应收保费 应收分保账款 应收分保合同准备金 其他应收款 58,221,952.39 43,703,969.42 其中：应收利息 应收股利 买入返售 | 存货 2,325,246,777.10 1,966,627,586.76 其中：数据资源 合同资产 2,200,822,704.22 1,759,939,311.53 持有待售资产 一年内到期的非流动资产 其他流动资产 538,456,918.26 498,684,265.93 流动资产合计 11,438,827,732.15 9,922,690,413.65  | 流动资产合计 11,438,827,732.15 9,922,690,413.65 非流动资产： 发放贷款和垫款 债权投资 其他债权投资 74 / 221 [auto-confirm:public-disclosure-v3]",0.94
601126.SH,四方股份,2025,Q_S_DIVIDEND_PER_SHARE,0.72,confirmed,https://www.sse.com.cn/disclosure/listedinfo/announcement/c/new/2026-03-24/601126_20260324_2K9N.pdf,data/raw/601126.SH/2025/annual_report.pdf,47,"公积金转增股本预案 √适用 □不适用 单位：元 币种：人民币 每 10 股送红股数(股) 每 10 股派息数(元)(含税) 7.2 每 10 股转增数(股) 现金分红金额(含税) 599,892,120.00 合并报表中 [auto-confirm:public-disclosure-v3]",0.94
601126.SH,四方股份,2025,Q_S_RD_RATE,8.93,confirmed,https://www.sse.com.cn/disclosure/listedinfo/announcement/c/new/2026-03-24/601126_20260324_2K9N.pdf,data/raw/601126.SH/2025/annual_report.pdf,22,"期资本化研发投入 24,824,941.72 研发投入合计 731,791,091.38 研发投入总额占营业收入比例(%) 8.93 研发投入资本化的比重(%) 3.39 (2). 研发人员情况表 √适用 □不适用 公司研 [auto-confirm:public-disclosure-v3]",0.96
601179.SH,中国西电,2025,Q_G_AR_TURNOVER,4.5712,confirmed,https://www.sse.com.cn/disclosure/listedinfo/announcement/c/new/2026-04-11/601179_20260411_2SIN.pdf,data/raw/601179.SH/2025/annual_report.pdf,63,"合并报表自动派生: 营业收入=2.37564e+10 | 应收账款 9,653,833,290.88 应收款项融资 740,142,715.80 预付款项 1,311,921,389.38 应收保费 应收分保账款 应收分保合同准备金 其他应收款 330,213,382.29 其中：应收利息 应收股利 买入返售金融资产 存货 5,279,979,520.80 其中：数据资源 合同资产 1,651,708,065.58 持有待 [auto-confirm:public-disclosure-v3]",0.94
601179.SH,中国西电,2025,Q_G_ASSET_TURNOVER,0.9385,confirmed,https://www.sse.com.cn/disclosure/listedinfo/announcement/c/new/2026-04-11/601179_20260411_2SIN.pdf,data/raw/601179.SH/2025/annual_report.pdf,64,"合并报表自动派生: 营业收入=2.37564e+10 | 资产总计 48,976,000,621.57 流动负债： 短期借款 1,651,019,635.14 向中央银行借款 拆入资金 交易性金融负债 121,275.00 衍生金融负债 应付票据 2,655,399,359.90 应付账款 9,272,092,649.21 预收款项 1,494,531.11 合同负债 5,777,974,874.06 卖出回购金融资产款 [auto-confirm:public-disclosure-v3]",0.94
601179.SH,中国西电,2025,Q_G_CAPITAL_ACCUMULATION,0.2791,confirmed,https://www.sse.com.cn/disclosure/listedinfo/announcement/c/new/2026-04-11/601179_20260411_2SIN.pdf,data/raw/601179.SH/2025/annual_report.pdf,67,"合并报表自动派生: 所有者权益（或股东权益）合计 19,942,334,866.42 19,886,840,222.85 负债和所有者权益（或股东权 益）总计 20,338,207,176.35 20,293,405,107.85 公司负责人：赵永志 主管会计工作负责人：郑高潮 会计机构负责人：陈旺 67/242 [auto-confirm:public-disclosure-v3]",0.94
601179.SH,中国西电,2025,Q_G_CASH_REALIZATION,126.5771,confirmed,https://www.sse.com.cn/disclosure/listedinfo/announcement/c/new/2026-04-11/601179_20260411_2SIN.pdf,data/raw/601179.SH/2025/annual_report.pdf,73,"合并利润/现金流量表自动派生: 营业收入=2.37564e+10 | 经营活动现金流入小计 30,070,179,886.25 25,612,333,114.87 购买商品、接受劳务支付的现 金 23,241,937,158.48 18,323,333,240.23 客户贷款及垫款净增加额-1,214,033,196.22 -1,404,617,040.25 存放中央银行和同业款项净增加 额 支付原保险合同赔付款项的现 金 拆出资金净增加额 支付 [auto-confirm:public-disclosure-v3]",0.94
601179.SH,中国西电,2025,Q_G_COST_REVENUE_RATE,92.8367,confirmed,https://www.sse.com.cn/disclosure/listedinfo/announcement/c/new/2026-04-11/601179_20260411_2SIN.pdf,data/raw/601179.SH/2025/annual_report.pdf,68,"合并利润/现金流量表自动派生: 营业收入=2.37564e+10 | 营业总成本 22,054,679,695.18 21,025,166,713.89 其中：营业成本 18,352,174,153.81 17,574,054,430.03 利息支出 手续费及佣金支出 退保金 赔付支出净额 提取保险责任准备金净额 保单红利支出 分保费用 税金及附加 164,141,471.59 151,533,271.32 销售费用 822,100,3 [auto-confirm:public-disclosure-v3]",0.94
601179.SH,中国西电,2025,Q_G_CURRENT_ASSET_TURNOVER,1.3761,confirmed,https://www.sse.com.cn/disclosure/listedinfo/announcement/c/new/2026-04-11/601179_20260411_2SIN.pdf,data/raw/601179.SH/2025/annual_report.pdf,63,"合并报表自动派生: 营业收入=2.37564e+10 | 流动资产合计 34,325,212,278.45 非流动资产： 发放贷款和垫款 债权投资 202,780,555.58 其他债权投资 长期应收款 长期股权投资 2,472,729,218.57 其他权益工具投资 118,410,407.88 其他非流动金融资产 63/242 单位：元 币种：人民币 2024 年 12 月 31 日 10,422,969,349.74 2 [auto-confirm:public-disclosure-v3]",0.94
601179.SH,中国西电,2025,Q_G_DEBT_ASSET_RATE,46.9686,confirmed,https://www.sse.com.cn/disclosure/listedinfo/announcement/c/new/2026-04-11/601179_20260411_2SIN.pdf,data/raw/601179.SH/2025/annual_report.pdf,65,"合并报表自动派生: 负债合计 23,003,329,471.78 21,304,345,892.38 所有者权益（或股东权益） ： 实收资本（或股本） 5,125,882,352.00 5,125,882,352.00 其他权益工具 其中：优先股 永续债 资本公积 12,187,393,883.86 12,194,490,342.81 减：库存股 其他综合收益-386,993,269. | 资产总计 48,976,000,621.57 流动负债： 短期借款 1,651,019,635.14 向中央银行借款 拆入资金 交易性金融负债 121,275.00 衍生金融负债 应付票据 2,655,399,359.90 应付账款 9,272,092,649.21 预收款项 1,494,531.11 合同负债 5,777,974,874.06 卖出回购金融资产款 [auto-confirm:public-disclosure-v3]",0.94
601179.SH,中国西电,2025,Q_G_EBITDA_INTEREST,40.786,confirmed,https://www.sse.com.cn/disclosure/listedinfo/announcement/c/new/2026-04-11/601179_20260411_2SIN.pdf,data/raw/601179.SH/2025/annual_report.pdf,69,"合并利润/现金流量表自动派生: 营业收入=2.37564e+10 | 利润总额（亏损总额以“ － ”号 填列） 1,677,918,287.00 减：所得税费用 166,768,158.35 五、 净利润 （净亏损以“ － ”号填列） 1,511,150,128.65 （一）按经营持续性分类 “ － 1.持续经营净利润（净亏损以 ”号填列） 1,511,150,128.65 “ 2.终止经营净利润（净亏损以 － ”号填列） （二）按所 | 利息费用 42,173,631.04 44,712,060.86 利息收入 107,055,409.81 114,618,863.73 加：其他收益 195,077,466.37 222,511,670.19 投资收益（损失以“ 填列） － ”号 135,686,013.28 141,533,300.43 其中：对联营企业和合营企 业的投资收益 77,948,170 [auto-confirm:public-disclosure-v3]",0.94
601179.SH,中国西电,2025,Q_G_OPERATING_MARGIN,6.9608,confirmed,https://www.sse.com.cn/disclosure/listedinfo/announcement/c/new/2026-04-11/601179_20260411_2SIN.pdf,data/raw/601179.SH/2025/annual_report.pdf,69,"合并利润/现金流量表自动派生: 营业收入=2.37564e+10 | 营业利润（亏损以“ 列） － ”号填 1,653,634,343.57 加：营业外收入 27,942,713.93 减：营业外支出 3,658,770.50 四、利润总额（亏损总额以“ － ”号 填列） 1,677,918,287.00 减：所得税费用 166,768,158.35 五、 净利润 （净亏损以“ － ”号填列） 1,511,150,128.65 （一） [auto-confirm:public-disclosure-v3]",0.94
601179.SH,中国西电,2025,Q_G_REVENUE_GROWTH,7.1326,confirmed,https://www.sse.com.cn/disclosure/listedinfo/announcement/c/new/2026-04-11/601179_20260411_2SIN.pdf,data/raw/601179.SH/2025/annual_report.pdf,7,"营业收入 2,375,641.87 2,217,477.61 7.13 2,100,092.95 [auto-confirm:public-disclosure-v3]",0.91
601179.SH,中国西电,2025,Q_G_ROA,6.7952,confirmed,https://www.sse.com.cn/disclosure/listedinfo/announcement/c/new/2026-04-11/601179_20260411_2SIN.pdf,data/raw/601179.SH/2025/annual_report.pdf,69,"合并利润/现金流量表自动派生: 营业收入=2.37564e+10 | 利润总额（亏损总额以“ － ”号 填列） 1,677,918,287.00 减：所得税费用 166,768,158.35 五、 净利润 （净亏损以“ － ”号填列） 1,511,150,128.65 （一）按经营持续性分类 “ － 1.持续经营净利润（净亏损以 ”号填列） 1,511,150,128.65 “ 2.终止经营净利润（净亏损以 － ”号填列） （二）按所 | 利息费用 42,173,631.04 44,712,060.86 利息收入 107,055,409.81 114,618,863.73 加：其他收益 195,077,466.37 222,511,670.19 投资收益（损失以“ 填列） － ”号 135,686,013.28 141,533,300.43 其中：对联营企业和合营企 业的投资收益 77,948,170 | 资产总计 48,976,000,621.57 流动负债： 短期借款 1,651,019,635.14 向中央银行借款 拆入资金 交易性金融负债 121,275.00 衍生金融负债 应付票据 2,655,399,359.90 应付账款 9,272,092,649.21 预收款项 1,494,531.11 合同负债 5,777,974,874.06 卖出回购金融资产款 [auto-confirm:public-disclosure-v3]",0.94
601179.SH,中国西电,2025,Q_G_ROE,5.64,confirmed,https://www.sse.com.cn/disclosure/listedinfo/announcement/c/new/2026-04-11/601179_20260411_2SIN.pdf,data/raw/601179.SH/2025/annual_report.pdf,7,益 后的基 本 每股收益(元／股) 0.2330 0.1944 19.86 0.1250 加权平均净资产收益率(%) 5.64 4.83 增加0.81个百分点 4.20 扣除 非经常 性损益 后的加 权 平均净资产收 [auto-confirm:public-disclosure-v3],0.92
601179.SH,中国西电,2025,Q_G_TWO_FUNDS_RATE,43.5068,confirmed,https://www.sse.com.cn/disclosure/listedinfo/announcement/c/new/2026-04-11/601179_20260411_2SIN.pdf,data/raw/601179.SH/2025/annual_report.pdf,63,"合并报表自动派生: 应收账款 9,653,833,290.88 应收款项融资 740,142,715.80 预付款项 1,311,921,389.38 应收保费 应收分保账款 应收分保合同准备金 其他应收款 330,213,382.29 其中：应收利息 应收股利 买入返售金融资产 存货 5,279,979,520.80 其中：数据资源 合同资产 1,651,708,065.58 持有待 | 存货 5,279,979,520.80 其中：数据资源 合同资产 1,651,708,065.58 持有待售资产 一年内到期的非流动资 产 705,818,565.87 其他流动资产 3,722,890,120.17 流动资产合计 34,325,212,278.45 非流动资产： 发放贷款和垫款 债权投资 202,780,555.58 其他债权投资 长期应收款  | 流动资产合计 34,325,212,278.45 非流动资产： 发放贷款和垫款 债权投资 202,780,555.58 其他债权投资 长期应收款 长期股权投资 2,472,729,218.57 其他权益工具投资 118,410,407.88 其他非流动金融资产 63/242 单位：元 币种：人民币 2024 年 12 月 31 日 10,422,969,349.74 2 [auto-confirm:public-disclosure-v3]",0.94
601179.SH,中国西电,2025,Q_S_DIVIDEND_PER_SHARE,0.101,confirmed,https://www.sse.com.cn/disclosure/listedinfo/announcement/c/new/2026-04-11/601179_20260411_2SIN.pdf,data/raw/601179.SH/2025/annual_report.pdf,40,"转增股本预案 √适用 □不适用 单位：万元 币种：人民币 每 10 股送红股数(股) 0 每 10 股派息数(元) (含税) 1.01 每 10 股转增数(股) 0 现金分红金额(含税) 51,771.41 合并报表中归属于 [auto-confirm:public-disclosure-v3]",0.94
601179.SH,中国西电,2025,Q_S_RD_RATE,5.27,confirmed,https://www.sse.com.cn/disclosure/listedinfo/announcement/c/new/2026-04-11/601179_20260411_2SIN.pdf,data/raw/601179.SH/2025/annual_report.pdf,18,",981.06 本期资本化研发投入 5,321.96 研发投入合计 125,303.02 研发投入总额占营业收入比例(%) 5.27 研发投入资本化的比重(%) 4.25 (2).研发人员情况表 √适用 □不适用 公司研发 [auto-confirm:public-disclosure-v3]",0.96
601567.SH,三星电气,2025,Q_G_AR_TURNOVER,4.7196,confirmed,https://www.sse.com.cn/disclosure/listedinfo/announcement/c/new/2026-04-25/601567_20260425_YPP2.pdf,data/raw/601567.SH/2025/annual_report.pdf,90,"合并报表自动派生: 营业收入=1.43608e+10 | 应收账款 （五） 3,015,554,649.15 3,069,990,088.27 应收款项融资 （七） 236,174,949.43 218,531,915.94 预付款项 （八） 196,324,986.92 196,294,299.45 应收保费 应收分保账款 应收分保合同准备金 其他应收款 （九） 147,360,333.41 137,728,659.85 [auto-confirm:public-disclosure-v3]",0.94
601567.SH,三星电气,2025,Q_G_ASSET_TURNOVER,0.5714,confirmed,https://www.sse.com.cn/disclosure/listedinfo/announcement/c/new/2026-04-25/601567_20260425_YPP2.pdf,data/raw/601567.SH/2025/annual_report.pdf,91,"合并报表自动派生: 营业收入=1.43608e+10 | 资产总计 25,786,564,365.83 24,476,486,586.93 流动负债： 短期借款 （三十二） 27,910,882.48 向中央银行借款 拆入资金 交易性金融负债 衍生金融负债 （三十四） 432,286.36 22,680,727.64 应付票据 （三十五） 237,340,000.00 319,638,600.00 应付账款 （三十六） 3 [auto-confirm:public-disclosure-v3]",0.94
601567.SH,三星电气,2025,Q_G_CASH_CURRENT_LIABILITY,22.7774,confirmed,https://www.sse.com.cn/disclosure/listedinfo/announcement/c/new/2026-04-25/601567_20260425_YPP2.pdf,data/raw/601567.SH/2025/annual_report.pdf,98,"合并利润/现金流量表自动派生: 营业收入=1.43608e+10 | 经营活动产生的现金流 量净额 1,771,421,325.34 1,836,184,443.66 98 / 276  | 流动负债合计 7,777,116,359.22 7,810,359,014.98 非流动负债： 保险合同准备金 长期借款 （四十五） 5,072,080,000.00 3,184,260,000.00 应付债券 其中：优先股 永续债 租赁负债 （四十七） 973,771,502.01 1,016,628,545.71 长期应付款 （四十八） 9,676,466.48 3 [auto-confirm:public-disclosure-v3]",0.94
601567.SH,三星电气,2025,Q_G_CASH_REALIZATION,114.9967,confirmed,https://www.sse.com.cn/disclosure/listedinfo/announcement/c/new/2026-04-25/601567_20260425_YPP2.pdf,data/raw/601567.SH/2025/annual_report.pdf,98,"合并利润/现金流量表自动派生: 营业收入=1.43608e+10 | 经营活动现金流入小计 16,514,403,917.22 16,356,780,728.03 购买商品、接受劳务支付的 现金 9,669,411,953.87 9,673,876,374.16 客户贷款及垫款净增加额 存放中央银行和同业款项净 增加额 支付原保险合同赔付款项的 现金 拆出资金净增加额 支付利息、手续费及佣金的 现金 支付保单红利的现金 支付给职工及为职工支付的 [auto-confirm:public-disclosure-v3]",0.94
601567.SH,三星电气,2025,Q_G_COST_REVENUE_RATE,90.2701,confirmed,https://www.sse.com.cn/disclosure/listedinfo/announcement/c/new/2026-04-25/601567_20260425_YPP2.pdf,data/raw/601567.SH/2025/annual_report.pdf,94,"合并利润/现金流量表自动派生: 营业收入=1.43608e+10 | 营业总成本 12,963,475,509.97 12,231,892,536.68 其中：营业成本 （六十一） 10,345,515,196.93 9,530,646,989.31 利息支出 手续费及佣金支出 退保金 赔付支出净额 提取保险责任准备金净额 保单红利支出 分保费用 税金及附加 （六十二） 100,193,967.08 94,914,144.68 销售费用 [auto-confirm:public-disclosure-v3]",0.94
601567.SH,三星电气,2025,Q_G_CURRENT_ASSET_TURNOVER,1.0103,confirmed,https://www.sse.com.cn/disclosure/listedinfo/announcement/c/new/2026-04-25/601567_20260425_YPP2.pdf,data/raw/601567.SH/2025/annual_report.pdf,90,"合并报表自动派生: 营业收入=1.43608e+10 | 流动资产合计 14,627,920,079.39 13,799,708,831.46 非流动资产： 发放贷款和垫款 债权投资 其他债权投资 （十五） 259,479,999.99 253,505,000.00 长期应收款 长期股权投资 （十七） 2,664,540,037.10 2,579,470,287.90 其他权益工具投资 其他非流动金融资产 （十九） 939,0 [auto-confirm:public-disclosure-v3]",0.94
601567.SH,三星电气,2025,Q_G_DEBT_ASSET_RATE,54.3342,confirmed,https://www.sse.com.cn/disclosure/listedinfo/announcement/c/new/2026-04-25/601567_20260425_YPP2.pdf,data/raw/601567.SH/2025/annual_report.pdf,92,"合并报表自动派生: 负债合计 14,010,934,947.63 12,202,548,432.10 所有者权益（或股东权益）： 实收资本（或股本） （五十三） 1,405,209,400.00 1,411,085,871.00 其他权益工具 其中：优先股 永续债 资本公积 （五十五） 3,269,792,263.44 3,345,064,536.35 减：库存股 （五十六） 135, | 资产总计 25,786,564,365.83 24,476,486,586.93 流动负债： 短期借款 （三十二） 27,910,882.48 向中央银行借款 拆入资金 交易性金融负债 衍生金融负债 （三十四） 432,286.36 22,680,727.64 应付票据 （三十五） 237,340,000.00 319,638,600.00 应付账款 （三十六） 3 [auto-confirm:public-disclosure-v3]",0.94
601567.SH,三星电气,2025,Q_G_EBITDA_INTEREST,13.6821,confirmed,https://www.sse.com.cn/disclosure/listedinfo/announcement/c/new/2026-04-25/601567_20260425_YPP2.pdf,data/raw/601567.SH/2025/annual_report.pdf,95,"合并利润/现金流量表自动派生: 营业收入=1.43608e+10 | 利润总额（亏损总额以“ － ”号 填列） 1,578,847,401.07 减：所得税费用 （七十六） 330,002,275.76 五、净利润（净亏损以“ － ”号填 列） 1,248,845,125.31 （一）按经营持续性分类 “ 1.持续经营净利润（净亏损以 － ”号填列） 1,248,845,125.31 “ 2.终止经营净利润（净亏损以 － ”号填列）  | 利息费用 124,494,342.78 95,000,557.44 利息收入 42,464,717.18 75,791,055.47 加：其他收益 （六十七） 248,975,151.24 248,148,144.52 94 / 276 [auto-confirm:public-disclosure-v3]",0.94
601567.SH,三星电气,2025,Q_G_OPERATING_MARGIN,11.0276,confirmed,https://www.sse.com.cn/disclosure/listedinfo/announcement/c/new/2026-04-25/601567_20260425_YPP2.pdf,data/raw/601567.SH/2025/annual_report.pdf,95,"合并利润/现金流量表自动派生: 营业收入=1.43608e+10 | 营业利润（亏损以“ 列） － ”号填 1,583,644,558.08 加：营业外收入 （七十四） 39,092,546.23 减：营业外支出 （七十五） 43,889,703.24 四、利润总额（亏损总额以“ － ”号 填列） 1,578,847,401.07 减：所得税费用 （七十六） 330,002,275.76 五、净利润（净亏损以“ － ”号填 列） 1, [auto-confirm:public-disclosure-v3]",0.94
601567.SH,三星电气,2025,Q_G_REVENUE_GROWTH,-1.6418,confirmed,https://www.sse.com.cn/disclosure/listedinfo/announcement/c/new/2026-04-25/601567_20260425_YPP2.pdf,data/raw/601567.SH/2025/annual_report.pdf,9,"营业收入 14,360,766,204.37 14,600,478,206.12 -1.64 11,462,508,357.39 [auto-confirm:public-disclosure-v3]",0.91
601567.SH,三星电气,2025,Q_G_ROA,6.7777,confirmed,https://www.sse.com.cn/disclosure/listedinfo/announcement/c/new/2026-04-25/601567_20260425_YPP2.pdf,data/raw/601567.SH/2025/annual_report.pdf,95,"合并利润/现金流量表自动派生: 营业收入=1.43608e+10 | 利润总额（亏损总额以“ － ”号 填列） 1,578,847,401.07 减：所得税费用 （七十六） 330,002,275.76 五、净利润（净亏损以“ － ”号填 列） 1,248,845,125.31 （一）按经营持续性分类 “ 1.持续经营净利润（净亏损以 － ”号填列） 1,248,845,125.31 “ 2.终止经营净利润（净亏损以 － ”号填列）  | 利息费用 124,494,342.78 95,000,557.44 利息收入 42,464,717.18 75,791,055.47 加：其他收益 （六十七） 248,975,151.24 248,148,144.52 94 / 276  | 资产总计 25,786,564,365.83 24,476,486,586.93 流动负债： 短期借款 （三十二） 27,910,882.48 向中央银行借款 拆入资金 交易性金融负债 衍生金融负债 （三十四） 432,286.36 22,680,727.64 应付票据 （三十五） 237,340,000.00 319,638,600.00 应付账款 （三十六） 3 [auto-confirm:public-disclosure-v3]",0.94
601567.SH,三星电气,2025,Q_G_ROE,10.59,confirmed,https://www.sse.com.cn/disclosure/listedinfo/announcement/c/new/2026-04-25/601567_20260425_YPP2.pdf,data/raw/601567.SH/2025/annual_report.pdf,9,扣除非经常性损益后的基本每股 收益(元／股) 0.66 1.56 -57.69 1.18 加权平均净资产收益率(%) 10.59 19.62 减少 9.03 个百分 点 18.51 扣除非经常性损益后的加权平均 净资产 [auto-confirm:public-disclosure-v3],0.92
601567.SH,三星电气,2025,Q_G_TWO_FUNDS_RATE,50.0318,confirmed,https://www.sse.com.cn/disclosure/listedinfo/announcement/c/new/2026-04-25/601567_20260425_YPP2.pdf,data/raw/601567.SH/2025/annual_report.pdf,90,"合并报表自动派生: 应收账款 （五） 3,015,554,649.15 3,069,990,088.27 应收款项融资 （七） 236,174,949.43 218,531,915.94 预付款项 （八） 196,324,986.92 196,294,299.45 应收保费 应收分保账款 应收分保合同准备金 其他应收款 （九） 147,360,333.41 137,728,659.85 | 存货 （十） 4,303,052,949.00 4,077,133,891.68 其中：数据资源 合同资产 （六） 220,736,148.31 165,143,971.59 持有待售资产 （十一） 一年内到期的非流动资产 （十二） 39,466.08 22,115,456.32 其他流动资产 （十三） 240,705,849.14 234,571,721.98 | 流动资产合计 14,627,920,079.39 13,799,708,831.46 非流动资产： 发放贷款和垫款 债权投资 其他债权投资 （十五） 259,479,999.99 253,505,000.00 长期应收款 长期股权投资 （十七） 2,664,540,037.10 2,579,470,287.90 其他权益工具投资 其他非流动金融资产 （十九） 939,0 [auto-confirm:public-disclosure-v3]",0.94
601567.SH,三星电气,2025,Q_S_DIVIDEND_PER_SHARE,0.63,confirmed,https://www.sse.com.cn/disclosure/listedinfo/announcement/c/new/2026-04-25/601567_20260425_YPP2.pdf,data/raw/601567.SH/2025/annual_report.pdf,50,"股份有限公司2025 年年度报告 单位：元 币种：人民币 每 10 股送红股数(股) 0 每 10 股派息数(元)(含税) 6.30 每 10 股转增数(股) 0 现金分红金额(含税) 881,656,038.28 合并报 [auto-confirm:public-disclosure-v3]",0.94
601567.SH,三星电气,2025,Q_S_RD_RATE,4.23,confirmed,https://www.sse.com.cn/disclosure/listedinfo/announcement/c/new/2026-04-25/601567_20260425_YPP2.pdf,data/raw/601567.SH/2025/annual_report.pdf,25,"283,245.47 本期资本化研发投入 0 研发投入合计 607,283,245.47 研发投入总额占营业收入比例(%) 4.23 研发投入资本化的比重(%) 0 25 / 276 [auto-confirm:public-disclosure-v3]",0.96
601616.SH,广电电气,2025,Q_G_AR_TURNOVER,1.9253,confirmed,https://www.sse.com.cn/disclosure/listedinfo/announcement/c/new/2026-04-25/601616_20260425_B9I3.pdf,data/raw/601616.SH/2025/annual_report.pdf,52,"合并报表自动派生: 营业收入=7.6641e+08 | 应收账款 (五) 356,099,658.08 440,043,722.59 应收款项融资 (七) 9,214,434.11 7,138,852.15 预付款项 (八) 11,565,002.06 9,794,292.22 应收保费 应收分保账款 应收分保合同准备金 其他应收款 (九) 7,211,306.36 4,556,894.91 其中：应收利息 应收股利 买 [auto-confirm:public-disclosure-v3]",0.94
601616.SH,广电电气,2025,Q_G_ASSET_TURNOVER,0.4874,confirmed,https://www.sse.com.cn/disclosure/listedinfo/announcement/c/new/2026-04-25/601616_20260425_B9I3.pdf,data/raw/601616.SH/2025/annual_report.pdf,53,"合并报表自动派生: 营业收入=7.6641e+08 | 资产总计 3,083,736,850.25 流动负债： 短期借款 (三十二) 60,961,036.38 向中央银行借款 拆入资金 交易性金融负债 衍生金融负债 应付票据 (三十五) 75,294,308.34 应付账款 (三十六) 138,214,877.98 预收款项 (三十七) 344,432.85 合同负债 (三十八) 42,900,617.79 卖出回购金 [auto-confirm:public-disclosure-v3]",0.94
601616.SH,广电电气,2025,Q_G_CAPITAL_ACCUMULATION,-2.0884,confirmed,https://www.sse.com.cn/disclosure/listedinfo/announcement/c/new/2026-04-25/601616_20260425_B9I3.pdf,data/raw/601616.SH/2025/annual_report.pdf,54,"合并报表自动派生: 所有者权益（或股东权益）合计 2,609,614,411.11 2,665,275,004.24 负债和所有者权益（或股东权 益）总计 3,083,736,850.25 3,107,691,963.31 公司负责人：赵淑文 主管会计工作负责人：赵淑文 会计机构负责人：夏小山 母公司资产负债表 2025 年 12 月 31 日 编制单位：上海广电电气（集团）股份有限公司 单位：元 币种： [auto-confirm:public-disclosure-v3]",0.94
601616.SH,广电电气,2025,Q_G_CASH_CURRENT_LIABILITY,11.096,confirmed,https://www.sse.com.cn/disclosure/listedinfo/announcement/c/new/2026-04-25/601616_20260425_B9I3.pdf,data/raw/601616.SH/2025/annual_report.pdf,59,"合并利润/现金流量表自动派生: 营业收入=7.6641e+08 | 经营活动产生的现金流量净额 48,284,698.85 137,655,507.15 二、投资活动产生的现金流量： 收回投资收到的现金 1,031,087,317.34 871,332,989.18 取得投资收益收到的现金 5,343,749.40 处置固定资产、无形资产和其他长期资产收回 的现金净额 291,723.76 887,563.84 处置子公司及其他营业单位收到的现金净额 | 流动负债合计 435,154,011.93 非流动负债： 保险合同准备金 长期借款 应付债券 其中：优先股 永续债 租赁负债 (四十七) 3,599,759.21 长期应付款 长期应付职工薪酬 预计负债 (五十) 11,995,797.41 递延收益 (五十一) 递延所得税负债 (二十九) 23,372,870.59 其他非流动负债 非流动负债合计 38,968,427 [auto-confirm:public-disclosure-v3]",0.94
601616.SH,广电电气,2025,Q_G_CASH_REALIZATION,104.2938,confirmed,https://www.sse.com.cn/disclosure/listedinfo/announcement/c/new/2026-04-25/601616_20260425_B9I3.pdf,data/raw/601616.SH/2025/annual_report.pdf,59,"合并利润/现金流量表自动派生: 营业收入=7.6641e+08 | 经营活动现金流入小计 799,318,322.69 928,904,470.47 购买商品、接受劳务支付的现金 421,694,360.47 452,356,565.06 客户贷款及垫款净增加额 存放中央银行和同业款项净增加额 支付原保险合同赔付款项的现金 拆出资金净增加额 支付利息、手续费及佣金的现金 支付保单红利的现金 支付给职工及为职工支付的现金 196,161,586. [auto-confirm:public-disclosure-v3]",0.94
601616.SH,广电电气,2025,Q_G_COST_REVENUE_RATE,104.2285,confirmed,https://www.sse.com.cn/disclosure/listedinfo/announcement/c/new/2026-04-25/601616_20260425_B9I3.pdf,data/raw/601616.SH/2025/annual_report.pdf,56,"合并利润/现金流量表自动派生: 营业收入=7.6641e+08 | 营业总成本 798,817,560.09 953,188,474.05 其中：营业成本 (六十一) 566,044,739.96 748,436,839.13 利息支出 手续费及佣金支出 退保金 赔付支出净额 提取保险责任准备金净额 保单红利支出 分保费用 税金及附加 (六十二) 11,868,209.90 11,712,215.80 销售费用 (六十三) 49,75 [auto-confirm:public-disclosure-v3]",0.94
601616.SH,广电电气,2025,Q_G_CURRENT_ASSET_TURNOVER,0.4313,confirmed,https://www.sse.com.cn/disclosure/listedinfo/announcement/c/new/2026-04-25/601616_20260425_B9I3.pdf,data/raw/601616.SH/2025/annual_report.pdf,52,"合并报表自动派生: 营业收入=7.6641e+08 | 流动资产合计 1,768,260,082.78 1,785,876,633.41 非流动资产： 发放贷款和垫款 债权投资 (十四) 182,048,580.86 142,336,056.51 其他债权投资 长期应收款 长期股权投资 (十七) 34,125,430.88 31,875,355.67 其他权益工具投资 (十八) 189,133,895.10 201,264, [auto-confirm:public-disclosure-v3]",0.94
601616.SH,广电电气,2025,Q_G_DEBT_ASSET_RATE,15.3749,confirmed,https://www.sse.com.cn/disclosure/listedinfo/announcement/c/new/2026-04-25/601616_20260425_B9I3.pdf,data/raw/601616.SH/2025/annual_report.pdf,53,"合并报表自动派生: 负债合计 474,122,439.14 所有者权益（或股东权益）： 实收资本（或股本） (五十三) 853,675,319.00 53 / 162 215,729,686.57 14,023,985.80 7,022,032.80 11,104,410.28 1,321,815,329.90 3,107,691,963.31 60,807,175.53 190,92 | 资产总计 3,083,736,850.25 流动负债： 短期借款 (三十二) 60,961,036.38 向中央银行借款 拆入资金 交易性金融负债 衍生金融负债 应付票据 (三十五) 75,294,308.34 应付账款 (三十六) 138,214,877.98 预收款项 (三十七) 344,432.85 合同负债 (三十八) 42,900,617.79 卖出回购金 [auto-confirm:public-disclosure-v3]",0.94
601616.SH,广电电气,2025,Q_G_EBITDA_INTEREST,-18.9631,confirmed,https://www.sse.com.cn/disclosure/listedinfo/announcement/c/new/2026-04-25/601616_20260425_B9I3.pdf,data/raw/601616.SH/2025/annual_report.pdf,57,"合并利润/现金流量表自动派生: 营业收入=7.6641e+08 | 利润总额（亏损总额以“ － ”号填列） -21,957,930.90 100,201,246.67 减：所得税费用 (七十六) 4,970,190.83 6,332,103.98 五、净利润（净亏损以“ － ”号填列） -26,928,121.73 93,869,142.69 （一）按经营持续性分类 1.持续经营净利润（净亏损以“ － ”号填 -26,928,121 | 利息费用 1,099,928.10 372,396.85 利息收入 30,188,587.11 30,852,030.98 加：其他收益 (六十七) 7,818,305.58 8,491,230.35 投资收益（损失以“ － ”号填列） (六十八) 13,436,455.12 14,938,472.16 其中：对联营企业和合营企业的投资收益 250,075.21 - [auto-confirm:public-disclosure-v3]",0.94
601616.SH,广电电气,2025,Q_G_OPERATING_MARGIN,-2.934,confirmed,https://www.sse.com.cn/disclosure/listedinfo/announcement/c/new/2026-04-25/601616_20260425_B9I3.pdf,data/raw/601616.SH/2025/annual_report.pdf,57,"合并利润/现金流量表自动派生: 营业收入=7.6641e+08 | 营业利润（亏损以“ － ”号填列） -22,486,706.42 105,846,533.80 加：营业外收入 (七十四) 5,873,610.19 322,561.07 减：营业外支出 (七十五) 5,344,834.67 5,967,848.20 四、利润总额（亏损总额以“ － ”号填列） -21,957,930.90 100,201,246.67 减：所得税费 [auto-confirm:public-disclosure-v3]",0.94
601616.SH,广电电气,2025,Q_G_OPERATING_PROFIT_GROWTH,-121.2446,confirmed,https://www.sse.com.cn/disclosure/listedinfo/announcement/c/new/2026-04-25/601616_20260425_B9I3.pdf,data/raw/601616.SH/2025/annual_report.pdf,57,"合并利润/现金流量表自动派生: 营业收入=7.6641e+08 | 营业利润（亏损以“ － ”号填列） -22,486,706.42 105,846,533.80 加：营业外收入 (七十四) 5,873,610.19 322,561.07 减：营业外支出 (七十五) 5,344,834.67 5,967,848.20 四、利润总额（亏损总额以“ － ”号填列） -21,957,930.90 100,201,246.67 减：所得税费 [auto-confirm:public-disclosure-v3]",0.94
601616.SH,广电电气,2025,Q_G_REVENUE_GROWTH,-26.0888,confirmed,https://www.sse.com.cn/disclosure/listedinfo/announcement/c/new/2026-04-25/601616_20260425_B9I3.pdf,data/raw/601616.SH/2025/annual_report.pdf,6,"营业收入 766,409,945.78 1,036,933,731.36 -26.09 756,827,043.89 扣除与主营业务无关的业 务收入和不具备商业实质 的收入后的营业收入 737,361,829.63 1,007,375,072.94 -26.80 727,407,193.18 [auto-confirm:public-disclosure-v3]",0.91
601616.SH,广电电气,2025,Q_G_ROA,-1.3266,confirmed,https://www.sse.com.cn/disclosure/listedinfo/announcement/c/new/2026-04-25/601616_20260425_B9I3.pdf,data/raw/601616.SH/2025/annual_report.pdf,57,"合并利润/现金流量表自动派生: 营业收入=7.6641e+08 | 利润总额（亏损总额以“ － ”号填列） -21,957,930.90 100,201,246.67 减：所得税费用 (七十六) 4,970,190.83 6,332,103.98 五、净利润（净亏损以“ － ”号填列） -26,928,121.73 93,869,142.69 （一）按经营持续性分类 1.持续经营净利润（净亏损以“ － ”号填 -26,928,121 | 利息费用 1,099,928.10 372,396.85 利息收入 30,188,587.11 30,852,030.98 加：其他收益 (六十七) 7,818,305.58 8,491,230.35 投资收益（损失以“ － ”号填列） (六十八) 13,436,455.12 14,938,472.16 其中：对联营企业和合营企业的投资收益 250,075.21 - | 资产总计 3,083,736,850.25 流动负债： 短期借款 (三十二) 60,961,036.38 向中央银行借款 拆入资金 交易性金融负债 衍生金融负债 应付票据 (三十五) 75,294,308.34 应付账款 (三十六) 138,214,877.98 预收款项 (三十七) 344,432.85 合同负债 (三十八) 42,900,617.79 卖出回购金 [auto-confirm:public-disclosure-v3]",0.94
601616.SH,广电电气,2025,Q_G_ROE,1.42,confirmed,https://www.sse.com.cn/disclosure/listedinfo/announcement/c/new/2026-04-25/601616_20260425_B9I3.pdf,data/raw/601616.SH/2025/annual_report.pdf,6,后的基本每股 收益(元／股) -0.0448 0.0839 -153.40 0.0014 加权平均净资产收益率(%) -1.42 2.99 减少4.41个百分点 0.59 扣除非经常性损益后的加权平均 净资产收益率(% [auto-confirm:public-disclosure-v3],0.92
601616.SH,广电电气,2025,Q_G_TWO_FUNDS_RATE,27.4136,confirmed,https://www.sse.com.cn/disclosure/listedinfo/announcement/c/new/2026-04-25/601616_20260425_B9I3.pdf,data/raw/601616.SH/2025/annual_report.pdf,52,"合并报表自动派生: 应收账款 (五) 356,099,658.08 440,043,722.59 应收款项融资 (七) 9,214,434.11 7,138,852.15 预付款项 (八) 11,565,002.06 9,794,292.22 应收保费 应收分保账款 应收分保合同准备金 其他应收款 (九) 7,211,306.36 4,556,894.91 其中：应收利息 应收股利 买 | 存货 (十) 128,643,411.09 118,461,036.11 其中：数据资源 合同资产 持有待售资产 一年内到期的非流动资产 (十二) 10,797,274.73 其他流动资产 (十三) 70,315,116.54 38,735,967.99 流动资产合计 1,768,260,082.78 1,785,876,633.41 非流动资产： 发放贷款和垫 | 流动资产合计 1,768,260,082.78 1,785,876,633.41 非流动资产： 发放贷款和垫款 债权投资 (十四) 182,048,580.86 142,336,056.51 其他债权投资 长期应收款 长期股权投资 (十七) 34,125,430.88 31,875,355.67 其他权益工具投资 (十八) 189,133,895.10 201,264, [auto-confirm:public-disclosure-v3]",0.94
601616.SH,广电电气,2025,Q_S_RD_RATE,6.82,confirmed,https://www.sse.com.cn/disclosure/listedinfo/announcement/c/new/2026-04-25/601616_20260425_B9I3.pdf,data/raw/601616.SH/2025/annual_report.pdf,17,",275,604.54 本期资本化研发投入 / 研发投入合计 52,275,604.54 研发投入总额占营业收入比例(%) 6.82 研发投入资本化的比重(%) / (2) 研发人员情况表 √适用□不适用 公司研发人员的数 [auto-confirm:public-disclosure-v3]",0.96
601666.SH,平煤股份,2025,Q_G_AR_TURNOVER,10.4179,confirmed,https://www.sse.com.cn/disclosure/listedinfo/announcement/c/new/2026-04-30/601666_20260430_3LTR.pdf,data/raw/601666.SH/2025/annual_report.pdf,100,"合并报表自动派生: 营业收入=2.05319e+10 | 应收账款 1,435,521,945.37 2,506,145,622.79 应收款项融资 50,600,199.38 18,867,981.20 预付款项 156,684,325.44 284,704,629.58 应收保费 应收分保账款 应收分保合同准备金 其他应收款 257,297,739.60 508,017,854.03 其中：应收利息 应收股利 30,5 [auto-confirm:public-disclosure-v3]",0.94
601666.SH,平煤股份,2025,Q_G_ASSET_TURNOVER,0.4417,confirmed,https://www.sse.com.cn/disclosure/listedinfo/announcement/c/new/2026-04-30/601666_20260430_3LTR.pdf,data/raw/601666.SH/2025/annual_report.pdf,101,"合并报表自动派生: 营业收入=2.05319e+10 | 资产总计 80,971,357,957.92 流动负债： 短期借款 11,987,576,000.00 向中央银行借款 拆入资金 交易性金融负债 衍生金融负债 应付票据 9,588,681,703.05 应付账款 5,181,522,230.18 预收款项 3,826,703.05 合同负债 416,245,721.33 卖出回购金融资产款 吸收存款及同业存放 代理 [auto-confirm:public-disclosure-v3]",0.94
601666.SH,平煤股份,2025,Q_G_COST_REVENUE_RATE,97.9941,confirmed,https://www.sse.com.cn/disclosure/listedinfo/announcement/c/new/2026-04-30/601666_20260430_3LTR.pdf,data/raw/601666.SH/2025/annual_report.pdf,105,"合并利润/现金流量表自动派生: 营业收入=2.05319e+10 | 营业总成本 20,120,010,063.85 27,046,520,824.79 其中：营业成本 16,692,088,466.72 22,494,084,830.85 利息支出 手续费及佣金支出 退保金 赔付支出净额 提取保险责任准备金净 额 保单红利支出 分保费用 税金及附加 716,007,178.98 1,018,012,180.86 销售费用 218,46 [auto-confirm:public-disclosure-v3]",0.94
601666.SH,平煤股份,2025,Q_G_CURRENT_ASSET_TURNOVER,1.3952,confirmed,https://www.sse.com.cn/disclosure/listedinfo/announcement/c/new/2026-04-30/601666_20260430_3LTR.pdf,data/raw/601666.SH/2025/annual_report.pdf,100,"合并报表自动派生: 营业收入=2.05319e+10 | 流动资产合计 14,611,460,928.96 14,820,238,720.67 非流动资产： 发放贷款和垫款 100 / 297 [auto-confirm:public-disclosure-v3]",0.94
601666.SH,平煤股份,2025,Q_G_DEBT_ASSET_RATE,65.1476,confirmed,https://www.sse.com.cn/disclosure/listedinfo/announcement/c/new/2026-04-30/601666_20260430_3LTR.pdf,data/raw/601666.SH/2025/annual_report.pdf,102,"合并报表自动派生: 负债合计 52,750,933,577.66 48,566,540,281.06 所有者权益（或股东权益）： 实收资本（或股本） 2,469,360,728.00 2,475,146,538.00 其他权益工具 3,190,221,573.03 2,453,583,267.68 其中：优先股 永续债 2,994,056,603.77 2,253,113,105.53 | 资产总计 80,971,357,957.92 流动负债： 短期借款 11,987,576,000.00 向中央银行借款 拆入资金 交易性金融负债 衍生金融负债 应付票据 9,588,681,703.05 应付账款 5,181,522,230.18 预收款项 3,826,703.05 合同负债 416,245,721.33 卖出回购金融资产款 吸收存款及同业存放 代理 [auto-confirm:public-disclosure-v3]",0.94
601666.SH,平煤股份,2025,Q_G_EBITDA_INTEREST,1.406,confirmed,https://www.sse.com.cn/disclosure/listedinfo/announcement/c/new/2026-04-30/601666_20260430_3LTR.pdf,data/raw/601666.SH/2025/annual_report.pdf,106,"合并利润/现金流量表自动派生: 营业收入=2.05319e+10 | 利润总额（亏损总额以 “ － ”号填列） 438,775,746.31 减：所得税费用 179,613,756.88 五、 净利润 （净亏损以“ 填列） － ”号 259,161,989.43 （一）按经营持续性分类 以“ 1.持续经营净利润 （净亏损 － ”号填列） 259,161,989.43 以“ 2.终止经营净利润 （净亏损 － ”号填列） （二）按所有权归 | 利息费用 1,080,649,306.36 1,364,803,067.09 利息收入 131,535,333.82 159,806,842.31 加：其他收益 40,544,153.79 43,638,776.99 投资收益（损失以“ － ” 89,134,841.43 103,756,055.97 105 / 297 [auto-confirm:public-disclosure-v3]",0.94
601666.SH,平煤股份,2025,Q_G_OPERATING_MARGIN,2.8082,confirmed,https://www.sse.com.cn/disclosure/listedinfo/announcement/c/new/2026-04-30/601666_20260430_3LTR.pdf,data/raw/601666.SH/2025/annual_report.pdf,106,"合并利润/现金流量表自动派生: 营业收入=2.05319e+10 | 营业利润（亏损以“ 填列） － ”号 576,582,746.41 加：营业外收入 19,996,893.11 减：营业外支出 157,803,893.21 四、利润总额（亏损总额以 “ － ”号填列） 438,775,746.31 减：所得税费用 179,613,756.88 五、 净利润 （净亏损以“ 填列） － ”号 259,161,989.43 （一）按经营 [auto-confirm:public-disclosure-v3]",0.94
601666.SH,平煤股份,2025,Q_G_REVENUE_GROWTH,-32.1962,confirmed,https://www.sse.com.cn/disclosure/listedinfo/announcement/c/new/2026-04-30/601666_20260430_3LTR.pdf,data/raw/601666.SH/2025/annual_report.pdf,6,"营业收入 20,531,863,000.82 30,281,294,080.68 30,281,294,080.68 -32.20 31,625,957,495.19 31,625,957,495.19 [auto-confirm:public-disclosure-v3]",0.91
601666.SH,平煤股份,2025,Q_G_ROA,3.269,confirmed,https://www.sse.com.cn/disclosure/listedinfo/announcement/c/new/2026-04-30/601666_20260430_3LTR.pdf,data/raw/601666.SH/2025/annual_report.pdf,106,"合并利润/现金流量表自动派生: 营业收入=2.05319e+10 | 利润总额（亏损总额以 “ － ”号填列） 438,775,746.31 减：所得税费用 179,613,756.88 五、 净利润 （净亏损以“ 填列） － ”号 259,161,989.43 （一）按经营持续性分类 以“ 1.持续经营净利润 （净亏损 － ”号填列） 259,161,989.43 以“ 2.终止经营净利润 （净亏损 － ”号填列） （二）按所有权归 | 利息费用 1,080,649,306.36 1,364,803,067.09 利息收入 131,535,333.82 159,806,842.31 加：其他收益 40,544,153.79 43,638,776.99 投资收益（损失以“ － ” 89,134,841.43 103,756,055.97 105 / 297  | 资产总计 80,971,357,957.92 流动负债： 短期借款 11,987,576,000.00 向中央银行借款 拆入资金 交易性金融负债 衍生金融负债 应付票据 9,588,681,703.05 应付账款 5,181,522,230.18 预收款项 3,826,703.05 合同负债 416,245,721.33 卖出回购金融资产款 吸收存款及同业存放 代理 [auto-confirm:public-disclosure-v3]",0.94
601666.SH,平煤股份,2025,Q_G_ROE,1.04,confirmed,https://www.sse.com.cn/disclosure/listedinfo/announcement/c/new/2026-04-30/601666_20260430_3LTR.pdf,data/raw/601666.SH/2025/annual_report.pdf,7,股) 0.1301 0.9305 0.9578 -86.02 1.2666 1.7211 加权平均净资产收益 率(%) 1.04 9.52 9.72 减少 8.48 个 百分点 12.93 14.17 扣除非经常性损益 [auto-confirm:public-disclosure-v3],0.92
601666.SH,平煤股份,2025,Q_G_TWO_FUNDS_RATE,17.1326,confirmed,https://www.sse.com.cn/disclosure/listedinfo/announcement/c/new/2026-04-30/601666_20260430_3LTR.pdf,data/raw/601666.SH/2025/annual_report.pdf,100,"合并报表自动派生: 应收账款 1,435,521,945.37 2,506,145,622.79 应收款项融资 50,600,199.38 18,867,981.20 预付款项 156,684,325.44 284,704,629.58 应收保费 应收分保账款 应收分保合同准备金 其他应收款 257,297,739.60 508,017,854.03 其中：应收利息 应收股利 30,5 | 存货 1,067,799,854.46 553,273,262.32 其中：数据资源 合同资产 持有待售资产 一年内到期的非流动资 产 777,281,698.04 522,600,335.14 其他流动资产 1,245,541,333.15 438,693,717.94 流动资产合计 14,611,460,928.96 14,820,238,720.67 非流 | 流动资产合计 14,611,460,928.96 14,820,238,720.67 非流动资产： 发放贷款和垫款 100 / 297 [auto-confirm:public-disclosure-v3]",0.94
601666.SH,平煤股份,2025,Q_S_RD_RATE,3.29,confirmed,https://www.sse.com.cn/disclosure/listedinfo/announcement/c/new/2026-04-30/601666_20260430_3LTR.pdf,data/raw/601666.SH/2025/annual_report.pdf,16,"期资本化研发投入 11,132,075.48 研发投入合计 675,196,159.45 研发投入总额占营业收入比例(%) 3.29 研发投入资本化的比重(%) 1.65 (2).研发人员情况表 □适用 √不适用 (3). [auto-confirm:public-disclosure-v3]",0.96
601877.SH,正泰电器,2025,Q_G_AR_TURNOVER,4.3995,confirmed,https://www.sse.com.cn/disclosure/listedinfo/announcement/c/new/2026-04-16/601877_20260416_W1MG.pdf,data/raw/601877.SH/2025/annual_report.pdf,101,"合并报表自动派生: 营业收入=5.91448e+10 | 应收账款 12,268,903,964.48 14,618,310,449.52 应收款项融资 148,160,965.81 112,870,731.04 预付款项 1,864,166,371.02 1,188,839,893.75 应收保费 应收分保账款 应收分保合同准备金 其他应收款 1,389,263,558.28 3,923,290,654.21 其中：应收 [auto-confirm:public-disclosure-v3]",0.94
601877.SH,正泰电器,2025,Q_G_ASSET_TURNOVER,0.3987,confirmed,https://www.sse.com.cn/disclosure/listedinfo/announcement/c/new/2026-04-16/601877_20260416_W1MG.pdf,data/raw/601877.SH/2025/annual_report.pdf,102,"合并报表自动派生: 营业收入=5.91448e+10 | 资产总计 158,643,189,137.54 138,081,167,945.54 流动负债： 短期借款 13,103,129,961.14 11,826,718,687.09 向中央银行借款 拆入资金 交易性金融负债 衍生金融负债 1,200,799.95 1,933,650.00 应付票据 1,315,463,081.63 1,450,006,915.51 应 [auto-confirm:public-disclosure-v3]",0.94
601877.SH,正泰电器,2025,Q_G_CASH_CURRENT_LIABILITY,37.4052,confirmed,https://www.sse.com.cn/disclosure/listedinfo/announcement/c/new/2026-04-16/601877_20260416_W1MG.pdf,data/raw/601877.SH/2025/annual_report.pdf,108,"合并利润/现金流量表自动派生: 营业收入=5.91448e+10 | 经营活动产生的现金流量净额 23,090,219,257.31 15,201,987,662.12 二、投资活动产生的现金流量： 收回投资收到的现金 295,409,775.83 436,068,383.31 取得投资收益收到的现金 623,494,767.09 346,242,549.31 处置固定资产、 无形资产和其他长期资产收 回的现金净额 73,801,622.69 70,3 | 流动负债合计 61,729,907,794.83 56,753,163,638.68 非流动负债： 保险合同准备金 长期借款 15,781,381,082.99 12,426,933,181.44 应付债券 其中：优先股 永续债 租赁负债 10,073,460,702.03 5,532,490,390.33 长期应付款 14,933,409,785.72 10,617, [auto-confirm:public-disclosure-v3]",0.94
601877.SH,正泰电器,2025,Q_G_CASH_REALIZATION,129.9205,confirmed,https://www.sse.com.cn/disclosure/listedinfo/announcement/c/new/2026-04-16/601877_20260416_W1MG.pdf,data/raw/601877.SH/2025/annual_report.pdf,108,"合并利润/现金流量表自动派生: 营业收入=5.91448e+10 | 经营活动现金流入小计 76,841,300,066.47 66,200,464,013.49 购买商品、接受劳务支付的现金 37,310,372,682.53 35,680,351,332.64 客户贷款及垫款净增加额 存放中央银行和同业款项净增加额 支付原保险合同赔付款项的现金 拆出资金净增加额 支付利息、手续费及佣金的现金 支付保单红利的现金 支付给职工及为职工支付的现金 [auto-confirm:public-disclosure-v3]",0.94
601877.SH,正泰电器,2025,Q_G_COST_REVENUE_RATE,88.7281,confirmed,https://www.sse.com.cn/disclosure/listedinfo/announcement/c/new/2026-04-16/601877_20260416_W1MG.pdf,data/raw/601877.SH/2025/annual_report.pdf,105,"合并利润/现金流量表自动派生: 营业收入=5.91448e+10 | 营业总成本 52,478,096,252.14 57,966,214,950.71 其中：营业成本 43,765,898,571.92 49,355,307,123.75 利息支出 手续费及佣金支出 退保金 赔付支出净额 提取保险责任准备金净额 保单红利支出 分保费用 税金及附加 556,390,814.79 476,500,833.44 销售费用 2,572,341 [auto-confirm:public-disclosure-v3]",0.94
601877.SH,正泰电器,2025,Q_G_CURRENT_ASSET_TURNOVER,0.6813,confirmed,https://www.sse.com.cn/disclosure/listedinfo/announcement/c/new/2026-04-16/601877_20260416_W1MG.pdf,data/raw/601877.SH/2025/annual_report.pdf,101,"合并报表自动派生: 营业收入=5.91448e+10 | 流动资产合计 92,260,262,875.78 81,360,626,602.19 非流动资产： 发放贷款和垫款 债权投资 其他债权投资 长期应收款 473,972,175.21 493,737,578.84 长期股权投资 6,040,516,671.74 5,866,869,490.57 其他权益工具投资 2,834,325,017.67 2,193,438,393 [auto-confirm:public-disclosure-v3]",0.94
601877.SH,正泰电器,2025,Q_G_DEBT_ASSET_RATE,66.132,confirmed,https://www.sse.com.cn/disclosure/listedinfo/announcement/c/new/2026-04-16/601877_20260416_W1MG.pdf,data/raw/601877.SH/2025/annual_report.pdf,102,"合并报表自动派生: 负债合计 104,913,925,316.92 87,374,552,889.82 所有者权益（或股东权益）： 102 / 299  | 资产总计 158,643,189,137.54 138,081,167,945.54 流动负债： 短期借款 13,103,129,961.14 11,826,718,687.09 向中央银行借款 拆入资金 交易性金融负债 衍生金融负债 1,200,799.95 1,933,650.00 应付票据 1,315,463,081.63 1,450,006,915.51 应 [auto-confirm:public-disclosure-v3]",0.94
601877.SH,正泰电器,2025,Q_G_EBITDA_INTEREST,4.8504,confirmed,https://www.sse.com.cn/disclosure/listedinfo/announcement/c/new/2026-04-16/601877_20260416_W1MG.pdf,data/raw/601877.SH/2025/annual_report.pdf,106,"合并利润/现金流量表自动派生: 营业收入=5.91448e+10 | 利润总额（亏损总额以“ － ”号填列） 7,612,362,253.42 6,766,145,957.42 减：所得税费用 1,485,624,799.25 1,556,940,565.25 五、净利润（净亏损以“ － ”号填列） 6,126,737,454.17 5,209,205,392.17 （一）按经营持续性分类 1.持续经营净利润（净亏损以“ － ”号填列 | 利息费用 1,977,049,145.16 1,757,910,776.03 利息收入 129,603,557.74 179,802,722.04 加：其他收益 501,893,696.88 476,828,719.57 投资收益（损失以“ － ”号填列） 713,805,932.43 794,026,117.72 其中：对联营企业和合营企业的投资收益 242,43 [auto-confirm:public-disclosure-v3]",0.94
601877.SH,正泰电器,2025,Q_G_OPERATING_MARGIN,12.9852,confirmed,https://www.sse.com.cn/disclosure/listedinfo/announcement/c/new/2026-04-16/601877_20260416_W1MG.pdf,data/raw/601877.SH/2025/annual_report.pdf,106,"合并利润/现金流量表自动派生: 营业收入=5.91448e+10 | 营业利润（亏损以“ － ”号填列） 7,680,102,320.80 6,815,865,736.23 加：营业外收入 49,149,791.97 35,780,564.83 减：营业外支出 116,889,859.35 85,500,343.64 四、利润总额（亏损总额以“ － ”号填列） 7,612,362,253.42 6,766,145,957.42 减：所 [auto-confirm:public-disclosure-v3]",0.94
601877.SH,正泰电器,2025,Q_G_OPERATING_PROFIT_GROWTH,12.6798,confirmed,https://www.sse.com.cn/disclosure/listedinfo/announcement/c/new/2026-04-16/601877_20260416_W1MG.pdf,data/raw/601877.SH/2025/annual_report.pdf,106,"合并利润/现金流量表自动派生: 营业收入=5.91448e+10 | 营业利润（亏损以“ － ”号填列） 7,680,102,320.80 6,815,865,736.23 加：营业外收入 49,149,791.97 35,780,564.83 减：营业外支出 116,889,859.35 85,500,343.64 四、利润总额（亏损总额以“ － ”号填列） 7,612,362,253.42 6,766,145,957.42 减：所 [auto-confirm:public-disclosure-v3]",0.94
601877.SH,正泰电器,2025,Q_G_REVENUE_GROWTH,-8.3301,confirmed,https://www.sse.com.cn/disclosure/listedinfo/announcement/c/new/2026-04-16/601877_20260416_W1MG.pdf,data/raw/601877.SH/2025/annual_report.pdf,10,"营业收入 59,144,847,908.43 64,519,386,988.41 -8.33 57,250,814,312.46 [auto-confirm:public-disclosure-v3]",0.91
601877.SH,正泰电器,2025,Q_G_ROA,6.4635,confirmed,https://www.sse.com.cn/disclosure/listedinfo/announcement/c/new/2026-04-16/601877_20260416_W1MG.pdf,data/raw/601877.SH/2025/annual_report.pdf,106,"合并利润/现金流量表自动派生: 营业收入=5.91448e+10 | 利润总额（亏损总额以“ － ”号填列） 7,612,362,253.42 6,766,145,957.42 减：所得税费用 1,485,624,799.25 1,556,940,565.25 五、净利润（净亏损以“ － ”号填列） 6,126,737,454.17 5,209,205,392.17 （一）按经营持续性分类 1.持续经营净利润（净亏损以“ － ”号填列 | 利息费用 1,977,049,145.16 1,757,910,776.03 利息收入 129,603,557.74 179,802,722.04 加：其他收益 501,893,696.88 476,828,719.57 投资收益（损失以“ － ”号填列） 713,805,932.43 794,026,117.72 其中：对联营企业和合营企业的投资收益 242,43 | 资产总计 158,643,189,137.54 138,081,167,945.54 流动负债： 短期借款 13,103,129,961.14 11,826,718,687.09 向中央银行借款 拆入资金 交易性金融负债 衍生金融负债 1,200,799.95 1,933,650.00 应付票据 1,315,463,081.63 1,450,006,915.51 应 [auto-confirm:public-disclosure-v3]",0.94
601877.SH,正泰电器,2025,Q_G_ROE,10.35,confirmed,https://www.sse.com.cn/disclosure/listedinfo/announcement/c/new/2026-04-16/601877_20260416_W1MG.pdf,data/raw/601877.SH/2025/annual_report.pdf,10,3 扣除非经常性损益后的基本每股 收益(元／股) 1.88 1.72 9.30 1.80 加权平均净资产收益率(%) 10.35 9.53 增加0.82个百 分点 9.76 扣除非经常性损益后的加权平均 净资产收益率( [auto-confirm:public-disclosure-v3],0.92
601877.SH,正泰电器,2025,Q_G_TWO_FUNDS_RATE,75.301,confirmed,https://www.sse.com.cn/disclosure/listedinfo/announcement/c/new/2026-04-16/601877_20260416_W1MG.pdf,data/raw/601877.SH/2025/annual_report.pdf,101,"合并报表自动派生: 应收账款 12,268,903,964.48 14,618,310,449.52 应收款项融资 148,160,965.81 112,870,731.04 预付款项 1,864,166,371.02 1,188,839,893.75 应收保费 应收分保账款 应收分保合同准备金 其他应收款 1,389,263,558.28 3,923,290,654.21 其中：应收 | 存货 57,203,967,966.56 44,560,792,406.95 其中：数据资源 合同资产 1,042,975,012.54 996,562,693.87 持有待售资产 20,690,053.28 98,645,353.15 一年内到期的非流动资产 22,634,252.75 48,738,628.88 其他流动资产 1,600,883,325.92 | 流动资产合计 92,260,262,875.78 81,360,626,602.19 非流动资产： 发放贷款和垫款 债权投资 其他债权投资 长期应收款 473,972,175.21 493,737,578.84 长期股权投资 6,040,516,671.74 5,866,869,490.57 其他权益工具投资 2,834,325,017.67 2,193,438,393 [auto-confirm:public-disclosure-v3]",0.94
601877.SH,正泰电器,2025,Q_S_DIVIDEND_PER_SHARE,0.6,confirmed,https://www.sse.com.cn/disclosure/listedinfo/announcement/c/new/2026-04-16/601877_20260416_W1MG.pdf,data/raw/601877.SH/2025/annual_report.pdf,65,"金转增股本预案 √适用 □不适用 单位：元 币种：人民币 每 10 股送红股数(股) 0 每 10 股派息数(元)(含税) 6 每 10 股转增数(股) 0 现金分红金额(含税) 1,276,877,655.00 合 [auto-confirm:public-disclosure-v3]",0.94
601877.SH,正泰电器,2025,Q_S_RD_RATE,2.24,confirmed,https://www.sse.com.cn/disclosure/listedinfo/announcement/c/new/2026-04-16/601877_20260416_W1MG.pdf,data/raw/601877.SH/2025/annual_report.pdf,31,"959,187.15 本期资本化研发投入 研发投入合计 1,325,959,187.15 研发投入总额占营业收入比例(%) 2.24 研发投入资本化的比重(%) (2).研发人员情况表 √适用 □不适用 公司研发人员的数量 [auto-confirm:public-disclosure-v3]",0.96
603031.SH,安孚科技,2025,Q_G_AR_TURNOVER,12.2799,confirmed,https://www.sse.com.cn/disclosure/listedinfo/announcement/c/new/2026-03-10/603031_20260310_BSPT.pdf,data/raw/603031.SH/2025/annual_report.pdf,93,"合并报表自动派生: 营业收入=4.77464e+09 | 应收账款 七、5 404,039,896.78 373,592,887.50 应收款项融资 七、7 5,906,454.14 7,725,224.12 预付款项 七、8 26,373,068.51 21,636,246.45 应收保费 应收分保账款 应收分保合同准备金 其他应收款 七、9 4,041,347.67 9,559,335.90 其中：应收利息 1,245 [auto-confirm:public-disclosure-v3]",0.94
603031.SH,安孚科技,2025,Q_G_ASSET_TURNOVER,0.6623,confirmed,https://www.sse.com.cn/disclosure/listedinfo/announcement/c/new/2026-03-10/603031_20260310_BSPT.pdf,data/raw/603031.SH/2025/annual_report.pdf,94,"合并报表自动派生: 营业收入=4.77464e+09 | 资产总计 7,261,203,201.30 7,156,979,877.32 流动负债： 短期借款 七、32 1,486,311,703.24 1,087,220,984.01 向中央银行借款 拆入资金 交易性金融负债 七、33 - 487,800.00 衍生金融负债 应付票据 七、35 93,966,912.79 80,178,552.00 应付账款 七、36 3 [auto-confirm:public-disclosure-v3]",0.94
603031.SH,安孚科技,2025,Q_G_CASH_CURRENT_LIABILITY,35.8832,confirmed,https://www.sse.com.cn/disclosure/listedinfo/announcement/c/new/2026-03-10/603031_20260310_BSPT.pdf,data/raw/603031.SH/2025/annual_report.pdf,101,"合并利润/现金流量表自动派生: 营业收入=4.77464e+09 | 经营活动产生的现金流 量净额 1,054,762,996.08 934,976,977.36 二、投资活动产生的现金流量： 收回投资收到的现金 1,199,226,953.05 691,349,058.43 取得投资收益收到的现金 13,028,130.51 9,172,849.08 100 / 216  | 流动负债合计 2,939,431,136.29 2,492,761,429.68 非流动负债： 保险合同准备金 长期借款 七、45 853,270,000.00 799,350,000.00 应付债券 其中：优先股 永续债- - 租赁负债 七、47 2,448,446.23 2,792,358.76 长期应付款 长期应付职工薪酬 预计负债 递延收益 七、51 9,970 [auto-confirm:public-disclosure-v3]",0.94
603031.SH,安孚科技,2025,Q_G_CASH_REALIZATION,105.2737,confirmed,https://www.sse.com.cn/disclosure/listedinfo/announcement/c/new/2026-03-10/603031_20260310_BSPT.pdf,data/raw/603031.SH/2025/annual_report.pdf,101,"合并利润/现金流量表自动派生: 营业收入=4.77464e+09 | 经营活动现金流入小计 5,026,436,771.25 4,914,169,595.40 购买商品、接受劳务支付的现 金 2,378,897,677.50 2,416,608,125.59 客户贷款及垫款净增加额 存放中央银行和同业款项净 增加额 支付原保险合同赔付款项的 现金 拆出资金净增加额 支付利息、手续费及佣金的现 金 支付保单红利的现金 支付给职工及为职工支付的 现金 [auto-confirm:public-disclosure-v3]",0.94
603031.SH,安孚科技,2025,Q_G_COST_REVENUE_RATE,78.3683,confirmed,https://www.sse.com.cn/disclosure/listedinfo/announcement/c/new/2026-03-10/603031_20260310_BSPT.pdf,data/raw/603031.SH/2025/annual_report.pdf,97,"合并利润/现金流量表自动派生: 营业收入=4.77464e+09 | 营业总成本 七、61 3,741,802,034.88 3,667,176,297.67 其中：营业成本 七、61 2,414,334,119.12 2,374,450,885.63 利息支出 手续费及佣金支出 退保金 赔付支出净额 提取保险责任准备金净额 保单红利支出 分保费用 税金及附加 七、62 39,535,725.98 36,890,781.95 销售费用 [auto-confirm:public-disclosure-v3]",0.94
603031.SH,安孚科技,2025,Q_G_CURRENT_ASSET_TURNOVER,1.573,confirmed,https://www.sse.com.cn/disclosure/listedinfo/announcement/c/new/2026-03-10/603031_20260310_BSPT.pdf,data/raw/603031.SH/2025/annual_report.pdf,93,"合并报表自动派生: 营业收入=4.77464e+09 | 流动资产合计 3,050,200,791.50 3,020,575,976.72 非流动资产： 发放贷款和垫款 债权投资 其他债权投资 长期应收款 七、16 29,414,897.68 - 长期股权投资 七、17 7,142,377.29 13,351,135.16 其他权益工具投资 七、18 32,000,000.00 1,000,000.00 其他非流动金融资产 投 [auto-confirm:public-disclosure-v3]",0.94
603031.SH,安孚科技,2025,Q_G_DEBT_ASSET_RATE,53.266,confirmed,https://www.sse.com.cn/disclosure/listedinfo/announcement/c/new/2026-03-10/603031_20260310_BSPT.pdf,data/raw/603031.SH/2025/annual_report.pdf,95,"合并报表自动派生: 负债合计 3,867,749,413.29 3,367,033,068.94 所有者权益（或股东权益）： 实收资本（或股本） 七、53 257,824,793.00 211,120,000.00 其他权益工具 其中：优先股 永续债 资本公积 七、55 2,307,154,747.95 1,313,584,949.16 减：库存股 其他综合收益 七、57 -224,5 | 资产总计 7,261,203,201.30 7,156,979,877.32 流动负债： 短期借款 七、32 1,486,311,703.24 1,087,220,984.01 向中央银行借款 拆入资金 交易性金融负债 七、33 - 487,800.00 衍生金融负债 应付票据 七、35 93,966,912.79 80,178,552.00 应付账款 七、36 3 [auto-confirm:public-disclosure-v3]",0.94
603031.SH,安孚科技,2025,Q_G_EBITDA_INTEREST,21.4187,confirmed,https://www.sse.com.cn/disclosure/listedinfo/announcement/c/new/2026-03-10/603031_20260310_BSPT.pdf,data/raw/603031.SH/2025/annual_report.pdf,98,"合并利润/现金流量表自动派生: 营业收入=4.77464e+09 | 利润总额（亏损总额以“ － ”号填 列） 1,046,352,590.59 962,284,512.41 减：所得税费用 七、76 161,750,116.22 154,836,503.04 五、净利润（净亏损以“ － ”号填列） 884,602,474.37 807,448,009.37 （一）按经营持续性分类 “ 1.持续经营净利润（净亏损以 － ”号填列） 8 | 利息费用 51,244,805.83 73,495,598.40 利息收入-45,301,802.91 -48,004,247.04 加：其他收益 七、67 17,578,513.24 16,716,711.39 投资收益（损失以“ － ”号填 列） 七、68 4,457,712.44 5,731,635.12 其中： 对联营企业和合营企业 的投资收益-6,208, [auto-confirm:public-disclosure-v3]",0.94
603031.SH,安孚科技,2025,Q_G_OPERATING_MARGIN,21.8918,confirmed,https://www.sse.com.cn/disclosure/listedinfo/announcement/c/new/2026-03-10/603031_20260310_BSPT.pdf,data/raw/603031.SH/2025/annual_report.pdf,98,"合并利润/现金流量表自动派生: 营业收入=4.77464e+09 | 营业利润（亏损以“ － ”号填列） 1,045,253,722.25 963,078,868.35 加：营业外收入 七、74 2,556,377.73 1,705,471.22 减：营业外支出 七、75 1,457,509.39 2,499,827.16 四、 利润总额（亏损总额以“ － ”号填 列） 1,046,352,590.59 962,284,512.41 [auto-confirm:public-disclosure-v3]",0.94
603031.SH,安孚科技,2025,Q_G_OPERATING_PROFIT_GROWTH,8.5325,confirmed,https://www.sse.com.cn/disclosure/listedinfo/announcement/c/new/2026-03-10/603031_20260310_BSPT.pdf,data/raw/603031.SH/2025/annual_report.pdf,98,"合并利润/现金流量表自动派生: 营业收入=4.77464e+09 | 营业利润（亏损以“ － ”号填列） 1,045,253,722.25 963,078,868.35 加：营业外收入 七、74 2,556,377.73 1,705,471.22 减：营业外支出 七、75 1,457,509.39 2,499,827.16 四、 利润总额（亏损总额以“ － ”号填 列） 1,046,352,590.59 962,284,512.41 [auto-confirm:public-disclosure-v3]",0.94
603031.SH,安孚科技,2025,Q_G_REVENUE_GROWTH,2.9387,confirmed,https://www.sse.com.cn/disclosure/listedinfo/announcement/c/new/2026-03-10/603031_20260310_BSPT.pdf,data/raw/603031.SH/2025/annual_report.pdf,8,"营业收入 4,774,638,075.73 4,638,333,320.29 2.94 4,317,622,120.45 [auto-confirm:public-disclosure-v3]",0.91
603031.SH,安孚科技,2025,Q_G_ROA,15.2252,confirmed,https://www.sse.com.cn/disclosure/listedinfo/announcement/c/new/2026-03-10/603031_20260310_BSPT.pdf,data/raw/603031.SH/2025/annual_report.pdf,98,"合并利润/现金流量表自动派生: 营业收入=4.77464e+09 | 利润总额（亏损总额以“ － ”号填 列） 1,046,352,590.59 962,284,512.41 减：所得税费用 七、76 161,750,116.22 154,836,503.04 五、净利润（净亏损以“ － ”号填列） 884,602,474.37 807,448,009.37 （一）按经营持续性分类 “ 1.持续经营净利润（净亏损以 － ”号填列） 8 | 利息费用 51,244,805.83 73,495,598.40 利息收入-45,301,802.91 -48,004,247.04 加：其他收益 七、67 17,578,513.24 16,716,711.39 投资收益（损失以“ － ”号填 列） 七、68 4,457,712.44 5,731,635.12 其中： 对联营企业和合营企业 的投资收益-6,208, | 资产总计 7,261,203,201.30 7,156,979,877.32 流动负债： 短期借款 七、32 1,486,311,703.24 1,087,220,984.01 向中央银行借款 拆入资金 交易性金融负债 七、33 - 487,800.00 衍生金融负债 应付票据 七、35 93,966,912.79 80,178,552.00 应付账款 七、36 3 [auto-confirm:public-disclosure-v3]",0.94
603031.SH,安孚科技,2025,Q_G_ROE,10.18,confirmed,https://www.sse.com.cn/disclosure/listedinfo/announcement/c/new/2026-03-10/603031_20260310_BSPT.pdf,data/raw/603031.SH/2025/annual_report.pdf,8,扣除非经常性损益后的基本每股 收益(元／股) 0.95 0.78 21.79 0.97 加权平均净资产收益率(%) 10.18 9.31 增加0.87个百分点 16.19 7 / 216 [auto-confirm:public-disclosure-v3],0.92
603031.SH,安孚科技,2025,Q_G_TWO_FUNDS_RATE,28.5046,confirmed,https://www.sse.com.cn/disclosure/listedinfo/announcement/c/new/2026-03-10/603031_20260310_BSPT.pdf,data/raw/603031.SH/2025/annual_report.pdf,93,"合并报表自动派生: 应收账款 七、5 404,039,896.78 373,592,887.50 应收款项融资 七、7 5,906,454.14 7,725,224.12 预付款项 七、8 26,373,068.51 21,636,246.45 应收保费 应收分保账款 应收分保合同准备金 其他应收款 七、9 4,041,347.67 9,559,335.90 其中：应收利息 1,245 | 存货 七、10 465,408,073.52 396,311,142.68 其中：数据资源 合同资产 持有待售资产 一年内到期的非流动资产 七、12 1,601,977.12 - 其他流动资产 七、13 266,315,056.30 867,294,065.77 流动资产合计 3,050,200,791.50 3,020,575,976.72 非流动资产： 发放 | 流动资产合计 3,050,200,791.50 3,020,575,976.72 非流动资产： 发放贷款和垫款 债权投资 其他债权投资 长期应收款 七、16 29,414,897.68 - 长期股权投资 七、17 7,142,377.29 13,351,135.16 其他权益工具投资 七、18 32,000,000.00 1,000,000.00 其他非流动金融资产 投 [auto-confirm:public-disclosure-v3]",0.94
603031.SH,安孚科技,2025,Q_S_DIVIDEND_PER_SHARE,0.12,confirmed,https://www.sse.com.cn/disclosure/listedinfo/announcement/c/new/2026-03-10/603031_20260310_BSPT.pdf,data/raw/603031.SH/2025/annual_report.pdf,60,"金转增股本预案 √适用 □不适用 单位：元 币种：人民币 每 10 股送红股数(股) 0 每 10 股派息数(元)(含税) 1.20 每 10 股转增数(股) 4.50 现金分红金额(含税) 30,938,975.16 合 [auto-confirm:public-disclosure-v3]",0.94
603031.SH,安孚科技,2025,Q_S_RD_RATE,2.55,confirmed,https://www.sse.com.cn/disclosure/listedinfo/announcement/c/new/2026-03-10/603031_20260310_BSPT.pdf,data/raw/603031.SH/2025/annual_report.pdf,34,"911,551.67 本期资本化研发投入 0 研发投入合计 121,911,551.67 研发投入总额占营业收入比例(%) 2.55% 研发投入资本化的比重(%) 0 (2).研发人员情况表 √适用 □不适用 公司研发人员 [auto-confirm:public-disclosure-v3]",0.96
603050.SH,科林电气,2025,Q_G_AR_TURNOVER,1.7809,confirmed,https://www.sse.com.cn/disclosure/listedinfo/announcement/c/new/2026-03-28/603050_20260328_R7WZ.pdf,data/raw/603050.SH/2025/annual_report.pdf,66,"合并报表自动派生: 营业收入=4.38785e+09 | 应收账款 七、5 2,505,121,368.72 2,422,569,599.66 应收款项融资 七、7 72,778,353.43 24,919,690.66 预付款项 七、8 59,785,841.60 38,678,329.62 应收保费 应收分保账款 应收分保合同准备金 其他应收款 七、9 28,255,790.58 31,958,744.71 其中：应收 [auto-confirm:public-disclosure-v3]",0.94
603050.SH,科林电气,2025,Q_G_ASSET_TURNOVER,0.8644,confirmed,https://www.sse.com.cn/disclosure/listedinfo/announcement/c/new/2026-03-28/603050_20260328_R7WZ.pdf,data/raw/603050.SH/2025/annual_report.pdf,67,"合并报表自动派生: 营业收入=4.38785e+09 | 资产总计 4,969,627,592.81 5,183,301,172.06 流动负债： 短期借款 七、32 411,666,093.87 1,680,000.00 向中央银行借款 拆入资金 交易性金融负债 七、33 衍生金融负债 七、34 应付票据 七、35 748,763,450.00 793,012,961.76 应付账款 七、36 1,250,280,710 [auto-confirm:public-disclosure-v3]",0.94
603050.SH,科林电气,2025,Q_G_CASH_CURRENT_LIABILITY,21.0005,confirmed,https://www.sse.com.cn/disclosure/listedinfo/announcement/c/new/2026-03-28/603050_20260328_R7WZ.pdf,data/raw/603050.SH/2025/annual_report.pdf,74,"合并利润/现金流量表自动派生: 营业收入=4.38785e+09 | 经营活动产生的现金流 量净额 626,573,062.91 二、投资活动产生的现金流量： 收回投资收到的现金 853,348.35 取得投资收益收到的现金 735,579.33 处置固定资产、无形资产和其 他长期资产收回的现金净额 6,080,723.88 处置子公司及其他营业单位 收到的现金净额 收到其他与投资活动有关的 现金 七、78 200,000.00 投资活动现金流入小计 7 | 流动负债合计 2,983,617,051.85 2,817,676,626.86 非流动负债： 保险合同准备金 长期借款 七、45 568,871,054.00 应付债券 七、46 其中：优先股 永续债 租赁负债 七、47 11,962,954.16 7,715,209.02 长期应付款 七、48 长期应付职工薪酬 七、49 预计负债 七、50 7,218,214.95 [auto-confirm:public-disclosure-v3]",0.94
603050.SH,科林电气,2025,Q_G_CASH_REALIZATION,93.5459,confirmed,https://www.sse.com.cn/disclosure/listedinfo/announcement/c/new/2026-03-28/603050_20260328_R7WZ.pdf,data/raw/603050.SH/2025/annual_report.pdf,74,"合并利润/现金流量表自动派生: 营业收入=4.38785e+09 | 经营活动现金流入小计 4,104,654,190.05 购买商品、接受劳务支付的现 金 2,452,417,937.80 客户贷款及垫款净增加额 存放中央银行和同业款项净 增加额 支付原保险合同赔付款项的 现金 拆出资金净增加额 支付利息、手续费及佣金的现 金 支付保单红利的现金 支付给职工及为职工支付的 现金 489,698,091.79 支付的各项税费 166,239,97 [auto-confirm:public-disclosure-v3]",0.94
603050.SH,科林电气,2025,Q_G_COST_REVENUE_RATE,95.6381,confirmed,https://www.sse.com.cn/disclosure/listedinfo/announcement/c/new/2026-03-28/603050_20260328_R7WZ.pdf,data/raw/603050.SH/2025/annual_report.pdf,70,"合并利润/现金流量表自动派生: 营业收入=4.38785e+09 | 营业总成本 七、61 4,196,457,541.28 3,877,831,771.58 其中：营业成本 七、61 3,541,115,302.25 3,211,621,296.37 利息支出 手续费及佣金支出 退保金 赔付支出净额 提取保险责任准备金净额 保单红利支出 分保费用 税金及附加 七、62 25,909,088.60 26,469,540.04 销售费用 [auto-confirm:public-disclosure-v3]",0.94
603050.SH,科林电气,2025,Q_G_CURRENT_ASSET_TURNOVER,1.0872,confirmed,https://www.sse.com.cn/disclosure/listedinfo/announcement/c/new/2026-03-28/603050_20260328_R7WZ.pdf,data/raw/603050.SH/2025/annual_report.pdf,66,"合并报表自动派生: 营业收入=4.38785e+09 | 流动资产合计 3,918,568,610.86 4,153,290,368.25 非流动资产： 发放贷款和垫款 债权投资 七、14 其他债权投资 七、15 长期应收款 七、16 长期股权投资 七、17 7,717,461.81 8,522,292.88 其他权益工具投资 七、18 其他非流动金融资产 七、19 1,917,586.59 投资性房地产 七、20 47,28 [auto-confirm:public-disclosure-v3]",0.94
603050.SH,科林电气,2025,Q_G_DEBT_ASSET_RATE,62.0326,confirmed,https://www.sse.com.cn/disclosure/listedinfo/announcement/c/new/2026-03-28/603050_20260328_R7WZ.pdf,data/raw/603050.SH/2025/annual_report.pdf,67,"合并报表自动派生: 负债合计 3,082,788,211.78 3,491,550,596.66 所有者权益（或股东权益）： 实收资本（或股本） 七、53 403,319,193.00 272,512,968.00 其他权益工具 七、54 其中：优先股 永续债 67 / 197  | 资产总计 4,969,627,592.81 5,183,301,172.06 流动负债： 短期借款 七、32 411,666,093.87 1,680,000.00 向中央银行借款 拆入资金 交易性金融负债 七、33 衍生金融负债 七、34 应付票据 七、35 748,763,450.00 793,012,961.76 应付账款 七、36 1,250,280,710 [auto-confirm:public-disclosure-v3]",0.94
603050.SH,科林电气,2025,Q_G_EBITDA_INTEREST,17.289,confirmed,https://www.sse.com.cn/disclosure/listedinfo/announcement/c/new/2026-03-28/603050_20260328_R7WZ.pdf,data/raw/603050.SH/2025/annual_report.pdf,71,"合并利润/现金流量表自动派生: 营业收入=4.38785e+09 | 利润总额（亏损总额以“ － ”号填 列） 276,566,204.81 178,573,540.76 减：所得税费用 七、76 18,687,899.54 -1,786,421.25 五、净利润（净亏损以“ － ”号填列） 257,878,305.27 180,359,962.01 （一）按经营持续性分类 “ 1.持续经营净利润（净亏损以 － ”号填列） 257,8 | 利息费用 七、66 16,978,758.69 38,505,947.94 利息收入 七、66 1,537,865.58 6,927,648.96 加：其他收益 七、67 60,141,607.62 66,100,009.77 列） 投资收益（损失以 “ － ” 号填 七、68 3,788,448.42 1,666,888.50 其中： 对联营企业和合营企业 的投资 [auto-confirm:public-disclosure-v3]",0.94
603050.SH,科林电气,2025,Q_G_OPERATING_MARGIN,6.2672,confirmed,https://www.sse.com.cn/disclosure/listedinfo/announcement/c/new/2026-03-28/603050_20260328_R7WZ.pdf,data/raw/603050.SH/2025/annual_report.pdf,71,"合并利润/现金流量表自动派生: 营业收入=4.38785e+09 | 营业利润 （亏损以 “ － ” 号填列） 274,993,860.15 178,653,701.54 加：营业外收入 七、74 2,913,225.94 1,951,218.44 减：营业外支出 七、75 1,340,881.28 2,031,379.22 四、 利润总额（亏损总额以“ － ”号填 列） 276,566,204.81 178,573,540.76 减 [auto-confirm:public-disclosure-v3]",0.94
603050.SH,科林电气,2025,Q_G_OPERATING_PROFIT_GROWTH,53.9256,confirmed,https://www.sse.com.cn/disclosure/listedinfo/announcement/c/new/2026-03-28/603050_20260328_R7WZ.pdf,data/raw/603050.SH/2025/annual_report.pdf,71,"合并利润/现金流量表自动派生: 营业收入=4.38785e+09 | 营业利润 （亏损以 “ － ” 号填列） 274,993,860.15 178,653,701.54 加：营业外收入 七、74 2,913,225.94 1,951,218.44 减：营业外支出 七、75 1,340,881.28 2,031,379.22 四、 利润总额（亏损总额以“ － ”号填 列） 276,566,204.81 178,573,540.76 减 [auto-confirm:public-disclosure-v3]",0.94
603050.SH,科林电气,2025,Q_G_REVENUE_GROWTH,7.0525,confirmed,https://www.sse.com.cn/disclosure/listedinfo/announcement/c/new/2026-03-28/603050_20260328_R7WZ.pdf,data/raw/603050.SH/2025/annual_report.pdf,7,"营业收入 4,387,851,526.97 4,098,785,425.15 7.05 3,904,518,500.93 [auto-confirm:public-disclosure-v3]",0.91
603050.SH,科林电气,2025,Q_G_ROA,5.7825,confirmed,https://www.sse.com.cn/disclosure/listedinfo/announcement/c/new/2026-03-28/603050_20260328_R7WZ.pdf,data/raw/603050.SH/2025/annual_report.pdf,71,"合并利润/现金流量表自动派生: 营业收入=4.38785e+09 | 利润总额（亏损总额以“ － ”号填 列） 276,566,204.81 178,573,540.76 减：所得税费用 七、76 18,687,899.54 -1,786,421.25 五、净利润（净亏损以“ － ”号填列） 257,878,305.27 180,359,962.01 （一）按经营持续性分类 “ 1.持续经营净利润（净亏损以 － ”号填列） 257,8 | 利息费用 七、66 16,978,758.69 38,505,947.94 利息收入 七、66 1,537,865.58 6,927,648.96 加：其他收益 七、67 60,141,607.62 66,100,009.77 列） 投资收益（损失以 “ － ” 号填 七、68 3,788,448.42 1,666,888.50 其中： 对联营企业和合营企业 的投资 | 资产总计 4,969,627,592.81 5,183,301,172.06 流动负债： 短期借款 七、32 411,666,093.87 1,680,000.00 向中央银行借款 拆入资金 交易性金融负债 七、33 衍生金融负债 七、34 应付票据 七、35 748,763,450.00 793,012,961.76 应付账款 七、36 1,250,280,710 [auto-confirm:public-disclosure-v3]",0.94
603050.SH,科林电气,2025,Q_G_ROE,14.49,confirmed,https://www.sse.com.cn/disclosure/listedinfo/announcement/c/new/2026-03-28/603050_20260328_R7WZ.pdf,data/raw/603050.SH/2025/annual_report.pdf,7,扣除非经常性损益后的基本每股 收益(元／股) 0.57 0.35 62.86 0.59 加权平均净资产收益率(%) 14.49 10.96 增加3.53个百 分点 20.35 扣除非经常性损益后的加权平均 净资产收益 [auto-confirm:public-disclosure-v3],0.92
603050.SH,科林电气,2025,Q_G_TWO_FUNDS_RATE,75.5761,confirmed,https://www.sse.com.cn/disclosure/listedinfo/announcement/c/new/2026-03-28/603050_20260328_R7WZ.pdf,data/raw/603050.SH/2025/annual_report.pdf,66,"合并报表自动派生: 应收账款 七、5 2,505,121,368.72 2,422,569,599.66 应收款项融资 七、7 72,778,353.43 24,919,690.66 预付款项 七、8 59,785,841.60 38,678,329.62 应收保费 应收分保账款 应收分保合同准备金 其他应收款 七、9 28,255,790.58 31,958,744.71 其中：应收 | 存货 七、10 456,379,917.81 812,113,900.76 其中：数据资源 合同资产 七、6 94,201,912.64 142,695,505.70 持有待售资产 七、11 一年内到期的非流动资产 七、12 其他流动资产 七、13 33,765,661.71 15,111,729.54 流动资产合计 3,918,568,610.86 4,153 | 流动资产合计 3,918,568,610.86 4,153,290,368.25 非流动资产： 发放贷款和垫款 债权投资 七、14 其他债权投资 七、15 长期应收款 七、16 长期股权投资 七、17 7,717,461.81 8,522,292.88 其他权益工具投资 七、18 其他非流动金融资产 七、19 1,917,586.59 投资性房地产 七、20 47,28 [auto-confirm:public-disclosure-v3]",0.94
603050.SH,科林电气,2025,Q_S_DIVIDEND_PER_SHARE,0.1984,confirmed,https://www.sse.com.cn/disclosure/listedinfo/announcement/c/new/2026-03-28/603050_20260328_R7WZ.pdf,data/raw/603050.SH/2025/annual_report.pdf,35,"金转增股本预案 √适用 □不适用 单位：元 币种：人民币 每 10 股送红股数(股) 0 每 10 股派息数(元)(含税) 1.9835 每 10 股转增数(股) 0 现金分红金额(含税) 79,998,361.93 合并报表 [auto-confirm:public-disclosure-v3]",0.94
603050.SH,科林电气,2025,Q_S_RD_RATE,4.62,confirmed,https://www.sse.com.cn/disclosure/listedinfo/announcement/c/new/2026-03-28/603050_20260328_R7WZ.pdf,data/raw/603050.SH/2025/annual_report.pdf,17,",324.16 本期资本化研发投入 0.00 研发投入合计 202,751,324.16 研发投入总额占营业收入比例(%) 4.62 研发投入资本化的比重(%) 0.00 (2). 研发人员情况表 √适用 □不适用 公司研 [auto-confirm:public-disclosure-v3]",0.96
603606.SH,东方电缆,2025,Q_G_AR_TURNOVER,5.9545,confirmed,https://www.sse.com.cn/disclosure/listedinfo/announcement/c/new/2026-03-28/603606_20260328_DUN0.pdf,data/raw/603606.SH/2025/annual_report.pdf,92,"合并报表自动派生: 营业收入=1.08435e+10 | 应收账款 3,391,896,857.69 应收款项融资 250,212,508.87 预付款项 244,663,363.71 应收保费 应收分保账款 应收分保合同准备金 其他应收款 28,239,843.64 其中：应收利息 应收股利 买入返售金融资产 存货 3,949,553,539.50 其中：数据资源 合同资产 64,975,448.70 持有待售资产 一年 [auto-confirm:public-disclosure-v3]",0.94
603606.SH,东方电缆,2025,Q_G_ASSET_TURNOVER,1.3957,confirmed,https://www.sse.com.cn/disclosure/listedinfo/announcement/c/new/2026-03-28/603606_20260328_DUN0.pdf,data/raw/603606.SH/2025/annual_report.pdf,93,"合并报表自动派生: 营业收入=1.08435e+10 | 资产总计 15,536,056,290.11 流动负债： 短期借款 2,005,577.48 向中央银行借款 拆入资金 交易性金融负债 衍生金融负债 7,699,898.16 应付票据 1,968,068,205.27 应付账款 1,351,182,340.04 预收款项 13,761.46 合同负债 2,370,043,443.92 卖出回购金融资产款 吸收存款及 [auto-confirm:public-disclosure-v3]",0.94
603606.SH,东方电缆,2025,Q_G_CASH_CURRENT_LIABILITY,29.4193,confirmed,https://www.sse.com.cn/disclosure/listedinfo/announcement/c/new/2026-03-28/603606_20260328_DUN0.pdf,data/raw/603606.SH/2025/annual_report.pdf,100,"合并利润/现金流量表自动派生: 营业收入=1.08435e+10 | 经营活动产生的现金流 量净额 1,964,747,569.20 二、投资活动产生的现金流量： 收回投资收到的现金 取得投资收益收到的现金 1,841,289.16 处置固定资产、无形资产和其 他长期资产收回的现金净额 8,094,306.14 处置子公司及其他营业单位 收到的现金净额 收到其他与投资活动有关的 现金 投资活动现金流入小计 9,935,595.30 购建固定资产、无形资产 | 流动负债合计 6,678,435,338.35 非流动负债： 保险合同准备金 长期借款 463,227,696.41 应付债券 其中：优先股 永续债 租赁负债 776,642.53 长期应付款 长期应付职工薪酬 20,274,617.62 预计负债 递延收益 90,559,259.81 递延所得税负债 其他非流动负债 93 / 231 423,640,656.83 7, [auto-confirm:public-disclosure-v3]",0.94
603606.SH,东方电缆,2025,Q_G_CASH_REALIZATION,133.8102,confirmed,https://www.sse.com.cn/disclosure/listedinfo/announcement/c/new/2026-03-28/603606_20260328_DUN0.pdf,data/raw/603606.SH/2025/annual_report.pdf,100,"合并利润/现金流量表自动派生: 营业收入=1.08435e+10 | 经营活动现金流入小计 14,509,686,785.09 购买商品、接受劳务支付的现 金 11,560,047,256.40 客户贷款及垫款净增加额 存放中央银行和同业款项净 增加额 支付原保险合同赔付款项的 现金 拆出资金净增加额 支付利息、手续费及佣金的现 金 支付保单红利的现金 支付给职工及为职工支付的 现金 309,134,914.26 支付的各项税费 314,842, [auto-confirm:public-disclosure-v3]",0.94
603606.SH,东方电缆,2025,Q_G_COST_REVENUE_RATE,85.1882,confirmed,https://www.sse.com.cn/disclosure/listedinfo/announcement/c/new/2026-03-28/603606_20260328_DUN0.pdf,data/raw/603606.SH/2025/annual_report.pdf,96,"合并利润/现金流量表自动派生: 营业收入=1.08435e+10 | 营业总成本 9,237,365,892.56 8,041,483,432.19 其中：营业成本 8,446,475,607.11 7,380,079,430.71 利息支出 手续费及佣金支出 退保金 赔付支出净额 提取保险责任准备金净额 保单红利支出 分保费用 税金及附加 52,594,089.43 46,396,876.85 销售费用 214,202,854.83 [auto-confirm:public-disclosure-v3]",0.94
603606.SH,东方电缆,2025,Q_G_CURRENT_ASSET_TURNOVER,1.8905,confirmed,https://www.sse.com.cn/disclosure/listedinfo/announcement/c/new/2026-03-28/603606_20260328_DUN0.pdf,data/raw/603606.SH/2025/annual_report.pdf,92,"合并报表自动派生: 营业收入=1.08435e+10 | 流动资产合计 11,420,959,787.07 非流动资产： 发放贷款和垫款 债权投资 其他债权投资 长期应收款 长期股权投资 50,651,085.18 其他权益工具投资 75,102,000.00 其他非流动金融资产 投资性房地产 14,053,544.61 固定资产 2,713,709,436.44 在建工程 182,997,247.30 生产性生物资产 油气资 [auto-confirm:public-disclosure-v3]",0.94
603606.SH,东方电缆,2025,Q_G_DEBT_ASSET_RATE,46.6867,confirmed,https://www.sse.com.cn/disclosure/listedinfo/announcement/c/new/2026-03-28/603606_20260328_DUN0.pdf,data/raw/603606.SH/2025/annual_report.pdf,94,"合并报表自动派生: 负债合计 7,253,273,554.72 5,312,617,436.12 所有者权益（或股东权益）： 实收资本（或股本） 687,715,368.00 687,715,368.00 其他权益工具 其中：优先股 永续债 资本公积 1,305,387,870.77 1,305,387,870.77 减：库存股 107,185,883.68 89,196,704.68 | 资产总计 15,536,056,290.11 流动负债： 短期借款 2,005,577.48 向中央银行借款 拆入资金 交易性金融负债 衍生金融负债 7,699,898.16 应付票据 1,968,068,205.27 应付账款 1,351,182,340.04 预收款项 13,761.46 合同负债 2,370,043,443.92 卖出回购金融资产款 吸收存款及 [auto-confirm:public-disclosure-v3]",0.94
603606.SH,东方电缆,2025,Q_G_EBITDA_INTEREST,140.4458,confirmed,https://www.sse.com.cn/disclosure/listedinfo/announcement/c/new/2026-03-28/603606_20260328_DUN0.pdf,data/raw/603606.SH/2025/annual_report.pdf,97,"合并利润/现金流量表自动派生: 营业收入=1.08435e+10 | 利润总额 （亏损总额以“ 填列） － ”号 1,527,219,585.02 减：所得税费用 255,810,685.83 五、 净利润 （净亏损以“ － ”号填列） 1,271,408,899.19 （一）按经营持续性分类 “ － 1.持续经营净利润（净亏损以 ”号填列） 1,271,408,899.19 “ － 2.终止经营净利润（净亏损以 ”号填列） （二）按 | 利息费用 10,952,062.64 19,880,011.64 96 / 231 [auto-confirm:public-disclosure-v3]",0.94
603606.SH,东方电缆,2025,Q_G_OPERATING_MARGIN,14.2548,confirmed,https://www.sse.com.cn/disclosure/listedinfo/announcement/c/new/2026-03-28/603606_20260328_DUN0.pdf,data/raw/603606.SH/2025/annual_report.pdf,97,"合并利润/现金流量表自动派生: 营业收入=1.08435e+10 | 营业利润 （亏损以 “ － ” 号填列） 1,545,711,944.53 加：营业外收入 1,576,064.45 减：营业外支出 20,068,423.96 四、 利润总额 （亏损总额以“ 填列） － ”号 1,527,219,585.02 减：所得税费用 255,810,685.83 五、 净利润 （净亏损以“ － ”号填列） 1,271,408,899.19 [auto-confirm:public-disclosure-v3]",0.94
603606.SH,东方电缆,2025,Q_G_REVENUE_GROWTH,19.2572,confirmed,https://www.sse.com.cn/disclosure/listedinfo/announcement/c/new/2026-03-28/603606_20260328_DUN0.pdf,data/raw/603606.SH/2025/annual_report.pdf,6,"营业收入 10,843,482,833.21 9,092,521,785.68 19.26 7,310,044,018.46 [auto-confirm:public-disclosure-v3]",0.91
603606.SH,东方电缆,2025,Q_G_ROA,19.7988,confirmed,https://www.sse.com.cn/disclosure/listedinfo/announcement/c/new/2026-03-28/603606_20260328_DUN0.pdf,data/raw/603606.SH/2025/annual_report.pdf,97,"合并利润/现金流量表自动派生: 营业收入=1.08435e+10 | 利润总额 （亏损总额以“ 填列） － ”号 1,527,219,585.02 减：所得税费用 255,810,685.83 五、 净利润 （净亏损以“ － ”号填列） 1,271,408,899.19 （一）按经营持续性分类 “ － 1.持续经营净利润（净亏损以 ”号填列） 1,271,408,899.19 “ － 2.终止经营净利润（净亏损以 ”号填列） （二）按 | 利息费用 10,952,062.64 19,880,011.64 96 / 231  | 资产总计 15,536,056,290.11 流动负债： 短期借款 2,005,577.48 向中央银行借款 拆入资金 交易性金融负债 衍生金融负债 7,699,898.16 应付票据 1,968,068,205.27 应付账款 1,351,182,340.04 预收款项 13,761.46 合同负债 2,370,043,443.92 卖出回购金融资产款 吸收存款及 [auto-confirm:public-disclosure-v3]",0.94
603606.SH,东方电缆,2025,Q_G_ROE,16.83,confirmed,https://www.sse.com.cn/disclosure/listedinfo/announcement/c/new/2026-03-28/603606_20260328_DUN0.pdf,data/raw/603606.SH/2025/annual_report.pdf,7,扣除非经常性损益后的基本 每股收益(元／股) 1.83 1.32 38.64 1.41 加权平均净资产收益率(%) 16.83 15.30 增加1.53个百分点 17.01 扣除非经常性损益后的加权 平均净资产收益率 [auto-confirm:public-disclosure-v3],0.92
603606.SH,东方电缆,2025,Q_G_TWO_FUNDS_RATE,64.2805,confirmed,https://www.sse.com.cn/disclosure/listedinfo/announcement/c/new/2026-03-28/603606_20260328_DUN0.pdf,data/raw/603606.SH/2025/annual_report.pdf,92,"合并报表自动派生: 应收账款 3,391,896,857.69 应收款项融资 250,212,508.87 预付款项 244,663,363.71 应收保费 应收分保账款 应收分保合同准备金 其他应收款 28,239,843.64 其中：应收利息 应收股利 买入返售金融资产 存货 3,949,553,539.50 其中：数据资源 合同资产 64,975,448.70 持有待售资产 一年 | 存货 3,949,553,539.50 其中：数据资源 合同资产 64,975,448.70 持有待售资产 一年内到期的非流动资产 其他流动资产 193,246,423.56 流动资产合计 11,420,959,787.07 非流动资产： 发放贷款和垫款 债权投资 其他债权投资 长期应收款 长期股权投资 50,651,085.18 其他权益工具投资 75,102 | 流动资产合计 11,420,959,787.07 非流动资产： 发放贷款和垫款 债权投资 其他债权投资 长期应收款 长期股权投资 50,651,085.18 其他权益工具投资 75,102,000.00 其他非流动金融资产 投资性房地产 14,053,544.61 固定资产 2,713,709,436.44 在建工程 182,997,247.30 生产性生物资产 油气资 [auto-confirm:public-disclosure-v3]",0.94
603606.SH,东方电缆,2025,Q_S_DIVIDEND_PER_SHARE,0.56,confirmed,https://www.sse.com.cn/disclosure/listedinfo/announcement/c/new/2026-03-28/603606_20260328_DUN0.pdf,data/raw/603606.SH/2025/annual_report.pdf,64,"金转增股本预案 √适用 □不适用 单位：元 币种：人民币 每 10 股送红股数(股) 0 每 10 股派息数(元)(含税) 5.60 每 10 股转增数(股) 2 现金分红金额(含税) 383,860,737.12 合并报 [auto-confirm:public-disclosure-v3]",0.94
603606.SH,东方电缆,2025,Q_S_RD_RATE,3.51,confirmed,https://www.sse.com.cn/disclosure/listedinfo/announcement/c/new/2026-03-28/603606_20260328_DUN0.pdf,data/raw/603606.SH/2025/annual_report.pdf,24,"1,141,831.39 本期资本化研发投入 研发投入合计 381,141,831.39 研发投入总额占营业收入比例(%) 3.51 研发投入资本化的比重(%) (2).研发人员情况表 √适用 □不适用 公司研发人员的数量 [auto-confirm:public-disclosure-v3]",0.96
605117.SH,德业股份,2025,Q_G_AR_TURNOVER,7.1852,confirmed,https://www.sse.com.cn/disclosure/listedinfo/announcement/c/new/2026-04-10/605117_20260410_RPXG.pdf,data/raw/605117.SH/2025/annual_report.pdf,109,"合并报表自动派生: 营业收入=1.22237e+10 | 应收账款 七、5 1,700,011,852.12 1,702,460,672.11 应收款项融资 七、7 20,511,712.53 10,846,861.58 预付款项 七、8 71,699,446.01 17,811,284.61 应收保费 应收分保账款 应收分保合同准备金 其他应收款 七、9 348,381,494.90 268,075,650.43 其中： [auto-confirm:public-disclosure-v3]",0.94
605117.SH,德业股份,2025,Q_G_ASSET_TURNOVER,0.6981,confirmed,https://www.sse.com.cn/disclosure/listedinfo/announcement/c/new/2026-04-10/605117_20260410_RPXG.pdf,data/raw/605117.SH/2025/annual_report.pdf,110,"合并报表自动派生: 营业收入=1.22237e+10 | 资产总计 19,906,773,218.39 15,114,420,842.15 流动负债： 短期借款 七、32 3,303,510,867.28 1,010,483,498.86 向中央银行借款 拆入资金 交易性金融负债 七、33 74,908,474.35 21,561,964.60 衍生金融负债 应付票据 七、35 2,614,935,234.07 2,018 [auto-confirm:public-disclosure-v3]",0.94
605117.SH,德业股份,2025,Q_G_CASH_CURRENT_LIABILITY,43.095,confirmed,https://www.sse.com.cn/disclosure/listedinfo/announcement/c/new/2026-04-10/605117_20260410_RPXG.pdf,data/raw/605117.SH/2025/annual_report.pdf,117,"合并利润/现金流量表自动派生: 营业收入=1.22237e+10 | 经营活动产生的现金流 量净额 3,986,268,984.68 3,366,659,088.55 二、投资活动产生的现金流量： 收回投资收到的现金 12,937,597,004.71 10,088,644,133.48 取得投资收益收到的现金 处置固定资产、无形资产和其 他长期资产收回的现金净额 2,747,255.79 51,390,440.34 处置子公司及其他营业单位 收到的现金 | 流动负债合计 9,249,965,130.26 5,510,271,932.82 非流动负债： 保险合同准备金 长期借款 七、45 88,650,000.00 应付债券 其中：优先股 永续债 租赁负债 七、47 13,401,967.26 6,565,176.99 长期应付款 长期应付职工薪酬 预计负债 七、50 2,485,887.34 2,494,443.55 递延 [auto-confirm:public-disclosure-v3]",0.94
605117.SH,德业股份,2025,Q_G_CASH_REALIZATION,99.4456,confirmed,https://www.sse.com.cn/disclosure/listedinfo/announcement/c/new/2026-04-10/605117_20260410_RPXG.pdf,data/raw/605117.SH/2025/annual_report.pdf,117,"合并利润/现金流量表自动派生: 营业收入=1.22237e+10 | 经营活动现金流入小计 12,155,977,595.21 9,461,890,354.72 购买商品、接受劳务支付的现 金 5,651,699,564.53 4,159,198,743.79 客户贷款及垫款净增加额 存放中央银行和同业款项净 增加额 支付原保险合同赔付款项的 现金 拆出资金净增加额 支付利息、手续费及佣金的现 金 支付保单红利的现金 支付给职工及为职工支付的 现 [auto-confirm:public-disclosure-v3]",0.94
605117.SH,德业股份,2025,Q_G_COST_REVENUE_RATE,71.8134,confirmed,https://www.sse.com.cn/disclosure/listedinfo/announcement/c/new/2026-04-10/605117_20260410_RPXG.pdf,data/raw/605117.SH/2025/annual_report.pdf,113,"合并利润/现金流量表自动派生: 营业收入=1.22237e+10 | 营业总成本 8,778,282,396.86 7,944,331,478.68 其中：营业成本 七、61 7,563,159,743.92 6,862,480,940.47 利息支出 手续费及佣金支出 退保金 赔付支出净额 提取保险责任准备金净额 保单红利支出 分保费用 税金及附加 七、62 117,715,417.70 103,857,731.40 销售费用 七、6 [auto-confirm:public-disclosure-v3]",0.94
605117.SH,德业股份,2025,Q_G_CURRENT_ASSET_TURNOVER,0.9563,confirmed,https://www.sse.com.cn/disclosure/listedinfo/announcement/c/new/2026-04-10/605117_20260410_RPXG.pdf,data/raw/605117.SH/2025/annual_report.pdf,109,"合并报表自动派生: 营业收入=1.22237e+10 | 流动资产合计 14,749,102,069.31 10,814,777,151.50 非流动资产： 发放贷款和垫款 债权投资 其他债权投资 长期应收款 长期股权投资 七、17 87,473,623.51 其他权益工具投资 其他非流动金融资产 投资性房地产 固定资产 七、21 2,712,221,428.70 1,717,111,511.67 在建工程 七、22 351, [auto-confirm:public-disclosure-v3]",0.94
605117.SH,德业股份,2025,Q_G_DEBT_ASSET_RATE,48.1115,confirmed,https://www.sse.com.cn/disclosure/listedinfo/announcement/c/new/2026-04-10/605117_20260410_RPXG.pdf,data/raw/605117.SH/2025/annual_report.pdf,110,"合并报表自动派生: 负债合计 9,577,447,678.62 5,659,704,500.55 110 / 270  | 资产总计 19,906,773,218.39 15,114,420,842.15 流动负债： 短期借款 七、32 3,303,510,867.28 1,010,483,498.86 向中央银行借款 拆入资金 交易性金融负债 七、33 74,908,474.35 21,561,964.60 衍生金融负债 应付票据 七、35 2,614,935,234.07 2,018 [auto-confirm:public-disclosure-v3]",0.94
605117.SH,德业股份,2025,Q_G_EBITDA_INTEREST,64.0133,confirmed,https://www.sse.com.cn/disclosure/listedinfo/announcement/c/new/2026-04-10/605117_20260410_RPXG.pdf,data/raw/605117.SH/2025/annual_report.pdf,114,"合并利润/现金流量表自动派生: 营业收入=1.22237e+10 | 利润总额（亏损总额以“ － ”号填 列） 3,635,587,160.13 3,400,568,941.65 减：所得税费用 七、76 466,931,181.14 440,221,799.19 五、净利润（净亏损以“ － ”号填列） 3,168,655,978.99 2,960,347,142.46 （一）按经营持续性分类 “ 1.持续经营净利润（净亏损以 － ” | 利息费用 57,695,512.27 43,579,676.38 利息收入 164,375,607.52 149,638,877.14 加：其他收益 七、67 121,611,925.65 102,733,348.73 投资收益（损失以 “ － ” 号填 七、68 108,780,016.00 91,575,012.23 113 / 270 [auto-confirm:public-disclosure-v3]",0.94
605117.SH,德业股份,2025,Q_G_OPERATING_MARGIN,29.8486,confirmed,https://www.sse.com.cn/disclosure/listedinfo/announcement/c/new/2026-04-10/605117_20260410_RPXG.pdf,data/raw/605117.SH/2025/annual_report.pdf,114,"合并利润/现金流量表自动派生: 营业收入=1.22237e+10 | 营业利润 （亏损以 “ － ” 号填列） 3,648,621,448.06 3,404,344,636.10 加：营业外收入 七、74 5,393,548.17 1,440,347.51 减：营业外支出 七、75 18,427,836.10 5,216,041.96 四、 利润总额（亏损总额以“ － ”号填 列） 3,635,587,160.13 3,400,568 [auto-confirm:public-disclosure-v3]",0.94
605117.SH,德业股份,2025,Q_G_OPERATING_PROFIT_GROWTH,7.1754,confirmed,https://www.sse.com.cn/disclosure/listedinfo/announcement/c/new/2026-04-10/605117_20260410_RPXG.pdf,data/raw/605117.SH/2025/annual_report.pdf,114,"合并利润/现金流量表自动派生: 营业收入=1.22237e+10 | 营业利润 （亏损以 “ － ” 号填列） 3,648,621,448.06 3,404,344,636.10 加：营业外收入 七、74 5,393,548.17 1,440,347.51 减：营业外支出 七、75 18,427,836.10 5,216,041.96 四、 利润总额（亏损总额以“ － ”号填 列） 3,635,587,160.13 3,400,568 [auto-confirm:public-disclosure-v3]",0.94
605117.SH,德业股份,2025,Q_G_REVENUE_GROWTH,9.0776,confirmed,https://www.sse.com.cn/disclosure/listedinfo/announcement/c/new/2026-04-10/605117_20260410_RPXG.pdf,data/raw/605117.SH/2025/annual_report.pdf,7,"营业收入 12,223,743,462.54 11,206,467,574.84 9.08 7,479,705,687.43 [auto-confirm:public-disclosure-v3]",0.91
605117.SH,德业股份,2025,Q_G_ROA,21.0917,confirmed,https://www.sse.com.cn/disclosure/listedinfo/announcement/c/new/2026-04-10/605117_20260410_RPXG.pdf,data/raw/605117.SH/2025/annual_report.pdf,114,"合并利润/现金流量表自动派生: 营业收入=1.22237e+10 | 利润总额（亏损总额以“ － ”号填 列） 3,635,587,160.13 3,400,568,941.65 减：所得税费用 七、76 466,931,181.14 440,221,799.19 五、净利润（净亏损以“ － ”号填列） 3,168,655,978.99 2,960,347,142.46 （一）按经营持续性分类 “ 1.持续经营净利润（净亏损以 － ” | 利息费用 57,695,512.27 43,579,676.38 利息收入 164,375,607.52 149,638,877.14 加：其他收益 七、67 121,611,925.65 102,733,348.73 投资收益（损失以 “ － ” 号填 七、68 108,780,016.00 91,575,012.23 113 / 270  | 资产总计 19,906,773,218.39 15,114,420,842.15 流动负债： 短期借款 七、32 3,303,510,867.28 1,010,483,498.86 向中央银行借款 拆入资金 交易性金融负债 七、33 74,908,474.35 21,561,964.60 衍生金融负债 应付票据 七、35 2,614,935,234.07 2,018 [auto-confirm:public-disclosure-v3]",0.94
605117.SH,德业股份,2025,Q_G_ROE,32.66,confirmed,https://www.sse.com.cn/disclosure/listedinfo/announcement/c/new/2026-04-10/605117_20260410_RPXG.pdf,data/raw/605117.SH/2025/annual_report.pdf,8,宁波德业科技股份有限公司2025 年年度报告 收益(元／股) 加权平均净资产收益率(%) 32.66 39.24 减少 6.58 个百分点 38.60 扣除非经常性损益后的加权平均 净资产收 [auto-confirm:public-disclosure-v3],0.92
605117.SH,德业股份,2025,Q_G_TWO_FUNDS_RATE,23.6313,confirmed,https://www.sse.com.cn/disclosure/listedinfo/announcement/c/new/2026-04-10/605117_20260410_RPXG.pdf,data/raw/605117.SH/2025/annual_report.pdf,109,"合并报表自动派生: 应收账款 七、5 1,700,011,852.12 1,702,460,672.11 应收款项融资 七、7 20,511,712.53 10,846,861.58 预付款项 七、8 71,699,446.01 17,811,284.61 应收保费 应收分保账款 应收分保合同准备金 其他应收款 七、9 348,381,494.90 268,075,650.43 其中： | 存货 七、10 1,785,399,194.49 1,360,452,462.05 其中：数据资源 合同资产 七、6 872,107.74 181,670.87 持有待售资产 一年内到期的非流动资产 七、12 733,688,967.13 其他流动资产 七、13 1,695,961,903.49 796,752,883.34 流动资产合计 14,749,102, | 流动资产合计 14,749,102,069.31 10,814,777,151.50 非流动资产： 发放贷款和垫款 债权投资 其他债权投资 长期应收款 长期股权投资 七、17 87,473,623.51 其他权益工具投资 其他非流动金融资产 投资性房地产 固定资产 七、21 2,712,221,428.70 1,717,111,511.67 在建工程 七、22 351, [auto-confirm:public-disclosure-v3]",0.94
605117.SH,德业股份,2025,Q_S_DIVIDEND_PER_SHARE,1.8,confirmed,https://www.sse.com.cn/disclosure/listedinfo/announcement/c/new/2026-04-10/605117_20260410_RPXG.pdf,data/raw/605117.SH/2025/annual_report.pdf,54,"金转增股本预案 √适用 □不适用 单位：元 币种：人民币 每 10 股送红股数(股) 0 每 10 股派息数(元)(含税) 18 每 10 股转增数(股) 4 现金分红金额(含税) 2,740,498,399.56 合 [auto-confirm:public-disclosure-v3]",0.94
605117.SH,德业股份,2025,Q_S_RD_RATE,4.6,confirmed,https://www.sse.com.cn/disclosure/listedinfo/announcement/c/new/2026-04-10/605117_20260410_RPXG.pdf,data/raw/605117.SH/2025/annual_report.pdf,25,"096,014.28 本期资本化研发投入 0 研发投入合计 562,096,014.28 研发投入总额占营业收入比例(%) 4.60 研发投入资本化的比重(%) 0 (2).研发人员情况表 √适用 □不适用 公司研发人员的 [auto-confirm:public-disclosure-v3]",0.96
688155.SH,先惠技术,2025,Q_G_AR_TURNOVER,3.38,confirmed,https://www.sse.com.cn/disclosure/listedinfo/announcement/c/new/2026-04-21/688155_20260421_D5YS.pdf,data/raw/688155.SH/2025/annual_report.pdf,143,"合并报表自动派生: 营业收入=3.04029e+09 | 应收账款 七、5 1,109,734,759.67 689,230,875.28 应收款项融资 七、7 205,902,092.14 419,612,947.20 预付款项 七、8 99,340,153.51 90,143,681.55 应收保费 应收分保账款 应收分保合同准备金 其他应收款 七、9 8,711,465.72 16,562,518.52 其中：应收利 [auto-confirm:public-disclosure-v3]",0.94
688155.SH,先惠技术,2025,Q_G_ASSET_TURNOVER,0.5385,confirmed,https://www.sse.com.cn/disclosure/listedinfo/announcement/c/new/2026-04-21/688155_20260421_D5YS.pdf,data/raw/688155.SH/2025/annual_report.pdf,144,"合并报表自动派生: 营业收入=3.04029e+09 | 资产总计 6,100,919,172.37 5,191,806,039.68 流动负债： 短期借款 七、32 502,542,963.86 559,623,548.29 向中央银行借款 拆入资金 交易性金融负债 衍生金融负债 应付票据 七、35 182,399,557.27 231,155,627.32 应付账款 七、36 965,770,045.92 671,59 [auto-confirm:public-disclosure-v3]",0.94
688155.SH,先惠技术,2025,Q_G_CASH_CURRENT_LIABILITY,16.1278,confirmed,https://www.sse.com.cn/disclosure/listedinfo/announcement/c/new/2026-04-21/688155_20260421_D5YS.pdf,data/raw/688155.SH/2025/annual_report.pdf,151,"合并利润/现金流量表自动派生: 营业收入=3.04029e+09 | 经营活动产生的现金流 量净额 526,158,751.69 988,288,009.03 151 / 290  | 流动负债合计 3,262,428,445.40 2,422,588,037.68 非流动负债： 保险合同准备金 长期借款 七、45 120,909,002.00 287,431,876.00 应付债券 其中：优先股 永续债 租赁负债 七、47 23,229,047.73 13,855,064.20 长期应付款 长期应付职工薪酬 预计负债 七、50 30,989,283. [auto-confirm:public-disclosure-v3]",0.94
688155.SH,先惠技术,2025,Q_G_CASH_REALIZATION,95.334,confirmed,https://www.sse.com.cn/disclosure/listedinfo/announcement/c/new/2026-04-21/688155_20260421_D5YS.pdf,data/raw/688155.SH/2025/annual_report.pdf,151,"合并利润/现金流量表自动派生: 营业收入=3.04029e+09 | 经营活动现金流入小计 2,898,426,663.79 2,471,202,336.18 购买商品、接受劳务支付的 现金 1,631,010,431.02 758,639,078.59 客户贷款及垫款净增加额 存放中央银行和同业款项净 增加额 支付原保险合同赔付款项的 现金 拆出资金净增加额 支付利息、手续费及佣金的 现金 支付保单红利的现金 支付给职工及为职工支付的 现金 5 [auto-confirm:public-disclosure-v3]",0.94
688155.SH,先惠技术,2025,Q_G_COST_REVENUE_RATE,82.2212,confirmed,https://www.sse.com.cn/disclosure/listedinfo/announcement/c/new/2026-04-21/688155_20260421_D5YS.pdf,data/raw/688155.SH/2025/annual_report.pdf,147,"合并利润/现金流量表自动派生: 营业收入=3.04029e+09 | 营业总成本 七、61 2,499,761,491.89 2,178,292,853.82 其中：营业成本 2,176,229,793.46 1,841,791,979.11 利息支出 手续费及佣金支出 退保金 赔付支出净额 提取保险责任准备金净额 保单红利支出 分保费用 税金及附加 七、62 19,143,870.49 16,397,793.88 销售费用 七、63 [auto-confirm:public-disclosure-v3]",0.94
688155.SH,先惠技术,2025,Q_G_CURRENT_ASSET_TURNOVER,0.7852,confirmed,https://www.sse.com.cn/disclosure/listedinfo/announcement/c/new/2026-04-21/688155_20260421_D5YS.pdf,data/raw/688155.SH/2025/annual_report.pdf,143,"合并报表自动派生: 营业收入=3.04029e+09 | 流动资产合计 4,294,363,976.13 3,449,718,778.78 非流动资产： 发放贷款和垫款 债权投资 其他债权投资 长期应收款 七、16 15,773,765.20 5,465,030.24 长期股权投资 其他权益工具投资 其他非流动金融资产 投资性房地产 固定资产 七、21 878,953,357.52 837,155,771.99 在建工程 七、 [auto-confirm:public-disclosure-v3]",0.94
688155.SH,先惠技术,2025,Q_G_DEBT_ASSET_RATE,57.6691,confirmed,https://www.sse.com.cn/disclosure/listedinfo/announcement/c/new/2026-04-21/688155_20260421_D5YS.pdf,data/raw/688155.SH/2025/annual_report.pdf,144,"合并报表自动派生: 负债合计 3,518,348,026.42 2,824,071,977.49 144 / 290  | 资产总计 6,100,919,172.37 5,191,806,039.68 流动负债： 短期借款 七、32 502,542,963.86 559,623,548.29 向中央银行借款 拆入资金 交易性金融负债 衍生金融负债 应付票据 七、35 182,399,557.27 231,155,627.32 应付账款 七、36 965,770,045.92 671,59 [auto-confirm:public-disclosure-v3]",0.94
688155.SH,先惠技术,2025,Q_G_EBITDA_INTEREST,27.6099,confirmed,https://www.sse.com.cn/disclosure/listedinfo/announcement/c/new/2026-04-21/688155_20260421_D5YS.pdf,data/raw/688155.SH/2025/annual_report.pdf,148,"合并利润/现金流量表自动派生: 营业收入=3.04029e+09 | 利润总额（亏损总额以“ － ”号 填列） 541,501,980.21 减：所得税费用 七、76 64,954,978.91 五、净利润（净亏损以“ － ”号填 列） 476,547,001.30 （一）按经营持续性分类 “ 1.持续经营净利润（净亏损以 － ”号填列） 476,547,001.30 “ 2.终止经营净利润（净亏损以 － ”号填列） （二）按所有权归 | 利息费用 20,349,652.12 33,469,672.55 利息收入 4,583,648.41 8,872,813.37 147 / 290 [auto-confirm:public-disclosure-v3]",0.94
688155.SH,先惠技术,2025,Q_G_OPERATING_MARGIN,17.8033,confirmed,https://www.sse.com.cn/disclosure/listedinfo/announcement/c/new/2026-04-21/688155_20260421_D5YS.pdf,data/raw/688155.SH/2025/annual_report.pdf,148,"合并利润/现金流量表自动派生: 营业收入=3.04029e+09 | 营业利润（亏损以“ 列） － ”号填 541,271,665.14 加：营业外收入 七、74 1,599,092.78 减：营业外支出 七、75 1,368,777.71 四、利润总额（亏损总额以“ － ”号 填列） 541,501,980.21 减：所得税费用 七、76 64,954,978.91 五、净利润（净亏损以“ － ”号填 列） 476,547,001. [auto-confirm:public-disclosure-v3]",0.94
688155.SH,先惠技术,2025,Q_G_REVENUE_GROWTH,23.3903,confirmed,https://www.sse.com.cn/disclosure/listedinfo/announcement/c/new/2026-04-21/688155_20260421_D5YS.pdf,data/raw/688155.SH/2025/annual_report.pdf,8,"营业收入 3,040,287,783.97 2,463,960,507.89 23.39 2,448,378,104.67 [auto-confirm:public-disclosure-v3]",0.91
688155.SH,先惠技术,2025,Q_G_ROA,9.9507,confirmed,https://www.sse.com.cn/disclosure/listedinfo/announcement/c/new/2026-04-21/688155_20260421_D5YS.pdf,data/raw/688155.SH/2025/annual_report.pdf,148,"合并利润/现金流量表自动派生: 营业收入=3.04029e+09 | 利润总额（亏损总额以“ － ”号 填列） 541,501,980.21 减：所得税费用 七、76 64,954,978.91 五、净利润（净亏损以“ － ”号填 列） 476,547,001.30 （一）按经营持续性分类 “ 1.持续经营净利润（净亏损以 － ”号填列） 476,547,001.30 “ 2.终止经营净利润（净亏损以 － ”号填列） （二）按所有权归 | 利息费用 20,349,652.12 33,469,672.55 利息收入 4,583,648.41 8,872,813.37 147 / 290  | 资产总计 6,100,919,172.37 5,191,806,039.68 流动负债： 短期借款 七、32 502,542,963.86 559,623,548.29 向中央银行借款 拆入资金 交易性金融负债 衍生金融负债 应付票据 七、35 182,399,557.27 231,155,627.32 应付账款 七、36 965,770,045.92 671,59 [auto-confirm:public-disclosure-v3]",0.94
688155.SH,先惠技术,2025,Q_G_ROE,16.53,confirmed,https://www.sse.com.cn/disclosure/listedinfo/announcement/c/new/2026-04-21/688155_20260421_D5YS.pdf,data/raw/688155.SH/2025/annual_report.pdf,8,扣除非经常性损益后的基本每股收 益(元／股) 2.70 1.74 55.17 0.28 加权平均净资产收益率(%) 16.53 13.31 增加3.22个百分点 3.45 扣除非经常性损益后的加权平均净 资产收益率( [auto-confirm:public-disclosure-v3],0.92
688155.SH,先惠技术,2025,Q_G_TWO_FUNDS_RATE,65.3949,confirmed,https://www.sse.com.cn/disclosure/listedinfo/announcement/c/new/2026-04-21/688155_20260421_D5YS.pdf,data/raw/688155.SH/2025/annual_report.pdf,143,"合并报表自动派生: 应收账款 七、5 1,109,734,759.67 689,230,875.28 应收款项融资 七、7 205,902,092.14 419,612,947.20 预付款项 七、8 99,340,153.51 90,143,681.55 应收保费 应收分保账款 应收分保合同准备金 其他应收款 七、9 8,711,465.72 16,562,518.52 其中：应收利 | 存货 七、10 1,698,561,772.13 974,317,970.48 其中：数据资源 合同资产 七、6 223,573,383.63 297,432,957.12 持有待售资产 一年内到期的非流动资产 其他流动资产 七、13 78,300,992.75 131,021,412.06 流动资产合计 4,294,363,976.13 3,449,718,7 | 流动资产合计 4,294,363,976.13 3,449,718,778.78 非流动资产： 发放贷款和垫款 债权投资 其他债权投资 长期应收款 七、16 15,773,765.20 5,465,030.24 长期股权投资 其他权益工具投资 其他非流动金融资产 投资性房地产 固定资产 七、21 878,953,357.52 837,155,771.99 在建工程 七、 [auto-confirm:public-disclosure-v3]",0.94
688155.SH,先惠技术,2025,Q_S_DIVIDEND_PER_SHARE,0.7,confirmed,https://www.sse.com.cn/disclosure/listedinfo/announcement/c/new/2026-04-21/688155_20260421_D5YS.pdf,data/raw/688155.SH/2025/annual_report.pdf,99,"公积金转增股本预案 √适用 □不适用 单位：元币种：人民币 每 10 股送红股数(股)- 每 10 股派息数(元)(含税) 7.00 每 10 股转增数(股)- 现金分红金额(含税) 88,505,205.60 合并报表中 [auto-confirm:public-disclosure-v3]",0.94
688155.SH,先惠技术,2025,Q_S_RD_RATE,4.41,confirmed,https://www.sse.com.cn/disclosure/listedinfo/announcement/c/new/2026-04-21/688155_20260421_D5YS.pdf,data/raw/688155.SH/2025/annual_report.pdf,8,后的加权平均净 资产收益率(%) 15.96 12.37 增加3.59个百分点 2.55 研发投入占营业收入的比例(%) 4.41 5.11 减少0.70个百分点 5.94 报告期末公司前三年主要会计数据和财务指标的说明 [auto-confirm:public-disclosure-v3],0.96
688248.SH,南网科技,2025,Q_G_AR_TURNOVER,6.3167,confirmed,https://www.sse.com.cn/disclosure/listedinfo/announcement/c/new/2026-03-31/688248_20260331_B0KW.pdf,data/raw/688248.SH/2025/annual_report.pdf,130,"合并报表自动派生: 营业收入=3.68474e+09 | 应收账款 七、5 655,531,967.90 511,133,964.24 应收款项融资 七、7 98,715,871.90 37,317,017.14 预付款项 七、8 18,166,481.31 10,045,434.59 应收保费 应收分保账款 应收分保合同准备金 130 / 299 [auto-confirm:public-disclosure-v3]",0.94
688248.SH,南网科技,2025,Q_G_ASSET_TURNOVER,0.7492,confirmed,https://www.sse.com.cn/disclosure/listedinfo/announcement/c/new/2026-03-31/688248_20260331_B0KW.pdf,data/raw/688248.SH/2025/annual_report.pdf,131,"合并报表自动派生: 营业收入=3.68474e+09 | 资产总计 5,125,993,504.58 4,710,085,613.32 流动负债： 短期借款 七、32 向中央银行借款 拆入资金 交易性金融负债 七、33 衍生金融负债 七、34 应付票据 七、35 应付账款 七、36 841,515,735.87 786,693,237.55 预收款项 七、37 合同负债 七、38 699,277,982.30 637,28 [auto-confirm:public-disclosure-v3]",0.94
688248.SH,南网科技,2025,Q_G_CASH_CURRENT_LIABILITY,28.95,confirmed,https://www.sse.com.cn/disclosure/listedinfo/announcement/c/new/2026-03-31/688248_20260331_B0KW.pdf,data/raw/688248.SH/2025/annual_report.pdf,139,"合并利润/现金流量表自动派生: 营业收入=3.68474e+09 | 经营活动产生的现金流 量净额 484,756,303.70 二、投资活动产生的现金流量： 收回投资收到的现金 830,000,000.00 取得投资收益收到的现金 15,313,478.34 处置固定资产、无形资产和其 他长期资产收回的现金净额 处置子公司及其他营业单位 收到的现金净额 收到其他与投资活动有关的 现金 投资活动现金流入小计 七、78 845,313,478.34 购建固 | 流动负债合计 1,674,461,262.09 1,516,253,865.84 非流动负债： 保险合同准备金 长期借款 七、45 应付债券 七、46 其中：优先股 永续债 租赁负债 七、47 54,676,163.39 72,165,933.55 长期应付款 七、48 1,208,875.75 长期应付职工薪酬 七、49 预计负债 七、50 35,587,581.78 [auto-confirm:public-disclosure-v3]",0.94
688248.SH,南网科技,2025,Q_G_CASH_REALIZATION,112.4141,confirmed,https://www.sse.com.cn/disclosure/listedinfo/announcement/c/new/2026-03-31/688248_20260331_B0KW.pdf,data/raw/688248.SH/2025/annual_report.pdf,139,"合并利润/现金流量表自动派生: 营业收入=3.68474e+09 | 经营活动现金流入小计 七、78 4,142,171,160.99 购买商品、接受劳务支付的现 金 2,703,425,878.05 客户贷款及垫款净增加额 存放中央银行和同业款项净 增加额 支付原保险合同赔付款项的 现金 拆出资金净增加额 支付利息、手续费及佣金的现 金 支付保单红利的现金 支付给职工及为职工支付的 现金 480,510,029.75 支付的各项税费 162,6 [auto-confirm:public-disclosure-v3]",0.94
688248.SH,南网科技,2025,Q_G_COST_REVENUE_RATE,87.8319,confirmed,https://www.sse.com.cn/disclosure/listedinfo/announcement/c/new/2026-03-31/688248_20260331_B0KW.pdf,data/raw/688248.SH/2025/annual_report.pdf,135,"合并利润/现金流量表自动派生: 营业收入=3.68474e+09 | 营业总成本 3,236,379,648.91 2,625,579,473.70 其中：营业成本 七、61 2,587,101,876.04 2,084,513,821.69 利息支出 手续费及佣金支出 退保金 赔付支出净额 提取保险责任准备金净额 保单红利支出 分保费用 税金及附加 七、62 16,507,745.56 12,384,075.28 销售费用 七、63 [auto-confirm:public-disclosure-v3]",0.94
688248.SH,南网科技,2025,Q_G_CURRENT_ASSET_TURNOVER,0.908,confirmed,https://www.sse.com.cn/disclosure/listedinfo/announcement/c/new/2026-03-31/688248_20260331_B0KW.pdf,data/raw/688248.SH/2025/annual_report.pdf,131,"合并报表自动派生: 营业收入=3.68474e+09 | 流动资产合计 4,261,819,267.88 3,854,333,577.34 非流动资产： 发放贷款和垫款 债权投资 七、14 其他债权投资 七、15 长期应收款 七、16 长期股权投资 七、17 181,653,853.67 174,896,327.97 其他权益工具投资 七、18 其他非流动金融资产 七、19 4,479,300.00 962,800.00 投资 [auto-confirm:public-disclosure-v3]",0.94
688248.SH,南网科技,2025,Q_G_DEBT_ASSET_RATE,35.5291,confirmed,https://www.sse.com.cn/disclosure/listedinfo/announcement/c/new/2026-03-31/688248_20260331_B0KW.pdf,data/raw/688248.SH/2025/annual_report.pdf,132,"合并报表自动派生: 负债合计 1,821,221,723.51 1,684,648,829.44 所有者权益（或股东权益）： 实收资本（或股本） 七、53 564,700,000.00 564,700,000.00 其他权益工具 七、54 其中：优先股 永续债 资本公积 七、55 1,715,456,373.46 1,714,799,862.59 减：库存股 其他综合收益 七、57 6 | 资产总计 5,125,993,504.58 4,710,085,613.32 流动负债： 短期借款 七、32 向中央银行借款 拆入资金 交易性金融负债 七、33 衍生金融负债 七、34 应付票据 七、35 应付账款 七、36 841,515,735.87 786,693,237.55 预收款项 七、37 合同负债 七、38 699,277,982.30 637,28 [auto-confirm:public-disclosure-v3]",0.94
688248.SH,南网科技,2025,Q_G_EBITDA_INTEREST,149.8931,confirmed,https://www.sse.com.cn/disclosure/listedinfo/announcement/c/new/2026-03-31/688248_20260331_B0KW.pdf,data/raw/688248.SH/2025/annual_report.pdf,136,"合并利润/现金流量表自动派生: 营业收入=3.68474e+09 | 利润总额（亏损总额以“ － ”号填 列） 468,968,509.97 410,354,672.59 减：所得税费用 七、76 40,712,688.66 39,810,332.16 五、净利润（净亏损以“ － ”号填列） 428,255,821.31 370,544,340.43 （一）按经营持续性分类 “ － 1.持续经营净利润（净亏损以 ”号填列） 428,2 | 利息费用 3,149,698.90 3,260,527.73 利息收入 5,021,150.16 20,433,941.06 加：其他收益 七、67 9,982,833.35 6,904,911.21 投资收益（损失以 “ － ” 号填 列） 七、68 36,722,099.12 22,672,578.55 其中： 对联营企业和合营企业 的投资收益 13,743,0 [auto-confirm:public-disclosure-v3]",0.94
688248.SH,南网科技,2025,Q_G_OPERATING_MARGIN,12.7585,confirmed,https://www.sse.com.cn/disclosure/listedinfo/announcement/c/new/2026-03-31/688248_20260331_B0KW.pdf,data/raw/688248.SH/2025/annual_report.pdf,135,"合并利润/现金流量表自动派生: 营业收入=3.68474e+09 | 营业利润 （亏损以 “ － ” 号填列） 470,118,415.76 410,873,438.52 加：营业外收入 七、74 447,328.39 1,573,154.59 减：营业外支出 七、75 1,597,234.18 2,091,920.52 135 / 299 [auto-confirm:public-disclosure-v3]",0.94
688248.SH,南网科技,2025,Q_G_OPERATING_PROFIT_GROWTH,14.4193,confirmed,https://www.sse.com.cn/disclosure/listedinfo/announcement/c/new/2026-03-31/688248_20260331_B0KW.pdf,data/raw/688248.SH/2025/annual_report.pdf,135,"合并利润/现金流量表自动派生: 营业收入=3.68474e+09 | 营业利润 （亏损以 “ － ” 号填列） 470,118,415.76 410,873,438.52 加：营业外收入 七、74 447,328.39 1,573,154.59 减：营业外支出 七、75 1,597,234.18 2,091,920.52 135 / 299 [auto-confirm:public-disclosure-v3]",0.94
688248.SH,南网科技,2025,Q_G_REVENUE_GROWTH,22.2729,confirmed,https://www.sse.com.cn/disclosure/listedinfo/announcement/c/new/2026-03-31/688248_20260331_B0KW.pdf,data/raw/688248.SH/2025/annual_report.pdf,9,"营业收入 3,684,742,958.03 3,013,539,753.25 22.27 2,537,312,851.32 [auto-confirm:public-disclosure-v3]",0.91
688248.SH,南网科技,2025,Q_G_ROA,9.5997,confirmed,https://www.sse.com.cn/disclosure/listedinfo/announcement/c/new/2026-03-31/688248_20260331_B0KW.pdf,data/raw/688248.SH/2025/annual_report.pdf,136,"合并利润/现金流量表自动派生: 营业收入=3.68474e+09 | 利润总额（亏损总额以“ － ”号填 列） 468,968,509.97 410,354,672.59 减：所得税费用 七、76 40,712,688.66 39,810,332.16 五、净利润（净亏损以“ － ”号填列） 428,255,821.31 370,544,340.43 （一）按经营持续性分类 “ － 1.持续经营净利润（净亏损以 ”号填列） 428,2 | 利息费用 3,149,698.90 3,260,527.73 利息收入 5,021,150.16 20,433,941.06 加：其他收益 七、67 9,982,833.35 6,904,911.21 投资收益（损失以 “ － ” 号填 列） 七、68 36,722,099.12 22,672,578.55 其中： 对联营企业和合营企业 的投资收益 13,743,0 | 资产总计 5,125,993,504.58 4,710,085,613.32 流动负债： 短期借款 七、32 向中央银行借款 拆入资金 交易性金融负债 七、33 衍生金融负债 七、34 应付票据 七、35 应付账款 七、36 841,515,735.87 786,693,237.55 预收款项 七、37 合同负债 七、38 699,277,982.30 637,28 [auto-confirm:public-disclosure-v3]",0.94
688248.SH,南网科技,2025,Q_G_ROE,13.31,confirmed,https://www.sse.com.cn/disclosure/listedinfo/announcement/c/new/2026-03-31/688248_20260331_B0KW.pdf,data/raw/688248.SH/2025/annual_report.pdf,9,扣除非经常性损益后的基本每股 收益(元／股) 0.71 0.61 16.39 0.47 加权平均净资产收益率(%) 13.31 12.54 增加0.77个百分点 10.46 扣除非经常性损益后的加权平均 净资产收益率 [auto-confirm:public-disclosure-v3],0.92
688248.SH,南网科技,2025,Q_G_TWO_FUNDS_RATE,34.3771,confirmed,https://www.sse.com.cn/disclosure/listedinfo/announcement/c/new/2026-03-31/688248_20260331_B0KW.pdf,data/raw/688248.SH/2025/annual_report.pdf,131,"合并报表自动派生: 应收账款 七、5 655,531,967.90 511,133,964.24 应收款项融资 七、7 98,715,871.90 37,317,017.14 预付款项 七、8 18,166,481.31 10,045,434.59 应收保费 应收分保账款 应收分保合同准备金 130 / 299  | 存货 七、10 809,556,045.35 798,510,340.05 其中：数据资源 合同资产 七、6 17,396,364.13 54,653,641.33 持有待售资产 七、11 一年内到期的非流动资产 七、12 其他流动资产 七、13 435,055,217.30 7,962,990.65 流动资产合计 4,261,819,267.88 3,854, | 流动资产合计 4,261,819,267.88 3,854,333,577.34 非流动资产： 发放贷款和垫款 债权投资 七、14 其他债权投资 七、15 长期应收款 七、16 长期股权投资 七、17 181,653,853.67 174,896,327.97 其他权益工具投资 七、18 其他非流动金融资产 七、19 4,479,300.00 962,800.00 投资 [auto-confirm:public-disclosure-v3]",0.94
688248.SH,南网科技,2025,Q_S_DIVIDEND_PER_SHARE,0.182,confirmed,https://www.sse.com.cn/disclosure/listedinfo/announcement/c/new/2026-03-31/688248_20260331_B0KW.pdf,data/raw/688248.SH/2025/annual_report.pdf,86,"南方电网电力科技股份有限公司2025 年年度报告 每 10 股送红股数(股) / 每 10 股派息数(元)(含税) 1.82 每 10 股转增数(股) / 现金分红金额(含税) 102,775,400.00 合并报 [auto-confirm:public-disclosure-v3]",0.94
688248.SH,南网科技,2025,Q_S_RD_RATE,7.57,confirmed,https://www.sse.com.cn/disclosure/listedinfo/announcement/c/new/2026-03-31/688248_20260331_B0KW.pdf,data/raw/688248.SH/2025/annual_report.pdf,9,后的加权平均 净资产收益率(%) 12.76 11.85 增加0.91个百分点 9.83 研发投入占营业收入的比例(%) 7.57 7.39 增加0.18个百分点 6.41 报告期末公司前三年主要会计数据和财务指标的说明 [auto-confirm:public-disclosure-v3],0.96
688408.SH,中信博,2025,Q_G_AR_TURNOVER,3.9846,confirmed,https://www.sse.com.cn/disclosure/listedinfo/announcement/c/new/2026-04-17/688408_20260417_UUI3.pdf,data/raw/688408.SH/2025/annual_report.pdf,117,"合并报表自动派生: 营业收入=6.88471e+09 | 应收账款 1,880,772,819.24 1,574,846,559.67 应收款项融资 68,841,764.08 71,099,179.67 117 / 312 [auto-confirm:public-disclosure-v3]",0.94
688408.SH,中信博,2025,Q_G_ASSET_TURNOVER,0.6813,confirmed,https://www.sse.com.cn/disclosure/listedinfo/announcement/c/new/2026-04-17/688408_20260417_UUI3.pdf,data/raw/688408.SH/2025/annual_report.pdf,118,"合并报表自动派生: 营业收入=6.88471e+09 | 资产总计 10,287,318,097.05 9,923,226,911.57 流动负债： 短期借款 1,055,253,991.04 955,548,830.42 118 / 312 [auto-confirm:public-disclosure-v3]",0.94
688408.SH,中信博,2025,Q_G_CASH_REALIZATION,92.9854,confirmed,https://www.sse.com.cn/disclosure/listedinfo/announcement/c/new/2026-04-17/688408_20260417_UUI3.pdf,data/raw/688408.SH/2025/annual_report.pdf,127,"合并利润/现金流量表自动派生: 营业收入=6.88471e+09 | 经营活动现金流入小计 6,401,772,384.21 购买商品、接受劳务支付 的现金 5,971,799,808.85 客户贷款及垫款净增加额 存放中央银行和同业款项 净增加额 支付原保险合同赔付款项 的现金 拆出资金净增加额 支付利息、手续费及佣金 的现金 支付保单红利的现金 支付给职工及为职工支付 的现金 556,991,786.16 支付的各项税费 613,154,16 [auto-confirm:public-disclosure-v3]",0.94
688408.SH,中信博,2025,Q_G_COST_REVENUE_RATE,96.5284,confirmed,https://www.sse.com.cn/disclosure/listedinfo/announcement/c/new/2026-04-17/688408_20260417_UUI3.pdf,data/raw/688408.SH/2025/annual_report.pdf,123,"合并利润/现金流量表自动派生: 营业收入=6.88471e+09 | 营业总成本 6,645,699,484.03 8,103,538,506.94 其中：营业成本 5,706,441,337.98 7,344,840,868.48 利息支出 手续费及佣金支出 退保金 赔付支出净额 提取保险责任准备金净额 保单红利支出 分保费用 税金及附加 34,538,356.45 27,887,852.49 销售费用 242,507,873.97 [auto-confirm:public-disclosure-v3]",0.94
688408.SH,中信博,2025,Q_G_CURRENT_ASSET_TURNOVER,0.8298,confirmed,https://www.sse.com.cn/disclosure/listedinfo/announcement/c/new/2026-04-17/688408_20260417_UUI3.pdf,data/raw/688408.SH/2025/annual_report.pdf,118,"合并报表自动派生: 营业收入=6.88471e+09 | 流动资产合计 8,342,098,448.01 8,251,606,280.83 非流动资产： 发放贷款和垫款 债权投资 其他债权投资 长期应收款 长期股权投资 10,811,726.31 16,747,592.86 其他权益工具投资 5,000,000.00 5,000,000.00 其他非流动金融资产 投资性房地产 固定资产 1,484,644,886.01 1,2 [auto-confirm:public-disclosure-v3]",0.94
688408.SH,中信博,2025,Q_G_DEBT_ASSET_RATE,59.91,confirmed,https://www.sse.com.cn/disclosure/listedinfo/announcement/c/new/2026-04-17/688408_20260417_UUI3.pdf,data/raw/688408.SH/2025/annual_report.pdf,119,"合并报表自动派生: 负债合计 6,163,128,048.93 5,496,314,184.00 所有者权益（或股东权益）： 实收资本（或股本） 219,065,886.00 218,515,940.00 其他权益工具 119 / 312  | 资产总计 10,287,318,097.05 9,923,226,911.57 流动负债： 短期借款 1,055,253,991.04 955,548,830.42 118 / 312 [auto-confirm:public-disclosure-v3]",0.94
688408.SH,中信博,2025,Q_G_EBITDA_INTEREST,1.6757,confirmed,https://www.sse.com.cn/disclosure/listedinfo/announcement/c/new/2026-04-17/688408_20260417_UUI3.pdf,data/raw/688408.SH/2025/annual_report.pdf,123,"合并利润/现金流量表自动派生: 营业收入=6.88471e+09 | 利润总额 （亏损总额以“ 号填列） ” － 38,596,778.47 784,701,775.94 减：所得税费用 44,313,057.99 139,958,555.10 五、净利润（净亏损以“ － ”号 -5,716,279.52 644,743,220.84 123 / 312  | 利息费用 57,118,441.64 52,170,644.23 利息收入 15,626,638.32 19,079,283.93 加：其他收益 28,614,604.09 47,765,106.09 投资收益（损失以“ 号填列） ” － 6,746,208.13 8,786,766.88 其中：对联营企业和合营 企业的投资收益 -5,935,866.55 3,21 [auto-confirm:public-disclosure-v3]",0.94
688408.SH,中信博,2025,Q_G_OPERATING_MARGIN,0.6232,confirmed,https://www.sse.com.cn/disclosure/listedinfo/announcement/c/new/2026-04-17/688408_20260417_UUI3.pdf,data/raw/688408.SH/2025/annual_report.pdf,123,"合并利润/现金流量表自动派生: 营业收入=6.88471e+09 | 营业利润（亏损以“ 填列） － ”号 42,903,811.24 786,290,223.73 加：营业外收入 876,771.04 737,880.54 减：营业外支出 5,183,803.81 2,326,328.33 四、 利润总额 （亏损总额以“ 号填列） ” － 38,596,778.47 784,701,775.94 减：所得税费用 44,313,057 [auto-confirm:public-disclosure-v3]",0.94
688408.SH,中信博,2025,Q_G_REVENUE_GROWTH,-23.7245,confirmed,https://www.sse.com.cn/disclosure/listedinfo/announcement/c/new/2026-04-17/688408_20260417_UUI3.pdf,data/raw/688408.SH/2025/annual_report.pdf,8,"营业收入 6,884,708,007.99 9,026,107,897.16 -23.72 6,390,158,827.41 扣除与主营业务无 关的业务收入和不 具备商业实质的收 入后的营业收入 6,831,203,082.82 8,969,845,976.98 -23.84 6,369,109,781.55 [auto-confirm:public-disclosure-v3]",0.91
688408.SH,中信博,2025,Q_G_ROA,0.9472,confirmed,https://www.sse.com.cn/disclosure/listedinfo/announcement/c/new/2026-04-17/688408_20260417_UUI3.pdf,data/raw/688408.SH/2025/annual_report.pdf,123,"合并利润/现金流量表自动派生: 营业收入=6.88471e+09 | 利润总额 （亏损总额以“ 号填列） ” － 38,596,778.47 784,701,775.94 减：所得税费用 44,313,057.99 139,958,555.10 五、净利润（净亏损以“ － ”号 -5,716,279.52 644,743,220.84 123 / 312  | 利息费用 57,118,441.64 52,170,644.23 利息收入 15,626,638.32 19,079,283.93 加：其他收益 28,614,604.09 47,765,106.09 投资收益（损失以“ 号填列） ” － 6,746,208.13 8,786,766.88 其中：对联营企业和合营 企业的投资收益 -5,935,866.55 3,21 | 资产总计 10,287,318,097.05 9,923,226,911.57 流动负债： 短期借款 1,055,253,991.04 955,548,830.42 118 / 312 [auto-confirm:public-disclosure-v3]",0.94
688408.SH,中信博,2025,Q_G_ROE,0.24,confirmed,https://www.sse.com.cn/disclosure/listedinfo/announcement/c/new/2026-04-17/688408_20260417_UUI3.pdf,data/raw/688408.SH/2025/annual_report.pdf,9,除非经常性损益后的基本每股 收益(元／股)-0.20 2.96 -106.76 1.52 加权平均净资产收益率(%)-0.24 19.72 减少19.96个百分点 12.94 扣除非经常性损益后的加权平均 净资产收益 [auto-confirm:public-disclosure-v3],0.92
688408.SH,中信博,2025,Q_G_TWO_FUNDS_RATE,47.5821,confirmed,https://www.sse.com.cn/disclosure/listedinfo/announcement/c/new/2026-04-17/688408_20260417_UUI3.pdf,data/raw/688408.SH/2025/annual_report.pdf,118,"合并报表自动派生: 应收账款 1,880,772,819.24 1,574,846,559.67 应收款项融资 68,841,764.08 71,099,179.67 117 / 312  | 存货 2,088,570,369.00 1,413,557,532.18 其中：数据资源 合同资产 716,680,386.53 827,882,477.47 持有待售资产 一年内到期的非流动资 产 其他流动资产 254,150,789.55 205,146,716.53 流动资产合计 8,342,098,448.01 8,251,606,280.83 非流动资 | 流动资产合计 8,342,098,448.01 8,251,606,280.83 非流动资产： 发放贷款和垫款 债权投资 其他债权投资 长期应收款 长期股权投资 10,811,726.31 16,747,592.86 其他权益工具投资 5,000,000.00 5,000,000.00 其他非流动金融资产 投资性房地产 固定资产 1,484,644,886.01 1,2 [auto-confirm:public-disclosure-v3]",0.94
688408.SH,中信博,2025,Q_S_RD_RATE,2.4,confirmed,https://www.sse.com.cn/disclosure/listedinfo/announcement/c/new/2026-04-17/688408_20260417_UUI3.pdf,data/raw/688408.SH/2025/annual_report.pdf,9,的加权平均 净资产收益率(%)-1.02 18.79 减少19.81个百分点 11.48 研发投入占营业收入的比例(% ) 2.40 2.25 增加0.15个百分点 2.66 报告期末公司前三年主要会计数据和财务指标的说明 [auto-confirm:public-disclosure-v3],0.96
688676.SH,金盘科技,2025,Q_E_ENERGY_INTENSITY,8.4,confirmed,https://www.sse.com.cn/disclosure/listedinfo/announcement/c/new/2026-03-21/688676_20260321_RGI3.pdf,data/raw/688676.SH/2025/esg_report.pdf,8,培训时长 81 小时 公益捐赠总金额 46.39 万元 每股社会贡献值 3.21 元/股 能源消耗强度 0.0084 吨标准煤/万元收入 获得零碳工厂认证数量 4 个 研发投入金额 3.57 亿元 累计获得专利 356 项 [auto-confirm:public-disclosure-v3],0.82
688676.SH,金盘科技,2025,Q_E_GHG_INTENSITY,2.6,confirmed,https://www.sse.com.cn/disclosure/listedinfo/announcement/c/new/2026-03-21/688676_20260321_RGI3.pdf,data/raw/688676.SH/2025/esg_report.pdf,8,"个 研发投入金额 3.57 亿元 累计获得专利 356 项 人均营收 319.12 万元 温室气体排放强度 0.0026 吨二氧化碳当量/万元收入 环保投入金额 224.99 万元 供应商数量 1,591家 获得产品认证 332 个 [auto-confirm:public-disclosure-v3]",0.82
688676.SH,金盘科技,2025,Q_G_AR_TURNOVER,2.8926,confirmed,https://www.sse.com.cn/disclosure/listedinfo/announcement/c/new/2026-03-21/688676_20260321_XTVS.pdf,data/raw/688676.SH/2025/annual_report.pdf,171,"合并报表自动派生: 营业收入=7.29499e+09 | 应收账款 七、5 2,367,839,670.99 2,676,052,958.37 应收款项融资 七、7 173,130,538.76 173,118,574.41 预付款项 七、8 264,982,536.25 196,732,309.11 应收保费 应收分保账款 应收分保合同准备金 其他应收款 七、9 43,941,877.21 78,166,114.60 其 [auto-confirm:public-disclosure-v3]",0.94
688676.SH,金盘科技,2025,Q_G_ASSET_TURNOVER,0.663,confirmed,https://www.sse.com.cn/disclosure/listedinfo/announcement/c/new/2026-03-21/688676_20260321_XTVS.pdf,data/raw/688676.SH/2025/annual_report.pdf,172,"合并报表自动派生: 营业收入=7.29499e+09 | 资产总计 12,390,541,072.33 9,616,022,655.06 流动负债： 短期借款 七、32 491,503,397.23 168,322,347.20 向中央银行借款 拆入资金 交易性金融负债 七、33 2,585,370.00 衍生金融负债 应付票据 七、35 622,284,746.79 616,370,622.20 应付账款 七、36 1, [auto-confirm:public-disclosure-v3]",0.94
688676.SH,金盘科技,2025,Q_G_CASH_CURRENT_LIABILITY,13.3018,confirmed,https://www.sse.com.cn/disclosure/listedinfo/announcement/c/new/2026-03-21/688676_20260321_XTVS.pdf,data/raw/688676.SH/2025/annual_report.pdf,180,"合并利润/现金流量表自动派生: 营业收入=7.29499e+09 | 经营活动产生的现金流 量净额 600,972,620.86 -36,981,276.98 二、投资活动产生的现金流量： 收回投资收到的现金 528,272,739.15 548,178,076.88 取得投资收益收到的现金 4,754,549.96 6,660,178.25 处置固定资产、无形资产和其 他长期资产收回的现金净额 6,861,277.07 2,039,072.55 处置子 | 流动负债合计 4,517,984,864.10 4,060,694,249.17 非流动负债： 保险合同准备金 长期借款 七、45 919,972,781.16 853,816,609.54 应付债券 七、46 1,416,817,791.77 其中：优先股 永续债 租赁负债 七、47 42,904,025.64 45,418,800.04 长期应付款 长期应付职工薪酬 [auto-confirm:public-disclosure-v3]",0.94
688676.SH,金盘科技,2025,Q_G_CASH_REALIZATION,95.3761,confirmed,https://www.sse.com.cn/disclosure/listedinfo/announcement/c/new/2026-03-21/688676_20260321_XTVS.pdf,data/raw/688676.SH/2025/annual_report.pdf,179,"合并利润/现金流量表自动派生: 营业收入=7.29499e+09 | 经营活动现金流入小计 6,957,674,720.71 6,066,109,955.18 购买商品、接受劳务支付的现 金 5,007,369,102.13 4,671,437,378.83 客户贷款及垫款净增加额 存放中央银行和同业款项净 增加额 支付原保险合同赔付款项的 现金 拆出资金净增加额 支付利息、手续费及佣金的现 金 179 / 330 [auto-confirm:public-disclosure-v3]",0.94
688676.SH,金盘科技,2025,Q_G_COST_REVENUE_RATE,90.0469,confirmed,https://www.sse.com.cn/disclosure/listedinfo/announcement/c/new/2026-03-21/688676_20260321_XTVS.pdf,data/raw/688676.SH/2025/annual_report.pdf,175,"合并利润/现金流量表自动派生: 营业收入=7.29499e+09 | 营业总成本 6,568,906,611.50 6,258,156,970.84 175 / 330 [auto-confirm:public-disclosure-v3]",0.94
688676.SH,金盘科技,2025,Q_G_CURRENT_ASSET_TURNOVER,0.8819,confirmed,https://www.sse.com.cn/disclosure/listedinfo/announcement/c/new/2026-03-21/688676_20260321_XTVS.pdf,data/raw/688676.SH/2025/annual_report.pdf,172,"合并报表自动派生: 营业收入=7.29499e+09 | 流动资产合计 9,514,542,661.69 7,029,210,412.28 非流动资产： 发放贷款和垫款 债权投资 其他债权投资 长期应收款 长期股权投资 七、17 54,018,098.30 52,373,427.13 其他权益工具投资 七、18 246,251,111.79 80,471,912.75 其他非流动金融资产 投资性房地产 固定资产 七、21 1, [auto-confirm:public-disclosure-v3]",0.94
688676.SH,金盘科技,2025,Q_G_DEBT_ASSET_RATE,57.8641,confirmed,https://www.sse.com.cn/disclosure/listedinfo/announcement/c/new/2026-03-21/688676_20260321_XTVS.pdf,data/raw/688676.SH/2025/annual_report.pdf,173,"合并报表自动派生: 负债合计 7,169,677,446.73 5,169,492,684.14 所有者权益（或股东权益）： 实收资本（或股本） 七、53 459,784,364.00 457,440,992.00 其他权益工具 七、54 191,571,339.80 其中：优先股 永续债 资本公积 七、55 2,177,313,596.23 2,130,274,141.21 减：库存 | 资产总计 12,390,541,072.33 9,616,022,655.06 流动负债： 短期借款 七、32 491,503,397.23 168,322,347.20 向中央银行借款 拆入资金 交易性金融负债 七、33 2,585,370.00 衍生金融负债 应付票据 七、35 622,284,746.79 616,370,622.20 应付账款 七、36 1, [auto-confirm:public-disclosure-v3]",0.94
688676.SH,金盘科技,2025,Q_G_EBITDA_INTEREST,17.6962,confirmed,https://www.sse.com.cn/disclosure/listedinfo/announcement/c/new/2026-03-21/688676_20260321_XTVS.pdf,data/raw/688676.SH/2025/annual_report.pdf,176,"合并利润/现金流量表自动派生: 营业收入=7.29499e+09 | 利润总额（亏损总额以“ － ”号填 列） 722,799,607.63 616,942,585.39 减：所得税费用 七、76 68,686,362.27 46,431,172.01 五、净利润（净亏损以“ － ”号填列） 654,113,245.36 570,511,413.38 （一）按经营持续性分类 “ 1.持续经营净利润（净亏损以 － ”号填列） 654,1 | 利息费用 七、66 43,291,330.29 48,424,950.86 利息收入 七、66 6,385,191.06 7,991,701.77 加：其他收益 七、67 96,047,812.88 86,944,365.09 投资收益（损失以 “ － ” 号填 列） 七、68 9,802,431.96 10,936,612.23 其中： 对联营企业和合营企业 的投 [auto-confirm:public-disclosure-v3]",0.94
688676.SH,金盘科技,2025,Q_G_OPERATING_MARGIN,9.8487,confirmed,https://www.sse.com.cn/disclosure/listedinfo/announcement/c/new/2026-03-21/688676_20260321_XTVS.pdf,data/raw/688676.SH/2025/annual_report.pdf,176,"合并利润/现金流量表自动派生: 营业收入=7.29499e+09 | 营业利润 （亏损以 “ － ” 号填列） 718,460,308.87 617,775,681.52 加：营业外收入 七、74 6,082,632.56 4,907,863.92 减：营业外支出 七、75 1,743,333.80 5,740,960.05 四、 利润总额（亏损总额以“ － ”号填 列） 722,799,607.63 616,942,585.39 减 [auto-confirm:public-disclosure-v3]",0.94
688676.SH,金盘科技,2025,Q_G_OPERATING_PROFIT_GROWTH,16.2979,confirmed,https://www.sse.com.cn/disclosure/listedinfo/announcement/c/new/2026-03-21/688676_20260321_XTVS.pdf,data/raw/688676.SH/2025/annual_report.pdf,176,"合并利润/现金流量表自动派生: 营业收入=7.29499e+09 | 营业利润 （亏损以 “ － ” 号填列） 718,460,308.87 617,775,681.52 加：营业外收入 七、74 6,082,632.56 4,907,863.92 减：营业外支出 七、75 1,743,333.80 5,740,960.05 四、 利润总额（亏损总额以“ － ”号填 列） 722,799,607.63 616,942,585.39 减 [auto-confirm:public-disclosure-v3]",0.94
688676.SH,金盘科技,2025,Q_G_REVENUE_GROWTH,5.7113,confirmed,https://www.sse.com.cn/disclosure/listedinfo/announcement/c/new/2026-03-21/688676_20260321_XTVS.pdf,data/raw/688676.SH/2025/annual_report.pdf,11,"营业收入 7,294,986,636.41 6,900,859,224.75 5.71 6,667,579,429.44 [auto-confirm:public-disclosure-v3]",0.91
688676.SH,金盘科技,2025,Q_G_ROA,6.9624,confirmed,https://www.sse.com.cn/disclosure/listedinfo/announcement/c/new/2026-03-21/688676_20260321_XTVS.pdf,data/raw/688676.SH/2025/annual_report.pdf,176,"合并利润/现金流量表自动派生: 营业收入=7.29499e+09 | 利润总额（亏损总额以“ － ”号填 列） 722,799,607.63 616,942,585.39 减：所得税费用 七、76 68,686,362.27 46,431,172.01 五、净利润（净亏损以“ － ”号填列） 654,113,245.36 570,511,413.38 （一）按经营持续性分类 “ 1.持续经营净利润（净亏损以 － ”号填列） 654,1 | 利息费用 七、66 43,291,330.29 48,424,950.86 利息收入 七、66 6,385,191.06 7,991,701.77 加：其他收益 七、67 96,047,812.88 86,944,365.09 投资收益（损失以 “ － ” 号填 列） 七、68 9,802,431.96 10,936,612.23 其中： 对联营企业和合营企业 的投 | 资产总计 12,390,541,072.33 9,616,022,655.06 流动负债： 短期借款 七、32 491,503,397.23 168,322,347.20 向中央银行借款 拆入资金 交易性金融负债 七、33 2,585,370.00 衍生金融负债 应付票据 七、35 622,284,746.79 616,370,622.20 应付账款 七、36 1, [auto-confirm:public-disclosure-v3]",0.94
688676.SH,金盘科技,2025,Q_G_ROE,14.05,confirmed,https://www.sse.com.cn/disclosure/listedinfo/announcement/c/new/2026-03-21/688676_20260321_XTVS.pdf,data/raw/688676.SH/2025/annual_report.pdf,11,8 扣除非经常性损益后的基本每股 收益(元／股) 1.33 1.24 7.26 1.13 加权平均净资产收益率(%) 14.05 14.51 减少0.46个百分点 16.45 扣除非经常性损益后的加权平均 净资产收益率 [auto-confirm:public-disclosure-v3],0.92
688676.SH,金盘科技,2025,Q_G_TWO_FUNDS_RATE,52.1047,confirmed,https://www.sse.com.cn/disclosure/listedinfo/announcement/c/new/2026-03-21/688676_20260321_XTVS.pdf,data/raw/688676.SH/2025/annual_report.pdf,172,"合并报表自动派生: 应收账款 七、5 2,367,839,670.99 2,676,052,958.37 应收款项融资 七、7 173,130,538.76 173,118,574.41 预付款项 七、8 264,982,536.25 196,732,309.11 应收保费 应收分保账款 应收分保合同准备金 其他应收款 七、9 43,941,877.21 78,166,114.60 其 | 存货 七、10 2,589,684,814.62 2,119,365,936.14 其中：数据资源 合同资产 七、6 451,570,461.25 549,582,478.88 持有待售资产 一年内到期的非流动资产 171 / 330  | 流动资产合计 9,514,542,661.69 7,029,210,412.28 非流动资产： 发放贷款和垫款 债权投资 其他债权投资 长期应收款 长期股权投资 七、17 54,018,098.30 52,373,427.13 其他权益工具投资 七、18 246,251,111.79 80,471,912.75 其他非流动金融资产 投资性房地产 固定资产 七、21 1, [auto-confirm:public-disclosure-v3]",0.94
688676.SH,金盘科技,2025,Q_S_DIVIDEND_PER_SHARE,0.68,confirmed,https://www.sse.com.cn/disclosure/listedinfo/announcement/c/new/2026-03-21/688676_20260321_XTVS.pdf,data/raw/688676.SH/2025/annual_report.pdf,105,"本公积金转增股本预案 √适用 □不适用 单位：元币种：人民币 每 10 股送红股数(股) 每 10 股派息数(元)(含税) 6.80 每 10 股转增数(股) 现金分红金额(含税) 312,170,567.52 合并报表中 [auto-confirm:public-disclosure-v3]",0.94
688676.SH,金盘科技,2025,Q_S_RD_RATE,4.9,confirmed,https://www.sse.com.cn/disclosure/listedinfo/announcement/c/new/2026-03-21/688676_20260321_XTVS.pdf,data/raw/688676.SH/2025/annual_report.pdf,11,的加权平均 净资产收益率(%) 12.98 13.92 减少0.94个百分点 15.67 研发投入占营业收入的比例(% ) 4.90 5.15 减少0.25个百分点 5.27 报告期末公司前三年主要会计数据和财务指标的说明 [auto-confirm:public-disclosure-v3],0.96
