company_code,company_name,report_year,indicator_code,candidate_count,distinct_values,source_pages,max_confidence,tier,next_action,reason
000009.SZ,中国宝安,2025,Q_G_DEBT_ASSET_RATE,2,2.49182|59.78,60|66,0.94,manual_signature_required,review_conflict_candidates,conflicting_values
000027.SZ,深圳能源,2025,Q_G_DEBT_ASSET_RATE,2,61.99|61.9918,119|134,0.94,manual_signature_required,review_conflict_candidates,conflicting_values
000027.SZ,深圳能源,2025,Q_G_ROE,3,1|4.66,8|317,0.92,manual_signature_required,review_conflict_candidates,conflicting_values
000531.SZ,穗恒运Ａ,2025,Q_S_DIVIDEND_PER_SHARE,2,0.05|1,37|136,0.94,manual_signature_required,review_conflict_candidates,conflicting_values
000554.SZ,泰山石油,2025,Q_S_DIVIDEND_PER_SHARE,4,0.023|0.085|72.119,13|40|44|183,0.94,manual_signature_required,review_conflict_candidates,conflicting_values
000600.SZ,建投能源,2025,Q_G_DEBT_ASSET_RATE,3,59.18|29512.3,21|105|112,0.94,manual_signature_required,review_conflict_candidates,conflicting_values
000937.SZ,冀中能源,2025,Q_S_DIVIDEND_PER_SHARE,3,0|0.1,34|153,0.94,manual_signature_required,review_conflict_candidates,conflicting_values
000968.SZ,蓝焰控股,2025,Q_S_DIVIDEND_PER_SHARE,3,0|0.05,43|199,0.94,manual_signature_required,review_conflict_candidates,conflicting_values
001258.SZ,立新能源,2025,Q_S_DIVIDEND_PER_SHARE,3,0|0.03,42|143,0.94,manual_signature_required,review_conflict_candidates,conflicting_values
001896.SZ,豫能控股,2025,Q_G_DEBT_ASSET_RATE,5,65|66.53|86.8|95,66|133|165,0.9,manual_signature_required,review_conflict_candidates,conflicting_values
00196.HK,HONGHUA GROUP,2025,Q_S_RD_RATE,3,2.97765|5.2,6|21|75,0.93,manual_signature_required,review_conflict_candidates,conflicting_values
002090.SZ,金智科技,2025,Q_S_DIVIDEND_PER_SHARE,2,0.025|0.045,50|174,0.94,manual_signature_required,review_conflict_candidates,conflicting_values
002245.SZ,蔚蓝锂芯,2025,Q_G_ROE,3,9.77|9.93,7|155,0.92,manual_signature_required,review_conflict_candidates,conflicting_values
002364.SZ,中恒电气,2025,Q_S_DIVIDEND_PER_SHARE,2,0.1|0.3,49|213,0.94,manual_signature_required,review_conflict_candidates,conflicting_values
002487.SZ,大金重工,2025,Q_S_DIVIDEND_PER_SHARE,2,0.087|1,40|197,0.94,manual_signature_required,review_conflict_candidates,conflicting_values
002533.SZ,金杯电工,2025,Q_G_ROE,3,1|14.15,7|219,0.92,manual_signature_required,review_conflict_candidates,conflicting_values
002616.SZ,长青集团,2025,Q_G_DEBT_ASSET_RATE,5,62.35|73.23,2|23|85|93,0.9,manual_signature_required,review_conflict_candidates,conflicting_values
002706.SZ,良信股份,2025,Q_S_DIVIDEND_PER_SHARE,3,0.2|0.22,38|190,0.94,manual_signature_required,review_conflict_candidates,conflicting_values
002882.SZ,金龙羽,2025,Q_S_DIVIDEND_PER_SHARE,3,0|0.1,37|155,0.94,manual_signature_required,review_conflict_candidates,conflicting_values
002893.SZ,京能热力,2025,Q_S_DIVIDEND_PER_SHARE,3,0|0.091,56|185,0.94,manual_signature_required,review_conflict_candidates,conflicting_values
002911.SZ,佛燃能源,2025,Q_S_DIVIDEND_PER_SHARE,2,0.27|0.52,51|232,0.94,manual_signature_required,review_conflict_candidates,conflicting_values
00600.HK,AXERA,2025,Q_E_GHG_INTENSITY,2,12.5|7003.1,77|85,0.92,manual_signature_required,review_conflict_candidates,conflicting_values
01205.HK,CITIC RESOURCES,2025,Q_E_GHG_REDUCTION_RATE,2,-14.2513|-14.2506,33|64,0.93,manual_signature_required,review_conflict_candidates,conflicting_values
300037.SZ,新宙邦,2025,Q_S_DIVIDEND_PER_SHARE,3,0.5|1,61|208,0.94,manual_signature_required,review_conflict_candidates,conflicting_values
300483.SZ,首华燃气,2025,Q_G_DEBT_ASSET_RATE,2,30|53.2,19|98,0.9,manual_signature_required,review_conflict_candidates,conflicting_values
300763.SZ,锦浪科技,2025,Q_G_DEBT_ASSET_RATE,2,53.27|70,102|118,0.9,manual_signature_required,review_conflict_candidates,conflicting_values
300953.SZ,震裕科技,2025,Q_G_DEBT_ASSET_RATE,4,65.89|73.8,92|101|219,0.9,manual_signature_required,review_conflict_candidates,conflicting_values
301002.SZ,崧盛股份,2025,Q_G_DEBT_ASSET_RATE,2,30|49.51,13|81,0.9,manual_signature_required,review_conflict_candidates,conflicting_values
301157.SZ,华塑科技,2025,Q_S_DIVIDEND_PER_SHARE,2,0.15|1,64|244,0.94,manual_signature_required,review_conflict_candidates,conflicting_values
301278.SZ,快可电子,2025,Q_S_DIVIDEND_PER_SHARE,3,0.04|0.55,45|195,0.94,manual_signature_required,review_conflict_candidates,conflicting_values
301439.SZ,泓淋电力,2025,Q_S_DIVIDEND_PER_SHARE,3,0|0.2,52|209,0.94,manual_signature_required,review_conflict_candidates,conflicting_values
600021.SH,上海电力,2025,Q_G_DEBT_ASSET_RATE,2,69.3152|69.32,104|256,0.94,manual_signature_required,review_conflict_candidates,conflicting_values
600025.SH,华能水电,2025,Q_G_DEBT_ASSET_RATE,3,61.13|61.1345,11|99|246,0.94,manual_signature_required,review_conflict_candidates,conflicting_values
600028.SH,中国石化,2025,Q_G_DEBT_ASSET_RATE,3,22.1|54.08,85|141|211,0.9,manual_signature_required,review_conflict_candidates,conflicting_values
600089.SH,特变电工,2025,Q_G_DEBT_ASSET_RATE,2,55.6|161.431,99|136,0.94,manual_signature_required,review_conflict_candidates,conflicting_values
600098.SH,广州发展,2025,Q_G_DEBT_ASSET_RATE,2,61.76|63.3932,69|88,0.94,manual_signature_required,review_conflict_candidates,conflicting_values
600116.SH,三峡水利,2025,Q_G_DEBT_ASSET_RATE,2,54.43|54.4319,15|98,0.94,manual_signature_required,review_conflict_candidates,conflicting_values
600152.SH,维科技术,2025,Q_G_DEBT_ASSET_RATE,2,43.0969|43.1,79|209,0.94,manual_signature_required,review_conflict_candidates,conflicting_values
600157.SH,永泰能源,2025,Q_G_DEBT_ASSET_RATE,2,51.1997|73.18,15|79,0.94,manual_signature_required,review_conflict_candidates,conflicting_values
600163.SH,中闽能源,2025,Q_G_DEBT_ASSET_RATE,2,33.8996|33.9,12|58,0.94,manual_signature_required,review_conflict_candidates,conflicting_values
600192.SH,长城电工,2025,Q_S_RD_RATE,3,5|5.29,11|16|23,0.96,manual_signature_required,review_conflict_candidates,conflicting_values
600212.SH,绿能慧充,2025,Q_G_DEBT_ASSET_RATE,3,65.89|76.7496|76.75,86|100,0.94,manual_signature_required,review_conflict_candidates,conflicting_values
600236.SH,桂冠电力,2025,Q_G_DEBT_ASSET_RATE,2,54.2174|54.22,11|103,0.94,manual_signature_required,review_conflict_candidates,conflicting_values
600241.SH,时代万恒,2025,Q_G_DEBT_ASSET_RATE,2,10.41|10.4117,57|138,0.94,manual_signature_required,review_conflict_candidates,conflicting_values
600379.SH,宝光股份,2025,Q_G_DEBT_ASSET_RATE,2,60.9176|60.92,14|70,0.94,manual_signature_required,review_conflict_candidates,conflicting_values
600379.SH,宝光股份,2025,Q_G_ROE,2,6.7|6.7057,7|14,0.92,manual_signature_required,review_conflict_candidates,conflicting_values
600405.SH,动力源,2025,Q_G_DEBT_ASSET_RATE,2,95.9068|95.91,43|93,0.94,manual_signature_required,review_conflict_candidates,conflicting_values
600416.SH,湘电股份,2025,Q_G_DEBT_ASSET_RATE,2,43.183|51.04,68|80,0.94,manual_signature_required,review_conflict_candidates,conflicting_values
600468.SH,百利电气,2025,Q_G_DEBT_ASSET_RATE,2,45.1906|53.78,8|53,0.94,manual_signature_required,review_conflict_candidates,conflicting_values
600478.SH,科力远,2025,Q_G_DEBT_ASSET_RATE,2,72.8164|72.82,20|80,0.94,manual_signature_required,review_conflict_candidates,conflicting_values
600483.SH,福能股份,2025,Q_G_DEBT_ASSET_RATE,2,41.8152|41.82,72|179,0.94,manual_signature_required,review_conflict_candidates,conflicting_values
600509.SH,天富能源,2025,Q_G_DEBT_ASSET_RATE,2,65.1663|65.17,10|91,0.94,manual_signature_required,review_conflict_candidates,conflicting_values
600578.SH,京能电力,2025,Q_G_DEBT_ASSET_RATE,2,64.25|64.2521,97|229,0.94,manual_signature_required,review_conflict_candidates,conflicting_values
600578.SH,京能电力,2025,Q_G_ROE,2,3.45|14.46,8|38,0.92,manual_signature_required,review_conflict_candidates,conflicting_values
600688.SH,上海石化,2025,Q_G_DEBT_ASSET_RATE,2,41.67|100,18,0.9,manual_signature_required,review_conflict_candidates,conflicting_values
600719.SH,大连热电,2025,Q_G_DEBT_ASSET_RATE,2,0.0857232|88.04,55|151,0.94,manual_signature_required,review_conflict_candidates,conflicting_values
600725.SH,云维股份,2025,Q_G_DEBT_ASSET_RATE,4,25.4793|25.48,7|9|11|67,0.94,manual_signature_required,review_conflict_candidates,conflicting_values
600744.SH,华银电力,2025,Q_G_DEBT_ASSET_RATE,4,92.41|93.2477|93.25,9|10|35|71,0.94,manual_signature_required,review_conflict_candidates,conflicting_values
600777.SH,*ST新潮,2025,Q_G_DEBT_ASSET_RATE,3,34.3467|34.35,5|13|85,0.94,manual_signature_required,review_conflict_candidates,conflicting_values
600795.SH,国电电力,2025,Q_G_DEBT_ASSET_RATE,2,73.4474|73.45,71|100,0.94,manual_signature_required,review_conflict_candidates,conflicting_values
600795.SH,国电电力,2025,Q_G_ROE,2,10|12.283,7|39,0.92,manual_signature_required,review_conflict_candidates,conflicting_values
600885.SH,宏发股份,2025,Q_G_DEBT_ASSET_RATE,2,31.47|31.4741,79|84,0.94,manual_signature_required,review_conflict_candidates,conflicting_values
600886.SH,国投电力,2025,Q_G_DEBT_ASSET_RATE,3,60.52|60.5241|80,16|65|98,0.94,manual_signature_required,review_conflict_candidates,conflicting_values
600886.SH,国投电力,2025,Q_G_ROE,3,5|10|11.35,9|10|65,0.92,manual_signature_required,review_conflict_candidates,conflicting_values
600900.SH,长江电力,2025,Q_G_DEBT_ASSET_RATE,2,58.2695|58.27,14|81,0.94,manual_signature_required,review_conflict_candidates,conflicting_values
600903.SH,贵州燃气,2025,Q_G_DEBT_ASSET_RATE,2,65.44|65.4408,96|102,0.94,manual_signature_required,review_conflict_candidates,conflicting_values
600905.SH,三峡能源,2025,Q_G_DEBT_ASSET_RATE,3,71.91|71.912,20|90|112,0.94,manual_signature_required,review_conflict_candidates,conflicting_values
600956.SH,新天绿能,2025,Q_G_DEBT_ASSET_RATE,3,66.3|66.3042,25|110|132,0.94,manual_signature_required,review_conflict_candidates,conflicting_values
600968.SH,海油发展,2025,Q_G_DEBT_ASSET_RATE,2,40.9785|40.98,14|70,0.94,manual_signature_required,review_conflict_candidates,conflicting_values
600968.SH,海油发展,2025,Q_S_RD_RATE,2,2.49|3.33,19|23,0.96,manual_signature_required,review_conflict_candidates,conflicting_values
600982.SH,宁波能源,2025,Q_G_DEBT_ASSET_RATE,2,61.6299|61.63,92|237,0.94,manual_signature_required,review_conflict_candidates,conflicting_values
600995.SH,南网储能,2025,Q_G_DEBT_ASSET_RATE,2,54.61|54.6122,11|88,0.94,manual_signature_required,review_conflict_candidates,conflicting_values
601001.SH,晋控煤业,2025,Q_G_DEBT_ASSET_RATE,3,23|23.17|23.1719,4|6|65,0.94,manual_signature_required,review_conflict_candidates,conflicting_values
601012.SH,隆基绿能,2025,Q_G_DEBT_ASSET_RATE,3,64.428|64.43,24|112|121,0.94,manual_signature_required,review_conflict_candidates,conflicting_values
601012.SH,隆基绿能,2025,Q_G_ROE,2,11.15|35,14|157,0.92,manual_signature_required,review_conflict_candidates,conflicting_values
601222.SH,林洋能源,2025,Q_G_DEBT_ASSET_RATE,2,29.41|39.184,23|89,0.94,manual_signature_required,review_conflict_candidates,conflicting_values
601233.SH,桐昆股份,2025,Q_S_DIVIDEND_PER_SHARE,2,0|0.12,14|51,0.94,manual_signature_required,review_conflict_candidates,conflicting_values
601615.SH,明阳智能,2025,Q_G_DEBT_ASSET_RATE,4,68.59|71.71|71.7114,87|98|236,0.94,manual_signature_required,review_conflict_candidates,conflicting_values
601619.SH,嘉泽新能,2025,Q_G_DEBT_ASSET_RATE,3,65.13|65.1318,62|69|74,0.94,manual_signature_required,review_conflict_candidates,conflicting_values
601669.SH,中国电建,2025,Q_G_DEBT_ASSET_RATE,2,79.59|79.5922,119|256,0.94,manual_signature_required,review_conflict_candidates,conflicting_values
601727.SH,上海电气,2025,Q_S_RD_RATE,2,5|45,20|57,0.96,manual_signature_required,review_conflict_candidates,conflicting_values
601778.SH,晶科科技,2025,Q_G_DEBT_ASSET_RATE,3,61.0862|61.09,92|106|115,0.94,manual_signature_required,review_conflict_candidates,conflicting_values
601918.SH,新集能源,2025,Q_G_DEBT_ASSET_RATE,2,63.5274|63.53,10|55,0.94,manual_signature_required,review_conflict_candidates,conflicting_values
603032.SH,德新科技,2025,Q_G_DEBT_ASSET_RATE,4,23.297|23.3|29.78,19|89|100,0.94,manual_signature_required,review_conflict_candidates,conflicting_values
603050.SH,科林电气,2025,Q_G_DEBT_ASSET_RATE,3,62.03|62.0326|67.36,56|67,0.94,manual_signature_required,review_conflict_candidates,conflicting_values
603097.SH,江苏华辰,2025,Q_G_DEBT_ASSET_RATE,2,56.45|65.0606,93|108,0.94,manual_signature_required,review_conflict_candidates,conflicting_values
603105.SH,芯能科技,2025,Q_G_DEBT_ASSET_RATE,2,49.6696|49.67,79|85,0.94,manual_signature_required,review_conflict_candidates,conflicting_values
603185.SH,弘元绿能,2025,Q_G_DEBT_ASSET_RATE,2,53.88|53.881,68|78,0.94,manual_signature_required,review_conflict_candidates,conflicting_values
603191.SH,望变电气,2025,Q_G_DEBT_ASSET_RATE,2,56.95|65.5809,79|99,0.94,manual_signature_required,review_conflict_candidates,conflicting_values
603212.SH,赛伍技术,2025,Q_G_DEBT_ASSET_RATE,2,39.1551|39.16,27|106,0.94,manual_signature_required,review_conflict_candidates,conflicting_values
603318.SH,水发燃气,2025,Q_G_DEBT_ASSET_RATE,3,60.35|60.3521,16|78|211,0.94,manual_signature_required,review_conflict_candidates,conflicting_values
603333.SH,尚纬股份,2025,Q_G_DEBT_ASSET_RATE,2,43.89|2566.59,19|86,0.94,manual_signature_required,review_conflict_candidates,conflicting_values
603619.SH,中曼石油,2025,Q_G_DEBT_ASSET_RATE,2,63.0777|63.08,97|226,0.94,manual_signature_required,review_conflict_candidates,conflicting_values
603628.SH,清源股份,2025,Q_G_DEBT_ASSET_RATE,4,57.9|59.8991|59.9,76|82|88,0.94,manual_signature_required,review_conflict_candidates,conflicting_values
603659.SH,璞泰来,2025,Q_G_DEBT_ASSET_RATE,2,52.9254|53,78|180,0.94,manual_signature_required,review_conflict_candidates,conflicting_values
603689.SH,皖天然气,2025,Q_G_DEBT_ASSET_RATE,3,42.96|42.961,14|79|85,0.94,manual_signature_required,review_conflict_candidates,conflicting_values
603693.SH,江苏新能,2025,Q_G_DEBT_ASSET_RATE,2,53.34|53.3444,18|78,0.94,manual_signature_required,review_conflict_candidates,conflicting_values
603727.SH,博迈科,2025,Q_G_DEBT_ASSET_RATE,3,29.0181|29.02|40.66,62|75,0.94,manual_signature_required,review_conflict_candidates,conflicting_values
603806.SH,福斯特,2025,Q_G_DEBT_ASSET_RATE,3,19.5197|19.52,25|97|102,0.94,manual_signature_required,review_conflict_candidates,conflicting_values
603861.SH,白云电器,2025,Q_G_ROE,4,1|5.51,7|8|29,0.92,manual_signature_required,review_conflict_candidates,conflicting_values
603906.SH,龙蟠科技,2025,Q_G_DEBT_ASSET_RATE,3,74.94|79.77|79.7703,130|142,0.94,manual_signature_required,review_conflict_candidates,conflicting_values
605090.SH,九丰能源,2025,Q_G_DEBT_ASSET_RATE,3,10.6561|26.98,30|126|144,0.94,manual_signature_required,review_conflict_candidates,conflicting_values
605117.SH,德业股份,2025,Q_S_DIVIDEND_PER_SHARE,2,1.8|3.01,54|65,0.95,manual_signature_required,review_conflict_candidates,conflicting_values
605162.SH,新中港,2025,Q_G_DEBT_ASSET_RATE,4,28.44|28.4427|29.96,68|74|174,0.94,manual_signature_required,review_conflict_candidates,conflicting_values
605222.SH,起帆电缆,2025,Q_G_DEBT_ASSET_RATE,3,66.6|68.4065|68.41,82|87,0.94,manual_signature_required,review_conflict_candidates,conflicting_values
605378.SH,野马电池,2025,Q_G_DEBT_ASSET_RATE,2,15.4058|15.41,71|171,0.94,manual_signature_required,review_conflict_candidates,conflicting_values
688063.SH,派能科技,2025,Q_G_DEBT_ASSET_RATE,2,30.3256|70,80|153,0.94,manual_signature_required,review_conflict_candidates,conflicting_values
688116.SH,天奈科技,2025,Q_G_DEBT_ASSET_RATE,3,33.5961|33.6|42.33,123|140,0.94,manual_signature_required,review_conflict_candidates,conflicting_values
688148.SH,芳源股份,2025,Q_G_DEBT_ASSET_RATE,4,70|83.77|83.7747,32|60|98|106,0.94,manual_signature_required,review_conflict_candidates,conflicting_values
688223.SH,晶科能源,2025,Q_G_DEBT_ASSET_RATE,2,77.1988|77.2,121|136,0.94,manual_signature_required,review_conflict_candidates,conflicting_values
688226.SH,威腾电气,2025,Q_G_DEBT_ASSET_RATE,3,64.58|65.52|65.5235,191|200,0.94,manual_signature_required,review_conflict_candidates,conflicting_values
688275.SH,万润新能,2025,Q_G_DEBT_ASSET_RATE,4,68.39|73.56|73.5621,132|144|257,0.94,manual_signature_required,review_conflict_candidates,conflicting_values
688303.SH,大全能源,2025,Q_G_DEBT_ASSET_RATE,2,8.62|8.62095,17|118,0.94,manual_signature_required,review_conflict_candidates,conflicting_values
688345.SH,博力威,2025,Q_G_DEBT_ASSET_RATE,3,60.85|61.1769|61.18,98|109,0.94,manual_signature_required,review_conflict_candidates,conflicting_values
688353.SH,华盛锂电,2025,Q_G_DEBT_ASSET_RATE,3,16.87|19.54|19.5427,137|151,0.94,manual_signature_required,review_conflict_candidates,conflicting_values
688388.SH,嘉元科技,2025,Q_G_DEBT_ASSET_RATE,4,45.98|51.92|51.921|70,85|134|142|154,0.94,manual_signature_required,review_conflict_candidates,conflicting_values
688392.SH,骄成超声,2025,Q_G_DEBT_ASSET_RATE,2,24.1566|24.16,93|106,0.94,manual_signature_required,review_conflict_candidates,conflicting_values
688472.SH,阿特斯,2025,Q_G_DEBT_ASSET_RATE,2,63.65|63.6517,166|182,0.94,manual_signature_required,review_conflict_candidates,conflicting_values
688499.SH,利元亨,2025,Q_G_DEBT_ASSET_RATE,2,72.68|72.6819,60|156,0.94,manual_signature_required,review_conflict_candidates,conflicting_values
688499.SH,利元亨,2025,Q_G_ROE,3,1.54|2.26,7|8,0.92,manual_signature_required,review_conflict_candidates,conflicting_values
688503.SH,聚和材料,2025,Q_G_DEBT_ASSET_RATE,2,41.8|58.2576,113|124,0.94,manual_signature_required,review_conflict_candidates,conflicting_values
688517.SH,金冠电气,2025,Q_G_DEBT_ASSET_RATE,2,39.4193|39.42,130|243,0.94,manual_signature_required,review_conflict_candidates,conflicting_values
688551.SH,科威尔,2025,Q_G_DEBT_ASSET_RATE,3,21.3|21.3025|24.01,96|106,0.94,manual_signature_required,review_conflict_candidates,conflicting_values
688556.SH,高测股份,2025,Q_G_DEBT_ASSET_RATE,3,48.05|48.0522|52.53,100|115,0.94,manual_signature_required,review_conflict_candidates,conflicting_values
688567.SH,孚能科技,2025,Q_G_DEBT_ASSET_RATE,2,59.3688|59.37,26|113,0.94,manual_signature_required,review_conflict_candidates,conflicting_values
688597.SH,煜邦电力,2025,Q_G_DEBT_ASSET_RATE,2,55.47|55.5215,178|184,0.94,manual_signature_required,review_conflict_candidates,conflicting_values
688598.SH,金博股份,2025,Q_G_DEBT_ASSET_RATE,3,16.99|23.2159|23.22,93|105,0.94,manual_signature_required,review_conflict_candidates,conflicting_values
688599.SH,天合光能,2025,Q_G_DEBT_ASSET_RATE,2,74.02|76.9296,131|145,0.94,manual_signature_required,review_conflict_candidates,conflicting_values
688638.SH,誉辰智能,2025,Q_G_DEBT_ASSET_RATE,3,52.7|67.42|67.4207,150|165,0.94,manual_signature_required,review_conflict_candidates,conflicting_values
688676.SH,金盘科技,2025,Q_G_DEBT_ASSET_RATE,3,53.76|57.86|57.8641,161|173|299,0.94,manual_signature_required,review_conflict_candidates,conflicting_values
688680.SH,海优新材,2025,Q_G_DEBT_ASSET_RATE,2,56.2|56.2016,100|116,0.94,manual_signature_required,review_conflict_candidates,conflicting_values
688707.SH,振华新材,2025,Q_G_DEBT_ASSET_RATE,2,39.29|39.2902,91|190,0.94,manual_signature_required,review_conflict_candidates,conflicting_values
688719.SH,爱科赛博,2025,Q_G_DEBT_ASSET_RATE,2,31.91|31.9131,137|250,0.94,manual_signature_required,review_conflict_candidates,conflicting_values
688772.SH,珠海冠宇,2025,Q_G_DEBT_ASSET_RATE,5,65.32|68.185|68.19,103|111|117|234,0.94,manual_signature_required,review_conflict_candidates,conflicting_values
688778.SH,厦钨新能,2025,Q_G_DEBT_ASSET_RATE,4,37.98|56.29|56.2919,115|132|257,0.94,manual_signature_required,review_conflict_candidates,conflicting_values
688779.SH,五矿新能,2025,Q_G_DEBT_ASSET_RATE,3,45.19|55.13|55.1327,83|98,0.94,manual_signature_required,review_conflict_candidates,conflicting_values
688819.SH,天能股份,2025,Q_G_DEBT_ASSET_RATE,2,60.9869|60.99,34|124,0.94,manual_signature_required,review_conflict_candidates,conflicting_values
920010.BJ,凯添燃气,2025,Q_G_ROE,2,3.85|4.04,9,0.92,manual_signature_required,review_conflict_candidates,conflicting_values
920046.BJ,亿能电力,2025,Q_G_ROE,2,5.74|6.05,9,0.92,manual_signature_required,review_conflict_candidates,conflicting_values
920062.BJ,科润智控,2025,Q_G_ROE,3,0.43|2.17|2.19,11|190,0.92,manual_signature_required,review_conflict_candidates,conflicting_values
920110.BJ,雷特科技,2025,Q_G_ROE,2,11.39|11.88,12,0.92,manual_signature_required,review_conflict_candidates,conflicting_values
920152.BJ,昆工科技,2025,Q_G_ROE,2,66.73|67.79,9,0.92,manual_signature_required,review_conflict_candidates,conflicting_values
920167.BJ,同享科技,2025,Q_G_ROE,2,3.28|3.5,9,0.92,manual_signature_required,review_conflict_candidates,conflicting_values
920239.BJ,长虹能源,2025,Q_G_ROE,3,22.07|24.94|25.11,9|172,0.92,manual_signature_required,review_conflict_candidates,conflicting_values
920252.BJ,天宏锂电,2025,Q_G_ROE,2,1.86|3.46,9,0.92,manual_signature_required,review_conflict_candidates,conflicting_values
920299.BJ,灿能电力,2025,Q_G_ROE,2,8.08|8.86,9,0.92,manual_signature_required,review_conflict_candidates,conflicting_values
920368.BJ,连城数控,2025,Q_G_ROE,2,0.59|2.02,9,0.92,manual_signature_required,review_conflict_candidates,conflicting_values
920375.BJ,派诺科技,2025,Q_G_ROE,2,0.83|1.2,10,0.92,manual_signature_required,review_conflict_candidates,conflicting_values
920414.BJ,欧普泰,2025,Q_G_ROE,2,5.62|6.23,9,0.92,manual_signature_required,review_conflict_candidates,conflicting_values
920496.BJ,许昌智能,2025,Q_G_ROE,3,1.3|1.91|9,9|208,0.92,manual_signature_required,review_conflict_candidates,conflicting_values
920522.BJ,纳科诺尔,2025,Q_G_ROE,2,5.78|6.23,9,0.92,manual_signature_required,review_conflict_candidates,conflicting_values
920523.BJ,德瑞锂电,2025,Q_G_ROE,2,22.71|22.77,9,0.92,manual_signature_required,review_conflict_candidates,conflicting_values
920556.BJ,雅达股份,2025,Q_G_ROE,2,4.43|5.32,9,0.92,manual_signature_required,review_conflict_candidates,conflicting_values
920627.BJ,力王股份,2025,Q_G_ROE,3,5.58|5.89,9|160,0.92,manual_signature_required,review_conflict_candidates,conflicting_values
920639.BJ,晨光电缆,2025,Q_G_ROE,3,1.93|2.08|2.17,9|172,0.92,manual_signature_required,review_conflict_candidates,conflicting_values
920682.BJ,球冠电缆,2025,Q_G_ROE,2,8.19|8.44,9,0.92,manual_signature_required,review_conflict_candidates,conflicting_values
920770.BJ,艾能聚,2025,Q_G_ROE,4,7.52|8.46,9|12|161,0.92,manual_signature_required,review_conflict_candidates,conflicting_values
920779.BJ,武汉蓝电,2025,Q_G_ROE,4,11.46|12.59,9|159,0.92,manual_signature_required,review_conflict_candidates,conflicting_values
920809.BJ,安达科技,2025,Q_G_ROE,4,15.24|16.16,11|148,0.92,manual_signature_required,review_conflict_candidates,conflicting_values
920985.BJ,海泰新能,2025,Q_G_ROE,4,11.55|13.41|64.09|65.28,9|12,0.92,manual_signature_required,review_conflict_candidates,conflicting_values
03337.HK,ANTON OILFIELD,2025,Q_E_ALTERNATIVE_WATER_RATE,2,8.53,24|51,0.93,consistent_multi_review,manual_spot_check,consistent_but_not_auto_eligible
605117.SH,德业股份,2025,Q_S_SAFETY_INVEST_RATE,2,0.12,60|67,0.94,consistent_multi_review,manual_spot_check,consistent_but_not_auto_eligible
000543.SZ,皖能电力,2025,Q_S_RD_RATE,1,0.78,15,0.82,single_candidate_review,manual_spot_check,conflicting_or_ineligible_sources
000791.SZ,甘肃能源,2025,Q_S_RD_RATE,1,0.06,33,0.82,single_candidate_review,manual_spot_check,conflicting_or_ineligible_sources
002980.SZ,华盛昌,2025,Q_S_RD_RATE,1,10.26,27,0.82,single_candidate_review,manual_spot_check,conflicting_or_ineligible_sources
01250.HK,SDHS NEW ENERGY,2025,Q_S_SAFETY_INVEST_RATE,1,1.77,58,0.94,single_candidate_review,manual_spot_check,indicator_not_auto_eligible
01798.HK,DATANG RENEW,2025,Q_S_SAFETY_INVEST_RATE,1,4.41,165,0.94,single_candidate_review,manual_spot_check,indicator_not_auto_eligible
03337.HK,ANTON OILFIELD,2025,Q_S_DONATION_RATE,1,0.03,53,0.94,single_candidate_review,manual_spot_check,indicator_not_auto_eligible
600167.SH,联美控股,2025,Q_E_ALTERNATIVE_WATER_RATE,1,8.71,20,0.93,single_candidate_review,manual_spot_check,indicator_not_auto_eligible
600207.SH,安彩高科,2025,Q_S_SAFETY_INVEST_RATE,1,0.42,45,0.94,single_candidate_review,manual_spot_check,indicator_not_auto_eligible
600438.SH,通威股份,2025,Q_E_ALTERNATIVE_WATER_RATE,1,98,11,0.93,single_candidate_review,manual_spot_check,indicator_not_auto_eligible
600508.SH,上海能源,2025,Q_S_RD_RATE,1,4.12,9,0.82,single_candidate_review,manual_spot_check,conflicting_or_ineligible_sources
000009.SZ,中国宝安,2025,Q_G_CAPITAL_ACCUMULATION,1,-2.14465,66,0.94,auto_policy_eligible,run_resolve_pending,official_annual_direct_consistent
000009.SZ,中国宝安,2025,Q_G_ROE,1,2.04,7,0.92,auto_policy_eligible,run_resolve_pending,official_annual_direct_consistent
000009.SZ,中国宝安,2025,Q_S_DIVIDEND_PER_SHARE,1,0.03,43,0.94,auto_policy_eligible,run_resolve_pending,official_annual_direct_consistent
00002.HK,CLP HOLDINGS,2025,Q_G_CAPITAL_ACCUMULATION,1,2.90433,233,0.94,auto_policy_eligible,run_resolve_pending,official_annual_direct_consistent
00002.HK,CLP HOLDINGS,2025,Q_G_EBITDA_INTEREST,1,8.63495,182,0.94,auto_policy_eligible,run_resolve_pending,official_annual_direct_consistent
00002.HK,CLP HOLDINGS,2025,Q_G_EBITDA_MARGIN,1,29.3248,166,0.94,auto_policy_eligible,run_resolve_pending,strict_extraction_evidence_consistent
00002.HK,CLP HOLDINGS,2025,Q_G_REVENUE_GROWTH,1,3.34704,17,0.93,auto_policy_eligible,run_resolve_pending,official_annual_direct_consistent
00002.HK,CLP HOLDINGS,2025,Q_G_ROE,1,10.9664,233,0.94,auto_policy_eligible,run_resolve_pending,official_annual_direct_consistent
000027.SZ,深圳能源,2025,Q_G_CAPITAL_ACCUMULATION,1,3.95263,135,0.94,auto_policy_eligible,run_resolve_pending,official_annual_direct_consistent
000027.SZ,深圳能源,2025,Q_G_TWO_FUNDS_RATE,1,37.5126,132,0.94,auto_policy_eligible,run_resolve_pending,official_annual_direct_consistent
000027.SZ,深圳能源,2025,Q_S_DIVIDEND_PER_SHARE,1,0.16,47,0.94,auto_policy_eligible,run_resolve_pending,official_annual_direct_consistent
00003.HK,HK & CHINA GAS,2025,Q_G_CAPITAL_ACCUMULATION,1,4.47189,120,0.94,auto_policy_eligible,run_resolve_pending,official_annual_direct_consistent
00003.HK,HK & CHINA GAS,2025,Q_G_REVENUE_GROWTH,1,-1.88608,179,0.93,auto_policy_eligible,run_resolve_pending,official_annual_direct_consistent
00003.HK,HK & CHINA GAS,2025,Q_G_ROE,1,9.61175,120,0.94,auto_policy_eligible,run_resolve_pending,official_annual_direct_consistent
000037.SZ,深南电A,2025,Q_G_DEBT_ASSET_RATE,1,65,43,0.9,auto_policy_eligible,run_resolve_pending,official_annual_direct_consistent
000037.SZ,深南电A,2025,Q_G_ROE,1,10.28,7,0.92,auto_policy_eligible,run_resolve_pending,official_annual_direct_consistent
000037.SZ,深南电A,2025,Q_S_DIVIDEND_PER_SHARE,1,0.032,43,0.94,auto_policy_eligible,run_resolve_pending,official_annual_direct_consistent
000049.SZ,德赛电池,2025,Q_G_CAPITAL_ACCUMULATION,1,-9998.26,61,0.94,auto_policy_eligible,run_resolve_pending,official_annual_direct_consistent
000049.SZ,德赛电池,2025,Q_G_DEBT_ASSET_RATE,1,12.6782,61,0.94,auto_policy_eligible,run_resolve_pending,consolidated_statement_year_end_derived
000049.SZ,德赛电池,2025,Q_G_ROE,1,4.4,7,0.92,auto_policy_eligible,run_resolve_pending,official_annual_direct_consistent
000049.SZ,德赛电池,2025,Q_G_TWO_FUNDS_RATE,1,200,61,0.94,auto_policy_eligible,run_resolve_pending,official_annual_direct_consistent
000049.SZ,德赛电池,2025,Q_S_DIVIDEND_PER_SHARE,1,0.23,38,0.94,auto_policy_eligible,run_resolve_pending,official_annual_direct_consistent
00006.HK,POWER ASSETS,2025,Q_G_EBITDA_INTEREST,1,29.307,80,0.94,auto_policy_eligible,run_resolve_pending,official_annual_direct_consistent
00006.HK,POWER ASSETS,2025,Q_G_REVENUE_GROWTH,1,-16.1045,80,0.93,auto_policy_eligible,run_resolve_pending,official_annual_direct_consistent
000096.SZ,广聚能源,2025,Q_G_ROE,1,4.14,8,0.92,auto_policy_eligible,run_resolve_pending,official_annual_direct_consistent
000096.SZ,广聚能源,2025,Q_S_DIVIDEND_PER_SHARE,1,0.075,37,0.94,auto_policy_eligible,run_resolve_pending,official_annual_direct_consistent
000155.SZ,川能动力,2025,Q_G_DEBT_ASSET_RATE,1,52.94,110,0.9,auto_policy_eligible,run_resolve_pending,official_annual_direct_consistent
000155.SZ,川能动力,2025,Q_G_ROE,1,4.81,9,0.92,auto_policy_eligible,run_resolve_pending,official_annual_direct_consistent
000400.SZ,许继电气,2025,Q_G_ROE,1,9.94,7,0.92,auto_policy_eligible,run_resolve_pending,official_annual_direct_consistent
000400.SZ,许继电气,2025,Q_S_DIVIDEND_PER_SHARE,2,0.221,48|189,0.94,auto_policy_eligible,run_resolve_pending,official_annual_direct_consistent
000407.SZ,胜利股份,2025,Q_G_ROE,1,5.14,6,0.92,auto_policy_eligible,run_resolve_pending,official_annual_direct_consistent
000407.SZ,胜利股份,2025,Q_S_DIVIDEND_PER_SHARE,1,0.06,41,0.94,auto_policy_eligible,run_resolve_pending,official_annual_direct_consistent
00042.HK,NE ELECTRIC,2025,Q_G_EBITDA_INTEREST,1,-281.322,135,0.94,auto_policy_eligible,run_resolve_pending,official_annual_direct_consistent
00042.HK,NE ELECTRIC,2025,Q_G_EBITDA_MARGIN,1,-43.9642,141,0.94,auto_policy_eligible,run_resolve_pending,strict_extraction_evidence_consistent
00042.HK,NE ELECTRIC,2025,Q_G_REVENUE_GROWTH,1,4.94052,135,0.93,auto_policy_eligible,run_resolve_pending,official_annual_direct_consistent
000421.SZ,南京公用,2025,Q_G_ROE,1,1.76,8,0.92,auto_policy_eligible,run_resolve_pending,official_annual_direct_consistent
000421.SZ,南京公用,2025,Q_S_DIVIDEND_PER_SHARE,2,0.06,60|214,0.94,auto_policy_eligible,run_resolve_pending,official_annual_direct_consistent
000531.SZ,穗恒运Ａ,2025,Q_E_ENERGY_INTENSITY,1,5920,34,0.82,auto_policy_eligible,run_resolve_pending,official_esg_direct_consistent
000531.SZ,穗恒运Ａ,2025,Q_E_GHG_INTENSITY,1,18790,24,0.82,auto_policy_eligible,run_resolve_pending,official_esg_direct_consistent
000531.SZ,穗恒运Ａ,2025,Q_G_ROE,1,4.47,7,0.92,auto_policy_eligible,run_resolve_pending,official_annual_direct_consistent
000533.SZ,顺钠股份,2025,Q_G_ROE,1,11.1,8,0.92,auto_policy_eligible,run_resolve_pending,official_annual_direct_consistent
000537.SZ,绿发电力,2025,Q_G_DEBT_ASSET_RATE,1,73.81,99,0.9,auto_policy_eligible,run_resolve_pending,official_annual_direct_consistent
000537.SZ,绿发电力,2025,Q_G_ROE,1,4.05,8,0.92,auto_policy_eligible,run_resolve_pending,official_annual_direct_consistent
000537.SZ,绿发电力,2025,Q_S_DIVIDEND_PER_SHARE,2,0.12,53|188,0.94,auto_policy_eligible,run_resolve_pending,official_annual_direct_consistent
000539.SZ,粤电力Ａ,2025,Q_G_DEBT_ASSET_RATE,3,77.71,17|90|214,0.9,auto_policy_eligible,run_resolve_pending,official_annual_direct_consistent
000539.SZ,粤电力Ａ,2025,Q_G_ROE,1,2.59,10,0.92,auto_policy_eligible,run_resolve_pending,official_annual_direct_consistent
000539.SZ,粤电力Ａ,2025,Q_S_DIVIDEND_PER_SHARE,1,0.02,52,0.94,auto_policy_eligible,run_resolve_pending,official_annual_direct_consistent
000543.SZ,皖能电力,2025,Q_G_DEBT_ASSET_RATE,1,62.72,76,0.9,auto_policy_eligible,run_resolve_pending,official_annual_direct_consistent
000543.SZ,皖能电力,2025,Q_G_ROE,1,12.95,9,0.92,auto_policy_eligible,run_resolve_pending,official_annual_direct_consistent
000543.SZ,皖能电力,2025,Q_S_DIVIDEND_PER_SHARE,2,0.379,45|225,0.94,auto_policy_eligible,run_resolve_pending,official_annual_direct_consistent
000554.SZ,泰山石油,2025,Q_G_ROE,1,14.22,8,0.92,auto_policy_eligible,run_resolve_pending,official_annual_direct_consistent
000591.SZ,太阳能,2025,Q_G_DEBT_ASSET_RATE,1,53.89,87,0.9,auto_policy_eligible,run_resolve_pending,official_annual_direct_consistent
000591.SZ,太阳能,2025,Q_G_ROE,1,3.47,8,0.92,auto_policy_eligible,run_resolve_pending,official_annual_direct_consistent
000591.SZ,太阳能,2025,Q_S_DIVIDEND_PER_SHARE,1,0.013,43,0.94,auto_policy_eligible,run_resolve_pending,official_annual_direct_consistent
000593.SZ,德龙汇能,2025,Q_G_ROE,1,2.37,7,0.92,auto_policy_eligible,run_resolve_pending,official_annual_direct_consistent
000600.SZ,建投能源,2025,Q_G_CAPITAL_ACCUMULATION,1,23.1092,112,0.94,auto_policy_eligible,run_resolve_pending,official_annual_direct_consistent
000600.SZ,建投能源,2025,Q_G_ROE,1,16.58,9,0.92,auto_policy_eligible,run_resolve_pending,official_annual_direct_consistent
000600.SZ,建投能源,2025,Q_G_TWO_FUNDS_RATE,1,3024.71,111,0.94,auto_policy_eligible,run_resolve_pending,official_annual_direct_consistent
000600.SZ,建投能源,2025,Q_S_DIVIDEND_PER_SHARE,2,0.32,68|309,0.94,auto_policy_eligible,run_resolve_pending,official_annual_direct_consistent
000601.SZ,韶能股份,2025,Q_G_DEBT_ASSET_RATE,1,65.94,213,0.9,auto_policy_eligible,run_resolve_pending,official_annual_direct_consistent
000601.SZ,韶能股份,2025,Q_G_ROE,1,2.61,9,0.92,auto_policy_eligible,run_resolve_pending,official_annual_direct_consistent
000601.SZ,韶能股份,2025,Q_S_DIVIDEND_PER_SHARE,1,0.05,52,0.94,auto_policy_eligible,run_resolve_pending,official_annual_direct_consistent
00061.HK,GREEN LEADER,2025,Q_G_CAPITAL_ACCUMULATION,1,-19.8568,182,0.94,auto_policy_eligible,run_resolve_pending,official_annual_direct_consistent
00061.HK,GREEN LEADER,2025,Q_G_REVENUE_GROWTH,1,28.0312,82,0.93,auto_policy_eligible,run_resolve_pending,official_annual_direct_consistent
00061.HK,GREEN LEADER,2025,Q_G_ROE,1,-32.8145,182,0.94,auto_policy_eligible,run_resolve_pending,official_annual_direct_consistent
000637.SZ,茂化实华,2025,Q_G_DEBT_ASSET_RATE,1,69.03,116,0.9,auto_policy_eligible,run_resolve_pending,official_annual_direct_consistent
000637.SZ,茂化实华,2025,Q_G_ROE,1,24.66,7,0.92,auto_policy_eligible,run_resolve_pending,official_annual_direct_consistent
00065.HK,GRAND OCEAN AR,2025,Q_G_CAPITAL_ACCUMULATION,1,-27.3758,88,0.94,auto_policy_eligible,run_resolve_pending,official_annual_direct_consistent
00065.HK,GRAND OCEAN AR,2025,Q_G_CASH_CURRENT_LIABILITY,1,-14.4056,90,0.93,auto_policy_eligible,run_resolve_pending,official_annual_direct_consistent
00065.HK,GRAND OCEAN AR,2025,Q_G_CURRENT_ASSET_TURNOVER,1,1.45529,87,0.94,auto_policy_eligible,run_resolve_pending,official_annual_direct_consistent
00065.HK,GRAND OCEAN AR,2025,Q_G_QUICK_RATIO,1,139.118,87,0.94,auto_policy_eligible,run_resolve_pending,strict_extraction_evidence_consistent
00065.HK,GRAND OCEAN AR,2025,Q_G_REVENUE_GROWTH,1,-10.7122,85,0.93,auto_policy_eligible,run_resolve_pending,official_annual_direct_consistent
00065.HK,GRAND OCEAN AR,2025,Q_G_ROE,1,-47.0432,88,0.94,auto_policy_eligible,run_resolve_pending,official_annual_direct_consistent
000682.SZ,东方电子,2025,Q_G_ROE,1,16.5,7,0.92,auto_policy_eligible,run_resolve_pending,official_annual_direct_consistent
000682.SZ,东方电子,2025,Q_S_DIVIDEND_PER_SHARE,1,0.05,66,0.94,auto_policy_eligible,run_resolve_pending,official_annual_direct_consistent
000690.SZ,宝新能源,2025,Q_G_CAPITAL_ACCUMULATION,1,4.58885,61,0.94,auto_policy_eligible,run_resolve_pending,official_annual_direct_consistent
000690.SZ,宝新能源,2025,Q_G_TWO_FUNDS_RATE,1,19.422,59,0.94,auto_policy_eligible,run_resolve_pending,official_annual_direct_consistent
000690.SZ,宝新能源,2025,Q_S_DIVIDEND_PER_SHARE,2,0.2,38|153,0.94,auto_policy_eligible,run_resolve_pending,official_annual_direct_consistent
000692.SZ,惠天热电,2025,Q_G_ROE,1,32.15,215,0.92,auto_policy_eligible,run_resolve_pending,official_annual_direct_consistent
000703.SZ,恒逸石化,2025,Q_G_DEBT_ASSET_RATE,2,72.28,136|137,0.9,auto_policy_eligible,run_resolve_pending,official_annual_direct_consistent
000703.SZ,恒逸石化,2025,Q_S_DIVIDEND_PER_SHARE,1,0.05,82,0.94,auto_policy_eligible,run_resolve_pending,official_annual_direct_consistent
000720.SZ,新能泰山,2025,Q_G_DEBT_ASSET_RATE,1,58.27,138,0.9,auto_policy_eligible,run_resolve_pending,official_annual_direct_consistent
000720.SZ,新能泰山,2025,Q_G_ROE,1,21.54,8,0.92,auto_policy_eligible,run_resolve_pending,official_annual_direct_consistent
000722.SZ,湖南发展,2025,Q_G_DEBT_ASSET_RATE,1,10.09,13,0.9,auto_policy_eligible,run_resolve_pending,official_annual_direct_consistent
000722.SZ,湖南发展,2025,Q_G_ROE,1,2.31,9,0.92,auto_policy_eligible,run_resolve_pending,official_annual_direct_consistent
000722.SZ,湖南发展,2025,Q_S_DIVIDEND_PER_SHARE,3,0.05,41|173|174,0.94,auto_policy_eligible,run_resolve_pending,official_annual_direct_consistent
000723.SZ,美锦能源,2025,Q_G_DEBT_ASSET_RATE,1,65.15,96,0.9,auto_policy_eligible,run_resolve_pending,official_annual_direct_consistent
000723.SZ,美锦能源,2025,Q_G_ROE,1,8.13,7,0.92,auto_policy_eligible,run_resolve_pending,official_annual_direct_consistent
000767.SZ,晋控电力,2025,Q_G_DEBT_ASSET_RATE,1,81.37,79,0.9,auto_policy_eligible,run_resolve_pending,official_annual_direct_consistent
000767.SZ,晋控电力,2025,Q_G_ROE,1,0.65,7,0.92,auto_policy_eligible,run_resolve_pending,official_annual_direct_consistent
000791.SZ,甘肃能源,2025,Q_G_DEBT_ASSET_RATE,1,52.35,80,0.9,auto_policy_eligible,run_resolve_pending,official_annual_direct_consistent
000791.SZ,甘肃能源,2025,Q_G_ROE,1,14.4,9,0.92,auto_policy_eligible,run_resolve_pending,official_annual_direct_consistent
000791.SZ,甘肃能源,2025,Q_S_DIVIDEND_PER_SHARE,2,0.23,46|176,0.94,auto_policy_eligible,run_resolve_pending,official_annual_direct_consistent
000862.SZ,银星能源,2025,Q_G_ROE,1,1.04,7,0.92,auto_policy_eligible,run_resolve_pending,official_annual_direct_consistent
000875.SZ,电投绿能,2025,Q_G_DEBT_ASSET_RATE,1,69.57,99,0.9,auto_policy_eligible,run_resolve_pending,official_annual_direct_consistent
000875.SZ,电投绿能,2025,Q_G_ROE,1,3.03,7,0.92,auto_policy_eligible,run_resolve_pending,official_annual_direct_consistent
000875.SZ,电投绿能,2025,Q_S_DIVIDEND_PER_SHARE,2,0.016,43|251,0.94,auto_policy_eligible,run_resolve_pending,official_annual_direct_consistent
000883.SZ,湖北能源,2025,Q_G_DEBT_ASSET_RATE,1,55.84,104,0.9,auto_policy_eligible,run_resolve_pending,official_annual_direct_consistent
000883.SZ,湖北能源,2025,Q_G_ROE,1,5.34,7,0.92,auto_policy_eligible,run_resolve_pending,official_annual_direct_consistent
000883.SZ,湖北能源,2025,Q_S_DIVIDEND_PER_SHARE,2,0.15,52|248,0.94,auto_policy_eligible,run_resolve_pending,official_annual_direct_consistent
000899.SZ,赣能股份,2025,Q_G_DEBT_ASSET_RATE,2,65.33,14|77,0.9,auto_policy_eligible,run_resolve_pending,official_annual_direct_consistent
000899.SZ,赣能股份,2025,Q_G_ROE,1,16.5,7,0.92,auto_policy_eligible,run_resolve_pending,official_annual_direct_consistent
000899.SZ,赣能股份,2025,Q_S_DIVIDEND_PER_SHARE,2,0.567,49|162,0.94,auto_policy_eligible,run_resolve_pending,official_annual_direct_consistent
000922.SZ,佳电股份,2025,Q_G_ROE,1,5.85,8,0.92,auto_policy_eligible,run_resolve_pending,official_annual_direct_consistent
000922.SZ,佳电股份,2025,Q_S_DIVIDEND_PER_SHARE,2,0.11,66|247,0.94,auto_policy_eligible,run_resolve_pending,official_annual_direct_consistent
000937.SZ,冀中能源,2025,Q_G_DEBT_ASSET_RATE,1,59.54,61,0.9,auto_policy_eligible,run_resolve_pending,official_annual_direct_consistent
000937.SZ,冀中能源,2025,Q_G_ROE,1,3.07,7,0.92,auto_policy_eligible,run_resolve_pending,official_annual_direct_consistent
000966.SZ,长源电力,2025,Q_G_ROE,1,0.49,8,0.92,auto_policy_eligible,run_resolve_pending,official_annual_direct_consistent
000968.SZ,蓝焰控股,2025,Q_G_DEBT_ASSET_RATE,1,43.4,73,0.9,auto_policy_eligible,run_resolve_pending,official_annual_direct_consistent
000968.SZ,蓝焰控股,2025,Q_G_ROE,1,5.5,9,0.92,auto_policy_eligible,run_resolve_pending,official_annual_direct_consistent
000993.SZ,闽东电力,2025,Q_G_ROE,1,2.32,7,0.92,auto_policy_eligible,run_resolve_pending,official_annual_direct_consistent
000993.SZ,闽东电力,2025,Q_S_DIVIDEND_PER_SHARE,2,0.18,33|154,0.94,auto_policy_eligible,run_resolve_pending,official_annual_direct_consistent
001208.SZ,华菱线缆,2025,Q_G_ROE,1,5.93,7,0.92,auto_policy_eligible,run_resolve_pending,official_annual_direct_consistent
001208.SZ,华菱线缆,2025,Q_S_DIVIDEND_PER_SHARE,2,0.065,58|240,0.94,auto_policy_eligible,run_resolve_pending,official_annual_direct_consistent
001258.SZ,立新能源,2025,Q_G_DEBT_ASSET_RATE,1,75.91,69,0.9,auto_policy_eligible,run_resolve_pending,official_annual_direct_consistent
001258.SZ,立新能源,2025,Q_G_ROE,1,2.87,9,0.92,auto_policy_eligible,run_resolve_pending,official_annual_direct_consistent
001269.SZ,欧晶科技,2025,Q_G_DEBT_ASSET_RATE,1,58.35,78,0.9,auto_policy_eligible,run_resolve_pending,official_annual_direct_consistent
001269.SZ,欧晶科技,2025,Q_G_ROE,1,30.66,8,0.92,auto_policy_eligible,run_resolve_pending,official_annual_direct_consistent
001289.SZ,龙源电力,2025,Q_G_DEBT_ASSET_RATE,1,66.55,89,0.9,auto_policy_eligible,run_resolve_pending,official_annual_direct_consistent
001289.SZ,龙源电力,2025,Q_S_DIVIDEND_PER_SHARE,2,0.1625,59|276,0.94,auto_policy_eligible,run_resolve_pending,official_annual_direct_consistent
001299.SZ,美能能源,2025,Q_G_ROE,1,8.26,7,0.92,auto_policy_eligible,run_resolve_pending,official_annual_direct_consistent
001299.SZ,美能能源,2025,Q_S_DIVIDEND_PER_SHARE,2,0.5,42|147,0.94,auto_policy_eligible,run_resolve_pending,official_annual_direct_consistent
001301.SZ,尚太科技,2025,Q_G_DEBT_ASSET_RATE,1,40.26,244,0.9,auto_policy_eligible,run_resolve_pending,official_annual_direct_consistent
001301.SZ,尚太科技,2025,Q_G_ROE,2,14.34,11|64,0.92,auto_policy_eligible,run_resolve_pending,official_annual_direct_consistent
001301.SZ,尚太科技,2025,Q_S_DIVIDEND_PER_SHARE,2,0.8,64|250,0.94,auto_policy_eligible,run_resolve_pending,official_annual_direct_consistent
001331.SZ,胜通能源,2025,Q_S_DIVIDEND_PER_SHARE,2,0.06,47|241,0.94,auto_policy_eligible,run_resolve_pending,official_annual_direct_consistent
00135.HK,KUNLUN ENERGY,2025,Q_G_AR_TURNOVER,1,61.5904,101,0.94,auto_policy_eligible,run_resolve_pending,official_annual_direct_consistent
00135.HK,KUNLUN ENERGY,2025,Q_G_ASSET_TURNOVER,1,1.34938,101,0.94,auto_policy_eligible,run_resolve_pending,official_annual_direct_consistent
00135.HK,KUNLUN ENERGY,2025,Q_G_CAPITAL_ACCUMULATION,1,3.8746,101,0.94,auto_policy_eligible,run_resolve_pending,official_annual_direct_consistent
00135.HK,KUNLUN ENERGY,2025,Q_G_DEBT_ASSET_RATE,1,35.9717,102,0.94,auto_policy_eligible,run_resolve_pending,official_annual_direct_consistent
00135.HK,KUNLUN ENERGY,2025,Q_G_EBITDA_INTEREST,1,18.94,99,0.94,auto_policy_eligible,run_resolve_pending,official_annual_direct_consistent
00135.HK,KUNLUN ENERGY,2025,Q_G_REVENUE_GROWTH,1,3.70657,99,0.93,auto_policy_eligible,run_resolve_pending,official_annual_direct_consistent
00135.HK,KUNLUN ENERGY,2025,Q_G_ROA,1,8.56391,101,0.94,auto_policy_eligible,run_resolve_pending,official_annual_direct_consistent
00135.HK,KUNLUN ENERGY,2025,Q_G_ROE,1,9.34891,101,0.94,auto_policy_eligible,run_resolve_pending,official_annual_direct_consistent
00135.HK,KUNLUN ENERGY,2025,Q_S_DIVIDEND_PER_SHARE,1,0.3158,7,0.95,auto_policy_eligible,run_resolve_pending,official_annual_direct_consistent
001376.SZ,百通能源,2025,Q_G_ROE,1,17.25,7,0.92,auto_policy_eligible,run_resolve_pending,official_annual_direct_consistent
001376.SZ,百通能源,2025,Q_S_DIVIDEND_PER_SHARE,2,0.1,39|183,0.94,auto_policy_eligible,run_resolve_pending,official_annual_direct_consistent
00182.HK,CONCORD NE,2025,Q_G_ASSET_TURNOVER,1,0.0274367,140,0.94,auto_policy_eligible,run_resolve_pending,official_annual_direct_consistent
00182.HK,CONCORD NE,2025,Q_G_CAPITAL_ACCUMULATION,1,-2.85031,60,0.94,auto_policy_eligible,run_resolve_pending,official_annual_direct_consistent
00182.HK,CONCORD NE,2025,Q_G_DEBT_ASSET_RATE,1,73.9046,59,0.94,auto_policy_eligible,run_resolve_pending,official_annual_direct_consistent
00182.HK,CONCORD NE,2025,Q_G_EBITDA_INTEREST,1,1.42955,55,0.94,auto_policy_eligible,run_resolve_pending,official_annual_direct_consistent
00182.HK,CONCORD NE,2025,Q_G_REVENUE_GROWTH,1,5.82728,140,0.93,auto_policy_eligible,run_resolve_pending,official_annual_direct_consistent
00182.HK,CONCORD NE,2025,Q_G_ROA,1,2.7752,58,0.94,auto_policy_eligible,run_resolve_pending,official_annual_direct_consistent
00182.HK,CONCORD NE,2025,Q_G_ROE,1,1.78411,60,0.94,auto_policy_eligible,run_resolve_pending,official_annual_direct_consistent
001896.SZ,豫能控股,2025,Q_G_ROE,1,11.82,9,0.92,auto_policy_eligible,run_resolve_pending,official_annual_direct_consistent
001896.SZ,豫能控股,2025,Q_S_DIVIDEND_PER_SHARE,2,0,37|177,0.94,auto_policy_eligible,run_resolve_pending,official_annual_direct_consistent
00196.HK,HONGHUA GROUP,2025,Q_E_GHG_REDUCTION_RATE,1,31.7124,75,0.93,auto_policy_eligible,run_resolve_pending,strict_extraction_evidence_consistent
00196.HK,HONGHUA GROUP,2025,Q_E_HAZ_WASTE_INTENSITY,2,10,35|74,0.91,auto_policy_eligible,run_resolve_pending,strict_extraction_evidence_consistent
00196.HK,HONGHUA GROUP,2025,Q_E_SOLID_WASTE_INTENSITY,2,30,35|74,0.91,auto_policy_eligible,run_resolve_pending,strict_extraction_evidence_consistent
00196.HK,HONGHUA GROUP,2025,Q_E_WATER_INTENSITY,2,630,40|75,0.9,auto_policy_eligible,run_resolve_pending,official_esg_direct_consistent
00196.HK,HONGHUA GROUP,2025,Q_G_ASSET_TURNOVER,1,0.447699,77,0.94,auto_policy_eligible,run_resolve_pending,official_annual_direct_consistent
00196.HK,HONGHUA GROUP,2025,Q_G_DEBT_ASSET_RATE,1,71.1288,78,0.94,auto_policy_eligible,run_resolve_pending,official_annual_direct_consistent
00196.HK,HONGHUA GROUP,2025,Q_G_EBITDA_INTEREST,1,12.5959,125,0.94,auto_policy_eligible,run_resolve_pending,official_annual_direct_consistent
00196.HK,HONGHUA GROUP,2025,Q_G_OPERATING_MARGIN,1,3.1377,75,0.93,auto_policy_eligible,run_resolve_pending,official_annual_direct_consistent
00196.HK,HONGHUA GROUP,2025,Q_G_OPERATING_PROFIT_GROWTH,1,16.3215,75,0.93,auto_policy_eligible,run_resolve_pending,official_annual_direct_consistent
00196.HK,HONGHUA GROUP,2025,Q_G_REVENUE_GROWTH,1,-2.48659,75,0.93,auto_policy_eligible,run_resolve_pending,official_annual_direct_consistent
00196.HK,HONGHUA GROUP,2025,Q_G_ROA,1,0.625991,125,0.94,auto_policy_eligible,run_resolve_pending,official_annual_direct_consistent
002015.SZ,协鑫能科,2025,Q_G_ROE,1,3.45,8,0.92,auto_policy_eligible,run_resolve_pending,official_annual_direct_consistent
002015.SZ,协鑫能科,2025,Q_S_DIVIDEND_PER_SHARE,2,0.1,59|356,0.94,auto_policy_eligible,run_resolve_pending,official_annual_direct_consistent
002039.SZ,黔源电力,2025,Q_G_DEBT_ASSET_RATE,1,48.85,12,0.9,auto_policy_eligible,run_resolve_pending,official_annual_direct_consistent
002039.SZ,黔源电力,2025,Q_G_ROE,1,14.34,7,0.92,auto_policy_eligible,run_resolve_pending,official_annual_direct_consistent
002039.SZ,黔源电力,2025,Q_S_DIVIDEND_PER_SHARE,1,0.39,37,0.94,auto_policy_eligible,run_resolve_pending,official_annual_direct_consistent
002056.SZ,横店东磁,2025,Q_G_ROE,2,17.42,8|36,0.92,auto_policy_eligible,run_resolve_pending,official_annual_direct_consistent
002056.SZ,横店东磁,2025,Q_S_DIVIDEND_PER_SHARE,1,0.6,51,0.94,auto_policy_eligible,run_resolve_pending,official_annual_direct_consistent
00206.HK,CM-ENERGY,2025,Q_G_CAPITAL_ACCUMULATION,1,2.29293,210,0.94,auto_policy_eligible,run_resolve_pending,official_annual_direct_consistent
00206.HK,CM-ENERGY,2025,Q_G_ROE,1,0.978478,210,0.94,auto_policy_eligible,run_resolve_pending,official_annual_direct_consistent
002060.SZ,广东建工,2025,Q_G_ROE,1,7.9,9,0.92,auto_policy_eligible,run_resolve_pending,official_annual_direct_consistent
002060.SZ,广东建工,2025,Q_S_DIVIDEND_PER_SHARE,2,0.14,57|291,0.94,auto_policy_eligible,run_resolve_pending,official_annual_direct_consistent
002074.SZ,国轩高科,2025,Q_G_DEBT_ASSET_RATE,1,70.99,118,0.9,auto_policy_eligible,run_resolve_pending,official_annual_direct_consistent
002074.SZ,国轩高科,2025,Q_G_ROE,1,8.65,7,0.92,auto_policy_eligible,run_resolve_pending,official_annual_direct_consistent
002074.SZ,国轩高科,2025,Q_S_DIVIDEND_PER_SHARE,2,0.1,57|257,0.94,auto_policy_eligible,run_resolve_pending,official_annual_direct_consistent
002090.SZ,金智科技,2025,Q_G_ROE,1,4.32,7,0.92,auto_policy_eligible,run_resolve_pending,official_annual_direct_consistent
002112.SZ,三变科技,2025,Q_G_ROE,1,1.86,7,0.92,auto_policy_eligible,run_resolve_pending,official_annual_direct_consistent
002112.SZ,三变科技,2025,Q_S_DIVIDEND_PER_SHARE,2,0.01,32|150,0.94,auto_policy_eligible,run_resolve_pending,official_annual_direct_consistent
002121.SZ,科陆电子,2025,Q_G_DEBT_ASSET_RATE,1,95.15,75,0.9,auto_policy_eligible,run_resolve_pending,official_annual_direct_consistent
002121.SZ,科陆电子,2025,Q_G_ROE,1,36.51,7,0.92,auto_policy_eligible,run_resolve_pending,official_annual_direct_consistent
002125.SZ,湘潭电化,2025,Q_G_DEBT_ASSET_RATE,1,36.51,75,0.9,auto_policy_eligible,run_resolve_pending,official_annual_direct_consistent
002125.SZ,湘潭电化,2025,Q_G_ROE,1,7.35,7,0.92,auto_policy_eligible,run_resolve_pending,official_annual_direct_consistent
002125.SZ,湘潭电化,2025,Q_S_DIVIDEND_PER_SHARE,2,0.115,42|170,0.94,auto_policy_eligible,run_resolve_pending,official_annual_direct_consistent
002128.SZ,电投能源,2025,Q_G_ROE,1,14.94,9,0.92,auto_policy_eligible,run_resolve_pending,official_annual_direct_consistent
002128.SZ,电投能源,2025,Q_S_DIVIDEND_PER_SHARE,1,1,99,0.94,auto_policy_eligible,run_resolve_pending,official_annual_direct_consistent
002129.SZ,TCL中环,2025,Q_G_ROE,1,35.2,10,0.92,auto_policy_eligible,run_resolve_pending,official_annual_direct_consistent
002169.SZ,智光电气,2025,Q_G_ROE,1,4.89,10,0.92,auto_policy_eligible,run_resolve_pending,official_annual_direct_consistent
002169.SZ,智光电气,2025,Q_S_DIVIDEND_PER_SHARE,2,0.08,54|243,0.94,auto_policy_eligible,run_resolve_pending,official_annual_direct_consistent
002196.SZ,方正电机,2025,Q_G_DEBT_ASSET_RATE,1,69.85,188,0.9,auto_policy_eligible,run_resolve_pending,official_annual_direct_consistent
002196.SZ,方正电机,2025,Q_G_ROE,1,1.49,7,0.92,auto_policy_eligible,run_resolve_pending,official_annual_direct_consistent
002202.SZ,金风科技,2025,Q_G_DEBT_ASSET_RATE,1,71.66,83,0.9,auto_policy_eligible,run_resolve_pending,official_annual_direct_consistent
002202.SZ,金风科技,2025,Q_G_ROE,1,7.08,7,0.92,auto_policy_eligible,run_resolve_pending,official_annual_direct_consistent
002202.SZ,金风科技,2025,Q_S_DIVIDEND_PER_SHARE,1,0.2,53,0.94,auto_policy_eligible,run_resolve_pending,official_annual_direct_consistent
002218.SZ,拓日新能,2025,Q_G_DEBT_ASSET_RATE,1,38.93,15,0.9,auto_policy_eligible,run_resolve_pending,official_annual_direct_consistent
002218.SZ,拓日新能,2025,Q_G_ROE,1,4.87,8,0.92,auto_policy_eligible,run_resolve_pending,official_annual_direct_consistent
002218.SZ,拓日新能,2025,Q_S_DIVIDEND_PER_SHARE,1,0,43,0.94,auto_policy_eligible,run_resolve_pending,official_annual_direct_consistent
002221.SZ,东华能源,2025,Q_G_DEBT_ASSET_RATE,1,72.2,69,0.9,auto_policy_eligible,run_resolve_pending,official_annual_direct_consistent
002221.SZ,东华能源,2025,Q_G_ROE,1,8.76,7,0.92,auto_policy_eligible,run_resolve_pending,official_annual_direct_consistent
002245.SZ,蔚蓝锂芯,2025,Q_S_DIVIDEND_PER_SHARE,2,0.1,38|147,0.94,auto_policy_eligible,run_resolve_pending,official_annual_direct_consistent
002249.SZ,大洋电机,2025,Q_G_ROE,1,11.04,12,0.92,auto_policy_eligible,run_resolve_pending,official_annual_direct_consistent
002249.SZ,大洋电机,2025,Q_S_DIVIDEND_PER_SHARE,1,0.196,63,0.94,auto_policy_eligible,run_resolve_pending,official_annual_direct_consistent
002255.SZ,海陆重工,2025,Q_G_ROE,1,9.92,7,0.92,auto_policy_eligible,run_resolve_pending,official_annual_direct_consistent
002255.SZ,海陆重工,2025,Q_S_DIVIDEND_PER_SHARE,2,0.05,48|193,0.94,auto_policy_eligible,run_resolve_pending,official_annual_direct_consistent
002259.SZ,升达林业,2025,Q_G_DEBT_ASSET_RATE,1,70.69,36,0.9,auto_policy_eligible,run_resolve_pending,official_annual_direct_consistent
002259.SZ,升达林业,2025,Q_G_ROE,1,41.14,7,0.92,auto_policy_eligible,run_resolve_pending,official_annual_direct_consistent
002267.SZ,陕天然气,2025,Q_G_DEBT_ASSET_RATE,1,52.97,66,0.9,auto_policy_eligible,run_resolve_pending,official_annual_direct_consistent
002267.SZ,陕天然气,2025,Q_G_ROE,1,9,8,0.92,auto_policy_eligible,run_resolve_pending,official_annual_direct_consistent
002267.SZ,陕天然气,2025,Q_S_DIVIDEND_PER_SHARE,2,0.2,41|210,0.94,auto_policy_eligible,run_resolve_pending,official_annual_direct_consistent
002270.SZ,华明装备,2025,Q_G_ROE,1,22.04,8,0.92,auto_policy_eligible,run_resolve_pending,official_annual_direct_consistent
002270.SZ,华明装备,2025,Q_S_DIVIDEND_PER_SHARE,2,0.21,47|221,0.94,auto_policy_eligible,run_resolve_pending,official_annual_direct_consistent
002276.SZ,万马股份,2025,Q_G_DEBT_ASSET_RATE,2,62.56,84|188,0.9,auto_policy_eligible,run_resolve_pending,official_annual_direct_consistent
002276.SZ,万马股份,2025,Q_G_ROE,1,5.95,7,0.92,auto_policy_eligible,run_resolve_pending,official_annual_direct_consistent
002276.SZ,万马股份,2025,Q_S_DIVIDEND_PER_SHARE,2,0.055,54|197,0.94,auto_policy_eligible,run_resolve_pending,official_annual_direct_consistent
00228.HK,CHINA ENERGY,2025,Q_G_AR_TURNOVER,1,1.94059,77,0.94,auto_policy_eligible,run_resolve_pending,official_annual_direct_consistent
00228.HK,CHINA ENERGY,2025,Q_G_CAPITAL_ACCUMULATION,1,19.3007,78,0.94,auto_policy_eligible,run_resolve_pending,official_annual_direct_consistent
00228.HK,CHINA ENERGY,2025,Q_G_CURRENT_ASSET_TURNOVER,1,0.751154,77,0.94,auto_policy_eligible,run_resolve_pending,official_annual_direct_consistent
00228.HK,CHINA ENERGY,2025,Q_G_EBITDA_INTEREST,1,2.63537,75,0.94,auto_policy_eligible,run_resolve_pending,official_annual_direct_consistent
00228.HK,CHINA ENERGY,2025,Q_G_REVENUE_GROWTH,1,-21.9403,75,0.93,auto_policy_eligible,run_resolve_pending,official_annual_direct_consistent
00228.HK,CHINA ENERGY,2025,Q_G_ROE,1,1.14453,78,0.94,auto_policy_eligible,run_resolve_pending,official_annual_direct_consistent
002300.SZ,太阳电缆,2025,Q_G_ROE,1,4.39,7,0.92,auto_policy_eligible,run_resolve_pending,official_annual_direct_consistent
002300.SZ,太阳电缆,2025,Q_S_DIVIDEND_PER_SHARE,2,0.07,51|194,0.94,auto_policy_eligible,run_resolve_pending,official_annual_direct_consistent
002309.SZ,中利集团,2025,Q_G_ROE,1,3.32,7,0.92,auto_policy_eligible,run_resolve_pending,official_annual_direct_consistent
002335.SZ,科华数据,2025,Q_G_DEBT_ASSET_RATE,1,53.59,78,0.9,auto_policy_eligible,run_resolve_pending,official_annual_direct_consistent
002335.SZ,科华数据,2025,Q_G_ROE,1,7.09,7,0.92,auto_policy_eligible,run_resolve_pending,official_annual_direct_consistent
002335.SZ,科华数据,2025,Q_S_DIVIDEND_PER_SHARE,2,0.5,49|220,0.94,auto_policy_eligible,run_resolve_pending,official_annual_direct_consistent
002339.SZ,积成电子,2025,Q_G_ROE,1,1.11,7,0.92,auto_policy_eligible,run_resolve_pending,official_annual_direct_consistent
002339.SZ,积成电子,2025,Q_S_DIVIDEND_PER_SHARE,2,0.02,37|162,0.94,auto_policy_eligible,run_resolve_pending,official_annual_direct_consistent
002340.SZ,格林美,2025,Q_G_DEBT_ASSET_RATE,1,65.8,134,0.9,auto_policy_eligible,run_resolve_pending,official_annual_direct_consistent
002340.SZ,格林美,2025,Q_G_ROE,1,7.91,7,0.92,auto_policy_eligible,run_resolve_pending,official_annual_direct_consistent
002340.SZ,格林美,2025,Q_S_DIVIDEND_PER_SHARE,2,0.095,91|308,0.94,auto_policy_eligible,run_resolve_pending,official_annual_direct_consistent
002346.SZ,柘中股份,2025,Q_G_ROE,1,14.72,8,0.92,auto_policy_eligible,run_resolve_pending,official_annual_direct_consistent
002346.SZ,柘中股份,2025,Q_S_DIVIDEND_PER_SHARE,1,0.5,31,0.94,auto_policy_eligible,run_resolve_pending,official_annual_direct_consistent
002350.SZ,北京科锐,2025,Q_G_DEBT_ASSET_RATE,1,70,50,0.9,auto_policy_eligible,run_resolve_pending,official_annual_direct_consistent
002350.SZ,北京科锐,2025,Q_G_ROE,1,3.25,9,0.92,auto_policy_eligible,run_resolve_pending,official_annual_direct_consistent
002350.SZ,北京科锐,2025,Q_S_DIVIDEND_PER_SHARE,2,0.032,52|168,0.94,auto_policy_eligible,run_resolve_pending,official_annual_direct_consistent
002358.SZ,森源电气,2025,Q_G_ROE,1,2.68,7,0.92,auto_policy_eligible,run_resolve_pending,official_annual_direct_consistent
002358.SZ,森源电气,2025,Q_S_DIVIDEND_PER_SHARE,3,0.02,45|160|161,0.94,auto_policy_eligible,run_resolve_pending,official_annual_direct_consistent
002364.SZ,中恒电气,2025,Q_G_DEBT_ASSET_RATE,1,40.83,204,0.9,auto_policy_eligible,run_resolve_pending,official_annual_direct_consistent
002364.SZ,中恒电气,2025,Q_G_ROE,1,5.17,9,0.92,auto_policy_eligible,run_resolve_pending,official_annual_direct_consistent
002366.SZ,融发核电,2025,Q_G_ROE,1,1.76,7,0.92,auto_policy_eligible,run_resolve_pending,official_annual_direct_consistent
002366.SZ,融发核电,2025,Q_S_DIVIDEND_PER_SHARE,1,0,136,0.94,auto_policy_eligible,run_resolve_pending,official_annual_direct_consistent
002451.SZ,摩恩电气,2025,Q_G_ROE,1,1.37,7,0.92,auto_policy_eligible,run_resolve_pending,official_annual_direct_consistent
002451.SZ,摩恩电气,2025,Q_S_DIVIDEND_PER_SHARE,2,0.01,44|197,0.94,auto_policy_eligible,run_resolve_pending,official_annual_direct_consistent
002452.SZ,长高电新,2025,Q_G_DEBT_ASSET_RATE,3,27.47,17|77|78,0.9,auto_policy_eligible,run_resolve_pending,official_annual_direct_consistent
002452.SZ,长高电新,2025,Q_G_ROE,1,13.65,7,0.92,auto_policy_eligible,run_resolve_pending,official_annual_direct_consistent
002452.SZ,长高电新,2025,Q_S_DIVIDEND_PER_SHARE,2,0.09,48|196,0.94,auto_policy_eligible,run_resolve_pending,official_annual_direct_consistent
002471.SZ,中超控股,2025,Q_G_DEBT_ASSET_RATE,1,65.01,17,0.9,auto_policy_eligible,run_resolve_pending,official_annual_direct_consistent
002471.SZ,中超控股,2025,Q_G_ROE,1,1.29,7,0.92,auto_policy_eligible,run_resolve_pending,official_annual_direct_consistent
002479.SZ,富春环保,2025,Q_G_ROE,2,4.93,7|15,0.92,auto_policy_eligible,run_resolve_pending,official_annual_direct_consistent
002479.SZ,富春环保,2025,Q_S_DIVIDEND_PER_SHARE,2,0.1,51|185,0.94,auto_policy_eligible,run_resolve_pending,official_annual_direct_consistent
002487.SZ,大金重工,2025,Q_G_ROE,1,14.18,7,0.92,auto_policy_eligible,run_resolve_pending,official_annual_direct_consistent
002490.SZ,山东墨龙,2025,Q_G_DEBT_ASSET_RATE,2,81.45,45|150,0.9,auto_policy_eligible,run_resolve_pending,official_annual_direct_consistent
002490.SZ,山东墨龙,2025,Q_G_ROE,1,1.04,7,0.92,auto_policy_eligible,run_resolve_pending,official_annual_direct_consistent
002490.SZ,山东墨龙,2025,Q_S_DIVIDEND_PER_SHARE,1,0,161,0.94,auto_policy_eligible,run_resolve_pending,official_annual_direct_consistent
002493.SZ,荣盛石化,2025,Q_G_ROE,2,1.94,10|224,0.92,auto_policy_eligible,run_resolve_pending,official_annual_direct_consistent
002493.SZ,荣盛石化,2025,Q_S_DIVIDEND_PER_SHARE,1,0.1,72,0.94,auto_policy_eligible,run_resolve_pending,official_annual_direct_consistent
002498.SZ,汉缆股份,2025,Q_G_DEBT_ASSET_RATE,1,28.83,16,0.9,auto_policy_eligible,run_resolve_pending,official_annual_direct_consistent
002498.SZ,汉缆股份,2025,Q_G_ROE,1,6.51,7,0.92,auto_policy_eligible,run_resolve_pending,official_annual_direct_consistent
002498.SZ,汉缆股份,2025,Q_S_DIVIDEND_PER_SHARE,1,0.04,52,0.94,auto_policy_eligible,run_resolve_pending,official_annual_direct_consistent
002518.SZ,科士达,2025,Q_G_ROE,1,13.36,7,0.92,auto_policy_eligible,run_resolve_pending,official_annual_direct_consistent
002518.SZ,科士达,2025,Q_S_DIVIDEND_PER_SHARE,2,0.45,47|161,0.94,auto_policy_eligible,run_resolve_pending,official_annual_direct_consistent
002527.SZ,新时达,2025,Q_G_ROE,1,0.44,8,0.92,auto_policy_eligible,run_resolve_pending,official_annual_direct_consistent
002531.SZ,天顺风能,2025,Q_G_ROE,1,2.68,7,0.92,auto_policy_eligible,run_resolve_pending,official_annual_direct_consistent
002533.SZ,金杯电工,2025,Q_S_DIVIDEND_PER_SHARE,2,0.45,49|204,0.94,auto_policy_eligible,run_resolve_pending,official_annual_direct_consistent
002534.SZ,西子洁能,2025,Q_G_DEBT_ASSET_RATE,1,57.26,114,0.9,auto_policy_eligible,run_resolve_pending,official_annual_direct_consistent
002534.SZ,西子洁能,2025,Q_G_ROE,1,9.52,8,0.92,auto_policy_eligible,run_resolve_pending,official_annual_direct_consistent
002534.SZ,西子洁能,2025,Q_S_DIVIDEND_PER_SHARE,1,0.1,74,0.94,auto_policy_eligible,run_resolve_pending,official_annual_direct_consistent
002546.SZ,新联电子,2025,Q_G_ROE,1,16.35,7,0.92,auto_policy_eligible,run_resolve_pending,official_annual_direct_consistent
002546.SZ,新联电子,2025,Q_S_DIVIDEND_PER_SHARE,2,0.12,41|176,0.94,auto_policy_eligible,run_resolve_pending,official_annual_direct_consistent
002560.SZ,通达股份,2025,Q_G_ROE,1,6.15,7,0.92,auto_policy_eligible,run_resolve_pending,official_annual_direct_consistent
002560.SZ,通达股份,2025,Q_S_DIVIDEND_PER_SHARE,2,0.1,48|213,0.94,auto_policy_eligible,run_resolve_pending,official_annual_direct_consistent
002580.SZ,圣阳股份,2025,Q_G_ROE,1,8.28,8,0.92,auto_policy_eligible,run_resolve_pending,official_annual_direct_consistent
002580.SZ,圣阳股份,2025,Q_S_DIVIDEND_PER_SHARE,1,0.04,43,0.94,auto_policy_eligible,run_resolve_pending,official_annual_direct_consistent
002606.SZ,大连电瓷,2025,Q_G_DEBT_ASSET_RATE,1,40.25,212,0.9,auto_policy_eligible,run_resolve_pending,official_annual_direct_consistent
002606.SZ,大连电瓷,2025,Q_G_ROE,1,11.68,7,0.92,auto_policy_eligible,run_resolve_pending,official_annual_direct_consistent
002606.SZ,大连电瓷,2025,Q_S_DIVIDEND_PER_SHARE,2,0.038,73|217,0.94,auto_policy_eligible,run_resolve_pending,official_annual_direct_consistent
002608.SZ,江苏国信,2025,Q_G_ROE,1,10.17,7,0.92,auto_policy_eligible,run_resolve_pending,official_annual_direct_consistent
002608.SZ,江苏国信,2025,Q_S_DIVIDEND_PER_SHARE,2,0.13,43|237,0.94,auto_policy_eligible,run_resolve_pending,official_annual_direct_consistent
002616.SZ,长青集团,2025,Q_G_ROE,1,8.24,11,0.92,auto_policy_eligible,run_resolve_pending,official_annual_direct_consistent
002616.SZ,长青集团,2025,Q_S_DIVIDEND_PER_SHARE,1,0.25,55,0.94,auto_policy_eligible,run_resolve_pending,official_annual_direct_consistent
002623.SZ,亚玛顿,2025,Q_G_ROE,1,3.59,9,0.92,auto_policy_eligible,run_resolve_pending,official_annual_direct_consistent
002623.SZ,亚玛顿,2025,Q_S_DIVIDEND_PER_SHARE,2,0.4,52|194,0.94,auto_policy_eligible,run_resolve_pending,official_annual_direct_consistent
002692.SZ,远程股份,2025,Q_G_ROE,1,0.15,7,0.92,auto_policy_eligible,run_resolve_pending,official_annual_direct_consistent
002692.SZ,远程股份,2025,Q_S_DIVIDEND_PER_SHARE,2,0.02,39|166,0.94,auto_policy_eligible,run_resolve_pending,official_annual_direct_consistent
002700.SZ,万憬能源,2025,Q_G_ROE,1,5.96,8,0.92,auto_policy_eligible,run_resolve_pending,official_annual_direct_consistent
002700.SZ,万憬能源,2025,Q_S_DIVIDEND_PER_SHARE,2,0.025,47|149,0.94,auto_policy_eligible,run_resolve_pending,official_annual_direct_consistent
002706.SZ,良信股份,2025,Q_G_ROE,1,5.45,8,0.92,auto_policy_eligible,run_resolve_pending,official_annual_direct_consistent
002709.SZ,天赐材料,2025,Q_G_DEBT_ASSET_RATE,2,33.02,75|180,0.9,auto_policy_eligible,run_resolve_pending,official_annual_direct_consistent
002709.SZ,天赐材料,2025,Q_G_ROE,1,9.79,8,0.92,auto_policy_eligible,run_resolve_pending,official_annual_direct_consistent
002709.SZ,天赐材料,2025,Q_S_DIVIDEND_PER_SHARE,2,0.3,46|189,0.94,auto_policy_eligible,run_resolve_pending,official_annual_direct_consistent
002733.SZ,雄韬股份,2025,Q_G_ROE,1,2.94,8,0.92,auto_policy_eligible,run_resolve_pending,official_annual_direct_consistent
002733.SZ,雄韬股份,2025,Q_S_DIVIDEND_PER_SHARE,2,0.1,53|228,0.94,auto_policy_eligible,run_resolve_pending,official_annual_direct_consistent
00276.HK,MONGOLIA ENERGY,2025,Q_G_REVENUE_GROWTH,1,-9.83309,62,0.93,auto_policy_eligible,run_resolve_pending,official_annual_direct_consistent
002801.SZ,微光股份,2025,Q_G_ROE,2,20.51,8|154,0.92,auto_policy_eligible,run_resolve_pending,official_annual_direct_consistent
002801.SZ,微光股份,2025,Q_S_DIVIDEND_PER_SHARE,2,0.35,44|146,0.94,auto_policy_eligible,run_resolve_pending,official_annual_direct_consistent
002805.SZ,丰元股份,2025,Q_G_ROE,1,33.08,8,0.92,auto_policy_eligible,run_resolve_pending,official_annual_direct_consistent
002823.SZ,凯中精密,2025,Q_G_ROE,1,11.61,7,0.92,auto_policy_eligible,run_resolve_pending,official_annual_direct_consistent
002823.SZ,凯中精密,2025,Q_S_DIVIDEND_PER_SHARE,2,0.244276,37|146,0.94,auto_policy_eligible,run_resolve_pending,official_annual_direct_consistent
002828.SZ,贝肯能源,2025,Q_G_ROE,1,3.25,7,0.92,auto_policy_eligible,run_resolve_pending,official_annual_direct_consistent
002850.SZ,科达利,2025,Q_G_DEBT_ASSET_RATE,1,41.75,77,0.9,auto_policy_eligible,run_resolve_pending,official_annual_direct_consistent
002850.SZ,科达利,2025,Q_G_ROE,1,14.07,8,0.92,auto_policy_eligible,run_resolve_pending,official_annual_direct_consistent
002850.SZ,科达利,2025,Q_S_DIVIDEND_PER_SHARE,2,2.5,46|208,0.94,auto_policy_eligible,run_resolve_pending,official_annual_direct_consistent
002857.SZ,三晖电气,2025,Q_G_ROE,1,8.3,8,0.92,auto_policy_eligible,run_resolve_pending,official_annual_direct_consistent
002865.SZ,钧达股份,2025,Q_G_DEBT_ASSET_RATE,1,77.69,159,0.9,auto_policy_eligible,run_resolve_pending,official_annual_direct_consistent
002865.SZ,钧达股份,2025,Q_G_ROE,1,36.54,8,0.92,auto_policy_eligible,run_resolve_pending,official_annual_direct_consistent
002879.SZ,长缆科技,2025,Q_G_ROE,1,7.56,7,0.92,auto_policy_eligible,run_resolve_pending,official_annual_direct_consistent
002879.SZ,长缆科技,2025,Q_S_DIVIDEND_PER_SHARE,2,0.5,40|180,0.94,auto_policy_eligible,run_resolve_pending,official_annual_direct_consistent
002882.SZ,金龙羽,2025,Q_G_ROE,1,5.06,7,0.92,auto_policy_eligible,run_resolve_pending,official_annual_direct_consistent
002892.SZ,科力尔,2025,Q_S_DIVIDEND_PER_SHARE,2,0.022,60|245,0.94,auto_policy_eligible,run_resolve_pending,official_annual_direct_consistent
002893.SZ,京能热力,2025,Q_G_DEBT_ASSET_RATE,2,52.91,26|179,0.9,auto_policy_eligible,run_resolve_pending,official_annual_direct_consistent
002893.SZ,京能热力,2025,Q_G_ROE,1,5.18,8,0.92,auto_policy_eligible,run_resolve_pending,official_annual_direct_consistent
002911.SZ,佛燃能源,2025,Q_G_DEBT_ASSET_RATE,1,49.35,93,0.9,auto_policy_eligible,run_resolve_pending,official_annual_direct_consistent
002927.SZ,泰永长征,2025,Q_G_ROE,1,0.54,7,0.92,auto_policy_eligible,run_resolve_pending,official_annual_direct_consistent
002927.SZ,泰永长征,2025,Q_S_DIVIDEND_PER_SHARE,1,0,171,0.94,auto_policy_eligible,run_resolve_pending,official_annual_direct_consistent
00295.HK,KONG SUN HOLD,2025,Q_G_ASSET_TURNOVER,1,0.070847,122,0.94,auto_policy_eligible,run_resolve_pending,official_annual_direct_consistent
00295.HK,KONG SUN HOLD,2025,Q_G_CURRENT_ASSET_TURNOVER,1,0.150751,122,0.94,auto_policy_eligible,run_resolve_pending,official_annual_direct_consistent
00295.HK,KONG SUN HOLD,2025,Q_G_DEBT_ASSET_RATE,1,53.7893,7,0.94,auto_policy_eligible,run_resolve_pending,official_annual_direct_consistent
00295.HK,KONG SUN HOLD,2025,Q_G_EBITDA_INTEREST,1,-1.19645,122,0.94,auto_policy_eligible,run_resolve_pending,official_annual_direct_consistent
00295.HK,KONG SUN HOLD,2025,Q_G_REVENUE_GROWTH,1,-18.2081,122,0.93,auto_policy_eligible,run_resolve_pending,official_annual_direct_consistent
00295.HK,KONG SUN HOLD,2025,Q_G_ROA,1,-2.58225,122,0.94,auto_policy_eligible,run_resolve_pending,official_annual_direct_consistent
002953.SZ,日丰股份,2025,Q_G_ROE,1,8.33,7,0.92,auto_policy_eligible,run_resolve_pending,official_annual_direct_consistent
002953.SZ,日丰股份,2025,Q_S_DIVIDEND_PER_SHARE,2,0.1,46|215,0.94,auto_policy_eligible,run_resolve_pending,official_annual_direct_consistent
002980.SZ,华盛昌,2025,Q_G_ROE,1,8.17,7,0.92,auto_policy_eligible,run_resolve_pending,official_annual_direct_consistent
002986.SZ,宇新股份,2025,Q_G_ROE,1,0.99,11,0.92,auto_policy_eligible,run_resolve_pending,official_annual_direct_consistent
003021.SZ,兆威机电,2025,Q_S_DIVIDEND_PER_SHARE,2,0.385,61|204,0.94,auto_policy_eligible,run_resolve_pending,official_annual_direct_consistent
003022.SZ,联泓新科,2025,Q_G_DEBT_ASSET_RATE,1,66.97,19,0.9,auto_policy_eligible,run_resolve_pending,official_annual_direct_consistent
003022.SZ,联泓新科,2025,Q_G_ROE,1,4.17,7,0.92,auto_policy_eligible,run_resolve_pending,official_annual_direct_consistent
003022.SZ,联泓新科,2025,Q_S_DIVIDEND_PER_SHARE,2,0.07,58|223,0.94,auto_policy_eligible,run_resolve_pending,official_annual_direct_consistent
003035.SZ,南网能源,2025,Q_G_DEBT_ASSET_RATE,2,66.15,21|39,0.9,auto_policy_eligible,run_resolve_pending,official_annual_direct_consistent
003035.SZ,南网能源,2025,Q_G_ROE,1,5.11,10,0.92,auto_policy_eligible,run_resolve_pending,official_annual_direct_consistent
003035.SZ,南网能源,2025,Q_S_DIVIDEND_PER_SHARE,2,0.021,60|216,0.94,auto_policy_eligible,run_resolve_pending,official_annual_direct_consistent
00332.HK,YUANHENGGAS-NEW,2025,Q_E_GHG_REDUCTION_RATE,1,-12.0504,47,0.93,auto_policy_eligible,run_resolve_pending,strict_extraction_evidence_consistent
00332.HK,YUANHENG GAS,2025,Q_G_CAPITAL_ACCUMULATION,1,-75.516,198,0.94,auto_policy_eligible,run_resolve_pending,official_annual_direct_consistent
00332.HK,YUANHENG GAS,2025,Q_G_EBITDA_INTEREST,1,-27.4307,66,0.94,auto_policy_eligible,run_resolve_pending,official_annual_direct_consistent
00332.HK,YUANHENG GAS,2025,Q_G_ROE,1,-286.425,198,0.94,auto_policy_eligible,run_resolve_pending,official_annual_direct_consistent
00346.HK,YANCHANG PETRO,2025,Q_G_AR_TURNOVER,1,22.1717,59,0.94,auto_policy_eligible,run_resolve_pending,official_annual_direct_consistent
00346.HK,YANCHANG PETRO,2025,Q_G_ASSET_TURNOVER,1,6.22816,59,0.94,auto_policy_eligible,run_resolve_pending,official_annual_direct_consistent
00346.HK,YANCHANG PETRO,2025,Q_G_CAPITAL_ACCUMULATION,1,-55.2971,59,0.94,auto_policy_eligible,run_resolve_pending,official_annual_direct_consistent
00346.HK,YANCHANG PETRO,2025,Q_G_DEBT_ASSET_RATE,1,78.9713,60,0.94,auto_policy_eligible,run_resolve_pending,official_annual_direct_consistent
00346.HK,YANCHANG PETRO,2025,Q_G_REVENUE_GROWTH,1,-40.6319,57,0.93,auto_policy_eligible,run_resolve_pending,official_annual_direct_consistent
00353.HK,ENERGY INTINV,2025,Q_G_CAPITAL_ACCUMULATION,1,32.9297,67,0.94,auto_policy_eligible,run_resolve_pending,official_annual_direct_consistent
00353.HK,ENERGY INTINV,2025,Q_G_ROE,1,29.6372,67,0.94,auto_policy_eligible,run_resolve_pending,official_annual_direct_consistent
00384.HK,CHINA GAS HOLD,2025,Q_G_CAPITAL_ACCUMULATION,1,6.68112,101,0.94,auto_policy_eligible,run_resolve_pending,official_annual_direct_consistent
00384.HK,CHINA GAS HOLD,2025,Q_G_EBITDA_INTEREST,1,3.81112,98,0.94,auto_policy_eligible,run_resolve_pending,official_annual_direct_consistent
00384.HK,CHINA GAS HOLD,2025,Q_G_REVENUE_GROWTH,1,-7.13376,98,0.93,auto_policy_eligible,run_resolve_pending,official_annual_direct_consistent
00384.HK,CHINA GAS HOLD,2025,Q_G_ROE,1,5.60507,101,0.94,auto_policy_eligible,run_resolve_pending,official_annual_direct_consistent
00392.HK,BEIJING ENT,2025,Q_G_AR_TURNOVER,1,17.4979,98,0.94,auto_policy_eligible,run_resolve_pending,official_annual_direct_consistent
00392.HK,BEIJING ENT,2025,Q_G_ASSET_TURNOVER,1,0.410857,98,0.94,auto_policy_eligible,run_resolve_pending,official_annual_direct_consistent
00392.HK,BEIJING ENT,2025,Q_G_CAPITAL_ACCUMULATION,1,5.24471,99,0.94,auto_policy_eligible,run_resolve_pending,official_annual_direct_consistent
00392.HK,BEIJING ENT,2025,Q_G_DEBT_ASSET_RATE,1,52.1855,100,0.94,auto_policy_eligible,run_resolve_pending,official_annual_direct_consistent
00392.HK,BEIJING ENT,2025,Q_G_EBITDA_INTEREST,1,4.55202,96,0.94,auto_policy_eligible,run_resolve_pending,official_annual_direct_consistent
00392.HK,BEIJING ENT,2025,Q_G_REVENUE_GROWTH,1,3.76345,96,0.93,auto_policy_eligible,run_resolve_pending,official_annual_direct_consistent
00392.HK,BEIJING ENT,2025,Q_G_ROA,1,4.68646,98,0.94,auto_policy_eligible,run_resolve_pending,official_annual_direct_consistent
00392.HK,BEIJING ENT,2025,Q_G_ROE,1,6.64169,99,0.94,auto_policy_eligible,run_resolve_pending,official_annual_direct_consistent
00451.HK,GCL NEWENERGY,2025,Q_E_ENERGY_INTENSITY,3,6,6|46|74,0.9,auto_policy_eligible,run_resolve_pending,official_esg_direct_consistent
00451.HK,GCL NEWENERGY,2025,Q_E_GHG_INTENSITY,2,12.4,43|74,0.92,auto_policy_eligible,run_resolve_pending,official_esg_direct_consistent
00451.HK,GCL NEWENERGY,2025,Q_E_HAZ_WASTE_INTENSITY,1,0.0003,74,0.91,auto_policy_eligible,run_resolve_pending,strict_extraction_evidence_consistent
00451.HK,GCL NEWENERGY,2025,Q_E_WATER_INTENSITY,2,349.5,48|74,0.9,auto_policy_eligible,run_resolve_pending,official_esg_direct_consistent
00451.HK,GCL NEWENERGY,2025,Q_G_CAPITAL_ACCUMULATION,1,-14.3634,79,0.94,auto_policy_eligible,run_resolve_pending,official_annual_direct_consistent
00451.HK,GCL NEWENERGY,2025,Q_G_EBITDA_INTEREST,1,-24.5593,76,0.94,auto_policy_eligible,run_resolve_pending,official_annual_direct_consistent
00451.HK,GCL NEWENERGY,2025,Q_G_REVENUE_GROWTH,1,-4.07924,76,0.93,auto_policy_eligible,run_resolve_pending,official_annual_direct_consistent
00451.HK,GCL NEWENERGY,2025,Q_G_ROE,1,-25.6141,79,0.94,auto_policy_eligible,run_resolve_pending,official_annual_direct_consistent
00451.HK,GCL NEWENERGY,2025,Q_S_RD_RATE,1,2.90523,76,0.93,auto_policy_eligible,run_resolve_pending,official_annual_direct_consistent
00467.HK,UNITEDENERGY GP,2025,Q_G_CAPITAL_ACCUMULATION,1,-0.831544,59,0.94,auto_policy_eligible,run_resolve_pending,official_annual_direct_consistent
00467.HK,UNITEDENERGY GP,2025,Q_G_CASH_CURRENT_LIABILITY,1,50.2238,61,0.93,auto_policy_eligible,run_resolve_pending,official_annual_direct_consistent
00467.HK,UNITEDENERGY GP,2025,Q_G_EBITDA_INTEREST,1,5.03583,56,0.94,auto_policy_eligible,run_resolve_pending,official_annual_direct_consistent
00467.HK,UNITEDENERGY GP,2025,Q_G_QUICK_RATIO,1,98.7525,58,0.94,auto_policy_eligible,run_resolve_pending,strict_extraction_evidence_consistent
00467.HK,UNITEDENERGY GP,2025,Q_G_ROE,1,8.43739,59,0.94,auto_policy_eligible,run_resolve_pending,official_annual_direct_consistent
00554.HK,HANS GP HLDGS,2025,Q_G_CAPITAL_ACCUMULATION,1,109.363,109,0.94,auto_policy_eligible,run_resolve_pending,official_annual_direct_consistent
00554.HK,HANS GP HLDGS,2025,Q_G_ROE,1,-10.5698,109,0.94,auto_policy_eligible,run_resolve_pending,official_annual_direct_consistent
00579.HK,JNCEC,2025,Q_G_CAPITAL_ACCUMULATION,1,4.90863,102,0.94,auto_policy_eligible,run_resolve_pending,official_annual_direct_consistent
00579.HK,JNCEC,2025,Q_G_EBITDA_INTEREST,1,4.01233,98,0.94,auto_policy_eligible,run_resolve_pending,official_annual_direct_consistent
00579.HK,JNCEC,2025,Q_G_EBITDA_MARGIN,1,42.0827,106,0.94,auto_policy_eligible,run_resolve_pending,strict_extraction_evidence_consistent
00579.HK,JNCEC,2025,Q_G_OPERATING_MARGIN,1,23.1311,98,0.93,auto_policy_eligible,run_resolve_pending,official_annual_direct_consistent
00579.HK,JNCEC,2025,Q_G_OPERATING_PROFIT_GROWTH,1,-8.2116,98,0.93,auto_policy_eligible,run_resolve_pending,official_annual_direct_consistent
00579.HK,JNCEC,2025,Q_G_REVENUE_GROWTH,1,1.53347,98,0.93,auto_policy_eligible,run_resolve_pending,official_annual_direct_consistent
00579.HK,JNCEC,2025,Q_G_ROE,1,8.03805,102,0.94,auto_policy_eligible,run_resolve_pending,official_annual_direct_consistent
00579.HK,JNCEC,2025,Q_S_RD_RATE,2,3.67,4|8,0.93,auto_policy_eligible,run_resolve_pending,official_annual_direct_consistent
00600.HK,AXERA,2025,Q_E_GHG_REDUCTION_RATE,1,4.2298,77,0.93,auto_policy_eligible,run_resolve_pending,strict_extraction_evidence_consistent
00607.HK,FULLSHARE,2025,Q_G_REVENUE_GROWTH,1,-12.0246,73,0.95,auto_policy_eligible,run_resolve_pending,official_annual_direct_consistent
00632.HK,CHK OIL,2025,Q_E_GHG_REDUCTION_RATE,1,51.5883,30,0.93,auto_policy_eligible,run_resolve_pending,strict_extraction_evidence_consistent
00632.HK,CHK OIL,2025,Q_G_AR_TURNOVER,1,11.0614,70,0.94,auto_policy_eligible,run_resolve_pending,official_annual_direct_consistent
00632.HK,CHK OIL,2025,Q_G_CAPITAL_ACCUMULATION,1,13.2002,71,0.94,auto_policy_eligible,run_resolve_pending,official_annual_direct_consistent
00632.HK,CHK OIL,2025,Q_G_REVENUE_GROWTH,1,-61.6022,4,0.93,auto_policy_eligible,run_resolve_pending,official_annual_direct_consistent
00639.HK,SHOUGANG RES,2025,Q_G_AR_TURNOVER,1,11.3622,269,0.94,auto_policy_eligible,run_resolve_pending,official_annual_direct_consistent
00639.HK,SHOUGANG RES,2025,Q_G_ASSET_TURNOVER,1,0.224013,269,0.94,auto_policy_eligible,run_resolve_pending,official_annual_direct_consistent
00639.HK,SHOUGANG RES,2025,Q_G_CAPITAL_ACCUMULATION,1,-2.73556,270,0.94,auto_policy_eligible,run_resolve_pending,official_annual_direct_consistent
00639.HK,SHOUGANG RES,2025,Q_G_CASH_CURRENT_LIABILITY,1,435.455,359,0.93,auto_policy_eligible,run_resolve_pending,official_annual_direct_consistent
00639.HK,SHOUGANG RES,2025,Q_G_CURRENT_ASSET_TURNOVER,1,0.487756,269,0.94,auto_policy_eligible,run_resolve_pending,official_annual_direct_consistent
00639.HK,SHOUGANG RES,2025,Q_G_EBITDA_INTEREST,1,550.839,267,0.94,auto_policy_eligible,run_resolve_pending,official_annual_direct_consistent
00639.HK,SHOUGANG RES,2025,Q_G_QUICK_RATIO,1,394.911,269,0.94,auto_policy_eligible,run_resolve_pending,strict_extraction_evidence_consistent
00639.HK,SHOUGANG RES,2025,Q_G_REVENUE_GROWTH,1,-1.55466,267,0.93,auto_policy_eligible,run_resolve_pending,official_annual_direct_consistent
00639.HK,SHOUGANG RES,2025,Q_G_ROA,1,4.60313,269,0.94,auto_policy_eligible,run_resolve_pending,official_annual_direct_consistent
00639.HK,SHOUGANG RES,2025,Q_G_ROE,1,3.99411,270,0.94,auto_policy_eligible,run_resolve_pending,official_annual_direct_consistent
00639.HK,SHOUGANG RES,2025,Q_G_TWO_FUNDS_RATE,1,5.69974,269,0.94,auto_policy_eligible,run_resolve_pending,official_annual_direct_consistent
00645.HK,ARES ASIA,2025,Q_G_CAPITAL_ACCUMULATION,1,-16.0905,65,0.94,auto_policy_eligible,run_resolve_pending,official_annual_direct_consistent
00645.HK,ARES ASIA,2025,Q_G_EBITDA_INTEREST,1,-105.714,64,0.94,auto_policy_eligible,run_resolve_pending,official_annual_direct_consistent
00645.HK,ARES ASIA,2025,Q_G_REVENUE_GROWTH,1,110.401,64,0.93,auto_policy_eligible,run_resolve_pending,official_annual_direct_consistent
00650.HK,PRODUCTIVE TECH,2025,Q_G_AR_TURNOVER,1,2.91859,219,0.94,auto_policy_eligible,run_resolve_pending,official_annual_direct_consistent
00650.HK,PRODUCTIVE TECH,2025,Q_G_CAPITAL_ACCUMULATION,1,-17.5138,221,0.94,auto_policy_eligible,run_resolve_pending,official_annual_direct_consistent
00650.HK,PRODUCTIVE TECH,2025,Q_G_EBITDA_INTEREST,1,-26.5256,216,0.94,auto_policy_eligible,run_resolve_pending,official_annual_direct_consistent
00650.HK,PRODUCTIVE TECH,2025,Q_G_REVENUE_GROWTH,1,-48.7105,216,0.93,auto_policy_eligible,run_resolve_pending,official_annual_direct_consistent
00650.HK,PRODUCTIVE TECH,2025,Q_G_ROE,1,-19.5139,221,0.94,auto_policy_eligible,run_resolve_pending,official_annual_direct_consistent
00650.HK,PRODUCTIVE TECH,2025,Q_S_RD_RATE,1,40.3412,216,0.93,auto_policy_eligible,run_resolve_pending,official_annual_direct_consistent
00666.HK,REPT BATTERO,2025,Q_G_CAPITAL_ACCUMULATION,1,14.8545,93,0.94,auto_policy_eligible,run_resolve_pending,official_annual_direct_consistent
00666.HK,REPT BATTERO,2025,Q_G_CASH_CURRENT_LIABILITY,1,12.0678,95,0.93,auto_policy_eligible,run_resolve_pending,official_annual_direct_consistent
00666.HK,REPT BATTERO,2025,Q_G_CURRENT_ASSET_TURNOVER,1,1.07783,92,0.94,auto_policy_eligible,run_resolve_pending,official_annual_direct_consistent
00666.HK,REPT BATTERO,2025,Q_G_QUICK_RATIO,1,86.6486,92,0.94,auto_policy_eligible,run_resolve_pending,strict_extraction_evidence_consistent
00666.HK,REPT BATTERO,2025,Q_G_REVENUE_GROWTH,1,36.7392,90,0.93,auto_policy_eligible,run_resolve_pending,official_annual_direct_consistent
00666.HK,REPT BATTERO,2025,Q_S_PAY_PER_EMPLOYEE,1,17.8718,58,0.95,auto_policy_eligible,run_resolve_pending,strict_extraction_evidence_consistent
00666.HK,REPT BATTERO,2025,Q_S_RD_RATE,1,3.15093,90,0.93,auto_policy_eligible,run_resolve_pending,official_annual_direct_consistent
00686.HK,BJ ENERGY INTL,2025,Q_G_ASSET_TURNOVER,1,0.0748802,124,0.94,auto_policy_eligible,run_resolve_pending,official_annual_direct_consistent
00686.HK,BJ ENERGY INTL,2025,Q_G_CAPITAL_ACCUMULATION,1,28.2966,124,0.94,auto_policy_eligible,run_resolve_pending,official_annual_direct_consistent
00686.HK,BJ ENERGY INTL,2025,Q_G_CURRENT_ASSET_TURNOVER,1,0.460508,124,0.94,auto_policy_eligible,run_resolve_pending,official_annual_direct_consistent
00686.HK,BJ ENERGY INTL,2025,Q_G_DEBT_ASSET_RATE,1,72.0947,125,0.94,auto_policy_eligible,run_resolve_pending,official_annual_direct_consistent
00686.HK,BJ ENERGY INTL,2025,Q_G_EBITDA_INTEREST,1,1.19468,121,0.94,auto_policy_eligible,run_resolve_pending,official_annual_direct_consistent
00686.HK,BJ ENERGY INTL,2025,Q_G_REVENUE_GROWTH,1,10.3552,121,0.93,auto_policy_eligible,run_resolve_pending,official_annual_direct_consistent
00686.HK,BJ ENERGY INTL,2025,Q_G_ROA,1,2.56569,124,0.94,auto_policy_eligible,run_resolve_pending,official_annual_direct_consistent
00686.HK,BJ ENERGY INTL,2025,Q_G_ROE,1,0.123715,124,0.94,auto_policy_eligible,run_resolve_pending,official_annual_direct_consistent
00689.HK,EPI (HOLDINGS),2025,Q_G_CAPITAL_ACCUMULATION,1,6.35081,92,0.94,auto_policy_eligible,run_resolve_pending,official_annual_direct_consistent
00689.HK,EPI (HOLDINGS),2025,Q_G_CURRENT_ASSET_TURNOVER,1,0.306069,91,0.94,auto_policy_eligible,run_resolve_pending,official_annual_direct_consistent
00689.HK,EPI (HOLDINGS),2025,Q_G_EBITDA_INTEREST,1,5.82449,89,0.94,auto_policy_eligible,run_resolve_pending,official_annual_direct_consistent
00689.HK,EPI (HOLDINGS),2025,Q_G_REVENUE_GROWTH,1,-10.9203,89,0.93,auto_policy_eligible,run_resolve_pending,official_annual_direct_consistent
00704.HK,HUSCOKE HLDGS,2025,Q_G_AR_TURNOVER,1,38.6125,112,0.94,auto_policy_eligible,run_resolve_pending,official_annual_direct_consistent
00704.HK,HUSCOKE HLDGS,2025,Q_G_CAPITAL_ACCUMULATION,1,-4.04336,113,0.94,auto_policy_eligible,run_resolve_pending,official_annual_direct_consistent
00704.HK,HUSCOKE HLDGS,2025,Q_G_CURRENT_ASSET_TURNOVER,1,0.243545,112,0.94,auto_policy_eligible,run_resolve_pending,official_annual_direct_consistent
00704.HK,HUSCOKE HLDGS,2025,Q_G_EBITDA_INTEREST,1,0.0532045,110,0.94,auto_policy_eligible,run_resolve_pending,official_annual_direct_consistent
00704.HK,HUSCOKE HLDGS,2025,Q_G_ROE,1,-2.77361,113,0.94,auto_policy_eligible,run_resolve_pending,official_annual_direct_consistent
00819.HK,TIANNENG POWER,2025,Q_G_CAPITAL_ACCUMULATION,1,7.45248,79,0.94,auto_policy_eligible,run_resolve_pending,official_annual_direct_consistent
00819.HK,TIANNENG POWER,2025,Q_G_EBITDA_INTEREST,1,5.59784,77,0.94,auto_policy_eligible,run_resolve_pending,official_annual_direct_consistent
00819.HK,TIANNENG POWER,2025,Q_G_REVENUE_GROWTH,1,-29.8295,77,0.93,auto_policy_eligible,run_resolve_pending,official_annual_direct_consistent
00819.HK,TIANNENG POWER,2025,Q_G_ROE,1,8.4786,79,0.94,auto_policy_eligible,run_resolve_pending,official_annual_direct_consistent
00819.HK,TIANNENG POWER,2025,Q_S_RD_RATE,1,3.74194,77,0.93,auto_policy_eligible,run_resolve_pending,official_annual_direct_consistent
00836.HK,CHINA RES POWER,2025,Q_G_CAPITAL_ACCUMULATION,1,11.4108,87,0.94,auto_policy_eligible,run_resolve_pending,official_annual_direct_consistent
00836.HK,CHINA RES POWER,2025,Q_G_DEBT_ASSET_RATE,1,67.3544,87,0.94,auto_policy_eligible,run_resolve_pending,official_annual_direct_consistent
00836.HK,CHINA RES POWER,2025,Q_G_EBITDA_INTEREST,1,6.06687,84,0.94,auto_policy_eligible,run_resolve_pending,official_annual_direct_consistent
00836.HK,CHINA RES POWER,2025,Q_G_ROA,1,6.27104,86,0.94,auto_policy_eligible,run_resolve_pending,official_annual_direct_consistent
00836.HK,CHINA RES POWER,2025,Q_G_ROE,1,13.0179,87,0.94,auto_policy_eligible,run_resolve_pending,official_annual_direct_consistent
00866.HK,CHINA QINFA,2025,Q_G_AR_TURNOVER,1,17.8382,194,0.94,auto_policy_eligible,run_resolve_pending,official_annual_direct_consistent
00866.HK,CHINA QINFA,2025,Q_G_CAPITAL_ACCUMULATION,1,-22.7266,195,0.94,auto_policy_eligible,run_resolve_pending,official_annual_direct_consistent
00866.HK,CHINA QINFA,2025,Q_G_EBITDA_INTEREST,1,2.43025,191,0.94,auto_policy_eligible,run_resolve_pending,official_annual_direct_consistent
00866.HK,CHINA QINFA,2025,Q_G_OPERATING_MARGIN,1,11.1229,191,0.93,auto_policy_eligible,run_resolve_pending,official_annual_direct_consistent
00866.HK,CHINA QINFA,2025,Q_G_OPERATING_PROFIT_GROWTH,1,58.3032,191,0.93,auto_policy_eligible,run_resolve_pending,official_annual_direct_consistent
00866.HK,CHINA QINFA,2025,Q_G_REVENUE_GROWTH,1,62.7137,191,0.93,auto_policy_eligible,run_resolve_pending,official_annual_direct_consistent
00931.HK,CHINA HK POWER,2025,Q_G_CAPITAL_ACCUMULATION,1,300.499,73,0.94,auto_policy_eligible,run_resolve_pending,official_annual_direct_consistent
00931.HK,CHINA HK POWER,2025,Q_G_CASH_CURRENT_LIABILITY,1,-5.84872,75,0.93,auto_policy_eligible,run_resolve_pending,official_annual_direct_consistent
00931.HK,CHINA HK POWER,2025,Q_G_CURRENT_ASSET_TURNOVER,1,1.53841,72,0.94,auto_policy_eligible,run_resolve_pending,official_annual_direct_consistent
00931.HK,CHINA HK POWER,2025,Q_G_EBITDA_INTEREST,1,-2.71996,70,0.94,auto_policy_eligible,run_resolve_pending,official_annual_direct_consistent
00931.HK,CHINA HK POWER,2025,Q_G_QUICK_RATIO,1,52.3919,72,0.94,auto_policy_eligible,run_resolve_pending,strict_extraction_evidence_consistent
00931.HK,CHINA HK POWER,2025,Q_G_REVENUE_GROWTH,1,56.9756,70,0.93,auto_policy_eligible,run_resolve_pending,official_annual_direct_consistent
00934.HK,SINOPEC KANTONS,2025,Q_G_ASSET_TURNOVER,1,0.0255818,132,0.94,auto_policy_eligible,run_resolve_pending,official_annual_direct_consistent
00934.HK,SINOPEC KANTONS,2025,Q_G_CAPITAL_ACCUMULATION,1,3.71534,88,0.94,auto_policy_eligible,run_resolve_pending,official_annual_direct_consistent
00934.HK,SINOPEC KANTONS,2025,Q_G_CASH_CURRENT_LIABILITY,1,160.858,91,0.93,auto_policy_eligible,run_resolve_pending,official_annual_direct_consistent
00934.HK,SINOPEC KANTONS,2025,Q_G_CURRENT_ASSET_TURNOVER,1,0.0773044,132,0.94,auto_policy_eligible,run_resolve_pending,official_annual_direct_consistent
00934.HK,SINOPEC KANTONS,2025,Q_G_DEBT_ASSET_RATE,1,2.05421,88,0.94,auto_policy_eligible,run_resolve_pending,official_annual_direct_consistent
00934.HK,SINOPEC KANTONS,2025,Q_G_EBITDA_INTEREST,1,672.717,132,0.94,auto_policy_eligible,run_resolve_pending,official_annual_direct_consistent
00934.HK,SINOPEC KANTONS,2025,Q_G_REVENUE_GROWTH,1,-32.5906,132,0.93,auto_policy_eligible,run_resolve_pending,official_annual_direct_consistent
00934.HK,SINOPEC KANTONS,2025,Q_G_ROA,1,0.933319,132,0.94,auto_policy_eligible,run_resolve_pending,official_annual_direct_consistent
00934.HK,SINOPEC KANTONS,2025,Q_G_ROE,1,6.3416,88,0.94,auto_policy_eligible,run_resolve_pending,official_annual_direct_consistent
00951.HK,CHAOWEI POWER,2025,Q_G_AR_TURNOVER,1,19.3722,89,0.94,auto_policy_eligible,run_resolve_pending,official_annual_direct_consistent
00951.HK,CHAOWEI POWER,2025,Q_G_CAPITAL_ACCUMULATION,1,4.77902,90,0.94,auto_policy_eligible,run_resolve_pending,official_annual_direct_consistent
00951.HK,CHAOWEI POWER,2025,Q_G_CURRENT_ASSET_TURNOVER,1,3.03388,89,0.94,auto_policy_eligible,run_resolve_pending,official_annual_direct_consistent
00951.HK,CHAOWEI POWER,2025,Q_G_EBITDA_INTEREST,1,2.50746,88,0.94,auto_policy_eligible,run_resolve_pending,official_annual_direct_consistent
00951.HK,CHAOWEI POWER,2025,Q_G_QUICK_RATIO,1,100.334,89,0.94,auto_policy_eligible,run_resolve_pending,strict_extraction_evidence_consistent
00951.HK,CHAOWEI POWER,2025,Q_G_REVENUE_GROWTH,1,8.06388,8,0.93,auto_policy_eligible,run_resolve_pending,official_annual_direct_consistent
00951.HK,CHAOWEI POWER,2025,Q_G_ROE,1,6.58795,90,0.94,auto_policy_eligible,run_resolve_pending,official_annual_direct_consistent
00951.HK,CHAOWEI POWER,2025,Q_G_TWO_FUNDS_RATE,1,38.8092,89,0.94,auto_policy_eligible,run_resolve_pending,official_annual_direct_consistent
00968.HK,XINYI SOLAR,2025,Q_G_AR_TURNOVER,1,2.54746,76,0.94,auto_policy_eligible,run_resolve_pending,official_annual_direct_consistent
00968.HK,XINYI SOLAR,2025,Q_G_ASSET_TURNOVER,1,0.366472,76,0.94,auto_policy_eligible,run_resolve_pending,official_annual_direct_consistent
00968.HK,XINYI SOLAR,2025,Q_G_CAPITAL_ACCUMULATION,1,1.53595,76,0.94,auto_policy_eligible,run_resolve_pending,official_annual_direct_consistent
00968.HK,XINYI SOLAR,2025,Q_G_CASH_CURRENT_LIABILITY,1,42.6828,80,0.93,auto_policy_eligible,run_resolve_pending,official_annual_direct_consistent
00968.HK,XINYI SOLAR,2025,Q_G_CURRENT_ASSET_TURNOVER,1,1.10387,76,0.94,auto_policy_eligible,run_resolve_pending,official_annual_direct_consistent
00968.HK,XINYI SOLAR,2025,Q_G_DEBT_ASSET_RATE,1,38.6178,77,0.94,auto_policy_eligible,run_resolve_pending,official_annual_direct_consistent
00968.HK,XINYI SOLAR,2025,Q_G_OPERATING_MARGIN,1,6.99304,74,0.93,auto_policy_eligible,run_resolve_pending,official_annual_direct_consistent
00968.HK,XINYI SOLAR,2025,Q_G_OPERATING_PROFIT_GROWTH,1,-37.3009,74,0.93,auto_policy_eligible,run_resolve_pending,official_annual_direct_consistent
00968.HK,XINYI SOLAR,2025,Q_G_QUICK_RATIO,1,139.591,77,0.94,auto_policy_eligible,run_resolve_pending,strict_extraction_evidence_consistent
00968.HK,XINYI SOLAR,2025,Q_G_REVENUE_GROWTH,1,-4.83674,74,0.93,auto_policy_eligible,run_resolve_pending,official_annual_direct_consistent
00968.HK,XINYI SOLAR,2025,Q_G_ROE,1,1.9023,76,0.94,auto_policy_eligible,run_resolve_pending,official_annual_direct_consistent
00968.HK,XINYI SOLAR,2025,Q_G_TWO_FUNDS_RATE,1,47.3067,76,0.94,auto_policy_eligible,run_resolve_pending,official_annual_direct_consistent
00975.HK,MONGOL MINING,2025,Q_G_CAPITAL_ACCUMULATION,1,-0.866312,83,0.94,auto_policy_eligible,run_resolve_pending,official_annual_direct_consistent
00975.HK,MONGOL MINING,2025,Q_G_CASH_CURRENT_LIABILITY,1,57.4024,85,0.93,auto_policy_eligible,run_resolve_pending,official_annual_direct_consistent
00975.HK,MONGOL MINING,2025,Q_G_CURRENT_ASSET_TURNOVER,1,1.90988,83,0.94,auto_policy_eligible,run_resolve_pending,official_annual_direct_consistent
00975.HK,MONGOL MINING,2025,Q_G_EBITDA_INTEREST,1,1.53619,82,0.94,auto_policy_eligible,run_resolve_pending,official_annual_direct_consistent
00975.HK,MONGOL MINING,2025,Q_G_OPERATING_MARGIN,1,9.56621,82,0.93,auto_policy_eligible,run_resolve_pending,official_annual_direct_consistent
00975.HK,MONGOL MINING,2025,Q_G_OPERATING_PROFIT_GROWTH,1,-78.6145,82,0.93,auto_policy_eligible,run_resolve_pending,official_annual_direct_consistent
00975.HK,MONGOL MINING,2025,Q_G_QUICK_RATIO,1,78.1829,83,0.94,auto_policy_eligible,run_resolve_pending,strict_extraction_evidence_consistent
00975.HK,MONGOL MINING,2025,Q_G_REVENUE_GROWTH,1,-20.8158,82,0.93,auto_policy_eligible,run_resolve_pending,official_annual_direct_consistent
00975.HK,MONGOL MINING,2025,Q_G_ROE,1,1.00878,83,0.94,auto_policy_eligible,run_resolve_pending,official_annual_direct_consistent
01080.HK,SHENGLI PIPE,2025,Q_G_AR_TURNOVER,1,11.6158,112,0.94,auto_policy_eligible,run_resolve_pending,official_annual_direct_consistent
01080.HK,SHENGLI PIPE,2025,Q_G_CAPITAL_ACCUMULATION,1,-11.3126,113,0.94,auto_policy_eligible,run_resolve_pending,official_annual_direct_consistent
01080.HK,SHENGLI PIPE,2025,Q_G_EBITDA_INTEREST,1,-0.47363,110,0.94,auto_policy_eligible,run_resolve_pending,official_annual_direct_consistent
01080.HK,SHENGLI PIPE,2025,Q_G_REVENUE_GROWTH,1,58.4306,110,0.93,auto_policy_eligible,run_resolve_pending,official_annual_direct_consistent
01080.HK,SHENGLI PIPE,2025,Q_G_ROE,1,-4.63689,113,0.94,auto_policy_eligible,run_resolve_pending,official_annual_direct_consistent
01083.HK,TG SMART ENERGY,2025,Q_G_CAPITAL_ACCUMULATION,1,9.32473,97,0.94,auto_policy_eligible,run_resolve_pending,official_annual_direct_consistent
01083.HK,TG SMART ENERGY,2025,Q_G_ROE,1,6.50017,97,0.94,auto_policy_eligible,run_resolve_pending,official_annual_direct_consistent
01193.HK,CHINA RES GAS,2025,Q_G_CAPITAL_ACCUMULATION,1,6.34229,102,0.94,auto_policy_eligible,run_resolve_pending,official_annual_direct_consistent
01193.HK,CHINA RES GAS,2025,Q_G_CURRENT_ASSET_TURNOVER,1,3.30139,101,0.94,auto_policy_eligible,run_resolve_pending,official_annual_direct_consistent
01193.HK,CHINA RES GAS,2025,Q_G_EBITDA_INTEREST,1,11.7893,99,0.94,auto_policy_eligible,run_resolve_pending,official_annual_direct_consistent
01193.HK,CHINA RES GAS,2025,Q_G_QUICK_RATIO,1,52.3806,101,0.94,auto_policy_eligible,run_resolve_pending,strict_extraction_evidence_consistent
01193.HK,CHINA RES GAS,2025,Q_G_REVENUE_GROWTH,1,-4.81445,99,0.93,auto_policy_eligible,run_resolve_pending,official_annual_direct_consistent
01193.HK,CHINA RES GAS,2025,Q_G_ROE,1,7.72366,102,0.94,auto_policy_eligible,run_resolve_pending,official_annual_direct_consistent
01205.HK,CITIC RESOURCES,2025,Q_G_CAPITAL_ACCUMULATION,1,8.9109,67,0.94,auto_policy_eligible,run_resolve_pending,official_annual_direct_consistent
01205.HK,CITIC RESOURCES,2025,Q_G_CASH_CURRENT_LIABILITY,1,24.9823,71,0.93,auto_policy_eligible,run_resolve_pending,official_annual_direct_consistent
01205.HK,CITIC RESOURCES,2025,Q_G_QUICK_RATIO,1,149.229,66,0.94,auto_policy_eligible,run_resolve_pending,strict_extraction_evidence_consistent
01205.HK,CITIC RESOURCES,2025,Q_G_ROE,1,0.0236041,67,0.94,auto_policy_eligible,run_resolve_pending,official_annual_direct_consistent
01205.HK,CITIC RESOURCES,2025,Q_G_TWO_FUNDS_RATE,1,15.1085,66,0.94,auto_policy_eligible,run_resolve_pending,official_annual_direct_consistent
01229.HK,NAN NAN RES,2025,Q_G_CAPITAL_ACCUMULATION,1,40.0928,80,0.94,auto_policy_eligible,run_resolve_pending,official_annual_direct_consistent
01229.HK,NAN NAN RES,2025,Q_G_EBITDA_INTEREST,1,19.89,5,0.94,auto_policy_eligible,run_resolve_pending,official_annual_direct_consistent
01229.HK,NAN NAN RES,2025,Q_G_REVENUE_GROWTH,1,181.771,5,0.93,auto_policy_eligible,run_resolve_pending,official_annual_direct_consistent
01229.HK,NAN NAN RES,2025,Q_G_ROE,1,34.8133,80,0.94,auto_policy_eligible,run_resolve_pending,official_annual_direct_consistent
01250.HK,SDHS NEW ENERGY,2025,Q_G_CAPITAL_ACCUMULATION,1,2.01305,98,0.94,auto_policy_eligible,run_resolve_pending,official_annual_direct_consistent
01250.HK,SDHS NEW ENERGY,2025,Q_G_CASH_CURRENT_LIABILITY,1,34.9188,100,0.93,auto_policy_eligible,run_resolve_pending,official_annual_direct_consistent
01250.HK,SDHS NEW ENERGY,2025,Q_G_CURRENT_ASSET_TURNOVER,1,0.264988,97,0.94,auto_policy_eligible,run_resolve_pending,official_annual_direct_consistent
01250.HK,SDHS NEW ENERGY,2025,Q_G_EBITDA_INTEREST,1,1.62452,95,0.94,auto_policy_eligible,run_resolve_pending,official_annual_direct_consistent
01250.HK,SDHS NEW ENERGY,2025,Q_G_QUICK_RATIO,1,161.619,97,0.94,auto_policy_eligible,run_resolve_pending,strict_extraction_evidence_consistent
01250.HK,SDHS NEW ENERGY,2025,Q_G_REVENUE_GROWTH,1,-0.327482,95,0.93,auto_policy_eligible,run_resolve_pending,official_annual_direct_consistent
01250.HK,SDHS NEW ENERGY,2025,Q_G_ROE,1,2.054,98,0.94,auto_policy_eligible,run_resolve_pending,official_annual_direct_consistent
01250.HK,SDHS NEW ENERGY,2025,Q_S_ENV_INVEST_RATE,1,0.18,56,0.94,auto_policy_eligible,run_resolve_pending,strict_extraction_evidence_consistent
01251.HK,SPT ENERGY,2025,Q_G_CAPITAL_ACCUMULATION,1,-11.1466,128,0.94,auto_policy_eligible,run_resolve_pending,official_annual_direct_consistent
01251.HK,SPT ENERGY,2025,Q_G_DEBT_ASSET_RATE,1,62.7562,129,0.94,auto_policy_eligible,run_resolve_pending,official_annual_direct_consistent
01251.HK,SPT ENERGY,2025,Q_G_ROE,1,-13.5899,131,0.94,auto_policy_eligible,run_resolve_pending,official_annual_direct_consistent
01277.HK,KINETIC DEV,2025,Q_G_CAPITAL_ACCUMULATION,1,-0.75212,120,0.94,auto_policy_eligible,run_resolve_pending,official_annual_direct_consistent
01277.HK,KINETIC DEV,2025,Q_G_CURRENT_ASSET_TURNOVER,1,1.56024,119,0.94,auto_policy_eligible,run_resolve_pending,official_annual_direct_consistent
01277.HK,KINETIC DEV,2025,Q_G_EBITDA_INTEREST,1,17.2979,117,0.94,auto_policy_eligible,run_resolve_pending,official_annual_direct_consistent
01277.HK,KINETIC DEV,2025,Q_G_OPERATING_MARGIN,1,25.7718,117,0.93,auto_policy_eligible,run_resolve_pending,official_annual_direct_consistent
01277.HK,KINETIC DEV,2025,Q_G_OPERATING_PROFIT_GROWTH,1,-51.4291,117,0.93,auto_policy_eligible,run_resolve_pending,official_annual_direct_consistent
01277.HK,KINETIC DEV,2025,Q_G_QUICK_RATIO,1,26.3172,119,0.94,auto_policy_eligible,run_resolve_pending,strict_extraction_evidence_consistent
01277.HK,KINETIC DEV,2025,Q_G_REVENUE_GROWTH,1,-6.41043,117,0.93,auto_policy_eligible,run_resolve_pending,official_annual_direct_consistent
01277.HK,KINETIC DEV,2025,Q_G_ROE,1,10.7891,120,0.94,auto_policy_eligible,run_resolve_pending,official_annual_direct_consistent
01303.HK,HUILI RES,2025,Q_G_CAPITAL_ACCUMULATION,1,1.05793,55,0.94,auto_policy_eligible,run_resolve_pending,official_annual_direct_consistent
01303.HK,HUILI RES,2025,Q_G_CASH_CURRENT_LIABILITY,1,16.6662,57,0.93,auto_policy_eligible,run_resolve_pending,official_annual_direct_consistent
01303.HK,HUILI RES,2025,Q_G_DEBT_ASSET_RATE,1,49.6488,55,0.94,auto_policy_eligible,run_resolve_pending,official_annual_direct_consistent
01303.HK,HUILI RES,2025,Q_G_EBITDA_INTEREST,1,3.83308,52,0.94,auto_policy_eligible,run_resolve_pending,official_annual_direct_consistent
01303.HK,HUILI RES,2025,Q_G_QUICK_RATIO,1,140.683,54,0.94,auto_policy_eligible,run_resolve_pending,strict_extraction_evidence_consistent
01303.HK,HUILI RES,2025,Q_G_ROA,1,1.27393,54,0.94,auto_policy_eligible,run_resolve_pending,official_annual_direct_consistent
01303.HK,HUILI RES,2025,Q_G_ROE,1,1.08358,55,0.94,auto_policy_eligible,run_resolve_pending,official_annual_direct_consistent
01393.HK,HIDILI INDUSTRY,2025,Q_E_GHG_REDUCTION_RATE,1,22.6014,53,0.93,auto_policy_eligible,run_resolve_pending,strict_extraction_evidence_consistent
01393.HK,HIDILI INDUSTRY,2025,Q_G_CAPITAL_ACCUMULATION,1,-56.0628,85,0.94,auto_policy_eligible,run_resolve_pending,official_annual_direct_consistent
01393.HK,HIDILI INDUSTRY,2025,Q_G_EBITDA_INTEREST,1,-0.992433,83,0.94,auto_policy_eligible,run_resolve_pending,official_annual_direct_consistent
01393.HK,HIDILI INDUSTRY,2025,Q_G_EBITDA_MARGIN,1,2.771,142,0.94,auto_policy_eligible,run_resolve_pending,strict_extraction_evidence_consistent
01393.HK,HIDILI INDUSTRY,2025,Q_G_REVENUE_GROWTH,1,-10.8091,83,0.93,auto_policy_eligible,run_resolve_pending,official_annual_direct_consistent
01393.HK,HIDILI INDUSTRY,2025,Q_G_ROE,1,-79.3094,142,0.94,auto_policy_eligible,run_resolve_pending,official_annual_direct_consistent
01407.HK,JY GAS,2025,Q_E_GHG_INTENSITY,1,6.98,12,0.92,auto_policy_eligible,run_resolve_pending,official_esg_direct_consistent
01407.HK,JY GAS,2025,Q_G_AR_TURNOVER,1,38.3744,66,0.94,auto_policy_eligible,run_resolve_pending,official_annual_direct_consistent
01407.HK,JY GAS,2025,Q_G_ASSET_TURNOVER,1,0.573584,66,0.94,auto_policy_eligible,run_resolve_pending,official_annual_direct_consistent
01407.HK,JY GAS,2025,Q_G_CAPITAL_ACCUMULATION,1,4.90339,67,0.94,auto_policy_eligible,run_resolve_pending,official_annual_direct_consistent
01407.HK,JY GAS,2025,Q_G_DEBT_ASSET_RATE,1,43.0274,67,0.94,auto_policy_eligible,run_resolve_pending,official_annual_direct_consistent
01407.HK,JY GAS,2025,Q_G_EBITDA_INTEREST,1,12.4724,64,0.94,auto_policy_eligible,run_resolve_pending,official_annual_direct_consistent
01407.HK,JY GAS,2025,Q_G_OPERATING_MARGIN,1,12.9518,64,0.93,auto_policy_eligible,run_resolve_pending,official_annual_direct_consistent
01407.HK,JY GAS,2025,Q_G_OPERATING_PROFIT_GROWTH,1,1.67046,64,0.93,auto_policy_eligible,run_resolve_pending,official_annual_direct_consistent
01407.HK,JY GAS,2025,Q_G_REVENUE_GROWTH,1,-9.67486,64,0.93,auto_policy_eligible,run_resolve_pending,official_annual_direct_consistent
01407.HK,JY GAS,2025,Q_G_ROA,1,7.47714,66,0.94,auto_policy_eligible,run_resolve_pending,official_annual_direct_consistent
01407.HK,JY GAS,2025,Q_G_ROE,1,8.98512,67,0.94,auto_policy_eligible,run_resolve_pending,official_annual_direct_consistent
01555.HK,MIE HOLDINGS,2025,Q_G_DEBT_ASSET_RATE,1,358.844,123,0.94,auto_policy_eligible,run_resolve_pending,official_annual_direct_consistent
01555.HK,MIE HOLDINGS,2025,Q_G_EBITDA_INTEREST,1,-0.228459,125,0.94,auto_policy_eligible,run_resolve_pending,official_annual_direct_consistent
01555.HK,MIE HOLDINGS,2025,Q_G_QUICK_RATIO,1,55.5557,123,0.94,auto_policy_eligible,run_resolve_pending,strict_extraction_evidence_consistent
01555.HK,MIE HOLDINGS,2025,Q_G_ROA,1,-7.35174,125,0.94,auto_policy_eligible,run_resolve_pending,official_annual_direct_consistent
01555.HK,MIE HOLDINGS,2025,Q_G_TWO_FUNDS_RATE,1,35.6107,122,0.94,auto_policy_eligible,run_resolve_pending,official_annual_direct_consistent
01600.HK,TIAN LUN GAS,2025,Q_E_GHG_INTENSITY,1,32.3,34,0.95,auto_policy_eligible,run_resolve_pending,official_esg_direct_consistent
01600.HK,TIAN LUN GAS,2025,Q_E_HAZ_WASTE_INTENSITY,1,0.016,34,0.91,auto_policy_eligible,run_resolve_pending,strict_extraction_evidence_consistent
01600.HK,TIAN LUN GAS,2025,Q_E_PM_INTENSITY,1,0.029,34,0.91,auto_policy_eligible,run_resolve_pending,strict_extraction_evidence_consistent
01600.HK,TIAN LUN GAS,2025,Q_E_SOLID_WASTE_INTENSITY,1,0.5,34,0.91,auto_policy_eligible,run_resolve_pending,strict_extraction_evidence_consistent
01600.HK,TIAN LUN GAS,2025,Q_E_WASTEWATER_INTENSITY,1,49.7,34,0.91,auto_policy_eligible,run_resolve_pending,strict_extraction_evidence_consistent
01600.HK,TIAN LUN GAS,2025,Q_E_WATER_INTENSITY,1,99.6,34,0.95,auto_policy_eligible,run_resolve_pending,official_esg_direct_consistent
01600.HK,TIAN LUN GAS,2025,Q_G_ASSET_TURNOVER,1,0.507079,90,0.94,auto_policy_eligible,run_resolve_pending,official_annual_direct_consistent
01600.HK,TIAN LUN GAS,2025,Q_G_CAPITAL_ACCUMULATION,1,-2.17165,90,0.94,auto_policy_eligible,run_resolve_pending,official_annual_direct_consistent
01600.HK,TIAN LUN GAS,2025,Q_G_DEBT_ASSET_RATE,1,60.2088,91,0.94,auto_policy_eligible,run_resolve_pending,official_annual_direct_consistent
01600.HK,TIAN LUN GAS,2025,Q_G_OPERATING_MARGIN,1,5.60137,88,0.93,auto_policy_eligible,run_resolve_pending,official_annual_direct_consistent
01600.HK,TIAN LUN GAS,2025,Q_G_OPERATING_PROFIT_GROWTH,1,-49.1025,88,0.93,auto_policy_eligible,run_resolve_pending,official_annual_direct_consistent
01600.HK,TIAN LUN GAS,2025,Q_G_REVENUE_GROWTH,1,2.01413,88,0.93,auto_policy_eligible,run_resolve_pending,official_annual_direct_consistent
01600.HK,TIAN LUN GAS,2025,Q_G_ROE,1,0.900188,90,0.94,auto_policy_eligible,run_resolve_pending,official_annual_direct_consistent
01608.HK,VPOWER GROUP,2025,Q_G_CAPITAL_ACCUMULATION,1,-11.1546,71,0.94,auto_policy_eligible,run_resolve_pending,official_annual_direct_consistent
01608.HK,VPOWER GROUP,2025,Q_G_CURRENT_ASSET_TURNOVER,1,0.316867,70,0.94,auto_policy_eligible,run_resolve_pending,official_annual_direct_consistent
01608.HK,VPOWER GROUP,2025,Q_G_EBITDA_INTEREST,1,0.345872,68,0.94,auto_policy_eligible,run_resolve_pending,official_annual_direct_consistent
01608.HK,VPOWER GROUP,2025,Q_G_QUICK_RATIO,1,73.2231,70,0.94,auto_policy_eligible,run_resolve_pending,strict_extraction_evidence_consistent
01608.HK,VPOWER GROUP,2025,Q_G_REVENUE_GROWTH,1,-20.9032,68,0.93,auto_policy_eligible,run_resolve_pending,official_annual_direct_consistent
01608.HK,VPOWER GROUP,2025,Q_G_ROE,1,-13.4739,71,0.94,auto_policy_eligible,run_resolve_pending,official_annual_direct_consistent
01621.HK,VICO INTL HLDGS,2025,Q_G_CAPITAL_ACCUMULATION,1,6.89808,167,0.94,auto_policy_eligible,run_resolve_pending,official_annual_direct_consistent
01621.HK,VICO INTL HLDGS,2025,Q_G_EBITDA_INTEREST,1,20.8791,165,0.94,auto_policy_eligible,run_resolve_pending,official_annual_direct_consistent
01621.HK,VICO INTL HLDGS,2025,Q_G_REVENUE_GROWTH,1,-15.3897,165,0.93,auto_policy_eligible,run_resolve_pending,official_annual_direct_consistent
01623.HK,HILONG,2025,Q_G_CAPITAL_ACCUMULATION,1,-8.97054,82,0.94,auto_policy_eligible,run_resolve_pending,official_annual_direct_consistent
01623.HK,HILONG,2025,Q_G_DEBT_ASSET_RATE,1,61.2127,83,0.94,auto_policy_eligible,run_resolve_pending,official_annual_direct_consistent
01713.HK,SICHUAN EN INV,2025,Q_G_AR_TURNOVER,1,0,78,0.94,auto_policy_eligible,run_resolve_pending,official_annual_direct_consistent
01713.HK,SICHUAN EN INV,2025,Q_G_ASSET_TURNOVER,1,0,78,0.94,auto_policy_eligible,run_resolve_pending,official_annual_direct_consistent
01713.HK,SICHUAN EN INV,2025,Q_G_CASH_CURRENT_LIABILITY,1,27.8826,87,0.93,auto_policy_eligible,run_resolve_pending,official_annual_direct_consistent
01713.HK,SICHUAN EN INV,2025,Q_G_CURRENT_ASSET_TURNOVER,1,0,78,0.94,auto_policy_eligible,run_resolve_pending,official_annual_direct_consistent
01713.HK,SICHUAN EN INV,2025,Q_G_DEBT_ASSET_RATE,1,49.8714,79,0.94,auto_policy_eligible,run_resolve_pending,official_annual_direct_consistent
01713.HK,SICHUAN EN INV,2025,Q_G_QUICK_RATIO,1,66.0955,79,0.94,auto_policy_eligible,run_resolve_pending,strict_extraction_evidence_consistent
01713.HK,SICHUAN EN INV,2025,Q_G_REVENUE_GROWTH,1,-99.375,16,0.93,auto_policy_eligible,run_resolve_pending,official_annual_direct_consistent
01713.HK,SICHUAN EN INV,2025,Q_G_TWO_FUNDS_RATE,1,53.3399,78,0.94,auto_policy_eligible,run_resolve_pending,official_annual_direct_consistent
01713.HK,SICHUAN EN INV,2025,Q_S_BENEFIT_PER_EMPLOYEE,1,3.07696,151,0.95,auto_policy_eligible,run_resolve_pending,strict_extraction_evidence_consistent
01713.HK,SICHUAN EN INV,2025,Q_S_EDU_PER_EMPLOYEE,1,0.427416,151,0.95,auto_policy_eligible,run_resolve_pending,strict_extraction_evidence_consistent
01733.HK,E-COMMODITIES,2025,Q_G_CAPITAL_ACCUMULATION,1,3.90577,78,0.94,auto_policy_eligible,run_resolve_pending,official_annual_direct_consistent
01733.HK,E-COMMODITIES,2025,Q_G_CURRENT_ASSET_TURNOVER,1,2.36281,77,0.94,auto_policy_eligible,run_resolve_pending,official_annual_direct_consistent
01733.HK,E-COMMODITIES,2025,Q_G_EBITDA_INTEREST,1,2.71498,74,0.94,auto_policy_eligible,run_resolve_pending,official_annual_direct_consistent
01733.HK,E-COMMODITIES,2025,Q_G_OPERATING_MARGIN,1,1.27401,74,0.93,auto_policy_eligible,run_resolve_pending,official_annual_direct_consistent
01733.HK,E-COMMODITIES,2025,Q_G_OPERATING_PROFIT_GROWTH,1,-68.0767,74,0.93,auto_policy_eligible,run_resolve_pending,official_annual_direct_consistent
01733.HK,E-COMMODITIES,2025,Q_G_QUICK_RATIO,1,101.036,77,0.94,auto_policy_eligible,run_resolve_pending,strict_extraction_evidence_consistent
01733.HK,E-COMMODITIES,2025,Q_G_REVENUE_GROWTH,1,-35.5533,74,0.93,auto_policy_eligible,run_resolve_pending,official_annual_direct_consistent
01733.HK,E-COMMODITIES,2025,Q_G_ROE,1,3.39638,78,0.94,auto_policy_eligible,run_resolve_pending,official_annual_direct_consistent
01738.HK,FS ANTHRACITE,2025,Q_G_ASSET_TURNOVER,1,0.130045,68,0.94,auto_policy_eligible,run_resolve_pending,official_annual_direct_consistent
01738.HK,FS ANTHRACITE,2025,Q_G_CASH_CURRENT_LIABILITY,1,2.54129,71,0.93,auto_policy_eligible,run_resolve_pending,official_annual_direct_consistent
01738.HK,FS ANTHRACITE,2025,Q_G_CURRENT_ASSET_TURNOVER,1,2.81279,68,0.94,auto_policy_eligible,run_resolve_pending,official_annual_direct_consistent
01738.HK,FS ANTHRACITE,2025,Q_G_DEBT_ASSET_RATE,1,189.758,69,0.94,auto_policy_eligible,run_resolve_pending,official_annual_direct_consistent
01738.HK,FS ANTHRACITE,2025,Q_G_EBITDA_INTEREST,1,-3.35371,66,0.94,auto_policy_eligible,run_resolve_pending,official_annual_direct_consistent
01738.HK,FS ANTHRACITE,2025,Q_G_QUICK_RATIO,1,1.91637,68,0.94,auto_policy_eligible,run_resolve_pending,strict_extraction_evidence_consistent
01738.HK,FS ANTHRACITE,2025,Q_G_REVENUE_GROWTH,1,15.72,66,0.93,auto_policy_eligible,run_resolve_pending,official_annual_direct_consistent
01738.HK,FS ANTHRACITE,2025,Q_G_ROA,1,-18.8991,68,0.94,auto_policy_eligible,run_resolve_pending,official_annual_direct_consistent
01798.HK,DATANG RENEW,2025,Q_E_GHG_INTENSITY,1,112,163,0.95,auto_policy_eligible,run_resolve_pending,official_esg_direct_consistent
01798.HK,DATANG RENEW,2025,Q_E_HAZ_WASTE_INTENSITY,1,0.1506,164,0.95,auto_policy_eligible,run_resolve_pending,strict_extraction_evidence_consistent
01798.HK,DATANG RENEW,2025,Q_E_SOLID_WASTE_INTENSITY,1,0.3827,164,0.95,auto_policy_eligible,run_resolve_pending,strict_extraction_evidence_consistent
01798.HK,DATANG RENEW,2025,Q_E_WATER_INTENSITY,1,167.2,164,0.95,auto_policy_eligible,run_resolve_pending,official_esg_direct_consistent
01798.HK,DATANG RENEW,2025,Q_G_ASSET_TURNOVER,1,0.109022,211,0.94,auto_policy_eligible,run_resolve_pending,official_annual_direct_consistent
01798.HK,DATANG RENEW,2025,Q_G_CAPITAL_ACCUMULATION,1,0.0316521,212,0.94,auto_policy_eligible,run_resolve_pending,official_annual_direct_consistent
01798.HK,DATANG RENEW,2025,Q_G_CURRENT_ASSET_TURNOVER,1,0.496844,211,0.94,auto_policy_eligible,run_resolve_pending,official_annual_direct_consistent
01798.HK,DATANG RENEW,2025,Q_G_DEBT_ASSET_RATE,1,67.369,212,0.94,auto_policy_eligible,run_resolve_pending,official_annual_direct_consistent
01798.HK,DATANG RENEW,2025,Q_G_OPERATING_MARGIN,1,30.4641,209,0.93,auto_policy_eligible,run_resolve_pending,official_annual_direct_consistent
01798.HK,DATANG RENEW,2025,Q_G_OPERATING_PROFIT_GROWTH,1,-18.5933,209,0.93,auto_policy_eligible,run_resolve_pending,official_annual_direct_consistent
01798.HK,DATANG RENEW,2025,Q_G_QUICK_RATIO,1,101.688,211,0.94,auto_policy_eligible,run_resolve_pending,strict_extraction_evidence_consistent
01798.HK,DATANG RENEW,2025,Q_G_REVENUE_GROWTH,1,0.010878,209,0.93,auto_policy_eligible,run_resolve_pending,official_annual_direct_consistent
01798.HK,DATANG RENEW,2025,Q_G_ROE,1,4.82634,212,0.94,auto_policy_eligible,run_resolve_pending,official_annual_direct_consistent
01798.HK,DATANG RENEW,2025,Q_S_ENV_INVEST_RATE,1,0.56,164,0.95,auto_policy_eligible,run_resolve_pending,strict_extraction_evidence_consistent
01799.HK,XINTE ENERGY,2025,Q_G_AR_TURNOVER,1,2.72209,105,0.94,auto_policy_eligible,run_resolve_pending,official_annual_direct_consistent
01799.HK,XINTE ENERGY,2025,Q_G_ASSET_TURNOVER,1,0.186256,105,0.94,auto_policy_eligible,run_resolve_pending,official_annual_direct_consistent
01799.HK,XINTE ENERGY,2025,Q_G_CASH_REALIZATION,1,114.261,110,0.93,auto_policy_eligible,run_resolve_pending,official_annual_direct_consistent
01799.HK,XINTE ENERGY,2025,Q_G_COST_REVENUE_RATE,1,108.959,105,0.93,auto_policy_eligible,run_resolve_pending,official_annual_direct_consistent
01799.HK,XINTE ENERGY,2025,Q_G_CURRENT_ASSET_TURNOVER,1,0.555321,105,0.94,auto_policy_eligible,run_resolve_pending,official_annual_direct_consistent
01799.HK,XINTE ENERGY,2025,Q_G_DEBT_ASSET_RATE,1,54.8883,100,0.94,auto_policy_eligible,run_resolve_pending,official_annual_direct_consistent
01799.HK,XINTE ENERGY,2025,Q_G_OPERATING_MARGIN,1,-6.64385,105,0.93,auto_policy_eligible,run_resolve_pending,official_annual_direct_consistent
01799.HK,XINTE ENERGY,2025,Q_G_OPERATING_PROFIT_GROWTH,1,75.6985,105,0.93,auto_policy_eligible,run_resolve_pending,official_annual_direct_consistent
01799.HK,XINTE ENERGY,2025,Q_G_QUICK_RATIO,1,92.0124,100,0.94,auto_policy_eligible,run_resolve_pending,strict_extraction_evidence_consistent
01799.HK,XINTE ENERGY,2025,Q_G_REVENUE_GROWTH,1,-28.0889,105,0.93,auto_policy_eligible,run_resolve_pending,official_annual_direct_consistent
01799.HK,XINTE ENERGY,2025,Q_G_TWO_FUNDS_RATE,1,43.3353,98,0.94,auto_policy_eligible,run_resolve_pending,official_annual_direct_consistent
01799.HK,XINTE ENERGY,2025,Q_S_RD_RATE,1,2.41906,105,0.93,auto_policy_eligible,run_resolve_pending,official_annual_direct_consistent
01811.HK,CGN NEW ENERGY,2025,Q_G_AR_TURNOVER,1,1.98456,135,0.94,auto_policy_eligible,run_resolve_pending,official_annual_direct_consistent
01811.HK,CGN NEW ENERGY,2025,Q_G_CAPITAL_ACCUMULATION,1,14.6692,136,0.94,auto_policy_eligible,run_resolve_pending,official_annual_direct_consistent
01811.HK,CGN NEW ENERGY,2025,Q_G_COST_REVENUE_RATE,1,71.6016,133,0.93,auto_policy_eligible,run_resolve_pending,official_annual_direct_consistent
01811.HK,CGN NEW ENERGY,2025,Q_G_EBITDA_INTEREST,1,3.30234,133,0.94,auto_policy_eligible,run_resolve_pending,official_annual_direct_consistent
01811.HK,CGN NEW ENERGY,2025,Q_G_OPERATING_MARGIN,1,28.3984,133,0.93,auto_policy_eligible,run_resolve_pending,official_annual_direct_consistent
01811.HK,CGN NEW ENERGY,2025,Q_G_OPERATING_PROFIT_GROWTH,1,-9.00775,133,0.93,auto_policy_eligible,run_resolve_pending,official_annual_direct_consistent
01811.HK,CGN NEW ENERGY,2025,Q_G_REVENUE_GROWTH,1,-13.2468,133,0.93,auto_policy_eligible,run_resolve_pending,official_annual_direct_consistent
01811.HK,CGN NEW ENERGY,2025,Q_G_ROE,1,15.0963,136,0.94,auto_policy_eligible,run_resolve_pending,official_annual_direct_consistent
01878.HK,SOUTHGOBI,2025,Q_G_ASSET_TURNOVER,1,1.52482,200,0.94,auto_policy_eligible,run_resolve_pending,official_annual_direct_consistent
01878.HK,SOUTHGOBI,2025,Q_G_CASH_CURRENT_LIABILITY,1,11.4605,202,0.93,auto_policy_eligible,run_resolve_pending,official_annual_direct_consistent
01878.HK,SOUTHGOBI,2025,Q_G_CURRENT_ASSET_TURNOVER,1,4.51276,200,0.94,auto_policy_eligible,run_resolve_pending,official_annual_direct_consistent
01878.HK,SOUTHGOBI,2025,Q_G_DEBT_ASSET_RATE,1,163.906,200,0.94,auto_policy_eligible,run_resolve_pending,official_annual_direct_consistent
01878.HK,SOUTHGOBI,2025,Q_G_QUICK_RATIO,1,9.60838,200,0.94,auto_policy_eligible,run_resolve_pending,strict_extraction_evidence_consistent
01878.HK,SOUTHGOBI,2025,Q_G_REVENUE_GROWTH,1,21.3712,199,0.93,auto_policy_eligible,run_resolve_pending,official_annual_direct_consistent
01921.HK,DALIPAL HLDG,2025,Q_G_CAPITAL_ACCUMULATION,1,2.49689,238,0.94,auto_policy_eligible,run_resolve_pending,official_annual_direct_consistent
01921.HK,DALIPAL HLDG,2025,Q_G_OPERATING_MARGIN,1,2.45269,237,0.93,auto_policy_eligible,run_resolve_pending,official_annual_direct_consistent
01921.HK,DALIPAL HLDG,2025,Q_G_REVENUE_GROWTH,1,5.17036,237,0.93,auto_policy_eligible,run_resolve_pending,official_annual_direct_consistent
01921.HK,DALIPAL HLDG,2025,Q_S_PAY_PER_EMPLOYEE,1,13.3302,51,0.95,auto_policy_eligible,run_resolve_pending,strict_extraction_evidence_consistent
01938.HK,CHU KONG PIPE,2025,Q_G_CAPITAL_ACCUMULATION,1,20.6517,139,0.94,auto_policy_eligible,run_resolve_pending,official_annual_direct_consistent
01938.HK,CHU KONG PIPE,2025,Q_G_CURRENT_ASSET_TURNOVER,1,0.686596,138,0.94,auto_policy_eligible,run_resolve_pending,official_annual_direct_consistent
01938.HK,CHU KONG PIPE,2025,Q_G_EBITDA_INTEREST,1,2.01602,136,0.94,auto_policy_eligible,run_resolve_pending,official_annual_direct_consistent
01938.HK,CHU KONG PIPE,2025,Q_G_QUICK_RATIO,1,79.0898,138,0.94,auto_policy_eligible,run_resolve_pending,strict_extraction_evidence_consistent
01938.HK,CHU KONG PIPE,2025,Q_G_REVENUE_GROWTH,1,-19.9966,136,0.93,auto_policy_eligible,run_resolve_pending,official_annual_direct_consistent
01940.HK,CGII HLDGS,2025,Q_G_AR_TURNOVER,1,2.58425,115,0.94,auto_policy_eligible,run_resolve_pending,official_annual_direct_consistent
01940.HK,CGII HLDGS,2025,Q_G_CAPITAL_ACCUMULATION,1,9.26555,116,0.94,auto_policy_eligible,run_resolve_pending,official_annual_direct_consistent
01940.HK,CGII HLDGS,2025,Q_G_EBITDA_INTEREST,1,16.6146,114,0.94,auto_policy_eligible,run_resolve_pending,official_annual_direct_consistent
01940.HK,CGII HLDGS,2025,Q_G_OPERATING_MARGIN,1,14.0415,114,0.93,auto_policy_eligible,run_resolve_pending,official_annual_direct_consistent
01940.HK,CGII HLDGS,2025,Q_G_OPERATING_PROFIT_GROWTH,1,20.6716,114,0.93,auto_policy_eligible,run_resolve_pending,official_annual_direct_consistent
01940.HK,CGII HLDGS,2025,Q_G_REVENUE_GROWTH,1,16.4055,114,0.93,auto_policy_eligible,run_resolve_pending,official_annual_direct_consistent
01940.HK,CGII HLDGS,2025,Q_S_RD_RATE,1,5.31047,114,0.93,auto_policy_eligible,run_resolve_pending,official_annual_direct_consistent
02012.HK,SUNSHINE OIL,2025,Q_G_DEBT_ASSET_RATE,1,96.1771,57,0.94,auto_policy_eligible,run_resolve_pending,official_annual_direct_consistent
02012.HK,SUNSHINE OIL,2025,Q_G_EBITDA_INTEREST,1,-0.365588,59,0.94,auto_policy_eligible,run_resolve_pending,official_annual_direct_consistent
02012.HK,SUNSHINE OIL,2025,Q_G_ROA,1,-0.469004,59,0.94,auto_policy_eligible,run_resolve_pending,official_annual_direct_consistent
02178.HK,PETRO-KING,2025,Q_G_AR_TURNOVER,1,1.56158,92,0.94,auto_policy_eligible,run_resolve_pending,official_annual_direct_consistent
02178.HK,PETRO-KING,2025,Q_G_CAPITAL_ACCUMULATION,1,15.7797,93,0.94,auto_policy_eligible,run_resolve_pending,official_annual_direct_consistent
02178.HK,PETRO-KING,2025,Q_G_OPERATING_MARGIN,1,7.13571,90,0.93,auto_policy_eligible,run_resolve_pending,official_annual_direct_consistent
02178.HK,PETRO-KING,2025,Q_G_OPERATING_PROFIT_GROWTH,1,267.635,90,0.93,auto_policy_eligible,run_resolve_pending,official_annual_direct_consistent
02178.HK,PETRO-KING,2025,Q_G_REVENUE_GROWTH,1,-8.39067,90,0.93,auto_policy_eligible,run_resolve_pending,official_annual_direct_consistent
02178.HK,PETRO-KING,2025,Q_S_RD_RATE,1,8.37271,90,0.93,auto_policy_eligible,run_resolve_pending,official_annual_direct_consistent
02236.HK,WISON ENGRG,2025,Q_E_GHG_INTENSITY,1,17.21,72,0.92,auto_policy_eligible,run_resolve_pending,official_esg_direct_consistent
02236.HK,WISON ENGRG,2025,Q_E_HAZ_WASTE_INTENSITY,1,0.026,78,0.91,auto_policy_eligible,run_resolve_pending,strict_extraction_evidence_consistent
02236.HK,WISON ENGRG,2025,Q_E_SOLID_WASTE_INTENSITY,1,1.139,78,0.91,auto_policy_eligible,run_resolve_pending,strict_extraction_evidence_consistent
02236.HK,WISON ENGRG,2025,Q_E_WATER_INTENSITY,1,398.528,84,0.9,auto_policy_eligible,run_resolve_pending,official_esg_direct_consistent
02236.HK,WISON ENGRG,2025,Q_G_AR_TURNOVER,1,11.2721,91,0.94,auto_policy_eligible,run_resolve_pending,official_annual_direct_consistent
02236.HK,WISON ENGRG,2025,Q_G_CAPITAL_ACCUMULATION,1,7.70263,92,0.94,auto_policy_eligible,run_resolve_pending,official_annual_direct_consistent
02236.HK,WISON ENGRG,2025,Q_G_CURRENT_ASSET_TURNOVER,1,1.0707,91,0.94,auto_policy_eligible,run_resolve_pending,official_annual_direct_consistent
02236.HK,WISON ENGRG,2025,Q_G_EBITDA_INTEREST,1,4.57136,89,0.94,auto_policy_eligible,run_resolve_pending,official_annual_direct_consistent
02236.HK,WISON ENGRG,2025,Q_G_QUICK_RATIO,1,98.0581,91,0.94,auto_policy_eligible,run_resolve_pending,strict_extraction_evidence_consistent
02236.HK,WISON ENGRG,2025,Q_G_REVENUE_GROWTH,1,34.6591,89,0.93,auto_policy_eligible,run_resolve_pending,official_annual_direct_consistent
02236.HK,WISON ENGRG,2025,Q_G_ROE,1,5.27685,92,0.94,auto_policy_eligible,run_resolve_pending,official_annual_direct_consistent
02236.HK,WISON ENGRG,2025,Q_G_TWO_FUNDS_RATE,1,17.1645,91,0.94,auto_policy_eligible,run_resolve_pending,official_annual_direct_consistent
02380.HK,CHINA POWER,2025,Q_G_AR_TURNOVER,1,1.50147,160,0.94,auto_policy_eligible,run_resolve_pending,official_annual_direct_consistent
02380.HK,CHINA POWER,2025,Q_G_ASSET_TURNOVER,1,0.138499,160,0.94,auto_policy_eligible,run_resolve_pending,official_annual_direct_consistent
02380.HK,CHINA POWER,2025,Q_G_CAPITAL_ACCUMULATION,1,9.76403,160,0.94,auto_policy_eligible,run_resolve_pending,official_annual_direct_consistent
02380.HK,CHINA POWER,2025,Q_G_DEBT_ASSET_RATE,1,67.8873,161,0.94,auto_policy_eligible,run_resolve_pending,official_annual_direct_consistent
02380.HK,CHINA POWER,2025,Q_G_EBITDA_INTEREST,1,2.55226,158,0.94,auto_policy_eligible,run_resolve_pending,official_annual_direct_consistent
02380.HK,CHINA POWER,2025,Q_G_OPERATING_MARGIN,1,24.3453,158,0.93,auto_policy_eligible,run_resolve_pending,official_annual_direct_consistent
02380.HK,CHINA POWER,2025,Q_G_OPERATING_PROFIT_GROWTH,1,-1.89711,158,0.93,auto_policy_eligible,run_resolve_pending,official_annual_direct_consistent
02380.HK,CHINA POWER,2025,Q_G_REVENUE_GROWTH,1,-9.56109,158,0.93,auto_policy_eligible,run_resolve_pending,official_annual_direct_consistent
02380.HK,CHINA POWER,2025,Q_G_ROA,1,3.65009,160,0.94,auto_policy_eligible,run_resolve_pending,official_annual_direct_consistent
02380.HK,CHINA POWER,2025,Q_G_ROE,1,5.24743,160,0.94,auto_policy_eligible,run_resolve_pending,official_annual_direct_consistent
02380.HK,CHINA POWER,2025,Q_S_DIVIDEND_PER_SHARE,1,0.168,276,0.95,auto_policy_eligible,run_resolve_pending,official_annual_direct_consistent
02386.HK,SINOPEC SEG,2025,Q_E_ENERGY_INTENSITY,1,7.53,22,0.95,auto_policy_eligible,run_resolve_pending,official_esg_direct_consistent
02386.HK,SINOPEC SEG,2025,Q_E_GHG_INTENSITY,1,19.848,52,0.92,auto_policy_eligible,run_resolve_pending,official_esg_direct_consistent
02386.HK,SINOPEC SEG,2025,Q_G_ASSET_TURNOVER,1,6e-08,110,0.94,auto_policy_eligible,run_resolve_pending,official_annual_direct_consistent
02386.HK,SINOPEC SEG,2025,Q_G_CAPITAL_ACCUMULATION,1,0.737635,110,0.94,auto_policy_eligible,run_resolve_pending,official_annual_direct_consistent
02386.HK,SINOPEC SEG,2025,Q_G_CURRENT_ASSET_TURNOVER,1,6e-08,110,0.94,auto_policy_eligible,run_resolve_pending,official_annual_direct_consistent
02386.HK,SINOPEC SEG,2025,Q_G_DEBT_ASSET_RATE,1,65.1226,111,0.94,auto_policy_eligible,run_resolve_pending,official_annual_direct_consistent
02386.HK,SINOPEC SEG,2025,Q_G_OPERATING_PROFIT_GROWTH,1,-25.4253,108,0.93,auto_policy_eligible,run_resolve_pending,official_annual_direct_consistent
02386.HK,SINOPEC SEG,2025,Q_G_QUICK_RATIO,1,144.5,111,0.94,auto_policy_eligible,run_resolve_pending,strict_extraction_evidence_consistent
02386.HK,SINOPEC SEG,2025,Q_G_REVENUE_GROWTH,1,-16.6667,104,0.93,auto_policy_eligible,run_resolve_pending,official_annual_direct_consistent
02386.HK,SINOPEC SEG,2025,Q_G_ROE,1,5.69972,110,0.94,auto_policy_eligible,run_resolve_pending,official_annual_direct_consistent
02386.HK,SINOPEC SEG,2025,Q_S_DIVIDEND_PER_SHARE,1,0.358,12,0.96,auto_policy_eligible,run_resolve_pending,official_annual_direct_consistent
02688.HK,ENN ENERGY,2025,Q_E_CLEAN_ENERGY_INTENSITY,1,0.218081,68,0.95,auto_policy_eligible,run_resolve_pending,strict_extraction_evidence_consistent
02688.HK,ENN ENERGY,2025,Q_E_ENERGY_INTENSITY,1,3.4785,68,0.95,auto_policy_eligible,run_resolve_pending,official_esg_direct_consistent
02688.HK,ENN ENERGY,2025,Q_E_GHG_REDUCTION_RATE,1,45.0722,69,0.93,auto_policy_eligible,run_resolve_pending,strict_extraction_evidence_consistent
02688.HK,ENN ENERGY,2025,Q_E_HAZ_WASTE_INTENSITY,1,0.0061,68,0.95,auto_policy_eligible,run_resolve_pending,strict_extraction_evidence_consistent
02688.HK,ENN ENERGY,2025,Q_E_NOX_INTENSITY,1,0.9,68,0.91,auto_policy_eligible,run_resolve_pending,strict_extraction_evidence_consistent
02688.HK,ENN ENERGY,2025,Q_E_SO2_INTENSITY,1,0.133149,68,0.95,auto_policy_eligible,run_resolve_pending,strict_extraction_evidence_consistent
02688.HK,ENN ENERGY,2025,Q_E_SOLID_WASTE_INTENSITY,1,0.0748,68,0.95,auto_policy_eligible,run_resolve_pending,strict_extraction_evidence_consistent
02688.HK,ENN ENERGY,2025,Q_E_WASTEWATER_INTENSITY,1,36.0619,68,0.95,auto_policy_eligible,run_resolve_pending,strict_extraction_evidence_consistent
02688.HK,ENN ENERGY,2025,Q_E_WATER_INTENSITY,1,60.913,68,0.95,auto_policy_eligible,run_resolve_pending,official_esg_direct_consistent
02688.HK,ENN ENERGY,2025,Q_G_CAPITAL_ACCUMULATION,1,5.87164,94,0.94,auto_policy_eligible,run_resolve_pending,official_annual_direct_consistent
02688.HK,ENN ENERGY,2025,Q_G_EBITDA_INTEREST,1,15.5261,92,0.94,auto_policy_eligible,run_resolve_pending,official_annual_direct_consistent
02688.HK,ENN ENERGY,2025,Q_G_REVENUE_GROWTH,1,1.86795,92,0.93,auto_policy_eligible,run_resolve_pending,official_annual_direct_consistent
02688.HK,ENN ENERGY,2025,Q_G_ROE,1,12.9775,94,0.94,auto_policy_eligible,run_resolve_pending,official_annual_direct_consistent
02728.HK,JINTAI ENERGY H,2025,Q_G_ASSET_TURNOVER,1,4.0263,41,0.94,auto_policy_eligible,run_resolve_pending,official_annual_direct_consistent
02728.HK,JINTAI ENERGY H,2025,Q_G_CAPITAL_ACCUMULATION,1,-20.1054,41,0.94,auto_policy_eligible,run_resolve_pending,official_annual_direct_consistent
02728.HK,JINTAI ENERGY H,2025,Q_G_DEBT_ASSET_RATE,1,85.3668,42,0.94,auto_policy_eligible,run_resolve_pending,official_annual_direct_consistent
02728.HK,JINTAI ENERGY H,2025,Q_G_EBITDA_INTEREST,1,0.301206,39,0.94,auto_policy_eligible,run_resolve_pending,official_annual_direct_consistent
02728.HK,JINTAI ENERGY H,2025,Q_G_OPERATING_MARGIN,1,0.371792,39,0.93,auto_policy_eligible,run_resolve_pending,official_annual_direct_consistent
02728.HK,JINTAI ENERGY H,2025,Q_G_OPERATING_PROFIT_GROWTH,1,153.374,39,0.93,auto_policy_eligible,run_resolve_pending,official_annual_direct_consistent
02728.HK,JINTAI ENERGY H,2025,Q_G_REVENUE_GROWTH,1,8.92939,39,0.93,auto_policy_eligible,run_resolve_pending,official_annual_direct_consistent
02728.HK,JINTAI ENERGY H,2025,Q_G_ROA,1,1.57781,41,0.94,auto_policy_eligible,run_resolve_pending,official_annual_direct_consistent
02728.HK,JINTAI ENERGY H,2025,Q_G_ROE,1,-23.3942,41,0.94,auto_policy_eligible,run_resolve_pending,official_annual_direct_consistent
02798.HK,PER ENERGY,2025,Q_G_CAPITAL_ACCUMULATION,1,-6.26739,161,0.94,auto_policy_eligible,run_resolve_pending,official_annual_direct_consistent
02798.HK,PER ENERGY,2025,Q_G_REVENUE_GROWTH,1,-29.3071,159,0.93,auto_policy_eligible,run_resolve_pending,official_annual_direct_consistent
03303.HK,JUTAL OIL SER,2025,Q_E_HAZ_WASTE_INTENSITY,1,1.9,11,0.91,auto_policy_eligible,run_resolve_pending,strict_extraction_evidence_consistent
03303.HK,JUTAL OIL SER,2025,Q_E_SOLID_WASTE_INTENSITY,1,6.1,11,0.91,auto_policy_eligible,run_resolve_pending,strict_extraction_evidence_consistent
03303.HK,JUTAL OIL SER,2025,Q_G_AR_TURNOVER,1,348.933,52,0.94,auto_policy_eligible,run_resolve_pending,official_annual_direct_consistent
03303.HK,JUTAL OIL SER,2025,Q_G_CAPITAL_ACCUMULATION,1,0.567665,53,0.94,auto_policy_eligible,run_resolve_pending,official_annual_direct_consistent
03303.HK,JUTAL OIL SER,2025,Q_G_EBITDA_INTEREST,1,9.18481,50,0.94,auto_policy_eligible,run_resolve_pending,official_annual_direct_consistent
03303.HK,JUTAL OIL SER,2025,Q_G_OPERATING_MARGIN,1,6.98536,50,0.93,auto_policy_eligible,run_resolve_pending,official_annual_direct_consistent
03303.HK,JUTAL OIL SER,2025,Q_G_OPERATING_PROFIT_GROWTH,1,-75.8186,50,0.93,auto_policy_eligible,run_resolve_pending,official_annual_direct_consistent
03303.HK,JUTAL OIL SER,2025,Q_G_REVENUE_GROWTH,1,-61.5237,50,0.93,auto_policy_eligible,run_resolve_pending,official_annual_direct_consistent
03303.HK,JUTAL OIL SER,2025,Q_G_ROE,1,2.10114,53,0.94,auto_policy_eligible,run_resolve_pending,official_annual_direct_consistent
03337.HK,ANTON OILFIELD,2025,Q_G_CAPITAL_ACCUMULATION,1,4.44304,79,0.94,auto_policy_eligible,run_resolve_pending,official_annual_direct_consistent
03337.HK,ANTON OILFIELD,2025,Q_G_DEBT_ASSET_RATE,1,67.4985,80,0.94,auto_policy_eligible,run_resolve_pending,official_annual_direct_consistent
03337.HK,ANTON OILFIELD,2025,Q_G_EBITDA_INTEREST,1,5.68712,81,0.94,auto_policy_eligible,run_resolve_pending,official_annual_direct_consistent
03337.HK,ANTON OILFIELD,2025,Q_G_ROA,1,6.53353,81,0.94,auto_policy_eligible,run_resolve_pending,official_annual_direct_consistent
03337.HK,ANTON OILFIELD,2025,Q_G_ROE,1,10.3885,81,0.94,auto_policy_eligible,run_resolve_pending,official_annual_direct_consistent
03395.HK,JX ENERGY,2025,Q_G_CASH_CURRENT_LIABILITY,1,-10.5409,116,0.93,auto_policy_eligible,run_resolve_pending,official_annual_direct_consistent
03395.HK,JX ENERGY,2025,Q_G_DEBT_ASSET_RATE,1,313.973,112,0.94,auto_policy_eligible,run_resolve_pending,official_annual_direct_consistent
03395.HK,JX ENERGY,2025,Q_G_EBITDA_INTEREST,1,-6.19075,114,0.94,auto_policy_eligible,run_resolve_pending,official_annual_direct_consistent
03395.HK,JX ENERGY,2025,Q_G_ROA,1,-91.229,114,0.94,auto_policy_eligible,run_resolve_pending,official_annual_direct_consistent
03633.HK,ZHONGYU ENERGY,2025,Q_G_CAPITAL_ACCUMULATION,1,-0.909775,67,0.94,auto_policy_eligible,run_resolve_pending,official_annual_direct_consistent
03633.HK,ZHONGYU ENERGY,2025,Q_G_EBITDA_INTEREST,1,2.44139,64,0.94,auto_policy_eligible,run_resolve_pending,official_annual_direct_consistent
03633.HK,ZHONGYU ENERGY,2025,Q_G_ROE,1,3.03514,67,0.94,auto_policy_eligible,run_resolve_pending,official_annual_direct_consistent
03668.HK,YANCOAL AUS,2025,Q_G_ASSET_TURNOVER,1,0.00195432,52,0.94,auto_policy_eligible,run_resolve_pending,official_annual_direct_consistent
03668.HK,YANCOAL AUS,2025,Q_G_CAPITAL_ACCUMULATION,1,-3.04819,52,0.94,auto_policy_eligible,run_resolve_pending,official_annual_direct_consistent
03668.HK,YANCOAL AUS,2025,Q_G_CASH_CURRENT_LIABILITY,1,90.4317,54,0.93,auto_policy_eligible,run_resolve_pending,official_annual_direct_consistent
03668.HK,YANCOAL AUS,2025,Q_G_CURRENT_ASSET_TURNOVER,1,0.00710269,52,0.94,auto_policy_eligible,run_resolve_pending,official_annual_direct_consistent
03668.HK,YANCOAL AUS,2025,Q_G_DEBT_ASSET_RATE,1,25.9893,52,0.94,auto_policy_eligible,run_resolve_pending,official_annual_direct_consistent
03668.HK,YANCOAL AUS,2025,Q_G_REVENUE_GROWTH,1,118.182,46,0.93,auto_policy_eligible,run_resolve_pending,official_annual_direct_consistent
03800.HK,GCL TECH,2025,Q_G_CAPITAL_ACCUMULATION,1,2.65655,106,0.94,auto_policy_eligible,run_resolve_pending,official_annual_direct_consistent
03800.HK,GCL TECH,2025,Q_G_EBITDA_INTEREST,1,-4.77894,102,0.94,auto_policy_eligible,run_resolve_pending,official_annual_direct_consistent
03800.HK,GCL TECH,2025,Q_G_REVENUE_GROWTH,1,-4.4552,102,0.93,auto_policy_eligible,run_resolve_pending,official_annual_direct_consistent
03800.HK,GCL TECH,2025,Q_G_ROE,1,-6.82154,106,0.94,auto_policy_eligible,run_resolve_pending,official_annual_direct_consistent
03800.HK,GCL TECH,2025,Q_S_RD_RATE,1,5.88389,102,0.93,auto_policy_eligible,run_resolve_pending,official_annual_direct_consistent
03868.HK,XINYI ENERGY,2025,Q_G_ASSET_TURNOVER,1,0.1113,56,0.94,auto_policy_eligible,run_resolve_pending,official_annual_direct_consistent
03868.HK,XINYI ENERGY,2025,Q_G_CAPITAL_ACCUMULATION,1,5.86839,56,0.94,auto_policy_eligible,run_resolve_pending,official_annual_direct_consistent
03868.HK,XINYI ENERGY,2025,Q_G_CURRENT_ASSET_TURNOVER,1,0.465054,56,0.94,auto_policy_eligible,run_resolve_pending,official_annual_direct_consistent
03868.HK,XINYI ENERGY,2025,Q_G_DEBT_ASSET_RATE,1,40.9432,57,0.94,auto_policy_eligible,run_resolve_pending,official_annual_direct_consistent
03868.HK,XINYI ENERGY,2025,Q_G_OPERATING_MARGIN,1,64.6406,54,0.93,auto_policy_eligible,run_resolve_pending,official_annual_direct_consistent
03868.HK,XINYI ENERGY,2025,Q_G_OPERATING_PROFIT_GROWTH,1,3.6501,54,0.93,auto_policy_eligible,run_resolve_pending,official_annual_direct_consistent
03868.HK,XINYI ENERGY,2025,Q_G_REVENUE_GROWTH,1,0.526994,54,0.93,auto_policy_eligible,run_resolve_pending,official_annual_direct_consistent
03868.HK,XINYI ENERGY,2025,Q_S_PAY_PER_EMPLOYEE,1,15.0547,13,0.95,auto_policy_eligible,run_resolve_pending,strict_extraction_evidence_consistent
03899.HK,CIMC ENRIC,2025,Q_G_ASSET_TURNOVER,1,0.855244,127,0.94,auto_policy_eligible,run_resolve_pending,official_annual_direct_consistent
03899.HK,CIMC ENRIC,2025,Q_G_CAPITAL_ACCUMULATION,1,5.20084,128,0.94,auto_policy_eligible,run_resolve_pending,official_annual_direct_consistent
03899.HK,CIMC ENRIC,2025,Q_G_CASH_CURRENT_LIABILITY,1,11.6437,131,0.93,auto_policy_eligible,run_resolve_pending,official_annual_direct_consistent
03899.HK,CIMC ENRIC,2025,Q_G_CURRENT_ASSET_TURNOVER,1,1.12918,127,0.94,auto_policy_eligible,run_resolve_pending,official_annual_direct_consistent
03899.HK,CIMC ENRIC,2025,Q_G_DEBT_ASSET_RATE,1,57.1603,128,0.94,auto_policy_eligible,run_resolve_pending,official_annual_direct_consistent
03899.HK,CIMC ENRIC,2025,Q_G_EBITDA_INTEREST,1,15.8368,125,0.94,auto_policy_eligible,run_resolve_pending,official_annual_direct_consistent
03899.HK,CIMC ENRIC,2025,Q_G_OPERATING_MARGIN,1,5.47613,125,0.93,auto_policy_eligible,run_resolve_pending,official_annual_direct_consistent
03899.HK,CIMC ENRIC,2025,Q_G_OPERATING_PROFIT_GROWTH,1,-6.29219,125,0.93,auto_policy_eligible,run_resolve_pending,official_annual_direct_consistent
03899.HK,CIMC ENRIC,2025,Q_G_QUICK_RATIO,1,126.946,128,0.94,auto_policy_eligible,run_resolve_pending,strict_extraction_evidence_consistent
03899.HK,CIMC ENRIC,2025,Q_G_REVENUE_GROWTH,1,6.34279,125,0.93,auto_policy_eligible,run_resolve_pending,official_annual_direct_consistent
03899.HK,CIMC ENRIC,2025,Q_G_ROA,1,4.82965,127,0.94,auto_policy_eligible,run_resolve_pending,official_annual_direct_consistent
03899.HK,CIMC ENRIC,2025,Q_G_ROE,1,8.71342,128,0.94,auto_policy_eligible,run_resolve_pending,official_annual_direct_consistent
06828.HK,BG BLUE SKY,2025,Q_E_SOLID_WASTE_INTENSITY,1,0.072,90,0.95,auto_policy_eligible,run_resolve_pending,strict_extraction_evidence_consistent
06828.HK,BG BLUE SKY,2025,Q_G_AR_TURNOVER,1,30.3577,66,0.94,auto_policy_eligible,run_resolve_pending,official_annual_direct_consistent
06828.HK,BG BLUE SKY,2025,Q_G_CAPITAL_ACCUMULATION,1,2.94942,67,0.94,auto_policy_eligible,run_resolve_pending,official_annual_direct_consistent
06828.HK,BG BLUE SKY,2025,Q_G_CURRENT_ASSET_TURNOVER,1,2.51039,66,0.94,auto_policy_eligible,run_resolve_pending,official_annual_direct_consistent
06828.HK,BG BLUE SKY,2025,Q_G_EBITDA_INTEREST,1,2.05173,65,0.94,auto_policy_eligible,run_resolve_pending,official_annual_direct_consistent
06828.HK,BG BLUE SKY,2025,Q_G_QUICK_RATIO,1,24.0799,67,0.94,auto_policy_eligible,run_resolve_pending,strict_extraction_evidence_consistent
06828.HK,BG BLUE SKY,2025,Q_G_REVENUE_GROWTH,1,13.6254,65,0.93,auto_policy_eligible,run_resolve_pending,official_annual_direct_consistent
06828.HK,BG BLUE SKY,2025,Q_G_ROE,1,5.54127,67,0.94,auto_policy_eligible,run_resolve_pending,official_annual_direct_consistent
06828.HK,BG BLUE SKY,2025,Q_G_TWO_FUNDS_RATE,1,10.724,66,0.94,auto_policy_eligible,run_resolve_pending,official_annual_direct_consistent
06885.HK,JINMA ENERGY,2025,Q_E_ENERGY_INTENSITY,1,2000,66,0.96,auto_policy_eligible,run_resolve_pending,official_esg_direct_consistent
06885.HK,JINMA ENERGY,2025,Q_E_NOX_INTENSITY,1,620,58,0.91,auto_policy_eligible,run_resolve_pending,strict_extraction_evidence_consistent
06885.HK,JINMA ENERGY,2025,Q_E_PM_INTENSITY,1,110,58,0.91,auto_policy_eligible,run_resolve_pending,strict_extraction_evidence_consistent
06885.HK,JINMA ENERGY,2025,Q_E_SO2_INTENSITY,1,440,58,0.91,auto_policy_eligible,run_resolve_pending,strict_extraction_evidence_consistent
06885.HK,JINMA ENERGY,2025,Q_E_WATER_INTENSITY,1,5410,66,0.96,auto_policy_eligible,run_resolve_pending,official_esg_direct_consistent
06885.HK,JINMA ENERGY,2025,Q_G_CAPITAL_ACCUMULATION,1,-17.4027,134,0.94,auto_policy_eligible,run_resolve_pending,official_annual_direct_consistent
06885.HK,JINMA ENERGY,2025,Q_G_EBITDA_INTEREST,1,-3.39932,12,0.94,auto_policy_eligible,run_resolve_pending,official_annual_direct_consistent
06885.HK,JINMA ENERGY,2025,Q_G_REVENUE_GROWTH,1,-29.9618,12,0.93,auto_policy_eligible,run_resolve_pending,official_annual_direct_consistent
08132.HK,CENTURY EN INTL,2025,Q_G_CAPITAL_ACCUMULATION,1,-10.2949,135,0.94,auto_policy_eligible,run_resolve_pending,official_annual_direct_consistent
08132.HK,CENTURY EN INTL,2025,Q_G_EBITDA_INTEREST,1,-5.94319,59,0.94,auto_policy_eligible,run_resolve_pending,official_annual_direct_consistent
08132.HK,CENTURY EN INTL,2025,Q_G_REVENUE_GROWTH,1,12.3677,59,0.93,auto_policy_eligible,run_resolve_pending,official_annual_direct_consistent
08132.HK,CENTURY EN INTL,2025,Q_G_ROE,1,-291.997,135,0.94,auto_policy_eligible,run_resolve_pending,official_annual_direct_consistent
08270.HK,CHINA CBM,2025,Q_G_ASSET_TURNOVER,1,0.145261,70,0.94,auto_policy_eligible,run_resolve_pending,official_annual_direct_consistent
08270.HK,CHINA CBM,2025,Q_G_CAPITAL_ACCUMULATION,1,-48.5713,71,0.94,auto_policy_eligible,run_resolve_pending,official_annual_direct_consistent
08270.HK,CHINA CBM,2025,Q_G_EBITDA_INTEREST,1,-869.6,67,0.94,auto_policy_eligible,run_resolve_pending,official_annual_direct_consistent
08270.HK,CHINA CBM,2025,Q_G_REVENUE_GROWTH,1,123.052,67,0.93,auto_policy_eligible,run_resolve_pending,official_annual_direct_consistent
08270.HK,CHINA CBM,2025,Q_G_ROA,1,-14.7556,70,0.94,auto_policy_eligible,run_resolve_pending,official_annual_direct_consistent
08270.HK,CHINA CBM,2025,Q_G_ROE,1,-64.3891,71,0.94,auto_policy_eligible,run_resolve_pending,official_annual_direct_consistent
08347.HK,F8 ENT,2025,Q_G_AR_TURNOVER,1,4.73861,107,0.94,auto_policy_eligible,run_resolve_pending,official_annual_direct_consistent
08347.HK,F8 ENT,2025,Q_G_CAPITAL_ACCUMULATION,1,-1.11999,108,0.94,auto_policy_eligible,run_resolve_pending,official_annual_direct_consistent
08347.HK,F8 ENT,2025,Q_G_EBITDA_INTEREST,1,0.367296,105,0.94,auto_policy_eligible,run_resolve_pending,official_annual_direct_consistent
08347.HK,F8 ENT,2025,Q_G_REVENUE_GROWTH,1,19.2455,105,0.93,auto_policy_eligible,run_resolve_pending,official_annual_direct_consistent
08347.HK,F8 ENT,2025,Q_G_ROE,1,-0.904769,108,0.94,auto_policy_eligible,run_resolve_pending,official_annual_direct_consistent
08536.HK,TL NATURAL GAS,2025,Q_G_CAPITAL_ACCUMULATION,1,-5.09025,64,0.94,auto_policy_eligible,run_resolve_pending,official_annual_direct_consistent
08536.HK,TL NATURAL GAS,2025,Q_G_ROE,1,-14.911,64,0.94,auto_policy_eligible,run_resolve_pending,official_annual_direct_consistent
08631.HK,YUFENGCHANG HLD,2025,Q_G_REVENUE_GROWTH,1,-19.6054,145,0.93,auto_policy_eligible,run_resolve_pending,official_annual_direct_consistent
09689.HK,JTF INTL,2025,Q_G_ASSET_TURNOVER,1,1.91128,91,0.94,auto_policy_eligible,run_resolve_pending,official_annual_direct_consistent
09689.HK,JTF INTL,2025,Q_G_CAPITAL_ACCUMULATION,1,-2.47884,92,0.94,auto_policy_eligible,run_resolve_pending,official_annual_direct_consistent
09689.HK,JTF INTL,2025,Q_G_DEBT_ASSET_RATE,1,47.4048,92,0.94,auto_policy_eligible,run_resolve_pending,official_annual_direct_consistent
09689.HK,JTF INTL,2025,Q_G_EBITDA_INTEREST,1,-3.21668,90,0.94,auto_policy_eligible,run_resolve_pending,official_annual_direct_consistent
09689.HK,JTF INTL,2025,Q_G_REVENUE_GROWTH,1,6.41212,90,0.93,auto_policy_eligible,run_resolve_pending,official_annual_direct_consistent
09689.HK,JTF INTL,2025,Q_G_ROA,1,-1.64557,91,0.94,auto_policy_eligible,run_resolve_pending,official_annual_direct_consistent
300001.SZ,特锐德,2025,Q_G_ROE,1,15.68,7,0.92,auto_policy_eligible,run_resolve_pending,official_annual_direct_consistent
300001.SZ,特锐德,2025,Q_S_DIVIDEND_PER_SHARE,2,0.2,62|280,0.94,auto_policy_eligible,run_resolve_pending,official_annual_direct_consistent
300014.SZ,亿纬锂能,2025,Q_G_DEBT_ASSET_RATE,2,64.18,81|82,0.9,auto_policy_eligible,run_resolve_pending,official_annual_direct_consistent
300014.SZ,亿纬锂能,2025,Q_G_ROE,1,10.5,9,0.92,auto_policy_eligible,run_resolve_pending,official_annual_direct_consistent
300014.SZ,亿纬锂能,2025,Q_S_DIVIDEND_PER_SHARE,2,0.245,45|208,0.94,auto_policy_eligible,run_resolve_pending,official_annual_direct_consistent
300018.SZ,中元股份,2025,Q_S_DIVIDEND_PER_SHARE,1,0.1,58,0.94,auto_policy_eligible,run_resolve_pending,official_annual_direct_consistent
300035.SZ,中科电气,2025,Q_G_ROE,1,9.77,7,0.92,auto_policy_eligible,run_resolve_pending,official_annual_direct_consistent
300035.SZ,中科电气,2025,Q_S_DIVIDEND_PER_SHARE,2,0.25,44|161,0.94,auto_policy_eligible,run_resolve_pending,official_annual_direct_consistent
300037.SZ,新宙邦,2025,Q_G_DEBT_ASSET_RATE,2,43.16,100|200,0.9,auto_policy_eligible,run_resolve_pending,official_annual_direct_consistent
300037.SZ,新宙邦,2025,Q_G_ROE,1,10.74,8,0.92,auto_policy_eligible,run_resolve_pending,official_annual_direct_consistent
300040.SZ,九洲集团,2025,Q_G_DEBT_ASSET_RATE,2,63.8,31|89,0.9,auto_policy_eligible,run_resolve_pending,official_annual_direct_consistent
300040.SZ,九洲集团,2025,Q_G_ROE,1,1.67,7,0.92,auto_policy_eligible,run_resolve_pending,official_annual_direct_consistent
300040.SZ,九洲集团,2025,Q_S_DIVIDEND_PER_SHARE,1,0.02,61,0.94,auto_policy_eligible,run_resolve_pending,official_annual_direct_consistent
300062.SZ,中能电气,2025,Q_G_DEBT_ASSET_RATE,2,48.3,72|176,0.9,auto_policy_eligible,run_resolve_pending,official_annual_direct_consistent
300069.SZ,金利华电,2025,Q_G_ROE,1,1.74,8,0.92,auto_policy_eligible,run_resolve_pending,official_annual_direct_consistent
300073.SZ,当升科技,2025,Q_G_ROE,1,4.57,8,0.92,auto_policy_eligible,run_resolve_pending,official_annual_direct_consistent
300073.SZ,当升科技,2025,Q_S_DIVIDEND_PER_SHARE,2,0.283,57|195,0.94,auto_policy_eligible,run_resolve_pending,official_annual_direct_consistent
300080.SZ,易成新能,2025,Q_G_DEBT_ASSET_RATE,1,63.05,20,0.9,auto_policy_eligible,run_resolve_pending,official_annual_direct_consistent
300105.SZ,龙源技术,2025,Q_G_ROE,1,1.89,8,0.92,auto_policy_eligible,run_resolve_pending,official_annual_direct_consistent
300105.SZ,龙源技术,2025,Q_S_DIVIDEND_PER_SHARE,2,0.15,41|188,0.94,auto_policy_eligible,run_resolve_pending,official_annual_direct_consistent
300129.SZ,泰胜风能,2025,Q_G_ROE,1,4.76,7,0.92,auto_policy_eligible,run_resolve_pending,official_annual_direct_consistent
300129.SZ,泰胜风能,2025,Q_S_DIVIDEND_PER_SHARE,1,0.06,44,0.94,auto_policy_eligible,run_resolve_pending,official_annual_direct_consistent
300140.SZ,节能环境,2025,Q_G_ROE,1,6.31,9,0.92,auto_policy_eligible,run_resolve_pending,official_annual_direct_consistent
300140.SZ,节能环境,2025,Q_S_DIVIDEND_PER_SHARE,1,0.06,42,0.94,auto_policy_eligible,run_resolve_pending,official_annual_direct_consistent
300141.SZ,和顺电气,2025,Q_S_DIVIDEND_PER_SHARE,2,0,44|191,0.94,auto_policy_eligible,run_resolve_pending,official_annual_direct_consistent
300153.SZ,科泰电源,2025,Q_G_ROE,1,5.68,7,0.92,auto_policy_eligible,run_resolve_pending,official_annual_direct_consistent
300153.SZ,科泰电源,2025,Q_S_DIVIDEND_PER_SHARE,2,0.07,40|182,0.94,auto_policy_eligible,run_resolve_pending,official_annual_direct_consistent
300185.SZ,通裕重工,2025,Q_G_DEBT_ASSET_RATE,1,54.44,74,0.9,auto_policy_eligible,run_resolve_pending,official_annual_direct_consistent
300185.SZ,通裕重工,2025,Q_G_ROE,1,0.95,7,0.92,auto_policy_eligible,run_resolve_pending,official_annual_direct_consistent
300185.SZ,通裕重工,2025,Q_S_DIVIDEND_PER_SHARE,2,0.002,44|176,0.94,auto_policy_eligible,run_resolve_pending,official_annual_direct_consistent
300191.SZ,潜能恒信,2025,Q_G_ROE,1,3.95,7,0.92,auto_policy_eligible,run_resolve_pending,official_annual_direct_consistent
300191.SZ,潜能恒信,2025,Q_S_DIVIDEND_PER_SHARE,2,0.05,44|163,0.94,auto_policy_eligible,run_resolve_pending,official_annual_direct_consistent
300207.SZ,欣旺达,2025,Q_G_DEBT_ASSET_RATE,1,71.25,102,0.9,auto_policy_eligible,run_resolve_pending,official_annual_direct_consistent
300207.SZ,欣旺达,2025,Q_G_ROE,1,4.39,7,0.92,auto_policy_eligible,run_resolve_pending,official_annual_direct_consistent
300207.SZ,欣旺达,2025,Q_S_DIVIDEND_PER_SHARE,2,0.09,58|261,0.94,auto_policy_eligible,run_resolve_pending,official_annual_direct_consistent
300222.SZ,科大智能,2025,Q_G_ROE,1,4.79,7,0.92,auto_policy_eligible,run_resolve_pending,official_annual_direct_consistent
300222.SZ,科大智能,2025,Q_S_DIVIDEND_PER_SHARE,1,0.04,49,0.94,auto_policy_eligible,run_resolve_pending,official_annual_direct_consistent
300265.SZ,通光线缆,2025,Q_G_DEBT_ASSET_RATE,1,31.14,78,0.9,auto_policy_eligible,run_resolve_pending,official_annual_direct_consistent
300265.SZ,通光线缆,2025,Q_G_ROE,1,1.42,7,0.92,auto_policy_eligible,run_resolve_pending,official_annual_direct_consistent
300265.SZ,通光线缆,2025,Q_S_DIVIDEND_PER_SHARE,2,0.02,40|209,0.94,auto_policy_eligible,run_resolve_pending,official_annual_direct_consistent
300283.SZ,温州宏丰,2025,Q_S_DIVIDEND_PER_SHARE,2,0.015,50|171,0.94,auto_policy_eligible,run_resolve_pending,official_annual_direct_consistent
300286.SZ,安科瑞,2025,Q_G_ROE,2,10.25,7|152,0.92,auto_policy_eligible,run_resolve_pending,official_annual_direct_consistent
300286.SZ,安科瑞,2025,Q_S_DIVIDEND_PER_SHARE,1,0.35,39,0.94,auto_policy_eligible,run_resolve_pending,official_annual_direct_consistent
300316.SZ,晶盛机电,2025,Q_G_ROE,2,5.26,8|158,0.92,auto_policy_eligible,run_resolve_pending,official_annual_direct_consistent
300316.SZ,晶盛机电,2025,Q_S_DIVIDEND_PER_SHARE,2,0.15,41|150,0.94,auto_policy_eligible,run_resolve_pending,official_annual_direct_consistent
300317.SZ,珈伟新能,2025,Q_G_DEBT_ASSET_RATE,1,53.31,27,0.9,auto_policy_eligible,run_resolve_pending,official_annual_direct_consistent
300317.SZ,珈伟新能,2025,Q_G_ROE,1,12.19,8,0.92,auto_policy_eligible,run_resolve_pending,official_annual_direct_consistent
300317.SZ,珈伟新能,2025,Q_S_DIVIDEND_PER_SHARE,2,0,40|190,0.94,auto_policy_eligible,run_resolve_pending,official_annual_direct_consistent
300332.SZ,天壕能源,2025,Q_G_DEBT_ASSET_RATE,2,47.98,16|81,0.9,auto_policy_eligible,run_resolve_pending,official_annual_direct_consistent
300332.SZ,天壕能源,2025,Q_G_ROE,1,6.88,8,0.92,auto_policy_eligible,run_resolve_pending,official_annual_direct_consistent
300332.SZ,天壕能源,2025,Q_S_DIVIDEND_PER_SHARE,1,0,41,0.94,auto_policy_eligible,run_resolve_pending,official_annual_direct_consistent
300376.SZ,易事特,2025,Q_G_ROE,1,0.36,8,0.92,auto_policy_eligible,run_resolve_pending,official_annual_direct_consistent
300376.SZ,易事特,2025,Q_S_DIVIDEND_PER_SHARE,2,0.002,66|201,0.94,auto_policy_eligible,run_resolve_pending,official_annual_direct_consistent
300390.SZ,天华新能,2025,Q_S_DIVIDEND_PER_SHARE,1,0,58,0.94,auto_policy_eligible,run_resolve_pending,official_annual_direct_consistent
300393.SZ,中来股份,2025,Q_G_DEBT_ASSET_RATE,1,83.15,197,0.9,auto_policy_eligible,run_resolve_pending,official_annual_direct_consistent
300407.SZ,凯发电气,2025,Q_G_ROE,1,3.79,7,0.92,auto_policy_eligible,run_resolve_pending,official_annual_direct_consistent
300407.SZ,凯发电气,2025,Q_S_DIVIDEND_PER_SHARE,2,0.08,51|225,0.94,auto_policy_eligible,run_resolve_pending,official_annual_direct_consistent
300409.SZ,道氏技术,2025,Q_G_DEBT_ASSET_RATE,1,40.93,107,0.9,auto_policy_eligible,run_resolve_pending,official_annual_direct_consistent
300409.SZ,道氏技术,2025,Q_G_ROE,1,6.62,7,0.92,auto_policy_eligible,run_resolve_pending,official_annual_direct_consistent
300409.SZ,道氏技术,2025,Q_S_DIVIDEND_PER_SHARE,2,0.25,59|227,0.94,auto_policy_eligible,run_resolve_pending,official_annual_direct_consistent
300410.SZ,正业科技,2025,Q_G_ROE,1,15.31,9,0.92,auto_policy_eligible,run_resolve_pending,official_annual_direct_consistent
300423.SZ,昇辉科技,2025,Q_G_ROE,1,13.25,8,0.92,auto_policy_eligible,run_resolve_pending,official_annual_direct_consistent
300423.SZ,昇辉科技,2025,Q_S_DIVIDEND_PER_SHARE,1,0,44,0.94,auto_policy_eligible,run_resolve_pending,official_annual_direct_consistent
300427.SZ,红相股份,2025,Q_G_ROE,1,1.59,9,0.92,auto_policy_eligible,run_resolve_pending,official_annual_direct_consistent
300427.SZ,红相股份,2025,Q_S_DIVIDEND_PER_SHARE,1,0,50,0.94,auto_policy_eligible,run_resolve_pending,official_annual_direct_consistent
300432.SZ,富临精工,2025,Q_G_ROE,1,9.53,8,0.92,auto_policy_eligible,run_resolve_pending,official_annual_direct_consistent
300432.SZ,富临精工,2025,Q_S_DIVIDEND_PER_SHARE,2,0.1,68|252,0.94,auto_policy_eligible,run_resolve_pending,official_annual_direct_consistent
300438.SZ,鹏辉能源,2025,Q_G_ROE,1,3.97,7,0.92,auto_policy_eligible,run_resolve_pending,official_annual_direct_consistent
300438.SZ,鹏辉能源,2025,Q_S_DIVIDEND_PER_SHARE,1,0.06,43,0.94,auto_policy_eligible,run_resolve_pending,official_annual_direct_consistent
300443.SZ,金雷股份,2025,Q_G_ROE,1,5.11,10,0.92,auto_policy_eligible,run_resolve_pending,official_annual_direct_consistent
300443.SZ,金雷股份,2025,Q_S_DIVIDEND_PER_SHARE,1,0.1,53,0.94,auto_policy_eligible,run_resolve_pending,official_annual_direct_consistent
300444.SZ,双杰电气,2025,Q_G_DEBT_ASSET_RATE,1,68.07,172,0.9,auto_policy_eligible,run_resolve_pending,official_annual_direct_consistent
300444.SZ,双杰电气,2025,Q_G_ROE,1,10.78,7,0.92,auto_policy_eligible,run_resolve_pending,official_annual_direct_consistent
300444.SZ,双杰电气,2025,Q_S_DIVIDEND_PER_SHARE,2,0.06,47|176,0.94,auto_policy_eligible,run_resolve_pending,official_annual_direct_consistent
300450.SZ,先导智能,2025,Q_G_ROE,1,12.65,7,0.92,auto_policy_eligible,run_resolve_pending,official_annual_direct_consistent
300450.SZ,先导智能,2025,Q_S_DIVIDEND_PER_SHARE,1,0.287,51,0.94,auto_policy_eligible,run_resolve_pending,official_annual_direct_consistent
300457.SZ,赢合科技,2025,Q_G_ROE,1,7.91,9,0.92,auto_policy_eligible,run_resolve_pending,official_annual_direct_consistent
300457.SZ,赢合科技,2025,Q_S_DIVIDEND_PER_SHARE,2,0.085,43|177,0.94,auto_policy_eligible,run_resolve_pending,official_annual_direct_consistent
300483.SZ,首华燃气,2025,Q_G_ROE,1,8.02,7,0.92,auto_policy_eligible,run_resolve_pending,official_annual_direct_consistent
300490.SZ,华自科技,2025,Q_S_DIVIDEND_PER_SHARE,1,0,51,0.94,auto_policy_eligible,run_resolve_pending,official_annual_direct_consistent
300491.SZ,通合科技,2025,Q_G_ROE,1,3.42,8,0.92,auto_policy_eligible,run_resolve_pending,official_annual_direct_consistent
300491.SZ,通合科技,2025,Q_S_DIVIDEND_PER_SHARE,2,0.08,48|167,0.94,auto_policy_eligible,run_resolve_pending,official_annual_direct_consistent
300510.SZ,金冠股份,2025,Q_S_DIVIDEND_PER_SHARE,1,0,54,0.94,auto_policy_eligible,run_resolve_pending,official_annual_direct_consistent
300514.SZ,友讯达,2025,Q_S_DIVIDEND_PER_SHARE,2,0.1,60|224,0.94,auto_policy_eligible,run_resolve_pending,official_annual_direct_consistent
300568.SZ,星源材质,2025,Q_G_DEBT_ASSET_RATE,1,56.92,83,0.9,auto_policy_eligible,run_resolve_pending,official_annual_direct_consistent
300568.SZ,星源材质,2025,Q_G_ROE,1,0.37,9,0.92,auto_policy_eligible,run_resolve_pending,official_annual_direct_consistent
300568.SZ,星源材质,2025,Q_S_DIVIDEND_PER_SHARE,1,0.01,48,0.94,auto_policy_eligible,run_resolve_pending,official_annual_direct_consistent
300569.SZ,天能重工,2025,Q_G_DEBT_ASSET_RATE,1,56.66,70,0.9,auto_policy_eligible,run_resolve_pending,official_annual_direct_consistent
300569.SZ,天能重工,2025,Q_G_ROE,1,2.06,7,0.92,auto_policy_eligible,run_resolve_pending,official_annual_direct_consistent
300569.SZ,天能重工,2025,Q_S_DIVIDEND_PER_SHARE,2,0.018,40|185,0.94,auto_policy_eligible,run_resolve_pending,official_annual_direct_consistent
300593.SZ,新雷能,2025,Q_G_DEBT_ASSET_RATE,2,41.73,3|252,0.9,auto_policy_eligible,run_resolve_pending,official_annual_direct_consistent
300593.SZ,新雷能,2025,Q_G_ROE,1,8.21,11,0.92,auto_policy_eligible,run_resolve_pending,official_annual_direct_consistent
300593.SZ,新雷能,2025,Q_S_DIVIDEND_PER_SHARE,1,0,56,0.94,auto_policy_eligible,run_resolve_pending,official_annual_direct_consistent
300617.SZ,安靠智电,2025,Q_G_ROE,1,2.53,9,0.92,auto_policy_eligible,run_resolve_pending,official_annual_direct_consistent
300619.SZ,金银河,2025,Q_S_DIVIDEND_PER_SHARE,1,0.033,63,0.94,auto_policy_eligible,run_resolve_pending,official_annual_direct_consistent
300626.SZ,华瑞股份,2025,Q_G_ROE,1,1.91,7,0.92,auto_policy_eligible,run_resolve_pending,official_annual_direct_consistent
300626.SZ,华瑞股份,2025,Q_S_DIVIDEND_PER_SHARE,1,0.017,36,0.94,auto_policy_eligible,run_resolve_pending,official_annual_direct_consistent
300648.SZ,星云股份,2025,Q_G_ROE,1,20.42,8,0.92,auto_policy_eligible,run_resolve_pending,official_annual_direct_consistent
300648.SZ,星云股份,2025,Q_S_DIVIDEND_PER_SHARE,1,0,44,0.94,auto_policy_eligible,run_resolve_pending,official_annual_direct_consistent
300660.SZ,江苏雷利,2025,Q_G_ROE,1,8.72,10,0.92,auto_policy_eligible,run_resolve_pending,official_annual_direct_consistent
300660.SZ,江苏雷利,2025,Q_S_DIVIDEND_PER_SHARE,2,0.2,56|221,0.94,auto_policy_eligible,run_resolve_pending,official_annual_direct_consistent
300670.SZ,大烨智能,2025,Q_G_ROE,1,38.79,8,0.92,auto_policy_eligible,run_resolve_pending,official_annual_direct_consistent
300690.SZ,双一科技,2025,Q_G_ROE,1,10.41,9,0.92,auto_policy_eligible,run_resolve_pending,official_annual_direct_consistent
300690.SZ,双一科技,2025,Q_S_DIVIDEND_PER_SHARE,1,0.387,40,0.94,auto_policy_eligible,run_resolve_pending,official_annual_direct_consistent
300693.SZ,盛弘股份,2025,Q_G_DEBT_ASSET_RATE,1,47.8,238,0.9,auto_policy_eligible,run_resolve_pending,official_annual_direct_consistent
300693.SZ,盛弘股份,2025,Q_G_ROE,1,24.15,9,0.92,auto_policy_eligible,run_resolve_pending,official_annual_direct_consistent
300693.SZ,盛弘股份,2025,Q_S_DIVIDEND_PER_SHARE,2,0.5,66|247,0.94,auto_policy_eligible,run_resolve_pending,official_annual_direct_consistent
300713.SZ,英可瑞,2025,Q_G_ROE,1,18.62,8,0.92,auto_policy_eligible,run_resolve_pending,official_annual_direct_consistent
300724.SZ,捷佳伟创,2025,Q_G_ROE,1,21.46,7,0.92,auto_policy_eligible,run_resolve_pending,official_annual_direct_consistent
300724.SZ,捷佳伟创,2025,Q_S_DIVIDEND_PER_SHARE,2,1.2,43|236,0.94,auto_policy_eligible,run_resolve_pending,official_annual_direct_consistent
300750.SZ,宁德时代,2025,Q_G_DEBT_ASSET_RATE,2,61.94,106|212,0.9,auto_policy_eligible,run_resolve_pending,official_annual_direct_consistent
300750.SZ,宁德时代,2025,Q_G_ROE,1,24.91,11,0.92,auto_policy_eligible,run_resolve_pending,official_annual_direct_consistent
300750.SZ,宁德时代,2025,Q_S_DIVIDEND_PER_SHARE,2,6.957,58|221,0.94,auto_policy_eligible,run_resolve_pending,official_annual_direct_consistent
300751.SZ,迈为股份,2025,Q_G_ROE,1,9.32,9,0.92,auto_policy_eligible,run_resolve_pending,official_annual_direct_consistent
300751.SZ,迈为股份,2025,Q_S_DIVIDEND_PER_SHARE,2,0.5,75|228,0.94,auto_policy_eligible,run_resolve_pending,official_annual_direct_consistent
300763.SZ,锦浪科技,2025,Q_G_ROE,1,8.59,8,0.92,auto_policy_eligible,run_resolve_pending,official_annual_direct_consistent
300763.SZ,锦浪科技,2025,Q_S_DIVIDEND_PER_SHARE,2,0.2,47|211,0.94,auto_policy_eligible,run_resolve_pending,official_annual_direct_consistent
300769.SZ,德方纳米,2025,Q_G_ROE,1,15.57,8,0.92,auto_policy_eligible,run_resolve_pending,official_annual_direct_consistent
300769.SZ,德方纳米,2025,Q_S_DIVIDEND_PER_SHARE,1,0,228,0.94,auto_policy_eligible,run_resolve_pending,official_annual_direct_consistent
300772.SZ,运达股份,2025,Q_G_DEBT_ASSET_RATE,1,84.4,86,0.9,auto_policy_eligible,run_resolve_pending,official_annual_direct_consistent
300772.SZ,运达股份,2025,Q_G_ROE,1,5.3,7,0.92,auto_policy_eligible,run_resolve_pending,official_annual_direct_consistent
300772.SZ,运达股份,2025,Q_S_DIVIDEND_PER_SHARE,2,0.06,50|241,0.94,auto_policy_eligible,run_resolve_pending,official_annual_direct_consistent
300820.SZ,英杰电气,2025,Q_G_ROE,1,9.01,8,0.92,auto_policy_eligible,run_resolve_pending,official_annual_direct_consistent
300820.SZ,英杰电气,2025,Q_S_DIVIDEND_PER_SHARE,2,0.4,50|161,0.94,auto_policy_eligible,run_resolve_pending,official_annual_direct_consistent
300827.SZ,上能电气,2025,Q_S_DIVIDEND_PER_SHARE,2,0.12,51|244,0.94,auto_policy_eligible,run_resolve_pending,official_annual_direct_consistent
300842.SZ,帝科股份,2025,Q_G_ROE,1,16.93,9,0.92,auto_policy_eligible,run_resolve_pending,official_annual_direct_consistent
300842.SZ,帝科股份,2025,Q_S_DIVIDEND_PER_SHARE,1,0,215,0.94,auto_policy_eligible,run_resolve_pending,official_annual_direct_consistent
300850.SZ,新强联,2025,Q_G_DEBT_ASSET_RATE,1,38.12,101,0.9,auto_policy_eligible,run_resolve_pending,official_annual_direct_consistent
300850.SZ,新强联,2025,Q_G_ROE,1,13.78,7,0.92,auto_policy_eligible,run_resolve_pending,official_annual_direct_consistent
300850.SZ,新强联,2025,Q_S_DIVIDEND_PER_SHARE,2,0.295,69|239,0.94,auto_policy_eligible,run_resolve_pending,official_annual_direct_consistent
300853.SZ,申昊科技,2025,Q_G_DEBT_ASSET_RATE,1,58.11,97,0.9,auto_policy_eligible,run_resolve_pending,official_annual_direct_consistent
300853.SZ,申昊科技,2025,Q_G_ROE,1,25.31,8,0.92,auto_policy_eligible,run_resolve_pending,official_annual_direct_consistent
300880.SZ,迦南智能,2025,Q_G_DEBT_ASSET_RATE,1,28.03,166,0.9,auto_policy_eligible,run_resolve_pending,official_annual_direct_consistent
300880.SZ,迦南智能,2025,Q_G_ROE,1,7.63,8,0.92,auto_policy_eligible,run_resolve_pending,official_annual_direct_consistent
300880.SZ,迦南智能,2025,Q_S_DIVIDEND_PER_SHARE,2,0.15,45|170,0.94,auto_policy_eligible,run_resolve_pending,official_annual_direct_consistent
300882.SZ,万胜智能,2025,Q_G_ROE,1,10.08,8,0.92,auto_policy_eligible,run_resolve_pending,official_annual_direct_consistent
300882.SZ,万胜智能,2025,Q_S_DIVIDEND_PER_SHARE,2,0.2,45|159,0.94,auto_policy_eligible,run_resolve_pending,official_annual_direct_consistent
300904.SZ,威力传动,2025,Q_G_ROE,1,13.78,8,0.92,auto_policy_eligible,run_resolve_pending,official_annual_direct_consistent
300907.SZ,康平科技,2025,Q_G_ROE,1,6.18,8,0.92,auto_policy_eligible,run_resolve_pending,official_annual_direct_consistent
300907.SZ,康平科技,2025,Q_S_DIVIDEND_PER_SHARE,2,0.25,41|189,0.94,auto_policy_eligible,run_resolve_pending,official_annual_direct_consistent
300919.SZ,中伟新材,2025,Q_G_DEBT_ASSET_RATE,2,58.8,132|264,0.9,auto_policy_eligible,run_resolve_pending,official_annual_direct_consistent
300919.SZ,中伟新材,2025,Q_G_ROE,1,7.59,9,0.92,auto_policy_eligible,run_resolve_pending,official_annual_direct_consistent
300919.SZ,中伟新材,2025,Q_S_DIVIDEND_PER_SHARE,1,0.38,63,0.94,auto_policy_eligible,run_resolve_pending,official_annual_direct_consistent
300932.SZ,三友联众,2025,Q_G_ROE,1,4.15,9,0.92,auto_policy_eligible,run_resolve_pending,official_annual_direct_consistent
300932.SZ,三友联众,2025,Q_S_DIVIDEND_PER_SHARE,2,0.19,57|192,0.94,auto_policy_eligible,run_resolve_pending,official_annual_direct_consistent
300933.SZ,中辰股份,2025,Q_G_DEBT_ASSET_RATE,1,49.87,96,0.9,auto_policy_eligible,run_resolve_pending,official_annual_direct_consistent
300933.SZ,中辰股份,2025,Q_G_ROE,1,0.77,8,0.92,auto_policy_eligible,run_resolve_pending,official_annual_direct_consistent
300933.SZ,中辰股份,2025,Q_S_DIVIDEND_PER_SHARE,1,0,202,0.94,auto_policy_eligible,run_resolve_pending,official_annual_direct_consistent
300953.SZ,震裕科技,2025,Q_G_ROE,1,12.91,8,0.92,auto_policy_eligible,run_resolve_pending,official_annual_direct_consistent
300953.SZ,震裕科技,2025,Q_S_DIVIDEND_PER_SHARE,2,0.3,55|227,0.94,auto_policy_eligible,run_resolve_pending,official_annual_direct_consistent
301002.SZ,崧盛股份,2025,Q_S_DIVIDEND_PER_SHARE,1,0,163,0.94,auto_policy_eligible,run_resolve_pending,official_annual_direct_consistent
301012.SZ,扬电科技,2025,Q_G_ROE,1,3.39,7,0.92,auto_policy_eligible,run_resolve_pending,official_annual_direct_consistent
301012.SZ,扬电科技,2025,Q_S_DIVIDEND_PER_SHARE,2,0.04,42|186,0.94,auto_policy_eligible,run_resolve_pending,official_annual_direct_consistent
301023.SZ,奕帆传动,2025,Q_G_ROE,2,8.59,9|189,0.92,auto_policy_eligible,run_resolve_pending,official_annual_direct_consistent
301023.SZ,奕帆传动,2025,Q_S_DIVIDEND_PER_SHARE,2,0.2,46|178,0.94,auto_policy_eligible,run_resolve_pending,official_annual_direct_consistent
301040.SZ,中环海陆,2025,Q_G_DEBT_ASSET_RATE,1,46.18,98,0.9,auto_policy_eligible,run_resolve_pending,official_annual_direct_consistent
301040.SZ,中环海陆,2025,Q_S_DIVIDEND_PER_SHARE,1,0,233,0.94,auto_policy_eligible,run_resolve_pending,official_annual_direct_consistent
301063.SZ,海锅股份,2025,Q_G_ROE,1,3.3,7,0.92,auto_policy_eligible,run_resolve_pending,official_annual_direct_consistent
301063.SZ,海锅股份,2025,Q_S_DIVIDEND_PER_SHARE,2,0.15,42|189,0.94,auto_policy_eligible,run_resolve_pending,official_annual_direct_consistent
301082.SZ,久盛电气,2025,Q_G_DEBT_ASSET_RATE,1,70,44,0.9,auto_policy_eligible,run_resolve_pending,official_annual_direct_consistent
301082.SZ,久盛电气,2025,Q_G_ROE,1,3.39,7,0.92,auto_policy_eligible,run_resolve_pending,official_annual_direct_consistent
301082.SZ,久盛电气,2025,Q_S_DIVIDEND_PER_SHARE,2,0.08,36|168,0.94,auto_policy_eligible,run_resolve_pending,official_annual_direct_consistent
301120.SZ,新特电气,2025,Q_G_ROE,1,2.82,8,0.92,auto_policy_eligible,run_resolve_pending,official_annual_direct_consistent
301120.SZ,新特电气,2025,Q_S_DIVIDEND_PER_SHARE,2,0.054,48|206,0.94,auto_policy_eligible,run_resolve_pending,official_annual_direct_consistent
301121.SZ,紫建电子,2025,Q_G_ROE,1,0.43,7,0.92,auto_policy_eligible,run_resolve_pending,official_annual_direct_consistent
301121.SZ,紫建电子,2025,Q_S_DIVIDEND_PER_SHARE,1,0,49,0.94,auto_policy_eligible,run_resolve_pending,official_annual_direct_consistent
301150.SZ,中一科技,2025,Q_G_DEBT_ASSET_RATE,1,44.73,80,0.9,auto_policy_eligible,run_resolve_pending,official_annual_direct_consistent
301150.SZ,中一科技,2025,Q_G_ROE,1,1.84,7,0.92,auto_policy_eligible,run_resolve_pending,official_annual_direct_consistent
301150.SZ,中一科技,2025,Q_S_DIVIDEND_PER_SHARE,1,0.28,44,0.94,auto_policy_eligible,run_resolve_pending,official_annual_direct_consistent
301155.SZ,海力风电,2025,Q_G_ROE,1,6.22,8,0.92,auto_policy_eligible,run_resolve_pending,official_annual_direct_consistent
301155.SZ,海力风电,2025,Q_S_DIVIDEND_PER_SHARE,2,0.16,58|216,0.94,auto_policy_eligible,run_resolve_pending,official_annual_direct_consistent
301157.SZ,华塑科技,2025,Q_G_ROE,1,2.65,10,0.92,auto_policy_eligible,run_resolve_pending,official_annual_direct_consistent
301163.SZ,宏德股份,2025,Q_G_ROE,1,3.62,9,0.92,auto_policy_eligible,run_resolve_pending,official_annual_direct_consistent
301163.SZ,宏德股份,2025,Q_S_DIVIDEND_PER_SHARE,1,0.125,45,0.94,auto_policy_eligible,run_resolve_pending,official_annual_direct_consistent
301168.SZ,通灵股份,2025,Q_G_ROE,1,1.21,8,0.92,auto_policy_eligible,run_resolve_pending,official_annual_direct_consistent
301168.SZ,通灵股份,2025,Q_S_DIVIDEND_PER_SHARE,1,0.022,50,0.94,auto_policy_eligible,run_resolve_pending,official_annual_direct_consistent
301179.SZ,泽宇智能,2025,Q_G_DEBT_ASSET_RATE,1,32.02,212,0.9,auto_policy_eligible,run_resolve_pending,official_annual_direct_consistent
301179.SZ,泽宇智能,2025,Q_G_ROE,1,6.11,8,0.92,auto_policy_eligible,run_resolve_pending,official_annual_direct_consistent
301179.SZ,泽宇智能,2025,Q_S_DIVIDEND_PER_SHARE,2,0.19,54|225,0.94,auto_policy_eligible,run_resolve_pending,official_annual_direct_consistent
301210.SZ,金杨精密,2025,Q_G_ROE,1,2.76,7,0.92,auto_policy_eligible,run_resolve_pending,official_annual_direct_consistent
301210.SZ,金杨精密,2025,Q_S_DIVIDEND_PER_SHARE,2,0.15,48|220,0.94,auto_policy_eligible,run_resolve_pending,official_annual_direct_consistent
301217.SZ,铜冠铜箔,2025,Q_G_DEBT_ASSET_RATE,1,29.59,19,0.9,auto_policy_eligible,run_resolve_pending,official_annual_direct_consistent
301217.SZ,铜冠铜箔,2025,Q_G_ROE,1,1.16,8,0.92,auto_policy_eligible,run_resolve_pending,official_annual_direct_consistent
301222.SZ,浙江恒威,2025,Q_G_ROE,1,5.95,7,0.92,auto_policy_eligible,run_resolve_pending,official_annual_direct_consistent
301222.SZ,浙江恒威,2025,Q_S_DIVIDEND_PER_SHARE,2,0.5,43|177,0.94,auto_policy_eligible,run_resolve_pending,official_annual_direct_consistent
301226.SZ,祥明智能,2025,Q_G_ROE,1,1.83,7,0.92,auto_policy_eligible,run_resolve_pending,official_annual_direct_consistent
301226.SZ,祥明智能,2025,Q_S_DIVIDEND_PER_SHARE,2,0.06,44|179,0.94,auto_policy_eligible,run_resolve_pending,official_annual_direct_consistent
301232.SZ,飞沃科技,2025,Q_G_ROE,1,2.72,8,0.92,auto_policy_eligible,run_resolve_pending,official_annual_direct_consistent
301232.SZ,飞沃科技,2025,Q_S_DIVIDEND_PER_SHARE,1,0,47,0.94,auto_policy_eligible,run_resolve_pending,official_annual_direct_consistent
301238.SZ,瑞泰新材,2025,Q_G_ROE,1,3.03,7,0.92,auto_policy_eligible,run_resolve_pending,official_annual_direct_consistent
301238.SZ,瑞泰新材,2025,Q_S_DIVIDEND_PER_SHARE,2,0.2,53|205,0.94,auto_policy_eligible,run_resolve_pending,official_annual_direct_consistent
301266.SZ,宇邦新材,2025,Q_G_DEBT_ASSET_RATE,1,43.26,105,0.9,auto_policy_eligible,run_resolve_pending,official_annual_direct_consistent
301266.SZ,宇邦新材,2025,Q_G_ROE,1,1.59,8,0.92,auto_policy_eligible,run_resolve_pending,official_annual_direct_consistent
301266.SZ,宇邦新材,2025,Q_S_DIVIDEND_PER_SHARE,2,0.2,52|204,0.94,auto_policy_eligible,run_resolve_pending,official_annual_direct_consistent
301278.SZ,快可电子,2025,Q_G_ROE,1,1.49,8,0.92,auto_policy_eligible,run_resolve_pending,official_annual_direct_consistent
301291.SZ,明阳电气,2025,Q_G_DEBT_ASSET_RATE,1,46.66,180,0.9,auto_policy_eligible,run_resolve_pending,official_annual_direct_consistent
301291.SZ,明阳电气,2025,Q_G_ROE,1,12.12,8,0.92,auto_policy_eligible,run_resolve_pending,official_annual_direct_consistent
301291.SZ,明阳电气,2025,Q_S_DIVIDEND_PER_SHARE,2,0.45,49|190,0.94,auto_policy_eligible,run_resolve_pending,official_annual_direct_consistent
301295.SZ,美硕科技,2025,Q_G_ROE,2,2.36,7|182,0.92,auto_policy_eligible,run_resolve_pending,official_annual_direct_consistent
301295.SZ,美硕科技,2025,Q_S_DIVIDEND_PER_SHARE,2,0.21,41|173,0.94,auto_policy_eligible,run_resolve_pending,official_annual_direct_consistent
301325.SZ,曼恩斯特,2025,Q_G_ROE,1,3.92,10,0.92,auto_policy_eligible,run_resolve_pending,official_annual_direct_consistent
301325.SZ,曼恩斯特,2025,Q_S_DIVIDEND_PER_SHARE,1,0,60,0.94,auto_policy_eligible,run_resolve_pending,official_annual_direct_consistent
301327.SZ,华宝新能,2025,Q_S_DIVIDEND_PER_SHARE,1,0,65,0.94,auto_policy_eligible,run_resolve_pending,official_annual_direct_consistent
301349.SZ,信德新材,2025,Q_G_ROE,1,1.42,8,0.92,auto_policy_eligible,run_resolve_pending,official_annual_direct_consistent
301349.SZ,信德新材,2025,Q_S_DIVIDEND_PER_SHARE,2,0.3,51|178,0.94,auto_policy_eligible,run_resolve_pending,official_annual_direct_consistent
301358.SZ,湖南裕能,2025,Q_G_ROE,1,10.45,8,0.92,auto_policy_eligible,run_resolve_pending,official_annual_direct_consistent
301358.SZ,湖南裕能,2025,Q_S_DIVIDEND_PER_SHARE,2,0.356,49|180,0.94,auto_policy_eligible,run_resolve_pending,official_annual_direct_consistent
301361.SZ,众智科技,2025,Q_G_ROE,1,8.1,9,0.92,auto_policy_eligible,run_resolve_pending,official_annual_direct_consistent
301361.SZ,众智科技,2025,Q_S_DIVIDEND_PER_SHARE,2,0.11,47|153,0.94,auto_policy_eligible,run_resolve_pending,official_annual_direct_consistent
301388.SZ,欣灵电气,2025,Q_G_ROE,1,2.17,7,0.92,auto_policy_eligible,run_resolve_pending,official_annual_direct_consistent
301388.SZ,欣灵电气,2025,Q_S_DIVIDEND_PER_SHARE,2,0.2,47|179,0.94,auto_policy_eligible,run_resolve_pending,official_annual_direct_consistent
301439.SZ,泓淋电力,2025,Q_G_ROE,1,6.8,8,0.92,auto_policy_eligible,run_resolve_pending,official_annual_direct_consistent
301456.SZ,盘古智能,2025,Q_G_ROE,1,3.83,8,0.92,auto_policy_eligible,run_resolve_pending,official_annual_direct_consistent
301456.SZ,盘古智能,2025,Q_S_DIVIDEND_PER_SHARE,1,0.2,55,0.94,auto_policy_eligible,run_resolve_pending,official_annual_direct_consistent
301487.SZ,盟固利,2025,Q_S_DIVIDEND_PER_SHARE,2,0.00601,52|229,0.94,auto_policy_eligible,run_resolve_pending,official_annual_direct_consistent
301502.SZ,华阳智能,2025,Q_G_DEBT_ASSET_RATE,1,22.67,213,0.9,auto_policy_eligible,run_resolve_pending,official_annual_direct_consistent
301502.SZ,华阳智能,2025,Q_G_ROE,1,2.58,7,0.92,auto_policy_eligible,run_resolve_pending,official_annual_direct_consistent
301502.SZ,华阳智能,2025,Q_S_DIVIDEND_PER_SHARE,2,0.26,45|221,0.94,auto_policy_eligible,run_resolve_pending,official_annual_direct_consistent
301511.SZ,德福科技,2025,Q_G_ROE,1,2.78,7,0.92,auto_policy_eligible,run_resolve_pending,official_annual_direct_consistent
301511.SZ,德福科技,2025,Q_S_DIVIDEND_PER_SHARE,1,0.1,48,0.94,auto_policy_eligible,run_resolve_pending,official_annual_direct_consistent
301516.SZ,中远通,2025,Q_G_ROE,1,4.38,9,0.92,auto_policy_eligible,run_resolve_pending,official_annual_direct_consistent
301516.SZ,中远通,2025,Q_S_DIVIDEND_PER_SHARE,2,0,216|217,0.94,auto_policy_eligible,run_resolve_pending,official_annual_direct_consistent
301587.SZ,中瑞股份,2025,Q_G_ROE,1,2.54,7,0.92,auto_policy_eligible,run_resolve_pending,official_annual_direct_consistent
600021.SH,上海电力,2025,Q_G_AR_TURNOVER,1,1.55202,103,0.94,auto_policy_eligible,run_resolve_pending,official_annual_direct_consistent
600021.SH,上海电力,2025,Q_G_ASSET_TURNOVER,1,0.211406,104,0.94,auto_policy_eligible,run_resolve_pending,official_annual_direct_consistent
600021.SH,上海电力,2025,Q_G_CASH_CURRENT_LIABILITY,1,22.0214,111,0.94,auto_policy_eligible,run_resolve_pending,official_annual_direct_consistent
600021.SH,上海电力,2025,Q_G_CASH_REALIZATION,1,109.556,111,0.94,auto_policy_eligible,run_resolve_pending,official_annual_direct_consistent
600021.SH,上海电力,2025,Q_G_COST_REVENUE_RATE,1,87.7858,107,0.94,auto_policy_eligible,run_resolve_pending,official_annual_direct_consistent
600021.SH,上海电力,2025,Q_G_CURRENT_ASSET_TURNOVER,1,1.03059,103,0.94,auto_policy_eligible,run_resolve_pending,official_annual_direct_consistent
600021.SH,上海电力,2025,Q_G_EBITDA_INTEREST,1,3.11721,108,0.94,auto_policy_eligible,run_resolve_pending,official_annual_direct_consistent
600021.SH,上海电力,2025,Q_G_OPERATING_MARGIN,1,15.6417,108,0.94,auto_policy_eligible,run_resolve_pending,official_annual_direct_consistent
600021.SH,上海电力,2025,Q_G_OPERATING_PROFIT_GROWTH,1,25.1591,108,0.94,auto_policy_eligible,run_resolve_pending,official_annual_direct_consistent
600021.SH,上海电力,2025,Q_G_REVENUE_GROWTH,1,-2.04882,6,0.91,auto_policy_eligible,run_resolve_pending,official_annual_direct_consistent
600021.SH,上海电力,2025,Q_G_ROA,1,4.82135,108,0.94,auto_policy_eligible,run_resolve_pending,official_annual_direct_consistent
600021.SH,上海电力,2025,Q_G_ROE,4,12.41,7|13|15|37,0.92,auto_policy_eligible,run_resolve_pending,official_annual_direct_consistent
600021.SH,上海电力,2025,Q_G_TWO_FUNDS_RATE,1,66.981,103,0.94,auto_policy_eligible,run_resolve_pending,official_annual_direct_consistent
600021.SH,上海电力,2025,Q_S_DIVIDEND_PER_SHARE,1,0.37,54,0.94,auto_policy_eligible,run_resolve_pending,official_annual_direct_consistent
600021.SH,上海电力,2025,Q_S_RD_RATE,1,0.66,20,0.96,auto_policy_eligible,run_resolve_pending,official_annual_direct_consistent
600023.SH,浙能电力,2025,Q_G_AR_TURNOVER,1,7.1719,64,0.94,auto_policy_eligible,run_resolve_pending,official_annual_direct_consistent
600023.SH,浙能电力,2025,Q_G_ASSET_TURNOVER,1,0.512519,65,0.94,auto_policy_eligible,run_resolve_pending,official_annual_direct_consistent
600023.SH,浙能电力,2025,Q_G_CAPITAL_ACCUMULATION,1,3.4923,66,0.94,auto_policy_eligible,run_resolve_pending,official_annual_direct_consistent
600023.SH,浙能电力,2025,Q_G_CASH_REALIZATION,1,115.985,71,0.94,auto_policy_eligible,run_resolve_pending,official_annual_direct_consistent
600023.SH,浙能电力,2025,Q_G_COST_REVENUE_RATE,1,92.9873,68,0.94,auto_policy_eligible,run_resolve_pending,official_annual_direct_consistent
600023.SH,浙能电力,2025,Q_G_CURRENT_ASSET_TURNOVER,1,2.16148,64,0.94,auto_policy_eligible,run_resolve_pending,official_annual_direct_consistent
600023.SH,浙能电力,2025,Q_G_DEBT_ASSET_RATE,1,42.5144,66,0.94,auto_policy_eligible,run_resolve_pending,consolidated_statement_year_end_derived
600023.SH,浙能电力,2025,Q_G_EBITDA_INTEREST,1,8.31335,69,0.94,auto_policy_eligible,run_resolve_pending,official_annual_direct_consistent
600023.SH,浙能电力,2025,Q_G_OPERATING_MARGIN,1,11.54,69,0.94,auto_policy_eligible,run_resolve_pending,official_annual_direct_consistent
600023.SH,浙能电力,2025,Q_G_OPERATING_PROFIT_GROWTH,1,-9.79328,69,0.94,auto_policy_eligible,run_resolve_pending,official_annual_direct_consistent
600023.SH,浙能电力,2025,Q_G_REVENUE_GROWTH,1,-9.60614,6,0.91,auto_policy_eligible,run_resolve_pending,official_annual_direct_consistent
600023.SH,浙能电力,2025,Q_G_ROA,1,6.64932,69,0.94,auto_policy_eligible,run_resolve_pending,official_annual_direct_consistent
600023.SH,浙能电力,2025,Q_G_ROE,1,10.1,6,0.92,auto_policy_eligible,run_resolve_pending,official_annual_direct_consistent
600023.SH,浙能电力,2025,Q_G_TWO_FUNDS_RATE,1,47.8986,64,0.94,auto_policy_eligible,run_resolve_pending,official_annual_direct_consistent
600023.SH,浙能电力,2025,Q_S_DIVIDEND_PER_SHARE,1,0.33,35,0.94,auto_policy_eligible,run_resolve_pending,official_annual_direct_consistent
600023.SH,浙能电力,2025,Q_S_RD_RATE,1,0.5,14,0.96,auto_policy_eligible,run_resolve_pending,official_annual_direct_consistent
600025.SH,华能水电,2025,Q_G_AR_TURNOVER,1,11.7085,97,0.94,auto_policy_eligible,run_resolve_pending,official_annual_direct_consistent
600025.SH,华能水电,2025,Q_G_ASSET_TURNOVER,1,0.120525,98,0.94,auto_policy_eligible,run_resolve_pending,official_annual_direct_consistent
600025.SH,华能水电,2025,Q_G_CASH_CURRENT_LIABILITY,1,42.8997,106,0.94,auto_policy_eligible,run_resolve_pending,official_annual_direct_consistent
600025.SH,华能水电,2025,Q_G_CASH_REALIZATION,1,111.678,105,0.94,auto_policy_eligible,run_resolve_pending,official_annual_direct_consistent
600025.SH,华能水电,2025,Q_G_COST_REVENUE_RATE,1,60.4929,101,0.94,auto_policy_eligible,run_resolve_pending,official_annual_direct_consistent
600025.SH,华能水电,2025,Q_G_CURRENT_ASSET_TURNOVER,1,3.73924,97,0.94,auto_policy_eligible,run_resolve_pending,official_annual_direct_consistent
600025.SH,华能水电,2025,Q_G_EBITDA_INTEREST,1,4.99668,102,0.94,auto_policy_eligible,run_resolve_pending,official_annual_direct_consistent
600025.SH,华能水电,2025,Q_G_OPERATING_MARGIN,1,40.7076,102,0.94,auto_policy_eligible,run_resolve_pending,official_annual_direct_consistent
600025.SH,华能水电,2025,Q_G_OPERATING_PROFIT_GROWTH,1,4.22476,102,0.94,auto_policy_eligible,run_resolve_pending,official_annual_direct_consistent
600025.SH,华能水电,2025,Q_G_REVENUE_GROWTH,1,6.88751,6,0.91,auto_policy_eligible,run_resolve_pending,official_annual_direct_consistent
600025.SH,华能水电,2025,Q_G_ROA,1,6.10076,102,0.94,auto_policy_eligible,run_resolve_pending,official_annual_direct_consistent
600025.SH,华能水电,2025,Q_G_ROE,1,12.93,7,0.92,auto_policy_eligible,run_resolve_pending,official_annual_direct_consistent
600025.SH,华能水电,2025,Q_G_TWO_FUNDS_RATE,1,32.1986,97,0.94,auto_policy_eligible,run_resolve_pending,official_annual_direct_consistent
600025.SH,华能水电,2025,Q_S_DIVIDEND_PER_SHARE,1,0.205,46,0.94,auto_policy_eligible,run_resolve_pending,official_annual_direct_consistent
600025.SH,华能水电,2025,Q_S_RD_RATE,1,0.49,17,0.96,auto_policy_eligible,run_resolve_pending,official_annual_direct_consistent
600027.SH,华电国际,2025,Q_G_REVENUE_GROWTH,1,-10.9466,8,0.91,auto_policy_eligible,run_resolve_pending,official_annual_direct_consistent
600027.SH,华电国际,2025,Q_G_ROE,1,11.81,9,0.92,auto_policy_eligible,run_resolve_pending,official_annual_direct_consistent
600027.SH,华电国际,2025,Q_S_DIVIDEND_PER_SHARE,1,0.23,78,0.94,auto_policy_eligible,run_resolve_pending,official_annual_direct_consistent
600027.SH,华电国际,2025,Q_S_RD_RATE,1,2.07,21,0.96,auto_policy_eligible,run_resolve_pending,official_annual_direct_consistent
600028.SH,中国石化,2025,Q_G_ROE,1,3.86,6,0.92,auto_policy_eligible,run_resolve_pending,official_annual_direct_consistent
600032.SH,浙江新能,2025,Q_G_AR_TURNOVER,1,0.58119,111,0.94,auto_policy_eligible,run_resolve_pending,official_annual_direct_consistent
600032.SH,浙江新能,2025,Q_G_ASSET_TURNOVER,1,0.0829551,112,0.94,auto_policy_eligible,run_resolve_pending,official_annual_direct_consistent
600032.SH,浙江新能,2025,Q_G_CASH_CURRENT_LIABILITY,1,47.9179,119,0.94,auto_policy_eligible,run_resolve_pending,official_annual_direct_consistent
600032.SH,浙江新能,2025,Q_G_CASH_REALIZATION,1,124.402,119,0.94,auto_policy_eligible,run_resolve_pending,official_annual_direct_consistent
600032.SH,浙江新能,2025,Q_G_COST_REVENUE_RATE,1,87.5206,115,0.94,auto_policy_eligible,run_resolve_pending,official_annual_direct_consistent
600032.SH,浙江新能,2025,Q_G_CURRENT_ASSET_TURNOVER,1,0.417043,111,0.94,auto_policy_eligible,run_resolve_pending,official_annual_direct_consistent
600032.SH,浙江新能,2025,Q_G_DEBT_ASSET_RATE,1,66.786,112,0.94,auto_policy_eligible,run_resolve_pending,consolidated_statement_year_end_derived
600032.SH,浙江新能,2025,Q_G_EBITDA_INTEREST,1,1.93925,116,0.94,auto_policy_eligible,run_resolve_pending,official_annual_direct_consistent
600032.SH,浙江新能,2025,Q_G_OPERATING_MARGIN,1,19.0111,116,0.94,auto_policy_eligible,run_resolve_pending,official_annual_direct_consistent
600032.SH,浙江新能,2025,Q_G_REVENUE_GROWTH,1,-1.71637,8,0.91,auto_policy_eligible,run_resolve_pending,official_annual_direct_consistent
600032.SH,浙江新能,2025,Q_G_ROA,1,3.19912,116,0.94,auto_policy_eligible,run_resolve_pending,official_annual_direct_consistent
600032.SH,浙江新能,2025,Q_G_ROE,1,4,8,0.92,auto_policy_eligible,run_resolve_pending,official_annual_direct_consistent
600032.SH,浙江新能,2025,Q_G_TWO_FUNDS_RATE,1,69.2783,111,0.94,auto_policy_eligible,run_resolve_pending,official_annual_direct_consistent
600032.SH,浙江新能,2025,Q_S_DIVIDEND_PER_SHARE,1,0.064,58,0.94,auto_policy_eligible,run_resolve_pending,official_annual_direct_consistent
600032.SH,浙江新能,2025,Q_S_RD_RATE,2,0.27,23|25,0.96,auto_policy_eligible,run_resolve_pending,official_annual_direct_consistent
600089.SH,特变电工,2025,Q_G_AR_TURNOVER,1,5.33522,134,0.94,auto_policy_eligible,run_resolve_pending,official_annual_direct_consistent
600089.SH,特变电工,2025,Q_G_ASSET_TURNOVER,1,96.167,135,0.94,auto_policy_eligible,run_resolve_pending,official_annual_direct_consistent
600089.SH,特变电工,2025,Q_G_CASH_CURRENT_LIABILITY,1,527.175,145,0.94,auto_policy_eligible,run_resolve_pending,official_annual_direct_consistent
600089.SH,特变电工,2025,Q_G_CASH_REALIZATION,1,117.597,145,0.94,auto_policy_eligible,run_resolve_pending,official_annual_direct_consistent
600089.SH,特变电工,2025,Q_G_COST_REVENUE_RATE,1,93.7759,140,0.94,auto_policy_eligible,run_resolve_pending,official_annual_direct_consistent
600089.SH,特变电工,2025,Q_G_CURRENT_ASSET_TURNOVER,1,1.13142,134,0.94,auto_policy_eligible,run_resolve_pending,official_annual_direct_consistent
600089.SH,特变电工,2025,Q_G_REVENUE_GROWTH,1,-0.608672,8,0.91,auto_policy_eligible,run_resolve_pending,official_annual_direct_consistent
600089.SH,特变电工,2025,Q_G_ROE,1,8.7546,8,0.92,auto_policy_eligible,run_resolve_pending,official_annual_direct_consistent
600089.SH,特变电工,2025,Q_G_TWO_FUNDS_RATE,1,46.514,134,0.94,auto_policy_eligible,run_resolve_pending,official_annual_direct_consistent
600089.SH,特变电工,2025,Q_S_DIVIDEND_PER_SHARE,1,0.36,80,0.94,auto_policy_eligible,run_resolve_pending,official_annual_direct_consistent
600089.SH,特变电工,2025,Q_S_RD_RATE,1,4.92,37,0.96,auto_policy_eligible,run_resolve_pending,official_annual_direct_consistent
600098.SH,广州发展,2025,Q_G_AR_TURNOVER,1,13.1644,86,0.94,auto_policy_eligible,run_resolve_pending,official_annual_direct_consistent
600098.SH,广州发展,2025,Q_G_ASSET_TURNOVER,1,1.15423,87,0.94,auto_policy_eligible,run_resolve_pending,official_annual_direct_consistent
600098.SH,广州发展,2025,Q_G_CAPITAL_ACCUMULATION,1,3.02351,88,0.94,auto_policy_eligible,run_resolve_pending,official_annual_direct_consistent
600098.SH,广州发展,2025,Q_G_CASH_CURRENT_LIABILITY,1,22.7084,93,0.94,auto_policy_eligible,run_resolve_pending,official_annual_direct_consistent
600098.SH,广州发展,2025,Q_G_CASH_REALIZATION,1,118.036,93,0.94,auto_policy_eligible,run_resolve_pending,official_annual_direct_consistent
600098.SH,广州发展,2025,Q_G_COST_REVENUE_RATE,1,96.9509,90,0.94,auto_policy_eligible,run_resolve_pending,official_annual_direct_consistent
600098.SH,广州发展,2025,Q_G_CURRENT_ASSET_TURNOVER,1,3.32334,86,0.94,auto_policy_eligible,run_resolve_pending,official_annual_direct_consistent
600098.SH,广州发展,2025,Q_G_EBITDA_INTEREST,1,4.40128,91,0.94,auto_policy_eligible,run_resolve_pending,official_annual_direct_consistent
600098.SH,广州发展,2025,Q_G_OPERATING_MARGIN,1,6.46754,91,0.94,auto_policy_eligible,run_resolve_pending,official_annual_direct_consistent
600098.SH,广州发展,2025,Q_G_OPERATING_PROFIT_GROWTH,1,36.2543,91,0.94,auto_policy_eligible,run_resolve_pending,official_annual_direct_consistent
600098.SH,广州发展,2025,Q_G_REVENUE_GROWTH,1,5.32614,7,0.91,auto_policy_eligible,run_resolve_pending,official_annual_direct_consistent
600098.SH,广州发展,2025,Q_G_ROA,1,8.96193,91,0.94,auto_policy_eligible,run_resolve_pending,official_annual_direct_consistent
600098.SH,广州发展,2025,Q_G_ROE,1,8.6069,7,0.92,auto_policy_eligible,run_resolve_pending,official_annual_direct_consistent
600098.SH,广州发展,2025,Q_G_TWO_FUNDS_RATE,1,38.2176,86,0.94,auto_policy_eligible,run_resolve_pending,official_annual_direct_consistent
600098.SH,广州发展,2025,Q_S_DIVIDEND_PER_SHARE,1,0.35,50,0.94,auto_policy_eligible,run_resolve_pending,official_annual_direct_consistent
600098.SH,广州发展,2025,Q_S_RD_RATE,1,1.27,24,0.96,auto_policy_eligible,run_resolve_pending,official_annual_direct_consistent
600101.SH,明星电力,2025,Q_G_AR_TURNOVER,1,61.0017,82,0.94,auto_policy_eligible,run_resolve_pending,official_annual_direct_consistent
600101.SH,明星电力,2025,Q_G_ASSET_TURNOVER,1,0.73485,83,0.94,auto_policy_eligible,run_resolve_pending,official_annual_direct_consistent
600101.SH,明星电力,2025,Q_G_CASH_CURRENT_LIABILITY,1,30.1906,94,0.94,auto_policy_eligible,run_resolve_pending,official_annual_direct_consistent
600101.SH,明星电力,2025,Q_G_CASH_REALIZATION,1,124.807,93,0.94,auto_policy_eligible,run_resolve_pending,official_annual_direct_consistent
600101.SH,明星电力,2025,Q_G_COST_REVENUE_RATE,1,92.7688,88,0.94,auto_policy_eligible,run_resolve_pending,official_annual_direct_consistent
600101.SH,明星电力,2025,Q_G_CURRENT_ASSET_TURNOVER,1,3.00195,82,0.94,auto_policy_eligible,run_resolve_pending,official_annual_direct_consistent
600101.SH,明星电力,2025,Q_G_DEBT_ASSET_RATE,1,25.068,84,0.94,auto_policy_eligible,run_resolve_pending,consolidated_statement_year_end_derived
600101.SH,明星电力,2025,Q_G_EBITDA_INTEREST,1,89.2622,89,0.94,auto_policy_eligible,run_resolve_pending,official_annual_direct_consistent
600101.SH,明星电力,2025,Q_G_OPERATING_MARGIN,1,7.58295,89,0.94,auto_policy_eligible,run_resolve_pending,official_annual_direct_consistent
600101.SH,明星电力,2025,Q_G_OPERATING_PROFIT_GROWTH,1,5.54747,89,0.94,auto_policy_eligible,run_resolve_pending,official_annual_direct_consistent
600101.SH,明星电力,2025,Q_G_REVENUE_GROWTH,1,6.29321,7,0.91,auto_policy_eligible,run_resolve_pending,official_annual_direct_consistent
600101.SH,明星电力,2025,Q_G_ROA,1,5.52522,89,0.94,auto_policy_eligible,run_resolve_pending,official_annual_direct_consistent
600101.SH,明星电力,2025,Q_G_ROE,1,6.03,8,0.92,auto_policy_eligible,run_resolve_pending,official_annual_direct_consistent
600101.SH,明星电力,2025,Q_G_TWO_FUNDS_RATE,1,6.85833,82,0.94,auto_policy_eligible,run_resolve_pending,official_annual_direct_consistent
600101.SH,明星电力,2025,Q_S_DIVIDEND_PER_SHARE,1,0.11,59,0.94,auto_policy_eligible,run_resolve_pending,official_annual_direct_consistent
600101.SH,明星电力,2025,Q_S_RD_RATE,1,1.05,25,0.96,auto_policy_eligible,run_resolve_pending,official_annual_direct_consistent
600110.SH,诺德股份,2025,Q_G_AR_TURNOVER,1,3.83081,115,0.94,auto_policy_eligible,run_resolve_pending,official_annual_direct_consistent
600110.SH,诺德股份,2025,Q_G_ASSET_TURNOVER,1,0.61977,116,0.94,auto_policy_eligible,run_resolve_pending,official_annual_direct_consistent
600110.SH,诺德股份,2025,Q_G_CASH_CURRENT_LIABILITY,1,-4.9888,123,0.94,auto_policy_eligible,run_resolve_pending,official_annual_direct_consistent
600110.SH,诺德股份,2025,Q_G_CASH_REALIZATION,1,288.523,123,0.94,auto_policy_eligible,run_resolve_pending,official_annual_direct_consistent
600110.SH,诺德股份,2025,Q_G_COST_REVENUE_RATE,1,102.56,119,0.94,auto_policy_eligible,run_resolve_pending,official_annual_direct_consistent
600110.SH,诺德股份,2025,Q_G_CURRENT_ASSET_TURNOVER,1,1.61235,115,0.94,auto_policy_eligible,run_resolve_pending,official_annual_direct_consistent
600110.SH,诺德股份,2025,Q_G_DEBT_ASSET_RATE,1,62.9126,116,0.94,auto_policy_eligible,run_resolve_pending,consolidated_statement_year_end_derived
600110.SH,诺德股份,2025,Q_G_EBITDA_INTEREST,1,-0.0838366,120,0.94,auto_policy_eligible,run_resolve_pending,official_annual_direct_consistent
600110.SH,诺德股份,2025,Q_G_OPERATING_MARGIN,1,-1.95156,120,0.94,auto_policy_eligible,run_resolve_pending,official_annual_direct_consistent
600110.SH,诺德股份,2025,Q_G_ROA,1,-0.191504,120,0.94,auto_policy_eligible,run_resolve_pending,official_annual_direct_consistent
600110.SH,诺德股份,2025,Q_G_ROE,1,5.28,8,0.92,auto_policy_eligible,run_resolve_pending,official_annual_direct_consistent
600110.SH,诺德股份,2025,Q_G_TWO_FUNDS_RATE,1,39.239,115,0.94,auto_policy_eligible,run_resolve_pending,official_annual_direct_consistent
600110.SH,诺德股份,2025,Q_S_RD_RATE,1,4.61,39,0.96,auto_policy_eligible,run_resolve_pending,official_annual_direct_consistent
600116.SH,三峡水利,2025,Q_G_AR_TURNOVER,1,9.23406,96,0.94,auto_policy_eligible,run_resolve_pending,official_annual_direct_consistent
600116.SH,三峡水利,2025,Q_G_ASSET_TURNOVER,1,0.403926,97,0.94,auto_policy_eligible,run_resolve_pending,official_annual_direct_consistent
600116.SH,三峡水利,2025,Q_G_CASH_CURRENT_LIABILITY,1,20.0243,105,0.94,auto_policy_eligible,run_resolve_pending,official_annual_direct_consistent
600116.SH,三峡水利,2025,Q_G_CASH_REALIZATION,1,100.045,104,0.94,auto_policy_eligible,run_resolve_pending,official_annual_direct_consistent
600116.SH,三峡水利,2025,Q_G_COST_REVENUE_RATE,1,95.7134,100,0.94,auto_policy_eligible,run_resolve_pending,official_annual_direct_consistent
600116.SH,三峡水利,2025,Q_G_CURRENT_ASSET_TURNOVER,1,1.98075,96,0.94,auto_policy_eligible,run_resolve_pending,official_annual_direct_consistent
600116.SH,三峡水利,2025,Q_G_EBITDA_INTEREST,1,3.75669,101,0.94,auto_policy_eligible,run_resolve_pending,official_annual_direct_consistent
600116.SH,三峡水利,2025,Q_G_OPERATING_MARGIN,1,6.51505,101,0.94,auto_policy_eligible,run_resolve_pending,official_annual_direct_consistent
600116.SH,三峡水利,2025,Q_G_REVENUE_GROWTH,1,-1.44078,9,0.91,auto_policy_eligible,run_resolve_pending,official_annual_direct_consistent
600116.SH,三峡水利,2025,Q_G_ROA,1,3.57019,101,0.94,auto_policy_eligible,run_resolve_pending,official_annual_direct_consistent
600116.SH,三峡水利,2025,Q_G_ROE,1,3.89,10,0.92,auto_policy_eligible,run_resolve_pending,official_annual_direct_consistent
600116.SH,三峡水利,2025,Q_G_TWO_FUNDS_RATE,1,28.0149,96,0.94,auto_policy_eligible,run_resolve_pending,official_annual_direct_consistent
600116.SH,三峡水利,2025,Q_S_DIVIDEND_PER_SHARE,1,0.125,56,0.94,auto_policy_eligible,run_resolve_pending,official_annual_direct_consistent
600116.SH,三峡水利,2025,Q_S_RD_RATE,1,0.04,23,0.96,auto_policy_eligible,run_resolve_pending,official_annual_direct_consistent
600149.SH,廊坊发展,2025,Q_G_AR_TURNOVER,1,12.4006,51,0.94,auto_policy_eligible,run_resolve_pending,official_annual_direct_consistent
600149.SH,廊坊发展,2025,Q_G_ASSET_TURNOVER,1,0.661775,52,0.94,auto_policy_eligible,run_resolve_pending,official_annual_direct_consistent
600149.SH,廊坊发展,2025,Q_G_CAPITAL_ACCUMULATION,1,10.8776,53,0.94,auto_policy_eligible,run_resolve_pending,official_annual_direct_consistent
600149.SH,廊坊发展,2025,Q_G_CASH_REALIZATION,1,106.008,57,0.94,auto_policy_eligible,run_resolve_pending,official_annual_direct_consistent
600149.SH,廊坊发展,2025,Q_G_COST_REVENUE_RATE,1,76.5974,55,0.94,auto_policy_eligible,run_resolve_pending,official_annual_direct_consistent
600149.SH,廊坊发展,2025,Q_G_CURRENT_ASSET_TURNOVER,1,0.680794,51,0.94,auto_policy_eligible,run_resolve_pending,official_annual_direct_consistent
600149.SH,廊坊发展,2025,Q_G_DEBT_ASSET_RATE,1,39.9197,52,0.94,auto_policy_eligible,run_resolve_pending,consolidated_statement_year_end_derived
600149.SH,廊坊发展,2025,Q_G_EBITDA_INTEREST,1,23.9329,55,0.94,auto_policy_eligible,run_resolve_pending,official_annual_direct_consistent
600149.SH,廊坊发展,2025,Q_G_OPERATING_MARGIN,1,23.9726,55,0.94,auto_policy_eligible,run_resolve_pending,official_annual_direct_consistent
600149.SH,廊坊发展,2025,Q_G_OPERATING_PROFIT_GROWTH,1,-58.9197,55,0.94,auto_policy_eligible,run_resolve_pending,official_annual_direct_consistent
600149.SH,廊坊发展,2025,Q_G_REVENUE_GROWTH,1,-49.5006,5,0.91,auto_policy_eligible,run_resolve_pending,official_annual_direct_consistent
600149.SH,廊坊发展,2025,Q_G_ROA,1,16.4533,55,0.94,auto_policy_eligible,run_resolve_pending,official_annual_direct_consistent
600149.SH,廊坊发展,2025,Q_G_ROE,1,6.41,6,0.92,auto_policy_eligible,run_resolve_pending,official_annual_direct_consistent
600149.SH,廊坊发展,2025,Q_G_TWO_FUNDS_RATE,1,11.3861,51,0.94,auto_policy_eligible,run_resolve_pending,official_annual_direct_consistent
600149.SH,廊坊发展,2025,Q_S_RD_RATE,1,0.67,15,0.96,auto_policy_eligible,run_resolve_pending,official_annual_direct_consistent
600151.SH,航天机电,2025,Q_G_AR_TURNOVER,1,2.62417,97,0.94,auto_policy_eligible,run_resolve_pending,official_annual_direct_consistent
600151.SH,航天机电,2025,Q_G_ASSET_TURNOVER,1,0.468272,98,0.94,auto_policy_eligible,run_resolve_pending,official_annual_direct_consistent
600151.SH,航天机电,2025,Q_G_CASH_CURRENT_LIABILITY,1,36.8361,105,0.94,auto_policy_eligible,run_resolve_pending,official_annual_direct_consistent
600151.SH,航天机电,2025,Q_G_CASH_REALIZATION,1,108.749,105,0.94,auto_policy_eligible,run_resolve_pending,official_annual_direct_consistent
600151.SH,航天机电,2025,Q_G_COST_REVENUE_RATE,1,101.434,101,0.94,auto_policy_eligible,run_resolve_pending,official_annual_direct_consistent
600151.SH,航天机电,2025,Q_G_CURRENT_ASSET_TURNOVER,1,1.03837,97,0.94,auto_policy_eligible,run_resolve_pending,official_annual_direct_consistent
600151.SH,航天机电,2025,Q_G_DEBT_ASSET_RATE,1,32.388,98,0.94,auto_policy_eligible,run_resolve_pending,consolidated_statement_year_end_derived
600151.SH,航天机电,2025,Q_G_EBITDA_INTEREST,1,-7.4894,102,0.94,auto_policy_eligible,run_resolve_pending,official_annual_direct_consistent
600151.SH,航天机电,2025,Q_G_OPERATING_MARGIN,1,-12.5912,102,0.94,auto_policy_eligible,run_resolve_pending,official_annual_direct_consistent
600151.SH,航天机电,2025,Q_G_OPERATING_PROFIT_GROWTH,1,515.294,102,0.94,auto_policy_eligible,run_resolve_pending,official_annual_direct_consistent
600151.SH,航天机电,2025,Q_G_REVENUE_GROWTH,1,-32.5993,5,0.91,auto_policy_eligible,run_resolve_pending,official_annual_direct_consistent
600151.SH,航天机电,2025,Q_G_ROA,1,-5.02314,102,0.94,auto_policy_eligible,run_resolve_pending,official_annual_direct_consistent
600151.SH,航天机电,2025,Q_G_ROE,1,9.5836,6,0.92,auto_policy_eligible,run_resolve_pending,official_annual_direct_consistent
600151.SH,航天机电,2025,Q_G_TWO_FUNDS_RATE,1,48.336,97,0.94,auto_policy_eligible,run_resolve_pending,official_annual_direct_consistent
600151.SH,航天机电,2025,Q_S_RD_RATE,1,3.9,19,0.96,auto_policy_eligible,run_resolve_pending,official_annual_direct_consistent
600152.SH,维科技术,2025,Q_G_AR_TURNOVER,1,11.6735,78,0.94,auto_policy_eligible,run_resolve_pending,official_annual_direct_consistent
600152.SH,维科技术,2025,Q_G_ASSET_TURNOVER,1,0.952611,79,0.94,auto_policy_eligible,run_resolve_pending,official_annual_direct_consistent
600152.SH,维科技术,2025,Q_G_CASH_CURRENT_LIABILITY,1,-3.02433,86,0.94,auto_policy_eligible,run_resolve_pending,official_annual_direct_consistent
600152.SH,维科技术,2025,Q_G_CASH_REALIZATION,1,129.985,86,0.94,auto_policy_eligible,run_resolve_pending,official_annual_direct_consistent
600152.SH,维科技术,2025,Q_G_COST_REVENUE_RATE,1,103.688,82,0.94,auto_policy_eligible,run_resolve_pending,official_annual_direct_consistent
600152.SH,维科技术,2025,Q_G_CURRENT_ASSET_TURNOVER,1,2.02559,78,0.94,auto_policy_eligible,run_resolve_pending,official_annual_direct_consistent
600152.SH,维科技术,2025,Q_G_EBITDA_INTEREST,1,-18.3823,83,0.94,auto_policy_eligible,run_resolve_pending,official_annual_direct_consistent
600152.SH,维科技术,2025,Q_G_OPERATING_MARGIN,1,-7.39027,83,0.94,auto_policy_eligible,run_resolve_pending,official_annual_direct_consistent
600152.SH,维科技术,2025,Q_G_REVENUE_GROWTH,1,-7.27615,7,0.91,auto_policy_eligible,run_resolve_pending,official_annual_direct_consistent
600152.SH,维科技术,2025,Q_G_ROA,1,-6.81046,83,0.94,auto_policy_eligible,run_resolve_pending,official_annual_direct_consistent
600152.SH,维科技术,2025,Q_G_ROE,1,5.64,7,0.92,auto_policy_eligible,run_resolve_pending,official_annual_direct_consistent
600152.SH,维科技术,2025,Q_G_TWO_FUNDS_RATE,1,47.274,78,0.94,auto_policy_eligible,run_resolve_pending,official_annual_direct_consistent
600152.SH,维科技术,2025,Q_S_RD_RATE,1,8.34,22,0.96,auto_policy_eligible,run_resolve_pending,official_annual_direct_consistent
600157.SH,永泰能源,2025,Q_G_AR_TURNOVER,1,8.23183,78,0.94,auto_policy_eligible,run_resolve_pending,official_annual_direct_consistent
600157.SH,永泰能源,2025,Q_G_ASSET_TURNOVER,1,0.217581,79,0.94,auto_policy_eligible,run_resolve_pending,official_annual_direct_consistent
600157.SH,永泰能源,2025,Q_G_CASH_CURRENT_LIABILITY,1,17.8731,86,0.94,auto_policy_eligible,run_resolve_pending,official_annual_direct_consistent
600157.SH,永泰能源,2025,Q_G_CASH_REALIZATION,1,110.342,86,0.94,auto_policy_eligible,run_resolve_pending,official_annual_direct_consistent
600157.SH,永泰能源,2025,Q_G_COST_REVENUE_RATE,1,96.8983,83,0.94,auto_policy_eligible,run_resolve_pending,official_annual_direct_consistent
600157.SH,永泰能源,2025,Q_G_CURRENT_ASSET_TURNOVER,1,2.68881,78,0.94,auto_policy_eligible,run_resolve_pending,official_annual_direct_consistent
600157.SH,永泰能源,2025,Q_G_EBITDA_INTEREST,1,1.36938,83,0.94,auto_policy_eligible,run_resolve_pending,official_annual_direct_consistent
600157.SH,永泰能源,2025,Q_G_OPERATING_MARGIN,1,2.70633,83,0.94,auto_policy_eligible,run_resolve_pending,official_annual_direct_consistent
600157.SH,永泰能源,2025,Q_G_OPERATING_PROFIT_GROWTH,1,-74.1062,83,0.94,auto_policy_eligible,run_resolve_pending,official_annual_direct_consistent
600157.SH,永泰能源,2025,Q_G_REVENUE_GROWTH,1,-16.0078,6,0.91,auto_policy_eligible,run_resolve_pending,official_annual_direct_consistent
600157.SH,永泰能源,2025,Q_G_ROA,1,2.41303,83,0.94,auto_policy_eligible,run_resolve_pending,official_annual_direct_consistent
600157.SH,永泰能源,2025,Q_G_ROE,1,0.4448,6,0.92,auto_policy_eligible,run_resolve_pending,official_annual_direct_consistent
600157.SH,永泰能源,2025,Q_G_TWO_FUNDS_RATE,1,42.7112,78,0.94,auto_policy_eligible,run_resolve_pending,official_annual_direct_consistent
600157.SH,永泰能源,2025,Q_S_DIVIDEND_PER_SHARE,1,0,50,0.94,auto_policy_eligible,run_resolve_pending,official_annual_direct_consistent
600157.SH,永泰能源,2025,Q_S_RD_RATE,1,0.4,24,0.96,auto_policy_eligible,run_resolve_pending,official_annual_direct_consistent
600163.SH,中闽能源,2025,Q_G_AR_TURNOVER,1,0.603489,56,0.94,auto_policy_eligible,run_resolve_pending,official_annual_direct_consistent
600163.SH,中闽能源,2025,Q_G_ASSET_TURNOVER,1,0.288572,57,0.94,auto_policy_eligible,run_resolve_pending,official_annual_direct_consistent
600163.SH,中闽能源,2025,Q_G_CAPITAL_ACCUMULATION,1,6.12006,58,0.94,auto_policy_eligible,run_resolve_pending,official_annual_direct_consistent
600163.SH,中闽能源,2025,Q_G_CASH_REALIZATION,1,171.945,63,0.94,auto_policy_eligible,run_resolve_pending,official_annual_direct_consistent
600163.SH,中闽能源,2025,Q_G_COST_REVENUE_RATE,1,57.4608,60,0.94,auto_policy_eligible,run_resolve_pending,official_annual_direct_consistent
600163.SH,中闽能源,2025,Q_G_CURRENT_ASSET_TURNOVER,1,0.359322,56,0.94,auto_policy_eligible,run_resolve_pending,official_annual_direct_consistent
600163.SH,中闽能源,2025,Q_G_EBITDA_INTEREST,1,11.0737,61,0.94,auto_policy_eligible,run_resolve_pending,official_annual_direct_consistent
600163.SH,中闽能源,2025,Q_G_OPERATING_MARGIN,1,47.029,61,0.94,auto_policy_eligible,run_resolve_pending,official_annual_direct_consistent
600163.SH,中闽能源,2025,Q_G_REVENUE_GROWTH,1,-7.69196,6,0.91,auto_policy_eligible,run_resolve_pending,official_annual_direct_consistent
600163.SH,中闽能源,2025,Q_G_ROA,1,14.8984,61,0.94,auto_policy_eligible,run_resolve_pending,official_annual_direct_consistent
600163.SH,中闽能源,2025,Q_G_ROE,1,7.5,6,0.92,auto_policy_eligible,run_resolve_pending,official_annual_direct_consistent
600163.SH,中闽能源,2025,Q_G_TWO_FUNDS_RATE,1,52.856,56,0.94,auto_policy_eligible,run_resolve_pending,official_annual_direct_consistent
600163.SH,中闽能源,2025,Q_S_DIVIDEND_PER_SHARE,1,0.03,36,0.94,auto_policy_eligible,run_resolve_pending,official_annual_direct_consistent
600163.SH,中闽能源,2025,Q_S_RD_RATE,1,1.18,16,0.96,auto_policy_eligible,run_resolve_pending,official_annual_direct_consistent
600167.SH,联美控股,2025,Q_G_AR_TURNOVER,1,5.46265,71,0.94,auto_policy_eligible,run_resolve_pending,official_annual_direct_consistent
600167.SH,联美控股,2025,Q_G_ASSET_TURNOVER,1,0.343134,71,0.94,auto_policy_eligible,run_resolve_pending,official_annual_direct_consistent
600167.SH,联美控股,2025,Q_G_CAPITAL_ACCUMULATION,1,5.77391,72,0.94,auto_policy_eligible,run_resolve_pending,official_annual_direct_consistent
600167.SH,联美控股,2025,Q_G_CASH_CURRENT_LIABILITY,1,30.6251,77,0.94,auto_policy_eligible,run_resolve_pending,official_annual_direct_consistent
600167.SH,联美控股,2025,Q_G_CASH_REALIZATION,1,107.925,77,0.94,auto_policy_eligible,run_resolve_pending,official_annual_direct_consistent
600167.SH,联美控股,2025,Q_G_COST_REVENUE_RATE,1,75.0325,74,0.94,auto_policy_eligible,run_resolve_pending,official_annual_direct_consistent
600167.SH,联美控股,2025,Q_G_CURRENT_ASSET_TURNOVER,1,0.651448,71,0.94,auto_policy_eligible,run_resolve_pending,official_annual_direct_consistent
600167.SH,联美控股,2025,Q_G_DEBT_ASSET_RATE,1,29.1403,72,0.94,auto_policy_eligible,run_resolve_pending,consolidated_statement_year_end_derived
600167.SH,联美控股,2025,Q_G_REVENUE_GROWTH,1,-7.7016,6,0.91,auto_policy_eligible,run_resolve_pending,official_annual_direct_consistent
600167.SH,联美控股,2025,Q_G_ROE,1,6.39,7,0.92,auto_policy_eligible,run_resolve_pending,official_annual_direct_consistent
600167.SH,联美控股,2025,Q_G_TWO_FUNDS_RATE,1,14.5277,71,0.94,auto_policy_eligible,run_resolve_pending,official_annual_direct_consistent
600167.SH,联美控股,2025,Q_S_DIVIDEND_PER_SHARE,1,0.15,38,0.94,auto_policy_eligible,run_resolve_pending,official_annual_direct_consistent
600167.SH,联美控股,2025,Q_S_RD_RATE,1,1.4,18,0.96,auto_policy_eligible,run_resolve_pending,official_annual_direct_consistent
600188.SH,兖矿能源,2025,Q_G_DEBT_ASSET_RATE,1,62.2,13,0.9,auto_policy_eligible,run_resolve_pending,official_annual_direct_consistent
600188.SH,兖矿能源,2025,Q_G_REVENUE_GROWTH,1,-7.4929,9,0.91,auto_policy_eligible,run_resolve_pending,official_annual_direct_consistent
600188.SH,兖矿能源,2025,Q_G_ROE,1,9.95,10,0.92,auto_policy_eligible,run_resolve_pending,official_annual_direct_consistent
600188.SH,兖矿能源,2025,Q_S_DIVIDEND_PER_SHARE,1,0.5,63,0.94,auto_policy_eligible,run_resolve_pending,official_annual_direct_consistent
600188.SH,兖矿能源,2025,Q_S_RD_RATE,1,2.34,26,0.96,auto_policy_eligible,run_resolve_pending,official_annual_direct_consistent
600192.SH,长城电工,2025,Q_G_AR_TURNOVER,1,1.21162,57,0.94,auto_policy_eligible,run_resolve_pending,official_annual_direct_consistent
600192.SH,长城电工,2025,Q_G_ASSET_TURNOVER,1,0.564121,58,0.94,auto_policy_eligible,run_resolve_pending,official_annual_direct_consistent
600192.SH,长城电工,2025,Q_G_CASH_CURRENT_LIABILITY,1,0.0184712,64,0.94,auto_policy_eligible,run_resolve_pending,official_annual_direct_consistent
600192.SH,长城电工,2025,Q_G_CASH_REALIZATION,1,90.171,64,0.94,auto_policy_eligible,run_resolve_pending,official_annual_direct_consistent
600192.SH,长城电工,2025,Q_G_COST_REVENUE_RATE,1,119.23,61,0.94,auto_policy_eligible,run_resolve_pending,official_annual_direct_consistent
600192.SH,长城电工,2025,Q_G_CURRENT_ASSET_TURNOVER,1,0.484861,57,0.94,auto_policy_eligible,run_resolve_pending,official_annual_direct_consistent
600192.SH,长城电工,2025,Q_G_DEBT_ASSET_RATE,1,80.8169,58,0.94,auto_policy_eligible,run_resolve_pending,consolidated_statement_year_end_derived
600192.SH,长城电工,2025,Q_G_EBITDA_INTEREST,1,-4.50856,62,0.94,auto_policy_eligible,run_resolve_pending,official_annual_direct_consistent
600192.SH,长城电工,2025,Q_G_OPERATING_MARGIN,1,-20.1257,62,0.94,auto_policy_eligible,run_resolve_pending,official_annual_direct_consistent
600192.SH,长城电工,2025,Q_G_REVENUE_GROWTH,1,-8.02236,6,0.91,auto_policy_eligible,run_resolve_pending,official_annual_direct_consistent
600192.SH,长城电工,2025,Q_G_ROA,1,-9.39613,62,0.94,auto_policy_eligible,run_resolve_pending,official_annual_direct_consistent
600192.SH,长城电工,2025,Q_G_ROE,1,34.81,6,0.92,auto_policy_eligible,run_resolve_pending,official_annual_direct_consistent
600192.SH,长城电工,2025,Q_G_TWO_FUNDS_RATE,1,71.003,57,0.94,auto_policy_eligible,run_resolve_pending,official_annual_direct_consistent
600207.SH,安彩高科,2025,Q_G_AR_TURNOVER,1,3.25593,57,0.94,auto_policy_eligible,run_resolve_pending,official_annual_direct_consistent
600207.SH,安彩高科,2025,Q_G_ASSET_TURNOVER,1,0.455013,58,0.94,auto_policy_eligible,run_resolve_pending,official_annual_direct_consistent
600207.SH,安彩高科,2025,Q_G_CAPITAL_ACCUMULATION,1,-27.8555,59,0.94,auto_policy_eligible,run_resolve_pending,official_annual_direct_consistent
600207.SH,安彩高科,2025,Q_G_CASH_REALIZATION,1,82.4567,64,0.94,auto_policy_eligible,run_resolve_pending,official_annual_direct_consistent
600207.SH,安彩高科,2025,Q_G_COST_REVENUE_RATE,1,117.634,61,0.94,auto_policy_eligible,run_resolve_pending,official_annual_direct_consistent
600207.SH,安彩高科,2025,Q_G_CURRENT_ASSET_TURNOVER,1,1.19288,57,0.94,auto_policy_eligible,run_resolve_pending,official_annual_direct_consistent
600207.SH,安彩高科,2025,Q_G_DEBT_ASSET_RATE,1,66.4406,59,0.94,auto_policy_eligible,run_resolve_pending,consolidated_statement_year_end_derived
600207.SH,安彩高科,2025,Q_G_EBITDA_INTEREST,1,-8.01461,62,0.94,auto_policy_eligible,run_resolve_pending,official_annual_direct_consistent
600207.SH,安彩高科,2025,Q_G_OPERATING_MARGIN,1,-24.8419,62,0.94,auto_policy_eligible,run_resolve_pending,official_annual_direct_consistent
600207.SH,安彩高科,2025,Q_G_OPERATING_PROFIT_GROWTH,1,56.967,62,0.94,auto_policy_eligible,run_resolve_pending,official_annual_direct_consistent
600207.SH,安彩高科,2025,Q_G_REVENUE_GROWTH,1,-32.7284,5,0.91,auto_policy_eligible,run_resolve_pending,official_annual_direct_consistent
600207.SH,安彩高科,2025,Q_G_ROA,1,-10.0826,62,0.94,auto_policy_eligible,run_resolve_pending,official_annual_direct_consistent
600207.SH,安彩高科,2025,Q_G_ROE,1,30.36,6,0.92,auto_policy_eligible,run_resolve_pending,official_annual_direct_consistent
600207.SH,安彩高科,2025,Q_G_TWO_FUNDS_RATE,1,50.3993,57,0.94,auto_policy_eligible,run_resolve_pending,official_annual_direct_consistent
600207.SH,安彩高科,2025,Q_S_RD_RATE,1,3.17,18,0.96,auto_policy_eligible,run_resolve_pending,official_annual_direct_consistent
600212.SH,绿能慧充,2025,Q_G_ROE,1,3.29,6,0.92,auto_policy_eligible,run_resolve_pending,official_annual_direct_consistent
600212.SH,绿能慧充,2025,Q_G_TWO_FUNDS_RATE,1,63.8263,98,0.94,auto_policy_eligible,run_resolve_pending,official_annual_direct_consistent
600212.SH,绿能慧充,2025,Q_S_RD_RATE,1,5.63,40,0.96,auto_policy_eligible,run_resolve_pending,official_annual_direct_consistent
600236.SH,桂冠电力,2025,Q_G_AR_TURNOVER,1,4.85589,101,0.94,auto_policy_eligible,run_resolve_pending,official_annual_direct_consistent
600236.SH,桂冠电力,2025,Q_G_ASSET_TURNOVER,1,0.33822,102,0.94,auto_policy_eligible,run_resolve_pending,official_annual_direct_consistent
600236.SH,桂冠电力,2025,Q_G_CASH_CURRENT_LIABILITY,1,51.9976,110,0.94,auto_policy_eligible,run_resolve_pending,official_annual_direct_consistent
600236.SH,桂冠电力,2025,Q_G_CASH_REALIZATION,1,113.935,109,0.94,auto_policy_eligible,run_resolve_pending,official_annual_direct_consistent
600236.SH,桂冠电力,2025,Q_G_COST_REVENUE_RATE,1,58.5211,105,0.94,auto_policy_eligible,run_resolve_pending,official_annual_direct_consistent
600236.SH,桂冠电力,2025,Q_G_CURRENT_ASSET_TURNOVER,1,2.16569,101,0.94,auto_policy_eligible,run_resolve_pending,official_annual_direct_consistent
600236.SH,桂冠电力,2025,Q_G_EBITDA_INTEREST,1,9.74144,106,0.94,auto_policy_eligible,run_resolve_pending,official_annual_direct_consistent
600236.SH,桂冠电力,2025,Q_G_OPERATING_MARGIN,1,42.8375,106,0.94,auto_policy_eligible,run_resolve_pending,official_annual_direct_consistent
600236.SH,桂冠电力,2025,Q_G_REVENUE_GROWTH,1,8.27805,6,0.91,auto_policy_eligible,run_resolve_pending,official_annual_direct_consistent
600236.SH,桂冠电力,2025,Q_G_ROA,1,16.0505,106,0.94,auto_policy_eligible,run_resolve_pending,official_annual_direct_consistent
600236.SH,桂冠电力,2025,Q_G_ROE,1,18.39,7,0.92,auto_policy_eligible,run_resolve_pending,official_annual_direct_consistent
600236.SH,桂冠电力,2025,Q_G_TWO_FUNDS_RATE,1,45.8813,101,0.94,auto_policy_eligible,run_resolve_pending,official_annual_direct_consistent
600236.SH,桂冠电力,2025,Q_S_DIVIDEND_PER_SHARE,1,0.293,54,0.94,auto_policy_eligible,run_resolve_pending,official_annual_direct_consistent
600236.SH,桂冠电力,2025,Q_S_RD_RATE,3,1.92,13|15|20,0.96,auto_policy_eligible,run_resolve_pending,official_annual_direct_consistent
600241.SH,时代万恒,2025,Q_G_AR_TURNOVER,1,3.50717,55,0.94,auto_policy_eligible,run_resolve_pending,official_annual_direct_consistent
600241.SH,时代万恒,2025,Q_G_ASSET_TURNOVER,1,0.639662,56,0.94,auto_policy_eligible,run_resolve_pending,official_annual_direct_consistent
600241.SH,时代万恒,2025,Q_G_CAPITAL_ACCUMULATION,1,-5.4075,57,0.94,auto_policy_eligible,run_resolve_pending,official_annual_direct_consistent
600241.SH,时代万恒,2025,Q_G_CASH_CURRENT_LIABILITY,1,55.4792,64,0.94,auto_policy_eligible,run_resolve_pending,official_annual_direct_consistent
600241.SH,时代万恒,2025,Q_G_CASH_REALIZATION,1,97.431,64,0.94,auto_policy_eligible,run_resolve_pending,official_annual_direct_consistent
600241.SH,时代万恒,2025,Q_G_COST_REVENUE_RATE,1,101.72,60,0.94,auto_policy_eligible,run_resolve_pending,official_annual_direct_consistent
600241.SH,时代万恒,2025,Q_G_CURRENT_ASSET_TURNOVER,1,0.450044,55,0.94,auto_policy_eligible,run_resolve_pending,official_annual_direct_consistent
600241.SH,时代万恒,2025,Q_G_EBITDA_INTEREST,1,-3053.32,61,0.94,auto_policy_eligible,run_resolve_pending,official_annual_direct_consistent
600241.SH,时代万恒,2025,Q_G_OPERATING_MARGIN,1,-15.8204,60,0.94,auto_policy_eligible,run_resolve_pending,official_annual_direct_consistent
600241.SH,时代万恒,2025,Q_G_OPERATING_PROFIT_GROWTH,1,-420.909,60,0.94,auto_policy_eligible,run_resolve_pending,official_annual_direct_consistent
600241.SH,时代万恒,2025,Q_G_REVENUE_GROWTH,1,-4.39441,6,0.91,auto_policy_eligible,run_resolve_pending,official_annual_direct_consistent
600241.SH,时代万恒,2025,Q_G_ROA,1,-10.0709,61,0.94,auto_policy_eligible,run_resolve_pending,official_annual_direct_consistent
600241.SH,时代万恒,2025,Q_G_ROE,1,11.97,7,0.92,auto_policy_eligible,run_resolve_pending,official_annual_direct_consistent
600241.SH,时代万恒,2025,Q_G_TWO_FUNDS_RATE,1,21.8619,55,0.94,auto_policy_eligible,run_resolve_pending,official_annual_direct_consistent
600241.SH,时代万恒,2025,Q_S_RD_RATE,1,4.01,15,0.96,auto_policy_eligible,run_resolve_pending,official_annual_direct_consistent
600256.SH,广汇能源,2025,Q_G_AR_TURNOVER,1,14.1733,103,0.94,auto_policy_eligible,run_resolve_pending,official_annual_direct_consistent
600256.SH,广汇能源,2025,Q_G_ASSET_TURNOVER,1,0.564509,104,0.94,auto_policy_eligible,run_resolve_pending,official_annual_direct_consistent
600256.SH,广汇能源,2025,Q_G_CASH_CURRENT_LIABILITY,1,23.5973,111,0.94,auto_policy_eligible,run_resolve_pending,official_annual_direct_consistent
600256.SH,广汇能源,2025,Q_G_CASH_REALIZATION,1,100.971,111,0.94,auto_policy_eligible,run_resolve_pending,official_annual_direct_consistent
600256.SH,广汇能源,2025,Q_G_COST_REVENUE_RATE,1,90.788,107,0.94,auto_policy_eligible,run_resolve_pending,official_annual_direct_consistent
600256.SH,广汇能源,2025,Q_G_CURRENT_ASSET_TURNOVER,1,3.06601,103,0.94,auto_policy_eligible,run_resolve_pending,official_annual_direct_consistent
600256.SH,广汇能源,2025,Q_G_DEBT_ASSET_RATE,1,54.5599,104,0.94,auto_policy_eligible,run_resolve_pending,consolidated_statement_year_end_derived
600256.SH,广汇能源,2025,Q_G_EBITDA_INTEREST,1,4.39833,108,0.94,auto_policy_eligible,run_resolve_pending,official_annual_direct_consistent
600256.SH,广汇能源,2025,Q_G_OPERATING_MARGIN,1,8.13585,108,0.94,auto_policy_eligible,run_resolve_pending,official_annual_direct_consistent
600256.SH,广汇能源,2025,Q_G_ROA,1,5.41204,108,0.94,auto_policy_eligible,run_resolve_pending,official_annual_direct_consistent
600256.SH,广汇能源,2025,Q_G_ROE,1,5.09,12,0.92,auto_policy_eligible,run_resolve_pending,official_annual_direct_consistent
600256.SH,广汇能源,2025,Q_G_TWO_FUNDS_RATE,1,50.2495,103,0.94,auto_policy_eligible,run_resolve_pending,official_annual_direct_consistent
600256.SH,广汇能源,2025,Q_S_DIVIDEND_PER_SHARE,1,0.063,63,0.94,auto_policy_eligible,run_resolve_pending,official_annual_direct_consistent
600256.SH,广汇能源,2025,Q_S_RD_RATE,1,0.91,30,0.96,auto_policy_eligible,run_resolve_pending,official_annual_direct_consistent
600268.SH,国电南自,2025,Q_G_AR_TURNOVER,1,2.03472,119,0.94,auto_policy_eligible,run_resolve_pending,official_annual_direct_consistent
600268.SH,国电南自,2025,Q_G_ASSET_TURNOVER,1,0.835383,120,0.94,auto_policy_eligible,run_resolve_pending,official_annual_direct_consistent
600268.SH,国电南自,2025,Q_G_CASH_REALIZATION,1,104.067,127,0.94,auto_policy_eligible,run_resolve_pending,official_annual_direct_consistent
600268.SH,国电南自,2025,Q_G_COST_REVENUE_RATE,1,91.3458,123,0.94,auto_policy_eligible,run_resolve_pending,official_annual_direct_consistent
600268.SH,国电南自,2025,Q_G_CURRENT_ASSET_TURNOVER,1,1.01899,119,0.94,auto_policy_eligible,run_resolve_pending,official_annual_direct_consistent
600268.SH,国电南自,2025,Q_G_DEBT_ASSET_RATE,1,60.8275,120,0.94,auto_policy_eligible,run_resolve_pending,consolidated_statement_year_end_derived
600268.SH,国电南自,2025,Q_G_EBITDA_INTEREST,1,104.173,124,0.94,auto_policy_eligible,run_resolve_pending,official_annual_direct_consistent
600268.SH,国电南自,2025,Q_G_OPERATING_MARGIN,1,8.51175,124,0.94,auto_policy_eligible,run_resolve_pending,official_annual_direct_consistent
600268.SH,国电南自,2025,Q_G_OPERATING_PROFIT_GROWTH,1,23.8962,124,0.94,auto_policy_eligible,run_resolve_pending,official_annual_direct_consistent
600268.SH,国电南自,2025,Q_G_REVENUE_GROWTH,1,6.80073,8,0.91,auto_policy_eligible,run_resolve_pending,official_annual_direct_consistent
600268.SH,国电南自,2025,Q_G_ROA,1,7.38849,124,0.94,auto_policy_eligible,run_resolve_pending,official_annual_direct_consistent
600268.SH,国电南自,2025,Q_G_ROE,1,13.56,8,0.92,auto_policy_eligible,run_resolve_pending,official_annual_direct_consistent
600268.SH,国电南自,2025,Q_G_TWO_FUNDS_RATE,1,61.6092,119,0.94,auto_policy_eligible,run_resolve_pending,official_annual_direct_consistent
600268.SH,国电南自,2025,Q_S_DIVIDEND_PER_SHARE,1,0.2,60,0.94,auto_policy_eligible,run_resolve_pending,official_annual_direct_consistent
600268.SH,国电南自,2025,Q_S_RD_RATE,1,7.24,24,0.96,auto_policy_eligible,run_resolve_pending,official_annual_direct_consistent
600310.SH,广西能源,2025,Q_G_AR_TURNOVER,1,7.19215,86,0.94,auto_policy_eligible,run_resolve_pending,official_annual_direct_consistent
600310.SH,广西能源,2025,Q_G_ASSET_TURNOVER,1,0.28242,87,0.94,auto_policy_eligible,run_resolve_pending,official_annual_direct_consistent
600310.SH,广西能源,2025,Q_G_CASH_CURRENT_LIABILITY,1,21.3979,95,0.94,auto_policy_eligible,run_resolve_pending,official_annual_direct_consistent
600310.SH,广西能源,2025,Q_G_CASH_REALIZATION,1,121.466,94,0.94,auto_policy_eligible,run_resolve_pending,official_annual_direct_consistent
600310.SH,广西能源,2025,Q_G_COST_REVENUE_RATE,1,98.1799,90,0.94,auto_policy_eligible,run_resolve_pending,official_annual_direct_consistent
600310.SH,广西能源,2025,Q_G_CURRENT_ASSET_TURNOVER,1,0.955902,86,0.94,auto_policy_eligible,run_resolve_pending,official_annual_direct_consistent
600310.SH,广西能源,2025,Q_G_DEBT_ASSET_RATE,1,77.8804,88,0.94,auto_policy_eligible,run_resolve_pending,consolidated_statement_year_end_derived
600310.SH,广西能源,2025,Q_G_EBITDA_INTEREST,1,1.01975,91,0.94,auto_policy_eligible,run_resolve_pending,official_annual_direct_consistent
600310.SH,广西能源,2025,Q_G_OPERATING_MARGIN,1,-1.22602,91,0.94,auto_policy_eligible,run_resolve_pending,official_annual_direct_consistent
600310.SH,广西能源,2025,Q_G_OPERATING_PROFIT_GROWTH,1,-164.143,91,0.94,auto_policy_eligible,run_resolve_pending,official_annual_direct_consistent
600310.SH,广西能源,2025,Q_G_REVENUE_GROWTH,1,-5.5612,6,0.91,auto_policy_eligible,run_resolve_pending,official_annual_direct_consistent
600310.SH,广西能源,2025,Q_G_ROA,1,3.3839,91,0.94,auto_policy_eligible,run_resolve_pending,official_annual_direct_consistent
600310.SH,广西能源,2025,Q_G_ROE,1,7.36,6,0.92,auto_policy_eligible,run_resolve_pending,official_annual_direct_consistent
600310.SH,广西能源,2025,Q_G_TWO_FUNDS_RATE,1,14.9638,86,0.94,auto_policy_eligible,run_resolve_pending,official_annual_direct_consistent
600310.SH,广西能源,2025,Q_S_DIVIDEND_PER_SHARE,1,1,48,0.94,auto_policy_eligible,run_resolve_pending,official_annual_direct_consistent
600310.SH,广西能源,2025,Q_S_RD_RATE,1,0.55,21,0.96,auto_policy_eligible,run_resolve_pending,official_annual_direct_consistent
600312.SH,平高电气,2025,Q_G_AR_TURNOVER,1,1.99803,67,0.94,auto_policy_eligible,run_resolve_pending,official_annual_direct_consistent
600312.SH,平高电气,2025,Q_G_ASSET_TURNOVER,1,0.570654,68,0.94,auto_policy_eligible,run_resolve_pending,official_annual_direct_consistent
600312.SH,平高电气,2025,Q_G_CASH_CURRENT_LIABILITY,1,8.06899,76,0.94,auto_policy_eligible,run_resolve_pending,official_annual_direct_consistent
600312.SH,平高电气,2025,Q_G_CASH_REALIZATION,1,118.658,76,0.94,auto_policy_eligible,run_resolve_pending,official_annual_direct_consistent
600312.SH,平高电气,2025,Q_G_COST_REVENUE_RATE,1,88.398,72,0.94,auto_policy_eligible,run_resolve_pending,official_annual_direct_consistent
600312.SH,平高电气,2025,Q_G_CURRENT_ASSET_TURNOVER,1,0.754354,67,0.94,auto_policy_eligible,run_resolve_pending,official_annual_direct_consistent
600312.SH,平高电气,2025,Q_G_DEBT_ASSET_RATE,1,46.8124,68,0.94,auto_policy_eligible,run_resolve_pending,consolidated_statement_year_end_derived
600312.SH,平高电气,2025,Q_G_EBITDA_INTEREST,1,783.638,72,0.94,auto_policy_eligible,run_resolve_pending,official_annual_direct_consistent
600312.SH,平高电气,2025,Q_G_OPERATING_MARGIN,1,11.4384,72,0.94,auto_policy_eligible,run_resolve_pending,official_annual_direct_consistent
600312.SH,平高电气,2025,Q_G_OPERATING_PROFIT_GROWTH,1,13.0954,72,0.94,auto_policy_eligible,run_resolve_pending,official_annual_direct_consistent
600312.SH,平高电气,2025,Q_G_REVENUE_GROWTH,1,0.929883,6,0.91,auto_policy_eligible,run_resolve_pending,official_annual_direct_consistent
600312.SH,平高电气,2025,Q_G_ROA,1,6.5304,72,0.94,auto_policy_eligible,run_resolve_pending,official_annual_direct_consistent
600312.SH,平高电气,2025,Q_G_ROE,1,10.28,7,0.92,auto_policy_eligible,run_resolve_pending,official_annual_direct_consistent
600312.SH,平高电气,2025,Q_G_TWO_FUNDS_RATE,1,47.0703,67,0.94,auto_policy_eligible,run_resolve_pending,official_annual_direct_consistent
600312.SH,平高电气,2025,Q_S_DIVIDEND_PER_SHARE,1,0.331,46,0.94,auto_policy_eligible,run_resolve_pending,official_annual_direct_consistent
600312.SH,平高电气,2025,Q_S_RD_RATE,1,4.84,20,0.96,auto_policy_eligible,run_resolve_pending,official_annual_direct_consistent
600333.SH,长春燃气,2025,Q_G_AR_TURNOVER,1,12.1811,44,0.94,auto_policy_eligible,run_resolve_pending,official_annual_direct_consistent
600333.SH,长春燃气,2025,Q_G_ASSET_TURNOVER,1,0.347716,45,0.94,auto_policy_eligible,run_resolve_pending,official_annual_direct_consistent
600333.SH,长春燃气,2025,Q_G_CAPITAL_ACCUMULATION,1,-0.373509,46,0.94,auto_policy_eligible,run_resolve_pending,official_annual_direct_consistent
600333.SH,长春燃气,2025,Q_G_CASH_CURRENT_LIABILITY,1,11.1212,52,0.94,auto_policy_eligible,run_resolve_pending,official_annual_direct_consistent
600333.SH,长春燃气,2025,Q_G_CASH_REALIZATION,1,97.2772,52,0.94,auto_policy_eligible,run_resolve_pending,official_annual_direct_consistent
600333.SH,长春燃气,2025,Q_G_COST_REVENUE_RATE,1,101.064,49,0.94,auto_policy_eligible,run_resolve_pending,official_annual_direct_consistent
600333.SH,长春燃气,2025,Q_G_CURRENT_ASSET_TURNOVER,1,1.39752,45,0.94,auto_policy_eligible,run_resolve_pending,official_annual_direct_consistent
600333.SH,长春燃气,2025,Q_G_DEBT_ASSET_RATE,1,72.8266,46,0.94,auto_policy_eligible,run_resolve_pending,consolidated_statement_year_end_derived
600333.SH,长春燃气,2025,Q_G_EBITDA_INTEREST,1,1.3767,49,0.94,auto_policy_eligible,run_resolve_pending,official_annual_direct_consistent
600333.SH,长春燃气,2025,Q_G_OPERATING_MARGIN,1,0.919599,49,0.94,auto_policy_eligible,run_resolve_pending,official_annual_direct_consistent
600333.SH,长春燃气,2025,Q_G_OPERATING_PROFIT_GROWTH,1,-364.65,49,0.94,auto_policy_eligible,run_resolve_pending,official_annual_direct_consistent
600333.SH,长春燃气,2025,Q_G_REVENUE_GROWTH,1,6.83292,5,0.91,auto_policy_eligible,run_resolve_pending,official_annual_direct_consistent
600333.SH,长春燃气,2025,Q_G_ROA,1,1.60037,49,0.94,auto_policy_eligible,run_resolve_pending,official_annual_direct_consistent
600333.SH,长春燃气,2025,Q_G_ROE,1,0.46,5,0.92,auto_policy_eligible,run_resolve_pending,official_annual_direct_consistent
600333.SH,长春燃气,2025,Q_G_TWO_FUNDS_RATE,1,35.1313,45,0.94,auto_policy_eligible,run_resolve_pending,official_annual_direct_consistent
600339.SH,中油工程,2025,Q_G_AR_TURNOVER,1,6.93328,81,0.94,auto_policy_eligible,run_resolve_pending,official_annual_direct_consistent
600339.SH,中油工程,2025,Q_G_ASSET_TURNOVER,1,1.6162,82,0.94,auto_policy_eligible,run_resolve_pending,official_annual_direct_consistent
600339.SH,中油工程,2025,Q_G_CASH_REALIZATION,1,122.832,89,0.94,auto_policy_eligible,run_resolve_pending,official_annual_direct_consistent
600339.SH,中油工程,2025,Q_G_COST_REVENUE_RATE,1,98.702,85,0.94,auto_policy_eligible,run_resolve_pending,official_annual_direct_consistent
600339.SH,中油工程,2025,Q_G_CURRENT_ASSET_TURNOVER,1,0.928248,81,0.94,auto_policy_eligible,run_resolve_pending,official_annual_direct_consistent
600339.SH,中油工程,2025,Q_G_DEBT_ASSET_RATE,1,78.1716,83,0.94,auto_policy_eligible,run_resolve_pending,consolidated_statement_year_end_derived
600339.SH,中油工程,2025,Q_G_EBITDA_INTEREST,1,4.04024,86,0.94,auto_policy_eligible,run_resolve_pending,official_annual_direct_consistent
600339.SH,中油工程,2025,Q_G_OPERATING_MARGIN,1,1.07189,86,0.94,auto_policy_eligible,run_resolve_pending,official_annual_direct_consistent
600339.SH,中油工程,2025,Q_G_OPERATING_PROFIT_GROWTH,1,-19.4272,86,0.94,auto_policy_eligible,run_resolve_pending,official_annual_direct_consistent
600339.SH,中油工程,2025,Q_G_REVENUE_GROWTH,1,15.9844,7,0.91,auto_policy_eligible,run_resolve_pending,official_annual_direct_consistent
600339.SH,中油工程,2025,Q_G_ROA,1,2.32713,86,0.94,auto_policy_eligible,run_resolve_pending,official_annual_direct_consistent
600339.SH,中油工程,2025,Q_G_ROE,1,1.34,7,0.92,auto_policy_eligible,run_resolve_pending,official_annual_direct_consistent
600339.SH,中油工程,2025,Q_G_TWO_FUNDS_RATE,1,30.9479,81,0.94,auto_policy_eligible,run_resolve_pending,official_annual_direct_consistent
600339.SH,中油工程,2025,Q_S_DIVIDEND_PER_SHARE,1,0.026,50,0.94,auto_policy_eligible,run_resolve_pending,official_annual_direct_consistent
600339.SH,中油工程,2025,Q_S_RD_RATE,2,2.52,12|20,0.96,auto_policy_eligible,run_resolve_pending,official_annual_direct_consistent
600346.SH,恒力石化,2025,Q_E_HAZ_WASTE_INTENSITY,2,7.7,25|61,0.91,auto_policy_eligible,run_resolve_pending,strict_extraction_evidence_consistent
600346.SH,恒力石化,2025,Q_E_WASTEWATER_INTENSITY,2,1418.3,24|61,0.91,auto_policy_eligible,run_resolve_pending,strict_extraction_evidence_consistent
600346.SH,恒力石化,2025,Q_G_DEBT_ASSET_RATE,1,74.5323,112,0.94,auto_policy_eligible,run_resolve_pending,official_annual_direct_consistent
600346.SH,恒力石化,2025,Q_G_QUICK_RATIO,1,37.1509,111,0.94,auto_policy_eligible,run_resolve_pending,strict_extraction_evidence_consistent
600346.SH,恒力石化,2025,Q_G_TWO_FUNDS_RATE,1,34.2189,110,0.94,auto_policy_eligible,run_resolve_pending,official_annual_direct_consistent
600379.SH,宝光股份,2025,Q_G_AR_TURNOVER,1,3.41879,69,0.94,auto_policy_eligible,run_resolve_pending,official_annual_direct_consistent
600379.SH,宝光股份,2025,Q_G_ASSET_TURNOVER,1,0.64518,69,0.94,auto_policy_eligible,run_resolve_pending,official_annual_direct_consistent
600379.SH,宝光股份,2025,Q_G_CAPITAL_ACCUMULATION,1,7.28721,70,0.94,auto_policy_eligible,run_resolve_pending,official_annual_direct_consistent
600379.SH,宝光股份,2025,Q_G_CASH_CURRENT_LIABILITY,1,-1.95818,76,0.94,auto_policy_eligible,run_resolve_pending,official_annual_direct_consistent
600379.SH,宝光股份,2025,Q_G_CASH_REALIZATION,1,99.4518,76,0.94,auto_policy_eligible,run_resolve_pending,official_annual_direct_consistent
600379.SH,宝光股份,2025,Q_G_COST_REVENUE_RATE,1,95.9703,73,0.94,auto_policy_eligible,run_resolve_pending,official_annual_direct_consistent
600379.SH,宝光股份,2025,Q_G_CURRENT_ASSET_TURNOVER,1,0.819313,69,0.94,auto_policy_eligible,run_resolve_pending,official_annual_direct_consistent
600379.SH,宝光股份,2025,Q_G_EBITDA_INTEREST,1,18.7192,73,0.94,auto_policy_eligible,run_resolve_pending,official_annual_direct_consistent
600379.SH,宝光股份,2025,Q_G_OPERATING_MARGIN,1,4.3337,73,0.94,auto_policy_eligible,run_resolve_pending,official_annual_direct_consistent
600379.SH,宝光股份,2025,Q_G_OPERATING_PROFIT_GROWTH,1,-47.2401,73,0.94,auto_policy_eligible,run_resolve_pending,official_annual_direct_consistent
600379.SH,宝光股份,2025,Q_G_REVENUE_GROWTH,1,-13.8757,6,0.91,auto_policy_eligible,run_resolve_pending,official_annual_direct_consistent
600379.SH,宝光股份,2025,Q_G_ROA,1,2.92967,73,0.94,auto_policy_eligible,run_resolve_pending,official_annual_direct_consistent
600379.SH,宝光股份,2025,Q_G_TWO_FUNDS_RATE,1,44.6148,69,0.94,auto_policy_eligible,run_resolve_pending,official_annual_direct_consistent
600379.SH,宝光股份,2025,Q_S_DIVIDEND_PER_SHARE,1,0.0622,43,0.94,auto_policy_eligible,run_resolve_pending,official_annual_direct_consistent
600379.SH,宝光股份,2025,Q_S_RD_RATE,1,3.95,18,0.96,auto_policy_eligible,run_resolve_pending,official_annual_direct_consistent
600395.SH,盘江股份,2025,Q_G_AR_TURNOVER,1,9.49832,82,0.94,auto_policy_eligible,run_resolve_pending,official_annual_direct_consistent
600395.SH,盘江股份,2025,Q_G_ASSET_TURNOVER,1,0.215039,83,0.94,auto_policy_eligible,run_resolve_pending,official_annual_direct_consistent
600395.SH,盘江股份,2025,Q_G_CAPITAL_ACCUMULATION,1,2.03365,85,0.94,auto_policy_eligible,run_resolve_pending,official_annual_direct_consistent
600395.SH,盘江股份,2025,Q_G_CASH_CURRENT_LIABILITY,1,6.1144,92,0.94,auto_policy_eligible,run_resolve_pending,official_annual_direct_consistent
600395.SH,盘江股份,2025,Q_G_CASH_REALIZATION,1,103.024,92,0.94,auto_policy_eligible,run_resolve_pending,official_annual_direct_consistent
600395.SH,盘江股份,2025,Q_G_COST_REVENUE_RATE,1,96.2564,88,0.94,auto_policy_eligible,run_resolve_pending,official_annual_direct_consistent
600395.SH,盘江股份,2025,Q_G_CURRENT_ASSET_TURNOVER,1,1.50058,82,0.94,auto_policy_eligible,run_resolve_pending,official_annual_direct_consistent
600395.SH,盘江股份,2025,Q_G_DEBT_ASSET_RATE,1,75.2516,84,0.94,auto_policy_eligible,run_resolve_pending,consolidated_statement_year_end_derived
600395.SH,盘江股份,2025,Q_G_EBITDA_INTEREST,1,1.74249,89,0.94,auto_policy_eligible,run_resolve_pending,official_annual_direct_consistent
600395.SH,盘江股份,2025,Q_G_OPERATING_MARGIN,1,4.58807,89,0.94,auto_policy_eligible,run_resolve_pending,official_annual_direct_consistent
600395.SH,盘江股份,2025,Q_G_OPERATING_PROFIT_GROWTH,1,306.432,89,0.94,auto_policy_eligible,run_resolve_pending,official_annual_direct_consistent
600395.SH,盘江股份,2025,Q_G_REVENUE_GROWTH,1,9.68334,7,0.91,auto_policy_eligible,run_resolve_pending,official_annual_direct_consistent
600395.SH,盘江股份,2025,Q_G_ROA,1,2.19279,89,0.94,auto_policy_eligible,run_resolve_pending,official_annual_direct_consistent
600395.SH,盘江股份,2025,Q_G_ROE,1,3.13,7,0.92,auto_policy_eligible,run_resolve_pending,official_annual_direct_consistent
600395.SH,盘江股份,2025,Q_G_TWO_FUNDS_RATE,1,27.6719,82,0.94,auto_policy_eligible,run_resolve_pending,official_annual_direct_consistent
600395.SH,盘江股份,2025,Q_S_DIVIDEND_PER_SHARE,1,0.06,49,0.94,auto_policy_eligible,run_resolve_pending,official_annual_direct_consistent
600395.SH,盘江股份,2025,Q_S_RD_RATE,1,3.05,20,0.96,auto_policy_eligible,run_resolve_pending,official_annual_direct_consistent
600396.SH,华电辽能,2025,Q_G_AR_TURNOVER,1,3.46263,80,0.94,auto_policy_eligible,run_resolve_pending,official_annual_direct_consistent
600396.SH,华电辽能,2025,Q_G_ASSET_TURNOVER,1,0.473818,81,0.94,auto_policy_eligible,run_resolve_pending,official_annual_direct_consistent
600396.SH,华电辽能,2025,Q_G_CASH_CURRENT_LIABILITY,1,20.6325,88,0.94,auto_policy_eligible,run_resolve_pending,official_annual_direct_consistent
600396.SH,华电辽能,2025,Q_G_CASH_REALIZATION,1,108.334,88,0.94,auto_policy_eligible,run_resolve_pending,official_annual_direct_consistent
600396.SH,华电辽能,2025,Q_G_COST_REVENUE_RATE,1,90.1533,84,0.94,auto_policy_eligible,run_resolve_pending,official_annual_direct_consistent
600396.SH,华电辽能,2025,Q_G_CURRENT_ASSET_TURNOVER,1,2.04835,80,0.94,auto_policy_eligible,run_resolve_pending,official_annual_direct_consistent
600396.SH,华电辽能,2025,Q_G_DEBT_ASSET_RATE,1,70.8989,81,0.94,auto_policy_eligible,run_resolve_pending,consolidated_statement_year_end_derived
600396.SH,华电辽能,2025,Q_G_EBITDA_INTEREST,1,2.39612,85,0.94,auto_policy_eligible,run_resolve_pending,official_annual_direct_consistent
600396.SH,华电辽能,2025,Q_G_OPERATING_MARGIN,1,7.43323,85,0.94,auto_policy_eligible,run_resolve_pending,official_annual_direct_consistent
600396.SH,华电辽能,2025,Q_G_OPERATING_PROFIT_GROWTH,1,559.649,85,0.94,auto_policy_eligible,run_resolve_pending,official_annual_direct_consistent
600396.SH,华电辽能,2025,Q_G_REVENUE_GROWTH,1,-2.29555,7,0.91,auto_policy_eligible,run_resolve_pending,official_annual_direct_consistent
600396.SH,华电辽能,2025,Q_G_ROA,1,5.71506,85,0.94,auto_policy_eligible,run_resolve_pending,official_annual_direct_consistent
600396.SH,华电辽能,2025,Q_G_ROE,1,2.11,7,0.92,auto_policy_eligible,run_resolve_pending,official_annual_direct_consistent
600396.SH,华电辽能,2025,Q_G_TWO_FUNDS_RATE,1,67.9014,80,0.94,auto_policy_eligible,run_resolve_pending,official_annual_direct_consistent
600397.SH,江钨装备,2025,Q_G_AR_TURNOVER,1,9.83814,64,0.94,auto_policy_eligible,run_resolve_pending,official_annual_direct_consistent
600397.SH,江钨装备,2025,Q_G_ASSET_TURNOVER,1,0.688183,65,0.94,auto_policy_eligible,run_resolve_pending,official_annual_direct_consistent
600397.SH,江钨装备,2025,Q_G_CAPITAL_ACCUMULATION,1,-29.7367,66,0.94,auto_policy_eligible,run_resolve_pending,official_annual_direct_consistent
600397.SH,江钨装备,2025,Q_G_CASH_CURRENT_LIABILITY,1,-21.0628,71,0.94,auto_policy_eligible,run_resolve_pending,official_annual_direct_consistent
600397.SH,江钨装备,2025,Q_G_CASH_REALIZATION,1,163.839,71,0.94,auto_policy_eligible,run_resolve_pending,official_annual_direct_consistent
600397.SH,江钨装备,2025,Q_G_COST_REVENUE_RATE,1,110.445,68,0.94,auto_policy_eligible,run_resolve_pending,official_annual_direct_consistent
600397.SH,江钨装备,2025,Q_G_CURRENT_ASSET_TURNOVER,1,1.8379,64,0.94,auto_policy_eligible,run_resolve_pending,official_annual_direct_consistent
600397.SH,江钨装备,2025,Q_G_DEBT_ASSET_RATE,1,53.2867,65,0.94,auto_policy_eligible,run_resolve_pending,consolidated_statement_year_end_derived
600397.SH,江钨装备,2025,Q_G_REVENUE_GROWTH,1,-56.2614,7,0.91,auto_policy_eligible,run_resolve_pending,official_annual_direct_consistent
600397.SH,江钨装备,2025,Q_G_ROE,1,88.26,7,0.92,auto_policy_eligible,run_resolve_pending,official_annual_direct_consistent
600397.SH,江钨装备,2025,Q_G_TWO_FUNDS_RATE,1,72.3704,64,0.94,auto_policy_eligible,run_resolve_pending,official_annual_direct_consistent
600397.SH,江钨装备,2025,Q_S_RD_RATE,1,0.53,20,0.96,auto_policy_eligible,run_resolve_pending,official_annual_direct_consistent
600405.SH,动力源,2025,Q_G_AR_TURNOVER,1,1.04821,91,0.94,auto_policy_eligible,run_resolve_pending,official_annual_direct_consistent
600405.SH,动力源,2025,Q_G_ASSET_TURNOVER,1,0.274439,92,0.94,auto_policy_eligible,run_resolve_pending,official_annual_direct_consistent
600405.SH,动力源,2025,Q_G_CASH_CURRENT_LIABILITY,1,-35.6406,100,0.94,auto_policy_eligible,run_resolve_pending,official_annual_direct_consistent
600405.SH,动力源,2025,Q_G_CASH_REALIZATION,1,89.2346,99,0.94,auto_policy_eligible,run_resolve_pending,official_annual_direct_consistent
600405.SH,动力源,2025,Q_G_COST_REVENUE_RATE,1,154.363,95,0.94,auto_policy_eligible,run_resolve_pending,official_annual_direct_consistent
600405.SH,动力源,2025,Q_G_CURRENT_ASSET_TURNOVER,1,0.490199,91,0.94,auto_policy_eligible,run_resolve_pending,official_annual_direct_consistent
600405.SH,动力源,2025,Q_G_EBITDA_INTEREST,1,-5.9453,96,0.94,auto_policy_eligible,run_resolve_pending,official_annual_direct_consistent
600405.SH,动力源,2025,Q_G_OPERATING_MARGIN,1,-77.0531,96,0.94,auto_policy_eligible,run_resolve_pending,official_annual_direct_consistent
600405.SH,动力源,2025,Q_G_REVENUE_GROWTH,1,-26.2315,7,0.91,auto_policy_eligible,run_resolve_pending,official_annual_direct_consistent
600405.SH,动力源,2025,Q_G_ROA,1,-18.1751,96,0.94,auto_policy_eligible,run_resolve_pending,official_annual_direct_consistent
600405.SH,动力源,2025,Q_G_TWO_FUNDS_RATE,1,74.6644,91,0.94,auto_policy_eligible,run_resolve_pending,official_annual_direct_consistent
600405.SH,动力源,2025,Q_S_RD_RATE,1,14.36,26,0.96,auto_policy_eligible,run_resolve_pending,official_annual_direct_consistent
600406.SH,国电南瑞,2025,Q_G_AR_TURNOVER,1,3.83774,121,0.94,auto_policy_eligible,run_resolve_pending,official_annual_direct_consistent
600406.SH,国电南瑞,2025,Q_G_ASSET_TURNOVER,1,1.33652,122,0.94,auto_policy_eligible,run_resolve_pending,official_annual_direct_consistent
600406.SH,国电南瑞,2025,Q_G_CASH_CURRENT_LIABILITY,1,30.8836,134,0.94,auto_policy_eligible,run_resolve_pending,official_annual_direct_consistent
600406.SH,国电南瑞,2025,Q_G_CASH_REALIZATION,1,111.244,133,0.94,auto_policy_eligible,run_resolve_pending,official_annual_direct_consistent
600406.SH,国电南瑞,2025,Q_G_COST_REVENUE_RATE,1,86.0421,128,0.94,auto_policy_eligible,run_resolve_pending,official_annual_direct_consistent
600406.SH,国电南瑞,2025,Q_G_CURRENT_ASSET_TURNOVER,1,1.45617,121,0.94,auto_policy_eligible,run_resolve_pending,official_annual_direct_consistent
600406.SH,国电南瑞,2025,Q_G_DEBT_ASSET_RATE,1,42.7306,123,0.94,auto_policy_eligible,run_resolve_pending,consolidated_statement_year_end_derived
600406.SH,国电南瑞,2025,Q_G_EBITDA_INTEREST,1,491.888,129,0.94,auto_policy_eligible,run_resolve_pending,official_annual_direct_consistent
600406.SH,国电南瑞,2025,Q_G_OPERATING_MARGIN,1,14.8112,129,0.94,auto_policy_eligible,run_resolve_pending,official_annual_direct_consistent
600406.SH,国电南瑞,2025,Q_G_REVENUE_GROWTH,1,14.5252,13,0.91,auto_policy_eligible,run_resolve_pending,official_annual_direct_consistent
600406.SH,国电南瑞,2025,Q_G_ROA,1,19.8552,129,0.94,auto_policy_eligible,run_resolve_pending,official_annual_direct_consistent
600406.SH,国电南瑞,2025,Q_G_ROE,1,16.26,14,0.92,auto_policy_eligible,run_resolve_pending,official_annual_direct_consistent
600406.SH,国电南瑞,2025,Q_G_TWO_FUNDS_RATE,1,54.0805,121,0.94,auto_policy_eligible,run_resolve_pending,official_annual_direct_consistent
600406.SH,国电南瑞,2025,Q_S_DIVIDEND_PER_SHARE,1,0.622,71,0.94,auto_policy_eligible,run_resolve_pending,official_annual_direct_consistent
600406.SH,国电南瑞,2025,Q_S_RD_RATE,1,7.16,31,0.96,auto_policy_eligible,run_resolve_pending,official_annual_direct_consistent
600416.SH,湘电股份,2025,Q_G_AR_TURNOVER,1,1.37602,79,0.94,auto_policy_eligible,run_resolve_pending,official_annual_direct_consistent
600416.SH,湘电股份,2025,Q_G_ASSET_TURNOVER,1,0.301965,80,0.94,auto_policy_eligible,run_resolve_pending,official_annual_direct_consistent
600416.SH,湘电股份,2025,Q_G_CASH_CURRENT_LIABILITY,1,10.6784,88,0.94,auto_policy_eligible,run_resolve_pending,official_annual_direct_consistent
600416.SH,湘电股份,2025,Q_G_CASH_REALIZATION,1,100.49,88,0.94,auto_policy_eligible,run_resolve_pending,official_annual_direct_consistent
600416.SH,湘电股份,2025,Q_G_COST_REVENUE_RATE,1,100.339,84,0.94,auto_policy_eligible,run_resolve_pending,official_annual_direct_consistent
600416.SH,湘电股份,2025,Q_G_CURRENT_ASSET_TURNOVER,1,0.43393,79,0.94,auto_policy_eligible,run_resolve_pending,official_annual_direct_consistent
600416.SH,湘电股份,2025,Q_G_EBITDA_INTEREST,1,6.37118,84,0.94,auto_policy_eligible,run_resolve_pending,official_annual_direct_consistent
600416.SH,湘电股份,2025,Q_G_OPERATING_MARGIN,1,5.05533,84,0.94,auto_policy_eligible,run_resolve_pending,official_annual_direct_consistent
600416.SH,湘电股份,2025,Q_G_OPERATING_PROFIT_GROWTH,1,-8.84004,84,0.94,auto_policy_eligible,run_resolve_pending,official_annual_direct_consistent
600416.SH,湘电股份,2025,Q_G_REVENUE_GROWTH,1,3.97199,6,0.91,auto_policy_eligible,run_resolve_pending,official_annual_direct_consistent
600416.SH,湘电股份,2025,Q_G_ROA,1,1.79755,84,0.94,auto_policy_eligible,run_resolve_pending,official_annual_direct_consistent
600416.SH,湘电股份,2025,Q_G_ROE,1,2.78,6,0.92,auto_policy_eligible,run_resolve_pending,official_annual_direct_consistent
600416.SH,湘电股份,2025,Q_G_TWO_FUNDS_RATE,1,54.6681,79,0.94,auto_policy_eligible,run_resolve_pending,official_annual_direct_consistent
600416.SH,湘电股份,2025,Q_S_RD_RATE,1,9.24,16,0.96,auto_policy_eligible,run_resolve_pending,official_annual_direct_consistent
600438.SH,通威股份,2025,Q_G_DEBT_ASSET_RATE,1,72.6338,114,0.94,auto_policy_eligible,run_resolve_pending,official_annual_direct_consistent
600438.SH,通威股份,2025,Q_G_QUICK_RATIO,1,92.0951,113,0.94,auto_policy_eligible,run_resolve_pending,strict_extraction_evidence_consistent
600438.SH,通威股份,2025,Q_G_TWO_FUNDS_RATE,1,32.8271,112,0.94,auto_policy_eligible,run_resolve_pending,official_annual_direct_consistent
600452.SH,涪陵电力,2025,Q_G_REVENUE_GROWTH,1,-3.86299,5,0.91,auto_policy_eligible,run_resolve_pending,official_annual_direct_consistent
600452.SH,涪陵电力,2025,Q_G_ROE,1,7.23,5,0.92,auto_policy_eligible,run_resolve_pending,official_annual_direct_consistent
600452.SH,涪陵电力,2025,Q_S_DIVIDEND_PER_SHARE,1,0.103,32,0.94,auto_policy_eligible,run_resolve_pending,official_annual_direct_consistent
600458.SH,时代新材,2025,Q_G_AR_TURNOVER,1,4.39875,83,0.94,auto_policy_eligible,run_resolve_pending,official_annual_direct_consistent
600458.SH,时代新材,2025,Q_G_ASSET_TURNOVER,1,0.947032,84,0.94,auto_policy_eligible,run_resolve_pending,official_annual_direct_consistent
600458.SH,时代新材,2025,Q_G_CASH_CURRENT_LIABILITY,1,16.0644,90,0.94,auto_policy_eligible,run_resolve_pending,official_annual_direct_consistent
600458.SH,时代新材,2025,Q_G_CASH_REALIZATION,1,93.1545,90,0.94,auto_policy_eligible,run_resolve_pending,official_annual_direct_consistent
600458.SH,时代新材,2025,Q_G_COST_REVENUE_RATE,1,97.9646,87,0.94,auto_policy_eligible,run_resolve_pending,official_annual_direct_consistent
600458.SH,时代新材,2025,Q_G_CURRENT_ASSET_TURNOVER,1,1.44415,83,0.94,auto_policy_eligible,run_resolve_pending,official_annual_direct_consistent
600458.SH,时代新材,2025,Q_G_DEBT_ASSET_RATE,1,64.6703,84,0.94,auto_policy_eligible,run_resolve_pending,consolidated_statement_year_end_derived
600458.SH,时代新材,2025,Q_G_EBITDA_INTEREST,1,7.19069,88,0.94,auto_policy_eligible,run_resolve_pending,official_annual_direct_consistent
600458.SH,时代新材,2025,Q_G_OPERATING_MARGIN,1,2.94263,88,0.94,auto_policy_eligible,run_resolve_pending,official_annual_direct_consistent
600458.SH,时代新材,2025,Q_G_OPERATING_PROFIT_GROWTH,1,21.0657,88,0.94,auto_policy_eligible,run_resolve_pending,official_annual_direct_consistent
600458.SH,时代新材,2025,Q_G_REVENUE_GROWTH,1,7.05827,6,0.91,auto_policy_eligible,run_resolve_pending,official_annual_direct_consistent
600458.SH,时代新材,2025,Q_G_ROA,1,3.25852,88,0.94,auto_policy_eligible,run_resolve_pending,official_annual_direct_consistent
600458.SH,时代新材,2025,Q_G_ROE,1,7.34,7,0.92,auto_policy_eligible,run_resolve_pending,official_annual_direct_consistent
600458.SH,时代新材,2025,Q_G_TWO_FUNDS_RATE,1,48.3442,83,0.94,auto_policy_eligible,run_resolve_pending,official_annual_direct_consistent
600458.SH,时代新材,2025,Q_S_DIVIDEND_PER_SHARE,1,0.162,44,0.94,auto_policy_eligible,run_resolve_pending,official_annual_direct_consistent
600458.SH,时代新材,2025,Q_S_RD_RATE,1,5.28,17,0.96,auto_policy_eligible,run_resolve_pending,official_annual_direct_consistent
600468.SH,百利电气,2025,Q_G_AR_TURNOVER,1,2.38548,52,0.94,auto_policy_eligible,run_resolve_pending,official_annual_direct_consistent
600468.SH,百利电气,2025,Q_G_ASSET_TURNOVER,1,0.569355,53,0.94,auto_policy_eligible,run_resolve_pending,official_annual_direct_consistent
600468.SH,百利电气,2025,Q_G_CAPITAL_ACCUMULATION,1,4.6285,54,0.94,auto_policy_eligible,run_resolve_pending,official_annual_direct_consistent
600468.SH,百利电气,2025,Q_G_CASH_CURRENT_LIABILITY,1,13.6077,60,0.94,auto_policy_eligible,run_resolve_pending,official_annual_direct_consistent
600468.SH,百利电气,2025,Q_G_CASH_REALIZATION,1,98.23,60,0.94,auto_policy_eligible,run_resolve_pending,official_annual_direct_consistent
600468.SH,百利电气,2025,Q_G_COST_REVENUE_RATE,1,97.9341,57,0.94,auto_policy_eligible,run_resolve_pending,official_annual_direct_consistent
600468.SH,百利电气,2025,Q_G_CURRENT_ASSET_TURNOVER,1,0.805186,52,0.94,auto_policy_eligible,run_resolve_pending,official_annual_direct_consistent
600468.SH,百利电气,2025,Q_G_EBITDA_INTEREST,1,8.2354,57,0.94,auto_policy_eligible,run_resolve_pending,official_annual_direct_consistent
600468.SH,百利电气,2025,Q_G_OPERATING_MARGIN,1,4.596,57,0.94,auto_policy_eligible,run_resolve_pending,official_annual_direct_consistent
600468.SH,百利电气,2025,Q_G_OPERATING_PROFIT_GROWTH,1,-214.704,57,0.94,auto_policy_eligible,run_resolve_pending,official_annual_direct_consistent
600468.SH,百利电气,2025,Q_G_REVENUE_GROWTH,1,12.9735,5,0.91,auto_policy_eligible,run_resolve_pending,official_annual_direct_consistent
600468.SH,百利电气,2025,Q_G_ROA,1,3.03703,57,0.94,auto_policy_eligible,run_resolve_pending,official_annual_direct_consistent
600468.SH,百利电气,2025,Q_G_ROE,1,4.51,5,0.92,auto_policy_eligible,run_resolve_pending,official_annual_direct_consistent
600468.SH,百利电气,2025,Q_G_TWO_FUNDS_RATE,1,51.3638,52,0.94,auto_policy_eligible,run_resolve_pending,official_annual_direct_consistent
600468.SH,百利电气,2025,Q_S_DIVIDEND_PER_SHARE,1,0.025,35,0.94,auto_policy_eligible,run_resolve_pending,official_annual_direct_consistent
600468.SH,百利电气,2025,Q_S_RD_RATE,1,4.64,16,0.96,auto_policy_eligible,run_resolve_pending,official_annual_direct_consistent
600475.SH,华光环能,2025,Q_G_AR_TURNOVER,1,3.64074,104,0.94,auto_policy_eligible,run_resolve_pending,official_annual_direct_consistent
600475.SH,华光环能,2025,Q_G_ASSET_TURNOVER,1,0.340944,105,0.94,auto_policy_eligible,run_resolve_pending,official_annual_direct_consistent
600475.SH,华光环能,2025,Q_G_CASH_REALIZATION,1,102.483,111,0.94,auto_policy_eligible,run_resolve_pending,official_annual_direct_consistent
600475.SH,华光环能,2025,Q_G_COST_REVENUE_RATE,1,94.7371,108,0.94,auto_policy_eligible,run_resolve_pending,official_annual_direct_consistent
600475.SH,华光环能,2025,Q_G_CURRENT_ASSET_TURNOVER,1,0.876519,104,0.94,auto_policy_eligible,run_resolve_pending,official_annual_direct_consistent
600475.SH,华光环能,2025,Q_G_DEBT_ASSET_RATE,1,61.3821,105,0.94,auto_policy_eligible,run_resolve_pending,consolidated_statement_year_end_derived
600475.SH,华光环能,2025,Q_G_EBITDA_INTEREST,1,4.3203,109,0.94,auto_policy_eligible,run_resolve_pending,official_annual_direct_consistent
600475.SH,华光环能,2025,Q_G_OPERATING_MARGIN,1,7.7981,109,0.94,auto_policy_eligible,run_resolve_pending,official_annual_direct_consistent
600475.SH,华光环能,2025,Q_G_OPERATING_PROFIT_GROWTH,1,-34.1836,109,0.94,auto_policy_eligible,run_resolve_pending,official_annual_direct_consistent
600475.SH,华光环能,2025,Q_G_REVENUE_GROWTH,1,0.280044,10,0.91,auto_policy_eligible,run_resolve_pending,official_annual_direct_consistent
600475.SH,华光环能,2025,Q_G_ROA,1,3.55053,109,0.94,auto_policy_eligible,run_resolve_pending,official_annual_direct_consistent
600475.SH,华光环能,2025,Q_G_ROE,1,4.46,10,0.92,auto_policy_eligible,run_resolve_pending,official_annual_direct_consistent
600475.SH,华光环能,2025,Q_G_TWO_FUNDS_RATE,1,32.8054,104,0.94,auto_policy_eligible,run_resolve_pending,official_annual_direct_consistent
600475.SH,华光环能,2025,Q_S_DIVIDEND_PER_SHARE,1,0.35,65,0.94,auto_policy_eligible,run_resolve_pending,official_annual_direct_consistent
600475.SH,华光环能,2025,Q_S_RD_RATE,1,1.91,37,0.96,auto_policy_eligible,run_resolve_pending,official_annual_direct_consistent
600478.SH,科力远,2025,Q_G_ROE,1,4.97,8,0.92,auto_policy_eligible,run_resolve_pending,official_annual_direct_consistent
600478.SH,科力远,2025,Q_G_TWO_FUNDS_RATE,1,30.5551,79,0.94,auto_policy_eligible,run_resolve_pending,official_annual_direct_consistent
600478.SH,科力远,2025,Q_S_RD_RATE,1,1.57,27,0.96,auto_policy_eligible,run_resolve_pending,official_annual_direct_consistent
600481.SH,双良节能,2025,Q_G_AR_TURNOVER,1,3.75203,86,0.94,auto_policy_eligible,run_resolve_pending,official_annual_direct_consistent
600481.SH,双良节能,2025,Q_G_ASSET_TURNOVER,1,0.290278,87,0.94,auto_policy_eligible,run_resolve_pending,official_annual_direct_consistent
600481.SH,双良节能,2025,Q_G_CASH_CURRENT_LIABILITY,1,12.2617,94,0.94,auto_policy_eligible,run_resolve_pending,official_annual_direct_consistent
600481.SH,双良节能,2025,Q_G_CASH_REALIZATION,1,108.294,94,0.94,auto_policy_eligible,run_resolve_pending,official_annual_direct_consistent
600481.SH,双良节能,2025,Q_G_COST_REVENUE_RATE,1,112.795,90,0.94,auto_policy_eligible,run_resolve_pending,official_annual_direct_consistent
600481.SH,双良节能,2025,Q_G_CURRENT_ASSET_TURNOVER,1,0.712761,86,0.94,auto_policy_eligible,run_resolve_pending,official_annual_direct_consistent
600481.SH,双良节能,2025,Q_G_DEBT_ASSET_RATE,1,85.0142,87,0.94,auto_policy_eligible,run_resolve_pending,consolidated_statement_year_end_derived
600481.SH,双良节能,2025,Q_G_EBITDA_INTEREST,1,-1.76669,91,0.94,auto_policy_eligible,run_resolve_pending,official_annual_direct_consistent
600481.SH,双良节能,2025,Q_G_OPERATING_MARGIN,1,-16.6508,91,0.94,auto_policy_eligible,run_resolve_pending,official_annual_direct_consistent
600481.SH,双良节能,2025,Q_G_REVENUE_GROWTH,1,-41.9763,7,0.91,auto_policy_eligible,run_resolve_pending,official_annual_direct_consistent
600481.SH,双良节能,2025,Q_G_ROA,1,-3.09798,91,0.94,auto_policy_eligible,run_resolve_pending,official_annual_direct_consistent
600481.SH,双良节能,2025,Q_G_ROE,1,26.47,7,0.92,auto_policy_eligible,run_resolve_pending,official_annual_direct_consistent
600481.SH,双良节能,2025,Q_G_TWO_FUNDS_RATE,1,33.2266,86,0.94,auto_policy_eligible,run_resolve_pending,official_annual_direct_consistent
600481.SH,双良节能,2025,Q_S_RD_RATE,1,3.2,22,0.96,auto_policy_eligible,run_resolve_pending,official_annual_direct_consistent
600482.SH,中国动力,2025,Q_G_AR_TURNOVER,1,4.299,92,0.94,auto_policy_eligible,run_resolve_pending,official_annual_direct_consistent
600482.SH,中国动力,2025,Q_G_ASSET_TURNOVER,1,0.512087,93,0.94,auto_policy_eligible,run_resolve_pending,official_annual_direct_consistent
600482.SH,中国动力,2025,Q_G_CASH_CURRENT_LIABILITY,1,22.6701,101,0.94,auto_policy_eligible,run_resolve_pending,official_annual_direct_consistent
600482.SH,中国动力,2025,Q_G_CASH_REALIZATION,1,118.056,100,0.94,auto_policy_eligible,run_resolve_pending,official_annual_direct_consistent
600482.SH,中国动力,2025,Q_G_COST_REVENUE_RATE,1,94.1017,97,0.94,auto_policy_eligible,run_resolve_pending,official_annual_direct_consistent
600482.SH,中国动力,2025,Q_G_CURRENT_ASSET_TURNOVER,1,0.668478,93,0.94,auto_policy_eligible,run_resolve_pending,official_annual_direct_consistent
600482.SH,中国动力,2025,Q_G_DEBT_ASSET_RATE,1,54.0553,94,0.94,auto_policy_eligible,run_resolve_pending,consolidated_statement_year_end_derived
600482.SH,中国动力,2025,Q_G_EBITDA_INTEREST,1,26.5243,98,0.94,auto_policy_eligible,run_resolve_pending,official_annual_direct_consistent
600482.SH,中国动力,2025,Q_G_OPERATING_MARGIN,1,6.70521,97,0.94,auto_policy_eligible,run_resolve_pending,official_annual_direct_consistent
600482.SH,中国动力,2025,Q_G_OPERATING_PROFIT_GROWTH,1,40.8209,97,0.94,auto_policy_eligible,run_resolve_pending,official_annual_direct_consistent
600482.SH,中国动力,2025,Q_G_REVENUE_GROWTH,1,11.8061,15,0.91,auto_policy_eligible,run_resolve_pending,official_annual_direct_consistent
600482.SH,中国动力,2025,Q_G_ROA,1,3.64635,98,0.94,auto_policy_eligible,run_resolve_pending,official_annual_direct_consistent
600482.SH,中国动力,2025,Q_G_ROE,1,3.28,15,0.92,auto_policy_eligible,run_resolve_pending,official_annual_direct_consistent
600482.SH,中国动力,2025,Q_G_TWO_FUNDS_RATE,1,30.8033,93,0.94,auto_policy_eligible,run_resolve_pending,official_annual_direct_consistent
600482.SH,中国动力,2025,Q_S_DIVIDEND_PER_SHARE,1,0.28442,51,0.94,auto_policy_eligible,run_resolve_pending,official_annual_direct_consistent
600482.SH,中国动力,2025,Q_S_RD_RATE,1,5.35,29,0.96,auto_policy_eligible,run_resolve_pending,official_annual_direct_consistent
600483.SH,福能股份,2025,Q_G_AR_TURNOVER,1,2.52589,70,0.94,auto_policy_eligible,run_resolve_pending,official_annual_direct_consistent
600483.SH,福能股份,2025,Q_G_ASSET_TURNOVER,1,0.462103,71,0.94,auto_policy_eligible,run_resolve_pending,official_annual_direct_consistent
600483.SH,福能股份,2025,Q_G_CASH_CURRENT_LIABILITY,1,92.2114,78,0.94,auto_policy_eligible,run_resolve_pending,official_annual_direct_consistent
600483.SH,福能股份,2025,Q_G_CASH_REALIZATION,1,116.81,78,0.94,auto_policy_eligible,run_resolve_pending,official_annual_direct_consistent
600483.SH,福能股份,2025,Q_G_COST_REVENUE_RATE,1,78.7448,75,0.94,auto_policy_eligible,run_resolve_pending,official_annual_direct_consistent
600483.SH,福能股份,2025,Q_G_CURRENT_ASSET_TURNOVER,1,0.991925,71,0.94,auto_policy_eligible,run_resolve_pending,official_annual_direct_consistent
600483.SH,福能股份,2025,Q_G_EBITDA_INTEREST,1,11.6754,75,0.94,auto_policy_eligible,run_resolve_pending,official_annual_direct_consistent
600483.SH,福能股份,2025,Q_G_OPERATING_MARGIN,1,32.0409,75,0.94,auto_policy_eligible,run_resolve_pending,official_annual_direct_consistent
600483.SH,福能股份,2025,Q_G_OPERATING_PROFIT_GROWTH,1,8.75068,75,0.94,auto_policy_eligible,run_resolve_pending,official_annual_direct_consistent
600483.SH,福能股份,2025,Q_G_REVENUE_GROWTH,1,-5.57977,7,0.91,auto_policy_eligible,run_resolve_pending,official_annual_direct_consistent
600483.SH,福能股份,2025,Q_G_ROA,1,16.3362,75,0.94,auto_policy_eligible,run_resolve_pending,official_annual_direct_consistent
600483.SH,福能股份,2025,Q_G_ROE,2,11.27,7|12,0.92,auto_policy_eligible,run_resolve_pending,official_annual_direct_consistent
600483.SH,福能股份,2025,Q_G_TWO_FUNDS_RATE,1,34.4041,71,0.94,auto_policy_eligible,run_resolve_pending,official_annual_direct_consistent
600483.SH,福能股份,2025,Q_S_DIVIDEND_PER_SHARE,1,0.426,40,0.94,auto_policy_eligible,run_resolve_pending,official_annual_direct_consistent
600483.SH,福能股份,2025,Q_S_RD_RATE,1,0.88,18,0.96,auto_policy_eligible,run_resolve_pending,official_annual_direct_consistent
600505.SH,西昌电力,2025,Q_G_AR_TURNOVER,1,7.44939,67,0.94,auto_policy_eligible,run_resolve_pending,official_annual_direct_consistent
600505.SH,西昌电力,2025,Q_G_ASSET_TURNOVER,1,0.372223,68,0.94,auto_policy_eligible,run_resolve_pending,official_annual_direct_consistent
600505.SH,西昌电力,2025,Q_G_CASH_CURRENT_LIABILITY,1,50.0554,75,0.94,auto_policy_eligible,run_resolve_pending,official_annual_direct_consistent
600505.SH,西昌电力,2025,Q_G_CASH_REALIZATION,1,113.865,75,0.94,auto_policy_eligible,run_resolve_pending,official_annual_direct_consistent
600505.SH,西昌电力,2025,Q_G_COST_REVENUE_RATE,1,98.1975,71,0.94,auto_policy_eligible,run_resolve_pending,official_annual_direct_consistent
600505.SH,西昌电力,2025,Q_G_CURRENT_ASSET_TURNOVER,1,3.23083,67,0.94,auto_policy_eligible,run_resolve_pending,official_annual_direct_consistent
600505.SH,西昌电力,2025,Q_G_DEBT_ASSET_RATE,1,65.7479,68,0.94,auto_policy_eligible,run_resolve_pending,consolidated_statement_year_end_derived
600505.SH,西昌电力,2025,Q_G_EBITDA_INTEREST,1,1.41206,72,0.94,auto_policy_eligible,run_resolve_pending,official_annual_direct_consistent
600505.SH,西昌电力,2025,Q_G_OPERATING_MARGIN,1,1.87323,72,0.94,auto_policy_eligible,run_resolve_pending,official_annual_direct_consistent
600505.SH,西昌电力,2025,Q_G_OPERATING_PROFIT_GROWTH,1,57.6867,72,0.94,auto_policy_eligible,run_resolve_pending,official_annual_direct_consistent
600505.SH,西昌电力,2025,Q_G_REVENUE_GROWTH,1,3.94379,6,0.91,auto_policy_eligible,run_resolve_pending,official_annual_direct_consistent
600505.SH,西昌电力,2025,Q_G_ROA,1,2.23578,72,0.94,auto_policy_eligible,run_resolve_pending,official_annual_direct_consistent
600505.SH,西昌电力,2025,Q_G_ROE,1,0.98,7,0.92,auto_policy_eligible,run_resolve_pending,official_annual_direct_consistent
600505.SH,西昌电力,2025,Q_G_TWO_FUNDS_RATE,1,47.5257,67,0.94,auto_policy_eligible,run_resolve_pending,official_annual_direct_consistent
600505.SH,西昌电力,2025,Q_S_DIVIDEND_PER_SHARE,1,0.025,42,0.94,auto_policy_eligible,run_resolve_pending,official_annual_direct_consistent
600508.SH,上海能源,2025,Q_E_WATER_INTENSITY,1,13980,29,0.82,auto_policy_eligible,run_resolve_pending,official_esg_direct_consistent
600508.SH,上海能源,2025,Q_G_AR_TURNOVER,1,20.1042,57,0.94,auto_policy_eligible,run_resolve_pending,official_annual_direct_consistent
600508.SH,上海能源,2025,Q_G_ASSET_TURNOVER,1,0.393103,57,0.94,auto_policy_eligible,run_resolve_pending,official_annual_direct_consistent
600508.SH,上海能源,2025,Q_G_CASH_CURRENT_LIABILITY,1,16.9907,63,0.94,auto_policy_eligible,run_resolve_pending,official_annual_direct_consistent
600508.SH,上海能源,2025,Q_G_CASH_REALIZATION,1,101.263,63,0.94,auto_policy_eligible,run_resolve_pending,official_annual_direct_consistent
600508.SH,上海能源,2025,Q_G_COST_REVENUE_RATE,1,98.2363,61,0.94,auto_policy_eligible,run_resolve_pending,official_annual_direct_consistent
600508.SH,上海能源,2025,Q_G_CURRENT_ASSET_TURNOVER,1,2.14868,57,0.94,auto_policy_eligible,run_resolve_pending,official_annual_direct_consistent
600508.SH,上海能源,2025,Q_G_DEBT_ASSET_RATE,1,35.3837,57,0.94,auto_policy_eligible,run_resolve_pending,consolidated_statement_year_end_derived
600508.SH,上海能源,2025,Q_G_EBITDA_INTEREST,1,2.72837,61,0.94,auto_policy_eligible,run_resolve_pending,official_annual_direct_consistent
600508.SH,上海能源,2025,Q_G_OPERATING_MARGIN,1,1.84638,61,0.94,auto_policy_eligible,run_resolve_pending,official_annual_direct_consistent
600508.SH,上海能源,2025,Q_G_OPERATING_PROFIT_GROWTH,1,-83.7545,61,0.94,auto_policy_eligible,run_resolve_pending,official_annual_direct_consistent
600508.SH,上海能源,2025,Q_G_REVENUE_GROWTH,1,-19.0935,6,0.91,auto_policy_eligible,run_resolve_pending,official_annual_direct_consistent
600508.SH,上海能源,2025,Q_G_ROA,1,1.25362,61,0.94,auto_policy_eligible,run_resolve_pending,official_annual_direct_consistent
600508.SH,上海能源,2025,Q_G_ROE,1,1.73,6,0.92,auto_policy_eligible,run_resolve_pending,official_annual_direct_consistent
600508.SH,上海能源,2025,Q_G_TWO_FUNDS_RATE,1,23.2176,57,0.94,auto_policy_eligible,run_resolve_pending,official_annual_direct_consistent
600508.SH,上海能源,2025,Q_S_DIVIDEND_PER_SHARE,1,0.3,35,0.94,auto_policy_eligible,run_resolve_pending,official_annual_direct_consistent
600509.SH,天富能源,2025,Q_G_AR_TURNOVER,1,4.58803,90,0.94,auto_policy_eligible,run_resolve_pending,official_annual_direct_consistent
600509.SH,天富能源,2025,Q_G_ASSET_TURNOVER,1,0.273857,91,0.94,auto_policy_eligible,run_resolve_pending,official_annual_direct_consistent
600509.SH,天富能源,2025,Q_G_CAPITAL_ACCUMULATION,1,2.28675,92,0.94,auto_policy_eligible,run_resolve_pending,official_annual_direct_consistent
600509.SH,天富能源,2025,Q_G_CASH_CURRENT_LIABILITY,1,22.7149,97,0.94,auto_policy_eligible,run_resolve_pending,official_annual_direct_consistent
600509.SH,天富能源,2025,Q_G_CASH_REALIZATION,1,85.7549,97,0.94,auto_policy_eligible,run_resolve_pending,official_annual_direct_consistent
600509.SH,天富能源,2025,Q_G_COST_REVENUE_RATE,1,90.7665,94,0.94,auto_policy_eligible,run_resolve_pending,official_annual_direct_consistent
600509.SH,天富能源,2025,Q_G_CURRENT_ASSET_TURNOVER,1,1.2362,90,0.94,auto_policy_eligible,run_resolve_pending,official_annual_direct_consistent
600509.SH,天富能源,2025,Q_G_EBITDA_INTEREST,1,1.81525,95,0.94,auto_policy_eligible,run_resolve_pending,official_annual_direct_consistent
600509.SH,天富能源,2025,Q_G_OPERATING_MARGIN,1,3.526,95,0.94,auto_policy_eligible,run_resolve_pending,official_annual_direct_consistent
600509.SH,天富能源,2025,Q_G_OPERATING_PROFIT_GROWTH,1,74.4444,95,0.94,auto_policy_eligible,run_resolve_pending,official_annual_direct_consistent
600509.SH,天富能源,2025,Q_G_REVENUE_GROWTH,1,-9.55806,5,0.91,auto_policy_eligible,run_resolve_pending,official_annual_direct_consistent
600509.SH,天富能源,2025,Q_G_ROA,1,2.31961,95,0.94,auto_policy_eligible,run_resolve_pending,official_annual_direct_consistent
600509.SH,天富能源,2025,Q_G_ROE,1,3.05,6,0.92,auto_policy_eligible,run_resolve_pending,official_annual_direct_consistent
600509.SH,天富能源,2025,Q_G_TWO_FUNDS_RATE,1,29.4421,90,0.94,auto_policy_eligible,run_resolve_pending,official_annual_direct_consistent
600509.SH,天富能源,2025,Q_S_DIVIDEND_PER_SHARE,1,0.084,44,0.94,auto_policy_eligible,run_resolve_pending,official_annual_direct_consistent
600509.SH,天富能源,2025,Q_S_RD_RATE,1,0.18,15,0.96,auto_policy_eligible,run_resolve_pending,official_annual_direct_consistent
600550.SH,保变电气,2025,Q_G_AR_TURNOVER,1,6.44091,54,0.94,auto_policy_eligible,run_resolve_pending,official_annual_direct_consistent
600550.SH,保变电气,2025,Q_G_ASSET_TURNOVER,1,1.18718,55,0.94,auto_policy_eligible,run_resolve_pending,official_annual_direct_consistent
600550.SH,保变电气,2025,Q_G_CASH_CURRENT_LIABILITY,1,3.4136,62,0.94,auto_policy_eligible,run_resolve_pending,official_annual_direct_consistent
600550.SH,保变电气,2025,Q_G_CASH_REALIZATION,1,121.331,62,0.94,auto_policy_eligible,run_resolve_pending,official_annual_direct_consistent
600550.SH,保变电气,2025,Q_G_COST_REVENUE_RATE,1,96.9803,58,0.94,auto_policy_eligible,run_resolve_pending,official_annual_direct_consistent
600550.SH,保变电气,2025,Q_G_CURRENT_ASSET_TURNOVER,1,1.657,54,0.94,auto_policy_eligible,run_resolve_pending,official_annual_direct_consistent
600550.SH,保变电气,2025,Q_G_DEBT_ASSET_RATE,1,88.4568,55,0.94,auto_policy_eligible,run_resolve_pending,consolidated_statement_year_end_derived
600550.SH,保变电气,2025,Q_G_EBITDA_INTEREST,1,4.39898,59,0.94,auto_policy_eligible,run_resolve_pending,official_annual_direct_consistent
600550.SH,保变电气,2025,Q_G_OPERATING_MARGIN,1,4.02942,59,0.94,auto_policy_eligible,run_resolve_pending,official_annual_direct_consistent
600550.SH,保变电气,2025,Q_G_REVENUE_GROWTH,1,20.4182,5,0.91,auto_policy_eligible,run_resolve_pending,official_annual_direct_consistent
600550.SH,保变电气,2025,Q_G_ROA,1,6.30924,59,0.94,auto_policy_eligible,run_resolve_pending,official_annual_direct_consistent
600550.SH,保变电气,2025,Q_G_ROE,1,27.44,5,0.92,auto_policy_eligible,run_resolve_pending,official_annual_direct_consistent
600550.SH,保变电气,2025,Q_G_TWO_FUNDS_RATE,1,64.1509,54,0.94,auto_policy_eligible,run_resolve_pending,official_annual_direct_consistent
600550.SH,保变电气,2025,Q_S_RD_RATE,1,5.16,13,0.96,auto_policy_eligible,run_resolve_pending,official_annual_direct_consistent
600577.SH,精达股份,2025,Q_G_AR_TURNOVER,1,5.46282,71,0.94,auto_policy_eligible,run_resolve_pending,official_annual_direct_consistent
600577.SH,精达股份,2025,Q_G_ASSET_TURNOVER,1,1.82136,72,0.94,auto_policy_eligible,run_resolve_pending,official_annual_direct_consistent
600577.SH,精达股份,2025,Q_G_CAPITAL_ACCUMULATION,1,6.77548,74,0.94,auto_policy_eligible,run_resolve_pending,official_annual_direct_consistent
600577.SH,精达股份,2025,Q_G_CASH_CURRENT_LIABILITY,1,31.2914,81,0.94,auto_policy_eligible,run_resolve_pending,official_annual_direct_consistent
600577.SH,精达股份,2025,Q_G_CASH_REALIZATION,1,106.704,81,0.94,auto_policy_eligible,run_resolve_pending,official_annual_direct_consistent
600577.SH,精达股份,2025,Q_G_COST_REVENUE_RATE,1,96.7694,77,0.94,auto_policy_eligible,run_resolve_pending,official_annual_direct_consistent
600577.SH,精达股份,2025,Q_G_CURRENT_ASSET_TURNOVER,1,2.30296,72,0.94,auto_policy_eligible,run_resolve_pending,official_annual_direct_consistent
600577.SH,精达股份,2025,Q_G_DEBT_ASSET_RATE,1,56.395,73,0.94,auto_policy_eligible,run_resolve_pending,consolidated_statement_year_end_derived
600577.SH,精达股份,2025,Q_G_EBITDA_INTEREST,1,10.9353,78,0.94,auto_policy_eligible,run_resolve_pending,official_annual_direct_consistent
600577.SH,精达股份,2025,Q_G_OPERATING_MARGIN,1,3.27871,78,0.94,auto_policy_eligible,run_resolve_pending,official_annual_direct_consistent
600577.SH,精达股份,2025,Q_G_OPERATING_PROFIT_GROWTH,1,11.2741,78,0.94,auto_policy_eligible,run_resolve_pending,official_annual_direct_consistent
600577.SH,精达股份,2025,Q_G_REVENUE_GROWTH,1,10.5323,7,0.91,auto_policy_eligible,run_resolve_pending,official_annual_direct_consistent
600577.SH,精达股份,2025,Q_G_ROA,1,6.54957,78,0.94,auto_policy_eligible,run_resolve_pending,official_annual_direct_consistent
600577.SH,精达股份,2025,Q_G_ROE,1,10.07,8,0.92,auto_policy_eligible,run_resolve_pending,official_annual_direct_consistent
600577.SH,精达股份,2025,Q_G_TWO_FUNDS_RATE,1,57.5503,72,0.94,auto_policy_eligible,run_resolve_pending,official_annual_direct_consistent
600577.SH,精达股份,2025,Q_S_DIVIDEND_PER_SHARE,1,0.09,41,0.94,auto_policy_eligible,run_resolve_pending,official_annual_direct_consistent
600577.SH,精达股份,2025,Q_S_RD_RATE,1,0.49,18,0.96,auto_policy_eligible,run_resolve_pending,official_annual_direct_consistent
600578.SH,京能电力,2025,Q_G_TWO_FUNDS_RATE,1,46.2273,96,0.94,auto_policy_eligible,run_resolve_pending,official_annual_direct_consistent
600578.SH,京能电力,2025,Q_S_DIVIDEND_PER_SHARE,1,0.17,50,0.94,auto_policy_eligible,run_resolve_pending,official_annual_direct_consistent
600578.SH,京能电力,2025,Q_S_RD_RATE,1,0.68,19,0.96,auto_policy_eligible,run_resolve_pending,official_annual_direct_consistent
600580.SH,卧龙电驱,2025,Q_G_AR_TURNOVER,1,2.94023,78,0.94,auto_policy_eligible,run_resolve_pending,official_annual_direct_consistent
600580.SH,卧龙电驱,2025,Q_G_ASSET_TURNOVER,1,0.599692,79,0.94,auto_policy_eligible,run_resolve_pending,official_annual_direct_consistent
600580.SH,卧龙电驱,2025,Q_G_CAPITAL_ACCUMULATION,1,1.09912,80,0.94,auto_policy_eligible,run_resolve_pending,official_annual_direct_consistent
600580.SH,卧龙电驱,2025,Q_G_CASH_CURRENT_LIABILITY,1,15.4705,86,0.94,auto_policy_eligible,run_resolve_pending,official_annual_direct_consistent
600580.SH,卧龙电驱,2025,Q_G_CASH_REALIZATION,1,88.4392,86,0.94,auto_policy_eligible,run_resolve_pending,official_annual_direct_consistent
600580.SH,卧龙电驱,2025,Q_G_COST_REVENUE_RATE,1,93.5028,83,0.94,auto_policy_eligible,run_resolve_pending,official_annual_direct_consistent
600580.SH,卧龙电驱,2025,Q_G_CURRENT_ASSET_TURNOVER,1,1.06745,78,0.94,auto_policy_eligible,run_resolve_pending,official_annual_direct_consistent
600580.SH,卧龙电驱,2025,Q_G_DEBT_ASSET_RATE,1,54.3045,79,0.94,auto_policy_eligible,run_resolve_pending,consolidated_statement_year_end_derived
600580.SH,卧龙电驱,2025,Q_G_EBITDA_INTEREST,1,8.08538,83,0.94,auto_policy_eligible,run_resolve_pending,official_annual_direct_consistent
600580.SH,卧龙电驱,2025,Q_G_OPERATING_MARGIN,1,8.69997,83,0.94,auto_policy_eligible,run_resolve_pending,official_annual_direct_consistent
600580.SH,卧龙电驱,2025,Q_G_OPERATING_PROFIT_GROWTH,1,33.6718,83,0.94,auto_policy_eligible,run_resolve_pending,official_annual_direct_consistent
600580.SH,卧龙电驱,2025,Q_G_REVENUE_GROWTH,1,-4.884,8,0.91,auto_policy_eligible,run_resolve_pending,official_annual_direct_consistent
600580.SH,卧龙电驱,2025,Q_G_ROA,1,5.98567,83,0.94,auto_policy_eligible,run_resolve_pending,official_annual_direct_consistent
600580.SH,卧龙电驱,2025,Q_G_ROE,1,10.73,8,0.92,auto_policy_eligible,run_resolve_pending,official_annual_direct_consistent
600580.SH,卧龙电驱,2025,Q_G_TWO_FUNDS_RATE,1,59.1811,78,0.94,auto_policy_eligible,run_resolve_pending,official_annual_direct_consistent
600580.SH,卧龙电驱,2025,Q_S_DIVIDEND_PER_SHARE,1,0.18,53,0.94,auto_policy_eligible,run_resolve_pending,official_annual_direct_consistent
600580.SH,卧龙电驱,2025,Q_S_RD_RATE,1,5.79,27,0.96,auto_policy_eligible,run_resolve_pending,official_annual_direct_consistent
600617.SH,国新能源,2025,Q_G_AR_TURNOVER,1,11.3685,80,0.94,auto_policy_eligible,run_resolve_pending,official_annual_direct_consistent
600617.SH,国新能源,2025,Q_G_ASSET_TURNOVER,1,1.1831,81,0.94,auto_policy_eligible,run_resolve_pending,official_annual_direct_consistent
600617.SH,国新能源,2025,Q_G_CAPITAL_ACCUMULATION,1,-3.95304,82,0.94,auto_policy_eligible,run_resolve_pending,official_annual_direct_consistent
600617.SH,国新能源,2025,Q_G_CASH_CURRENT_LIABILITY,1,23.9819,88,0.94,auto_policy_eligible,run_resolve_pending,official_annual_direct_consistent
600617.SH,国新能源,2025,Q_G_CASH_REALIZATION,1,130.496,88,0.94,auto_policy_eligible,run_resolve_pending,official_annual_direct_consistent
600617.SH,国新能源,2025,Q_G_COST_REVENUE_RATE,1,101.067,85,0.94,auto_policy_eligible,run_resolve_pending,official_annual_direct_consistent
600617.SH,国新能源,2025,Q_G_CURRENT_ASSET_TURNOVER,1,7.38783,81,0.94,auto_policy_eligible,run_resolve_pending,official_annual_direct_consistent
600617.SH,国新能源,2025,Q_G_DEBT_ASSET_RATE,1,81.3721,82,0.94,auto_policy_eligible,run_resolve_pending,consolidated_statement_year_end_derived
600617.SH,国新能源,2025,Q_G_EBITDA_INTEREST,1,1.14051,85,0.94,auto_policy_eligible,run_resolve_pending,official_annual_direct_consistent
600617.SH,国新能源,2025,Q_G_OPERATING_MARGIN,1,0.512929,85,0.94,auto_policy_eligible,run_resolve_pending,official_annual_direct_consistent
600617.SH,国新能源,2025,Q_G_OPERATING_PROFIT_GROWTH,1,-168.439,85,0.94,auto_policy_eligible,run_resolve_pending,official_annual_direct_consistent
600617.SH,国新能源,2025,Q_G_REVENUE_GROWTH,1,-4.85582,6,0.91,auto_policy_eligible,run_resolve_pending,official_annual_direct_consistent
600617.SH,国新能源,2025,Q_G_ROA,1,4.81493,85,0.94,auto_policy_eligible,run_resolve_pending,official_annual_direct_consistent
600617.SH,国新能源,2025,Q_G_ROE,1,9.55,7,0.92,auto_policy_eligible,run_resolve_pending,official_annual_direct_consistent
600617.SH,国新能源,2025,Q_G_TWO_FUNDS_RATE,1,38.8384,81,0.94,auto_policy_eligible,run_resolve_pending,official_annual_direct_consistent
600617.SH,国新能源,2025,Q_S_RD_RATE,1,0.18,20,0.96,auto_policy_eligible,run_resolve_pending,official_annual_direct_consistent
600635.SH,大众公用,2025,Q_G_AR_TURNOVER,1,10.2612,61,0.94,auto_policy_eligible,run_resolve_pending,official_annual_direct_consistent
600635.SH,大众公用,2025,Q_G_ASSET_TURNOVER,1,0.468033,62,0.94,auto_policy_eligible,run_resolve_pending,official_annual_direct_consistent
600635.SH,大众公用,2025,Q_G_CAPITAL_ACCUMULATION,1,3.95342,63,0.94,auto_policy_eligible,run_resolve_pending,official_annual_direct_consistent
600635.SH,大众公用,2025,Q_G_CASH_CURRENT_LIABILITY,1,13.8348,68,0.94,auto_policy_eligible,run_resolve_pending,official_annual_direct_consistent
600635.SH,大众公用,2025,Q_G_CASH_REALIZATION,1,111.961,68,0.94,auto_policy_eligible,run_resolve_pending,official_annual_direct_consistent
600635.SH,大众公用,2025,Q_G_COST_REVENUE_RATE,1,100.236,65,0.94,auto_policy_eligible,run_resolve_pending,official_annual_direct_consistent
600635.SH,大众公用,2025,Q_G_CURRENT_ASSET_TURNOVER,1,1.09203,61,0.94,auto_policy_eligible,run_resolve_pending,official_annual_direct_consistent
600635.SH,大众公用,2025,Q_G_DEBT_ASSET_RATE,1,55.1315,62,0.94,auto_policy_eligible,run_resolve_pending,consolidated_statement_year_end_derived
600635.SH,大众公用,2025,Q_G_REVENUE_GROWTH,1,-3.60516,6,0.91,auto_policy_eligible,run_resolve_pending,official_annual_direct_consistent
600635.SH,大众公用,2025,Q_G_ROE,1,4.77,6,0.92,auto_policy_eligible,run_resolve_pending,official_annual_direct_consistent
600635.SH,大众公用,2025,Q_G_TWO_FUNDS_RATE,1,15.6646,61,0.94,auto_policy_eligible,run_resolve_pending,official_annual_direct_consistent
600635.SH,大众公用,2025,Q_S_DIVIDEND_PER_SHARE,1,0.05,32,0.94,auto_policy_eligible,run_resolve_pending,official_annual_direct_consistent
600635.SH,大众公用,2025,Q_S_RD_RATE,1,0.02,14,0.96,auto_policy_eligible,run_resolve_pending,official_annual_direct_consistent
600642.SH,申能股份,2025,Q_G_AR_TURNOVER,1,2.82138,99,0.94,auto_policy_eligible,run_resolve_pending,official_annual_direct_consistent
600642.SH,申能股份,2025,Q_G_ASSET_TURNOVER,1,0.263207,99,0.94,auto_policy_eligible,run_resolve_pending,official_annual_direct_consistent
600642.SH,申能股份,2025,Q_G_CASH_CURRENT_LIABILITY,1,38.762,106,0.94,auto_policy_eligible,run_resolve_pending,official_annual_direct_consistent
600642.SH,申能股份,2025,Q_G_CASH_REALIZATION,1,114.596,106,0.94,auto_policy_eligible,run_resolve_pending,official_annual_direct_consistent
600642.SH,申能股份,2025,Q_G_COST_REVENUE_RATE,1,86.3102,103,0.94,auto_policy_eligible,run_resolve_pending,official_annual_direct_consistent
600642.SH,申能股份,2025,Q_G_CURRENT_ASSET_TURNOVER,1,0.981275,99,0.94,auto_policy_eligible,run_resolve_pending,official_annual_direct_consistent
600642.SH,申能股份,2025,Q_G_DEBT_ASSET_RATE,1,54.7706,100,0.94,auto_policy_eligible,run_resolve_pending,consolidated_statement_year_end_derived
600642.SH,申能股份,2025,Q_G_EBITDA_INTEREST,1,6.74412,103,0.94,auto_policy_eligible,run_resolve_pending,official_annual_direct_consistent
600642.SH,申能股份,2025,Q_G_OPERATING_MARGIN,1,21.004,103,0.94,auto_policy_eligible,run_resolve_pending,official_annual_direct_consistent
600642.SH,申能股份,2025,Q_G_OPERATING_PROFIT_GROWTH,1,6.22739,103,0.94,auto_policy_eligible,run_resolve_pending,official_annual_direct_consistent
600642.SH,申能股份,2025,Q_G_REVENUE_GROWTH,1,-5.36801,6,0.91,auto_policy_eligible,run_resolve_pending,official_annual_direct_consistent
600642.SH,申能股份,2025,Q_G_ROA,1,6.5956,103,0.94,auto_policy_eligible,run_resolve_pending,official_annual_direct_consistent
600642.SH,申能股份,2025,Q_G_ROE,2,10.79,7|13,0.92,auto_policy_eligible,run_resolve_pending,official_annual_direct_consistent
600642.SH,申能股份,2025,Q_G_TWO_FUNDS_RATE,1,37.0178,99,0.94,auto_policy_eligible,run_resolve_pending,official_annual_direct_consistent
600642.SH,申能股份,2025,Q_S_DIVIDEND_PER_SHARE,1,0.46,43,0.94,auto_policy_eligible,run_resolve_pending,official_annual_direct_consistent
600642.SH,申能股份,2025,Q_S_RD_RATE,1,0.08,17,0.96,auto_policy_eligible,run_resolve_pending,official_annual_direct_consistent
600644.SH,乐山电力,2025,Q_G_AR_TURNOVER,1,14.0629,87,0.94,auto_policy_eligible,run_resolve_pending,official_annual_direct_consistent
600644.SH,乐山电力,2025,Q_G_ASSET_TURNOVER,1,0.739816,88,0.94,auto_policy_eligible,run_resolve_pending,official_annual_direct_consistent
600644.SH,乐山电力,2025,Q_G_CASH_REALIZATION,1,112.422,95,0.94,auto_policy_eligible,run_resolve_pending,official_annual_direct_consistent
600644.SH,乐山电力,2025,Q_G_COST_REVENUE_RATE,1,100.109,91,0.94,auto_policy_eligible,run_resolve_pending,official_annual_direct_consistent
600644.SH,乐山电力,2025,Q_G_CURRENT_ASSET_TURNOVER,1,3.90422,87,0.94,auto_policy_eligible,run_resolve_pending,official_annual_direct_consistent
600644.SH,乐山电力,2025,Q_G_DEBT_ASSET_RATE,1,51.1668,88,0.94,auto_policy_eligible,run_resolve_pending,consolidated_statement_year_end_derived
600644.SH,乐山电力,2025,Q_G_EBITDA_INTEREST,1,2.28104,92,0.94,auto_policy_eligible,run_resolve_pending,official_annual_direct_consistent
600644.SH,乐山电力,2025,Q_G_OPERATING_MARGIN,1,0.948837,92,0.94,auto_policy_eligible,run_resolve_pending,official_annual_direct_consistent
600644.SH,乐山电力,2025,Q_G_OPERATING_PROFIT_GROWTH,1,-23.1267,92,0.94,auto_policy_eligible,run_resolve_pending,official_annual_direct_consistent
600644.SH,乐山电力,2025,Q_G_REVENUE_GROWTH,1,6.24241,7,0.91,auto_policy_eligible,run_resolve_pending,official_annual_direct_consistent
600644.SH,乐山电力,2025,Q_G_ROA,1,1.35829,92,0.94,auto_policy_eligible,run_resolve_pending,official_annual_direct_consistent
600644.SH,乐山电力,2025,Q_G_ROE,1,1.15,8,0.92,auto_policy_eligible,run_resolve_pending,official_annual_direct_consistent
600644.SH,乐山电力,2025,Q_G_TWO_FUNDS_RATE,1,29.2159,87,0.94,auto_policy_eligible,run_resolve_pending,official_annual_direct_consistent
600644.SH,乐山电力,2025,Q_S_DIVIDEND_PER_SHARE,1,0.015,56,0.94,auto_policy_eligible,run_resolve_pending,official_annual_direct_consistent
600644.SH,乐山电力,2025,Q_S_RD_RATE,1,0.03,18,0.96,auto_policy_eligible,run_resolve_pending,official_annual_direct_consistent
600674.SH,川投能源,2025,Q_G_AR_TURNOVER,1,2.1146,95,0.94,auto_policy_eligible,run_resolve_pending,official_annual_direct_consistent
600674.SH,川投能源,2025,Q_G_ASSET_TURNOVER,1,0.0459464,96,0.94,auto_policy_eligible,run_resolve_pending,official_annual_direct_consistent
600674.SH,川投能源,2025,Q_G_CASH_CURRENT_LIABILITY,1,11.5636,103,0.94,auto_policy_eligible,run_resolve_pending,official_annual_direct_consistent
600674.SH,川投能源,2025,Q_G_CASH_REALIZATION,1,112.318,103,0.94,auto_policy_eligible,run_resolve_pending,official_annual_direct_consistent
600674.SH,川投能源,2025,Q_G_COST_REVENUE_RATE,1,96.6418,99,0.94,auto_policy_eligible,run_resolve_pending,official_annual_direct_consistent
600674.SH,川投能源,2025,Q_G_CURRENT_ASSET_TURNOVER,1,0.422805,95,0.94,auto_policy_eligible,run_resolve_pending,official_annual_direct_consistent
600674.SH,川投能源,2025,Q_G_DEBT_ASSET_RATE,1,33.5081,97,0.94,auto_policy_eligible,run_resolve_pending,consolidated_statement_year_end_derived
600674.SH,川投能源,2025,Q_G_EBITDA_INTEREST,1,11.4432,100,0.94,auto_policy_eligible,run_resolve_pending,official_annual_direct_consistent
600674.SH,川投能源,2025,Q_G_OPERATING_MARGIN,1,295.23,100,0.94,auto_policy_eligible,run_resolve_pending,official_annual_direct_consistent
600674.SH,川投能源,2025,Q_G_OPERATING_PROFIT_GROWTH,1,4.73613,100,0.94,auto_policy_eligible,run_resolve_pending,official_annual_direct_consistent
600674.SH,川投能源,2025,Q_G_REVENUE_GROWTH,1,3.64656,7,0.91,auto_policy_eligible,run_resolve_pending,official_annual_direct_consistent
600674.SH,川投能源,2025,Q_G_ROA,1,14.8604,100,0.94,auto_policy_eligible,run_resolve_pending,official_annual_direct_consistent
600674.SH,川投能源,2025,Q_G_ROE,1,10.97,7,0.92,auto_policy_eligible,run_resolve_pending,official_annual_direct_consistent
600674.SH,川投能源,2025,Q_G_TWO_FUNDS_RATE,1,20.5932,95,0.94,auto_policy_eligible,run_resolve_pending,official_annual_direct_consistent
600674.SH,川投能源,2025,Q_S_DIVIDEND_PER_SHARE,1,0.5,45,0.94,auto_policy_eligible,run_resolve_pending,official_annual_direct_consistent
600674.SH,川投能源,2025,Q_S_RD_RATE,1,2.19,16,0.96,auto_policy_eligible,run_resolve_pending,official_annual_direct_consistent
600681.SH,百川能源,2025,Q_G_AR_TURNOVER,1,67.4458,77,0.94,auto_policy_eligible,run_resolve_pending,official_annual_direct_consistent
600681.SH,百川能源,2025,Q_G_ASSET_TURNOVER,1,1.14764,77,0.94,auto_policy_eligible,run_resolve_pending,official_annual_direct_consistent
600681.SH,百川能源,2025,Q_G_CASH_CURRENT_LIABILITY,1,14.5283,85,0.94,auto_policy_eligible,run_resolve_pending,official_annual_direct_consistent
600681.SH,百川能源,2025,Q_G_CASH_REALIZATION,1,113.857,85,0.94,auto_policy_eligible,run_resolve_pending,official_annual_direct_consistent
600681.SH,百川能源,2025,Q_G_COST_REVENUE_RATE,1,91.7624,81,0.94,auto_policy_eligible,run_resolve_pending,official_annual_direct_consistent
600681.SH,百川能源,2025,Q_G_CURRENT_ASSET_TURNOVER,1,8.04324,77,0.94,auto_policy_eligible,run_resolve_pending,official_annual_direct_consistent
600681.SH,百川能源,2025,Q_G_DEBT_ASSET_RATE,1,53.2333,78,0.94,auto_policy_eligible,run_resolve_pending,consolidated_statement_year_end_derived
600681.SH,百川能源,2025,Q_G_EBITDA_INTEREST,1,6.61333,82,0.94,auto_policy_eligible,run_resolve_pending,official_annual_direct_consistent
600681.SH,百川能源,2025,Q_G_OPERATING_MARGIN,1,7.59533,82,0.94,auto_policy_eligible,run_resolve_pending,official_annual_direct_consistent
600681.SH,百川能源,2025,Q_G_REVENUE_GROWTH,1,2.25227,5,0.91,auto_policy_eligible,run_resolve_pending,official_annual_direct_consistent
600681.SH,百川能源,2025,Q_G_ROA,1,9.93683,82,0.94,auto_policy_eligible,run_resolve_pending,official_annual_direct_consistent
600681.SH,百川能源,2025,Q_G_ROE,2,6.55,6|10,0.92,auto_policy_eligible,run_resolve_pending,official_annual_direct_consistent
600681.SH,百川能源,2025,Q_G_TWO_FUNDS_RATE,1,38.9857,77,0.94,auto_policy_eligible,run_resolve_pending,official_annual_direct_consistent
600681.SH,百川能源,2025,Q_S_DIVIDEND_PER_SHARE,1,0.15,33,0.94,auto_policy_eligible,run_resolve_pending,official_annual_direct_consistent
600681.SH,百川能源,2025,Q_S_RD_RATE,1,0.06,14,0.96,auto_policy_eligible,run_resolve_pending,official_annual_direct_consistent
600688.SH,上海石化,2025,Q_G_REVENUE_GROWTH,1,-13.2782,8,0.91,auto_policy_eligible,run_resolve_pending,official_annual_direct_consistent
600719.SH,大连热电,2025,Q_G_AR_TURNOVER,1,9.9758,54,0.94,auto_policy_eligible,run_resolve_pending,official_annual_direct_consistent
600719.SH,大连热电,2025,Q_G_ASSET_TURNOVER,1,0.228968,54,0.94,auto_policy_eligible,run_resolve_pending,official_annual_direct_consistent
600719.SH,大连热电,2025,Q_G_CASH_REALIZATION,1,106.364,61,0.94,auto_policy_eligible,run_resolve_pending,official_annual_direct_consistent
600719.SH,大连热电,2025,Q_G_COST_REVENUE_RATE,1,107.941,58,0.94,auto_policy_eligible,run_resolve_pending,official_annual_direct_consistent
600719.SH,大连热电,2025,Q_G_CURRENT_ASSET_TURNOVER,1,0.978688,54,0.94,auto_policy_eligible,run_resolve_pending,official_annual_direct_consistent
600719.SH,大连热电,2025,Q_G_EBITDA_INTEREST,1,-0.229431,59,0.94,auto_policy_eligible,run_resolve_pending,official_annual_direct_consistent
600719.SH,大连热电,2025,Q_G_OPERATING_MARGIN,1,-16.0239,59,0.94,auto_policy_eligible,run_resolve_pending,official_annual_direct_consistent
600719.SH,大连热电,2025,Q_G_OPERATING_PROFIT_GROWTH,1,-32.4216,59,0.94,auto_policy_eligible,run_resolve_pending,official_annual_direct_consistent
600719.SH,大连热电,2025,Q_G_REVENUE_GROWTH,1,-3.75725,6,0.91,auto_policy_eligible,run_resolve_pending,official_annual_direct_consistent
600719.SH,大连热电,2025,Q_G_ROA,1,-0.670199,59,0.94,auto_policy_eligible,run_resolve_pending,official_annual_direct_consistent
600719.SH,大连热电,2025,Q_G_ROE,1,26.64,7,0.92,auto_policy_eligible,run_resolve_pending,official_annual_direct_consistent
600719.SH,大连热电,2025,Q_G_TWO_FUNDS_RATE,1,25.9868,54,0.94,auto_policy_eligible,run_resolve_pending,official_annual_direct_consistent
600725.SH,云维股份,2025,Q_G_AR_TURNOVER,1,4.31214,66,0.94,auto_policy_eligible,run_resolve_pending,official_annual_direct_consistent
600725.SH,云维股份,2025,Q_G_ASSET_TURNOVER,1,1.51406,67,0.94,auto_policy_eligible,run_resolve_pending,official_annual_direct_consistent
600725.SH,云维股份,2025,Q_G_CASH_CURRENT_LIABILITY,1,85.5562,74,0.94,auto_policy_eligible,run_resolve_pending,official_annual_direct_consistent
600725.SH,云维股份,2025,Q_G_CASH_REALIZATION,1,150.537,74,0.94,auto_policy_eligible,run_resolve_pending,official_annual_direct_consistent
600725.SH,云维股份,2025,Q_G_COST_REVENUE_RATE,1,103.697,70,0.94,auto_policy_eligible,run_resolve_pending,official_annual_direct_consistent
600725.SH,云维股份,2025,Q_G_CURRENT_ASSET_TURNOVER,1,1.5531,66,0.94,auto_policy_eligible,run_resolve_pending,official_annual_direct_consistent
600725.SH,云维股份,2025,Q_G_EBITDA_INTEREST,1,-197.714,71,0.94,auto_policy_eligible,run_resolve_pending,official_annual_direct_consistent
600725.SH,云维股份,2025,Q_G_OPERATING_MARGIN,1,-6.86656,71,0.94,auto_policy_eligible,run_resolve_pending,official_annual_direct_consistent
600725.SH,云维股份,2025,Q_G_OPERATING_PROFIT_GROWTH,1,-38.3792,71,0.94,auto_policy_eligible,run_resolve_pending,official_annual_direct_consistent
600725.SH,云维股份,2025,Q_G_REVENUE_GROWTH,1,-27.6515,6,0.91,auto_policy_eligible,run_resolve_pending,official_annual_direct_consistent
600725.SH,云维股份,2025,Q_G_ROA,1,-10.4238,71,0.94,auto_policy_eligible,run_resolve_pending,official_annual_direct_consistent
600725.SH,云维股份,2025,Q_G_ROE,1,14.15,7,0.92,auto_policy_eligible,run_resolve_pending,official_annual_direct_consistent
600725.SH,云维股份,2025,Q_G_TWO_FUNDS_RATE,1,37.4159,66,0.94,auto_policy_eligible,run_resolve_pending,official_annual_direct_consistent
600726.SH,华电能源,2025,Q_G_AR_TURNOVER,1,32.6102,134,0.94,auto_policy_eligible,run_resolve_pending,official_annual_direct_consistent
600726.SH,华电能源,2025,Q_G_ASSET_TURNOVER,1,0.920234,135,0.94,auto_policy_eligible,run_resolve_pending,official_annual_direct_consistent
600726.SH,华电能源,2025,Q_G_CASH_CURRENT_LIABILITY,1,28.2623,143,0.94,auto_policy_eligible,run_resolve_pending,official_annual_direct_consistent
600726.SH,华电能源,2025,Q_G_CASH_REALIZATION,1,116.275,142,0.94,auto_policy_eligible,run_resolve_pending,official_annual_direct_consistent
600726.SH,华电能源,2025,Q_G_COST_REVENUE_RATE,1,92.219,138,0.94,auto_policy_eligible,run_resolve_pending,official_annual_direct_consistent
600726.SH,华电能源,2025,Q_G_CURRENT_ASSET_TURNOVER,1,5.65402,134,0.94,auto_policy_eligible,run_resolve_pending,official_annual_direct_consistent
600726.SH,华电能源,2025,Q_G_DEBT_ASSET_RATE,1,80.6243,136,0.94,auto_policy_eligible,run_resolve_pending,consolidated_statement_year_end_derived
600726.SH,华电能源,2025,Q_G_EBITDA_INTEREST,1,3.297,139,0.94,auto_policy_eligible,run_resolve_pending,official_annual_direct_consistent
600726.SH,华电能源,2025,Q_G_OPERATING_MARGIN,1,7.8963,139,0.94,auto_policy_eligible,run_resolve_pending,official_annual_direct_consistent
600726.SH,华电能源,2025,Q_G_REVENUE_GROWTH,1,-8.22279,14,0.91,auto_policy_eligible,run_resolve_pending,official_annual_direct_consistent
600726.SH,华电能源,2025,Q_G_ROA,1,10.5901,139,0.94,auto_policy_eligible,run_resolve_pending,official_annual_direct_consistent
600726.SH,华电能源,2025,Q_G_ROE,1,5.1,15,0.92,auto_policy_eligible,run_resolve_pending,official_annual_direct_consistent
600726.SH,华电能源,2025,Q_G_TWO_FUNDS_RATE,1,31.4165,134,0.94,auto_policy_eligible,run_resolve_pending,official_annual_direct_consistent
600726.SH,华电能源,2025,Q_S_RD_RATE,1,0.03,23,0.96,auto_policy_eligible,run_resolve_pending,official_annual_direct_consistent
600732.SH,爱旭股份,2025,Q_G_AR_TURNOVER,1,12.7824,95,0.94,auto_policy_eligible,run_resolve_pending,official_annual_direct_consistent
600732.SH,爱旭股份,2025,Q_G_ASSET_TURNOVER,1,0.449113,95,0.94,auto_policy_eligible,run_resolve_pending,official_annual_direct_consistent
600732.SH,爱旭股份,2025,Q_G_CAPITAL_ACCUMULATION,1,41.7475,96,0.94,auto_policy_eligible,run_resolve_pending,official_annual_direct_consistent
600732.SH,爱旭股份,2025,Q_G_CASH_CURRENT_LIABILITY,1,11.4146,101,0.94,auto_policy_eligible,run_resolve_pending,official_annual_direct_consistent
600732.SH,爱旭股份,2025,Q_G_CASH_REALIZATION,1,85.2798,101,0.94,auto_policy_eligible,run_resolve_pending,official_annual_direct_consistent
600732.SH,爱旭股份,2025,Q_G_COST_REVENUE_RATE,1,108.592,98,0.94,auto_policy_eligible,run_resolve_pending,official_annual_direct_consistent
600732.SH,爱旭股份,2025,Q_G_CURRENT_ASSET_TURNOVER,1,1.83987,95,0.94,auto_policy_eligible,run_resolve_pending,official_annual_direct_consistent
600732.SH,爱旭股份,2025,Q_G_DEBT_ASSET_RATE,1,79.9455,96,0.94,auto_policy_eligible,run_resolve_pending,consolidated_statement_year_end_derived
600732.SH,爱旭股份,2025,Q_G_EBITDA_INTEREST,1,-4.12356,98,0.94,auto_policy_eligible,run_resolve_pending,official_annual_direct_consistent
600732.SH,爱旭股份,2025,Q_G_OPERATING_MARGIN,1,-11.9316,98,0.94,auto_policy_eligible,run_resolve_pending,official_annual_direct_consistent
600732.SH,爱旭股份,2025,Q_G_OPERATING_PROFIT_GROWTH,1,-69.443,98,0.94,auto_policy_eligible,run_resolve_pending,official_annual_direct_consistent
600732.SH,爱旭股份,2025,Q_G_REVENUE_GROWTH,1,39.9703,8,0.91,auto_policy_eligible,run_resolve_pending,official_annual_direct_consistent
600732.SH,爱旭股份,2025,Q_G_ROA,1,-4.38149,98,0.94,auto_policy_eligible,run_resolve_pending,official_annual_direct_consistent
600732.SH,爱旭股份,2025,Q_G_ROE,1,52.26,8,0.92,auto_policy_eligible,run_resolve_pending,official_annual_direct_consistent
600732.SH,爱旭股份,2025,Q_G_TWO_FUNDS_RATE,1,43.142,95,0.94,auto_policy_eligible,run_resolve_pending,official_annual_direct_consistent
600732.SH,爱旭股份,2025,Q_S_RD_RATE,1,2.25,28,0.96,auto_policy_eligible,run_resolve_pending,official_annual_direct_consistent
600744.SH,华银电力,2025,Q_G_AR_TURNOVER,1,5.50882,70,0.94,auto_policy_eligible,run_resolve_pending,official_annual_direct_consistent
600744.SH,华银电力,2025,Q_G_ASSET_TURNOVER,1,0.274949,70,0.94,auto_policy_eligible,run_resolve_pending,official_annual_direct_consistent
600744.SH,华银电力,2025,Q_G_CAPITAL_ACCUMULATION,1,4.51957,71,0.94,auto_policy_eligible,run_resolve_pending,official_annual_direct_consistent
600744.SH,华银电力,2025,Q_G_CASH_CURRENT_LIABILITY,1,31.6363,76,0.94,auto_policy_eligible,run_resolve_pending,official_annual_direct_consistent
600744.SH,华银电力,2025,Q_G_CASH_REALIZATION,1,123.469,76,0.94,auto_policy_eligible,run_resolve_pending,official_annual_direct_consistent
600744.SH,华银电力,2025,Q_G_COST_REVENUE_RATE,1,97.4569,73,0.94,auto_policy_eligible,run_resolve_pending,official_annual_direct_consistent
600744.SH,华银电力,2025,Q_G_CURRENT_ASSET_TURNOVER,1,1.60298,70,0.94,auto_policy_eligible,run_resolve_pending,official_annual_direct_consistent
600744.SH,华银电力,2025,Q_G_EBITDA_INTEREST,1,1.39525,74,0.94,auto_policy_eligible,run_resolve_pending,official_annual_direct_consistent
600744.SH,华银电力,2025,Q_G_OPERATING_MARGIN,1,2.33101,74,0.94,auto_policy_eligible,run_resolve_pending,official_annual_direct_consistent
600744.SH,华银电力,2025,Q_G_OPERATING_PROFIT_GROWTH,1,401.826,74,0.94,auto_policy_eligible,run_resolve_pending,official_annual_direct_consistent
600744.SH,华银电力,2025,Q_G_REVENUE_GROWTH,1,-3.40047,6,0.91,auto_policy_eligible,run_resolve_pending,official_annual_direct_consistent
600744.SH,华银电力,2025,Q_G_ROA,1,1.96377,74,0.94,auto_policy_eligible,run_resolve_pending,official_annual_direct_consistent
600744.SH,华银电力,2025,Q_G_ROE,1,5.64,6,0.92,auto_policy_eligible,run_resolve_pending,official_annual_direct_consistent
600744.SH,华银电力,2025,Q_G_TWO_FUNDS_RATE,1,40.5427,70,0.94,auto_policy_eligible,run_resolve_pending,official_annual_direct_consistent
600744.SH,华银电力,2025,Q_S_RD_RATE,1,2.01,14,0.96,auto_policy_eligible,run_resolve_pending,official_annual_direct_consistent
600758.SH,辽宁能源,2025,Q_G_AR_TURNOVER,1,12.4307,52,0.94,auto_policy_eligible,run_resolve_pending,official_annual_direct_consistent
600758.SH,辽宁能源,2025,Q_G_ASSET_TURNOVER,1,0.34991,53,0.94,auto_policy_eligible,run_resolve_pending,official_annual_direct_consistent
600758.SH,辽宁能源,2025,Q_G_CAPITAL_ACCUMULATION,1,-1.56774,54,0.94,auto_policy_eligible,run_resolve_pending,official_annual_direct_consistent
600758.SH,辽宁能源,2025,Q_G_CASH_CURRENT_LIABILITY,1,15.601,59,0.94,auto_policy_eligible,run_resolve_pending,official_annual_direct_consistent
600758.SH,辽宁能源,2025,Q_G_CASH_REALIZATION,1,109.429,59,0.94,auto_policy_eligible,run_resolve_pending,official_annual_direct_consistent
600758.SH,辽宁能源,2025,Q_G_COST_REVENUE_RATE,1,105.053,56,0.94,auto_policy_eligible,run_resolve_pending,official_annual_direct_consistent
600758.SH,辽宁能源,2025,Q_G_CURRENT_ASSET_TURNOVER,1,1.01149,52,0.94,auto_policy_eligible,run_resolve_pending,official_annual_direct_consistent
600758.SH,辽宁能源,2025,Q_G_DEBT_ASSET_RATE,1,59.1431,53,0.94,auto_policy_eligible,run_resolve_pending,consolidated_statement_year_end_derived
600758.SH,辽宁能源,2025,Q_G_EBITDA_INTEREST,1,-1.14581,57,0.94,auto_policy_eligible,run_resolve_pending,official_annual_direct_consistent
600758.SH,辽宁能源,2025,Q_G_OPERATING_MARGIN,1,-5.34121,56,0.94,auto_policy_eligible,run_resolve_pending,official_annual_direct_consistent
600758.SH,辽宁能源,2025,Q_G_OPERATING_PROFIT_GROWTH,1,-152.15,56,0.94,auto_policy_eligible,run_resolve_pending,official_annual_direct_consistent
600758.SH,辽宁能源,2025,Q_G_REVENUE_GROWTH,1,-15.1285,5,0.91,auto_policy_eligible,run_resolve_pending,official_annual_direct_consistent
600758.SH,辽宁能源,2025,Q_G_ROA,1,-1.01948,57,0.94,auto_policy_eligible,run_resolve_pending,official_annual_direct_consistent
600758.SH,辽宁能源,2025,Q_G_ROE,1,5,5,0.92,auto_policy_eligible,run_resolve_pending,official_annual_direct_consistent
600758.SH,辽宁能源,2025,Q_G_TWO_FUNDS_RATE,1,12.5797,52,0.94,auto_policy_eligible,run_resolve_pending,official_annual_direct_consistent
600758.SH,辽宁能源,2025,Q_S_DIVIDEND_PER_SHARE,1,0,30,0.94,auto_policy_eligible,run_resolve_pending,official_annual_direct_consistent
600777.SH,*ST新潮,2025,Q_G_AR_TURNOVER,1,9.02196,83,0.94,auto_policy_eligible,run_resolve_pending,official_annual_direct_consistent
600777.SH,*ST新潮,2025,Q_G_ASSET_TURNOVER,1,0.205962,84,0.94,auto_policy_eligible,run_resolve_pending,official_annual_direct_consistent
600777.SH,*ST新潮,2025,Q_G_CASH_CURRENT_LIABILITY,1,210.52,92,0.94,auto_policy_eligible,run_resolve_pending,official_annual_direct_consistent
600777.SH,*ST新潮,2025,Q_G_CASH_REALIZATION,1,99.8122,92,0.94,auto_policy_eligible,run_resolve_pending,official_annual_direct_consistent
600777.SH,*ST新潮,2025,Q_G_COST_REVENUE_RATE,1,86.2741,88,0.94,auto_policy_eligible,run_resolve_pending,official_annual_direct_consistent
600777.SH,*ST新潮,2025,Q_G_CURRENT_ASSET_TURNOVER,1,1.3786,84,0.94,auto_policy_eligible,run_resolve_pending,official_annual_direct_consistent
600777.SH,*ST新潮,2025,Q_G_EBITDA_INTEREST,1,4.04291,89,0.94,auto_policy_eligible,run_resolve_pending,official_annual_direct_consistent
600777.SH,*ST新潮,2025,Q_G_OPERATING_MARGIN,1,15.0879,89,0.94,auto_policy_eligible,run_resolve_pending,official_annual_direct_consistent
600777.SH,*ST新潮,2025,Q_G_OPERATING_PROFIT_GROWTH,1,208.041,89,0.94,auto_policy_eligible,run_resolve_pending,official_annual_direct_consistent
600777.SH,*ST新潮,2025,Q_G_REVENUE_GROWTH,1,-13.0101,8,0.91,auto_policy_eligible,run_resolve_pending,official_annual_direct_consistent
600777.SH,*ST新潮,2025,Q_G_ROA,1,5.42669,89,0.94,auto_policy_eligible,run_resolve_pending,official_annual_direct_consistent
600777.SH,*ST新潮,2025,Q_G_ROE,4,5.26,5|8|13|15,0.92,auto_policy_eligible,run_resolve_pending,official_annual_direct_consistent
600777.SH,*ST新潮,2025,Q_G_TWO_FUNDS_RATE,1,13.3842,84,0.94,auto_policy_eligible,run_resolve_pending,official_annual_direct_consistent
600780.SH,通宝能源,2025,Q_G_AR_TURNOVER,1,12.0431,63,0.94,auto_policy_eligible,run_resolve_pending,official_annual_direct_consistent
600780.SH,通宝能源,2025,Q_G_ASSET_TURNOVER,1,0.996901,64,0.94,auto_policy_eligible,run_resolve_pending,official_annual_direct_consistent
600780.SH,通宝能源,2025,Q_G_CASH_CURRENT_LIABILITY,1,51.3323,70,0.94,auto_policy_eligible,run_resolve_pending,official_annual_direct_consistent
600780.SH,通宝能源,2025,Q_G_CASH_REALIZATION,1,116.237,70,0.94,auto_policy_eligible,run_resolve_pending,official_annual_direct_consistent
600780.SH,通宝能源,2025,Q_G_COST_REVENUE_RATE,1,94.1717,67,0.94,auto_policy_eligible,run_resolve_pending,official_annual_direct_consistent
600780.SH,通宝能源,2025,Q_G_CURRENT_ASSET_TURNOVER,1,2.83472,63,0.94,auto_policy_eligible,run_resolve_pending,official_annual_direct_consistent
600780.SH,通宝能源,2025,Q_G_DEBT_ASSET_RATE,1,30.8575,64,0.94,auto_policy_eligible,run_resolve_pending,consolidated_statement_year_end_derived
600780.SH,通宝能源,2025,Q_G_EBITDA_INTEREST,1,64.5436,68,0.94,auto_policy_eligible,run_resolve_pending,official_annual_direct_consistent
600780.SH,通宝能源,2025,Q_G_OPERATING_MARGIN,1,7.45656,68,0.94,auto_policy_eligible,run_resolve_pending,official_annual_direct_consistent
600780.SH,通宝能源,2025,Q_G_OPERATING_PROFIT_GROWTH,1,25.9929,68,0.94,auto_policy_eligible,run_resolve_pending,official_annual_direct_consistent
600780.SH,通宝能源,2025,Q_G_REVENUE_GROWTH,1,4.02306,6,0.91,auto_policy_eligible,run_resolve_pending,official_annual_direct_consistent
600780.SH,通宝能源,2025,Q_G_ROA,1,7.56709,68,0.94,auto_policy_eligible,run_resolve_pending,official_annual_direct_consistent
600780.SH,通宝能源,2025,Q_G_ROE,1,8.08,6,0.92,auto_policy_eligible,run_resolve_pending,official_annual_direct_consistent
600780.SH,通宝能源,2025,Q_G_TWO_FUNDS_RATE,1,25.4848,63,0.94,auto_policy_eligible,run_resolve_pending,official_annual_direct_consistent
600780.SH,通宝能源,2025,Q_S_DIVIDEND_PER_SHARE,1,0.18,41,0.94,auto_policy_eligible,run_resolve_pending,official_annual_direct_consistent
600780.SH,通宝能源,2025,Q_S_RD_RATE,1,0.02,16,0.96,auto_policy_eligible,run_resolve_pending,official_annual_direct_consistent
600795.SH,国电电力,2025,Q_G_AR_TURNOVER,1,12.945,99,0.94,auto_policy_eligible,run_resolve_pending,official_annual_direct_consistent
600795.SH,国电电力,2025,Q_G_ASSET_TURNOVER,1,0.6162,100,0.94,auto_policy_eligible,run_resolve_pending,official_annual_direct_consistent
600795.SH,国电电力,2025,Q_G_CASH_CURRENT_LIABILITY,1,38.1047,109,0.94,auto_policy_eligible,run_resolve_pending,official_annual_direct_consistent
600795.SH,国电电力,2025,Q_G_CASH_REALIZATION,1,115.951,109,0.94,auto_policy_eligible,run_resolve_pending,official_annual_direct_consistent
600795.SH,国电电力,2025,Q_G_COST_REVENUE_RATE,1,90.8245,104,0.94,auto_policy_eligible,run_resolve_pending,official_annual_direct_consistent
600795.SH,国电电力,2025,Q_G_CURRENT_ASSET_TURNOVER,1,4.43106,99,0.94,auto_policy_eligible,run_resolve_pending,official_annual_direct_consistent
600795.SH,国电电力,2025,Q_G_EBITDA_INTEREST,1,4.05147,105,0.94,auto_policy_eligible,run_resolve_pending,official_annual_direct_consistent
600795.SH,国电电力,2025,Q_G_OPERATING_MARGIN,1,10.5925,105,0.94,auto_policy_eligible,run_resolve_pending,official_annual_direct_consistent
600795.SH,国电电力,2025,Q_G_REVENUE_GROWTH,1,-4.98823,7,0.91,auto_policy_eligible,run_resolve_pending,official_annual_direct_consistent
600795.SH,国电电力,2025,Q_G_ROA,1,8.55222,105,0.94,auto_policy_eligible,run_resolve_pending,official_annual_direct_consistent
600795.SH,国电电力,2025,Q_G_TWO_FUNDS_RATE,1,54.6856,99,0.94,auto_policy_eligible,run_resolve_pending,official_annual_direct_consistent
600795.SH,国电电力,2025,Q_S_DIVIDEND_PER_SHARE,1,0.241,50,0.94,auto_policy_eligible,run_resolve_pending,official_annual_direct_consistent
600795.SH,国电电力,2025,Q_S_RD_RATE,1,0.59,19,0.96,auto_policy_eligible,run_resolve_pending,official_annual_direct_consistent
600803.SH,新奥股份,2025,Q_G_REVENUE_GROWTH,1,-3.22426,8,0.91,auto_policy_eligible,run_resolve_pending,official_annual_direct_consistent
600803.SH,新奥股份,2025,Q_G_ROE,1,19.35,9,0.92,auto_policy_eligible,run_resolve_pending,official_annual_direct_consistent
600803.SH,新奥股份,2025,Q_S_DIVIDEND_PER_SHARE,1,1.14,68,0.94,auto_policy_eligible,run_resolve_pending,official_annual_direct_consistent
600803.SH,新奥股份,2025,Q_S_RD_RATE,1,0.74,34,0.96,auto_policy_eligible,run_resolve_pending,official_annual_direct_consistent
600821.SH,金开新能,2025,Q_G_AR_TURNOVER,1,0.44952,86,0.94,auto_policy_eligible,run_resolve_pending,official_annual_direct_consistent
600821.SH,金开新能,2025,Q_G_ASSET_TURNOVER,1,0.0869431,87,0.94,auto_policy_eligible,run_resolve_pending,official_annual_direct_consistent
600821.SH,金开新能,2025,Q_G_CASH_CURRENT_LIABILITY,1,43.2437,93,0.94,auto_policy_eligible,run_resolve_pending,official_annual_direct_consistent
600821.SH,金开新能,2025,Q_G_CASH_REALIZATION,1,187.74,93,0.94,auto_policy_eligible,run_resolve_pending,official_annual_direct_consistent
600821.SH,金开新能,2025,Q_G_COST_REVENUE_RATE,1,81.7461,90,0.94,auto_policy_eligible,run_resolve_pending,official_annual_direct_consistent
600821.SH,金开新能,2025,Q_G_CURRENT_ASSET_TURNOVER,1,0.348469,86,0.94,auto_policy_eligible,run_resolve_pending,official_annual_direct_consistent
600821.SH,金开新能,2025,Q_G_DEBT_ASSET_RATE,1,72.4189,87,0.94,auto_policy_eligible,run_resolve_pending,consolidated_statement_year_end_derived
600821.SH,金开新能,2025,Q_G_EBITDA_INTEREST,1,1.37333,91,0.94,auto_policy_eligible,run_resolve_pending,official_annual_direct_consistent
600821.SH,金开新能,2025,Q_G_OPERATING_MARGIN,1,7.97675,91,0.94,auto_policy_eligible,run_resolve_pending,official_annual_direct_consistent
600821.SH,金开新能,2025,Q_G_OPERATING_PROFIT_GROWTH,1,-74.2123,91,0.94,auto_policy_eligible,run_resolve_pending,official_annual_direct_consistent
600821.SH,金开新能,2025,Q_G_REVENUE_GROWTH,1,-4.44311,7,0.91,auto_policy_eligible,run_resolve_pending,official_annual_direct_consistent
600821.SH,金开新能,2025,Q_G_ROA,1,2.78067,91,0.94,auto_policy_eligible,run_resolve_pending,official_annual_direct_consistent
600821.SH,金开新能,2025,Q_G_ROE,1,1.11,7,0.92,auto_policy_eligible,run_resolve_pending,official_annual_direct_consistent
600821.SH,金开新能,2025,Q_G_TWO_FUNDS_RATE,1,77.1935,86,0.94,auto_policy_eligible,run_resolve_pending,official_annual_direct_consistent
600821.SH,金开新能,2025,Q_S_DIVIDEND_PER_SHARE,1,0.1,52,0.94,auto_policy_eligible,run_resolve_pending,official_annual_direct_consistent
600821.SH,金开新能,2025,Q_S_RD_RATE,1,0.36,21,0.96,auto_policy_eligible,run_resolve_pending,official_annual_direct_consistent
600847.SH,万里股份,2025,Q_G_AR_TURNOVER,1,7.58097,53,0.94,auto_policy_eligible,run_resolve_pending,official_annual_direct_consistent
600847.SH,万里股份,2025,Q_G_ASSET_TURNOVER,1,1.70527,54,0.94,auto_policy_eligible,run_resolve_pending,official_annual_direct_consistent
600847.SH,万里股份,2025,Q_G_CASH_CURRENT_LIABILITY,1,-2.92437,61,0.94,auto_policy_eligible,run_resolve_pending,official_annual_direct_consistent
600847.SH,万里股份,2025,Q_G_CASH_REALIZATION,1,103.199,61,0.94,auto_policy_eligible,run_resolve_pending,official_annual_direct_consistent
600847.SH,万里股份,2025,Q_G_COST_REVENUE_RATE,1,108.876,57,0.94,auto_policy_eligible,run_resolve_pending,official_annual_direct_consistent
600847.SH,万里股份,2025,Q_G_CURRENT_ASSET_TURNOVER,1,1.17288,53,0.94,auto_policy_eligible,run_resolve_pending,official_annual_direct_consistent
600847.SH,万里股份,2025,Q_G_DEBT_ASSET_RATE,1,12.8964,54,0.94,auto_policy_eligible,run_resolve_pending,consolidated_statement_year_end_derived
600847.SH,万里股份,2025,Q_G_EBITDA_INTEREST,1,-399.863,58,0.94,auto_policy_eligible,run_resolve_pending,official_annual_direct_consistent
600847.SH,万里股份,2025,Q_G_OPERATING_MARGIN,1,-10.357,58,0.94,auto_policy_eligible,run_resolve_pending,official_annual_direct_consistent
600847.SH,万里股份,2025,Q_G_OPERATING_PROFIT_GROWTH,1,36.8216,58,0.94,auto_policy_eligible,run_resolve_pending,official_annual_direct_consistent
600847.SH,万里股份,2025,Q_G_REVENUE_GROWTH,1,-12.3866,5,0.91,auto_policy_eligible,run_resolve_pending,official_annual_direct_consistent
600847.SH,万里股份,2025,Q_G_ROA,1,-17.7777,58,0.94,auto_policy_eligible,run_resolve_pending,official_annual_direct_consistent
600847.SH,万里股份,2025,Q_G_ROE,2,10.15,6|168,0.92,auto_policy_eligible,run_resolve_pending,official_annual_direct_consistent
600847.SH,万里股份,2025,Q_G_TWO_FUNDS_RATE,1,41.2645,53,0.94,auto_policy_eligible,run_resolve_pending,official_annual_direct_consistent
600847.SH,万里股份,2025,Q_S_RD_RATE,1,0.79,14,0.96,auto_policy_eligible,run_resolve_pending,official_annual_direct_consistent
600863.SH,华能蒙电,2025,Q_G_AR_TURNOVER,1,4.51277,127,0.94,auto_policy_eligible,run_resolve_pending,official_annual_direct_consistent
600863.SH,华能蒙电,2025,Q_G_ASSET_TURNOVER,1,0.813436,128,0.94,auto_policy_eligible,run_resolve_pending,official_annual_direct_consistent
600863.SH,华能蒙电,2025,Q_G_CASH_CURRENT_LIABILITY,1,40.3926,136,0.94,auto_policy_eligible,run_resolve_pending,official_annual_direct_consistent
600863.SH,华能蒙电,2025,Q_G_CASH_REALIZATION,1,116.044,136,0.94,auto_policy_eligible,run_resolve_pending,official_annual_direct_consistent
600863.SH,华能蒙电,2025,Q_G_COST_REVENUE_RATE,1,82.195,131,0.94,auto_policy_eligible,run_resolve_pending,official_annual_direct_consistent
600863.SH,华能蒙电,2025,Q_G_CURRENT_ASSET_TURNOVER,1,2.946,127,0.94,auto_policy_eligible,run_resolve_pending,official_annual_direct_consistent
600863.SH,华能蒙电,2025,Q_G_DEBT_ASSET_RATE,1,52.7299,129,0.94,auto_policy_eligible,run_resolve_pending,consolidated_statement_year_end_derived
600863.SH,华能蒙电,2025,Q_G_EBITDA_INTEREST,1,14.2425,132,0.94,auto_policy_eligible,run_resolve_pending,official_annual_direct_consistent
600863.SH,华能蒙电,2025,Q_G_OPERATING_MARGIN,1,19.2304,132,0.94,auto_policy_eligible,run_resolve_pending,official_annual_direct_consistent
600863.SH,华能蒙电,2025,Q_G_REVENUE_GROWTH,1,-11.7569,8,0.91,auto_policy_eligible,run_resolve_pending,official_annual_direct_consistent
600863.SH,华能蒙电,2025,Q_G_ROA,1,15.5632,132,0.94,auto_policy_eligible,run_resolve_pending,official_annual_direct_consistent
600863.SH,华能蒙电,2025,Q_G_ROE,1,12.25,8,0.92,auto_policy_eligible,run_resolve_pending,official_annual_direct_consistent
600863.SH,华能蒙电,2025,Q_G_TWO_FUNDS_RATE,1,73.69,127,0.94,auto_policy_eligible,run_resolve_pending,official_annual_direct_consistent
600863.SH,华能蒙电,2025,Q_S_DIVIDEND_PER_SHARE,1,0.22,74,0.94,auto_policy_eligible,run_resolve_pending,official_annual_direct_consistent
600863.SH,华能蒙电,2025,Q_S_RD_RATE,1,1.28,31,0.96,auto_policy_eligible,run_resolve_pending,official_annual_direct_consistent
600868.SH,梅雁吉祥,2025,Q_G_AR_TURNOVER,1,2.28855,73,0.94,auto_policy_eligible,run_resolve_pending,official_annual_direct_consistent
600868.SH,梅雁吉祥,2025,Q_G_ASSET_TURNOVER,1,0.262629,74,0.94,auto_policy_eligible,run_resolve_pending,official_annual_direct_consistent
600868.SH,梅雁吉祥,2025,Q_G_CASH_CURRENT_LIABILITY,1,18.3503,81,0.94,auto_policy_eligible,run_resolve_pending,official_annual_direct_consistent
600868.SH,梅雁吉祥,2025,Q_G_CASH_REALIZATION,1,122.651,81,0.94,auto_policy_eligible,run_resolve_pending,official_annual_direct_consistent
600868.SH,梅雁吉祥,2025,Q_G_COST_REVENUE_RATE,1,113.569,77,0.94,auto_policy_eligible,run_resolve_pending,official_annual_direct_consistent
600868.SH,梅雁吉祥,2025,Q_G_CURRENT_ASSET_TURNOVER,1,0.762491,73,0.94,auto_policy_eligible,run_resolve_pending,official_annual_direct_consistent
600868.SH,梅雁吉祥,2025,Q_G_DEBT_ASSET_RATE,1,33.2153,74,0.94,auto_policy_eligible,run_resolve_pending,consolidated_statement_year_end_derived
600868.SH,梅雁吉祥,2025,Q_G_EBITDA_INTEREST,1,-8.01909,78,0.94,auto_policy_eligible,run_resolve_pending,official_annual_direct_consistent
600868.SH,梅雁吉祥,2025,Q_G_OPERATING_MARGIN,1,-51.8486,78,0.94,auto_policy_eligible,run_resolve_pending,official_annual_direct_consistent
600868.SH,梅雁吉祥,2025,Q_G_REVENUE_GROWTH,1,3.39954,6,0.91,auto_policy_eligible,run_resolve_pending,official_annual_direct_consistent
600868.SH,梅雁吉祥,2025,Q_G_ROA,1,-12.3576,78,0.94,auto_policy_eligible,run_resolve_pending,official_annual_direct_consistent
600868.SH,梅雁吉祥,2025,Q_G_ROE,1,4.94,7,0.92,auto_policy_eligible,run_resolve_pending,official_annual_direct_consistent
600868.SH,梅雁吉祥,2025,Q_G_TWO_FUNDS_RATE,1,38.3668,73,0.94,auto_policy_eligible,run_resolve_pending,official_annual_direct_consistent
600868.SH,梅雁吉祥,2025,Q_S_RD_RATE,1,1.5,23,0.96,auto_policy_eligible,run_resolve_pending,official_annual_direct_consistent
600869.SH,远东股份,2025,Q_G_AR_TURNOVER,1,4.99363,71,0.94,auto_policy_eligible,run_resolve_pending,official_annual_direct_consistent
600869.SH,远东股份,2025,Q_G_ASSET_TURNOVER,1,1.36181,72,0.94,auto_policy_eligible,run_resolve_pending,official_annual_direct_consistent
600869.SH,远东股份,2025,Q_G_CASH_CURRENT_LIABILITY,1,6.26548,80,0.94,auto_policy_eligible,run_resolve_pending,official_annual_direct_consistent
600869.SH,远东股份,2025,Q_G_CASH_REALIZATION,1,102.97,80,0.94,auto_policy_eligible,run_resolve_pending,official_annual_direct_consistent
600869.SH,远东股份,2025,Q_G_COST_REVENUE_RATE,1,99.933,76,0.94,auto_policy_eligible,run_resolve_pending,official_annual_direct_consistent
600869.SH,远东股份,2025,Q_G_CURRENT_ASSET_TURNOVER,1,1.99344,72,0.94,auto_policy_eligible,run_resolve_pending,official_annual_direct_consistent
600869.SH,远东股份,2025,Q_G_DEBT_ASSET_RATE,1,80.1718,73,0.94,auto_policy_eligible,run_resolve_pending,consolidated_statement_year_end_derived
600869.SH,远东股份,2025,Q_G_EBITDA_INTEREST,1,1.17123,77,0.94,auto_policy_eligible,run_resolve_pending,official_annual_direct_consistent
600869.SH,远东股份,2025,Q_G_OPERATING_MARGIN,1,0.232235,76,0.94,auto_policy_eligible,run_resolve_pending,official_annual_direct_consistent
600869.SH,远东股份,2025,Q_G_OPERATING_PROFIT_GROWTH,1,-117.299,76,0.94,auto_policy_eligible,run_resolve_pending,official_annual_direct_consistent
600869.SH,远东股份,2025,Q_G_REVENUE_GROWTH,1,7.71823,7,0.91,auto_policy_eligible,run_resolve_pending,official_annual_direct_consistent
600869.SH,远东股份,2025,Q_G_ROA,1,2.04786,77,0.94,auto_policy_eligible,run_resolve_pending,official_annual_direct_consistent
600869.SH,远东股份,2025,Q_G_ROE,1,1.39,7,0.92,auto_policy_eligible,run_resolve_pending,official_annual_direct_consistent
600869.SH,远东股份,2025,Q_G_TWO_FUNDS_RATE,1,56.3617,72,0.94,auto_policy_eligible,run_resolve_pending,official_annual_direct_consistent
600869.SH,远东股份,2025,Q_S_DIVIDEND_PER_SHARE,1,0.01,43,0.94,auto_policy_eligible,run_resolve_pending,official_annual_direct_consistent
600869.SH,远东股份,2025,Q_S_RD_RATE,1,1.99,19,0.96,auto_policy_eligible,run_resolve_pending,official_annual_direct_consistent
600871.SH,石化油服,2025,Q_G_DEBT_ASSET_RATE,2,88,13|36,0.9,auto_policy_eligible,run_resolve_pending,official_annual_direct_consistent
600871.SH,石化油服,2025,Q_G_REVENUE_GROWTH,1,-0.473512,9,0.91,auto_policy_eligible,run_resolve_pending,official_annual_direct_consistent
600871.SH,石化油服,2025,Q_G_ROE,1,7.35,10,0.92,auto_policy_eligible,run_resolve_pending,official_annual_direct_consistent
600871.SH,石化油服,2025,Q_S_DIVIDEND_PER_SHARE,1,0,48,0.94,auto_policy_eligible,run_resolve_pending,official_annual_direct_consistent
600871.SH,石化油服,2025,Q_S_RD_RATE,1,2.8,26,0.96,auto_policy_eligible,run_resolve_pending,official_annual_direct_consistent
600875.SH,东方电气,2025,Q_G_REVENUE_GROWTH,1,13.1062,5,0.91,auto_policy_eligible,run_resolve_pending,official_annual_direct_consistent
600875.SH,东方电气,2025,Q_G_ROE,1,9,6,0.92,auto_policy_eligible,run_resolve_pending,official_annual_direct_consistent
600875.SH,东方电气,2025,Q_S_DIVIDEND_PER_SHARE,1,0.53,45,0.94,auto_policy_eligible,run_resolve_pending,official_annual_direct_consistent
600875.SH,东方电气,2025,Q_S_RD_RATE,1,4.94,19,0.96,auto_policy_eligible,run_resolve_pending,official_annual_direct_consistent
600884.SH,杉杉股份,2025,Q_G_AR_TURNOVER,1,4.38161,84,0.94,auto_policy_eligible,run_resolve_pending,official_annual_direct_consistent
600884.SH,杉杉股份,2025,Q_G_ASSET_TURNOVER,1,0.472653,84,0.94,auto_policy_eligible,run_resolve_pending,official_annual_direct_consistent
600884.SH,杉杉股份,2025,Q_G_CAPITAL_ACCUMULATION,1,1.75795,84,0.94,auto_policy_eligible,run_resolve_pending,official_annual_direct_consistent
600884.SH,杉杉股份,2025,Q_G_CASH_CURRENT_LIABILITY,1,14.8224,88,0.94,auto_policy_eligible,run_resolve_pending,official_annual_direct_consistent
600884.SH,杉杉股份,2025,Q_G_CASH_REALIZATION,1,97.39,88,0.94,auto_policy_eligible,run_resolve_pending,official_annual_direct_consistent
600884.SH,杉杉股份,2025,Q_G_COST_REVENUE_RATE,1,95.7789,86,0.94,auto_policy_eligible,run_resolve_pending,official_annual_direct_consistent
600884.SH,杉杉股份,2025,Q_G_CURRENT_ASSET_TURNOVER,1,1.28362,84,0.94,auto_policy_eligible,run_resolve_pending,official_annual_direct_consistent
600884.SH,杉杉股份,2025,Q_G_DEBT_ASSET_RATE,1,49.1001,84,0.94,auto_policy_eligible,run_resolve_pending,consolidated_statement_year_end_derived
600884.SH,杉杉股份,2025,Q_G_EBITDA_INTEREST,1,2.03854,86,0.94,auto_policy_eligible,run_resolve_pending,official_annual_direct_consistent
600884.SH,杉杉股份,2025,Q_G_OPERATING_MARGIN,1,2.86479,86,0.94,auto_policy_eligible,run_resolve_pending,official_annual_direct_consistent
600884.SH,杉杉股份,2025,Q_G_OPERATING_PROFIT_GROWTH,1,-367.603,86,0.94,auto_policy_eligible,run_resolve_pending,official_annual_direct_consistent
600884.SH,杉杉股份,2025,Q_G_REVENUE_GROWTH,1,15.5639,7,0.91,auto_policy_eligible,run_resolve_pending,official_annual_direct_consistent
600884.SH,杉杉股份,2025,Q_G_ROA,1,2.65666,86,0.94,auto_policy_eligible,run_resolve_pending,official_annual_direct_consistent
600884.SH,杉杉股份,2025,Q_G_ROE,2,2.1,7|188,0.92,auto_policy_eligible,run_resolve_pending,official_annual_direct_consistent
600884.SH,杉杉股份,2025,Q_G_TWO_FUNDS_RATE,1,71.5181,84,0.94,auto_policy_eligible,run_resolve_pending,official_annual_direct_consistent
600884.SH,杉杉股份,2025,Q_S_RD_RATE,1,5.57,30,0.96,auto_policy_eligible,run_resolve_pending,official_annual_direct_consistent
600885.SH,宏发股份,2025,Q_G_AR_TURNOVER,1,4.63995,82,0.94,auto_policy_eligible,run_resolve_pending,official_annual_direct_consistent
600885.SH,宏发股份,2025,Q_G_ASSET_TURNOVER,1,1.43559,83,0.94,auto_policy_eligible,run_resolve_pending,official_annual_direct_consistent
600885.SH,宏发股份,2025,Q_G_CASH_CURRENT_LIABILITY,1,47.8302,91,0.94,auto_policy_eligible,run_resolve_pending,official_annual_direct_consistent
600885.SH,宏发股份,2025,Q_G_CASH_REALIZATION,1,102.484,91,0.94,auto_policy_eligible,run_resolve_pending,official_annual_direct_consistent
600885.SH,宏发股份,2025,Q_G_COST_REVENUE_RATE,1,85.5233,87,0.94,auto_policy_eligible,run_resolve_pending,official_annual_direct_consistent
600885.SH,宏发股份,2025,Q_G_CURRENT_ASSET_TURNOVER,1,2.29233,83,0.94,auto_policy_eligible,run_resolve_pending,official_annual_direct_consistent
600885.SH,宏发股份,2025,Q_G_EBITDA_INTEREST,1,20.6561,88,0.94,auto_policy_eligible,run_resolve_pending,official_annual_direct_consistent
600885.SH,宏发股份,2025,Q_G_OPERATING_MARGIN,1,15.6635,87,0.94,auto_policy_eligible,run_resolve_pending,official_annual_direct_consistent
600885.SH,宏发股份,2025,Q_G_OPERATING_PROFIT_GROWTH,1,10.2298,87,0.94,auto_policy_eligible,run_resolve_pending,official_annual_direct_consistent
600885.SH,宏发股份,2025,Q_G_REVENUE_GROWTH,1,21.9818,8,0.91,auto_policy_eligible,run_resolve_pending,official_annual_direct_consistent
600885.SH,宏发股份,2025,Q_G_ROA,1,23.5788,88,0.94,auto_policy_eligible,run_resolve_pending,official_annual_direct_consistent
600885.SH,宏发股份,2025,Q_G_ROE,1,17.23,8,0.92,auto_policy_eligible,run_resolve_pending,official_annual_direct_consistent
600885.SH,宏发股份,2025,Q_G_TWO_FUNDS_RATE,1,56.2283,83,0.94,auto_policy_eligible,run_resolve_pending,official_annual_direct_consistent
600885.SH,宏发股份,2025,Q_S_DIVIDEND_PER_SHARE,1,0.347,44,0.94,auto_policy_eligible,run_resolve_pending,official_annual_direct_consistent
600885.SH,宏发股份,2025,Q_S_RD_RATE,1,5.31,23,0.96,auto_policy_eligible,run_resolve_pending,official_annual_direct_consistent
600886.SH,国投电力,2025,Q_G_AR_TURNOVER,1,3.95175,96,0.94,auto_policy_eligible,run_resolve_pending,official_annual_direct_consistent
600886.SH,国投电力,2025,Q_G_ASSET_TURNOVER,1,0.173785,96,0.94,auto_policy_eligible,run_resolve_pending,official_annual_direct_consistent
600886.SH,国投电力,2025,Q_G_CASH_CURRENT_LIABILITY,1,51.374,104,0.94,auto_policy_eligible,run_resolve_pending,official_annual_direct_consistent
600886.SH,国投电力,2025,Q_G_CASH_REALIZATION,1,121.551,104,0.94,auto_policy_eligible,run_resolve_pending,official_annual_direct_consistent
600886.SH,国投电力,2025,Q_G_COST_REVENUE_RATE,1,71.0548,101,0.94,auto_policy_eligible,run_resolve_pending,official_annual_direct_consistent
600886.SH,国投电力,2025,Q_G_CURRENT_ASSET_TURNOVER,1,1.56782,96,0.94,auto_policy_eligible,run_resolve_pending,official_annual_direct_consistent
600886.SH,国投电力,2025,Q_G_EBITDA_INTEREST,1,4.9877,101,0.94,auto_policy_eligible,run_resolve_pending,official_annual_direct_consistent
600886.SH,国投电力,2025,Q_G_OPERATING_MARGIN,1,30.7513,101,0.94,auto_policy_eligible,run_resolve_pending,official_annual_direct_consistent
600886.SH,国投电力,2025,Q_G_OPERATING_PROFIT_GROWTH,1,3.02472,101,0.94,auto_policy_eligible,run_resolve_pending,official_annual_direct_consistent
600886.SH,国投电力,2025,Q_G_REVENUE_GROWTH,1,-8.31011,9,0.91,auto_policy_eligible,run_resolve_pending,official_annual_direct_consistent
600886.SH,国投电力,2025,Q_G_ROA,1,6.69065,101,0.94,auto_policy_eligible,run_resolve_pending,official_annual_direct_consistent
600886.SH,国投电力,2025,Q_G_TWO_FUNDS_RATE,1,32.5769,96,0.94,auto_policy_eligible,run_resolve_pending,official_annual_direct_consistent
600886.SH,国投电力,2025,Q_S_DIVIDEND_PER_SHARE,1,0.5081,59,0.94,auto_policy_eligible,run_resolve_pending,official_annual_direct_consistent
600886.SH,国投电力,2025,Q_S_RD_RATE,1,0.56,25,0.96,auto_policy_eligible,run_resolve_pending,official_annual_direct_consistent
600900.SH,长江电力,2025,Q_E_ENERGY_INTENSITY,1,2,67,0.82,auto_policy_eligible,run_resolve_pending,official_esg_direct_consistent
600900.SH,长江电力,2025,Q_E_GHG_INTENSITY,1,6.68,56,0.82,auto_policy_eligible,run_resolve_pending,official_esg_direct_consistent
600900.SH,长江电力,2025,Q_E_WATER_INTENSITY,1,810,14,0.82,auto_policy_eligible,run_resolve_pending,official_esg_direct_consistent
600900.SH,长江电力,2025,Q_G_AR_TURNOVER,1,10.4041,80,0.94,auto_policy_eligible,run_resolve_pending,official_annual_direct_consistent
600900.SH,长江电力,2025,Q_G_ASSET_TURNOVER,1,0.300291,81,0.94,auto_policy_eligible,run_resolve_pending,official_annual_direct_consistent
600900.SH,长江电力,2025,Q_G_CAPITAL_ACCUMULATION,1,5.07761,82,0.94,auto_policy_eligible,run_resolve_pending,official_annual_direct_consistent
600900.SH,长江电力,2025,Q_G_CASH_CURRENT_LIABILITY,1,50.919,88,0.94,auto_policy_eligible,run_resolve_pending,official_annual_direct_consistent
600900.SH,长江电力,2025,Q_G_CASH_REALIZATION,1,116.837,88,0.94,auto_policy_eligible,run_resolve_pending,official_annual_direct_consistent
600900.SH,长江电力,2025,Q_G_COST_REVENUE_RATE,1,56.546,84,0.94,auto_policy_eligible,run_resolve_pending,official_annual_direct_consistent
600900.SH,长江电力,2025,Q_G_CURRENT_ASSET_TURNOVER,1,5.56476,80,0.94,auto_policy_eligible,run_resolve_pending,official_annual_direct_consistent
600900.SH,长江电力,2025,Q_G_EBITDA_INTEREST,1,5.38964,85,0.94,auto_policy_eligible,run_resolve_pending,official_annual_direct_consistent
600900.SH,长江电力,2025,Q_G_OPERATING_MARGIN,1,49.3952,85,0.94,auto_policy_eligible,run_resolve_pending,official_annual_direct_consistent
600900.SH,长江电力,2025,Q_G_REVENUE_GROWTH,1,2.07129,6,0.91,auto_policy_eligible,run_resolve_pending,official_annual_direct_consistent
600900.SH,长江电力,2025,Q_G_ROA,1,17.8445,85,0.94,auto_policy_eligible,run_resolve_pending,official_annual_direct_consistent
600900.SH,长江电力,2025,Q_G_ROE,2,15.9,7|14,0.92,auto_policy_eligible,run_resolve_pending,official_annual_direct_consistent
600900.SH,长江电力,2025,Q_G_TWO_FUNDS_RATE,1,58.6617,80,0.94,auto_policy_eligible,run_resolve_pending,official_annual_direct_consistent
600900.SH,长江电力,2025,Q_S_DIVIDEND_PER_SHARE,1,1,40,0.94,auto_policy_eligible,run_resolve_pending,official_annual_direct_consistent
600900.SH,长江电力,2025,Q_S_RD_RATE,1,2.85,15,0.96,auto_policy_eligible,run_resolve_pending,official_annual_direct_consistent
600903.SH,贵州燃气,2025,Q_G_AR_TURNOVER,1,6.46568,101,0.94,auto_policy_eligible,run_resolve_pending,official_annual_direct_consistent
600903.SH,贵州燃气,2025,Q_G_ASSET_TURNOVER,1,0.571849,102,0.94,auto_policy_eligible,run_resolve_pending,official_annual_direct_consistent
600903.SH,贵州燃气,2025,Q_G_CASH_REALIZATION,1,111.008,109,0.94,auto_policy_eligible,run_resolve_pending,official_annual_direct_consistent
600903.SH,贵州燃气,2025,Q_G_COST_REVENUE_RATE,1,97.0165,105,0.94,auto_policy_eligible,run_resolve_pending,official_annual_direct_consistent
600903.SH,贵州燃气,2025,Q_G_CURRENT_ASSET_TURNOVER,1,2.74738,101,0.94,auto_policy_eligible,run_resolve_pending,official_annual_direct_consistent
600903.SH,贵州燃气,2025,Q_G_EBITDA_INTEREST,1,1.9427,106,0.94,auto_policy_eligible,run_resolve_pending,official_annual_direct_consistent
600903.SH,贵州燃气,2025,Q_G_OPERATING_MARGIN,1,2.41221,106,0.94,auto_policy_eligible,run_resolve_pending,official_annual_direct_consistent
600903.SH,贵州燃气,2025,Q_G_OPERATING_PROFIT_GROWTH,1,-11.4136,106,0.94,auto_policy_eligible,run_resolve_pending,official_annual_direct_consistent
600903.SH,贵州燃气,2025,Q_G_REVENUE_GROWTH,1,-0.585974,8,0.91,auto_policy_eligible,run_resolve_pending,official_annual_direct_consistent
600903.SH,贵州燃气,2025,Q_G_ROA,1,3.06505,106,0.94,auto_policy_eligible,run_resolve_pending,official_annual_direct_consistent
600903.SH,贵州燃气,2025,Q_G_ROE,1,1.53,8,0.92,auto_policy_eligible,run_resolve_pending,official_annual_direct_consistent
600903.SH,贵州燃气,2025,Q_G_TWO_FUNDS_RATE,1,59.9501,101,0.94,auto_policy_eligible,run_resolve_pending,official_annual_direct_consistent
600903.SH,贵州燃气,2025,Q_S_DIVIDEND_PER_SHARE,1,0.014,52,0.94,auto_policy_eligible,run_resolve_pending,official_annual_direct_consistent
600903.SH,贵州燃气,2025,Q_S_RD_RATE,1,0.23,17,0.96,auto_policy_eligible,run_resolve_pending,official_annual_direct_consistent
600905.SH,三峡能源,2025,Q_G_AR_TURNOVER,1,0.610668,110,0.94,auto_policy_eligible,run_resolve_pending,official_annual_direct_consistent
600905.SH,三峡能源,2025,Q_G_ASSET_TURNOVER,1,0.0763259,111,0.94,auto_policy_eligible,run_resolve_pending,official_annual_direct_consistent
600905.SH,三峡能源,2025,Q_G_CAPITAL_ACCUMULATION,1,4.83987,112,0.94,auto_policy_eligible,run_resolve_pending,official_annual_direct_consistent
600905.SH,三峡能源,2025,Q_G_CASH_CURRENT_LIABILITY,1,32.7753,118,0.94,auto_policy_eligible,run_resolve_pending,official_annual_direct_consistent
600905.SH,三峡能源,2025,Q_G_CASH_REALIZATION,1,102.11,118,0.94,auto_policy_eligible,run_resolve_pending,official_annual_direct_consistent
600905.SH,三峡能源,2025,Q_G_COST_REVENUE_RATE,1,81.2215,115,0.94,auto_policy_eligible,run_resolve_pending,official_annual_direct_consistent
600905.SH,三峡能源,2025,Q_G_CURRENT_ASSET_TURNOVER,1,0.507942,111,0.94,auto_policy_eligible,run_resolve_pending,official_annual_direct_consistent
600905.SH,三峡能源,2025,Q_G_EBITDA_INTEREST,1,2.20728,115,0.94,auto_policy_eligible,run_resolve_pending,official_annual_direct_consistent
600905.SH,三峡能源,2025,Q_G_OPERATING_MARGIN,1,17.8796,115,0.94,auto_policy_eligible,run_resolve_pending,official_annual_direct_consistent
600905.SH,三峡能源,2025,Q_G_OPERATING_PROFIT_GROWTH,1,-40.4184,115,0.94,auto_policy_eligible,run_resolve_pending,official_annual_direct_consistent
600905.SH,三峡能源,2025,Q_G_REVENUE_GROWTH,1,-4.4339,8,0.91,auto_policy_eligible,run_resolve_pending,official_annual_direct_consistent
600905.SH,三峡能源,2025,Q_G_ROA,1,2.47278,115,0.94,auto_policy_eligible,run_resolve_pending,official_annual_direct_consistent
600905.SH,三峡能源,2025,Q_G_ROE,1,4.23,9,0.92,auto_policy_eligible,run_resolve_pending,official_annual_direct_consistent
600905.SH,三峡能源,2025,Q_G_TWO_FUNDS_RATE,1,85.6316,111,0.94,auto_policy_eligible,run_resolve_pending,official_annual_direct_consistent
600905.SH,三峡能源,2025,Q_S_DIVIDEND_PER_SHARE,1,0.041,58,0.94,auto_policy_eligible,run_resolve_pending,official_annual_direct_consistent
600905.SH,三峡能源,2025,Q_S_RD_RATE,2,1.95,22|24,0.96,auto_policy_eligible,run_resolve_pending,official_annual_direct_consistent
600917.SH,重庆燃气,2025,Q_G_AR_TURNOVER,1,13.0846,57,0.94,auto_policy_eligible,run_resolve_pending,official_annual_direct_consistent
600917.SH,重庆燃气,2025,Q_G_ASSET_TURNOVER,1,0.932285,58,0.94,auto_policy_eligible,run_resolve_pending,official_annual_direct_consistent
600917.SH,重庆燃气,2025,Q_G_CASH_CURRENT_LIABILITY,1,11.3575,65,0.94,auto_policy_eligible,run_resolve_pending,official_annual_direct_consistent
600917.SH,重庆燃气,2025,Q_G_CASH_REALIZATION,1,115.936,65,0.94,auto_policy_eligible,run_resolve_pending,official_annual_direct_consistent
600917.SH,重庆燃气,2025,Q_G_COST_REVENUE_RATE,1,98.3573,61,0.94,auto_policy_eligible,run_resolve_pending,official_annual_direct_consistent
600917.SH,重庆燃气,2025,Q_G_CURRENT_ASSET_TURNOVER,1,3.80333,57,0.94,auto_policy_eligible,run_resolve_pending,official_annual_direct_consistent
600917.SH,重庆燃气,2025,Q_G_DEBT_ASSET_RATE,1,41.3574,58,0.94,auto_policy_eligible,run_resolve_pending,consolidated_statement_year_end_derived
600917.SH,重庆燃气,2025,Q_G_EBITDA_INTEREST,1,12.5007,62,0.94,auto_policy_eligible,run_resolve_pending,official_annual_direct_consistent
600917.SH,重庆燃气,2025,Q_G_OPERATING_MARGIN,1,2.73138,62,0.94,auto_policy_eligible,run_resolve_pending,official_annual_direct_consistent
600917.SH,重庆燃气,2025,Q_G_OPERATING_PROFIT_GROWTH,1,-41.2006,62,0.94,auto_policy_eligible,run_resolve_pending,official_annual_direct_consistent
600917.SH,重庆燃气,2025,Q_G_REVENUE_GROWTH,1,1.4104,7,0.91,auto_policy_eligible,run_resolve_pending,official_annual_direct_consistent
600917.SH,重庆燃气,2025,Q_G_ROA,1,2.82943,62,0.94,auto_policy_eligible,run_resolve_pending,official_annual_direct_consistent
600917.SH,重庆燃气,2025,Q_G_ROE,1,3.65,7,0.92,auto_policy_eligible,run_resolve_pending,official_annual_direct_consistent
600917.SH,重庆燃气,2025,Q_G_TWO_FUNDS_RATE,1,33.0634,57,0.94,auto_policy_eligible,run_resolve_pending,official_annual_direct_consistent
600917.SH,重庆燃气,2025,Q_S_DIVIDEND_PER_SHARE,1,0.054,33,0.94,auto_policy_eligible,run_resolve_pending,official_annual_direct_consistent
600925.SH,苏能股份,2025,Q_G_AR_TURNOVER,1,15.5547,95,0.94,auto_policy_eligible,run_resolve_pending,official_annual_direct_consistent
600925.SH,苏能股份,2025,Q_G_ASSET_TURNOVER,1,0.316409,96,0.94,auto_policy_eligible,run_resolve_pending,official_annual_direct_consistent
600925.SH,苏能股份,2025,Q_G_CASH_CURRENT_LIABILITY,1,15.9741,104,0.94,auto_policy_eligible,run_resolve_pending,official_annual_direct_consistent
600925.SH,苏能股份,2025,Q_G_CASH_REALIZATION,1,218.498,103,0.94,auto_policy_eligible,run_resolve_pending,official_annual_direct_consistent
600925.SH,苏能股份,2025,Q_G_COST_REVENUE_RATE,1,90.4099,99,0.94,auto_policy_eligible,run_resolve_pending,official_annual_direct_consistent
600925.SH,苏能股份,2025,Q_G_CURRENT_ASSET_TURNOVER,1,1.16044,95,0.94,auto_policy_eligible,run_resolve_pending,official_annual_direct_consistent
600925.SH,苏能股份,2025,Q_G_DEBT_ASSET_RATE,1,56.9056,97,0.94,auto_policy_eligible,run_resolve_pending,consolidated_statement_year_end_derived
600925.SH,苏能股份,2025,Q_G_EBITDA_INTEREST,1,10.1731,100,0.94,auto_policy_eligible,run_resolve_pending,official_annual_direct_consistent
600925.SH,苏能股份,2025,Q_G_OPERATING_MARGIN,1,9.7165,100,0.94,auto_policy_eligible,run_resolve_pending,official_annual_direct_consistent
600925.SH,苏能股份,2025,Q_G_OPERATING_PROFIT_GROWTH,1,-49.8727,100,0.94,auto_policy_eligible,run_resolve_pending,official_annual_direct_consistent
600925.SH,苏能股份,2025,Q_G_REVENUE_GROWTH,1,-10.6842,7,0.91,auto_policy_eligible,run_resolve_pending,official_annual_direct_consistent
600925.SH,苏能股份,2025,Q_G_ROA,1,3.3569,100,0.94,auto_policy_eligible,run_resolve_pending,official_annual_direct_consistent
600925.SH,苏能股份,2025,Q_G_ROE,1,1.46,7,0.92,auto_policy_eligible,run_resolve_pending,official_annual_direct_consistent
600925.SH,苏能股份,2025,Q_G_TWO_FUNDS_RATE,1,12.9356,95,0.94,auto_policy_eligible,run_resolve_pending,official_annual_direct_consistent
600925.SH,苏能股份,2025,Q_S_DIVIDEND_PER_SHARE,1,0.02,47,0.94,auto_policy_eligible,run_resolve_pending,official_annual_direct_consistent
600925.SH,苏能股份,2025,Q_S_RD_RATE,1,2.35,21,0.96,auto_policy_eligible,run_resolve_pending,official_annual_direct_consistent
600938.SH,中国海油,2025,Q_G_ROE,1,15.64,11,0.92,auto_policy_eligible,run_resolve_pending,official_annual_direct_consistent
600938.SH,中国海油,2025,Q_S_RD_RATE,1,1.38,100,0.96,auto_policy_eligible,run_resolve_pending,official_annual_direct_consistent
600956.SH,新天绿能,2025,Q_G_AR_TURNOVER,1,2.90729,130,0.94,auto_policy_eligible,run_resolve_pending,official_annual_direct_consistent
600956.SH,新天绿能,2025,Q_G_ASSET_TURNOVER,1,0.223436,131,0.94,auto_policy_eligible,run_resolve_pending,official_annual_direct_consistent
600956.SH,新天绿能,2025,Q_G_CASH_CURRENT_LIABILITY,1,28.4249,139,0.94,auto_policy_eligible,run_resolve_pending,official_annual_direct_consistent
600956.SH,新天绿能,2025,Q_G_CASH_REALIZATION,1,116.892,138,0.94,auto_policy_eligible,run_resolve_pending,official_annual_direct_consistent
600956.SH,新天绿能,2025,Q_G_COST_REVENUE_RATE,1,90.4414,135,0.94,auto_policy_eligible,run_resolve_pending,official_annual_direct_consistent
600956.SH,新天绿能,2025,Q_G_CURRENT_ASSET_TURNOVER,1,1.32092,131,0.94,auto_policy_eligible,run_resolve_pending,official_annual_direct_consistent
600956.SH,新天绿能,2025,Q_G_EBITDA_INTEREST,1,3.38012,135,0.94,auto_policy_eligible,run_resolve_pending,official_annual_direct_consistent
600956.SH,新天绿能,2025,Q_G_OPERATING_MARGIN,1,12.1827,135,0.94,auto_policy_eligible,run_resolve_pending,official_annual_direct_consistent
600956.SH,新天绿能,2025,Q_G_OPERATING_PROFIT_GROWTH,1,3.27742,135,0.94,auto_policy_eligible,run_resolve_pending,official_annual_direct_consistent
600956.SH,新天绿能,2025,Q_G_REVENUE_GROWTH,1,-7.21176,14,0.91,auto_policy_eligible,run_resolve_pending,official_annual_direct_consistent
600956.SH,新天绿能,2025,Q_G_ROA,1,4.06927,135,0.94,auto_policy_eligible,run_resolve_pending,official_annual_direct_consistent
600956.SH,新天绿能,2025,Q_G_ROE,1,8.12,14,0.92,auto_policy_eligible,run_resolve_pending,official_annual_direct_consistent
600956.SH,新天绿能,2025,Q_G_TWO_FUNDS_RATE,1,54.46,131,0.94,auto_policy_eligible,run_resolve_pending,official_annual_direct_consistent
600956.SH,新天绿能,2025,Q_S_DIVIDEND_PER_SHARE,1,0.2,67,0.94,auto_policy_eligible,run_resolve_pending,official_annual_direct_consistent
600956.SH,新天绿能,2025,Q_S_RD_RATE,1,1.4,31,0.96,auto_policy_eligible,run_resolve_pending,official_annual_direct_consistent
600968.SH,海油发展,2025,Q_G_AR_TURNOVER,1,4.89815,68,0.94,auto_policy_eligible,run_resolve_pending,official_annual_direct_consistent
600968.SH,海油发展,2025,Q_G_ASSET_TURNOVER,1,1.00058,69,0.94,auto_policy_eligible,run_resolve_pending,official_annual_direct_consistent
600968.SH,海油发展,2025,Q_G_CASH_CURRENT_LIABILITY,1,29.633,77,0.94,auto_policy_eligible,run_resolve_pending,official_annual_direct_consistent
600968.SH,海油发展,2025,Q_G_CASH_REALIZATION,1,115.018,77,0.94,auto_policy_eligible,run_resolve_pending,official_annual_direct_consistent
600968.SH,海油发展,2025,Q_G_COST_REVENUE_RATE,1,90.9003,73,0.94,auto_policy_eligible,run_resolve_pending,official_annual_direct_consistent
600968.SH,海油发展,2025,Q_G_CURRENT_ASSET_TURNOVER,1,1.81887,69,0.94,auto_policy_eligible,run_resolve_pending,official_annual_direct_consistent
600968.SH,海油发展,2025,Q_G_EBITDA_INTEREST,1,45.4968,74,0.94,auto_policy_eligible,run_resolve_pending,official_annual_direct_consistent
600968.SH,海油发展,2025,Q_G_OPERATING_MARGIN,1,10.0866,73,0.94,auto_policy_eligible,run_resolve_pending,official_annual_direct_consistent
600968.SH,海油发展,2025,Q_G_OPERATING_PROFIT_GROWTH,1,1.39771,73,0.94,auto_policy_eligible,run_resolve_pending,official_annual_direct_consistent
600968.SH,海油发展,2025,Q_G_REVENUE_GROWTH,1,-4.10129,6,0.91,auto_policy_eligible,run_resolve_pending,official_annual_direct_consistent
600968.SH,海油发展,2025,Q_G_ROA,1,9.75643,74,0.94,auto_policy_eligible,run_resolve_pending,official_annual_direct_consistent
600968.SH,海油发展,2025,Q_G_ROE,1,13.69,7,0.92,auto_policy_eligible,run_resolve_pending,official_annual_direct_consistent
600968.SH,海油发展,2025,Q_G_TWO_FUNDS_RATE,1,38.067,69,0.94,auto_policy_eligible,run_resolve_pending,official_annual_direct_consistent
600968.SH,海油发展,2025,Q_S_DIVIDEND_PER_SHARE,1,0.147,41,0.94,auto_policy_eligible,run_resolve_pending,official_annual_direct_consistent
600969.SH,郴电国际,2025,Q_G_AR_TURNOVER,1,9.58463,60,0.94,auto_policy_eligible,run_resolve_pending,official_annual_direct_consistent
600969.SH,郴电国际,2025,Q_G_ASSET_TURNOVER,1,0.285365,61,0.94,auto_policy_eligible,run_resolve_pending,official_annual_direct_consistent
600969.SH,郴电国际,2025,Q_G_CASH_CURRENT_LIABILITY,1,28.3667,68,0.94,auto_policy_eligible,run_resolve_pending,official_annual_direct_consistent
600969.SH,郴电国际,2025,Q_G_CASH_REALIZATION,1,119.019,68,0.94,auto_policy_eligible,run_resolve_pending,official_annual_direct_consistent
600969.SH,郴电国际,2025,Q_G_COST_REVENUE_RATE,1,101.93,65,0.94,auto_policy_eligible,run_resolve_pending,official_annual_direct_consistent
600969.SH,郴电国际,2025,Q_G_CURRENT_ASSET_TURNOVER,1,1.5403,60,0.94,auto_policy_eligible,run_resolve_pending,official_annual_direct_consistent
600969.SH,郴电国际,2025,Q_G_DEBT_ASSET_RATE,1,72.5137,62,0.94,auto_policy_eligible,run_resolve_pending,consolidated_statement_year_end_derived
600969.SH,郴电国际,2025,Q_G_EBITDA_INTEREST,1,1.82851,65,0.94,auto_policy_eligible,run_resolve_pending,official_annual_direct_consistent
600969.SH,郴电国际,2025,Q_G_OPERATING_MARGIN,1,4.52397,65,0.94,auto_policy_eligible,run_resolve_pending,official_annual_direct_consistent
600969.SH,郴电国际,2025,Q_G_OPERATING_PROFIT_GROWTH,1,23.3259,65,0.94,auto_policy_eligible,run_resolve_pending,official_annual_direct_consistent
600969.SH,郴电国际,2025,Q_G_REVENUE_GROWTH,1,-3.36466,6,0.91,auto_policy_eligible,run_resolve_pending,official_annual_direct_consistent
600969.SH,郴电国际,2025,Q_G_ROA,1,2.76486,65,0.94,auto_policy_eligible,run_resolve_pending,official_annual_direct_consistent
600969.SH,郴电国际,2025,Q_G_ROE,1,2.13,6,0.92,auto_policy_eligible,run_resolve_pending,official_annual_direct_consistent
600969.SH,郴电国际,2025,Q_G_TWO_FUNDS_RATE,1,16.9575,60,0.94,auto_policy_eligible,run_resolve_pending,official_annual_direct_consistent
600969.SH,郴电国际,2025,Q_S_DIVIDEND_PER_SHARE,1,0.126,36,0.94,auto_policy_eligible,run_resolve_pending,official_annual_direct_consistent
600969.SH,郴电国际,2025,Q_S_RD_RATE,1,0.02,16,0.96,auto_policy_eligible,run_resolve_pending,official_annual_direct_consistent
600973.SH,宝胜股份,2025,Q_G_AR_TURNOVER,1,8.12493,79,0.94,auto_policy_eligible,run_resolve_pending,official_annual_direct_consistent
600973.SH,宝胜股份,2025,Q_G_ASSET_TURNOVER,1,2.28789,79,0.94,auto_policy_eligible,run_resolve_pending,official_annual_direct_consistent
600973.SH,宝胜股份,2025,Q_G_CASH_CURRENT_LIABILITY,1,5.75918,87,0.94,auto_policy_eligible,run_resolve_pending,official_annual_direct_consistent
600973.SH,宝胜股份,2025,Q_G_CASH_REALIZATION,1,114.137,87,0.94,auto_policy_eligible,run_resolve_pending,official_annual_direct_consistent
600973.SH,宝胜股份,2025,Q_G_COST_REVENUE_RATE,1,99.5682,83,0.94,auto_policy_eligible,run_resolve_pending,official_annual_direct_consistent
600973.SH,宝胜股份,2025,Q_G_CURRENT_ASSET_TURNOVER,1,3.19054,79,0.94,auto_policy_eligible,run_resolve_pending,official_annual_direct_consistent
600973.SH,宝胜股份,2025,Q_G_DEBT_ASSET_RATE,1,79.4379,80,0.94,auto_policy_eligible,run_resolve_pending,consolidated_statement_year_end_derived
600973.SH,宝胜股份,2025,Q_G_EBITDA_INTEREST,1,1.06648,84,0.94,auto_policy_eligible,run_resolve_pending,official_annual_direct_consistent
600973.SH,宝胜股份,2025,Q_G_OPERATING_MARGIN,1,0.0487551,84,0.94,auto_policy_eligible,run_resolve_pending,official_annual_direct_consistent
600973.SH,宝胜股份,2025,Q_G_REVENUE_GROWTH,1,3.44845,7,0.91,auto_policy_eligible,run_resolve_pending,official_annual_direct_consistent
600973.SH,宝胜股份,2025,Q_G_ROA,1,1.85357,84,0.94,auto_policy_eligible,run_resolve_pending,official_annual_direct_consistent
600973.SH,宝胜股份,2025,Q_G_ROE,1,1.25,7,0.92,auto_policy_eligible,run_resolve_pending,official_annual_direct_consistent
600973.SH,宝胜股份,2025,Q_G_TWO_FUNDS_RATE,1,62.9118,79,0.94,auto_policy_eligible,run_resolve_pending,official_annual_direct_consistent
600973.SH,宝胜股份,2025,Q_S_RD_RATE,1,1.2,24,0.96,auto_policy_eligible,run_resolve_pending,official_annual_direct_consistent
600979.SH,广安爱众,2025,Q_G_AR_TURNOVER,1,5.11182,97,0.94,auto_policy_eligible,run_resolve_pending,official_annual_direct_consistent
600979.SH,广安爱众,2025,Q_G_ASSET_TURNOVER,1,0.249849,97,0.94,auto_policy_eligible,run_resolve_pending,official_annual_direct_consistent
600979.SH,广安爱众,2025,Q_G_CASH_CURRENT_LIABILITY,1,8.67499,105,0.94,auto_policy_eligible,run_resolve_pending,official_annual_direct_consistent
600979.SH,广安爱众,2025,Q_G_CASH_REALIZATION,1,119.089,105,0.94,auto_policy_eligible,run_resolve_pending,official_annual_direct_consistent
600979.SH,广安爱众,2025,Q_G_COST_REVENUE_RATE,1,91.0273,101,0.94,auto_policy_eligible,run_resolve_pending,official_annual_direct_consistent
600979.SH,广安爱众,2025,Q_G_CURRENT_ASSET_TURNOVER,1,1.45581,97,0.94,auto_policy_eligible,run_resolve_pending,official_annual_direct_consistent
600979.SH,广安爱众,2025,Q_G_DEBT_ASSET_RATE,1,65.7241,98,0.94,auto_policy_eligible,run_resolve_pending,consolidated_statement_year_end_derived
600979.SH,广安爱众,2025,Q_G_EBITDA_INTEREST,1,-1.79588,102,0.94,auto_policy_eligible,run_resolve_pending,official_annual_direct_consistent
600979.SH,广安爱众,2025,Q_G_OPERATING_MARGIN,1,-7.87787,102,0.94,auto_policy_eligible,run_resolve_pending,official_annual_direct_consistent
600979.SH,广安爱众,2025,Q_G_OPERATING_PROFIT_GROWTH,1,-174.791,102,0.94,auto_policy_eligible,run_resolve_pending,official_annual_direct_consistent
600979.SH,广安爱众,2025,Q_G_REVENUE_GROWTH,1,-5.73975,7,0.91,auto_policy_eligible,run_resolve_pending,official_annual_direct_consistent
600979.SH,广安爱众,2025,Q_G_ROA,1,-1.49354,102,0.94,auto_policy_eligible,run_resolve_pending,official_annual_direct_consistent
600979.SH,广安爱众,2025,Q_G_ROE,1,8.42,8,0.92,auto_policy_eligible,run_resolve_pending,official_annual_direct_consistent
600979.SH,广安爱众,2025,Q_G_TWO_FUNDS_RATE,1,34.8637,97,0.94,auto_policy_eligible,run_resolve_pending,official_annual_direct_consistent
600979.SH,广安爱众,2025,Q_S_RD_RATE,1,0.02,24,0.96,auto_policy_eligible,run_resolve_pending,official_annual_direct_consistent
600982.SH,宁波能源,2025,Q_G_AR_TURNOVER,1,4.84999,91,0.94,auto_policy_eligible,run_resolve_pending,official_annual_direct_consistent
600982.SH,宁波能源,2025,Q_G_ASSET_TURNOVER,1,0.401589,92,0.94,auto_policy_eligible,run_resolve_pending,official_annual_direct_consistent
600982.SH,宁波能源,2025,Q_G_CASH_CURRENT_LIABILITY,1,11.2649,99,0.94,auto_policy_eligible,run_resolve_pending,official_annual_direct_consistent
600982.SH,宁波能源,2025,Q_G_CASH_REALIZATION,1,108.68,99,0.94,auto_policy_eligible,run_resolve_pending,official_annual_direct_consistent
600982.SH,宁波能源,2025,Q_G_COST_REVENUE_RATE,1,96.7862,95,0.94,auto_policy_eligible,run_resolve_pending,official_annual_direct_consistent
600982.SH,宁波能源,2025,Q_G_CURRENT_ASSET_TURNOVER,1,1.03252,91,0.94,auto_policy_eligible,run_resolve_pending,official_annual_direct_consistent
600982.SH,宁波能源,2025,Q_G_EBITDA_INTEREST,1,3.75281,96,0.94,auto_policy_eligible,run_resolve_pending,official_annual_direct_consistent
600982.SH,宁波能源,2025,Q_G_OPERATING_MARGIN,1,11.7263,96,0.94,auto_policy_eligible,run_resolve_pending,official_annual_direct_consistent
600982.SH,宁波能源,2025,Q_G_OPERATING_PROFIT_GROWTH,1,21.2232,96,0.94,auto_policy_eligible,run_resolve_pending,official_annual_direct_consistent
600982.SH,宁波能源,2025,Q_G_REVENUE_GROWTH,1,-10.7168,7,0.91,auto_policy_eligible,run_resolve_pending,official_annual_direct_consistent
600982.SH,宁波能源,2025,Q_G_ROA,1,6.627,96,0.94,auto_policy_eligible,run_resolve_pending,official_annual_direct_consistent
600982.SH,宁波能源,2025,Q_G_ROE,1,7.55,7,0.92,auto_policy_eligible,run_resolve_pending,official_annual_direct_consistent
600982.SH,宁波能源,2025,Q_G_TWO_FUNDS_RATE,1,43.4947,91,0.94,auto_policy_eligible,run_resolve_pending,official_annual_direct_consistent
600982.SH,宁波能源,2025,Q_S_DIVIDEND_PER_SHARE,1,0.17,45,0.94,auto_policy_eligible,run_resolve_pending,official_annual_direct_consistent
600982.SH,宁波能源,2025,Q_S_RD_RATE,1,1.4,17,0.96,auto_policy_eligible,run_resolve_pending,official_annual_direct_consistent
600995.SH,南网储能,2025,Q_G_AR_TURNOVER,1,14.4836,87,0.94,auto_policy_eligible,run_resolve_pending,official_annual_direct_consistent
600995.SH,南网储能,2025,Q_G_ASSET_TURNOVER,1,0.134658,88,0.94,auto_policy_eligible,run_resolve_pending,official_annual_direct_consistent
600995.SH,南网储能,2025,Q_G_CASH_CURRENT_LIABILITY,1,74.4752,96,0.94,auto_policy_eligible,run_resolve_pending,official_annual_direct_consistent
600995.SH,南网储能,2025,Q_G_CASH_REALIZATION,1,115.86,96,0.94,auto_policy_eligible,run_resolve_pending,official_annual_direct_consistent
600995.SH,南网储能,2025,Q_G_COST_REVENUE_RATE,1,65.0535,92,0.94,auto_policy_eligible,run_resolve_pending,official_annual_direct_consistent
600995.SH,南网储能,2025,Q_G_CURRENT_ASSET_TURNOVER,1,1.32357,87,0.94,auto_policy_eligible,run_resolve_pending,official_annual_direct_consistent
600995.SH,南网储能,2025,Q_G_EBITDA_INTEREST,1,6.50108,92,0.94,auto_policy_eligible,run_resolve_pending,official_annual_direct_consistent
600995.SH,南网储能,2025,Q_G_OPERATING_MARGIN,1,35.8639,92,0.94,auto_policy_eligible,run_resolve_pending,official_annual_direct_consistent
600995.SH,南网储能,2025,Q_G_OPERATING_PROFIT_GROWTH,1,40.8453,92,0.94,auto_policy_eligible,run_resolve_pending,official_annual_direct_consistent
600995.SH,南网储能,2025,Q_G_REVENUE_GROWTH,1,19.4919,6,0.91,auto_policy_eligible,run_resolve_pending,official_annual_direct_consistent
600995.SH,南网储能,2025,Q_G_ROA,1,5.61892,92,0.94,auto_policy_eligible,run_resolve_pending,official_annual_direct_consistent
600995.SH,南网储能,2025,Q_G_ROE,2,7.66,7|11,0.92,auto_policy_eligible,run_resolve_pending,official_annual_direct_consistent
600995.SH,南网储能,2025,Q_G_TWO_FUNDS_RATE,1,13.4965,87,0.94,auto_policy_eligible,run_resolve_pending,official_annual_direct_consistent
600995.SH,南网储能,2025,Q_S_DIVIDEND_PER_SHARE,1,0.11707,52,0.94,auto_policy_eligible,run_resolve_pending,official_annual_direct_consistent
600995.SH,南网储能,2025,Q_S_RD_RATE,1,1.18,18,0.96,auto_policy_eligible,run_resolve_pending,official_annual_direct_consistent
601001.SH,晋控煤业,2025,Q_G_AR_TURNOVER,1,25.186,64,0.94,auto_policy_eligible,run_resolve_pending,official_annual_direct_consistent
601001.SH,晋控煤业,2025,Q_G_ASSET_TURNOVER,1,0.356931,65,0.94,auto_policy_eligible,run_resolve_pending,official_annual_direct_consistent
601001.SH,晋控煤业,2025,Q_G_CASH_CURRENT_LIABILITY,1,48.1014,72,0.94,auto_policy_eligible,run_resolve_pending,official_annual_direct_consistent
601001.SH,晋控煤业,2025,Q_G_CASH_REALIZATION,1,112.901,72,0.94,auto_policy_eligible,run_resolve_pending,official_annual_direct_consistent
601001.SH,晋控煤业,2025,Q_G_COST_REVENUE_RATE,1,75.9091,68,0.94,auto_policy_eligible,run_resolve_pending,official_annual_direct_consistent
601001.SH,晋控煤业,2025,Q_G_CURRENT_ASSET_TURNOVER,1,0.751517,64,0.94,auto_policy_eligible,run_resolve_pending,official_annual_direct_consistent
601001.SH,晋控煤业,2025,Q_G_EBITDA_INTEREST,1,29.1641,69,0.94,auto_policy_eligible,run_resolve_pending,official_annual_direct_consistent
601001.SH,晋控煤业,2025,Q_G_OPERATING_MARGIN,1,26.2498,69,0.94,auto_policy_eligible,run_resolve_pending,official_annual_direct_consistent
601001.SH,晋控煤业,2025,Q_G_REVENUE_GROWTH,1,-12.7959,6,0.91,auto_policy_eligible,run_resolve_pending,official_annual_direct_consistent
601001.SH,晋控煤业,2025,Q_G_ROA,1,9.60197,69,0.94,auto_policy_eligible,run_resolve_pending,official_annual_direct_consistent
601001.SH,晋控煤业,2025,Q_G_ROE,1,9.65,7,0.92,auto_policy_eligible,run_resolve_pending,official_annual_direct_consistent
601001.SH,晋控煤业,2025,Q_G_TWO_FUNDS_RATE,1,5.76675,64,0.94,auto_policy_eligible,run_resolve_pending,official_annual_direct_consistent
601001.SH,晋控煤业,2025,Q_S_DIVIDEND_PER_SHARE,2,0.547,34|193,0.94,auto_policy_eligible,run_resolve_pending,official_annual_direct_consistent
601001.SH,晋控煤业,2025,Q_S_RD_RATE,1,1.67,16,0.96,auto_policy_eligible,run_resolve_pending,official_annual_direct_consistent
601012.SH,隆基绿能,2025,Q_G_AR_TURNOVER,1,5.51918,119,0.94,auto_policy_eligible,run_resolve_pending,official_annual_direct_consistent
601012.SH,隆基绿能,2025,Q_G_ASSET_TURNOVER,1,0.912983,120,0.94,auto_policy_eligible,run_resolve_pending,official_annual_direct_consistent
601012.SH,隆基绿能,2025,Q_G_CAPITAL_ACCUMULATION,1,-10.8659,122,0.94,auto_policy_eligible,run_resolve_pending,official_annual_direct_consistent
601012.SH,隆基绿能,2025,Q_G_CASH_CURRENT_LIABILITY,1,6.17966,129,0.94,auto_policy_eligible,run_resolve_pending,official_annual_direct_consistent
601012.SH,隆基绿能,2025,Q_G_CASH_REALIZATION,1,92.347,129,0.94,auto_policy_eligible,run_resolve_pending,official_annual_direct_consistent
601012.SH,隆基绿能,2025,Q_G_COST_REVENUE_RATE,1,108.616,125,0.94,auto_policy_eligible,run_resolve_pending,official_annual_direct_consistent
601012.SH,隆基绿能,2025,Q_G_CURRENT_ASSET_TURNOVER,1,0.776966,119,0.94,auto_policy_eligible,run_resolve_pending,official_annual_direct_consistent
601012.SH,隆基绿能,2025,Q_G_EBITDA_INTEREST,1,-6.65255,126,0.94,auto_policy_eligible,run_resolve_pending,official_annual_direct_consistent
601012.SH,隆基绿能,2025,Q_G_OPERATING_MARGIN,1,-10.4403,126,0.94,auto_policy_eligible,run_resolve_pending,official_annual_direct_consistent
601012.SH,隆基绿能,2025,Q_G_REVENUE_GROWTH,1,-14.8158,13,0.91,auto_policy_eligible,run_resolve_pending,official_annual_direct_consistent
601012.SH,隆基绿能,2025,Q_G_ROA,1,-8.53128,126,0.94,auto_policy_eligible,run_resolve_pending,official_annual_direct_consistent
601012.SH,隆基绿能,2025,Q_G_TWO_FUNDS_RATE,1,28.6551,119,0.94,auto_policy_eligible,run_resolve_pending,official_annual_direct_consistent
601012.SH,隆基绿能,2025,Q_S_DIVIDEND_PER_SHARE,1,0,60,0.94,auto_policy_eligible,run_resolve_pending,official_annual_direct_consistent
601012.SH,隆基绿能,2025,Q_S_RD_RATE,1,6.11,29,0.96,auto_policy_eligible,run_resolve_pending,official_annual_direct_consistent
601016.SH,节能风电,2025,Q_G_AR_TURNOVER,1,1.16341,126,0.94,auto_policy_eligible,run_resolve_pending,official_annual_direct_consistent
601016.SH,节能风电,2025,Q_G_ASSET_TURNOVER,1,0.101639,127,0.94,auto_policy_eligible,run_resolve_pending,official_annual_direct_consistent
601016.SH,节能风电,2025,Q_G_CASH_CURRENT_LIABILITY,1,81.0633,134,0.94,auto_policy_eligible,run_resolve_pending,official_annual_direct_consistent
601016.SH,节能风电,2025,Q_G_CASH_REALIZATION,1,116.154,134,0.94,auto_policy_eligible,run_resolve_pending,official_annual_direct_consistent
601016.SH,节能风电,2025,Q_G_COST_REVENUE_RATE,1,77.8773,130,0.94,auto_policy_eligible,run_resolve_pending,official_annual_direct_consistent
601016.SH,节能风电,2025,Q_G_CURRENT_ASSET_TURNOVER,1,0.819952,126,0.94,auto_policy_eligible,run_resolve_pending,official_annual_direct_consistent
601016.SH,节能风电,2025,Q_G_DEBT_ASSET_RATE,1,58.9087,127,0.94,auto_policy_eligible,run_resolve_pending,consolidated_statement_year_end_derived
601016.SH,节能风电,2025,Q_G_EBITDA_INTEREST,1,2.30483,131,0.94,auto_policy_eligible,run_resolve_pending,official_annual_direct_consistent
601016.SH,节能风电,2025,Q_G_OPERATING_MARGIN,1,18.5001,131,0.94,auto_policy_eligible,run_resolve_pending,official_annual_direct_consistent
601016.SH,节能风电,2025,Q_G_REVENUE_GROWTH,1,-10.5737,7,0.91,auto_policy_eligible,run_resolve_pending,official_annual_direct_consistent
601016.SH,节能风电,2025,Q_G_ROA,1,3.44777,131,0.94,auto_policy_eligible,run_resolve_pending,official_annual_direct_consistent
601016.SH,节能风电,2025,Q_G_ROE,1,3.89,7,0.92,auto_policy_eligible,run_resolve_pending,official_annual_direct_consistent
601016.SH,节能风电,2025,Q_G_TWO_FUNDS_RATE,1,71.4954,126,0.94,auto_policy_eligible,run_resolve_pending,official_annual_direct_consistent
601016.SH,节能风电,2025,Q_S_DIVIDEND_PER_SHARE,1,0.03818,72,0.94,auto_policy_eligible,run_resolve_pending,official_annual_direct_consistent
601016.SH,节能风电,2025,Q_S_RD_RATE,1,0.55,32,0.96,auto_policy_eligible,run_resolve_pending,official_annual_direct_consistent
601088.SH,中国神华,2025,Q_G_DEBT_ASSET_RATE,2,23.3,13|280,0.9,auto_policy_eligible,run_resolve_pending,official_annual_direct_consistent
601088.SH,中国神华,2025,Q_G_REVENUE_GROWTH,1,-13.2059,8,0.91,auto_policy_eligible,run_resolve_pending,official_annual_direct_consistent
601088.SH,中国神华,2025,Q_G_ROE,1,12.76,9,0.92,auto_policy_eligible,run_resolve_pending,official_annual_direct_consistent
601088.SH,中国神华,2025,Q_S_RD_RATE,1,1.7,25,0.96,auto_policy_eligible,run_resolve_pending,official_annual_direct_consistent
601126.SH,四方股份,2025,Q_G_AR_TURNOVER,1,6.20937,74,0.94,auto_policy_eligible,run_resolve_pending,official_annual_direct_consistent
601126.SH,四方股份,2025,Q_G_ASSET_TURNOVER,1,0.689938,75,0.94,auto_policy_eligible,run_resolve_pending,official_annual_direct_consistent
601126.SH,四方股份,2025,Q_G_CASH_CURRENT_LIABILITY,1,15.7241,83,0.94,auto_policy_eligible,run_resolve_pending,official_annual_direct_consistent
601126.SH,四方股份,2025,Q_G_CASH_REALIZATION,1,111.983,82,0.94,auto_policy_eligible,run_resolve_pending,official_annual_direct_consistent
601126.SH,四方股份,2025,Q_G_COST_REVENUE_RATE,1,88.9672,78,0.94,auto_policy_eligible,run_resolve_pending,official_annual_direct_consistent
601126.SH,四方股份,2025,Q_G_CURRENT_ASSET_TURNOVER,1,0.767109,74,0.94,auto_policy_eligible,run_resolve_pending,official_annual_direct_consistent
601126.SH,四方股份,2025,Q_G_DEBT_ASSET_RATE,1,61.463,76,0.94,auto_policy_eligible,run_resolve_pending,consolidated_statement_year_end_derived
601126.SH,四方股份,2025,Q_G_EBITDA_INTEREST,1,3288.84,79,0.94,auto_policy_eligible,run_resolve_pending,official_annual_direct_consistent
601126.SH,四方股份,2025,Q_G_OPERATING_MARGIN,1,11.2235,79,0.94,auto_policy_eligible,run_resolve_pending,official_annual_direct_consistent
601126.SH,四方股份,2025,Q_G_OPERATING_PROFIT_GROWTH,1,14.459,79,0.94,auto_policy_eligible,run_resolve_pending,official_annual_direct_consistent
601126.SH,四方股份,2025,Q_G_REVENUE_GROWTH,1,17.8735,8,0.91,auto_policy_eligible,run_resolve_pending,official_annual_direct_consistent
601126.SH,四方股份,2025,Q_G_ROA,1,7.8511,79,0.94,auto_policy_eligible,run_resolve_pending,official_annual_direct_consistent
601126.SH,四方股份,2025,Q_G_ROE,1,17.75,8,0.92,auto_policy_eligible,run_resolve_pending,official_annual_direct_consistent
601126.SH,四方股份,2025,Q_G_TWO_FUNDS_RATE,1,32.999,74,0.94,auto_policy_eligible,run_resolve_pending,official_annual_direct_consistent
601126.SH,四方股份,2025,Q_S_DIVIDEND_PER_SHARE,1,0.72,47,0.94,auto_policy_eligible,run_resolve_pending,official_annual_direct_consistent
601126.SH,四方股份,2025,Q_S_RD_RATE,1,8.93,22,0.96,auto_policy_eligible,run_resolve_pending,official_annual_direct_consistent
601139.SH,深圳燃气,2025,Q_G_AR_TURNOVER,1,7.60379,70,0.94,auto_policy_eligible,run_resolve_pending,official_annual_direct_consistent
601139.SH,深圳燃气,2025,Q_G_ASSET_TURNOVER,1,0.637867,71,0.94,auto_policy_eligible,run_resolve_pending,official_annual_direct_consistent
601139.SH,深圳燃气,2025,Q_G_CASH_CURRENT_LIABILITY,1,19.4853,79,0.94,auto_policy_eligible,run_resolve_pending,official_annual_direct_consistent
601139.SH,深圳燃气,2025,Q_G_CASH_REALIZATION,1,109.973,79,0.94,auto_policy_eligible,run_resolve_pending,official_annual_direct_consistent
601139.SH,深圳燃气,2025,Q_G_COST_REVENUE_RATE,1,93.4307,75,0.94,auto_policy_eligible,run_resolve_pending,official_annual_direct_consistent
601139.SH,深圳燃气,2025,Q_G_CURRENT_ASSET_TURNOVER,1,2.08475,70,0.94,auto_policy_eligible,run_resolve_pending,official_annual_direct_consistent
601139.SH,深圳燃气,2025,Q_G_DEBT_ASSET_RATE,1,59.9156,71,0.94,auto_policy_eligible,run_resolve_pending,consolidated_statement_year_end_derived
601139.SH,深圳燃气,2025,Q_G_EBITDA_INTEREST,1,6.7124,75,0.94,auto_policy_eligible,run_resolve_pending,official_annual_direct_consistent
601139.SH,深圳燃气,2025,Q_G_OPERATING_MARGIN,1,6.42241,75,0.94,auto_policy_eligible,run_resolve_pending,official_annual_direct_consistent
601139.SH,深圳燃气,2025,Q_G_OPERATING_PROFIT_GROWTH,1,5.17476,75,0.94,auto_policy_eligible,run_resolve_pending,official_annual_direct_consistent
601139.SH,深圳燃气,2025,Q_G_REVENUE_GROWTH,1,5.12487,6,0.91,auto_policy_eligible,run_resolve_pending,official_annual_direct_consistent
601139.SH,深圳燃气,2025,Q_G_ROA,1,4.65818,75,0.94,auto_policy_eligible,run_resolve_pending,official_annual_direct_consistent
601139.SH,深圳燃气,2025,Q_G_ROE,2,8.81,6|10,0.92,auto_policy_eligible,run_resolve_pending,official_annual_direct_consistent
601139.SH,深圳燃气,2025,Q_G_TWO_FUNDS_RATE,1,31.5753,70,0.94,auto_policy_eligible,run_resolve_pending,official_annual_direct_consistent
601139.SH,深圳燃气,2025,Q_S_DIVIDEND_PER_SHARE,1,0.16,36,0.94,auto_policy_eligible,run_resolve_pending,official_annual_direct_consistent
601139.SH,深圳燃气,2025,Q_S_RD_RATE,1,4.08,17,0.96,auto_policy_eligible,run_resolve_pending,official_annual_direct_consistent
601179.SH,中国西电,2025,Q_G_AR_TURNOVER,1,4.57119,63,0.94,auto_policy_eligible,run_resolve_pending,official_annual_direct_consistent
601179.SH,中国西电,2025,Q_G_ASSET_TURNOVER,1,0.938488,64,0.94,auto_policy_eligible,run_resolve_pending,official_annual_direct_consistent
601179.SH,中国西电,2025,Q_G_CAPITAL_ACCUMULATION,1,0.279052,67,0.94,auto_policy_eligible,run_resolve_pending,official_annual_direct_consistent
601179.SH,中国西电,2025,Q_G_CASH_REALIZATION,1,126.577,73,0.94,auto_policy_eligible,run_resolve_pending,official_annual_direct_consistent
601179.SH,中国西电,2025,Q_G_COST_REVENUE_RATE,1,92.8367,68,0.94,auto_policy_eligible,run_resolve_pending,official_annual_direct_consistent
601179.SH,中国西电,2025,Q_G_CURRENT_ASSET_TURNOVER,1,1.37607,63,0.94,auto_policy_eligible,run_resolve_pending,official_annual_direct_consistent
601179.SH,中国西电,2025,Q_G_DEBT_ASSET_RATE,1,46.9686,65,0.94,auto_policy_eligible,run_resolve_pending,consolidated_statement_year_end_derived
601179.SH,中国西电,2025,Q_G_EBITDA_INTEREST,1,40.786,69,0.94,auto_policy_eligible,run_resolve_pending,official_annual_direct_consistent
601179.SH,中国西电,2025,Q_G_OPERATING_MARGIN,1,6.96079,69,0.94,auto_policy_eligible,run_resolve_pending,official_annual_direct_consistent
601179.SH,中国西电,2025,Q_G_REVENUE_GROWTH,1,7.13262,7,0.91,auto_policy_eligible,run_resolve_pending,official_annual_direct_consistent
601179.SH,中国西电,2025,Q_G_ROA,1,6.79515,69,0.94,auto_policy_eligible,run_resolve_pending,official_annual_direct_consistent
601179.SH,中国西电,2025,Q_G_ROE,1,5.64,7,0.92,auto_policy_eligible,run_resolve_pending,official_annual_direct_consistent
601179.SH,中国西电,2025,Q_G_TWO_FUNDS_RATE,1,43.5068,63,0.94,auto_policy_eligible,run_resolve_pending,official_annual_direct_consistent
601179.SH,中国西电,2025,Q_S_DIVIDEND_PER_SHARE,1,0.101,40,0.94,auto_policy_eligible,run_resolve_pending,official_annual_direct_consistent
601179.SH,中国西电,2025,Q_S_RD_RATE,1,5.27,18,0.96,auto_policy_eligible,run_resolve_pending,official_annual_direct_consistent
601218.SH,吉鑫科技,2025,Q_G_AR_TURNOVER,1,2.71643,58,0.94,auto_policy_eligible,run_resolve_pending,official_annual_direct_consistent
601218.SH,吉鑫科技,2025,Q_G_ASSET_TURNOVER,1,0.384955,59,0.94,auto_policy_eligible,run_resolve_pending,official_annual_direct_consistent
601218.SH,吉鑫科技,2025,Q_G_CAPITAL_ACCUMULATION,1,4.35822,60,0.94,auto_policy_eligible,run_resolve_pending,official_annual_direct_consistent
601218.SH,吉鑫科技,2025,Q_G_CASH_CURRENT_LIABILITY,1,54.0329,65,0.94,auto_policy_eligible,run_resolve_pending,official_annual_direct_consistent
601218.SH,吉鑫科技,2025,Q_G_CASH_REALIZATION,1,72.3773,65,0.94,auto_policy_eligible,run_resolve_pending,official_annual_direct_consistent
601218.SH,吉鑫科技,2025,Q_G_COST_REVENUE_RATE,1,88.7067,62,0.94,auto_policy_eligible,run_resolve_pending,official_annual_direct_consistent
601218.SH,吉鑫科技,2025,Q_G_CURRENT_ASSET_TURNOVER,1,0.738385,58,0.94,auto_policy_eligible,run_resolve_pending,official_annual_direct_consistent
601218.SH,吉鑫科技,2025,Q_G_DEBT_ASSET_RATE,1,19.0021,59,0.94,auto_policy_eligible,run_resolve_pending,consolidated_statement_year_end_derived
601218.SH,吉鑫科技,2025,Q_G_EBITDA_INTEREST,1,12.5896,63,0.94,auto_policy_eligible,run_resolve_pending,official_annual_direct_consistent
601218.SH,吉鑫科技,2025,Q_G_OPERATING_MARGIN,1,12.9525,63,0.94,auto_policy_eligible,run_resolve_pending,official_annual_direct_consistent
601218.SH,吉鑫科技,2025,Q_G_OPERATING_PROFIT_GROWTH,1,364.803,63,0.94,auto_policy_eligible,run_resolve_pending,official_annual_direct_consistent
601218.SH,吉鑫科技,2025,Q_G_REVENUE_GROWTH,1,15.6057,6,0.91,auto_policy_eligible,run_resolve_pending,official_annual_direct_consistent
601218.SH,吉鑫科技,2025,Q_G_ROA,1,5.40647,63,0.94,auto_policy_eligible,run_resolve_pending,official_annual_direct_consistent
601218.SH,吉鑫科技,2025,Q_G_ROE,1,4.65,7,0.92,auto_policy_eligible,run_resolve_pending,official_annual_direct_consistent
601218.SH,吉鑫科技,2025,Q_G_TWO_FUNDS_RATE,1,38.9174,58,0.94,auto_policy_eligible,run_resolve_pending,official_annual_direct_consistent
601218.SH,吉鑫科技,2025,Q_S_DIVIDEND_PER_SHARE,1,0.035,38,0.94,auto_policy_eligible,run_resolve_pending,official_annual_direct_consistent
601218.SH,吉鑫科技,2025,Q_S_RD_RATE,1,2.78,18,0.96,auto_policy_eligible,run_resolve_pending,official_annual_direct_consistent
601222.SH,林洋能源,2025,Q_G_AR_TURNOVER,1,1.27098,88,0.94,auto_policy_eligible,run_resolve_pending,official_annual_direct_consistent
601222.SH,林洋能源,2025,Q_G_ASSET_TURNOVER,1,0.195441,89,0.94,auto_policy_eligible,run_resolve_pending,official_annual_direct_consistent
601222.SH,林洋能源,2025,Q_G_CASH_CURRENT_LIABILITY,1,10.3179,97,0.94,auto_policy_eligible,run_resolve_pending,official_annual_direct_consistent
601222.SH,林洋能源,2025,Q_G_CASH_REALIZATION,1,130.964,97,0.94,auto_policy_eligible,run_resolve_pending,official_annual_direct_consistent
601222.SH,林洋能源,2025,Q_G_COST_REVENUE_RATE,1,93.2564,93,0.94,auto_policy_eligible,run_resolve_pending,official_annual_direct_consistent
601222.SH,林洋能源,2025,Q_G_CURRENT_ASSET_TURNOVER,1,0.344152,88,0.94,auto_policy_eligible,run_resolve_pending,official_annual_direct_consistent
601222.SH,林洋能源,2025,Q_G_EBITDA_INTEREST,1,3.2229,93,0.94,auto_policy_eligible,run_resolve_pending,official_annual_direct_consistent
601222.SH,林洋能源,2025,Q_G_OPERATING_MARGIN,1,5.70787,93,0.94,auto_policy_eligible,run_resolve_pending,official_annual_direct_consistent
601222.SH,林洋能源,2025,Q_G_OPERATING_PROFIT_GROWTH,1,-70.1581,93,0.94,auto_policy_eligible,run_resolve_pending,official_annual_direct_consistent
601222.SH,林洋能源,2025,Q_G_REVENUE_GROWTH,1,-27.6875,8,0.91,auto_policy_eligible,run_resolve_pending,official_annual_direct_consistent
601222.SH,林洋能源,2025,Q_G_ROA,1,1.55739,93,0.94,auto_policy_eligible,run_resolve_pending,official_annual_direct_consistent
601222.SH,林洋能源,2025,Q_G_ROE,1,1.59,8,0.92,auto_policy_eligible,run_resolve_pending,official_annual_direct_consistent
601222.SH,林洋能源,2025,Q_G_TWO_FUNDS_RATE,1,43.0111,88,0.94,auto_policy_eligible,run_resolve_pending,official_annual_direct_consistent
601222.SH,林洋能源,2025,Q_S_DIVIDEND_PER_SHARE,1,0.088,57,0.94,auto_policy_eligible,run_resolve_pending,official_annual_direct_consistent
601222.SH,林洋能源,2025,Q_S_RD_RATE,1,4.92,27,0.96,auto_policy_eligible,run_resolve_pending,official_annual_direct_consistent
601225.SH,陕西煤业,2025,Q_G_AR_TURNOVER,1,52.5551,80,0.94,auto_policy_eligible,run_resolve_pending,official_annual_direct_consistent
601225.SH,陕西煤业,2025,Q_G_ASSET_TURNOVER,1,1.32975,81,0.94,auto_policy_eligible,run_resolve_pending,official_annual_direct_consistent
601225.SH,陕西煤业,2025,Q_G_CASH_CURRENT_LIABILITY,1,69.0383,88,0.94,auto_policy_eligible,run_resolve_pending,official_annual_direct_consistent
601225.SH,陕西煤业,2025,Q_G_CASH_REALIZATION,1,116.417,88,0.94,auto_policy_eligible,run_resolve_pending,official_annual_direct_consistent
601225.SH,陕西煤业,2025,Q_G_COST_REVENUE_RATE,1,82.0885,84,0.94,auto_policy_eligible,run_resolve_pending,official_annual_direct_consistent
601225.SH,陕西煤业,2025,Q_G_CURRENT_ASSET_TURNOVER,1,6.28259,80,0.94,auto_policy_eligible,run_resolve_pending,official_annual_direct_consistent
601225.SH,陕西煤业,2025,Q_G_DEBT_ASSET_RATE,1,41.8429,82,0.94,auto_policy_eligible,run_resolve_pending,consolidated_statement_year_end_derived
601225.SH,陕西煤业,2025,Q_G_EBITDA_INTEREST,1,67.9699,85,0.94,auto_policy_eligible,run_resolve_pending,official_annual_direct_consistent
601225.SH,陕西煤业,2025,Q_G_OPERATING_MARGIN,1,20.5863,85,0.94,auto_policy_eligible,run_resolve_pending,official_annual_direct_consistent
601225.SH,陕西煤业,2025,Q_G_REVENUE_GROWTH,1,-14.101,7,0.91,auto_policy_eligible,run_resolve_pending,official_annual_direct_consistent
601225.SH,陕西煤业,2025,Q_G_ROA,1,27.5906,85,0.94,auto_policy_eligible,run_resolve_pending,official_annual_direct_consistent
601225.SH,陕西煤业,2025,Q_G_ROE,1,17.88,7,0.92,auto_policy_eligible,run_resolve_pending,official_annual_direct_consistent
601225.SH,陕西煤业,2025,Q_G_TWO_FUNDS_RATE,1,19.0945,80,0.94,auto_policy_eligible,run_resolve_pending,official_annual_direct_consistent
601225.SH,陕西煤业,2025,Q_S_DIVIDEND_PER_SHARE,1,0.948,50,0.94,auto_policy_eligible,run_resolve_pending,official_annual_direct_consistent
601225.SH,陕西煤业,2025,Q_S_RD_RATE,1,0.42,26,0.96,auto_policy_eligible,run_resolve_pending,official_annual_direct_consistent
601233.SH,桐昆股份,2025,Q_G_AR_TURNOVER,1,91.5925,89,0.94,auto_policy_eligible,run_resolve_pending,official_annual_direct_consistent
601233.SH,桐昆股份,2025,Q_G_ASSET_TURNOVER,1,0.86175,90,0.94,auto_policy_eligible,run_resolve_pending,official_annual_direct_consistent
601233.SH,桐昆股份,2025,Q_G_CASH_CURRENT_LIABILITY,1,11.5988,98,0.94,auto_policy_eligible,run_resolve_pending,official_annual_direct_consistent
601233.SH,桐昆股份,2025,Q_G_CASH_REALIZATION,1,112.172,97,0.94,auto_policy_eligible,run_resolve_pending,official_annual_direct_consistent
601233.SH,桐昆股份,2025,Q_G_COST_REVENUE_RATE,1,99.5097,94,0.94,auto_policy_eligible,run_resolve_pending,official_annual_direct_consistent
601233.SH,桐昆股份,2025,Q_G_CURRENT_ASSET_TURNOVER,1,3.30962,90,0.94,auto_policy_eligible,run_resolve_pending,official_annual_direct_consistent
601233.SH,桐昆股份,2025,Q_G_DEBT_ASSET_RATE,1,65.7688,91,0.94,auto_policy_eligible,run_resolve_pending,consolidated_statement_year_end_derived
601233.SH,桐昆股份,2025,Q_G_EBITDA_INTEREST,1,2.77382,94,0.94,auto_policy_eligible,run_resolve_pending,official_annual_direct_consistent
601233.SH,桐昆股份,2025,Q_G_OPERATING_MARGIN,1,2.18936,94,0.94,auto_policy_eligible,run_resolve_pending,official_annual_direct_consistent
601233.SH,桐昆股份,2025,Q_G_OPERATING_PROFIT_GROWTH,1,128.535,94,0.94,auto_policy_eligible,run_resolve_pending,official_annual_direct_consistent
601233.SH,桐昆股份,2025,Q_G_REVENUE_GROWTH,1,-7.31969,7,0.91,auto_policy_eligible,run_resolve_pending,official_annual_direct_consistent
601233.SH,桐昆股份,2025,Q_G_ROA,1,3.00934,94,0.94,auto_policy_eligible,run_resolve_pending,official_annual_direct_consistent
601233.SH,桐昆股份,2025,Q_G_ROE,1,5.43,8,0.92,auto_policy_eligible,run_resolve_pending,official_annual_direct_consistent
601233.SH,桐昆股份,2025,Q_G_TWO_FUNDS_RATE,1,39.4372,90,0.94,auto_policy_eligible,run_resolve_pending,official_annual_direct_consistent
601233.SH,桐昆股份,2025,Q_S_RD_RATE,1,1.94,21,0.96,auto_policy_eligible,run_resolve_pending,official_annual_direct_consistent
601311.SH,骆驼股份,2025,Q_G_AR_TURNOVER,1,8.2061,88,0.94,auto_policy_eligible,run_resolve_pending,official_annual_direct_consistent
601311.SH,骆驼股份,2025,Q_G_ASSET_TURNOVER,1,2.01433,89,0.94,auto_policy_eligible,run_resolve_pending,official_annual_direct_consistent
601311.SH,骆驼股份,2025,Q_G_CASH_CURRENT_LIABILITY,1,23.2631,97,0.94,auto_policy_eligible,run_resolve_pending,official_annual_direct_consistent
601311.SH,骆驼股份,2025,Q_G_CASH_REALIZATION,1,107.576,97,0.94,auto_policy_eligible,run_resolve_pending,official_annual_direct_consistent
601311.SH,骆驼股份,2025,Q_G_COST_REVENUE_RATE,1,97.6046,93,0.94,auto_policy_eligible,run_resolve_pending,official_annual_direct_consistent
601311.SH,骆驼股份,2025,Q_G_CURRENT_ASSET_TURNOVER,1,3.56481,89,0.94,auto_policy_eligible,run_resolve_pending,official_annual_direct_consistent
601311.SH,骆驼股份,2025,Q_G_DEBT_ASSET_RATE,1,34.7093,90,0.94,auto_policy_eligible,run_resolve_pending,consolidated_statement_year_end_derived
601311.SH,骆驼股份,2025,Q_G_EBITDA_INTEREST,1,20.8156,93,0.94,auto_policy_eligible,run_resolve_pending,official_annual_direct_consistent
601311.SH,骆驼股份,2025,Q_G_OPERATING_MARGIN,1,5.87938,93,0.94,auto_policy_eligible,run_resolve_pending,official_annual_direct_consistent
601311.SH,骆驼股份,2025,Q_G_OPERATING_PROFIT_GROWTH,1,36.7907,93,0.94,auto_policy_eligible,run_resolve_pending,official_annual_direct_consistent
601311.SH,骆驼股份,2025,Q_G_REVENUE_GROWTH,1,4.56013,8,0.91,auto_policy_eligible,run_resolve_pending,official_annual_direct_consistent
601311.SH,骆驼股份,2025,Q_G_ROA,1,12.3158,93,0.94,auto_policy_eligible,run_resolve_pending,official_annual_direct_consistent
601311.SH,骆驼股份,2025,Q_G_ROE,1,8.53,8,0.92,auto_policy_eligible,run_resolve_pending,official_annual_direct_consistent
601311.SH,骆驼股份,2025,Q_G_TWO_FUNDS_RATE,1,58.8882,89,0.94,auto_policy_eligible,run_resolve_pending,official_annual_direct_consistent
601311.SH,骆驼股份,2025,Q_S_DIVIDEND_PER_SHARE,1,0.36,57,0.94,auto_policy_eligible,run_resolve_pending,official_annual_direct_consistent
601311.SH,骆驼股份,2025,Q_S_RD_RATE,1,2.99,27,0.96,auto_policy_eligible,run_resolve_pending,official_annual_direct_consistent
601567.SH,三星电气,2025,Q_G_AR_TURNOVER,1,4.71963,90,0.94,auto_policy_eligible,run_resolve_pending,official_annual_direct_consistent
601567.SH,三星电气,2025,Q_G_ASSET_TURNOVER,1,0.571424,91,0.94,auto_policy_eligible,run_resolve_pending,official_annual_direct_consistent
601567.SH,三星电气,2025,Q_G_CASH_CURRENT_LIABILITY,1,22.7774,98,0.94,auto_policy_eligible,run_resolve_pending,official_annual_direct_consistent
601567.SH,三星电气,2025,Q_G_CASH_REALIZATION,1,114.997,98,0.94,auto_policy_eligible,run_resolve_pending,official_annual_direct_consistent
601567.SH,三星电气,2025,Q_G_COST_REVENUE_RATE,1,90.2701,94,0.94,auto_policy_eligible,run_resolve_pending,official_annual_direct_consistent
601567.SH,三星电气,2025,Q_G_CURRENT_ASSET_TURNOVER,1,1.01034,90,0.94,auto_policy_eligible,run_resolve_pending,official_annual_direct_consistent
601567.SH,三星电气,2025,Q_G_DEBT_ASSET_RATE,1,54.3342,92,0.94,auto_policy_eligible,run_resolve_pending,consolidated_statement_year_end_derived
601567.SH,三星电气,2025,Q_G_EBITDA_INTEREST,1,13.6821,95,0.94,auto_policy_eligible,run_resolve_pending,official_annual_direct_consistent
601567.SH,三星电气,2025,Q_G_OPERATING_MARGIN,1,11.0276,95,0.94,auto_policy_eligible,run_resolve_pending,official_annual_direct_consistent
601567.SH,三星电气,2025,Q_G_REVENUE_GROWTH,1,-1.64181,9,0.91,auto_policy_eligible,run_resolve_pending,official_annual_direct_consistent
601567.SH,三星电气,2025,Q_G_ROA,1,6.77771,95,0.94,auto_policy_eligible,run_resolve_pending,official_annual_direct_consistent
601567.SH,三星电气,2025,Q_G_ROE,1,10.59,9,0.92,auto_policy_eligible,run_resolve_pending,official_annual_direct_consistent
601567.SH,三星电气,2025,Q_G_TWO_FUNDS_RATE,1,50.0318,90,0.94,auto_policy_eligible,run_resolve_pending,official_annual_direct_consistent
601567.SH,三星电气,2025,Q_S_DIVIDEND_PER_SHARE,1,0.63,50,0.94,auto_policy_eligible,run_resolve_pending,official_annual_direct_consistent
601567.SH,三星电气,2025,Q_S_RD_RATE,1,4.23,25,0.96,auto_policy_eligible,run_resolve_pending,official_annual_direct_consistent
601611.SH,中国核建,2025,Q_G_AR_TURNOVER,1,2.35668,98,0.94,auto_policy_eligible,run_resolve_pending,official_annual_direct_consistent
601611.SH,中国核建,2025,Q_G_ASSET_TURNOVER,1,0.439421,99,0.94,auto_policy_eligible,run_resolve_pending,official_annual_direct_consistent
601611.SH,中国核建,2025,Q_G_CASH_REALIZATION,1,105.131,104,0.94,auto_policy_eligible,run_resolve_pending,official_annual_direct_consistent
601611.SH,中国核建,2025,Q_G_COST_REVENUE_RATE,1,95.6812,101,0.94,auto_policy_eligible,run_resolve_pending,official_annual_direct_consistent
601611.SH,中国核建,2025,Q_G_CURRENT_ASSET_TURNOVER,1,0.63551,99,0.94,auto_policy_eligible,run_resolve_pending,official_annual_direct_consistent
601611.SH,中国核建,2025,Q_G_DEBT_ASSET_RATE,1,78.6299,100,0.94,auto_policy_eligible,run_resolve_pending,consolidated_statement_year_end_derived
601611.SH,中国核建,2025,Q_G_EBITDA_INTEREST,1,2.1394,102,0.94,auto_policy_eligible,run_resolve_pending,official_annual_direct_consistent
601611.SH,中国核建,2025,Q_G_OPERATING_MARGIN,1,2.75605,102,0.94,auto_policy_eligible,run_resolve_pending,official_annual_direct_consistent
601611.SH,中国核建,2025,Q_G_REVENUE_GROWTH,1,-10.2388,6,0.91,auto_policy_eligible,run_resolve_pending,official_annual_direct_consistent
601611.SH,中国核建,2025,Q_G_ROA,1,2.29947,102,0.94,auto_policy_eligible,run_resolve_pending,official_annual_direct_consistent
601611.SH,中国核建,2025,Q_G_ROE,1,5.12,7,0.92,auto_policy_eligible,run_resolve_pending,official_annual_direct_consistent
601611.SH,中国核建,2025,Q_G_TWO_FUNDS_RATE,1,33.3334,99,0.94,auto_policy_eligible,run_resolve_pending,official_annual_direct_consistent
601611.SH,中国核建,2025,Q_S_DIVIDEND_PER_SHARE,1,0.06,40,0.94,auto_policy_eligible,run_resolve_pending,official_annual_direct_consistent
601611.SH,中国核建,2025,Q_S_RD_RATE,1,2.84,18,0.96,auto_policy_eligible,run_resolve_pending,official_annual_direct_consistent
601615.SH,明阳智能,2025,Q_G_AR_TURNOVER,1,2.48875,97,0.94,auto_policy_eligible,run_resolve_pending,official_annual_direct_consistent
601615.SH,明阳智能,2025,Q_G_ASSET_TURNOVER,1,0.414869,98,0.94,auto_policy_eligible,run_resolve_pending,official_annual_direct_consistent
601615.SH,明阳智能,2025,Q_G_CASH_CURRENT_LIABILITY,1,-10.9492,105,0.94,auto_policy_eligible,run_resolve_pending,official_annual_direct_consistent
601615.SH,明阳智能,2025,Q_G_CASH_REALIZATION,1,86.8898,104,0.94,auto_policy_eligible,run_resolve_pending,official_annual_direct_consistent
601615.SH,明阳智能,2025,Q_G_COST_REVENUE_RATE,1,98.7193,101,0.94,auto_policy_eligible,run_resolve_pending,official_annual_direct_consistent
601615.SH,明阳智能,2025,Q_G_CURRENT_ASSET_TURNOVER,1,0.702437,97,0.94,auto_policy_eligible,run_resolve_pending,official_annual_direct_consistent
601615.SH,明阳智能,2025,Q_G_EBITDA_INTEREST,1,2.19423,102,0.94,auto_policy_eligible,run_resolve_pending,official_annual_direct_consistent
601615.SH,明阳智能,2025,Q_G_OPERATING_MARGIN,1,1.88166,102,0.94,auto_policy_eligible,run_resolve_pending,official_annual_direct_consistent
601615.SH,明阳智能,2025,Q_G_OPERATING_PROFIT_GROWTH,1,58.6119,102,0.94,auto_policy_eligible,run_resolve_pending,official_annual_direct_consistent
601615.SH,明阳智能,2025,Q_G_REVENUE_GROWTH,1,40.27,8,0.91,auto_policy_eligible,run_resolve_pending,official_annual_direct_consistent
601615.SH,明阳智能,2025,Q_G_ROA,1,1.27335,102,0.94,auto_policy_eligible,run_resolve_pending,official_annual_direct_consistent
601615.SH,明阳智能,2025,Q_G_ROE,1,2.49,8,0.92,auto_policy_eligible,run_resolve_pending,official_annual_direct_consistent
601615.SH,明阳智能,2025,Q_G_TWO_FUNDS_RATE,1,60.0947,97,0.94,auto_policy_eligible,run_resolve_pending,official_annual_direct_consistent
601615.SH,明阳智能,2025,Q_S_DIVIDEND_PER_SHARE,1,0.185,57,0.94,auto_policy_eligible,run_resolve_pending,official_annual_direct_consistent
601615.SH,明阳智能,2025,Q_S_RD_RATE,1,2.91,28,0.96,auto_policy_eligible,run_resolve_pending,official_annual_direct_consistent
601616.SH,广电电气,2025,Q_G_AR_TURNOVER,1,1.92531,52,0.94,auto_policy_eligible,run_resolve_pending,official_annual_direct_consistent
601616.SH,广电电气,2025,Q_G_ASSET_TURNOVER,1,0.48743,53,0.94,auto_policy_eligible,run_resolve_pending,official_annual_direct_consistent
601616.SH,广电电气,2025,Q_G_CAPITAL_ACCUMULATION,1,-2.08836,54,0.94,auto_policy_eligible,run_resolve_pending,official_annual_direct_consistent
601616.SH,广电电气,2025,Q_G_CASH_CURRENT_LIABILITY,1,11.096,59,0.94,auto_policy_eligible,run_resolve_pending,official_annual_direct_consistent
601616.SH,广电电气,2025,Q_G_CASH_REALIZATION,1,104.294,59,0.94,auto_policy_eligible,run_resolve_pending,official_annual_direct_consistent
601616.SH,广电电气,2025,Q_G_COST_REVENUE_RATE,1,104.228,56,0.94,auto_policy_eligible,run_resolve_pending,official_annual_direct_consistent
601616.SH,广电电气,2025,Q_G_CURRENT_ASSET_TURNOVER,1,0.431278,52,0.94,auto_policy_eligible,run_resolve_pending,official_annual_direct_consistent
601616.SH,广电电气,2025,Q_G_DEBT_ASSET_RATE,1,15.3749,53,0.94,auto_policy_eligible,run_resolve_pending,consolidated_statement_year_end_derived
601616.SH,广电电气,2025,Q_G_EBITDA_INTEREST,1,-18.9631,57,0.94,auto_policy_eligible,run_resolve_pending,official_annual_direct_consistent
601616.SH,广电电气,2025,Q_G_OPERATING_MARGIN,1,-2.93403,57,0.94,auto_policy_eligible,run_resolve_pending,official_annual_direct_consistent
601616.SH,广电电气,2025,Q_G_OPERATING_PROFIT_GROWTH,1,-121.245,57,0.94,auto_policy_eligible,run_resolve_pending,official_annual_direct_consistent
601616.SH,广电电气,2025,Q_G_REVENUE_GROWTH,1,-26.0888,6,0.91,auto_policy_eligible,run_resolve_pending,official_annual_direct_consistent
601616.SH,广电电气,2025,Q_G_ROA,1,-1.32655,57,0.94,auto_policy_eligible,run_resolve_pending,official_annual_direct_consistent
601616.SH,广电电气,2025,Q_G_ROE,1,1.42,6,0.92,auto_policy_eligible,run_resolve_pending,official_annual_direct_consistent
601616.SH,广电电气,2025,Q_G_TWO_FUNDS_RATE,1,27.4136,52,0.94,auto_policy_eligible,run_resolve_pending,official_annual_direct_consistent
601616.SH,广电电气,2025,Q_S_RD_RATE,1,6.82,17,0.96,auto_policy_eligible,run_resolve_pending,official_annual_direct_consistent
601619.SH,嘉泽新能,2025,Q_G_AR_TURNOVER,1,0.798476,72,0.94,auto_policy_eligible,run_resolve_pending,official_annual_direct_consistent
601619.SH,嘉泽新能,2025,Q_G_ASSET_TURNOVER,1,0.212837,73,0.94,auto_policy_eligible,run_resolve_pending,official_annual_direct_consistent
601619.SH,嘉泽新能,2025,Q_G_CAPITAL_ACCUMULATION,1,-65.1318,74,0.94,auto_policy_eligible,run_resolve_pending,official_annual_direct_consistent
601619.SH,嘉泽新能,2025,Q_G_CASH_CURRENT_LIABILITY,1,132.775,80,0.94,auto_policy_eligible,run_resolve_pending,official_annual_direct_consistent
601619.SH,嘉泽新能,2025,Q_G_CASH_REALIZATION,1,137.569,80,0.94,auto_policy_eligible,run_resolve_pending,official_annual_direct_consistent
601619.SH,嘉泽新能,2025,Q_G_COST_REVENUE_RATE,1,69.2636,77,0.94,auto_policy_eligible,run_resolve_pending,official_annual_direct_consistent
601619.SH,嘉泽新能,2025,Q_G_CURRENT_ASSET_TURNOVER,1,1.18243,73,0.94,auto_policy_eligible,run_resolve_pending,official_annual_direct_consistent
601619.SH,嘉泽新能,2025,Q_G_EBITDA_INTEREST,1,2.82568,77,0.94,auto_policy_eligible,run_resolve_pending,official_annual_direct_consistent
601619.SH,嘉泽新能,2025,Q_G_OPERATING_MARGIN,1,34.2076,77,0.94,auto_policy_eligible,run_resolve_pending,official_annual_direct_consistent
601619.SH,嘉泽新能,2025,Q_G_OPERATING_PROFIT_GROWTH,1,9.52647,77,0.94,auto_policy_eligible,run_resolve_pending,official_annual_direct_consistent
601619.SH,嘉泽新能,2025,Q_G_REVENUE_GROWTH,1,3.20211,7,0.91,auto_policy_eligible,run_resolve_pending,official_annual_direct_consistent
601619.SH,嘉泽新能,2025,Q_G_ROA,1,11.1148,77,0.94,auto_policy_eligible,run_resolve_pending,official_annual_direct_consistent
601619.SH,嘉泽新能,2025,Q_G_ROE,1,9.99,7,0.92,auto_policy_eligible,run_resolve_pending,official_annual_direct_consistent
601619.SH,嘉泽新能,2025,Q_G_TWO_FUNDS_RATE,1,67.335,73,0.94,auto_policy_eligible,run_resolve_pending,official_annual_direct_consistent
601619.SH,嘉泽新能,2025,Q_S_DIVIDEND_PER_SHARE,1,0.02,45,0.94,auto_policy_eligible,run_resolve_pending,official_annual_direct_consistent
601666.SH,平煤股份,2025,Q_G_AR_TURNOVER,1,10.4179,100,0.94,auto_policy_eligible,run_resolve_pending,official_annual_direct_consistent
601666.SH,平煤股份,2025,Q_G_ASSET_TURNOVER,1,0.44174,101,0.94,auto_policy_eligible,run_resolve_pending,official_annual_direct_consistent
601666.SH,平煤股份,2025,Q_G_COST_REVENUE_RATE,1,97.9941,105,0.94,auto_policy_eligible,run_resolve_pending,official_annual_direct_consistent
601666.SH,平煤股份,2025,Q_G_CURRENT_ASSET_TURNOVER,1,1.39522,100,0.94,auto_policy_eligible,run_resolve_pending,official_annual_direct_consistent
601666.SH,平煤股份,2025,Q_G_DEBT_ASSET_RATE,1,65.1476,102,0.94,auto_policy_eligible,run_resolve_pending,consolidated_statement_year_end_derived
601666.SH,平煤股份,2025,Q_G_EBITDA_INTEREST,1,1.40603,106,0.94,auto_policy_eligible,run_resolve_pending,official_annual_direct_consistent
601666.SH,平煤股份,2025,Q_G_OPERATING_MARGIN,1,2.80823,106,0.94,auto_policy_eligible,run_resolve_pending,official_annual_direct_consistent
601666.SH,平煤股份,2025,Q_G_REVENUE_GROWTH,1,-32.1962,6,0.91,auto_policy_eligible,run_resolve_pending,official_annual_direct_consistent
601666.SH,平煤股份,2025,Q_G_ROA,1,3.26902,106,0.94,auto_policy_eligible,run_resolve_pending,official_annual_direct_consistent
601666.SH,平煤股份,2025,Q_G_ROE,1,1.04,7,0.92,auto_policy_eligible,run_resolve_pending,official_annual_direct_consistent
601666.SH,平煤股份,2025,Q_G_TWO_FUNDS_RATE,1,17.1326,100,0.94,auto_policy_eligible,run_resolve_pending,official_annual_direct_consistent
601666.SH,平煤股份,2025,Q_S_RD_RATE,1,3.29,16,0.96,auto_policy_eligible,run_resolve_pending,official_annual_direct_consistent
601669.SH,中国电建,2025,Q_G_AR_TURNOVER,1,5.05212,118,0.94,auto_policy_eligible,run_resolve_pending,official_annual_direct_consistent
601669.SH,中国电建,2025,Q_G_ASSET_TURNOVER,1,0.897399,119,0.94,auto_policy_eligible,run_resolve_pending,official_annual_direct_consistent
601669.SH,中国电建,2025,Q_G_CASH_CURRENT_LIABILITY,1,4.6327,126,0.94,auto_policy_eligible,run_resolve_pending,official_annual_direct_consistent
601669.SH,中国电建,2025,Q_G_CASH_REALIZATION,1,116.434,126,0.94,auto_policy_eligible,run_resolve_pending,official_annual_direct_consistent
601669.SH,中国电建,2025,Q_G_COST_REVENUE_RATE,1,96.8314,122,0.94,auto_policy_eligible,run_resolve_pending,official_annual_direct_consistent
601669.SH,中国电建,2025,Q_G_CURRENT_ASSET_TURNOVER,1,1.15591,118,0.94,auto_policy_eligible,run_resolve_pending,official_annual_direct_consistent
601669.SH,中国电建,2025,Q_G_EBITDA_INTEREST,1,2.17258,123,0.94,auto_policy_eligible,run_resolve_pending,official_annual_direct_consistent
601669.SH,中国电建,2025,Q_G_OPERATING_MARGIN,1,2.67457,123,0.94,auto_policy_eligible,run_resolve_pending,official_annual_direct_consistent
601669.SH,中国电建,2025,Q_G_REVENUE_GROWTH,1,1.85198,11,0.91,auto_policy_eligible,run_resolve_pending,official_annual_direct_consistent
601669.SH,中国电建,2025,Q_G_ROA,1,4.4422,123,0.94,auto_policy_eligible,run_resolve_pending,official_annual_direct_consistent
601669.SH,中国电建,2025,Q_G_ROE,1,6.4,12,0.92,auto_policy_eligible,run_resolve_pending,official_annual_direct_consistent
601669.SH,中国电建,2025,Q_G_TWO_FUNDS_RATE,1,25.5225,118,0.94,auto_policy_eligible,run_resolve_pending,official_annual_direct_consistent
601669.SH,中国电建,2025,Q_S_DIVIDEND_PER_SHARE,1,0.10552,57,0.94,auto_policy_eligible,run_resolve_pending,official_annual_direct_consistent
601669.SH,中国电建,2025,Q_S_RD_RATE,1,3.69,26,0.96,auto_policy_eligible,run_resolve_pending,official_annual_direct_consistent
601700.SH,风范股份,2025,Q_G_AR_TURNOVER,1,3.14739,83,0.94,auto_policy_eligible,run_resolve_pending,official_annual_direct_consistent
601700.SH,风范股份,2025,Q_G_ASSET_TURNOVER,1,0.396634,84,0.94,auto_policy_eligible,run_resolve_pending,official_annual_direct_consistent
601700.SH,风范股份,2025,Q_G_CASH_CURRENT_LIABILITY,1,-7.44722,91,0.94,auto_policy_eligible,run_resolve_pending,official_annual_direct_consistent
601700.SH,风范股份,2025,Q_G_CASH_REALIZATION,1,114.309,91,0.94,auto_policy_eligible,run_resolve_pending,official_annual_direct_consistent
601700.SH,风范股份,2025,Q_G_COST_REVENUE_RATE,1,104.92,87,0.94,auto_policy_eligible,run_resolve_pending,official_annual_direct_consistent
601700.SH,风范股份,2025,Q_G_CURRENT_ASSET_TURNOVER,1,0.598345,83,0.94,auto_policy_eligible,run_resolve_pending,official_annual_direct_consistent
601700.SH,风范股份,2025,Q_G_DEBT_ASSET_RATE,1,68.04,84,0.94,auto_policy_eligible,run_resolve_pending,consolidated_statement_year_end_derived
601700.SH,风范股份,2025,Q_G_EBITDA_INTEREST,1,-4.83935,88,0.94,auto_policy_eligible,run_resolve_pending,official_annual_direct_consistent
601700.SH,风范股份,2025,Q_G_OPERATING_MARGIN,1,-18.0578,88,0.94,auto_policy_eligible,run_resolve_pending,official_annual_direct_consistent
601700.SH,风范股份,2025,Q_G_OPERATING_PROFIT_GROWTH,1,667.304,88,0.94,auto_policy_eligible,run_resolve_pending,official_annual_direct_consistent
601700.SH,风范股份,2025,Q_G_REVENUE_GROWTH,1,-7.66149,7,0.91,auto_policy_eligible,run_resolve_pending,official_annual_direct_consistent
601700.SH,风范股份,2025,Q_G_ROA,1,-5.9428,88,0.94,auto_policy_eligible,run_resolve_pending,official_annual_direct_consistent
601700.SH,风范股份,2025,Q_G_ROE,1,16.1,7,0.92,auto_policy_eligible,run_resolve_pending,official_annual_direct_consistent
601700.SH,风范股份,2025,Q_G_TWO_FUNDS_RATE,1,38.9797,83,0.94,auto_policy_eligible,run_resolve_pending,official_annual_direct_consistent
601700.SH,风范股份,2025,Q_S_RD_RATE,1,3,19,0.96,auto_policy_eligible,run_resolve_pending,official_annual_direct_consistent
601727.SH,上海电气,2025,Q_G_REVENUE_GROWTH,1,9.09654,6,0.91,auto_policy_eligible,run_resolve_pending,official_annual_direct_consistent
601727.SH,上海电气,2025,Q_G_ROE,1,2.24,6,0.92,auto_policy_eligible,run_resolve_pending,official_annual_direct_consistent
601727.SH,上海电气,2025,Q_S_DIVIDEND_PER_SHARE,1,0.01425,45,0.94,auto_policy_eligible,run_resolve_pending,official_annual_direct_consistent
601778.SH,晶科科技,2025,Q_G_AR_TURNOVER,1,0.596815,114,0.94,auto_policy_eligible,run_resolve_pending,official_annual_direct_consistent
601778.SH,晶科科技,2025,Q_G_ASSET_TURNOVER,1,0.0924548,115,0.94,auto_policy_eligible,run_resolve_pending,official_annual_direct_consistent
601778.SH,晶科科技,2025,Q_G_CASH_CURRENT_LIABILITY,1,40.4241,122,0.94,auto_policy_eligible,run_resolve_pending,official_annual_direct_consistent
601778.SH,晶科科技,2025,Q_G_CASH_REALIZATION,1,189.465,122,0.94,auto_policy_eligible,run_resolve_pending,official_annual_direct_consistent
601778.SH,晶科科技,2025,Q_G_COST_REVENUE_RATE,1,94.9212,118,0.94,auto_policy_eligible,run_resolve_pending,official_annual_direct_consistent
601778.SH,晶科科技,2025,Q_G_CURRENT_ASSET_TURNOVER,1,0.213536,114,0.94,auto_policy_eligible,run_resolve_pending,official_annual_direct_consistent
601778.SH,晶科科技,2025,Q_G_EBITDA_INTEREST,1,1.56403,119,0.94,auto_policy_eligible,run_resolve_pending,official_annual_direct_consistent
601778.SH,晶科科技,2025,Q_G_OPERATING_MARGIN,1,12.4296,119,0.94,auto_policy_eligible,run_resolve_pending,official_annual_direct_consistent
601778.SH,晶科科技,2025,Q_G_REVENUE_GROWTH,1,-18.3163,6,0.91,auto_policy_eligible,run_resolve_pending,official_annual_direct_consistent
601778.SH,晶科科技,2025,Q_G_ROA,1,2.98645,119,0.94,auto_policy_eligible,run_resolve_pending,official_annual_direct_consistent
601778.SH,晶科科技,2025,Q_G_ROE,1,2.1,7,0.92,auto_policy_eligible,run_resolve_pending,official_annual_direct_consistent
601778.SH,晶科科技,2025,Q_G_TWO_FUNDS_RATE,1,53.6511,114,0.94,auto_policy_eligible,run_resolve_pending,official_annual_direct_consistent
601778.SH,晶科科技,2025,Q_S_DIVIDEND_PER_SHARE,1,0.0283,52,0.94,auto_policy_eligible,run_resolve_pending,official_annual_direct_consistent
601778.SH,晶科科技,2025,Q_S_RD_RATE,1,0.07,20,0.96,auto_policy_eligible,run_resolve_pending,official_annual_direct_consistent
601857.SH,中国石油,2025,Q_G_ROE,1,10.1,8,0.92,auto_policy_eligible,run_resolve_pending,official_annual_direct_consistent
601865.SH,福莱特,2025,Q_G_AR_TURNOVER,1,6.19702,88,0.94,auto_policy_eligible,run_resolve_pending,official_annual_direct_consistent
601865.SH,福莱特,2025,Q_G_ASSET_TURNOVER,1,0.364971,89,0.94,auto_policy_eligible,run_resolve_pending,official_annual_direct_consistent
601865.SH,福莱特,2025,Q_G_CASH_CURRENT_LIABILITY,1,37.1256,94,0.94,auto_policy_eligible,run_resolve_pending,official_annual_direct_consistent
601865.SH,福莱特,2025,Q_G_CASH_REALIZATION,1,73.8228,94,0.94,auto_policy_eligible,run_resolve_pending,official_annual_direct_consistent
601865.SH,福莱特,2025,Q_G_COST_REVENUE_RATE,1,92.1159,91,0.94,auto_policy_eligible,run_resolve_pending,official_annual_direct_consistent
601865.SH,福莱特,2025,Q_G_CURRENT_ASSET_TURNOVER,1,1.1904,89,0.94,auto_policy_eligible,run_resolve_pending,official_annual_direct_consistent
601865.SH,福莱特,2025,Q_G_DEBT_ASSET_RATE,1,46.6513,89,0.94,auto_policy_eligible,run_resolve_pending,consolidated_statement_year_end_derived
601865.SH,福莱特,2025,Q_G_EBITDA_INTEREST,1,3.09882,92,0.94,auto_policy_eligible,run_resolve_pending,official_annual_direct_consistent
601865.SH,福莱特,2025,Q_G_OPERATING_MARGIN,1,6.93712,92,0.94,auto_policy_eligible,run_resolve_pending,official_annual_direct_consistent
601865.SH,福莱特,2025,Q_G_OPERATING_PROFIT_GROWTH,1,-4.44814,92,0.94,auto_policy_eligible,run_resolve_pending,official_annual_direct_consistent
601865.SH,福莱特,2025,Q_G_REVENUE_GROWTH,1,-16.6776,7,0.91,auto_policy_eligible,run_resolve_pending,official_annual_direct_consistent
601865.SH,福莱特,2025,Q_G_ROA,1,3.73938,92,0.94,auto_policy_eligible,run_resolve_pending,official_annual_direct_consistent
601865.SH,福莱特,2025,Q_G_ROE,1,4.44,7,0.92,auto_policy_eligible,run_resolve_pending,official_annual_direct_consistent
601865.SH,福莱特,2025,Q_G_TWO_FUNDS_RATE,1,33.9165,89,0.94,auto_policy_eligible,run_resolve_pending,official_annual_direct_consistent
601865.SH,福莱特,2025,Q_S_DIVIDEND_PER_SHARE,1,0.15,39,0.94,auto_policy_eligible,run_resolve_pending,official_annual_direct_consistent
601865.SH,福莱特,2025,Q_S_RD_RATE,1,2.77,16,0.96,auto_policy_eligible,run_resolve_pending,official_annual_direct_consistent
601868.SH,中国能建,2025,Q_G_DEBT_ASSET_RATE,1,77.74,34,0.9,auto_policy_eligible,run_resolve_pending,official_annual_direct_consistent
601868.SH,中国能建,2025,Q_G_REVENUE_GROWTH,1,3.71339,13,0.91,auto_policy_eligible,run_resolve_pending,official_annual_direct_consistent
601868.SH,中国能建,2025,Q_G_ROE,1,5.05,14,0.92,auto_policy_eligible,run_resolve_pending,official_annual_direct_consistent
601868.SH,中国能建,2025,Q_S_DIVIDEND_PER_SHARE,1,0.0312,75,0.94,auto_policy_eligible,run_resolve_pending,official_annual_direct_consistent
601868.SH,中国能建,2025,Q_S_RD_RATE,1,3.28,31,0.96,auto_policy_eligible,run_resolve_pending,official_annual_direct_consistent
601877.SH,正泰电器,2025,Q_G_AR_TURNOVER,1,4.39948,101,0.94,auto_policy_eligible,run_resolve_pending,official_annual_direct_consistent
601877.SH,正泰电器,2025,Q_G_ASSET_TURNOVER,1,0.398652,102,0.94,auto_policy_eligible,run_resolve_pending,official_annual_direct_consistent
601877.SH,正泰电器,2025,Q_G_CASH_CURRENT_LIABILITY,1,37.4052,108,0.94,auto_policy_eligible,run_resolve_pending,official_annual_direct_consistent
601877.SH,正泰电器,2025,Q_G_CASH_REALIZATION,1,129.921,108,0.94,auto_policy_eligible,run_resolve_pending,official_annual_direct_consistent
601877.SH,正泰电器,2025,Q_G_COST_REVENUE_RATE,1,88.7281,105,0.94,auto_policy_eligible,run_resolve_pending,official_annual_direct_consistent
601877.SH,正泰电器,2025,Q_G_CURRENT_ASSET_TURNOVER,1,0.68131,101,0.94,auto_policy_eligible,run_resolve_pending,official_annual_direct_consistent
601877.SH,正泰电器,2025,Q_G_DEBT_ASSET_RATE,1,66.132,102,0.94,auto_policy_eligible,run_resolve_pending,consolidated_statement_year_end_derived
601877.SH,正泰电器,2025,Q_G_EBITDA_INTEREST,1,4.85037,106,0.94,auto_policy_eligible,run_resolve_pending,official_annual_direct_consistent
601877.SH,正泰电器,2025,Q_G_OPERATING_MARGIN,1,12.9852,106,0.94,auto_policy_eligible,run_resolve_pending,official_annual_direct_consistent
601877.SH,正泰电器,2025,Q_G_OPERATING_PROFIT_GROWTH,1,12.6798,106,0.94,auto_policy_eligible,run_resolve_pending,official_annual_direct_consistent
601877.SH,正泰电器,2025,Q_G_REVENUE_GROWTH,1,-8.33011,10,0.91,auto_policy_eligible,run_resolve_pending,official_annual_direct_consistent
601877.SH,正泰电器,2025,Q_G_ROA,1,6.46351,106,0.94,auto_policy_eligible,run_resolve_pending,official_annual_direct_consistent
601877.SH,正泰电器,2025,Q_G_ROE,1,10.35,10,0.92,auto_policy_eligible,run_resolve_pending,official_annual_direct_consistent
601877.SH,正泰电器,2025,Q_G_TWO_FUNDS_RATE,1,75.301,101,0.94,auto_policy_eligible,run_resolve_pending,official_annual_direct_consistent
601877.SH,正泰电器,2025,Q_S_DIVIDEND_PER_SHARE,1,0.6,65,0.94,auto_policy_eligible,run_resolve_pending,official_annual_direct_consistent
601877.SH,正泰电器,2025,Q_S_RD_RATE,1,2.24,31,0.96,auto_policy_eligible,run_resolve_pending,official_annual_direct_consistent
601898.SH,中煤能源,2025,Q_G_DEBT_ASSET_RATE,1,45.8,12,0.9,auto_policy_eligible,run_resolve_pending,official_annual_direct_consistent
601898.SH,中煤能源,2025,Q_G_REVENUE_GROWTH,1,-21.8269,7,0.91,auto_policy_eligible,run_resolve_pending,official_annual_direct_consistent
601898.SH,中煤能源,2025,Q_G_ROE,1,11.43,7,0.92,auto_policy_eligible,run_resolve_pending,official_annual_direct_consistent
601898.SH,中煤能源,2025,Q_S_DIVIDEND_PER_SHARE,1,0.383,55,0.94,auto_policy_eligible,run_resolve_pending,official_annual_direct_consistent
601898.SH,中煤能源,2025,Q_S_RD_RATE,1,2.42,28,0.96,auto_policy_eligible,run_resolve_pending,official_annual_direct_consistent
601908.SH,京运通,2025,Q_G_AR_TURNOVER,1,0.824449,70,0.94,auto_policy_eligible,run_resolve_pending,official_annual_direct_consistent
601908.SH,京运通,2025,Q_G_ASSET_TURNOVER,1,0.172535,70,0.94,auto_policy_eligible,run_resolve_pending,official_annual_direct_consistent
601908.SH,京运通,2025,Q_G_CASH_CURRENT_LIABILITY,1,15.5264,78,0.94,auto_policy_eligible,run_resolve_pending,official_annual_direct_consistent
601908.SH,京运通,2025,Q_G_CASH_REALIZATION,1,63.918,78,0.94,auto_policy_eligible,run_resolve_pending,official_annual_direct_consistent
601908.SH,京运通,2025,Q_G_COST_REVENUE_RATE,1,107.635,74,0.94,auto_policy_eligible,run_resolve_pending,official_annual_direct_consistent
601908.SH,京运通,2025,Q_G_CURRENT_ASSET_TURNOVER,1,0.540834,70,0.94,auto_policy_eligible,run_resolve_pending,official_annual_direct_consistent
601908.SH,京运通,2025,Q_G_DEBT_ASSET_RATE,1,55.3817,71,0.94,auto_policy_eligible,run_resolve_pending,consolidated_statement_year_end_derived
601908.SH,京运通,2025,Q_G_EBITDA_INTEREST,1,-3.4617,75,0.94,auto_policy_eligible,run_resolve_pending,official_annual_direct_consistent
601908.SH,京运通,2025,Q_G_OPERATING_MARGIN,1,-39.7394,75,0.94,auto_policy_eligible,run_resolve_pending,official_annual_direct_consistent
601908.SH,京运通,2025,Q_G_OPERATING_PROFIT_GROWTH,1,-48.9725,75,0.94,auto_policy_eligible,run_resolve_pending,official_annual_direct_consistent
601908.SH,京运通,2025,Q_G_REVENUE_GROWTH,1,-32.198,6,0.91,auto_policy_eligible,run_resolve_pending,official_annual_direct_consistent
601908.SH,京运通,2025,Q_G_ROA,1,-5.96099,75,0.94,auto_policy_eligible,run_resolve_pending,official_annual_direct_consistent
601908.SH,京运通,2025,Q_G_ROE,1,17.87,7,0.92,auto_policy_eligible,run_resolve_pending,official_annual_direct_consistent
601908.SH,京运通,2025,Q_G_TWO_FUNDS_RATE,1,80.3348,70,0.94,auto_policy_eligible,run_resolve_pending,official_annual_direct_consistent
601908.SH,京运通,2025,Q_S_RD_RATE,1,1.22,18,0.96,auto_policy_eligible,run_resolve_pending,official_annual_direct_consistent
601918.SH,新集能源,2025,Q_G_AR_TURNOVER,1,12.614,54,0.94,auto_policy_eligible,run_resolve_pending,official_annual_direct_consistent
601918.SH,新集能源,2025,Q_G_ASSET_TURNOVER,1,0.251385,55,0.94,auto_policy_eligible,run_resolve_pending,official_annual_direct_consistent
601918.SH,新集能源,2025,Q_G_CASH_REALIZATION,1,120.464,62,0.94,auto_policy_eligible,run_resolve_pending,official_annual_direct_consistent
601918.SH,新集能源,2025,Q_G_COST_REVENUE_RATE,1,75.28,58,0.94,auto_policy_eligible,run_resolve_pending,official_annual_direct_consistent
601918.SH,新集能源,2025,Q_G_CURRENT_ASSET_TURNOVER,1,2.7398,54,0.94,auto_policy_eligible,run_resolve_pending,official_annual_direct_consistent
601918.SH,新集能源,2025,Q_G_EBITDA_INTEREST,1,7.35588,59,0.94,auto_policy_eligible,run_resolve_pending,official_annual_direct_consistent
601918.SH,新集能源,2025,Q_G_OPERATING_MARGIN,1,24.6769,59,0.94,auto_policy_eligible,run_resolve_pending,official_annual_direct_consistent
601918.SH,新集能源,2025,Q_G_OPERATING_PROFIT_GROWTH,1,-18.7289,59,0.94,auto_policy_eligible,run_resolve_pending,official_annual_direct_consistent
601918.SH,新集能源,2025,Q_G_REVENUE_GROWTH,1,-3.51154,5,0.91,auto_policy_eligible,run_resolve_pending,official_annual_direct_consistent
601918.SH,新集能源,2025,Q_G_ROA,1,7.24575,59,0.94,auto_policy_eligible,run_resolve_pending,official_annual_direct_consistent
601918.SH,新集能源,2025,Q_G_ROE,1,13.14,6,0.92,auto_policy_eligible,run_resolve_pending,official_annual_direct_consistent
601918.SH,新集能源,2025,Q_G_TWO_FUNDS_RATE,1,25.7311,54,0.94,auto_policy_eligible,run_resolve_pending,official_annual_direct_consistent
601918.SH,新集能源,2025,Q_S_DIVIDEND_PER_SHARE,1,0.17,31,0.94,auto_policy_eligible,run_resolve_pending,official_annual_direct_consistent
601918.SH,新集能源,2025,Q_S_RD_RATE,1,0.04,14,0.96,auto_policy_eligible,run_resolve_pending,official_annual_direct_consistent
601985.SH,中国核电,2025,Q_G_AR_TURNOVER,1,3.28143,123,0.94,auto_policy_eligible,run_resolve_pending,official_annual_direct_consistent
601985.SH,中国核电,2025,Q_G_ASSET_TURNOVER,1,0.116502,124,0.94,auto_policy_eligible,run_resolve_pending,official_annual_direct_consistent
601985.SH,中国核电,2025,Q_G_CASH_CURRENT_LIABILITY,1,35.4537,131,0.94,auto_policy_eligible,run_resolve_pending,official_annual_direct_consistent
601985.SH,中国核电,2025,Q_G_CASH_REALIZATION,1,120.382,131,0.94,auto_policy_eligible,run_resolve_pending,official_annual_direct_consistent
601985.SH,中国核电,2025,Q_G_COST_REVENUE_RATE,1,75.4063,128,0.94,auto_policy_eligible,run_resolve_pending,official_annual_direct_consistent
601985.SH,中国核电,2025,Q_G_CURRENT_ASSET_TURNOVER,1,0.964125,123,0.94,auto_policy_eligible,run_resolve_pending,official_annual_direct_consistent
601985.SH,中国核电,2025,Q_G_DEBT_ASSET_RATE,1,69.0061,125,0.94,auto_policy_eligible,run_resolve_pending,consolidated_statement_year_end_derived
601985.SH,中国核电,2025,Q_G_EBITDA_INTEREST,1,4.56112,128,0.94,auto_policy_eligible,run_resolve_pending,official_annual_direct_consistent
601985.SH,中国核电,2025,Q_G_OPERATING_MARGIN,1,28.172,128,0.94,auto_policy_eligible,run_resolve_pending,official_annual_direct_consistent
601985.SH,中国核电,2025,Q_G_OPERATING_PROFIT_GROWTH,1,3.30736,128,0.94,auto_policy_eligible,run_resolve_pending,official_annual_direct_consistent
601985.SH,中国核电,2025,Q_G_REVENUE_GROWTH,1,6.21627,8,0.91,auto_policy_eligible,run_resolve_pending,official_annual_direct_consistent
601985.SH,中国核电,2025,Q_G_ROA,1,4.23405,128,0.94,auto_policy_eligible,run_resolve_pending,official_annual_direct_consistent
601985.SH,中国核电,2025,Q_G_ROE,1,8.21,8,0.92,auto_policy_eligible,run_resolve_pending,official_annual_direct_consistent
601985.SH,中国核电,2025,Q_G_TWO_FUNDS_RATE,1,71.6737,123,0.94,auto_policy_eligible,run_resolve_pending,official_annual_direct_consistent
601985.SH,中国核电,2025,Q_S_DIVIDEND_PER_SHARE,1,0.16,65,0.94,auto_policy_eligible,run_resolve_pending,official_annual_direct_consistent
601985.SH,中国核电,2025,Q_S_RD_RATE,1,2.84,24,0.96,auto_policy_eligible,run_resolve_pending,official_annual_direct_consistent
601991.SH,大唐发电,2025,Q_G_DEBT_ASSET_RATE,1,70.15,11,0.9,auto_policy_eligible,run_resolve_pending,official_annual_direct_consistent
601991.SH,大唐发电,2025,Q_G_REVENUE_GROWTH,1,-1.79651,6,0.91,auto_policy_eligible,run_resolve_pending,official_annual_direct_consistent
601991.SH,大唐发电,2025,Q_G_ROE,1,18.15,7,0.92,auto_policy_eligible,run_resolve_pending,official_annual_direct_consistent
601991.SH,大唐发电,2025,Q_S_DIVIDEND_PER_SHARE,1,0.148,45,0.94,auto_policy_eligible,run_resolve_pending,official_annual_direct_consistent
601991.SH,大唐发电,2025,Q_S_RD_RATE,2,2.02,15|38,0.96,auto_policy_eligible,run_resolve_pending,official_annual_direct_consistent
603016.SH,新宏泰,2025,Q_G_AR_TURNOVER,1,4.00514,58,0.94,auto_policy_eligible,run_resolve_pending,official_annual_direct_consistent
603016.SH,新宏泰,2025,Q_G_ASSET_TURNOVER,1,0.58116,58,0.94,auto_policy_eligible,run_resolve_pending,official_annual_direct_consistent
603016.SH,新宏泰,2025,Q_G_CASH_CURRENT_LIABILITY,1,43.0499,66,0.94,auto_policy_eligible,run_resolve_pending,official_annual_direct_consistent
603016.SH,新宏泰,2025,Q_G_CASH_REALIZATION,1,85.6872,66,0.94,auto_policy_eligible,run_resolve_pending,official_annual_direct_consistent
603016.SH,新宏泰,2025,Q_G_COST_REVENUE_RATE,1,89.3847,62,0.94,auto_policy_eligible,run_resolve_pending,official_annual_direct_consistent
603016.SH,新宏泰,2025,Q_G_CURRENT_ASSET_TURNOVER,1,0.688987,58,0.94,auto_policy_eligible,run_resolve_pending,official_annual_direct_consistent
603016.SH,新宏泰,2025,Q_G_DEBT_ASSET_RATE,1,17.6085,59,0.94,auto_policy_eligible,run_resolve_pending,consolidated_statement_year_end_derived
603016.SH,新宏泰,2025,Q_G_EBITDA_INTEREST,1,625.111,63,0.94,auto_policy_eligible,run_resolve_pending,official_annual_direct_consistent
603016.SH,新宏泰,2025,Q_G_OPERATING_MARGIN,1,12.6034,63,0.94,auto_policy_eligible,run_resolve_pending,official_annual_direct_consistent
603016.SH,新宏泰,2025,Q_G_OPERATING_PROFIT_GROWTH,1,-9.9337,63,0.94,auto_policy_eligible,run_resolve_pending,official_annual_direct_consistent
603016.SH,新宏泰,2025,Q_G_ROA,1,7.25882,63,0.94,auto_policy_eligible,run_resolve_pending,official_annual_direct_consistent
603016.SH,新宏泰,2025,Q_G_ROE,1,7.55,7,0.92,auto_policy_eligible,run_resolve_pending,official_annual_direct_consistent
603016.SH,新宏泰,2025,Q_G_TWO_FUNDS_RATE,1,29.2735,58,0.94,auto_policy_eligible,run_resolve_pending,official_annual_direct_consistent
603016.SH,新宏泰,2025,Q_S_DIVIDEND_PER_SHARE,1,0.34,35,0.94,auto_policy_eligible,run_resolve_pending,official_annual_direct_consistent
603016.SH,新宏泰,2025,Q_S_RD_RATE,1,5.53,18,0.96,auto_policy_eligible,run_resolve_pending,official_annual_direct_consistent
603026.SH,石大胜华,2025,Q_G_AR_TURNOVER,1,3.67572,90,0.94,auto_policy_eligible,run_resolve_pending,official_annual_direct_consistent
603026.SH,石大胜华,2025,Q_G_ASSET_TURNOVER,1,0.647716,91,0.94,auto_policy_eligible,run_resolve_pending,official_annual_direct_consistent
603026.SH,石大胜华,2025,Q_G_CASH_CURRENT_LIABILITY,1,-24.4969,98,0.94,auto_policy_eligible,run_resolve_pending,official_annual_direct_consistent
603026.SH,石大胜华,2025,Q_G_CASH_REALIZATION,1,86.5462,98,0.94,auto_policy_eligible,run_resolve_pending,official_annual_direct_consistent
603026.SH,石大胜华,2025,Q_G_COST_REVENUE_RATE,1,101.092,94,0.94,auto_policy_eligible,run_resolve_pending,official_annual_direct_consistent
603026.SH,石大胜华,2025,Q_G_CURRENT_ASSET_TURNOVER,1,1.40932,90,0.94,auto_policy_eligible,run_resolve_pending,official_annual_direct_consistent
603026.SH,石大胜华,2025,Q_G_DEBT_ASSET_RATE,1,53.3754,92,0.94,auto_policy_eligible,run_resolve_pending,consolidated_statement_year_end_derived
603026.SH,石大胜华,2025,Q_G_EBITDA_INTEREST,1,0.14937,95,0.94,auto_policy_eligible,run_resolve_pending,official_annual_direct_consistent
603026.SH,石大胜华,2025,Q_G_OPERATING_MARGIN,1,-0.787448,95,0.94,auto_policy_eligible,run_resolve_pending,official_annual_direct_consistent
603026.SH,石大胜华,2025,Q_G_OPERATING_PROFIT_GROWTH,1,-63.5745,95,0.94,auto_policy_eligible,run_resolve_pending,official_annual_direct_consistent
603026.SH,石大胜华,2025,Q_G_REVENUE_GROWTH,1,22.746,7,0.91,auto_policy_eligible,run_resolve_pending,official_annual_direct_consistent
603026.SH,石大胜华,2025,Q_G_ROA,1,0.106789,95,0.94,auto_policy_eligible,run_resolve_pending,official_annual_direct_consistent
603026.SH,石大胜华,2025,Q_G_ROE,2,0.37,7|15,0.92,auto_policy_eligible,run_resolve_pending,official_annual_direct_consistent
603026.SH,石大胜华,2025,Q_G_TWO_FUNDS_RATE,1,52.4653,90,0.94,auto_policy_eligible,run_resolve_pending,official_annual_direct_consistent
603026.SH,石大胜华,2025,Q_S_RD_RATE,1,3.98,21,0.96,auto_policy_eligible,run_resolve_pending,official_annual_direct_consistent
603031.SH,安孚科技,2025,Q_G_AR_TURNOVER,1,12.2799,93,0.94,auto_policy_eligible,run_resolve_pending,official_annual_direct_consistent
603031.SH,安孚科技,2025,Q_G_ASSET_TURNOVER,1,0.662308,94,0.94,auto_policy_eligible,run_resolve_pending,official_annual_direct_consistent
603031.SH,安孚科技,2025,Q_G_CASH_CURRENT_LIABILITY,1,35.8832,101,0.94,auto_policy_eligible,run_resolve_pending,official_annual_direct_consistent
603031.SH,安孚科技,2025,Q_G_CASH_REALIZATION,1,105.274,101,0.94,auto_policy_eligible,run_resolve_pending,official_annual_direct_consistent
603031.SH,安孚科技,2025,Q_G_COST_REVENUE_RATE,1,78.3683,97,0.94,auto_policy_eligible,run_resolve_pending,official_annual_direct_consistent
603031.SH,安孚科技,2025,Q_G_CURRENT_ASSET_TURNOVER,1,1.57299,93,0.94,auto_policy_eligible,run_resolve_pending,official_annual_direct_consistent
603031.SH,安孚科技,2025,Q_G_DEBT_ASSET_RATE,1,53.266,95,0.94,auto_policy_eligible,run_resolve_pending,consolidated_statement_year_end_derived
603031.SH,安孚科技,2025,Q_G_EBITDA_INTEREST,1,21.4187,98,0.94,auto_policy_eligible,run_resolve_pending,official_annual_direct_consistent
603031.SH,安孚科技,2025,Q_G_OPERATING_MARGIN,1,21.8918,98,0.94,auto_policy_eligible,run_resolve_pending,official_annual_direct_consistent
603031.SH,安孚科技,2025,Q_G_OPERATING_PROFIT_GROWTH,1,8.53252,98,0.94,auto_policy_eligible,run_resolve_pending,official_annual_direct_consistent
603031.SH,安孚科技,2025,Q_G_REVENUE_GROWTH,1,2.93866,8,0.91,auto_policy_eligible,run_resolve_pending,official_annual_direct_consistent
603031.SH,安孚科技,2025,Q_G_ROA,1,15.2252,98,0.94,auto_policy_eligible,run_resolve_pending,official_annual_direct_consistent
603031.SH,安孚科技,2025,Q_G_ROE,1,10.18,8,0.92,auto_policy_eligible,run_resolve_pending,official_annual_direct_consistent
603031.SH,安孚科技,2025,Q_G_TWO_FUNDS_RATE,1,28.5046,93,0.94,auto_policy_eligible,run_resolve_pending,official_annual_direct_consistent
603031.SH,安孚科技,2025,Q_S_DIVIDEND_PER_SHARE,1,0.12,60,0.94,auto_policy_eligible,run_resolve_pending,official_annual_direct_consistent
603031.SH,安孚科技,2025,Q_S_RD_RATE,1,2.55,34,0.96,auto_policy_eligible,run_resolve_pending,official_annual_direct_consistent
603032.SH,德新科技,2025,Q_G_AR_TURNOVER,1,2.38221,99,0.94,auto_policy_eligible,run_resolve_pending,official_annual_direct_consistent
603032.SH,德新科技,2025,Q_G_ASSET_TURNOVER,1,0.351682,100,0.94,auto_policy_eligible,run_resolve_pending,official_annual_direct_consistent
603032.SH,德新科技,2025,Q_G_CASH_CURRENT_LIABILITY,1,29.7574,107,0.94,auto_policy_eligible,run_resolve_pending,official_annual_direct_consistent
603032.SH,德新科技,2025,Q_G_CASH_REALIZATION,1,76.5668,107,0.94,auto_policy_eligible,run_resolve_pending,official_annual_direct_consistent
603032.SH,德新科技,2025,Q_G_COST_REVENUE_RATE,1,85.5482,103,0.94,auto_policy_eligible,run_resolve_pending,official_annual_direct_consistent
603032.SH,德新科技,2025,Q_G_CURRENT_ASSET_TURNOVER,1,0.977826,99,0.94,auto_policy_eligible,run_resolve_pending,official_annual_direct_consistent
603032.SH,德新科技,2025,Q_G_EBITDA_INTEREST,1,11.047,104,0.94,auto_policy_eligible,run_resolve_pending,official_annual_direct_consistent
603032.SH,德新科技,2025,Q_G_OPERATING_MARGIN,1,12.6604,104,0.94,auto_policy_eligible,run_resolve_pending,official_annual_direct_consistent
603032.SH,德新科技,2025,Q_G_OPERATING_PROFIT_GROWTH,1,-143.993,104,0.94,auto_policy_eligible,run_resolve_pending,official_annual_direct_consistent
603032.SH,德新科技,2025,Q_G_REVENUE_GROWTH,1,53.2924,7,0.91,auto_policy_eligible,run_resolve_pending,official_annual_direct_consistent
603032.SH,德新科技,2025,Q_G_ROA,1,4.81663,104,0.94,auto_policy_eligible,run_resolve_pending,official_annual_direct_consistent
603032.SH,德新科技,2025,Q_G_ROE,1,3.8,8,0.92,auto_policy_eligible,run_resolve_pending,official_annual_direct_consistent
603032.SH,德新科技,2025,Q_G_TWO_FUNDS_RATE,1,52.8383,99,0.94,auto_policy_eligible,run_resolve_pending,official_annual_direct_consistent
603032.SH,德新科技,2025,Q_S_DIVIDEND_PER_SHARE,1,0.043,55,0.94,auto_policy_eligible,run_resolve_pending,official_annual_direct_consistent
603032.SH,德新科技,2025,Q_S_RD_RATE,1,5.92,30,0.96,auto_policy_eligible,run_resolve_pending,official_annual_direct_consistent
603050.SH,科林电气,2025,Q_G_AR_TURNOVER,1,1.7809,66,0.94,auto_policy_eligible,run_resolve_pending,official_annual_direct_consistent
603050.SH,科林电气,2025,Q_G_ASSET_TURNOVER,1,0.864352,67,0.94,auto_policy_eligible,run_resolve_pending,official_annual_direct_consistent
603050.SH,科林电气,2025,Q_G_CASH_CURRENT_LIABILITY,1,21.0005,74,0.94,auto_policy_eligible,run_resolve_pending,official_annual_direct_consistent
603050.SH,科林电气,2025,Q_G_CASH_REALIZATION,1,93.5459,74,0.94,auto_policy_eligible,run_resolve_pending,official_annual_direct_consistent
603050.SH,科林电气,2025,Q_G_COST_REVENUE_RATE,1,95.6381,70,0.94,auto_policy_eligible,run_resolve_pending,official_annual_direct_consistent
603050.SH,科林电气,2025,Q_G_CURRENT_ASSET_TURNOVER,1,1.0872,66,0.94,auto_policy_eligible,run_resolve_pending,official_annual_direct_consistent
603050.SH,科林电气,2025,Q_G_EBITDA_INTEREST,1,17.289,71,0.94,auto_policy_eligible,run_resolve_pending,official_annual_direct_consistent
603050.SH,科林电气,2025,Q_G_OPERATING_MARGIN,1,6.26716,71,0.94,auto_policy_eligible,run_resolve_pending,official_annual_direct_consistent
603050.SH,科林电气,2025,Q_G_OPERATING_PROFIT_GROWTH,1,53.9256,71,0.94,auto_policy_eligible,run_resolve_pending,official_annual_direct_consistent
603050.SH,科林电气,2025,Q_G_REVENUE_GROWTH,1,7.05248,7,0.91,auto_policy_eligible,run_resolve_pending,official_annual_direct_consistent
603050.SH,科林电气,2025,Q_G_ROA,1,5.78247,71,0.94,auto_policy_eligible,run_resolve_pending,official_annual_direct_consistent
603050.SH,科林电气,2025,Q_G_ROE,1,14.49,7,0.92,auto_policy_eligible,run_resolve_pending,official_annual_direct_consistent
603050.SH,科林电气,2025,Q_G_TWO_FUNDS_RATE,1,75.5761,66,0.94,auto_policy_eligible,run_resolve_pending,official_annual_direct_consistent
603050.SH,科林电气,2025,Q_S_DIVIDEND_PER_SHARE,1,0.19835,35,0.94,auto_policy_eligible,run_resolve_pending,official_annual_direct_consistent
603050.SH,科林电气,2025,Q_S_RD_RATE,1,4.62,17,0.96,auto_policy_eligible,run_resolve_pending,official_annual_direct_consistent
603053.SH,成都燃气,2025,Q_G_AR_TURNOVER,1,53.4702,57,0.94,auto_policy_eligible,run_resolve_pending,official_annual_direct_consistent
603053.SH,成都燃气,2025,Q_G_ASSET_TURNOVER,1,0.649986,58,0.94,auto_policy_eligible,run_resolve_pending,official_annual_direct_consistent
603053.SH,成都燃气,2025,Q_G_CASH_CURRENT_LIABILITY,1,22.1871,66,0.94,auto_policy_eligible,run_resolve_pending,official_annual_direct_consistent
603053.SH,成都燃气,2025,Q_G_CASH_REALIZATION,1,106.977,65,0.94,auto_policy_eligible,run_resolve_pending,official_annual_direct_consistent
603053.SH,成都燃气,2025,Q_G_COST_REVENUE_RATE,1,89.6911,62,0.94,auto_policy_eligible,run_resolve_pending,official_annual_direct_consistent
603053.SH,成都燃气,2025,Q_G_CURRENT_ASSET_TURNOVER,1,1.42349,58,0.94,auto_policy_eligible,run_resolve_pending,official_annual_direct_consistent
603053.SH,成都燃气,2025,Q_G_DEBT_ASSET_RATE,1,37.6948,59,0.94,auto_policy_eligible,run_resolve_pending,consolidated_statement_year_end_derived
603053.SH,成都燃气,2025,Q_G_EBITDA_INTEREST,1,709.25,62,0.94,auto_policy_eligible,run_resolve_pending,official_annual_direct_consistent
603053.SH,成都燃气,2025,Q_G_OPERATING_MARGIN,1,10.9564,62,0.94,auto_policy_eligible,run_resolve_pending,official_annual_direct_consistent
603053.SH,成都燃气,2025,Q_G_OPERATING_PROFIT_GROWTH,1,-0.00347886,62,0.94,auto_policy_eligible,run_resolve_pending,official_annual_direct_consistent
603053.SH,成都燃气,2025,Q_G_REVENUE_GROWTH,1,1.45801,6,0.91,auto_policy_eligible,run_resolve_pending,official_annual_direct_consistent
603053.SH,成都燃气,2025,Q_G_ROA,1,7.29068,62,0.94,auto_policy_eligible,run_resolve_pending,official_annual_direct_consistent
603053.SH,成都燃气,2025,Q_G_ROE,1,10.16,6,0.92,auto_policy_eligible,run_resolve_pending,official_annual_direct_consistent
603053.SH,成都燃气,2025,Q_G_TWO_FUNDS_RATE,1,3.74604,58,0.94,auto_policy_eligible,run_resolve_pending,official_annual_direct_consistent
603053.SH,成都燃气,2025,Q_S_DIVIDEND_PER_SHARE,1,0.3,34,0.94,auto_policy_eligible,run_resolve_pending,official_annual_direct_consistent
603053.SH,成都燃气,2025,Q_S_RD_RATE,1,0.17,15,0.96,auto_policy_eligible,run_resolve_pending,official_annual_direct_consistent
603063.SH,禾望电气,2025,Q_G_AR_TURNOVER,1,1.8623,89,0.94,auto_policy_eligible,run_resolve_pending,official_annual_direct_consistent
603063.SH,禾望电气,2025,Q_G_ASSET_TURNOVER,1,0.890368,90,0.94,auto_policy_eligible,run_resolve_pending,official_annual_direct_consistent
603063.SH,禾望电气,2025,Q_G_CASH_CURRENT_LIABILITY,1,15.8788,97,0.94,auto_policy_eligible,run_resolve_pending,official_annual_direct_consistent
603063.SH,禾望电气,2025,Q_G_CASH_REALIZATION,1,109.35,97,0.94,auto_policy_eligible,run_resolve_pending,official_annual_direct_consistent
603063.SH,禾望电气,2025,Q_G_COST_REVENUE_RATE,1,84.9691,94,0.94,auto_policy_eligible,run_resolve_pending,official_annual_direct_consistent
603063.SH,禾望电气,2025,Q_G_CURRENT_ASSET_TURNOVER,1,1.18268,90,0.94,auto_policy_eligible,run_resolve_pending,official_annual_direct_consistent
603063.SH,禾望电气,2025,Q_G_DEBT_ASSET_RATE,1,43.3102,91,0.94,auto_policy_eligible,run_resolve_pending,consolidated_statement_year_end_derived
603063.SH,禾望电气,2025,Q_G_EBITDA_INTEREST,1,14.6042,94,0.94,auto_policy_eligible,run_resolve_pending,official_annual_direct_consistent
603063.SH,禾望电气,2025,Q_G_OPERATING_MARGIN,1,14.835,94,0.94,auto_policy_eligible,run_resolve_pending,official_annual_direct_consistent
603063.SH,禾望电气,2025,Q_G_OPERATING_PROFIT_GROWTH,1,17.0918,94,0.94,auto_policy_eligible,run_resolve_pending,official_annual_direct_consistent
603063.SH,禾望电气,2025,Q_G_REVENUE_GROWTH,1,11.6421,7,0.91,auto_policy_eligible,run_resolve_pending,official_annual_direct_consistent
603063.SH,禾望电气,2025,Q_G_ROA,1,13.2983,94,0.94,auto_policy_eligible,run_resolve_pending,official_annual_direct_consistent
603063.SH,禾望电气,2025,Q_G_ROE,1,11.17,7,0.92,auto_policy_eligible,run_resolve_pending,official_annual_direct_consistent
603063.SH,禾望电气,2025,Q_G_TWO_FUNDS_RATE,1,46.729,90,0.94,auto_policy_eligible,run_resolve_pending,official_annual_direct_consistent
603063.SH,禾望电气,2025,Q_S_DIVIDEND_PER_SHARE,1,0.13,64,0.94,auto_policy_eligible,run_resolve_pending,official_annual_direct_consistent
603063.SH,禾望电气,2025,Q_S_RD_RATE,1,8.85,34,0.96,auto_policy_eligible,run_resolve_pending,official_annual_direct_consistent
603070.SH,万控智造,2025,Q_G_AR_TURNOVER,1,2.90417,75,0.94,auto_policy_eligible,run_resolve_pending,official_annual_direct_consistent
603070.SH,万控智造,2025,Q_G_ASSET_TURNOVER,1,0.612351,76,0.94,auto_policy_eligible,run_resolve_pending,official_annual_direct_consistent
603070.SH,万控智造,2025,Q_G_CAPITAL_ACCUMULATION,1,2.87336,77,0.94,auto_policy_eligible,run_resolve_pending,official_annual_direct_consistent
603070.SH,万控智造,2025,Q_G_CASH_CURRENT_LIABILITY,1,37.3093,83,0.94,auto_policy_eligible,run_resolve_pending,official_annual_direct_consistent
603070.SH,万控智造,2025,Q_G_CASH_REALIZATION,1,135.631,83,0.94,auto_policy_eligible,run_resolve_pending,official_annual_direct_consistent
603070.SH,万控智造,2025,Q_G_COST_REVENUE_RATE,1,95.6972,79,0.94,auto_policy_eligible,run_resolve_pending,official_annual_direct_consistent
603070.SH,万控智造,2025,Q_G_CURRENT_ASSET_TURNOVER,1,0.874302,75,0.94,auto_policy_eligible,run_resolve_pending,official_annual_direct_consistent
603070.SH,万控智造,2025,Q_G_DEBT_ASSET_RATE,1,30.4183,76,0.94,auto_policy_eligible,run_resolve_pending,consolidated_statement_year_end_derived
603070.SH,万控智造,2025,Q_G_EBITDA_INTEREST,1,35.7549,80,0.94,auto_policy_eligible,run_resolve_pending,official_annual_direct_consistent
603070.SH,万控智造,2025,Q_G_OPERATING_MARGIN,1,5.48432,80,0.94,auto_policy_eligible,run_resolve_pending,official_annual_direct_consistent
603070.SH,万控智造,2025,Q_G_OPERATING_PROFIT_GROWTH,1,-0.523089,80,0.94,auto_policy_eligible,run_resolve_pending,official_annual_direct_consistent
603070.SH,万控智造,2025,Q_G_REVENUE_GROWTH,1,-6.93217,7,0.91,auto_policy_eligible,run_resolve_pending,official_annual_direct_consistent
603070.SH,万控智造,2025,Q_G_ROA,1,3.24746,80,0.94,auto_policy_eligible,run_resolve_pending,official_annual_direct_consistent
603070.SH,万控智造,2025,Q_G_ROE,1,4.14,7,0.92,auto_policy_eligible,run_resolve_pending,official_annual_direct_consistent
603070.SH,万控智造,2025,Q_G_TWO_FUNDS_RATE,1,38.0148,75,0.94,auto_policy_eligible,run_resolve_pending,official_annual_direct_consistent
603070.SH,万控智造,2025,Q_S_DIVIDEND_PER_SHARE,1,0.08,46,0.94,auto_policy_eligible,run_resolve_pending,official_annual_direct_consistent
603070.SH,万控智造,2025,Q_S_RD_RATE,1,3.66,23,0.96,auto_policy_eligible,run_resolve_pending,official_annual_direct_consistent
603080.SH,新疆火炬,2025,Q_G_AR_TURNOVER,1,20.8892,84,0.94,auto_policy_eligible,run_resolve_pending,official_annual_direct_consistent
603080.SH,新疆火炬,2025,Q_G_ASSET_TURNOVER,1,1.2463,85,0.94,auto_policy_eligible,run_resolve_pending,official_annual_direct_consistent
603080.SH,新疆火炬,2025,Q_G_CASH_CURRENT_LIABILITY,1,54.0674,92,0.94,auto_policy_eligible,run_resolve_pending,official_annual_direct_consistent
603080.SH,新疆火炬,2025,Q_G_CASH_REALIZATION,1,114.473,92,0.94,auto_policy_eligible,run_resolve_pending,official_annual_direct_consistent
603080.SH,新疆火炬,2025,Q_G_COST_REVENUE_RATE,1,85.3972,88,0.94,auto_policy_eligible,run_resolve_pending,official_annual_direct_consistent
603080.SH,新疆火炬,2025,Q_G_CURRENT_ASSET_TURNOVER,1,4.88156,84,0.94,auto_policy_eligible,run_resolve_pending,official_annual_direct_consistent
603080.SH,新疆火炬,2025,Q_G_DEBT_ASSET_RATE,1,31.0214,86,0.94,auto_policy_eligible,run_resolve_pending,consolidated_statement_year_end_derived
603080.SH,新疆火炬,2025,Q_G_EBITDA_INTEREST,1,154.543,89,0.94,auto_policy_eligible,run_resolve_pending,official_annual_direct_consistent
603080.SH,新疆火炬,2025,Q_G_OPERATING_MARGIN,1,16.0886,89,0.94,auto_policy_eligible,run_resolve_pending,official_annual_direct_consistent
603080.SH,新疆火炬,2025,Q_G_OPERATING_PROFIT_GROWTH,1,37.1597,89,0.94,auto_policy_eligible,run_resolve_pending,official_annual_direct_consistent
603080.SH,新疆火炬,2025,Q_G_REVENUE_GROWTH,1,10.2463,7,0.91,auto_policy_eligible,run_resolve_pending,official_annual_direct_consistent
603080.SH,新疆火炬,2025,Q_G_ROA,1,19.9811,89,0.94,auto_policy_eligible,run_resolve_pending,official_annual_direct_consistent
603080.SH,新疆火炬,2025,Q_G_ROE,1,13.27,7,0.92,auto_policy_eligible,run_resolve_pending,official_annual_direct_consistent
603080.SH,新疆火炬,2025,Q_G_TWO_FUNDS_RATE,1,34.643,84,0.94,auto_policy_eligible,run_resolve_pending,official_annual_direct_consistent
603080.SH,新疆火炬,2025,Q_S_DIVIDEND_PER_SHARE,1,0.52,48,0.94,auto_policy_eligible,run_resolve_pending,official_annual_direct_consistent
603097.SH,江苏华辰,2025,Q_G_AR_TURNOVER,1,2.15438,107,0.94,auto_policy_eligible,run_resolve_pending,official_annual_direct_consistent
603097.SH,江苏华辰,2025,Q_G_ASSET_TURNOVER,1,0.798455,107,0.94,auto_policy_eligible,run_resolve_pending,official_annual_direct_consistent
603097.SH,江苏华辰,2025,Q_G_CASH_CURRENT_LIABILITY,1,1.80729,115,0.94,auto_policy_eligible,run_resolve_pending,official_annual_direct_consistent
603097.SH,江苏华辰,2025,Q_G_CASH_REALIZATION,1,83.3017,115,0.94,auto_policy_eligible,run_resolve_pending,official_annual_direct_consistent
603097.SH,江苏华辰,2025,Q_G_COST_REVENUE_RATE,1,94.724,111,0.94,auto_policy_eligible,run_resolve_pending,official_annual_direct_consistent
603097.SH,江苏华辰,2025,Q_G_CURRENT_ASSET_TURNOVER,1,1.12154,107,0.94,auto_policy_eligible,run_resolve_pending,official_annual_direct_consistent
603097.SH,江苏华辰,2025,Q_G_EBITDA_INTEREST,1,6.62997,112,0.94,auto_policy_eligible,run_resolve_pending,official_annual_direct_consistent
603097.SH,江苏华辰,2025,Q_G_OPERATING_MARGIN,1,3.00998,112,0.94,auto_policy_eligible,run_resolve_pending,official_annual_direct_consistent
603097.SH,江苏华辰,2025,Q_G_REVENUE_GROWTH,1,42.7288,7,0.91,auto_policy_eligible,run_resolve_pending,official_annual_direct_consistent
603097.SH,江苏华辰,2025,Q_G_ROA,1,2.92946,112,0.94,auto_policy_eligible,run_resolve_pending,official_annual_direct_consistent
603097.SH,江苏华辰,2025,Q_G_ROE,1,6.56,7,0.92,auto_policy_eligible,run_resolve_pending,official_annual_direct_consistent
603097.SH,江苏华辰,2025,Q_G_TWO_FUNDS_RATE,1,72.9536,107,0.94,auto_policy_eligible,run_resolve_pending,official_annual_direct_consistent
603097.SH,江苏华辰,2025,Q_S_DIVIDEND_PER_SHARE,1,0.15,57,0.94,auto_policy_eligible,run_resolve_pending,official_annual_direct_consistent
603097.SH,江苏华辰,2025,Q_S_RD_RATE,1,3.77,31,0.96,auto_policy_eligible,run_resolve_pending,official_annual_direct_consistent
603105.SH,芯能科技,2025,Q_G_AR_TURNOVER,1,2.56887,83,0.94,auto_policy_eligible,run_resolve_pending,official_annual_direct_consistent
603105.SH,芯能科技,2025,Q_G_ASSET_TURNOVER,1,0.167428,84,0.94,auto_policy_eligible,run_resolve_pending,official_annual_direct_consistent
603105.SH,芯能科技,2025,Q_G_CAPITAL_ACCUMULATION,1,3.92169,85,0.94,auto_policy_eligible,run_resolve_pending,official_annual_direct_consistent
603105.SH,芯能科技,2025,Q_G_CASH_REALIZATION,1,97.0743,90,0.94,auto_policy_eligible,run_resolve_pending,official_annual_direct_consistent
603105.SH,芯能科技,2025,Q_G_COST_REVENUE_RATE,1,68.4815,87,0.94,auto_policy_eligible,run_resolve_pending,official_annual_direct_consistent
603105.SH,芯能科技,2025,Q_G_CURRENT_ASSET_TURNOVER,1,0.999398,83,0.94,auto_policy_eligible,run_resolve_pending,official_annual_direct_consistent
603105.SH,芯能科技,2025,Q_G_EBITDA_INTEREST,1,3.54462,88,0.94,auto_policy_eligible,run_resolve_pending,official_annual_direct_consistent
603105.SH,芯能科技,2025,Q_G_OPERATING_MARGIN,1,31.8935,88,0.94,auto_policy_eligible,run_resolve_pending,official_annual_direct_consistent
603105.SH,芯能科技,2025,Q_G_OPERATING_PROFIT_GROWTH,1,-1.23103,88,0.94,auto_policy_eligible,run_resolve_pending,official_annual_direct_consistent
603105.SH,芯能科技,2025,Q_G_REVENUE_GROWTH,1,7.17382,6,0.91,auto_policy_eligible,run_resolve_pending,official_annual_direct_consistent
603105.SH,芯能科技,2025,Q_G_ROA,1,7.45436,88,0.94,auto_policy_eligible,run_resolve_pending,official_annual_direct_consistent
603105.SH,芯能科技,2025,Q_G_ROE,1,9.06,6,0.92,auto_policy_eligible,run_resolve_pending,official_annual_direct_consistent
603105.SH,芯能科技,2025,Q_G_TWO_FUNDS_RATE,1,41.8563,83,0.94,auto_policy_eligible,run_resolve_pending,official_annual_direct_consistent
603105.SH,芯能科技,2025,Q_S_DIVIDEND_PER_SHARE,1,1,49,0.94,auto_policy_eligible,run_resolve_pending,official_annual_direct_consistent
603105.SH,芯能科技,2025,Q_S_RD_RATE,1,4.92,23,0.96,auto_policy_eligible,run_resolve_pending,official_annual_direct_consistent
603185.SH,弘元绿能,2025,Q_G_ROE,1,1.55,7,0.92,auto_policy_eligible,run_resolve_pending,official_annual_direct_consistent
603185.SH,弘元绿能,2025,Q_G_TWO_FUNDS_RATE,1,23.4206,77,0.94,auto_policy_eligible,run_resolve_pending,official_annual_direct_consistent
603185.SH,弘元绿能,2025,Q_S_DIVIDEND_PER_SHARE,1,0.15,41,0.94,auto_policy_eligible,run_resolve_pending,official_annual_direct_consistent
603185.SH,弘元绿能,2025,Q_S_RD_RATE,1,5.06,19,0.96,auto_policy_eligible,run_resolve_pending,official_annual_direct_consistent
603191.SH,望变电气,2025,Q_G_AR_TURNOVER,1,0.00021688,97,0.94,auto_policy_eligible,run_resolve_pending,official_annual_direct_consistent
603191.SH,望变电气,2025,Q_G_ASSET_TURNOVER,1,5.681e-05,98,0.94,auto_policy_eligible,run_resolve_pending,official_annual_direct_consistent
603191.SH,望变电气,2025,Q_G_CASH_CURRENT_LIABILITY,1,7.74905,105,0.94,auto_policy_eligible,run_resolve_pending,official_annual_direct_consistent
603191.SH,望变电气,2025,Q_G_CASH_REALIZATION,1,743585,105,0.94,auto_policy_eligible,run_resolve_pending,official_annual_direct_consistent
603191.SH,望变电气,2025,Q_G_COST_REVENUE_RATE,1,972399,101,0.94,auto_policy_eligible,run_resolve_pending,official_annual_direct_consistent
603191.SH,望变电气,2025,Q_G_CURRENT_ASSET_TURNOVER,1,8.628e-05,97,0.94,auto_policy_eligible,run_resolve_pending,official_annual_direct_consistent
603191.SH,望变电气,2025,Q_G_EBITDA_INTEREST,1,2.45884,102,0.94,auto_policy_eligible,run_resolve_pending,official_annual_direct_consistent
603191.SH,望变电气,2025,Q_G_OPERATING_MARGIN,1,21344,102,0.94,auto_policy_eligible,run_resolve_pending,official_annual_direct_consistent
603191.SH,望变电气,2025,Q_G_OPERATING_PROFIT_GROWTH,1,-24.3175,102,0.94,auto_policy_eligible,run_resolve_pending,official_annual_direct_consistent
603191.SH,望变电气,2025,Q_G_REVENUE_GROWTH,1,16.8708,9,0.91,auto_policy_eligible,run_resolve_pending,official_annual_direct_consistent
603191.SH,望变电气,2025,Q_G_ROA,1,1.94073,102,0.94,auto_policy_eligible,run_resolve_pending,official_annual_direct_consistent
603191.SH,望变电气,2025,Q_G_ROE,1,2.83,9,0.92,auto_policy_eligible,run_resolve_pending,official_annual_direct_consistent
603191.SH,望变电气,2025,Q_G_TWO_FUNDS_RATE,1,59.9825,97,0.94,auto_policy_eligible,run_resolve_pending,official_annual_direct_consistent
603191.SH,望变电气,2025,Q_S_DIVIDEND_PER_SHARE,1,0.05,61,0.94,auto_policy_eligible,run_resolve_pending,official_annual_direct_consistent
603191.SH,望变电气,2025,Q_S_RD_RATE,1,7.82,31,0.96,auto_policy_eligible,run_resolve_pending,official_annual_direct_consistent
603212.SH,赛伍技术,2025,Q_G_AR_TURNOVER,1,1.95907,105,0.94,auto_policy_eligible,run_resolve_pending,official_annual_direct_consistent
603212.SH,赛伍技术,2025,Q_G_ASSET_TURNOVER,1,0.629063,106,0.94,auto_policy_eligible,run_resolve_pending,official_annual_direct_consistent
603212.SH,赛伍技术,2025,Q_G_CASH_REALIZATION,1,84.6949,113,0.94,auto_policy_eligible,run_resolve_pending,official_annual_direct_consistent
603212.SH,赛伍技术,2025,Q_G_COST_REVENUE_RATE,1,107.512,109,0.94,auto_policy_eligible,run_resolve_pending,official_annual_direct_consistent
603212.SH,赛伍技术,2025,Q_G_CURRENT_ASSET_TURNOVER,1,0.946795,105,0.94,auto_policy_eligible,run_resolve_pending,official_annual_direct_consistent
603212.SH,赛伍技术,2025,Q_G_EBITDA_INTEREST,1,-8.52868,110,0.94,auto_policy_eligible,run_resolve_pending,official_annual_direct_consistent
603212.SH,赛伍技术,2025,Q_G_OPERATING_MARGIN,1,-12.2058,110,0.94,auto_policy_eligible,run_resolve_pending,official_annual_direct_consistent
603212.SH,赛伍技术,2025,Q_G_OPERATING_PROFIT_GROWTH,1,3.46435,110,0.94,auto_policy_eligible,run_resolve_pending,official_annual_direct_consistent
603212.SH,赛伍技术,2025,Q_G_REVENUE_GROWTH,1,-12.7234,8,0.91,auto_policy_eligible,run_resolve_pending,official_annual_direct_consistent
603212.SH,赛伍技术,2025,Q_G_ROA,1,-6.93111,110,0.94,auto_policy_eligible,run_resolve_pending,official_annual_direct_consistent
603212.SH,赛伍技术,2025,Q_G_ROE,1,10.56,8,0.92,auto_policy_eligible,run_resolve_pending,official_annual_direct_consistent
603212.SH,赛伍技术,2025,Q_G_TWO_FUNDS_RATE,1,73.2926,105,0.94,auto_policy_eligible,run_resolve_pending,official_annual_direct_consistent
603212.SH,赛伍技术,2025,Q_S_RD_RATE,1,3.98,40,0.96,auto_policy_eligible,run_resolve_pending,official_annual_direct_consistent
603218.SH,日月股份,2025,Q_G_ROE,1,5.44,7,0.92,auto_policy_eligible,run_resolve_pending,official_annual_direct_consistent
603218.SH,日月股份,2025,Q_S_DIVIDEND_PER_SHARE,1,0.38,43,0.94,auto_policy_eligible,run_resolve_pending,official_annual_direct_consistent
603218.SH,日月股份,2025,Q_S_RD_RATE,1,4.24,23,0.96,auto_policy_eligible,run_resolve_pending,official_annual_direct_consistent
603312.SH,西典新能,2025,Q_G_AR_TURNOVER,1,3.26511,90,0.94,auto_policy_eligible,run_resolve_pending,official_annual_direct_consistent
603312.SH,西典新能,2025,Q_G_ASSET_TURNOVER,1,0.999798,91,0.94,auto_policy_eligible,run_resolve_pending,official_annual_direct_consistent
603312.SH,西典新能,2025,Q_G_CASH_CURRENT_LIABILITY,1,21.4427,102,0.94,auto_policy_eligible,run_resolve_pending,official_annual_direct_consistent
603312.SH,西典新能,2025,Q_G_CASH_REALIZATION,1,71.4312,101,0.94,auto_policy_eligible,run_resolve_pending,official_annual_direct_consistent
603312.SH,西典新能,2025,Q_G_COST_REVENUE_RATE,1,89.0461,96,0.94,auto_policy_eligible,run_resolve_pending,official_annual_direct_consistent
603312.SH,西典新能,2025,Q_G_CURRENT_ASSET_TURNOVER,1,1.23715,90,0.94,auto_policy_eligible,run_resolve_pending,official_annual_direct_consistent
603312.SH,西典新能,2025,Q_G_DEBT_ASSET_RATE,1,36.4343,92,0.94,auto_policy_eligible,run_resolve_pending,consolidated_statement_year_end_derived
603312.SH,西典新能,2025,Q_G_EBITDA_INTEREST,1,23212.7,97,0.94,auto_policy_eligible,run_resolve_pending,official_annual_direct_consistent
603312.SH,西典新能,2025,Q_G_OPERATING_MARGIN,1,10.8424,97,0.94,auto_policy_eligible,run_resolve_pending,official_annual_direct_consistent
603312.SH,西典新能,2025,Q_G_OPERATING_PROFIT_GROWTH,1,16.2742,97,0.94,auto_policy_eligible,run_resolve_pending,official_annual_direct_consistent
603312.SH,西典新能,2025,Q_G_REVENUE_GROWTH,1,28.5162,7,0.91,auto_policy_eligible,run_resolve_pending,official_annual_direct_consistent
603312.SH,西典新能,2025,Q_G_ROA,1,10.8045,97,0.94,auto_policy_eligible,run_resolve_pending,official_annual_direct_consistent
603312.SH,西典新能,2025,Q_G_ROE,1,14.97,8,0.92,auto_policy_eligible,run_resolve_pending,official_annual_direct_consistent
603312.SH,西典新能,2025,Q_G_TWO_FUNDS_RATE,1,50.7941,90,0.94,auto_policy_eligible,run_resolve_pending,official_annual_direct_consistent
603312.SH,西典新能,2025,Q_S_DIVIDEND_PER_SHARE,1,0.4,43,0.94,auto_policy_eligible,run_resolve_pending,official_annual_direct_consistent
603312.SH,西典新能,2025,Q_S_RD_RATE,1,2.67,20,0.96,auto_policy_eligible,run_resolve_pending,official_annual_direct_consistent
603318.SH,水发燃气,2025,Q_G_AR_TURNOVER,1,9.27261,77,0.94,auto_policy_eligible,run_resolve_pending,official_annual_direct_consistent
603318.SH,水发燃气,2025,Q_G_ASSET_TURNOVER,1,0.987363,78,0.94,auto_policy_eligible,run_resolve_pending,official_annual_direct_consistent
603318.SH,水发燃气,2025,Q_G_CASH_REALIZATION,1,97.95,86,0.94,auto_policy_eligible,run_resolve_pending,official_annual_direct_consistent
603318.SH,水发燃气,2025,Q_G_COST_REVENUE_RATE,1,94.4737,82,0.94,auto_policy_eligible,run_resolve_pending,official_annual_direct_consistent
603318.SH,水发燃气,2025,Q_G_CURRENT_ASSET_TURNOVER,1,2.03989,77,0.94,auto_policy_eligible,run_resolve_pending,official_annual_direct_consistent
603318.SH,水发燃气,2025,Q_G_EBITDA_INTEREST,1,1.35621,82,0.94,auto_policy_eligible,run_resolve_pending,official_annual_direct_consistent
603318.SH,水发燃气,2025,Q_G_OPERATING_MARGIN,1,3.22223,82,0.94,auto_policy_eligible,run_resolve_pending,official_annual_direct_consistent
603318.SH,水发燃气,2025,Q_G_OPERATING_PROFIT_GROWTH,1,-64.9057,82,0.94,auto_policy_eligible,run_resolve_pending,official_annual_direct_consistent
603318.SH,水发燃气,2025,Q_G_REVENUE_GROWTH,1,-1.52975,7,0.91,auto_policy_eligible,run_resolve_pending,official_annual_direct_consistent
603318.SH,水发燃气,2025,Q_G_ROA,1,4.32035,82,0.94,auto_policy_eligible,run_resolve_pending,official_annual_direct_consistent
603318.SH,水发燃气,2025,Q_G_ROE,2,5.62,8|17,0.92,auto_policy_eligible,run_resolve_pending,official_annual_direct_consistent
603318.SH,水发燃气,2025,Q_G_TWO_FUNDS_RATE,1,37.798,77,0.94,auto_policy_eligible,run_resolve_pending,official_annual_direct_consistent
603318.SH,水发燃气,2025,Q_S_DIVIDEND_PER_SHARE,1,0,45,0.94,auto_policy_eligible,run_resolve_pending,official_annual_direct_consistent
603318.SH,水发燃气,2025,Q_S_RD_RATE,1,0.74,22,0.96,auto_policy_eligible,run_resolve_pending,official_annual_direct_consistent
603320.SH,迪贝电气,2025,Q_G_AR_TURNOVER,1,6.07782,62,0.94,auto_policy_eligible,run_resolve_pending,official_annual_direct_consistent
603320.SH,迪贝电气,2025,Q_G_ASSET_TURNOVER,1,1.38064,63,0.94,auto_policy_eligible,run_resolve_pending,official_annual_direct_consistent
603320.SH,迪贝电气,2025,Q_G_CASH_CURRENT_LIABILITY,1,49.5175,73,0.94,auto_policy_eligible,run_resolve_pending,official_annual_direct_consistent
603320.SH,迪贝电气,2025,Q_G_CASH_REALIZATION,1,68.1678,73,0.94,auto_policy_eligible,run_resolve_pending,official_annual_direct_consistent
603320.SH,迪贝电气,2025,Q_G_COST_REVENUE_RATE,1,91.6173,68,0.94,auto_policy_eligible,run_resolve_pending,official_annual_direct_consistent
603320.SH,迪贝电气,2025,Q_G_CURRENT_ASSET_TURNOVER,1,1.12903,62,0.94,auto_policy_eligible,run_resolve_pending,official_annual_direct_consistent
603320.SH,迪贝电气,2025,Q_G_DEBT_ASSET_RATE,1,17.1345,64,0.94,auto_policy_eligible,run_resolve_pending,consolidated_statement_year_end_derived
603320.SH,迪贝电气,2025,Q_G_EBITDA_INTEREST,1,116.394,69,0.94,auto_policy_eligible,run_resolve_pending,official_annual_direct_consistent
603320.SH,迪贝电气,2025,Q_G_OPERATING_MARGIN,1,9.24039,68,0.94,auto_policy_eligible,run_resolve_pending,official_annual_direct_consistent
603320.SH,迪贝电气,2025,Q_G_OPERATING_PROFIT_GROWTH,1,6.47337,68,0.94,auto_policy_eligible,run_resolve_pending,official_annual_direct_consistent
603320.SH,迪贝电气,2025,Q_G_REVENUE_GROWTH,1,-6.95215,6,0.91,auto_policy_eligible,run_resolve_pending,official_annual_direct_consistent
603320.SH,迪贝电气,2025,Q_G_ROA,1,12.7309,69,0.94,auto_policy_eligible,run_resolve_pending,official_annual_direct_consistent
603320.SH,迪贝电气,2025,Q_G_ROE,1,7.2,6,0.92,auto_policy_eligible,run_resolve_pending,official_annual_direct_consistent
603320.SH,迪贝电气,2025,Q_G_TWO_FUNDS_RATE,1,37.8741,62,0.94,auto_policy_eligible,run_resolve_pending,official_annual_direct_consistent
603320.SH,迪贝电气,2025,Q_S_DIVIDEND_PER_SHARE,1,0.17,39,0.94,auto_policy_eligible,run_resolve_pending,official_annual_direct_consistent
603320.SH,迪贝电气,2025,Q_S_RD_RATE,1,4.79,18,0.96,auto_policy_eligible,run_resolve_pending,official_annual_direct_consistent
603333.SH,尚纬股份,2025,Q_G_AR_TURNOVER,1,1.68327,87,0.94,auto_policy_eligible,run_resolve_pending,official_annual_direct_consistent
603333.SH,尚纬股份,2025,Q_G_ASSET_TURNOVER,1,129.262,85,0.94,auto_policy_eligible,run_resolve_pending,official_annual_direct_consistent
603333.SH,尚纬股份,2025,Q_G_CASH_CURRENT_LIABILITY,1,385.344,93,0.94,auto_policy_eligible,run_resolve_pending,official_annual_direct_consistent
603333.SH,尚纬股份,2025,Q_G_CASH_REALIZATION,1,117.306,93,0.94,auto_policy_eligible,run_resolve_pending,official_annual_direct_consistent
603333.SH,尚纬股份,2025,Q_G_COST_REVENUE_RATE,1,104.385,89,0.94,auto_policy_eligible,run_resolve_pending,official_annual_direct_consistent
603333.SH,尚纬股份,2025,Q_G_CURRENT_ASSET_TURNOVER,1,129.262,85,0.94,auto_policy_eligible,run_resolve_pending,official_annual_direct_consistent
603333.SH,尚纬股份,2025,Q_G_REVENUE_GROWTH,1,-18.7323,8,0.91,auto_policy_eligible,run_resolve_pending,official_annual_direct_consistent
603333.SH,尚纬股份,2025,Q_G_ROE,1,2.28,8,0.92,auto_policy_eligible,run_resolve_pending,official_annual_direct_consistent
603333.SH,尚纬股份,2025,Q_G_TWO_FUNDS_RATE,1,52190.8,87,0.94,auto_policy_eligible,run_resolve_pending,official_annual_direct_consistent
603333.SH,尚纬股份,2025,Q_S_RD_RATE,1,4.11,24,0.96,auto_policy_eligible,run_resolve_pending,official_annual_direct_consistent
603344.SH,星德胜,2025,Q_G_AR_TURNOVER,1,9.87815,83,0.94,auto_policy_eligible,run_resolve_pending,official_annual_direct_consistent
603344.SH,星德胜,2025,Q_G_ASSET_TURNOVER,1,1.61379,83,0.94,auto_policy_eligible,run_resolve_pending,official_annual_direct_consistent
603344.SH,星德胜,2025,Q_G_CASH_CURRENT_LIABILITY,1,26.4488,91,0.94,auto_policy_eligible,run_resolve_pending,official_annual_direct_consistent
603344.SH,星德胜,2025,Q_G_CASH_REALIZATION,1,70.8279,91,0.94,auto_policy_eligible,run_resolve_pending,official_annual_direct_consistent
603344.SH,星德胜,2025,Q_G_COST_REVENUE_RATE,1,92.1873,87,0.94,auto_policy_eligible,run_resolve_pending,official_annual_direct_consistent
603344.SH,星德胜,2025,Q_G_CURRENT_ASSET_TURNOVER,1,1.71919,83,0.94,auto_policy_eligible,run_resolve_pending,official_annual_direct_consistent
603344.SH,星德胜,2025,Q_G_DEBT_ASSET_RATE,1,32.6111,84,0.94,auto_policy_eligible,run_resolve_pending,consolidated_statement_year_end_derived
603344.SH,星德胜,2025,Q_G_EBITDA_INTEREST,1,243.899,88,0.94,auto_policy_eligible,run_resolve_pending,official_annual_direct_consistent
603344.SH,星德胜,2025,Q_G_OPERATING_MARGIN,1,7.6511,88,0.94,auto_policy_eligible,run_resolve_pending,official_annual_direct_consistent
603344.SH,星德胜,2025,Q_G_OPERATING_PROFIT_GROWTH,1,-13.1599,88,0.94,auto_policy_eligible,run_resolve_pending,official_annual_direct_consistent
603344.SH,星德胜,2025,Q_G_REVENUE_GROWTH,1,4.83525,8,0.91,auto_policy_eligible,run_resolve_pending,official_annual_direct_consistent
603344.SH,星德胜,2025,Q_G_ROA,1,12.292,88,0.94,auto_policy_eligible,run_resolve_pending,official_annual_direct_consistent
603344.SH,星德胜,2025,Q_G_ROE,1,8.36,8,0.92,auto_policy_eligible,run_resolve_pending,official_annual_direct_consistent
603344.SH,星德胜,2025,Q_G_TWO_FUNDS_RATE,1,38.273,83,0.94,auto_policy_eligible,run_resolve_pending,official_annual_direct_consistent
603344.SH,星德胜,2025,Q_S_RD_RATE,1,4.06,21,0.96,auto_policy_eligible,run_resolve_pending,official_annual_direct_consistent
603353.SH,和顺石油,2025,Q_G_AR_TURNOVER,1,106.029,75,0.94,auto_policy_eligible,run_resolve_pending,official_annual_direct_consistent
603353.SH,和顺石油,2025,Q_G_ASSET_TURNOVER,1,1.30912,75,0.94,auto_policy_eligible,run_resolve_pending,official_annual_direct_consistent
603353.SH,和顺石油,2025,Q_G_CASH_CURRENT_LIABILITY,1,70.1513,83,0.94,auto_policy_eligible,run_resolve_pending,official_annual_direct_consistent
603353.SH,和顺石油,2025,Q_G_CASH_REALIZATION,1,118.776,83,0.94,auto_policy_eligible,run_resolve_pending,official_annual_direct_consistent
603353.SH,和顺石油,2025,Q_G_COST_REVENUE_RATE,1,100.528,79,0.94,auto_policy_eligible,run_resolve_pending,official_annual_direct_consistent
603353.SH,和顺石油,2025,Q_G_CURRENT_ASSET_TURNOVER,1,3.35809,75,0.94,auto_policy_eligible,run_resolve_pending,official_annual_direct_consistent
603353.SH,和顺石油,2025,Q_G_DEBT_ASSET_RATE,1,17.1177,76,0.94,auto_policy_eligible,run_resolve_pending,consolidated_statement_year_end_derived
603353.SH,和顺石油,2025,Q_G_EBITDA_INTEREST,1,-3.76726,80,0.94,auto_policy_eligible,run_resolve_pending,official_annual_direct_consistent
603353.SH,和顺石油,2025,Q_G_OPERATING_MARGIN,1,-1.11475,80,0.94,auto_policy_eligible,run_resolve_pending,official_annual_direct_consistent
603353.SH,和顺石油,2025,Q_G_OPERATING_PROFIT_GROWTH,1,-161.819,80,0.94,auto_policy_eligible,run_resolve_pending,official_annual_direct_consistent
603353.SH,和顺石油,2025,Q_G_REVENUE_GROWTH,1,-8.14968,7,0.91,auto_policy_eligible,run_resolve_pending,official_annual_direct_consistent
603353.SH,和顺石油,2025,Q_G_ROA,1,-1.16714,80,0.94,auto_policy_eligible,run_resolve_pending,official_annual_direct_consistent
603353.SH,和顺石油,2025,Q_G_ROE,1,1.31,8,0.92,auto_policy_eligible,run_resolve_pending,official_annual_direct_consistent
603353.SH,和顺石油,2025,Q_G_TWO_FUNDS_RATE,1,17.4968,75,0.94,auto_policy_eligible,run_resolve_pending,official_annual_direct_consistent
603353.SH,和顺石油,2025,Q_S_DIVIDEND_PER_SHARE,1,0.1,38,0.94,auto_policy_eligible,run_resolve_pending,official_annual_direct_consistent
603393.SH,新天然气,2025,Q_G_AR_TURNOVER,1,4.87624,67,0.94,auto_policy_eligible,run_resolve_pending,official_annual_direct_consistent
603393.SH,新天然气,2025,Q_G_ASSET_TURNOVER,1,0.196108,68,0.94,auto_policy_eligible,run_resolve_pending,official_annual_direct_consistent
603393.SH,新天然气,2025,Q_G_COST_REVENUE_RATE,1,72.8598,71,0.94,auto_policy_eligible,run_resolve_pending,official_annual_direct_consistent
603393.SH,新天然气,2025,Q_G_CURRENT_ASSET_TURNOVER,1,0.748416,67,0.94,auto_policy_eligible,run_resolve_pending,official_annual_direct_consistent
603393.SH,新天然气,2025,Q_G_DEBT_ASSET_RATE,1,48.3663,68,0.94,auto_policy_eligible,run_resolve_pending,consolidated_statement_year_end_derived
603393.SH,新天然气,2025,Q_G_EBITDA_INTEREST,1,4.92458,72,0.94,auto_policy_eligible,run_resolve_pending,official_annual_direct_consistent
603393.SH,新天然气,2025,Q_G_OPERATING_MARGIN,1,23.9857,72,0.94,auto_policy_eligible,run_resolve_pending,official_annual_direct_consistent
603393.SH,新天然气,2025,Q_G_OPERATING_PROFIT_GROWTH,1,-44.0865,72,0.94,auto_policy_eligible,run_resolve_pending,official_annual_direct_consistent
603393.SH,新天然气,2025,Q_G_REVENUE_GROWTH,1,3.89077,6,0.91,auto_policy_eligible,run_resolve_pending,official_annual_direct_consistent
603393.SH,新天然气,2025,Q_G_ROA,1,6.53318,72,0.94,auto_policy_eligible,run_resolve_pending,official_annual_direct_consistent
603393.SH,新天然气,2025,Q_G_ROE,1,9.43,7,0.92,auto_policy_eligible,run_resolve_pending,official_annual_direct_consistent
603393.SH,新天然气,2025,Q_G_TWO_FUNDS_RATE,1,14.4552,67,0.94,auto_policy_eligible,run_resolve_pending,official_annual_direct_consistent
603396.SH,金辰股份,2025,Q_G_AR_TURNOVER,1,2.95921,103,0.94,auto_policy_eligible,run_resolve_pending,official_annual_direct_consistent
603396.SH,金辰股份,2025,Q_G_ASSET_TURNOVER,1,0.535559,104,0.94,auto_policy_eligible,run_resolve_pending,official_annual_direct_consistent
603396.SH,金辰股份,2025,Q_G_CASH_CURRENT_LIABILITY,1,26.4419,112,0.94,auto_policy_eligible,run_resolve_pending,official_annual_direct_consistent
603396.SH,金辰股份,2025,Q_G_CASH_REALIZATION,1,68.1962,111,0.94,auto_policy_eligible,run_resolve_pending,official_annual_direct_consistent
603396.SH,金辰股份,2025,Q_G_COST_REVENUE_RATE,1,92.9723,107,0.94,auto_policy_eligible,run_resolve_pending,official_annual_direct_consistent
603396.SH,金辰股份,2025,Q_G_CURRENT_ASSET_TURNOVER,1,0.625133,103,0.94,auto_policy_eligible,run_resolve_pending,official_annual_direct_consistent
603396.SH,金辰股份,2025,Q_G_DEBT_ASSET_RATE,1,46.2331,105,0.94,auto_policy_eligible,run_resolve_pending,consolidated_statement_year_end_derived
603396.SH,金辰股份,2025,Q_G_EBITDA_INTEREST,1,6.92589,108,0.94,auto_policy_eligible,run_resolve_pending,official_annual_direct_consistent
603396.SH,金辰股份,2025,Q_G_OPERATING_MARGIN,1,3.56707,108,0.94,auto_policy_eligible,run_resolve_pending,official_annual_direct_consistent
603396.SH,金辰股份,2025,Q_G_REVENUE_GROWTH,1,11.8939,7,0.91,auto_policy_eligible,run_resolve_pending,official_annual_direct_consistent
603396.SH,金辰股份,2025,Q_G_ROA,1,2.22925,108,0.94,auto_policy_eligible,run_resolve_pending,official_annual_direct_consistent
603396.SH,金辰股份,2025,Q_G_ROE,1,2.17,7,0.92,auto_policy_eligible,run_resolve_pending,official_annual_direct_consistent
603396.SH,金辰股份,2025,Q_G_TWO_FUNDS_RATE,1,53.7358,103,0.94,auto_policy_eligible,run_resolve_pending,official_annual_direct_consistent
603396.SH,金辰股份,2025,Q_S_DIVIDEND_PER_SHARE,1,0.15,54,0.94,auto_policy_eligible,run_resolve_pending,official_annual_direct_consistent
603396.SH,金辰股份,2025,Q_S_RD_RATE,1,6.87,28,0.96,auto_policy_eligible,run_resolve_pending,official_annual_direct_consistent
603489.SH,八方股份,2025,Q_G_AR_TURNOVER,1,3.94518,52,0.94,auto_policy_eligible,run_resolve_pending,official_annual_direct_consistent
603489.SH,八方股份,2025,Q_G_ASSET_TURNOVER,1,0.415304,53,0.94,auto_policy_eligible,run_resolve_pending,official_annual_direct_consistent
603489.SH,八方股份,2025,Q_G_CASH_REALIZATION,1,97.0723,59,0.94,auto_policy_eligible,run_resolve_pending,official_annual_direct_consistent
603489.SH,八方股份,2025,Q_G_COST_REVENUE_RATE,1,91.3218,56,0.94,auto_policy_eligible,run_resolve_pending,official_annual_direct_consistent
603489.SH,八方股份,2025,Q_G_CURRENT_ASSET_TURNOVER,1,0.621704,53,0.94,auto_policy_eligible,run_resolve_pending,official_annual_direct_consistent
603489.SH,八方股份,2025,Q_G_DEBT_ASSET_RATE,1,16.7558,54,0.94,auto_policy_eligible,run_resolve_pending,consolidated_statement_year_end_derived
603489.SH,八方股份,2025,Q_G_EBITDA_INTEREST,1,325.96,57,0.94,auto_policy_eligible,run_resolve_pending,official_annual_direct_consistent
603489.SH,八方股份,2025,Q_G_OPERATING_MARGIN,1,8.64675,57,0.94,auto_policy_eligible,run_resolve_pending,official_annual_direct_consistent
603489.SH,八方股份,2025,Q_G_OPERATING_PROFIT_GROWTH,1,47.1201,57,0.94,auto_policy_eligible,run_resolve_pending,official_annual_direct_consistent
603489.SH,八方股份,2025,Q_G_REVENUE_GROWTH,1,-1.47067,5,0.91,auto_policy_eligible,run_resolve_pending,official_annual_direct_consistent
603489.SH,八方股份,2025,Q_G_ROA,1,3.5527,57,0.94,auto_policy_eligible,run_resolve_pending,official_annual_direct_consistent
603489.SH,八方股份,2025,Q_G_ROE,1,3.83,6,0.92,auto_policy_eligible,run_resolve_pending,official_annual_direct_consistent
603489.SH,八方股份,2025,Q_G_TWO_FUNDS_RATE,1,24.5272,53,0.94,auto_policy_eligible,run_resolve_pending,official_annual_direct_consistent
603489.SH,八方股份,2025,Q_S_DIVIDEND_PER_SHARE,1,0.15,30,0.94,auto_policy_eligible,run_resolve_pending,official_annual_direct_consistent
603489.SH,八方股份,2025,Q_S_RD_RATE,1,4.34,14,0.96,auto_policy_eligible,run_resolve_pending,official_annual_direct_consistent
603507.SH,振江股份,2025,Q_G_AR_TURNOVER,1,5.78055,69,0.94,auto_policy_eligible,run_resolve_pending,official_annual_direct_consistent
603507.SH,振江股份,2025,Q_G_ASSET_TURNOVER,1,0.498262,69,0.94,auto_policy_eligible,run_resolve_pending,official_annual_direct_consistent
603507.SH,振江股份,2025,Q_G_CASH_CURRENT_LIABILITY,1,-3.00481,77,0.94,auto_policy_eligible,run_resolve_pending,official_annual_direct_consistent
603507.SH,振江股份,2025,Q_G_CASH_REALIZATION,1,93.252,77,0.94,auto_policy_eligible,run_resolve_pending,official_annual_direct_consistent
603507.SH,振江股份,2025,Q_G_COST_REVENUE_RATE,1,93.8464,73,0.94,auto_policy_eligible,run_resolve_pending,official_annual_direct_consistent
603507.SH,振江股份,2025,Q_G_CURRENT_ASSET_TURNOVER,1,1.00799,69,0.94,auto_policy_eligible,run_resolve_pending,official_annual_direct_consistent
603507.SH,振江股份,2025,Q_G_DEBT_ASSET_RATE,1,71.689,70,0.94,auto_policy_eligible,run_resolve_pending,consolidated_statement_year_end_derived
603507.SH,振江股份,2025,Q_G_EBITDA_INTEREST,1,1.85983,74,0.94,auto_policy_eligible,run_resolve_pending,official_annual_direct_consistent
603507.SH,振江股份,2025,Q_G_OPERATING_MARGIN,1,3.91649,74,0.94,auto_policy_eligible,run_resolve_pending,official_annual_direct_consistent
603507.SH,振江股份,2025,Q_G_REVENUE_GROWTH,1,0.650059,6,0.91,auto_policy_eligible,run_resolve_pending,official_annual_direct_consistent
603507.SH,振江股份,2025,Q_G_ROA,1,4.03198,74,0.94,auto_policy_eligible,run_resolve_pending,official_annual_direct_consistent
603507.SH,振江股份,2025,Q_G_ROE,1,4.43,6,0.92,auto_policy_eligible,run_resolve_pending,official_annual_direct_consistent
603507.SH,振江股份,2025,Q_G_TWO_FUNDS_RATE,1,60.596,69,0.94,auto_policy_eligible,run_resolve_pending,official_annual_direct_consistent
603507.SH,振江股份,2025,Q_S_DIVIDEND_PER_SHARE,1,0.3,40,0.94,auto_policy_eligible,run_resolve_pending,official_annual_direct_consistent
603507.SH,振江股份,2025,Q_S_RD_RATE,1,3.94,20,0.96,auto_policy_eligible,run_resolve_pending,official_annual_direct_consistent
603530.SH,神马电力,2025,Q_G_AR_TURNOVER,1,2.43482,76,0.94,auto_policy_eligible,run_resolve_pending,official_annual_direct_consistent
603530.SH,神马电力,2025,Q_G_ASSET_TURNOVER,1,0.673163,77,0.94,auto_policy_eligible,run_resolve_pending,official_annual_direct_consistent
603530.SH,神马电力,2025,Q_G_CASH_CURRENT_LIABILITY,1,20.9601,83,0.94,auto_policy_eligible,run_resolve_pending,official_annual_direct_consistent
603530.SH,神马电力,2025,Q_G_CASH_REALIZATION,1,78.098,83,0.94,auto_policy_eligible,run_resolve_pending,official_annual_direct_consistent
603530.SH,神马电力,2025,Q_G_COST_REVENUE_RATE,1,70.6962,80,0.94,auto_policy_eligible,run_resolve_pending,official_annual_direct_consistent
603530.SH,神马电力,2025,Q_G_CURRENT_ASSET_TURNOVER,1,1.03284,76,0.94,auto_policy_eligible,run_resolve_pending,official_annual_direct_consistent
603530.SH,神马电力,2025,Q_G_DEBT_ASSET_RATE,1,31.8409,77,0.94,auto_policy_eligible,run_resolve_pending,consolidated_statement_year_end_derived
603530.SH,神马电力,2025,Q_G_EBITDA_INTEREST,1,83.1175,81,0.94,auto_policy_eligible,run_resolve_pending,official_annual_direct_consistent
603530.SH,神马电力,2025,Q_G_OPERATING_MARGIN,1,29.4098,81,0.94,auto_policy_eligible,run_resolve_pending,official_annual_direct_consistent
603530.SH,神马电力,2025,Q_G_OPERATING_PROFIT_GROWTH,1,38.2237,81,0.94,auto_policy_eligible,run_resolve_pending,official_annual_direct_consistent
603530.SH,神马电力,2025,Q_G_REVENUE_GROWTH,1,27.9434,6,0.91,auto_policy_eligible,run_resolve_pending,official_annual_direct_consistent
603530.SH,神马电力,2025,Q_G_ROA,1,20.1228,81,0.94,auto_policy_eligible,run_resolve_pending,official_annual_direct_consistent
603530.SH,神马电力,2025,Q_G_ROE,1,24.28,6,0.92,auto_policy_eligible,run_resolve_pending,official_annual_direct_consistent
603530.SH,神马电力,2025,Q_G_TWO_FUNDS_RATE,1,72.6176,76,0.94,auto_policy_eligible,run_resolve_pending,official_annual_direct_consistent
603530.SH,神马电力,2025,Q_S_DIVIDEND_PER_SHARE,1,0.35,40,0.94,auto_policy_eligible,run_resolve_pending,official_annual_direct_consistent
603530.SH,神马电力,2025,Q_S_RD_RATE,1,4.02,19,0.96,auto_policy_eligible,run_resolve_pending,official_annual_direct_consistent
603556.SH,海兴电力,2025,Q_G_AR_TURNOVER,1,3.59734,70,0.94,auto_policy_eligible,run_resolve_pending,official_annual_direct_consistent
603556.SH,海兴电力,2025,Q_G_ASSET_TURNOVER,1,0.491249,71,0.94,auto_policy_eligible,run_resolve_pending,official_annual_direct_consistent
603556.SH,海兴电力,2025,Q_G_CASH_CURRENT_LIABILITY,1,21.3229,78,0.94,auto_policy_eligible,run_resolve_pending,official_annual_direct_consistent
603556.SH,海兴电力,2025,Q_G_CASH_REALIZATION,1,106.674,78,0.94,auto_policy_eligible,run_resolve_pending,official_annual_direct_consistent
603556.SH,海兴电力,2025,Q_G_COST_REVENUE_RATE,1,83.0714,74,0.94,auto_policy_eligible,run_resolve_pending,official_annual_direct_consistent
603556.SH,海兴电力,2025,Q_G_CURRENT_ASSET_TURNOVER,1,0.745168,70,0.94,auto_policy_eligible,run_resolve_pending,official_annual_direct_consistent
603556.SH,海兴电力,2025,Q_G_DEBT_ASSET_RATE,1,25.5352,71,0.94,auto_policy_eligible,run_resolve_pending,consolidated_statement_year_end_derived
603556.SH,海兴电力,2025,Q_G_EBITDA_INTEREST,1,69.2292,75,0.94,auto_policy_eligible,run_resolve_pending,official_annual_direct_consistent
603556.SH,海兴电力,2025,Q_G_OPERATING_MARGIN,1,17.3103,75,0.94,auto_policy_eligible,run_resolve_pending,official_annual_direct_consistent
603556.SH,海兴电力,2025,Q_G_OPERATING_PROFIT_GROWTH,1,-29.7882,75,0.94,auto_policy_eligible,run_resolve_pending,official_annual_direct_consistent
603556.SH,海兴电力,2025,Q_G_REVENUE_GROWTH,1,1.0949,7,0.91,auto_policy_eligible,run_resolve_pending,official_annual_direct_consistent
603556.SH,海兴电力,2025,Q_G_ROA,1,8.63649,75,0.94,auto_policy_eligible,run_resolve_pending,official_annual_direct_consistent
603556.SH,海兴电力,2025,Q_G_ROE,1,10.08,7,0.92,auto_policy_eligible,run_resolve_pending,official_annual_direct_consistent
603556.SH,海兴电力,2025,Q_G_TWO_FUNDS_RATE,1,39.5247,70,0.94,auto_policy_eligible,run_resolve_pending,official_annual_direct_consistent
603556.SH,海兴电力,2025,Q_S_DIVIDEND_PER_SHARE,1,0.8,41,0.94,auto_policy_eligible,run_resolve_pending,official_annual_direct_consistent
603556.SH,海兴电力,2025,Q_S_RD_RATE,1,8.25,16,0.96,auto_policy_eligible,run_resolve_pending,official_annual_direct_consistent
603577.SH,汇金通,2025,Q_G_AR_TURNOVER,1,2.32827,69,0.94,auto_policy_eligible,run_resolve_pending,official_annual_direct_consistent
603577.SH,汇金通,2025,Q_G_ASSET_TURNOVER,1,0.690387,70,0.94,auto_policy_eligible,run_resolve_pending,official_annual_direct_consistent
603577.SH,汇金通,2025,Q_G_CAPITAL_ACCUMULATION,1,3.98109,71,0.94,auto_policy_eligible,run_resolve_pending,official_annual_direct_consistent
603577.SH,汇金通,2025,Q_G_CASH_CURRENT_LIABILITY,1,6.44639,77,0.94,auto_policy_eligible,run_resolve_pending,official_annual_direct_consistent
603577.SH,汇金通,2025,Q_G_CASH_REALIZATION,1,91.9897,77,0.94,auto_policy_eligible,run_resolve_pending,official_annual_direct_consistent
603577.SH,汇金通,2025,Q_G_COST_REVENUE_RATE,1,97.1329,74,0.94,auto_policy_eligible,run_resolve_pending,official_annual_direct_consistent
603577.SH,汇金通,2025,Q_G_CURRENT_ASSET_TURNOVER,1,0.925079,70,0.94,auto_policy_eligible,run_resolve_pending,official_annual_direct_consistent
603577.SH,汇金通,2025,Q_G_DEBT_ASSET_RATE,1,67.543,71,0.94,auto_policy_eligible,run_resolve_pending,consolidated_statement_year_end_derived
603577.SH,汇金通,2025,Q_G_EBITDA_INTEREST,1,2.39726,74,0.94,auto_policy_eligible,run_resolve_pending,official_annual_direct_consistent
603577.SH,汇金通,2025,Q_G_OPERATING_MARGIN,1,3.30037,74,0.94,auto_policy_eligible,run_resolve_pending,official_annual_direct_consistent
603577.SH,汇金通,2025,Q_G_OPERATING_PROFIT_GROWTH,1,-27.7028,74,0.94,auto_policy_eligible,run_resolve_pending,official_annual_direct_consistent
603577.SH,汇金通,2025,Q_G_REVENUE_GROWTH,1,-9.44459,5,0.91,auto_policy_eligible,run_resolve_pending,official_annual_direct_consistent
603577.SH,汇金通,2025,Q_G_ROA,1,3.81326,74,0.94,auto_policy_eligible,run_resolve_pending,official_annual_direct_consistent
603577.SH,汇金通,2025,Q_G_ROE,1,5.36,6,0.92,auto_policy_eligible,run_resolve_pending,official_annual_direct_consistent
603577.SH,汇金通,2025,Q_G_TWO_FUNDS_RATE,1,63.3307,70,0.94,auto_policy_eligible,run_resolve_pending,official_annual_direct_consistent
603577.SH,汇金通,2025,Q_S_DIVIDEND_PER_SHARE,1,0.0608,40,0.94,auto_policy_eligible,run_resolve_pending,official_annual_direct_consistent
603577.SH,汇金通,2025,Q_S_RD_RATE,1,4.09,20,0.96,auto_policy_eligible,run_resolve_pending,official_annual_direct_consistent
603606.SH,东方电缆,2025,Q_G_AR_TURNOVER,1,5.95451,92,0.94,auto_policy_eligible,run_resolve_pending,official_annual_direct_consistent
603606.SH,东方电缆,2025,Q_G_ASSET_TURNOVER,1,1.39573,93,0.94,auto_policy_eligible,run_resolve_pending,official_annual_direct_consistent
603606.SH,东方电缆,2025,Q_G_CASH_CURRENT_LIABILITY,1,29.4193,100,0.94,auto_policy_eligible,run_resolve_pending,official_annual_direct_consistent
603606.SH,东方电缆,2025,Q_G_CASH_REALIZATION,1,133.81,100,0.94,auto_policy_eligible,run_resolve_pending,official_annual_direct_consistent
603606.SH,东方电缆,2025,Q_G_COST_REVENUE_RATE,1,85.1882,96,0.94,auto_policy_eligible,run_resolve_pending,official_annual_direct_consistent
603606.SH,东方电缆,2025,Q_G_CURRENT_ASSET_TURNOVER,1,1.89049,92,0.94,auto_policy_eligible,run_resolve_pending,official_annual_direct_consistent
603606.SH,东方电缆,2025,Q_G_DEBT_ASSET_RATE,1,46.6867,94,0.94,auto_policy_eligible,run_resolve_pending,consolidated_statement_year_end_derived
603606.SH,东方电缆,2025,Q_G_EBITDA_INTEREST,1,140.446,97,0.94,auto_policy_eligible,run_resolve_pending,official_annual_direct_consistent
603606.SH,东方电缆,2025,Q_G_OPERATING_MARGIN,1,14.2548,97,0.94,auto_policy_eligible,run_resolve_pending,official_annual_direct_consistent
603606.SH,东方电缆,2025,Q_G_REVENUE_GROWTH,1,19.2572,6,0.91,auto_policy_eligible,run_resolve_pending,official_annual_direct_consistent
603606.SH,东方电缆,2025,Q_G_ROA,1,19.7988,97,0.94,auto_policy_eligible,run_resolve_pending,official_annual_direct_consistent
603606.SH,东方电缆,2025,Q_G_ROE,1,16.83,7,0.92,auto_policy_eligible,run_resolve_pending,official_annual_direct_consistent
603606.SH,东方电缆,2025,Q_G_TWO_FUNDS_RATE,1,64.2805,92,0.94,auto_policy_eligible,run_resolve_pending,official_annual_direct_consistent
603606.SH,东方电缆,2025,Q_S_DIVIDEND_PER_SHARE,1,0.56,64,0.94,auto_policy_eligible,run_resolve_pending,official_annual_direct_consistent
603606.SH,东方电缆,2025,Q_S_RD_RATE,1,3.51,24,0.96,auto_policy_eligible,run_resolve_pending,official_annual_direct_consistent
603618.SH,杭电股份,2025,Q_G_AR_TURNOVER,1,2.7746,69,0.94,auto_policy_eligible,run_resolve_pending,official_annual_direct_consistent
603618.SH,杭电股份,2025,Q_G_ASSET_TURNOVER,1,0.943586,70,0.94,auto_policy_eligible,run_resolve_pending,official_annual_direct_consistent
603618.SH,杭电股份,2025,Q_G_CASH_CURRENT_LIABILITY,1,0.687828,78,0.94,auto_policy_eligible,run_resolve_pending,official_annual_direct_consistent
603618.SH,杭电股份,2025,Q_G_CASH_REALIZATION,1,99.5264,78,0.94,auto_policy_eligible,run_resolve_pending,official_annual_direct_consistent
603618.SH,杭电股份,2025,Q_G_COST_REVENUE_RATE,1,99.415,74,0.94,auto_policy_eligible,run_resolve_pending,official_annual_direct_consistent
603618.SH,杭电股份,2025,Q_G_CURRENT_ASSET_TURNOVER,1,1.27728,70,0.94,auto_policy_eligible,run_resolve_pending,official_annual_direct_consistent
603618.SH,杭电股份,2025,Q_G_DEBT_ASSET_RATE,1,72.0203,71,0.94,auto_policy_eligible,run_resolve_pending,consolidated_statement_year_end_derived
603618.SH,杭电股份,2025,Q_G_EBITDA_INTEREST,1,-0.841342,75,0.94,auto_policy_eligible,run_resolve_pending,official_annual_direct_consistent
603618.SH,杭电股份,2025,Q_G_OPERATING_MARGIN,1,-3.01301,75,0.94,auto_policy_eligible,run_resolve_pending,official_annual_direct_consistent
603618.SH,杭电股份,2025,Q_G_OPERATING_PROFIT_GROWTH,1,-259.614,75,0.94,auto_policy_eligible,run_resolve_pending,official_annual_direct_consistent
603618.SH,杭电股份,2025,Q_G_REVENUE_GROWTH,1,6.77674,6,0.91,auto_policy_eligible,run_resolve_pending,official_annual_direct_consistent
603618.SH,杭电股份,2025,Q_G_ROA,1,-1.30412,75,0.94,auto_policy_eligible,run_resolve_pending,official_annual_direct_consistent
603618.SH,杭电股份,2025,Q_G_ROE,1,10.46,6,0.92,auto_policy_eligible,run_resolve_pending,official_annual_direct_consistent
603618.SH,杭电股份,2025,Q_G_TWO_FUNDS_RATE,1,68.0164,70,0.94,auto_policy_eligible,run_resolve_pending,official_annual_direct_consistent
603618.SH,杭电股份,2025,Q_S_RD_RATE,1,3.41,22,0.96,auto_policy_eligible,run_resolve_pending,official_annual_direct_consistent
603619.SH,中曼石油,2025,Q_G_AR_TURNOVER,1,6.26678,96,0.94,auto_policy_eligible,run_resolve_pending,official_annual_direct_consistent
603619.SH,中曼石油,2025,Q_G_ASSET_TURNOVER,1,0.321014,97,0.94,auto_policy_eligible,run_resolve_pending,official_annual_direct_consistent
603619.SH,中曼石油,2025,Q_G_CASH_CURRENT_LIABILITY,1,30.1484,104,0.94,auto_policy_eligible,run_resolve_pending,official_annual_direct_consistent
603619.SH,中曼石油,2025,Q_G_CASH_REALIZATION,1,154.061,104,0.94,auto_policy_eligible,run_resolve_pending,official_annual_direct_consistent
603619.SH,中曼石油,2025,Q_G_COST_REVENUE_RATE,1,78.0323,100,0.94,auto_policy_eligible,run_resolve_pending,official_annual_direct_consistent
603619.SH,中曼石油,2025,Q_G_CURRENT_ASSET_TURNOVER,1,0.92228,96,0.94,auto_policy_eligible,run_resolve_pending,official_annual_direct_consistent
603619.SH,中曼石油,2025,Q_G_EBITDA_INTEREST,1,4.48094,101,0.94,auto_policy_eligible,run_resolve_pending,official_annual_direct_consistent
603619.SH,中曼石油,2025,Q_G_OPERATING_MARGIN,1,21.5391,101,0.94,auto_policy_eligible,run_resolve_pending,official_annual_direct_consistent
603619.SH,中曼石油,2025,Q_G_OPERATING_PROFIT_GROWTH,1,-12.6518,101,0.94,auto_policy_eligible,run_resolve_pending,official_annual_direct_consistent
603619.SH,中曼石油,2025,Q_G_REVENUE_GROWTH,1,-5.05438,8,0.91,auto_policy_eligible,run_resolve_pending,official_annual_direct_consistent
603619.SH,中曼石油,2025,Q_G_ROA,1,8.24968,101,0.94,auto_policy_eligible,run_resolve_pending,official_annual_direct_consistent
603619.SH,中曼石油,2025,Q_G_ROE,1,12.73,8,0.92,auto_policy_eligible,run_resolve_pending,official_annual_direct_consistent
603619.SH,中曼石油,2025,Q_G_TWO_FUNDS_RATE,1,35.865,96,0.94,auto_policy_eligible,run_resolve_pending,official_annual_direct_consistent
603619.SH,中曼石油,2025,Q_S_DIVIDEND_PER_SHARE,1,0.34,63,0.94,auto_policy_eligible,run_resolve_pending,official_annual_direct_consistent
603619.SH,中曼石油,2025,Q_S_RD_RATE,1,3.5,32,0.96,auto_policy_eligible,run_resolve_pending,official_annual_direct_consistent
603628.SH,清源股份,2025,Q_G_AR_TURNOVER,1,2.18856,86,0.94,auto_policy_eligible,run_resolve_pending,official_annual_direct_consistent
603628.SH,清源股份,2025,Q_G_ASSET_TURNOVER,1,1.22743,87,0.94,auto_policy_eligible,run_resolve_pending,official_annual_direct_consistent
603628.SH,清源股份,2025,Q_G_CASH_CURRENT_LIABILITY,1,-18.1511,94,0.94,auto_policy_eligible,run_resolve_pending,official_annual_direct_consistent
603628.SH,清源股份,2025,Q_G_CASH_REALIZATION,1,92.9067,94,0.94,auto_policy_eligible,run_resolve_pending,official_annual_direct_consistent
603628.SH,清源股份,2025,Q_G_COST_REVENUE_RATE,1,96.4097,91,0.94,auto_policy_eligible,run_resolve_pending,official_annual_direct_consistent
603628.SH,清源股份,2025,Q_G_CURRENT_ASSET_TURNOVER,1,2.02128,87,0.94,auto_policy_eligible,run_resolve_pending,official_annual_direct_consistent
603628.SH,清源股份,2025,Q_G_EBITDA_INTEREST,1,2.13098,91,0.94,auto_policy_eligible,run_resolve_pending,official_annual_direct_consistent
603628.SH,清源股份,2025,Q_G_OPERATING_MARGIN,1,2.48583,91,0.94,auto_policy_eligible,run_resolve_pending,official_annual_direct_consistent
603628.SH,清源股份,2025,Q_G_OPERATING_PROFIT_GROWTH,1,-56.2972,91,0.94,auto_policy_eligible,run_resolve_pending,official_annual_direct_consistent
603628.SH,清源股份,2025,Q_G_REVENUE_GROWTH,1,8.79199,7,0.91,auto_policy_eligible,run_resolve_pending,official_annual_direct_consistent
603628.SH,清源股份,2025,Q_G_ROA,1,5.55262,91,0.94,auto_policy_eligible,run_resolve_pending,official_annual_direct_consistent
603628.SH,清源股份,2025,Q_G_ROE,1,4.42,7,0.92,auto_policy_eligible,run_resolve_pending,official_annual_direct_consistent
603628.SH,清源股份,2025,Q_G_TWO_FUNDS_RATE,1,60.2792,87,0.94,auto_policy_eligible,run_resolve_pending,official_annual_direct_consistent
603628.SH,清源股份,2025,Q_S_DIVIDEND_PER_SHARE,1,0.043,54,0.94,auto_policy_eligible,run_resolve_pending,official_annual_direct_consistent
603628.SH,清源股份,2025,Q_S_RD_RATE,1,2.9,24,0.96,auto_policy_eligible,run_resolve_pending,official_annual_direct_consistent
603659.SH,璞泰来,2025,Q_G_AR_TURNOVER,1,3.56685,76,0.94,auto_policy_eligible,run_resolve_pending,official_annual_direct_consistent
603659.SH,璞泰来,2025,Q_G_ASSET_TURNOVER,1,0.355563,77,0.94,auto_policy_eligible,run_resolve_pending,official_annual_direct_consistent
603659.SH,璞泰来,2025,Q_G_CAPITAL_ACCUMULATION,1,11.4705,78,0.94,auto_policy_eligible,run_resolve_pending,official_annual_direct_consistent
603659.SH,璞泰来,2025,Q_G_CASH_CURRENT_LIABILITY,1,13.5469,83,0.94,auto_policy_eligible,run_resolve_pending,official_annual_direct_consistent
603659.SH,璞泰来,2025,Q_G_CASH_REALIZATION,1,81.0531,83,0.94,auto_policy_eligible,run_resolve_pending,official_annual_direct_consistent
603659.SH,璞泰来,2025,Q_G_COST_REVENUE_RATE,1,81.2847,80,0.94,auto_policy_eligible,run_resolve_pending,official_annual_direct_consistent
603659.SH,璞泰来,2025,Q_G_CURRENT_ASSET_TURNOVER,1,0.626645,77,0.94,auto_policy_eligible,run_resolve_pending,official_annual_direct_consistent
603659.SH,璞泰来,2025,Q_G_EBITDA_INTEREST,1,13.5229,81,0.94,auto_policy_eligible,run_resolve_pending,official_annual_direct_consistent
603659.SH,璞泰来,2025,Q_G_OPERATING_MARGIN,1,18.8816,81,0.94,auto_policy_eligible,run_resolve_pending,official_annual_direct_consistent
603659.SH,璞泰来,2025,Q_G_OPERATING_PROFIT_GROWTH,1,94.9743,81,0.94,auto_policy_eligible,run_resolve_pending,official_annual_direct_consistent
603659.SH,璞泰来,2025,Q_G_REVENUE_GROWTH,1,16.8262,8,0.91,auto_policy_eligible,run_resolve_pending,official_annual_direct_consistent
603659.SH,璞泰来,2025,Q_G_ROA,1,7.20674,81,0.94,auto_policy_eligible,run_resolve_pending,official_annual_direct_consistent
603659.SH,璞泰来,2025,Q_G_ROE,1,12.15,8,0.92,auto_policy_eligible,run_resolve_pending,official_annual_direct_consistent
603659.SH,璞泰来,2025,Q_G_TWO_FUNDS_RATE,1,51.5447,77,0.94,auto_policy_eligible,run_resolve_pending,official_annual_direct_consistent
603659.SH,璞泰来,2025,Q_S_DIVIDEND_PER_SHARE,1,0.23,47,0.94,auto_policy_eligible,run_resolve_pending,official_annual_direct_consistent
603659.SH,璞泰来,2025,Q_S_RD_RATE,1,5.65,22,0.96,auto_policy_eligible,run_resolve_pending,official_annual_direct_consistent
603689.SH,皖天然气,2025,Q_E_ENERGY_INTENSITY,1,3,30,0.82,auto_policy_eligible,run_resolve_pending,official_esg_direct_consistent
603689.SH,皖天然气,2025,Q_G_AR_TURNOVER,1,56.1119,83,0.94,auto_policy_eligible,run_resolve_pending,official_annual_direct_consistent
603689.SH,皖天然气,2025,Q_G_ASSET_TURNOVER,1,1.32052,84,0.94,auto_policy_eligible,run_resolve_pending,official_annual_direct_consistent
603689.SH,皖天然气,2025,Q_G_CASH_CURRENT_LIABILITY,1,24.9557,92,0.94,auto_policy_eligible,run_resolve_pending,official_annual_direct_consistent
603689.SH,皖天然气,2025,Q_G_CASH_REALIZATION,1,126.347,92,0.94,auto_policy_eligible,run_resolve_pending,official_annual_direct_consistent
603689.SH,皖天然气,2025,Q_G_COST_REVENUE_RATE,1,92.5887,88,0.94,auto_policy_eligible,run_resolve_pending,official_annual_direct_consistent
603689.SH,皖天然气,2025,Q_G_CURRENT_ASSET_TURNOVER,1,3.62696,84,0.94,auto_policy_eligible,run_resolve_pending,official_annual_direct_consistent
603689.SH,皖天然气,2025,Q_G_EBITDA_INTEREST,1,8.6327,89,0.94,auto_policy_eligible,run_resolve_pending,official_annual_direct_consistent
603689.SH,皖天然气,2025,Q_G_OPERATING_MARGIN,1,8.58373,89,0.94,auto_policy_eligible,run_resolve_pending,official_annual_direct_consistent
603689.SH,皖天然气,2025,Q_G_OPERATING_PROFIT_GROWTH,1,-4.56059,89,0.94,auto_policy_eligible,run_resolve_pending,official_annual_direct_consistent
603689.SH,皖天然气,2025,Q_G_REVENUE_GROWTH,1,-11.8971,8,0.91,auto_policy_eligible,run_resolve_pending,official_annual_direct_consistent
603689.SH,皖天然气,2025,Q_G_ROA,1,12.8288,89,0.94,auto_policy_eligible,run_resolve_pending,official_annual_direct_consistent
603689.SH,皖天然气,2025,Q_G_ROE,1,9.56,8,0.92,auto_policy_eligible,run_resolve_pending,official_annual_direct_consistent
603689.SH,皖天然气,2025,Q_G_TWO_FUNDS_RATE,1,12.7453,84,0.94,auto_policy_eligible,run_resolve_pending,official_annual_direct_consistent
603689.SH,皖天然气,2025,Q_S_DIVIDEND_PER_SHARE,1,0.35,41,0.94,auto_policy_eligible,run_resolve_pending,official_annual_direct_consistent
603689.SH,皖天然气,2025,Q_S_RD_RATE,1,0.13,20,0.96,auto_policy_eligible,run_resolve_pending,official_annual_direct_consistent
603693.SH,江苏新能,2025,Q_G_AR_TURNOVER,1,0.637257,77,0.94,auto_policy_eligible,run_resolve_pending,official_annual_direct_consistent
603693.SH,江苏新能,2025,Q_G_ASSET_TURNOVER,1,0.117255,78,0.94,auto_policy_eligible,run_resolve_pending,official_annual_direct_consistent
603693.SH,江苏新能,2025,Q_G_CAPITAL_ACCUMULATION,1,6.1285,79,0.94,auto_policy_eligible,run_resolve_pending,official_annual_direct_consistent
603693.SH,江苏新能,2025,Q_G_CASH_CURRENT_LIABILITY,1,44.1669,84,0.94,auto_policy_eligible,run_resolve_pending,official_annual_direct_consistent
603693.SH,江苏新能,2025,Q_G_CASH_REALIZATION,1,95.2459,84,0.94,auto_policy_eligible,run_resolve_pending,official_annual_direct_consistent
603693.SH,江苏新能,2025,Q_G_COST_REVENUE_RATE,1,68.0759,81,0.94,auto_policy_eligible,run_resolve_pending,official_annual_direct_consistent
603693.SH,江苏新能,2025,Q_G_CURRENT_ASSET_TURNOVER,1,0.371916,77,0.94,auto_policy_eligible,run_resolve_pending,official_annual_direct_consistent
603693.SH,江苏新能,2025,Q_G_EBITDA_INTEREST,1,4.43565,82,0.94,auto_policy_eligible,run_resolve_pending,official_annual_direct_consistent
603693.SH,江苏新能,2025,Q_G_OPERATING_MARGIN,1,35.2091,82,0.94,auto_policy_eligible,run_resolve_pending,official_annual_direct_consistent
603693.SH,江苏新能,2025,Q_G_OPERATING_PROFIT_GROWTH,1,16.6781,82,0.94,auto_policy_eligible,run_resolve_pending,official_annual_direct_consistent
603693.SH,江苏新能,2025,Q_G_REVENUE_GROWTH,1,-0.583492,7,0.91,auto_policy_eligible,run_resolve_pending,official_annual_direct_consistent
603693.SH,江苏新能,2025,Q_G_ROA,1,5.37489,82,0.94,auto_policy_eligible,run_resolve_pending,official_annual_direct_consistent
603693.SH,江苏新能,2025,Q_G_ROE,1,7.38,7,0.92,auto_policy_eligible,run_resolve_pending,official_annual_direct_consistent
603693.SH,江苏新能,2025,Q_G_TWO_FUNDS_RATE,1,61.063,77,0.94,auto_policy_eligible,run_resolve_pending,official_annual_direct_consistent
603693.SH,江苏新能,2025,Q_S_DIVIDEND_PER_SHARE,1,0.15,49,0.94,auto_policy_eligible,run_resolve_pending,official_annual_direct_consistent
603693.SH,江苏新能,2025,Q_S_RD_RATE,1,0.29,23,0.96,auto_policy_eligible,run_resolve_pending,official_annual_direct_consistent
603706.SH,东方环宇,2025,Q_G_AR_TURNOVER,1,7.46519,62,0.94,auto_policy_eligible,run_resolve_pending,official_annual_direct_consistent
603706.SH,东方环宇,2025,Q_G_ASSET_TURNOVER,1,0.466137,63,0.94,auto_policy_eligible,run_resolve_pending,official_annual_direct_consistent
603706.SH,东方环宇,2025,Q_G_CASH_CURRENT_LIABILITY,1,33.9419,70,0.94,auto_policy_eligible,run_resolve_pending,official_annual_direct_consistent
603706.SH,东方环宇,2025,Q_G_CASH_REALIZATION,1,102.684,70,0.94,auto_policy_eligible,run_resolve_pending,official_annual_direct_consistent
603706.SH,东方环宇,2025,Q_G_COST_REVENUE_RATE,1,78.0795,66,0.94,auto_policy_eligible,run_resolve_pending,official_annual_direct_consistent
603706.SH,东方环宇,2025,Q_G_CURRENT_ASSET_TURNOVER,1,0.882571,62,0.94,auto_policy_eligible,run_resolve_pending,official_annual_direct_consistent
603706.SH,东方环宇,2025,Q_G_DEBT_ASSET_RATE,1,32.8779,63,0.94,auto_policy_eligible,run_resolve_pending,consolidated_statement_year_end_derived
603706.SH,东方环宇,2025,Q_G_EBITDA_INTEREST,1,179.76,67,0.94,auto_policy_eligible,run_resolve_pending,official_annual_direct_consistent
603706.SH,东方环宇,2025,Q_G_OPERATING_MARGIN,1,21.5115,67,0.94,auto_policy_eligible,run_resolve_pending,official_annual_direct_consistent
603706.SH,东方环宇,2025,Q_G_OPERATING_PROFIT_GROWTH,1,14.4714,67,0.94,auto_policy_eligible,run_resolve_pending,official_annual_direct_consistent
603706.SH,东方环宇,2025,Q_G_REVENUE_GROWTH,1,-7.77422,6,0.91,auto_policy_eligible,run_resolve_pending,official_annual_direct_consistent
603706.SH,东方环宇,2025,Q_G_ROA,1,10.0582,67,0.94,auto_policy_eligible,run_resolve_pending,official_annual_direct_consistent
603706.SH,东方环宇,2025,Q_G_ROE,1,13.04,7,0.92,auto_policy_eligible,run_resolve_pending,official_annual_direct_consistent
603706.SH,东方环宇,2025,Q_G_TWO_FUNDS_RATE,1,19.4191,62,0.94,auto_policy_eligible,run_resolve_pending,official_annual_direct_consistent
603706.SH,东方环宇,2025,Q_S_DIVIDEND_PER_SHARE,1,0.9,31,0.94,auto_policy_eligible,run_resolve_pending,official_annual_direct_consistent
603706.SH,东方环宇,2025,Q_S_RD_RATE,1,0.3,15,0.96,auto_policy_eligible,run_resolve_pending,official_annual_direct_consistent
603727.SH,博迈科,2025,Q_G_AR_TURNOVER,1,4.08413,74,0.94,auto_policy_eligible,run_resolve_pending,official_annual_direct_consistent
603727.SH,博迈科,2025,Q_G_ASSET_TURNOVER,1,0.38158,74,0.94,auto_policy_eligible,run_resolve_pending,official_annual_direct_consistent
603727.SH,博迈科,2025,Q_G_CASH_CURRENT_LIABILITY,1,9.396,79,0.94,auto_policy_eligible,run_resolve_pending,official_annual_direct_consistent
603727.SH,博迈科,2025,Q_G_CASH_REALIZATION,1,122.415,79,0.94,auto_policy_eligible,run_resolve_pending,official_annual_direct_consistent
603727.SH,博迈科,2025,Q_G_COST_REVENUE_RATE,1,88.4663,76,0.94,auto_policy_eligible,run_resolve_pending,official_annual_direct_consistent
603727.SH,博迈科,2025,Q_G_CURRENT_ASSET_TURNOVER,1,0.538098,74,0.94,auto_policy_eligible,run_resolve_pending,official_annual_direct_consistent
603727.SH,博迈科,2025,Q_G_EBITDA_INTEREST,1,22.646,77,0.94,auto_policy_eligible,run_resolve_pending,official_annual_direct_consistent
603727.SH,博迈科,2025,Q_G_OPERATING_MARGIN,1,3.4793,77,0.94,auto_policy_eligible,run_resolve_pending,official_annual_direct_consistent
603727.SH,博迈科,2025,Q_G_OPERATING_PROFIT_GROWTH,1,-40.1621,77,0.94,auto_policy_eligible,run_resolve_pending,official_annual_direct_consistent
603727.SH,博迈科,2025,Q_G_REVENUE_GROWTH,1,-28.0225,7,0.91,auto_policy_eligible,run_resolve_pending,official_annual_direct_consistent
603727.SH,博迈科,2025,Q_G_ROA,1,1.4016,77,0.94,auto_policy_eligible,run_resolve_pending,official_annual_direct_consistent
603727.SH,博迈科,2025,Q_G_ROE,1,1.89,7,0.92,auto_policy_eligible,run_resolve_pending,official_annual_direct_consistent
603727.SH,博迈科,2025,Q_G_TWO_FUNDS_RATE,1,19.5068,74,0.94,auto_policy_eligible,run_resolve_pending,official_annual_direct_consistent
603727.SH,博迈科,2025,Q_S_DIVIDEND_PER_SHARE,1,0.2,45,0.94,auto_policy_eligible,run_resolve_pending,official_annual_direct_consistent
603727.SH,博迈科,2025,Q_S_RD_RATE,1,4.28,19,0.96,auto_policy_eligible,run_resolve_pending,official_annual_direct_consistent
603728.SH,鸣志电器,2025,Q_G_AR_TURNOVER,1,4.86553,75,0.94,auto_policy_eligible,run_resolve_pending,official_annual_direct_consistent
603728.SH,鸣志电器,2025,Q_G_ASSET_TURNOVER,1,0.640761,76,0.94,auto_policy_eligible,run_resolve_pending,official_annual_direct_consistent
603728.SH,鸣志电器,2025,Q_G_CAPITAL_ACCUMULATION,1,2.26445,77,0.94,auto_policy_eligible,run_resolve_pending,official_annual_direct_consistent
603728.SH,鸣志电器,2025,Q_G_CASH_CURRENT_LIABILITY,1,15.555,84,0.94,auto_policy_eligible,run_resolve_pending,official_annual_direct_consistent
603728.SH,鸣志电器,2025,Q_G_CASH_REALIZATION,1,102.946,84,0.94,auto_policy_eligible,run_resolve_pending,official_annual_direct_consistent
603728.SH,鸣志电器,2025,Q_G_COST_REVENUE_RATE,1,98.5657,80,0.94,auto_policy_eligible,run_resolve_pending,official_annual_direct_consistent
603728.SH,鸣志电器,2025,Q_G_CURRENT_ASSET_TURNOVER,1,1.18512,75,0.94,auto_policy_eligible,run_resolve_pending,official_annual_direct_consistent
603728.SH,鸣志电器,2025,Q_G_DEBT_ASSET_RATE,1,34.2303,76,0.94,auto_policy_eligible,run_resolve_pending,consolidated_statement_year_end_derived
603728.SH,鸣志电器,2025,Q_G_EBITDA_INTEREST,1,4.88251,80,0.94,auto_policy_eligible,run_resolve_pending,official_annual_direct_consistent
603728.SH,鸣志电器,2025,Q_G_OPERATING_MARGIN,1,1.73204,80,0.94,auto_policy_eligible,run_resolve_pending,official_annual_direct_consistent
603728.SH,鸣志电器,2025,Q_G_OPERATING_PROFIT_GROWTH,1,-37.274,80,0.94,auto_policy_eligible,run_resolve_pending,official_annual_direct_consistent
603728.SH,鸣志电器,2025,Q_G_REVENUE_GROWTH,1,14.3238,8,0.91,auto_policy_eligible,run_resolve_pending,official_annual_direct_consistent
603728.SH,鸣志电器,2025,Q_G_ROA,1,1.36008,80,0.94,auto_policy_eligible,run_resolve_pending,official_annual_direct_consistent
603728.SH,鸣志电器,2025,Q_G_ROE,1,2.08,8,0.92,auto_policy_eligible,run_resolve_pending,official_annual_direct_consistent
603728.SH,鸣志电器,2025,Q_G_TWO_FUNDS_RATE,1,48.5462,75,0.94,auto_policy_eligible,run_resolve_pending,official_annual_direct_consistent
603728.SH,鸣志电器,2025,Q_S_DIVIDEND_PER_SHARE,1,0.025,51,0.94,auto_policy_eligible,run_resolve_pending,official_annual_direct_consistent
603728.SH,鸣志电器,2025,Q_S_RD_RATE,1,9.73,27,0.96,auto_policy_eligible,run_resolve_pending,official_annual_direct_consistent
603798.SH,康普顿,2025,Q_G_AR_TURNOVER,1,16.1319,61,0.94,auto_policy_eligible,run_resolve_pending,official_annual_direct_consistent
603798.SH,康普顿,2025,Q_G_ASSET_TURNOVER,1,0.679128,61,0.94,auto_policy_eligible,run_resolve_pending,official_annual_direct_consistent
603798.SH,康普顿,2025,Q_G_CASH_CURRENT_LIABILITY,1,101.112,68,0.94,auto_policy_eligible,run_resolve_pending,official_annual_direct_consistent
603798.SH,康普顿,2025,Q_G_CASH_REALIZATION,1,114.449,68,0.94,auto_policy_eligible,run_resolve_pending,official_annual_direct_consistent
603798.SH,康普顿,2025,Q_G_COST_REVENUE_RATE,1,94.7886,65,0.94,auto_policy_eligible,run_resolve_pending,official_annual_direct_consistent
603798.SH,康普顿,2025,Q_G_CURRENT_ASSET_TURNOVER,1,1.02028,61,0.94,auto_policy_eligible,run_resolve_pending,official_annual_direct_consistent
603798.SH,康普顿,2025,Q_G_DEBT_ASSET_RATE,1,11.9972,62,0.94,auto_policy_eligible,run_resolve_pending,consolidated_statement_year_end_derived
603798.SH,康普顿,2025,Q_G_OPERATING_MARGIN,1,6.32219,65,0.94,auto_policy_eligible,run_resolve_pending,official_annual_direct_consistent
603798.SH,康普顿,2025,Q_G_OPERATING_PROFIT_GROWTH,1,-19.656,65,0.94,auto_policy_eligible,run_resolve_pending,official_annual_direct_consistent
603798.SH,康普顿,2025,Q_G_REVENUE_GROWTH,1,-10.8412,6,0.91,auto_policy_eligible,run_resolve_pending,official_annual_direct_consistent
603798.SH,康普顿,2025,Q_G_ROE,1,4.45,7,0.92,auto_policy_eligible,run_resolve_pending,official_annual_direct_consistent
603798.SH,康普顿,2025,Q_G_TWO_FUNDS_RATE,1,16.3575,61,0.94,auto_policy_eligible,run_resolve_pending,official_annual_direct_consistent
603798.SH,康普顿,2025,Q_S_DIVIDEND_PER_SHARE,1,0.1,35,0.94,auto_policy_eligible,run_resolve_pending,official_annual_direct_consistent
603798.SH,康普顿,2025,Q_S_RD_RATE,1,2.91,16,0.96,auto_policy_eligible,run_resolve_pending,official_annual_direct_consistent
603806.SH,福斯特,2025,Q_G_AR_TURNOVER,1,3.73823,100,0.94,auto_policy_eligible,run_resolve_pending,official_annual_direct_consistent
603806.SH,福斯特,2025,Q_G_ASSET_TURNOVER,1,0.740632,101,0.94,auto_policy_eligible,run_resolve_pending,official_annual_direct_consistent
603806.SH,福斯特,2025,Q_G_CASH_CURRENT_LIABILITY,1,138.721,109,0.94,auto_policy_eligible,run_resolve_pending,official_annual_direct_consistent
603806.SH,福斯特,2025,Q_G_CASH_REALIZATION,1,97.2489,108,0.94,auto_policy_eligible,run_resolve_pending,official_annual_direct_consistent
603806.SH,福斯特,2025,Q_G_COST_REVENUE_RATE,1,94.8354,105,0.94,auto_policy_eligible,run_resolve_pending,official_annual_direct_consistent
603806.SH,福斯特,2025,Q_G_CURRENT_ASSET_TURNOVER,1,0.995944,101,0.94,auto_policy_eligible,run_resolve_pending,official_annual_direct_consistent
603806.SH,福斯特,2025,Q_G_EBITDA_INTEREST,1,21.2076,105,0.94,auto_policy_eligible,run_resolve_pending,official_annual_direct_consistent
603806.SH,福斯特,2025,Q_G_OPERATING_MARGIN,1,5.76387,105,0.94,auto_policy_eligible,run_resolve_pending,official_annual_direct_consistent
603806.SH,福斯特,2025,Q_G_OPERATING_PROFIT_GROWTH,1,-41.0979,105,0.94,auto_policy_eligible,run_resolve_pending,official_annual_direct_consistent
603806.SH,福斯特,2025,Q_G_REVENUE_GROWTH,1,-19.0972,7,0.91,auto_policy_eligible,run_resolve_pending,official_annual_direct_consistent
603806.SH,福斯特,2025,Q_G_ROA,1,4.38279,105,0.94,auto_policy_eligible,run_resolve_pending,official_annual_direct_consistent
603806.SH,福斯特,2025,Q_G_ROE,1,4.72,7,0.92,auto_policy_eligible,run_resolve_pending,official_annual_direct_consistent
603806.SH,福斯特,2025,Q_G_TWO_FUNDS_RATE,1,38.9033,101,0.94,auto_policy_eligible,run_resolve_pending,official_annual_direct_consistent
603806.SH,福斯特,2025,Q_S_DIVIDEND_PER_SHARE,1,0.15,57,0.94,auto_policy_eligible,run_resolve_pending,official_annual_direct_consistent
603806.SH,福斯特,2025,Q_S_RD_RATE,1,3.02,31,0.96,auto_policy_eligible,run_resolve_pending,official_annual_direct_consistent
603819.SH,神力股份,2025,Q_G_AR_TURNOVER,1,2.7989,73,0.94,auto_policy_eligible,run_resolve_pending,official_annual_direct_consistent
603819.SH,神力股份,2025,Q_G_ASSET_TURNOVER,1,0.994396,74,0.94,auto_policy_eligible,run_resolve_pending,official_annual_direct_consistent
603819.SH,神力股份,2025,Q_G_CASH_CURRENT_LIABILITY,1,-3.17118,82,0.94,auto_policy_eligible,run_resolve_pending,official_annual_direct_consistent
603819.SH,神力股份,2025,Q_G_CASH_REALIZATION,1,66.9555,81,0.94,auto_policy_eligible,run_resolve_pending,official_annual_direct_consistent
603819.SH,神力股份,2025,Q_G_COST_REVENUE_RATE,1,92.5901,78,0.94,auto_policy_eligible,run_resolve_pending,official_annual_direct_consistent
603819.SH,神力股份,2025,Q_G_CURRENT_ASSET_TURNOVER,1,1.32821,74,0.94,auto_policy_eligible,run_resolve_pending,official_annual_direct_consistent
603819.SH,神力股份,2025,Q_G_DEBT_ASSET_RATE,1,48.7319,75,0.94,auto_policy_eligible,run_resolve_pending,consolidated_statement_year_end_derived
603819.SH,神力股份,2025,Q_G_EBITDA_INTEREST,1,2.32775,78,0.94,auto_policy_eligible,run_resolve_pending,official_annual_direct_consistent
603819.SH,神力股份,2025,Q_G_OPERATING_MARGIN,1,1.46402,78,0.94,auto_policy_eligible,run_resolve_pending,official_annual_direct_consistent
603819.SH,神力股份,2025,Q_G_OPERATING_PROFIT_GROWTH,1,-146.659,78,0.94,auto_policy_eligible,run_resolve_pending,official_annual_direct_consistent
603819.SH,神力股份,2025,Q_G_REVENUE_GROWTH,1,16.724,7,0.91,auto_policy_eligible,run_resolve_pending,official_annual_direct_consistent
603819.SH,神力股份,2025,Q_G_ROA,1,2.54039,78,0.94,auto_policy_eligible,run_resolve_pending,official_annual_direct_consistent
603819.SH,神力股份,2025,Q_G_ROE,1,2.47,7,0.92,auto_policy_eligible,run_resolve_pending,official_annual_direct_consistent
603819.SH,神力股份,2025,Q_G_TWO_FUNDS_RATE,1,67.8933,74,0.94,auto_policy_eligible,run_resolve_pending,official_annual_direct_consistent
603819.SH,神力股份,2025,Q_S_DIVIDEND_PER_SHARE,1,0.04,42,0.94,auto_policy_eligible,run_resolve_pending,official_annual_direct_consistent
603819.SH,神力股份,2025,Q_S_RD_RATE,1,4.25,19,0.96,auto_policy_eligible,run_resolve_pending,official_annual_direct_consistent
603829.SH,洛凯股份,2025,Q_G_AR_TURNOVER,1,2.0058,85,0.94,auto_policy_eligible,run_resolve_pending,official_annual_direct_consistent
603829.SH,洛凯股份,2025,Q_G_ASSET_TURNOVER,1,0.687779,86,0.94,auto_policy_eligible,run_resolve_pending,official_annual_direct_consistent
603829.SH,洛凯股份,2025,Q_G_CASH_CURRENT_LIABILITY,1,10.1609,93,0.94,auto_policy_eligible,run_resolve_pending,official_annual_direct_consistent
603829.SH,洛凯股份,2025,Q_G_CASH_REALIZATION,1,60.4056,93,0.94,auto_policy_eligible,run_resolve_pending,official_annual_direct_consistent
603829.SH,洛凯股份,2025,Q_G_COST_REVENUE_RATE,1,96.247,89,0.94,auto_policy_eligible,run_resolve_pending,official_annual_direct_consistent
603829.SH,洛凯股份,2025,Q_G_CURRENT_ASSET_TURNOVER,1,0.917559,85,0.94,auto_policy_eligible,run_resolve_pending,official_annual_direct_consistent
603829.SH,洛凯股份,2025,Q_G_DEBT_ASSET_RATE,1,47.7385,86,0.94,auto_policy_eligible,run_resolve_pending,consolidated_statement_year_end_derived
603829.SH,洛凯股份,2025,Q_G_EBITDA_INTEREST,1,9.25247,90,0.94,auto_policy_eligible,run_resolve_pending,official_annual_direct_consistent
603829.SH,洛凯股份,2025,Q_G_OPERATING_MARGIN,1,4.01171,90,0.94,auto_policy_eligible,run_resolve_pending,official_annual_direct_consistent
603829.SH,洛凯股份,2025,Q_G_REVENUE_GROWTH,1,3.84607,7,0.91,auto_policy_eligible,run_resolve_pending,official_annual_direct_consistent
603829.SH,洛凯股份,2025,Q_G_ROA,1,2.93841,90,0.94,auto_policy_eligible,run_resolve_pending,official_annual_direct_consistent
603829.SH,洛凯股份,2025,Q_G_ROE,1,5.42,7,0.92,auto_policy_eligible,run_resolve_pending,official_annual_direct_consistent
603829.SH,洛凯股份,2025,Q_G_TWO_FUNDS_RATE,1,60.5067,85,0.94,auto_policy_eligible,run_resolve_pending,official_annual_direct_consistent
603829.SH,洛凯股份,2025,Q_S_DIVIDEND_PER_SHARE,1,0.15,50,0.94,auto_policy_eligible,run_resolve_pending,official_annual_direct_consistent
603829.SH,洛凯股份,2025,Q_S_RD_RATE,1,4.67,24,0.96,auto_policy_eligible,run_resolve_pending,official_annual_direct_consistent
603861.SH,白云电器,2025,Q_G_AR_TURNOVER,1,2.42023,115,0.94,auto_policy_eligible,run_resolve_pending,official_annual_direct_consistent
603861.SH,白云电器,2025,Q_G_ASSET_TURNOVER,1,0.475467,116,0.94,auto_policy_eligible,run_resolve_pending,official_annual_direct_consistent
603861.SH,白云电器,2025,Q_G_CASH_CURRENT_LIABILITY,1,-4.99291,123,0.94,auto_policy_eligible,run_resolve_pending,official_annual_direct_consistent
603861.SH,白云电器,2025,Q_G_CASH_REALIZATION,1,97.8862,123,0.94,auto_policy_eligible,run_resolve_pending,official_annual_direct_consistent
603861.SH,白云电器,2025,Q_G_COST_REVENUE_RATE,1,93.5253,119,0.94,auto_policy_eligible,run_resolve_pending,official_annual_direct_consistent
603861.SH,白云电器,2025,Q_G_CURRENT_ASSET_TURNOVER,1,0.834552,115,0.94,auto_policy_eligible,run_resolve_pending,official_annual_direct_consistent
603861.SH,白云电器,2025,Q_G_DEBT_ASSET_RATE,1,60.8218,117,0.94,auto_policy_eligible,run_resolve_pending,consolidated_statement_year_end_derived
603861.SH,白云电器,2025,Q_G_EBITDA_INTEREST,1,4.93593,120,0.94,auto_policy_eligible,run_resolve_pending,official_annual_direct_consistent
603861.SH,白云电器,2025,Q_G_OPERATING_MARGIN,1,5.21229,120,0.94,auto_policy_eligible,run_resolve_pending,official_annual_direct_consistent
603861.SH,白云电器,2025,Q_G_REVENUE_GROWTH,1,-1.14418,7,0.91,auto_policy_eligible,run_resolve_pending,official_annual_direct_consistent
603861.SH,白云电器,2025,Q_G_ROA,1,3.09848,120,0.94,auto_policy_eligible,run_resolve_pending,official_annual_direct_consistent
603861.SH,白云电器,2025,Q_G_TWO_FUNDS_RATE,1,71.9012,115,0.94,auto_policy_eligible,run_resolve_pending,official_annual_direct_consistent
603861.SH,白云电器,2025,Q_S_DIVIDEND_PER_SHARE,1,0.12554,69,0.94,auto_policy_eligible,run_resolve_pending,official_annual_direct_consistent
603861.SH,白云电器,2025,Q_S_RD_RATE,1,3.32,34,0.96,auto_policy_eligible,run_resolve_pending,official_annual_direct_consistent
603897.SH,长城科技,2025,Q_G_AR_TURNOVER,1,4.27447,54,0.94,auto_policy_eligible,run_resolve_pending,official_annual_direct_consistent
603897.SH,长城科技,2025,Q_G_ASSET_TURNOVER,1,1.89804,55,0.94,auto_policy_eligible,run_resolve_pending,official_annual_direct_consistent
603897.SH,长城科技,2025,Q_G_CASH_CURRENT_LIABILITY,1,16.8942,62,0.94,auto_policy_eligible,run_resolve_pending,official_annual_direct_consistent
603897.SH,长城科技,2025,Q_G_CASH_REALIZATION,1,115.036,62,0.94,auto_policy_eligible,run_resolve_pending,official_annual_direct_consistent
603897.SH,长城科技,2025,Q_G_COST_REVENUE_RATE,1,96.6992,58,0.94,auto_policy_eligible,run_resolve_pending,official_annual_direct_consistent
603897.SH,长城科技,2025,Q_G_CURRENT_ASSET_TURNOVER,1,2.23807,54,0.94,auto_policy_eligible,run_resolve_pending,official_annual_direct_consistent
603897.SH,长城科技,2025,Q_G_DEBT_ASSET_RATE,1,63.0053,55,0.94,auto_policy_eligible,run_resolve_pending,consolidated_statement_year_end_derived
603897.SH,长城科技,2025,Q_G_EBITDA_INTEREST,1,23.4392,59,0.94,auto_policy_eligible,run_resolve_pending,official_annual_direct_consistent
603897.SH,长城科技,2025,Q_G_OPERATING_MARGIN,1,3.16033,59,0.94,auto_policy_eligible,run_resolve_pending,official_annual_direct_consistent
603897.SH,长城科技,2025,Q_G_OPERATING_PROFIT_GROWTH,1,29.5547,59,0.94,auto_policy_eligible,run_resolve_pending,official_annual_direct_consistent
603897.SH,长城科技,2025,Q_G_REVENUE_GROWTH,1,-3.07203,5,0.91,auto_policy_eligible,run_resolve_pending,official_annual_direct_consistent
603897.SH,长城科技,2025,Q_G_ROA,1,6.24833,59,0.94,auto_policy_eligible,run_resolve_pending,official_annual_direct_consistent
603897.SH,长城科技,2025,Q_G_ROE,1,12.64,6,0.92,auto_policy_eligible,run_resolve_pending,official_annual_direct_consistent
603897.SH,长城科技,2025,Q_G_TWO_FUNDS_RATE,1,65.4065,54,0.94,auto_policy_eligible,run_resolve_pending,official_annual_direct_consistent
603897.SH,长城科技,2025,Q_S_DIVIDEND_PER_SHARE,1,1.2,30,0.94,auto_policy_eligible,run_resolve_pending,official_annual_direct_consistent
603897.SH,长城科技,2025,Q_S_RD_RATE,1,0.49,14,0.96,auto_policy_eligible,run_resolve_pending,official_annual_direct_consistent
603906.SH,龙蟠科技,2025,Q_G_AR_TURNOVER,1,4.88974,140,0.94,auto_policy_eligible,run_resolve_pending,official_annual_direct_consistent
603906.SH,龙蟠科技,2025,Q_G_ASSET_TURNOVER,1,0.514745,141,0.94,auto_policy_eligible,run_resolve_pending,official_annual_direct_consistent
603906.SH,龙蟠科技,2025,Q_G_CASH_CURRENT_LIABILITY,1,3.63648,149,0.94,auto_policy_eligible,run_resolve_pending,official_annual_direct_consistent
603906.SH,龙蟠科技,2025,Q_G_CASH_REALIZATION,1,59.493,148,0.94,auto_policy_eligible,run_resolve_pending,official_annual_direct_consistent
603906.SH,龙蟠科技,2025,Q_G_COST_REVENUE_RATE,1,100.379,144,0.94,auto_policy_eligible,run_resolve_pending,official_annual_direct_consistent
603906.SH,龙蟠科技,2025,Q_G_CURRENT_ASSET_TURNOVER,1,1.06398,140,0.94,auto_policy_eligible,run_resolve_pending,official_annual_direct_consistent
603906.SH,龙蟠科技,2025,Q_G_EBITDA_INTEREST,1,0.140686,145,0.94,auto_policy_eligible,run_resolve_pending,official_annual_direct_consistent
603906.SH,龙蟠科技,2025,Q_G_OPERATING_MARGIN,1,-2.6349,145,0.94,auto_policy_eligible,run_resolve_pending,official_annual_direct_consistent
603906.SH,龙蟠科技,2025,Q_G_REVENUE_GROWTH,1,0.842116,8,0.91,auto_policy_eligible,run_resolve_pending,official_annual_direct_consistent
603906.SH,龙蟠科技,2025,Q_G_ROA,1,0.210782,145,0.94,auto_policy_eligible,run_resolve_pending,official_annual_direct_consistent
603906.SH,龙蟠科技,2025,Q_G_ROE,1,6.1,9,0.92,auto_policy_eligible,run_resolve_pending,official_annual_direct_consistent
603906.SH,龙蟠科技,2025,Q_G_TWO_FUNDS_RATE,1,39.7183,140,0.94,auto_policy_eligible,run_resolve_pending,official_annual_direct_consistent
603906.SH,龙蟠科技,2025,Q_S_RD_RATE,1,5.16,34,0.96,auto_policy_eligible,run_resolve_pending,official_annual_direct_consistent
603985.SH,恒润股份,2025,Q_G_AR_TURNOVER,1,8.87137,77,0.94,auto_policy_eligible,run_resolve_pending,official_annual_direct_consistent
603985.SH,恒润股份,2025,Q_G_ASSET_TURNOVER,1,1.16998,78,0.94,auto_policy_eligible,run_resolve_pending,official_annual_direct_consistent
603985.SH,恒润股份,2025,Q_G_CASH_CURRENT_LIABILITY,1,-3.15463,84,0.94,auto_policy_eligible,run_resolve_pending,official_annual_direct_consistent
603985.SH,恒润股份,2025,Q_G_CASH_REALIZATION,1,83.6751,84,0.94,auto_policy_eligible,run_resolve_pending,official_annual_direct_consistent
603985.SH,恒润股份,2025,Q_G_COST_REVENUE_RATE,1,96.8917,81,0.94,auto_policy_eligible,run_resolve_pending,official_annual_direct_consistent
603985.SH,恒润股份,2025,Q_G_CURRENT_ASSET_TURNOVER,1,3.06787,77,0.94,auto_policy_eligible,run_resolve_pending,official_annual_direct_consistent
603985.SH,恒润股份,2025,Q_G_DEBT_ASSET_RATE,1,42.6026,78,0.94,auto_policy_eligible,run_resolve_pending,consolidated_statement_year_end_derived
603985.SH,恒润股份,2025,Q_G_EBITDA_INTEREST,1,3.16302,82,0.94,auto_policy_eligible,run_resolve_pending,official_annual_direct_consistent
603985.SH,恒润股份,2025,Q_G_OPERATING_MARGIN,1,2.41091,82,0.94,auto_policy_eligible,run_resolve_pending,official_annual_direct_consistent
603985.SH,恒润股份,2025,Q_G_OPERATING_PROFIT_GROWTH,1,-157.804,82,0.94,auto_policy_eligible,run_resolve_pending,official_annual_direct_consistent
603985.SH,恒润股份,2025,Q_G_REVENUE_GROWTH,1,129.434,7,0.91,auto_policy_eligible,run_resolve_pending,official_annual_direct_consistent
603985.SH,恒润股份,2025,Q_G_ROA,1,4.19539,82,0.94,auto_policy_eligible,run_resolve_pending,official_annual_direct_consistent
603985.SH,恒润股份,2025,Q_G_ROE,1,2.57,7,0.92,auto_policy_eligible,run_resolve_pending,official_annual_direct_consistent
603985.SH,恒润股份,2025,Q_G_TWO_FUNDS_RATE,1,64.4104,77,0.94,auto_policy_eligible,run_resolve_pending,official_annual_direct_consistent
603985.SH,恒润股份,2025,Q_S_DIVIDEND_PER_SHARE,1,0.06,50,0.94,auto_policy_eligible,run_resolve_pending,official_annual_direct_consistent
603985.SH,恒润股份,2025,Q_S_RD_RATE,1,2.33,24,0.96,auto_policy_eligible,run_resolve_pending,official_annual_direct_consistent
603988.SH,中电电机,2025,Q_G_AR_TURNOVER,1,2.54539,61,0.94,auto_policy_eligible,run_resolve_pending,official_annual_direct_consistent
603988.SH,中电电机,2025,Q_G_ASSET_TURNOVER,1,0.598415,61,0.94,auto_policy_eligible,run_resolve_pending,official_annual_direct_consistent
603988.SH,中电电机,2025,Q_G_CASH_CURRENT_LIABILITY,1,17.9808,68,0.94,auto_policy_eligible,run_resolve_pending,official_annual_direct_consistent
603988.SH,中电电机,2025,Q_G_CASH_REALIZATION,1,116.944,68,0.94,auto_policy_eligible,run_resolve_pending,official_annual_direct_consistent
603988.SH,中电电机,2025,Q_G_COST_REVENUE_RATE,1,92.8545,65,0.94,auto_policy_eligible,run_resolve_pending,official_annual_direct_consistent
603988.SH,中电电机,2025,Q_G_CURRENT_ASSET_TURNOVER,1,0.692926,61,0.94,auto_policy_eligible,run_resolve_pending,official_annual_direct_consistent
603988.SH,中电电机,2025,Q_G_DEBT_ASSET_RATE,1,38.9737,62,0.94,auto_policy_eligible,run_resolve_pending,consolidated_statement_year_end_derived
603988.SH,中电电机,2025,Q_G_EBITDA_INTEREST,1,22.1077,66,0.94,auto_policy_eligible,run_resolve_pending,official_annual_direct_consistent
603988.SH,中电电机,2025,Q_G_OPERATING_MARGIN,1,5.37283,66,0.94,auto_policy_eligible,run_resolve_pending,official_annual_direct_consistent
603988.SH,中电电机,2025,Q_G_OPERATING_PROFIT_GROWTH,1,-340.071,66,0.94,auto_policy_eligible,run_resolve_pending,official_annual_direct_consistent
603988.SH,中电电机,2025,Q_G_REVENUE_GROWTH,1,-1.16865,6,0.91,auto_policy_eligible,run_resolve_pending,official_annual_direct_consistent
603988.SH,中电电机,2025,Q_G_ROA,1,3.32695,66,0.94,auto_policy_eligible,run_resolve_pending,official_annual_direct_consistent
603988.SH,中电电机,2025,Q_G_ROE,1,4.71,7,0.92,auto_policy_eligible,run_resolve_pending,official_annual_direct_consistent
603988.SH,中电电机,2025,Q_G_TWO_FUNDS_RATE,1,50.2426,61,0.94,auto_policy_eligible,run_resolve_pending,official_annual_direct_consistent
603988.SH,中电电机,2025,Q_S_DIVIDEND_PER_SHARE,1,0.045,36,0.94,auto_policy_eligible,run_resolve_pending,official_annual_direct_consistent
603988.SH,中电电机,2025,Q_S_RD_RATE,1,3.51,16,0.96,auto_policy_eligible,run_resolve_pending,official_annual_direct_consistent
605011.SH,杭州热电,2025,Q_G_AR_TURNOVER,1,14.7709,67,0.94,auto_policy_eligible,run_resolve_pending,official_annual_direct_consistent
605011.SH,杭州热电,2025,Q_G_ASSET_TURNOVER,1,0.749604,68,0.94,auto_policy_eligible,run_resolve_pending,official_annual_direct_consistent
605011.SH,杭州热电,2025,Q_G_CAPITAL_ACCUMULATION,1,7.63952,69,0.94,auto_policy_eligible,run_resolve_pending,official_annual_direct_consistent
605011.SH,杭州热电,2025,Q_G_CASH_CURRENT_LIABILITY,1,37.3073,74,0.94,auto_policy_eligible,run_resolve_pending,official_annual_direct_consistent
605011.SH,杭州热电,2025,Q_G_CASH_REALIZATION,1,128.888,74,0.94,auto_policy_eligible,run_resolve_pending,official_annual_direct_consistent
605011.SH,杭州热电,2025,Q_G_COST_REVENUE_RATE,1,94.5561,71,0.94,auto_policy_eligible,run_resolve_pending,official_annual_direct_consistent
605011.SH,杭州热电,2025,Q_G_CURRENT_ASSET_TURNOVER,1,2.27719,67,0.94,auto_policy_eligible,run_resolve_pending,official_annual_direct_consistent
605011.SH,杭州热电,2025,Q_G_DEBT_ASSET_RATE,1,30.0948,68,0.94,auto_policy_eligible,run_resolve_pending,consolidated_statement_year_end_derived
605011.SH,杭州热电,2025,Q_G_EBITDA_INTEREST,1,19.0085,72,0.94,auto_policy_eligible,run_resolve_pending,official_annual_direct_consistent
605011.SH,杭州热电,2025,Q_G_OPERATING_MARGIN,1,8.28889,72,0.94,auto_policy_eligible,run_resolve_pending,official_annual_direct_consistent
605011.SH,杭州热电,2025,Q_G_OPERATING_PROFIT_GROWTH,1,-11.1501,72,0.94,auto_policy_eligible,run_resolve_pending,official_annual_direct_consistent
605011.SH,杭州热电,2025,Q_G_REVENUE_GROWTH,1,-10.4878,7,0.91,auto_policy_eligible,run_resolve_pending,official_annual_direct_consistent
605011.SH,杭州热电,2025,Q_G_ROA,1,7.04683,72,0.94,auto_policy_eligible,run_resolve_pending,official_annual_direct_consistent
605011.SH,杭州热电,2025,Q_G_ROE,1,7.82,7,0.92,auto_policy_eligible,run_resolve_pending,official_annual_direct_consistent
605011.SH,杭州热电,2025,Q_G_TWO_FUNDS_RATE,1,25.2146,67,0.94,auto_policy_eligible,run_resolve_pending,official_annual_direct_consistent
605011.SH,杭州热电,2025,Q_S_DIVIDEND_PER_SHARE,1,0.16,35,0.94,auto_policy_eligible,run_resolve_pending,official_annual_direct_consistent
605011.SH,杭州热电,2025,Q_S_RD_RATE,1,0.94,18,0.96,auto_policy_eligible,run_resolve_pending,official_annual_direct_consistent
605028.SH,世茂能源,2025,Q_G_REVENUE_GROWTH,1,-10.1229,5,0.91,auto_policy_eligible,run_resolve_pending,official_annual_direct_consistent
605028.SH,世茂能源,2025,Q_G_ROE,1,12.82,6,0.92,auto_policy_eligible,run_resolve_pending,official_annual_direct_consistent
605028.SH,世茂能源,2025,Q_S_DIVIDEND_PER_SHARE,1,0.9,49,0.94,auto_policy_eligible,run_resolve_pending,official_annual_direct_consistent
605028.SH,世茂能源,2025,Q_S_RD_RATE,1,3.55,21,0.96,auto_policy_eligible,run_resolve_pending,official_annual_direct_consistent
605066.SH,天正电气,2025,Q_G_AR_TURNOVER,1,3.63359,77,0.94,auto_policy_eligible,run_resolve_pending,official_annual_direct_consistent
605066.SH,天正电气,2025,Q_G_ASSET_TURNOVER,1,0.895008,78,0.94,auto_policy_eligible,run_resolve_pending,official_annual_direct_consistent
605066.SH,天正电气,2025,Q_G_CASH_CURRENT_LIABILITY,1,11.5131,84,0.94,auto_policy_eligible,run_resolve_pending,official_annual_direct_consistent
605066.SH,天正电气,2025,Q_G_CASH_REALIZATION,1,80.837,84,0.94,auto_policy_eligible,run_resolve_pending,official_annual_direct_consistent
605066.SH,天正电气,2025,Q_G_COST_REVENUE_RATE,1,97.5161,81,0.94,auto_policy_eligible,run_resolve_pending,official_annual_direct_consistent
605066.SH,天正电气,2025,Q_G_CURRENT_ASSET_TURNOVER,1,1.25815,77,0.94,auto_policy_eligible,run_resolve_pending,official_annual_direct_consistent
605066.SH,天正电气,2025,Q_G_DEBT_ASSET_RATE,1,43.2423,79,0.94,auto_policy_eligible,run_resolve_pending,consolidated_statement_year_end_derived
605066.SH,天正电气,2025,Q_G_OPERATING_MARGIN,1,3.04308,81,0.94,auto_policy_eligible,run_resolve_pending,official_annual_direct_consistent
605066.SH,天正电气,2025,Q_G_OPERATING_PROFIT_GROWTH,1,-37.2612,81,0.94,auto_policy_eligible,run_resolve_pending,official_annual_direct_consistent
605066.SH,天正电气,2025,Q_G_REVENUE_GROWTH,1,-3.57209,6,0.91,auto_policy_eligible,run_resolve_pending,official_annual_direct_consistent
605066.SH,天正电气,2025,Q_G_ROE,1,5.19,6,0.92,auto_policy_eligible,run_resolve_pending,official_annual_direct_consistent
605066.SH,天正电气,2025,Q_G_TWO_FUNDS_RATE,1,47.9058,77,0.94,auto_policy_eligible,run_resolve_pending,official_annual_direct_consistent
605066.SH,天正电气,2025,Q_S_RD_RATE,1,5.23,33,0.96,auto_policy_eligible,run_resolve_pending,official_annual_direct_consistent
605090.SH,九丰能源,2025,Q_G_AR_TURNOVER,1,128.176,142,0.94,auto_policy_eligible,run_resolve_pending,official_annual_direct_consistent
605090.SH,九丰能源,2025,Q_G_ASSET_TURNOVER,1,26.0918,143,0.94,auto_policy_eligible,run_resolve_pending,official_annual_direct_consistent
605090.SH,九丰能源,2025,Q_G_COST_REVENUE_RATE,1,93.0174,148,0.94,auto_policy_eligible,run_resolve_pending,official_annual_direct_consistent
605090.SH,九丰能源,2025,Q_G_CURRENT_ASSET_TURNOVER,1,3.0604,142,0.94,auto_policy_eligible,run_resolve_pending,official_annual_direct_consistent
605090.SH,九丰能源,2025,Q_G_REVENUE_GROWTH,1,-8.06397,12,0.91,auto_policy_eligible,run_resolve_pending,official_annual_direct_consistent
605090.SH,九丰能源,2025,Q_G_ROE,2,14.73,13|30,0.92,auto_policy_eligible,run_resolve_pending,official_annual_direct_consistent
605090.SH,九丰能源,2025,Q_G_TWO_FUNDS_RATE,1,13.7852,142,0.94,auto_policy_eligible,run_resolve_pending,official_annual_direct_consistent
605090.SH,九丰能源,2025,Q_S_DIVIDEND_PER_SHARE,1,0.25,80,0.94,auto_policy_eligible,run_resolve_pending,official_annual_direct_consistent
605090.SH,九丰能源,2025,Q_S_RD_RATE,1,0.07,44,0.96,auto_policy_eligible,run_resolve_pending,official_annual_direct_consistent
605117.SH,德业股份,2025,Q_E_HAZ_WASTE_INTENSITY,2,0.04,27|66,0.91,auto_policy_eligible,run_resolve_pending,strict_extraction_evidence_consistent
605117.SH,德业股份,2025,Q_E_SOLID_WASTE_INTENSITY,2,0.815,27|66,0.91,auto_policy_eligible,run_resolve_pending,strict_extraction_evidence_consistent
605117.SH,德业股份,2025,Q_E_WASTEWATER_INTENSITY,2,0.135,27|66,0.91,auto_policy_eligible,run_resolve_pending,strict_extraction_evidence_consistent
605117.SH,德业股份,2025,Q_G_AR_TURNOVER,1,7.18521,109,0.94,auto_policy_eligible,run_resolve_pending,official_annual_direct_consistent
605117.SH,德业股份,2025,Q_G_ASSET_TURNOVER,1,0.698077,110,0.94,auto_policy_eligible,run_resolve_pending,official_annual_direct_consistent
605117.SH,德业股份,2025,Q_G_CASH_CURRENT_LIABILITY,1,43.095,117,0.94,auto_policy_eligible,run_resolve_pending,official_annual_direct_consistent
605117.SH,德业股份,2025,Q_G_CASH_REALIZATION,1,99.4456,117,0.94,auto_policy_eligible,run_resolve_pending,official_annual_direct_consistent
605117.SH,德业股份,2025,Q_G_COST_REVENUE_RATE,1,71.8134,113,0.94,auto_policy_eligible,run_resolve_pending,official_annual_direct_consistent
605117.SH,德业股份,2025,Q_G_CURRENT_ASSET_TURNOVER,1,0.956329,109,0.94,auto_policy_eligible,run_resolve_pending,official_annual_direct_consistent
605117.SH,德业股份,2025,Q_G_DEBT_ASSET_RATE,1,48.1115,110,0.94,auto_policy_eligible,run_resolve_pending,consolidated_statement_year_end_derived
605117.SH,德业股份,2025,Q_G_EBITDA_INTEREST,1,64.0133,114,0.94,auto_policy_eligible,run_resolve_pending,official_annual_direct_consistent
605117.SH,德业股份,2025,Q_G_OPERATING_MARGIN,1,29.8486,114,0.94,auto_policy_eligible,run_resolve_pending,official_annual_direct_consistent
605117.SH,德业股份,2025,Q_G_OPERATING_PROFIT_GROWTH,1,7.17544,114,0.94,auto_policy_eligible,run_resolve_pending,official_annual_direct_consistent
605117.SH,德业股份,2025,Q_G_REVENUE_GROWTH,1,9.07758,7,0.91,auto_policy_eligible,run_resolve_pending,official_annual_direct_consistent
605117.SH,德业股份,2025,Q_G_ROA,1,21.0917,114,0.94,auto_policy_eligible,run_resolve_pending,official_annual_direct_consistent
605117.SH,德业股份,2025,Q_G_ROE,1,32.66,8,0.92,auto_policy_eligible,run_resolve_pending,official_annual_direct_consistent
605117.SH,德业股份,2025,Q_G_TWO_FUNDS_RATE,1,23.6313,109,0.94,auto_policy_eligible,run_resolve_pending,official_annual_direct_consistent
605117.SH,德业股份,2025,Q_S_RD_RATE,1,4.6,25,0.96,auto_policy_eligible,run_resolve_pending,official_annual_direct_consistent
605162.SH,新中港,2025,Q_G_AR_TURNOVER,1,4.89856,72,0.94,auto_policy_eligible,run_resolve_pending,official_annual_direct_consistent
605162.SH,新中港,2025,Q_G_ASSET_TURNOVER,1,0.3793,73,0.94,auto_policy_eligible,run_resolve_pending,official_annual_direct_consistent
605162.SH,新中港,2025,Q_G_CASH_REALIZATION,1,120.179,80,0.94,auto_policy_eligible,run_resolve_pending,official_annual_direct_consistent
605162.SH,新中港,2025,Q_G_COST_REVENUE_RATE,1,79.3842,76,0.94,auto_policy_eligible,run_resolve_pending,official_annual_direct_consistent
605162.SH,新中港,2025,Q_G_CURRENT_ASSET_TURNOVER,1,0.92288,72,0.94,auto_policy_eligible,run_resolve_pending,official_annual_direct_consistent
605162.SH,新中港,2025,Q_G_EBITDA_INTEREST,1,7.13536,77,0.94,auto_policy_eligible,run_resolve_pending,official_annual_direct_consistent
605162.SH,新中港,2025,Q_G_OPERATING_MARGIN,1,21.7395,77,0.94,auto_policy_eligible,run_resolve_pending,official_annual_direct_consistent
605162.SH,新中港,2025,Q_G_OPERATING_PROFIT_GROWTH,1,-11.8519,77,0.94,auto_policy_eligible,run_resolve_pending,official_annual_direct_consistent
605162.SH,新中港,2025,Q_G_REVENUE_GROWTH,1,-18.8229,6,0.91,auto_policy_eligible,run_resolve_pending,official_annual_direct_consistent
605162.SH,新中港,2025,Q_G_ROA,1,10.1077,77,0.94,auto_policy_eligible,run_resolve_pending,official_annual_direct_consistent
605162.SH,新中港,2025,Q_G_ROE,1,9.28,6,0.92,auto_policy_eligible,run_resolve_pending,official_annual_direct_consistent
605162.SH,新中港,2025,Q_G_TWO_FUNDS_RATE,1,26.7118,72,0.94,auto_policy_eligible,run_resolve_pending,official_annual_direct_consistent
605162.SH,新中港,2025,Q_S_DIVIDEND_PER_SHARE,1,0.16,40,0.94,auto_policy_eligible,run_resolve_pending,official_annual_direct_consistent
605162.SH,新中港,2025,Q_S_RD_RATE,1,3.43,19,0.96,auto_policy_eligible,run_resolve_pending,official_annual_direct_consistent
605169.SH,洪通燃气,2025,Q_G_AR_TURNOVER,1,49.7993,87,0.94,auto_policy_eligible,run_resolve_pending,official_annual_direct_consistent
605169.SH,洪通燃气,2025,Q_G_ASSET_TURNOVER,1,2.45695,88,0.94,auto_policy_eligible,run_resolve_pending,official_annual_direct_consistent
605169.SH,洪通燃气,2025,Q_G_CASH_CURRENT_LIABILITY,1,55.9575,96,0.94,auto_policy_eligible,run_resolve_pending,official_annual_direct_consistent
605169.SH,洪通燃气,2025,Q_G_CASH_REALIZATION,1,110.444,96,0.94,auto_policy_eligible,run_resolve_pending,official_annual_direct_consistent
605169.SH,洪通燃气,2025,Q_G_COST_REVENUE_RATE,1,95.3965,92,0.94,auto_policy_eligible,run_resolve_pending,official_annual_direct_consistent
605169.SH,洪通燃气,2025,Q_G_CURRENT_ASSET_TURNOVER,1,6.32856,88,0.94,auto_policy_eligible,run_resolve_pending,official_annual_direct_consistent
605169.SH,洪通燃气,2025,Q_G_DEBT_ASSET_RATE,1,17.6978,89,0.94,auto_policy_eligible,run_resolve_pending,consolidated_statement_year_end_derived
605169.SH,洪通燃气,2025,Q_G_EBITDA_INTEREST,1,35.8223,93,0.94,auto_policy_eligible,run_resolve_pending,official_annual_direct_consistent
605169.SH,洪通燃气,2025,Q_G_OPERATING_MARGIN,1,4.78786,92,0.94,auto_policy_eligible,run_resolve_pending,official_annual_direct_consistent
605169.SH,洪通燃气,2025,Q_G_OPERATING_PROFIT_GROWTH,1,-28.9124,92,0.94,auto_policy_eligible,run_resolve_pending,official_annual_direct_consistent
605169.SH,洪通燃气,2025,Q_G_REVENUE_GROWTH,1,13.6145,7,0.91,auto_policy_eligible,run_resolve_pending,official_annual_direct_consistent
605169.SH,洪通燃气,2025,Q_G_ROA,1,12.0764,93,0.94,auto_policy_eligible,run_resolve_pending,official_annual_direct_consistent
605169.SH,洪通燃气,2025,Q_G_ROE,1,6.19,8,0.92,auto_policy_eligible,run_resolve_pending,official_annual_direct_consistent
605169.SH,洪通燃气,2025,Q_G_TWO_FUNDS_RATE,1,13.4633,88,0.94,auto_policy_eligible,run_resolve_pending,official_annual_direct_consistent
605169.SH,洪通燃气,2025,Q_S_DIVIDEND_PER_SHARE,1,0.2,50,0.94,auto_policy_eligible,run_resolve_pending,official_annual_direct_consistent
605196.SH,华通线缆,2025,Q_G_AR_TURNOVER,1,3.49528,79,0.94,auto_policy_eligible,run_resolve_pending,official_annual_direct_consistent
605196.SH,华通线缆,2025,Q_G_ASSET_TURNOVER,1,1.2545,80,0.94,auto_policy_eligible,run_resolve_pending,official_annual_direct_consistent
605196.SH,华通线缆,2025,Q_G_CAPITAL_ACCUMULATION,1,5.92302,81,0.94,auto_policy_eligible,run_resolve_pending,official_annual_direct_consistent
605196.SH,华通线缆,2025,Q_G_CASH_CURRENT_LIABILITY,1,0.656053,87,0.94,auto_policy_eligible,run_resolve_pending,official_annual_direct_consistent
605196.SH,华通线缆,2025,Q_G_CASH_REALIZATION,1,95.5274,86,0.94,auto_policy_eligible,run_resolve_pending,official_annual_direct_consistent
605196.SH,华通线缆,2025,Q_G_COST_REVENUE_RATE,1,95.0442,83,0.94,auto_policy_eligible,run_resolve_pending,official_annual_direct_consistent
605196.SH,华通线缆,2025,Q_G_CURRENT_ASSET_TURNOVER,1,1.41436,79,0.94,auto_policy_eligible,run_resolve_pending,official_annual_direct_consistent
605196.SH,华通线缆,2025,Q_G_DEBT_ASSET_RATE,1,66.0355,81,0.94,auto_policy_eligible,run_resolve_pending,consolidated_statement_year_end_derived
605196.SH,华通线缆,2025,Q_G_EBITDA_INTEREST,1,3.3908,84,0.94,auto_policy_eligible,run_resolve_pending,official_annual_direct_consistent
605196.SH,华通线缆,2025,Q_G_OPERATING_MARGIN,1,4.59282,84,0.94,auto_policy_eligible,run_resolve_pending,official_annual_direct_consistent
605196.SH,华通线缆,2025,Q_G_OPERATING_PROFIT_GROWTH,1,-9.64631,84,0.94,auto_policy_eligible,run_resolve_pending,official_annual_direct_consistent
605196.SH,华通线缆,2025,Q_G_REVENUE_GROWTH,1,18.639,7,0.91,auto_policy_eligible,run_resolve_pending,official_annual_direct_consistent
605196.SH,华通线缆,2025,Q_G_ROA,1,7.89848,84,0.94,auto_policy_eligible,run_resolve_pending,official_annual_direct_consistent
605196.SH,华通线缆,2025,Q_G_ROE,1,8.75,7,0.92,auto_policy_eligible,run_resolve_pending,official_annual_direct_consistent
605196.SH,华通线缆,2025,Q_G_TWO_FUNDS_RATE,1,77.6257,79,0.94,auto_policy_eligible,run_resolve_pending,official_annual_direct_consistent
605196.SH,华通线缆,2025,Q_S_RD_RATE,1,1.38,24,0.96,auto_policy_eligible,run_resolve_pending,official_annual_direct_consistent
605222.SH,起帆电缆,2025,Q_G_AR_TURNOVER,1,6.2404,86,0.94,auto_policy_eligible,run_resolve_pending,official_annual_direct_consistent
605222.SH,起帆电缆,2025,Q_G_ASSET_TURNOVER,1,1.5685,87,0.94,auto_policy_eligible,run_resolve_pending,official_annual_direct_consistent
605222.SH,起帆电缆,2025,Q_G_CASH_CURRENT_LIABILITY,1,0.651837,94,0.94,auto_policy_eligible,run_resolve_pending,official_annual_direct_consistent
605222.SH,起帆电缆,2025,Q_G_CASH_REALIZATION,1,106.687,94,0.94,auto_policy_eligible,run_resolve_pending,official_annual_direct_consistent
605222.SH,起帆电缆,2025,Q_G_COST_REVENUE_RATE,1,93.4459,90,0.94,auto_policy_eligible,run_resolve_pending,official_annual_direct_consistent
605222.SH,起帆电缆,2025,Q_G_CURRENT_ASSET_TURNOVER,1,1.975,86,0.94,auto_policy_eligible,run_resolve_pending,official_annual_direct_consistent
605222.SH,起帆电缆,2025,Q_G_EBITDA_INTEREST,1,2.0023,91,0.94,auto_policy_eligible,run_resolve_pending,official_annual_direct_consistent
605222.SH,起帆电缆,2025,Q_G_OPERATING_MARGIN,1,0.925414,91,0.94,auto_policy_eligible,run_resolve_pending,official_annual_direct_consistent
605222.SH,起帆电缆,2025,Q_G_OPERATING_PROFIT_GROWTH,1,67.7358,91,0.94,auto_policy_eligible,run_resolve_pending,official_annual_direct_consistent
605222.SH,起帆电缆,2025,Q_G_REVENUE_GROWTH,1,5.47297,7,0.91,auto_policy_eligible,run_resolve_pending,official_annual_direct_consistent
605222.SH,起帆电缆,2025,Q_G_ROA,1,2.81362,91,0.94,auto_policy_eligible,run_resolve_pending,official_annual_direct_consistent
605222.SH,起帆电缆,2025,Q_G_ROE,1,3.62,7,0.92,auto_policy_eligible,run_resolve_pending,official_annual_direct_consistent
605222.SH,起帆电缆,2025,Q_G_TWO_FUNDS_RATE,1,67.2108,86,0.94,auto_policy_eligible,run_resolve_pending,official_annual_direct_consistent
605222.SH,起帆电缆,2025,Q_S_DIVIDEND_PER_SHARE,1,0.06,49,0.94,auto_policy_eligible,run_resolve_pending,official_annual_direct_consistent
605222.SH,起帆电缆,2025,Q_S_RD_RATE,1,0.42,24,0.96,auto_policy_eligible,run_resolve_pending,official_annual_direct_consistent
605378.SH,野马电池,2025,Q_G_AR_TURNOVER,1,5.5477,69,0.94,auto_policy_eligible,run_resolve_pending,official_annual_direct_consistent
605378.SH,野马电池,2025,Q_G_ASSET_TURNOVER,1,1.52999,70,0.94,auto_policy_eligible,run_resolve_pending,official_annual_direct_consistent
605378.SH,野马电池,2025,Q_G_CASH_CURRENT_LIABILITY,1,87.4637,78,0.94,auto_policy_eligible,run_resolve_pending,official_annual_direct_consistent
605378.SH,野马电池,2025,Q_G_CASH_REALIZATION,1,118.744,77,0.94,auto_policy_eligible,run_resolve_pending,official_annual_direct_consistent
605378.SH,野马电池,2025,Q_G_COST_REVENUE_RATE,1,96.1154,73,0.94,auto_policy_eligible,run_resolve_pending,official_annual_direct_consistent
605378.SH,野马电池,2025,Q_G_CURRENT_ASSET_TURNOVER,1,1.23261,69,0.94,auto_policy_eligible,run_resolve_pending,official_annual_direct_consistent
605378.SH,野马电池,2025,Q_G_EBITDA_INTEREST,1,14922.5,74,0.94,auto_policy_eligible,run_resolve_pending,official_annual_direct_consistent
605378.SH,野马电池,2025,Q_G_OPERATING_MARGIN,1,5.43487,74,0.94,auto_policy_eligible,run_resolve_pending,official_annual_direct_consistent
605378.SH,野马电池,2025,Q_G_OPERATING_PROFIT_GROWTH,1,-61.7836,74,0.94,auto_policy_eligible,run_resolve_pending,official_annual_direct_consistent
605378.SH,野马电池,2025,Q_G_REVENUE_GROWTH,1,-4.53847,7,0.91,auto_policy_eligible,run_resolve_pending,official_annual_direct_consistent
605378.SH,野马电池,2025,Q_G_ROA,1,8.28176,74,0.94,auto_policy_eligible,run_resolve_pending,official_annual_direct_consistent
605378.SH,野马电池,2025,Q_G_ROE,1,4.62,8,0.92,auto_policy_eligible,run_resolve_pending,official_annual_direct_consistent
605378.SH,野马电池,2025,Q_G_TWO_FUNDS_RATE,1,38.9466,69,0.94,auto_policy_eligible,run_resolve_pending,official_annual_direct_consistent
605378.SH,野马电池,2025,Q_S_DIVIDEND_PER_SHARE,1,0.15,41,0.94,auto_policy_eligible,run_resolve_pending,official_annual_direct_consistent
605378.SH,野马电池,2025,Q_S_RD_RATE,1,3.14,19,0.96,auto_policy_eligible,run_resolve_pending,official_annual_direct_consistent
605580.SH,恒盛能源,2025,Q_G_AR_TURNOVER,1,11.0299,79,0.94,auto_policy_eligible,run_resolve_pending,official_annual_direct_consistent
605580.SH,恒盛能源,2025,Q_G_ASSET_TURNOVER,1,0.81467,80,0.94,auto_policy_eligible,run_resolve_pending,official_annual_direct_consistent
605580.SH,恒盛能源,2025,Q_G_CASH_CURRENT_LIABILITY,1,54.7529,87,0.94,auto_policy_eligible,run_resolve_pending,official_annual_direct_consistent
605580.SH,恒盛能源,2025,Q_G_CASH_REALIZATION,1,119.195,87,0.94,auto_policy_eligible,run_resolve_pending,official_annual_direct_consistent
605580.SH,恒盛能源,2025,Q_G_COST_REVENUE_RATE,1,80.3058,83,0.94,auto_policy_eligible,run_resolve_pending,official_annual_direct_consistent
605580.SH,恒盛能源,2025,Q_G_CURRENT_ASSET_TURNOVER,1,4.0525,79,0.94,auto_policy_eligible,run_resolve_pending,official_annual_direct_consistent
605580.SH,恒盛能源,2025,Q_G_DEBT_ASSET_RATE,1,48.148,81,0.94,auto_policy_eligible,run_resolve_pending,consolidated_statement_year_end_derived
605580.SH,恒盛能源,2025,Q_G_EBITDA_INTEREST,1,14.7586,84,0.94,auto_policy_eligible,run_resolve_pending,official_annual_direct_consistent
605580.SH,恒盛能源,2025,Q_G_OPERATING_MARGIN,1,17.5878,84,0.94,auto_policy_eligible,run_resolve_pending,official_annual_direct_consistent
605580.SH,恒盛能源,2025,Q_G_OPERATING_PROFIT_GROWTH,1,778.744,84,0.94,auto_policy_eligible,run_resolve_pending,official_annual_direct_consistent
605580.SH,恒盛能源,2025,Q_G_REVENUE_GROWTH,1,25.3852,8,0.91,auto_policy_eligible,run_resolve_pending,official_annual_direct_consistent
605580.SH,恒盛能源,2025,Q_G_ROA,1,16.98,84,0.94,auto_policy_eligible,run_resolve_pending,official_annual_direct_consistent
605580.SH,恒盛能源,2025,Q_G_ROE,1,15.98,8,0.92,auto_policy_eligible,run_resolve_pending,official_annual_direct_consistent
605580.SH,恒盛能源,2025,Q_G_TWO_FUNDS_RATE,1,57.8579,79,0.94,auto_policy_eligible,run_resolve_pending,official_annual_direct_consistent
605580.SH,恒盛能源,2025,Q_S_DIVIDEND_PER_SHARE,1,0.3,51,0.94,auto_policy_eligible,run_resolve_pending,official_annual_direct_consistent
605580.SH,恒盛能源,2025,Q_S_RD_RATE,1,2.4,25,0.96,auto_policy_eligible,run_resolve_pending,official_annual_direct_consistent
688006.SH,杭可科技,2025,Q_G_AR_TURNOVER,1,1.82737,87,0.94,auto_policy_eligible,run_resolve_pending,official_annual_direct_consistent
688006.SH,杭可科技,2025,Q_G_ASSET_TURNOVER,1,0.289745,88,0.94,auto_policy_eligible,run_resolve_pending,official_annual_direct_consistent
688006.SH,杭可科技,2025,Q_G_CASH_CURRENT_LIABILITY,1,21.872,95,0.94,auto_policy_eligible,run_resolve_pending,official_annual_direct_consistent
688006.SH,杭可科技,2025,Q_G_CASH_REALIZATION,1,154.595,95,0.94,auto_policy_eligible,run_resolve_pending,official_annual_direct_consistent
688006.SH,杭可科技,2025,Q_G_COST_REVENUE_RATE,1,86.6999,91,0.94,auto_policy_eligible,run_resolve_pending,official_annual_direct_consistent
688006.SH,杭可科技,2025,Q_G_CURRENT_ASSET_TURNOVER,1,0.34257,87,0.94,auto_policy_eligible,run_resolve_pending,official_annual_direct_consistent
688006.SH,杭可科技,2025,Q_G_DEBT_ASSET_RATE,1,50.607,88,0.94,auto_policy_eligible,run_resolve_pending,consolidated_statement_year_end_derived
688006.SH,杭可科技,2025,Q_G_EBITDA_INTEREST,1,876.811,92,0.94,auto_policy_eligible,run_resolve_pending,official_annual_direct_consistent
688006.SH,杭可科技,2025,Q_G_OPERATING_MARGIN,1,12.4932,92,0.94,auto_policy_eligible,run_resolve_pending,official_annual_direct_consistent
688006.SH,杭可科技,2025,Q_G_OPERATING_PROFIT_GROWTH,1,11.3396,92,0.94,auto_policy_eligible,run_resolve_pending,official_annual_direct_consistent
688006.SH,杭可科技,2025,Q_G_REVENUE_GROWTH,1,0.524049,7,0.91,auto_policy_eligible,run_resolve_pending,official_annual_direct_consistent
688006.SH,杭可科技,2025,Q_G_ROA,1,3.6267,92,0.94,auto_policy_eligible,run_resolve_pending,official_annual_direct_consistent
688006.SH,杭可科技,2025,Q_G_ROE,1,6.99,7,0.92,auto_policy_eligible,run_resolve_pending,official_annual_direct_consistent
688006.SH,杭可科技,2025,Q_G_TWO_FUNDS_RATE,1,50.1705,87,0.94,auto_policy_eligible,run_resolve_pending,official_annual_direct_consistent
688006.SH,杭可科技,2025,Q_S_DIVIDEND_PER_SHARE,1,0.166,52,0.94,auto_policy_eligible,run_resolve_pending,official_annual_direct_consistent
688006.SH,杭可科技,2025,Q_S_RD_RATE,2,9.06,7|23,0.96,auto_policy_eligible,run_resolve_pending,official_annual_direct_consistent
688032.SH,禾迈股份,2025,Q_G_AR_TURNOVER,1,2.82684,125,0.94,auto_policy_eligible,run_resolve_pending,official_annual_direct_consistent
688032.SH,禾迈股份,2025,Q_G_ASSET_TURNOVER,1,0.43322,126,0.94,auto_policy_eligible,run_resolve_pending,official_annual_direct_consistent
688032.SH,禾迈股份,2025,Q_G_CASH_CURRENT_LIABILITY,1,-13.7168,133,0.94,auto_policy_eligible,run_resolve_pending,official_annual_direct_consistent
688032.SH,禾迈股份,2025,Q_G_CASH_REALIZATION,1,137.983,133,0.94,auto_policy_eligible,run_resolve_pending,official_annual_direct_consistent
688032.SH,禾迈股份,2025,Q_G_COST_REVENUE_RATE,1,112.821,129,0.94,auto_policy_eligible,run_resolve_pending,official_annual_direct_consistent
688032.SH,禾迈股份,2025,Q_G_CURRENT_ASSET_TURNOVER,1,0.319891,125,0.94,auto_policy_eligible,run_resolve_pending,official_annual_direct_consistent
688032.SH,禾迈股份,2025,Q_G_DEBT_ASSET_RATE,1,31.6672,127,0.94,auto_policy_eligible,run_resolve_pending,consolidated_statement_year_end_derived
688032.SH,禾迈股份,2025,Q_G_EBITDA_INTEREST,1,-11.1058,130,0.94,auto_policy_eligible,run_resolve_pending,official_annual_direct_consistent
688032.SH,禾迈股份,2025,Q_G_OPERATING_MARGIN,1,-12.0163,130,0.94,auto_policy_eligible,run_resolve_pending,official_annual_direct_consistent
688032.SH,禾迈股份,2025,Q_G_REVENUE_GROWTH,1,-3.05602,8,0.91,auto_policy_eligible,run_resolve_pending,official_annual_direct_consistent
688032.SH,禾迈股份,2025,Q_G_ROA,1,-4.81093,130,0.94,auto_policy_eligible,run_resolve_pending,official_annual_direct_consistent
688032.SH,禾迈股份,2025,Q_G_ROE,1,2.67,9,0.92,auto_policy_eligible,run_resolve_pending,official_annual_direct_consistent
688032.SH,禾迈股份,2025,Q_G_TWO_FUNDS_RATE,1,29.7797,125,0.94,auto_policy_eligible,run_resolve_pending,official_annual_direct_consistent
688032.SH,禾迈股份,2025,Q_S_RD_RATE,2,18.06,9|31,0.96,auto_policy_eligible,run_resolve_pending,official_annual_direct_consistent
688063.SH,派能科技,2025,Q_G_AR_TURNOVER,1,0.00031399,151,0.94,auto_policy_eligible,run_resolve_pending,official_annual_direct_consistent
688063.SH,派能科技,2025,Q_G_ASSET_TURNOVER,1,4.718e-05,152,0.94,auto_policy_eligible,run_resolve_pending,official_annual_direct_consistent
688063.SH,派能科技,2025,Q_G_CASH_REALIZATION,1,1.00062e+06,160,0.94,auto_policy_eligible,run_resolve_pending,official_annual_direct_consistent
688063.SH,派能科技,2025,Q_G_COST_REVENUE_RATE,1,1.00429e+06,156,0.94,auto_policy_eligible,run_resolve_pending,official_annual_direct_consistent
688063.SH,派能科技,2025,Q_G_CURRENT_ASSET_TURNOVER,1,3.489e-05,151,0.94,auto_policy_eligible,run_resolve_pending,official_annual_direct_consistent
688063.SH,派能科技,2025,Q_G_EBITDA_INTEREST,1,1.60847,157,0.94,auto_policy_eligible,run_resolve_pending,official_annual_direct_consistent
688063.SH,派能科技,2025,Q_G_OPERATING_MARGIN,1,5539.31,157,0.94,auto_policy_eligible,run_resolve_pending,official_annual_direct_consistent
688063.SH,派能科技,2025,Q_G_ROA,1,0.659931,157,0.94,auto_policy_eligible,run_resolve_pending,official_annual_direct_consistent
688063.SH,派能科技,2025,Q_G_ROE,1,0.92,9,0.92,auto_policy_eligible,run_resolve_pending,official_annual_direct_consistent
688063.SH,派能科技,2025,Q_G_TWO_FUNDS_RATE,1,27.1039,151,0.94,auto_policy_eligible,run_resolve_pending,official_annual_direct_consistent
688063.SH,派能科技,2025,Q_S_DIVIDEND_PER_SHARE,1,0.124,81,0.94,auto_policy_eligible,run_resolve_pending,official_annual_direct_consistent
688063.SH,派能科技,2025,Q_S_RD_RATE,1,10.11,9,0.96,auto_policy_eligible,run_resolve_pending,official_annual_direct_consistent
688116.SH,天奈科技,2025,Q_G_AR_TURNOVER,1,2.58538,138,0.94,auto_policy_eligible,run_resolve_pending,official_annual_direct_consistent
688116.SH,天奈科技,2025,Q_G_ASSET_TURNOVER,1,0.238752,139,0.94,auto_policy_eligible,run_resolve_pending,official_annual_direct_consistent
688116.SH,天奈科技,2025,Q_G_CASH_CURRENT_LIABILITY,1,35.0516,147,0.94,auto_policy_eligible,run_resolve_pending,official_annual_direct_consistent
688116.SH,天奈科技,2025,Q_G_CASH_REALIZATION,1,92.7784,146,0.94,auto_policy_eligible,run_resolve_pending,official_annual_direct_consistent
688116.SH,天奈科技,2025,Q_G_COST_REVENUE_RATE,1,82.7975,142,0.94,auto_policy_eligible,run_resolve_pending,official_annual_direct_consistent
688116.SH,天奈科技,2025,Q_G_CURRENT_ASSET_TURNOVER,1,0.487634,138,0.94,auto_policy_eligible,run_resolve_pending,official_annual_direct_consistent
688116.SH,天奈科技,2025,Q_G_EBITDA_INTEREST,1,7.07591,143,0.94,auto_policy_eligible,run_resolve_pending,official_annual_direct_consistent
688116.SH,天奈科技,2025,Q_G_OPERATING_MARGIN,1,20.4479,143,0.94,auto_policy_eligible,run_resolve_pending,official_annual_direct_consistent
688116.SH,天奈科技,2025,Q_G_OPERATING_PROFIT_GROWTH,1,-7.26438,143,0.94,auto_policy_eligible,run_resolve_pending,official_annual_direct_consistent
688116.SH,天奈科技,2025,Q_G_REVENUE_GROWTH,1,-10.4118,7,0.91,auto_policy_eligible,run_resolve_pending,official_annual_direct_consistent
688116.SH,天奈科技,2025,Q_G_ROA,1,5.67437,143,0.94,auto_policy_eligible,run_resolve_pending,official_annual_direct_consistent
688116.SH,天奈科技,2025,Q_G_ROE,1,6.54,8,0.92,auto_policy_eligible,run_resolve_pending,official_annual_direct_consistent
688116.SH,天奈科技,2025,Q_G_TWO_FUNDS_RATE,1,23.3784,138,0.94,auto_policy_eligible,run_resolve_pending,official_annual_direct_consistent
688116.SH,天奈科技,2025,Q_S_DIVIDEND_PER_SHARE,1,0.083,71,0.94,auto_policy_eligible,run_resolve_pending,official_annual_direct_consistent
688116.SH,天奈科技,2025,Q_S_RD_RATE,1,8.37,8,0.96,auto_policy_eligible,run_resolve_pending,official_annual_direct_consistent
688147.SH,微导纳米,2025,Q_G_DEBT_ASSET_RATE,1,69.35,103,0.9,auto_policy_eligible,run_resolve_pending,official_annual_direct_consistent
688147.SH,微导纳米,2025,Q_G_REVENUE_GROWTH,1,-2.46665,8,0.91,auto_policy_eligible,run_resolve_pending,official_annual_direct_consistent
688147.SH,微导纳米,2025,Q_G_ROE,1,7.92,9,0.92,auto_policy_eligible,run_resolve_pending,official_annual_direct_consistent
688147.SH,微导纳米,2025,Q_S_DIVIDEND_PER_SHARE,1,0.144,57,0.94,auto_policy_eligible,run_resolve_pending,official_annual_direct_consistent
688147.SH,微导纳米,2025,Q_S_RD_RATE,2,14.26,9|28,0.96,auto_policy_eligible,run_resolve_pending,official_annual_direct_consistent
688148.SH,芳源股份,2025,Q_G_AR_TURNOVER,1,9.532,104,0.94,auto_policy_eligible,run_resolve_pending,official_annual_direct_consistent
688148.SH,芳源股份,2025,Q_G_ASSET_TURNOVER,1,0.74293,105,0.94,auto_policy_eligible,run_resolve_pending,official_annual_direct_consistent
688148.SH,芳源股份,2025,Q_G_CASH_CURRENT_LIABILITY,1,-4.11847,112,0.94,auto_policy_eligible,run_resolve_pending,official_annual_direct_consistent
688148.SH,芳源股份,2025,Q_G_CASH_REALIZATION,1,87.3874,112,0.94,auto_policy_eligible,run_resolve_pending,official_annual_direct_consistent
688148.SH,芳源股份,2025,Q_G_COST_REVENUE_RATE,1,104.088,108,0.94,auto_policy_eligible,run_resolve_pending,official_annual_direct_consistent
688148.SH,芳源股份,2025,Q_G_CURRENT_ASSET_TURNOVER,1,1.49673,104,0.94,auto_policy_eligible,run_resolve_pending,official_annual_direct_consistent
688148.SH,芳源股份,2025,Q_G_EBITDA_INTEREST,1,-0.0498625,109,0.94,auto_policy_eligible,run_resolve_pending,official_annual_direct_consistent
688148.SH,芳源股份,2025,Q_G_OPERATING_MARGIN,1,-4.39577,109,0.94,auto_policy_eligible,run_resolve_pending,official_annual_direct_consistent
688148.SH,芳源股份,2025,Q_G_OPERATING_PROFIT_GROWTH,1,-75.2313,109,0.94,auto_policy_eligible,run_resolve_pending,official_annual_direct_consistent
688148.SH,芳源股份,2025,Q_G_REVENUE_GROWTH,1,5.38809,7,0.91,auto_policy_eligible,run_resolve_pending,official_annual_direct_consistent
688148.SH,芳源股份,2025,Q_G_ROA,1,-0.153134,109,0.94,auto_policy_eligible,run_resolve_pending,official_annual_direct_consistent
688148.SH,芳源股份,2025,Q_G_ROE,1,20.18,7,0.92,auto_policy_eligible,run_resolve_pending,official_annual_direct_consistent
688148.SH,芳源股份,2025,Q_G_TWO_FUNDS_RATE,1,53.2177,104,0.94,auto_policy_eligible,run_resolve_pending,official_annual_direct_consistent
688148.SH,芳源股份,2025,Q_S_DIVIDEND_PER_SHARE,1,0,61,0.94,auto_policy_eligible,run_resolve_pending,official_annual_direct_consistent
688148.SH,芳源股份,2025,Q_S_RD_RATE,2,2.64,7|25,0.96,auto_policy_eligible,run_resolve_pending,official_annual_direct_consistent
688155.SH,先惠技术,2025,Q_G_AR_TURNOVER,1,3.38004,143,0.94,auto_policy_eligible,run_resolve_pending,official_annual_direct_consistent
688155.SH,先惠技术,2025,Q_G_ASSET_TURNOVER,1,0.538451,144,0.94,auto_policy_eligible,run_resolve_pending,official_annual_direct_consistent
688155.SH,先惠技术,2025,Q_G_CASH_CURRENT_LIABILITY,1,16.1278,151,0.94,auto_policy_eligible,run_resolve_pending,official_annual_direct_consistent
688155.SH,先惠技术,2025,Q_G_CASH_REALIZATION,1,95.334,151,0.94,auto_policy_eligible,run_resolve_pending,official_annual_direct_consistent
688155.SH,先惠技术,2025,Q_G_COST_REVENUE_RATE,1,82.2212,147,0.94,auto_policy_eligible,run_resolve_pending,official_annual_direct_consistent
688155.SH,先惠技术,2025,Q_G_CURRENT_ASSET_TURNOVER,1,0.78519,143,0.94,auto_policy_eligible,run_resolve_pending,official_annual_direct_consistent
688155.SH,先惠技术,2025,Q_G_DEBT_ASSET_RATE,1,57.6691,144,0.94,auto_policy_eligible,run_resolve_pending,consolidated_statement_year_end_derived
688155.SH,先惠技术,2025,Q_G_EBITDA_INTEREST,1,27.6099,148,0.94,auto_policy_eligible,run_resolve_pending,official_annual_direct_consistent
688155.SH,先惠技术,2025,Q_G_OPERATING_MARGIN,1,17.8033,148,0.94,auto_policy_eligible,run_resolve_pending,official_annual_direct_consistent
688155.SH,先惠技术,2025,Q_G_REVENUE_GROWTH,1,23.3903,8,0.91,auto_policy_eligible,run_resolve_pending,official_annual_direct_consistent
688155.SH,先惠技术,2025,Q_G_ROA,1,9.95068,148,0.94,auto_policy_eligible,run_resolve_pending,official_annual_direct_consistent
688155.SH,先惠技术,2025,Q_G_ROE,1,16.53,8,0.92,auto_policy_eligible,run_resolve_pending,official_annual_direct_consistent
688155.SH,先惠技术,2025,Q_G_TWO_FUNDS_RATE,1,65.3949,143,0.94,auto_policy_eligible,run_resolve_pending,official_annual_direct_consistent
688155.SH,先惠技术,2025,Q_S_DIVIDEND_PER_SHARE,1,0.7,99,0.94,auto_policy_eligible,run_resolve_pending,official_annual_direct_consistent
688155.SH,先惠技术,2025,Q_S_RD_RATE,2,4.41,8|33,0.96,auto_policy_eligible,run_resolve_pending,official_annual_direct_consistent
688191.SH,智洋创新,2025,Q_G_AR_TURNOVER,1,1.87413,142,0.94,auto_policy_eligible,run_resolve_pending,official_annual_direct_consistent
688191.SH,智洋创新,2025,Q_G_ASSET_TURNOVER,1,0.712858,143,0.94,auto_policy_eligible,run_resolve_pending,official_annual_direct_consistent
688191.SH,智洋创新,2025,Q_G_CASH_CURRENT_LIABILITY,1,2.10198,151,0.94,auto_policy_eligible,run_resolve_pending,official_annual_direct_consistent
688191.SH,智洋创新,2025,Q_G_CASH_REALIZATION,1,92.7766,150,0.94,auto_policy_eligible,run_resolve_pending,official_annual_direct_consistent
688191.SH,智洋创新,2025,Q_G_COST_REVENUE_RATE,1,94.9134,146,0.94,auto_policy_eligible,run_resolve_pending,official_annual_direct_consistent
688191.SH,智洋创新,2025,Q_G_CURRENT_ASSET_TURNOVER,1,0.910291,142,0.94,auto_policy_eligible,run_resolve_pending,official_annual_direct_consistent
688191.SH,智洋创新,2025,Q_G_DEBT_ASSET_RATE,1,51.3418,144,0.94,auto_policy_eligible,run_resolve_pending,consolidated_statement_year_end_derived
688191.SH,智洋创新,2025,Q_G_EBITDA_INTEREST,1,40.0012,147,0.94,auto_policy_eligible,run_resolve_pending,official_annual_direct_consistent
688191.SH,智洋创新,2025,Q_G_OPERATING_MARGIN,1,5.1563,147,0.94,auto_policy_eligible,run_resolve_pending,official_annual_direct_consistent
688191.SH,智洋创新,2025,Q_G_REVENUE_GROWTH,1,21.692,8,0.91,auto_policy_eligible,run_resolve_pending,official_annual_direct_consistent
688191.SH,智洋创新,2025,Q_G_ROA,1,3.77207,147,0.94,auto_policy_eligible,run_resolve_pending,official_annual_direct_consistent
688191.SH,智洋创新,2025,Q_G_ROE,1,7.16,9,0.92,auto_policy_eligible,run_resolve_pending,official_annual_direct_consistent
688191.SH,智洋创新,2025,Q_G_TWO_FUNDS_RATE,1,68.8849,142,0.94,auto_policy_eligible,run_resolve_pending,official_annual_direct_consistent
688191.SH,智洋创新,2025,Q_S_DIVIDEND_PER_SHARE,1,0,78,0.94,auto_policy_eligible,run_resolve_pending,official_annual_direct_consistent
688191.SH,智洋创新,2025,Q_S_RD_RATE,1,9.86,9,0.96,auto_policy_eligible,run_resolve_pending,official_annual_direct_consistent
688223.SH,晶科能源,2025,Q_G_ROE,1,23.86,8,0.92,auto_policy_eligible,run_resolve_pending,official_annual_direct_consistent
688223.SH,晶科能源,2025,Q_G_TWO_FUNDS_RATE,1,40.7812,135,0.94,auto_policy_eligible,run_resolve_pending,official_annual_direct_consistent
688223.SH,晶科能源,2025,Q_S_RD_RATE,1,3.87,8,0.96,auto_policy_eligible,run_resolve_pending,official_annual_direct_consistent
688226.SH,威腾电气,2025,Q_G_AR_TURNOVER,1,2.63118,199,0.94,auto_policy_eligible,run_resolve_pending,official_annual_direct_consistent
688226.SH,威腾电气,2025,Q_G_ASSET_TURNOVER,1,0.751135,199,0.94,auto_policy_eligible,run_resolve_pending,official_annual_direct_consistent
688226.SH,威腾电气,2025,Q_G_CASH_CURRENT_LIABILITY,1,8.64075,207,0.94,auto_policy_eligible,run_resolve_pending,official_annual_direct_consistent
688226.SH,威腾电气,2025,Q_G_CASH_REALIZATION,1,105.807,207,0.94,auto_policy_eligible,run_resolve_pending,official_annual_direct_consistent
688226.SH,威腾电气,2025,Q_G_COST_REVENUE_RATE,1,99.3279,203,0.94,auto_policy_eligible,run_resolve_pending,official_annual_direct_consistent
688226.SH,威腾电气,2025,Q_G_CURRENT_ASSET_TURNOVER,1,1.10524,199,0.94,auto_policy_eligible,run_resolve_pending,official_annual_direct_consistent
688226.SH,威腾电气,2025,Q_G_EBITDA_INTEREST,1,1.72608,204,0.94,auto_policy_eligible,run_resolve_pending,official_annual_direct_consistent
688226.SH,威腾电气,2025,Q_G_OPERATING_MARGIN,1,0.941781,204,0.94,auto_policy_eligible,run_resolve_pending,official_annual_direct_consistent
688226.SH,威腾电气,2025,Q_G_REVENUE_GROWTH,1,10.6502,8,0.91,auto_policy_eligible,run_resolve_pending,official_annual_direct_consistent
688226.SH,威腾电气,2025,Q_G_ROA,1,1.50975,204,0.94,auto_policy_eligible,run_resolve_pending,official_annual_direct_consistent
688226.SH,威腾电气,2025,Q_G_ROE,1,1.79,9,0.92,auto_policy_eligible,run_resolve_pending,official_annual_direct_consistent
688226.SH,威腾电气,2025,Q_G_TWO_FUNDS_RATE,1,52.9516,199,0.94,auto_policy_eligible,run_resolve_pending,official_annual_direct_consistent
688226.SH,威腾电气,2025,Q_S_RD_RATE,1,2.54,9,0.96,auto_policy_eligible,run_resolve_pending,official_annual_direct_consistent
688248.SH,南网科技,2025,Q_G_AR_TURNOVER,1,6.31671,130,0.94,auto_policy_eligible,run_resolve_pending,official_annual_direct_consistent
688248.SH,南网科技,2025,Q_G_ASSET_TURNOVER,1,0.74923,131,0.94,auto_policy_eligible,run_resolve_pending,official_annual_direct_consistent
688248.SH,南网科技,2025,Q_G_CASH_CURRENT_LIABILITY,1,28.95,139,0.94,auto_policy_eligible,run_resolve_pending,official_annual_direct_consistent
688248.SH,南网科技,2025,Q_G_CASH_REALIZATION,1,112.414,139,0.94,auto_policy_eligible,run_resolve_pending,official_annual_direct_consistent
688248.SH,南网科技,2025,Q_G_COST_REVENUE_RATE,1,87.8319,135,0.94,auto_policy_eligible,run_resolve_pending,official_annual_direct_consistent
688248.SH,南网科技,2025,Q_G_CURRENT_ASSET_TURNOVER,1,0.908002,131,0.94,auto_policy_eligible,run_resolve_pending,official_annual_direct_consistent
688248.SH,南网科技,2025,Q_G_DEBT_ASSET_RATE,1,35.5291,132,0.94,auto_policy_eligible,run_resolve_pending,consolidated_statement_year_end_derived
688248.SH,南网科技,2025,Q_G_EBITDA_INTEREST,1,149.893,136,0.94,auto_policy_eligible,run_resolve_pending,official_annual_direct_consistent
688248.SH,南网科技,2025,Q_G_OPERATING_MARGIN,1,12.7585,135,0.94,auto_policy_eligible,run_resolve_pending,official_annual_direct_consistent
688248.SH,南网科技,2025,Q_G_OPERATING_PROFIT_GROWTH,1,14.4193,135,0.94,auto_policy_eligible,run_resolve_pending,official_annual_direct_consistent
688248.SH,南网科技,2025,Q_G_REVENUE_GROWTH,1,22.2729,9,0.91,auto_policy_eligible,run_resolve_pending,official_annual_direct_consistent
688248.SH,南网科技,2025,Q_G_ROA,1,9.59972,136,0.94,auto_policy_eligible,run_resolve_pending,official_annual_direct_consistent
688248.SH,南网科技,2025,Q_G_ROE,1,13.31,9,0.92,auto_policy_eligible,run_resolve_pending,official_annual_direct_consistent
688248.SH,南网科技,2025,Q_G_TWO_FUNDS_RATE,1,34.3771,131,0.94,auto_policy_eligible,run_resolve_pending,official_annual_direct_consistent
688248.SH,南网科技,2025,Q_S_DIVIDEND_PER_SHARE,1,0.182,86,0.94,auto_policy_eligible,run_resolve_pending,official_annual_direct_consistent
688248.SH,南网科技,2025,Q_S_RD_RATE,2,7.57,9|43,0.96,auto_policy_eligible,run_resolve_pending,official_annual_direct_consistent
688275.SH,万润新能,2025,Q_G_AR_TURNOVER,1,5.02137,143,0.94,auto_policy_eligible,run_resolve_pending,official_annual_direct_consistent
688275.SH,万润新能,2025,Q_G_ASSET_TURNOVER,1,0.623708,143,0.94,auto_policy_eligible,run_resolve_pending,official_annual_direct_consistent
688275.SH,万润新能,2025,Q_G_CAPITAL_ACCUMULATION,1,-9.27874,145,0.94,auto_policy_eligible,run_resolve_pending,official_annual_direct_consistent
688275.SH,万润新能,2025,Q_G_CASH_CURRENT_LIABILITY,1,4.75053,150,0.94,auto_policy_eligible,run_resolve_pending,official_annual_direct_consistent
688275.SH,万润新能,2025,Q_G_CASH_REALIZATION,1,80.5982,150,0.94,auto_policy_eligible,run_resolve_pending,official_annual_direct_consistent
688275.SH,万润新能,2025,Q_G_COST_REVENUE_RATE,1,102.779,147,0.94,auto_policy_eligible,run_resolve_pending,official_annual_direct_consistent
688275.SH,万润新能,2025,Q_G_CURRENT_ASSET_TURNOVER,1,1.36151,143,0.94,auto_policy_eligible,run_resolve_pending,official_annual_direct_consistent
688275.SH,万润新能,2025,Q_G_OPERATING_MARGIN,1,-4.86975,147,0.94,auto_policy_eligible,run_resolve_pending,official_annual_direct_consistent
688275.SH,万润新能,2025,Q_G_OPERATING_PROFIT_GROWTH,1,-43.6158,147,0.94,auto_policy_eligible,run_resolve_pending,official_annual_direct_consistent
688275.SH,万润新能,2025,Q_G_REVENUE_GROWTH,1,52.7636,10,0.91,auto_policy_eligible,run_resolve_pending,official_annual_direct_consistent
688275.SH,万润新能,2025,Q_G_ROE,1,8.54,11,0.92,auto_policy_eligible,run_resolve_pending,official_annual_direct_consistent
688275.SH,万润新能,2025,Q_G_TWO_FUNDS_RATE,1,38.8821,143,0.94,auto_policy_eligible,run_resolve_pending,official_annual_direct_consistent
688275.SH,万润新能,2025,Q_S_RD_RATE,2,2.19,11|38,0.96,auto_policy_eligible,run_resolve_pending,official_annual_direct_consistent
688303.SH,大全能源,2025,Q_G_AR_TURNOVER,1,41421.3,117,0.94,auto_policy_eligible,run_resolve_pending,official_annual_direct_consistent
688303.SH,大全能源,2025,Q_G_ASSET_TURNOVER,1,0.111353,118,0.94,auto_policy_eligible,run_resolve_pending,official_annual_direct_consistent
688303.SH,大全能源,2025,Q_G_CASH_CURRENT_LIABILITY,1,-45.5248,126,0.94,auto_policy_eligible,run_resolve_pending,official_annual_direct_consistent
688303.SH,大全能源,2025,Q_G_CASH_REALIZATION,1,75.7724,126,0.94,auto_policy_eligible,run_resolve_pending,official_annual_direct_consistent
688303.SH,大全能源,2025,Q_G_COST_REVENUE_RATE,1,110.244,122,0.94,auto_policy_eligible,run_resolve_pending,official_annual_direct_consistent
688303.SH,大全能源,2025,Q_G_CURRENT_ASSET_TURNOVER,1,0.293781,117,0.94,auto_policy_eligible,run_resolve_pending,official_annual_direct_consistent
688303.SH,大全能源,2025,Q_G_EBITDA_INTEREST,1,-36.8456,122,0.94,auto_policy_eligible,run_resolve_pending,official_annual_direct_consistent
688303.SH,大全能源,2025,Q_G_OPERATING_MARGIN,1,-25.7623,122,0.94,auto_policy_eligible,run_resolve_pending,official_annual_direct_consistent
688303.SH,大全能源,2025,Q_G_OPERATING_PROFIT_GROWTH,1,-59.5915,122,0.94,auto_policy_eligible,run_resolve_pending,official_annual_direct_consistent
688303.SH,大全能源,2025,Q_G_REVENUE_GROWTH,1,-34.7073,8,0.91,auto_policy_eligible,run_resolve_pending,official_annual_direct_consistent
688303.SH,大全能源,2025,Q_G_ROA,1,-2.86831,122,0.94,auto_policy_eligible,run_resolve_pending,official_annual_direct_consistent
688303.SH,大全能源,2025,Q_G_ROE,1,2.85,8,0.92,auto_policy_eligible,run_resolve_pending,official_annual_direct_consistent
688303.SH,大全能源,2025,Q_G_TWO_FUNDS_RATE,1,8.25337,117,0.94,auto_policy_eligible,run_resolve_pending,official_annual_direct_consistent
688303.SH,大全能源,2025,Q_S_DIVIDEND_PER_SHARE,1,1,60,0.94,auto_policy_eligible,run_resolve_pending,official_annual_direct_consistent
688303.SH,大全能源,2025,Q_S_RD_RATE,1,4.52,8,0.96,auto_policy_eligible,run_resolve_pending,official_annual_direct_consistent
688330.SH,宏力达,2025,Q_G_AR_TURNOVER,1,1.00189,114,0.94,auto_policy_eligible,run_resolve_pending,official_annual_direct_consistent
688330.SH,宏力达,2025,Q_G_ASSET_TURNOVER,1,0.145978,115,0.94,auto_policy_eligible,run_resolve_pending,official_annual_direct_consistent
688330.SH,宏力达,2025,Q_G_CAPITAL_ACCUMULATION,1,16.02,116,0.94,auto_policy_eligible,run_resolve_pending,official_annual_direct_consistent
688330.SH,宏力达,2025,Q_G_CASH_REALIZATION,1,171.372,121,0.94,auto_policy_eligible,run_resolve_pending,official_annual_direct_consistent
688330.SH,宏力达,2025,Q_G_COST_REVENUE_RATE,1,76.1665,118,0.94,auto_policy_eligible,run_resolve_pending,official_annual_direct_consistent
688330.SH,宏力达,2025,Q_G_CURRENT_ASSET_TURNOVER,1,0.210608,114,0.94,auto_policy_eligible,run_resolve_pending,official_annual_direct_consistent
688330.SH,宏力达,2025,Q_G_DEBT_ASSET_RATE,1,6.9506,115,0.94,auto_policy_eligible,run_resolve_pending,consolidated_statement_year_end_derived
688330.SH,宏力达,2025,Q_G_EBITDA_INTEREST,1,1930.91,119,0.94,auto_policy_eligible,run_resolve_pending,official_annual_direct_consistent
688330.SH,宏力达,2025,Q_G_OPERATING_MARGIN,1,114.233,119,0.94,auto_policy_eligible,run_resolve_pending,official_annual_direct_consistent
688330.SH,宏力达,2025,Q_G_OPERATING_PROFIT_GROWTH,1,186.872,119,0.94,auto_policy_eligible,run_resolve_pending,official_annual_direct_consistent
688330.SH,宏力达,2025,Q_G_REVENUE_GROWTH,1,-33.5479,9,0.91,auto_policy_eligible,run_resolve_pending,official_annual_direct_consistent
688330.SH,宏力达,2025,Q_G_ROA,1,16.6823,119,0.94,auto_policy_eligible,run_resolve_pending,official_annual_direct_consistent
688330.SH,宏力达,2025,Q_G_ROE,1,15.62,9,0.92,auto_policy_eligible,run_resolve_pending,official_annual_direct_consistent
688330.SH,宏力达,2025,Q_G_TWO_FUNDS_RATE,1,15.2777,114,0.94,auto_policy_eligible,run_resolve_pending,official_annual_direct_consistent
688330.SH,宏力达,2025,Q_S_DIVIDEND_PER_SHARE,1,0.46,68,0.94,auto_policy_eligible,run_resolve_pending,official_annual_direct_consistent
688330.SH,宏力达,2025,Q_S_RD_RATE,1,7.13,9,0.96,auto_policy_eligible,run_resolve_pending,official_annual_direct_consistent
688339.SH,亿华通,2025,Q_E_GHG_REDUCTION_RATE,1,43.3764,52,0.93,auto_policy_eligible,run_resolve_pending,strict_extraction_evidence_consistent
688339.SH,亿华通,2025,Q_G_AR_TURNOVER,1,0.196434,98,0.94,auto_policy_eligible,run_resolve_pending,official_annual_direct_consistent
688339.SH,亿华通,2025,Q_G_ASSET_TURNOVER,1,0.0611438,99,0.94,auto_policy_eligible,run_resolve_pending,official_annual_direct_consistent
688339.SH,亿华通,2025,Q_G_CASH_CURRENT_LIABILITY,1,-0.318786,106,0.94,auto_policy_eligible,run_resolve_pending,official_annual_direct_consistent
688339.SH,亿华通,2025,Q_G_CASH_REALIZATION,1,204.453,106,0.94,auto_policy_eligible,run_resolve_pending,official_annual_direct_consistent
688339.SH,亿华通,2025,Q_G_COST_REVENUE_RATE,1,202.989,102,0.94,auto_policy_eligible,run_resolve_pending,official_annual_direct_consistent
688339.SH,亿华通,2025,Q_G_CURRENT_ASSET_TURNOVER,1,0.0876198,98,0.94,auto_policy_eligible,run_resolve_pending,official_annual_direct_consistent
688339.SH,亿华通,2025,Q_G_DEBT_ASSET_RATE,1,41.0075,99,0.94,auto_policy_eligible,run_resolve_pending,consolidated_statement_year_end_derived
688339.SH,亿华通,2025,Q_G_EBITDA_INTEREST,1,-47.5961,103,0.94,auto_policy_eligible,run_resolve_pending,official_annual_direct_consistent
688339.SH,亿华通,2025,Q_G_OPERATING_MARGIN,1,-265.876,103,0.94,auto_policy_eligible,run_resolve_pending,official_annual_direct_consistent
688339.SH,亿华通,2025,Q_G_REVENUE_GROWTH,1,-29.4907,8,0.91,auto_policy_eligible,run_resolve_pending,official_annual_direct_consistent
688339.SH,亿华通,2025,Q_G_ROA,1,-15.9699,103,0.94,auto_policy_eligible,run_resolve_pending,official_annual_direct_consistent
688339.SH,亿华通,2025,Q_G_ROE,1,29.89,9,0.92,auto_policy_eligible,run_resolve_pending,official_annual_direct_consistent
688339.SH,亿华通,2025,Q_G_TWO_FUNDS_RATE,1,44.9821,98,0.94,auto_policy_eligible,run_resolve_pending,official_annual_direct_consistent
688339.SH,亿华通,2025,Q_S_RD_RATE,1,23.91,9,0.96,auto_policy_eligible,run_resolve_pending,official_annual_direct_consistent
688345.SH,博力威,2025,Q_G_AR_TURNOVER,1,4.80721,108,0.94,auto_policy_eligible,run_resolve_pending,official_annual_direct_consistent
688345.SH,博力威,2025,Q_G_ASSET_TURNOVER,1,0.977795,108,0.94,auto_policy_eligible,run_resolve_pending,official_annual_direct_consistent
688345.SH,博力威,2025,Q_G_CASH_CURRENT_LIABILITY,1,22.1309,116,0.94,auto_policy_eligible,run_resolve_pending,official_annual_direct_consistent
688345.SH,博力威,2025,Q_G_CASH_REALIZATION,1,111.008,116,0.94,auto_policy_eligible,run_resolve_pending,official_annual_direct_consistent
688345.SH,博力威,2025,Q_G_COST_REVENUE_RATE,1,81.9175,112,0.94,auto_policy_eligible,run_resolve_pending,official_annual_direct_consistent
688345.SH,博力威,2025,Q_G_CURRENT_ASSET_TURNOVER,1,1.71741,108,0.94,auto_policy_eligible,run_resolve_pending,official_annual_direct_consistent
688345.SH,博力威,2025,Q_G_EBITDA_INTEREST,1,3.75414,113,0.94,auto_policy_eligible,run_resolve_pending,official_annual_direct_consistent
688345.SH,博力威,2025,Q_G_OPERATING_MARGIN,1,1.84035,113,0.94,auto_policy_eligible,run_resolve_pending,official_annual_direct_consistent
688345.SH,博力威,2025,Q_G_OPERATING_PROFIT_GROWTH,1,-144.184,113,0.94,auto_policy_eligible,run_resolve_pending,official_annual_direct_consistent
688345.SH,博力威,2025,Q_G_REVENUE_GROWTH,1,48.3321,7,0.91,auto_policy_eligible,run_resolve_pending,official_annual_direct_consistent
688345.SH,博力威,2025,Q_G_ROA,1,2.34557,113,0.94,auto_policy_eligible,run_resolve_pending,official_annual_direct_consistent
688345.SH,博力威,2025,Q_G_ROE,1,5.17,8,0.92,auto_policy_eligible,run_resolve_pending,official_annual_direct_consistent
688345.SH,博力威,2025,Q_G_TWO_FUNDS_RATE,1,60.2116,108,0.94,auto_policy_eligible,run_resolve_pending,official_annual_direct_consistent
688345.SH,博力威,2025,Q_S_DIVIDEND_PER_SHARE,1,0.2,62,0.94,auto_policy_eligible,run_resolve_pending,official_annual_direct_consistent
688345.SH,博力威,2025,Q_S_RD_RATE,1,5.34,8,0.96,auto_policy_eligible,run_resolve_pending,official_annual_direct_consistent
688348.SH,昱能科技,2025,Q_G_AR_TURNOVER,1,3e-08,119,0.94,auto_policy_eligible,run_resolve_pending,official_annual_direct_consistent
688348.SH,昱能科技,2025,Q_G_ASSET_TURNOVER,1,0,120,0.94,auto_policy_eligible,run_resolve_pending,official_annual_direct_consistent
688348.SH,昱能科技,2025,Q_G_CASH_CURRENT_LIABILITY,1,22.0446,128,0.94,auto_policy_eligible,run_resolve_pending,official_annual_direct_consistent
688348.SH,昱能科技,2025,Q_G_CASH_REALIZATION,1,1.65455e+10,128,0.94,auto_policy_eligible,run_resolve_pending,official_annual_direct_consistent
688348.SH,昱能科技,2025,Q_G_COST_REVENUE_RATE,1,1.18935e+10,124,0.94,auto_policy_eligible,run_resolve_pending,official_annual_direct_consistent
688348.SH,昱能科技,2025,Q_G_CURRENT_ASSET_TURNOVER,1,0,119,0.94,auto_policy_eligible,run_resolve_pending,official_annual_direct_consistent
688348.SH,昱能科技,2025,Q_G_DEBT_ASSET_RATE,1,21.1297,120,0.94,auto_policy_eligible,run_resolve_pending,consolidated_statement_year_end_derived
688348.SH,昱能科技,2025,Q_G_EBITDA_INTEREST,1,-15.8147,125,0.94,auto_policy_eligible,run_resolve_pending,official_annual_direct_consistent
688348.SH,昱能科技,2025,Q_G_OPERATING_MARGIN,1,-1.49538e+09,124,0.94,auto_policy_eligible,run_resolve_pending,official_annual_direct_consistent
688348.SH,昱能科技,2025,Q_G_OPERATING_PROFIT_GROWTH,1,-181.763,124,0.94,auto_policy_eligible,run_resolve_pending,official_annual_direct_consistent
688348.SH,昱能科技,2025,Q_G_REVENUE_GROWTH,1,88.3239,8,0.91,auto_policy_eligible,run_resolve_pending,official_annual_direct_consistent
688348.SH,昱能科技,2025,Q_G_ROA,1,-3.37694,125,0.94,auto_policy_eligible,run_resolve_pending,official_annual_direct_consistent
688348.SH,昱能科技,2025,Q_G_ROE,1,3.82,8,0.92,auto_policy_eligible,run_resolve_pending,official_annual_direct_consistent
688348.SH,昱能科技,2025,Q_G_TWO_FUNDS_RATE,1,38.8301,119,0.94,auto_policy_eligible,run_resolve_pending,official_annual_direct_consistent
688348.SH,昱能科技,2025,Q_S_RD_RATE,1,10,8,0.96,auto_policy_eligible,run_resolve_pending,official_annual_direct_consistent
688349.SH,三一重能,2025,Q_G_DEBT_ASSET_RATE,1,68.84,16,0.9,auto_policy_eligible,run_resolve_pending,official_annual_direct_consistent
688349.SH,三一重能,2025,Q_G_REVENUE_GROWTH,1,53.8943,7,0.91,auto_policy_eligible,run_resolve_pending,official_annual_direct_consistent
688349.SH,三一重能,2025,Q_G_ROE,1,5.16,7,0.92,auto_policy_eligible,run_resolve_pending,official_annual_direct_consistent
688349.SH,三一重能,2025,Q_S_DIVIDEND_PER_SHARE,1,0.37,70,0.94,auto_policy_eligible,run_resolve_pending,official_annual_direct_consistent
688349.SH,三一重能,2025,Q_S_RD_RATE,1,2.95,7,0.96,auto_policy_eligible,run_resolve_pending,official_annual_direct_consistent
688353.SH,华盛锂电,2025,Q_G_AR_TURNOVER,1,2.05446,149,0.94,auto_policy_eligible,run_resolve_pending,official_annual_direct_consistent
688353.SH,华盛锂电,2025,Q_G_ASSET_TURNOVER,1,0.389222,150,0.94,auto_policy_eligible,run_resolve_pending,official_annual_direct_consistent
688353.SH,华盛锂电,2025,Q_G_CASH_CURRENT_LIABILITY,1,-52.2345,159,0.94,auto_policy_eligible,run_resolve_pending,official_annual_direct_consistent
688353.SH,华盛锂电,2025,Q_G_CASH_REALIZATION,1,49.6123,158,0.94,auto_policy_eligible,run_resolve_pending,official_annual_direct_consistent
688353.SH,华盛锂电,2025,Q_G_COST_REVENUE_RATE,1,109.338,155,0.94,auto_policy_eligible,run_resolve_pending,official_annual_direct_consistent
688353.SH,华盛锂电,2025,Q_G_CURRENT_ASSET_TURNOVER,1,0.825153,150,0.94,auto_policy_eligible,run_resolve_pending,official_annual_direct_consistent
688353.SH,华盛锂电,2025,Q_G_EBITDA_INTEREST,1,-1.29625,155,0.94,auto_policy_eligible,run_resolve_pending,official_annual_direct_consistent
688353.SH,华盛锂电,2025,Q_G_OPERATING_MARGIN,1,0.0313989,155,0.94,auto_policy_eligible,run_resolve_pending,official_annual_direct_consistent
688353.SH,华盛锂电,2025,Q_G_OPERATING_PROFIT_GROWTH,1,117.709,155,0.94,auto_policy_eligible,run_resolve_pending,official_annual_direct_consistent
688353.SH,华盛锂电,2025,Q_G_REVENUE_GROWTH,1,72.2103,9,0.91,auto_policy_eligible,run_resolve_pending,official_annual_direct_consistent
688353.SH,华盛锂电,2025,Q_G_ROA,1,-0.157784,155,0.94,auto_policy_eligible,run_resolve_pending,official_annual_direct_consistent
688353.SH,华盛锂电,2025,Q_G_ROE,1,0.39,10,0.92,auto_policy_eligible,run_resolve_pending,official_annual_direct_consistent
688353.SH,华盛锂电,2025,Q_G_TWO_FUNDS_RATE,1,34.6185,150,0.94,auto_policy_eligible,run_resolve_pending,official_annual_direct_consistent
688353.SH,华盛锂电,2025,Q_S_RD_RATE,2,5.96,10|36,0.96,auto_policy_eligible,run_resolve_pending,official_annual_direct_consistent
688388.SH,嘉元科技,2025,Q_G_AR_TURNOVER,1,5.86387,151,0.94,auto_policy_eligible,run_resolve_pending,official_annual_direct_consistent
688388.SH,嘉元科技,2025,Q_G_ASSET_TURNOVER,1,1.20997,152,0.94,auto_policy_eligible,run_resolve_pending,official_annual_direct_consistent
688388.SH,嘉元科技,2025,Q_G_CASH_CURRENT_LIABILITY,1,-3.1351,163,0.94,auto_policy_eligible,run_resolve_pending,official_annual_direct_consistent
688388.SH,嘉元科技,2025,Q_G_CASH_REALIZATION,1,100.754,163,0.94,auto_policy_eligible,run_resolve_pending,official_annual_direct_consistent
688388.SH,嘉元科技,2025,Q_G_COST_REVENUE_RATE,1,99.1289,158,0.94,auto_policy_eligible,run_resolve_pending,official_annual_direct_consistent
688388.SH,嘉元科技,2025,Q_G_CURRENT_ASSET_TURNOVER,1,1.46639,151,0.94,auto_policy_eligible,run_resolve_pending,official_annual_direct_consistent
688388.SH,嘉元科技,2025,Q_G_EBITDA_INTEREST,1,1.47639,159,0.94,auto_policy_eligible,run_resolve_pending,official_annual_direct_consistent
688388.SH,嘉元科技,2025,Q_G_OPERATING_MARGIN,1,0.874624,159,0.94,auto_policy_eligible,run_resolve_pending,official_annual_direct_consistent
688388.SH,嘉元科技,2025,Q_G_OPERATING_PROFIT_GROWTH,1,-130.048,159,0.94,auto_policy_eligible,run_resolve_pending,official_annual_direct_consistent
688388.SH,嘉元科技,2025,Q_G_REVENUE_GROWTH,1,47.8526,7,0.91,auto_policy_eligible,run_resolve_pending,official_annual_direct_consistent
688388.SH,嘉元科技,2025,Q_G_ROA,1,3.26494,159,0.94,auto_policy_eligible,run_resolve_pending,official_annual_direct_consistent
688388.SH,嘉元科技,2025,Q_G_ROE,1,0.82,8,0.92,auto_policy_eligible,run_resolve_pending,official_annual_direct_consistent
688388.SH,嘉元科技,2025,Q_G_TWO_FUNDS_RATE,1,42.8254,151,0.94,auto_policy_eligible,run_resolve_pending,official_annual_direct_consistent
688388.SH,嘉元科技,2025,Q_S_DIVIDEND_PER_SHARE,1,0.045,88,0.94,auto_policy_eligible,run_resolve_pending,official_annual_direct_consistent
688388.SH,嘉元科技,2025,Q_S_RD_RATE,1,4.84,8,0.96,auto_policy_eligible,run_resolve_pending,official_annual_direct_consistent
688390.SH,固德威,2025,Q_G_AR_TURNOVER,1,8.97119,112,0.94,auto_policy_eligible,run_resolve_pending,official_annual_direct_consistent
688390.SH,固德威,2025,Q_G_ASSET_TURNOVER,1,1.02315,113,0.94,auto_policy_eligible,run_resolve_pending,official_annual_direct_consistent
688390.SH,固德威,2025,Q_G_CASH_CURRENT_LIABILITY,1,10.5595,120,0.94,auto_policy_eligible,run_resolve_pending,official_annual_direct_consistent
688390.SH,固德威,2025,Q_G_CASH_REALIZATION,1,82.4011,120,0.94,auto_policy_eligible,run_resolve_pending,official_annual_direct_consistent
688390.SH,固德威,2025,Q_G_COST_REVENUE_RATE,1,98.2696,116,0.94,auto_policy_eligible,run_resolve_pending,official_annual_direct_consistent
688390.SH,固德威,2025,Q_G_CURRENT_ASSET_TURNOVER,1,2.61884,112,0.94,auto_policy_eligible,run_resolve_pending,official_annual_direct_consistent
688390.SH,固德威,2025,Q_G_DEBT_ASSET_RATE,1,69.497,114,0.94,auto_policy_eligible,run_resolve_pending,consolidated_statement_year_end_derived
688390.SH,固德威,2025,Q_G_EBITDA_INTEREST,1,1.01884,117,0.94,auto_policy_eligible,run_resolve_pending,official_annual_direct_consistent
688390.SH,固德威,2025,Q_G_OPERATING_MARGIN,1,0.130096,117,0.94,auto_policy_eligible,run_resolve_pending,official_annual_direct_consistent
688390.SH,固德威,2025,Q_G_OPERATING_PROFIT_GROWTH,1,-112.461,117,0.94,auto_policy_eligible,run_resolve_pending,official_annual_direct_consistent
688390.SH,固德威,2025,Q_G_REVENUE_GROWTH,1,31.9291,9,0.91,auto_policy_eligible,run_resolve_pending,official_annual_direct_consistent
688390.SH,固德威,2025,Q_G_ROA,1,7.19683,117,0.94,auto_policy_eligible,run_resolve_pending,official_annual_direct_consistent
688390.SH,固德威,2025,Q_G_ROE,1,4.87,9,0.92,auto_policy_eligible,run_resolve_pending,official_annual_direct_consistent
688390.SH,固德威,2025,Q_G_TWO_FUNDS_RATE,1,64.5776,112,0.94,auto_policy_eligible,run_resolve_pending,official_annual_direct_consistent
688390.SH,固德威,2025,Q_S_DIVIDEND_PER_SHARE,1,0,75,0.94,auto_policy_eligible,run_resolve_pending,official_annual_direct_consistent
688390.SH,固德威,2025,Q_S_RD_RATE,2,6.9,9|34,0.96,auto_policy_eligible,run_resolve_pending,official_annual_direct_consistent
688392.SH,骄成超声,2025,Q_G_AR_TURNOVER,1,2.5087,104,0.94,auto_policy_eligible,run_resolve_pending,official_annual_direct_consistent
688392.SH,骄成超声,2025,Q_G_ASSET_TURNOVER,1,0.603649,105,0.94,auto_policy_eligible,run_resolve_pending,official_annual_direct_consistent
688392.SH,骄成超声,2025,Q_G_CAPITAL_ACCUMULATION,1,6.41776,106,0.94,auto_policy_eligible,run_resolve_pending,official_annual_direct_consistent
688392.SH,骄成超声,2025,Q_G_CASH_CURRENT_LIABILITY,1,14.7276,112,0.94,auto_policy_eligible,run_resolve_pending,official_annual_direct_consistent
688392.SH,骄成超声,2025,Q_G_CASH_REALIZATION,1,97.1751,112,0.94,auto_policy_eligible,run_resolve_pending,official_annual_direct_consistent
688392.SH,骄成超声,2025,Q_G_COST_REVENUE_RATE,1,80.1144,109,0.94,auto_policy_eligible,run_resolve_pending,official_annual_direct_consistent
688392.SH,骄成超声,2025,Q_G_CURRENT_ASSET_TURNOVER,1,0.402287,104,0.94,auto_policy_eligible,run_resolve_pending,official_annual_direct_consistent
688392.SH,骄成超声,2025,Q_G_EBITDA_INTEREST,1,21.1245,109,0.94,auto_policy_eligible,run_resolve_pending,official_annual_direct_consistent
688392.SH,骄成超声,2025,Q_G_OPERATING_MARGIN,1,15.9826,109,0.94,auto_policy_eligible,run_resolve_pending,official_annual_direct_consistent
688392.SH,骄成超声,2025,Q_G_REVENUE_GROWTH,1,32.415,9,0.91,auto_policy_eligible,run_resolve_pending,official_annual_direct_consistent
688392.SH,骄成超声,2025,Q_G_ROA,1,9.75132,109,0.94,auto_policy_eligible,run_resolve_pending,official_annual_direct_consistent
688392.SH,骄成超声,2025,Q_G_ROE,1,6.71,9,0.92,auto_policy_eligible,run_resolve_pending,official_annual_direct_consistent
688392.SH,骄成超声,2025,Q_G_TWO_FUNDS_RATE,1,31.2451,104,0.94,auto_policy_eligible,run_resolve_pending,official_annual_direct_consistent
688392.SH,骄成超声,2025,Q_S_DIVIDEND_PER_SHARE,1,0.2,57,0.94,auto_policy_eligible,run_resolve_pending,official_annual_direct_consistent
688392.SH,骄成超声,2025,Q_S_RD_RATE,2,20.67,9|27,0.96,auto_policy_eligible,run_resolve_pending,official_annual_direct_consistent
688408.SH,中信博,2025,Q_G_AR_TURNOVER,1,3.98464,117,0.94,auto_policy_eligible,run_resolve_pending,official_annual_direct_consistent
688408.SH,中信博,2025,Q_G_ASSET_TURNOVER,1,0.681299,118,0.94,auto_policy_eligible,run_resolve_pending,official_annual_direct_consistent
688408.SH,中信博,2025,Q_G_CASH_REALIZATION,1,92.9854,127,0.94,auto_policy_eligible,run_resolve_pending,official_annual_direct_consistent
688408.SH,中信博,2025,Q_G_COST_REVENUE_RATE,1,96.5284,123,0.94,auto_policy_eligible,run_resolve_pending,official_annual_direct_consistent
688408.SH,中信博,2025,Q_G_CURRENT_ASSET_TURNOVER,1,0.829798,118,0.94,auto_policy_eligible,run_resolve_pending,official_annual_direct_consistent
688408.SH,中信博,2025,Q_G_DEBT_ASSET_RATE,1,59.91,119,0.94,auto_policy_eligible,run_resolve_pending,consolidated_statement_year_end_derived
688408.SH,中信博,2025,Q_G_EBITDA_INTEREST,1,1.67573,123,0.94,auto_policy_eligible,run_resolve_pending,official_annual_direct_consistent
688408.SH,中信博,2025,Q_G_OPERATING_MARGIN,1,0.623175,123,0.94,auto_policy_eligible,run_resolve_pending,official_annual_direct_consistent
688408.SH,中信博,2025,Q_G_REVENUE_GROWTH,1,-23.7245,8,0.91,auto_policy_eligible,run_resolve_pending,official_annual_direct_consistent
688408.SH,中信博,2025,Q_G_ROA,1,0.947181,123,0.94,auto_policy_eligible,run_resolve_pending,official_annual_direct_consistent
688408.SH,中信博,2025,Q_G_ROE,1,0.24,9,0.92,auto_policy_eligible,run_resolve_pending,official_annual_direct_consistent
688408.SH,中信博,2025,Q_G_TWO_FUNDS_RATE,1,47.5821,118,0.94,auto_policy_eligible,run_resolve_pending,official_annual_direct_consistent
688408.SH,中信博,2025,Q_S_RD_RATE,1,2.4,9,0.96,auto_policy_eligible,run_resolve_pending,official_annual_direct_consistent
688429.SH,时创能源,2025,Q_G_AR_TURNOVER,1,6.3211,128,0.94,auto_policy_eligible,run_resolve_pending,official_annual_direct_consistent
688429.SH,时创能源,2025,Q_G_ASSET_TURNOVER,1,0.212094,128,0.94,auto_policy_eligible,run_resolve_pending,official_annual_direct_consistent
688429.SH,时创能源,2025,Q_G_CAPITAL_ACCUMULATION,1,-17.7965,130,0.94,auto_policy_eligible,run_resolve_pending,official_annual_direct_consistent
688429.SH,时创能源,2025,Q_G_CASH_CURRENT_LIABILITY,1,-5.28177,135,0.94,auto_policy_eligible,run_resolve_pending,official_annual_direct_consistent
688429.SH,时创能源,2025,Q_G_CASH_REALIZATION,1,88.4062,135,0.94,auto_policy_eligible,run_resolve_pending,official_annual_direct_consistent
688429.SH,时创能源,2025,Q_G_COST_REVENUE_RATE,1,145.475,132,0.94,auto_policy_eligible,run_resolve_pending,official_annual_direct_consistent
688429.SH,时创能源,2025,Q_G_CURRENT_ASSET_TURNOVER,1,0.625898,128,0.94,auto_policy_eligible,run_resolve_pending,official_annual_direct_consistent
688429.SH,时创能源,2025,Q_G_DEBT_ASSET_RATE,1,70.3604,129,0.94,auto_policy_eligible,run_resolve_pending,consolidated_statement_year_end_derived
688429.SH,时创能源,2025,Q_G_EBITDA_INTEREST,1,-3.60082,132,0.94,auto_policy_eligible,run_resolve_pending,official_annual_direct_consistent
688429.SH,时创能源,2025,Q_G_OPERATING_MARGIN,1,-39.9228,132,0.94,auto_policy_eligible,run_resolve_pending,official_annual_direct_consistent
688429.SH,时创能源,2025,Q_G_OPERATING_PROFIT_GROWTH,1,-47.7268,132,0.94,auto_policy_eligible,run_resolve_pending,official_annual_direct_consistent
688429.SH,时创能源,2025,Q_G_REVENUE_GROWTH,1,43.2287,11,0.91,auto_policy_eligible,run_resolve_pending,official_annual_direct_consistent
688429.SH,时创能源,2025,Q_G_ROA,1,-6.62013,132,0.94,auto_policy_eligible,run_resolve_pending,official_annual_direct_consistent
688429.SH,时创能源,2025,Q_G_ROE,4,21.64,11|12|25|39,0.92,auto_policy_eligible,run_resolve_pending,official_annual_direct_consistent
688429.SH,时创能源,2025,Q_G_TWO_FUNDS_RATE,1,20.3797,128,0.94,auto_policy_eligible,run_resolve_pending,official_annual_direct_consistent
688429.SH,时创能源,2025,Q_S_RD_RATE,2,22.46,11|32,0.96,auto_policy_eligible,run_resolve_pending,official_annual_direct_consistent
688472.SH,阿特斯,2025,Q_G_AR_TURNOVER,1,4.78526,181,0.94,auto_policy_eligible,run_resolve_pending,official_annual_direct_consistent
688472.SH,阿特斯,2025,Q_G_ASSET_TURNOVER,1,0.620575,181,0.94,auto_policy_eligible,run_resolve_pending,official_annual_direct_consistent
688472.SH,阿特斯,2025,Q_G_CASH_CURRENT_LIABILITY,1,23.5368,186,0.94,auto_policy_eligible,run_resolve_pending,official_annual_direct_consistent
688472.SH,阿特斯,2025,Q_G_CASH_REALIZATION,1,128.443,186,0.94,auto_policy_eligible,run_resolve_pending,official_annual_direct_consistent
688472.SH,阿特斯,2025,Q_G_COST_REVENUE_RATE,1,100.383,183,0.94,auto_policy_eligible,run_resolve_pending,official_annual_direct_consistent
688472.SH,阿特斯,2025,Q_G_CURRENT_ASSET_TURNOVER,1,1.08829,181,0.94,auto_policy_eligible,run_resolve_pending,official_annual_direct_consistent
688472.SH,阿特斯,2025,Q_G_EBITDA_INTEREST,1,2.40327,184,0.94,auto_policy_eligible,run_resolve_pending,official_annual_direct_consistent
688472.SH,阿特斯,2025,Q_G_OPERATING_MARGIN,1,2.88172,184,0.94,auto_policy_eligible,run_resolve_pending,official_annual_direct_consistent
688472.SH,阿特斯,2025,Q_G_OPERATING_PROFIT_GROWTH,1,-53.2855,184,0.94,auto_policy_eligible,run_resolve_pending,official_annual_direct_consistent
688472.SH,阿特斯,2025,Q_G_REVENUE_GROWTH,1,-12.8003,9,0.91,auto_policy_eligible,run_resolve_pending,official_annual_direct_consistent
688472.SH,阿特斯,2025,Q_G_ROA,1,2.96407,184,0.94,auto_policy_eligible,run_resolve_pending,official_annual_direct_consistent
688472.SH,阿特斯,2025,Q_G_ROE,1,4.41,9,0.92,auto_policy_eligible,run_resolve_pending,official_annual_direct_consistent
688472.SH,阿特斯,2025,Q_G_TWO_FUNDS_RATE,1,35.5691,181,0.94,auto_policy_eligible,run_resolve_pending,official_annual_direct_consistent
688472.SH,阿特斯,2025,Q_S_DIVIDEND_PER_SHARE,1,0,104,0.94,auto_policy_eligible,run_resolve_pending,official_annual_direct_consistent
688472.SH,阿特斯,2025,Q_S_RD_RATE,2,1.62,9|43,0.96,auto_policy_eligible,run_resolve_pending,official_annual_direct_consistent
688499.SH,利元亨,2025,Q_G_AR_TURNOVER,1,3.00699,155,0.94,auto_policy_eligible,run_resolve_pending,official_annual_direct_consistent
688499.SH,利元亨,2025,Q_G_ASSET_TURNOVER,1,0.356819,155,0.94,auto_policy_eligible,run_resolve_pending,official_annual_direct_consistent
688499.SH,利元亨,2025,Q_G_CASH_CURRENT_LIABILITY,1,9.31725,163,0.94,auto_policy_eligible,run_resolve_pending,official_annual_direct_consistent
688499.SH,利元亨,2025,Q_G_CASH_REALIZATION,1,151.628,163,0.94,auto_policy_eligible,run_resolve_pending,official_annual_direct_consistent
688499.SH,利元亨,2025,Q_G_COST_REVENUE_RATE,1,99.784,159,0.94,auto_policy_eligible,run_resolve_pending,official_annual_direct_consistent
688499.SH,利元亨,2025,Q_G_CURRENT_ASSET_TURNOVER,1,0.553279,155,0.94,auto_policy_eligible,run_resolve_pending,official_annual_direct_consistent
688499.SH,利元亨,2025,Q_G_EBITDA_INTEREST,1,2.61076,160,0.94,auto_policy_eligible,run_resolve_pending,official_annual_direct_consistent
688499.SH,利元亨,2025,Q_G_OPERATING_MARGIN,1,3.05957,160,0.94,auto_policy_eligible,run_resolve_pending,official_annual_direct_consistent
688499.SH,利元亨,2025,Q_G_REVENUE_GROWTH,1,23.9799,7,0.91,auto_policy_eligible,run_resolve_pending,official_annual_direct_consistent
688499.SH,利元亨,2025,Q_G_ROA,1,1.75858,160,0.94,auto_policy_eligible,run_resolve_pending,official_annual_direct_consistent
688499.SH,利元亨,2025,Q_G_TWO_FUNDS_RATE,1,69.9889,155,0.94,auto_policy_eligible,run_resolve_pending,official_annual_direct_consistent
688499.SH,利元亨,2025,Q_S_RD_RATE,2,11.35,7|46,0.96,auto_policy_eligible,run_resolve_pending,official_annual_direct_consistent
688503.SH,聚和材料,2025,Q_G_AR_TURNOVER,1,5.78398,122,0.94,auto_policy_eligible,run_resolve_pending,official_annual_direct_consistent
688503.SH,聚和材料,2025,Q_G_ASSET_TURNOVER,1,1.64383,123,0.94,auto_policy_eligible,run_resolve_pending,official_annual_direct_consistent
688503.SH,聚和材料,2025,Q_G_CAPITAL_ACCUMULATION,1,7.70637,124,0.94,auto_policy_eligible,run_resolve_pending,official_annual_direct_consistent
688503.SH,聚和材料,2025,Q_G_CASH_CURRENT_LIABILITY,1,-12.9109,130,0.94,auto_policy_eligible,run_resolve_pending,official_annual_direct_consistent
688503.SH,聚和材料,2025,Q_G_CASH_REALIZATION,1,46.766,130,0.94,auto_policy_eligible,run_resolve_pending,official_annual_direct_consistent
688503.SH,聚和材料,2025,Q_G_COST_REVENUE_RATE,1,95.973,126,0.94,auto_policy_eligible,run_resolve_pending,official_annual_direct_consistent
688503.SH,聚和材料,2025,Q_G_CURRENT_ASSET_TURNOVER,1,2.6341,123,0.94,auto_policy_eligible,run_resolve_pending,official_annual_direct_consistent
688503.SH,聚和材料,2025,Q_G_EBITDA_INTEREST,1,363.833,127,0.94,auto_policy_eligible,run_resolve_pending,official_annual_direct_consistent
688503.SH,聚和材料,2025,Q_G_OPERATING_MARGIN,1,3.28889,127,0.94,auto_policy_eligible,run_resolve_pending,official_annual_direct_consistent
688503.SH,聚和材料,2025,Q_G_REVENUE_GROWTH,1,16.8577,11,0.91,auto_policy_eligible,run_resolve_pending,official_annual_direct_consistent
688503.SH,聚和材料,2025,Q_G_ROA,1,5.40015,127,0.94,auto_policy_eligible,run_resolve_pending,official_annual_direct_consistent
688503.SH,聚和材料,2025,Q_G_ROE,1,8.7,11,0.92,auto_policy_eligible,run_resolve_pending,official_annual_direct_consistent
688503.SH,聚和材料,2025,Q_G_TWO_FUNDS_RATE,1,40.1797,123,0.94,auto_policy_eligible,run_resolve_pending,official_annual_direct_consistent
688503.SH,聚和材料,2025,Q_S_DIVIDEND_PER_SHARE,1,0.432,74,0.94,auto_policy_eligible,run_resolve_pending,official_annual_direct_consistent
688503.SH,聚和材料,2025,Q_S_RD_RATE,2,5.39,11|29,0.96,auto_policy_eligible,run_resolve_pending,official_annual_direct_consistent
688516.SH,奥特维,2025,Q_G_AR_TURNOVER,1,1.98704,131,0.94,auto_policy_eligible,run_resolve_pending,official_annual_direct_consistent
688516.SH,奥特维,2025,Q_G_ASSET_TURNOVER,1,0.891428,132,0.94,auto_policy_eligible,run_resolve_pending,official_annual_direct_consistent
688516.SH,奥特维,2025,Q_G_CASH_CURRENT_LIABILITY,1,11.5425,139,0.94,auto_policy_eligible,run_resolve_pending,official_annual_direct_consistent
688516.SH,奥特维,2025,Q_G_CASH_REALIZATION,1,82.7325,139,0.94,auto_policy_eligible,run_resolve_pending,official_annual_direct_consistent
688516.SH,奥特维,2025,Q_G_COST_REVENUE_RATE,1,85.4989,135,0.94,auto_policy_eligible,run_resolve_pending,official_annual_direct_consistent
688516.SH,奥特维,2025,Q_G_CURRENT_ASSET_TURNOVER,1,0.571919,131,0.94,auto_policy_eligible,run_resolve_pending,official_annual_direct_consistent
688516.SH,奥特维,2025,Q_G_DEBT_ASSET_RATE,1,72.5662,132,0.94,auto_policy_eligible,run_resolve_pending,consolidated_statement_year_end_derived
688516.SH,奥特维,2025,Q_G_EBITDA_INTEREST,1,10.6179,136,0.94,auto_policy_eligible,run_resolve_pending,official_annual_direct_consistent
688516.SH,奥特维,2025,Q_G_OPERATING_MARGIN,1,7.1194,136,0.94,auto_policy_eligible,run_resolve_pending,official_annual_direct_consistent
688516.SH,奥特维,2025,Q_G_REVENUE_GROWTH,1,-30.6047,8,0.91,auto_policy_eligible,run_resolve_pending,official_annual_direct_consistent
688516.SH,奥特维,2025,Q_G_ROA,1,7.06575,136,0.94,auto_policy_eligible,run_resolve_pending,official_annual_direct_consistent
688516.SH,奥特维,2025,Q_G_ROE,1,11.21,8,0.92,auto_policy_eligible,run_resolve_pending,official_annual_direct_consistent
688516.SH,奥特维,2025,Q_G_TWO_FUNDS_RATE,1,71.0365,131,0.94,auto_policy_eligible,run_resolve_pending,official_annual_direct_consistent
688516.SH,奥特维,2025,Q_S_DIVIDEND_PER_SHARE,1,0.8,72,0.94,auto_policy_eligible,run_resolve_pending,official_annual_direct_consistent
688516.SH,奥特维,2025,Q_S_RD_RATE,1,7.58,8,0.96,auto_policy_eligible,run_resolve_pending,official_annual_direct_consistent
688517.SH,金冠电气,2025,Q_G_AR_TURNOVER,1,1.86753,129,0.94,auto_policy_eligible,run_resolve_pending,official_annual_direct_consistent
688517.SH,金冠电气,2025,Q_G_ASSET_TURNOVER,1,0.554732,130,0.94,auto_policy_eligible,run_resolve_pending,official_annual_direct_consistent
688517.SH,金冠电气,2025,Q_G_CASH_REALIZATION,1,104.3,137,0.94,auto_policy_eligible,run_resolve_pending,official_annual_direct_consistent
688517.SH,金冠电气,2025,Q_G_COST_REVENUE_RATE,1,87.4056,133,0.94,auto_policy_eligible,run_resolve_pending,official_annual_direct_consistent
688517.SH,金冠电气,2025,Q_G_CURRENT_ASSET_TURNOVER,1,0.731459,129,0.94,auto_policy_eligible,run_resolve_pending,official_annual_direct_consistent
688517.SH,金冠电气,2025,Q_G_EBITDA_INTEREST,1,42.5677,134,0.94,auto_policy_eligible,run_resolve_pending,official_annual_direct_consistent
688517.SH,金冠电气,2025,Q_G_OPERATING_MARGIN,1,12.6472,134,0.94,auto_policy_eligible,run_resolve_pending,official_annual_direct_consistent
688517.SH,金冠电气,2025,Q_G_OPERATING_PROFIT_GROWTH,1,-11.9403,134,0.94,auto_policy_eligible,run_resolve_pending,official_annual_direct_consistent
688517.SH,金冠电气,2025,Q_G_REVENUE_GROWTH,1,11.0383,8,0.91,auto_policy_eligible,run_resolve_pending,official_annual_direct_consistent
688517.SH,金冠电气,2025,Q_G_ROA,1,7.2071,134,0.94,auto_policy_eligible,run_resolve_pending,official_annual_direct_consistent
688517.SH,金冠电气,2025,Q_G_ROE,1,9.9,8,0.92,auto_policy_eligible,run_resolve_pending,official_annual_direct_consistent
688517.SH,金冠电气,2025,Q_G_TWO_FUNDS_RATE,1,46.5579,129,0.94,auto_policy_eligible,run_resolve_pending,official_annual_direct_consistent
688517.SH,金冠电气,2025,Q_S_DIVIDEND_PER_SHARE,1,0.49,66,0.94,auto_policy_eligible,run_resolve_pending,official_annual_direct_consistent
688517.SH,金冠电气,2025,Q_S_RD_RATE,2,3.64,8|28,0.96,auto_policy_eligible,run_resolve_pending,official_annual_direct_consistent
688551.SH,科威尔,2025,Q_G_AR_TURNOVER,1,3.2594,104,0.94,auto_policy_eligible,run_resolve_pending,official_annual_direct_consistent
688551.SH,科威尔,2025,Q_G_ASSET_TURNOVER,1,0.302753,105,0.94,auto_policy_eligible,run_resolve_pending,official_annual_direct_consistent
688551.SH,科威尔,2025,Q_G_CAPITAL_ACCUMULATION,1,1.33911,106,0.94,auto_policy_eligible,run_resolve_pending,official_annual_direct_consistent
688551.SH,科威尔,2025,Q_G_CASH_CURRENT_LIABILITY,1,31.1132,112,0.94,auto_policy_eligible,run_resolve_pending,official_annual_direct_consistent
688551.SH,科威尔,2025,Q_G_CASH_REALIZATION,1,122.589,112,0.94,auto_policy_eligible,run_resolve_pending,official_annual_direct_consistent
688551.SH,科威尔,2025,Q_G_COST_REVENUE_RATE,1,93.9629,109,0.94,auto_policy_eligible,run_resolve_pending,official_annual_direct_consistent
688551.SH,科威尔,2025,Q_G_CURRENT_ASSET_TURNOVER,1,0.402857,105,0.94,auto_policy_eligible,run_resolve_pending,official_annual_direct_consistent
688551.SH,科威尔,2025,Q_G_EBITDA_INTEREST,1,144.458,109,0.94,auto_policy_eligible,run_resolve_pending,official_annual_direct_consistent
688551.SH,科威尔,2025,Q_G_OPERATING_MARGIN,1,11.9101,109,0.94,auto_policy_eligible,run_resolve_pending,official_annual_direct_consistent
688551.SH,科威尔,2025,Q_G_OPERATING_PROFIT_GROWTH,1,32.5269,109,0.94,auto_policy_eligible,run_resolve_pending,official_annual_direct_consistent
688551.SH,科威尔,2025,Q_G_REVENUE_GROWTH,1,7.17848,8,0.91,auto_policy_eligible,run_resolve_pending,official_annual_direct_consistent
688551.SH,科威尔,2025,Q_G_ROA,1,3.71518,109,0.94,auto_policy_eligible,run_resolve_pending,official_annual_direct_consistent
688551.SH,科威尔,2025,Q_G_ROE,1,4.9,8,0.92,auto_policy_eligible,run_resolve_pending,official_annual_direct_consistent
688551.SH,科威尔,2025,Q_G_TWO_FUNDS_RATE,1,33.0912,105,0.94,auto_policy_eligible,run_resolve_pending,official_annual_direct_consistent
688551.SH,科威尔,2025,Q_S_DIVIDEND_PER_SHARE,1,0.3,65,0.94,auto_policy_eligible,run_resolve_pending,official_annual_direct_consistent
688551.SH,科威尔,2025,Q_S_RD_RATE,3,14.98,7|8|28,0.96,auto_policy_eligible,run_resolve_pending,official_annual_direct_consistent
688556.SH,高测股份,2025,Q_G_AR_TURNOVER,1,1.6125,114,0.94,auto_policy_eligible,run_resolve_pending,official_annual_direct_consistent
688556.SH,高测股份,2025,Q_G_ASSET_TURNOVER,1,0.475814,115,0.94,auto_policy_eligible,run_resolve_pending,official_annual_direct_consistent
688556.SH,高测股份,2025,Q_G_CASH_CURRENT_LIABILITY,1,-15.1557,122,0.94,auto_policy_eligible,run_resolve_pending,official_annual_direct_consistent
688556.SH,高测股份,2025,Q_G_CASH_REALIZATION,1,77.0066,122,0.94,auto_policy_eligible,run_resolve_pending,official_annual_direct_consistent
688556.SH,高测股份,2025,Q_G_COST_REVENUE_RATE,1,85.6493,118,0.94,auto_policy_eligible,run_resolve_pending,official_annual_direct_consistent
688556.SH,高测股份,2025,Q_G_CURRENT_ASSET_TURNOVER,1,0.767402,114,0.94,auto_policy_eligible,run_resolve_pending,official_annual_direct_consistent
688556.SH,高测股份,2025,Q_G_EBITDA_INTEREST,1,0.869902,119,0.94,auto_policy_eligible,run_resolve_pending,official_annual_direct_consistent
688556.SH,高测股份,2025,Q_G_OPERATING_MARGIN,1,-0.147137,119,0.94,auto_policy_eligible,run_resolve_pending,official_annual_direct_consistent
688556.SH,高测股份,2025,Q_G_REVENUE_GROWTH,1,-18.4254,8,0.91,auto_policy_eligible,run_resolve_pending,official_annual_direct_consistent
688556.SH,高测股份,2025,Q_G_ROA,1,0.833414,119,0.94,auto_policy_eligible,run_resolve_pending,official_annual_direct_consistent
688556.SH,高测股份,2025,Q_G_ROE,1,1.08,9,0.92,auto_policy_eligible,run_resolve_pending,official_annual_direct_consistent
688556.SH,高测股份,2025,Q_G_TWO_FUNDS_RATE,1,63.0444,114,0.94,auto_policy_eligible,run_resolve_pending,official_annual_direct_consistent
688556.SH,高测股份,2025,Q_S_RD_RATE,1,5.17,9,0.96,auto_policy_eligible,run_resolve_pending,official_annual_direct_consistent
688560.SH,明冠新材,2025,Q_G_AR_TURNOVER,1,3.45675,111,0.94,auto_policy_eligible,run_resolve_pending,official_annual_direct_consistent
688560.SH,明冠新材,2025,Q_G_ASSET_TURNOVER,1,0.251481,111,0.94,auto_policy_eligible,run_resolve_pending,official_annual_direct_consistent
688560.SH,明冠新材,2025,Q_G_CASH_CURRENT_LIABILITY,1,-148.461,119,0.94,auto_policy_eligible,run_resolve_pending,official_annual_direct_consistent
688560.SH,明冠新材,2025,Q_G_CASH_REALIZATION,1,67.9555,119,0.94,auto_policy_eligible,run_resolve_pending,official_annual_direct_consistent
688560.SH,明冠新材,2025,Q_G_COST_REVENUE_RATE,1,113.116,115,0.94,auto_policy_eligible,run_resolve_pending,official_annual_direct_consistent
688560.SH,明冠新材,2025,Q_G_CURRENT_ASSET_TURNOVER,1,0.346359,111,0.94,auto_policy_eligible,run_resolve_pending,official_annual_direct_consistent
688560.SH,明冠新材,2025,Q_G_DEBT_ASSET_RATE,1,7.37796,112,0.94,auto_policy_eligible,run_resolve_pending,consolidated_statement_year_end_derived
688560.SH,明冠新材,2025,Q_G_EBITDA_INTEREST,1,-493.791,116,0.94,auto_policy_eligible,run_resolve_pending,official_annual_direct_consistent
688560.SH,明冠新材,2025,Q_G_OPERATING_MARGIN,1,-19.7311,116,0.94,auto_policy_eligible,run_resolve_pending,official_annual_direct_consistent
688560.SH,明冠新材,2025,Q_G_REVENUE_GROWTH,1,-16.7014,7,0.91,auto_policy_eligible,run_resolve_pending,official_annual_direct_consistent
688560.SH,明冠新材,2025,Q_G_ROA,1,-5.14984,116,0.94,auto_policy_eligible,run_resolve_pending,official_annual_direct_consistent
688560.SH,明冠新材,2025,Q_G_ROE,1,5.31,8,0.92,auto_policy_eligible,run_resolve_pending,official_annual_direct_consistent
688560.SH,明冠新材,2025,Q_G_TWO_FUNDS_RATE,1,19.1896,111,0.94,auto_policy_eligible,run_resolve_pending,official_annual_direct_consistent
688560.SH,明冠新材,2025,Q_S_DIVIDEND_PER_SHARE,1,0,60,0.94,auto_policy_eligible,run_resolve_pending,official_annual_direct_consistent
688560.SH,明冠新材,2025,Q_S_RD_RATE,1,4.72,8,0.96,auto_policy_eligible,run_resolve_pending,official_annual_direct_consistent
688567.SH,孚能科技,2025,Q_G_AR_TURNOVER,1,4.3583,112,0.94,auto_policy_eligible,run_resolve_pending,official_annual_direct_consistent
688567.SH,孚能科技,2025,Q_G_ASSET_TURNOVER,1,0.36888,112,0.94,auto_policy_eligible,run_resolve_pending,official_annual_direct_consistent
688567.SH,孚能科技,2025,Q_G_CAPITAL_ACCUMULATION,1,-6.52475,113,0.94,auto_policy_eligible,run_resolve_pending,official_annual_direct_consistent
688567.SH,孚能科技,2025,Q_G_CASH_CURRENT_LIABILITY,1,19.5629,119,0.94,auto_policy_eligible,run_resolve_pending,official_annual_direct_consistent
688567.SH,孚能科技,2025,Q_G_CASH_REALIZATION,1,127.908,119,0.94,auto_policy_eligible,run_resolve_pending,official_annual_direct_consistent
688567.SH,孚能科技,2025,Q_G_COST_REVENUE_RATE,1,107.932,116,0.94,auto_policy_eligible,run_resolve_pending,official_annual_direct_consistent
688567.SH,孚能科技,2025,Q_G_CURRENT_ASSET_TURNOVER,1,0.79852,112,0.94,auto_policy_eligible,run_resolve_pending,official_annual_direct_consistent
688567.SH,孚能科技,2025,Q_G_EBITDA_INTEREST,1,-1.55668,116,0.94,auto_policy_eligible,run_resolve_pending,official_annual_direct_consistent
688567.SH,孚能科技,2025,Q_G_OPERATING_MARGIN,1,-6.87183,116,0.94,auto_policy_eligible,run_resolve_pending,official_annual_direct_consistent
688567.SH,孚能科技,2025,Q_G_OPERATING_PROFIT_GROWTH,1,58.8732,116,0.94,auto_policy_eligible,run_resolve_pending,official_annual_direct_consistent
688567.SH,孚能科技,2025,Q_G_REVENUE_GROWTH,1,-21.9484,7,0.91,auto_policy_eligible,run_resolve_pending,official_annual_direct_consistent
688567.SH,孚能科技,2025,Q_G_ROA,1,-1.68348,116,0.94,auto_policy_eligible,run_resolve_pending,official_annual_direct_consistent
688567.SH,孚能科技,2025,Q_G_ROE,1,7.79,7,0.92,auto_policy_eligible,run_resolve_pending,official_annual_direct_consistent
688567.SH,孚能科技,2025,Q_G_TWO_FUNDS_RATE,1,35.5779,112,0.94,auto_policy_eligible,run_resolve_pending,official_annual_direct_consistent
688567.SH,孚能科技,2025,Q_S_RD_RATE,2,6.92,7|20,0.96,auto_policy_eligible,run_resolve_pending,official_annual_direct_consistent
688573.SH,信宇人,2025,Q_G_AR_TURNOVER,1,0.689047,123,0.94,auto_policy_eligible,run_resolve_pending,official_annual_direct_consistent
688573.SH,信宇人,2025,Q_G_ASSET_TURNOVER,1,0.123657,124,0.94,auto_policy_eligible,run_resolve_pending,official_annual_direct_consistent
688573.SH,信宇人,2025,Q_G_CASH_REALIZATION,1,203.755,130,0.94,auto_policy_eligible,run_resolve_pending,official_annual_direct_consistent
688573.SH,信宇人,2025,Q_G_COST_REVENUE_RATE,1,160.592,127,0.94,auto_policy_eligible,run_resolve_pending,official_annual_direct_consistent
688573.SH,信宇人,2025,Q_G_CURRENT_ASSET_TURNOVER,1,0.174166,124,0.94,auto_policy_eligible,run_resolve_pending,official_annual_direct_consistent
688573.SH,信宇人,2025,Q_G_DEBT_ASSET_RATE,1,82.053,125,0.94,auto_policy_eligible,run_resolve_pending,consolidated_statement_year_end_derived
688573.SH,信宇人,2025,Q_G_EBITDA_INTEREST,1,-55.049,128,0.94,auto_policy_eligible,run_resolve_pending,official_annual_direct_consistent
688573.SH,信宇人,2025,Q_G_OPERATING_MARGIN,1,-181.24,128,0.94,auto_policy_eligible,run_resolve_pending,official_annual_direct_consistent
688573.SH,信宇人,2025,Q_G_OPERATING_PROFIT_GROWTH,1,451.452,128,0.94,auto_policy_eligible,run_resolve_pending,official_annual_direct_consistent
688573.SH,信宇人,2025,Q_G_REVENUE_GROWTH,1,-57.992,7,0.91,auto_policy_eligible,run_resolve_pending,official_annual_direct_consistent
688573.SH,信宇人,2025,Q_G_ROA,1,-22.0642,128,0.94,auto_policy_eligible,run_resolve_pending,official_annual_direct_consistent
688573.SH,信宇人,2025,Q_G_ROE,1,75.88,7,0.92,auto_policy_eligible,run_resolve_pending,official_annual_direct_consistent
688573.SH,信宇人,2025,Q_G_TWO_FUNDS_RATE,1,55.908,124,0.94,auto_policy_eligible,run_resolve_pending,official_annual_direct_consistent
688573.SH,信宇人,2025,Q_S_RD_RATE,3,23.82,7|24|33,0.96,auto_policy_eligible,run_resolve_pending,official_annual_direct_consistent
688597.SH,煜邦电力,2025,Q_G_AR_TURNOVER,1,2.58757,182,0.94,auto_policy_eligible,run_resolve_pending,official_annual_direct_consistent
688597.SH,煜邦电力,2025,Q_G_ASSET_TURNOVER,1,0.954881,183,0.94,auto_policy_eligible,run_resolve_pending,official_annual_direct_consistent
688597.SH,煜邦电力,2025,Q_G_CASH_REALIZATION,1,113.376,189,0.94,auto_policy_eligible,run_resolve_pending,official_annual_direct_consistent
688597.SH,煜邦电力,2025,Q_G_COST_REVENUE_RATE,1,92.7888,186,0.94,auto_policy_eligible,run_resolve_pending,official_annual_direct_consistent
688597.SH,煜邦电力,2025,Q_G_CURRENT_ASSET_TURNOVER,1,0.746386,182,0.94,auto_policy_eligible,run_resolve_pending,official_annual_direct_consistent
688597.SH,煜邦电力,2025,Q_G_EBITDA_INTEREST,1,5.20581,187,0.94,auto_policy_eligible,run_resolve_pending,official_annual_direct_consistent
688597.SH,煜邦电力,2025,Q_G_OPERATING_MARGIN,1,7.78179,187,0.94,auto_policy_eligible,run_resolve_pending,official_annual_direct_consistent
688597.SH,煜邦电力,2025,Q_G_REVENUE_GROWTH,1,6.4285,10,0.91,auto_policy_eligible,run_resolve_pending,official_annual_direct_consistent
688597.SH,煜邦电力,2025,Q_G_ROA,1,9.76576,187,0.94,auto_policy_eligible,run_resolve_pending,official_annual_direct_consistent
688597.SH,煜邦电力,2025,Q_G_ROE,1,8.47,10,0.92,auto_policy_eligible,run_resolve_pending,official_annual_direct_consistent
688597.SH,煜邦电力,2025,Q_G_TWO_FUNDS_RATE,1,43.2809,182,0.94,auto_policy_eligible,run_resolve_pending,official_annual_direct_consistent
688597.SH,煜邦电力,2025,Q_S_RD_RATE,2,7.18,10|45,0.96,auto_policy_eligible,run_resolve_pending,official_annual_direct_consistent
688598.SH,金博股份,2025,Q_G_AR_TURNOVER,1,2.58089,104,0.94,auto_policy_eligible,run_resolve_pending,official_annual_direct_consistent
688598.SH,金博股份,2025,Q_G_ASSET_TURNOVER,1,0.141246,105,0.94,auto_policy_eligible,run_resolve_pending,official_annual_direct_consistent
688598.SH,金博股份,2025,Q_G_CASH_CURRENT_LIABILITY,1,-13.5896,114,0.94,auto_policy_eligible,run_resolve_pending,official_annual_direct_consistent
688598.SH,金博股份,2025,Q_G_CASH_REALIZATION,1,68.6655,114,0.94,auto_policy_eligible,run_resolve_pending,official_annual_direct_consistent
688598.SH,金博股份,2025,Q_G_COST_REVENUE_RATE,1,134.25,109,0.94,auto_policy_eligible,run_resolve_pending,official_annual_direct_consistent
688598.SH,金博股份,2025,Q_G_CURRENT_ASSET_TURNOVER,1,0.351036,104,0.94,auto_policy_eligible,run_resolve_pending,official_annual_direct_consistent
688598.SH,金博股份,2025,Q_G_EBITDA_INTEREST,1,-104.619,110,0.94,auto_policy_eligible,run_resolve_pending,official_annual_direct_consistent
688598.SH,金博股份,2025,Q_G_OPERATING_MARGIN,1,-158.13,109,0.94,auto_policy_eligible,run_resolve_pending,official_annual_direct_consistent
688598.SH,金博股份,2025,Q_G_OPERATING_PROFIT_GROWTH,1,54.4262,109,0.94,auto_policy_eligible,run_resolve_pending,official_annual_direct_consistent
688598.SH,金博股份,2025,Q_G_REVENUE_GROWTH,1,49.5354,8,0.91,auto_policy_eligible,run_resolve_pending,official_annual_direct_consistent
688598.SH,金博股份,2025,Q_G_ROA,1,-22.2246,110,0.94,auto_policy_eligible,run_resolve_pending,official_annual_direct_consistent
688598.SH,金博股份,2025,Q_G_ROE,1,28.21,8,0.92,auto_policy_eligible,run_resolve_pending,official_annual_direct_consistent
688598.SH,金博股份,2025,Q_G_TWO_FUNDS_RATE,1,23.4656,104,0.94,auto_policy_eligible,run_resolve_pending,official_annual_direct_consistent
688598.SH,金博股份,2025,Q_S_RD_RATE,2,17.21,8|27,0.96,auto_policy_eligible,run_resolve_pending,official_annual_direct_consistent
688599.SH,天合光能,2025,Q_G_AR_TURNOVER,1,4.66928,143,0.94,auto_policy_eligible,run_resolve_pending,official_annual_direct_consistent
688599.SH,天合光能,2025,Q_G_ASSET_TURNOVER,1,0.5603,144,0.94,auto_policy_eligible,run_resolve_pending,official_annual_direct_consistent
688599.SH,天合光能,2025,Q_G_CASH_CURRENT_LIABILITY,1,11.7182,152,0.94,auto_policy_eligible,run_resolve_pending,official_annual_direct_consistent
688599.SH,天合光能,2025,Q_G_CASH_REALIZATION,1,114.072,151,0.94,auto_policy_eligible,run_resolve_pending,official_annual_direct_consistent
688599.SH,天合光能,2025,Q_G_COST_REVENUE_RATE,1,108.186,147,0.94,auto_policy_eligible,run_resolve_pending,official_annual_direct_consistent
688599.SH,天合光能,2025,Q_G_CURRENT_ASSET_TURNOVER,1,0.936999,143,0.94,auto_policy_eligible,run_resolve_pending,official_annual_direct_consistent
688599.SH,天合光能,2025,Q_G_EBITDA_INTEREST,1,-4.15981,148,0.94,auto_policy_eligible,run_resolve_pending,official_annual_direct_consistent
688599.SH,天合光能,2025,Q_G_OPERATING_MARGIN,1,-11.9153,148,0.94,auto_policy_eligible,run_resolve_pending,official_annual_direct_consistent
688599.SH,天合光能,2025,Q_G_REVENUE_GROWTH,1,-16.6092,8,0.91,auto_policy_eligible,run_resolve_pending,official_annual_direct_consistent
688599.SH,天合光能,2025,Q_G_ROA,1,-5.50484,148,0.94,auto_policy_eligible,run_resolve_pending,official_annual_direct_consistent
688599.SH,天合光能,2025,Q_G_ROE,1,30.61,9,0.92,auto_policy_eligible,run_resolve_pending,official_annual_direct_consistent
688599.SH,天合光能,2025,Q_G_TWO_FUNDS_RATE,1,54.1704,143,0.94,auto_policy_eligible,run_resolve_pending,official_annual_direct_consistent
688611.SH,杭州柯林,2025,Q_G_AR_TURNOVER,1,1.49916,108,0.94,auto_policy_eligible,run_resolve_pending,official_annual_direct_consistent
688611.SH,杭州柯林,2025,Q_G_ASSET_TURNOVER,1,0.180052,109,0.94,auto_policy_eligible,run_resolve_pending,official_annual_direct_consistent
688611.SH,杭州柯林,2025,Q_G_CASH_CURRENT_LIABILITY,1,37.4412,117,0.94,auto_policy_eligible,run_resolve_pending,official_annual_direct_consistent
688611.SH,杭州柯林,2025,Q_G_CASH_REALIZATION,1,180.123,116,0.94,auto_policy_eligible,run_resolve_pending,official_annual_direct_consistent
688611.SH,杭州柯林,2025,Q_G_COST_REVENUE_RATE,1,97.1004,113,0.94,auto_policy_eligible,run_resolve_pending,official_annual_direct_consistent
688611.SH,杭州柯林,2025,Q_G_CURRENT_ASSET_TURNOVER,1,0.423808,108,0.94,auto_policy_eligible,run_resolve_pending,official_annual_direct_consistent
688611.SH,杭州柯林,2025,Q_G_DEBT_ASSET_RATE,1,24.7298,110,0.94,auto_policy_eligible,run_resolve_pending,consolidated_statement_year_end_derived
688611.SH,杭州柯林,2025,Q_G_EBITDA_INTEREST,1,-1.99011,113,0.94,auto_policy_eligible,run_resolve_pending,official_annual_direct_consistent
688611.SH,杭州柯林,2025,Q_G_OPERATING_MARGIN,1,-1.95709,113,0.94,auto_policy_eligible,run_resolve_pending,official_annual_direct_consistent
688611.SH,杭州柯林,2025,Q_G_REVENUE_GROWTH,1,-61.8285,9,0.91,auto_policy_eligible,run_resolve_pending,official_annual_direct_consistent
688611.SH,杭州柯林,2025,Q_G_ROA,1,-0.266969,113,0.94,auto_policy_eligible,run_resolve_pending,official_annual_direct_consistent
688611.SH,杭州柯林,2025,Q_G_ROE,1,0.35,10,0.92,auto_policy_eligible,run_resolve_pending,official_annual_direct_consistent
688611.SH,杭州柯林,2025,Q_G_TWO_FUNDS_RATE,1,34.0539,108,0.94,auto_policy_eligible,run_resolve_pending,official_annual_direct_consistent
688611.SH,杭州柯林,2025,Q_S_RD_RATE,1,20.86,10,0.96,auto_policy_eligible,run_resolve_pending,official_annual_direct_consistent
688616.SH,西力科技,2025,Q_G_AR_TURNOVER,1,2.78415,92,0.94,auto_policy_eligible,run_resolve_pending,official_annual_direct_consistent
688616.SH,西力科技,2025,Q_G_ASSET_TURNOVER,1,0.536594,93,0.94,auto_policy_eligible,run_resolve_pending,official_annual_direct_consistent
688616.SH,西力科技,2025,Q_G_CASH_CURRENT_LIABILITY,1,73.9669,100,0.94,auto_policy_eligible,run_resolve_pending,official_annual_direct_consistent
688616.SH,西力科技,2025,Q_G_CASH_REALIZATION,1,119.188,100,0.94,auto_policy_eligible,run_resolve_pending,official_annual_direct_consistent
688616.SH,西力科技,2025,Q_G_COST_REVENUE_RATE,1,81.878,96,0.94,auto_policy_eligible,run_resolve_pending,official_annual_direct_consistent
688616.SH,西力科技,2025,Q_G_CURRENT_ASSET_TURNOVER,1,0.874328,92,0.94,auto_policy_eligible,run_resolve_pending,official_annual_direct_consistent
688616.SH,西力科技,2025,Q_G_DEBT_ASSET_RATE,1,19.4653,94,0.94,auto_policy_eligible,run_resolve_pending,consolidated_statement_year_end_derived
688616.SH,西力科技,2025,Q_G_EBITDA_INTEREST,1,33.7668,97,0.94,auto_policy_eligible,run_resolve_pending,official_annual_direct_consistent
688616.SH,西力科技,2025,Q_G_OPERATING_MARGIN,1,21.6293,97,0.94,auto_policy_eligible,run_resolve_pending,official_annual_direct_consistent
688616.SH,西力科技,2025,Q_G_REVENUE_GROWTH,1,-3.51838,7,0.91,auto_policy_eligible,run_resolve_pending,official_annual_direct_consistent
688616.SH,西力科技,2025,Q_G_ROA,1,11.9237,97,0.94,auto_policy_eligible,run_resolve_pending,official_annual_direct_consistent
688616.SH,西力科技,2025,Q_G_ROE,1,12.16,7,0.92,auto_policy_eligible,run_resolve_pending,official_annual_direct_consistent
688616.SH,西力科技,2025,Q_G_TWO_FUNDS_RATE,1,35.3024,92,0.94,auto_policy_eligible,run_resolve_pending,official_annual_direct_consistent
688616.SH,西力科技,2025,Q_S_DIVIDEND_PER_SHARE,1,0.3,50,0.94,auto_policy_eligible,run_resolve_pending,official_annual_direct_consistent
688616.SH,西力科技,2025,Q_S_RD_RATE,2,5.48,7|14,0.96,auto_policy_eligible,run_resolve_pending,official_annual_direct_consistent
688638.SH,誉辰智能,2025,Q_G_AR_TURNOVER,1,2.30636,163,0.94,auto_policy_eligible,run_resolve_pending,official_annual_direct_consistent
688638.SH,誉辰智能,2025,Q_G_ASSET_TURNOVER,1,0.30011,164,0.94,auto_policy_eligible,run_resolve_pending,official_annual_direct_consistent
688638.SH,誉辰智能,2025,Q_G_CASH_REALIZATION,1,164.677,171,0.94,auto_policy_eligible,run_resolve_pending,official_annual_direct_consistent
688638.SH,誉辰智能,2025,Q_G_COST_REVENUE_RATE,1,111.034,167,0.94,auto_policy_eligible,run_resolve_pending,official_annual_direct_consistent
688638.SH,誉辰智能,2025,Q_G_CURRENT_ASSET_TURNOVER,1,0.364549,163,0.94,auto_policy_eligible,run_resolve_pending,official_annual_direct_consistent
688638.SH,誉辰智能,2025,Q_G_EBITDA_INTEREST,1,-13.3177,168,0.94,auto_policy_eligible,run_resolve_pending,official_annual_direct_consistent
688638.SH,誉辰智能,2025,Q_G_OPERATING_MARGIN,1,-21.7585,168,0.94,auto_policy_eligible,run_resolve_pending,official_annual_direct_consistent
688638.SH,誉辰智能,2025,Q_G_OPERATING_PROFIT_GROWTH,1,4.90751,168,0.94,auto_policy_eligible,run_resolve_pending,official_annual_direct_consistent
688638.SH,誉辰智能,2025,Q_G_REVENUE_GROWTH,1,42.4747,8,0.91,auto_policy_eligible,run_resolve_pending,official_annual_direct_consistent
688638.SH,誉辰智能,2025,Q_G_ROA,1,-5.99323,168,0.94,auto_policy_eligible,run_resolve_pending,official_annual_direct_consistent
688638.SH,誉辰智能,2025,Q_G_ROE,1,16.82,9,0.92,auto_policy_eligible,run_resolve_pending,official_annual_direct_consistent
688638.SH,誉辰智能,2025,Q_G_TWO_FUNDS_RATE,1,54.0631,163,0.94,auto_policy_eligible,run_resolve_pending,official_annual_direct_consistent
688638.SH,誉辰智能,2025,Q_S_RD_RATE,1,11.15,9,0.96,auto_policy_eligible,run_resolve_pending,official_annual_direct_consistent
688660.SH,电气风电,2025,Q_G_AR_TURNOVER,1,4.49889,108,0.94,auto_policy_eligible,run_resolve_pending,official_annual_direct_consistent
688660.SH,电气风电,2025,Q_G_ASSET_TURNOVER,1,0.429205,109,0.94,auto_policy_eligible,run_resolve_pending,official_annual_direct_consistent
688660.SH,电气风电,2025,Q_G_CAPITAL_ACCUMULATION,1,-18.9536,110,0.94,auto_policy_eligible,run_resolve_pending,official_annual_direct_consistent
688660.SH,电气风电,2025,Q_G_CASH_CURRENT_LIABILITY,1,2.29117,117,0.94,auto_policy_eligible,run_resolve_pending,official_annual_direct_consistent
688660.SH,电气风电,2025,Q_G_CASH_REALIZATION,1,111.495,117,0.94,auto_policy_eligible,run_resolve_pending,official_annual_direct_consistent
688660.SH,电气风电,2025,Q_G_COST_REVENUE_RATE,1,106.731,113,0.94,auto_policy_eligible,run_resolve_pending,official_annual_direct_consistent
688660.SH,电气风电,2025,Q_G_CURRENT_ASSET_TURNOVER,1,1.30325,108,0.94,auto_policy_eligible,run_resolve_pending,official_annual_direct_consistent
688660.SH,电气风电,2025,Q_G_DEBT_ASSET_RATE,1,87.9794,109,0.94,auto_policy_eligible,run_resolve_pending,consolidated_statement_year_end_derived
688660.SH,电气风电,2025,Q_G_EBITDA_INTEREST,1,-7.05171,113,0.94,auto_policy_eligible,run_resolve_pending,official_annual_direct_consistent
688660.SH,电气风电,2025,Q_G_OPERATING_MARGIN,1,-7.59393,113,0.94,auto_policy_eligible,run_resolve_pending,official_annual_direct_consistent
688660.SH,电气风电,2025,Q_G_OPERATING_PROFIT_GROWTH,1,14.5891,113,0.94,auto_policy_eligible,run_resolve_pending,official_annual_direct_consistent
688660.SH,电气风电,2025,Q_G_REVENUE_GROWTH,1,31.0708,7,0.91,auto_policy_eligible,run_resolve_pending,official_annual_direct_consistent
688660.SH,电气风电,2025,Q_G_ROA,1,-2.8495,113,0.94,auto_policy_eligible,run_resolve_pending,official_annual_direct_consistent
688660.SH,电气风电,2025,Q_G_ROE,1,21.38,8,0.92,auto_policy_eligible,run_resolve_pending,official_annual_direct_consistent
688660.SH,电气风电,2025,Q_G_TWO_FUNDS_RATE,1,48.1588,108,0.94,auto_policy_eligible,run_resolve_pending,official_annual_direct_consistent
688660.SH,电气风电,2025,Q_S_RD_RATE,2,4.36,8|25,0.96,auto_policy_eligible,run_resolve_pending,official_annual_direct_consistent
688663.SH,新风光,2025,Q_G_AR_TURNOVER,1,1.78458,116,0.94,auto_policy_eligible,run_resolve_pending,official_annual_direct_consistent
688663.SH,新风光,2025,Q_G_ASSET_TURNOVER,1,0.560753,117,0.94,auto_policy_eligible,run_resolve_pending,official_annual_direct_consistent
688663.SH,新风光,2025,Q_G_CASH_CURRENT_LIABILITY,1,17.7059,124,0.94,auto_policy_eligible,run_resolve_pending,official_annual_direct_consistent
688663.SH,新风光,2025,Q_G_CASH_REALIZATION,1,94.227,124,0.94,auto_policy_eligible,run_resolve_pending,official_annual_direct_consistent
688663.SH,新风光,2025,Q_G_COST_REVENUE_RATE,1,94.628,120,0.94,auto_policy_eligible,run_resolve_pending,official_annual_direct_consistent
688663.SH,新风光,2025,Q_G_CURRENT_ASSET_TURNOVER,1,0.612161,116,0.94,auto_policy_eligible,run_resolve_pending,official_annual_direct_consistent
688663.SH,新风光,2025,Q_G_DEBT_ASSET_RATE,1,61.0523,117,0.94,auto_policy_eligible,run_resolve_pending,consolidated_statement_year_end_derived
688663.SH,新风光,2025,Q_G_EBITDA_INTEREST,1,199.863,121,0.94,auto_policy_eligible,run_resolve_pending,official_annual_direct_consistent
688663.SH,新风光,2025,Q_G_OPERATING_MARGIN,1,5.20674,121,0.94,auto_policy_eligible,run_resolve_pending,official_annual_direct_consistent
688663.SH,新风光,2025,Q_G_OPERATING_PROFIT_GROWTH,1,-49.9682,121,0.94,auto_policy_eligible,run_resolve_pending,official_annual_direct_consistent
688663.SH,新风光,2025,Q_G_REVENUE_GROWTH,1,-9.86523,7,0.91,auto_policy_eligible,run_resolve_pending,official_annual_direct_consistent
688663.SH,新风光,2025,Q_G_ROA,1,2.91152,121,0.94,auto_policy_eligible,run_resolve_pending,official_annual_direct_consistent
688663.SH,新风光,2025,Q_G_ROE,1,6.96,7,0.92,auto_policy_eligible,run_resolve_pending,official_annual_direct_consistent
688663.SH,新风光,2025,Q_G_TWO_FUNDS_RATE,1,56.525,116,0.94,auto_policy_eligible,run_resolve_pending,official_annual_direct_consistent
688663.SH,新风光,2025,Q_S_DIVIDEND_PER_SHARE,1,0.22,66,0.94,auto_policy_eligible,run_resolve_pending,official_annual_direct_consistent
688663.SH,新风光,2025,Q_S_RD_RATE,1,4.99,7,0.96,auto_policy_eligible,run_resolve_pending,official_annual_direct_consistent
688676.SH,金盘科技,2025,Q_E_ENERGY_INTENSITY,2,8.4,8|49,0.82,auto_policy_eligible,run_resolve_pending,official_esg_direct_consistent
688676.SH,金盘科技,2025,Q_E_GHG_INTENSITY,1,2.6,8,0.82,auto_policy_eligible,run_resolve_pending,official_esg_direct_consistent
688676.SH,金盘科技,2025,Q_G_AR_TURNOVER,1,2.8926,171,0.94,auto_policy_eligible,run_resolve_pending,official_annual_direct_consistent
688676.SH,金盘科技,2025,Q_G_ASSET_TURNOVER,1,0.662983,172,0.94,auto_policy_eligible,run_resolve_pending,official_annual_direct_consistent
688676.SH,金盘科技,2025,Q_G_CASH_CURRENT_LIABILITY,1,13.3018,180,0.94,auto_policy_eligible,run_resolve_pending,official_annual_direct_consistent
688676.SH,金盘科技,2025,Q_G_CASH_REALIZATION,1,95.3761,179,0.94,auto_policy_eligible,run_resolve_pending,official_annual_direct_consistent
688676.SH,金盘科技,2025,Q_G_COST_REVENUE_RATE,1,90.0469,175,0.94,auto_policy_eligible,run_resolve_pending,official_annual_direct_consistent
688676.SH,金盘科技,2025,Q_G_CURRENT_ASSET_TURNOVER,1,0.881902,172,0.94,auto_policy_eligible,run_resolve_pending,official_annual_direct_consistent
688676.SH,金盘科技,2025,Q_G_EBITDA_INTEREST,1,17.6962,176,0.94,auto_policy_eligible,run_resolve_pending,official_annual_direct_consistent
688676.SH,金盘科技,2025,Q_G_OPERATING_MARGIN,1,9.84869,176,0.94,auto_policy_eligible,run_resolve_pending,official_annual_direct_consistent
688676.SH,金盘科技,2025,Q_G_OPERATING_PROFIT_GROWTH,1,16.2979,176,0.94,auto_policy_eligible,run_resolve_pending,official_annual_direct_consistent
688676.SH,金盘科技,2025,Q_G_REVENUE_GROWTH,1,5.71128,11,0.91,auto_policy_eligible,run_resolve_pending,official_annual_direct_consistent
688676.SH,金盘科技,2025,Q_G_ROA,1,6.96239,176,0.94,auto_policy_eligible,run_resolve_pending,official_annual_direct_consistent
688676.SH,金盘科技,2025,Q_G_ROE,2,14.05,11|12,0.92,auto_policy_eligible,run_resolve_pending,official_annual_direct_consistent
688676.SH,金盘科技,2025,Q_G_TWO_FUNDS_RATE,1,52.1047,172,0.94,auto_policy_eligible,run_resolve_pending,official_annual_direct_consistent
688676.SH,金盘科技,2025,Q_S_DIVIDEND_PER_SHARE,1,0.68,105,0.94,auto_policy_eligible,run_resolve_pending,official_annual_direct_consistent
688676.SH,金盘科技,2025,Q_S_RD_RATE,2,4.9,11|50,0.96,auto_policy_eligible,run_resolve_pending,official_annual_direct_consistent
688680.SH,海优新材,2025,Q_G_AR_TURNOVER,1,1.78525,115,0.94,auto_policy_eligible,run_resolve_pending,official_annual_direct_consistent
688680.SH,海优新材,2025,Q_G_ASSET_TURNOVER,1,0.40195,116,0.94,auto_policy_eligible,run_resolve_pending,official_annual_direct_consistent
688680.SH,海优新材,2025,Q_G_CASH_CURRENT_LIABILITY,1,26.6508,123,0.94,auto_policy_eligible,run_resolve_pending,official_annual_direct_consistent
688680.SH,海优新材,2025,Q_G_CASH_REALIZATION,1,130.604,123,0.94,auto_policy_eligible,run_resolve_pending,official_annual_direct_consistent
688680.SH,海优新材,2025,Q_G_COST_REVENUE_RATE,1,120.973,119,0.94,auto_policy_eligible,run_resolve_pending,official_annual_direct_consistent
688680.SH,海优新材,2025,Q_G_CURRENT_ASSET_TURNOVER,1,0.6394,115,0.94,auto_policy_eligible,run_resolve_pending,official_annual_direct_consistent
688680.SH,海优新材,2025,Q_G_EBITDA_INTEREST,1,-8.43584,120,0.94,auto_policy_eligible,run_resolve_pending,official_annual_direct_consistent
688680.SH,海优新材,2025,Q_G_OPERATING_MARGIN,1,-37.2567,120,0.94,auto_policy_eligible,run_resolve_pending,official_annual_direct_consistent
688680.SH,海优新材,2025,Q_G_OPERATING_PROFIT_GROWTH,1,-14.8153,120,0.94,auto_policy_eligible,run_resolve_pending,official_annual_direct_consistent
688680.SH,海优新材,2025,Q_G_REVENUE_GROWTH,1,-55.1865,8,0.91,auto_policy_eligible,run_resolve_pending,official_annual_direct_consistent
688680.SH,海优新材,2025,Q_G_ROA,1,-13.9182,120,0.94,auto_policy_eligible,run_resolve_pending,official_annual_direct_consistent
688680.SH,海优新材,2025,Q_G_ROE,1,36.21,8,0.92,auto_policy_eligible,run_resolve_pending,official_annual_direct_consistent
688680.SH,海优新材,2025,Q_G_TWO_FUNDS_RATE,1,38.3787,115,0.94,auto_policy_eligible,run_resolve_pending,official_annual_direct_consistent
688680.SH,海优新材,2025,Q_S_DIVIDEND_PER_SHARE,1,0,66,0.94,auto_policy_eligible,run_resolve_pending,official_annual_direct_consistent
688680.SH,海优新材,2025,Q_S_RD_RATE,1,6.01,8,0.96,auto_policy_eligible,run_resolve_pending,official_annual_direct_consistent
688681.SH,科汇股份,2025,Q_G_AR_TURNOVER,1,2.30006,120,0.94,auto_policy_eligible,run_resolve_pending,official_annual_direct_consistent
688681.SH,科汇股份,2025,Q_G_ASSET_TURNOVER,1,0.594704,121,0.94,auto_policy_eligible,run_resolve_pending,official_annual_direct_consistent
688681.SH,科汇股份,2025,Q_G_CAPITAL_ACCUMULATION,1,7.41867,122,0.94,auto_policy_eligible,run_resolve_pending,official_annual_direct_consistent
688681.SH,科汇股份,2025,Q_G_CASH_CURRENT_LIABILITY,1,24.3952,127,0.94,auto_policy_eligible,run_resolve_pending,official_annual_direct_consistent
688681.SH,科汇股份,2025,Q_G_CASH_REALIZATION,1,80.7848,127,0.94,auto_policy_eligible,run_resolve_pending,official_annual_direct_consistent
688681.SH,科汇股份,2025,Q_G_COST_REVENUE_RATE,1,92.563,124,0.94,auto_policy_eligible,run_resolve_pending,official_annual_direct_consistent
688681.SH,科汇股份,2025,Q_G_CURRENT_ASSET_TURNOVER,1,0.867727,120,0.94,auto_policy_eligible,run_resolve_pending,official_annual_direct_consistent
688681.SH,科汇股份,2025,Q_G_DEBT_ASSET_RATE,1,30.7339,121,0.94,auto_policy_eligible,run_resolve_pending,consolidated_statement_year_end_derived
688681.SH,科汇股份,2025,Q_G_EBITDA_INTEREST,1,94.7225,125,0.94,auto_policy_eligible,run_resolve_pending,official_annual_direct_consistent
688681.SH,科汇股份,2025,Q_G_OPERATING_MARGIN,1,9.86635,125,0.94,auto_policy_eligible,run_resolve_pending,official_annual_direct_consistent
688681.SH,科汇股份,2025,Q_G_OPERATING_PROFIT_GROWTH,1,55.9555,125,0.94,auto_policy_eligible,run_resolve_pending,official_annual_direct_consistent
688681.SH,科汇股份,2025,Q_G_REVENUE_GROWTH,1,20.312,7,0.91,auto_policy_eligible,run_resolve_pending,official_annual_direct_consistent
688681.SH,科汇股份,2025,Q_G_ROA,1,5.92214,125,0.94,auto_policy_eligible,run_resolve_pending,official_annual_direct_consistent
688681.SH,科汇股份,2025,Q_G_ROE,1,7.9,7,0.92,auto_policy_eligible,run_resolve_pending,official_annual_direct_consistent
688681.SH,科汇股份,2025,Q_G_TWO_FUNDS_RATE,1,47.4409,120,0.94,auto_policy_eligible,run_resolve_pending,official_annual_direct_consistent
688681.SH,科汇股份,2025,Q_S_DIVIDEND_PER_SHARE,1,0.193,75,0.94,auto_policy_eligible,run_resolve_pending,official_annual_direct_consistent
688681.SH,科汇股份,2025,Q_S_RD_RATE,2,11.24,8|31,0.96,auto_policy_eligible,run_resolve_pending,official_annual_direct_consistent
688707.SH,振华新材,2025,Q_G_AR_TURNOVER,1,2.69863,90,0.94,auto_policy_eligible,run_resolve_pending,official_annual_direct_consistent
688707.SH,振华新材,2025,Q_G_ASSET_TURNOVER,1,0.198708,91,0.94,auto_policy_eligible,run_resolve_pending,official_annual_direct_consistent
688707.SH,振华新材,2025,Q_G_CASH_CURRENT_LIABILITY,1,10.8611,98,0.94,auto_policy_eligible,run_resolve_pending,official_annual_direct_consistent
688707.SH,振华新材,2025,Q_G_CASH_REALIZATION,1,137.906,98,0.94,auto_policy_eligible,run_resolve_pending,official_annual_direct_consistent
688707.SH,振华新材,2025,Q_G_COST_REVENUE_RATE,1,129.105,94,0.94,auto_policy_eligible,run_resolve_pending,official_annual_direct_consistent
688707.SH,振华新材,2025,Q_G_CURRENT_ASSET_TURNOVER,1,0.351272,90,0.94,auto_policy_eligible,run_resolve_pending,official_annual_direct_consistent
688707.SH,振华新材,2025,Q_G_EBITDA_INTEREST,1,-7.12796,95,0.94,auto_policy_eligible,run_resolve_pending,official_annual_direct_consistent
688707.SH,振华新材,2025,Q_G_OPERATING_MARGIN,1,-31.8898,95,0.94,auto_policy_eligible,run_resolve_pending,official_annual_direct_consistent
688707.SH,振华新材,2025,Q_G_OPERATING_PROFIT_GROWTH,1,-27.3277,95,0.94,auto_policy_eligible,run_resolve_pending,official_annual_direct_consistent
688707.SH,振华新材,2025,Q_G_REVENUE_GROWTH,1,-27.1614,8,0.91,auto_policy_eligible,run_resolve_pending,official_annual_direct_consistent
688707.SH,振华新材,2025,Q_G_ROA,1,-5.54908,95,0.94,auto_policy_eligible,run_resolve_pending,official_annual_direct_consistent
688707.SH,振华新材,2025,Q_G_ROE,1,10.29,8,0.92,auto_policy_eligible,run_resolve_pending,official_annual_direct_consistent
688707.SH,振华新材,2025,Q_G_TWO_FUNDS_RATE,1,30.1297,90,0.94,auto_policy_eligible,run_resolve_pending,official_annual_direct_consistent
688707.SH,振华新材,2025,Q_S_RD_RATE,2,6.6,8|20,0.96,auto_policy_eligible,run_resolve_pending,official_annual_direct_consistent
688717.SH,艾罗能源,2025,Q_G_AR_TURNOVER,1,6.58948,106,0.94,auto_policy_eligible,run_resolve_pending,official_annual_direct_consistent
688717.SH,艾罗能源,2025,Q_G_ASSET_TURNOVER,1,0.614411,107,0.94,auto_policy_eligible,run_resolve_pending,official_annual_direct_consistent
688717.SH,艾罗能源,2025,Q_G_CASH_CURRENT_LIABILITY,1,12.9883,115,0.94,auto_policy_eligible,run_resolve_pending,official_annual_direct_consistent
688717.SH,艾罗能源,2025,Q_G_CASH_REALIZATION,1,106.151,114,0.94,auto_policy_eligible,run_resolve_pending,official_annual_direct_consistent
688717.SH,艾罗能源,2025,Q_G_COST_REVENUE_RATE,1,97.7552,111,0.94,auto_policy_eligible,run_resolve_pending,official_annual_direct_consistent
688717.SH,艾罗能源,2025,Q_G_CURRENT_ASSET_TURNOVER,1,0.797893,107,0.94,auto_policy_eligible,run_resolve_pending,official_annual_direct_consistent
688717.SH,艾罗能源,2025,Q_G_DEBT_ASSET_RATE,1,38.8659,108,0.94,auto_policy_eligible,run_resolve_pending,consolidated_statement_year_end_derived
688717.SH,艾罗能源,2025,Q_G_EBITDA_INTEREST,1,22.6937,111,0.94,auto_policy_eligible,run_resolve_pending,official_annual_direct_consistent
688717.SH,艾罗能源,2025,Q_G_OPERATING_MARGIN,1,1.17287,111,0.94,auto_policy_eligible,run_resolve_pending,official_annual_direct_consistent
688717.SH,艾罗能源,2025,Q_G_REVENUE_GROWTH,1,32.8402,8,0.91,auto_policy_eligible,run_resolve_pending,official_annual_direct_consistent
688717.SH,艾罗能源,2025,Q_G_ROA,1,0.700519,111,0.94,auto_policy_eligible,run_resolve_pending,official_annual_direct_consistent
688717.SH,艾罗能源,2025,Q_G_ROE,1,2.72,8,0.92,auto_policy_eligible,run_resolve_pending,official_annual_direct_consistent
688717.SH,艾罗能源,2025,Q_G_TWO_FUNDS_RATE,1,40.965,107,0.94,auto_policy_eligible,run_resolve_pending,official_annual_direct_consistent
688717.SH,艾罗能源,2025,Q_S_RD_RATE,2,14.89,8|25,0.96,auto_policy_eligible,run_resolve_pending,official_annual_direct_consistent
688719.SH,爱科赛博,2025,Q_G_AR_TURNOVER,1,1.87021,135,0.94,auto_policy_eligible,run_resolve_pending,official_annual_direct_consistent
688719.SH,爱科赛博,2025,Q_G_ASSET_TURNOVER,1,0.690965,136,0.94,auto_policy_eligible,run_resolve_pending,official_annual_direct_consistent
688719.SH,爱科赛博,2025,Q_G_CASH_CURRENT_LIABILITY,1,2.99064,144,0.94,auto_policy_eligible,run_resolve_pending,official_annual_direct_consistent
688719.SH,爱科赛博,2025,Q_G_CASH_REALIZATION,1,78.7148,143,0.94,auto_policy_eligible,run_resolve_pending,official_annual_direct_consistent
688719.SH,爱科赛博,2025,Q_G_COST_REVENUE_RATE,1,107.035,139,0.94,auto_policy_eligible,run_resolve_pending,official_annual_direct_consistent
688719.SH,爱科赛博,2025,Q_G_CURRENT_ASSET_TURNOVER,1,0.497256,135,0.94,auto_policy_eligible,run_resolve_pending,official_annual_direct_consistent
688719.SH,爱科赛博,2025,Q_G_EBITDA_INTEREST,1,-25.0919,140,0.94,auto_policy_eligible,run_resolve_pending,official_annual_direct_consistent
688719.SH,爱科赛博,2025,Q_G_OPERATING_MARGIN,1,-7.43324,140,0.94,auto_policy_eligible,run_resolve_pending,official_annual_direct_consistent
688719.SH,爱科赛博,2025,Q_G_REVENUE_GROWTH,1,-3.47831,7,0.91,auto_policy_eligible,run_resolve_pending,official_annual_direct_consistent
688719.SH,爱科赛博,2025,Q_G_ROA,1,-5.09405,140,0.94,auto_policy_eligible,run_resolve_pending,official_annual_direct_consistent
688719.SH,爱科赛博,2025,Q_G_ROE,1,2.63,8,0.92,auto_policy_eligible,run_resolve_pending,official_annual_direct_consistent
688719.SH,爱科赛博,2025,Q_G_TWO_FUNDS_RATE,1,57.5973,135,0.94,auto_policy_eligible,run_resolve_pending,official_annual_direct_consistent
688719.SH,爱科赛博,2025,Q_S_DIVIDEND_PER_SHARE,1,0,86,0.94,auto_policy_eligible,run_resolve_pending,official_annual_direct_consistent
688719.SH,爱科赛博,2025,Q_S_RD_RATE,2,19.56,8|42,0.96,auto_policy_eligible,run_resolve_pending,official_annual_direct_consistent
688733.SH,壹石通,2025,Q_G_AR_TURNOVER,1,2.46043,145,0.94,auto_policy_eligible,run_resolve_pending,official_annual_direct_consistent
688733.SH,壹石通,2025,Q_G_ASSET_TURNOVER,1,0.187097,146,0.94,auto_policy_eligible,run_resolve_pending,official_annual_direct_consistent
688733.SH,壹石通,2025,Q_G_CASH_REALIZATION,1,80.6682,153,0.94,auto_policy_eligible,run_resolve_pending,official_annual_direct_consistent
688733.SH,壹石通,2025,Q_G_COST_REVENUE_RATE,1,110.018,149,0.94,auto_policy_eligible,run_resolve_pending,official_annual_direct_consistent
688733.SH,壹石通,2025,Q_G_CURRENT_ASSET_TURNOVER,1,0.518679,145,0.94,auto_policy_eligible,run_resolve_pending,official_annual_direct_consistent
688733.SH,壹石通,2025,Q_G_DEBT_ASSET_RATE,1,39.6904,146,0.94,auto_policy_eligible,run_resolve_pending,consolidated_statement_year_end_derived
688733.SH,壹石通,2025,Q_G_EBITDA_INTEREST,1,-1.38334,150,0.94,auto_policy_eligible,run_resolve_pending,official_annual_direct_consistent
688733.SH,壹石通,2025,Q_G_OPERATING_MARGIN,1,-6.49935,150,0.94,auto_policy_eligible,run_resolve_pending,official_annual_direct_consistent
688733.SH,壹石通,2025,Q_G_OPERATING_PROFIT_GROWTH,1,-767.512,150,0.94,auto_policy_eligible,run_resolve_pending,official_annual_direct_consistent
688733.SH,壹石通,2025,Q_G_REVENUE_GROWTH,1,24.8867,8,0.91,auto_policy_eligible,run_resolve_pending,official_annual_direct_consistent
688733.SH,壹石通,2025,Q_G_ROA,1,-0.702275,150,0.94,auto_policy_eligible,run_resolve_pending,official_annual_direct_consistent
688733.SH,壹石通,2025,Q_G_ROE,1,1.02,8,0.92,auto_policy_eligible,run_resolve_pending,official_annual_direct_consistent
688733.SH,壹石通,2025,Q_G_TWO_FUNDS_RATE,1,39.5162,145,0.94,auto_policy_eligible,run_resolve_pending,official_annual_direct_consistent
688733.SH,壹石通,2025,Q_S_DIVIDEND_PER_SHARE,1,0.1,76,0.94,auto_policy_eligible,run_resolve_pending,official_annual_direct_consistent
688733.SH,壹石通,2025,Q_S_RD_RATE,1,10.73,8,0.96,auto_policy_eligible,run_resolve_pending,official_annual_direct_consistent
688772.SH,珠海冠宇,2025,Q_G_AR_TURNOVER,1,3.91272,116,0.94,auto_policy_eligible,run_resolve_pending,official_annual_direct_consistent
688772.SH,珠海冠宇,2025,Q_G_ASSET_TURNOVER,1,0.611945,117,0.94,auto_policy_eligible,run_resolve_pending,official_annual_direct_consistent
688772.SH,珠海冠宇,2025,Q_G_CASH_CURRENT_LIABILITY,1,16.6092,124,0.94,auto_policy_eligible,run_resolve_pending,official_annual_direct_consistent
688772.SH,珠海冠宇,2025,Q_G_CASH_REALIZATION,1,101.171,124,0.94,auto_policy_eligible,run_resolve_pending,official_annual_direct_consistent
688772.SH,珠海冠宇,2025,Q_G_COST_REVENUE_RATE,1,99.5253,120,0.94,auto_policy_eligible,run_resolve_pending,official_annual_direct_consistent
688772.SH,珠海冠宇,2025,Q_G_CURRENT_ASSET_TURNOVER,1,1.45768,116,0.94,auto_policy_eligible,run_resolve_pending,official_annual_direct_consistent
688772.SH,珠海冠宇,2025,Q_G_EBITDA_INTEREST,1,1.57031,121,0.94,auto_policy_eligible,run_resolve_pending,official_annual_direct_consistent
688772.SH,珠海冠宇,2025,Q_G_OPERATING_MARGIN,1,0.721954,121,0.94,auto_policy_eligible,run_resolve_pending,official_annual_direct_consistent
688772.SH,珠海冠宇,2025,Q_G_OPERATING_PROFIT_GROWTH,1,-10.5356,121,0.94,auto_policy_eligible,run_resolve_pending,official_annual_direct_consistent
688772.SH,珠海冠宇,2025,Q_G_REVENUE_GROWTH,1,24.8619,9,0.91,auto_policy_eligible,run_resolve_pending,official_annual_direct_consistent
688772.SH,珠海冠宇,2025,Q_G_ROA,1,1.25931,121,0.94,auto_policy_eligible,run_resolve_pending,official_annual_direct_consistent
688772.SH,珠海冠宇,2025,Q_G_ROE,1,6.35,9,0.92,auto_policy_eligible,run_resolve_pending,official_annual_direct_consistent
688772.SH,珠海冠宇,2025,Q_G_TWO_FUNDS_RATE,1,65.9707,116,0.94,auto_policy_eligible,run_resolve_pending,official_annual_direct_consistent
688772.SH,珠海冠宇,2025,Q_S_DIVIDEND_PER_SHARE,1,0.3,58,0.94,auto_policy_eligible,run_resolve_pending,official_annual_direct_consistent
688772.SH,珠海冠宇,2025,Q_S_RD_RATE,1,12.89,9,0.96,auto_policy_eligible,run_resolve_pending,official_annual_direct_consistent
688778.SH,厦钨新能,2025,Q_G_AR_TURNOVER,1,6.21887,131,0.94,auto_policy_eligible,run_resolve_pending,official_annual_direct_consistent
688778.SH,厦钨新能,2025,Q_G_ASSET_TURNOVER,1,1.07628,132,0.94,auto_policy_eligible,run_resolve_pending,official_annual_direct_consistent
688778.SH,厦钨新能,2025,Q_G_CASH_CURRENT_LIABILITY,1,10.1654,139,0.94,auto_policy_eligible,run_resolve_pending,official_annual_direct_consistent
688778.SH,厦钨新能,2025,Q_G_CASH_REALIZATION,1,75.5049,139,0.94,auto_policy_eligible,run_resolve_pending,official_annual_direct_consistent
688778.SH,厦钨新能,2025,Q_G_COST_REVENUE_RATE,1,94.6408,135,0.94,auto_policy_eligible,run_resolve_pending,official_annual_direct_consistent
688778.SH,厦钨新能,2025,Q_G_CURRENT_ASSET_TURNOVER,1,1.66208,131,0.94,auto_policy_eligible,run_resolve_pending,official_annual_direct_consistent
688778.SH,厦钨新能,2025,Q_G_EBITDA_INTEREST,1,46.4094,136,0.94,auto_policy_eligible,run_resolve_pending,official_annual_direct_consistent
688778.SH,厦钨新能,2025,Q_G_OPERATING_MARGIN,1,4.40237,136,0.94,auto_policy_eligible,run_resolve_pending,official_annual_direct_consistent
688778.SH,厦钨新能,2025,Q_G_REVENUE_GROWTH,1,46.7036,10,0.91,auto_policy_eligible,run_resolve_pending,official_annual_direct_consistent
688778.SH,厦钨新能,2025,Q_G_ROA,1,4.74817,136,0.94,auto_policy_eligible,run_resolve_pending,official_annual_direct_consistent
688778.SH,厦钨新能,2025,Q_G_ROE,1,8.34,10,0.92,auto_policy_eligible,run_resolve_pending,official_annual_direct_consistent
688778.SH,厦钨新能,2025,Q_G_TWO_FUNDS_RATE,1,71.2646,131,0.94,auto_policy_eligible,run_resolve_pending,official_annual_direct_consistent
688778.SH,厦钨新能,2025,Q_S_DIVIDEND_PER_SHARE,1,0.5,76,0.94,auto_policy_eligible,run_resolve_pending,official_annual_direct_consistent
688778.SH,厦钨新能,2025,Q_S_RD_RATE,2,2.74,10|28,0.96,auto_policy_eligible,run_resolve_pending,official_annual_direct_consistent
688779.SH,五矿新能,2025,Q_G_AR_TURNOVER,1,2.72702,96,0.94,auto_policy_eligible,run_resolve_pending,official_annual_direct_consistent
688779.SH,五矿新能,2025,Q_G_ASSET_TURNOVER,1,0.643612,97,0.94,auto_policy_eligible,run_resolve_pending,official_annual_direct_consistent
688779.SH,五矿新能,2025,Q_G_CASH_CURRENT_LIABILITY,1,4.57259,104,0.94,auto_policy_eligible,run_resolve_pending,official_annual_direct_consistent
688779.SH,五矿新能,2025,Q_G_CASH_REALIZATION,1,50.7074,104,0.94,auto_policy_eligible,run_resolve_pending,official_annual_direct_consistent
688779.SH,五矿新能,2025,Q_G_COST_REVENUE_RATE,1,97.8741,100,0.94,auto_policy_eligible,run_resolve_pending,official_annual_direct_consistent
688779.SH,五矿新能,2025,Q_G_CURRENT_ASSET_TURNOVER,1,1.05353,97,0.94,auto_policy_eligible,run_resolve_pending,official_annual_direct_consistent
688779.SH,五矿新能,2025,Q_G_EBITDA_INTEREST,1,1.7613,101,0.94,auto_policy_eligible,run_resolve_pending,official_annual_direct_consistent
688779.SH,五矿新能,2025,Q_G_OPERATING_MARGIN,1,0.926868,101,0.94,auto_policy_eligible,run_resolve_pending,official_annual_direct_consistent
688779.SH,五矿新能,2025,Q_G_OPERATING_PROFIT_GROWTH,1,339.488,101,0.94,auto_policy_eligible,run_resolve_pending,official_annual_direct_consistent
688779.SH,五矿新能,2025,Q_G_REVENUE_GROWTH,1,68.6209,7,0.91,auto_policy_eligible,run_resolve_pending,official_annual_direct_consistent
688779.SH,五矿新能,2025,Q_G_ROA,1,1.68269,101,0.94,auto_policy_eligible,run_resolve_pending,official_annual_direct_consistent
688779.SH,五矿新能,2025,Q_G_ROE,1,3.19,8,0.92,auto_policy_eligible,run_resolve_pending,official_annual_direct_consistent
688779.SH,五矿新能,2025,Q_G_TWO_FUNDS_RATE,1,62.5668,97,0.94,auto_policy_eligible,run_resolve_pending,official_annual_direct_consistent
688779.SH,五矿新能,2025,Q_S_DIVIDEND_PER_SHARE,1,0.04137,51,0.94,auto_policy_eligible,run_resolve_pending,official_annual_direct_consistent
688779.SH,五矿新能,2025,Q_S_RD_RATE,2,2.87,8|18,0.96,auto_policy_eligible,run_resolve_pending,official_annual_direct_consistent
688819.SH,天能股份,2025,Q_G_AR_TURNOVER,1,28.5816,122,0.94,auto_policy_eligible,run_resolve_pending,official_annual_direct_consistent
688819.SH,天能股份,2025,Q_G_ASSET_TURNOVER,1,1.03124,123,0.94,auto_policy_eligible,run_resolve_pending,official_annual_direct_consistent
688819.SH,天能股份,2025,Q_G_CASH_REALIZATION,1,108.998,130,0.94,auto_policy_eligible,run_resolve_pending,official_annual_direct_consistent
688819.SH,天能股份,2025,Q_G_COST_REVENUE_RATE,1,97.2599,127,0.94,auto_policy_eligible,run_resolve_pending,official_annual_direct_consistent
688819.SH,天能股份,2025,Q_G_CURRENT_ASSET_TURNOVER,1,1.49058,123,0.94,auto_policy_eligible,run_resolve_pending,official_annual_direct_consistent
688819.SH,天能股份,2025,Q_G_EBITDA_INTEREST,1,14.0297,127,0.94,auto_policy_eligible,run_resolve_pending,official_annual_direct_consistent
688819.SH,天能股份,2025,Q_G_OPERATING_MARGIN,1,3.97506,127,0.94,auto_policy_eligible,run_resolve_pending,official_annual_direct_consistent
688819.SH,天能股份,2025,Q_G_OPERATING_PROFIT_GROWTH,1,-13.8334,127,0.94,auto_policy_eligible,run_resolve_pending,official_annual_direct_consistent
688819.SH,天能股份,2025,Q_G_REVENUE_GROWTH,1,1.66637,10,0.91,auto_policy_eligible,run_resolve_pending,official_annual_direct_consistent
688819.SH,天能股份,2025,Q_G_ROA,1,4.47137,127,0.94,auto_policy_eligible,run_resolve_pending,official_annual_direct_consistent
688819.SH,天能股份,2025,Q_G_ROE,1,9.7,10,0.92,auto_policy_eligible,run_resolve_pending,official_annual_direct_consistent
688819.SH,天能股份,2025,Q_G_TWO_FUNDS_RATE,1,23.5371,123,0.94,auto_policy_eligible,run_resolve_pending,official_annual_direct_consistent
688819.SH,天能股份,2025,Q_S_DIVIDEND_PER_SHARE,1,0.55,67,0.94,auto_policy_eligible,run_resolve_pending,official_annual_direct_consistent
688819.SH,天能股份,2025,Q_S_RD_RATE,2,4.05,11|34,0.96,auto_policy_eligible,run_resolve_pending,official_annual_direct_consistent
920110.BJ,雷特科技,2025,Q_G_DEBT_ASSET_RATE,1,7.49,158,0.9,auto_policy_eligible,run_resolve_pending,official_annual_direct_consistent
920152.BJ,昆工科技,2025,Q_G_DEBT_ASSET_RATE,1,68.47,60,0.9,auto_policy_eligible,run_resolve_pending,official_annual_direct_consistent
920237.BJ,力佳科技,2025,Q_G_DEBT_ASSET_RATE,1,23.21,13,0.9,auto_policy_eligible,run_resolve_pending,official_annual_direct_consistent
920375.BJ,派诺科技,2025,Q_G_DEBT_ASSET_RATE,1,36.31,195,0.9,auto_policy_eligible,run_resolve_pending,official_annual_direct_consistent
920496.BJ,许昌智能,2025,Q_G_DEBT_ASSET_RATE,1,45.55,191,0.9,auto_policy_eligible,run_resolve_pending,official_annual_direct_consistent
920523.BJ,德瑞锂电,2025,Q_G_DEBT_ASSET_RATE,1,30.55,12,0.9,auto_policy_eligible,run_resolve_pending,official_annual_direct_consistent
920914.BJ,远航精密,2025,Q_G_ROE,1,5.9,9,0.92,auto_policy_eligible,run_resolve_pending,official_annual_direct_consistent
920985.BJ,海泰新能,2025,Q_G_DEBT_ASSET_RATE,1,86.89,42,0.9,auto_policy_eligible,run_resolve_pending,official_annual_direct_consistent
