company_code,company_name,report_year,indicator_code,decision,candidate_count,distinct_values,selected_value,policy_version,reason
000009.SZ,中国宝安,2025,Q_G_CAPITAL_ACCUMULATION,auto_confirmed,1,-2.1447,-2.1447,public-disclosure-v4,official_annual_direct_consistent
000009.SZ,中国宝安,2025,Q_G_DEBT_ASSET_RATE,auto_confirmed,2,2.4918|59.78,2.4918,public-disclosure-v4,consolidated_statement_year_end_derived
000009.SZ,中国宝安,2025,Q_G_ROE,auto_confirmed,1,2.04,2.04,public-disclosure-v4,official_annual_direct_consistent
000009.SZ,中国宝安,2025,Q_S_DIVIDEND_PER_SHARE,auto_confirmed,1,0.03,0.03,public-disclosure-v4,official_annual_direct_consistent
00002.HK,CLP HOLDINGS,2025,Q_G_CAPITAL_ACCUMULATION,auto_confirmed,1,2.9043,2.9043,public-disclosure-v4,official_annual_direct_consistent
00002.HK,CLP HOLDINGS,2025,Q_G_EBITDA_MARGIN,auto_confirmed,1,29.3248,29.3248,public-disclosure-v4,strict_extraction_evidence_consistent
00002.HK,CLP HOLDINGS,2025,Q_G_REVENUE_GROWTH,auto_confirmed,1,3.347,3.347,public-disclosure-v4,official_annual_direct_consistent
00002.HK,CLP HOLDINGS,2025,Q_G_ROE,auto_confirmed,1,10.9664,10.9664,public-disclosure-v4,official_annual_direct_consistent
000027.SZ,深圳能源,2025,Q_G_CAPITAL_ACCUMULATION,auto_confirmed,1,3.9526,3.9526,public-disclosure-v4,official_annual_direct_consistent
000027.SZ,深圳能源,2025,Q_G_DEBT_ASSET_RATE,auto_confirmed,2,61.99|61.9918,61.9918,public-disclosure-v4,consolidated_statement_year_end_derived
000027.SZ,深圳能源,2025,Q_G_ROE,manual_required,3,1|4.66,,public-disclosure-v4,conflicting_or_ineligible_sources
000027.SZ,深圳能源,2025,Q_G_TWO_FUNDS_RATE,auto_confirmed,1,37.5126,37.5126,public-disclosure-v4,official_annual_direct_consistent
000027.SZ,深圳能源,2025,Q_S_DIVIDEND_PER_SHARE,auto_confirmed,1,0.16,0.16,public-disclosure-v4,official_annual_direct_consistent
00003.HK,HK & CHINA GAS,2025,Q_G_CAPITAL_ACCUMULATION,auto_confirmed,1,4.4719,4.4719,public-disclosure-v4,official_annual_direct_consistent
000037.SZ,深南电A,2025,Q_G_DEBT_ASSET_RATE,auto_confirmed,1,65,65,public-disclosure-v4,official_annual_direct_consistent
000037.SZ,深南电A,2025,Q_G_ROE,auto_confirmed,1,10.28,10.28,public-disclosure-v4,official_annual_direct_consistent
000037.SZ,深南电A,2025,Q_S_DIVIDEND_PER_SHARE,auto_confirmed,1,0.032,0.032,public-disclosure-v4,official_annual_direct_consistent
000049.SZ,德赛电池,2025,Q_G_CAPITAL_ACCUMULATION,auto_confirmed,1,-9998.26,-9998.26,public-disclosure-v4,official_annual_direct_consistent
000049.SZ,德赛电池,2025,Q_G_DEBT_ASSET_RATE,auto_confirmed,1,12.6782,12.6782,public-disclosure-v4,consolidated_statement_year_end_derived
000049.SZ,德赛电池,2025,Q_G_ROE,auto_confirmed,1,4.4,4.4,public-disclosure-v4,official_annual_direct_consistent
000049.SZ,德赛电池,2025,Q_G_TWO_FUNDS_RATE,auto_confirmed,1,200,200,public-disclosure-v4,official_annual_direct_consistent
000049.SZ,德赛电池,2025,Q_S_DIVIDEND_PER_SHARE,auto_confirmed,1,0.23,0.23,public-disclosure-v4,official_annual_direct_consistent
00006.HK,POWER ASSETS,2025,Q_G_EBITDA_INTEREST,auto_confirmed,1,29.307,29.307,public-disclosure-v4,official_annual_direct_consistent
00006.HK,POWER ASSETS,2025,Q_G_REVENUE_GROWTH,auto_confirmed,1,-16.1045,-16.1045,public-disclosure-v4,official_annual_direct_consistent
000096.SZ,广聚能源,2025,Q_G_ROE,auto_confirmed,1,4.14,4.14,public-disclosure-v4,official_annual_direct_consistent
000096.SZ,广聚能源,2025,Q_S_DIVIDEND_PER_SHARE,auto_confirmed,1,0.075,0.075,public-disclosure-v4,official_annual_direct_consistent
000155.SZ,川能动力,2025,Q_G_DEBT_ASSET_RATE,auto_confirmed,1,52.94,52.94,public-disclosure-v4,official_annual_direct_consistent
000155.SZ,川能动力,2025,Q_G_ROE,auto_confirmed,1,4.81,4.81,public-disclosure-v4,official_annual_direct_consistent
000400.SZ,许继电气,2025,Q_G_ROE,auto_confirmed,1,9.94,9.94,public-disclosure-v4,official_annual_direct_consistent
000400.SZ,许继电气,2025,Q_S_DIVIDEND_PER_SHARE,auto_confirmed,2,0.221,0.221,public-disclosure-v4,official_annual_direct_consistent
000407.SZ,胜利股份,2025,Q_G_ROE,auto_confirmed,1,5.14,5.14,public-disclosure-v4,official_annual_direct_consistent
000407.SZ,胜利股份,2025,Q_S_DIVIDEND_PER_SHARE,auto_confirmed,1,0.06,0.06,public-disclosure-v4,official_annual_direct_consistent
00042.HK,NE ELECTRIC,2025,Q_G_EBITDA_INTEREST,auto_confirmed,1,-281.322,-281.322,public-disclosure-v4,official_annual_direct_consistent
00042.HK,NE ELECTRIC,2025,Q_G_EBITDA_MARGIN,auto_confirmed,1,-43.9642,-43.9642,public-disclosure-v4,strict_extraction_evidence_consistent
00042.HK,NE ELECTRIC,2025,Q_G_REVENUE_GROWTH,auto_confirmed,1,4.9405,4.9405,public-disclosure-v4,official_annual_direct_consistent
000421.SZ,南京公用,2025,Q_G_ROE,auto_confirmed,1,1.76,1.76,public-disclosure-v4,official_annual_direct_consistent
000421.SZ,南京公用,2025,Q_S_DIVIDEND_PER_SHARE,auto_confirmed,2,0.06,0.06,public-disclosure-v4,official_annual_direct_consistent
000531.SZ,穗恒运Ａ,2025,Q_E_ENERGY_INTENSITY,auto_confirmed,1,5920,5920,public-disclosure-v4,official_esg_direct_consistent
000531.SZ,穗恒运Ａ,2025,Q_E_GHG_INTENSITY,auto_confirmed,1,18790,18790,public-disclosure-v4,official_esg_direct_consistent
000531.SZ,穗恒运Ａ,2025,Q_G_ROE,auto_confirmed,1,4.47,4.47,public-disclosure-v4,official_annual_direct_consistent
000531.SZ,穗恒运Ａ,2025,Q_S_DIVIDEND_PER_SHARE,manual_required,2,0.05|1,,public-disclosure-v4,conflicting_or_ineligible_sources
000533.SZ,顺钠股份,2025,Q_G_ROE,auto_confirmed,1,11.1,11.1,public-disclosure-v4,official_annual_direct_consistent
000537.SZ,绿发电力,2025,Q_G_DEBT_ASSET_RATE,auto_confirmed,1,73.81,73.81,public-disclosure-v4,official_annual_direct_consistent
000537.SZ,绿发电力,2025,Q_G_ROE,auto_confirmed,1,4.05,4.05,public-disclosure-v4,official_annual_direct_consistent
000537.SZ,绿发电力,2025,Q_S_DIVIDEND_PER_SHARE,auto_confirmed,2,0.12,0.12,public-disclosure-v4,official_annual_direct_consistent
000539.SZ,粤电力Ａ,2025,Q_G_DEBT_ASSET_RATE,auto_confirmed,3,77.71,77.71,public-disclosure-v4,official_annual_direct_consistent
000539.SZ,粤电力Ａ,2025,Q_G_ROE,auto_confirmed,1,2.59,2.59,public-disclosure-v4,official_annual_direct_consistent
000539.SZ,粤电力Ａ,2025,Q_S_DIVIDEND_PER_SHARE,auto_confirmed,1,0.02,0.02,public-disclosure-v4,official_annual_direct_consistent
000543.SZ,皖能电力,2025,Q_G_DEBT_ASSET_RATE,auto_confirmed,1,62.72,62.72,public-disclosure-v4,official_annual_direct_consistent
000543.SZ,皖能电力,2025,Q_G_ROE,auto_confirmed,1,12.95,12.95,public-disclosure-v4,official_annual_direct_consistent
000543.SZ,皖能电力,2025,Q_S_DIVIDEND_PER_SHARE,auto_confirmed,2,0.379,0.379,public-disclosure-v4,official_annual_direct_consistent
000543.SZ,皖能电力,2025,Q_S_RD_RATE,manual_required,1,0.78,,public-disclosure-v4,conflicting_or_ineligible_sources
000554.SZ,泰山石油,2025,Q_G_ROE,auto_confirmed,1,14.22,14.22,public-disclosure-v4,official_annual_direct_consistent
000554.SZ,泰山石油,2025,Q_S_DIVIDEND_PER_SHARE,auto_confirmed,4,0.023|0.085|72.119,0.085,public-disclosure-v4,official_annual_direct_consistent
000591.SZ,太阳能,2025,Q_G_DEBT_ASSET_RATE,auto_confirmed,1,53.89,53.89,public-disclosure-v4,official_annual_direct_consistent
000591.SZ,太阳能,2025,Q_G_ROE,auto_confirmed,1,3.47,3.47,public-disclosure-v4,official_annual_direct_consistent
000591.SZ,太阳能,2025,Q_S_DIVIDEND_PER_SHARE,auto_confirmed,1,0.013,0.013,public-disclosure-v4,official_annual_direct_consistent
000593.SZ,德龙汇能,2025,Q_G_ROE,auto_confirmed,1,2.37,2.37,public-disclosure-v4,official_annual_direct_consistent
000600.SZ,建投能源,2025,Q_G_CAPITAL_ACCUMULATION,auto_confirmed,1,23.1092,23.1092,public-disclosure-v4,official_annual_direct_consistent
000600.SZ,建投能源,2025,Q_G_DEBT_ASSET_RATE,auto_confirmed,3,59.18|29512.3,29512.3,public-disclosure-v4,consolidated_statement_year_end_derived
000600.SZ,建投能源,2025,Q_G_ROE,auto_confirmed,1,16.58,16.58,public-disclosure-v4,official_annual_direct_consistent
000600.SZ,建投能源,2025,Q_G_TWO_FUNDS_RATE,auto_confirmed,1,3024.71,3024.71,public-disclosure-v4,official_annual_direct_consistent
000600.SZ,建投能源,2025,Q_S_DIVIDEND_PER_SHARE,auto_confirmed,2,0.32,0.32,public-disclosure-v4,official_annual_direct_consistent
000601.SZ,韶能股份,2025,Q_G_DEBT_ASSET_RATE,auto_confirmed,1,65.94,65.94,public-disclosure-v4,official_annual_direct_consistent
000601.SZ,韶能股份,2025,Q_G_ROE,auto_confirmed,1,2.61,2.61,public-disclosure-v4,official_annual_direct_consistent
000601.SZ,韶能股份,2025,Q_S_DIVIDEND_PER_SHARE,auto_confirmed,1,0.05,0.05,public-disclosure-v4,official_annual_direct_consistent
00061.HK,GREEN LEADER,2025,Q_G_REVENUE_GROWTH,auto_confirmed,1,28.0312,28.0312,public-disclosure-v4,official_annual_direct_consistent
000637.SZ,茂化实华,2025,Q_G_DEBT_ASSET_RATE,auto_confirmed,1,69.03,69.03,public-disclosure-v4,official_annual_direct_consistent
000637.SZ,茂化实华,2025,Q_G_ROE,auto_confirmed,1,24.66,24.66,public-disclosure-v4,official_annual_direct_consistent
00065.HK,GRAND OCEAN AR,2025,Q_G_CAPITAL_ACCUMULATION,auto_confirmed,1,-27.3758,-27.3758,public-disclosure-v4,official_annual_direct_consistent
00065.HK,GRAND OCEAN AR,2025,Q_G_CASH_CURRENT_LIABILITY,auto_confirmed,1,-14.4056,-14.4056,public-disclosure-v4,official_annual_direct_consistent
00065.HK,GRAND OCEAN AR,2025,Q_G_CURRENT_ASSET_TURNOVER,auto_confirmed,1,1.4553,1.4553,public-disclosure-v4,official_annual_direct_consistent
00065.HK,GRAND OCEAN AR,2025,Q_G_QUICK_RATIO,auto_confirmed,1,139.118,139.118,public-disclosure-v4,strict_extraction_evidence_consistent
00065.HK,GRAND OCEAN AR,2025,Q_G_REVENUE_GROWTH,auto_confirmed,1,-10.7122,-10.7122,public-disclosure-v4,official_annual_direct_consistent
00065.HK,GRAND OCEAN AR,2025,Q_G_ROE,auto_confirmed,1,-47.0432,-47.0432,public-disclosure-v4,official_annual_direct_consistent
000682.SZ,东方电子,2025,Q_G_ROE,auto_confirmed,1,16.5,16.5,public-disclosure-v4,official_annual_direct_consistent
000682.SZ,东方电子,2025,Q_S_DIVIDEND_PER_SHARE,auto_confirmed,1,0.05,0.05,public-disclosure-v4,official_annual_direct_consistent
000690.SZ,宝新能源,2025,Q_G_CAPITAL_ACCUMULATION,auto_confirmed,1,4.5888,4.5888,public-disclosure-v4,official_annual_direct_consistent
000690.SZ,宝新能源,2025,Q_G_TWO_FUNDS_RATE,auto_confirmed,1,19.422,19.422,public-disclosure-v4,official_annual_direct_consistent
000690.SZ,宝新能源,2025,Q_S_DIVIDEND_PER_SHARE,auto_confirmed,2,0.2,0.2,public-disclosure-v4,official_annual_direct_consistent
000692.SZ,惠天热电,2025,Q_G_ROE,auto_confirmed,1,32.15,32.15,public-disclosure-v4,official_annual_direct_consistent
000703.SZ,恒逸石化,2025,Q_G_DEBT_ASSET_RATE,auto_confirmed,2,72.28,72.28,public-disclosure-v4,official_annual_direct_consistent
000703.SZ,恒逸石化,2025,Q_S_DIVIDEND_PER_SHARE,auto_confirmed,1,0.05,0.05,public-disclosure-v4,official_annual_direct_consistent
000720.SZ,新能泰山,2025,Q_G_DEBT_ASSET_RATE,auto_confirmed,1,58.27,58.27,public-disclosure-v4,official_annual_direct_consistent
000720.SZ,新能泰山,2025,Q_G_ROE,auto_confirmed,1,21.54,21.54,public-disclosure-v4,official_annual_direct_consistent
000722.SZ,湖南发展,2025,Q_G_DEBT_ASSET_RATE,auto_confirmed,1,10.09,10.09,public-disclosure-v4,official_annual_direct_consistent
000722.SZ,湖南发展,2025,Q_G_ROE,auto_confirmed,1,2.31,2.31,public-disclosure-v4,official_annual_direct_consistent
000722.SZ,湖南发展,2025,Q_S_DIVIDEND_PER_SHARE,auto_confirmed,3,0.05,0.05,public-disclosure-v4,official_annual_direct_consistent
000723.SZ,美锦能源,2025,Q_G_DEBT_ASSET_RATE,auto_confirmed,1,65.15,65.15,public-disclosure-v4,official_annual_direct_consistent
000723.SZ,美锦能源,2025,Q_G_ROE,auto_confirmed,1,8.13,8.13,public-disclosure-v4,official_annual_direct_consistent
000767.SZ,晋控电力,2025,Q_G_DEBT_ASSET_RATE,auto_confirmed,1,81.37,81.37,public-disclosure-v4,official_annual_direct_consistent
000767.SZ,晋控电力,2025,Q_G_ROE,auto_confirmed,1,0.65,0.65,public-disclosure-v4,official_annual_direct_consistent
000791.SZ,甘肃能源,2025,Q_G_DEBT_ASSET_RATE,auto_confirmed,1,52.35,52.35,public-disclosure-v4,official_annual_direct_consistent
000791.SZ,甘肃能源,2025,Q_G_ROE,auto_confirmed,1,14.4,14.4,public-disclosure-v4,official_annual_direct_consistent
000791.SZ,甘肃能源,2025,Q_S_DIVIDEND_PER_SHARE,auto_confirmed,2,0.23,0.23,public-disclosure-v4,official_annual_direct_consistent
000791.SZ,甘肃能源,2025,Q_S_RD_RATE,manual_required,1,0.06,,public-disclosure-v4,conflicting_or_ineligible_sources
000862.SZ,银星能源,2025,Q_G_ROE,auto_confirmed,1,1.04,1.04,public-disclosure-v4,official_annual_direct_consistent
000875.SZ,电投绿能,2025,Q_G_DEBT_ASSET_RATE,auto_confirmed,1,69.57,69.57,public-disclosure-v4,official_annual_direct_consistent
000875.SZ,电投绿能,2025,Q_G_ROE,auto_confirmed,1,3.03,3.03,public-disclosure-v4,official_annual_direct_consistent
000875.SZ,电投绿能,2025,Q_S_DIVIDEND_PER_SHARE,auto_confirmed,2,0.016,0.016,public-disclosure-v4,official_annual_direct_consistent
000883.SZ,湖北能源,2025,Q_G_DEBT_ASSET_RATE,auto_confirmed,1,55.84,55.84,public-disclosure-v4,official_annual_direct_consistent
000883.SZ,湖北能源,2025,Q_G_ROE,auto_confirmed,1,5.34,5.34,public-disclosure-v4,official_annual_direct_consistent
000883.SZ,湖北能源,2025,Q_S_DIVIDEND_PER_SHARE,auto_confirmed,2,0.15,0.15,public-disclosure-v4,official_annual_direct_consistent
000899.SZ,赣能股份,2025,Q_G_DEBT_ASSET_RATE,auto_confirmed,2,65.33,65.33,public-disclosure-v4,official_annual_direct_consistent
000899.SZ,赣能股份,2025,Q_G_ROE,auto_confirmed,1,16.5,16.5,public-disclosure-v4,official_annual_direct_consistent
000899.SZ,赣能股份,2025,Q_S_DIVIDEND_PER_SHARE,auto_confirmed,2,0.567,0.567,public-disclosure-v4,official_annual_direct_consistent
000922.SZ,佳电股份,2025,Q_G_ROE,auto_confirmed,1,5.85,5.85,public-disclosure-v4,official_annual_direct_consistent
000922.SZ,佳电股份,2025,Q_S_DIVIDEND_PER_SHARE,auto_confirmed,2,0.11,0.11,public-disclosure-v4,official_annual_direct_consistent
000937.SZ,冀中能源,2025,Q_G_DEBT_ASSET_RATE,auto_confirmed,1,59.54,59.54,public-disclosure-v4,official_annual_direct_consistent
000937.SZ,冀中能源,2025,Q_G_ROE,auto_confirmed,1,3.07,3.07,public-disclosure-v4,official_annual_direct_consistent
000937.SZ,冀中能源,2025,Q_S_DIVIDEND_PER_SHARE,manual_required,3,0|0.1,,public-disclosure-v4,conflicting_or_ineligible_sources
000966.SZ,长源电力,2025,Q_G_ROE,auto_confirmed,1,0.49,0.49,public-disclosure-v4,official_annual_direct_consistent
000968.SZ,蓝焰控股,2025,Q_G_DEBT_ASSET_RATE,auto_confirmed,1,43.4,43.4,public-disclosure-v4,official_annual_direct_consistent
000968.SZ,蓝焰控股,2025,Q_G_ROE,auto_confirmed,1,5.5,5.5,public-disclosure-v4,official_annual_direct_consistent
000968.SZ,蓝焰控股,2025,Q_S_DIVIDEND_PER_SHARE,manual_required,3,0|0.05,,public-disclosure-v4,conflicting_or_ineligible_sources
000993.SZ,闽东电力,2025,Q_G_ROE,auto_confirmed,1,2.32,2.32,public-disclosure-v4,official_annual_direct_consistent
000993.SZ,闽东电力,2025,Q_S_DIVIDEND_PER_SHARE,auto_confirmed,2,0.18,0.18,public-disclosure-v4,official_annual_direct_consistent
001208.SZ,华菱线缆,2025,Q_G_ROE,auto_confirmed,1,5.93,5.93,public-disclosure-v4,official_annual_direct_consistent
001208.SZ,华菱线缆,2025,Q_S_DIVIDEND_PER_SHARE,auto_confirmed,2,0.065,0.065,public-disclosure-v4,official_annual_direct_consistent
001258.SZ,立新能源,2025,Q_G_DEBT_ASSET_RATE,auto_confirmed,1,75.91,75.91,public-disclosure-v4,official_annual_direct_consistent
001258.SZ,立新能源,2025,Q_G_ROE,auto_confirmed,1,2.87,2.87,public-disclosure-v4,official_annual_direct_consistent
001258.SZ,立新能源,2025,Q_S_DIVIDEND_PER_SHARE,manual_required,3,0|0.03,,public-disclosure-v4,conflicting_or_ineligible_sources
001269.SZ,欧晶科技,2025,Q_G_DEBT_ASSET_RATE,auto_confirmed,1,58.35,58.35,public-disclosure-v4,official_annual_direct_consistent
001269.SZ,欧晶科技,2025,Q_G_ROE,auto_confirmed,1,30.66,30.66,public-disclosure-v4,official_annual_direct_consistent
001289.SZ,龙源电力,2025,Q_G_DEBT_ASSET_RATE,auto_confirmed,1,66.55,66.55,public-disclosure-v4,official_annual_direct_consistent
001289.SZ,龙源电力,2025,Q_S_DIVIDEND_PER_SHARE,auto_confirmed,2,0.1625,0.1625,public-disclosure-v4,official_annual_direct_consistent
001299.SZ,美能能源,2025,Q_G_ROE,auto_confirmed,1,8.26,8.26,public-disclosure-v4,official_annual_direct_consistent
001299.SZ,美能能源,2025,Q_S_DIVIDEND_PER_SHARE,auto_confirmed,2,0.5,0.5,public-disclosure-v4,official_annual_direct_consistent
001301.SZ,尚太科技,2025,Q_G_DEBT_ASSET_RATE,auto_confirmed,1,40.26,40.26,public-disclosure-v4,official_annual_direct_consistent
001301.SZ,尚太科技,2025,Q_G_ROE,auto_confirmed,2,14.34,14.34,public-disclosure-v4,official_annual_direct_consistent
001301.SZ,尚太科技,2025,Q_S_DIVIDEND_PER_SHARE,auto_confirmed,2,0.8,0.8,public-disclosure-v4,official_annual_direct_consistent
001331.SZ,胜通能源,2025,Q_S_DIVIDEND_PER_SHARE,auto_confirmed,2,0.06,0.06,public-disclosure-v4,official_annual_direct_consistent
00135.HK,KUNLUN ENERGY,2025,Q_G_CAPITAL_ACCUMULATION,auto_confirmed,1,3.8746,3.8746,public-disclosure-v4,official_annual_direct_consistent
00135.HK,KUNLUN ENERGY,2025,Q_G_DEBT_ASSET_RATE,auto_confirmed,1,35.9717,35.9717,public-disclosure-v4,official_annual_direct_consistent
00135.HK,KUNLUN ENERGY,2025,Q_S_DIVIDEND_PER_SHARE,auto_confirmed,1,0.3158,0.3158,public-disclosure-v4,official_annual_direct_consistent
001376.SZ,百通能源,2025,Q_G_ROE,auto_confirmed,1,17.25,17.25,public-disclosure-v4,official_annual_direct_consistent
001376.SZ,百通能源,2025,Q_S_DIVIDEND_PER_SHARE,auto_confirmed,2,0.1,0.1,public-disclosure-v4,official_annual_direct_consistent
00182.HK,CONCORD NE,2025,Q_G_CAPITAL_ACCUMULATION,auto_confirmed,1,-2.8503,-2.8503,public-disclosure-v4,official_annual_direct_consistent
00182.HK,CONCORD NE,2025,Q_G_DEBT_ASSET_RATE,auto_confirmed,1,73.9046,73.9046,public-disclosure-v4,official_annual_direct_consistent
00182.HK,CONCORD NE,2025,Q_G_EBITDA_INTEREST,auto_confirmed,1,1.4296,1.4296,public-disclosure-v4,official_annual_direct_consistent
00182.HK,CONCORD NE,2025,Q_G_ROA,auto_confirmed,1,2.7752,2.7752,public-disclosure-v4,official_annual_direct_consistent
00182.HK,CONCORD NE,2025,Q_G_ROE,auto_confirmed,1,1.7841,1.7841,public-disclosure-v4,official_annual_direct_consistent
001896.SZ,豫能控股,2025,Q_G_DEBT_ASSET_RATE,manual_required,5,65|66.53|86.8|95,,public-disclosure-v4,conflicting_or_ineligible_sources
001896.SZ,豫能控股,2025,Q_G_ROE,auto_confirmed,1,11.82,11.82,public-disclosure-v4,official_annual_direct_consistent
001896.SZ,豫能控股,2025,Q_S_DIVIDEND_PER_SHARE,auto_confirmed,2,0,0,public-disclosure-v4,official_annual_direct_consistent
00196.HK,HONGHUA GROUP,2025,Q_E_GHG_REDUCTION_RATE,auto_confirmed,1,31.7124,31.7124,public-disclosure-v4,strict_extraction_evidence_consistent
00196.HK,HONGHUA GROUP,2025,Q_E_HAZ_WASTE_INTENSITY,auto_confirmed,2,10,10,public-disclosure-v4,strict_extraction_evidence_consistent
00196.HK,HONGHUA GROUP,2025,Q_E_SOLID_WASTE_INTENSITY,auto_confirmed,2,30,30,public-disclosure-v4,strict_extraction_evidence_consistent
00196.HK,HONGHUA GROUP,2025,Q_E_WATER_INTENSITY,auto_confirmed,2,630,630,public-disclosure-v4,official_esg_direct_consistent
00196.HK,HONGHUA GROUP,2025,Q_G_ASSET_TURNOVER,auto_confirmed,1,0.4477,0.4477,public-disclosure-v4,official_annual_direct_consistent
00196.HK,HONGHUA GROUP,2025,Q_G_DEBT_ASSET_RATE,auto_confirmed,1,71.1288,71.1288,public-disclosure-v4,official_annual_direct_consistent
00196.HK,HONGHUA GROUP,2025,Q_G_OPERATING_MARGIN,auto_confirmed,1,3.1377,3.1377,public-disclosure-v4,official_annual_direct_consistent
00196.HK,HONGHUA GROUP,2025,Q_G_OPERATING_PROFIT_GROWTH,auto_confirmed,1,16.3215,16.3215,public-disclosure-v4,official_annual_direct_consistent
00196.HK,HONGHUA GROUP,2025,Q_G_REVENUE_GROWTH,auto_confirmed,1,-2.4866,-2.4866,public-disclosure-v4,official_annual_direct_consistent
00196.HK,HONGHUA GROUP,2025,Q_S_RD_RATE,manual_required,3,2.9776|5.2,,public-disclosure-v4,conflicting_or_ineligible_sources
002015.SZ,协鑫能科,2025,Q_G_ROE,auto_confirmed,1,3.45,3.45,public-disclosure-v4,official_annual_direct_consistent
002015.SZ,协鑫能科,2025,Q_S_DIVIDEND_PER_SHARE,auto_confirmed,2,0.1,0.1,public-disclosure-v4,official_annual_direct_consistent
002039.SZ,黔源电力,2025,Q_G_DEBT_ASSET_RATE,auto_confirmed,1,48.85,48.85,public-disclosure-v4,official_annual_direct_consistent
002039.SZ,黔源电力,2025,Q_G_ROE,auto_confirmed,1,14.34,14.34,public-disclosure-v4,official_annual_direct_consistent
002039.SZ,黔源电力,2025,Q_S_DIVIDEND_PER_SHARE,auto_confirmed,1,0.39,0.39,public-disclosure-v4,official_annual_direct_consistent
002056.SZ,横店东磁,2025,Q_G_ROE,auto_confirmed,2,17.42,17.42,public-disclosure-v4,official_annual_direct_consistent
002056.SZ,横店东磁,2025,Q_S_DIVIDEND_PER_SHARE,auto_confirmed,1,0.6,0.6,public-disclosure-v4,official_annual_direct_consistent
00206.HK,CM-ENERGY,2025,Q_G_CAPITAL_ACCUMULATION,auto_confirmed,1,2.2929,2.2929,public-disclosure-v4,official_annual_direct_consistent
00206.HK,CM-ENERGY,2025,Q_G_ROE,auto_confirmed,1,0.9785,0.9785,public-disclosure-v4,official_annual_direct_consistent
002060.SZ,广东建工,2025,Q_G_ROE,auto_confirmed,1,7.9,7.9,public-disclosure-v4,official_annual_direct_consistent
002060.SZ,广东建工,2025,Q_S_DIVIDEND_PER_SHARE,auto_confirmed,2,0.14,0.14,public-disclosure-v4,official_annual_direct_consistent
002074.SZ,国轩高科,2025,Q_G_DEBT_ASSET_RATE,auto_confirmed,1,70.99,70.99,public-disclosure-v4,official_annual_direct_consistent
002074.SZ,国轩高科,2025,Q_G_ROE,auto_confirmed,1,8.65,8.65,public-disclosure-v4,official_annual_direct_consistent
002074.SZ,国轩高科,2025,Q_S_DIVIDEND_PER_SHARE,auto_confirmed,2,0.1,0.1,public-disclosure-v4,official_annual_direct_consistent
002090.SZ,金智科技,2025,Q_G_ROE,auto_confirmed,1,4.32,4.32,public-disclosure-v4,official_annual_direct_consistent
002090.SZ,金智科技,2025,Q_S_DIVIDEND_PER_SHARE,manual_required,2,0.025|0.045,,public-disclosure-v4,conflicting_or_ineligible_sources
002112.SZ,三变科技,2025,Q_G_ROE,auto_confirmed,1,1.86,1.86,public-disclosure-v4,official_annual_direct_consistent
002112.SZ,三变科技,2025,Q_S_DIVIDEND_PER_SHARE,auto_confirmed,2,0.01,0.01,public-disclosure-v4,official_annual_direct_consistent
002121.SZ,科陆电子,2025,Q_G_DEBT_ASSET_RATE,auto_confirmed,1,95.15,95.15,public-disclosure-v4,official_annual_direct_consistent
002121.SZ,科陆电子,2025,Q_G_ROE,auto_confirmed,1,36.51,36.51,public-disclosure-v4,official_annual_direct_consistent
002125.SZ,湘潭电化,2025,Q_G_DEBT_ASSET_RATE,auto_confirmed,1,36.51,36.51,public-disclosure-v4,official_annual_direct_consistent
002125.SZ,湘潭电化,2025,Q_G_ROE,auto_confirmed,1,7.35,7.35,public-disclosure-v4,official_annual_direct_consistent
002125.SZ,湘潭电化,2025,Q_S_DIVIDEND_PER_SHARE,auto_confirmed,2,0.115,0.115,public-disclosure-v4,official_annual_direct_consistent
002128.SZ,电投能源,2025,Q_G_ROE,auto_confirmed,1,14.94,14.94,public-disclosure-v4,official_annual_direct_consistent
002128.SZ,电投能源,2025,Q_S_DIVIDEND_PER_SHARE,auto_confirmed,1,1,1,public-disclosure-v4,official_annual_direct_consistent
002129.SZ,TCL中环,2025,Q_G_ROE,auto_confirmed,1,35.2,35.2,public-disclosure-v4,official_annual_direct_consistent
002169.SZ,智光电气,2025,Q_G_ROE,auto_confirmed,1,4.89,4.89,public-disclosure-v4,official_annual_direct_consistent
002169.SZ,智光电气,2025,Q_S_DIVIDEND_PER_SHARE,auto_confirmed,2,0.08,0.08,public-disclosure-v4,official_annual_direct_consistent
002196.SZ,方正电机,2025,Q_G_DEBT_ASSET_RATE,auto_confirmed,1,69.85,69.85,public-disclosure-v4,official_annual_direct_consistent
002196.SZ,方正电机,2025,Q_G_ROE,auto_confirmed,1,1.49,1.49,public-disclosure-v4,official_annual_direct_consistent
002202.SZ,金风科技,2025,Q_G_DEBT_ASSET_RATE,auto_confirmed,1,71.66,71.66,public-disclosure-v4,official_annual_direct_consistent
002202.SZ,金风科技,2025,Q_G_ROE,auto_confirmed,1,7.08,7.08,public-disclosure-v4,official_annual_direct_consistent
002202.SZ,金风科技,2025,Q_S_DIVIDEND_PER_SHARE,auto_confirmed,1,0.2,0.2,public-disclosure-v4,official_annual_direct_consistent
002218.SZ,拓日新能,2025,Q_G_DEBT_ASSET_RATE,auto_confirmed,1,38.93,38.93,public-disclosure-v4,official_annual_direct_consistent
002218.SZ,拓日新能,2025,Q_G_ROE,auto_confirmed,1,4.87,4.87,public-disclosure-v4,official_annual_direct_consistent
002218.SZ,拓日新能,2025,Q_S_DIVIDEND_PER_SHARE,auto_confirmed,1,0,0,public-disclosure-v4,official_annual_direct_consistent
002221.SZ,东华能源,2025,Q_G_DEBT_ASSET_RATE,auto_confirmed,1,72.2,72.2,public-disclosure-v4,official_annual_direct_consistent
002221.SZ,东华能源,2025,Q_G_ROE,auto_confirmed,1,8.76,8.76,public-disclosure-v4,official_annual_direct_consistent
002245.SZ,蔚蓝锂芯,2025,Q_G_ROE,manual_required,3,9.77|9.93,,public-disclosure-v4,conflicting_or_ineligible_sources
002245.SZ,蔚蓝锂芯,2025,Q_S_DIVIDEND_PER_SHARE,auto_confirmed,2,0.1,0.1,public-disclosure-v4,official_annual_direct_consistent
002249.SZ,大洋电机,2025,Q_G_ROE,auto_confirmed,1,11.04,11.04,public-disclosure-v4,official_annual_direct_consistent
002249.SZ,大洋电机,2025,Q_S_DIVIDEND_PER_SHARE,auto_confirmed,1,0.196,0.196,public-disclosure-v4,official_annual_direct_consistent
002255.SZ,海陆重工,2025,Q_G_ROE,auto_confirmed,1,9.92,9.92,public-disclosure-v4,official_annual_direct_consistent
002255.SZ,海陆重工,2025,Q_S_DIVIDEND_PER_SHARE,auto_confirmed,2,0.05,0.05,public-disclosure-v4,official_annual_direct_consistent
002259.SZ,升达林业,2025,Q_G_DEBT_ASSET_RATE,auto_confirmed,1,70.69,70.69,public-disclosure-v4,official_annual_direct_consistent
002259.SZ,升达林业,2025,Q_G_ROE,auto_confirmed,1,41.14,41.14,public-disclosure-v4,official_annual_direct_consistent
002267.SZ,陕天然气,2025,Q_G_DEBT_ASSET_RATE,auto_confirmed,1,52.97,52.97,public-disclosure-v4,official_annual_direct_consistent
002267.SZ,陕天然气,2025,Q_G_ROE,auto_confirmed,1,9,9,public-disclosure-v4,official_annual_direct_consistent
002267.SZ,陕天然气,2025,Q_S_DIVIDEND_PER_SHARE,auto_confirmed,2,0.2,0.2,public-disclosure-v4,official_annual_direct_consistent
002270.SZ,华明装备,2025,Q_G_ROE,auto_confirmed,1,22.04,22.04,public-disclosure-v4,official_annual_direct_consistent
002270.SZ,华明装备,2025,Q_S_DIVIDEND_PER_SHARE,auto_confirmed,2,0.21,0.21,public-disclosure-v4,official_annual_direct_consistent
002276.SZ,万马股份,2025,Q_G_DEBT_ASSET_RATE,auto_confirmed,2,62.56,62.56,public-disclosure-v4,official_annual_direct_consistent
002276.SZ,万马股份,2025,Q_G_ROE,auto_confirmed,1,5.95,5.95,public-disclosure-v4,official_annual_direct_consistent
002276.SZ,万马股份,2025,Q_S_DIVIDEND_PER_SHARE,auto_confirmed,2,0.055,0.055,public-disclosure-v4,official_annual_direct_consistent
00228.HK,CHINA ENERGY,2025,Q_G_AR_TURNOVER,auto_confirmed,1,1.9406,1.9406,public-disclosure-v4,official_annual_direct_consistent
00228.HK,CHINA ENERGY,2025,Q_G_CAPITAL_ACCUMULATION,auto_confirmed,1,19.3007,19.3007,public-disclosure-v4,official_annual_direct_consistent
00228.HK,CHINA ENERGY,2025,Q_G_CURRENT_ASSET_TURNOVER,auto_confirmed,1,0.7512,0.7512,public-disclosure-v4,official_annual_direct_consistent
00228.HK,CHINA ENERGY,2025,Q_G_EBITDA_INTEREST,auto_confirmed,1,2.6354,2.6354,public-disclosure-v4,official_annual_direct_consistent
00228.HK,CHINA ENERGY,2025,Q_G_REVENUE_GROWTH,auto_confirmed,1,-21.9403,-21.9403,public-disclosure-v4,official_annual_direct_consistent
00228.HK,CHINA ENERGY,2025,Q_G_ROE,auto_confirmed,1,1.1445,1.1445,public-disclosure-v4,official_annual_direct_consistent
002300.SZ,太阳电缆,2025,Q_G_ROE,auto_confirmed,1,4.39,4.39,public-disclosure-v4,official_annual_direct_consistent
002300.SZ,太阳电缆,2025,Q_S_DIVIDEND_PER_SHARE,auto_confirmed,2,0.07,0.07,public-disclosure-v4,official_annual_direct_consistent
002309.SZ,中利集团,2025,Q_G_ROE,auto_confirmed,1,3.32,3.32,public-disclosure-v4,official_annual_direct_consistent
002335.SZ,科华数据,2025,Q_G_DEBT_ASSET_RATE,auto_confirmed,1,53.59,53.59,public-disclosure-v4,official_annual_direct_consistent
002335.SZ,科华数据,2025,Q_G_ROE,auto_confirmed,1,7.09,7.09,public-disclosure-v4,official_annual_direct_consistent
002335.SZ,科华数据,2025,Q_S_DIVIDEND_PER_SHARE,auto_confirmed,2,0.5,0.5,public-disclosure-v4,official_annual_direct_consistent
002339.SZ,积成电子,2025,Q_G_ROE,auto_confirmed,1,1.11,1.11,public-disclosure-v4,official_annual_direct_consistent
002339.SZ,积成电子,2025,Q_S_DIVIDEND_PER_SHARE,auto_confirmed,2,0.02,0.02,public-disclosure-v4,official_annual_direct_consistent
002340.SZ,格林美,2025,Q_G_DEBT_ASSET_RATE,auto_confirmed,1,65.8,65.8,public-disclosure-v4,official_annual_direct_consistent
002340.SZ,格林美,2025,Q_G_ROE,auto_confirmed,1,7.91,7.91,public-disclosure-v4,official_annual_direct_consistent
002340.SZ,格林美,2025,Q_S_DIVIDEND_PER_SHARE,auto_confirmed,2,0.095,0.095,public-disclosure-v4,official_annual_direct_consistent
002346.SZ,柘中股份,2025,Q_G_ROE,auto_confirmed,1,14.72,14.72,public-disclosure-v4,official_annual_direct_consistent
002346.SZ,柘中股份,2025,Q_S_DIVIDEND_PER_SHARE,auto_confirmed,1,0.5,0.5,public-disclosure-v4,official_annual_direct_consistent
002350.SZ,北京科锐,2025,Q_G_DEBT_ASSET_RATE,auto_confirmed,1,70,70,public-disclosure-v4,official_annual_direct_consistent
002350.SZ,北京科锐,2025,Q_G_ROE,auto_confirmed,1,3.25,3.25,public-disclosure-v4,official_annual_direct_consistent
002350.SZ,北京科锐,2025,Q_S_DIVIDEND_PER_SHARE,auto_confirmed,2,0.032,0.032,public-disclosure-v4,official_annual_direct_consistent
002358.SZ,森源电气,2025,Q_G_ROE,auto_confirmed,1,2.68,2.68,public-disclosure-v4,official_annual_direct_consistent
002358.SZ,森源电气,2025,Q_S_DIVIDEND_PER_SHARE,auto_confirmed,3,0.02,0.02,public-disclosure-v4,official_annual_direct_consistent
002364.SZ,中恒电气,2025,Q_G_DEBT_ASSET_RATE,auto_confirmed,1,40.83,40.83,public-disclosure-v4,official_annual_direct_consistent
002364.SZ,中恒电气,2025,Q_G_ROE,auto_confirmed,1,5.17,5.17,public-disclosure-v4,official_annual_direct_consistent
002364.SZ,中恒电气,2025,Q_S_DIVIDEND_PER_SHARE,manual_required,2,0.1|0.3,,public-disclosure-v4,conflicting_or_ineligible_sources
002366.SZ,融发核电,2025,Q_G_ROE,auto_confirmed,1,1.76,1.76,public-disclosure-v4,official_annual_direct_consistent
002366.SZ,融发核电,2025,Q_S_DIVIDEND_PER_SHARE,auto_confirmed,1,0,0,public-disclosure-v4,official_annual_direct_consistent
002451.SZ,摩恩电气,2025,Q_G_ROE,auto_confirmed,1,1.37,1.37,public-disclosure-v4,official_annual_direct_consistent
002451.SZ,摩恩电气,2025,Q_S_DIVIDEND_PER_SHARE,auto_confirmed,2,0.01,0.01,public-disclosure-v4,official_annual_direct_consistent
002452.SZ,长高电新,2025,Q_G_DEBT_ASSET_RATE,auto_confirmed,3,27.47,27.47,public-disclosure-v4,official_annual_direct_consistent
002452.SZ,长高电新,2025,Q_G_ROE,auto_confirmed,1,13.65,13.65,public-disclosure-v4,official_annual_direct_consistent
002452.SZ,长高电新,2025,Q_S_DIVIDEND_PER_SHARE,auto_confirmed,2,0.09,0.09,public-disclosure-v4,official_annual_direct_consistent
002471.SZ,中超控股,2025,Q_G_DEBT_ASSET_RATE,auto_confirmed,1,65.01,65.01,public-disclosure-v4,official_annual_direct_consistent
002471.SZ,中超控股,2025,Q_G_ROE,auto_confirmed,1,1.29,1.29,public-disclosure-v4,official_annual_direct_consistent
002479.SZ,富春环保,2025,Q_G_ROE,auto_confirmed,2,4.93,4.93,public-disclosure-v4,official_annual_direct_consistent
002479.SZ,富春环保,2025,Q_S_DIVIDEND_PER_SHARE,auto_confirmed,2,0.1,0.1,public-disclosure-v4,official_annual_direct_consistent
002487.SZ,大金重工,2025,Q_G_ROE,auto_confirmed,1,14.18,14.18,public-disclosure-v4,official_annual_direct_consistent
002487.SZ,大金重工,2025,Q_S_DIVIDEND_PER_SHARE,manual_required,2,0.087|1,,public-disclosure-v4,conflicting_or_ineligible_sources
002490.SZ,山东墨龙,2025,Q_G_DEBT_ASSET_RATE,auto_confirmed,2,81.45,81.45,public-disclosure-v4,official_annual_direct_consistent
002490.SZ,山东墨龙,2025,Q_G_ROE,auto_confirmed,1,1.04,1.04,public-disclosure-v4,official_annual_direct_consistent
002490.SZ,山东墨龙,2025,Q_S_DIVIDEND_PER_SHARE,auto_confirmed,1,0,0,public-disclosure-v4,official_annual_direct_consistent
002493.SZ,荣盛石化,2025,Q_G_ROE,auto_confirmed,2,1.94,1.94,public-disclosure-v4,official_annual_direct_consistent
002493.SZ,荣盛石化,2025,Q_S_DIVIDEND_PER_SHARE,auto_confirmed,1,0.1,0.1,public-disclosure-v4,official_annual_direct_consistent
002498.SZ,汉缆股份,2025,Q_G_DEBT_ASSET_RATE,auto_confirmed,1,28.83,28.83,public-disclosure-v4,official_annual_direct_consistent
002498.SZ,汉缆股份,2025,Q_G_ROE,auto_confirmed,1,6.51,6.51,public-disclosure-v4,official_annual_direct_consistent
002498.SZ,汉缆股份,2025,Q_S_DIVIDEND_PER_SHARE,auto_confirmed,1,0.04,0.04,public-disclosure-v4,official_annual_direct_consistent
002518.SZ,科士达,2025,Q_G_ROE,auto_confirmed,1,13.36,13.36,public-disclosure-v4,official_annual_direct_consistent
002518.SZ,科士达,2025,Q_S_DIVIDEND_PER_SHARE,auto_confirmed,2,0.45,0.45,public-disclosure-v4,official_annual_direct_consistent
002527.SZ,新时达,2025,Q_G_ROE,auto_confirmed,1,0.44,0.44,public-disclosure-v4,official_annual_direct_consistent
002531.SZ,天顺风能,2025,Q_G_ROE,auto_confirmed,1,2.68,2.68,public-disclosure-v4,official_annual_direct_consistent
002533.SZ,金杯电工,2025,Q_G_ROE,manual_required,3,1|14.15,,public-disclosure-v4,conflicting_or_ineligible_sources
002533.SZ,金杯电工,2025,Q_S_DIVIDEND_PER_SHARE,auto_confirmed,2,0.45,0.45,public-disclosure-v4,official_annual_direct_consistent
002534.SZ,西子洁能,2025,Q_G_DEBT_ASSET_RATE,auto_confirmed,1,57.26,57.26,public-disclosure-v4,official_annual_direct_consistent
002534.SZ,西子洁能,2025,Q_G_ROE,auto_confirmed,1,9.52,9.52,public-disclosure-v4,official_annual_direct_consistent
002534.SZ,西子洁能,2025,Q_S_DIVIDEND_PER_SHARE,auto_confirmed,1,0.1,0.1,public-disclosure-v4,official_annual_direct_consistent
002546.SZ,新联电子,2025,Q_G_ROE,auto_confirmed,1,16.35,16.35,public-disclosure-v4,official_annual_direct_consistent
002546.SZ,新联电子,2025,Q_S_DIVIDEND_PER_SHARE,auto_confirmed,2,0.12,0.12,public-disclosure-v4,official_annual_direct_consistent
002560.SZ,通达股份,2025,Q_G_ROE,auto_confirmed,1,6.15,6.15,public-disclosure-v4,official_annual_direct_consistent
002560.SZ,通达股份,2025,Q_S_DIVIDEND_PER_SHARE,auto_confirmed,2,0.1,0.1,public-disclosure-v4,official_annual_direct_consistent
002580.SZ,圣阳股份,2025,Q_G_ROE,auto_confirmed,1,8.28,8.28,public-disclosure-v4,official_annual_direct_consistent
002580.SZ,圣阳股份,2025,Q_S_DIVIDEND_PER_SHARE,auto_confirmed,1,0.04,0.04,public-disclosure-v4,official_annual_direct_consistent
002606.SZ,大连电瓷,2025,Q_G_DEBT_ASSET_RATE,auto_confirmed,1,40.25,40.25,public-disclosure-v4,official_annual_direct_consistent
002606.SZ,大连电瓷,2025,Q_G_ROE,auto_confirmed,1,11.68,11.68,public-disclosure-v4,official_annual_direct_consistent
002606.SZ,大连电瓷,2025,Q_S_DIVIDEND_PER_SHARE,auto_confirmed,2,0.038,0.038,public-disclosure-v4,official_annual_direct_consistent
002608.SZ,江苏国信,2025,Q_G_ROE,auto_confirmed,1,10.17,10.17,public-disclosure-v4,official_annual_direct_consistent
002608.SZ,江苏国信,2025,Q_S_DIVIDEND_PER_SHARE,auto_confirmed,2,0.13,0.13,public-disclosure-v4,official_annual_direct_consistent
002616.SZ,长青集团,2025,Q_G_DEBT_ASSET_RATE,manual_required,5,62.35|73.23,,public-disclosure-v4,conflicting_or_ineligible_sources
002616.SZ,长青集团,2025,Q_G_ROE,auto_confirmed,1,8.24,8.24,public-disclosure-v4,official_annual_direct_consistent
002616.SZ,长青集团,2025,Q_S_DIVIDEND_PER_SHARE,auto_confirmed,1,0.25,0.25,public-disclosure-v4,official_annual_direct_consistent
002623.SZ,亚玛顿,2025,Q_G_ROE,auto_confirmed,1,3.59,3.59,public-disclosure-v4,official_annual_direct_consistent
002623.SZ,亚玛顿,2025,Q_S_DIVIDEND_PER_SHARE,auto_confirmed,2,0.4,0.4,public-disclosure-v4,official_annual_direct_consistent
002692.SZ,远程股份,2025,Q_G_ROE,auto_confirmed,1,0.15,0.15,public-disclosure-v4,official_annual_direct_consistent
002692.SZ,远程股份,2025,Q_S_DIVIDEND_PER_SHARE,auto_confirmed,2,0.02,0.02,public-disclosure-v4,official_annual_direct_consistent
002700.SZ,万憬能源,2025,Q_G_ROE,auto_confirmed,1,5.96,5.96,public-disclosure-v4,official_annual_direct_consistent
002700.SZ,万憬能源,2025,Q_S_DIVIDEND_PER_SHARE,auto_confirmed,2,0.025,0.025,public-disclosure-v4,official_annual_direct_consistent
002706.SZ,良信股份,2025,Q_G_ROE,auto_confirmed,1,5.45,5.45,public-disclosure-v4,official_annual_direct_consistent
002706.SZ,良信股份,2025,Q_S_DIVIDEND_PER_SHARE,manual_required,3,0.2|0.22,,public-disclosure-v4,conflicting_or_ineligible_sources
002709.SZ,天赐材料,2025,Q_G_DEBT_ASSET_RATE,auto_confirmed,2,33.02,33.02,public-disclosure-v4,official_annual_direct_consistent
002709.SZ,天赐材料,2025,Q_G_ROE,auto_confirmed,1,9.79,9.79,public-disclosure-v4,official_annual_direct_consistent
002709.SZ,天赐材料,2025,Q_S_DIVIDEND_PER_SHARE,auto_confirmed,2,0.3,0.3,public-disclosure-v4,official_annual_direct_consistent
002733.SZ,雄韬股份,2025,Q_G_ROE,auto_confirmed,1,2.94,2.94,public-disclosure-v4,official_annual_direct_consistent
002733.SZ,雄韬股份,2025,Q_S_DIVIDEND_PER_SHARE,auto_confirmed,2,0.1,0.1,public-disclosure-v4,official_annual_direct_consistent
00276.HK,MONGOLIA ENERGY,2025,Q_G_REVENUE_GROWTH,auto_confirmed,1,-9.8331,-9.8331,public-disclosure-v4,official_annual_direct_consistent
002801.SZ,微光股份,2025,Q_G_ROE,auto_confirmed,2,20.51,20.51,public-disclosure-v4,official_annual_direct_consistent
002801.SZ,微光股份,2025,Q_S_DIVIDEND_PER_SHARE,auto_confirmed,2,0.35,0.35,public-disclosure-v4,official_annual_direct_consistent
002805.SZ,丰元股份,2025,Q_G_ROE,auto_confirmed,1,33.08,33.08,public-disclosure-v4,official_annual_direct_consistent
002823.SZ,凯中精密,2025,Q_G_ROE,auto_confirmed,1,11.61,11.61,public-disclosure-v4,official_annual_direct_consistent
002823.SZ,凯中精密,2025,Q_S_DIVIDEND_PER_SHARE,auto_confirmed,2,0.2443,0.2443,public-disclosure-v4,official_annual_direct_consistent
002828.SZ,贝肯能源,2025,Q_G_ROE,auto_confirmed,1,3.25,3.25,public-disclosure-v4,official_annual_direct_consistent
002850.SZ,科达利,2025,Q_G_DEBT_ASSET_RATE,auto_confirmed,1,41.75,41.75,public-disclosure-v4,official_annual_direct_consistent
002850.SZ,科达利,2025,Q_G_ROE,auto_confirmed,1,14.07,14.07,public-disclosure-v4,official_annual_direct_consistent
002850.SZ,科达利,2025,Q_S_DIVIDEND_PER_SHARE,auto_confirmed,2,2.5,2.5,public-disclosure-v4,official_annual_direct_consistent
002857.SZ,三晖电气,2025,Q_G_ROE,auto_confirmed,1,8.3,8.3,public-disclosure-v4,official_annual_direct_consistent
002865.SZ,钧达股份,2025,Q_G_DEBT_ASSET_RATE,auto_confirmed,1,77.69,77.69,public-disclosure-v4,official_annual_direct_consistent
002865.SZ,钧达股份,2025,Q_G_ROE,auto_confirmed,1,36.54,36.54,public-disclosure-v4,official_annual_direct_consistent
002879.SZ,长缆科技,2025,Q_G_ROE,auto_confirmed,1,7.56,7.56,public-disclosure-v4,official_annual_direct_consistent
002879.SZ,长缆科技,2025,Q_S_DIVIDEND_PER_SHARE,auto_confirmed,2,0.5,0.5,public-disclosure-v4,official_annual_direct_consistent
002882.SZ,金龙羽,2025,Q_G_ROE,auto_confirmed,1,5.06,5.06,public-disclosure-v4,official_annual_direct_consistent
002882.SZ,金龙羽,2025,Q_S_DIVIDEND_PER_SHARE,manual_required,3,0|0.1,,public-disclosure-v4,conflicting_or_ineligible_sources
002892.SZ,科力尔,2025,Q_S_DIVIDEND_PER_SHARE,auto_confirmed,2,0.022,0.022,public-disclosure-v4,official_annual_direct_consistent
002893.SZ,京能热力,2025,Q_G_DEBT_ASSET_RATE,auto_confirmed,2,52.91,52.91,public-disclosure-v4,official_annual_direct_consistent
002893.SZ,京能热力,2025,Q_G_ROE,auto_confirmed,1,5.18,5.18,public-disclosure-v4,official_annual_direct_consistent
002893.SZ,京能热力,2025,Q_S_DIVIDEND_PER_SHARE,manual_required,3,0|0.091,,public-disclosure-v4,conflicting_or_ineligible_sources
002911.SZ,佛燃能源,2025,Q_G_DEBT_ASSET_RATE,auto_confirmed,1,49.35,49.35,public-disclosure-v4,official_annual_direct_consistent
002911.SZ,佛燃能源,2025,Q_S_DIVIDEND_PER_SHARE,manual_required,2,0.27|0.52,,public-disclosure-v4,conflicting_or_ineligible_sources
002927.SZ,泰永长征,2025,Q_G_ROE,auto_confirmed,1,0.54,0.54,public-disclosure-v4,official_annual_direct_consistent
002927.SZ,泰永长征,2025,Q_S_DIVIDEND_PER_SHARE,auto_confirmed,1,0,0,public-disclosure-v4,official_annual_direct_consistent
00295.HK,KONG SUN HOLD,2025,Q_G_ASSET_TURNOVER,auto_confirmed,1,0.0708,0.0708,public-disclosure-v4,official_annual_direct_consistent
00295.HK,KONG SUN HOLD,2025,Q_G_CURRENT_ASSET_TURNOVER,auto_confirmed,1,0.1508,0.1508,public-disclosure-v4,official_annual_direct_consistent
00295.HK,KONG SUN HOLD,2025,Q_G_DEBT_ASSET_RATE,auto_confirmed,1,53.7893,53.7893,public-disclosure-v4,official_annual_direct_consistent
00295.HK,KONG SUN HOLD,2025,Q_G_EBITDA_INTEREST,auto_confirmed,1,-1.1964,-1.1964,public-disclosure-v4,official_annual_direct_consistent
00295.HK,KONG SUN HOLD,2025,Q_G_REVENUE_GROWTH,auto_confirmed,1,-18.2081,-18.2081,public-disclosure-v4,official_annual_direct_consistent
00295.HK,KONG SUN HOLD,2025,Q_G_ROA,auto_confirmed,1,-2.5822,-2.5822,public-disclosure-v4,official_annual_direct_consistent
002953.SZ,日丰股份,2025,Q_G_ROE,auto_confirmed,1,8.33,8.33,public-disclosure-v4,official_annual_direct_consistent
002953.SZ,日丰股份,2025,Q_S_DIVIDEND_PER_SHARE,auto_confirmed,2,0.1,0.1,public-disclosure-v4,official_annual_direct_consistent
002980.SZ,华盛昌,2025,Q_G_ROE,auto_confirmed,1,8.17,8.17,public-disclosure-v4,official_annual_direct_consistent
002980.SZ,华盛昌,2025,Q_S_RD_RATE,manual_required,1,10.26,,public-disclosure-v4,conflicting_or_ineligible_sources
002986.SZ,宇新股份,2025,Q_G_ROE,auto_confirmed,1,0.99,0.99,public-disclosure-v4,official_annual_direct_consistent
003021.SZ,兆威机电,2025,Q_S_DIVIDEND_PER_SHARE,auto_confirmed,2,0.385,0.385,public-disclosure-v4,official_annual_direct_consistent
003022.SZ,联泓新科,2025,Q_G_DEBT_ASSET_RATE,auto_confirmed,1,66.97,66.97,public-disclosure-v4,official_annual_direct_consistent
003022.SZ,联泓新科,2025,Q_G_ROE,auto_confirmed,1,4.17,4.17,public-disclosure-v4,official_annual_direct_consistent
003022.SZ,联泓新科,2025,Q_S_DIVIDEND_PER_SHARE,auto_confirmed,2,0.07,0.07,public-disclosure-v4,official_annual_direct_consistent
003035.SZ,南网能源,2025,Q_G_DEBT_ASSET_RATE,auto_confirmed,2,66.15,66.15,public-disclosure-v4,official_annual_direct_consistent
003035.SZ,南网能源,2025,Q_G_ROE,auto_confirmed,1,5.11,5.11,public-disclosure-v4,official_annual_direct_consistent
003035.SZ,南网能源,2025,Q_S_DIVIDEND_PER_SHARE,auto_confirmed,2,0.021,0.021,public-disclosure-v4,official_annual_direct_consistent
00332.HK,YUANHENGGAS-NEW,2025,Q_E_GHG_REDUCTION_RATE,auto_confirmed,1,-12.0504,-12.0504,public-disclosure-v4,strict_extraction_evidence_consistent
00332.HK,YUANHENG GAS,2025,Q_G_CAPITAL_ACCUMULATION,auto_confirmed,1,-75.516,-75.516,public-disclosure-v4,official_annual_direct_consistent
00332.HK,YUANHENG GAS,2025,Q_G_EBITDA_INTEREST,auto_confirmed,1,-27.4307,-27.4307,public-disclosure-v4,official_annual_direct_consistent
00332.HK,YUANHENG GAS,2025,Q_G_ROE,auto_confirmed,1,-286.425,-286.425,public-disclosure-v4,official_annual_direct_consistent
00346.HK,YANCHANG PETRO,2025,Q_G_AR_TURNOVER,auto_confirmed,1,22.1717,22.1717,public-disclosure-v4,official_annual_direct_consistent
00346.HK,YANCHANG PETRO,2025,Q_G_ASSET_TURNOVER,auto_confirmed,1,6.2282,6.2282,public-disclosure-v4,official_annual_direct_consistent
00346.HK,YANCHANG PETRO,2025,Q_G_CAPITAL_ACCUMULATION,auto_confirmed,1,-55.2971,-55.2971,public-disclosure-v4,official_annual_direct_consistent
00346.HK,YANCHANG PETRO,2025,Q_G_DEBT_ASSET_RATE,auto_confirmed,1,78.9713,78.9713,public-disclosure-v4,official_annual_direct_consistent
00346.HK,YANCHANG PETRO,2025,Q_G_REVENUE_GROWTH,auto_confirmed,1,-40.6319,-40.6319,public-disclosure-v4,official_annual_direct_consistent
00353.HK,ENERGY INTINV,2025,Q_G_CAPITAL_ACCUMULATION,auto_confirmed,1,32.9297,32.9297,public-disclosure-v4,official_annual_direct_consistent
00384.HK,CHINA GAS HOLD,2025,Q_G_CAPITAL_ACCUMULATION,auto_confirmed,1,6.6811,6.6811,public-disclosure-v4,official_annual_direct_consistent
00451.HK,GCL NEWENERGY,2025,Q_E_ENERGY_INTENSITY,auto_confirmed,3,6,6,public-disclosure-v4,official_esg_direct_consistent
00451.HK,GCL NEWENERGY,2025,Q_E_GHG_INTENSITY,auto_confirmed,2,12.4,12.4,public-disclosure-v4,official_esg_direct_consistent
00451.HK,GCL NEWENERGY,2025,Q_E_HAZ_WASTE_INTENSITY,auto_confirmed,1,0.0003,0.0003,public-disclosure-v4,strict_extraction_evidence_consistent
00451.HK,GCL NEWENERGY,2025,Q_E_WATER_INTENSITY,auto_confirmed,2,349.5,349.5,public-disclosure-v4,official_esg_direct_consistent
00451.HK,GCL NEWENERGY,2025,Q_G_CAPITAL_ACCUMULATION,auto_confirmed,1,-14.3634,-14.3634,public-disclosure-v4,official_annual_direct_consistent
00451.HK,GCL NEWENERGY,2025,Q_G_EBITDA_INTEREST,auto_confirmed,1,-24.5593,-24.5593,public-disclosure-v4,official_annual_direct_consistent
00451.HK,GCL NEWENERGY,2025,Q_G_REVENUE_GROWTH,auto_confirmed,1,-4.0792,-4.0792,public-disclosure-v4,official_annual_direct_consistent
00451.HK,GCL NEWENERGY,2025,Q_G_ROE,auto_confirmed,1,-25.6141,-25.6141,public-disclosure-v4,official_annual_direct_consistent
00451.HK,GCL NEWENERGY,2025,Q_S_RD_RATE,auto_confirmed,1,2.9052,2.9052,public-disclosure-v4,official_annual_direct_consistent
00467.HK,UNITEDENERGY GP,2025,Q_G_CAPITAL_ACCUMULATION,auto_confirmed,1,-0.8315,-0.8315,public-disclosure-v4,official_annual_direct_consistent
00467.HK,UNITEDENERGY GP,2025,Q_G_CASH_CURRENT_LIABILITY,auto_confirmed,1,50.2238,50.2238,public-disclosure-v4,official_annual_direct_consistent
00467.HK,UNITEDENERGY GP,2025,Q_G_EBITDA_INTEREST,auto_confirmed,1,5.0358,5.0358,public-disclosure-v4,official_annual_direct_consistent
00467.HK,UNITEDENERGY GP,2025,Q_G_QUICK_RATIO,auto_confirmed,1,98.7525,98.7525,public-disclosure-v4,strict_extraction_evidence_consistent
00467.HK,UNITEDENERGY GP,2025,Q_G_ROE,auto_confirmed,1,8.4374,8.4374,public-disclosure-v4,official_annual_direct_consistent
00554.HK,HANS GP HLDGS,2025,Q_G_CAPITAL_ACCUMULATION,auto_confirmed,1,109.363,109.363,public-disclosure-v4,official_annual_direct_consistent
00579.HK,JNCEC,2025,Q_G_CAPITAL_ACCUMULATION,auto_confirmed,1,4.9086,4.9086,public-disclosure-v4,official_annual_direct_consistent
00579.HK,JNCEC,2025,Q_G_EBITDA_INTEREST,auto_confirmed,1,4.0123,4.0123,public-disclosure-v4,official_annual_direct_consistent
00579.HK,JNCEC,2025,Q_G_EBITDA_MARGIN,auto_confirmed,1,42.0827,42.0827,public-disclosure-v4,strict_extraction_evidence_consistent
00579.HK,JNCEC,2025,Q_G_OPERATING_MARGIN,auto_confirmed,1,23.1311,23.1311,public-disclosure-v4,official_annual_direct_consistent
00579.HK,JNCEC,2025,Q_G_OPERATING_PROFIT_GROWTH,auto_confirmed,1,-8.2116,-8.2116,public-disclosure-v4,official_annual_direct_consistent
00579.HK,JNCEC,2025,Q_G_REVENUE_GROWTH,auto_confirmed,1,1.5335,1.5335,public-disclosure-v4,official_annual_direct_consistent
00579.HK,JNCEC,2025,Q_G_ROE,auto_confirmed,1,8.038,8.038,public-disclosure-v4,official_annual_direct_consistent
00579.HK,JNCEC,2025,Q_S_RD_RATE,auto_confirmed,2,3.67,3.67,public-disclosure-v4,official_annual_direct_consistent
00600.HK,AXERA,2025,Q_E_GHG_INTENSITY,manual_required,2,12.5|7003.1,,public-disclosure-v4,conflicting_or_ineligible_sources
00600.HK,AXERA,2025,Q_E_GHG_REDUCTION_RATE,auto_confirmed,1,4.2298,4.2298,public-disclosure-v4,strict_extraction_evidence_consistent
00632.HK,CHK OIL,2025,Q_E_GHG_REDUCTION_RATE,auto_confirmed,1,51.5883,51.5883,public-disclosure-v4,strict_extraction_evidence_consistent
00632.HK,CHK OIL,2025,Q_G_AR_TURNOVER,auto_confirmed,1,11.0614,11.0614,public-disclosure-v4,official_annual_direct_consistent
00632.HK,CHK OIL,2025,Q_G_CAPITAL_ACCUMULATION,auto_confirmed,1,13.2002,13.2002,public-disclosure-v4,official_annual_direct_consistent
00632.HK,CHK OIL,2025,Q_G_REVENUE_GROWTH,auto_confirmed,1,-61.6022,-61.6022,public-disclosure-v4,official_annual_direct_consistent
00639.HK,SHOUGANG RES,2025,Q_G_CAPITAL_ACCUMULATION,auto_confirmed,1,-1.3808,-1.3808,public-disclosure-v4,official_annual_direct_consistent
00639.HK,SHOUGANG RES,2025,Q_G_CASH_CURRENT_LIABILITY,auto_confirmed,1,435.454,435.454,public-disclosure-v4,official_annual_direct_consistent
00645.HK,ARES ASIA,2025,Q_G_CAPITAL_ACCUMULATION,auto_confirmed,1,-16.0905,-16.0905,public-disclosure-v4,official_annual_direct_consistent
00650.HK,PRODUCTIVE TECH,2025,Q_G_AR_TURNOVER,auto_confirmed,1,2.9186,2.9186,public-disclosure-v4,official_annual_direct_consistent
00650.HK,PRODUCTIVE TECH,2025,Q_G_CAPITAL_ACCUMULATION,auto_confirmed,1,-17.5138,-17.5138,public-disclosure-v4,official_annual_direct_consistent
00650.HK,PRODUCTIVE TECH,2025,Q_G_EBITDA_INTEREST,auto_confirmed,1,-26.5256,-26.5256,public-disclosure-v4,official_annual_direct_consistent
00650.HK,PRODUCTIVE TECH,2025,Q_G_REVENUE_GROWTH,auto_confirmed,1,-48.7105,-48.7105,public-disclosure-v4,official_annual_direct_consistent
00650.HK,PRODUCTIVE TECH,2025,Q_G_ROE,auto_confirmed,1,-19.5139,-19.5139,public-disclosure-v4,official_annual_direct_consistent
00650.HK,PRODUCTIVE TECH,2025,Q_S_RD_RATE,auto_confirmed,1,40.3412,40.3412,public-disclosure-v4,official_annual_direct_consistent
00666.HK,REPT BATTERO,2025,Q_G_CAPITAL_ACCUMULATION,auto_confirmed,1,14.8545,14.8545,public-disclosure-v4,official_annual_direct_consistent
00666.HK,REPT BATTERO,2025,Q_G_CASH_CURRENT_LIABILITY,auto_confirmed,1,12.0678,12.0678,public-disclosure-v4,official_annual_direct_consistent
00666.HK,REPT BATTERO,2025,Q_G_CURRENT_ASSET_TURNOVER,auto_confirmed,1,1.0778,1.0778,public-disclosure-v4,official_annual_direct_consistent
00666.HK,REPT BATTERO,2025,Q_G_QUICK_RATIO,auto_confirmed,1,86.6486,86.6486,public-disclosure-v4,strict_extraction_evidence_consistent
00666.HK,REPT BATTERO,2025,Q_G_REVENUE_GROWTH,auto_confirmed,1,36.7392,36.7392,public-disclosure-v4,official_annual_direct_consistent
00666.HK,REPT BATTERO,2025,Q_S_PAY_PER_EMPLOYEE,auto_confirmed,1,17.8718,17.8718,public-disclosure-v4,strict_extraction_evidence_consistent
00666.HK,REPT BATTERO,2025,Q_S_RD_RATE,auto_confirmed,1,3.1509,3.1509,public-disclosure-v4,official_annual_direct_consistent
00686.HK,BJ ENERGY INTL,2025,Q_G_ASSET_TURNOVER,auto_confirmed,1,0.0749,0.0749,public-disclosure-v4,official_annual_direct_consistent
00686.HK,BJ ENERGY INTL,2025,Q_G_CAPITAL_ACCUMULATION,auto_confirmed,1,28.2966,28.2966,public-disclosure-v4,official_annual_direct_consistent
00686.HK,BJ ENERGY INTL,2025,Q_G_CURRENT_ASSET_TURNOVER,auto_confirmed,1,0.4605,0.4605,public-disclosure-v4,official_annual_direct_consistent
00686.HK,BJ ENERGY INTL,2025,Q_G_DEBT_ASSET_RATE,auto_confirmed,1,72.0947,72.0947,public-disclosure-v4,official_annual_direct_consistent
00686.HK,BJ ENERGY INTL,2025,Q_G_EBITDA_INTEREST,auto_confirmed,1,1.1947,1.1947,public-disclosure-v4,official_annual_direct_consistent
00686.HK,BJ ENERGY INTL,2025,Q_G_REVENUE_GROWTH,auto_confirmed,1,10.3552,10.3552,public-disclosure-v4,official_annual_direct_consistent
00686.HK,BJ ENERGY INTL,2025,Q_G_ROA,auto_confirmed,1,2.5657,2.5657,public-disclosure-v4,official_annual_direct_consistent
00686.HK,BJ ENERGY INTL,2025,Q_G_ROE,auto_confirmed,1,0.1237,0.1237,public-disclosure-v4,official_annual_direct_consistent
00689.HK,EPI (HOLDINGS),2025,Q_G_CAPITAL_ACCUMULATION,auto_confirmed,1,6.3508,6.3508,public-disclosure-v4,official_annual_direct_consistent
00689.HK,EPI (HOLDINGS),2025,Q_G_CURRENT_ASSET_TURNOVER,auto_confirmed,1,0.3061,0.3061,public-disclosure-v4,official_annual_direct_consistent
00689.HK,EPI (HOLDINGS),2025,Q_G_EBITDA_INTEREST,auto_confirmed,1,5.8245,5.8245,public-disclosure-v4,official_annual_direct_consistent
00689.HK,EPI (HOLDINGS),2025,Q_G_REVENUE_GROWTH,auto_confirmed,1,-10.9203,-10.9203,public-disclosure-v4,official_annual_direct_consistent
00704.HK,HUSCOKE HLDGS,2025,Q_G_AR_TURNOVER,auto_confirmed,1,38.6125,38.6125,public-disclosure-v4,official_annual_direct_consistent
00704.HK,HUSCOKE HLDGS,2025,Q_G_CAPITAL_ACCUMULATION,auto_confirmed,1,-4.0434,-4.0434,public-disclosure-v4,official_annual_direct_consistent
00704.HK,HUSCOKE HLDGS,2025,Q_G_CURRENT_ASSET_TURNOVER,auto_confirmed,1,0.2435,0.2435,public-disclosure-v4,official_annual_direct_consistent
00704.HK,HUSCOKE HLDGS,2025,Q_G_EBITDA_INTEREST,auto_confirmed,1,0.0532,0.0532,public-disclosure-v4,official_annual_direct_consistent
00704.HK,HUSCOKE HLDGS,2025,Q_G_ROE,auto_confirmed,1,-2.7736,-2.7736,public-disclosure-v4,official_annual_direct_consistent
00819.HK,TIANNENG POWER,2025,Q_G_CAPITAL_ACCUMULATION,auto_confirmed,1,7.4525,7.4525,public-disclosure-v4,official_annual_direct_consistent
00819.HK,TIANNENG POWER,2025,Q_G_EBITDA_INTEREST,auto_confirmed,1,5.5978,5.5978,public-disclosure-v4,official_annual_direct_consistent
00819.HK,TIANNENG POWER,2025,Q_G_REVENUE_GROWTH,auto_confirmed,1,-29.8295,-29.8295,public-disclosure-v4,official_annual_direct_consistent
00819.HK,TIANNENG POWER,2025,Q_G_ROE,auto_confirmed,1,8.4786,8.4786,public-disclosure-v4,official_annual_direct_consistent
00819.HK,TIANNENG POWER,2025,Q_S_RD_RATE,auto_confirmed,1,3.7419,3.7419,public-disclosure-v4,official_annual_direct_consistent
00836.HK,CHINA RES POWER,2025,Q_G_CAPITAL_ACCUMULATION,auto_confirmed,1,11.4108,11.4108,public-disclosure-v4,official_annual_direct_consistent
00836.HK,CHINA RES POWER,2025,Q_G_DEBT_ASSET_RATE,auto_confirmed,1,67.3544,67.3544,public-disclosure-v4,official_annual_direct_consistent
00836.HK,CHINA RES POWER,2025,Q_G_EBITDA_INTEREST,auto_confirmed,1,6.0669,6.0669,public-disclosure-v4,official_annual_direct_consistent
00836.HK,CHINA RES POWER,2025,Q_G_ROA,auto_confirmed,1,6.271,6.271,public-disclosure-v4,official_annual_direct_consistent
00836.HK,CHINA RES POWER,2025,Q_G_ROE,auto_confirmed,1,13.0179,13.0179,public-disclosure-v4,official_annual_direct_consistent
00931.HK,CHINA HK POWER,2025,Q_G_CAPITAL_ACCUMULATION,auto_confirmed,1,300.499,300.499,public-disclosure-v4,official_annual_direct_consistent
00931.HK,CHINA HK POWER,2025,Q_G_CASH_CURRENT_LIABILITY,auto_confirmed,1,-5.8487,-5.8487,public-disclosure-v4,official_annual_direct_consistent
00931.HK,CHINA HK POWER,2025,Q_G_CURRENT_ASSET_TURNOVER,auto_confirmed,1,1.5384,1.5384,public-disclosure-v4,official_annual_direct_consistent
00931.HK,CHINA HK POWER,2025,Q_G_EBITDA_INTEREST,auto_confirmed,1,-2.72,-2.72,public-disclosure-v4,official_annual_direct_consistent
00931.HK,CHINA HK POWER,2025,Q_G_QUICK_RATIO,auto_confirmed,1,52.3919,52.3919,public-disclosure-v4,strict_extraction_evidence_consistent
00931.HK,CHINA HK POWER,2025,Q_G_REVENUE_GROWTH,auto_confirmed,1,56.9756,56.9756,public-disclosure-v4,official_annual_direct_consistent
00934.HK,SINOPEC KANTONS,2025,Q_G_CAPITAL_ACCUMULATION,auto_confirmed,1,3.7153,3.7153,public-disclosure-v4,official_annual_direct_consistent
00934.HK,SINOPEC KANTONS,2025,Q_G_CASH_CURRENT_LIABILITY,auto_confirmed,1,160.858,160.858,public-disclosure-v4,official_annual_direct_consistent
00934.HK,SINOPEC KANTONS,2025,Q_G_DEBT_ASSET_RATE,auto_confirmed,1,2.0542,2.0542,public-disclosure-v4,official_annual_direct_consistent
00951.HK,CHAOWEI POWER,2025,Q_G_EBITDA_INTEREST,auto_confirmed,1,2.5075,2.5075,public-disclosure-v4,official_annual_direct_consistent
00951.HK,CHAOWEI POWER,2025,Q_G_REVENUE_GROWTH,auto_confirmed,1,8.0639,8.0639,public-disclosure-v4,official_annual_direct_consistent
00968.HK,XINYI SOLAR,2025,Q_G_AR_TURNOVER,auto_confirmed,1,2.5475,2.5475,public-disclosure-v4,official_annual_direct_consistent
00968.HK,XINYI SOLAR,2025,Q_G_ASSET_TURNOVER,auto_confirmed,1,0.3665,0.3665,public-disclosure-v4,official_annual_direct_consistent
00968.HK,XINYI SOLAR,2025,Q_G_CAPITAL_ACCUMULATION,auto_confirmed,1,1.5359,1.5359,public-disclosure-v4,official_annual_direct_consistent
00968.HK,XINYI SOLAR,2025,Q_G_CASH_CURRENT_LIABILITY,auto_confirmed,1,42.6828,42.6828,public-disclosure-v4,official_annual_direct_consistent
00968.HK,XINYI SOLAR,2025,Q_G_CURRENT_ASSET_TURNOVER,auto_confirmed,1,1.1039,1.1039,public-disclosure-v4,official_annual_direct_consistent
00968.HK,XINYI SOLAR,2025,Q_G_DEBT_ASSET_RATE,auto_confirmed,1,38.6178,38.6178,public-disclosure-v4,official_annual_direct_consistent
00968.HK,XINYI SOLAR,2025,Q_G_OPERATING_MARGIN,auto_confirmed,1,6.993,6.993,public-disclosure-v4,official_annual_direct_consistent
00968.HK,XINYI SOLAR,2025,Q_G_OPERATING_PROFIT_GROWTH,auto_confirmed,1,-37.3009,-37.3009,public-disclosure-v4,official_annual_direct_consistent
00968.HK,XINYI SOLAR,2025,Q_G_QUICK_RATIO,auto_confirmed,1,139.591,139.591,public-disclosure-v4,strict_extraction_evidence_consistent
00968.HK,XINYI SOLAR,2025,Q_G_REVENUE_GROWTH,auto_confirmed,1,-4.8367,-4.8367,public-disclosure-v4,official_annual_direct_consistent
00968.HK,XINYI SOLAR,2025,Q_G_ROE,auto_confirmed,1,1.9023,1.9023,public-disclosure-v4,official_annual_direct_consistent
00968.HK,XINYI SOLAR,2025,Q_G_TWO_FUNDS_RATE,auto_confirmed,1,47.3067,47.3067,public-disclosure-v4,official_annual_direct_consistent
00975.HK,MONGOL MINING,2025,Q_G_CAPITAL_ACCUMULATION,auto_confirmed,1,-0.8663,-0.8663,public-disclosure-v4,official_annual_direct_consistent
00975.HK,MONGOL MINING,2025,Q_G_CASH_CURRENT_LIABILITY,auto_confirmed,1,57.4024,57.4024,public-disclosure-v4,official_annual_direct_consistent
00975.HK,MONGOL MINING,2025,Q_G_CURRENT_ASSET_TURNOVER,auto_confirmed,1,1.9099,1.9099,public-disclosure-v4,official_annual_direct_consistent
00975.HK,MONGOL MINING,2025,Q_G_EBITDA_INTEREST,auto_confirmed,1,1.5362,1.5362,public-disclosure-v4,official_annual_direct_consistent
00975.HK,MONGOL MINING,2025,Q_G_OPERATING_MARGIN,auto_confirmed,1,9.5662,9.5662,public-disclosure-v4,official_annual_direct_consistent
00975.HK,MONGOL MINING,2025,Q_G_OPERATING_PROFIT_GROWTH,auto_confirmed,1,-78.6145,-78.6145,public-disclosure-v4,official_annual_direct_consistent
00975.HK,MONGOL MINING,2025,Q_G_QUICK_RATIO,auto_confirmed,1,78.1829,78.1829,public-disclosure-v4,strict_extraction_evidence_consistent
00975.HK,MONGOL MINING,2025,Q_G_REVENUE_GROWTH,auto_confirmed,1,-20.8158,-20.8158,public-disclosure-v4,official_annual_direct_consistent
00975.HK,MONGOL MINING,2025,Q_G_ROE,auto_confirmed,1,1.0088,1.0088,public-disclosure-v4,official_annual_direct_consistent
01080.HK,SHENGLI PIPE,2025,Q_G_EBITDA_INTEREST,auto_confirmed,1,-0.4736,-0.4736,public-disclosure-v4,official_annual_direct_consistent
01080.HK,SHENGLI PIPE,2025,Q_G_REVENUE_GROWTH,auto_confirmed,1,58.4306,58.4306,public-disclosure-v4,official_annual_direct_consistent
01083.HK,TG SMART ENERGY,2025,Q_G_CAPITAL_ACCUMULATION,auto_confirmed,1,9.3247,9.3247,public-disclosure-v4,official_annual_direct_consistent
01205.HK,CITIC RESOURCES,2025,Q_E_GHG_REDUCTION_RATE,manual_required,2,-14.2513|-14.2506,,public-disclosure-v4,conflicting_or_ineligible_sources
01205.HK,CITIC RESOURCES,2025,Q_G_CAPITAL_ACCUMULATION,auto_confirmed,1,8.9109,8.9109,public-disclosure-v4,official_annual_direct_consistent
01205.HK,CITIC RESOURCES,2025,Q_G_CASH_CURRENT_LIABILITY,auto_confirmed,1,24.9823,24.9823,public-disclosure-v4,official_annual_direct_consistent
01205.HK,CITIC RESOURCES,2025,Q_G_QUICK_RATIO,auto_confirmed,1,149.229,149.229,public-disclosure-v4,strict_extraction_evidence_consistent
01205.HK,CITIC RESOURCES,2025,Q_G_TWO_FUNDS_RATE,auto_confirmed,1,15.1085,15.1085,public-disclosure-v4,official_annual_direct_consistent
01229.HK,NAN NAN RES,2025,Q_G_CAPITAL_ACCUMULATION,auto_confirmed,1,40.0928,40.0928,public-disclosure-v4,official_annual_direct_consistent
01229.HK,NAN NAN RES,2025,Q_G_EBITDA_INTEREST,auto_confirmed,1,19.89,19.89,public-disclosure-v4,official_annual_direct_consistent
01229.HK,NAN NAN RES,2025,Q_G_REVENUE_GROWTH,auto_confirmed,1,181.771,181.771,public-disclosure-v4,official_annual_direct_consistent
01229.HK,NAN NAN RES,2025,Q_G_ROE,auto_confirmed,1,34.8133,34.8133,public-disclosure-v4,official_annual_direct_consistent
01250.HK,SDHS NEW ENERGY,2025,Q_G_CAPITAL_ACCUMULATION,auto_confirmed,1,2.0131,2.0131,public-disclosure-v4,official_annual_direct_consistent
01250.HK,SDHS NEW ENERGY,2025,Q_G_CASH_CURRENT_LIABILITY,auto_confirmed,1,34.9188,34.9188,public-disclosure-v4,official_annual_direct_consistent
01250.HK,SDHS NEW ENERGY,2025,Q_G_CURRENT_ASSET_TURNOVER,auto_confirmed,1,0.265,0.265,public-disclosure-v4,official_annual_direct_consistent
01250.HK,SDHS NEW ENERGY,2025,Q_G_EBITDA_INTEREST,auto_confirmed,1,1.6245,1.6245,public-disclosure-v4,official_annual_direct_consistent
01250.HK,SDHS NEW ENERGY,2025,Q_G_QUICK_RATIO,auto_confirmed,1,161.619,161.619,public-disclosure-v4,strict_extraction_evidence_consistent
01250.HK,SDHS NEW ENERGY,2025,Q_G_REVENUE_GROWTH,auto_confirmed,1,-0.3275,-0.3275,public-disclosure-v4,official_annual_direct_consistent
01250.HK,SDHS NEW ENERGY,2025,Q_G_ROE,auto_confirmed,1,2.054,2.054,public-disclosure-v4,official_annual_direct_consistent
01250.HK,SDHS NEW ENERGY,2025,Q_S_ENV_INVEST_RATE,auto_confirmed,1,0.18,0.18,public-disclosure-v4,strict_extraction_evidence_consistent
01250.HK,SDHS NEW ENERGY,2025,Q_S_SAFETY_INVEST_RATE,manual_required,1,1.77,,public-disclosure-v4,indicator_not_auto_eligible
01251.HK,SPT ENERGY,2025,Q_G_CAPITAL_ACCUMULATION,auto_confirmed,1,-11.1466,-11.1466,public-disclosure-v4,official_annual_direct_consistent
01251.HK,SPT ENERGY,2025,Q_G_DEBT_ASSET_RATE,auto_confirmed,1,62.7562,62.7562,public-disclosure-v4,official_annual_direct_consistent
01277.HK,KINETIC DEV,2025,Q_G_OPERATING_MARGIN,auto_confirmed,1,25.7718,25.7718,public-disclosure-v4,official_annual_direct_consistent
01277.HK,KINETIC DEV,2025,Q_G_OPERATING_PROFIT_GROWTH,auto_confirmed,1,-51.4291,-51.4291,public-disclosure-v4,official_annual_direct_consistent
01277.HK,KINETIC DEV,2025,Q_G_REVENUE_GROWTH,auto_confirmed,1,-6.4104,-6.4104,public-disclosure-v4,official_annual_direct_consistent
01303.HK,HUILI RES,2025,Q_G_CAPITAL_ACCUMULATION,auto_confirmed,1,1.0579,1.0579,public-disclosure-v4,official_annual_direct_consistent
01303.HK,HUILI RES,2025,Q_G_CASH_CURRENT_LIABILITY,auto_confirmed,1,16.6662,16.6662,public-disclosure-v4,official_annual_direct_consistent
01303.HK,HUILI RES,2025,Q_G_DEBT_ASSET_RATE,auto_confirmed,1,49.6488,49.6488,public-disclosure-v4,official_annual_direct_consistent
01303.HK,HUILI RES,2025,Q_G_QUICK_RATIO,auto_confirmed,1,140.683,140.683,public-disclosure-v4,strict_extraction_evidence_consistent
01393.HK,HIDILI INDUSTRY,2025,Q_E_GHG_REDUCTION_RATE,auto_confirmed,1,22.6014,22.6014,public-disclosure-v4,strict_extraction_evidence_consistent
01393.HK,HIDILI INDUSTRY,2025,Q_G_EBITDA_INTEREST,auto_confirmed,1,-0.9924,-0.9924,public-disclosure-v4,official_annual_direct_consistent
01393.HK,HIDILI INDUSTRY,2025,Q_G_EBITDA_MARGIN,auto_confirmed,1,2.771,2.771,public-disclosure-v4,strict_extraction_evidence_consistent
01393.HK,HIDILI INDUSTRY,2025,Q_G_REVENUE_GROWTH,auto_confirmed,1,-10.8091,-10.8091,public-disclosure-v4,official_annual_direct_consistent
01407.HK,JY GAS,2025,Q_E_GHG_INTENSITY,auto_confirmed,1,6.98,6.98,public-disclosure-v4,official_esg_direct_consistent
01407.HK,JY GAS,2025,Q_G_AR_TURNOVER,auto_confirmed,1,38.3744,38.3744,public-disclosure-v4,official_annual_direct_consistent
01407.HK,JY GAS,2025,Q_G_ASSET_TURNOVER,auto_confirmed,1,0.5736,0.5736,public-disclosure-v4,official_annual_direct_consistent
01407.HK,JY GAS,2025,Q_G_CAPITAL_ACCUMULATION,auto_confirmed,1,4.9034,4.9034,public-disclosure-v4,official_annual_direct_consistent
01407.HK,JY GAS,2025,Q_G_DEBT_ASSET_RATE,auto_confirmed,1,43.0274,43.0274,public-disclosure-v4,official_annual_direct_consistent
01407.HK,JY GAS,2025,Q_G_EBITDA_INTEREST,auto_confirmed,1,12.4724,12.4724,public-disclosure-v4,official_annual_direct_consistent
01407.HK,JY GAS,2025,Q_G_OPERATING_MARGIN,auto_confirmed,1,12.9518,12.9518,public-disclosure-v4,official_annual_direct_consistent
01407.HK,JY GAS,2025,Q_G_OPERATING_PROFIT_GROWTH,auto_confirmed,1,1.6705,1.6705,public-disclosure-v4,official_annual_direct_consistent
01407.HK,JY GAS,2025,Q_G_REVENUE_GROWTH,auto_confirmed,1,-9.6749,-9.6749,public-disclosure-v4,official_annual_direct_consistent
01407.HK,JY GAS,2025,Q_G_ROA,auto_confirmed,1,7.4771,7.4771,public-disclosure-v4,official_annual_direct_consistent
01407.HK,JY GAS,2025,Q_G_ROE,auto_confirmed,1,8.9851,8.9851,public-disclosure-v4,official_annual_direct_consistent
01555.HK,MIE HOLDINGS,2025,Q_G_DEBT_ASSET_RATE,auto_confirmed,1,358.844,358.844,public-disclosure-v4,official_annual_direct_consistent
01555.HK,MIE HOLDINGS,2025,Q_G_QUICK_RATIO,auto_confirmed,1,55.5557,55.5557,public-disclosure-v4,strict_extraction_evidence_consistent
01555.HK,MIE HOLDINGS,2025,Q_G_TWO_FUNDS_RATE,auto_confirmed,1,35.6107,35.6107,public-disclosure-v4,official_annual_direct_consistent
01600.HK,TIAN LUN GAS,2025,Q_E_HAZ_WASTE_INTENSITY,auto_confirmed,1,0.016,0.016,public-disclosure-v4,strict_extraction_evidence_consistent
01600.HK,TIAN LUN GAS,2025,Q_E_PM_INTENSITY,auto_confirmed,1,0.029,0.029,public-disclosure-v4,strict_extraction_evidence_consistent
01600.HK,TIAN LUN GAS,2025,Q_E_SOLID_WASTE_INTENSITY,auto_confirmed,1,0.5,0.5,public-disclosure-v4,strict_extraction_evidence_consistent
01600.HK,TIAN LUN GAS,2025,Q_E_WASTEWATER_INTENSITY,auto_confirmed,1,49.7,49.7,public-disclosure-v4,strict_extraction_evidence_consistent
01608.HK,VPOWER GROUP,2025,Q_G_CAPITAL_ACCUMULATION,auto_confirmed,1,-11.1546,-11.1546,public-disclosure-v4,official_annual_direct_consistent
01621.HK,VICO INTL HLDGS,2025,Q_G_CAPITAL_ACCUMULATION,auto_confirmed,1,6.8981,6.8981,public-disclosure-v4,official_annual_direct_consistent
01621.HK,VICO INTL HLDGS,2025,Q_G_EBITDA_INTEREST,auto_confirmed,1,20.8791,20.8791,public-disclosure-v4,official_annual_direct_consistent
01621.HK,VICO INTL HLDGS,2025,Q_G_REVENUE_GROWTH,auto_confirmed,1,-15.3897,-15.3897,public-disclosure-v4,official_annual_direct_consistent
01623.HK,HILONG,2025,Q_G_CAPITAL_ACCUMULATION,auto_confirmed,1,-8.9705,-8.9705,public-disclosure-v4,official_annual_direct_consistent
01623.HK,HILONG,2025,Q_G_DEBT_ASSET_RATE,auto_confirmed,1,61.2127,61.2127,public-disclosure-v4,official_annual_direct_consistent
01713.HK,SICHUAN EN INV,2025,Q_G_AR_TURNOVER,auto_confirmed,1,5.9924,5.9924,public-disclosure-v4,official_annual_direct_consistent
01713.HK,SICHUAN EN INV,2025,Q_G_ASSET_TURNOVER,auto_confirmed,1,0.6624,0.6624,public-disclosure-v4,official_annual_direct_consistent
01713.HK,SICHUAN EN INV,2025,Q_G_CASH_CURRENT_LIABILITY,auto_confirmed,1,27.8826,27.8826,public-disclosure-v4,official_annual_direct_consistent
01713.HK,SICHUAN EN INV,2025,Q_G_CASH_REALIZATION,auto_confirmed,1,115.623,115.623,public-disclosure-v4,official_annual_direct_consistent
01713.HK,SICHUAN EN INV,2025,Q_G_CURRENT_ASSET_TURNOVER,auto_confirmed,1,2.7773,2.7773,public-disclosure-v4,official_annual_direct_consistent
01713.HK,SICHUAN EN INV,2025,Q_G_DEBT_ASSET_RATE,auto_confirmed,1,49.8714,49.8714,public-disclosure-v4,official_annual_direct_consistent
01713.HK,SICHUAN EN INV,2025,Q_G_OPERATING_MARGIN,auto_confirmed,1,6.6346,6.6346,public-disclosure-v4,official_annual_direct_consistent
01713.HK,SICHUAN EN INV,2025,Q_G_OPERATING_PROFIT_GROWTH,auto_confirmed,1,-28.4577,-28.4577,public-disclosure-v4,official_annual_direct_consistent
01713.HK,SICHUAN EN INV,2025,Q_G_QUICK_RATIO,auto_confirmed,1,66.0955,66.0955,public-disclosure-v4,strict_extraction_evidence_consistent
01713.HK,SICHUAN EN INV,2025,Q_G_REVENUE_GROWTH,auto_confirmed,1,4.0322,4.0322,public-disclosure-v4,official_annual_direct_consistent
01713.HK,SICHUAN EN INV,2025,Q_G_TWO_FUNDS_RATE,auto_confirmed,1,53.3399,53.3399,public-disclosure-v4,official_annual_direct_consistent
01713.HK,SICHUAN EN INV,2025,Q_S_BENEFIT_PER_EMPLOYEE,auto_confirmed,1,3.077,3.077,public-disclosure-v4,strict_extraction_evidence_consistent
01713.HK,SICHUAN EN INV,2025,Q_S_EDU_PER_EMPLOYEE,auto_confirmed,1,0.4274,0.4274,public-disclosure-v4,strict_extraction_evidence_consistent
01738.HK,FS ANTHRACITE,2025,Q_G_ASSET_TURNOVER,auto_confirmed,1,0.13,0.13,public-disclosure-v4,official_annual_direct_consistent
01738.HK,FS ANTHRACITE,2025,Q_G_CASH_CURRENT_LIABILITY,auto_confirmed,1,2.5413,2.5413,public-disclosure-v4,official_annual_direct_consistent
01738.HK,FS ANTHRACITE,2025,Q_G_CURRENT_ASSET_TURNOVER,auto_confirmed,1,2.8128,2.8128,public-disclosure-v4,official_annual_direct_consistent
01738.HK,FS ANTHRACITE,2025,Q_G_DEBT_ASSET_RATE,auto_confirmed,1,189.758,189.758,public-disclosure-v4,official_annual_direct_consistent
01738.HK,FS ANTHRACITE,2025,Q_G_EBITDA_INTEREST,auto_confirmed,1,-3.3537,-3.3537,public-disclosure-v4,official_annual_direct_consistent
01738.HK,FS ANTHRACITE,2025,Q_G_QUICK_RATIO,auto_confirmed,1,1.9164,1.9164,public-disclosure-v4,strict_extraction_evidence_consistent
01738.HK,FS ANTHRACITE,2025,Q_G_REVENUE_GROWTH,auto_confirmed,1,15.72,15.72,public-disclosure-v4,official_annual_direct_consistent
01738.HK,FS ANTHRACITE,2025,Q_G_ROA,auto_confirmed,1,-18.8991,-18.8991,public-disclosure-v4,official_annual_direct_consistent
01798.HK,DATANG RENEW,2025,Q_G_ASSET_TURNOVER,auto_confirmed,1,0.109,0.109,public-disclosure-v4,official_annual_direct_consistent
01798.HK,DATANG RENEW,2025,Q_G_CAPITAL_ACCUMULATION,auto_confirmed,1,0.0317,0.0317,public-disclosure-v4,official_annual_direct_consistent
01798.HK,DATANG RENEW,2025,Q_G_CURRENT_ASSET_TURNOVER,auto_confirmed,1,0.4968,0.4968,public-disclosure-v4,official_annual_direct_consistent
01798.HK,DATANG RENEW,2025,Q_G_DEBT_ASSET_RATE,auto_confirmed,1,67.369,67.369,public-disclosure-v4,official_annual_direct_consistent
01798.HK,DATANG RENEW,2025,Q_G_OPERATING_MARGIN,auto_confirmed,1,30.4641,30.4641,public-disclosure-v4,official_annual_direct_consistent
01798.HK,DATANG RENEW,2025,Q_G_OPERATING_PROFIT_GROWTH,auto_confirmed,1,-18.5933,-18.5933,public-disclosure-v4,official_annual_direct_consistent
01798.HK,DATANG RENEW,2025,Q_G_QUICK_RATIO,auto_confirmed,1,101.688,101.688,public-disclosure-v4,strict_extraction_evidence_consistent
01798.HK,DATANG RENEW,2025,Q_G_REVENUE_GROWTH,auto_confirmed,1,0.0109,0.0109,public-disclosure-v4,official_annual_direct_consistent
01798.HK,DATANG RENEW,2025,Q_G_ROE,auto_confirmed,1,4.8263,4.8263,public-disclosure-v4,official_annual_direct_consistent
01798.HK,DATANG RENEW,2025,Q_S_SAFETY_INVEST_RATE,manual_required,1,4.41,,public-disclosure-v4,indicator_not_auto_eligible
01799.HK,XINTE ENERGY,2025,Q_G_AR_TURNOVER,auto_confirmed,1,2.7221,2.7221,public-disclosure-v4,official_annual_direct_consistent
01799.HK,XINTE ENERGY,2025,Q_G_ASSET_TURNOVER,auto_confirmed,1,0.1863,0.1863,public-disclosure-v4,official_annual_direct_consistent
01799.HK,XINTE ENERGY,2025,Q_G_CASH_REALIZATION,auto_confirmed,1,114.261,114.261,public-disclosure-v4,official_annual_direct_consistent
01799.HK,XINTE ENERGY,2025,Q_G_COST_REVENUE_RATE,auto_confirmed,1,108.959,108.959,public-disclosure-v4,official_annual_direct_consistent
01799.HK,XINTE ENERGY,2025,Q_G_CURRENT_ASSET_TURNOVER,auto_confirmed,1,0.5553,0.5553,public-disclosure-v4,official_annual_direct_consistent
01799.HK,XINTE ENERGY,2025,Q_G_DEBT_ASSET_RATE,auto_confirmed,1,54.8883,54.8883,public-disclosure-v4,official_annual_direct_consistent
01799.HK,XINTE ENERGY,2025,Q_G_OPERATING_MARGIN,auto_confirmed,1,-6.6439,-6.6439,public-disclosure-v4,official_annual_direct_consistent
01799.HK,XINTE ENERGY,2025,Q_G_OPERATING_PROFIT_GROWTH,auto_confirmed,1,75.6985,75.6985,public-disclosure-v4,official_annual_direct_consistent
01799.HK,XINTE ENERGY,2025,Q_G_QUICK_RATIO,auto_confirmed,1,92.0124,92.0124,public-disclosure-v4,strict_extraction_evidence_consistent
01799.HK,XINTE ENERGY,2025,Q_G_REVENUE_GROWTH,auto_confirmed,1,-28.0889,-28.0889,public-disclosure-v4,official_annual_direct_consistent
01799.HK,XINTE ENERGY,2025,Q_G_TWO_FUNDS_RATE,auto_confirmed,1,43.3353,43.3353,public-disclosure-v4,official_annual_direct_consistent
01799.HK,XINTE ENERGY,2025,Q_S_RD_RATE,auto_confirmed,1,2.4191,2.4191,public-disclosure-v4,official_annual_direct_consistent
01811.HK,CGN NEW ENERGY,2025,Q_G_AR_TURNOVER,auto_confirmed,1,1.9846,1.9846,public-disclosure-v4,official_annual_direct_consistent
01811.HK,CGN NEW ENERGY,2025,Q_G_CAPITAL_ACCUMULATION,auto_confirmed,1,14.6692,14.6692,public-disclosure-v4,official_annual_direct_consistent
01811.HK,CGN NEW ENERGY,2025,Q_G_COST_REVENUE_RATE,auto_confirmed,1,71.6016,71.6016,public-disclosure-v4,official_annual_direct_consistent
01811.HK,CGN NEW ENERGY,2025,Q_G_EBITDA_INTEREST,auto_confirmed,1,3.3023,3.3023,public-disclosure-v4,official_annual_direct_consistent
01811.HK,CGN NEW ENERGY,2025,Q_G_OPERATING_MARGIN,auto_confirmed,1,28.3984,28.3984,public-disclosure-v4,official_annual_direct_consistent
01811.HK,CGN NEW ENERGY,2025,Q_G_OPERATING_PROFIT_GROWTH,auto_confirmed,1,-9.0077,-9.0077,public-disclosure-v4,official_annual_direct_consistent
01811.HK,CGN NEW ENERGY,2025,Q_G_REVENUE_GROWTH,auto_confirmed,1,-13.2468,-13.2468,public-disclosure-v4,official_annual_direct_consistent
01811.HK,CGN NEW ENERGY,2025,Q_G_ROE,auto_confirmed,1,15.0963,15.0963,public-disclosure-v4,official_annual_direct_consistent
01878.HK,SOUTHGOBI,2025,Q_G_CASH_CURRENT_LIABILITY,auto_confirmed,1,11.4605,11.4605,public-disclosure-v4,official_annual_direct_consistent
01878.HK,SOUTHGOBI,2025,Q_G_DEBT_ASSET_RATE,auto_confirmed,1,163.906,163.906,public-disclosure-v4,official_annual_direct_consistent
01878.HK,SOUTHGOBI,2025,Q_G_QUICK_RATIO,auto_confirmed,1,9.6084,9.6084,public-disclosure-v4,strict_extraction_evidence_consistent
01921.HK,DALIPAL HLDG,2025,Q_G_CAPITAL_ACCUMULATION,auto_confirmed,1,2.4969,2.4969,public-disclosure-v4,official_annual_direct_consistent
01921.HK,DALIPAL HLDG,2025,Q_G_OPERATING_MARGIN,auto_confirmed,1,2.4527,2.4527,public-disclosure-v4,official_annual_direct_consistent
01921.HK,DALIPAL HLDG,2025,Q_G_REVENUE_GROWTH,auto_confirmed,1,5.1704,5.1704,public-disclosure-v4,official_annual_direct_consistent
01921.HK,DALIPAL HLDG,2025,Q_S_PAY_PER_EMPLOYEE,auto_confirmed,1,13.3302,13.3302,public-disclosure-v4,strict_extraction_evidence_consistent
01938.HK,CHU KONG PIPE,2025,Q_G_CAPITAL_ACCUMULATION,auto_confirmed,1,20.6517,20.6517,public-disclosure-v4,official_annual_direct_consistent
01938.HK,CHU KONG PIPE,2025,Q_G_CURRENT_ASSET_TURNOVER,auto_confirmed,1,0.6866,0.6866,public-disclosure-v4,official_annual_direct_consistent
01938.HK,CHU KONG PIPE,2025,Q_G_EBITDA_INTEREST,auto_confirmed,1,2.016,2.016,public-disclosure-v4,official_annual_direct_consistent
01938.HK,CHU KONG PIPE,2025,Q_G_QUICK_RATIO,auto_confirmed,1,79.0898,79.0898,public-disclosure-v4,strict_extraction_evidence_consistent
01938.HK,CHU KONG PIPE,2025,Q_G_REVENUE_GROWTH,auto_confirmed,1,-19.9966,-19.9966,public-disclosure-v4,official_annual_direct_consistent
02012.HK,SUNSHINE OIL,2025,Q_G_DEBT_ASSET_RATE,auto_confirmed,1,96.1771,96.1771,public-disclosure-v4,official_annual_direct_consistent
02012.HK,SUNSHINE OIL,2025,Q_G_EBITDA_INTEREST,auto_confirmed,1,-0.3656,-0.3656,public-disclosure-v4,official_annual_direct_consistent
02012.HK,SUNSHINE OIL,2025,Q_G_ROA,auto_confirmed,1,-0.469,-0.469,public-disclosure-v4,official_annual_direct_consistent
02178.HK,PETRO-KING,2025,Q_G_AR_TURNOVER,auto_confirmed,1,1.5616,1.5616,public-disclosure-v4,official_annual_direct_consistent
02178.HK,PETRO-KING,2025,Q_G_CAPITAL_ACCUMULATION,auto_confirmed,1,15.7797,15.7797,public-disclosure-v4,official_annual_direct_consistent
02178.HK,PETRO-KING,2025,Q_G_OPERATING_MARGIN,auto_confirmed,1,7.1357,7.1357,public-disclosure-v4,official_annual_direct_consistent
02178.HK,PETRO-KING,2025,Q_G_OPERATING_PROFIT_GROWTH,auto_confirmed,1,267.635,267.635,public-disclosure-v4,official_annual_direct_consistent
02178.HK,PETRO-KING,2025,Q_G_REVENUE_GROWTH,auto_confirmed,1,-8.3907,-8.3907,public-disclosure-v4,official_annual_direct_consistent
02178.HK,PETRO-KING,2025,Q_S_RD_RATE,auto_confirmed,1,8.3727,8.3727,public-disclosure-v4,official_annual_direct_consistent
02236.HK,WISON ENGRG,2025,Q_E_GHG_INTENSITY,auto_confirmed,1,17.21,17.21,public-disclosure-v4,official_esg_direct_consistent
02236.HK,WISON ENGRG,2025,Q_E_HAZ_WASTE_INTENSITY,auto_confirmed,1,0.026,0.026,public-disclosure-v4,strict_extraction_evidence_consistent
02236.HK,WISON ENGRG,2025,Q_E_SOLID_WASTE_INTENSITY,auto_confirmed,1,1.139,1.139,public-disclosure-v4,strict_extraction_evidence_consistent
02236.HK,WISON ENGRG,2025,Q_E_WATER_INTENSITY,auto_confirmed,1,398.528,398.528,public-disclosure-v4,official_esg_direct_consistent
02236.HK,WISON ENGRG,2025,Q_G_AR_TURNOVER,auto_confirmed,1,11.2721,11.2721,public-disclosure-v4,official_annual_direct_consistent
02236.HK,WISON ENGRG,2025,Q_G_CAPITAL_ACCUMULATION,auto_confirmed,1,7.7026,7.7026,public-disclosure-v4,official_annual_direct_consistent
02236.HK,WISON ENGRG,2025,Q_G_CURRENT_ASSET_TURNOVER,auto_confirmed,1,1.0707,1.0707,public-disclosure-v4,official_annual_direct_consistent
02236.HK,WISON ENGRG,2025,Q_G_EBITDA_INTEREST,auto_confirmed,1,4.5714,4.5714,public-disclosure-v4,official_annual_direct_consistent
02236.HK,WISON ENGRG,2025,Q_G_QUICK_RATIO,auto_confirmed,1,98.0581,98.0581,public-disclosure-v4,strict_extraction_evidence_consistent
02236.HK,WISON ENGRG,2025,Q_G_REVENUE_GROWTH,auto_confirmed,1,34.6591,34.6591,public-disclosure-v4,official_annual_direct_consistent
02236.HK,WISON ENGRG,2025,Q_G_ROE,auto_confirmed,1,5.2769,5.2769,public-disclosure-v4,official_annual_direct_consistent
02236.HK,WISON ENGRG,2025,Q_G_TWO_FUNDS_RATE,auto_confirmed,1,17.1645,17.1645,public-disclosure-v4,official_annual_direct_consistent
02380.HK,CHINA POWER,2025,Q_G_AR_TURNOVER,auto_confirmed,1,1.5015,1.5015,public-disclosure-v4,official_annual_direct_consistent
02380.HK,CHINA POWER,2025,Q_G_ASSET_TURNOVER,auto_confirmed,1,0.1385,0.1385,public-disclosure-v4,official_annual_direct_consistent
02380.HK,CHINA POWER,2025,Q_G_CAPITAL_ACCUMULATION,auto_confirmed,1,9.764,9.764,public-disclosure-v4,official_annual_direct_consistent
02380.HK,CHINA POWER,2025,Q_G_DEBT_ASSET_RATE,auto_confirmed,1,67.8873,67.8873,public-disclosure-v4,official_annual_direct_consistent
02380.HK,CHINA POWER,2025,Q_G_EBITDA_INTEREST,auto_confirmed,1,2.5523,2.5523,public-disclosure-v4,official_annual_direct_consistent
02380.HK,CHINA POWER,2025,Q_G_OPERATING_MARGIN,auto_confirmed,1,24.3453,24.3453,public-disclosure-v4,official_annual_direct_consistent
02380.HK,CHINA POWER,2025,Q_G_OPERATING_PROFIT_GROWTH,auto_confirmed,1,-1.8971,-1.8971,public-disclosure-v4,official_annual_direct_consistent
02380.HK,CHINA POWER,2025,Q_G_REVENUE_GROWTH,auto_confirmed,1,-9.5611,-9.5611,public-disclosure-v4,official_annual_direct_consistent
02380.HK,CHINA POWER,2025,Q_G_ROA,auto_confirmed,1,3.6501,3.6501,public-disclosure-v4,official_annual_direct_consistent
02380.HK,CHINA POWER,2025,Q_G_ROE,auto_confirmed,1,5.2474,5.2474,public-disclosure-v4,official_annual_direct_consistent
02380.HK,CHINA POWER,2025,Q_S_DIVIDEND_PER_SHARE,auto_confirmed,1,0.168,0.168,public-disclosure-v4,official_annual_direct_consistent
02386.HK,SINOPEC SEG,2025,Q_E_GHG_INTENSITY,auto_confirmed,1,19.848,19.848,public-disclosure-v4,official_esg_direct_consistent
02386.HK,SINOPEC SEG,2025,Q_G_ASSET_TURNOVER,auto_confirmed,1,0.8114,0.8114,public-disclosure-v4,official_annual_direct_consistent
02386.HK,SINOPEC SEG,2025,Q_G_CAPITAL_ACCUMULATION,auto_confirmed,1,0.7376,0.7376,public-disclosure-v4,official_annual_direct_consistent
02386.HK,SINOPEC SEG,2025,Q_G_CURRENT_ASSET_TURNOVER,auto_confirmed,1,0.8934,0.8934,public-disclosure-v4,official_annual_direct_consistent
02386.HK,SINOPEC SEG,2025,Q_G_DEBT_ASSET_RATE,auto_confirmed,1,65.1226,65.1226,public-disclosure-v4,official_annual_direct_consistent
02386.HK,SINOPEC SEG,2025,Q_G_OPERATING_MARGIN,auto_confirmed,1,1.8254,1.8254,public-disclosure-v4,official_annual_direct_consistent
02386.HK,SINOPEC SEG,2025,Q_G_OPERATING_PROFIT_GROWTH,auto_confirmed,1,-25.4253,-25.4253,public-disclosure-v4,official_annual_direct_consistent
02386.HK,SINOPEC SEG,2025,Q_G_QUICK_RATIO,auto_confirmed,1,144.5,144.5,public-disclosure-v4,strict_extraction_evidence_consistent
02386.HK,SINOPEC SEG,2025,Q_G_REVENUE_GROWTH,auto_confirmed,1,9.1527,9.1527,public-disclosure-v4,official_annual_direct_consistent
02386.HK,SINOPEC SEG,2025,Q_G_ROE,auto_confirmed,1,5.6997,5.6997,public-disclosure-v4,official_annual_direct_consistent
02386.HK,SINOPEC SEG,2025,Q_S_DIVIDEND_PER_SHARE,auto_confirmed,1,0.358,0.358,public-disclosure-v4,official_annual_direct_consistent
02386.HK,SINOPEC SEG,2025,Q_S_RD_RATE,auto_confirmed,1,3.4448,3.4448,public-disclosure-v4,official_annual_direct_consistent
02688.HK,ENN ENERGY,2025,Q_E_GHG_REDUCTION_RATE,auto_confirmed,1,45.0722,45.0722,public-disclosure-v4,strict_extraction_evidence_consistent
02688.HK,ENN ENERGY,2025,Q_E_NOX_INTENSITY,auto_confirmed,1,0.9,0.9,public-disclosure-v4,strict_extraction_evidence_consistent
02688.HK,ENN ENERGY,2025,Q_G_EBITDA_INTEREST,auto_confirmed,1,15.5261,15.5261,public-disclosure-v4,official_annual_direct_consistent
02688.HK,ENN ENERGY,2025,Q_G_REVENUE_GROWTH,auto_confirmed,1,1.868,1.868,public-disclosure-v4,official_annual_direct_consistent
02728.HK,JINTAI ENERGY H,2025,Q_G_ASSET_TURNOVER,auto_confirmed,1,4.0263,4.0263,public-disclosure-v4,official_annual_direct_consistent
02728.HK,JINTAI ENERGY H,2025,Q_G_CAPITAL_ACCUMULATION,auto_confirmed,1,-20.1054,-20.1054,public-disclosure-v4,official_annual_direct_consistent
02728.HK,JINTAI ENERGY H,2025,Q_G_DEBT_ASSET_RATE,auto_confirmed,1,85.3668,85.3668,public-disclosure-v4,official_annual_direct_consistent
02728.HK,JINTAI ENERGY H,2025,Q_G_EBITDA_INTEREST,auto_confirmed,1,0.3012,0.3012,public-disclosure-v4,official_annual_direct_consistent
02728.HK,JINTAI ENERGY H,2025,Q_G_OPERATING_MARGIN,auto_confirmed,1,0.3718,0.3718,public-disclosure-v4,official_annual_direct_consistent
02728.HK,JINTAI ENERGY H,2025,Q_G_OPERATING_PROFIT_GROWTH,auto_confirmed,1,153.374,153.374,public-disclosure-v4,official_annual_direct_consistent
02728.HK,JINTAI ENERGY H,2025,Q_G_REVENUE_GROWTH,auto_confirmed,1,8.9294,8.9294,public-disclosure-v4,official_annual_direct_consistent
02728.HK,JINTAI ENERGY H,2025,Q_G_ROA,auto_confirmed,1,1.5778,1.5778,public-disclosure-v4,official_annual_direct_consistent
02728.HK,JINTAI ENERGY H,2025,Q_G_ROE,auto_confirmed,1,-23.3942,-23.3942,public-disclosure-v4,official_annual_direct_consistent
02798.HK,PER ENERGY,2025,Q_G_CAPITAL_ACCUMULATION,auto_confirmed,1,-6.2674,-6.2674,public-disclosure-v4,official_annual_direct_consistent
02798.HK,PER ENERGY,2025,Q_G_REVENUE_GROWTH,auto_confirmed,1,-29.3071,-29.3071,public-disclosure-v4,official_annual_direct_consistent
03303.HK,JUTAL OIL SER,2025,Q_G_AR_TURNOVER,auto_confirmed,1,348.933,348.933,public-disclosure-v4,official_annual_direct_consistent
03303.HK,JUTAL OIL SER,2025,Q_G_CAPITAL_ACCUMULATION,auto_confirmed,1,0.5677,0.5677,public-disclosure-v4,official_annual_direct_consistent
03303.HK,JUTAL OIL SER,2025,Q_G_EBITDA_INTEREST,auto_confirmed,1,9.1848,9.1848,public-disclosure-v4,official_annual_direct_consistent
03303.HK,JUTAL OIL SER,2025,Q_G_OPERATING_MARGIN,auto_confirmed,1,6.9854,6.9854,public-disclosure-v4,official_annual_direct_consistent
03303.HK,JUTAL OIL SER,2025,Q_G_OPERATING_PROFIT_GROWTH,auto_confirmed,1,-75.8186,-75.8186,public-disclosure-v4,official_annual_direct_consistent
03303.HK,JUTAL OIL SER,2025,Q_G_REVENUE_GROWTH,auto_confirmed,1,-61.5237,-61.5237,public-disclosure-v4,official_annual_direct_consistent
03303.HK,JUTAL OIL SER,2025,Q_G_ROE,auto_confirmed,1,2.1011,2.1011,public-disclosure-v4,official_annual_direct_consistent
03337.HK,ANTON OILFIELD,2025,Q_E_ALTERNATIVE_WATER_RATE,manual_required,2,8.53,,public-disclosure-v4,indicator_not_auto_eligible
03337.HK,ANTON OILFIELD,2025,Q_G_CAPITAL_ACCUMULATION,auto_confirmed,1,4.443,4.443,public-disclosure-v4,official_annual_direct_consistent
03337.HK,ANTON OILFIELD,2025,Q_G_DEBT_ASSET_RATE,auto_confirmed,1,67.4985,67.4985,public-disclosure-v4,official_annual_direct_consistent
03337.HK,ANTON OILFIELD,2025,Q_G_EBITDA_INTEREST,auto_confirmed,1,5.6871,5.6871,public-disclosure-v4,official_annual_direct_consistent
03337.HK,ANTON OILFIELD,2025,Q_G_ROA,auto_confirmed,1,6.5335,6.5335,public-disclosure-v4,official_annual_direct_consistent
03337.HK,ANTON OILFIELD,2025,Q_G_ROE,auto_confirmed,1,10.3885,10.3885,public-disclosure-v4,official_annual_direct_consistent
03337.HK,ANTON OILFIELD,2025,Q_S_DONATION_RATE,manual_required,1,0.03,,public-disclosure-v4,indicator_not_auto_eligible
03395.HK,JX ENERGY,2025,Q_G_CASH_CURRENT_LIABILITY,auto_confirmed,1,-10.5409,-10.5409,public-disclosure-v4,official_annual_direct_consistent
03395.HK,JX ENERGY,2025,Q_G_DEBT_ASSET_RATE,auto_confirmed,1,313.973,313.973,public-disclosure-v4,official_annual_direct_consistent
03633.HK,ZHONGYU ENERGY,2025,Q_G_EBITDA_INTEREST,auto_confirmed,1,2.4414,2.4414,public-disclosure-v4,official_annual_direct_consistent
03668.HK,YANCOAL AUS,2025,Q_G_CAPITAL_ACCUMULATION,auto_confirmed,1,-3.0482,-3.0482,public-disclosure-v4,official_annual_direct_consistent
03668.HK,YANCOAL AUS,2025,Q_G_CASH_CURRENT_LIABILITY,auto_confirmed,1,90.4317,90.4317,public-disclosure-v4,official_annual_direct_consistent
03668.HK,YANCOAL AUS,2025,Q_G_DEBT_ASSET_RATE,auto_confirmed,1,25.9893,25.9893,public-disclosure-v4,official_annual_direct_consistent
03800.HK,GCL TECH,2025,Q_G_CAPITAL_ACCUMULATION,auto_confirmed,1,2.6566,2.6566,public-disclosure-v4,official_annual_direct_consistent
03800.HK,GCL TECH,2025,Q_G_EBITDA_INTEREST,auto_confirmed,1,-4.7789,-4.7789,public-disclosure-v4,official_annual_direct_consistent
03800.HK,GCL TECH,2025,Q_G_REVENUE_GROWTH,auto_confirmed,1,-4.4552,-4.4552,public-disclosure-v4,official_annual_direct_consistent
03800.HK,GCL TECH,2025,Q_G_ROE,auto_confirmed,1,-6.8215,-6.8215,public-disclosure-v4,official_annual_direct_consistent
03800.HK,GCL TECH,2025,Q_S_RD_RATE,auto_confirmed,1,5.8839,5.8839,public-disclosure-v4,official_annual_direct_consistent
03868.HK,XINYI ENERGY,2025,Q_G_ASSET_TURNOVER,auto_confirmed,1,0.1113,0.1113,public-disclosure-v4,official_annual_direct_consistent
03868.HK,XINYI ENERGY,2025,Q_G_CAPITAL_ACCUMULATION,auto_confirmed,1,5.8684,5.8684,public-disclosure-v4,official_annual_direct_consistent
03868.HK,XINYI ENERGY,2025,Q_G_CURRENT_ASSET_TURNOVER,auto_confirmed,1,0.4651,0.4651,public-disclosure-v4,official_annual_direct_consistent
03868.HK,XINYI ENERGY,2025,Q_G_DEBT_ASSET_RATE,auto_confirmed,1,40.9432,40.9432,public-disclosure-v4,official_annual_direct_consistent
03868.HK,XINYI ENERGY,2025,Q_G_OPERATING_MARGIN,auto_confirmed,1,64.6406,64.6406,public-disclosure-v4,official_annual_direct_consistent
03868.HK,XINYI ENERGY,2025,Q_G_OPERATING_PROFIT_GROWTH,auto_confirmed,1,3.6501,3.6501,public-disclosure-v4,official_annual_direct_consistent
03868.HK,XINYI ENERGY,2025,Q_G_REVENUE_GROWTH,auto_confirmed,1,0.527,0.527,public-disclosure-v4,official_annual_direct_consistent
03868.HK,XINYI ENERGY,2025,Q_S_PAY_PER_EMPLOYEE,auto_confirmed,1,15.0547,15.0547,public-disclosure-v4,strict_extraction_evidence_consistent
03899.HK,CIMC ENRIC,2025,Q_G_ASSET_TURNOVER,auto_confirmed,1,0.8552,0.8552,public-disclosure-v4,official_annual_direct_consistent
03899.HK,CIMC ENRIC,2025,Q_G_CAPITAL_ACCUMULATION,auto_confirmed,1,5.2008,5.2008,public-disclosure-v4,official_annual_direct_consistent
03899.HK,CIMC ENRIC,2025,Q_G_CASH_CURRENT_LIABILITY,auto_confirmed,1,11.6437,11.6437,public-disclosure-v4,official_annual_direct_consistent
03899.HK,CIMC ENRIC,2025,Q_G_CURRENT_ASSET_TURNOVER,auto_confirmed,1,1.1292,1.1292,public-disclosure-v4,official_annual_direct_consistent
03899.HK,CIMC ENRIC,2025,Q_G_DEBT_ASSET_RATE,auto_confirmed,1,57.1603,57.1603,public-disclosure-v4,official_annual_direct_consistent
03899.HK,CIMC ENRIC,2025,Q_G_EBITDA_INTEREST,auto_confirmed,1,15.8368,15.8368,public-disclosure-v4,official_annual_direct_consistent
03899.HK,CIMC ENRIC,2025,Q_G_OPERATING_MARGIN,auto_confirmed,1,5.4761,5.4761,public-disclosure-v4,official_annual_direct_consistent
03899.HK,CIMC ENRIC,2025,Q_G_OPERATING_PROFIT_GROWTH,auto_confirmed,1,-6.2922,-6.2922,public-disclosure-v4,official_annual_direct_consistent
03899.HK,CIMC ENRIC,2025,Q_G_QUICK_RATIO,auto_confirmed,1,126.946,126.946,public-disclosure-v4,strict_extraction_evidence_consistent
03899.HK,CIMC ENRIC,2025,Q_G_REVENUE_GROWTH,auto_confirmed,1,6.3428,6.3428,public-disclosure-v4,official_annual_direct_consistent
03899.HK,CIMC ENRIC,2025,Q_G_ROA,auto_confirmed,1,4.8296,4.8296,public-disclosure-v4,official_annual_direct_consistent
03899.HK,CIMC ENRIC,2025,Q_G_ROE,auto_confirmed,1,8.7134,8.7134,public-disclosure-v4,official_annual_direct_consistent
06828.HK,BG BLUE SKY,2025,Q_G_CAPITAL_ACCUMULATION,auto_confirmed,1,2.9494,2.9494,public-disclosure-v4,official_annual_direct_consistent
06828.HK,BG BLUE SKY,2025,Q_G_EBITDA_INTEREST,auto_confirmed,1,2.0517,2.0517,public-disclosure-v4,official_annual_direct_consistent
06828.HK,BG BLUE SKY,2025,Q_G_REVENUE_GROWTH,auto_confirmed,1,13.6254,13.6254,public-disclosure-v4,official_annual_direct_consistent
06828.HK,BG BLUE SKY,2025,Q_G_ROE,auto_confirmed,1,5.5413,5.5413,public-disclosure-v4,official_annual_direct_consistent
06885.HK,JINMA ENERGY,2025,Q_E_NOX_INTENSITY,auto_confirmed,1,620,620,public-disclosure-v4,strict_extraction_evidence_consistent
06885.HK,JINMA ENERGY,2025,Q_E_PM_INTENSITY,auto_confirmed,1,110,110,public-disclosure-v4,strict_extraction_evidence_consistent
06885.HK,JINMA ENERGY,2025,Q_E_SO2_INTENSITY,auto_confirmed,1,440,440,public-disclosure-v4,strict_extraction_evidence_consistent
06885.HK,JINMA ENERGY,2025,Q_G_CAPITAL_ACCUMULATION,auto_confirmed,1,-17.4027,-17.4027,public-disclosure-v4,official_annual_direct_consistent
06885.HK,JINMA ENERGY,2025,Q_G_EBITDA_INTEREST,auto_confirmed,1,-3.3993,-3.3993,public-disclosure-v4,official_annual_direct_consistent
06885.HK,JINMA ENERGY,2025,Q_G_REVENUE_GROWTH,auto_confirmed,1,-29.9618,-29.9618,public-disclosure-v4,official_annual_direct_consistent
08132.HK,CENTURY EN INTL,2025,Q_G_EBITDA_INTEREST,auto_confirmed,1,-5.9432,-5.9432,public-disclosure-v4,official_annual_direct_consistent
08132.HK,CENTURY EN INTL,2025,Q_G_REVENUE_GROWTH,auto_confirmed,1,12.3677,12.3677,public-disclosure-v4,official_annual_direct_consistent
08270.HK,CHINA CBM,2025,Q_G_ASSET_TURNOVER,auto_confirmed,1,0.1453,0.1453,public-disclosure-v4,official_annual_direct_consistent
08270.HK,CHINA CBM,2025,Q_G_CAPITAL_ACCUMULATION,auto_confirmed,1,-48.5713,-48.5713,public-disclosure-v4,official_annual_direct_consistent
08270.HK,CHINA CBM,2025,Q_G_EBITDA_INTEREST,auto_confirmed,1,-869.6,-869.6,public-disclosure-v4,official_annual_direct_consistent
08270.HK,CHINA CBM,2025,Q_G_REVENUE_GROWTH,auto_confirmed,1,123.052,123.052,public-disclosure-v4,official_annual_direct_consistent
08270.HK,CHINA CBM,2025,Q_G_ROA,auto_confirmed,1,-14.7556,-14.7556,public-disclosure-v4,official_annual_direct_consistent
08270.HK,CHINA CBM,2025,Q_G_ROE,auto_confirmed,1,-64.3891,-64.3891,public-disclosure-v4,official_annual_direct_consistent
08347.HK,F8 ENT,2025,Q_G_AR_TURNOVER,auto_confirmed,1,4.7386,4.7386,public-disclosure-v4,official_annual_direct_consistent
08347.HK,F8 ENT,2025,Q_G_CAPITAL_ACCUMULATION,auto_confirmed,1,-1.12,-1.12,public-disclosure-v4,official_annual_direct_consistent
08347.HK,F8 ENT,2025,Q_G_EBITDA_INTEREST,auto_confirmed,1,0.3673,0.3673,public-disclosure-v4,official_annual_direct_consistent
08347.HK,F8 ENT,2025,Q_G_REVENUE_GROWTH,auto_confirmed,1,19.2455,19.2455,public-disclosure-v4,official_annual_direct_consistent
08347.HK,F8 ENT,2025,Q_G_ROE,auto_confirmed,1,-0.9048,-0.9048,public-disclosure-v4,official_annual_direct_consistent
08536.HK,TL NATURAL GAS,2025,Q_G_CAPITAL_ACCUMULATION,auto_confirmed,1,-5.0902,-5.0902,public-disclosure-v4,official_annual_direct_consistent
08536.HK,TL NATURAL GAS,2025,Q_G_ROE,auto_confirmed,1,-14.911,-14.911,public-disclosure-v4,official_annual_direct_consistent
08631.HK,YUFENGCHANG HLD,2025,Q_G_REVENUE_GROWTH,auto_confirmed,1,-19.6054,-19.6054,public-disclosure-v4,official_annual_direct_consistent
09689.HK,JTF INTL,2025,Q_G_CAPITAL_ACCUMULATION,auto_confirmed,1,-2.4788,-2.4788,public-disclosure-v4,official_annual_direct_consistent
09689.HK,JTF INTL,2025,Q_G_DEBT_ASSET_RATE,auto_confirmed,1,47.4048,47.4048,public-disclosure-v4,official_annual_direct_consistent
300001.SZ,特锐德,2025,Q_G_ROE,auto_confirmed,1,15.68,15.68,public-disclosure-v4,official_annual_direct_consistent
300001.SZ,特锐德,2025,Q_S_DIVIDEND_PER_SHARE,auto_confirmed,2,0.2,0.2,public-disclosure-v4,official_annual_direct_consistent
300014.SZ,亿纬锂能,2025,Q_G_DEBT_ASSET_RATE,auto_confirmed,2,64.18,64.18,public-disclosure-v4,official_annual_direct_consistent
300014.SZ,亿纬锂能,2025,Q_G_ROE,auto_confirmed,1,10.5,10.5,public-disclosure-v4,official_annual_direct_consistent
300014.SZ,亿纬锂能,2025,Q_S_DIVIDEND_PER_SHARE,auto_confirmed,2,0.245,0.245,public-disclosure-v4,official_annual_direct_consistent
300018.SZ,中元股份,2025,Q_S_DIVIDEND_PER_SHARE,auto_confirmed,1,0.1,0.1,public-disclosure-v4,official_annual_direct_consistent
300035.SZ,中科电气,2025,Q_G_ROE,auto_confirmed,1,9.77,9.77,public-disclosure-v4,official_annual_direct_consistent
300035.SZ,中科电气,2025,Q_S_DIVIDEND_PER_SHARE,auto_confirmed,2,0.25,0.25,public-disclosure-v4,official_annual_direct_consistent
300037.SZ,新宙邦,2025,Q_G_DEBT_ASSET_RATE,auto_confirmed,2,43.16,43.16,public-disclosure-v4,official_annual_direct_consistent
300037.SZ,新宙邦,2025,Q_G_ROE,auto_confirmed,1,10.74,10.74,public-disclosure-v4,official_annual_direct_consistent
300037.SZ,新宙邦,2025,Q_S_DIVIDEND_PER_SHARE,manual_required,3,0.5|1,,public-disclosure-v4,conflicting_or_ineligible_sources
300040.SZ,九洲集团,2025,Q_G_DEBT_ASSET_RATE,auto_confirmed,2,63.8,63.8,public-disclosure-v4,official_annual_direct_consistent
300040.SZ,九洲集团,2025,Q_G_ROE,auto_confirmed,1,1.67,1.67,public-disclosure-v4,official_annual_direct_consistent
300040.SZ,九洲集团,2025,Q_S_DIVIDEND_PER_SHARE,auto_confirmed,1,0.02,0.02,public-disclosure-v4,official_annual_direct_consistent
300062.SZ,中能电气,2025,Q_G_DEBT_ASSET_RATE,auto_confirmed,2,48.3,48.3,public-disclosure-v4,official_annual_direct_consistent
300069.SZ,金利华电,2025,Q_G_ROE,auto_confirmed,1,1.74,1.74,public-disclosure-v4,official_annual_direct_consistent
300073.SZ,当升科技,2025,Q_G_ROE,auto_confirmed,1,4.57,4.57,public-disclosure-v4,official_annual_direct_consistent
300073.SZ,当升科技,2025,Q_S_DIVIDEND_PER_SHARE,auto_confirmed,2,0.283,0.283,public-disclosure-v4,official_annual_direct_consistent
300080.SZ,易成新能,2025,Q_G_DEBT_ASSET_RATE,auto_confirmed,1,63.05,63.05,public-disclosure-v4,official_annual_direct_consistent
300105.SZ,龙源技术,2025,Q_G_ROE,auto_confirmed,1,1.89,1.89,public-disclosure-v4,official_annual_direct_consistent
300105.SZ,龙源技术,2025,Q_S_DIVIDEND_PER_SHARE,auto_confirmed,2,0.15,0.15,public-disclosure-v4,official_annual_direct_consistent
300129.SZ,泰胜风能,2025,Q_G_ROE,auto_confirmed,1,4.76,4.76,public-disclosure-v4,official_annual_direct_consistent
300129.SZ,泰胜风能,2025,Q_S_DIVIDEND_PER_SHARE,auto_confirmed,1,0.06,0.06,public-disclosure-v4,official_annual_direct_consistent
300140.SZ,节能环境,2025,Q_G_ROE,auto_confirmed,1,6.31,6.31,public-disclosure-v4,official_annual_direct_consistent
300140.SZ,节能环境,2025,Q_S_DIVIDEND_PER_SHARE,auto_confirmed,1,0.06,0.06,public-disclosure-v4,official_annual_direct_consistent
300141.SZ,和顺电气,2025,Q_S_DIVIDEND_PER_SHARE,auto_confirmed,2,0,0,public-disclosure-v4,official_annual_direct_consistent
300153.SZ,科泰电源,2025,Q_G_ROE,auto_confirmed,1,5.68,5.68,public-disclosure-v4,official_annual_direct_consistent
300153.SZ,科泰电源,2025,Q_S_DIVIDEND_PER_SHARE,auto_confirmed,2,0.07,0.07,public-disclosure-v4,official_annual_direct_consistent
300185.SZ,通裕重工,2025,Q_G_DEBT_ASSET_RATE,auto_confirmed,1,54.44,54.44,public-disclosure-v4,official_annual_direct_consistent
300185.SZ,通裕重工,2025,Q_G_ROE,auto_confirmed,1,0.95,0.95,public-disclosure-v4,official_annual_direct_consistent
300185.SZ,通裕重工,2025,Q_S_DIVIDEND_PER_SHARE,auto_confirmed,2,0.002,0.002,public-disclosure-v4,official_annual_direct_consistent
300191.SZ,潜能恒信,2025,Q_G_ROE,auto_confirmed,1,3.95,3.95,public-disclosure-v4,official_annual_direct_consistent
300191.SZ,潜能恒信,2025,Q_S_DIVIDEND_PER_SHARE,auto_confirmed,2,0.05,0.05,public-disclosure-v4,official_annual_direct_consistent
300207.SZ,欣旺达,2025,Q_G_DEBT_ASSET_RATE,auto_confirmed,1,71.25,71.25,public-disclosure-v4,official_annual_direct_consistent
300207.SZ,欣旺达,2025,Q_G_ROE,auto_confirmed,1,4.39,4.39,public-disclosure-v4,official_annual_direct_consistent
300207.SZ,欣旺达,2025,Q_S_DIVIDEND_PER_SHARE,auto_confirmed,2,0.09,0.09,public-disclosure-v4,official_annual_direct_consistent
300222.SZ,科大智能,2025,Q_G_ROE,auto_confirmed,1,4.79,4.79,public-disclosure-v4,official_annual_direct_consistent
300222.SZ,科大智能,2025,Q_S_DIVIDEND_PER_SHARE,auto_confirmed,1,0.04,0.04,public-disclosure-v4,official_annual_direct_consistent
300265.SZ,通光线缆,2025,Q_G_DEBT_ASSET_RATE,auto_confirmed,1,31.14,31.14,public-disclosure-v4,official_annual_direct_consistent
300265.SZ,通光线缆,2025,Q_G_ROE,auto_confirmed,1,1.42,1.42,public-disclosure-v4,official_annual_direct_consistent
300265.SZ,通光线缆,2025,Q_S_DIVIDEND_PER_SHARE,auto_confirmed,2,0.02,0.02,public-disclosure-v4,official_annual_direct_consistent
300283.SZ,温州宏丰,2025,Q_S_DIVIDEND_PER_SHARE,auto_confirmed,2,0.015,0.015,public-disclosure-v4,official_annual_direct_consistent
300286.SZ,安科瑞,2025,Q_G_ROE,auto_confirmed,2,10.25,10.25,public-disclosure-v4,official_annual_direct_consistent
300286.SZ,安科瑞,2025,Q_S_DIVIDEND_PER_SHARE,auto_confirmed,1,0.35,0.35,public-disclosure-v4,official_annual_direct_consistent
300316.SZ,晶盛机电,2025,Q_G_ROE,auto_confirmed,2,5.26,5.26,public-disclosure-v4,official_annual_direct_consistent
300316.SZ,晶盛机电,2025,Q_S_DIVIDEND_PER_SHARE,auto_confirmed,2,0.15,0.15,public-disclosure-v4,official_annual_direct_consistent
300317.SZ,珈伟新能,2025,Q_G_DEBT_ASSET_RATE,auto_confirmed,1,53.31,53.31,public-disclosure-v4,official_annual_direct_consistent
300317.SZ,珈伟新能,2025,Q_G_ROE,auto_confirmed,1,12.19,12.19,public-disclosure-v4,official_annual_direct_consistent
300317.SZ,珈伟新能,2025,Q_S_DIVIDEND_PER_SHARE,auto_confirmed,2,0,0,public-disclosure-v4,official_annual_direct_consistent
300332.SZ,天壕能源,2025,Q_G_DEBT_ASSET_RATE,auto_confirmed,2,47.98,47.98,public-disclosure-v4,official_annual_direct_consistent
300332.SZ,天壕能源,2025,Q_G_ROE,auto_confirmed,1,6.88,6.88,public-disclosure-v4,official_annual_direct_consistent
300332.SZ,天壕能源,2025,Q_S_DIVIDEND_PER_SHARE,auto_confirmed,1,0,0,public-disclosure-v4,official_annual_direct_consistent
300376.SZ,易事特,2025,Q_G_ROE,auto_confirmed,1,0.36,0.36,public-disclosure-v4,official_annual_direct_consistent
300376.SZ,易事特,2025,Q_S_DIVIDEND_PER_SHARE,auto_confirmed,2,0.002,0.002,public-disclosure-v4,official_annual_direct_consistent
300390.SZ,天华新能,2025,Q_S_DIVIDEND_PER_SHARE,auto_confirmed,1,0,0,public-disclosure-v4,official_annual_direct_consistent
300393.SZ,中来股份,2025,Q_G_DEBT_ASSET_RATE,auto_confirmed,1,83.15,83.15,public-disclosure-v4,official_annual_direct_consistent
300407.SZ,凯发电气,2025,Q_G_ROE,auto_confirmed,1,3.79,3.79,public-disclosure-v4,official_annual_direct_consistent
300407.SZ,凯发电气,2025,Q_S_DIVIDEND_PER_SHARE,auto_confirmed,2,0.08,0.08,public-disclosure-v4,official_annual_direct_consistent
300409.SZ,道氏技术,2025,Q_G_DEBT_ASSET_RATE,auto_confirmed,1,40.93,40.93,public-disclosure-v4,official_annual_direct_consistent
300409.SZ,道氏技术,2025,Q_G_ROE,auto_confirmed,1,6.62,6.62,public-disclosure-v4,official_annual_direct_consistent
300409.SZ,道氏技术,2025,Q_S_DIVIDEND_PER_SHARE,auto_confirmed,2,0.25,0.25,public-disclosure-v4,official_annual_direct_consistent
300410.SZ,正业科技,2025,Q_G_ROE,auto_confirmed,1,15.31,15.31,public-disclosure-v4,official_annual_direct_consistent
300423.SZ,昇辉科技,2025,Q_G_ROE,auto_confirmed,1,13.25,13.25,public-disclosure-v4,official_annual_direct_consistent
300423.SZ,昇辉科技,2025,Q_S_DIVIDEND_PER_SHARE,auto_confirmed,1,0,0,public-disclosure-v4,official_annual_direct_consistent
300427.SZ,红相股份,2025,Q_G_ROE,auto_confirmed,1,1.59,1.59,public-disclosure-v4,official_annual_direct_consistent
300427.SZ,红相股份,2025,Q_S_DIVIDEND_PER_SHARE,auto_confirmed,1,0,0,public-disclosure-v4,official_annual_direct_consistent
300432.SZ,富临精工,2025,Q_G_ROE,auto_confirmed,1,9.53,9.53,public-disclosure-v4,official_annual_direct_consistent
300432.SZ,富临精工,2025,Q_S_DIVIDEND_PER_SHARE,auto_confirmed,2,0.1,0.1,public-disclosure-v4,official_annual_direct_consistent
300438.SZ,鹏辉能源,2025,Q_G_ROE,auto_confirmed,1,3.97,3.97,public-disclosure-v4,official_annual_direct_consistent
300438.SZ,鹏辉能源,2025,Q_S_DIVIDEND_PER_SHARE,auto_confirmed,1,0.06,0.06,public-disclosure-v4,official_annual_direct_consistent
300443.SZ,金雷股份,2025,Q_G_ROE,auto_confirmed,1,5.11,5.11,public-disclosure-v4,official_annual_direct_consistent
300443.SZ,金雷股份,2025,Q_S_DIVIDEND_PER_SHARE,auto_confirmed,1,0.1,0.1,public-disclosure-v4,official_annual_direct_consistent
300444.SZ,双杰电气,2025,Q_G_DEBT_ASSET_RATE,auto_confirmed,1,68.07,68.07,public-disclosure-v4,official_annual_direct_consistent
300444.SZ,双杰电气,2025,Q_G_ROE,auto_confirmed,1,10.78,10.78,public-disclosure-v4,official_annual_direct_consistent
300444.SZ,双杰电气,2025,Q_S_DIVIDEND_PER_SHARE,auto_confirmed,2,0.06,0.06,public-disclosure-v4,official_annual_direct_consistent
300450.SZ,先导智能,2025,Q_G_ROE,auto_confirmed,1,12.65,12.65,public-disclosure-v4,official_annual_direct_consistent
300450.SZ,先导智能,2025,Q_S_DIVIDEND_PER_SHARE,auto_confirmed,1,0.287,0.287,public-disclosure-v4,official_annual_direct_consistent
300457.SZ,赢合科技,2025,Q_G_ROE,auto_confirmed,1,7.91,7.91,public-disclosure-v4,official_annual_direct_consistent
300457.SZ,赢合科技,2025,Q_S_DIVIDEND_PER_SHARE,auto_confirmed,2,0.085,0.085,public-disclosure-v4,official_annual_direct_consistent
300483.SZ,首华燃气,2025,Q_G_DEBT_ASSET_RATE,manual_required,2,30|53.2,,public-disclosure-v4,conflicting_or_ineligible_sources
300483.SZ,首华燃气,2025,Q_G_ROE,auto_confirmed,1,8.02,8.02,public-disclosure-v4,official_annual_direct_consistent
300490.SZ,华自科技,2025,Q_S_DIVIDEND_PER_SHARE,auto_confirmed,1,0,0,public-disclosure-v4,official_annual_direct_consistent
300491.SZ,通合科技,2025,Q_G_ROE,auto_confirmed,1,3.42,3.42,public-disclosure-v4,official_annual_direct_consistent
300491.SZ,通合科技,2025,Q_S_DIVIDEND_PER_SHARE,auto_confirmed,2,0.08,0.08,public-disclosure-v4,official_annual_direct_consistent
300510.SZ,金冠股份,2025,Q_S_DIVIDEND_PER_SHARE,auto_confirmed,1,0,0,public-disclosure-v4,official_annual_direct_consistent
300514.SZ,友讯达,2025,Q_S_DIVIDEND_PER_SHARE,auto_confirmed,2,0.1,0.1,public-disclosure-v4,official_annual_direct_consistent
300568.SZ,星源材质,2025,Q_G_DEBT_ASSET_RATE,auto_confirmed,1,56.92,56.92,public-disclosure-v4,official_annual_direct_consistent
300568.SZ,星源材质,2025,Q_G_ROE,auto_confirmed,1,0.37,0.37,public-disclosure-v4,official_annual_direct_consistent
300568.SZ,星源材质,2025,Q_S_DIVIDEND_PER_SHARE,auto_confirmed,1,0.01,0.01,public-disclosure-v4,official_annual_direct_consistent
300569.SZ,天能重工,2025,Q_G_DEBT_ASSET_RATE,auto_confirmed,1,56.66,56.66,public-disclosure-v4,official_annual_direct_consistent
300569.SZ,天能重工,2025,Q_G_ROE,auto_confirmed,1,2.06,2.06,public-disclosure-v4,official_annual_direct_consistent
300569.SZ,天能重工,2025,Q_S_DIVIDEND_PER_SHARE,auto_confirmed,2,0.018,0.018,public-disclosure-v4,official_annual_direct_consistent
300593.SZ,新雷能,2025,Q_G_DEBT_ASSET_RATE,auto_confirmed,2,41.73,41.73,public-disclosure-v4,official_annual_direct_consistent
300593.SZ,新雷能,2025,Q_G_ROE,auto_confirmed,1,8.21,8.21,public-disclosure-v4,official_annual_direct_consistent
300593.SZ,新雷能,2025,Q_S_DIVIDEND_PER_SHARE,auto_confirmed,1,0,0,public-disclosure-v4,official_annual_direct_consistent
300617.SZ,安靠智电,2025,Q_G_ROE,auto_confirmed,1,2.53,2.53,public-disclosure-v4,official_annual_direct_consistent
300619.SZ,金银河,2025,Q_S_DIVIDEND_PER_SHARE,auto_confirmed,1,0.033,0.033,public-disclosure-v4,official_annual_direct_consistent
300626.SZ,华瑞股份,2025,Q_G_ROE,auto_confirmed,1,1.91,1.91,public-disclosure-v4,official_annual_direct_consistent
300626.SZ,华瑞股份,2025,Q_S_DIVIDEND_PER_SHARE,auto_confirmed,1,0.017,0.017,public-disclosure-v4,official_annual_direct_consistent
300648.SZ,星云股份,2025,Q_G_ROE,auto_confirmed,1,20.42,20.42,public-disclosure-v4,official_annual_direct_consistent
300648.SZ,星云股份,2025,Q_S_DIVIDEND_PER_SHARE,auto_confirmed,1,0,0,public-disclosure-v4,official_annual_direct_consistent
300660.SZ,江苏雷利,2025,Q_G_ROE,auto_confirmed,1,8.72,8.72,public-disclosure-v4,official_annual_direct_consistent
300660.SZ,江苏雷利,2025,Q_S_DIVIDEND_PER_SHARE,auto_confirmed,2,0.2,0.2,public-disclosure-v4,official_annual_direct_consistent
300670.SZ,大烨智能,2025,Q_G_ROE,auto_confirmed,1,38.79,38.79,public-disclosure-v4,official_annual_direct_consistent
300690.SZ,双一科技,2025,Q_G_ROE,auto_confirmed,1,10.41,10.41,public-disclosure-v4,official_annual_direct_consistent
300690.SZ,双一科技,2025,Q_S_DIVIDEND_PER_SHARE,auto_confirmed,1,0.387,0.387,public-disclosure-v4,official_annual_direct_consistent
300693.SZ,盛弘股份,2025,Q_G_DEBT_ASSET_RATE,auto_confirmed,1,47.8,47.8,public-disclosure-v4,official_annual_direct_consistent
300693.SZ,盛弘股份,2025,Q_G_ROE,auto_confirmed,1,24.15,24.15,public-disclosure-v4,official_annual_direct_consistent
300693.SZ,盛弘股份,2025,Q_S_DIVIDEND_PER_SHARE,auto_confirmed,2,0.5,0.5,public-disclosure-v4,official_annual_direct_consistent
300713.SZ,英可瑞,2025,Q_G_ROE,auto_confirmed,1,18.62,18.62,public-disclosure-v4,official_annual_direct_consistent
300724.SZ,捷佳伟创,2025,Q_G_ROE,auto_confirmed,1,21.46,21.46,public-disclosure-v4,official_annual_direct_consistent
300724.SZ,捷佳伟创,2025,Q_S_DIVIDEND_PER_SHARE,auto_confirmed,2,1.2,1.2,public-disclosure-v4,official_annual_direct_consistent
300750.SZ,宁德时代,2025,Q_G_DEBT_ASSET_RATE,auto_confirmed,2,61.94,61.94,public-disclosure-v4,official_annual_direct_consistent
300750.SZ,宁德时代,2025,Q_G_ROE,auto_confirmed,1,24.91,24.91,public-disclosure-v4,official_annual_direct_consistent
300750.SZ,宁德时代,2025,Q_S_DIVIDEND_PER_SHARE,auto_confirmed,2,6.957,6.957,public-disclosure-v4,official_annual_direct_consistent
300751.SZ,迈为股份,2025,Q_G_ROE,auto_confirmed,1,9.32,9.32,public-disclosure-v4,official_annual_direct_consistent
300751.SZ,迈为股份,2025,Q_S_DIVIDEND_PER_SHARE,auto_confirmed,2,0.5,0.5,public-disclosure-v4,official_annual_direct_consistent
300763.SZ,锦浪科技,2025,Q_G_DEBT_ASSET_RATE,manual_required,2,53.27|70,,public-disclosure-v4,conflicting_or_ineligible_sources
300763.SZ,锦浪科技,2025,Q_G_ROE,auto_confirmed,1,8.59,8.59,public-disclosure-v4,official_annual_direct_consistent
300763.SZ,锦浪科技,2025,Q_S_DIVIDEND_PER_SHARE,auto_confirmed,2,0.2,0.2,public-disclosure-v4,official_annual_direct_consistent
300769.SZ,德方纳米,2025,Q_G_ROE,auto_confirmed,1,15.57,15.57,public-disclosure-v4,official_annual_direct_consistent
300769.SZ,德方纳米,2025,Q_S_DIVIDEND_PER_SHARE,auto_confirmed,1,0,0,public-disclosure-v4,official_annual_direct_consistent
300772.SZ,运达股份,2025,Q_G_DEBT_ASSET_RATE,auto_confirmed,1,84.4,84.4,public-disclosure-v4,official_annual_direct_consistent
300772.SZ,运达股份,2025,Q_G_ROE,auto_confirmed,1,5.3,5.3,public-disclosure-v4,official_annual_direct_consistent
300772.SZ,运达股份,2025,Q_S_DIVIDEND_PER_SHARE,auto_confirmed,2,0.06,0.06,public-disclosure-v4,official_annual_direct_consistent
300820.SZ,英杰电气,2025,Q_G_ROE,auto_confirmed,1,9.01,9.01,public-disclosure-v4,official_annual_direct_consistent
300820.SZ,英杰电气,2025,Q_S_DIVIDEND_PER_SHARE,auto_confirmed,2,0.4,0.4,public-disclosure-v4,official_annual_direct_consistent
300827.SZ,上能电气,2025,Q_S_DIVIDEND_PER_SHARE,auto_confirmed,2,0.12,0.12,public-disclosure-v4,official_annual_direct_consistent
300842.SZ,帝科股份,2025,Q_G_ROE,auto_confirmed,1,16.93,16.93,public-disclosure-v4,official_annual_direct_consistent
300842.SZ,帝科股份,2025,Q_S_DIVIDEND_PER_SHARE,auto_confirmed,1,0,0,public-disclosure-v4,official_annual_direct_consistent
300850.SZ,新强联,2025,Q_G_DEBT_ASSET_RATE,auto_confirmed,1,38.12,38.12,public-disclosure-v4,official_annual_direct_consistent
300850.SZ,新强联,2025,Q_G_ROE,auto_confirmed,1,13.78,13.78,public-disclosure-v4,official_annual_direct_consistent
300850.SZ,新强联,2025,Q_S_DIVIDEND_PER_SHARE,auto_confirmed,2,0.295,0.295,public-disclosure-v4,official_annual_direct_consistent
300853.SZ,申昊科技,2025,Q_G_DEBT_ASSET_RATE,auto_confirmed,1,58.11,58.11,public-disclosure-v4,official_annual_direct_consistent
300853.SZ,申昊科技,2025,Q_G_ROE,auto_confirmed,1,25.31,25.31,public-disclosure-v4,official_annual_direct_consistent
300880.SZ,迦南智能,2025,Q_G_DEBT_ASSET_RATE,auto_confirmed,1,28.03,28.03,public-disclosure-v4,official_annual_direct_consistent
300880.SZ,迦南智能,2025,Q_G_ROE,auto_confirmed,1,7.63,7.63,public-disclosure-v4,official_annual_direct_consistent
300880.SZ,迦南智能,2025,Q_S_DIVIDEND_PER_SHARE,auto_confirmed,2,0.15,0.15,public-disclosure-v4,official_annual_direct_consistent
300882.SZ,万胜智能,2025,Q_G_ROE,auto_confirmed,1,10.08,10.08,public-disclosure-v4,official_annual_direct_consistent
300882.SZ,万胜智能,2025,Q_S_DIVIDEND_PER_SHARE,auto_confirmed,2,0.2,0.2,public-disclosure-v4,official_annual_direct_consistent
300904.SZ,威力传动,2025,Q_G_ROE,auto_confirmed,1,13.78,13.78,public-disclosure-v4,official_annual_direct_consistent
300907.SZ,康平科技,2025,Q_G_ROE,auto_confirmed,1,6.18,6.18,public-disclosure-v4,official_annual_direct_consistent
300907.SZ,康平科技,2025,Q_S_DIVIDEND_PER_SHARE,auto_confirmed,2,0.25,0.25,public-disclosure-v4,official_annual_direct_consistent
300919.SZ,中伟新材,2025,Q_G_DEBT_ASSET_RATE,auto_confirmed,2,58.8,58.8,public-disclosure-v4,official_annual_direct_consistent
300919.SZ,中伟新材,2025,Q_G_ROE,auto_confirmed,1,7.59,7.59,public-disclosure-v4,official_annual_direct_consistent
300919.SZ,中伟新材,2025,Q_S_DIVIDEND_PER_SHARE,auto_confirmed,1,0.38,0.38,public-disclosure-v4,official_annual_direct_consistent
300932.SZ,三友联众,2025,Q_G_ROE,auto_confirmed,1,4.15,4.15,public-disclosure-v4,official_annual_direct_consistent
300932.SZ,三友联众,2025,Q_S_DIVIDEND_PER_SHARE,auto_confirmed,2,0.19,0.19,public-disclosure-v4,official_annual_direct_consistent
300933.SZ,中辰股份,2025,Q_G_DEBT_ASSET_RATE,auto_confirmed,1,49.87,49.87,public-disclosure-v4,official_annual_direct_consistent
300933.SZ,中辰股份,2025,Q_G_ROE,auto_confirmed,1,0.77,0.77,public-disclosure-v4,official_annual_direct_consistent
300933.SZ,中辰股份,2025,Q_S_DIVIDEND_PER_SHARE,auto_confirmed,1,0,0,public-disclosure-v4,official_annual_direct_consistent
300953.SZ,震裕科技,2025,Q_G_DEBT_ASSET_RATE,manual_required,4,65.89|73.8,,public-disclosure-v4,conflicting_or_ineligible_sources
300953.SZ,震裕科技,2025,Q_G_ROE,auto_confirmed,1,12.91,12.91,public-disclosure-v4,official_annual_direct_consistent
300953.SZ,震裕科技,2025,Q_S_DIVIDEND_PER_SHARE,auto_confirmed,2,0.3,0.3,public-disclosure-v4,official_annual_direct_consistent
301002.SZ,崧盛股份,2025,Q_G_DEBT_ASSET_RATE,manual_required,2,30|49.51,,public-disclosure-v4,conflicting_or_ineligible_sources
301002.SZ,崧盛股份,2025,Q_S_DIVIDEND_PER_SHARE,auto_confirmed,1,0,0,public-disclosure-v4,official_annual_direct_consistent
301012.SZ,扬电科技,2025,Q_G_ROE,auto_confirmed,1,3.39,3.39,public-disclosure-v4,official_annual_direct_consistent
301012.SZ,扬电科技,2025,Q_S_DIVIDEND_PER_SHARE,auto_confirmed,2,0.04,0.04,public-disclosure-v4,official_annual_direct_consistent
301023.SZ,奕帆传动,2025,Q_G_ROE,auto_confirmed,2,8.59,8.59,public-disclosure-v4,official_annual_direct_consistent
301023.SZ,奕帆传动,2025,Q_S_DIVIDEND_PER_SHARE,auto_confirmed,2,0.2,0.2,public-disclosure-v4,official_annual_direct_consistent
301040.SZ,中环海陆,2025,Q_G_DEBT_ASSET_RATE,auto_confirmed,1,46.18,46.18,public-disclosure-v4,official_annual_direct_consistent
301040.SZ,中环海陆,2025,Q_S_DIVIDEND_PER_SHARE,auto_confirmed,1,0,0,public-disclosure-v4,official_annual_direct_consistent
301063.SZ,海锅股份,2025,Q_G_ROE,auto_confirmed,1,3.3,3.3,public-disclosure-v4,official_annual_direct_consistent
301063.SZ,海锅股份,2025,Q_S_DIVIDEND_PER_SHARE,auto_confirmed,2,0.15,0.15,public-disclosure-v4,official_annual_direct_consistent
301082.SZ,久盛电气,2025,Q_G_DEBT_ASSET_RATE,auto_confirmed,1,70,70,public-disclosure-v4,official_annual_direct_consistent
301082.SZ,久盛电气,2025,Q_G_ROE,auto_confirmed,1,3.39,3.39,public-disclosure-v4,official_annual_direct_consistent
301082.SZ,久盛电气,2025,Q_S_DIVIDEND_PER_SHARE,auto_confirmed,2,0.08,0.08,public-disclosure-v4,official_annual_direct_consistent
301120.SZ,新特电气,2025,Q_G_ROE,auto_confirmed,1,2.82,2.82,public-disclosure-v4,official_annual_direct_consistent
301120.SZ,新特电气,2025,Q_S_DIVIDEND_PER_SHARE,auto_confirmed,2,0.054,0.054,public-disclosure-v4,official_annual_direct_consistent
301121.SZ,紫建电子,2025,Q_G_ROE,auto_confirmed,1,0.43,0.43,public-disclosure-v4,official_annual_direct_consistent
301121.SZ,紫建电子,2025,Q_S_DIVIDEND_PER_SHARE,auto_confirmed,1,0,0,public-disclosure-v4,official_annual_direct_consistent
301150.SZ,中一科技,2025,Q_G_DEBT_ASSET_RATE,auto_confirmed,1,44.73,44.73,public-disclosure-v4,official_annual_direct_consistent
301150.SZ,中一科技,2025,Q_G_ROE,auto_confirmed,1,1.84,1.84,public-disclosure-v4,official_annual_direct_consistent
301150.SZ,中一科技,2025,Q_S_DIVIDEND_PER_SHARE,auto_confirmed,1,0.28,0.28,public-disclosure-v4,official_annual_direct_consistent
301155.SZ,海力风电,2025,Q_G_ROE,auto_confirmed,1,6.22,6.22,public-disclosure-v4,official_annual_direct_consistent
301155.SZ,海力风电,2025,Q_S_DIVIDEND_PER_SHARE,auto_confirmed,2,0.16,0.16,public-disclosure-v4,official_annual_direct_consistent
301157.SZ,华塑科技,2025,Q_G_ROE,auto_confirmed,1,2.65,2.65,public-disclosure-v4,official_annual_direct_consistent
301157.SZ,华塑科技,2025,Q_S_DIVIDEND_PER_SHARE,manual_required,2,0.15|1,,public-disclosure-v4,conflicting_or_ineligible_sources
301163.SZ,宏德股份,2025,Q_G_ROE,auto_confirmed,1,3.62,3.62,public-disclosure-v4,official_annual_direct_consistent
301163.SZ,宏德股份,2025,Q_S_DIVIDEND_PER_SHARE,auto_confirmed,1,0.125,0.125,public-disclosure-v4,official_annual_direct_consistent
301168.SZ,通灵股份,2025,Q_G_ROE,auto_confirmed,1,1.21,1.21,public-disclosure-v4,official_annual_direct_consistent
301168.SZ,通灵股份,2025,Q_S_DIVIDEND_PER_SHARE,auto_confirmed,1,0.022,0.022,public-disclosure-v4,official_annual_direct_consistent
301179.SZ,泽宇智能,2025,Q_G_DEBT_ASSET_RATE,auto_confirmed,1,32.02,32.02,public-disclosure-v4,official_annual_direct_consistent
301179.SZ,泽宇智能,2025,Q_G_ROE,auto_confirmed,1,6.11,6.11,public-disclosure-v4,official_annual_direct_consistent
301179.SZ,泽宇智能,2025,Q_S_DIVIDEND_PER_SHARE,auto_confirmed,2,0.19,0.19,public-disclosure-v4,official_annual_direct_consistent
301210.SZ,金杨精密,2025,Q_G_ROE,auto_confirmed,1,2.76,2.76,public-disclosure-v4,official_annual_direct_consistent
301210.SZ,金杨精密,2025,Q_S_DIVIDEND_PER_SHARE,auto_confirmed,2,0.15,0.15,public-disclosure-v4,official_annual_direct_consistent
301217.SZ,铜冠铜箔,2025,Q_G_DEBT_ASSET_RATE,auto_confirmed,1,29.59,29.59,public-disclosure-v4,official_annual_direct_consistent
301217.SZ,铜冠铜箔,2025,Q_G_ROE,auto_confirmed,1,1.16,1.16,public-disclosure-v4,official_annual_direct_consistent
301222.SZ,浙江恒威,2025,Q_G_ROE,auto_confirmed,1,5.95,5.95,public-disclosure-v4,official_annual_direct_consistent
301222.SZ,浙江恒威,2025,Q_S_DIVIDEND_PER_SHARE,auto_confirmed,2,0.5,0.5,public-disclosure-v4,official_annual_direct_consistent
301226.SZ,祥明智能,2025,Q_G_ROE,auto_confirmed,1,1.83,1.83,public-disclosure-v4,official_annual_direct_consistent
301226.SZ,祥明智能,2025,Q_S_DIVIDEND_PER_SHARE,auto_confirmed,2,0.06,0.06,public-disclosure-v4,official_annual_direct_consistent
301232.SZ,飞沃科技,2025,Q_G_ROE,auto_confirmed,1,2.72,2.72,public-disclosure-v4,official_annual_direct_consistent
301232.SZ,飞沃科技,2025,Q_S_DIVIDEND_PER_SHARE,auto_confirmed,1,0,0,public-disclosure-v4,official_annual_direct_consistent
301238.SZ,瑞泰新材,2025,Q_G_ROE,auto_confirmed,1,3.03,3.03,public-disclosure-v4,official_annual_direct_consistent
301238.SZ,瑞泰新材,2025,Q_S_DIVIDEND_PER_SHARE,auto_confirmed,2,0.2,0.2,public-disclosure-v4,official_annual_direct_consistent
301266.SZ,宇邦新材,2025,Q_G_DEBT_ASSET_RATE,auto_confirmed,1,43.26,43.26,public-disclosure-v4,official_annual_direct_consistent
301266.SZ,宇邦新材,2025,Q_G_ROE,auto_confirmed,1,1.59,1.59,public-disclosure-v4,official_annual_direct_consistent
301266.SZ,宇邦新材,2025,Q_S_DIVIDEND_PER_SHARE,auto_confirmed,2,0.2,0.2,public-disclosure-v4,official_annual_direct_consistent
301278.SZ,快可电子,2025,Q_G_ROE,auto_confirmed,1,1.49,1.49,public-disclosure-v4,official_annual_direct_consistent
301278.SZ,快可电子,2025,Q_S_DIVIDEND_PER_SHARE,manual_required,3,0.04|0.55,,public-disclosure-v4,conflicting_or_ineligible_sources
301291.SZ,明阳电气,2025,Q_G_DEBT_ASSET_RATE,auto_confirmed,1,46.66,46.66,public-disclosure-v4,official_annual_direct_consistent
301291.SZ,明阳电气,2025,Q_G_ROE,auto_confirmed,1,12.12,12.12,public-disclosure-v4,official_annual_direct_consistent
301291.SZ,明阳电气,2025,Q_S_DIVIDEND_PER_SHARE,auto_confirmed,2,0.45,0.45,public-disclosure-v4,official_annual_direct_consistent
301295.SZ,美硕科技,2025,Q_G_ROE,auto_confirmed,2,2.36,2.36,public-disclosure-v4,official_annual_direct_consistent
301295.SZ,美硕科技,2025,Q_S_DIVIDEND_PER_SHARE,auto_confirmed,2,0.21,0.21,public-disclosure-v4,official_annual_direct_consistent
301325.SZ,曼恩斯特,2025,Q_G_ROE,auto_confirmed,1,3.92,3.92,public-disclosure-v4,official_annual_direct_consistent
301325.SZ,曼恩斯特,2025,Q_S_DIVIDEND_PER_SHARE,auto_confirmed,1,0,0,public-disclosure-v4,official_annual_direct_consistent
301327.SZ,华宝新能,2025,Q_S_DIVIDEND_PER_SHARE,auto_confirmed,1,0,0,public-disclosure-v4,official_annual_direct_consistent
301349.SZ,信德新材,2025,Q_G_ROE,auto_confirmed,1,1.42,1.42,public-disclosure-v4,official_annual_direct_consistent
301349.SZ,信德新材,2025,Q_S_DIVIDEND_PER_SHARE,auto_confirmed,2,0.3,0.3,public-disclosure-v4,official_annual_direct_consistent
301358.SZ,湖南裕能,2025,Q_G_ROE,auto_confirmed,1,10.45,10.45,public-disclosure-v4,official_annual_direct_consistent
301358.SZ,湖南裕能,2025,Q_S_DIVIDEND_PER_SHARE,auto_confirmed,2,0.356,0.356,public-disclosure-v4,official_annual_direct_consistent
301361.SZ,众智科技,2025,Q_G_ROE,auto_confirmed,1,8.1,8.1,public-disclosure-v4,official_annual_direct_consistent
301361.SZ,众智科技,2025,Q_S_DIVIDEND_PER_SHARE,auto_confirmed,2,0.11,0.11,public-disclosure-v4,official_annual_direct_consistent
301388.SZ,欣灵电气,2025,Q_G_ROE,auto_confirmed,1,2.17,2.17,public-disclosure-v4,official_annual_direct_consistent
301388.SZ,欣灵电气,2025,Q_S_DIVIDEND_PER_SHARE,auto_confirmed,2,0.2,0.2,public-disclosure-v4,official_annual_direct_consistent
301439.SZ,泓淋电力,2025,Q_G_ROE,auto_confirmed,1,6.8,6.8,public-disclosure-v4,official_annual_direct_consistent
301439.SZ,泓淋电力,2025,Q_S_DIVIDEND_PER_SHARE,manual_required,3,0|0.2,,public-disclosure-v4,conflicting_or_ineligible_sources
301456.SZ,盘古智能,2025,Q_G_ROE,auto_confirmed,1,3.83,3.83,public-disclosure-v4,official_annual_direct_consistent
301456.SZ,盘古智能,2025,Q_S_DIVIDEND_PER_SHARE,auto_confirmed,1,0.2,0.2,public-disclosure-v4,official_annual_direct_consistent
301487.SZ,盟固利,2025,Q_S_DIVIDEND_PER_SHARE,auto_confirmed,2,0.006,0.006,public-disclosure-v4,official_annual_direct_consistent
301502.SZ,华阳智能,2025,Q_G_DEBT_ASSET_RATE,auto_confirmed,1,22.67,22.67,public-disclosure-v4,official_annual_direct_consistent
301502.SZ,华阳智能,2025,Q_G_ROE,auto_confirmed,1,2.58,2.58,public-disclosure-v4,official_annual_direct_consistent
301502.SZ,华阳智能,2025,Q_S_DIVIDEND_PER_SHARE,auto_confirmed,2,0.26,0.26,public-disclosure-v4,official_annual_direct_consistent
301511.SZ,德福科技,2025,Q_G_ROE,auto_confirmed,1,2.78,2.78,public-disclosure-v4,official_annual_direct_consistent
301511.SZ,德福科技,2025,Q_S_DIVIDEND_PER_SHARE,auto_confirmed,1,0.1,0.1,public-disclosure-v4,official_annual_direct_consistent
301516.SZ,中远通,2025,Q_G_ROE,auto_confirmed,1,4.38,4.38,public-disclosure-v4,official_annual_direct_consistent
301516.SZ,中远通,2025,Q_S_DIVIDEND_PER_SHARE,auto_confirmed,2,0,0,public-disclosure-v4,official_annual_direct_consistent
301587.SZ,中瑞股份,2025,Q_G_ROE,auto_confirmed,1,2.54,2.54,public-disclosure-v4,official_annual_direct_consistent
600021.SH,上海电力,2025,Q_G_AR_TURNOVER,auto_confirmed,1,1.552,1.552,public-disclosure-v4,official_annual_direct_consistent
600021.SH,上海电力,2025,Q_G_ASSET_TURNOVER,auto_confirmed,1,0.2114,0.2114,public-disclosure-v4,official_annual_direct_consistent
600021.SH,上海电力,2025,Q_G_CASH_CURRENT_LIABILITY,auto_confirmed,1,22.0214,22.0214,public-disclosure-v4,official_annual_direct_consistent
600021.SH,上海电力,2025,Q_G_CASH_REALIZATION,auto_confirmed,1,109.556,109.556,public-disclosure-v4,official_annual_direct_consistent
600021.SH,上海电力,2025,Q_G_COST_REVENUE_RATE,auto_confirmed,1,87.7858,87.7858,public-disclosure-v4,official_annual_direct_consistent
600021.SH,上海电力,2025,Q_G_CURRENT_ASSET_TURNOVER,auto_confirmed,1,1.0306,1.0306,public-disclosure-v4,official_annual_direct_consistent
600021.SH,上海电力,2025,Q_G_DEBT_ASSET_RATE,auto_confirmed,2,69.3152|69.32,69.3152,public-disclosure-v4,consolidated_statement_year_end_derived
600021.SH,上海电力,2025,Q_G_EBITDA_INTEREST,auto_confirmed,1,3.1172,3.1172,public-disclosure-v4,official_annual_direct_consistent
600021.SH,上海电力,2025,Q_G_OPERATING_MARGIN,auto_confirmed,1,15.6417,15.6417,public-disclosure-v4,official_annual_direct_consistent
600021.SH,上海电力,2025,Q_G_OPERATING_PROFIT_GROWTH,auto_confirmed,1,25.1591,25.1591,public-disclosure-v4,official_annual_direct_consistent
600021.SH,上海电力,2025,Q_G_REVENUE_GROWTH,auto_confirmed,1,-2.0488,-2.0488,public-disclosure-v4,official_annual_direct_consistent
600021.SH,上海电力,2025,Q_G_ROA,auto_confirmed,1,4.8213,4.8213,public-disclosure-v4,official_annual_direct_consistent
600021.SH,上海电力,2025,Q_G_ROE,auto_confirmed,4,12.41,12.41,public-disclosure-v4,official_annual_direct_consistent
600021.SH,上海电力,2025,Q_G_TWO_FUNDS_RATE,auto_confirmed,1,66.981,66.981,public-disclosure-v4,official_annual_direct_consistent
600021.SH,上海电力,2025,Q_S_DIVIDEND_PER_SHARE,auto_confirmed,1,0.37,0.37,public-disclosure-v4,official_annual_direct_consistent
600021.SH,上海电力,2025,Q_S_RD_RATE,auto_confirmed,1,0.66,0.66,public-disclosure-v4,official_annual_direct_consistent
600023.SH,浙能电力,2025,Q_G_AR_TURNOVER,auto_confirmed,1,7.1719,7.1719,public-disclosure-v4,official_annual_direct_consistent
600023.SH,浙能电力,2025,Q_G_ASSET_TURNOVER,auto_confirmed,1,0.5125,0.5125,public-disclosure-v4,official_annual_direct_consistent
600023.SH,浙能电力,2025,Q_G_CAPITAL_ACCUMULATION,auto_confirmed,1,3.4923,3.4923,public-disclosure-v4,official_annual_direct_consistent
600023.SH,浙能电力,2025,Q_G_CASH_REALIZATION,auto_confirmed,1,115.985,115.985,public-disclosure-v4,official_annual_direct_consistent
600023.SH,浙能电力,2025,Q_G_COST_REVENUE_RATE,auto_confirmed,1,92.9873,92.9873,public-disclosure-v4,official_annual_direct_consistent
600023.SH,浙能电力,2025,Q_G_CURRENT_ASSET_TURNOVER,auto_confirmed,1,2.1615,2.1615,public-disclosure-v4,official_annual_direct_consistent
600023.SH,浙能电力,2025,Q_G_DEBT_ASSET_RATE,auto_confirmed,1,42.5144,42.5144,public-disclosure-v4,consolidated_statement_year_end_derived
600023.SH,浙能电力,2025,Q_G_EBITDA_INTEREST,auto_confirmed,1,8.3133,8.3133,public-disclosure-v4,official_annual_direct_consistent
600023.SH,浙能电力,2025,Q_G_OPERATING_MARGIN,auto_confirmed,1,11.54,11.54,public-disclosure-v4,official_annual_direct_consistent
600023.SH,浙能电力,2025,Q_G_OPERATING_PROFIT_GROWTH,auto_confirmed,1,-9.7933,-9.7933,public-disclosure-v4,official_annual_direct_consistent
600023.SH,浙能电力,2025,Q_G_REVENUE_GROWTH,auto_confirmed,1,-9.6061,-9.6061,public-disclosure-v4,official_annual_direct_consistent
600023.SH,浙能电力,2025,Q_G_ROA,auto_confirmed,1,6.6493,6.6493,public-disclosure-v4,official_annual_direct_consistent
600023.SH,浙能电力,2025,Q_G_ROE,auto_confirmed,1,10.1,10.1,public-disclosure-v4,official_annual_direct_consistent
600023.SH,浙能电力,2025,Q_G_TWO_FUNDS_RATE,auto_confirmed,1,47.8986,47.8986,public-disclosure-v4,official_annual_direct_consistent
600023.SH,浙能电力,2025,Q_S_DIVIDEND_PER_SHARE,auto_confirmed,1,0.33,0.33,public-disclosure-v4,official_annual_direct_consistent
600023.SH,浙能电力,2025,Q_S_RD_RATE,auto_confirmed,1,0.5,0.5,public-disclosure-v4,official_annual_direct_consistent
600025.SH,华能水电,2025,Q_G_AR_TURNOVER,auto_confirmed,1,11.7085,11.7085,public-disclosure-v4,official_annual_direct_consistent
600025.SH,华能水电,2025,Q_G_ASSET_TURNOVER,auto_confirmed,1,0.1205,0.1205,public-disclosure-v4,official_annual_direct_consistent
600025.SH,华能水电,2025,Q_G_CASH_CURRENT_LIABILITY,auto_confirmed,1,42.8997,42.8997,public-disclosure-v4,official_annual_direct_consistent
600025.SH,华能水电,2025,Q_G_CASH_REALIZATION,auto_confirmed,1,111.678,111.678,public-disclosure-v4,official_annual_direct_consistent
600025.SH,华能水电,2025,Q_G_COST_REVENUE_RATE,auto_confirmed,1,60.4929,60.4929,public-disclosure-v4,official_annual_direct_consistent
600025.SH,华能水电,2025,Q_G_CURRENT_ASSET_TURNOVER,auto_confirmed,1,3.7392,3.7392,public-disclosure-v4,official_annual_direct_consistent
600025.SH,华能水电,2025,Q_G_DEBT_ASSET_RATE,auto_confirmed,3,61.13|61.1345,61.1345,public-disclosure-v4,consolidated_statement_year_end_derived
600025.SH,华能水电,2025,Q_G_EBITDA_INTEREST,auto_confirmed,1,4.9967,4.9967,public-disclosure-v4,official_annual_direct_consistent
600025.SH,华能水电,2025,Q_G_OPERATING_MARGIN,auto_confirmed,1,40.7076,40.7076,public-disclosure-v4,official_annual_direct_consistent
600025.SH,华能水电,2025,Q_G_OPERATING_PROFIT_GROWTH,auto_confirmed,1,4.2248,4.2248,public-disclosure-v4,official_annual_direct_consistent
600025.SH,华能水电,2025,Q_G_REVENUE_GROWTH,auto_confirmed,1,6.8875,6.8875,public-disclosure-v4,official_annual_direct_consistent
600025.SH,华能水电,2025,Q_G_ROA,auto_confirmed,1,6.1008,6.1008,public-disclosure-v4,official_annual_direct_consistent
600025.SH,华能水电,2025,Q_G_ROE,auto_confirmed,1,12.93,12.93,public-disclosure-v4,official_annual_direct_consistent
600025.SH,华能水电,2025,Q_G_TWO_FUNDS_RATE,auto_confirmed,1,32.1986,32.1986,public-disclosure-v4,official_annual_direct_consistent
600025.SH,华能水电,2025,Q_S_DIVIDEND_PER_SHARE,auto_confirmed,1,0.205,0.205,public-disclosure-v4,official_annual_direct_consistent
600025.SH,华能水电,2025,Q_S_RD_RATE,auto_confirmed,1,0.49,0.49,public-disclosure-v4,official_annual_direct_consistent
600027.SH,华电国际,2025,Q_G_REVENUE_GROWTH,auto_confirmed,1,-10.9466,-10.9466,public-disclosure-v4,official_annual_direct_consistent
600027.SH,华电国际,2025,Q_G_ROE,auto_confirmed,1,11.81,11.81,public-disclosure-v4,official_annual_direct_consistent
600027.SH,华电国际,2025,Q_S_DIVIDEND_PER_SHARE,auto_confirmed,1,0.23,0.23,public-disclosure-v4,official_annual_direct_consistent
600027.SH,华电国际,2025,Q_S_RD_RATE,auto_confirmed,1,2.07,2.07,public-disclosure-v4,official_annual_direct_consistent
600028.SH,中国石化,2025,Q_G_DEBT_ASSET_RATE,manual_required,3,22.1|54.08,,public-disclosure-v4,conflicting_or_ineligible_sources
600028.SH,中国石化,2025,Q_G_ROE,auto_confirmed,1,3.86,3.86,public-disclosure-v4,official_annual_direct_consistent
600032.SH,浙江新能,2025,Q_G_AR_TURNOVER,auto_confirmed,1,0.5812,0.5812,public-disclosure-v4,official_annual_direct_consistent
600032.SH,浙江新能,2025,Q_G_ASSET_TURNOVER,auto_confirmed,1,0.083,0.083,public-disclosure-v4,official_annual_direct_consistent
600032.SH,浙江新能,2025,Q_G_CASH_CURRENT_LIABILITY,auto_confirmed,1,47.9179,47.9179,public-disclosure-v4,official_annual_direct_consistent
600032.SH,浙江新能,2025,Q_G_CASH_REALIZATION,auto_confirmed,1,124.402,124.402,public-disclosure-v4,official_annual_direct_consistent
600032.SH,浙江新能,2025,Q_G_COST_REVENUE_RATE,auto_confirmed,1,87.5206,87.5206,public-disclosure-v4,official_annual_direct_consistent
600032.SH,浙江新能,2025,Q_G_CURRENT_ASSET_TURNOVER,auto_confirmed,1,0.417,0.417,public-disclosure-v4,official_annual_direct_consistent
600032.SH,浙江新能,2025,Q_G_DEBT_ASSET_RATE,auto_confirmed,1,66.786,66.786,public-disclosure-v4,consolidated_statement_year_end_derived
600032.SH,浙江新能,2025,Q_G_EBITDA_INTEREST,auto_confirmed,1,1.9392,1.9392,public-disclosure-v4,official_annual_direct_consistent
600032.SH,浙江新能,2025,Q_G_OPERATING_MARGIN,auto_confirmed,1,19.0111,19.0111,public-disclosure-v4,official_annual_direct_consistent
600032.SH,浙江新能,2025,Q_G_REVENUE_GROWTH,auto_confirmed,1,-1.7164,-1.7164,public-disclosure-v4,official_annual_direct_consistent
600032.SH,浙江新能,2025,Q_G_ROA,auto_confirmed,1,3.1991,3.1991,public-disclosure-v4,official_annual_direct_consistent
600032.SH,浙江新能,2025,Q_G_ROE,auto_confirmed,1,4,4,public-disclosure-v4,official_annual_direct_consistent
600032.SH,浙江新能,2025,Q_G_TWO_FUNDS_RATE,auto_confirmed,1,69.2783,69.2783,public-disclosure-v4,official_annual_direct_consistent
600032.SH,浙江新能,2025,Q_S_DIVIDEND_PER_SHARE,auto_confirmed,1,0.064,0.064,public-disclosure-v4,official_annual_direct_consistent
600032.SH,浙江新能,2025,Q_S_RD_RATE,auto_confirmed,2,0.27,0.27,public-disclosure-v4,official_annual_direct_consistent
600089.SH,特变电工,2025,Q_G_AR_TURNOVER,auto_confirmed,1,5.3352,5.3352,public-disclosure-v4,official_annual_direct_consistent
600089.SH,特变电工,2025,Q_G_ASSET_TURNOVER,auto_confirmed,1,96.167,96.167,public-disclosure-v4,official_annual_direct_consistent
600089.SH,特变电工,2025,Q_G_CASH_CURRENT_LIABILITY,auto_confirmed,1,527.175,527.175,public-disclosure-v4,official_annual_direct_consistent
600089.SH,特变电工,2025,Q_G_CASH_REALIZATION,auto_confirmed,1,117.597,117.597,public-disclosure-v4,official_annual_direct_consistent
600089.SH,特变电工,2025,Q_G_COST_REVENUE_RATE,auto_confirmed,1,93.7759,93.7759,public-disclosure-v4,official_annual_direct_consistent
600089.SH,特变电工,2025,Q_G_CURRENT_ASSET_TURNOVER,auto_confirmed,1,1.1314,1.1314,public-disclosure-v4,official_annual_direct_consistent
600089.SH,特变电工,2025,Q_G_DEBT_ASSET_RATE,auto_confirmed,2,55.6|161.431,161.431,public-disclosure-v4,consolidated_statement_year_end_derived
600089.SH,特变电工,2025,Q_G_REVENUE_GROWTH,auto_confirmed,1,-0.6087,-0.6087,public-disclosure-v4,official_annual_direct_consistent
600089.SH,特变电工,2025,Q_G_ROE,auto_confirmed,1,8.7546,8.7546,public-disclosure-v4,official_annual_direct_consistent
600089.SH,特变电工,2025,Q_G_TWO_FUNDS_RATE,auto_confirmed,1,46.514,46.514,public-disclosure-v4,official_annual_direct_consistent
600089.SH,特变电工,2025,Q_S_DIVIDEND_PER_SHARE,auto_confirmed,1,0.36,0.36,public-disclosure-v4,official_annual_direct_consistent
600089.SH,特变电工,2025,Q_S_RD_RATE,auto_confirmed,1,4.92,4.92,public-disclosure-v4,official_annual_direct_consistent
600098.SH,广州发展,2025,Q_G_AR_TURNOVER,auto_confirmed,1,13.1644,13.1644,public-disclosure-v4,official_annual_direct_consistent
600098.SH,广州发展,2025,Q_G_ASSET_TURNOVER,auto_confirmed,1,1.1542,1.1542,public-disclosure-v4,official_annual_direct_consistent
600098.SH,广州发展,2025,Q_G_CAPITAL_ACCUMULATION,auto_confirmed,1,3.0235,3.0235,public-disclosure-v4,official_annual_direct_consistent
600098.SH,广州发展,2025,Q_G_CASH_CURRENT_LIABILITY,auto_confirmed,1,22.7084,22.7084,public-disclosure-v4,official_annual_direct_consistent
600098.SH,广州发展,2025,Q_G_CASH_REALIZATION,auto_confirmed,1,118.037,118.037,public-disclosure-v4,official_annual_direct_consistent
600098.SH,广州发展,2025,Q_G_COST_REVENUE_RATE,auto_confirmed,1,96.9509,96.9509,public-disclosure-v4,official_annual_direct_consistent
600098.SH,广州发展,2025,Q_G_CURRENT_ASSET_TURNOVER,auto_confirmed,1,3.3233,3.3233,public-disclosure-v4,official_annual_direct_consistent
600098.SH,广州发展,2025,Q_G_DEBT_ASSET_RATE,auto_confirmed,2,61.76|63.3932,63.3932,public-disclosure-v4,consolidated_statement_year_end_derived
600098.SH,广州发展,2025,Q_G_EBITDA_INTEREST,auto_confirmed,1,4.4013,4.4013,public-disclosure-v4,official_annual_direct_consistent
600098.SH,广州发展,2025,Q_G_OPERATING_MARGIN,auto_confirmed,1,6.4675,6.4675,public-disclosure-v4,official_annual_direct_consistent
600098.SH,广州发展,2025,Q_G_OPERATING_PROFIT_GROWTH,auto_confirmed,1,36.2543,36.2543,public-disclosure-v4,official_annual_direct_consistent
600098.SH,广州发展,2025,Q_G_REVENUE_GROWTH,auto_confirmed,1,5.3261,5.3261,public-disclosure-v4,official_annual_direct_consistent
600098.SH,广州发展,2025,Q_G_ROA,auto_confirmed,1,8.9619,8.9619,public-disclosure-v4,official_annual_direct_consistent
600098.SH,广州发展,2025,Q_G_ROE,auto_confirmed,1,8.6069,8.6069,public-disclosure-v4,official_annual_direct_consistent
600098.SH,广州发展,2025,Q_G_TWO_FUNDS_RATE,auto_confirmed,1,38.2176,38.2176,public-disclosure-v4,official_annual_direct_consistent
600098.SH,广州发展,2025,Q_S_DIVIDEND_PER_SHARE,auto_confirmed,1,0.35,0.35,public-disclosure-v4,official_annual_direct_consistent
600098.SH,广州发展,2025,Q_S_RD_RATE,auto_confirmed,1,1.27,1.27,public-disclosure-v4,official_annual_direct_consistent
600101.SH,明星电力,2025,Q_G_AR_TURNOVER,auto_confirmed,1,61.0017,61.0017,public-disclosure-v4,official_annual_direct_consistent
600101.SH,明星电力,2025,Q_G_ASSET_TURNOVER,auto_confirmed,1,0.7349,0.7349,public-disclosure-v4,official_annual_direct_consistent
600101.SH,明星电力,2025,Q_G_CASH_CURRENT_LIABILITY,auto_confirmed,1,30.1906,30.1906,public-disclosure-v4,official_annual_direct_consistent
600101.SH,明星电力,2025,Q_G_CASH_REALIZATION,auto_confirmed,1,124.807,124.807,public-disclosure-v4,official_annual_direct_consistent
600101.SH,明星电力,2025,Q_G_COST_REVENUE_RATE,auto_confirmed,1,92.7688,92.7688,public-disclosure-v4,official_annual_direct_consistent
600101.SH,明星电力,2025,Q_G_CURRENT_ASSET_TURNOVER,auto_confirmed,1,3.002,3.002,public-disclosure-v4,official_annual_direct_consistent
600101.SH,明星电力,2025,Q_G_DEBT_ASSET_RATE,auto_confirmed,1,25.068,25.068,public-disclosure-v4,consolidated_statement_year_end_derived
600101.SH,明星电力,2025,Q_G_EBITDA_INTEREST,auto_confirmed,1,89.2622,89.2622,public-disclosure-v4,official_annual_direct_consistent
600101.SH,明星电力,2025,Q_G_OPERATING_MARGIN,auto_confirmed,1,7.583,7.583,public-disclosure-v4,official_annual_direct_consistent
600101.SH,明星电力,2025,Q_G_OPERATING_PROFIT_GROWTH,auto_confirmed,1,5.5475,5.5475,public-disclosure-v4,official_annual_direct_consistent
600101.SH,明星电力,2025,Q_G_REVENUE_GROWTH,auto_confirmed,1,6.2932,6.2932,public-disclosure-v4,official_annual_direct_consistent
600101.SH,明星电力,2025,Q_G_ROA,auto_confirmed,1,5.5252,5.5252,public-disclosure-v4,official_annual_direct_consistent
600101.SH,明星电力,2025,Q_G_ROE,auto_confirmed,1,6.03,6.03,public-disclosure-v4,official_annual_direct_consistent
600101.SH,明星电力,2025,Q_G_TWO_FUNDS_RATE,auto_confirmed,1,6.8583,6.8583,public-disclosure-v4,official_annual_direct_consistent
600101.SH,明星电力,2025,Q_S_DIVIDEND_PER_SHARE,auto_confirmed,1,0.11,0.11,public-disclosure-v4,official_annual_direct_consistent
600101.SH,明星电力,2025,Q_S_RD_RATE,auto_confirmed,1,1.05,1.05,public-disclosure-v4,official_annual_direct_consistent
600110.SH,诺德股份,2025,Q_G_AR_TURNOVER,auto_confirmed,1,3.8308,3.8308,public-disclosure-v4,official_annual_direct_consistent
600110.SH,诺德股份,2025,Q_G_ASSET_TURNOVER,auto_confirmed,1,0.6198,0.6198,public-disclosure-v4,official_annual_direct_consistent
600110.SH,诺德股份,2025,Q_G_CASH_CURRENT_LIABILITY,auto_confirmed,1,-4.9888,-4.9888,public-disclosure-v4,official_annual_direct_consistent
600110.SH,诺德股份,2025,Q_G_CASH_REALIZATION,auto_confirmed,1,288.523,288.523,public-disclosure-v4,official_annual_direct_consistent
600110.SH,诺德股份,2025,Q_G_COST_REVENUE_RATE,auto_confirmed,1,102.56,102.56,public-disclosure-v4,official_annual_direct_consistent
600110.SH,诺德股份,2025,Q_G_CURRENT_ASSET_TURNOVER,auto_confirmed,1,1.6124,1.6124,public-disclosure-v4,official_annual_direct_consistent
600110.SH,诺德股份,2025,Q_G_DEBT_ASSET_RATE,auto_confirmed,1,62.9126,62.9126,public-disclosure-v4,consolidated_statement_year_end_derived
600110.SH,诺德股份,2025,Q_G_EBITDA_INTEREST,auto_confirmed,1,-0.0838,-0.0838,public-disclosure-v4,official_annual_direct_consistent
600110.SH,诺德股份,2025,Q_G_OPERATING_MARGIN,auto_confirmed,1,-1.9516,-1.9516,public-disclosure-v4,official_annual_direct_consistent
600110.SH,诺德股份,2025,Q_G_ROA,auto_confirmed,1,-0.1915,-0.1915,public-disclosure-v4,official_annual_direct_consistent
600110.SH,诺德股份,2025,Q_G_ROE,auto_confirmed,1,5.28,5.28,public-disclosure-v4,official_annual_direct_consistent
600110.SH,诺德股份,2025,Q_G_TWO_FUNDS_RATE,auto_confirmed,1,39.239,39.239,public-disclosure-v4,official_annual_direct_consistent
600110.SH,诺德股份,2025,Q_S_RD_RATE,auto_confirmed,1,4.61,4.61,public-disclosure-v4,official_annual_direct_consistent
600116.SH,三峡水利,2025,Q_G_AR_TURNOVER,auto_confirmed,1,9.2341,9.2341,public-disclosure-v4,official_annual_direct_consistent
600116.SH,三峡水利,2025,Q_G_ASSET_TURNOVER,auto_confirmed,1,0.4039,0.4039,public-disclosure-v4,official_annual_direct_consistent
600116.SH,三峡水利,2025,Q_G_CASH_CURRENT_LIABILITY,auto_confirmed,1,20.0243,20.0243,public-disclosure-v4,official_annual_direct_consistent
600116.SH,三峡水利,2025,Q_G_CASH_REALIZATION,auto_confirmed,1,100.045,100.045,public-disclosure-v4,official_annual_direct_consistent
600116.SH,三峡水利,2025,Q_G_COST_REVENUE_RATE,auto_confirmed,1,95.7134,95.7134,public-disclosure-v4,official_annual_direct_consistent
600116.SH,三峡水利,2025,Q_G_CURRENT_ASSET_TURNOVER,auto_confirmed,1,1.9807,1.9807,public-disclosure-v4,official_annual_direct_consistent
600116.SH,三峡水利,2025,Q_G_DEBT_ASSET_RATE,auto_confirmed,2,54.43|54.4319,54.4319,public-disclosure-v4,consolidated_statement_year_end_derived
600116.SH,三峡水利,2025,Q_G_EBITDA_INTEREST,auto_confirmed,1,3.7567,3.7567,public-disclosure-v4,official_annual_direct_consistent
600116.SH,三峡水利,2025,Q_G_OPERATING_MARGIN,auto_confirmed,1,6.515,6.515,public-disclosure-v4,official_annual_direct_consistent
600116.SH,三峡水利,2025,Q_G_REVENUE_GROWTH,auto_confirmed,1,-1.4408,-1.4408,public-disclosure-v4,official_annual_direct_consistent
600116.SH,三峡水利,2025,Q_G_ROA,auto_confirmed,1,3.5702,3.5702,public-disclosure-v4,official_annual_direct_consistent
600116.SH,三峡水利,2025,Q_G_ROE,auto_confirmed,1,3.89,3.89,public-disclosure-v4,official_annual_direct_consistent
600116.SH,三峡水利,2025,Q_G_TWO_FUNDS_RATE,auto_confirmed,1,28.0149,28.0149,public-disclosure-v4,official_annual_direct_consistent
600116.SH,三峡水利,2025,Q_S_DIVIDEND_PER_SHARE,auto_confirmed,1,0.125,0.125,public-disclosure-v4,official_annual_direct_consistent
600116.SH,三峡水利,2025,Q_S_RD_RATE,auto_confirmed,1,0.04,0.04,public-disclosure-v4,official_annual_direct_consistent
600149.SH,廊坊发展,2025,Q_G_AR_TURNOVER,auto_confirmed,1,12.4006,12.4006,public-disclosure-v4,official_annual_direct_consistent
600149.SH,廊坊发展,2025,Q_G_ASSET_TURNOVER,auto_confirmed,1,0.6618,0.6618,public-disclosure-v4,official_annual_direct_consistent
600149.SH,廊坊发展,2025,Q_G_CAPITAL_ACCUMULATION,auto_confirmed,1,10.8776,10.8776,public-disclosure-v4,official_annual_direct_consistent
600149.SH,廊坊发展,2025,Q_G_CASH_REALIZATION,auto_confirmed,1,106.007,106.007,public-disclosure-v4,official_annual_direct_consistent
600149.SH,廊坊发展,2025,Q_G_COST_REVENUE_RATE,auto_confirmed,1,76.5974,76.5974,public-disclosure-v4,official_annual_direct_consistent
600149.SH,廊坊发展,2025,Q_G_CURRENT_ASSET_TURNOVER,auto_confirmed,1,0.6808,0.6808,public-disclosure-v4,official_annual_direct_consistent
600149.SH,廊坊发展,2025,Q_G_DEBT_ASSET_RATE,auto_confirmed,1,39.9197,39.9197,public-disclosure-v4,consolidated_statement_year_end_derived
600149.SH,廊坊发展,2025,Q_G_EBITDA_INTEREST,auto_confirmed,1,23.9329,23.9329,public-disclosure-v4,official_annual_direct_consistent
600149.SH,廊坊发展,2025,Q_G_OPERATING_MARGIN,auto_confirmed,1,23.9726,23.9726,public-disclosure-v4,official_annual_direct_consistent
600149.SH,廊坊发展,2025,Q_G_OPERATING_PROFIT_GROWTH,auto_confirmed,1,-58.9197,-58.9197,public-disclosure-v4,official_annual_direct_consistent
600149.SH,廊坊发展,2025,Q_G_REVENUE_GROWTH,auto_confirmed,1,-49.5006,-49.5006,public-disclosure-v4,official_annual_direct_consistent
600149.SH,廊坊发展,2025,Q_G_ROA,auto_confirmed,1,16.4533,16.4533,public-disclosure-v4,official_annual_direct_consistent
600149.SH,廊坊发展,2025,Q_G_ROE,auto_confirmed,1,6.41,6.41,public-disclosure-v4,official_annual_direct_consistent
600149.SH,廊坊发展,2025,Q_G_TWO_FUNDS_RATE,auto_confirmed,1,11.3861,11.3861,public-disclosure-v4,official_annual_direct_consistent
600149.SH,廊坊发展,2025,Q_S_RD_RATE,auto_confirmed,1,0.67,0.67,public-disclosure-v4,official_annual_direct_consistent
600151.SH,航天机电,2025,Q_G_AR_TURNOVER,auto_confirmed,1,2.6242,2.6242,public-disclosure-v4,official_annual_direct_consistent
600151.SH,航天机电,2025,Q_G_ASSET_TURNOVER,auto_confirmed,1,0.4683,0.4683,public-disclosure-v4,official_annual_direct_consistent
600151.SH,航天机电,2025,Q_G_CASH_CURRENT_LIABILITY,auto_confirmed,1,36.8361,36.8361,public-disclosure-v4,official_annual_direct_consistent
600151.SH,航天机电,2025,Q_G_CASH_REALIZATION,auto_confirmed,1,108.749,108.749,public-disclosure-v4,official_annual_direct_consistent
600151.SH,航天机电,2025,Q_G_COST_REVENUE_RATE,auto_confirmed,1,101.434,101.434,public-disclosure-v4,official_annual_direct_consistent
600151.SH,航天机电,2025,Q_G_CURRENT_ASSET_TURNOVER,auto_confirmed,1,1.0384,1.0384,public-disclosure-v4,official_annual_direct_consistent
600151.SH,航天机电,2025,Q_G_DEBT_ASSET_RATE,auto_confirmed,1,32.388,32.388,public-disclosure-v4,consolidated_statement_year_end_derived
600151.SH,航天机电,2025,Q_G_EBITDA_INTEREST,auto_confirmed,1,-7.4894,-7.4894,public-disclosure-v4,official_annual_direct_consistent
600151.SH,航天机电,2025,Q_G_OPERATING_MARGIN,auto_confirmed,1,-12.5912,-12.5912,public-disclosure-v4,official_annual_direct_consistent
600151.SH,航天机电,2025,Q_G_OPERATING_PROFIT_GROWTH,auto_confirmed,1,515.294,515.294,public-disclosure-v4,official_annual_direct_consistent
600151.SH,航天机电,2025,Q_G_REVENUE_GROWTH,auto_confirmed,1,-32.5993,-32.5993,public-disclosure-v4,official_annual_direct_consistent
600151.SH,航天机电,2025,Q_G_ROA,auto_confirmed,1,-5.0231,-5.0231,public-disclosure-v4,official_annual_direct_consistent
600151.SH,航天机电,2025,Q_G_ROE,auto_confirmed,1,9.5836,9.5836,public-disclosure-v4,official_annual_direct_consistent
600151.SH,航天机电,2025,Q_G_TWO_FUNDS_RATE,auto_confirmed,1,48.336,48.336,public-disclosure-v4,official_annual_direct_consistent
600151.SH,航天机电,2025,Q_S_RD_RATE,auto_confirmed,1,3.9,3.9,public-disclosure-v4,official_annual_direct_consistent
600152.SH,维科技术,2025,Q_G_AR_TURNOVER,auto_confirmed,1,11.6735,11.6735,public-disclosure-v4,official_annual_direct_consistent
600152.SH,维科技术,2025,Q_G_ASSET_TURNOVER,auto_confirmed,1,0.9526,0.9526,public-disclosure-v4,official_annual_direct_consistent
600152.SH,维科技术,2025,Q_G_CASH_CURRENT_LIABILITY,auto_confirmed,1,-3.0243,-3.0243,public-disclosure-v4,official_annual_direct_consistent
600152.SH,维科技术,2025,Q_G_CASH_REALIZATION,auto_confirmed,1,129.985,129.985,public-disclosure-v4,official_annual_direct_consistent
600152.SH,维科技术,2025,Q_G_COST_REVENUE_RATE,auto_confirmed,1,103.688,103.688,public-disclosure-v4,official_annual_direct_consistent
600152.SH,维科技术,2025,Q_G_CURRENT_ASSET_TURNOVER,auto_confirmed,1,2.0256,2.0256,public-disclosure-v4,official_annual_direct_consistent
600152.SH,维科技术,2025,Q_G_DEBT_ASSET_RATE,auto_confirmed,2,43.0969|43.1,43.0969,public-disclosure-v4,consolidated_statement_year_end_derived
600152.SH,维科技术,2025,Q_G_EBITDA_INTEREST,auto_confirmed,1,-18.3823,-18.3823,public-disclosure-v4,official_annual_direct_consistent
600152.SH,维科技术,2025,Q_G_OPERATING_MARGIN,auto_confirmed,1,-7.3903,-7.3903,public-disclosure-v4,official_annual_direct_consistent
600152.SH,维科技术,2025,Q_G_REVENUE_GROWTH,auto_confirmed,1,-7.2761,-7.2761,public-disclosure-v4,official_annual_direct_consistent
600152.SH,维科技术,2025,Q_G_ROA,auto_confirmed,1,-6.8105,-6.8105,public-disclosure-v4,official_annual_direct_consistent
600152.SH,维科技术,2025,Q_G_ROE,auto_confirmed,1,5.64,5.64,public-disclosure-v4,official_annual_direct_consistent
600152.SH,维科技术,2025,Q_G_TWO_FUNDS_RATE,auto_confirmed,1,47.274,47.274,public-disclosure-v4,official_annual_direct_consistent
600152.SH,维科技术,2025,Q_S_RD_RATE,auto_confirmed,1,8.34,8.34,public-disclosure-v4,official_annual_direct_consistent
600157.SH,永泰能源,2025,Q_G_AR_TURNOVER,auto_confirmed,1,8.2318,8.2318,public-disclosure-v4,official_annual_direct_consistent
600157.SH,永泰能源,2025,Q_G_ASSET_TURNOVER,auto_confirmed,1,0.2176,0.2176,public-disclosure-v4,official_annual_direct_consistent
600157.SH,永泰能源,2025,Q_G_CASH_CURRENT_LIABILITY,auto_confirmed,1,17.8731,17.8731,public-disclosure-v4,official_annual_direct_consistent
600157.SH,永泰能源,2025,Q_G_CASH_REALIZATION,auto_confirmed,1,110.342,110.342,public-disclosure-v4,official_annual_direct_consistent
600157.SH,永泰能源,2025,Q_G_COST_REVENUE_RATE,auto_confirmed,1,96.8983,96.8983,public-disclosure-v4,official_annual_direct_consistent
600157.SH,永泰能源,2025,Q_G_CURRENT_ASSET_TURNOVER,auto_confirmed,1,2.6888,2.6888,public-disclosure-v4,official_annual_direct_consistent
600157.SH,永泰能源,2025,Q_G_DEBT_ASSET_RATE,auto_confirmed,2,51.1997|73.18,51.1997,public-disclosure-v4,consolidated_statement_year_end_derived
600157.SH,永泰能源,2025,Q_G_EBITDA_INTEREST,auto_confirmed,1,1.3694,1.3694,public-disclosure-v4,official_annual_direct_consistent
600157.SH,永泰能源,2025,Q_G_OPERATING_MARGIN,auto_confirmed,1,2.7063,2.7063,public-disclosure-v4,official_annual_direct_consistent
600157.SH,永泰能源,2025,Q_G_OPERATING_PROFIT_GROWTH,auto_confirmed,1,-74.1062,-74.1062,public-disclosure-v4,official_annual_direct_consistent
600157.SH,永泰能源,2025,Q_G_REVENUE_GROWTH,auto_confirmed,1,-16.0078,-16.0078,public-disclosure-v4,official_annual_direct_consistent
600157.SH,永泰能源,2025,Q_G_ROA,auto_confirmed,1,2.413,2.413,public-disclosure-v4,official_annual_direct_consistent
600157.SH,永泰能源,2025,Q_G_ROE,auto_confirmed,1,0.4448,0.4448,public-disclosure-v4,official_annual_direct_consistent
600157.SH,永泰能源,2025,Q_G_TWO_FUNDS_RATE,auto_confirmed,1,42.7112,42.7112,public-disclosure-v4,official_annual_direct_consistent
600157.SH,永泰能源,2025,Q_S_DIVIDEND_PER_SHARE,auto_confirmed,1,0,0,public-disclosure-v4,official_annual_direct_consistent
600157.SH,永泰能源,2025,Q_S_RD_RATE,auto_confirmed,1,0.4,0.4,public-disclosure-v4,official_annual_direct_consistent
600163.SH,中闽能源,2025,Q_G_AR_TURNOVER,auto_confirmed,1,0.6035,0.6035,public-disclosure-v4,official_annual_direct_consistent
600163.SH,中闽能源,2025,Q_G_ASSET_TURNOVER,auto_confirmed,1,0.2886,0.2886,public-disclosure-v4,official_annual_direct_consistent
600163.SH,中闽能源,2025,Q_G_CAPITAL_ACCUMULATION,auto_confirmed,1,6.1201,6.1201,public-disclosure-v4,official_annual_direct_consistent
600163.SH,中闽能源,2025,Q_G_CASH_REALIZATION,auto_confirmed,1,171.945,171.945,public-disclosure-v4,official_annual_direct_consistent
600163.SH,中闽能源,2025,Q_G_COST_REVENUE_RATE,auto_confirmed,1,57.4608,57.4608,public-disclosure-v4,official_annual_direct_consistent
600163.SH,中闽能源,2025,Q_G_CURRENT_ASSET_TURNOVER,auto_confirmed,1,0.3593,0.3593,public-disclosure-v4,official_annual_direct_consistent
600163.SH,中闽能源,2025,Q_G_DEBT_ASSET_RATE,auto_confirmed,2,33.8996|33.9,33.8996,public-disclosure-v4,consolidated_statement_year_end_derived
600163.SH,中闽能源,2025,Q_G_EBITDA_INTEREST,auto_confirmed,1,11.0737,11.0737,public-disclosure-v4,official_annual_direct_consistent
600163.SH,中闽能源,2025,Q_G_OPERATING_MARGIN,auto_confirmed,1,47.029,47.029,public-disclosure-v4,official_annual_direct_consistent
600163.SH,中闽能源,2025,Q_G_REVENUE_GROWTH,auto_confirmed,1,-7.692,-7.692,public-disclosure-v4,official_annual_direct_consistent
600163.SH,中闽能源,2025,Q_G_ROA,auto_confirmed,1,14.8984,14.8984,public-disclosure-v4,official_annual_direct_consistent
600163.SH,中闽能源,2025,Q_G_ROE,auto_confirmed,1,7.5,7.5,public-disclosure-v4,official_annual_direct_consistent
600163.SH,中闽能源,2025,Q_G_TWO_FUNDS_RATE,auto_confirmed,1,52.856,52.856,public-disclosure-v4,official_annual_direct_consistent
600163.SH,中闽能源,2025,Q_S_DIVIDEND_PER_SHARE,auto_confirmed,1,0.03,0.03,public-disclosure-v4,official_annual_direct_consistent
600163.SH,中闽能源,2025,Q_S_RD_RATE,auto_confirmed,1,1.18,1.18,public-disclosure-v4,official_annual_direct_consistent
600167.SH,联美控股,2025,Q_E_ALTERNATIVE_WATER_RATE,manual_required,1,8.71,,public-disclosure-v4,indicator_not_auto_eligible
600167.SH,联美控股,2025,Q_G_AR_TURNOVER,auto_confirmed,1,5.4626,5.4626,public-disclosure-v4,official_annual_direct_consistent
600167.SH,联美控股,2025,Q_G_ASSET_TURNOVER,auto_confirmed,1,0.3431,0.3431,public-disclosure-v4,official_annual_direct_consistent
600167.SH,联美控股,2025,Q_G_CAPITAL_ACCUMULATION,auto_confirmed,1,5.7739,5.7739,public-disclosure-v4,official_annual_direct_consistent
600167.SH,联美控股,2025,Q_G_CASH_CURRENT_LIABILITY,auto_confirmed,1,30.6251,30.6251,public-disclosure-v4,official_annual_direct_consistent
600167.SH,联美控股,2025,Q_G_CASH_REALIZATION,auto_confirmed,1,107.925,107.925,public-disclosure-v4,official_annual_direct_consistent
600167.SH,联美控股,2025,Q_G_COST_REVENUE_RATE,auto_confirmed,1,75.0325,75.0325,public-disclosure-v4,official_annual_direct_consistent
600167.SH,联美控股,2025,Q_G_CURRENT_ASSET_TURNOVER,auto_confirmed,1,0.6514,0.6514,public-disclosure-v4,official_annual_direct_consistent
600167.SH,联美控股,2025,Q_G_DEBT_ASSET_RATE,auto_confirmed,1,29.1403,29.1403,public-disclosure-v4,consolidated_statement_year_end_derived
600167.SH,联美控股,2025,Q_G_REVENUE_GROWTH,auto_confirmed,1,-7.7016,-7.7016,public-disclosure-v4,official_annual_direct_consistent
600167.SH,联美控股,2025,Q_G_ROE,auto_confirmed,1,6.39,6.39,public-disclosure-v4,official_annual_direct_consistent
600167.SH,联美控股,2025,Q_G_TWO_FUNDS_RATE,auto_confirmed,1,14.5277,14.5277,public-disclosure-v4,official_annual_direct_consistent
600167.SH,联美控股,2025,Q_S_DIVIDEND_PER_SHARE,auto_confirmed,1,0.15,0.15,public-disclosure-v4,official_annual_direct_consistent
600167.SH,联美控股,2025,Q_S_RD_RATE,auto_confirmed,1,1.4,1.4,public-disclosure-v4,official_annual_direct_consistent
600188.SH,兖矿能源,2025,Q_G_DEBT_ASSET_RATE,auto_confirmed,1,62.2,62.2,public-disclosure-v4,official_annual_direct_consistent
600188.SH,兖矿能源,2025,Q_G_REVENUE_GROWTH,auto_confirmed,1,-7.4929,-7.4929,public-disclosure-v4,official_annual_direct_consistent
600188.SH,兖矿能源,2025,Q_G_ROE,auto_confirmed,1,9.95,9.95,public-disclosure-v4,official_annual_direct_consistent
600188.SH,兖矿能源,2025,Q_S_DIVIDEND_PER_SHARE,auto_confirmed,1,0.5,0.5,public-disclosure-v4,official_annual_direct_consistent
600188.SH,兖矿能源,2025,Q_S_RD_RATE,auto_confirmed,1,2.34,2.34,public-disclosure-v4,official_annual_direct_consistent
600192.SH,长城电工,2025,Q_G_AR_TURNOVER,auto_confirmed,1,1.2116,1.2116,public-disclosure-v4,official_annual_direct_consistent
600192.SH,长城电工,2025,Q_G_ASSET_TURNOVER,auto_confirmed,1,0.5641,0.5641,public-disclosure-v4,official_annual_direct_consistent
600192.SH,长城电工,2025,Q_G_CASH_CURRENT_LIABILITY,auto_confirmed,1,0.0185,0.0185,public-disclosure-v4,official_annual_direct_consistent
600192.SH,长城电工,2025,Q_G_CASH_REALIZATION,auto_confirmed,1,90.171,90.171,public-disclosure-v4,official_annual_direct_consistent
600192.SH,长城电工,2025,Q_G_COST_REVENUE_RATE,auto_confirmed,1,119.23,119.23,public-disclosure-v4,official_annual_direct_consistent
600192.SH,长城电工,2025,Q_G_CURRENT_ASSET_TURNOVER,auto_confirmed,1,0.4849,0.4849,public-disclosure-v4,official_annual_direct_consistent
600192.SH,长城电工,2025,Q_G_DEBT_ASSET_RATE,auto_confirmed,1,80.8169,80.8169,public-disclosure-v4,consolidated_statement_year_end_derived
600192.SH,长城电工,2025,Q_G_EBITDA_INTEREST,auto_confirmed,1,-4.5086,-4.5086,public-disclosure-v4,official_annual_direct_consistent
600192.SH,长城电工,2025,Q_G_OPERATING_MARGIN,auto_confirmed,1,-20.1257,-20.1257,public-disclosure-v4,official_annual_direct_consistent
600192.SH,长城电工,2025,Q_G_REVENUE_GROWTH,auto_confirmed,1,-8.0224,-8.0224,public-disclosure-v4,official_annual_direct_consistent
600192.SH,长城电工,2025,Q_G_ROA,auto_confirmed,1,-9.3961,-9.3961,public-disclosure-v4,official_annual_direct_consistent
600192.SH,长城电工,2025,Q_G_ROE,auto_confirmed,1,34.81,34.81,public-disclosure-v4,official_annual_direct_consistent
600192.SH,长城电工,2025,Q_G_TWO_FUNDS_RATE,auto_confirmed,1,71.003,71.003,public-disclosure-v4,official_annual_direct_consistent
600192.SH,长城电工,2025,Q_S_RD_RATE,auto_confirmed,3,5|5.29,5.29,public-disclosure-v4,official_annual_direct_consistent
600207.SH,安彩高科,2025,Q_G_AR_TURNOVER,auto_confirmed,1,3.2559,3.2559,public-disclosure-v4,official_annual_direct_consistent
600207.SH,安彩高科,2025,Q_G_ASSET_TURNOVER,auto_confirmed,1,0.455,0.455,public-disclosure-v4,official_annual_direct_consistent
600207.SH,安彩高科,2025,Q_G_CAPITAL_ACCUMULATION,auto_confirmed,1,-27.8555,-27.8555,public-disclosure-v4,official_annual_direct_consistent
600207.SH,安彩高科,2025,Q_G_CASH_REALIZATION,auto_confirmed,1,82.4567,82.4567,public-disclosure-v4,official_annual_direct_consistent
600207.SH,安彩高科,2025,Q_G_COST_REVENUE_RATE,auto_confirmed,1,117.634,117.634,public-disclosure-v4,official_annual_direct_consistent
600207.SH,安彩高科,2025,Q_G_CURRENT_ASSET_TURNOVER,auto_confirmed,1,1.1929,1.1929,public-disclosure-v4,official_annual_direct_consistent
600207.SH,安彩高科,2025,Q_G_DEBT_ASSET_RATE,auto_confirmed,1,66.4406,66.4406,public-disclosure-v4,consolidated_statement_year_end_derived
600207.SH,安彩高科,2025,Q_G_EBITDA_INTEREST,auto_confirmed,1,-8.0146,-8.0146,public-disclosure-v4,official_annual_direct_consistent
600207.SH,安彩高科,2025,Q_G_OPERATING_MARGIN,auto_confirmed,1,-24.8419,-24.8419,public-disclosure-v4,official_annual_direct_consistent
600207.SH,安彩高科,2025,Q_G_OPERATING_PROFIT_GROWTH,auto_confirmed,1,56.967,56.967,public-disclosure-v4,official_annual_direct_consistent
600207.SH,安彩高科,2025,Q_G_REVENUE_GROWTH,auto_confirmed,1,-32.7284,-32.7284,public-disclosure-v4,official_annual_direct_consistent
600207.SH,安彩高科,2025,Q_G_ROA,auto_confirmed,1,-10.0826,-10.0826,public-disclosure-v4,official_annual_direct_consistent
600207.SH,安彩高科,2025,Q_G_ROE,auto_confirmed,1,30.36,30.36,public-disclosure-v4,official_annual_direct_consistent
600207.SH,安彩高科,2025,Q_G_TWO_FUNDS_RATE,auto_confirmed,1,50.3993,50.3993,public-disclosure-v4,official_annual_direct_consistent
600207.SH,安彩高科,2025,Q_S_RD_RATE,auto_confirmed,1,3.17,3.17,public-disclosure-v4,official_annual_direct_consistent
600207.SH,安彩高科,2025,Q_S_SAFETY_INVEST_RATE,manual_required,1,0.42,,public-disclosure-v4,indicator_not_auto_eligible
600212.SH,绿能慧充,2025,Q_G_DEBT_ASSET_RATE,auto_confirmed,3,65.89|76.7496|76.75,76.7496,public-disclosure-v4,consolidated_statement_year_end_derived
600212.SH,绿能慧充,2025,Q_G_ROE,auto_confirmed,1,3.29,3.29,public-disclosure-v4,official_annual_direct_consistent
600212.SH,绿能慧充,2025,Q_G_TWO_FUNDS_RATE,auto_confirmed,1,63.8263,63.8263,public-disclosure-v4,official_annual_direct_consistent
600212.SH,绿能慧充,2025,Q_S_RD_RATE,auto_confirmed,1,5.63,5.63,public-disclosure-v4,official_annual_direct_consistent
600236.SH,桂冠电力,2025,Q_G_AR_TURNOVER,auto_confirmed,1,4.8559,4.8559,public-disclosure-v4,official_annual_direct_consistent
600236.SH,桂冠电力,2025,Q_G_ASSET_TURNOVER,auto_confirmed,1,0.3382,0.3382,public-disclosure-v4,official_annual_direct_consistent
600236.SH,桂冠电力,2025,Q_G_CASH_CURRENT_LIABILITY,auto_confirmed,1,51.9976,51.9976,public-disclosure-v4,official_annual_direct_consistent
600236.SH,桂冠电力,2025,Q_G_CASH_REALIZATION,auto_confirmed,1,113.935,113.935,public-disclosure-v4,official_annual_direct_consistent
600236.SH,桂冠电力,2025,Q_G_COST_REVENUE_RATE,auto_confirmed,1,58.5211,58.5211,public-disclosure-v4,official_annual_direct_consistent
600236.SH,桂冠电力,2025,Q_G_CURRENT_ASSET_TURNOVER,auto_confirmed,1,2.1657,2.1657,public-disclosure-v4,official_annual_direct_consistent
600236.SH,桂冠电力,2025,Q_G_DEBT_ASSET_RATE,auto_confirmed,2,54.2174|54.22,54.2174,public-disclosure-v4,consolidated_statement_year_end_derived
600236.SH,桂冠电力,2025,Q_G_EBITDA_INTEREST,auto_confirmed,1,9.7414,9.7414,public-disclosure-v4,official_annual_direct_consistent
600236.SH,桂冠电力,2025,Q_G_OPERATING_MARGIN,auto_confirmed,1,42.8375,42.8375,public-disclosure-v4,official_annual_direct_consistent
600236.SH,桂冠电力,2025,Q_G_REVENUE_GROWTH,auto_confirmed,1,8.2781,8.2781,public-disclosure-v4,official_annual_direct_consistent
600236.SH,桂冠电力,2025,Q_G_ROA,auto_confirmed,1,16.0505,16.0505,public-disclosure-v4,official_annual_direct_consistent
600236.SH,桂冠电力,2025,Q_G_ROE,auto_confirmed,1,18.39,18.39,public-disclosure-v4,official_annual_direct_consistent
600236.SH,桂冠电力,2025,Q_G_TWO_FUNDS_RATE,auto_confirmed,1,45.8813,45.8813,public-disclosure-v4,official_annual_direct_consistent
600236.SH,桂冠电力,2025,Q_S_DIVIDEND_PER_SHARE,auto_confirmed,1,0.293,0.293,public-disclosure-v4,official_annual_direct_consistent
600236.SH,桂冠电力,2025,Q_S_RD_RATE,auto_confirmed,3,1.92,1.92,public-disclosure-v4,official_annual_direct_consistent
600241.SH,时代万恒,2025,Q_G_AR_TURNOVER,auto_confirmed,1,3.5072,3.5072,public-disclosure-v4,official_annual_direct_consistent
600241.SH,时代万恒,2025,Q_G_ASSET_TURNOVER,auto_confirmed,1,0.6397,0.6397,public-disclosure-v4,official_annual_direct_consistent
600241.SH,时代万恒,2025,Q_G_CAPITAL_ACCUMULATION,auto_confirmed,1,-5.4075,-5.4075,public-disclosure-v4,official_annual_direct_consistent
600241.SH,时代万恒,2025,Q_G_CASH_CURRENT_LIABILITY,auto_confirmed,1,55.4792,55.4792,public-disclosure-v4,official_annual_direct_consistent
600241.SH,时代万恒,2025,Q_G_CASH_REALIZATION,auto_confirmed,1,97.431,97.431,public-disclosure-v4,official_annual_direct_consistent
600241.SH,时代万恒,2025,Q_G_COST_REVENUE_RATE,auto_confirmed,1,101.72,101.72,public-disclosure-v4,official_annual_direct_consistent
600241.SH,时代万恒,2025,Q_G_CURRENT_ASSET_TURNOVER,auto_confirmed,1,0.45,0.45,public-disclosure-v4,official_annual_direct_consistent
600241.SH,时代万恒,2025,Q_G_DEBT_ASSET_RATE,auto_confirmed,2,10.41|10.4117,10.4117,public-disclosure-v4,consolidated_statement_year_end_derived
600241.SH,时代万恒,2025,Q_G_EBITDA_INTEREST,auto_confirmed,1,-3053.32,-3053.32,public-disclosure-v4,official_annual_direct_consistent
600241.SH,时代万恒,2025,Q_G_OPERATING_MARGIN,auto_confirmed,1,-15.8204,-15.8204,public-disclosure-v4,official_annual_direct_consistent
600241.SH,时代万恒,2025,Q_G_OPERATING_PROFIT_GROWTH,auto_confirmed,1,-420.909,-420.909,public-disclosure-v4,official_annual_direct_consistent
600241.SH,时代万恒,2025,Q_G_REVENUE_GROWTH,auto_confirmed,1,-4.3944,-4.3944,public-disclosure-v4,official_annual_direct_consistent
600241.SH,时代万恒,2025,Q_G_ROA,auto_confirmed,1,-10.0709,-10.0709,public-disclosure-v4,official_annual_direct_consistent
600241.SH,时代万恒,2025,Q_G_ROE,auto_confirmed,1,11.97,11.97,public-disclosure-v4,official_annual_direct_consistent
600241.SH,时代万恒,2025,Q_G_TWO_FUNDS_RATE,auto_confirmed,1,21.8619,21.8619,public-disclosure-v4,official_annual_direct_consistent
600241.SH,时代万恒,2025,Q_S_RD_RATE,auto_confirmed,1,4.01,4.01,public-disclosure-v4,official_annual_direct_consistent
600256.SH,广汇能源,2025,Q_G_AR_TURNOVER,auto_confirmed,1,14.1733,14.1733,public-disclosure-v4,official_annual_direct_consistent
600256.SH,广汇能源,2025,Q_G_ASSET_TURNOVER,auto_confirmed,1,0.5645,0.5645,public-disclosure-v4,official_annual_direct_consistent
600256.SH,广汇能源,2025,Q_G_CASH_CURRENT_LIABILITY,auto_confirmed,1,23.5973,23.5973,public-disclosure-v4,official_annual_direct_consistent
600256.SH,广汇能源,2025,Q_G_CASH_REALIZATION,auto_confirmed,1,100.971,100.971,public-disclosure-v4,official_annual_direct_consistent
600256.SH,广汇能源,2025,Q_G_COST_REVENUE_RATE,auto_confirmed,1,90.788,90.788,public-disclosure-v4,official_annual_direct_consistent
600256.SH,广汇能源,2025,Q_G_CURRENT_ASSET_TURNOVER,auto_confirmed,1,3.066,3.066,public-disclosure-v4,official_annual_direct_consistent
600256.SH,广汇能源,2025,Q_G_DEBT_ASSET_RATE,auto_confirmed,1,54.5599,54.5599,public-disclosure-v4,consolidated_statement_year_end_derived
600256.SH,广汇能源,2025,Q_G_EBITDA_INTEREST,auto_confirmed,1,4.3983,4.3983,public-disclosure-v4,official_annual_direct_consistent
600256.SH,广汇能源,2025,Q_G_OPERATING_MARGIN,auto_confirmed,1,8.1359,8.1359,public-disclosure-v4,official_annual_direct_consistent
600256.SH,广汇能源,2025,Q_G_ROA,auto_confirmed,1,5.412,5.412,public-disclosure-v4,official_annual_direct_consistent
600256.SH,广汇能源,2025,Q_G_ROE,auto_confirmed,1,5.09,5.09,public-disclosure-v4,official_annual_direct_consistent
600256.SH,广汇能源,2025,Q_G_TWO_FUNDS_RATE,auto_confirmed,1,50.2495,50.2495,public-disclosure-v4,official_annual_direct_consistent
600256.SH,广汇能源,2025,Q_S_DIVIDEND_PER_SHARE,auto_confirmed,1,0.063,0.063,public-disclosure-v4,official_annual_direct_consistent
600256.SH,广汇能源,2025,Q_S_RD_RATE,auto_confirmed,1,0.91,0.91,public-disclosure-v4,official_annual_direct_consistent
600268.SH,国电南自,2025,Q_G_AR_TURNOVER,auto_confirmed,1,2.0347,2.0347,public-disclosure-v4,official_annual_direct_consistent
600268.SH,国电南自,2025,Q_G_ASSET_TURNOVER,auto_confirmed,1,0.8354,0.8354,public-disclosure-v4,official_annual_direct_consistent
600268.SH,国电南自,2025,Q_G_CASH_REALIZATION,auto_confirmed,1,104.067,104.067,public-disclosure-v4,official_annual_direct_consistent
600268.SH,国电南自,2025,Q_G_COST_REVENUE_RATE,auto_confirmed,1,91.3458,91.3458,public-disclosure-v4,official_annual_direct_consistent
600268.SH,国电南自,2025,Q_G_CURRENT_ASSET_TURNOVER,auto_confirmed,1,1.019,1.019,public-disclosure-v4,official_annual_direct_consistent
600268.SH,国电南自,2025,Q_G_DEBT_ASSET_RATE,auto_confirmed,1,60.8275,60.8275,public-disclosure-v4,consolidated_statement_year_end_derived
600268.SH,国电南自,2025,Q_G_EBITDA_INTEREST,auto_confirmed,1,104.173,104.173,public-disclosure-v4,official_annual_direct_consistent
600268.SH,国电南自,2025,Q_G_OPERATING_MARGIN,auto_confirmed,1,8.5117,8.5117,public-disclosure-v4,official_annual_direct_consistent
600268.SH,国电南自,2025,Q_G_OPERATING_PROFIT_GROWTH,auto_confirmed,1,23.8962,23.8962,public-disclosure-v4,official_annual_direct_consistent
600268.SH,国电南自,2025,Q_G_REVENUE_GROWTH,auto_confirmed,1,6.8007,6.8007,public-disclosure-v4,official_annual_direct_consistent
600268.SH,国电南自,2025,Q_G_ROA,auto_confirmed,1,7.3885,7.3885,public-disclosure-v4,official_annual_direct_consistent
600268.SH,国电南自,2025,Q_G_ROE,auto_confirmed,1,13.56,13.56,public-disclosure-v4,official_annual_direct_consistent
600268.SH,国电南自,2025,Q_G_TWO_FUNDS_RATE,auto_confirmed,1,61.6092,61.6092,public-disclosure-v4,official_annual_direct_consistent
600268.SH,国电南自,2025,Q_S_DIVIDEND_PER_SHARE,auto_confirmed,1,0.2,0.2,public-disclosure-v4,official_annual_direct_consistent
600268.SH,国电南自,2025,Q_S_RD_RATE,auto_confirmed,1,7.24,7.24,public-disclosure-v4,official_annual_direct_consistent
600310.SH,广西能源,2025,Q_G_AR_TURNOVER,auto_confirmed,1,7.1922,7.1922,public-disclosure-v4,official_annual_direct_consistent
600310.SH,广西能源,2025,Q_G_ASSET_TURNOVER,auto_confirmed,1,0.2824,0.2824,public-disclosure-v4,official_annual_direct_consistent
600310.SH,广西能源,2025,Q_G_CASH_CURRENT_LIABILITY,auto_confirmed,1,21.3979,21.3979,public-disclosure-v4,official_annual_direct_consistent
600310.SH,广西能源,2025,Q_G_CASH_REALIZATION,auto_confirmed,1,121.466,121.466,public-disclosure-v4,official_annual_direct_consistent
600310.SH,广西能源,2025,Q_G_COST_REVENUE_RATE,auto_confirmed,1,98.1799,98.1799,public-disclosure-v4,official_annual_direct_consistent
600310.SH,广西能源,2025,Q_G_CURRENT_ASSET_TURNOVER,auto_confirmed,1,0.9559,0.9559,public-disclosure-v4,official_annual_direct_consistent
600310.SH,广西能源,2025,Q_G_DEBT_ASSET_RATE,auto_confirmed,1,77.8804,77.8804,public-disclosure-v4,consolidated_statement_year_end_derived
600310.SH,广西能源,2025,Q_G_EBITDA_INTEREST,auto_confirmed,1,1.0198,1.0198,public-disclosure-v4,official_annual_direct_consistent
600310.SH,广西能源,2025,Q_G_OPERATING_MARGIN,auto_confirmed,1,-1.226,-1.226,public-disclosure-v4,official_annual_direct_consistent
600310.SH,广西能源,2025,Q_G_OPERATING_PROFIT_GROWTH,auto_confirmed,1,-164.143,-164.143,public-disclosure-v4,official_annual_direct_consistent
600310.SH,广西能源,2025,Q_G_REVENUE_GROWTH,auto_confirmed,1,-5.5612,-5.5612,public-disclosure-v4,official_annual_direct_consistent
600310.SH,广西能源,2025,Q_G_ROA,auto_confirmed,1,3.3839,3.3839,public-disclosure-v4,official_annual_direct_consistent
600310.SH,广西能源,2025,Q_G_ROE,auto_confirmed,1,7.36,7.36,public-disclosure-v4,official_annual_direct_consistent
600310.SH,广西能源,2025,Q_G_TWO_FUNDS_RATE,auto_confirmed,1,14.9638,14.9638,public-disclosure-v4,official_annual_direct_consistent
600310.SH,广西能源,2025,Q_S_DIVIDEND_PER_SHARE,auto_confirmed,1,1,1,public-disclosure-v4,official_annual_direct_consistent
600310.SH,广西能源,2025,Q_S_RD_RATE,auto_confirmed,1,0.55,0.55,public-disclosure-v4,official_annual_direct_consistent
600312.SH,平高电气,2025,Q_G_AR_TURNOVER,auto_confirmed,1,1.998,1.998,public-disclosure-v4,official_annual_direct_consistent
600312.SH,平高电气,2025,Q_G_ASSET_TURNOVER,auto_confirmed,1,0.5707,0.5707,public-disclosure-v4,official_annual_direct_consistent
600312.SH,平高电气,2025,Q_G_CASH_CURRENT_LIABILITY,auto_confirmed,1,8.069,8.069,public-disclosure-v4,official_annual_direct_consistent
600312.SH,平高电气,2025,Q_G_CASH_REALIZATION,auto_confirmed,1,118.657,118.657,public-disclosure-v4,official_annual_direct_consistent
600312.SH,平高电气,2025,Q_G_COST_REVENUE_RATE,auto_confirmed,1,88.398,88.398,public-disclosure-v4,official_annual_direct_consistent
600312.SH,平高电气,2025,Q_G_CURRENT_ASSET_TURNOVER,auto_confirmed,1,0.7544,0.7544,public-disclosure-v4,official_annual_direct_consistent
600312.SH,平高电气,2025,Q_G_DEBT_ASSET_RATE,auto_confirmed,1,46.8124,46.8124,public-disclosure-v4,consolidated_statement_year_end_derived
600312.SH,平高电气,2025,Q_G_EBITDA_INTEREST,auto_confirmed,1,783.638,783.638,public-disclosure-v4,official_annual_direct_consistent
600312.SH,平高电气,2025,Q_G_OPERATING_MARGIN,auto_confirmed,1,11.4384,11.4384,public-disclosure-v4,official_annual_direct_consistent
600312.SH,平高电气,2025,Q_G_OPERATING_PROFIT_GROWTH,auto_confirmed,1,13.0954,13.0954,public-disclosure-v4,official_annual_direct_consistent
600312.SH,平高电气,2025,Q_G_REVENUE_GROWTH,auto_confirmed,1,0.9299,0.9299,public-disclosure-v4,official_annual_direct_consistent
600312.SH,平高电气,2025,Q_G_ROA,auto_confirmed,1,6.5304,6.5304,public-disclosure-v4,official_annual_direct_consistent
600312.SH,平高电气,2025,Q_G_ROE,auto_confirmed,1,10.28,10.28,public-disclosure-v4,official_annual_direct_consistent
600312.SH,平高电气,2025,Q_G_TWO_FUNDS_RATE,auto_confirmed,1,47.0703,47.0703,public-disclosure-v4,official_annual_direct_consistent
600312.SH,平高电气,2025,Q_S_DIVIDEND_PER_SHARE,auto_confirmed,1,0.331,0.331,public-disclosure-v4,official_annual_direct_consistent
600312.SH,平高电气,2025,Q_S_RD_RATE,auto_confirmed,1,4.84,4.84,public-disclosure-v4,official_annual_direct_consistent
600333.SH,长春燃气,2025,Q_G_AR_TURNOVER,auto_confirmed,1,12.1811,12.1811,public-disclosure-v4,official_annual_direct_consistent
600333.SH,长春燃气,2025,Q_G_ASSET_TURNOVER,auto_confirmed,1,0.3477,0.3477,public-disclosure-v4,official_annual_direct_consistent
600333.SH,长春燃气,2025,Q_G_CAPITAL_ACCUMULATION,auto_confirmed,1,-0.3735,-0.3735,public-disclosure-v4,official_annual_direct_consistent
600333.SH,长春燃气,2025,Q_G_CASH_CURRENT_LIABILITY,auto_confirmed,1,11.1212,11.1212,public-disclosure-v4,official_annual_direct_consistent
600333.SH,长春燃气,2025,Q_G_CASH_REALIZATION,auto_confirmed,1,97.2772,97.2772,public-disclosure-v4,official_annual_direct_consistent
600333.SH,长春燃气,2025,Q_G_COST_REVENUE_RATE,auto_confirmed,1,101.064,101.064,public-disclosure-v4,official_annual_direct_consistent
600333.SH,长春燃气,2025,Q_G_CURRENT_ASSET_TURNOVER,auto_confirmed,1,1.3975,1.3975,public-disclosure-v4,official_annual_direct_consistent
600333.SH,长春燃气,2025,Q_G_DEBT_ASSET_RATE,auto_confirmed,1,72.8266,72.8266,public-disclosure-v4,consolidated_statement_year_end_derived
600333.SH,长春燃气,2025,Q_G_EBITDA_INTEREST,auto_confirmed,1,1.3767,1.3767,public-disclosure-v4,official_annual_direct_consistent
600333.SH,长春燃气,2025,Q_G_OPERATING_MARGIN,auto_confirmed,1,0.9196,0.9196,public-disclosure-v4,official_annual_direct_consistent
600333.SH,长春燃气,2025,Q_G_OPERATING_PROFIT_GROWTH,auto_confirmed,1,-364.65,-364.65,public-disclosure-v4,official_annual_direct_consistent
600333.SH,长春燃气,2025,Q_G_REVENUE_GROWTH,auto_confirmed,1,6.8329,6.8329,public-disclosure-v4,official_annual_direct_consistent
600333.SH,长春燃气,2025,Q_G_ROA,auto_confirmed,1,1.6004,1.6004,public-disclosure-v4,official_annual_direct_consistent
600333.SH,长春燃气,2025,Q_G_ROE,auto_confirmed,1,0.46,0.46,public-disclosure-v4,official_annual_direct_consistent
600333.SH,长春燃气,2025,Q_G_TWO_FUNDS_RATE,auto_confirmed,1,35.1313,35.1313,public-disclosure-v4,official_annual_direct_consistent
600339.SH,中油工程,2025,Q_G_AR_TURNOVER,auto_confirmed,1,6.9333,6.9333,public-disclosure-v4,official_annual_direct_consistent
600339.SH,中油工程,2025,Q_G_ASSET_TURNOVER,auto_confirmed,1,1.6162,1.6162,public-disclosure-v4,official_annual_direct_consistent
600339.SH,中油工程,2025,Q_G_CASH_REALIZATION,auto_confirmed,1,122.832,122.832,public-disclosure-v4,official_annual_direct_consistent
600339.SH,中油工程,2025,Q_G_COST_REVENUE_RATE,auto_confirmed,1,98.702,98.702,public-disclosure-v4,official_annual_direct_consistent
600339.SH,中油工程,2025,Q_G_CURRENT_ASSET_TURNOVER,auto_confirmed,1,0.9282,0.9282,public-disclosure-v4,official_annual_direct_consistent
600339.SH,中油工程,2025,Q_G_DEBT_ASSET_RATE,auto_confirmed,1,78.1716,78.1716,public-disclosure-v4,consolidated_statement_year_end_derived
600339.SH,中油工程,2025,Q_G_EBITDA_INTEREST,auto_confirmed,1,4.0402,4.0402,public-disclosure-v4,official_annual_direct_consistent
600339.SH,中油工程,2025,Q_G_OPERATING_MARGIN,auto_confirmed,1,1.0719,1.0719,public-disclosure-v4,official_annual_direct_consistent
600339.SH,中油工程,2025,Q_G_OPERATING_PROFIT_GROWTH,auto_confirmed,1,-19.4272,-19.4272,public-disclosure-v4,official_annual_direct_consistent
600339.SH,中油工程,2025,Q_G_REVENUE_GROWTH,auto_confirmed,1,15.9844,15.9844,public-disclosure-v4,official_annual_direct_consistent
600339.SH,中油工程,2025,Q_G_ROA,auto_confirmed,1,2.3271,2.3271,public-disclosure-v4,official_annual_direct_consistent
600339.SH,中油工程,2025,Q_G_ROE,auto_confirmed,1,1.34,1.34,public-disclosure-v4,official_annual_direct_consistent
600339.SH,中油工程,2025,Q_G_TWO_FUNDS_RATE,auto_confirmed,1,30.9479,30.9479,public-disclosure-v4,official_annual_direct_consistent
600339.SH,中油工程,2025,Q_S_DIVIDEND_PER_SHARE,auto_confirmed,1,0.026,0.026,public-disclosure-v4,official_annual_direct_consistent
600339.SH,中油工程,2025,Q_S_RD_RATE,auto_confirmed,2,2.52,2.52,public-disclosure-v4,official_annual_direct_consistent
600346.SH,恒力石化,2025,Q_E_HAZ_WASTE_INTENSITY,auto_confirmed,2,7.7,7.7,public-disclosure-v4,strict_extraction_evidence_consistent
600346.SH,恒力石化,2025,Q_E_WASTEWATER_INTENSITY,auto_confirmed,2,1418.3,1418.3,public-disclosure-v4,strict_extraction_evidence_consistent
600346.SH,恒力石化,2025,Q_G_DEBT_ASSET_RATE,auto_confirmed,1,74.5323,74.5323,public-disclosure-v4,official_annual_direct_consistent
600346.SH,恒力石化,2025,Q_G_QUICK_RATIO,auto_confirmed,1,37.1509,37.1509,public-disclosure-v4,strict_extraction_evidence_consistent
600346.SH,恒力石化,2025,Q_G_TWO_FUNDS_RATE,auto_confirmed,1,34.2189,34.2189,public-disclosure-v4,official_annual_direct_consistent
600379.SH,宝光股份,2025,Q_G_AR_TURNOVER,auto_confirmed,1,3.4188,3.4188,public-disclosure-v4,official_annual_direct_consistent
600379.SH,宝光股份,2025,Q_G_ASSET_TURNOVER,auto_confirmed,1,0.6452,0.6452,public-disclosure-v4,official_annual_direct_consistent
600379.SH,宝光股份,2025,Q_G_CAPITAL_ACCUMULATION,auto_confirmed,1,7.2872,7.2872,public-disclosure-v4,official_annual_direct_consistent
600379.SH,宝光股份,2025,Q_G_CASH_CURRENT_LIABILITY,auto_confirmed,1,-1.9582,-1.9582,public-disclosure-v4,official_annual_direct_consistent
600379.SH,宝光股份,2025,Q_G_CASH_REALIZATION,auto_confirmed,1,99.4518,99.4518,public-disclosure-v4,official_annual_direct_consistent
600379.SH,宝光股份,2025,Q_G_COST_REVENUE_RATE,auto_confirmed,1,95.9703,95.9703,public-disclosure-v4,official_annual_direct_consistent
600379.SH,宝光股份,2025,Q_G_CURRENT_ASSET_TURNOVER,auto_confirmed,1,0.8193,0.8193,public-disclosure-v4,official_annual_direct_consistent
600379.SH,宝光股份,2025,Q_G_DEBT_ASSET_RATE,auto_confirmed,2,60.9176|60.92,60.9176,public-disclosure-v4,consolidated_statement_year_end_derived
600379.SH,宝光股份,2025,Q_G_EBITDA_INTEREST,auto_confirmed,1,18.7192,18.7192,public-disclosure-v4,official_annual_direct_consistent
600379.SH,宝光股份,2025,Q_G_OPERATING_MARGIN,auto_confirmed,1,4.3337,4.3337,public-disclosure-v4,official_annual_direct_consistent
600379.SH,宝光股份,2025,Q_G_OPERATING_PROFIT_GROWTH,auto_confirmed,1,-47.2401,-47.2401,public-disclosure-v4,official_annual_direct_consistent
600379.SH,宝光股份,2025,Q_G_REVENUE_GROWTH,auto_confirmed,1,-13.8757,-13.8757,public-disclosure-v4,official_annual_direct_consistent
600379.SH,宝光股份,2025,Q_G_ROA,auto_confirmed,1,2.9297,2.9297,public-disclosure-v4,official_annual_direct_consistent
600379.SH,宝光股份,2025,Q_G_ROE,manual_required,2,6.7|6.7057,,public-disclosure-v4,conflicting_or_ineligible_sources
600379.SH,宝光股份,2025,Q_G_TWO_FUNDS_RATE,auto_confirmed,1,44.6148,44.6148,public-disclosure-v4,official_annual_direct_consistent
600379.SH,宝光股份,2025,Q_S_DIVIDEND_PER_SHARE,auto_confirmed,1,0.0622,0.0622,public-disclosure-v4,official_annual_direct_consistent
600379.SH,宝光股份,2025,Q_S_RD_RATE,auto_confirmed,1,3.95,3.95,public-disclosure-v4,official_annual_direct_consistent
600395.SH,盘江股份,2025,Q_G_AR_TURNOVER,auto_confirmed,1,9.4983,9.4983,public-disclosure-v4,official_annual_direct_consistent
600395.SH,盘江股份,2025,Q_G_ASSET_TURNOVER,auto_confirmed,1,0.215,0.215,public-disclosure-v4,official_annual_direct_consistent
600395.SH,盘江股份,2025,Q_G_CAPITAL_ACCUMULATION,auto_confirmed,1,2.0336,2.0336,public-disclosure-v4,official_annual_direct_consistent
600395.SH,盘江股份,2025,Q_G_CASH_CURRENT_LIABILITY,auto_confirmed,1,6.1144,6.1144,public-disclosure-v4,official_annual_direct_consistent
600395.SH,盘江股份,2025,Q_G_CASH_REALIZATION,auto_confirmed,1,103.025,103.025,public-disclosure-v4,official_annual_direct_consistent
600395.SH,盘江股份,2025,Q_G_COST_REVENUE_RATE,auto_confirmed,1,96.2564,96.2564,public-disclosure-v4,official_annual_direct_consistent
600395.SH,盘江股份,2025,Q_G_CURRENT_ASSET_TURNOVER,auto_confirmed,1,1.5006,1.5006,public-disclosure-v4,official_annual_direct_consistent
600395.SH,盘江股份,2025,Q_G_DEBT_ASSET_RATE,auto_confirmed,1,75.2516,75.2516,public-disclosure-v4,consolidated_statement_year_end_derived
600395.SH,盘江股份,2025,Q_G_EBITDA_INTEREST,auto_confirmed,1,1.7425,1.7425,public-disclosure-v4,official_annual_direct_consistent
600395.SH,盘江股份,2025,Q_G_OPERATING_MARGIN,auto_confirmed,1,4.5881,4.5881,public-disclosure-v4,official_annual_direct_consistent
600395.SH,盘江股份,2025,Q_G_OPERATING_PROFIT_GROWTH,auto_confirmed,1,306.432,306.432,public-disclosure-v4,official_annual_direct_consistent
600395.SH,盘江股份,2025,Q_G_REVENUE_GROWTH,auto_confirmed,1,9.6833,9.6833,public-disclosure-v4,official_annual_direct_consistent
600395.SH,盘江股份,2025,Q_G_ROA,auto_confirmed,1,2.1928,2.1928,public-disclosure-v4,official_annual_direct_consistent
600395.SH,盘江股份,2025,Q_G_ROE,auto_confirmed,1,3.13,3.13,public-disclosure-v4,official_annual_direct_consistent
600395.SH,盘江股份,2025,Q_G_TWO_FUNDS_RATE,auto_confirmed,1,27.6719,27.6719,public-disclosure-v4,official_annual_direct_consistent
600395.SH,盘江股份,2025,Q_S_DIVIDEND_PER_SHARE,auto_confirmed,1,0.06,0.06,public-disclosure-v4,official_annual_direct_consistent
600395.SH,盘江股份,2025,Q_S_RD_RATE,auto_confirmed,1,3.05,3.05,public-disclosure-v4,official_annual_direct_consistent
600396.SH,华电辽能,2025,Q_G_AR_TURNOVER,auto_confirmed,1,3.4626,3.4626,public-disclosure-v4,official_annual_direct_consistent
600396.SH,华电辽能,2025,Q_G_ASSET_TURNOVER,auto_confirmed,1,0.4738,0.4738,public-disclosure-v4,official_annual_direct_consistent
600396.SH,华电辽能,2025,Q_G_CASH_CURRENT_LIABILITY,auto_confirmed,1,20.6325,20.6325,public-disclosure-v4,official_annual_direct_consistent
600396.SH,华电辽能,2025,Q_G_CASH_REALIZATION,auto_confirmed,1,108.334,108.334,public-disclosure-v4,official_annual_direct_consistent
600396.SH,华电辽能,2025,Q_G_COST_REVENUE_RATE,auto_confirmed,1,90.1533,90.1533,public-disclosure-v4,official_annual_direct_consistent
600396.SH,华电辽能,2025,Q_G_CURRENT_ASSET_TURNOVER,auto_confirmed,1,2.0483,2.0483,public-disclosure-v4,official_annual_direct_consistent
600396.SH,华电辽能,2025,Q_G_DEBT_ASSET_RATE,auto_confirmed,1,70.8989,70.8989,public-disclosure-v4,consolidated_statement_year_end_derived
600396.SH,华电辽能,2025,Q_G_EBITDA_INTEREST,auto_confirmed,1,2.3961,2.3961,public-disclosure-v4,official_annual_direct_consistent
600396.SH,华电辽能,2025,Q_G_OPERATING_MARGIN,auto_confirmed,1,7.4332,7.4332,public-disclosure-v4,official_annual_direct_consistent
600396.SH,华电辽能,2025,Q_G_OPERATING_PROFIT_GROWTH,auto_confirmed,1,559.649,559.649,public-disclosure-v4,official_annual_direct_consistent
600396.SH,华电辽能,2025,Q_G_REVENUE_GROWTH,auto_confirmed,1,-2.2955,-2.2955,public-disclosure-v4,official_annual_direct_consistent
600396.SH,华电辽能,2025,Q_G_ROA,auto_confirmed,1,5.7151,5.7151,public-disclosure-v4,official_annual_direct_consistent
600396.SH,华电辽能,2025,Q_G_ROE,auto_confirmed,1,2.11,2.11,public-disclosure-v4,official_annual_direct_consistent
600396.SH,华电辽能,2025,Q_G_TWO_FUNDS_RATE,auto_confirmed,1,67.9014,67.9014,public-disclosure-v4,official_annual_direct_consistent
600397.SH,江钨装备,2025,Q_G_AR_TURNOVER,auto_confirmed,1,9.8381,9.8381,public-disclosure-v4,official_annual_direct_consistent
600397.SH,江钨装备,2025,Q_G_ASSET_TURNOVER,auto_confirmed,1,0.6882,0.6882,public-disclosure-v4,official_annual_direct_consistent
600397.SH,江钨装备,2025,Q_G_CAPITAL_ACCUMULATION,auto_confirmed,1,-29.7367,-29.7367,public-disclosure-v4,official_annual_direct_consistent
600397.SH,江钨装备,2025,Q_G_CASH_CURRENT_LIABILITY,auto_confirmed,1,-21.0628,-21.0628,public-disclosure-v4,official_annual_direct_consistent
600397.SH,江钨装备,2025,Q_G_CASH_REALIZATION,auto_confirmed,1,163.839,163.839,public-disclosure-v4,official_annual_direct_consistent
600397.SH,江钨装备,2025,Q_G_COST_REVENUE_RATE,auto_confirmed,1,110.445,110.445,public-disclosure-v4,official_annual_direct_consistent
600397.SH,江钨装备,2025,Q_G_CURRENT_ASSET_TURNOVER,auto_confirmed,1,1.8379,1.8379,public-disclosure-v4,official_annual_direct_consistent
600397.SH,江钨装备,2025,Q_G_DEBT_ASSET_RATE,auto_confirmed,1,53.2867,53.2867,public-disclosure-v4,consolidated_statement_year_end_derived
600397.SH,江钨装备,2025,Q_G_REVENUE_GROWTH,auto_confirmed,1,-56.2614,-56.2614,public-disclosure-v4,official_annual_direct_consistent
600397.SH,江钨装备,2025,Q_G_ROE,auto_confirmed,1,88.26,88.26,public-disclosure-v4,official_annual_direct_consistent
600397.SH,江钨装备,2025,Q_G_TWO_FUNDS_RATE,auto_confirmed,1,72.3704,72.3704,public-disclosure-v4,official_annual_direct_consistent
600397.SH,江钨装备,2025,Q_S_RD_RATE,auto_confirmed,1,0.53,0.53,public-disclosure-v4,official_annual_direct_consistent
600405.SH,动力源,2025,Q_G_AR_TURNOVER,auto_confirmed,1,1.0482,1.0482,public-disclosure-v4,official_annual_direct_consistent
600405.SH,动力源,2025,Q_G_ASSET_TURNOVER,auto_confirmed,1,0.2744,0.2744,public-disclosure-v4,official_annual_direct_consistent
600405.SH,动力源,2025,Q_G_CASH_CURRENT_LIABILITY,auto_confirmed,1,-35.6406,-35.6406,public-disclosure-v4,official_annual_direct_consistent
600405.SH,动力源,2025,Q_G_CASH_REALIZATION,auto_confirmed,1,89.2346,89.2346,public-disclosure-v4,official_annual_direct_consistent
600405.SH,动力源,2025,Q_G_COST_REVENUE_RATE,auto_confirmed,1,154.363,154.363,public-disclosure-v4,official_annual_direct_consistent
600405.SH,动力源,2025,Q_G_CURRENT_ASSET_TURNOVER,auto_confirmed,1,0.4902,0.4902,public-disclosure-v4,official_annual_direct_consistent
600405.SH,动力源,2025,Q_G_DEBT_ASSET_RATE,auto_confirmed,2,95.9068|95.91,95.9068,public-disclosure-v4,consolidated_statement_year_end_derived
600405.SH,动力源,2025,Q_G_EBITDA_INTEREST,auto_confirmed,1,-5.9453,-5.9453,public-disclosure-v4,official_annual_direct_consistent
600405.SH,动力源,2025,Q_G_OPERATING_MARGIN,auto_confirmed,1,-77.0531,-77.0531,public-disclosure-v4,official_annual_direct_consistent
600405.SH,动力源,2025,Q_G_REVENUE_GROWTH,auto_confirmed,1,-26.2315,-26.2315,public-disclosure-v4,official_annual_direct_consistent
600405.SH,动力源,2025,Q_G_ROA,auto_confirmed,1,-18.1751,-18.1751,public-disclosure-v4,official_annual_direct_consistent
600405.SH,动力源,2025,Q_G_TWO_FUNDS_RATE,auto_confirmed,1,74.6644,74.6644,public-disclosure-v4,official_annual_direct_consistent
600405.SH,动力源,2025,Q_S_RD_RATE,auto_confirmed,1,14.36,14.36,public-disclosure-v4,official_annual_direct_consistent
600406.SH,国电南瑞,2025,Q_G_AR_TURNOVER,auto_confirmed,1,3.8377,3.8377,public-disclosure-v4,official_annual_direct_consistent
600406.SH,国电南瑞,2025,Q_G_ASSET_TURNOVER,auto_confirmed,1,1.3365,1.3365,public-disclosure-v4,official_annual_direct_consistent
600406.SH,国电南瑞,2025,Q_G_CASH_CURRENT_LIABILITY,auto_confirmed,1,30.8836,30.8836,public-disclosure-v4,official_annual_direct_consistent
600406.SH,国电南瑞,2025,Q_G_CASH_REALIZATION,auto_confirmed,1,111.244,111.244,public-disclosure-v4,official_annual_direct_consistent
600406.SH,国电南瑞,2025,Q_G_COST_REVENUE_RATE,auto_confirmed,1,86.0421,86.0421,public-disclosure-v4,official_annual_direct_consistent
600406.SH,国电南瑞,2025,Q_G_CURRENT_ASSET_TURNOVER,auto_confirmed,1,1.4562,1.4562,public-disclosure-v4,official_annual_direct_consistent
600406.SH,国电南瑞,2025,Q_G_DEBT_ASSET_RATE,auto_confirmed,1,42.7306,42.7306,public-disclosure-v4,consolidated_statement_year_end_derived
600406.SH,国电南瑞,2025,Q_G_EBITDA_INTEREST,auto_confirmed,1,491.888,491.888,public-disclosure-v4,official_annual_direct_consistent
600406.SH,国电南瑞,2025,Q_G_OPERATING_MARGIN,auto_confirmed,1,14.8112,14.8112,public-disclosure-v4,official_annual_direct_consistent
600406.SH,国电南瑞,2025,Q_G_REVENUE_GROWTH,auto_confirmed,1,14.5252,14.5252,public-disclosure-v4,official_annual_direct_consistent
600406.SH,国电南瑞,2025,Q_G_ROA,auto_confirmed,1,19.8552,19.8552,public-disclosure-v4,official_annual_direct_consistent
600406.SH,国电南瑞,2025,Q_G_ROE,auto_confirmed,1,16.26,16.26,public-disclosure-v4,official_annual_direct_consistent
600406.SH,国电南瑞,2025,Q_G_TWO_FUNDS_RATE,auto_confirmed,1,54.0805,54.0805,public-disclosure-v4,official_annual_direct_consistent
600406.SH,国电南瑞,2025,Q_S_DIVIDEND_PER_SHARE,auto_confirmed,1,0.622,0.622,public-disclosure-v4,official_annual_direct_consistent
600406.SH,国电南瑞,2025,Q_S_RD_RATE,auto_confirmed,1,7.16,7.16,public-disclosure-v4,official_annual_direct_consistent
600416.SH,湘电股份,2025,Q_G_AR_TURNOVER,auto_confirmed,1,1.376,1.376,public-disclosure-v4,official_annual_direct_consistent
600416.SH,湘电股份,2025,Q_G_ASSET_TURNOVER,auto_confirmed,1,0.302,0.302,public-disclosure-v4,official_annual_direct_consistent
600416.SH,湘电股份,2025,Q_G_CASH_CURRENT_LIABILITY,auto_confirmed,1,10.6784,10.6784,public-disclosure-v4,official_annual_direct_consistent
600416.SH,湘电股份,2025,Q_G_CASH_REALIZATION,auto_confirmed,1,100.49,100.49,public-disclosure-v4,official_annual_direct_consistent
600416.SH,湘电股份,2025,Q_G_COST_REVENUE_RATE,auto_confirmed,1,100.339,100.339,public-disclosure-v4,official_annual_direct_consistent
600416.SH,湘电股份,2025,Q_G_CURRENT_ASSET_TURNOVER,auto_confirmed,1,0.4339,0.4339,public-disclosure-v4,official_annual_direct_consistent
600416.SH,湘电股份,2025,Q_G_DEBT_ASSET_RATE,auto_confirmed,2,43.183|51.04,43.183,public-disclosure-v4,consolidated_statement_year_end_derived
600416.SH,湘电股份,2025,Q_G_EBITDA_INTEREST,auto_confirmed,1,6.3712,6.3712,public-disclosure-v4,official_annual_direct_consistent
600416.SH,湘电股份,2025,Q_G_OPERATING_MARGIN,auto_confirmed,1,5.0553,5.0553,public-disclosure-v4,official_annual_direct_consistent
600416.SH,湘电股份,2025,Q_G_OPERATING_PROFIT_GROWTH,auto_confirmed,1,-8.84,-8.84,public-disclosure-v4,official_annual_direct_consistent
600416.SH,湘电股份,2025,Q_G_REVENUE_GROWTH,auto_confirmed,1,3.972,3.972,public-disclosure-v4,official_annual_direct_consistent
600416.SH,湘电股份,2025,Q_G_ROA,auto_confirmed,1,1.7975,1.7975,public-disclosure-v4,official_annual_direct_consistent
600416.SH,湘电股份,2025,Q_G_ROE,auto_confirmed,1,2.78,2.78,public-disclosure-v4,official_annual_direct_consistent
600416.SH,湘电股份,2025,Q_G_TWO_FUNDS_RATE,auto_confirmed,1,54.6681,54.6681,public-disclosure-v4,official_annual_direct_consistent
600416.SH,湘电股份,2025,Q_S_RD_RATE,auto_confirmed,1,9.24,9.24,public-disclosure-v4,official_annual_direct_consistent
600438.SH,通威股份,2025,Q_E_ALTERNATIVE_WATER_RATE,manual_required,1,98,,public-disclosure-v4,indicator_not_auto_eligible
600438.SH,通威股份,2025,Q_G_DEBT_ASSET_RATE,auto_confirmed,1,72.6338,72.6338,public-disclosure-v4,official_annual_direct_consistent
600438.SH,通威股份,2025,Q_G_QUICK_RATIO,auto_confirmed,1,92.0951,92.0951,public-disclosure-v4,strict_extraction_evidence_consistent
600438.SH,通威股份,2025,Q_G_TWO_FUNDS_RATE,auto_confirmed,1,32.8271,32.8271,public-disclosure-v4,official_annual_direct_consistent
600452.SH,涪陵电力,2025,Q_G_REVENUE_GROWTH,auto_confirmed,1,-3.863,-3.863,public-disclosure-v4,official_annual_direct_consistent
600452.SH,涪陵电力,2025,Q_G_ROE,auto_confirmed,1,7.23,7.23,public-disclosure-v4,official_annual_direct_consistent
600452.SH,涪陵电力,2025,Q_S_DIVIDEND_PER_SHARE,auto_confirmed,1,0.103,0.103,public-disclosure-v4,official_annual_direct_consistent
600458.SH,时代新材,2025,Q_G_AR_TURNOVER,auto_confirmed,1,4.3988,4.3988,public-disclosure-v4,official_annual_direct_consistent
600458.SH,时代新材,2025,Q_G_ASSET_TURNOVER,auto_confirmed,1,0.947,0.947,public-disclosure-v4,official_annual_direct_consistent
600458.SH,时代新材,2025,Q_G_CASH_CURRENT_LIABILITY,auto_confirmed,1,16.0644,16.0644,public-disclosure-v4,official_annual_direct_consistent
600458.SH,时代新材,2025,Q_G_CASH_REALIZATION,auto_confirmed,1,93.1545,93.1545,public-disclosure-v4,official_annual_direct_consistent
600458.SH,时代新材,2025,Q_G_COST_REVENUE_RATE,auto_confirmed,1,97.9646,97.9646,public-disclosure-v4,official_annual_direct_consistent
600458.SH,时代新材,2025,Q_G_CURRENT_ASSET_TURNOVER,auto_confirmed,1,1.4441,1.4441,public-disclosure-v4,official_annual_direct_consistent
600458.SH,时代新材,2025,Q_G_DEBT_ASSET_RATE,auto_confirmed,1,64.6703,64.6703,public-disclosure-v4,consolidated_statement_year_end_derived
600458.SH,时代新材,2025,Q_G_EBITDA_INTEREST,auto_confirmed,1,7.1907,7.1907,public-disclosure-v4,official_annual_direct_consistent
600458.SH,时代新材,2025,Q_G_OPERATING_MARGIN,auto_confirmed,1,2.9426,2.9426,public-disclosure-v4,official_annual_direct_consistent
600458.SH,时代新材,2025,Q_G_OPERATING_PROFIT_GROWTH,auto_confirmed,1,21.0657,21.0657,public-disclosure-v4,official_annual_direct_consistent
600458.SH,时代新材,2025,Q_G_REVENUE_GROWTH,auto_confirmed,1,7.0583,7.0583,public-disclosure-v4,official_annual_direct_consistent
600458.SH,时代新材,2025,Q_G_ROA,auto_confirmed,1,3.2585,3.2585,public-disclosure-v4,official_annual_direct_consistent
600458.SH,时代新材,2025,Q_G_ROE,auto_confirmed,1,7.34,7.34,public-disclosure-v4,official_annual_direct_consistent
600458.SH,时代新材,2025,Q_G_TWO_FUNDS_RATE,auto_confirmed,1,48.3442,48.3442,public-disclosure-v4,official_annual_direct_consistent
600458.SH,时代新材,2025,Q_S_DIVIDEND_PER_SHARE,auto_confirmed,1,0.162,0.162,public-disclosure-v4,official_annual_direct_consistent
600458.SH,时代新材,2025,Q_S_RD_RATE,auto_confirmed,1,5.28,5.28,public-disclosure-v4,official_annual_direct_consistent
600468.SH,百利电气,2025,Q_G_AR_TURNOVER,auto_confirmed,1,2.3855,2.3855,public-disclosure-v4,official_annual_direct_consistent
600468.SH,百利电气,2025,Q_G_ASSET_TURNOVER,auto_confirmed,1,0.5694,0.5694,public-disclosure-v4,official_annual_direct_consistent
600468.SH,百利电气,2025,Q_G_CAPITAL_ACCUMULATION,auto_confirmed,1,4.6285,4.6285,public-disclosure-v4,official_annual_direct_consistent
600468.SH,百利电气,2025,Q_G_CASH_CURRENT_LIABILITY,auto_confirmed,1,13.6077,13.6077,public-disclosure-v4,official_annual_direct_consistent
600468.SH,百利电气,2025,Q_G_CASH_REALIZATION,auto_confirmed,1,98.23,98.23,public-disclosure-v4,official_annual_direct_consistent
600468.SH,百利电气,2025,Q_G_COST_REVENUE_RATE,auto_confirmed,1,97.9341,97.9341,public-disclosure-v4,official_annual_direct_consistent
600468.SH,百利电气,2025,Q_G_CURRENT_ASSET_TURNOVER,auto_confirmed,1,0.8052,0.8052,public-disclosure-v4,official_annual_direct_consistent
600468.SH,百利电气,2025,Q_G_DEBT_ASSET_RATE,auto_confirmed,2,45.1906|53.78,45.1906,public-disclosure-v4,consolidated_statement_year_end_derived
600468.SH,百利电气,2025,Q_G_EBITDA_INTEREST,auto_confirmed,1,8.2354,8.2354,public-disclosure-v4,official_annual_direct_consistent
600468.SH,百利电气,2025,Q_G_OPERATING_MARGIN,auto_confirmed,1,4.596,4.596,public-disclosure-v4,official_annual_direct_consistent
600468.SH,百利电气,2025,Q_G_OPERATING_PROFIT_GROWTH,auto_confirmed,1,-214.704,-214.704,public-disclosure-v4,official_annual_direct_consistent
600468.SH,百利电气,2025,Q_G_REVENUE_GROWTH,auto_confirmed,1,12.9735,12.9735,public-disclosure-v4,official_annual_direct_consistent
600468.SH,百利电气,2025,Q_G_ROA,auto_confirmed,1,3.037,3.037,public-disclosure-v4,official_annual_direct_consistent
600468.SH,百利电气,2025,Q_G_ROE,auto_confirmed,1,4.51,4.51,public-disclosure-v4,official_annual_direct_consistent
600468.SH,百利电气,2025,Q_G_TWO_FUNDS_RATE,auto_confirmed,1,51.3638,51.3638,public-disclosure-v4,official_annual_direct_consistent
600468.SH,百利电气,2025,Q_S_DIVIDEND_PER_SHARE,auto_confirmed,1,0.025,0.025,public-disclosure-v4,official_annual_direct_consistent
600468.SH,百利电气,2025,Q_S_RD_RATE,auto_confirmed,1,4.64,4.64,public-disclosure-v4,official_annual_direct_consistent
600475.SH,华光环能,2025,Q_G_AR_TURNOVER,auto_confirmed,1,3.6407,3.6407,public-disclosure-v4,official_annual_direct_consistent
600475.SH,华光环能,2025,Q_G_ASSET_TURNOVER,auto_confirmed,1,0.3409,0.3409,public-disclosure-v4,official_annual_direct_consistent
600475.SH,华光环能,2025,Q_G_CASH_REALIZATION,auto_confirmed,1,102.483,102.483,public-disclosure-v4,official_annual_direct_consistent
600475.SH,华光环能,2025,Q_G_COST_REVENUE_RATE,auto_confirmed,1,94.7371,94.7371,public-disclosure-v4,official_annual_direct_consistent
600475.SH,华光环能,2025,Q_G_CURRENT_ASSET_TURNOVER,auto_confirmed,1,0.8765,0.8765,public-disclosure-v4,official_annual_direct_consistent
600475.SH,华光环能,2025,Q_G_DEBT_ASSET_RATE,auto_confirmed,1,61.3821,61.3821,public-disclosure-v4,consolidated_statement_year_end_derived
600475.SH,华光环能,2025,Q_G_EBITDA_INTEREST,auto_confirmed,1,4.3203,4.3203,public-disclosure-v4,official_annual_direct_consistent
600475.SH,华光环能,2025,Q_G_OPERATING_MARGIN,auto_confirmed,1,7.7981,7.7981,public-disclosure-v4,official_annual_direct_consistent
600475.SH,华光环能,2025,Q_G_OPERATING_PROFIT_GROWTH,auto_confirmed,1,-34.1836,-34.1836,public-disclosure-v4,official_annual_direct_consistent
600475.SH,华光环能,2025,Q_G_REVENUE_GROWTH,auto_confirmed,1,0.28,0.28,public-disclosure-v4,official_annual_direct_consistent
600475.SH,华光环能,2025,Q_G_ROA,auto_confirmed,1,3.5505,3.5505,public-disclosure-v4,official_annual_direct_consistent
600475.SH,华光环能,2025,Q_G_ROE,auto_confirmed,1,4.46,4.46,public-disclosure-v4,official_annual_direct_consistent
600475.SH,华光环能,2025,Q_G_TWO_FUNDS_RATE,auto_confirmed,1,32.8054,32.8054,public-disclosure-v4,official_annual_direct_consistent
600475.SH,华光环能,2025,Q_S_DIVIDEND_PER_SHARE,auto_confirmed,1,0.35,0.35,public-disclosure-v4,official_annual_direct_consistent
600475.SH,华光环能,2025,Q_S_RD_RATE,auto_confirmed,1,1.91,1.91,public-disclosure-v4,official_annual_direct_consistent
600478.SH,科力远,2025,Q_G_DEBT_ASSET_RATE,auto_confirmed,2,72.8164|72.82,72.8164,public-disclosure-v4,consolidated_statement_year_end_derived
600478.SH,科力远,2025,Q_G_ROE,auto_confirmed,1,4.97,4.97,public-disclosure-v4,official_annual_direct_consistent
600478.SH,科力远,2025,Q_G_TWO_FUNDS_RATE,auto_confirmed,1,30.5551,30.5551,public-disclosure-v4,official_annual_direct_consistent
600478.SH,科力远,2025,Q_S_RD_RATE,auto_confirmed,1,1.57,1.57,public-disclosure-v4,official_annual_direct_consistent
600481.SH,双良节能,2025,Q_G_AR_TURNOVER,auto_confirmed,1,3.752,3.752,public-disclosure-v4,official_annual_direct_consistent
600481.SH,双良节能,2025,Q_G_ASSET_TURNOVER,auto_confirmed,1,0.2903,0.2903,public-disclosure-v4,official_annual_direct_consistent
600481.SH,双良节能,2025,Q_G_CASH_CURRENT_LIABILITY,auto_confirmed,1,12.2617,12.2617,public-disclosure-v4,official_annual_direct_consistent
600481.SH,双良节能,2025,Q_G_CASH_REALIZATION,auto_confirmed,1,108.294,108.294,public-disclosure-v4,official_annual_direct_consistent
600481.SH,双良节能,2025,Q_G_COST_REVENUE_RATE,auto_confirmed,1,112.795,112.795,public-disclosure-v4,official_annual_direct_consistent
600481.SH,双良节能,2025,Q_G_CURRENT_ASSET_TURNOVER,auto_confirmed,1,0.7128,0.7128,public-disclosure-v4,official_annual_direct_consistent
600481.SH,双良节能,2025,Q_G_DEBT_ASSET_RATE,auto_confirmed,1,85.0142,85.0142,public-disclosure-v4,consolidated_statement_year_end_derived
600481.SH,双良节能,2025,Q_G_EBITDA_INTEREST,auto_confirmed,1,-1.7667,-1.7667,public-disclosure-v4,official_annual_direct_consistent
600481.SH,双良节能,2025,Q_G_OPERATING_MARGIN,auto_confirmed,1,-16.6508,-16.6508,public-disclosure-v4,official_annual_direct_consistent
600481.SH,双良节能,2025,Q_G_REVENUE_GROWTH,auto_confirmed,1,-41.9763,-41.9763,public-disclosure-v4,official_annual_direct_consistent
600481.SH,双良节能,2025,Q_G_ROA,auto_confirmed,1,-3.098,-3.098,public-disclosure-v4,official_annual_direct_consistent
600481.SH,双良节能,2025,Q_G_ROE,auto_confirmed,1,26.47,26.47,public-disclosure-v4,official_annual_direct_consistent
600481.SH,双良节能,2025,Q_G_TWO_FUNDS_RATE,auto_confirmed,1,33.2266,33.2266,public-disclosure-v4,official_annual_direct_consistent
600481.SH,双良节能,2025,Q_S_RD_RATE,auto_confirmed,1,3.2,3.2,public-disclosure-v4,official_annual_direct_consistent
600482.SH,中国动力,2025,Q_G_AR_TURNOVER,auto_confirmed,1,4.299,4.299,public-disclosure-v4,official_annual_direct_consistent
600482.SH,中国动力,2025,Q_G_ASSET_TURNOVER,auto_confirmed,1,0.5121,0.5121,public-disclosure-v4,official_annual_direct_consistent
600482.SH,中国动力,2025,Q_G_CASH_CURRENT_LIABILITY,auto_confirmed,1,22.6701,22.6701,public-disclosure-v4,official_annual_direct_consistent
600482.SH,中国动力,2025,Q_G_CASH_REALIZATION,auto_confirmed,1,118.056,118.056,public-disclosure-v4,official_annual_direct_consistent
600482.SH,中国动力,2025,Q_G_COST_REVENUE_RATE,auto_confirmed,1,94.1017,94.1017,public-disclosure-v4,official_annual_direct_consistent
600482.SH,中国动力,2025,Q_G_CURRENT_ASSET_TURNOVER,auto_confirmed,1,0.6685,0.6685,public-disclosure-v4,official_annual_direct_consistent
600482.SH,中国动力,2025,Q_G_DEBT_ASSET_RATE,auto_confirmed,1,54.0553,54.0553,public-disclosure-v4,consolidated_statement_year_end_derived
600482.SH,中国动力,2025,Q_G_EBITDA_INTEREST,auto_confirmed,1,26.5243,26.5243,public-disclosure-v4,official_annual_direct_consistent
600482.SH,中国动力,2025,Q_G_OPERATING_MARGIN,auto_confirmed,1,6.7052,6.7052,public-disclosure-v4,official_annual_direct_consistent
600482.SH,中国动力,2025,Q_G_OPERATING_PROFIT_GROWTH,auto_confirmed,1,40.8209,40.8209,public-disclosure-v4,official_annual_direct_consistent
600482.SH,中国动力,2025,Q_G_REVENUE_GROWTH,auto_confirmed,1,11.8061,11.8061,public-disclosure-v4,official_annual_direct_consistent
600482.SH,中国动力,2025,Q_G_ROA,auto_confirmed,1,3.6463,3.6463,public-disclosure-v4,official_annual_direct_consistent
600482.SH,中国动力,2025,Q_G_ROE,auto_confirmed,1,3.28,3.28,public-disclosure-v4,official_annual_direct_consistent
600482.SH,中国动力,2025,Q_G_TWO_FUNDS_RATE,auto_confirmed,1,30.8033,30.8033,public-disclosure-v4,official_annual_direct_consistent
600482.SH,中国动力,2025,Q_S_DIVIDEND_PER_SHARE,auto_confirmed,1,0.2844,0.2844,public-disclosure-v4,official_annual_direct_consistent
600482.SH,中国动力,2025,Q_S_RD_RATE,auto_confirmed,1,5.35,5.35,public-disclosure-v4,official_annual_direct_consistent
600483.SH,福能股份,2025,Q_G_AR_TURNOVER,auto_confirmed,1,2.5259,2.5259,public-disclosure-v4,official_annual_direct_consistent
600483.SH,福能股份,2025,Q_G_ASSET_TURNOVER,auto_confirmed,1,0.4621,0.4621,public-disclosure-v4,official_annual_direct_consistent
600483.SH,福能股份,2025,Q_G_CASH_CURRENT_LIABILITY,auto_confirmed,1,92.2114,92.2114,public-disclosure-v4,official_annual_direct_consistent
600483.SH,福能股份,2025,Q_G_CASH_REALIZATION,auto_confirmed,1,116.81,116.81,public-disclosure-v4,official_annual_direct_consistent
600483.SH,福能股份,2025,Q_G_COST_REVENUE_RATE,auto_confirmed,1,78.7448,78.7448,public-disclosure-v4,official_annual_direct_consistent
600483.SH,福能股份,2025,Q_G_CURRENT_ASSET_TURNOVER,auto_confirmed,1,0.9919,0.9919,public-disclosure-v4,official_annual_direct_consistent
600483.SH,福能股份,2025,Q_G_DEBT_ASSET_RATE,auto_confirmed,2,41.8152|41.82,41.8152,public-disclosure-v4,consolidated_statement_year_end_derived
600483.SH,福能股份,2025,Q_G_EBITDA_INTEREST,auto_confirmed,1,11.6754,11.6754,public-disclosure-v4,official_annual_direct_consistent
600483.SH,福能股份,2025,Q_G_OPERATING_MARGIN,auto_confirmed,1,32.0409,32.0409,public-disclosure-v4,official_annual_direct_consistent
600483.SH,福能股份,2025,Q_G_OPERATING_PROFIT_GROWTH,auto_confirmed,1,8.7507,8.7507,public-disclosure-v4,official_annual_direct_consistent
600483.SH,福能股份,2025,Q_G_REVENUE_GROWTH,auto_confirmed,1,-5.5798,-5.5798,public-disclosure-v4,official_annual_direct_consistent
600483.SH,福能股份,2025,Q_G_ROA,auto_confirmed,1,16.3362,16.3362,public-disclosure-v4,official_annual_direct_consistent
600483.SH,福能股份,2025,Q_G_ROE,auto_confirmed,2,11.27,11.27,public-disclosure-v4,official_annual_direct_consistent
600483.SH,福能股份,2025,Q_G_TWO_FUNDS_RATE,auto_confirmed,1,34.4041,34.4041,public-disclosure-v4,official_annual_direct_consistent
600483.SH,福能股份,2025,Q_S_DIVIDEND_PER_SHARE,auto_confirmed,1,0.426,0.426,public-disclosure-v4,official_annual_direct_consistent
600483.SH,福能股份,2025,Q_S_RD_RATE,auto_confirmed,1,0.88,0.88,public-disclosure-v4,official_annual_direct_consistent
600505.SH,西昌电力,2025,Q_G_AR_TURNOVER,auto_confirmed,1,7.4494,7.4494,public-disclosure-v4,official_annual_direct_consistent
600505.SH,西昌电力,2025,Q_G_ASSET_TURNOVER,auto_confirmed,1,0.3722,0.3722,public-disclosure-v4,official_annual_direct_consistent
600505.SH,西昌电力,2025,Q_G_CASH_CURRENT_LIABILITY,auto_confirmed,1,50.0554,50.0554,public-disclosure-v4,official_annual_direct_consistent
600505.SH,西昌电力,2025,Q_G_CASH_REALIZATION,auto_confirmed,1,113.865,113.865,public-disclosure-v4,official_annual_direct_consistent
600505.SH,西昌电力,2025,Q_G_COST_REVENUE_RATE,auto_confirmed,1,98.1975,98.1975,public-disclosure-v4,official_annual_direct_consistent
600505.SH,西昌电力,2025,Q_G_CURRENT_ASSET_TURNOVER,auto_confirmed,1,3.2308,3.2308,public-disclosure-v4,official_annual_direct_consistent
600505.SH,西昌电力,2025,Q_G_DEBT_ASSET_RATE,auto_confirmed,1,65.7479,65.7479,public-disclosure-v4,consolidated_statement_year_end_derived
600505.SH,西昌电力,2025,Q_G_EBITDA_INTEREST,auto_confirmed,1,1.4121,1.4121,public-disclosure-v4,official_annual_direct_consistent
600505.SH,西昌电力,2025,Q_G_OPERATING_MARGIN,auto_confirmed,1,1.8732,1.8732,public-disclosure-v4,official_annual_direct_consistent
600505.SH,西昌电力,2025,Q_G_OPERATING_PROFIT_GROWTH,auto_confirmed,1,57.6867,57.6867,public-disclosure-v4,official_annual_direct_consistent
600505.SH,西昌电力,2025,Q_G_REVENUE_GROWTH,auto_confirmed,1,3.9438,3.9438,public-disclosure-v4,official_annual_direct_consistent
600505.SH,西昌电力,2025,Q_G_ROA,auto_confirmed,1,2.2358,2.2358,public-disclosure-v4,official_annual_direct_consistent
600505.SH,西昌电力,2025,Q_G_ROE,auto_confirmed,1,0.98,0.98,public-disclosure-v4,official_annual_direct_consistent
600505.SH,西昌电力,2025,Q_G_TWO_FUNDS_RATE,auto_confirmed,1,47.5257,47.5257,public-disclosure-v4,official_annual_direct_consistent
600505.SH,西昌电力,2025,Q_S_DIVIDEND_PER_SHARE,auto_confirmed,1,0.025,0.025,public-disclosure-v4,official_annual_direct_consistent
600508.SH,上海能源,2025,Q_E_WATER_INTENSITY,auto_confirmed,1,13980,13980,public-disclosure-v4,official_esg_direct_consistent
600508.SH,上海能源,2025,Q_G_AR_TURNOVER,auto_confirmed,1,20.1042,20.1042,public-disclosure-v4,official_annual_direct_consistent
600508.SH,上海能源,2025,Q_G_ASSET_TURNOVER,auto_confirmed,1,0.3931,0.3931,public-disclosure-v4,official_annual_direct_consistent
600508.SH,上海能源,2025,Q_G_CASH_CURRENT_LIABILITY,auto_confirmed,1,16.9907,16.9907,public-disclosure-v4,official_annual_direct_consistent
600508.SH,上海能源,2025,Q_G_CASH_REALIZATION,auto_confirmed,1,101.263,101.263,public-disclosure-v4,official_annual_direct_consistent
600508.SH,上海能源,2025,Q_G_COST_REVENUE_RATE,auto_confirmed,1,98.2363,98.2363,public-disclosure-v4,official_annual_direct_consistent
600508.SH,上海能源,2025,Q_G_CURRENT_ASSET_TURNOVER,auto_confirmed,1,2.1487,2.1487,public-disclosure-v4,official_annual_direct_consistent
600508.SH,上海能源,2025,Q_G_DEBT_ASSET_RATE,auto_confirmed,1,35.3837,35.3837,public-disclosure-v4,consolidated_statement_year_end_derived
600508.SH,上海能源,2025,Q_G_EBITDA_INTEREST,auto_confirmed,1,2.7284,2.7284,public-disclosure-v4,official_annual_direct_consistent
600508.SH,上海能源,2025,Q_G_OPERATING_MARGIN,auto_confirmed,1,1.8464,1.8464,public-disclosure-v4,official_annual_direct_consistent
600508.SH,上海能源,2025,Q_G_OPERATING_PROFIT_GROWTH,auto_confirmed,1,-83.7545,-83.7545,public-disclosure-v4,official_annual_direct_consistent
600508.SH,上海能源,2025,Q_G_REVENUE_GROWTH,auto_confirmed,1,-19.0935,-19.0935,public-disclosure-v4,official_annual_direct_consistent
600508.SH,上海能源,2025,Q_G_ROA,auto_confirmed,1,1.2536,1.2536,public-disclosure-v4,official_annual_direct_consistent
600508.SH,上海能源,2025,Q_G_ROE,auto_confirmed,1,1.73,1.73,public-disclosure-v4,official_annual_direct_consistent
600508.SH,上海能源,2025,Q_G_TWO_FUNDS_RATE,auto_confirmed,1,23.2176,23.2176,public-disclosure-v4,official_annual_direct_consistent
600508.SH,上海能源,2025,Q_S_DIVIDEND_PER_SHARE,auto_confirmed,1,0.3,0.3,public-disclosure-v4,official_annual_direct_consistent
600508.SH,上海能源,2025,Q_S_RD_RATE,manual_required,1,4.12,,public-disclosure-v4,conflicting_or_ineligible_sources
600509.SH,天富能源,2025,Q_G_AR_TURNOVER,auto_confirmed,1,4.588,4.588,public-disclosure-v4,official_annual_direct_consistent
600509.SH,天富能源,2025,Q_G_ASSET_TURNOVER,auto_confirmed,1,0.2739,0.2739,public-disclosure-v4,official_annual_direct_consistent
600509.SH,天富能源,2025,Q_G_CAPITAL_ACCUMULATION,auto_confirmed,1,2.2867,2.2867,public-disclosure-v4,official_annual_direct_consistent
600509.SH,天富能源,2025,Q_G_CASH_CURRENT_LIABILITY,auto_confirmed,1,22.7149,22.7149,public-disclosure-v4,official_annual_direct_consistent
600509.SH,天富能源,2025,Q_G_CASH_REALIZATION,auto_confirmed,1,85.7549,85.7549,public-disclosure-v4,official_annual_direct_consistent
600509.SH,天富能源,2025,Q_G_COST_REVENUE_RATE,auto_confirmed,1,90.7665,90.7665,public-disclosure-v4,official_annual_direct_consistent
600509.SH,天富能源,2025,Q_G_CURRENT_ASSET_TURNOVER,auto_confirmed,1,1.2362,1.2362,public-disclosure-v4,official_annual_direct_consistent
600509.SH,天富能源,2025,Q_G_DEBT_ASSET_RATE,auto_confirmed,2,65.1663|65.17,65.1663,public-disclosure-v4,consolidated_statement_year_end_derived
600509.SH,天富能源,2025,Q_G_EBITDA_INTEREST,auto_confirmed,1,1.8153,1.8153,public-disclosure-v4,official_annual_direct_consistent
600509.SH,天富能源,2025,Q_G_OPERATING_MARGIN,auto_confirmed,1,3.526,3.526,public-disclosure-v4,official_annual_direct_consistent
600509.SH,天富能源,2025,Q_G_OPERATING_PROFIT_GROWTH,auto_confirmed,1,74.4444,74.4444,public-disclosure-v4,official_annual_direct_consistent
600509.SH,天富能源,2025,Q_G_REVENUE_GROWTH,auto_confirmed,1,-9.5581,-9.5581,public-disclosure-v4,official_annual_direct_consistent
600509.SH,天富能源,2025,Q_G_ROA,auto_confirmed,1,2.3196,2.3196,public-disclosure-v4,official_annual_direct_consistent
600509.SH,天富能源,2025,Q_G_ROE,auto_confirmed,1,3.05,3.05,public-disclosure-v4,official_annual_direct_consistent
600509.SH,天富能源,2025,Q_G_TWO_FUNDS_RATE,auto_confirmed,1,29.4421,29.4421,public-disclosure-v4,official_annual_direct_consistent
600509.SH,天富能源,2025,Q_S_DIVIDEND_PER_SHARE,auto_confirmed,1,0.084,0.084,public-disclosure-v4,official_annual_direct_consistent
600509.SH,天富能源,2025,Q_S_RD_RATE,auto_confirmed,1,0.18,0.18,public-disclosure-v4,official_annual_direct_consistent
600550.SH,保变电气,2025,Q_G_AR_TURNOVER,auto_confirmed,1,6.4409,6.4409,public-disclosure-v4,official_annual_direct_consistent
600550.SH,保变电气,2025,Q_G_ASSET_TURNOVER,auto_confirmed,1,1.1872,1.1872,public-disclosure-v4,official_annual_direct_consistent
600550.SH,保变电气,2025,Q_G_CASH_CURRENT_LIABILITY,auto_confirmed,1,3.4136,3.4136,public-disclosure-v4,official_annual_direct_consistent
600550.SH,保变电气,2025,Q_G_CASH_REALIZATION,auto_confirmed,1,121.331,121.331,public-disclosure-v4,official_annual_direct_consistent
600550.SH,保变电气,2025,Q_G_COST_REVENUE_RATE,auto_confirmed,1,96.9803,96.9803,public-disclosure-v4,official_annual_direct_consistent
600550.SH,保变电气,2025,Q_G_CURRENT_ASSET_TURNOVER,auto_confirmed,1,1.657,1.657,public-disclosure-v4,official_annual_direct_consistent
600550.SH,保变电气,2025,Q_G_DEBT_ASSET_RATE,auto_confirmed,1,88.4568,88.4568,public-disclosure-v4,consolidated_statement_year_end_derived
600550.SH,保变电气,2025,Q_G_EBITDA_INTEREST,auto_confirmed,1,4.399,4.399,public-disclosure-v4,official_annual_direct_consistent
600550.SH,保变电气,2025,Q_G_OPERATING_MARGIN,auto_confirmed,1,4.0294,4.0294,public-disclosure-v4,official_annual_direct_consistent
600550.SH,保变电气,2025,Q_G_REVENUE_GROWTH,auto_confirmed,1,20.4182,20.4182,public-disclosure-v4,official_annual_direct_consistent
600550.SH,保变电气,2025,Q_G_ROA,auto_confirmed,1,6.3092,6.3092,public-disclosure-v4,official_annual_direct_consistent
600550.SH,保变电气,2025,Q_G_ROE,auto_confirmed,1,27.44,27.44,public-disclosure-v4,official_annual_direct_consistent
600550.SH,保变电气,2025,Q_G_TWO_FUNDS_RATE,auto_confirmed,1,64.1509,64.1509,public-disclosure-v4,official_annual_direct_consistent
600550.SH,保变电气,2025,Q_S_RD_RATE,auto_confirmed,1,5.16,5.16,public-disclosure-v4,official_annual_direct_consistent
600577.SH,精达股份,2025,Q_G_AR_TURNOVER,auto_confirmed,1,5.4628,5.4628,public-disclosure-v4,official_annual_direct_consistent
600577.SH,精达股份,2025,Q_G_ASSET_TURNOVER,auto_confirmed,1,1.8214,1.8214,public-disclosure-v4,official_annual_direct_consistent
600577.SH,精达股份,2025,Q_G_CAPITAL_ACCUMULATION,auto_confirmed,1,6.7755,6.7755,public-disclosure-v4,official_annual_direct_consistent
600577.SH,精达股份,2025,Q_G_CASH_CURRENT_LIABILITY,auto_confirmed,1,31.2914,31.2914,public-disclosure-v4,official_annual_direct_consistent
600577.SH,精达股份,2025,Q_G_CASH_REALIZATION,auto_confirmed,1,106.704,106.704,public-disclosure-v4,official_annual_direct_consistent
600577.SH,精达股份,2025,Q_G_COST_REVENUE_RATE,auto_confirmed,1,96.7694,96.7694,public-disclosure-v4,official_annual_direct_consistent
600577.SH,精达股份,2025,Q_G_CURRENT_ASSET_TURNOVER,auto_confirmed,1,2.303,2.303,public-disclosure-v4,official_annual_direct_consistent
600577.SH,精达股份,2025,Q_G_DEBT_ASSET_RATE,auto_confirmed,1,56.395,56.395,public-disclosure-v4,consolidated_statement_year_end_derived
600577.SH,精达股份,2025,Q_G_EBITDA_INTEREST,auto_confirmed,1,10.9353,10.9353,public-disclosure-v4,official_annual_direct_consistent
600577.SH,精达股份,2025,Q_G_OPERATING_MARGIN,auto_confirmed,1,3.2787,3.2787,public-disclosure-v4,official_annual_direct_consistent
600577.SH,精达股份,2025,Q_G_OPERATING_PROFIT_GROWTH,auto_confirmed,1,11.2741,11.2741,public-disclosure-v4,official_annual_direct_consistent
600577.SH,精达股份,2025,Q_G_REVENUE_GROWTH,auto_confirmed,1,10.5323,10.5323,public-disclosure-v4,official_annual_direct_consistent
600577.SH,精达股份,2025,Q_G_ROA,auto_confirmed,1,6.5496,6.5496,public-disclosure-v4,official_annual_direct_consistent
600577.SH,精达股份,2025,Q_G_ROE,auto_confirmed,1,10.07,10.07,public-disclosure-v4,official_annual_direct_consistent
600577.SH,精达股份,2025,Q_G_TWO_FUNDS_RATE,auto_confirmed,1,57.5503,57.5503,public-disclosure-v4,official_annual_direct_consistent
600577.SH,精达股份,2025,Q_S_DIVIDEND_PER_SHARE,auto_confirmed,1,0.09,0.09,public-disclosure-v4,official_annual_direct_consistent
600577.SH,精达股份,2025,Q_S_RD_RATE,auto_confirmed,1,0.49,0.49,public-disclosure-v4,official_annual_direct_consistent
600578.SH,京能电力,2025,Q_G_DEBT_ASSET_RATE,auto_confirmed,2,64.25|64.2521,64.2521,public-disclosure-v4,consolidated_statement_year_end_derived
600578.SH,京能电力,2025,Q_G_ROE,auto_confirmed,2,3.45|14.46,14.46,public-disclosure-v4,official_annual_direct_consistent
600578.SH,京能电力,2025,Q_G_TWO_FUNDS_RATE,auto_confirmed,1,46.2273,46.2273,public-disclosure-v4,official_annual_direct_consistent
600578.SH,京能电力,2025,Q_S_DIVIDEND_PER_SHARE,auto_confirmed,1,0.17,0.17,public-disclosure-v4,official_annual_direct_consistent
600578.SH,京能电力,2025,Q_S_RD_RATE,auto_confirmed,1,0.68,0.68,public-disclosure-v4,official_annual_direct_consistent
600580.SH,卧龙电驱,2025,Q_G_AR_TURNOVER,auto_confirmed,1,2.9402,2.9402,public-disclosure-v4,official_annual_direct_consistent
600580.SH,卧龙电驱,2025,Q_G_ASSET_TURNOVER,auto_confirmed,1,0.5997,0.5997,public-disclosure-v4,official_annual_direct_consistent
600580.SH,卧龙电驱,2025,Q_G_CAPITAL_ACCUMULATION,auto_confirmed,1,1.0991,1.0991,public-disclosure-v4,official_annual_direct_consistent
600580.SH,卧龙电驱,2025,Q_G_CASH_CURRENT_LIABILITY,auto_confirmed,1,15.4705,15.4705,public-disclosure-v4,official_annual_direct_consistent
600580.SH,卧龙电驱,2025,Q_G_CASH_REALIZATION,auto_confirmed,1,88.4392,88.4392,public-disclosure-v4,official_annual_direct_consistent
600580.SH,卧龙电驱,2025,Q_G_COST_REVENUE_RATE,auto_confirmed,1,93.5028,93.5028,public-disclosure-v4,official_annual_direct_consistent
600580.SH,卧龙电驱,2025,Q_G_CURRENT_ASSET_TURNOVER,auto_confirmed,1,1.0674,1.0674,public-disclosure-v4,official_annual_direct_consistent
600580.SH,卧龙电驱,2025,Q_G_DEBT_ASSET_RATE,auto_confirmed,1,54.3045,54.3045,public-disclosure-v4,consolidated_statement_year_end_derived
600580.SH,卧龙电驱,2025,Q_G_EBITDA_INTEREST,auto_confirmed,1,8.0854,8.0854,public-disclosure-v4,official_annual_direct_consistent
600580.SH,卧龙电驱,2025,Q_G_OPERATING_MARGIN,auto_confirmed,1,8.7,8.7,public-disclosure-v4,official_annual_direct_consistent
600580.SH,卧龙电驱,2025,Q_G_OPERATING_PROFIT_GROWTH,auto_confirmed,1,33.6718,33.6718,public-disclosure-v4,official_annual_direct_consistent
600580.SH,卧龙电驱,2025,Q_G_REVENUE_GROWTH,auto_confirmed,1,-4.884,-4.884,public-disclosure-v4,official_annual_direct_consistent
600580.SH,卧龙电驱,2025,Q_G_ROA,auto_confirmed,1,5.9857,5.9857,public-disclosure-v4,official_annual_direct_consistent
600580.SH,卧龙电驱,2025,Q_G_ROE,auto_confirmed,1,10.73,10.73,public-disclosure-v4,official_annual_direct_consistent
600580.SH,卧龙电驱,2025,Q_G_TWO_FUNDS_RATE,auto_confirmed,1,59.1811,59.1811,public-disclosure-v4,official_annual_direct_consistent
600580.SH,卧龙电驱,2025,Q_S_DIVIDEND_PER_SHARE,auto_confirmed,1,0.18,0.18,public-disclosure-v4,official_annual_direct_consistent
600580.SH,卧龙电驱,2025,Q_S_RD_RATE,auto_confirmed,1,5.79,5.79,public-disclosure-v4,official_annual_direct_consistent
600617.SH,国新能源,2025,Q_G_AR_TURNOVER,auto_confirmed,1,11.3685,11.3685,public-disclosure-v4,official_annual_direct_consistent
600617.SH,国新能源,2025,Q_G_ASSET_TURNOVER,auto_confirmed,1,1.1831,1.1831,public-disclosure-v4,official_annual_direct_consistent
600617.SH,国新能源,2025,Q_G_CAPITAL_ACCUMULATION,auto_confirmed,1,-3.953,-3.953,public-disclosure-v4,official_annual_direct_consistent
600617.SH,国新能源,2025,Q_G_CASH_CURRENT_LIABILITY,auto_confirmed,1,23.9819,23.9819,public-disclosure-v4,official_annual_direct_consistent
600617.SH,国新能源,2025,Q_G_CASH_REALIZATION,auto_confirmed,1,130.496,130.496,public-disclosure-v4,official_annual_direct_consistent
600617.SH,国新能源,2025,Q_G_COST_REVENUE_RATE,auto_confirmed,1,101.067,101.067,public-disclosure-v4,official_annual_direct_consistent
600617.SH,国新能源,2025,Q_G_CURRENT_ASSET_TURNOVER,auto_confirmed,1,7.3878,7.3878,public-disclosure-v4,official_annual_direct_consistent
600617.SH,国新能源,2025,Q_G_DEBT_ASSET_RATE,auto_confirmed,1,81.3721,81.3721,public-disclosure-v4,consolidated_statement_year_end_derived
600617.SH,国新能源,2025,Q_G_EBITDA_INTEREST,auto_confirmed,1,1.1405,1.1405,public-disclosure-v4,official_annual_direct_consistent
600617.SH,国新能源,2025,Q_G_OPERATING_MARGIN,auto_confirmed,1,0.5129,0.5129,public-disclosure-v4,official_annual_direct_consistent
600617.SH,国新能源,2025,Q_G_OPERATING_PROFIT_GROWTH,auto_confirmed,1,-168.439,-168.439,public-disclosure-v4,official_annual_direct_consistent
600617.SH,国新能源,2025,Q_G_REVENUE_GROWTH,auto_confirmed,1,-4.8558,-4.8558,public-disclosure-v4,official_annual_direct_consistent
600617.SH,国新能源,2025,Q_G_ROA,auto_confirmed,1,4.8149,4.8149,public-disclosure-v4,official_annual_direct_consistent
600617.SH,国新能源,2025,Q_G_ROE,auto_confirmed,1,9.55,9.55,public-disclosure-v4,official_annual_direct_consistent
600617.SH,国新能源,2025,Q_G_TWO_FUNDS_RATE,auto_confirmed,1,38.8384,38.8384,public-disclosure-v4,official_annual_direct_consistent
600617.SH,国新能源,2025,Q_S_RD_RATE,auto_confirmed,1,0.18,0.18,public-disclosure-v4,official_annual_direct_consistent
600635.SH,大众公用,2025,Q_G_AR_TURNOVER,auto_confirmed,1,10.2612,10.2612,public-disclosure-v4,official_annual_direct_consistent
600635.SH,大众公用,2025,Q_G_ASSET_TURNOVER,auto_confirmed,1,0.468,0.468,public-disclosure-v4,official_annual_direct_consistent
600635.SH,大众公用,2025,Q_G_CAPITAL_ACCUMULATION,auto_confirmed,1,3.9534,3.9534,public-disclosure-v4,official_annual_direct_consistent
600635.SH,大众公用,2025,Q_G_CASH_CURRENT_LIABILITY,auto_confirmed,1,13.8348,13.8348,public-disclosure-v4,official_annual_direct_consistent
600635.SH,大众公用,2025,Q_G_CASH_REALIZATION,auto_confirmed,1,111.961,111.961,public-disclosure-v4,official_annual_direct_consistent
600635.SH,大众公用,2025,Q_G_COST_REVENUE_RATE,auto_confirmed,1,100.236,100.236,public-disclosure-v4,official_annual_direct_consistent
600635.SH,大众公用,2025,Q_G_CURRENT_ASSET_TURNOVER,auto_confirmed,1,1.092,1.092,public-disclosure-v4,official_annual_direct_consistent
600635.SH,大众公用,2025,Q_G_DEBT_ASSET_RATE,auto_confirmed,1,55.1315,55.1315,public-disclosure-v4,consolidated_statement_year_end_derived
600635.SH,大众公用,2025,Q_G_REVENUE_GROWTH,auto_confirmed,1,-3.6052,-3.6052,public-disclosure-v4,official_annual_direct_consistent
600635.SH,大众公用,2025,Q_G_ROE,auto_confirmed,1,4.77,4.77,public-disclosure-v4,official_annual_direct_consistent
600635.SH,大众公用,2025,Q_G_TWO_FUNDS_RATE,auto_confirmed,1,15.6646,15.6646,public-disclosure-v4,official_annual_direct_consistent
600635.SH,大众公用,2025,Q_S_DIVIDEND_PER_SHARE,auto_confirmed,1,0.05,0.05,public-disclosure-v4,official_annual_direct_consistent
600635.SH,大众公用,2025,Q_S_RD_RATE,auto_confirmed,1,0.02,0.02,public-disclosure-v4,official_annual_direct_consistent
600642.SH,申能股份,2025,Q_G_AR_TURNOVER,auto_confirmed,1,2.8214,2.8214,public-disclosure-v4,official_annual_direct_consistent
600642.SH,申能股份,2025,Q_G_ASSET_TURNOVER,auto_confirmed,1,0.2632,0.2632,public-disclosure-v4,official_annual_direct_consistent
600642.SH,申能股份,2025,Q_G_CASH_CURRENT_LIABILITY,auto_confirmed,1,38.762,38.762,public-disclosure-v4,official_annual_direct_consistent
600642.SH,申能股份,2025,Q_G_CASH_REALIZATION,auto_confirmed,1,114.596,114.596,public-disclosure-v4,official_annual_direct_consistent
600642.SH,申能股份,2025,Q_G_COST_REVENUE_RATE,auto_confirmed,1,86.3102,86.3102,public-disclosure-v4,official_annual_direct_consistent
600642.SH,申能股份,2025,Q_G_CURRENT_ASSET_TURNOVER,auto_confirmed,1,0.9813,0.9813,public-disclosure-v4,official_annual_direct_consistent
600642.SH,申能股份,2025,Q_G_DEBT_ASSET_RATE,auto_confirmed,1,54.7706,54.7706,public-disclosure-v4,consolidated_statement_year_end_derived
600642.SH,申能股份,2025,Q_G_EBITDA_INTEREST,auto_confirmed,1,6.7441,6.7441,public-disclosure-v4,official_annual_direct_consistent
600642.SH,申能股份,2025,Q_G_OPERATING_MARGIN,auto_confirmed,1,21.004,21.004,public-disclosure-v4,official_annual_direct_consistent
600642.SH,申能股份,2025,Q_G_OPERATING_PROFIT_GROWTH,auto_confirmed,1,6.2274,6.2274,public-disclosure-v4,official_annual_direct_consistent
600642.SH,申能股份,2025,Q_G_REVENUE_GROWTH,auto_confirmed,1,-5.368,-5.368,public-disclosure-v4,official_annual_direct_consistent
600642.SH,申能股份,2025,Q_G_ROA,auto_confirmed,1,6.5956,6.5956,public-disclosure-v4,official_annual_direct_consistent
600642.SH,申能股份,2025,Q_G_ROE,auto_confirmed,2,10.79,10.79,public-disclosure-v4,official_annual_direct_consistent
600642.SH,申能股份,2025,Q_G_TWO_FUNDS_RATE,auto_confirmed,1,37.0178,37.0178,public-disclosure-v4,official_annual_direct_consistent
600642.SH,申能股份,2025,Q_S_DIVIDEND_PER_SHARE,auto_confirmed,1,0.46,0.46,public-disclosure-v4,official_annual_direct_consistent
600642.SH,申能股份,2025,Q_S_RD_RATE,auto_confirmed,1,0.08,0.08,public-disclosure-v4,official_annual_direct_consistent
600644.SH,乐山电力,2025,Q_G_AR_TURNOVER,auto_confirmed,1,14.0629,14.0629,public-disclosure-v4,official_annual_direct_consistent
600644.SH,乐山电力,2025,Q_G_ASSET_TURNOVER,auto_confirmed,1,0.7398,0.7398,public-disclosure-v4,official_annual_direct_consistent
600644.SH,乐山电力,2025,Q_G_CASH_REALIZATION,auto_confirmed,1,112.422,112.422,public-disclosure-v4,official_annual_direct_consistent
600644.SH,乐山电力,2025,Q_G_COST_REVENUE_RATE,auto_confirmed,1,100.109,100.109,public-disclosure-v4,official_annual_direct_consistent
600644.SH,乐山电力,2025,Q_G_CURRENT_ASSET_TURNOVER,auto_confirmed,1,3.9042,3.9042,public-disclosure-v4,official_annual_direct_consistent
600644.SH,乐山电力,2025,Q_G_DEBT_ASSET_RATE,auto_confirmed,1,51.1668,51.1668,public-disclosure-v4,consolidated_statement_year_end_derived
600644.SH,乐山电力,2025,Q_G_EBITDA_INTEREST,auto_confirmed,1,2.281,2.281,public-disclosure-v4,official_annual_direct_consistent
600644.SH,乐山电力,2025,Q_G_OPERATING_MARGIN,auto_confirmed,1,0.9488,0.9488,public-disclosure-v4,official_annual_direct_consistent
600644.SH,乐山电力,2025,Q_G_OPERATING_PROFIT_GROWTH,auto_confirmed,1,-23.1267,-23.1267,public-disclosure-v4,official_annual_direct_consistent
600644.SH,乐山电力,2025,Q_G_REVENUE_GROWTH,auto_confirmed,1,6.2424,6.2424,public-disclosure-v4,official_annual_direct_consistent
600644.SH,乐山电力,2025,Q_G_ROA,auto_confirmed,1,1.3583,1.3583,public-disclosure-v4,official_annual_direct_consistent
600644.SH,乐山电力,2025,Q_G_ROE,auto_confirmed,1,1.15,1.15,public-disclosure-v4,official_annual_direct_consistent
600644.SH,乐山电力,2025,Q_G_TWO_FUNDS_RATE,auto_confirmed,1,29.2159,29.2159,public-disclosure-v4,official_annual_direct_consistent
600644.SH,乐山电力,2025,Q_S_DIVIDEND_PER_SHARE,auto_confirmed,1,0.015,0.015,public-disclosure-v4,official_annual_direct_consistent
600644.SH,乐山电力,2025,Q_S_RD_RATE,auto_confirmed,1,0.03,0.03,public-disclosure-v4,official_annual_direct_consistent
600674.SH,川投能源,2025,Q_G_AR_TURNOVER,auto_confirmed,1,2.1146,2.1146,public-disclosure-v4,official_annual_direct_consistent
600674.SH,川投能源,2025,Q_G_ASSET_TURNOVER,auto_confirmed,1,0.0459,0.0459,public-disclosure-v4,official_annual_direct_consistent
600674.SH,川投能源,2025,Q_G_CASH_CURRENT_LIABILITY,auto_confirmed,1,11.5636,11.5636,public-disclosure-v4,official_annual_direct_consistent
600674.SH,川投能源,2025,Q_G_CASH_REALIZATION,auto_confirmed,1,112.318,112.318,public-disclosure-v4,official_annual_direct_consistent
600674.SH,川投能源,2025,Q_G_COST_REVENUE_RATE,auto_confirmed,1,96.6418,96.6418,public-disclosure-v4,official_annual_direct_consistent
600674.SH,川投能源,2025,Q_G_CURRENT_ASSET_TURNOVER,auto_confirmed,1,0.4228,0.4228,public-disclosure-v4,official_annual_direct_consistent
600674.SH,川投能源,2025,Q_G_DEBT_ASSET_RATE,auto_confirmed,1,33.5081,33.5081,public-disclosure-v4,consolidated_statement_year_end_derived
600674.SH,川投能源,2025,Q_G_EBITDA_INTEREST,auto_confirmed,1,11.4432,11.4432,public-disclosure-v4,official_annual_direct_consistent
600674.SH,川投能源,2025,Q_G_OPERATING_MARGIN,auto_confirmed,1,295.23,295.23,public-disclosure-v4,official_annual_direct_consistent
600674.SH,川投能源,2025,Q_G_OPERATING_PROFIT_GROWTH,auto_confirmed,1,4.7361,4.7361,public-disclosure-v4,official_annual_direct_consistent
600674.SH,川投能源,2025,Q_G_REVENUE_GROWTH,auto_confirmed,1,3.6466,3.6466,public-disclosure-v4,official_annual_direct_consistent
600674.SH,川投能源,2025,Q_G_ROA,auto_confirmed,1,14.8604,14.8604,public-disclosure-v4,official_annual_direct_consistent
600674.SH,川投能源,2025,Q_G_ROE,auto_confirmed,1,10.97,10.97,public-disclosure-v4,official_annual_direct_consistent
600674.SH,川投能源,2025,Q_G_TWO_FUNDS_RATE,auto_confirmed,1,20.5932,20.5932,public-disclosure-v4,official_annual_direct_consistent
600674.SH,川投能源,2025,Q_S_DIVIDEND_PER_SHARE,auto_confirmed,1,0.5,0.5,public-disclosure-v4,official_annual_direct_consistent
600674.SH,川投能源,2025,Q_S_RD_RATE,auto_confirmed,1,2.19,2.19,public-disclosure-v4,official_annual_direct_consistent
600681.SH,百川能源,2025,Q_G_AR_TURNOVER,auto_confirmed,1,67.4458,67.4458,public-disclosure-v4,official_annual_direct_consistent
600681.SH,百川能源,2025,Q_G_ASSET_TURNOVER,auto_confirmed,1,1.1476,1.1476,public-disclosure-v4,official_annual_direct_consistent
600681.SH,百川能源,2025,Q_G_CASH_CURRENT_LIABILITY,auto_confirmed,1,14.5283,14.5283,public-disclosure-v4,official_annual_direct_consistent
600681.SH,百川能源,2025,Q_G_CASH_REALIZATION,auto_confirmed,1,113.857,113.857,public-disclosure-v4,official_annual_direct_consistent
600681.SH,百川能源,2025,Q_G_COST_REVENUE_RATE,auto_confirmed,1,91.7624,91.7624,public-disclosure-v4,official_annual_direct_consistent
600681.SH,百川能源,2025,Q_G_CURRENT_ASSET_TURNOVER,auto_confirmed,1,8.0432,8.0432,public-disclosure-v4,official_annual_direct_consistent
600681.SH,百川能源,2025,Q_G_DEBT_ASSET_RATE,auto_confirmed,1,53.2333,53.2333,public-disclosure-v4,consolidated_statement_year_end_derived
600681.SH,百川能源,2025,Q_G_EBITDA_INTEREST,auto_confirmed,1,6.6133,6.6133,public-disclosure-v4,official_annual_direct_consistent
600681.SH,百川能源,2025,Q_G_OPERATING_MARGIN,auto_confirmed,1,7.5953,7.5953,public-disclosure-v4,official_annual_direct_consistent
600681.SH,百川能源,2025,Q_G_REVENUE_GROWTH,auto_confirmed,1,2.2523,2.2523,public-disclosure-v4,official_annual_direct_consistent
600681.SH,百川能源,2025,Q_G_ROA,auto_confirmed,1,9.9368,9.9368,public-disclosure-v4,official_annual_direct_consistent
600681.SH,百川能源,2025,Q_G_ROE,auto_confirmed,2,6.55,6.55,public-disclosure-v4,official_annual_direct_consistent
600681.SH,百川能源,2025,Q_G_TWO_FUNDS_RATE,auto_confirmed,1,38.9857,38.9857,public-disclosure-v4,official_annual_direct_consistent
600681.SH,百川能源,2025,Q_S_DIVIDEND_PER_SHARE,auto_confirmed,1,0.15,0.15,public-disclosure-v4,official_annual_direct_consistent
600681.SH,百川能源,2025,Q_S_RD_RATE,auto_confirmed,1,0.06,0.06,public-disclosure-v4,official_annual_direct_consistent
600688.SH,上海石化,2025,Q_G_DEBT_ASSET_RATE,manual_required,2,41.67|100,,public-disclosure-v4,conflicting_or_ineligible_sources
600688.SH,上海石化,2025,Q_G_REVENUE_GROWTH,auto_confirmed,1,-13.2782,-13.2782,public-disclosure-v4,official_annual_direct_consistent
600719.SH,大连热电,2025,Q_G_AR_TURNOVER,auto_confirmed,1,9.9758,9.9758,public-disclosure-v4,official_annual_direct_consistent
600719.SH,大连热电,2025,Q_G_ASSET_TURNOVER,auto_confirmed,1,0.229,0.229,public-disclosure-v4,official_annual_direct_consistent
600719.SH,大连热电,2025,Q_G_CASH_REALIZATION,auto_confirmed,1,106.364,106.364,public-disclosure-v4,official_annual_direct_consistent
600719.SH,大连热电,2025,Q_G_COST_REVENUE_RATE,auto_confirmed,1,107.941,107.941,public-disclosure-v4,official_annual_direct_consistent
600719.SH,大连热电,2025,Q_G_CURRENT_ASSET_TURNOVER,auto_confirmed,1,0.9787,0.9787,public-disclosure-v4,official_annual_direct_consistent
600719.SH,大连热电,2025,Q_G_DEBT_ASSET_RATE,auto_confirmed,2,0.0857|88.04,0.0857,public-disclosure-v4,consolidated_statement_year_end_derived
600719.SH,大连热电,2025,Q_G_EBITDA_INTEREST,auto_confirmed,1,-0.2294,-0.2294,public-disclosure-v4,official_annual_direct_consistent
600719.SH,大连热电,2025,Q_G_OPERATING_MARGIN,auto_confirmed,1,-16.0239,-16.0239,public-disclosure-v4,official_annual_direct_consistent
600719.SH,大连热电,2025,Q_G_OPERATING_PROFIT_GROWTH,auto_confirmed,1,-32.4216,-32.4216,public-disclosure-v4,official_annual_direct_consistent
600719.SH,大连热电,2025,Q_G_REVENUE_GROWTH,auto_confirmed,1,-3.7572,-3.7572,public-disclosure-v4,official_annual_direct_consistent
600719.SH,大连热电,2025,Q_G_ROA,auto_confirmed,1,-0.6702,-0.6702,public-disclosure-v4,official_annual_direct_consistent
600719.SH,大连热电,2025,Q_G_ROE,auto_confirmed,1,26.64,26.64,public-disclosure-v4,official_annual_direct_consistent
600719.SH,大连热电,2025,Q_G_TWO_FUNDS_RATE,auto_confirmed,1,25.9868,25.9868,public-disclosure-v4,official_annual_direct_consistent
600725.SH,云维股份,2025,Q_G_AR_TURNOVER,auto_confirmed,1,4.3121,4.3121,public-disclosure-v4,official_annual_direct_consistent
600725.SH,云维股份,2025,Q_G_ASSET_TURNOVER,auto_confirmed,1,1.5141,1.5141,public-disclosure-v4,official_annual_direct_consistent
600725.SH,云维股份,2025,Q_G_CASH_CURRENT_LIABILITY,auto_confirmed,1,85.5562,85.5562,public-disclosure-v4,official_annual_direct_consistent
600725.SH,云维股份,2025,Q_G_CASH_REALIZATION,auto_confirmed,1,150.537,150.537,public-disclosure-v4,official_annual_direct_consistent
600725.SH,云维股份,2025,Q_G_COST_REVENUE_RATE,auto_confirmed,1,103.697,103.697,public-disclosure-v4,official_annual_direct_consistent
600725.SH,云维股份,2025,Q_G_CURRENT_ASSET_TURNOVER,auto_confirmed,1,1.5531,1.5531,public-disclosure-v4,official_annual_direct_consistent
600725.SH,云维股份,2025,Q_G_DEBT_ASSET_RATE,auto_confirmed,4,25.4793|25.48,25.4793,public-disclosure-v4,consolidated_statement_year_end_derived
600725.SH,云维股份,2025,Q_G_EBITDA_INTEREST,auto_confirmed,1,-197.714,-197.714,public-disclosure-v4,official_annual_direct_consistent
600725.SH,云维股份,2025,Q_G_OPERATING_MARGIN,auto_confirmed,1,-6.8666,-6.8666,public-disclosure-v4,official_annual_direct_consistent
600725.SH,云维股份,2025,Q_G_OPERATING_PROFIT_GROWTH,auto_confirmed,1,-38.3792,-38.3792,public-disclosure-v4,official_annual_direct_consistent
600725.SH,云维股份,2025,Q_G_REVENUE_GROWTH,auto_confirmed,1,-27.6515,-27.6515,public-disclosure-v4,official_annual_direct_consistent
600725.SH,云维股份,2025,Q_G_ROA,auto_confirmed,1,-10.4238,-10.4238,public-disclosure-v4,official_annual_direct_consistent
600725.SH,云维股份,2025,Q_G_ROE,auto_confirmed,1,14.15,14.15,public-disclosure-v4,official_annual_direct_consistent
600725.SH,云维股份,2025,Q_G_TWO_FUNDS_RATE,auto_confirmed,1,37.4159,37.4159,public-disclosure-v4,official_annual_direct_consistent
600726.SH,华电能源,2025,Q_G_AR_TURNOVER,auto_confirmed,1,32.6102,32.6102,public-disclosure-v4,official_annual_direct_consistent
600726.SH,华电能源,2025,Q_G_ASSET_TURNOVER,auto_confirmed,1,0.9202,0.9202,public-disclosure-v4,official_annual_direct_consistent
600726.SH,华电能源,2025,Q_G_CASH_CURRENT_LIABILITY,auto_confirmed,1,28.2623,28.2623,public-disclosure-v4,official_annual_direct_consistent
600726.SH,华电能源,2025,Q_G_CASH_REALIZATION,auto_confirmed,1,116.275,116.275,public-disclosure-v4,official_annual_direct_consistent
600726.SH,华电能源,2025,Q_G_COST_REVENUE_RATE,auto_confirmed,1,92.219,92.219,public-disclosure-v4,official_annual_direct_consistent
600726.SH,华电能源,2025,Q_G_CURRENT_ASSET_TURNOVER,auto_confirmed,1,5.654,5.654,public-disclosure-v4,official_annual_direct_consistent
600726.SH,华电能源,2025,Q_G_DEBT_ASSET_RATE,auto_confirmed,1,80.6243,80.6243,public-disclosure-v4,consolidated_statement_year_end_derived
600726.SH,华电能源,2025,Q_G_EBITDA_INTEREST,auto_confirmed,1,3.297,3.297,public-disclosure-v4,official_annual_direct_consistent
600726.SH,华电能源,2025,Q_G_OPERATING_MARGIN,auto_confirmed,1,7.8963,7.8963,public-disclosure-v4,official_annual_direct_consistent
600726.SH,华电能源,2025,Q_G_REVENUE_GROWTH,auto_confirmed,1,-8.2228,-8.2228,public-disclosure-v4,official_annual_direct_consistent
600726.SH,华电能源,2025,Q_G_ROA,auto_confirmed,1,10.5901,10.5901,public-disclosure-v4,official_annual_direct_consistent
600726.SH,华电能源,2025,Q_G_ROE,auto_confirmed,1,5.1,5.1,public-disclosure-v4,official_annual_direct_consistent
600726.SH,华电能源,2025,Q_G_TWO_FUNDS_RATE,auto_confirmed,1,31.4165,31.4165,public-disclosure-v4,official_annual_direct_consistent
600726.SH,华电能源,2025,Q_S_RD_RATE,auto_confirmed,1,0.03,0.03,public-disclosure-v4,official_annual_direct_consistent
600732.SH,爱旭股份,2025,Q_G_AR_TURNOVER,auto_confirmed,1,12.7824,12.7824,public-disclosure-v4,official_annual_direct_consistent
600732.SH,爱旭股份,2025,Q_G_ASSET_TURNOVER,auto_confirmed,1,0.4491,0.4491,public-disclosure-v4,official_annual_direct_consistent
600732.SH,爱旭股份,2025,Q_G_CAPITAL_ACCUMULATION,auto_confirmed,1,41.7475,41.7475,public-disclosure-v4,official_annual_direct_consistent
600732.SH,爱旭股份,2025,Q_G_CASH_CURRENT_LIABILITY,auto_confirmed,1,11.4146,11.4146,public-disclosure-v4,official_annual_direct_consistent
600732.SH,爱旭股份,2025,Q_G_CASH_REALIZATION,auto_confirmed,1,85.2798,85.2798,public-disclosure-v4,official_annual_direct_consistent
600732.SH,爱旭股份,2025,Q_G_COST_REVENUE_RATE,auto_confirmed,1,108.592,108.592,public-disclosure-v4,official_annual_direct_consistent
600732.SH,爱旭股份,2025,Q_G_CURRENT_ASSET_TURNOVER,auto_confirmed,1,1.8399,1.8399,public-disclosure-v4,official_annual_direct_consistent
600732.SH,爱旭股份,2025,Q_G_DEBT_ASSET_RATE,auto_confirmed,1,79.9455,79.9455,public-disclosure-v4,consolidated_statement_year_end_derived
600732.SH,爱旭股份,2025,Q_G_EBITDA_INTEREST,auto_confirmed,1,-4.1236,-4.1236,public-disclosure-v4,official_annual_direct_consistent
600732.SH,爱旭股份,2025,Q_G_OPERATING_MARGIN,auto_confirmed,1,-11.9316,-11.9316,public-disclosure-v4,official_annual_direct_consistent
600732.SH,爱旭股份,2025,Q_G_OPERATING_PROFIT_GROWTH,auto_confirmed,1,-69.443,-69.443,public-disclosure-v4,official_annual_direct_consistent
600732.SH,爱旭股份,2025,Q_G_REVENUE_GROWTH,auto_confirmed,1,39.9703,39.9703,public-disclosure-v4,official_annual_direct_consistent
600732.SH,爱旭股份,2025,Q_G_ROA,auto_confirmed,1,-4.3815,-4.3815,public-disclosure-v4,official_annual_direct_consistent
600732.SH,爱旭股份,2025,Q_G_ROE,auto_confirmed,1,52.26,52.26,public-disclosure-v4,official_annual_direct_consistent
600732.SH,爱旭股份,2025,Q_G_TWO_FUNDS_RATE,auto_confirmed,1,43.142,43.142,public-disclosure-v4,official_annual_direct_consistent
600732.SH,爱旭股份,2025,Q_S_RD_RATE,auto_confirmed,1,2.25,2.25,public-disclosure-v4,official_annual_direct_consistent
600744.SH,华银电力,2025,Q_G_AR_TURNOVER,auto_confirmed,1,5.5088,5.5088,public-disclosure-v4,official_annual_direct_consistent
600744.SH,华银电力,2025,Q_G_ASSET_TURNOVER,auto_confirmed,1,0.2749,0.2749,public-disclosure-v4,official_annual_direct_consistent
600744.SH,华银电力,2025,Q_G_CAPITAL_ACCUMULATION,auto_confirmed,1,4.5196,4.5196,public-disclosure-v4,official_annual_direct_consistent
600744.SH,华银电力,2025,Q_G_CASH_CURRENT_LIABILITY,auto_confirmed,1,31.6363,31.6363,public-disclosure-v4,official_annual_direct_consistent
600744.SH,华银电力,2025,Q_G_CASH_REALIZATION,auto_confirmed,1,123.469,123.469,public-disclosure-v4,official_annual_direct_consistent
600744.SH,华银电力,2025,Q_G_COST_REVENUE_RATE,auto_confirmed,1,97.4569,97.4569,public-disclosure-v4,official_annual_direct_consistent
600744.SH,华银电力,2025,Q_G_CURRENT_ASSET_TURNOVER,auto_confirmed,1,1.603,1.603,public-disclosure-v4,official_annual_direct_consistent
600744.SH,华银电力,2025,Q_G_DEBT_ASSET_RATE,auto_confirmed,4,92.41|93.2477|93.25,93.2477,public-disclosure-v4,consolidated_statement_year_end_derived
600744.SH,华银电力,2025,Q_G_EBITDA_INTEREST,auto_confirmed,1,1.3953,1.3953,public-disclosure-v4,official_annual_direct_consistent
600744.SH,华银电力,2025,Q_G_OPERATING_MARGIN,auto_confirmed,1,2.331,2.331,public-disclosure-v4,official_annual_direct_consistent
600744.SH,华银电力,2025,Q_G_OPERATING_PROFIT_GROWTH,auto_confirmed,1,401.825,401.825,public-disclosure-v4,official_annual_direct_consistent
600744.SH,华银电力,2025,Q_G_REVENUE_GROWTH,auto_confirmed,1,-3.4005,-3.4005,public-disclosure-v4,official_annual_direct_consistent
600744.SH,华银电力,2025,Q_G_ROA,auto_confirmed,1,1.9638,1.9638,public-disclosure-v4,official_annual_direct_consistent
600744.SH,华银电力,2025,Q_G_ROE,auto_confirmed,1,5.64,5.64,public-disclosure-v4,official_annual_direct_consistent
600744.SH,华银电力,2025,Q_G_TWO_FUNDS_RATE,auto_confirmed,1,40.5427,40.5427,public-disclosure-v4,official_annual_direct_consistent
600744.SH,华银电力,2025,Q_S_RD_RATE,auto_confirmed,1,2.01,2.01,public-disclosure-v4,official_annual_direct_consistent
600758.SH,辽宁能源,2025,Q_G_AR_TURNOVER,auto_confirmed,1,12.4307,12.4307,public-disclosure-v4,official_annual_direct_consistent
600758.SH,辽宁能源,2025,Q_G_ASSET_TURNOVER,auto_confirmed,1,0.3499,0.3499,public-disclosure-v4,official_annual_direct_consistent
600758.SH,辽宁能源,2025,Q_G_CAPITAL_ACCUMULATION,auto_confirmed,1,-1.5677,-1.5677,public-disclosure-v4,official_annual_direct_consistent
600758.SH,辽宁能源,2025,Q_G_CASH_CURRENT_LIABILITY,auto_confirmed,1,15.601,15.601,public-disclosure-v4,official_annual_direct_consistent
600758.SH,辽宁能源,2025,Q_G_CASH_REALIZATION,auto_confirmed,1,109.429,109.429,public-disclosure-v4,official_annual_direct_consistent
600758.SH,辽宁能源,2025,Q_G_COST_REVENUE_RATE,auto_confirmed,1,105.053,105.053,public-disclosure-v4,official_annual_direct_consistent
600758.SH,辽宁能源,2025,Q_G_CURRENT_ASSET_TURNOVER,auto_confirmed,1,1.0115,1.0115,public-disclosure-v4,official_annual_direct_consistent
600758.SH,辽宁能源,2025,Q_G_DEBT_ASSET_RATE,auto_confirmed,1,59.1431,59.1431,public-disclosure-v4,consolidated_statement_year_end_derived
600758.SH,辽宁能源,2025,Q_G_EBITDA_INTEREST,auto_confirmed,1,-1.1458,-1.1458,public-disclosure-v4,official_annual_direct_consistent
600758.SH,辽宁能源,2025,Q_G_OPERATING_MARGIN,auto_confirmed,1,-5.3412,-5.3412,public-disclosure-v4,official_annual_direct_consistent
600758.SH,辽宁能源,2025,Q_G_OPERATING_PROFIT_GROWTH,auto_confirmed,1,-152.15,-152.15,public-disclosure-v4,official_annual_direct_consistent
600758.SH,辽宁能源,2025,Q_G_REVENUE_GROWTH,auto_confirmed,1,-15.1285,-15.1285,public-disclosure-v4,official_annual_direct_consistent
600758.SH,辽宁能源,2025,Q_G_ROA,auto_confirmed,1,-1.0195,-1.0195,public-disclosure-v4,official_annual_direct_consistent
600758.SH,辽宁能源,2025,Q_G_ROE,auto_confirmed,1,5,5,public-disclosure-v4,official_annual_direct_consistent
600758.SH,辽宁能源,2025,Q_G_TWO_FUNDS_RATE,auto_confirmed,1,12.5797,12.5797,public-disclosure-v4,official_annual_direct_consistent
600758.SH,辽宁能源,2025,Q_S_DIVIDEND_PER_SHARE,auto_confirmed,1,0,0,public-disclosure-v4,official_annual_direct_consistent
600777.SH,*ST新潮,2025,Q_G_AR_TURNOVER,auto_confirmed,1,9.022,9.022,public-disclosure-v4,official_annual_direct_consistent
600777.SH,*ST新潮,2025,Q_G_ASSET_TURNOVER,auto_confirmed,1,0.206,0.206,public-disclosure-v4,official_annual_direct_consistent
600777.SH,*ST新潮,2025,Q_G_CASH_CURRENT_LIABILITY,auto_confirmed,1,210.52,210.52,public-disclosure-v4,official_annual_direct_consistent
600777.SH,*ST新潮,2025,Q_G_CASH_REALIZATION,auto_confirmed,1,99.8122,99.8122,public-disclosure-v4,official_annual_direct_consistent
600777.SH,*ST新潮,2025,Q_G_COST_REVENUE_RATE,auto_confirmed,1,86.2741,86.2741,public-disclosure-v4,official_annual_direct_consistent
600777.SH,*ST新潮,2025,Q_G_CURRENT_ASSET_TURNOVER,auto_confirmed,1,1.3786,1.3786,public-disclosure-v4,official_annual_direct_consistent
600777.SH,*ST新潮,2025,Q_G_DEBT_ASSET_RATE,auto_confirmed,3,34.3467|34.35,34.3467,public-disclosure-v4,consolidated_statement_year_end_derived
600777.SH,*ST新潮,2025,Q_G_EBITDA_INTEREST,auto_confirmed,1,4.0429,4.0429,public-disclosure-v4,official_annual_direct_consistent
600777.SH,*ST新潮,2025,Q_G_OPERATING_MARGIN,auto_confirmed,1,15.0879,15.0879,public-disclosure-v4,official_annual_direct_consistent
600777.SH,*ST新潮,2025,Q_G_OPERATING_PROFIT_GROWTH,auto_confirmed,1,208.041,208.041,public-disclosure-v4,official_annual_direct_consistent
600777.SH,*ST新潮,2025,Q_G_REVENUE_GROWTH,auto_confirmed,1,-13.0101,-13.0101,public-disclosure-v4,official_annual_direct_consistent
600777.SH,*ST新潮,2025,Q_G_ROA,auto_confirmed,1,5.4267,5.4267,public-disclosure-v4,official_annual_direct_consistent
600777.SH,*ST新潮,2025,Q_G_ROE,auto_confirmed,4,5.26,5.26,public-disclosure-v4,official_annual_direct_consistent
600777.SH,*ST新潮,2025,Q_G_TWO_FUNDS_RATE,auto_confirmed,1,13.3842,13.3842,public-disclosure-v4,official_annual_direct_consistent
600780.SH,通宝能源,2025,Q_G_AR_TURNOVER,auto_confirmed,1,12.0431,12.0431,public-disclosure-v4,official_annual_direct_consistent
600780.SH,通宝能源,2025,Q_G_ASSET_TURNOVER,auto_confirmed,1,0.9969,0.9969,public-disclosure-v4,official_annual_direct_consistent
600780.SH,通宝能源,2025,Q_G_CASH_CURRENT_LIABILITY,auto_confirmed,1,51.3323,51.3323,public-disclosure-v4,official_annual_direct_consistent
600780.SH,通宝能源,2025,Q_G_CASH_REALIZATION,auto_confirmed,1,116.237,116.237,public-disclosure-v4,official_annual_direct_consistent
600780.SH,通宝能源,2025,Q_G_COST_REVENUE_RATE,auto_confirmed,1,94.1717,94.1717,public-disclosure-v4,official_annual_direct_consistent
600780.SH,通宝能源,2025,Q_G_CURRENT_ASSET_TURNOVER,auto_confirmed,1,2.8347,2.8347,public-disclosure-v4,official_annual_direct_consistent
600780.SH,通宝能源,2025,Q_G_DEBT_ASSET_RATE,auto_confirmed,1,30.8575,30.8575,public-disclosure-v4,consolidated_statement_year_end_derived
600780.SH,通宝能源,2025,Q_G_EBITDA_INTEREST,auto_confirmed,1,64.5436,64.5436,public-disclosure-v4,official_annual_direct_consistent
600780.SH,通宝能源,2025,Q_G_OPERATING_MARGIN,auto_confirmed,1,7.4566,7.4566,public-disclosure-v4,official_annual_direct_consistent
600780.SH,通宝能源,2025,Q_G_OPERATING_PROFIT_GROWTH,auto_confirmed,1,25.9929,25.9929,public-disclosure-v4,official_annual_direct_consistent
600780.SH,通宝能源,2025,Q_G_REVENUE_GROWTH,auto_confirmed,1,4.0231,4.0231,public-disclosure-v4,official_annual_direct_consistent
600780.SH,通宝能源,2025,Q_G_ROA,auto_confirmed,1,7.5671,7.5671,public-disclosure-v4,official_annual_direct_consistent
600780.SH,通宝能源,2025,Q_G_ROE,auto_confirmed,1,8.08,8.08,public-disclosure-v4,official_annual_direct_consistent
600780.SH,通宝能源,2025,Q_G_TWO_FUNDS_RATE,auto_confirmed,1,25.4848,25.4848,public-disclosure-v4,official_annual_direct_consistent
600780.SH,通宝能源,2025,Q_S_DIVIDEND_PER_SHARE,auto_confirmed,1,0.18,0.18,public-disclosure-v4,official_annual_direct_consistent
600780.SH,通宝能源,2025,Q_S_RD_RATE,auto_confirmed,1,0.02,0.02,public-disclosure-v4,official_annual_direct_consistent
600795.SH,国电电力,2025,Q_G_AR_TURNOVER,auto_confirmed,1,12.945,12.945,public-disclosure-v4,official_annual_direct_consistent
600795.SH,国电电力,2025,Q_G_ASSET_TURNOVER,auto_confirmed,1,0.6162,0.6162,public-disclosure-v4,official_annual_direct_consistent
600795.SH,国电电力,2025,Q_G_CASH_CURRENT_LIABILITY,auto_confirmed,1,38.1047,38.1047,public-disclosure-v4,official_annual_direct_consistent
600795.SH,国电电力,2025,Q_G_CASH_REALIZATION,auto_confirmed,1,115.951,115.951,public-disclosure-v4,official_annual_direct_consistent
600795.SH,国电电力,2025,Q_G_COST_REVENUE_RATE,auto_confirmed,1,90.8245,90.8245,public-disclosure-v4,official_annual_direct_consistent
600795.SH,国电电力,2025,Q_G_CURRENT_ASSET_TURNOVER,auto_confirmed,1,4.4311,4.4311,public-disclosure-v4,official_annual_direct_consistent
600795.SH,国电电力,2025,Q_G_DEBT_ASSET_RATE,auto_confirmed,2,73.4474|73.45,73.4474,public-disclosure-v4,consolidated_statement_year_end_derived
600795.SH,国电电力,2025,Q_G_EBITDA_INTEREST,auto_confirmed,1,4.0515,4.0515,public-disclosure-v4,official_annual_direct_consistent
600795.SH,国电电力,2025,Q_G_OPERATING_MARGIN,auto_confirmed,1,10.5925,10.5925,public-disclosure-v4,official_annual_direct_consistent
600795.SH,国电电力,2025,Q_G_REVENUE_GROWTH,auto_confirmed,1,-4.9882,-4.9882,public-disclosure-v4,official_annual_direct_consistent
600795.SH,国电电力,2025,Q_G_ROA,auto_confirmed,1,8.5522,8.5522,public-disclosure-v4,official_annual_direct_consistent
600795.SH,国电电力,2025,Q_G_ROE,manual_required,2,10|12.283,,public-disclosure-v4,conflicting_or_ineligible_sources
600795.SH,国电电力,2025,Q_G_TWO_FUNDS_RATE,auto_confirmed,1,54.6856,54.6856,public-disclosure-v4,official_annual_direct_consistent
600795.SH,国电电力,2025,Q_S_DIVIDEND_PER_SHARE,auto_confirmed,1,0.241,0.241,public-disclosure-v4,official_annual_direct_consistent
600795.SH,国电电力,2025,Q_S_RD_RATE,auto_confirmed,1,0.59,0.59,public-disclosure-v4,official_annual_direct_consistent
600803.SH,新奥股份,2025,Q_G_REVENUE_GROWTH,auto_confirmed,1,-3.2243,-3.2243,public-disclosure-v4,official_annual_direct_consistent
600803.SH,新奥股份,2025,Q_G_ROE,auto_confirmed,1,19.35,19.35,public-disclosure-v4,official_annual_direct_consistent
600803.SH,新奥股份,2025,Q_S_DIVIDEND_PER_SHARE,auto_confirmed,1,1.14,1.14,public-disclosure-v4,official_annual_direct_consistent
600803.SH,新奥股份,2025,Q_S_RD_RATE,auto_confirmed,1,0.74,0.74,public-disclosure-v4,official_annual_direct_consistent
600821.SH,金开新能,2025,Q_G_AR_TURNOVER,auto_confirmed,1,0.4495,0.4495,public-disclosure-v4,official_annual_direct_consistent
600821.SH,金开新能,2025,Q_G_ASSET_TURNOVER,auto_confirmed,1,0.0869,0.0869,public-disclosure-v4,official_annual_direct_consistent
600821.SH,金开新能,2025,Q_G_CASH_CURRENT_LIABILITY,auto_confirmed,1,43.2437,43.2437,public-disclosure-v4,official_annual_direct_consistent
600821.SH,金开新能,2025,Q_G_CASH_REALIZATION,auto_confirmed,1,187.74,187.74,public-disclosure-v4,official_annual_direct_consistent
600821.SH,金开新能,2025,Q_G_COST_REVENUE_RATE,auto_confirmed,1,81.7461,81.7461,public-disclosure-v4,official_annual_direct_consistent
600821.SH,金开新能,2025,Q_G_CURRENT_ASSET_TURNOVER,auto_confirmed,1,0.3485,0.3485,public-disclosure-v4,official_annual_direct_consistent
600821.SH,金开新能,2025,Q_G_DEBT_ASSET_RATE,auto_confirmed,1,72.4189,72.4189,public-disclosure-v4,consolidated_statement_year_end_derived
600821.SH,金开新能,2025,Q_G_EBITDA_INTEREST,auto_confirmed,1,1.3733,1.3733,public-disclosure-v4,official_annual_direct_consistent
600821.SH,金开新能,2025,Q_G_OPERATING_MARGIN,auto_confirmed,1,7.9767,7.9767,public-disclosure-v4,official_annual_direct_consistent
600821.SH,金开新能,2025,Q_G_OPERATING_PROFIT_GROWTH,auto_confirmed,1,-74.2123,-74.2123,public-disclosure-v4,official_annual_direct_consistent
600821.SH,金开新能,2025,Q_G_REVENUE_GROWTH,auto_confirmed,1,-4.4431,-4.4431,public-disclosure-v4,official_annual_direct_consistent
600821.SH,金开新能,2025,Q_G_ROA,auto_confirmed,1,2.7807,2.7807,public-disclosure-v4,official_annual_direct_consistent
600821.SH,金开新能,2025,Q_G_ROE,auto_confirmed,1,1.11,1.11,public-disclosure-v4,official_annual_direct_consistent
600821.SH,金开新能,2025,Q_G_TWO_FUNDS_RATE,auto_confirmed,1,77.1935,77.1935,public-disclosure-v4,official_annual_direct_consistent
600821.SH,金开新能,2025,Q_S_DIVIDEND_PER_SHARE,auto_confirmed,1,0.1,0.1,public-disclosure-v4,official_annual_direct_consistent
600821.SH,金开新能,2025,Q_S_RD_RATE,auto_confirmed,1,0.36,0.36,public-disclosure-v4,official_annual_direct_consistent
600847.SH,万里股份,2025,Q_G_AR_TURNOVER,auto_confirmed,1,7.581,7.581,public-disclosure-v4,official_annual_direct_consistent
600847.SH,万里股份,2025,Q_G_ASSET_TURNOVER,auto_confirmed,1,1.7053,1.7053,public-disclosure-v4,official_annual_direct_consistent
600847.SH,万里股份,2025,Q_G_CASH_CURRENT_LIABILITY,auto_confirmed,1,-2.9244,-2.9244,public-disclosure-v4,official_annual_direct_consistent
600847.SH,万里股份,2025,Q_G_CASH_REALIZATION,auto_confirmed,1,103.199,103.199,public-disclosure-v4,official_annual_direct_consistent
600847.SH,万里股份,2025,Q_G_COST_REVENUE_RATE,auto_confirmed,1,108.876,108.876,public-disclosure-v4,official_annual_direct_consistent
600847.SH,万里股份,2025,Q_G_CURRENT_ASSET_TURNOVER,auto_confirmed,1,1.1729,1.1729,public-disclosure-v4,official_annual_direct_consistent
600847.SH,万里股份,2025,Q_G_DEBT_ASSET_RATE,auto_confirmed,1,12.8964,12.8964,public-disclosure-v4,consolidated_statement_year_end_derived
600847.SH,万里股份,2025,Q_G_EBITDA_INTEREST,auto_confirmed,1,-399.863,-399.863,public-disclosure-v4,official_annual_direct_consistent
600847.SH,万里股份,2025,Q_G_OPERATING_MARGIN,auto_confirmed,1,-10.357,-10.357,public-disclosure-v4,official_annual_direct_consistent
600847.SH,万里股份,2025,Q_G_OPERATING_PROFIT_GROWTH,auto_confirmed,1,36.8216,36.8216,public-disclosure-v4,official_annual_direct_consistent
600847.SH,万里股份,2025,Q_G_REVENUE_GROWTH,auto_confirmed,1,-12.3866,-12.3866,public-disclosure-v4,official_annual_direct_consistent
600847.SH,万里股份,2025,Q_G_ROA,auto_confirmed,1,-17.7777,-17.7777,public-disclosure-v4,official_annual_direct_consistent
600847.SH,万里股份,2025,Q_G_ROE,auto_confirmed,2,10.15,10.15,public-disclosure-v4,official_annual_direct_consistent
600847.SH,万里股份,2025,Q_G_TWO_FUNDS_RATE,auto_confirmed,1,41.2645,41.2645,public-disclosure-v4,official_annual_direct_consistent
600847.SH,万里股份,2025,Q_S_RD_RATE,auto_confirmed,1,0.79,0.79,public-disclosure-v4,official_annual_direct_consistent
600863.SH,华能蒙电,2025,Q_G_AR_TURNOVER,auto_confirmed,1,4.5128,4.5128,public-disclosure-v4,official_annual_direct_consistent
600863.SH,华能蒙电,2025,Q_G_ASSET_TURNOVER,auto_confirmed,1,0.8134,0.8134,public-disclosure-v4,official_annual_direct_consistent
600863.SH,华能蒙电,2025,Q_G_CASH_CURRENT_LIABILITY,auto_confirmed,1,40.3926,40.3926,public-disclosure-v4,official_annual_direct_consistent
600863.SH,华能蒙电,2025,Q_G_CASH_REALIZATION,auto_confirmed,1,116.044,116.044,public-disclosure-v4,official_annual_direct_consistent
600863.SH,华能蒙电,2025,Q_G_COST_REVENUE_RATE,auto_confirmed,1,82.195,82.195,public-disclosure-v4,official_annual_direct_consistent
600863.SH,华能蒙电,2025,Q_G_CURRENT_ASSET_TURNOVER,auto_confirmed,1,2.946,2.946,public-disclosure-v4,official_annual_direct_consistent
600863.SH,华能蒙电,2025,Q_G_DEBT_ASSET_RATE,auto_confirmed,1,52.7299,52.7299,public-disclosure-v4,consolidated_statement_year_end_derived
600863.SH,华能蒙电,2025,Q_G_EBITDA_INTEREST,auto_confirmed,1,14.2425,14.2425,public-disclosure-v4,official_annual_direct_consistent
600863.SH,华能蒙电,2025,Q_G_OPERATING_MARGIN,auto_confirmed,1,19.2304,19.2304,public-disclosure-v4,official_annual_direct_consistent
600863.SH,华能蒙电,2025,Q_G_REVENUE_GROWTH,auto_confirmed,1,-11.7569,-11.7569,public-disclosure-v4,official_annual_direct_consistent
600863.SH,华能蒙电,2025,Q_G_ROA,auto_confirmed,1,15.5632,15.5632,public-disclosure-v4,official_annual_direct_consistent
600863.SH,华能蒙电,2025,Q_G_ROE,auto_confirmed,1,12.25,12.25,public-disclosure-v4,official_annual_direct_consistent
600863.SH,华能蒙电,2025,Q_G_TWO_FUNDS_RATE,auto_confirmed,1,73.69,73.69,public-disclosure-v4,official_annual_direct_consistent
600863.SH,华能蒙电,2025,Q_S_DIVIDEND_PER_SHARE,auto_confirmed,1,0.22,0.22,public-disclosure-v4,official_annual_direct_consistent
600863.SH,华能蒙电,2025,Q_S_RD_RATE,auto_confirmed,1,1.28,1.28,public-disclosure-v4,official_annual_direct_consistent
600868.SH,梅雁吉祥,2025,Q_G_AR_TURNOVER,auto_confirmed,1,2.2885,2.2885,public-disclosure-v4,official_annual_direct_consistent
600868.SH,梅雁吉祥,2025,Q_G_ASSET_TURNOVER,auto_confirmed,1,0.2626,0.2626,public-disclosure-v4,official_annual_direct_consistent
600868.SH,梅雁吉祥,2025,Q_G_CASH_CURRENT_LIABILITY,auto_confirmed,1,18.3503,18.3503,public-disclosure-v4,official_annual_direct_consistent
600868.SH,梅雁吉祥,2025,Q_G_CASH_REALIZATION,auto_confirmed,1,122.651,122.651,public-disclosure-v4,official_annual_direct_consistent
600868.SH,梅雁吉祥,2025,Q_G_COST_REVENUE_RATE,auto_confirmed,1,113.569,113.569,public-disclosure-v4,official_annual_direct_consistent
600868.SH,梅雁吉祥,2025,Q_G_CURRENT_ASSET_TURNOVER,auto_confirmed,1,0.7625,0.7625,public-disclosure-v4,official_annual_direct_consistent
600868.SH,梅雁吉祥,2025,Q_G_DEBT_ASSET_RATE,auto_confirmed,1,33.2153,33.2153,public-disclosure-v4,consolidated_statement_year_end_derived
600868.SH,梅雁吉祥,2025,Q_G_EBITDA_INTEREST,auto_confirmed,1,-8.0191,-8.0191,public-disclosure-v4,official_annual_direct_consistent
600868.SH,梅雁吉祥,2025,Q_G_OPERATING_MARGIN,auto_confirmed,1,-51.8486,-51.8486,public-disclosure-v4,official_annual_direct_consistent
600868.SH,梅雁吉祥,2025,Q_G_REVENUE_GROWTH,auto_confirmed,1,3.3995,3.3995,public-disclosure-v4,official_annual_direct_consistent
600868.SH,梅雁吉祥,2025,Q_G_ROA,auto_confirmed,1,-12.3576,-12.3576,public-disclosure-v4,official_annual_direct_consistent
600868.SH,梅雁吉祥,2025,Q_G_ROE,auto_confirmed,1,4.94,4.94,public-disclosure-v4,official_annual_direct_consistent
600868.SH,梅雁吉祥,2025,Q_G_TWO_FUNDS_RATE,auto_confirmed,1,38.3668,38.3668,public-disclosure-v4,official_annual_direct_consistent
600868.SH,梅雁吉祥,2025,Q_S_RD_RATE,auto_confirmed,1,1.5,1.5,public-disclosure-v4,official_annual_direct_consistent
600869.SH,远东股份,2025,Q_G_AR_TURNOVER,auto_confirmed,1,4.9936,4.9936,public-disclosure-v4,official_annual_direct_consistent
600869.SH,远东股份,2025,Q_G_ASSET_TURNOVER,auto_confirmed,1,1.3618,1.3618,public-disclosure-v4,official_annual_direct_consistent
600869.SH,远东股份,2025,Q_G_CASH_CURRENT_LIABILITY,auto_confirmed,1,6.2655,6.2655,public-disclosure-v4,official_annual_direct_consistent
600869.SH,远东股份,2025,Q_G_CASH_REALIZATION,auto_confirmed,1,102.97,102.97,public-disclosure-v4,official_annual_direct_consistent
600869.SH,远东股份,2025,Q_G_COST_REVENUE_RATE,auto_confirmed,1,99.933,99.933,public-disclosure-v4,official_annual_direct_consistent
600869.SH,远东股份,2025,Q_G_CURRENT_ASSET_TURNOVER,auto_confirmed,1,1.9934,1.9934,public-disclosure-v4,official_annual_direct_consistent
600869.SH,远东股份,2025,Q_G_DEBT_ASSET_RATE,auto_confirmed,1,80.1718,80.1718,public-disclosure-v4,consolidated_statement_year_end_derived
600869.SH,远东股份,2025,Q_G_EBITDA_INTEREST,auto_confirmed,1,1.1712,1.1712,public-disclosure-v4,official_annual_direct_consistent
600869.SH,远东股份,2025,Q_G_OPERATING_MARGIN,auto_confirmed,1,0.2322,0.2322,public-disclosure-v4,official_annual_direct_consistent
600869.SH,远东股份,2025,Q_G_OPERATING_PROFIT_GROWTH,auto_confirmed,1,-117.299,-117.299,public-disclosure-v4,official_annual_direct_consistent
600869.SH,远东股份,2025,Q_G_REVENUE_GROWTH,auto_confirmed,1,7.7182,7.7182,public-disclosure-v4,official_annual_direct_consistent
600869.SH,远东股份,2025,Q_G_ROA,auto_confirmed,1,2.0479,2.0479,public-disclosure-v4,official_annual_direct_consistent
600869.SH,远东股份,2025,Q_G_ROE,auto_confirmed,1,1.39,1.39,public-disclosure-v4,official_annual_direct_consistent
600869.SH,远东股份,2025,Q_G_TWO_FUNDS_RATE,auto_confirmed,1,56.3617,56.3617,public-disclosure-v4,official_annual_direct_consistent
600869.SH,远东股份,2025,Q_S_DIVIDEND_PER_SHARE,auto_confirmed,1,0.01,0.01,public-disclosure-v4,official_annual_direct_consistent
600869.SH,远东股份,2025,Q_S_RD_RATE,auto_confirmed,1,1.99,1.99,public-disclosure-v4,official_annual_direct_consistent
600871.SH,石化油服,2025,Q_G_DEBT_ASSET_RATE,auto_confirmed,2,88,88,public-disclosure-v4,official_annual_direct_consistent
600871.SH,石化油服,2025,Q_G_REVENUE_GROWTH,auto_confirmed,1,-0.4735,-0.4735,public-disclosure-v4,official_annual_direct_consistent
600871.SH,石化油服,2025,Q_G_ROE,auto_confirmed,1,7.35,7.35,public-disclosure-v4,official_annual_direct_consistent
600871.SH,石化油服,2025,Q_S_DIVIDEND_PER_SHARE,auto_confirmed,1,0,0,public-disclosure-v4,official_annual_direct_consistent
600871.SH,石化油服,2025,Q_S_RD_RATE,auto_confirmed,1,2.8,2.8,public-disclosure-v4,official_annual_direct_consistent
600875.SH,东方电气,2025,Q_G_REVENUE_GROWTH,auto_confirmed,1,13.1062,13.1062,public-disclosure-v4,official_annual_direct_consistent
600875.SH,东方电气,2025,Q_G_ROE,auto_confirmed,1,9,9,public-disclosure-v4,official_annual_direct_consistent
600875.SH,东方电气,2025,Q_S_DIVIDEND_PER_SHARE,auto_confirmed,1,0.53,0.53,public-disclosure-v4,official_annual_direct_consistent
600875.SH,东方电气,2025,Q_S_RD_RATE,auto_confirmed,1,4.94,4.94,public-disclosure-v4,official_annual_direct_consistent
600884.SH,杉杉股份,2025,Q_G_AR_TURNOVER,auto_confirmed,1,4.3816,4.3816,public-disclosure-v4,official_annual_direct_consistent
600884.SH,杉杉股份,2025,Q_G_ASSET_TURNOVER,auto_confirmed,1,0.4727,0.4727,public-disclosure-v4,official_annual_direct_consistent
600884.SH,杉杉股份,2025,Q_G_CAPITAL_ACCUMULATION,auto_confirmed,1,1.7579,1.7579,public-disclosure-v4,official_annual_direct_consistent
600884.SH,杉杉股份,2025,Q_G_CASH_CURRENT_LIABILITY,auto_confirmed,1,14.8224,14.8224,public-disclosure-v4,official_annual_direct_consistent
600884.SH,杉杉股份,2025,Q_G_CASH_REALIZATION,auto_confirmed,1,97.39,97.39,public-disclosure-v4,official_annual_direct_consistent
600884.SH,杉杉股份,2025,Q_G_COST_REVENUE_RATE,auto_confirmed,1,95.7789,95.7789,public-disclosure-v4,official_annual_direct_consistent
600884.SH,杉杉股份,2025,Q_G_CURRENT_ASSET_TURNOVER,auto_confirmed,1,1.2836,1.2836,public-disclosure-v4,official_annual_direct_consistent
600884.SH,杉杉股份,2025,Q_G_DEBT_ASSET_RATE,auto_confirmed,1,49.1001,49.1001,public-disclosure-v4,consolidated_statement_year_end_derived
600884.SH,杉杉股份,2025,Q_G_EBITDA_INTEREST,auto_confirmed,1,2.0385,2.0385,public-disclosure-v4,official_annual_direct_consistent
600884.SH,杉杉股份,2025,Q_G_OPERATING_MARGIN,auto_confirmed,1,2.8648,2.8648,public-disclosure-v4,official_annual_direct_consistent
600884.SH,杉杉股份,2025,Q_G_OPERATING_PROFIT_GROWTH,auto_confirmed,1,-367.603,-367.603,public-disclosure-v4,official_annual_direct_consistent
600884.SH,杉杉股份,2025,Q_G_REVENUE_GROWTH,auto_confirmed,1,15.5639,15.5639,public-disclosure-v4,official_annual_direct_consistent
600884.SH,杉杉股份,2025,Q_G_ROA,auto_confirmed,1,2.6567,2.6567,public-disclosure-v4,official_annual_direct_consistent
600884.SH,杉杉股份,2025,Q_G_ROE,auto_confirmed,2,2.1,2.1,public-disclosure-v4,official_annual_direct_consistent
600884.SH,杉杉股份,2025,Q_G_TWO_FUNDS_RATE,auto_confirmed,1,71.5181,71.5181,public-disclosure-v4,official_annual_direct_consistent
600884.SH,杉杉股份,2025,Q_S_RD_RATE,auto_confirmed,1,5.57,5.57,public-disclosure-v4,official_annual_direct_consistent
600885.SH,宏发股份,2025,Q_G_AR_TURNOVER,auto_confirmed,1,4.64,4.64,public-disclosure-v4,official_annual_direct_consistent
600885.SH,宏发股份,2025,Q_G_ASSET_TURNOVER,auto_confirmed,1,1.4356,1.4356,public-disclosure-v4,official_annual_direct_consistent
600885.SH,宏发股份,2025,Q_G_CASH_CURRENT_LIABILITY,auto_confirmed,1,47.8302,47.8302,public-disclosure-v4,official_annual_direct_consistent
600885.SH,宏发股份,2025,Q_G_CASH_REALIZATION,auto_confirmed,1,102.484,102.484,public-disclosure-v4,official_annual_direct_consistent
600885.SH,宏发股份,2025,Q_G_COST_REVENUE_RATE,auto_confirmed,1,85.5233,85.5233,public-disclosure-v4,official_annual_direct_consistent
600885.SH,宏发股份,2025,Q_G_CURRENT_ASSET_TURNOVER,auto_confirmed,1,2.2923,2.2923,public-disclosure-v4,official_annual_direct_consistent
600885.SH,宏发股份,2025,Q_G_DEBT_ASSET_RATE,auto_confirmed,2,31.47|31.4741,31.4741,public-disclosure-v4,consolidated_statement_year_end_derived
600885.SH,宏发股份,2025,Q_G_EBITDA_INTEREST,auto_confirmed,1,20.6561,20.6561,public-disclosure-v4,official_annual_direct_consistent
600885.SH,宏发股份,2025,Q_G_OPERATING_MARGIN,auto_confirmed,1,15.6635,15.6635,public-disclosure-v4,official_annual_direct_consistent
600885.SH,宏发股份,2025,Q_G_OPERATING_PROFIT_GROWTH,auto_confirmed,1,10.2298,10.2298,public-disclosure-v4,official_annual_direct_consistent
600885.SH,宏发股份,2025,Q_G_REVENUE_GROWTH,auto_confirmed,1,21.9818,21.9818,public-disclosure-v4,official_annual_direct_consistent
600885.SH,宏发股份,2025,Q_G_ROA,auto_confirmed,1,23.5788,23.5788,public-disclosure-v4,official_annual_direct_consistent
600885.SH,宏发股份,2025,Q_G_ROE,auto_confirmed,1,17.23,17.23,public-disclosure-v4,official_annual_direct_consistent
600885.SH,宏发股份,2025,Q_G_TWO_FUNDS_RATE,auto_confirmed,1,56.2283,56.2283,public-disclosure-v4,official_annual_direct_consistent
600885.SH,宏发股份,2025,Q_S_DIVIDEND_PER_SHARE,auto_confirmed,1,0.347,0.347,public-disclosure-v4,official_annual_direct_consistent
600885.SH,宏发股份,2025,Q_S_RD_RATE,auto_confirmed,1,5.31,5.31,public-disclosure-v4,official_annual_direct_consistent
600886.SH,国投电力,2025,Q_G_AR_TURNOVER,auto_confirmed,1,3.9518,3.9518,public-disclosure-v4,official_annual_direct_consistent
600886.SH,国投电力,2025,Q_G_ASSET_TURNOVER,auto_confirmed,1,0.1738,0.1738,public-disclosure-v4,official_annual_direct_consistent
600886.SH,国投电力,2025,Q_G_CASH_CURRENT_LIABILITY,auto_confirmed,1,51.374,51.374,public-disclosure-v4,official_annual_direct_consistent
600886.SH,国投电力,2025,Q_G_CASH_REALIZATION,auto_confirmed,1,121.551,121.551,public-disclosure-v4,official_annual_direct_consistent
600886.SH,国投电力,2025,Q_G_COST_REVENUE_RATE,auto_confirmed,1,71.0548,71.0548,public-disclosure-v4,official_annual_direct_consistent
600886.SH,国投电力,2025,Q_G_CURRENT_ASSET_TURNOVER,auto_confirmed,1,1.5678,1.5678,public-disclosure-v4,official_annual_direct_consistent
600886.SH,国投电力,2025,Q_G_DEBT_ASSET_RATE,auto_confirmed,3,60.52|60.5241|80,60.5241,public-disclosure-v4,consolidated_statement_year_end_derived
600886.SH,国投电力,2025,Q_G_EBITDA_INTEREST,auto_confirmed,1,4.9877,4.9877,public-disclosure-v4,official_annual_direct_consistent
600886.SH,国投电力,2025,Q_G_OPERATING_MARGIN,auto_confirmed,1,30.7513,30.7513,public-disclosure-v4,official_annual_direct_consistent
600886.SH,国投电力,2025,Q_G_OPERATING_PROFIT_GROWTH,auto_confirmed,1,3.0247,3.0247,public-disclosure-v4,official_annual_direct_consistent
600886.SH,国投电力,2025,Q_G_REVENUE_GROWTH,auto_confirmed,1,-8.3101,-8.3101,public-disclosure-v4,official_annual_direct_consistent
600886.SH,国投电力,2025,Q_G_ROA,auto_confirmed,1,6.6907,6.6907,public-disclosure-v4,official_annual_direct_consistent
600886.SH,国投电力,2025,Q_G_ROE,manual_required,3,5|10|11.35,,public-disclosure-v4,conflicting_or_ineligible_sources
600886.SH,国投电力,2025,Q_G_TWO_FUNDS_RATE,auto_confirmed,1,32.5769,32.5769,public-disclosure-v4,official_annual_direct_consistent
600886.SH,国投电力,2025,Q_S_DIVIDEND_PER_SHARE,auto_confirmed,1,0.5081,0.5081,public-disclosure-v4,official_annual_direct_consistent
600886.SH,国投电力,2025,Q_S_RD_RATE,auto_confirmed,1,0.56,0.56,public-disclosure-v4,official_annual_direct_consistent
600900.SH,长江电力,2025,Q_E_ENERGY_INTENSITY,auto_confirmed,1,2,2,public-disclosure-v4,official_esg_direct_consistent
600900.SH,长江电力,2025,Q_E_GHG_INTENSITY,auto_confirmed,1,6.68,6.68,public-disclosure-v4,official_esg_direct_consistent
600900.SH,长江电力,2025,Q_E_WATER_INTENSITY,auto_confirmed,1,810,810,public-disclosure-v4,official_esg_direct_consistent
600900.SH,长江电力,2025,Q_G_AR_TURNOVER,auto_confirmed,1,10.4041,10.4041,public-disclosure-v4,official_annual_direct_consistent
600900.SH,长江电力,2025,Q_G_ASSET_TURNOVER,auto_confirmed,1,0.3003,0.3003,public-disclosure-v4,official_annual_direct_consistent
600900.SH,长江电力,2025,Q_G_CAPITAL_ACCUMULATION,auto_confirmed,1,5.0776,5.0776,public-disclosure-v4,official_annual_direct_consistent
600900.SH,长江电力,2025,Q_G_CASH_CURRENT_LIABILITY,auto_confirmed,1,50.919,50.919,public-disclosure-v4,official_annual_direct_consistent
600900.SH,长江电力,2025,Q_G_CASH_REALIZATION,auto_confirmed,1,116.837,116.837,public-disclosure-v4,official_annual_direct_consistent
600900.SH,长江电力,2025,Q_G_COST_REVENUE_RATE,auto_confirmed,1,56.546,56.546,public-disclosure-v4,official_annual_direct_consistent
600900.SH,长江电力,2025,Q_G_CURRENT_ASSET_TURNOVER,auto_confirmed,1,5.5648,5.5648,public-disclosure-v4,official_annual_direct_consistent
600900.SH,长江电力,2025,Q_G_DEBT_ASSET_RATE,auto_confirmed,2,58.2695|58.27,58.2695,public-disclosure-v4,consolidated_statement_year_end_derived
600900.SH,长江电力,2025,Q_G_EBITDA_INTEREST,auto_confirmed,1,5.3896,5.3896,public-disclosure-v4,official_annual_direct_consistent
600900.SH,长江电力,2025,Q_G_OPERATING_MARGIN,auto_confirmed,1,49.3952,49.3952,public-disclosure-v4,official_annual_direct_consistent
600900.SH,长江电力,2025,Q_G_REVENUE_GROWTH,auto_confirmed,1,2.0713,2.0713,public-disclosure-v4,official_annual_direct_consistent
600900.SH,长江电力,2025,Q_G_ROA,auto_confirmed,1,17.8445,17.8445,public-disclosure-v4,official_annual_direct_consistent
600900.SH,长江电力,2025,Q_G_ROE,auto_confirmed,2,15.9,15.9,public-disclosure-v4,official_annual_direct_consistent
600900.SH,长江电力,2025,Q_G_TWO_FUNDS_RATE,auto_confirmed,1,58.6617,58.6617,public-disclosure-v4,official_annual_direct_consistent
600900.SH,长江电力,2025,Q_S_DIVIDEND_PER_SHARE,auto_confirmed,1,1,1,public-disclosure-v4,official_annual_direct_consistent
600900.SH,长江电力,2025,Q_S_RD_RATE,auto_confirmed,1,2.85,2.85,public-disclosure-v4,official_annual_direct_consistent
600903.SH,贵州燃气,2025,Q_G_AR_TURNOVER,auto_confirmed,1,6.4657,6.4657,public-disclosure-v4,official_annual_direct_consistent
600903.SH,贵州燃气,2025,Q_G_ASSET_TURNOVER,auto_confirmed,1,0.5718,0.5718,public-disclosure-v4,official_annual_direct_consistent
600903.SH,贵州燃气,2025,Q_G_CASH_REALIZATION,auto_confirmed,1,111.008,111.008,public-disclosure-v4,official_annual_direct_consistent
600903.SH,贵州燃气,2025,Q_G_COST_REVENUE_RATE,auto_confirmed,1,97.0165,97.0165,public-disclosure-v4,official_annual_direct_consistent
600903.SH,贵州燃气,2025,Q_G_CURRENT_ASSET_TURNOVER,auto_confirmed,1,2.7474,2.7474,public-disclosure-v4,official_annual_direct_consistent
600903.SH,贵州燃气,2025,Q_G_DEBT_ASSET_RATE,auto_confirmed,2,65.44|65.4408,65.4408,public-disclosure-v4,consolidated_statement_year_end_derived
600903.SH,贵州燃气,2025,Q_G_EBITDA_INTEREST,auto_confirmed,1,1.9427,1.9427,public-disclosure-v4,official_annual_direct_consistent
600903.SH,贵州燃气,2025,Q_G_OPERATING_MARGIN,auto_confirmed,1,2.4122,2.4122,public-disclosure-v4,official_annual_direct_consistent
600903.SH,贵州燃气,2025,Q_G_OPERATING_PROFIT_GROWTH,auto_confirmed,1,-11.4136,-11.4136,public-disclosure-v4,official_annual_direct_consistent
600903.SH,贵州燃气,2025,Q_G_REVENUE_GROWTH,auto_confirmed,1,-0.586,-0.586,public-disclosure-v4,official_annual_direct_consistent
600903.SH,贵州燃气,2025,Q_G_ROA,auto_confirmed,1,3.0651,3.0651,public-disclosure-v4,official_annual_direct_consistent
600903.SH,贵州燃气,2025,Q_G_ROE,auto_confirmed,1,1.53,1.53,public-disclosure-v4,official_annual_direct_consistent
600903.SH,贵州燃气,2025,Q_G_TWO_FUNDS_RATE,auto_confirmed,1,59.9501,59.9501,public-disclosure-v4,official_annual_direct_consistent
600903.SH,贵州燃气,2025,Q_S_DIVIDEND_PER_SHARE,auto_confirmed,1,0.014,0.014,public-disclosure-v4,official_annual_direct_consistent
600903.SH,贵州燃气,2025,Q_S_RD_RATE,auto_confirmed,1,0.23,0.23,public-disclosure-v4,official_annual_direct_consistent
600905.SH,三峡能源,2025,Q_G_AR_TURNOVER,auto_confirmed,1,0.6107,0.6107,public-disclosure-v4,official_annual_direct_consistent
600905.SH,三峡能源,2025,Q_G_ASSET_TURNOVER,auto_confirmed,1,0.0763,0.0763,public-disclosure-v4,official_annual_direct_consistent
600905.SH,三峡能源,2025,Q_G_CAPITAL_ACCUMULATION,auto_confirmed,1,4.8399,4.8399,public-disclosure-v4,official_annual_direct_consistent
600905.SH,三峡能源,2025,Q_G_CASH_CURRENT_LIABILITY,auto_confirmed,1,32.7753,32.7753,public-disclosure-v4,official_annual_direct_consistent
600905.SH,三峡能源,2025,Q_G_CASH_REALIZATION,auto_confirmed,1,102.11,102.11,public-disclosure-v4,official_annual_direct_consistent
600905.SH,三峡能源,2025,Q_G_COST_REVENUE_RATE,auto_confirmed,1,81.2215,81.2215,public-disclosure-v4,official_annual_direct_consistent
600905.SH,三峡能源,2025,Q_G_CURRENT_ASSET_TURNOVER,auto_confirmed,1,0.5079,0.5079,public-disclosure-v4,official_annual_direct_consistent
600905.SH,三峡能源,2025,Q_G_DEBT_ASSET_RATE,auto_confirmed,3,71.91|71.912,71.912,public-disclosure-v4,consolidated_statement_year_end_derived
600905.SH,三峡能源,2025,Q_G_EBITDA_INTEREST,auto_confirmed,1,2.2073,2.2073,public-disclosure-v4,official_annual_direct_consistent
600905.SH,三峡能源,2025,Q_G_OPERATING_MARGIN,auto_confirmed,1,17.8796,17.8796,public-disclosure-v4,official_annual_direct_consistent
600905.SH,三峡能源,2025,Q_G_OPERATING_PROFIT_GROWTH,auto_confirmed,1,-40.4184,-40.4184,public-disclosure-v4,official_annual_direct_consistent
600905.SH,三峡能源,2025,Q_G_REVENUE_GROWTH,auto_confirmed,1,-4.4339,-4.4339,public-disclosure-v4,official_annual_direct_consistent
600905.SH,三峡能源,2025,Q_G_ROA,auto_confirmed,1,2.4728,2.4728,public-disclosure-v4,official_annual_direct_consistent
600905.SH,三峡能源,2025,Q_G_ROE,auto_confirmed,1,4.23,4.23,public-disclosure-v4,official_annual_direct_consistent
600905.SH,三峡能源,2025,Q_G_TWO_FUNDS_RATE,auto_confirmed,1,85.6316,85.6316,public-disclosure-v4,official_annual_direct_consistent
600905.SH,三峡能源,2025,Q_S_DIVIDEND_PER_SHARE,auto_confirmed,1,0.041,0.041,public-disclosure-v4,official_annual_direct_consistent
600905.SH,三峡能源,2025,Q_S_RD_RATE,auto_confirmed,2,1.95,1.95,public-disclosure-v4,official_annual_direct_consistent
600917.SH,重庆燃气,2025,Q_G_AR_TURNOVER,auto_confirmed,1,13.0846,13.0846,public-disclosure-v4,official_annual_direct_consistent
600917.SH,重庆燃气,2025,Q_G_ASSET_TURNOVER,auto_confirmed,1,0.9323,0.9323,public-disclosure-v4,official_annual_direct_consistent
600917.SH,重庆燃气,2025,Q_G_CASH_CURRENT_LIABILITY,auto_confirmed,1,11.3575,11.3575,public-disclosure-v4,official_annual_direct_consistent
600917.SH,重庆燃气,2025,Q_G_CASH_REALIZATION,auto_confirmed,1,115.936,115.936,public-disclosure-v4,official_annual_direct_consistent
600917.SH,重庆燃气,2025,Q_G_COST_REVENUE_RATE,auto_confirmed,1,98.3573,98.3573,public-disclosure-v4,official_annual_direct_consistent
600917.SH,重庆燃气,2025,Q_G_CURRENT_ASSET_TURNOVER,auto_confirmed,1,3.8033,3.8033,public-disclosure-v4,official_annual_direct_consistent
600917.SH,重庆燃气,2025,Q_G_DEBT_ASSET_RATE,auto_confirmed,1,41.3574,41.3574,public-disclosure-v4,consolidated_statement_year_end_derived
600917.SH,重庆燃气,2025,Q_G_EBITDA_INTEREST,auto_confirmed,1,12.5007,12.5007,public-disclosure-v4,official_annual_direct_consistent
600917.SH,重庆燃气,2025,Q_G_OPERATING_MARGIN,auto_confirmed,1,2.7314,2.7314,public-disclosure-v4,official_annual_direct_consistent
600917.SH,重庆燃气,2025,Q_G_OPERATING_PROFIT_GROWTH,auto_confirmed,1,-41.2006,-41.2006,public-disclosure-v4,official_annual_direct_consistent
600917.SH,重庆燃气,2025,Q_G_REVENUE_GROWTH,auto_confirmed,1,1.4104,1.4104,public-disclosure-v4,official_annual_direct_consistent
600917.SH,重庆燃气,2025,Q_G_ROA,auto_confirmed,1,2.8294,2.8294,public-disclosure-v4,official_annual_direct_consistent
600917.SH,重庆燃气,2025,Q_G_ROE,auto_confirmed,1,3.65,3.65,public-disclosure-v4,official_annual_direct_consistent
600917.SH,重庆燃气,2025,Q_G_TWO_FUNDS_RATE,auto_confirmed,1,33.0634,33.0634,public-disclosure-v4,official_annual_direct_consistent
600917.SH,重庆燃气,2025,Q_S_DIVIDEND_PER_SHARE,auto_confirmed,1,0.054,0.054,public-disclosure-v4,official_annual_direct_consistent
600925.SH,苏能股份,2025,Q_G_AR_TURNOVER,auto_confirmed,1,15.5547,15.5547,public-disclosure-v4,official_annual_direct_consistent
600925.SH,苏能股份,2025,Q_G_ASSET_TURNOVER,auto_confirmed,1,0.3164,0.3164,public-disclosure-v4,official_annual_direct_consistent
600925.SH,苏能股份,2025,Q_G_CASH_CURRENT_LIABILITY,auto_confirmed,1,15.9741,15.9741,public-disclosure-v4,official_annual_direct_consistent
600925.SH,苏能股份,2025,Q_G_CASH_REALIZATION,auto_confirmed,1,218.498,218.498,public-disclosure-v4,official_annual_direct_consistent
600925.SH,苏能股份,2025,Q_G_COST_REVENUE_RATE,auto_confirmed,1,90.4099,90.4099,public-disclosure-v4,official_annual_direct_consistent
600925.SH,苏能股份,2025,Q_G_CURRENT_ASSET_TURNOVER,auto_confirmed,1,1.1604,1.1604,public-disclosure-v4,official_annual_direct_consistent
600925.SH,苏能股份,2025,Q_G_DEBT_ASSET_RATE,auto_confirmed,1,56.9056,56.9056,public-disclosure-v4,consolidated_statement_year_end_derived
600925.SH,苏能股份,2025,Q_G_EBITDA_INTEREST,auto_confirmed,1,10.1731,10.1731,public-disclosure-v4,official_annual_direct_consistent
600925.SH,苏能股份,2025,Q_G_OPERATING_MARGIN,auto_confirmed,1,9.7165,9.7165,public-disclosure-v4,official_annual_direct_consistent
600925.SH,苏能股份,2025,Q_G_OPERATING_PROFIT_GROWTH,auto_confirmed,1,-49.8727,-49.8727,public-disclosure-v4,official_annual_direct_consistent
600925.SH,苏能股份,2025,Q_G_REVENUE_GROWTH,auto_confirmed,1,-10.6842,-10.6842,public-disclosure-v4,official_annual_direct_consistent
600925.SH,苏能股份,2025,Q_G_ROA,auto_confirmed,1,3.3569,3.3569,public-disclosure-v4,official_annual_direct_consistent
600925.SH,苏能股份,2025,Q_G_ROE,auto_confirmed,1,1.46,1.46,public-disclosure-v4,official_annual_direct_consistent
600925.SH,苏能股份,2025,Q_G_TWO_FUNDS_RATE,auto_confirmed,1,12.9356,12.9356,public-disclosure-v4,official_annual_direct_consistent
600925.SH,苏能股份,2025,Q_S_DIVIDEND_PER_SHARE,auto_confirmed,1,0.02,0.02,public-disclosure-v4,official_annual_direct_consistent
600925.SH,苏能股份,2025,Q_S_RD_RATE,auto_confirmed,1,2.35,2.35,public-disclosure-v4,official_annual_direct_consistent
600938.SH,中国海油,2025,Q_G_ROE,auto_confirmed,1,15.64,15.64,public-disclosure-v4,official_annual_direct_consistent
600938.SH,中国海油,2025,Q_S_RD_RATE,auto_confirmed,1,1.38,1.38,public-disclosure-v4,official_annual_direct_consistent
600956.SH,新天绿能,2025,Q_G_AR_TURNOVER,auto_confirmed,1,2.9073,2.9073,public-disclosure-v4,official_annual_direct_consistent
600956.SH,新天绿能,2025,Q_G_ASSET_TURNOVER,auto_confirmed,1,0.2234,0.2234,public-disclosure-v4,official_annual_direct_consistent
600956.SH,新天绿能,2025,Q_G_CASH_CURRENT_LIABILITY,auto_confirmed,1,28.4249,28.4249,public-disclosure-v4,official_annual_direct_consistent
600956.SH,新天绿能,2025,Q_G_CASH_REALIZATION,auto_confirmed,1,116.892,116.892,public-disclosure-v4,official_annual_direct_consistent
600956.SH,新天绿能,2025,Q_G_COST_REVENUE_RATE,auto_confirmed,1,90.4414,90.4414,public-disclosure-v4,official_annual_direct_consistent
600956.SH,新天绿能,2025,Q_G_CURRENT_ASSET_TURNOVER,auto_confirmed,1,1.3209,1.3209,public-disclosure-v4,official_annual_direct_consistent
600956.SH,新天绿能,2025,Q_G_DEBT_ASSET_RATE,auto_confirmed,3,66.3|66.3042,66.3042,public-disclosure-v4,consolidated_statement_year_end_derived
600956.SH,新天绿能,2025,Q_G_EBITDA_INTEREST,auto_confirmed,1,3.3801,3.3801,public-disclosure-v4,official_annual_direct_consistent
600956.SH,新天绿能,2025,Q_G_OPERATING_MARGIN,auto_confirmed,1,12.1827,12.1827,public-disclosure-v4,official_annual_direct_consistent
600956.SH,新天绿能,2025,Q_G_OPERATING_PROFIT_GROWTH,auto_confirmed,1,3.2774,3.2774,public-disclosure-v4,official_annual_direct_consistent
600956.SH,新天绿能,2025,Q_G_REVENUE_GROWTH,auto_confirmed,1,-7.2118,-7.2118,public-disclosure-v4,official_annual_direct_consistent
600956.SH,新天绿能,2025,Q_G_ROA,auto_confirmed,1,4.0693,4.0693,public-disclosure-v4,official_annual_direct_consistent
600956.SH,新天绿能,2025,Q_G_ROE,auto_confirmed,1,8.12,8.12,public-disclosure-v4,official_annual_direct_consistent
600956.SH,新天绿能,2025,Q_G_TWO_FUNDS_RATE,auto_confirmed,1,54.46,54.46,public-disclosure-v4,official_annual_direct_consistent
600956.SH,新天绿能,2025,Q_S_DIVIDEND_PER_SHARE,auto_confirmed,1,0.2,0.2,public-disclosure-v4,official_annual_direct_consistent
600956.SH,新天绿能,2025,Q_S_RD_RATE,auto_confirmed,1,1.4,1.4,public-disclosure-v4,official_annual_direct_consistent
600968.SH,海油发展,2025,Q_G_AR_TURNOVER,auto_confirmed,1,4.8982,4.8982,public-disclosure-v4,official_annual_direct_consistent
600968.SH,海油发展,2025,Q_G_ASSET_TURNOVER,auto_confirmed,1,1.0006,1.0006,public-disclosure-v4,official_annual_direct_consistent
600968.SH,海油发展,2025,Q_G_CASH_CURRENT_LIABILITY,auto_confirmed,1,29.633,29.633,public-disclosure-v4,official_annual_direct_consistent
600968.SH,海油发展,2025,Q_G_CASH_REALIZATION,auto_confirmed,1,115.018,115.018,public-disclosure-v4,official_annual_direct_consistent
600968.SH,海油发展,2025,Q_G_COST_REVENUE_RATE,auto_confirmed,1,90.9003,90.9003,public-disclosure-v4,official_annual_direct_consistent
600968.SH,海油发展,2025,Q_G_CURRENT_ASSET_TURNOVER,auto_confirmed,1,1.8189,1.8189,public-disclosure-v4,official_annual_direct_consistent
600968.SH,海油发展,2025,Q_G_DEBT_ASSET_RATE,auto_confirmed,2,40.9785|40.98,40.9785,public-disclosure-v4,consolidated_statement_year_end_derived
600968.SH,海油发展,2025,Q_G_EBITDA_INTEREST,auto_confirmed,1,45.4968,45.4968,public-disclosure-v4,official_annual_direct_consistent
600968.SH,海油发展,2025,Q_G_OPERATING_MARGIN,auto_confirmed,1,10.0866,10.0866,public-disclosure-v4,official_annual_direct_consistent
600968.SH,海油发展,2025,Q_G_OPERATING_PROFIT_GROWTH,auto_confirmed,1,1.3977,1.3977,public-disclosure-v4,official_annual_direct_consistent
600968.SH,海油发展,2025,Q_G_REVENUE_GROWTH,auto_confirmed,1,-4.1013,-4.1013,public-disclosure-v4,official_annual_direct_consistent
600968.SH,海油发展,2025,Q_G_ROA,auto_confirmed,1,9.7564,9.7564,public-disclosure-v4,official_annual_direct_consistent
600968.SH,海油发展,2025,Q_G_ROE,auto_confirmed,1,13.69,13.69,public-disclosure-v4,official_annual_direct_consistent
600968.SH,海油发展,2025,Q_G_TWO_FUNDS_RATE,auto_confirmed,1,38.067,38.067,public-disclosure-v4,official_annual_direct_consistent
600968.SH,海油发展,2025,Q_S_DIVIDEND_PER_SHARE,auto_confirmed,1,0.147,0.147,public-disclosure-v4,official_annual_direct_consistent
600968.SH,海油发展,2025,Q_S_RD_RATE,auto_confirmed,2,2.49|3.33,2.49,public-disclosure-v4,official_annual_direct_consistent
600969.SH,郴电国际,2025,Q_G_AR_TURNOVER,auto_confirmed,1,9.5846,9.5846,public-disclosure-v4,official_annual_direct_consistent
600969.SH,郴电国际,2025,Q_G_ASSET_TURNOVER,auto_confirmed,1,0.2854,0.2854,public-disclosure-v4,official_annual_direct_consistent
600969.SH,郴电国际,2025,Q_G_CASH_CURRENT_LIABILITY,auto_confirmed,1,28.3667,28.3667,public-disclosure-v4,official_annual_direct_consistent
600969.SH,郴电国际,2025,Q_G_CASH_REALIZATION,auto_confirmed,1,119.019,119.019,public-disclosure-v4,official_annual_direct_consistent
600969.SH,郴电国际,2025,Q_G_COST_REVENUE_RATE,auto_confirmed,1,101.93,101.93,public-disclosure-v4,official_annual_direct_consistent
600969.SH,郴电国际,2025,Q_G_CURRENT_ASSET_TURNOVER,auto_confirmed,1,1.5403,1.5403,public-disclosure-v4,official_annual_direct_consistent
600969.SH,郴电国际,2025,Q_G_DEBT_ASSET_RATE,auto_confirmed,1,72.5137,72.5137,public-disclosure-v4,consolidated_statement_year_end_derived
600969.SH,郴电国际,2025,Q_G_EBITDA_INTEREST,auto_confirmed,1,1.8285,1.8285,public-disclosure-v4,official_annual_direct_consistent
600969.SH,郴电国际,2025,Q_G_OPERATING_MARGIN,auto_confirmed,1,4.524,4.524,public-disclosure-v4,official_annual_direct_consistent
600969.SH,郴电国际,2025,Q_G_OPERATING_PROFIT_GROWTH,auto_confirmed,1,23.3259,23.3259,public-disclosure-v4,official_annual_direct_consistent
600969.SH,郴电国际,2025,Q_G_REVENUE_GROWTH,auto_confirmed,1,-3.3647,-3.3647,public-disclosure-v4,official_annual_direct_consistent
600969.SH,郴电国际,2025,Q_G_ROA,auto_confirmed,1,2.7649,2.7649,public-disclosure-v4,official_annual_direct_consistent
600969.SH,郴电国际,2025,Q_G_ROE,auto_confirmed,1,2.13,2.13,public-disclosure-v4,official_annual_direct_consistent
600969.SH,郴电国际,2025,Q_G_TWO_FUNDS_RATE,auto_confirmed,1,16.9575,16.9575,public-disclosure-v4,official_annual_direct_consistent
600969.SH,郴电国际,2025,Q_S_DIVIDEND_PER_SHARE,auto_confirmed,1,0.126,0.126,public-disclosure-v4,official_annual_direct_consistent
600969.SH,郴电国际,2025,Q_S_RD_RATE,auto_confirmed,1,0.02,0.02,public-disclosure-v4,official_annual_direct_consistent
600973.SH,宝胜股份,2025,Q_G_AR_TURNOVER,auto_confirmed,1,8.1249,8.1249,public-disclosure-v4,official_annual_direct_consistent
600973.SH,宝胜股份,2025,Q_G_ASSET_TURNOVER,auto_confirmed,1,2.2879,2.2879,public-disclosure-v4,official_annual_direct_consistent
600973.SH,宝胜股份,2025,Q_G_CASH_CURRENT_LIABILITY,auto_confirmed,1,5.7592,5.7592,public-disclosure-v4,official_annual_direct_consistent
600973.SH,宝胜股份,2025,Q_G_CASH_REALIZATION,auto_confirmed,1,114.137,114.137,public-disclosure-v4,official_annual_direct_consistent
600973.SH,宝胜股份,2025,Q_G_COST_REVENUE_RATE,auto_confirmed,1,99.5682,99.5682,public-disclosure-v4,official_annual_direct_consistent
600973.SH,宝胜股份,2025,Q_G_CURRENT_ASSET_TURNOVER,auto_confirmed,1,3.1905,3.1905,public-disclosure-v4,official_annual_direct_consistent
600973.SH,宝胜股份,2025,Q_G_DEBT_ASSET_RATE,auto_confirmed,1,79.4379,79.4379,public-disclosure-v4,consolidated_statement_year_end_derived
600973.SH,宝胜股份,2025,Q_G_EBITDA_INTEREST,auto_confirmed,1,1.0665,1.0665,public-disclosure-v4,official_annual_direct_consistent
600973.SH,宝胜股份,2025,Q_G_OPERATING_MARGIN,auto_confirmed,1,0.0488,0.0488,public-disclosure-v4,official_annual_direct_consistent
600973.SH,宝胜股份,2025,Q_G_REVENUE_GROWTH,auto_confirmed,1,3.4484,3.4484,public-disclosure-v4,official_annual_direct_consistent
600973.SH,宝胜股份,2025,Q_G_ROA,auto_confirmed,1,1.8536,1.8536,public-disclosure-v4,official_annual_direct_consistent
600973.SH,宝胜股份,2025,Q_G_ROE,auto_confirmed,1,1.25,1.25,public-disclosure-v4,official_annual_direct_consistent
600973.SH,宝胜股份,2025,Q_G_TWO_FUNDS_RATE,auto_confirmed,1,62.9118,62.9118,public-disclosure-v4,official_annual_direct_consistent
600973.SH,宝胜股份,2025,Q_S_RD_RATE,auto_confirmed,1,1.2,1.2,public-disclosure-v4,official_annual_direct_consistent
600979.SH,广安爱众,2025,Q_G_AR_TURNOVER,auto_confirmed,1,5.1118,5.1118,public-disclosure-v4,official_annual_direct_consistent
600979.SH,广安爱众,2025,Q_G_ASSET_TURNOVER,auto_confirmed,1,0.2498,0.2498,public-disclosure-v4,official_annual_direct_consistent
600979.SH,广安爱众,2025,Q_G_CASH_CURRENT_LIABILITY,auto_confirmed,1,8.675,8.675,public-disclosure-v4,official_annual_direct_consistent
600979.SH,广安爱众,2025,Q_G_CASH_REALIZATION,auto_confirmed,1,119.089,119.089,public-disclosure-v4,official_annual_direct_consistent
600979.SH,广安爱众,2025,Q_G_COST_REVENUE_RATE,auto_confirmed,1,91.0273,91.0273,public-disclosure-v4,official_annual_direct_consistent
600979.SH,广安爱众,2025,Q_G_CURRENT_ASSET_TURNOVER,auto_confirmed,1,1.4558,1.4558,public-disclosure-v4,official_annual_direct_consistent
600979.SH,广安爱众,2025,Q_G_DEBT_ASSET_RATE,auto_confirmed,1,65.7241,65.7241,public-disclosure-v4,consolidated_statement_year_end_derived
600979.SH,广安爱众,2025,Q_G_EBITDA_INTEREST,auto_confirmed,1,-1.7959,-1.7959,public-disclosure-v4,official_annual_direct_consistent
600979.SH,广安爱众,2025,Q_G_OPERATING_MARGIN,auto_confirmed,1,-7.8779,-7.8779,public-disclosure-v4,official_annual_direct_consistent
600979.SH,广安爱众,2025,Q_G_OPERATING_PROFIT_GROWTH,auto_confirmed,1,-174.791,-174.791,public-disclosure-v4,official_annual_direct_consistent
600979.SH,广安爱众,2025,Q_G_REVENUE_GROWTH,auto_confirmed,1,-5.7398,-5.7398,public-disclosure-v4,official_annual_direct_consistent
600979.SH,广安爱众,2025,Q_G_ROA,auto_confirmed,1,-1.4935,-1.4935,public-disclosure-v4,official_annual_direct_consistent
600979.SH,广安爱众,2025,Q_G_ROE,auto_confirmed,1,8.42,8.42,public-disclosure-v4,official_annual_direct_consistent
600979.SH,广安爱众,2025,Q_G_TWO_FUNDS_RATE,auto_confirmed,1,34.8637,34.8637,public-disclosure-v4,official_annual_direct_consistent
600979.SH,广安爱众,2025,Q_S_RD_RATE,auto_confirmed,1,0.02,0.02,public-disclosure-v4,official_annual_direct_consistent
600982.SH,宁波能源,2025,Q_G_AR_TURNOVER,auto_confirmed,1,4.85,4.85,public-disclosure-v4,official_annual_direct_consistent
600982.SH,宁波能源,2025,Q_G_ASSET_TURNOVER,auto_confirmed,1,0.4016,0.4016,public-disclosure-v4,official_annual_direct_consistent
600982.SH,宁波能源,2025,Q_G_CASH_CURRENT_LIABILITY,auto_confirmed,1,11.2649,11.2649,public-disclosure-v4,official_annual_direct_consistent
600982.SH,宁波能源,2025,Q_G_CASH_REALIZATION,auto_confirmed,1,108.68,108.68,public-disclosure-v4,official_annual_direct_consistent
600982.SH,宁波能源,2025,Q_G_COST_REVENUE_RATE,auto_confirmed,1,96.7862,96.7862,public-disclosure-v4,official_annual_direct_consistent
600982.SH,宁波能源,2025,Q_G_CURRENT_ASSET_TURNOVER,auto_confirmed,1,1.0325,1.0325,public-disclosure-v4,official_annual_direct_consistent
600982.SH,宁波能源,2025,Q_G_DEBT_ASSET_RATE,auto_confirmed,2,61.6299|61.63,61.6299,public-disclosure-v4,consolidated_statement_year_end_derived
600982.SH,宁波能源,2025,Q_G_EBITDA_INTEREST,auto_confirmed,1,3.7528,3.7528,public-disclosure-v4,official_annual_direct_consistent
600982.SH,宁波能源,2025,Q_G_OPERATING_MARGIN,auto_confirmed,1,11.7263,11.7263,public-disclosure-v4,official_annual_direct_consistent
600982.SH,宁波能源,2025,Q_G_OPERATING_PROFIT_GROWTH,auto_confirmed,1,21.2232,21.2232,public-disclosure-v4,official_annual_direct_consistent
600982.SH,宁波能源,2025,Q_G_REVENUE_GROWTH,auto_confirmed,1,-10.7168,-10.7168,public-disclosure-v4,official_annual_direct_consistent
600982.SH,宁波能源,2025,Q_G_ROA,auto_confirmed,1,6.627,6.627,public-disclosure-v4,official_annual_direct_consistent
600982.SH,宁波能源,2025,Q_G_ROE,auto_confirmed,1,7.55,7.55,public-disclosure-v4,official_annual_direct_consistent
600982.SH,宁波能源,2025,Q_G_TWO_FUNDS_RATE,auto_confirmed,1,43.4947,43.4947,public-disclosure-v4,official_annual_direct_consistent
600982.SH,宁波能源,2025,Q_S_DIVIDEND_PER_SHARE,auto_confirmed,1,0.17,0.17,public-disclosure-v4,official_annual_direct_consistent
600982.SH,宁波能源,2025,Q_S_RD_RATE,auto_confirmed,1,1.4,1.4,public-disclosure-v4,official_annual_direct_consistent
600995.SH,南网储能,2025,Q_G_AR_TURNOVER,auto_confirmed,1,14.4836,14.4836,public-disclosure-v4,official_annual_direct_consistent
600995.SH,南网储能,2025,Q_G_ASSET_TURNOVER,auto_confirmed,1,0.1347,0.1347,public-disclosure-v4,official_annual_direct_consistent
600995.SH,南网储能,2025,Q_G_CASH_CURRENT_LIABILITY,auto_confirmed,1,74.4752,74.4752,public-disclosure-v4,official_annual_direct_consistent
600995.SH,南网储能,2025,Q_G_CASH_REALIZATION,auto_confirmed,1,115.86,115.86,public-disclosure-v4,official_annual_direct_consistent
600995.SH,南网储能,2025,Q_G_COST_REVENUE_RATE,auto_confirmed,1,65.0535,65.0535,public-disclosure-v4,official_annual_direct_consistent
600995.SH,南网储能,2025,Q_G_CURRENT_ASSET_TURNOVER,auto_confirmed,1,1.3236,1.3236,public-disclosure-v4,official_annual_direct_consistent
600995.SH,南网储能,2025,Q_G_DEBT_ASSET_RATE,auto_confirmed,2,54.61|54.6122,54.6122,public-disclosure-v4,consolidated_statement_year_end_derived
600995.SH,南网储能,2025,Q_G_EBITDA_INTEREST,auto_confirmed,1,6.5011,6.5011,public-disclosure-v4,official_annual_direct_consistent
600995.SH,南网储能,2025,Q_G_OPERATING_MARGIN,auto_confirmed,1,35.8639,35.8639,public-disclosure-v4,official_annual_direct_consistent
600995.SH,南网储能,2025,Q_G_OPERATING_PROFIT_GROWTH,auto_confirmed,1,40.8453,40.8453,public-disclosure-v4,official_annual_direct_consistent
600995.SH,南网储能,2025,Q_G_REVENUE_GROWTH,auto_confirmed,1,19.4919,19.4919,public-disclosure-v4,official_annual_direct_consistent
600995.SH,南网储能,2025,Q_G_ROA,auto_confirmed,1,5.6189,5.6189,public-disclosure-v4,official_annual_direct_consistent
600995.SH,南网储能,2025,Q_G_ROE,auto_confirmed,2,7.66,7.66,public-disclosure-v4,official_annual_direct_consistent
600995.SH,南网储能,2025,Q_G_TWO_FUNDS_RATE,auto_confirmed,1,13.4965,13.4965,public-disclosure-v4,official_annual_direct_consistent
600995.SH,南网储能,2025,Q_S_DIVIDEND_PER_SHARE,auto_confirmed,1,0.1171,0.1171,public-disclosure-v4,official_annual_direct_consistent
600995.SH,南网储能,2025,Q_S_RD_RATE,auto_confirmed,1,1.18,1.18,public-disclosure-v4,official_annual_direct_consistent
601001.SH,晋控煤业,2025,Q_G_AR_TURNOVER,auto_confirmed,1,25.186,25.186,public-disclosure-v4,official_annual_direct_consistent
601001.SH,晋控煤业,2025,Q_G_ASSET_TURNOVER,auto_confirmed,1,0.3569,0.3569,public-disclosure-v4,official_annual_direct_consistent
601001.SH,晋控煤业,2025,Q_G_CASH_CURRENT_LIABILITY,auto_confirmed,1,48.1014,48.1014,public-disclosure-v4,official_annual_direct_consistent
601001.SH,晋控煤业,2025,Q_G_CASH_REALIZATION,auto_confirmed,1,112.901,112.901,public-disclosure-v4,official_annual_direct_consistent
601001.SH,晋控煤业,2025,Q_G_COST_REVENUE_RATE,auto_confirmed,1,75.9091,75.9091,public-disclosure-v4,official_annual_direct_consistent
601001.SH,晋控煤业,2025,Q_G_CURRENT_ASSET_TURNOVER,auto_confirmed,1,0.7515,0.7515,public-disclosure-v4,official_annual_direct_consistent
601001.SH,晋控煤业,2025,Q_G_DEBT_ASSET_RATE,auto_confirmed,3,23|23.17|23.1719,23.1719,public-disclosure-v4,consolidated_statement_year_end_derived
601001.SH,晋控煤业,2025,Q_G_EBITDA_INTEREST,auto_confirmed,1,29.1641,29.1641,public-disclosure-v4,official_annual_direct_consistent
601001.SH,晋控煤业,2025,Q_G_OPERATING_MARGIN,auto_confirmed,1,26.2498,26.2498,public-disclosure-v4,official_annual_direct_consistent
601001.SH,晋控煤业,2025,Q_G_REVENUE_GROWTH,auto_confirmed,1,-12.7959,-12.7959,public-disclosure-v4,official_annual_direct_consistent
601001.SH,晋控煤业,2025,Q_G_ROA,auto_confirmed,1,9.602,9.602,public-disclosure-v4,official_annual_direct_consistent
601001.SH,晋控煤业,2025,Q_G_ROE,auto_confirmed,1,9.65,9.65,public-disclosure-v4,official_annual_direct_consistent
601001.SH,晋控煤业,2025,Q_G_TWO_FUNDS_RATE,auto_confirmed,1,5.7667,5.7667,public-disclosure-v4,official_annual_direct_consistent
601001.SH,晋控煤业,2025,Q_S_DIVIDEND_PER_SHARE,auto_confirmed,2,0.547,0.547,public-disclosure-v4,official_annual_direct_consistent
601001.SH,晋控煤业,2025,Q_S_RD_RATE,auto_confirmed,1,1.67,1.67,public-disclosure-v4,official_annual_direct_consistent
601012.SH,隆基绿能,2025,Q_G_AR_TURNOVER,auto_confirmed,1,5.5192,5.5192,public-disclosure-v4,official_annual_direct_consistent
601012.SH,隆基绿能,2025,Q_G_ASSET_TURNOVER,auto_confirmed,1,0.913,0.913,public-disclosure-v4,official_annual_direct_consistent
601012.SH,隆基绿能,2025,Q_G_CAPITAL_ACCUMULATION,auto_confirmed,1,-10.8659,-10.8659,public-disclosure-v4,official_annual_direct_consistent
601012.SH,隆基绿能,2025,Q_G_CASH_CURRENT_LIABILITY,auto_confirmed,1,6.1797,6.1797,public-disclosure-v4,official_annual_direct_consistent
601012.SH,隆基绿能,2025,Q_G_CASH_REALIZATION,auto_confirmed,1,92.347,92.347,public-disclosure-v4,official_annual_direct_consistent
601012.SH,隆基绿能,2025,Q_G_COST_REVENUE_RATE,auto_confirmed,1,108.616,108.616,public-disclosure-v4,official_annual_direct_consistent
601012.SH,隆基绿能,2025,Q_G_CURRENT_ASSET_TURNOVER,auto_confirmed,1,0.777,0.777,public-disclosure-v4,official_annual_direct_consistent
601012.SH,隆基绿能,2025,Q_G_DEBT_ASSET_RATE,auto_confirmed,3,64.428|64.43,64.428,public-disclosure-v4,consolidated_statement_year_end_derived
601012.SH,隆基绿能,2025,Q_G_EBITDA_INTEREST,auto_confirmed,1,-6.6526,-6.6526,public-disclosure-v4,official_annual_direct_consistent
601012.SH,隆基绿能,2025,Q_G_OPERATING_MARGIN,auto_confirmed,1,-10.4403,-10.4403,public-disclosure-v4,official_annual_direct_consistent
601012.SH,隆基绿能,2025,Q_G_REVENUE_GROWTH,auto_confirmed,1,-14.8158,-14.8158,public-disclosure-v4,official_annual_direct_consistent
601012.SH,隆基绿能,2025,Q_G_ROA,auto_confirmed,1,-8.5313,-8.5313,public-disclosure-v4,official_annual_direct_consistent
601012.SH,隆基绿能,2025,Q_G_ROE,auto_confirmed,2,11.15|35,11.15,public-disclosure-v4,official_annual_direct_consistent
601012.SH,隆基绿能,2025,Q_G_TWO_FUNDS_RATE,auto_confirmed,1,28.6551,28.6551,public-disclosure-v4,official_annual_direct_consistent
601012.SH,隆基绿能,2025,Q_S_DIVIDEND_PER_SHARE,auto_confirmed,1,0,0,public-disclosure-v4,official_annual_direct_consistent
601012.SH,隆基绿能,2025,Q_S_RD_RATE,auto_confirmed,1,6.11,6.11,public-disclosure-v4,official_annual_direct_consistent
601016.SH,节能风电,2025,Q_G_AR_TURNOVER,auto_confirmed,1,1.1634,1.1634,public-disclosure-v4,official_annual_direct_consistent
601016.SH,节能风电,2025,Q_G_ASSET_TURNOVER,auto_confirmed,1,0.1016,0.1016,public-disclosure-v4,official_annual_direct_consistent
601016.SH,节能风电,2025,Q_G_CASH_CURRENT_LIABILITY,auto_confirmed,1,81.0633,81.0633,public-disclosure-v4,official_annual_direct_consistent
601016.SH,节能风电,2025,Q_G_CASH_REALIZATION,auto_confirmed,1,116.154,116.154,public-disclosure-v4,official_annual_direct_consistent
601016.SH,节能风电,2025,Q_G_COST_REVENUE_RATE,auto_confirmed,1,77.8773,77.8773,public-disclosure-v4,official_annual_direct_consistent
601016.SH,节能风电,2025,Q_G_CURRENT_ASSET_TURNOVER,auto_confirmed,1,0.82,0.82,public-disclosure-v4,official_annual_direct_consistent
601016.SH,节能风电,2025,Q_G_DEBT_ASSET_RATE,auto_confirmed,1,58.9087,58.9087,public-disclosure-v4,consolidated_statement_year_end_derived
601016.SH,节能风电,2025,Q_G_EBITDA_INTEREST,auto_confirmed,1,2.3048,2.3048,public-disclosure-v4,official_annual_direct_consistent
601016.SH,节能风电,2025,Q_G_OPERATING_MARGIN,auto_confirmed,1,18.5001,18.5001,public-disclosure-v4,official_annual_direct_consistent
601016.SH,节能风电,2025,Q_G_REVENUE_GROWTH,auto_confirmed,1,-10.5737,-10.5737,public-disclosure-v4,official_annual_direct_consistent
601016.SH,节能风电,2025,Q_G_ROA,auto_confirmed,1,3.4478,3.4478,public-disclosure-v4,official_annual_direct_consistent
601016.SH,节能风电,2025,Q_G_ROE,auto_confirmed,1,3.89,3.89,public-disclosure-v4,official_annual_direct_consistent
601016.SH,节能风电,2025,Q_G_TWO_FUNDS_RATE,auto_confirmed,1,71.4954,71.4954,public-disclosure-v4,official_annual_direct_consistent
601016.SH,节能风电,2025,Q_S_DIVIDEND_PER_SHARE,auto_confirmed,1,0.0382,0.0382,public-disclosure-v4,official_annual_direct_consistent
601016.SH,节能风电,2025,Q_S_RD_RATE,auto_confirmed,1,0.55,0.55,public-disclosure-v4,official_annual_direct_consistent
601088.SH,中国神华,2025,Q_G_DEBT_ASSET_RATE,auto_confirmed,2,23.3,23.3,public-disclosure-v4,official_annual_direct_consistent
601088.SH,中国神华,2025,Q_G_REVENUE_GROWTH,auto_confirmed,1,-13.2059,-13.2059,public-disclosure-v4,official_annual_direct_consistent
601088.SH,中国神华,2025,Q_G_ROE,auto_confirmed,1,12.76,12.76,public-disclosure-v4,official_annual_direct_consistent
601088.SH,中国神华,2025,Q_S_RD_RATE,auto_confirmed,1,1.7,1.7,public-disclosure-v4,official_annual_direct_consistent
601126.SH,四方股份,2025,Q_G_AR_TURNOVER,auto_confirmed,1,6.2094,6.2094,public-disclosure-v4,official_annual_direct_consistent
601126.SH,四方股份,2025,Q_G_ASSET_TURNOVER,auto_confirmed,1,0.6899,0.6899,public-disclosure-v4,official_annual_direct_consistent
601126.SH,四方股份,2025,Q_G_CASH_CURRENT_LIABILITY,auto_confirmed,1,15.7241,15.7241,public-disclosure-v4,official_annual_direct_consistent
601126.SH,四方股份,2025,Q_G_CASH_REALIZATION,auto_confirmed,1,111.983,111.983,public-disclosure-v4,official_annual_direct_consistent
601126.SH,四方股份,2025,Q_G_COST_REVENUE_RATE,auto_confirmed,1,88.9672,88.9672,public-disclosure-v4,official_annual_direct_consistent
601126.SH,四方股份,2025,Q_G_CURRENT_ASSET_TURNOVER,auto_confirmed,1,0.7671,0.7671,public-disclosure-v4,official_annual_direct_consistent
601126.SH,四方股份,2025,Q_G_DEBT_ASSET_RATE,auto_confirmed,1,61.463,61.463,public-disclosure-v4,consolidated_statement_year_end_derived
601126.SH,四方股份,2025,Q_G_EBITDA_INTEREST,auto_confirmed,1,3288.84,3288.84,public-disclosure-v4,official_annual_direct_consistent
601126.SH,四方股份,2025,Q_G_OPERATING_MARGIN,auto_confirmed,1,11.2235,11.2235,public-disclosure-v4,official_annual_direct_consistent
601126.SH,四方股份,2025,Q_G_OPERATING_PROFIT_GROWTH,auto_confirmed,1,14.459,14.459,public-disclosure-v4,official_annual_direct_consistent
601126.SH,四方股份,2025,Q_G_REVENUE_GROWTH,auto_confirmed,1,17.8735,17.8735,public-disclosure-v4,official_annual_direct_consistent
601126.SH,四方股份,2025,Q_G_ROA,auto_confirmed,1,7.8511,7.8511,public-disclosure-v4,official_annual_direct_consistent
601126.SH,四方股份,2025,Q_G_ROE,auto_confirmed,1,17.75,17.75,public-disclosure-v4,official_annual_direct_consistent
601126.SH,四方股份,2025,Q_G_TWO_FUNDS_RATE,auto_confirmed,1,32.999,32.999,public-disclosure-v4,official_annual_direct_consistent
601126.SH,四方股份,2025,Q_S_DIVIDEND_PER_SHARE,auto_confirmed,1,0.72,0.72,public-disclosure-v4,official_annual_direct_consistent
601126.SH,四方股份,2025,Q_S_RD_RATE,auto_confirmed,1,8.93,8.93,public-disclosure-v4,official_annual_direct_consistent
601139.SH,深圳燃气,2025,Q_G_AR_TURNOVER,auto_confirmed,1,7.6038,7.6038,public-disclosure-v4,official_annual_direct_consistent
601139.SH,深圳燃气,2025,Q_G_ASSET_TURNOVER,auto_confirmed,1,0.6379,0.6379,public-disclosure-v4,official_annual_direct_consistent
601139.SH,深圳燃气,2025,Q_G_CASH_CURRENT_LIABILITY,auto_confirmed,1,19.4853,19.4853,public-disclosure-v4,official_annual_direct_consistent
601139.SH,深圳燃气,2025,Q_G_CASH_REALIZATION,auto_confirmed,1,109.973,109.973,public-disclosure-v4,official_annual_direct_consistent
601139.SH,深圳燃气,2025,Q_G_COST_REVENUE_RATE,auto_confirmed,1,93.4307,93.4307,public-disclosure-v4,official_annual_direct_consistent
601139.SH,深圳燃气,2025,Q_G_CURRENT_ASSET_TURNOVER,auto_confirmed,1,2.0847,2.0847,public-disclosure-v4,official_annual_direct_consistent
601139.SH,深圳燃气,2025,Q_G_DEBT_ASSET_RATE,auto_confirmed,1,59.9156,59.9156,public-disclosure-v4,consolidated_statement_year_end_derived
601139.SH,深圳燃气,2025,Q_G_EBITDA_INTEREST,auto_confirmed,1,6.7124,6.7124,public-disclosure-v4,official_annual_direct_consistent
601139.SH,深圳燃气,2025,Q_G_OPERATING_MARGIN,auto_confirmed,1,6.4224,6.4224,public-disclosure-v4,official_annual_direct_consistent
601139.SH,深圳燃气,2025,Q_G_OPERATING_PROFIT_GROWTH,auto_confirmed,1,5.1748,5.1748,public-disclosure-v4,official_annual_direct_consistent
601139.SH,深圳燃气,2025,Q_G_REVENUE_GROWTH,auto_confirmed,1,5.1249,5.1249,public-disclosure-v4,official_annual_direct_consistent
601139.SH,深圳燃气,2025,Q_G_ROA,auto_confirmed,1,4.6582,4.6582,public-disclosure-v4,official_annual_direct_consistent
601139.SH,深圳燃气,2025,Q_G_ROE,auto_confirmed,2,8.81,8.81,public-disclosure-v4,official_annual_direct_consistent
601139.SH,深圳燃气,2025,Q_G_TWO_FUNDS_RATE,auto_confirmed,1,31.5753,31.5753,public-disclosure-v4,official_annual_direct_consistent
601139.SH,深圳燃气,2025,Q_S_DIVIDEND_PER_SHARE,auto_confirmed,1,0.16,0.16,public-disclosure-v4,official_annual_direct_consistent
601139.SH,深圳燃气,2025,Q_S_RD_RATE,auto_confirmed,1,4.08,4.08,public-disclosure-v4,official_annual_direct_consistent
601179.SH,中国西电,2025,Q_G_AR_TURNOVER,auto_confirmed,1,4.5712,4.5712,public-disclosure-v4,official_annual_direct_consistent
601179.SH,中国西电,2025,Q_G_ASSET_TURNOVER,auto_confirmed,1,0.9385,0.9385,public-disclosure-v4,official_annual_direct_consistent
601179.SH,中国西电,2025,Q_G_CAPITAL_ACCUMULATION,auto_confirmed,1,0.2791,0.2791,public-disclosure-v4,official_annual_direct_consistent
601179.SH,中国西电,2025,Q_G_CASH_REALIZATION,auto_confirmed,1,126.577,126.577,public-disclosure-v4,official_annual_direct_consistent
601179.SH,中国西电,2025,Q_G_COST_REVENUE_RATE,auto_confirmed,1,92.8367,92.8367,public-disclosure-v4,official_annual_direct_consistent
601179.SH,中国西电,2025,Q_G_CURRENT_ASSET_TURNOVER,auto_confirmed,1,1.3761,1.3761,public-disclosure-v4,official_annual_direct_consistent
601179.SH,中国西电,2025,Q_G_DEBT_ASSET_RATE,auto_confirmed,1,46.9686,46.9686,public-disclosure-v4,consolidated_statement_year_end_derived
601179.SH,中国西电,2025,Q_G_EBITDA_INTEREST,auto_confirmed,1,40.786,40.786,public-disclosure-v4,official_annual_direct_consistent
601179.SH,中国西电,2025,Q_G_OPERATING_MARGIN,auto_confirmed,1,6.9608,6.9608,public-disclosure-v4,official_annual_direct_consistent
601179.SH,中国西电,2025,Q_G_REVENUE_GROWTH,auto_confirmed,1,7.1326,7.1326,public-disclosure-v4,official_annual_direct_consistent
601179.SH,中国西电,2025,Q_G_ROA,auto_confirmed,1,6.7952,6.7952,public-disclosure-v4,official_annual_direct_consistent
601179.SH,中国西电,2025,Q_G_ROE,auto_confirmed,1,5.64,5.64,public-disclosure-v4,official_annual_direct_consistent
601179.SH,中国西电,2025,Q_G_TWO_FUNDS_RATE,auto_confirmed,1,43.5068,43.5068,public-disclosure-v4,official_annual_direct_consistent
601179.SH,中国西电,2025,Q_S_DIVIDEND_PER_SHARE,auto_confirmed,1,0.101,0.101,public-disclosure-v4,official_annual_direct_consistent
601179.SH,中国西电,2025,Q_S_RD_RATE,auto_confirmed,1,5.27,5.27,public-disclosure-v4,official_annual_direct_consistent
601218.SH,吉鑫科技,2025,Q_G_AR_TURNOVER,auto_confirmed,1,2.7164,2.7164,public-disclosure-v4,official_annual_direct_consistent
601218.SH,吉鑫科技,2025,Q_G_ASSET_TURNOVER,auto_confirmed,1,0.385,0.385,public-disclosure-v4,official_annual_direct_consistent
601218.SH,吉鑫科技,2025,Q_G_CAPITAL_ACCUMULATION,auto_confirmed,1,4.3582,4.3582,public-disclosure-v4,official_annual_direct_consistent
601218.SH,吉鑫科技,2025,Q_G_CASH_CURRENT_LIABILITY,auto_confirmed,1,54.0329,54.0329,public-disclosure-v4,official_annual_direct_consistent
601218.SH,吉鑫科技,2025,Q_G_CASH_REALIZATION,auto_confirmed,1,72.3773,72.3773,public-disclosure-v4,official_annual_direct_consistent
601218.SH,吉鑫科技,2025,Q_G_COST_REVENUE_RATE,auto_confirmed,1,88.7067,88.7067,public-disclosure-v4,official_annual_direct_consistent
601218.SH,吉鑫科技,2025,Q_G_CURRENT_ASSET_TURNOVER,auto_confirmed,1,0.7384,0.7384,public-disclosure-v4,official_annual_direct_consistent
601218.SH,吉鑫科技,2025,Q_G_DEBT_ASSET_RATE,auto_confirmed,1,19.0021,19.0021,public-disclosure-v4,consolidated_statement_year_end_derived
601218.SH,吉鑫科技,2025,Q_G_EBITDA_INTEREST,auto_confirmed,1,12.5896,12.5896,public-disclosure-v4,official_annual_direct_consistent
601218.SH,吉鑫科技,2025,Q_G_OPERATING_MARGIN,auto_confirmed,1,12.9525,12.9525,public-disclosure-v4,official_annual_direct_consistent
601218.SH,吉鑫科技,2025,Q_G_OPERATING_PROFIT_GROWTH,auto_confirmed,1,364.803,364.803,public-disclosure-v4,official_annual_direct_consistent
601218.SH,吉鑫科技,2025,Q_G_REVENUE_GROWTH,auto_confirmed,1,15.6057,15.6057,public-disclosure-v4,official_annual_direct_consistent
601218.SH,吉鑫科技,2025,Q_G_ROA,auto_confirmed,1,5.4065,5.4065,public-disclosure-v4,official_annual_direct_consistent
601218.SH,吉鑫科技,2025,Q_G_ROE,auto_confirmed,1,4.65,4.65,public-disclosure-v4,official_annual_direct_consistent
601218.SH,吉鑫科技,2025,Q_G_TWO_FUNDS_RATE,auto_confirmed,1,38.9174,38.9174,public-disclosure-v4,official_annual_direct_consistent
601218.SH,吉鑫科技,2025,Q_S_DIVIDEND_PER_SHARE,auto_confirmed,1,0.035,0.035,public-disclosure-v4,official_annual_direct_consistent
601218.SH,吉鑫科技,2025,Q_S_RD_RATE,auto_confirmed,1,2.78,2.78,public-disclosure-v4,official_annual_direct_consistent
601222.SH,林洋能源,2025,Q_G_AR_TURNOVER,auto_confirmed,1,1.271,1.271,public-disclosure-v4,official_annual_direct_consistent
601222.SH,林洋能源,2025,Q_G_ASSET_TURNOVER,auto_confirmed,1,0.1954,0.1954,public-disclosure-v4,official_annual_direct_consistent
601222.SH,林洋能源,2025,Q_G_CASH_CURRENT_LIABILITY,auto_confirmed,1,10.3179,10.3179,public-disclosure-v4,official_annual_direct_consistent
601222.SH,林洋能源,2025,Q_G_CASH_REALIZATION,auto_confirmed,1,130.964,130.964,public-disclosure-v4,official_annual_direct_consistent
601222.SH,林洋能源,2025,Q_G_COST_REVENUE_RATE,auto_confirmed,1,93.2564,93.2564,public-disclosure-v4,official_annual_direct_consistent
601222.SH,林洋能源,2025,Q_G_CURRENT_ASSET_TURNOVER,auto_confirmed,1,0.3442,0.3442,public-disclosure-v4,official_annual_direct_consistent
601222.SH,林洋能源,2025,Q_G_DEBT_ASSET_RATE,auto_confirmed,2,29.41|39.184,39.184,public-disclosure-v4,consolidated_statement_year_end_derived
601222.SH,林洋能源,2025,Q_G_EBITDA_INTEREST,auto_confirmed,1,3.2229,3.2229,public-disclosure-v4,official_annual_direct_consistent
601222.SH,林洋能源,2025,Q_G_OPERATING_MARGIN,auto_confirmed,1,5.7079,5.7079,public-disclosure-v4,official_annual_direct_consistent
601222.SH,林洋能源,2025,Q_G_OPERATING_PROFIT_GROWTH,auto_confirmed,1,-70.1581,-70.1581,public-disclosure-v4,official_annual_direct_consistent
601222.SH,林洋能源,2025,Q_G_REVENUE_GROWTH,auto_confirmed,1,-27.6875,-27.6875,public-disclosure-v4,official_annual_direct_consistent
601222.SH,林洋能源,2025,Q_G_ROA,auto_confirmed,1,1.5574,1.5574,public-disclosure-v4,official_annual_direct_consistent
601222.SH,林洋能源,2025,Q_G_ROE,auto_confirmed,1,1.59,1.59,public-disclosure-v4,official_annual_direct_consistent
601222.SH,林洋能源,2025,Q_G_TWO_FUNDS_RATE,auto_confirmed,1,43.0111,43.0111,public-disclosure-v4,official_annual_direct_consistent
601222.SH,林洋能源,2025,Q_S_DIVIDEND_PER_SHARE,auto_confirmed,1,0.088,0.088,public-disclosure-v4,official_annual_direct_consistent
601222.SH,林洋能源,2025,Q_S_RD_RATE,auto_confirmed,1,4.92,4.92,public-disclosure-v4,official_annual_direct_consistent
601225.SH,陕西煤业,2025,Q_G_AR_TURNOVER,auto_confirmed,1,52.5551,52.5551,public-disclosure-v4,official_annual_direct_consistent
601225.SH,陕西煤业,2025,Q_G_ASSET_TURNOVER,auto_confirmed,1,1.3297,1.3297,public-disclosure-v4,official_annual_direct_consistent
601225.SH,陕西煤业,2025,Q_G_CASH_CURRENT_LIABILITY,auto_confirmed,1,69.0383,69.0383,public-disclosure-v4,official_annual_direct_consistent
601225.SH,陕西煤业,2025,Q_G_CASH_REALIZATION,auto_confirmed,1,116.417,116.417,public-disclosure-v4,official_annual_direct_consistent
601225.SH,陕西煤业,2025,Q_G_COST_REVENUE_RATE,auto_confirmed,1,82.0885,82.0885,public-disclosure-v4,official_annual_direct_consistent
601225.SH,陕西煤业,2025,Q_G_CURRENT_ASSET_TURNOVER,auto_confirmed,1,6.2826,6.2826,public-disclosure-v4,official_annual_direct_consistent
601225.SH,陕西煤业,2025,Q_G_DEBT_ASSET_RATE,auto_confirmed,1,41.8429,41.8429,public-disclosure-v4,consolidated_statement_year_end_derived
601225.SH,陕西煤业,2025,Q_G_EBITDA_INTEREST,auto_confirmed,1,67.9699,67.9699,public-disclosure-v4,official_annual_direct_consistent
601225.SH,陕西煤业,2025,Q_G_OPERATING_MARGIN,auto_confirmed,1,20.5863,20.5863,public-disclosure-v4,official_annual_direct_consistent
601225.SH,陕西煤业,2025,Q_G_REVENUE_GROWTH,auto_confirmed,1,-14.101,-14.101,public-disclosure-v4,official_annual_direct_consistent
601225.SH,陕西煤业,2025,Q_G_ROA,auto_confirmed,1,27.5906,27.5906,public-disclosure-v4,official_annual_direct_consistent
601225.SH,陕西煤业,2025,Q_G_ROE,auto_confirmed,1,17.88,17.88,public-disclosure-v4,official_annual_direct_consistent
601225.SH,陕西煤业,2025,Q_G_TWO_FUNDS_RATE,auto_confirmed,1,19.0945,19.0945,public-disclosure-v4,official_annual_direct_consistent
601225.SH,陕西煤业,2025,Q_S_DIVIDEND_PER_SHARE,auto_confirmed,1,0.948,0.948,public-disclosure-v4,official_annual_direct_consistent
601225.SH,陕西煤业,2025,Q_S_RD_RATE,auto_confirmed,1,0.42,0.42,public-disclosure-v4,official_annual_direct_consistent
601233.SH,桐昆股份,2025,Q_G_AR_TURNOVER,auto_confirmed,1,91.5925,91.5925,public-disclosure-v4,official_annual_direct_consistent
601233.SH,桐昆股份,2025,Q_G_ASSET_TURNOVER,auto_confirmed,1,0.8618,0.8618,public-disclosure-v4,official_annual_direct_consistent
601233.SH,桐昆股份,2025,Q_G_CASH_CURRENT_LIABILITY,auto_confirmed,1,11.5988,11.5988,public-disclosure-v4,official_annual_direct_consistent
601233.SH,桐昆股份,2025,Q_G_CASH_REALIZATION,auto_confirmed,1,112.172,112.172,public-disclosure-v4,official_annual_direct_consistent
601233.SH,桐昆股份,2025,Q_G_COST_REVENUE_RATE,auto_confirmed,1,99.5097,99.5097,public-disclosure-v4,official_annual_direct_consistent
601233.SH,桐昆股份,2025,Q_G_CURRENT_ASSET_TURNOVER,auto_confirmed,1,3.3096,3.3096,public-disclosure-v4,official_annual_direct_consistent
601233.SH,桐昆股份,2025,Q_G_DEBT_ASSET_RATE,auto_confirmed,1,65.7688,65.7688,public-disclosure-v4,consolidated_statement_year_end_derived
601233.SH,桐昆股份,2025,Q_G_EBITDA_INTEREST,auto_confirmed,1,2.7738,2.7738,public-disclosure-v4,official_annual_direct_consistent
601233.SH,桐昆股份,2025,Q_G_OPERATING_MARGIN,auto_confirmed,1,2.1894,2.1894,public-disclosure-v4,official_annual_direct_consistent
601233.SH,桐昆股份,2025,Q_G_OPERATING_PROFIT_GROWTH,auto_confirmed,1,128.535,128.535,public-disclosure-v4,official_annual_direct_consistent
601233.SH,桐昆股份,2025,Q_G_REVENUE_GROWTH,auto_confirmed,1,-7.3197,-7.3197,public-disclosure-v4,official_annual_direct_consistent
601233.SH,桐昆股份,2025,Q_G_ROA,auto_confirmed,1,3.0093,3.0093,public-disclosure-v4,official_annual_direct_consistent
601233.SH,桐昆股份,2025,Q_G_ROE,auto_confirmed,1,5.43,5.43,public-disclosure-v4,official_annual_direct_consistent
601233.SH,桐昆股份,2025,Q_G_TWO_FUNDS_RATE,auto_confirmed,1,39.4372,39.4372,public-disclosure-v4,official_annual_direct_consistent
601233.SH,桐昆股份,2025,Q_S_DIVIDEND_PER_SHARE,auto_confirmed,2,0|0.12,0.12,public-disclosure-v4,official_annual_direct_consistent
601233.SH,桐昆股份,2025,Q_S_RD_RATE,auto_confirmed,1,1.94,1.94,public-disclosure-v4,official_annual_direct_consistent
601311.SH,骆驼股份,2025,Q_G_AR_TURNOVER,auto_confirmed,1,8.2061,8.2061,public-disclosure-v4,official_annual_direct_consistent
601311.SH,骆驼股份,2025,Q_G_ASSET_TURNOVER,auto_confirmed,1,2.0143,2.0143,public-disclosure-v4,official_annual_direct_consistent
601311.SH,骆驼股份,2025,Q_G_CASH_CURRENT_LIABILITY,auto_confirmed,1,23.2631,23.2631,public-disclosure-v4,official_annual_direct_consistent
601311.SH,骆驼股份,2025,Q_G_CASH_REALIZATION,auto_confirmed,1,107.576,107.576,public-disclosure-v4,official_annual_direct_consistent
601311.SH,骆驼股份,2025,Q_G_COST_REVENUE_RATE,auto_confirmed,1,97.6046,97.6046,public-disclosure-v4,official_annual_direct_consistent
601311.SH,骆驼股份,2025,Q_G_CURRENT_ASSET_TURNOVER,auto_confirmed,1,3.5648,3.5648,public-disclosure-v4,official_annual_direct_consistent
601311.SH,骆驼股份,2025,Q_G_DEBT_ASSET_RATE,auto_confirmed,1,34.7093,34.7093,public-disclosure-v4,consolidated_statement_year_end_derived
601311.SH,骆驼股份,2025,Q_G_EBITDA_INTEREST,auto_confirmed,1,20.8156,20.8156,public-disclosure-v4,official_annual_direct_consistent
601311.SH,骆驼股份,2025,Q_G_OPERATING_MARGIN,auto_confirmed,1,5.8794,5.8794,public-disclosure-v4,official_annual_direct_consistent
601311.SH,骆驼股份,2025,Q_G_OPERATING_PROFIT_GROWTH,auto_confirmed,1,36.7907,36.7907,public-disclosure-v4,official_annual_direct_consistent
601311.SH,骆驼股份,2025,Q_G_REVENUE_GROWTH,auto_confirmed,1,4.5601,4.5601,public-disclosure-v4,official_annual_direct_consistent
601311.SH,骆驼股份,2025,Q_G_ROA,auto_confirmed,1,12.3158,12.3158,public-disclosure-v4,official_annual_direct_consistent
601311.SH,骆驼股份,2025,Q_G_ROE,auto_confirmed,1,8.53,8.53,public-disclosure-v4,official_annual_direct_consistent
601311.SH,骆驼股份,2025,Q_G_TWO_FUNDS_RATE,auto_confirmed,1,58.8882,58.8882,public-disclosure-v4,official_annual_direct_consistent
601311.SH,骆驼股份,2025,Q_S_DIVIDEND_PER_SHARE,auto_confirmed,1,0.36,0.36,public-disclosure-v4,official_annual_direct_consistent
601311.SH,骆驼股份,2025,Q_S_RD_RATE,auto_confirmed,1,2.99,2.99,public-disclosure-v4,official_annual_direct_consistent
601567.SH,三星电气,2025,Q_G_AR_TURNOVER,auto_confirmed,1,4.7196,4.7196,public-disclosure-v4,official_annual_direct_consistent
601567.SH,三星电气,2025,Q_G_ASSET_TURNOVER,auto_confirmed,1,0.5714,0.5714,public-disclosure-v4,official_annual_direct_consistent
601567.SH,三星电气,2025,Q_G_CASH_CURRENT_LIABILITY,auto_confirmed,1,22.7774,22.7774,public-disclosure-v4,official_annual_direct_consistent
601567.SH,三星电气,2025,Q_G_CASH_REALIZATION,auto_confirmed,1,114.997,114.997,public-disclosure-v4,official_annual_direct_consistent
601567.SH,三星电气,2025,Q_G_COST_REVENUE_RATE,auto_confirmed,1,90.2701,90.2701,public-disclosure-v4,official_annual_direct_consistent
601567.SH,三星电气,2025,Q_G_CURRENT_ASSET_TURNOVER,auto_confirmed,1,1.0103,1.0103,public-disclosure-v4,official_annual_direct_consistent
601567.SH,三星电气,2025,Q_G_DEBT_ASSET_RATE,auto_confirmed,1,54.3342,54.3342,public-disclosure-v4,consolidated_statement_year_end_derived
601567.SH,三星电气,2025,Q_G_EBITDA_INTEREST,auto_confirmed,1,13.6821,13.6821,public-disclosure-v4,official_annual_direct_consistent
601567.SH,三星电气,2025,Q_G_OPERATING_MARGIN,auto_confirmed,1,11.0276,11.0276,public-disclosure-v4,official_annual_direct_consistent
601567.SH,三星电气,2025,Q_G_REVENUE_GROWTH,auto_confirmed,1,-1.6418,-1.6418,public-disclosure-v4,official_annual_direct_consistent
601567.SH,三星电气,2025,Q_G_ROA,auto_confirmed,1,6.7777,6.7777,public-disclosure-v4,official_annual_direct_consistent
601567.SH,三星电气,2025,Q_G_ROE,auto_confirmed,1,10.59,10.59,public-disclosure-v4,official_annual_direct_consistent
601567.SH,三星电气,2025,Q_G_TWO_FUNDS_RATE,auto_confirmed,1,50.0318,50.0318,public-disclosure-v4,official_annual_direct_consistent
601567.SH,三星电气,2025,Q_S_DIVIDEND_PER_SHARE,auto_confirmed,1,0.63,0.63,public-disclosure-v4,official_annual_direct_consistent
601567.SH,三星电气,2025,Q_S_RD_RATE,auto_confirmed,1,4.23,4.23,public-disclosure-v4,official_annual_direct_consistent
601611.SH,中国核建,2025,Q_G_AR_TURNOVER,auto_confirmed,1,2.3567,2.3567,public-disclosure-v4,official_annual_direct_consistent
601611.SH,中国核建,2025,Q_G_ASSET_TURNOVER,auto_confirmed,1,0.4394,0.4394,public-disclosure-v4,official_annual_direct_consistent
601611.SH,中国核建,2025,Q_G_CASH_REALIZATION,auto_confirmed,1,105.131,105.131,public-disclosure-v4,official_annual_direct_consistent
601611.SH,中国核建,2025,Q_G_COST_REVENUE_RATE,auto_confirmed,1,95.6812,95.6812,public-disclosure-v4,official_annual_direct_consistent
601611.SH,中国核建,2025,Q_G_CURRENT_ASSET_TURNOVER,auto_confirmed,1,0.6355,0.6355,public-disclosure-v4,official_annual_direct_consistent
601611.SH,中国核建,2025,Q_G_DEBT_ASSET_RATE,auto_confirmed,1,78.6299,78.6299,public-disclosure-v4,consolidated_statement_year_end_derived
601611.SH,中国核建,2025,Q_G_EBITDA_INTEREST,auto_confirmed,1,2.1394,2.1394,public-disclosure-v4,official_annual_direct_consistent
601611.SH,中国核建,2025,Q_G_OPERATING_MARGIN,auto_confirmed,1,2.756,2.756,public-disclosure-v4,official_annual_direct_consistent
601611.SH,中国核建,2025,Q_G_REVENUE_GROWTH,auto_confirmed,1,-10.2388,-10.2388,public-disclosure-v4,official_annual_direct_consistent
601611.SH,中国核建,2025,Q_G_ROA,auto_confirmed,1,2.2995,2.2995,public-disclosure-v4,official_annual_direct_consistent
601611.SH,中国核建,2025,Q_G_ROE,auto_confirmed,1,5.12,5.12,public-disclosure-v4,official_annual_direct_consistent
601611.SH,中国核建,2025,Q_G_TWO_FUNDS_RATE,auto_confirmed,1,33.3334,33.3334,public-disclosure-v4,official_annual_direct_consistent
601611.SH,中国核建,2025,Q_S_DIVIDEND_PER_SHARE,auto_confirmed,1,0.06,0.06,public-disclosure-v4,official_annual_direct_consistent
601611.SH,中国核建,2025,Q_S_RD_RATE,auto_confirmed,1,2.84,2.84,public-disclosure-v4,official_annual_direct_consistent
601615.SH,明阳智能,2025,Q_G_AR_TURNOVER,auto_confirmed,1,2.4888,2.4888,public-disclosure-v4,official_annual_direct_consistent
601615.SH,明阳智能,2025,Q_G_ASSET_TURNOVER,auto_confirmed,1,0.4149,0.4149,public-disclosure-v4,official_annual_direct_consistent
601615.SH,明阳智能,2025,Q_G_CASH_CURRENT_LIABILITY,auto_confirmed,1,-10.9492,-10.9492,public-disclosure-v4,official_annual_direct_consistent
601615.SH,明阳智能,2025,Q_G_CASH_REALIZATION,auto_confirmed,1,86.8898,86.8898,public-disclosure-v4,official_annual_direct_consistent
601615.SH,明阳智能,2025,Q_G_COST_REVENUE_RATE,auto_confirmed,1,98.7193,98.7193,public-disclosure-v4,official_annual_direct_consistent
601615.SH,明阳智能,2025,Q_G_CURRENT_ASSET_TURNOVER,auto_confirmed,1,0.7024,0.7024,public-disclosure-v4,official_annual_direct_consistent
601615.SH,明阳智能,2025,Q_G_DEBT_ASSET_RATE,auto_confirmed,4,68.59|71.71|71.7114,71.7114,public-disclosure-v4,consolidated_statement_year_end_derived
601615.SH,明阳智能,2025,Q_G_EBITDA_INTEREST,auto_confirmed,1,2.1942,2.1942,public-disclosure-v4,official_annual_direct_consistent
601615.SH,明阳智能,2025,Q_G_OPERATING_MARGIN,auto_confirmed,1,1.8817,1.8817,public-disclosure-v4,official_annual_direct_consistent
601615.SH,明阳智能,2025,Q_G_OPERATING_PROFIT_GROWTH,auto_confirmed,1,58.6119,58.6119,public-disclosure-v4,official_annual_direct_consistent
601615.SH,明阳智能,2025,Q_G_REVENUE_GROWTH,auto_confirmed,1,40.27,40.27,public-disclosure-v4,official_annual_direct_consistent
601615.SH,明阳智能,2025,Q_G_ROA,auto_confirmed,1,1.2733,1.2733,public-disclosure-v4,official_annual_direct_consistent
601615.SH,明阳智能,2025,Q_G_ROE,auto_confirmed,1,2.49,2.49,public-disclosure-v4,official_annual_direct_consistent
601615.SH,明阳智能,2025,Q_G_TWO_FUNDS_RATE,auto_confirmed,1,60.0947,60.0947,public-disclosure-v4,official_annual_direct_consistent
601615.SH,明阳智能,2025,Q_S_DIVIDEND_PER_SHARE,auto_confirmed,1,0.185,0.185,public-disclosure-v4,official_annual_direct_consistent
601615.SH,明阳智能,2025,Q_S_RD_RATE,auto_confirmed,1,2.91,2.91,public-disclosure-v4,official_annual_direct_consistent
601616.SH,广电电气,2025,Q_G_AR_TURNOVER,auto_confirmed,1,1.9253,1.9253,public-disclosure-v4,official_annual_direct_consistent
601616.SH,广电电气,2025,Q_G_ASSET_TURNOVER,auto_confirmed,1,0.4874,0.4874,public-disclosure-v4,official_annual_direct_consistent
601616.SH,广电电气,2025,Q_G_CAPITAL_ACCUMULATION,auto_confirmed,1,-2.0884,-2.0884,public-disclosure-v4,official_annual_direct_consistent
601616.SH,广电电气,2025,Q_G_CASH_CURRENT_LIABILITY,auto_confirmed,1,11.096,11.096,public-disclosure-v4,official_annual_direct_consistent
601616.SH,广电电气,2025,Q_G_CASH_REALIZATION,auto_confirmed,1,104.294,104.294,public-disclosure-v4,official_annual_direct_consistent
601616.SH,广电电气,2025,Q_G_COST_REVENUE_RATE,auto_confirmed,1,104.228,104.228,public-disclosure-v4,official_annual_direct_consistent
601616.SH,广电电气,2025,Q_G_CURRENT_ASSET_TURNOVER,auto_confirmed,1,0.4313,0.4313,public-disclosure-v4,official_annual_direct_consistent
601616.SH,广电电气,2025,Q_G_DEBT_ASSET_RATE,auto_confirmed,1,15.3749,15.3749,public-disclosure-v4,consolidated_statement_year_end_derived
601616.SH,广电电气,2025,Q_G_EBITDA_INTEREST,auto_confirmed,1,-18.9631,-18.9631,public-disclosure-v4,official_annual_direct_consistent
601616.SH,广电电气,2025,Q_G_OPERATING_MARGIN,auto_confirmed,1,-2.934,-2.934,public-disclosure-v4,official_annual_direct_consistent
601616.SH,广电电气,2025,Q_G_OPERATING_PROFIT_GROWTH,auto_confirmed,1,-121.245,-121.245,public-disclosure-v4,official_annual_direct_consistent
601616.SH,广电电气,2025,Q_G_REVENUE_GROWTH,auto_confirmed,1,-26.0888,-26.0888,public-disclosure-v4,official_annual_direct_consistent
601616.SH,广电电气,2025,Q_G_ROA,auto_confirmed,1,-1.3266,-1.3266,public-disclosure-v4,official_annual_direct_consistent
601616.SH,广电电气,2025,Q_G_ROE,auto_confirmed,1,1.42,1.42,public-disclosure-v4,official_annual_direct_consistent
601616.SH,广电电气,2025,Q_G_TWO_FUNDS_RATE,auto_confirmed,1,27.4136,27.4136,public-disclosure-v4,official_annual_direct_consistent
601616.SH,广电电气,2025,Q_S_RD_RATE,auto_confirmed,1,6.82,6.82,public-disclosure-v4,official_annual_direct_consistent
601619.SH,嘉泽新能,2025,Q_G_AR_TURNOVER,auto_confirmed,1,0.7985,0.7985,public-disclosure-v4,official_annual_direct_consistent
601619.SH,嘉泽新能,2025,Q_G_ASSET_TURNOVER,auto_confirmed,1,0.2128,0.2128,public-disclosure-v4,official_annual_direct_consistent
601619.SH,嘉泽新能,2025,Q_G_CAPITAL_ACCUMULATION,auto_confirmed,1,-65.1318,-65.1318,public-disclosure-v4,official_annual_direct_consistent
601619.SH,嘉泽新能,2025,Q_G_CASH_CURRENT_LIABILITY,auto_confirmed,1,132.775,132.775,public-disclosure-v4,official_annual_direct_consistent
601619.SH,嘉泽新能,2025,Q_G_CASH_REALIZATION,auto_confirmed,1,137.569,137.569,public-disclosure-v4,official_annual_direct_consistent
601619.SH,嘉泽新能,2025,Q_G_COST_REVENUE_RATE,auto_confirmed,1,69.2636,69.2636,public-disclosure-v4,official_annual_direct_consistent
601619.SH,嘉泽新能,2025,Q_G_CURRENT_ASSET_TURNOVER,auto_confirmed,1,1.1824,1.1824,public-disclosure-v4,official_annual_direct_consistent
601619.SH,嘉泽新能,2025,Q_G_DEBT_ASSET_RATE,auto_confirmed,3,65.13|65.1318,65.1318,public-disclosure-v4,consolidated_statement_year_end_derived
601619.SH,嘉泽新能,2025,Q_G_EBITDA_INTEREST,auto_confirmed,1,2.8257,2.8257,public-disclosure-v4,official_annual_direct_consistent
601619.SH,嘉泽新能,2025,Q_G_OPERATING_MARGIN,auto_confirmed,1,34.2076,34.2076,public-disclosure-v4,official_annual_direct_consistent
601619.SH,嘉泽新能,2025,Q_G_OPERATING_PROFIT_GROWTH,auto_confirmed,1,9.5265,9.5265,public-disclosure-v4,official_annual_direct_consistent
601619.SH,嘉泽新能,2025,Q_G_REVENUE_GROWTH,auto_confirmed,1,3.2021,3.2021,public-disclosure-v4,official_annual_direct_consistent
601619.SH,嘉泽新能,2025,Q_G_ROA,auto_confirmed,1,11.1148,11.1148,public-disclosure-v4,official_annual_direct_consistent
601619.SH,嘉泽新能,2025,Q_G_ROE,auto_confirmed,1,9.99,9.99,public-disclosure-v4,official_annual_direct_consistent
601619.SH,嘉泽新能,2025,Q_G_TWO_FUNDS_RATE,auto_confirmed,1,67.335,67.335,public-disclosure-v4,official_annual_direct_consistent
601619.SH,嘉泽新能,2025,Q_S_DIVIDEND_PER_SHARE,auto_confirmed,1,0.02,0.02,public-disclosure-v4,official_annual_direct_consistent
601666.SH,平煤股份,2025,Q_G_AR_TURNOVER,auto_confirmed,1,10.4179,10.4179,public-disclosure-v4,official_annual_direct_consistent
601666.SH,平煤股份,2025,Q_G_ASSET_TURNOVER,auto_confirmed,1,0.4417,0.4417,public-disclosure-v4,official_annual_direct_consistent
601666.SH,平煤股份,2025,Q_G_COST_REVENUE_RATE,auto_confirmed,1,97.9941,97.9941,public-disclosure-v4,official_annual_direct_consistent
601666.SH,平煤股份,2025,Q_G_CURRENT_ASSET_TURNOVER,auto_confirmed,1,1.3952,1.3952,public-disclosure-v4,official_annual_direct_consistent
601666.SH,平煤股份,2025,Q_G_DEBT_ASSET_RATE,auto_confirmed,1,65.1476,65.1476,public-disclosure-v4,consolidated_statement_year_end_derived
601666.SH,平煤股份,2025,Q_G_EBITDA_INTEREST,auto_confirmed,1,1.406,1.406,public-disclosure-v4,official_annual_direct_consistent
601666.SH,平煤股份,2025,Q_G_OPERATING_MARGIN,auto_confirmed,1,2.8082,2.8082,public-disclosure-v4,official_annual_direct_consistent
601666.SH,平煤股份,2025,Q_G_REVENUE_GROWTH,auto_confirmed,1,-32.1962,-32.1962,public-disclosure-v4,official_annual_direct_consistent
601666.SH,平煤股份,2025,Q_G_ROA,auto_confirmed,1,3.269,3.269,public-disclosure-v4,official_annual_direct_consistent
601666.SH,平煤股份,2025,Q_G_ROE,auto_confirmed,1,1.04,1.04,public-disclosure-v4,official_annual_direct_consistent
601666.SH,平煤股份,2025,Q_G_TWO_FUNDS_RATE,auto_confirmed,1,17.1326,17.1326,public-disclosure-v4,official_annual_direct_consistent
601666.SH,平煤股份,2025,Q_S_RD_RATE,auto_confirmed,1,3.29,3.29,public-disclosure-v4,official_annual_direct_consistent
601669.SH,中国电建,2025,Q_G_AR_TURNOVER,auto_confirmed,1,5.0521,5.0521,public-disclosure-v4,official_annual_direct_consistent
601669.SH,中国电建,2025,Q_G_ASSET_TURNOVER,auto_confirmed,1,0.8974,0.8974,public-disclosure-v4,official_annual_direct_consistent
601669.SH,中国电建,2025,Q_G_CASH_CURRENT_LIABILITY,auto_confirmed,1,4.6327,4.6327,public-disclosure-v4,official_annual_direct_consistent
601669.SH,中国电建,2025,Q_G_CASH_REALIZATION,auto_confirmed,1,116.434,116.434,public-disclosure-v4,official_annual_direct_consistent
601669.SH,中国电建,2025,Q_G_COST_REVENUE_RATE,auto_confirmed,1,96.8314,96.8314,public-disclosure-v4,official_annual_direct_consistent
601669.SH,中国电建,2025,Q_G_CURRENT_ASSET_TURNOVER,auto_confirmed,1,1.1559,1.1559,public-disclosure-v4,official_annual_direct_consistent
601669.SH,中国电建,2025,Q_G_DEBT_ASSET_RATE,auto_confirmed,2,79.59|79.5922,79.5922,public-disclosure-v4,consolidated_statement_year_end_derived
601669.SH,中国电建,2025,Q_G_EBITDA_INTEREST,auto_confirmed,1,2.1726,2.1726,public-disclosure-v4,official_annual_direct_consistent
601669.SH,中国电建,2025,Q_G_OPERATING_MARGIN,auto_confirmed,1,2.6746,2.6746,public-disclosure-v4,official_annual_direct_consistent
601669.SH,中国电建,2025,Q_G_REVENUE_GROWTH,auto_confirmed,1,1.852,1.852,public-disclosure-v4,official_annual_direct_consistent
601669.SH,中国电建,2025,Q_G_ROA,auto_confirmed,1,4.4422,4.4422,public-disclosure-v4,official_annual_direct_consistent
601669.SH,中国电建,2025,Q_G_ROE,auto_confirmed,1,6.4,6.4,public-disclosure-v4,official_annual_direct_consistent
601669.SH,中国电建,2025,Q_G_TWO_FUNDS_RATE,auto_confirmed,1,25.5225,25.5225,public-disclosure-v4,official_annual_direct_consistent
601669.SH,中国电建,2025,Q_S_DIVIDEND_PER_SHARE,auto_confirmed,1,0.1055,0.1055,public-disclosure-v4,official_annual_direct_consistent
601669.SH,中国电建,2025,Q_S_RD_RATE,auto_confirmed,1,3.69,3.69,public-disclosure-v4,official_annual_direct_consistent
601700.SH,风范股份,2025,Q_G_AR_TURNOVER,auto_confirmed,1,3.1474,3.1474,public-disclosure-v4,official_annual_direct_consistent
601700.SH,风范股份,2025,Q_G_ASSET_TURNOVER,auto_confirmed,1,0.3966,0.3966,public-disclosure-v4,official_annual_direct_consistent
601700.SH,风范股份,2025,Q_G_CASH_CURRENT_LIABILITY,auto_confirmed,1,-7.4472,-7.4472,public-disclosure-v4,official_annual_direct_consistent
601700.SH,风范股份,2025,Q_G_CASH_REALIZATION,auto_confirmed,1,114.309,114.309,public-disclosure-v4,official_annual_direct_consistent
601700.SH,风范股份,2025,Q_G_COST_REVENUE_RATE,auto_confirmed,1,104.92,104.92,public-disclosure-v4,official_annual_direct_consistent
601700.SH,风范股份,2025,Q_G_CURRENT_ASSET_TURNOVER,auto_confirmed,1,0.5983,0.5983,public-disclosure-v4,official_annual_direct_consistent
601700.SH,风范股份,2025,Q_G_DEBT_ASSET_RATE,auto_confirmed,1,68.04,68.04,public-disclosure-v4,consolidated_statement_year_end_derived
601700.SH,风范股份,2025,Q_G_EBITDA_INTEREST,auto_confirmed,1,-4.8394,-4.8394,public-disclosure-v4,official_annual_direct_consistent
601700.SH,风范股份,2025,Q_G_OPERATING_MARGIN,auto_confirmed,1,-18.0578,-18.0578,public-disclosure-v4,official_annual_direct_consistent
601700.SH,风范股份,2025,Q_G_OPERATING_PROFIT_GROWTH,auto_confirmed,1,667.304,667.304,public-disclosure-v4,official_annual_direct_consistent
601700.SH,风范股份,2025,Q_G_REVENUE_GROWTH,auto_confirmed,1,-7.6615,-7.6615,public-disclosure-v4,official_annual_direct_consistent
601700.SH,风范股份,2025,Q_G_ROA,auto_confirmed,1,-5.9428,-5.9428,public-disclosure-v4,official_annual_direct_consistent
601700.SH,风范股份,2025,Q_G_ROE,auto_confirmed,1,16.1,16.1,public-disclosure-v4,official_annual_direct_consistent
601700.SH,风范股份,2025,Q_G_TWO_FUNDS_RATE,auto_confirmed,1,38.9797,38.9797,public-disclosure-v4,official_annual_direct_consistent
601700.SH,风范股份,2025,Q_S_RD_RATE,auto_confirmed,1,3,3,public-disclosure-v4,official_annual_direct_consistent
601727.SH,上海电气,2025,Q_G_REVENUE_GROWTH,auto_confirmed,1,9.0965,9.0965,public-disclosure-v4,official_annual_direct_consistent
601727.SH,上海电气,2025,Q_G_ROE,auto_confirmed,1,2.24,2.24,public-disclosure-v4,official_annual_direct_consistent
601727.SH,上海电气,2025,Q_S_DIVIDEND_PER_SHARE,auto_confirmed,1,0.0142,0.0142,public-disclosure-v4,official_annual_direct_consistent
601727.SH,上海电气,2025,Q_S_RD_RATE,auto_confirmed,2,5|45,5,public-disclosure-v4,official_annual_direct_consistent
601778.SH,晶科科技,2025,Q_G_AR_TURNOVER,auto_confirmed,1,0.5968,0.5968,public-disclosure-v4,official_annual_direct_consistent
601778.SH,晶科科技,2025,Q_G_ASSET_TURNOVER,auto_confirmed,1,0.0925,0.0925,public-disclosure-v4,official_annual_direct_consistent
601778.SH,晶科科技,2025,Q_G_CASH_CURRENT_LIABILITY,auto_confirmed,1,40.4241,40.4241,public-disclosure-v4,official_annual_direct_consistent
601778.SH,晶科科技,2025,Q_G_CASH_REALIZATION,auto_confirmed,1,189.465,189.465,public-disclosure-v4,official_annual_direct_consistent
601778.SH,晶科科技,2025,Q_G_COST_REVENUE_RATE,auto_confirmed,1,94.9212,94.9212,public-disclosure-v4,official_annual_direct_consistent
601778.SH,晶科科技,2025,Q_G_CURRENT_ASSET_TURNOVER,auto_confirmed,1,0.2135,0.2135,public-disclosure-v4,official_annual_direct_consistent
601778.SH,晶科科技,2025,Q_G_DEBT_ASSET_RATE,auto_confirmed,3,61.0862|61.09,61.0862,public-disclosure-v4,consolidated_statement_year_end_derived
601778.SH,晶科科技,2025,Q_G_EBITDA_INTEREST,auto_confirmed,1,1.564,1.564,public-disclosure-v4,official_annual_direct_consistent
601778.SH,晶科科技,2025,Q_G_OPERATING_MARGIN,auto_confirmed,1,12.4296,12.4296,public-disclosure-v4,official_annual_direct_consistent
601778.SH,晶科科技,2025,Q_G_REVENUE_GROWTH,auto_confirmed,1,-18.3163,-18.3163,public-disclosure-v4,official_annual_direct_consistent
601778.SH,晶科科技,2025,Q_G_ROA,auto_confirmed,1,2.9864,2.9864,public-disclosure-v4,official_annual_direct_consistent
601778.SH,晶科科技,2025,Q_G_ROE,auto_confirmed,1,2.1,2.1,public-disclosure-v4,official_annual_direct_consistent
601778.SH,晶科科技,2025,Q_G_TWO_FUNDS_RATE,auto_confirmed,1,53.6511,53.6511,public-disclosure-v4,official_annual_direct_consistent
601778.SH,晶科科技,2025,Q_S_DIVIDEND_PER_SHARE,auto_confirmed,1,0.0283,0.0283,public-disclosure-v4,official_annual_direct_consistent
601778.SH,晶科科技,2025,Q_S_RD_RATE,auto_confirmed,1,0.07,0.07,public-disclosure-v4,official_annual_direct_consistent
601857.SH,中国石油,2025,Q_G_ROE,auto_confirmed,1,10.1,10.1,public-disclosure-v4,official_annual_direct_consistent
601865.SH,福莱特,2025,Q_G_AR_TURNOVER,auto_confirmed,1,6.197,6.197,public-disclosure-v4,official_annual_direct_consistent
601865.SH,福莱特,2025,Q_G_ASSET_TURNOVER,auto_confirmed,1,0.365,0.365,public-disclosure-v4,official_annual_direct_consistent
601865.SH,福莱特,2025,Q_G_CASH_CURRENT_LIABILITY,auto_confirmed,1,37.1256,37.1256,public-disclosure-v4,official_annual_direct_consistent
601865.SH,福莱特,2025,Q_G_CASH_REALIZATION,auto_confirmed,1,73.8228,73.8228,public-disclosure-v4,official_annual_direct_consistent
601865.SH,福莱特,2025,Q_G_COST_REVENUE_RATE,auto_confirmed,1,92.1159,92.1159,public-disclosure-v4,official_annual_direct_consistent
601865.SH,福莱特,2025,Q_G_CURRENT_ASSET_TURNOVER,auto_confirmed,1,1.1904,1.1904,public-disclosure-v4,official_annual_direct_consistent
601865.SH,福莱特,2025,Q_G_DEBT_ASSET_RATE,auto_confirmed,1,46.6513,46.6513,public-disclosure-v4,consolidated_statement_year_end_derived
601865.SH,福莱特,2025,Q_G_EBITDA_INTEREST,auto_confirmed,1,3.0988,3.0988,public-disclosure-v4,official_annual_direct_consistent
601865.SH,福莱特,2025,Q_G_OPERATING_MARGIN,auto_confirmed,1,6.9371,6.9371,public-disclosure-v4,official_annual_direct_consistent
601865.SH,福莱特,2025,Q_G_OPERATING_PROFIT_GROWTH,auto_confirmed,1,-4.4481,-4.4481,public-disclosure-v4,official_annual_direct_consistent
601865.SH,福莱特,2025,Q_G_REVENUE_GROWTH,auto_confirmed,1,-16.6776,-16.6776,public-disclosure-v4,official_annual_direct_consistent
601865.SH,福莱特,2025,Q_G_ROA,auto_confirmed,1,3.7394,3.7394,public-disclosure-v4,official_annual_direct_consistent
601865.SH,福莱特,2025,Q_G_ROE,auto_confirmed,1,4.44,4.44,public-disclosure-v4,official_annual_direct_consistent
601865.SH,福莱特,2025,Q_G_TWO_FUNDS_RATE,auto_confirmed,1,33.9165,33.9165,public-disclosure-v4,official_annual_direct_consistent
601865.SH,福莱特,2025,Q_S_DIVIDEND_PER_SHARE,auto_confirmed,1,0.15,0.15,public-disclosure-v4,official_annual_direct_consistent
601865.SH,福莱特,2025,Q_S_RD_RATE,auto_confirmed,1,2.77,2.77,public-disclosure-v4,official_annual_direct_consistent
601868.SH,中国能建,2025,Q_G_DEBT_ASSET_RATE,auto_confirmed,1,77.74,77.74,public-disclosure-v4,official_annual_direct_consistent
601868.SH,中国能建,2025,Q_G_REVENUE_GROWTH,auto_confirmed,1,3.7134,3.7134,public-disclosure-v4,official_annual_direct_consistent
601868.SH,中国能建,2025,Q_G_ROE,auto_confirmed,1,5.05,5.05,public-disclosure-v4,official_annual_direct_consistent
601868.SH,中国能建,2025,Q_S_DIVIDEND_PER_SHARE,auto_confirmed,1,0.0312,0.0312,public-disclosure-v4,official_annual_direct_consistent
601868.SH,中国能建,2025,Q_S_RD_RATE,auto_confirmed,1,3.28,3.28,public-disclosure-v4,official_annual_direct_consistent
601877.SH,正泰电器,2025,Q_G_AR_TURNOVER,auto_confirmed,1,4.3995,4.3995,public-disclosure-v4,official_annual_direct_consistent
601877.SH,正泰电器,2025,Q_G_ASSET_TURNOVER,auto_confirmed,1,0.3987,0.3987,public-disclosure-v4,official_annual_direct_consistent
601877.SH,正泰电器,2025,Q_G_CASH_CURRENT_LIABILITY,auto_confirmed,1,37.4052,37.4052,public-disclosure-v4,official_annual_direct_consistent
601877.SH,正泰电器,2025,Q_G_CASH_REALIZATION,auto_confirmed,1,129.921,129.921,public-disclosure-v4,official_annual_direct_consistent
601877.SH,正泰电器,2025,Q_G_COST_REVENUE_RATE,auto_confirmed,1,88.7281,88.7281,public-disclosure-v4,official_annual_direct_consistent
601877.SH,正泰电器,2025,Q_G_CURRENT_ASSET_TURNOVER,auto_confirmed,1,0.6813,0.6813,public-disclosure-v4,official_annual_direct_consistent
601877.SH,正泰电器,2025,Q_G_DEBT_ASSET_RATE,auto_confirmed,1,66.132,66.132,public-disclosure-v4,consolidated_statement_year_end_derived
601877.SH,正泰电器,2025,Q_G_EBITDA_INTEREST,auto_confirmed,1,4.8504,4.8504,public-disclosure-v4,official_annual_direct_consistent
601877.SH,正泰电器,2025,Q_G_OPERATING_MARGIN,auto_confirmed,1,12.9852,12.9852,public-disclosure-v4,official_annual_direct_consistent
601877.SH,正泰电器,2025,Q_G_OPERATING_PROFIT_GROWTH,auto_confirmed,1,12.6798,12.6798,public-disclosure-v4,official_annual_direct_consistent
601877.SH,正泰电器,2025,Q_G_REVENUE_GROWTH,auto_confirmed,1,-8.3301,-8.3301,public-disclosure-v4,official_annual_direct_consistent
601877.SH,正泰电器,2025,Q_G_ROA,auto_confirmed,1,6.4635,6.4635,public-disclosure-v4,official_annual_direct_consistent
601877.SH,正泰电器,2025,Q_G_ROE,auto_confirmed,1,10.35,10.35,public-disclosure-v4,official_annual_direct_consistent
601877.SH,正泰电器,2025,Q_G_TWO_FUNDS_RATE,auto_confirmed,1,75.301,75.301,public-disclosure-v4,official_annual_direct_consistent
601877.SH,正泰电器,2025,Q_S_DIVIDEND_PER_SHARE,auto_confirmed,1,0.6,0.6,public-disclosure-v4,official_annual_direct_consistent
601877.SH,正泰电器,2025,Q_S_RD_RATE,auto_confirmed,1,2.24,2.24,public-disclosure-v4,official_annual_direct_consistent
601898.SH,中煤能源,2025,Q_G_DEBT_ASSET_RATE,auto_confirmed,1,45.8,45.8,public-disclosure-v4,official_annual_direct_consistent
601898.SH,中煤能源,2025,Q_G_REVENUE_GROWTH,auto_confirmed,1,-21.8269,-21.8269,public-disclosure-v4,official_annual_direct_consistent
601898.SH,中煤能源,2025,Q_G_ROE,auto_confirmed,1,11.43,11.43,public-disclosure-v4,official_annual_direct_consistent
601898.SH,中煤能源,2025,Q_S_DIVIDEND_PER_SHARE,auto_confirmed,1,0.383,0.383,public-disclosure-v4,official_annual_direct_consistent
601898.SH,中煤能源,2025,Q_S_RD_RATE,auto_confirmed,1,2.42,2.42,public-disclosure-v4,official_annual_direct_consistent
601908.SH,京运通,2025,Q_G_AR_TURNOVER,auto_confirmed,1,0.8244,0.8244,public-disclosure-v4,official_annual_direct_consistent
601908.SH,京运通,2025,Q_G_ASSET_TURNOVER,auto_confirmed,1,0.1725,0.1725,public-disclosure-v4,official_annual_direct_consistent
601908.SH,京运通,2025,Q_G_CASH_CURRENT_LIABILITY,auto_confirmed,1,15.5264,15.5264,public-disclosure-v4,official_annual_direct_consistent
601908.SH,京运通,2025,Q_G_CASH_REALIZATION,auto_confirmed,1,63.918,63.918,public-disclosure-v4,official_annual_direct_consistent
601908.SH,京运通,2025,Q_G_COST_REVENUE_RATE,auto_confirmed,1,107.635,107.635,public-disclosure-v4,official_annual_direct_consistent
601908.SH,京运通,2025,Q_G_CURRENT_ASSET_TURNOVER,auto_confirmed,1,0.5408,0.5408,public-disclosure-v4,official_annual_direct_consistent
601908.SH,京运通,2025,Q_G_DEBT_ASSET_RATE,auto_confirmed,1,55.3817,55.3817,public-disclosure-v4,consolidated_statement_year_end_derived
601908.SH,京运通,2025,Q_G_EBITDA_INTEREST,auto_confirmed,1,-3.4617,-3.4617,public-disclosure-v4,official_annual_direct_consistent
601908.SH,京运通,2025,Q_G_OPERATING_MARGIN,auto_confirmed,1,-39.7394,-39.7394,public-disclosure-v4,official_annual_direct_consistent
601908.SH,京运通,2025,Q_G_OPERATING_PROFIT_GROWTH,auto_confirmed,1,-48.9725,-48.9725,public-disclosure-v4,official_annual_direct_consistent
601908.SH,京运通,2025,Q_G_REVENUE_GROWTH,auto_confirmed,1,-32.198,-32.198,public-disclosure-v4,official_annual_direct_consistent
601908.SH,京运通,2025,Q_G_ROA,auto_confirmed,1,-5.961,-5.961,public-disclosure-v4,official_annual_direct_consistent
601908.SH,京运通,2025,Q_G_ROE,auto_confirmed,1,17.87,17.87,public-disclosure-v4,official_annual_direct_consistent
601908.SH,京运通,2025,Q_G_TWO_FUNDS_RATE,auto_confirmed,1,80.3348,80.3348,public-disclosure-v4,official_annual_direct_consistent
601908.SH,京运通,2025,Q_S_RD_RATE,auto_confirmed,1,1.22,1.22,public-disclosure-v4,official_annual_direct_consistent
601918.SH,新集能源,2025,Q_G_AR_TURNOVER,auto_confirmed,1,12.614,12.614,public-disclosure-v4,official_annual_direct_consistent
601918.SH,新集能源,2025,Q_G_ASSET_TURNOVER,auto_confirmed,1,0.2514,0.2514,public-disclosure-v4,official_annual_direct_consistent
601918.SH,新集能源,2025,Q_G_CASH_REALIZATION,auto_confirmed,1,120.464,120.464,public-disclosure-v4,official_annual_direct_consistent
601918.SH,新集能源,2025,Q_G_COST_REVENUE_RATE,auto_confirmed,1,75.28,75.28,public-disclosure-v4,official_annual_direct_consistent
601918.SH,新集能源,2025,Q_G_CURRENT_ASSET_TURNOVER,auto_confirmed,1,2.7398,2.7398,public-disclosure-v4,official_annual_direct_consistent
601918.SH,新集能源,2025,Q_G_DEBT_ASSET_RATE,auto_confirmed,2,63.5274|63.53,63.5274,public-disclosure-v4,consolidated_statement_year_end_derived
601918.SH,新集能源,2025,Q_G_EBITDA_INTEREST,auto_confirmed,1,7.3559,7.3559,public-disclosure-v4,official_annual_direct_consistent
601918.SH,新集能源,2025,Q_G_OPERATING_MARGIN,auto_confirmed,1,24.6769,24.6769,public-disclosure-v4,official_annual_direct_consistent
601918.SH,新集能源,2025,Q_G_OPERATING_PROFIT_GROWTH,auto_confirmed,1,-18.7289,-18.7289,public-disclosure-v4,official_annual_direct_consistent
601918.SH,新集能源,2025,Q_G_REVENUE_GROWTH,auto_confirmed,1,-3.5115,-3.5115,public-disclosure-v4,official_annual_direct_consistent
601918.SH,新集能源,2025,Q_G_ROA,auto_confirmed,1,7.2457,7.2457,public-disclosure-v4,official_annual_direct_consistent
601918.SH,新集能源,2025,Q_G_ROE,auto_confirmed,1,13.14,13.14,public-disclosure-v4,official_annual_direct_consistent
601918.SH,新集能源,2025,Q_G_TWO_FUNDS_RATE,auto_confirmed,1,25.7311,25.7311,public-disclosure-v4,official_annual_direct_consistent
601918.SH,新集能源,2025,Q_S_DIVIDEND_PER_SHARE,auto_confirmed,1,0.17,0.17,public-disclosure-v4,official_annual_direct_consistent
601918.SH,新集能源,2025,Q_S_RD_RATE,auto_confirmed,1,0.04,0.04,public-disclosure-v4,official_annual_direct_consistent
601985.SH,中国核电,2025,Q_G_AR_TURNOVER,auto_confirmed,1,3.2814,3.2814,public-disclosure-v4,official_annual_direct_consistent
601985.SH,中国核电,2025,Q_G_ASSET_TURNOVER,auto_confirmed,1,0.1165,0.1165,public-disclosure-v4,official_annual_direct_consistent
601985.SH,中国核电,2025,Q_G_CASH_CURRENT_LIABILITY,auto_confirmed,1,35.4537,35.4537,public-disclosure-v4,official_annual_direct_consistent
601985.SH,中国核电,2025,Q_G_CASH_REALIZATION,auto_confirmed,1,120.382,120.382,public-disclosure-v4,official_annual_direct_consistent
601985.SH,中国核电,2025,Q_G_COST_REVENUE_RATE,auto_confirmed,1,75.4063,75.4063,public-disclosure-v4,official_annual_direct_consistent
601985.SH,中国核电,2025,Q_G_CURRENT_ASSET_TURNOVER,auto_confirmed,1,0.9641,0.9641,public-disclosure-v4,official_annual_direct_consistent
601985.SH,中国核电,2025,Q_G_DEBT_ASSET_RATE,auto_confirmed,1,69.0061,69.0061,public-disclosure-v4,consolidated_statement_year_end_derived
601985.SH,中国核电,2025,Q_G_EBITDA_INTEREST,auto_confirmed,1,4.5611,4.5611,public-disclosure-v4,official_annual_direct_consistent
601985.SH,中国核电,2025,Q_G_OPERATING_MARGIN,auto_confirmed,1,28.172,28.172,public-disclosure-v4,official_annual_direct_consistent
601985.SH,中国核电,2025,Q_G_OPERATING_PROFIT_GROWTH,auto_confirmed,1,3.3074,3.3074,public-disclosure-v4,official_annual_direct_consistent
601985.SH,中国核电,2025,Q_G_REVENUE_GROWTH,auto_confirmed,1,6.2163,6.2163,public-disclosure-v4,official_annual_direct_consistent
601985.SH,中国核电,2025,Q_G_ROA,auto_confirmed,1,4.234,4.234,public-disclosure-v4,official_annual_direct_consistent
601985.SH,中国核电,2025,Q_G_ROE,auto_confirmed,1,8.21,8.21,public-disclosure-v4,official_annual_direct_consistent
601985.SH,中国核电,2025,Q_G_TWO_FUNDS_RATE,auto_confirmed,1,71.6737,71.6737,public-disclosure-v4,official_annual_direct_consistent
601985.SH,中国核电,2025,Q_S_DIVIDEND_PER_SHARE,auto_confirmed,1,0.16,0.16,public-disclosure-v4,official_annual_direct_consistent
601985.SH,中国核电,2025,Q_S_RD_RATE,auto_confirmed,1,2.84,2.84,public-disclosure-v4,official_annual_direct_consistent
601991.SH,大唐发电,2025,Q_G_DEBT_ASSET_RATE,auto_confirmed,1,70.15,70.15,public-disclosure-v4,official_annual_direct_consistent
601991.SH,大唐发电,2025,Q_G_REVENUE_GROWTH,auto_confirmed,1,-1.7965,-1.7965,public-disclosure-v4,official_annual_direct_consistent
601991.SH,大唐发电,2025,Q_G_ROE,auto_confirmed,1,18.15,18.15,public-disclosure-v4,official_annual_direct_consistent
601991.SH,大唐发电,2025,Q_S_DIVIDEND_PER_SHARE,auto_confirmed,1,0.148,0.148,public-disclosure-v4,official_annual_direct_consistent
601991.SH,大唐发电,2025,Q_S_RD_RATE,auto_confirmed,2,2.02,2.02,public-disclosure-v4,official_annual_direct_consistent
603016.SH,新宏泰,2025,Q_G_AR_TURNOVER,auto_confirmed,1,4.0051,4.0051,public-disclosure-v4,official_annual_direct_consistent
603016.SH,新宏泰,2025,Q_G_ASSET_TURNOVER,auto_confirmed,1,0.5812,0.5812,public-disclosure-v4,official_annual_direct_consistent
603016.SH,新宏泰,2025,Q_G_CASH_CURRENT_LIABILITY,auto_confirmed,1,43.0499,43.0499,public-disclosure-v4,official_annual_direct_consistent
603016.SH,新宏泰,2025,Q_G_CASH_REALIZATION,auto_confirmed,1,85.6872,85.6872,public-disclosure-v4,official_annual_direct_consistent
603016.SH,新宏泰,2025,Q_G_COST_REVENUE_RATE,auto_confirmed,1,89.3847,89.3847,public-disclosure-v4,official_annual_direct_consistent
603016.SH,新宏泰,2025,Q_G_CURRENT_ASSET_TURNOVER,auto_confirmed,1,0.689,0.689,public-disclosure-v4,official_annual_direct_consistent
603016.SH,新宏泰,2025,Q_G_DEBT_ASSET_RATE,auto_confirmed,1,17.6085,17.6085,public-disclosure-v4,consolidated_statement_year_end_derived
603016.SH,新宏泰,2025,Q_G_EBITDA_INTEREST,auto_confirmed,1,625.111,625.111,public-disclosure-v4,official_annual_direct_consistent
603016.SH,新宏泰,2025,Q_G_OPERATING_MARGIN,auto_confirmed,1,12.6034,12.6034,public-disclosure-v4,official_annual_direct_consistent
603016.SH,新宏泰,2025,Q_G_OPERATING_PROFIT_GROWTH,auto_confirmed,1,-9.9337,-9.9337,public-disclosure-v4,official_annual_direct_consistent
603016.SH,新宏泰,2025,Q_G_ROA,auto_confirmed,1,7.2588,7.2588,public-disclosure-v4,official_annual_direct_consistent
603016.SH,新宏泰,2025,Q_G_ROE,auto_confirmed,1,7.55,7.55,public-disclosure-v4,official_annual_direct_consistent
603016.SH,新宏泰,2025,Q_G_TWO_FUNDS_RATE,auto_confirmed,1,29.2735,29.2735,public-disclosure-v4,official_annual_direct_consistent
603016.SH,新宏泰,2025,Q_S_DIVIDEND_PER_SHARE,auto_confirmed,1,0.34,0.34,public-disclosure-v4,official_annual_direct_consistent
603016.SH,新宏泰,2025,Q_S_RD_RATE,auto_confirmed,1,5.53,5.53,public-disclosure-v4,official_annual_direct_consistent
603026.SH,石大胜华,2025,Q_G_AR_TURNOVER,auto_confirmed,1,3.6757,3.6757,public-disclosure-v4,official_annual_direct_consistent
603026.SH,石大胜华,2025,Q_G_ASSET_TURNOVER,auto_confirmed,1,0.6477,0.6477,public-disclosure-v4,official_annual_direct_consistent
603026.SH,石大胜华,2025,Q_G_CASH_CURRENT_LIABILITY,auto_confirmed,1,-24.4969,-24.4969,public-disclosure-v4,official_annual_direct_consistent
603026.SH,石大胜华,2025,Q_G_CASH_REALIZATION,auto_confirmed,1,86.5462,86.5462,public-disclosure-v4,official_annual_direct_consistent
603026.SH,石大胜华,2025,Q_G_COST_REVENUE_RATE,auto_confirmed,1,101.093,101.093,public-disclosure-v4,official_annual_direct_consistent
603026.SH,石大胜华,2025,Q_G_CURRENT_ASSET_TURNOVER,auto_confirmed,1,1.4093,1.4093,public-disclosure-v4,official_annual_direct_consistent
603026.SH,石大胜华,2025,Q_G_DEBT_ASSET_RATE,auto_confirmed,1,53.3754,53.3754,public-disclosure-v4,consolidated_statement_year_end_derived
603026.SH,石大胜华,2025,Q_G_EBITDA_INTEREST,auto_confirmed,1,0.1494,0.1494,public-disclosure-v4,official_annual_direct_consistent
603026.SH,石大胜华,2025,Q_G_OPERATING_MARGIN,auto_confirmed,1,-0.7874,-0.7874,public-disclosure-v4,official_annual_direct_consistent
603026.SH,石大胜华,2025,Q_G_OPERATING_PROFIT_GROWTH,auto_confirmed,1,-63.5745,-63.5745,public-disclosure-v4,official_annual_direct_consistent
603026.SH,石大胜华,2025,Q_G_REVENUE_GROWTH,auto_confirmed,1,22.746,22.746,public-disclosure-v4,official_annual_direct_consistent
603026.SH,石大胜华,2025,Q_G_ROA,auto_confirmed,1,0.1068,0.1068,public-disclosure-v4,official_annual_direct_consistent
603026.SH,石大胜华,2025,Q_G_ROE,auto_confirmed,2,0.37,0.37,public-disclosure-v4,official_annual_direct_consistent
603026.SH,石大胜华,2025,Q_G_TWO_FUNDS_RATE,auto_confirmed,1,52.4653,52.4653,public-disclosure-v4,official_annual_direct_consistent
603026.SH,石大胜华,2025,Q_S_RD_RATE,auto_confirmed,1,3.98,3.98,public-disclosure-v4,official_annual_direct_consistent
603031.SH,安孚科技,2025,Q_G_AR_TURNOVER,auto_confirmed,1,12.2799,12.2799,public-disclosure-v4,official_annual_direct_consistent
603031.SH,安孚科技,2025,Q_G_ASSET_TURNOVER,auto_confirmed,1,0.6623,0.6623,public-disclosure-v4,official_annual_direct_consistent
603031.SH,安孚科技,2025,Q_G_CASH_CURRENT_LIABILITY,auto_confirmed,1,35.8832,35.8832,public-disclosure-v4,official_annual_direct_consistent
603031.SH,安孚科技,2025,Q_G_CASH_REALIZATION,auto_confirmed,1,105.274,105.274,public-disclosure-v4,official_annual_direct_consistent
603031.SH,安孚科技,2025,Q_G_COST_REVENUE_RATE,auto_confirmed,1,78.3683,78.3683,public-disclosure-v4,official_annual_direct_consistent
603031.SH,安孚科技,2025,Q_G_CURRENT_ASSET_TURNOVER,auto_confirmed,1,1.573,1.573,public-disclosure-v4,official_annual_direct_consistent
603031.SH,安孚科技,2025,Q_G_DEBT_ASSET_RATE,auto_confirmed,1,53.266,53.266,public-disclosure-v4,consolidated_statement_year_end_derived
603031.SH,安孚科技,2025,Q_G_EBITDA_INTEREST,auto_confirmed,1,21.4187,21.4187,public-disclosure-v4,official_annual_direct_consistent
603031.SH,安孚科技,2025,Q_G_OPERATING_MARGIN,auto_confirmed,1,21.8918,21.8918,public-disclosure-v4,official_annual_direct_consistent
603031.SH,安孚科技,2025,Q_G_OPERATING_PROFIT_GROWTH,auto_confirmed,1,8.5325,8.5325,public-disclosure-v4,official_annual_direct_consistent
603031.SH,安孚科技,2025,Q_G_REVENUE_GROWTH,auto_confirmed,1,2.9387,2.9387,public-disclosure-v4,official_annual_direct_consistent
603031.SH,安孚科技,2025,Q_G_ROA,auto_confirmed,1,15.2252,15.2252,public-disclosure-v4,official_annual_direct_consistent
603031.SH,安孚科技,2025,Q_G_ROE,auto_confirmed,1,10.18,10.18,public-disclosure-v4,official_annual_direct_consistent
603031.SH,安孚科技,2025,Q_G_TWO_FUNDS_RATE,auto_confirmed,1,28.5046,28.5046,public-disclosure-v4,official_annual_direct_consistent
603031.SH,安孚科技,2025,Q_S_DIVIDEND_PER_SHARE,auto_confirmed,1,0.12,0.12,public-disclosure-v4,official_annual_direct_consistent
603031.SH,安孚科技,2025,Q_S_RD_RATE,auto_confirmed,1,2.55,2.55,public-disclosure-v4,official_annual_direct_consistent
603032.SH,德新科技,2025,Q_G_AR_TURNOVER,auto_confirmed,1,2.3822,2.3822,public-disclosure-v4,official_annual_direct_consistent
603032.SH,德新科技,2025,Q_G_ASSET_TURNOVER,auto_confirmed,1,0.3517,0.3517,public-disclosure-v4,official_annual_direct_consistent
603032.SH,德新科技,2025,Q_G_CASH_CURRENT_LIABILITY,auto_confirmed,1,29.7574,29.7574,public-disclosure-v4,official_annual_direct_consistent
603032.SH,德新科技,2025,Q_G_CASH_REALIZATION,auto_confirmed,1,76.5668,76.5668,public-disclosure-v4,official_annual_direct_consistent
603032.SH,德新科技,2025,Q_G_COST_REVENUE_RATE,auto_confirmed,1,85.5482,85.5482,public-disclosure-v4,official_annual_direct_consistent
603032.SH,德新科技,2025,Q_G_CURRENT_ASSET_TURNOVER,auto_confirmed,1,0.9778,0.9778,public-disclosure-v4,official_annual_direct_consistent
603032.SH,德新科技,2025,Q_G_DEBT_ASSET_RATE,auto_confirmed,4,23.297|23.3|29.78,23.297,public-disclosure-v4,consolidated_statement_year_end_derived
603032.SH,德新科技,2025,Q_G_EBITDA_INTEREST,auto_confirmed,1,11.047,11.047,public-disclosure-v4,official_annual_direct_consistent
603032.SH,德新科技,2025,Q_G_OPERATING_MARGIN,auto_confirmed,1,12.6604,12.6604,public-disclosure-v4,official_annual_direct_consistent
603032.SH,德新科技,2025,Q_G_OPERATING_PROFIT_GROWTH,auto_confirmed,1,-143.993,-143.993,public-disclosure-v4,official_annual_direct_consistent
603032.SH,德新科技,2025,Q_G_REVENUE_GROWTH,auto_confirmed,1,53.2924,53.2924,public-disclosure-v4,official_annual_direct_consistent
603032.SH,德新科技,2025,Q_G_ROA,auto_confirmed,1,4.8166,4.8166,public-disclosure-v4,official_annual_direct_consistent
603032.SH,德新科技,2025,Q_G_ROE,auto_confirmed,1,3.8,3.8,public-disclosure-v4,official_annual_direct_consistent
603032.SH,德新科技,2025,Q_G_TWO_FUNDS_RATE,auto_confirmed,1,52.8383,52.8383,public-disclosure-v4,official_annual_direct_consistent
603032.SH,德新科技,2025,Q_S_DIVIDEND_PER_SHARE,auto_confirmed,1,0.043,0.043,public-disclosure-v4,official_annual_direct_consistent
603032.SH,德新科技,2025,Q_S_RD_RATE,auto_confirmed,1,5.92,5.92,public-disclosure-v4,official_annual_direct_consistent
603050.SH,科林电气,2025,Q_G_AR_TURNOVER,auto_confirmed,1,1.7809,1.7809,public-disclosure-v4,official_annual_direct_consistent
603050.SH,科林电气,2025,Q_G_ASSET_TURNOVER,auto_confirmed,1,0.8644,0.8644,public-disclosure-v4,official_annual_direct_consistent
603050.SH,科林电气,2025,Q_G_CASH_CURRENT_LIABILITY,auto_confirmed,1,21.0005,21.0005,public-disclosure-v4,official_annual_direct_consistent
603050.SH,科林电气,2025,Q_G_CASH_REALIZATION,auto_confirmed,1,93.5459,93.5459,public-disclosure-v4,official_annual_direct_consistent
603050.SH,科林电气,2025,Q_G_COST_REVENUE_RATE,auto_confirmed,1,95.6381,95.6381,public-disclosure-v4,official_annual_direct_consistent
603050.SH,科林电气,2025,Q_G_CURRENT_ASSET_TURNOVER,auto_confirmed,1,1.0872,1.0872,public-disclosure-v4,official_annual_direct_consistent
603050.SH,科林电气,2025,Q_G_DEBT_ASSET_RATE,auto_confirmed,3,62.03|62.0326|67.36,62.0326,public-disclosure-v4,consolidated_statement_year_end_derived
603050.SH,科林电气,2025,Q_G_EBITDA_INTEREST,auto_confirmed,1,17.289,17.289,public-disclosure-v4,official_annual_direct_consistent
603050.SH,科林电气,2025,Q_G_OPERATING_MARGIN,auto_confirmed,1,6.2672,6.2672,public-disclosure-v4,official_annual_direct_consistent
603050.SH,科林电气,2025,Q_G_OPERATING_PROFIT_GROWTH,auto_confirmed,1,53.9256,53.9256,public-disclosure-v4,official_annual_direct_consistent
603050.SH,科林电气,2025,Q_G_REVENUE_GROWTH,auto_confirmed,1,7.0525,7.0525,public-disclosure-v4,official_annual_direct_consistent
603050.SH,科林电气,2025,Q_G_ROA,auto_confirmed,1,5.7825,5.7825,public-disclosure-v4,official_annual_direct_consistent
603050.SH,科林电气,2025,Q_G_ROE,auto_confirmed,1,14.49,14.49,public-disclosure-v4,official_annual_direct_consistent
603050.SH,科林电气,2025,Q_G_TWO_FUNDS_RATE,auto_confirmed,1,75.5761,75.5761,public-disclosure-v4,official_annual_direct_consistent
603050.SH,科林电气,2025,Q_S_DIVIDEND_PER_SHARE,auto_confirmed,1,0.1984,0.1984,public-disclosure-v4,official_annual_direct_consistent
603050.SH,科林电气,2025,Q_S_RD_RATE,auto_confirmed,1,4.62,4.62,public-disclosure-v4,official_annual_direct_consistent
603053.SH,成都燃气,2025,Q_G_AR_TURNOVER,auto_confirmed,1,53.4702,53.4702,public-disclosure-v4,official_annual_direct_consistent
603053.SH,成都燃气,2025,Q_G_ASSET_TURNOVER,auto_confirmed,1,0.65,0.65,public-disclosure-v4,official_annual_direct_consistent
603053.SH,成都燃气,2025,Q_G_CASH_CURRENT_LIABILITY,auto_confirmed,1,22.1871,22.1871,public-disclosure-v4,official_annual_direct_consistent
603053.SH,成都燃气,2025,Q_G_CASH_REALIZATION,auto_confirmed,1,106.978,106.978,public-disclosure-v4,official_annual_direct_consistent
603053.SH,成都燃气,2025,Q_G_COST_REVENUE_RATE,auto_confirmed,1,89.6911,89.6911,public-disclosure-v4,official_annual_direct_consistent
603053.SH,成都燃气,2025,Q_G_CURRENT_ASSET_TURNOVER,auto_confirmed,1,1.4235,1.4235,public-disclosure-v4,official_annual_direct_consistent
603053.SH,成都燃气,2025,Q_G_DEBT_ASSET_RATE,auto_confirmed,1,37.6948,37.6948,public-disclosure-v4,consolidated_statement_year_end_derived
603053.SH,成都燃气,2025,Q_G_EBITDA_INTEREST,auto_confirmed,1,709.25,709.25,public-disclosure-v4,official_annual_direct_consistent
603053.SH,成都燃气,2025,Q_G_OPERATING_MARGIN,auto_confirmed,1,10.9564,10.9564,public-disclosure-v4,official_annual_direct_consistent
603053.SH,成都燃气,2025,Q_G_OPERATING_PROFIT_GROWTH,auto_confirmed,1,-0.0035,-0.0035,public-disclosure-v4,official_annual_direct_consistent
603053.SH,成都燃气,2025,Q_G_REVENUE_GROWTH,auto_confirmed,1,1.458,1.458,public-disclosure-v4,official_annual_direct_consistent
603053.SH,成都燃气,2025,Q_G_ROA,auto_confirmed,1,7.2907,7.2907,public-disclosure-v4,official_annual_direct_consistent
603053.SH,成都燃气,2025,Q_G_ROE,auto_confirmed,1,10.16,10.16,public-disclosure-v4,official_annual_direct_consistent
603053.SH,成都燃气,2025,Q_G_TWO_FUNDS_RATE,auto_confirmed,1,3.746,3.746,public-disclosure-v4,official_annual_direct_consistent
603053.SH,成都燃气,2025,Q_S_DIVIDEND_PER_SHARE,auto_confirmed,1,0.3,0.3,public-disclosure-v4,official_annual_direct_consistent
603053.SH,成都燃气,2025,Q_S_RD_RATE,auto_confirmed,1,0.17,0.17,public-disclosure-v4,official_annual_direct_consistent
603063.SH,禾望电气,2025,Q_G_AR_TURNOVER,auto_confirmed,1,1.8623,1.8623,public-disclosure-v4,official_annual_direct_consistent
603063.SH,禾望电气,2025,Q_G_ASSET_TURNOVER,auto_confirmed,1,0.8904,0.8904,public-disclosure-v4,official_annual_direct_consistent
603063.SH,禾望电气,2025,Q_G_CASH_CURRENT_LIABILITY,auto_confirmed,1,15.8788,15.8788,public-disclosure-v4,official_annual_direct_consistent
603063.SH,禾望电气,2025,Q_G_CASH_REALIZATION,auto_confirmed,1,109.35,109.35,public-disclosure-v4,official_annual_direct_consistent
603063.SH,禾望电气,2025,Q_G_COST_REVENUE_RATE,auto_confirmed,1,84.9691,84.9691,public-disclosure-v4,official_annual_direct_consistent
603063.SH,禾望电气,2025,Q_G_CURRENT_ASSET_TURNOVER,auto_confirmed,1,1.1827,1.1827,public-disclosure-v4,official_annual_direct_consistent
603063.SH,禾望电气,2025,Q_G_DEBT_ASSET_RATE,auto_confirmed,1,43.3102,43.3102,public-disclosure-v4,consolidated_statement_year_end_derived
603063.SH,禾望电气,2025,Q_G_EBITDA_INTEREST,auto_confirmed,1,14.6042,14.6042,public-disclosure-v4,official_annual_direct_consistent
603063.SH,禾望电气,2025,Q_G_OPERATING_MARGIN,auto_confirmed,1,14.835,14.835,public-disclosure-v4,official_annual_direct_consistent
603063.SH,禾望电气,2025,Q_G_OPERATING_PROFIT_GROWTH,auto_confirmed,1,17.0918,17.0918,public-disclosure-v4,official_annual_direct_consistent
603063.SH,禾望电气,2025,Q_G_REVENUE_GROWTH,auto_confirmed,1,11.6421,11.6421,public-disclosure-v4,official_annual_direct_consistent
603063.SH,禾望电气,2025,Q_G_ROA,auto_confirmed,1,13.2983,13.2983,public-disclosure-v4,official_annual_direct_consistent
603063.SH,禾望电气,2025,Q_G_ROE,auto_confirmed,1,11.17,11.17,public-disclosure-v4,official_annual_direct_consistent
603063.SH,禾望电气,2025,Q_G_TWO_FUNDS_RATE,auto_confirmed,1,46.729,46.729,public-disclosure-v4,official_annual_direct_consistent
603063.SH,禾望电气,2025,Q_S_DIVIDEND_PER_SHARE,auto_confirmed,1,0.13,0.13,public-disclosure-v4,official_annual_direct_consistent
603063.SH,禾望电气,2025,Q_S_RD_RATE,auto_confirmed,1,8.85,8.85,public-disclosure-v4,official_annual_direct_consistent
603070.SH,万控智造,2025,Q_G_AR_TURNOVER,auto_confirmed,1,2.9042,2.9042,public-disclosure-v4,official_annual_direct_consistent
603070.SH,万控智造,2025,Q_G_ASSET_TURNOVER,auto_confirmed,1,0.6124,0.6124,public-disclosure-v4,official_annual_direct_consistent
603070.SH,万控智造,2025,Q_G_CAPITAL_ACCUMULATION,auto_confirmed,1,2.8734,2.8734,public-disclosure-v4,official_annual_direct_consistent
603070.SH,万控智造,2025,Q_G_CASH_CURRENT_LIABILITY,auto_confirmed,1,37.3093,37.3093,public-disclosure-v4,official_annual_direct_consistent
603070.SH,万控智造,2025,Q_G_CASH_REALIZATION,auto_confirmed,1,135.631,135.631,public-disclosure-v4,official_annual_direct_consistent
603070.SH,万控智造,2025,Q_G_COST_REVENUE_RATE,auto_confirmed,1,95.6972,95.6972,public-disclosure-v4,official_annual_direct_consistent
603070.SH,万控智造,2025,Q_G_CURRENT_ASSET_TURNOVER,auto_confirmed,1,0.8743,0.8743,public-disclosure-v4,official_annual_direct_consistent
603070.SH,万控智造,2025,Q_G_DEBT_ASSET_RATE,auto_confirmed,1,30.4183,30.4183,public-disclosure-v4,consolidated_statement_year_end_derived
603070.SH,万控智造,2025,Q_G_EBITDA_INTEREST,auto_confirmed,1,35.7549,35.7549,public-disclosure-v4,official_annual_direct_consistent
603070.SH,万控智造,2025,Q_G_OPERATING_MARGIN,auto_confirmed,1,5.4843,5.4843,public-disclosure-v4,official_annual_direct_consistent
603070.SH,万控智造,2025,Q_G_OPERATING_PROFIT_GROWTH,auto_confirmed,1,-0.5231,-0.5231,public-disclosure-v4,official_annual_direct_consistent
603070.SH,万控智造,2025,Q_G_REVENUE_GROWTH,auto_confirmed,1,-6.9322,-6.9322,public-disclosure-v4,official_annual_direct_consistent
603070.SH,万控智造,2025,Q_G_ROA,auto_confirmed,1,3.2475,3.2475,public-disclosure-v4,official_annual_direct_consistent
603070.SH,万控智造,2025,Q_G_ROE,auto_confirmed,1,4.14,4.14,public-disclosure-v4,official_annual_direct_consistent
603070.SH,万控智造,2025,Q_G_TWO_FUNDS_RATE,auto_confirmed,1,38.0148,38.0148,public-disclosure-v4,official_annual_direct_consistent
603070.SH,万控智造,2025,Q_S_DIVIDEND_PER_SHARE,auto_confirmed,1,0.08,0.08,public-disclosure-v4,official_annual_direct_consistent
603070.SH,万控智造,2025,Q_S_RD_RATE,auto_confirmed,1,3.66,3.66,public-disclosure-v4,official_annual_direct_consistent
603080.SH,新疆火炬,2025,Q_G_AR_TURNOVER,auto_confirmed,1,20.8892,20.8892,public-disclosure-v4,official_annual_direct_consistent
603080.SH,新疆火炬,2025,Q_G_ASSET_TURNOVER,auto_confirmed,1,1.2463,1.2463,public-disclosure-v4,official_annual_direct_consistent
603080.SH,新疆火炬,2025,Q_G_CASH_CURRENT_LIABILITY,auto_confirmed,1,54.0674,54.0674,public-disclosure-v4,official_annual_direct_consistent
603080.SH,新疆火炬,2025,Q_G_CASH_REALIZATION,auto_confirmed,1,114.473,114.473,public-disclosure-v4,official_annual_direct_consistent
603080.SH,新疆火炬,2025,Q_G_COST_REVENUE_RATE,auto_confirmed,1,85.3972,85.3972,public-disclosure-v4,official_annual_direct_consistent
603080.SH,新疆火炬,2025,Q_G_CURRENT_ASSET_TURNOVER,auto_confirmed,1,4.8816,4.8816,public-disclosure-v4,official_annual_direct_consistent
603080.SH,新疆火炬,2025,Q_G_DEBT_ASSET_RATE,auto_confirmed,1,31.0214,31.0214,public-disclosure-v4,consolidated_statement_year_end_derived
603080.SH,新疆火炬,2025,Q_G_EBITDA_INTEREST,auto_confirmed,1,154.543,154.543,public-disclosure-v4,official_annual_direct_consistent
603080.SH,新疆火炬,2025,Q_G_OPERATING_MARGIN,auto_confirmed,1,16.0886,16.0886,public-disclosure-v4,official_annual_direct_consistent
603080.SH,新疆火炬,2025,Q_G_OPERATING_PROFIT_GROWTH,auto_confirmed,1,37.1597,37.1597,public-disclosure-v4,official_annual_direct_consistent
603080.SH,新疆火炬,2025,Q_G_REVENUE_GROWTH,auto_confirmed,1,10.2463,10.2463,public-disclosure-v4,official_annual_direct_consistent
603080.SH,新疆火炬,2025,Q_G_ROA,auto_confirmed,1,19.9811,19.9811,public-disclosure-v4,official_annual_direct_consistent
603080.SH,新疆火炬,2025,Q_G_ROE,auto_confirmed,1,13.27,13.27,public-disclosure-v4,official_annual_direct_consistent
603080.SH,新疆火炬,2025,Q_G_TWO_FUNDS_RATE,auto_confirmed,1,34.643,34.643,public-disclosure-v4,official_annual_direct_consistent
603080.SH,新疆火炬,2025,Q_S_DIVIDEND_PER_SHARE,auto_confirmed,1,0.52,0.52,public-disclosure-v4,official_annual_direct_consistent
603097.SH,江苏华辰,2025,Q_G_AR_TURNOVER,auto_confirmed,1,2.1544,2.1544,public-disclosure-v4,official_annual_direct_consistent
603097.SH,江苏华辰,2025,Q_G_ASSET_TURNOVER,auto_confirmed,1,0.7985,0.7985,public-disclosure-v4,official_annual_direct_consistent
603097.SH,江苏华辰,2025,Q_G_CASH_CURRENT_LIABILITY,auto_confirmed,1,1.8073,1.8073,public-disclosure-v4,official_annual_direct_consistent
603097.SH,江苏华辰,2025,Q_G_CASH_REALIZATION,auto_confirmed,1,83.3017,83.3017,public-disclosure-v4,official_annual_direct_consistent
603097.SH,江苏华辰,2025,Q_G_COST_REVENUE_RATE,auto_confirmed,1,94.724,94.724,public-disclosure-v4,official_annual_direct_consistent
603097.SH,江苏华辰,2025,Q_G_CURRENT_ASSET_TURNOVER,auto_confirmed,1,1.1215,1.1215,public-disclosure-v4,official_annual_direct_consistent
603097.SH,江苏华辰,2025,Q_G_DEBT_ASSET_RATE,auto_confirmed,2,56.45|65.0606,65.0606,public-disclosure-v4,consolidated_statement_year_end_derived
603097.SH,江苏华辰,2025,Q_G_EBITDA_INTEREST,auto_confirmed,1,6.63,6.63,public-disclosure-v4,official_annual_direct_consistent
603097.SH,江苏华辰,2025,Q_G_OPERATING_MARGIN,auto_confirmed,1,3.01,3.01,public-disclosure-v4,official_annual_direct_consistent
603097.SH,江苏华辰,2025,Q_G_REVENUE_GROWTH,auto_confirmed,1,42.7288,42.7288,public-disclosure-v4,official_annual_direct_consistent
603097.SH,江苏华辰,2025,Q_G_ROA,auto_confirmed,1,2.9295,2.9295,public-disclosure-v4,official_annual_direct_consistent
603097.SH,江苏华辰,2025,Q_G_ROE,auto_confirmed,1,6.56,6.56,public-disclosure-v4,official_annual_direct_consistent
603097.SH,江苏华辰,2025,Q_G_TWO_FUNDS_RATE,auto_confirmed,1,72.9536,72.9536,public-disclosure-v4,official_annual_direct_consistent
603097.SH,江苏华辰,2025,Q_S_DIVIDEND_PER_SHARE,auto_confirmed,1,0.15,0.15,public-disclosure-v4,official_annual_direct_consistent
603097.SH,江苏华辰,2025,Q_S_RD_RATE,auto_confirmed,1,3.77,3.77,public-disclosure-v4,official_annual_direct_consistent
603105.SH,芯能科技,2025,Q_G_AR_TURNOVER,auto_confirmed,1,2.5689,2.5689,public-disclosure-v4,official_annual_direct_consistent
603105.SH,芯能科技,2025,Q_G_ASSET_TURNOVER,auto_confirmed,1,0.1674,0.1674,public-disclosure-v4,official_annual_direct_consistent
603105.SH,芯能科技,2025,Q_G_CAPITAL_ACCUMULATION,auto_confirmed,1,3.9217,3.9217,public-disclosure-v4,official_annual_direct_consistent
603105.SH,芯能科技,2025,Q_G_CASH_REALIZATION,auto_confirmed,1,97.0743,97.0743,public-disclosure-v4,official_annual_direct_consistent
603105.SH,芯能科技,2025,Q_G_COST_REVENUE_RATE,auto_confirmed,1,68.4815,68.4815,public-disclosure-v4,official_annual_direct_consistent
603105.SH,芯能科技,2025,Q_G_CURRENT_ASSET_TURNOVER,auto_confirmed,1,0.9994,0.9994,public-disclosure-v4,official_annual_direct_consistent
603105.SH,芯能科技,2025,Q_G_DEBT_ASSET_RATE,auto_confirmed,2,49.6696|49.67,49.6696,public-disclosure-v4,consolidated_statement_year_end_derived
603105.SH,芯能科技,2025,Q_G_EBITDA_INTEREST,auto_confirmed,1,3.5446,3.5446,public-disclosure-v4,official_annual_direct_consistent
603105.SH,芯能科技,2025,Q_G_OPERATING_MARGIN,auto_confirmed,1,31.8935,31.8935,public-disclosure-v4,official_annual_direct_consistent
603105.SH,芯能科技,2025,Q_G_OPERATING_PROFIT_GROWTH,auto_confirmed,1,-1.231,-1.231,public-disclosure-v4,official_annual_direct_consistent
603105.SH,芯能科技,2025,Q_G_REVENUE_GROWTH,auto_confirmed,1,7.1738,7.1738,public-disclosure-v4,official_annual_direct_consistent
603105.SH,芯能科技,2025,Q_G_ROA,auto_confirmed,1,7.4544,7.4544,public-disclosure-v4,official_annual_direct_consistent
603105.SH,芯能科技,2025,Q_G_ROE,auto_confirmed,1,9.06,9.06,public-disclosure-v4,official_annual_direct_consistent
603105.SH,芯能科技,2025,Q_G_TWO_FUNDS_RATE,auto_confirmed,1,41.8563,41.8563,public-disclosure-v4,official_annual_direct_consistent
603105.SH,芯能科技,2025,Q_S_DIVIDEND_PER_SHARE,auto_confirmed,1,1,1,public-disclosure-v4,official_annual_direct_consistent
603105.SH,芯能科技,2025,Q_S_RD_RATE,auto_confirmed,1,4.92,4.92,public-disclosure-v4,official_annual_direct_consistent
603185.SH,弘元绿能,2025,Q_G_DEBT_ASSET_RATE,auto_confirmed,2,53.88|53.881,53.881,public-disclosure-v4,consolidated_statement_year_end_derived
603185.SH,弘元绿能,2025,Q_G_ROE,auto_confirmed,1,1.55,1.55,public-disclosure-v4,official_annual_direct_consistent
603185.SH,弘元绿能,2025,Q_G_TWO_FUNDS_RATE,auto_confirmed,1,23.4206,23.4206,public-disclosure-v4,official_annual_direct_consistent
603185.SH,弘元绿能,2025,Q_S_DIVIDEND_PER_SHARE,auto_confirmed,1,0.15,0.15,public-disclosure-v4,official_annual_direct_consistent
603185.SH,弘元绿能,2025,Q_S_RD_RATE,auto_confirmed,1,5.06,5.06,public-disclosure-v4,official_annual_direct_consistent
603191.SH,望变电气,2025,Q_G_AR_TURNOVER,auto_confirmed,1,0.0002,0.0002,public-disclosure-v4,official_annual_direct_consistent
603191.SH,望变电气,2025,Q_G_ASSET_TURNOVER,auto_confirmed,1,0.0001,0.0001,public-disclosure-v4,official_annual_direct_consistent
603191.SH,望变电气,2025,Q_G_CASH_CURRENT_LIABILITY,auto_confirmed,1,7.7491,7.7491,public-disclosure-v4,official_annual_direct_consistent
603191.SH,望变电气,2025,Q_G_CASH_REALIZATION,auto_confirmed,1,743585,743585,public-disclosure-v4,official_annual_direct_consistent
603191.SH,望变电气,2025,Q_G_COST_REVENUE_RATE,auto_confirmed,1,972399,972399,public-disclosure-v4,official_annual_direct_consistent
603191.SH,望变电气,2025,Q_G_CURRENT_ASSET_TURNOVER,auto_confirmed,1,0.0001,0.0001,public-disclosure-v4,official_annual_direct_consistent
603191.SH,望变电气,2025,Q_G_DEBT_ASSET_RATE,auto_confirmed,2,56.95|65.5809,65.5809,public-disclosure-v4,consolidated_statement_year_end_derived
603191.SH,望变电气,2025,Q_G_EBITDA_INTEREST,auto_confirmed,1,2.4588,2.4588,public-disclosure-v4,official_annual_direct_consistent
603191.SH,望变电气,2025,Q_G_OPERATING_MARGIN,auto_confirmed,1,21344,21344,public-disclosure-v4,official_annual_direct_consistent
603191.SH,望变电气,2025,Q_G_OPERATING_PROFIT_GROWTH,auto_confirmed,1,-24.3175,-24.3175,public-disclosure-v4,official_annual_direct_consistent
603191.SH,望变电气,2025,Q_G_REVENUE_GROWTH,auto_confirmed,1,16.8708,16.8708,public-disclosure-v4,official_annual_direct_consistent
603191.SH,望变电气,2025,Q_G_ROA,auto_confirmed,1,1.9407,1.9407,public-disclosure-v4,official_annual_direct_consistent
603191.SH,望变电气,2025,Q_G_ROE,auto_confirmed,1,2.83,2.83,public-disclosure-v4,official_annual_direct_consistent
603191.SH,望变电气,2025,Q_G_TWO_FUNDS_RATE,auto_confirmed,1,59.9825,59.9825,public-disclosure-v4,official_annual_direct_consistent
603191.SH,望变电气,2025,Q_S_DIVIDEND_PER_SHARE,auto_confirmed,1,0.05,0.05,public-disclosure-v4,official_annual_direct_consistent
603191.SH,望变电气,2025,Q_S_RD_RATE,auto_confirmed,1,7.82,7.82,public-disclosure-v4,official_annual_direct_consistent
603212.SH,赛伍技术,2025,Q_G_AR_TURNOVER,auto_confirmed,1,1.9591,1.9591,public-disclosure-v4,official_annual_direct_consistent
603212.SH,赛伍技术,2025,Q_G_ASSET_TURNOVER,auto_confirmed,1,0.6291,0.6291,public-disclosure-v4,official_annual_direct_consistent
603212.SH,赛伍技术,2025,Q_G_CASH_REALIZATION,auto_confirmed,1,84.6949,84.6949,public-disclosure-v4,official_annual_direct_consistent
603212.SH,赛伍技术,2025,Q_G_COST_REVENUE_RATE,auto_confirmed,1,107.512,107.512,public-disclosure-v4,official_annual_direct_consistent
603212.SH,赛伍技术,2025,Q_G_CURRENT_ASSET_TURNOVER,auto_confirmed,1,0.9468,0.9468,public-disclosure-v4,official_annual_direct_consistent
603212.SH,赛伍技术,2025,Q_G_DEBT_ASSET_RATE,auto_confirmed,2,39.1551|39.16,39.1551,public-disclosure-v4,consolidated_statement_year_end_derived
603212.SH,赛伍技术,2025,Q_G_EBITDA_INTEREST,auto_confirmed,1,-8.5287,-8.5287,public-disclosure-v4,official_annual_direct_consistent
603212.SH,赛伍技术,2025,Q_G_OPERATING_MARGIN,auto_confirmed,1,-12.2058,-12.2058,public-disclosure-v4,official_annual_direct_consistent
603212.SH,赛伍技术,2025,Q_G_OPERATING_PROFIT_GROWTH,auto_confirmed,1,3.4644,3.4644,public-disclosure-v4,official_annual_direct_consistent
603212.SH,赛伍技术,2025,Q_G_REVENUE_GROWTH,auto_confirmed,1,-12.7234,-12.7234,public-disclosure-v4,official_annual_direct_consistent
603212.SH,赛伍技术,2025,Q_G_ROA,auto_confirmed,1,-6.9311,-6.9311,public-disclosure-v4,official_annual_direct_consistent
603212.SH,赛伍技术,2025,Q_G_ROE,auto_confirmed,1,10.56,10.56,public-disclosure-v4,official_annual_direct_consistent
603212.SH,赛伍技术,2025,Q_G_TWO_FUNDS_RATE,auto_confirmed,1,73.2926,73.2926,public-disclosure-v4,official_annual_direct_consistent
603212.SH,赛伍技术,2025,Q_S_RD_RATE,auto_confirmed,1,3.98,3.98,public-disclosure-v4,official_annual_direct_consistent
603218.SH,日月股份,2025,Q_G_ROE,auto_confirmed,1,5.44,5.44,public-disclosure-v4,official_annual_direct_consistent
603218.SH,日月股份,2025,Q_S_DIVIDEND_PER_SHARE,auto_confirmed,1,0.38,0.38,public-disclosure-v4,official_annual_direct_consistent
603218.SH,日月股份,2025,Q_S_RD_RATE,auto_confirmed,1,4.24,4.24,public-disclosure-v4,official_annual_direct_consistent
603312.SH,西典新能,2025,Q_G_AR_TURNOVER,auto_confirmed,1,3.2651,3.2651,public-disclosure-v4,official_annual_direct_consistent
603312.SH,西典新能,2025,Q_G_ASSET_TURNOVER,auto_confirmed,1,0.9998,0.9998,public-disclosure-v4,official_annual_direct_consistent
603312.SH,西典新能,2025,Q_G_CASH_CURRENT_LIABILITY,auto_confirmed,1,21.4427,21.4427,public-disclosure-v4,official_annual_direct_consistent
603312.SH,西典新能,2025,Q_G_CASH_REALIZATION,auto_confirmed,1,71.4312,71.4312,public-disclosure-v4,official_annual_direct_consistent
603312.SH,西典新能,2025,Q_G_COST_REVENUE_RATE,auto_confirmed,1,89.0461,89.0461,public-disclosure-v4,official_annual_direct_consistent
603312.SH,西典新能,2025,Q_G_CURRENT_ASSET_TURNOVER,auto_confirmed,1,1.2372,1.2372,public-disclosure-v4,official_annual_direct_consistent
603312.SH,西典新能,2025,Q_G_DEBT_ASSET_RATE,auto_confirmed,1,36.4343,36.4343,public-disclosure-v4,consolidated_statement_year_end_derived
603312.SH,西典新能,2025,Q_G_EBITDA_INTEREST,auto_confirmed,1,23212.7,23212.7,public-disclosure-v4,official_annual_direct_consistent
603312.SH,西典新能,2025,Q_G_OPERATING_MARGIN,auto_confirmed,1,10.8424,10.8424,public-disclosure-v4,official_annual_direct_consistent
603312.SH,西典新能,2025,Q_G_OPERATING_PROFIT_GROWTH,auto_confirmed,1,16.2742,16.2742,public-disclosure-v4,official_annual_direct_consistent
603312.SH,西典新能,2025,Q_G_REVENUE_GROWTH,auto_confirmed,1,28.5162,28.5162,public-disclosure-v4,official_annual_direct_consistent
603312.SH,西典新能,2025,Q_G_ROA,auto_confirmed,1,10.8045,10.8045,public-disclosure-v4,official_annual_direct_consistent
603312.SH,西典新能,2025,Q_G_ROE,auto_confirmed,1,14.97,14.97,public-disclosure-v4,official_annual_direct_consistent
603312.SH,西典新能,2025,Q_G_TWO_FUNDS_RATE,auto_confirmed,1,50.7941,50.7941,public-disclosure-v4,official_annual_direct_consistent
603312.SH,西典新能,2025,Q_S_DIVIDEND_PER_SHARE,auto_confirmed,1,0.4,0.4,public-disclosure-v4,official_annual_direct_consistent
603312.SH,西典新能,2025,Q_S_RD_RATE,auto_confirmed,1,2.67,2.67,public-disclosure-v4,official_annual_direct_consistent
603318.SH,水发燃气,2025,Q_G_AR_TURNOVER,auto_confirmed,1,9.2726,9.2726,public-disclosure-v4,official_annual_direct_consistent
603318.SH,水发燃气,2025,Q_G_ASSET_TURNOVER,auto_confirmed,1,0.9874,0.9874,public-disclosure-v4,official_annual_direct_consistent
603318.SH,水发燃气,2025,Q_G_CASH_REALIZATION,auto_confirmed,1,97.95,97.95,public-disclosure-v4,official_annual_direct_consistent
603318.SH,水发燃气,2025,Q_G_COST_REVENUE_RATE,auto_confirmed,1,94.4737,94.4737,public-disclosure-v4,official_annual_direct_consistent
603318.SH,水发燃气,2025,Q_G_CURRENT_ASSET_TURNOVER,auto_confirmed,1,2.0399,2.0399,public-disclosure-v4,official_annual_direct_consistent
603318.SH,水发燃气,2025,Q_G_DEBT_ASSET_RATE,auto_confirmed,3,60.35|60.3521,60.3521,public-disclosure-v4,consolidated_statement_year_end_derived
603318.SH,水发燃气,2025,Q_G_EBITDA_INTEREST,auto_confirmed,1,1.3562,1.3562,public-disclosure-v4,official_annual_direct_consistent
603318.SH,水发燃气,2025,Q_G_OPERATING_MARGIN,auto_confirmed,1,3.2222,3.2222,public-disclosure-v4,official_annual_direct_consistent
603318.SH,水发燃气,2025,Q_G_OPERATING_PROFIT_GROWTH,auto_confirmed,1,-64.9057,-64.9057,public-disclosure-v4,official_annual_direct_consistent
603318.SH,水发燃气,2025,Q_G_REVENUE_GROWTH,auto_confirmed,1,-1.5297,-1.5297,public-disclosure-v4,official_annual_direct_consistent
603318.SH,水发燃气,2025,Q_G_ROA,auto_confirmed,1,4.3203,4.3203,public-disclosure-v4,official_annual_direct_consistent
603318.SH,水发燃气,2025,Q_G_ROE,auto_confirmed,2,5.62,5.62,public-disclosure-v4,official_annual_direct_consistent
603318.SH,水发燃气,2025,Q_G_TWO_FUNDS_RATE,auto_confirmed,1,37.798,37.798,public-disclosure-v4,official_annual_direct_consistent
603318.SH,水发燃气,2025,Q_S_DIVIDEND_PER_SHARE,auto_confirmed,1,0,0,public-disclosure-v4,official_annual_direct_consistent
603318.SH,水发燃气,2025,Q_S_RD_RATE,auto_confirmed,1,0.74,0.74,public-disclosure-v4,official_annual_direct_consistent
603320.SH,迪贝电气,2025,Q_G_AR_TURNOVER,auto_confirmed,1,6.0778,6.0778,public-disclosure-v4,official_annual_direct_consistent
603320.SH,迪贝电气,2025,Q_G_ASSET_TURNOVER,auto_confirmed,1,1.3806,1.3806,public-disclosure-v4,official_annual_direct_consistent
603320.SH,迪贝电气,2025,Q_G_CASH_CURRENT_LIABILITY,auto_confirmed,1,49.5175,49.5175,public-disclosure-v4,official_annual_direct_consistent
603320.SH,迪贝电气,2025,Q_G_CASH_REALIZATION,auto_confirmed,1,68.1678,68.1678,public-disclosure-v4,official_annual_direct_consistent
603320.SH,迪贝电气,2025,Q_G_COST_REVENUE_RATE,auto_confirmed,1,91.6173,91.6173,public-disclosure-v4,official_annual_direct_consistent
603320.SH,迪贝电气,2025,Q_G_CURRENT_ASSET_TURNOVER,auto_confirmed,1,1.129,1.129,public-disclosure-v4,official_annual_direct_consistent
603320.SH,迪贝电气,2025,Q_G_DEBT_ASSET_RATE,auto_confirmed,1,17.1345,17.1345,public-disclosure-v4,consolidated_statement_year_end_derived
603320.SH,迪贝电气,2025,Q_G_EBITDA_INTEREST,auto_confirmed,1,116.394,116.394,public-disclosure-v4,official_annual_direct_consistent
603320.SH,迪贝电气,2025,Q_G_OPERATING_MARGIN,auto_confirmed,1,9.2404,9.2404,public-disclosure-v4,official_annual_direct_consistent
603320.SH,迪贝电气,2025,Q_G_OPERATING_PROFIT_GROWTH,auto_confirmed,1,6.4734,6.4734,public-disclosure-v4,official_annual_direct_consistent
603320.SH,迪贝电气,2025,Q_G_REVENUE_GROWTH,auto_confirmed,1,-6.9521,-6.9521,public-disclosure-v4,official_annual_direct_consistent
603320.SH,迪贝电气,2025,Q_G_ROA,auto_confirmed,1,12.7309,12.7309,public-disclosure-v4,official_annual_direct_consistent
603320.SH,迪贝电气,2025,Q_G_ROE,auto_confirmed,1,7.2,7.2,public-disclosure-v4,official_annual_direct_consistent
603320.SH,迪贝电气,2025,Q_G_TWO_FUNDS_RATE,auto_confirmed,1,37.8741,37.8741,public-disclosure-v4,official_annual_direct_consistent
603320.SH,迪贝电气,2025,Q_S_DIVIDEND_PER_SHARE,auto_confirmed,1,0.17,0.17,public-disclosure-v4,official_annual_direct_consistent
603320.SH,迪贝电气,2025,Q_S_RD_RATE,auto_confirmed,1,4.79,4.79,public-disclosure-v4,official_annual_direct_consistent
603333.SH,尚纬股份,2025,Q_G_AR_TURNOVER,auto_confirmed,1,1.6833,1.6833,public-disclosure-v4,official_annual_direct_consistent
603333.SH,尚纬股份,2025,Q_G_ASSET_TURNOVER,auto_confirmed,1,129.262,129.262,public-disclosure-v4,official_annual_direct_consistent
603333.SH,尚纬股份,2025,Q_G_CASH_CURRENT_LIABILITY,auto_confirmed,1,385.344,385.344,public-disclosure-v4,official_annual_direct_consistent
603333.SH,尚纬股份,2025,Q_G_CASH_REALIZATION,auto_confirmed,1,117.306,117.306,public-disclosure-v4,official_annual_direct_consistent
603333.SH,尚纬股份,2025,Q_G_COST_REVENUE_RATE,auto_confirmed,1,104.385,104.385,public-disclosure-v4,official_annual_direct_consistent
603333.SH,尚纬股份,2025,Q_G_CURRENT_ASSET_TURNOVER,auto_confirmed,1,129.262,129.262,public-disclosure-v4,official_annual_direct_consistent
603333.SH,尚纬股份,2025,Q_G_DEBT_ASSET_RATE,auto_confirmed,2,43.89|2566.59,2566.59,public-disclosure-v4,consolidated_statement_year_end_derived
603333.SH,尚纬股份,2025,Q_G_REVENUE_GROWTH,auto_confirmed,1,-18.7323,-18.7323,public-disclosure-v4,official_annual_direct_consistent
603333.SH,尚纬股份,2025,Q_G_ROE,auto_confirmed,1,2.28,2.28,public-disclosure-v4,official_annual_direct_consistent
603333.SH,尚纬股份,2025,Q_G_TWO_FUNDS_RATE,auto_confirmed,1,52190.8,52190.8,public-disclosure-v4,official_annual_direct_consistent
603333.SH,尚纬股份,2025,Q_S_RD_RATE,auto_confirmed,1,4.11,4.11,public-disclosure-v4,official_annual_direct_consistent
603344.SH,星德胜,2025,Q_G_AR_TURNOVER,auto_confirmed,1,9.8781,9.8781,public-disclosure-v4,official_annual_direct_consistent
603344.SH,星德胜,2025,Q_G_ASSET_TURNOVER,auto_confirmed,1,1.6138,1.6138,public-disclosure-v4,official_annual_direct_consistent
603344.SH,星德胜,2025,Q_G_CASH_CURRENT_LIABILITY,auto_confirmed,1,26.4488,26.4488,public-disclosure-v4,official_annual_direct_consistent
603344.SH,星德胜,2025,Q_G_CASH_REALIZATION,auto_confirmed,1,70.8279,70.8279,public-disclosure-v4,official_annual_direct_consistent
603344.SH,星德胜,2025,Q_G_COST_REVENUE_RATE,auto_confirmed,1,92.1873,92.1873,public-disclosure-v4,official_annual_direct_consistent
603344.SH,星德胜,2025,Q_G_CURRENT_ASSET_TURNOVER,auto_confirmed,1,1.7192,1.7192,public-disclosure-v4,official_annual_direct_consistent
603344.SH,星德胜,2025,Q_G_DEBT_ASSET_RATE,auto_confirmed,1,32.6111,32.6111,public-disclosure-v4,consolidated_statement_year_end_derived
603344.SH,星德胜,2025,Q_G_EBITDA_INTEREST,auto_confirmed,1,243.899,243.899,public-disclosure-v4,official_annual_direct_consistent
603344.SH,星德胜,2025,Q_G_OPERATING_MARGIN,auto_confirmed,1,7.6511,7.6511,public-disclosure-v4,official_annual_direct_consistent
603344.SH,星德胜,2025,Q_G_OPERATING_PROFIT_GROWTH,auto_confirmed,1,-13.1599,-13.1599,public-disclosure-v4,official_annual_direct_consistent
603344.SH,星德胜,2025,Q_G_REVENUE_GROWTH,auto_confirmed,1,4.8352,4.8352,public-disclosure-v4,official_annual_direct_consistent
603344.SH,星德胜,2025,Q_G_ROA,auto_confirmed,1,12.292,12.292,public-disclosure-v4,official_annual_direct_consistent
603344.SH,星德胜,2025,Q_G_ROE,auto_confirmed,1,8.36,8.36,public-disclosure-v4,official_annual_direct_consistent
603344.SH,星德胜,2025,Q_G_TWO_FUNDS_RATE,auto_confirmed,1,38.273,38.273,public-disclosure-v4,official_annual_direct_consistent
603344.SH,星德胜,2025,Q_S_RD_RATE,auto_confirmed,1,4.06,4.06,public-disclosure-v4,official_annual_direct_consistent
603353.SH,和顺石油,2025,Q_G_AR_TURNOVER,auto_confirmed,1,106.029,106.029,public-disclosure-v4,official_annual_direct_consistent
603353.SH,和顺石油,2025,Q_G_ASSET_TURNOVER,auto_confirmed,1,1.3091,1.3091,public-disclosure-v4,official_annual_direct_consistent
603353.SH,和顺石油,2025,Q_G_CASH_CURRENT_LIABILITY,auto_confirmed,1,70.1513,70.1513,public-disclosure-v4,official_annual_direct_consistent
603353.SH,和顺石油,2025,Q_G_CASH_REALIZATION,auto_confirmed,1,118.776,118.776,public-disclosure-v4,official_annual_direct_consistent
603353.SH,和顺石油,2025,Q_G_COST_REVENUE_RATE,auto_confirmed,1,100.528,100.528,public-disclosure-v4,official_annual_direct_consistent
603353.SH,和顺石油,2025,Q_G_CURRENT_ASSET_TURNOVER,auto_confirmed,1,3.3581,3.3581,public-disclosure-v4,official_annual_direct_consistent
603353.SH,和顺石油,2025,Q_G_DEBT_ASSET_RATE,auto_confirmed,1,17.1177,17.1177,public-disclosure-v4,consolidated_statement_year_end_derived
603353.SH,和顺石油,2025,Q_G_EBITDA_INTEREST,auto_confirmed,1,-3.7673,-3.7673,public-disclosure-v4,official_annual_direct_consistent
603353.SH,和顺石油,2025,Q_G_OPERATING_MARGIN,auto_confirmed,1,-1.1148,-1.1148,public-disclosure-v4,official_annual_direct_consistent
603353.SH,和顺石油,2025,Q_G_OPERATING_PROFIT_GROWTH,auto_confirmed,1,-161.819,-161.819,public-disclosure-v4,official_annual_direct_consistent
603353.SH,和顺石油,2025,Q_G_REVENUE_GROWTH,auto_confirmed,1,-8.1497,-8.1497,public-disclosure-v4,official_annual_direct_consistent
603353.SH,和顺石油,2025,Q_G_ROA,auto_confirmed,1,-1.1671,-1.1671,public-disclosure-v4,official_annual_direct_consistent
603353.SH,和顺石油,2025,Q_G_ROE,auto_confirmed,1,1.31,1.31,public-disclosure-v4,official_annual_direct_consistent
603353.SH,和顺石油,2025,Q_G_TWO_FUNDS_RATE,auto_confirmed,1,17.4968,17.4968,public-disclosure-v4,official_annual_direct_consistent
603353.SH,和顺石油,2025,Q_S_DIVIDEND_PER_SHARE,auto_confirmed,1,0.1,0.1,public-disclosure-v4,official_annual_direct_consistent
603393.SH,新天然气,2025,Q_G_AR_TURNOVER,auto_confirmed,1,4.8762,4.8762,public-disclosure-v4,official_annual_direct_consistent
603393.SH,新天然气,2025,Q_G_ASSET_TURNOVER,auto_confirmed,1,0.1961,0.1961,public-disclosure-v4,official_annual_direct_consistent
603393.SH,新天然气,2025,Q_G_COST_REVENUE_RATE,auto_confirmed,1,72.8598,72.8598,public-disclosure-v4,official_annual_direct_consistent
603393.SH,新天然气,2025,Q_G_CURRENT_ASSET_TURNOVER,auto_confirmed,1,0.7484,0.7484,public-disclosure-v4,official_annual_direct_consistent
603393.SH,新天然气,2025,Q_G_DEBT_ASSET_RATE,auto_confirmed,1,48.3663,48.3663,public-disclosure-v4,consolidated_statement_year_end_derived
603393.SH,新天然气,2025,Q_G_EBITDA_INTEREST,auto_confirmed,1,4.9246,4.9246,public-disclosure-v4,official_annual_direct_consistent
603393.SH,新天然气,2025,Q_G_OPERATING_MARGIN,auto_confirmed,1,23.9857,23.9857,public-disclosure-v4,official_annual_direct_consistent
603393.SH,新天然气,2025,Q_G_OPERATING_PROFIT_GROWTH,auto_confirmed,1,-44.0865,-44.0865,public-disclosure-v4,official_annual_direct_consistent
603393.SH,新天然气,2025,Q_G_REVENUE_GROWTH,auto_confirmed,1,3.8908,3.8908,public-disclosure-v4,official_annual_direct_consistent
603393.SH,新天然气,2025,Q_G_ROA,auto_confirmed,1,6.5332,6.5332,public-disclosure-v4,official_annual_direct_consistent
603393.SH,新天然气,2025,Q_G_ROE,auto_confirmed,1,9.43,9.43,public-disclosure-v4,official_annual_direct_consistent
603393.SH,新天然气,2025,Q_G_TWO_FUNDS_RATE,auto_confirmed,1,14.4552,14.4552,public-disclosure-v4,official_annual_direct_consistent
603396.SH,金辰股份,2025,Q_G_AR_TURNOVER,auto_confirmed,1,2.9592,2.9592,public-disclosure-v4,official_annual_direct_consistent
603396.SH,金辰股份,2025,Q_G_ASSET_TURNOVER,auto_confirmed,1,0.5356,0.5356,public-disclosure-v4,official_annual_direct_consistent
603396.SH,金辰股份,2025,Q_G_CASH_CURRENT_LIABILITY,auto_confirmed,1,26.4419,26.4419,public-disclosure-v4,official_annual_direct_consistent
603396.SH,金辰股份,2025,Q_G_CASH_REALIZATION,auto_confirmed,1,68.1962,68.1962,public-disclosure-v4,official_annual_direct_consistent
603396.SH,金辰股份,2025,Q_G_COST_REVENUE_RATE,auto_confirmed,1,92.9723,92.9723,public-disclosure-v4,official_annual_direct_consistent
603396.SH,金辰股份,2025,Q_G_CURRENT_ASSET_TURNOVER,auto_confirmed,1,0.6251,0.6251,public-disclosure-v4,official_annual_direct_consistent
603396.SH,金辰股份,2025,Q_G_DEBT_ASSET_RATE,auto_confirmed,1,46.2331,46.2331,public-disclosure-v4,consolidated_statement_year_end_derived
603396.SH,金辰股份,2025,Q_G_EBITDA_INTEREST,auto_confirmed,1,6.9259,6.9259,public-disclosure-v4,official_annual_direct_consistent
603396.SH,金辰股份,2025,Q_G_OPERATING_MARGIN,auto_confirmed,1,3.5671,3.5671,public-disclosure-v4,official_annual_direct_consistent
603396.SH,金辰股份,2025,Q_G_REVENUE_GROWTH,auto_confirmed,1,11.8939,11.8939,public-disclosure-v4,official_annual_direct_consistent
603396.SH,金辰股份,2025,Q_G_ROA,auto_confirmed,1,2.2292,2.2292,public-disclosure-v4,official_annual_direct_consistent
603396.SH,金辰股份,2025,Q_G_ROE,auto_confirmed,1,2.17,2.17,public-disclosure-v4,official_annual_direct_consistent
603396.SH,金辰股份,2025,Q_G_TWO_FUNDS_RATE,auto_confirmed,1,53.7358,53.7358,public-disclosure-v4,official_annual_direct_consistent
603396.SH,金辰股份,2025,Q_S_DIVIDEND_PER_SHARE,auto_confirmed,1,0.15,0.15,public-disclosure-v4,official_annual_direct_consistent
603396.SH,金辰股份,2025,Q_S_RD_RATE,auto_confirmed,1,6.87,6.87,public-disclosure-v4,official_annual_direct_consistent
603489.SH,八方股份,2025,Q_G_AR_TURNOVER,auto_confirmed,1,3.9452,3.9452,public-disclosure-v4,official_annual_direct_consistent
603489.SH,八方股份,2025,Q_G_ASSET_TURNOVER,auto_confirmed,1,0.4153,0.4153,public-disclosure-v4,official_annual_direct_consistent
603489.SH,八方股份,2025,Q_G_CASH_REALIZATION,auto_confirmed,1,97.0723,97.0723,public-disclosure-v4,official_annual_direct_consistent
603489.SH,八方股份,2025,Q_G_COST_REVENUE_RATE,auto_confirmed,1,91.3218,91.3218,public-disclosure-v4,official_annual_direct_consistent
603489.SH,八方股份,2025,Q_G_CURRENT_ASSET_TURNOVER,auto_confirmed,1,0.6217,0.6217,public-disclosure-v4,official_annual_direct_consistent
603489.SH,八方股份,2025,Q_G_DEBT_ASSET_RATE,auto_confirmed,1,16.7558,16.7558,public-disclosure-v4,consolidated_statement_year_end_derived
603489.SH,八方股份,2025,Q_G_EBITDA_INTEREST,auto_confirmed,1,325.96,325.96,public-disclosure-v4,official_annual_direct_consistent
603489.SH,八方股份,2025,Q_G_OPERATING_MARGIN,auto_confirmed,1,8.6468,8.6468,public-disclosure-v4,official_annual_direct_consistent
603489.SH,八方股份,2025,Q_G_OPERATING_PROFIT_GROWTH,auto_confirmed,1,47.1201,47.1201,public-disclosure-v4,official_annual_direct_consistent
603489.SH,八方股份,2025,Q_G_REVENUE_GROWTH,auto_confirmed,1,-1.4707,-1.4707,public-disclosure-v4,official_annual_direct_consistent
603489.SH,八方股份,2025,Q_G_ROA,auto_confirmed,1,3.5527,3.5527,public-disclosure-v4,official_annual_direct_consistent
603489.SH,八方股份,2025,Q_G_ROE,auto_confirmed,1,3.83,3.83,public-disclosure-v4,official_annual_direct_consistent
603489.SH,八方股份,2025,Q_G_TWO_FUNDS_RATE,auto_confirmed,1,24.5272,24.5272,public-disclosure-v4,official_annual_direct_consistent
603489.SH,八方股份,2025,Q_S_DIVIDEND_PER_SHARE,auto_confirmed,1,0.15,0.15,public-disclosure-v4,official_annual_direct_consistent
603489.SH,八方股份,2025,Q_S_RD_RATE,auto_confirmed,1,4.34,4.34,public-disclosure-v4,official_annual_direct_consistent
603507.SH,振江股份,2025,Q_G_AR_TURNOVER,auto_confirmed,1,5.7805,5.7805,public-disclosure-v4,official_annual_direct_consistent
603507.SH,振江股份,2025,Q_G_ASSET_TURNOVER,auto_confirmed,1,0.4983,0.4983,public-disclosure-v4,official_annual_direct_consistent
603507.SH,振江股份,2025,Q_G_CASH_CURRENT_LIABILITY,auto_confirmed,1,-3.0048,-3.0048,public-disclosure-v4,official_annual_direct_consistent
603507.SH,振江股份,2025,Q_G_CASH_REALIZATION,auto_confirmed,1,93.252,93.252,public-disclosure-v4,official_annual_direct_consistent
603507.SH,振江股份,2025,Q_G_COST_REVENUE_RATE,auto_confirmed,1,93.8464,93.8464,public-disclosure-v4,official_annual_direct_consistent
603507.SH,振江股份,2025,Q_G_CURRENT_ASSET_TURNOVER,auto_confirmed,1,1.008,1.008,public-disclosure-v4,official_annual_direct_consistent
603507.SH,振江股份,2025,Q_G_DEBT_ASSET_RATE,auto_confirmed,1,71.689,71.689,public-disclosure-v4,consolidated_statement_year_end_derived
603507.SH,振江股份,2025,Q_G_EBITDA_INTEREST,auto_confirmed,1,1.8598,1.8598,public-disclosure-v4,official_annual_direct_consistent
603507.SH,振江股份,2025,Q_G_OPERATING_MARGIN,auto_confirmed,1,3.9165,3.9165,public-disclosure-v4,official_annual_direct_consistent
603507.SH,振江股份,2025,Q_G_REVENUE_GROWTH,auto_confirmed,1,0.6501,0.6501,public-disclosure-v4,official_annual_direct_consistent
603507.SH,振江股份,2025,Q_G_ROA,auto_confirmed,1,4.032,4.032,public-disclosure-v4,official_annual_direct_consistent
603507.SH,振江股份,2025,Q_G_ROE,auto_confirmed,1,4.43,4.43,public-disclosure-v4,official_annual_direct_consistent
603507.SH,振江股份,2025,Q_G_TWO_FUNDS_RATE,auto_confirmed,1,60.596,60.596,public-disclosure-v4,official_annual_direct_consistent
603507.SH,振江股份,2025,Q_S_DIVIDEND_PER_SHARE,auto_confirmed,1,0.3,0.3,public-disclosure-v4,official_annual_direct_consistent
603507.SH,振江股份,2025,Q_S_RD_RATE,auto_confirmed,1,3.94,3.94,public-disclosure-v4,official_annual_direct_consistent
603530.SH,神马电力,2025,Q_G_AR_TURNOVER,auto_confirmed,1,2.4348,2.4348,public-disclosure-v4,official_annual_direct_consistent
603530.SH,神马电力,2025,Q_G_ASSET_TURNOVER,auto_confirmed,1,0.6732,0.6732,public-disclosure-v4,official_annual_direct_consistent
603530.SH,神马电力,2025,Q_G_CASH_CURRENT_LIABILITY,auto_confirmed,1,20.9601,20.9601,public-disclosure-v4,official_annual_direct_consistent
603530.SH,神马电力,2025,Q_G_CASH_REALIZATION,auto_confirmed,1,78.098,78.098,public-disclosure-v4,official_annual_direct_consistent
603530.SH,神马电力,2025,Q_G_COST_REVENUE_RATE,auto_confirmed,1,70.6962,70.6962,public-disclosure-v4,official_annual_direct_consistent
603530.SH,神马电力,2025,Q_G_CURRENT_ASSET_TURNOVER,auto_confirmed,1,1.0328,1.0328,public-disclosure-v4,official_annual_direct_consistent
603530.SH,神马电力,2025,Q_G_DEBT_ASSET_RATE,auto_confirmed,1,31.8409,31.8409,public-disclosure-v4,consolidated_statement_year_end_derived
603530.SH,神马电力,2025,Q_G_EBITDA_INTEREST,auto_confirmed,1,83.1175,83.1175,public-disclosure-v4,official_annual_direct_consistent
603530.SH,神马电力,2025,Q_G_OPERATING_MARGIN,auto_confirmed,1,29.4098,29.4098,public-disclosure-v4,official_annual_direct_consistent
603530.SH,神马电力,2025,Q_G_OPERATING_PROFIT_GROWTH,auto_confirmed,1,38.2237,38.2237,public-disclosure-v4,official_annual_direct_consistent
603530.SH,神马电力,2025,Q_G_REVENUE_GROWTH,auto_confirmed,1,27.9434,27.9434,public-disclosure-v4,official_annual_direct_consistent
603530.SH,神马电力,2025,Q_G_ROA,auto_confirmed,1,20.1228,20.1228,public-disclosure-v4,official_annual_direct_consistent
603530.SH,神马电力,2025,Q_G_ROE,auto_confirmed,1,24.28,24.28,public-disclosure-v4,official_annual_direct_consistent
603530.SH,神马电力,2025,Q_G_TWO_FUNDS_RATE,auto_confirmed,1,72.6176,72.6176,public-disclosure-v4,official_annual_direct_consistent
603530.SH,神马电力,2025,Q_S_DIVIDEND_PER_SHARE,auto_confirmed,1,0.35,0.35,public-disclosure-v4,official_annual_direct_consistent
603530.SH,神马电力,2025,Q_S_RD_RATE,auto_confirmed,1,4.02,4.02,public-disclosure-v4,official_annual_direct_consistent
603556.SH,海兴电力,2025,Q_G_AR_TURNOVER,auto_confirmed,1,3.5973,3.5973,public-disclosure-v4,official_annual_direct_consistent
603556.SH,海兴电力,2025,Q_G_ASSET_TURNOVER,auto_confirmed,1,0.4912,0.4912,public-disclosure-v4,official_annual_direct_consistent
603556.SH,海兴电力,2025,Q_G_CASH_CURRENT_LIABILITY,auto_confirmed,1,21.3229,21.3229,public-disclosure-v4,official_annual_direct_consistent
603556.SH,海兴电力,2025,Q_G_CASH_REALIZATION,auto_confirmed,1,106.674,106.674,public-disclosure-v4,official_annual_direct_consistent
603556.SH,海兴电力,2025,Q_G_COST_REVENUE_RATE,auto_confirmed,1,83.0714,83.0714,public-disclosure-v4,official_annual_direct_consistent
603556.SH,海兴电力,2025,Q_G_CURRENT_ASSET_TURNOVER,auto_confirmed,1,0.7452,0.7452,public-disclosure-v4,official_annual_direct_consistent
603556.SH,海兴电力,2025,Q_G_DEBT_ASSET_RATE,auto_confirmed,1,25.5352,25.5352,public-disclosure-v4,consolidated_statement_year_end_derived
603556.SH,海兴电力,2025,Q_G_EBITDA_INTEREST,auto_confirmed,1,69.2292,69.2292,public-disclosure-v4,official_annual_direct_consistent
603556.SH,海兴电力,2025,Q_G_OPERATING_MARGIN,auto_confirmed,1,17.3103,17.3103,public-disclosure-v4,official_annual_direct_consistent
603556.SH,海兴电力,2025,Q_G_OPERATING_PROFIT_GROWTH,auto_confirmed,1,-29.7882,-29.7882,public-disclosure-v4,official_annual_direct_consistent
603556.SH,海兴电力,2025,Q_G_REVENUE_GROWTH,auto_confirmed,1,1.0949,1.0949,public-disclosure-v4,official_annual_direct_consistent
603556.SH,海兴电力,2025,Q_G_ROA,auto_confirmed,1,8.6365,8.6365,public-disclosure-v4,official_annual_direct_consistent
603556.SH,海兴电力,2025,Q_G_ROE,auto_confirmed,1,10.08,10.08,public-disclosure-v4,official_annual_direct_consistent
603556.SH,海兴电力,2025,Q_G_TWO_FUNDS_RATE,auto_confirmed,1,39.5247,39.5247,public-disclosure-v4,official_annual_direct_consistent
603556.SH,海兴电力,2025,Q_S_DIVIDEND_PER_SHARE,auto_confirmed,1,0.8,0.8,public-disclosure-v4,official_annual_direct_consistent
603556.SH,海兴电力,2025,Q_S_RD_RATE,auto_confirmed,1,8.25,8.25,public-disclosure-v4,official_annual_direct_consistent
603577.SH,汇金通,2025,Q_G_AR_TURNOVER,auto_confirmed,1,2.3283,2.3283,public-disclosure-v4,official_annual_direct_consistent
603577.SH,汇金通,2025,Q_G_ASSET_TURNOVER,auto_confirmed,1,0.6904,0.6904,public-disclosure-v4,official_annual_direct_consistent
603577.SH,汇金通,2025,Q_G_CAPITAL_ACCUMULATION,auto_confirmed,1,3.9811,3.9811,public-disclosure-v4,official_annual_direct_consistent
603577.SH,汇金通,2025,Q_G_CASH_CURRENT_LIABILITY,auto_confirmed,1,6.4464,6.4464,public-disclosure-v4,official_annual_direct_consistent
603577.SH,汇金通,2025,Q_G_CASH_REALIZATION,auto_confirmed,1,91.9897,91.9897,public-disclosure-v4,official_annual_direct_consistent
603577.SH,汇金通,2025,Q_G_COST_REVENUE_RATE,auto_confirmed,1,97.1329,97.1329,public-disclosure-v4,official_annual_direct_consistent
603577.SH,汇金通,2025,Q_G_CURRENT_ASSET_TURNOVER,auto_confirmed,1,0.9251,0.9251,public-disclosure-v4,official_annual_direct_consistent
603577.SH,汇金通,2025,Q_G_DEBT_ASSET_RATE,auto_confirmed,1,67.543,67.543,public-disclosure-v4,consolidated_statement_year_end_derived
603577.SH,汇金通,2025,Q_G_EBITDA_INTEREST,auto_confirmed,1,2.3973,2.3973,public-disclosure-v4,official_annual_direct_consistent
603577.SH,汇金通,2025,Q_G_OPERATING_MARGIN,auto_confirmed,1,3.3004,3.3004,public-disclosure-v4,official_annual_direct_consistent
603577.SH,汇金通,2025,Q_G_OPERATING_PROFIT_GROWTH,auto_confirmed,1,-27.7028,-27.7028,public-disclosure-v4,official_annual_direct_consistent
603577.SH,汇金通,2025,Q_G_REVENUE_GROWTH,auto_confirmed,1,-9.4446,-9.4446,public-disclosure-v4,official_annual_direct_consistent
603577.SH,汇金通,2025,Q_G_ROA,auto_confirmed,1,3.8133,3.8133,public-disclosure-v4,official_annual_direct_consistent
603577.SH,汇金通,2025,Q_G_ROE,auto_confirmed,1,5.36,5.36,public-disclosure-v4,official_annual_direct_consistent
603577.SH,汇金通,2025,Q_G_TWO_FUNDS_RATE,auto_confirmed,1,63.3307,63.3307,public-disclosure-v4,official_annual_direct_consistent
603577.SH,汇金通,2025,Q_S_DIVIDEND_PER_SHARE,auto_confirmed,1,0.0608,0.0608,public-disclosure-v4,official_annual_direct_consistent
603577.SH,汇金通,2025,Q_S_RD_RATE,auto_confirmed,1,4.09,4.09,public-disclosure-v4,official_annual_direct_consistent
603606.SH,东方电缆,2025,Q_G_AR_TURNOVER,auto_confirmed,1,5.9545,5.9545,public-disclosure-v4,official_annual_direct_consistent
603606.SH,东方电缆,2025,Q_G_ASSET_TURNOVER,auto_confirmed,1,1.3957,1.3957,public-disclosure-v4,official_annual_direct_consistent
603606.SH,东方电缆,2025,Q_G_CASH_CURRENT_LIABILITY,auto_confirmed,1,29.4193,29.4193,public-disclosure-v4,official_annual_direct_consistent
603606.SH,东方电缆,2025,Q_G_CASH_REALIZATION,auto_confirmed,1,133.81,133.81,public-disclosure-v4,official_annual_direct_consistent
603606.SH,东方电缆,2025,Q_G_COST_REVENUE_RATE,auto_confirmed,1,85.1882,85.1882,public-disclosure-v4,official_annual_direct_consistent
603606.SH,东方电缆,2025,Q_G_CURRENT_ASSET_TURNOVER,auto_confirmed,1,1.8905,1.8905,public-disclosure-v4,official_annual_direct_consistent
603606.SH,东方电缆,2025,Q_G_DEBT_ASSET_RATE,auto_confirmed,1,46.6867,46.6867,public-disclosure-v4,consolidated_statement_year_end_derived
603606.SH,东方电缆,2025,Q_G_EBITDA_INTEREST,auto_confirmed,1,140.446,140.446,public-disclosure-v4,official_annual_direct_consistent
603606.SH,东方电缆,2025,Q_G_OPERATING_MARGIN,auto_confirmed,1,14.2548,14.2548,public-disclosure-v4,official_annual_direct_consistent
603606.SH,东方电缆,2025,Q_G_REVENUE_GROWTH,auto_confirmed,1,19.2572,19.2572,public-disclosure-v4,official_annual_direct_consistent
603606.SH,东方电缆,2025,Q_G_ROA,auto_confirmed,1,19.7988,19.7988,public-disclosure-v4,official_annual_direct_consistent
603606.SH,东方电缆,2025,Q_G_ROE,auto_confirmed,1,16.83,16.83,public-disclosure-v4,official_annual_direct_consistent
603606.SH,东方电缆,2025,Q_G_TWO_FUNDS_RATE,auto_confirmed,1,64.2805,64.2805,public-disclosure-v4,official_annual_direct_consistent
603606.SH,东方电缆,2025,Q_S_DIVIDEND_PER_SHARE,auto_confirmed,1,0.56,0.56,public-disclosure-v4,official_annual_direct_consistent
603606.SH,东方电缆,2025,Q_S_RD_RATE,auto_confirmed,1,3.51,3.51,public-disclosure-v4,official_annual_direct_consistent
603618.SH,杭电股份,2025,Q_G_AR_TURNOVER,auto_confirmed,1,2.7746,2.7746,public-disclosure-v4,official_annual_direct_consistent
603618.SH,杭电股份,2025,Q_G_ASSET_TURNOVER,auto_confirmed,1,0.9436,0.9436,public-disclosure-v4,official_annual_direct_consistent
603618.SH,杭电股份,2025,Q_G_CASH_CURRENT_LIABILITY,auto_confirmed,1,0.6878,0.6878,public-disclosure-v4,official_annual_direct_consistent
603618.SH,杭电股份,2025,Q_G_CASH_REALIZATION,auto_confirmed,1,99.5264,99.5264,public-disclosure-v4,official_annual_direct_consistent
603618.SH,杭电股份,2025,Q_G_COST_REVENUE_RATE,auto_confirmed,1,99.415,99.415,public-disclosure-v4,official_annual_direct_consistent
603618.SH,杭电股份,2025,Q_G_CURRENT_ASSET_TURNOVER,auto_confirmed,1,1.2773,1.2773,public-disclosure-v4,official_annual_direct_consistent
603618.SH,杭电股份,2025,Q_G_DEBT_ASSET_RATE,auto_confirmed,1,72.0203,72.0203,public-disclosure-v4,consolidated_statement_year_end_derived
603618.SH,杭电股份,2025,Q_G_EBITDA_INTEREST,auto_confirmed,1,-0.8413,-0.8413,public-disclosure-v4,official_annual_direct_consistent
603618.SH,杭电股份,2025,Q_G_OPERATING_MARGIN,auto_confirmed,1,-3.013,-3.013,public-disclosure-v4,official_annual_direct_consistent
603618.SH,杭电股份,2025,Q_G_OPERATING_PROFIT_GROWTH,auto_confirmed,1,-259.614,-259.614,public-disclosure-v4,official_annual_direct_consistent
603618.SH,杭电股份,2025,Q_G_REVENUE_GROWTH,auto_confirmed,1,6.7767,6.7767,public-disclosure-v4,official_annual_direct_consistent
603618.SH,杭电股份,2025,Q_G_ROA,auto_confirmed,1,-1.3041,-1.3041,public-disclosure-v4,official_annual_direct_consistent
603618.SH,杭电股份,2025,Q_G_ROE,auto_confirmed,1,10.46,10.46,public-disclosure-v4,official_annual_direct_consistent
603618.SH,杭电股份,2025,Q_G_TWO_FUNDS_RATE,auto_confirmed,1,68.0164,68.0164,public-disclosure-v4,official_annual_direct_consistent
603618.SH,杭电股份,2025,Q_S_RD_RATE,auto_confirmed,1,3.41,3.41,public-disclosure-v4,official_annual_direct_consistent
603619.SH,中曼石油,2025,Q_G_AR_TURNOVER,auto_confirmed,1,6.2668,6.2668,public-disclosure-v4,official_annual_direct_consistent
603619.SH,中曼石油,2025,Q_G_ASSET_TURNOVER,auto_confirmed,1,0.321,0.321,public-disclosure-v4,official_annual_direct_consistent
603619.SH,中曼石油,2025,Q_G_CASH_CURRENT_LIABILITY,auto_confirmed,1,30.1484,30.1484,public-disclosure-v4,official_annual_direct_consistent
603619.SH,中曼石油,2025,Q_G_CASH_REALIZATION,auto_confirmed,1,154.061,154.061,public-disclosure-v4,official_annual_direct_consistent
603619.SH,中曼石油,2025,Q_G_COST_REVENUE_RATE,auto_confirmed,1,78.0323,78.0323,public-disclosure-v4,official_annual_direct_consistent
603619.SH,中曼石油,2025,Q_G_CURRENT_ASSET_TURNOVER,auto_confirmed,1,0.9223,0.9223,public-disclosure-v4,official_annual_direct_consistent
603619.SH,中曼石油,2025,Q_G_DEBT_ASSET_RATE,auto_confirmed,2,63.0777|63.08,63.0777,public-disclosure-v4,consolidated_statement_year_end_derived
603619.SH,中曼石油,2025,Q_G_EBITDA_INTEREST,auto_confirmed,1,4.4809,4.4809,public-disclosure-v4,official_annual_direct_consistent
603619.SH,中曼石油,2025,Q_G_OPERATING_MARGIN,auto_confirmed,1,21.5391,21.5391,public-disclosure-v4,official_annual_direct_consistent
603619.SH,中曼石油,2025,Q_G_OPERATING_PROFIT_GROWTH,auto_confirmed,1,-12.6518,-12.6518,public-disclosure-v4,official_annual_direct_consistent
603619.SH,中曼石油,2025,Q_G_REVENUE_GROWTH,auto_confirmed,1,-5.0544,-5.0544,public-disclosure-v4,official_annual_direct_consistent
603619.SH,中曼石油,2025,Q_G_ROA,auto_confirmed,1,8.2497,8.2497,public-disclosure-v4,official_annual_direct_consistent
603619.SH,中曼石油,2025,Q_G_ROE,auto_confirmed,1,12.73,12.73,public-disclosure-v4,official_annual_direct_consistent
603619.SH,中曼石油,2025,Q_G_TWO_FUNDS_RATE,auto_confirmed,1,35.865,35.865,public-disclosure-v4,official_annual_direct_consistent
603619.SH,中曼石油,2025,Q_S_DIVIDEND_PER_SHARE,auto_confirmed,1,0.34,0.34,public-disclosure-v4,official_annual_direct_consistent
603619.SH,中曼石油,2025,Q_S_RD_RATE,auto_confirmed,1,3.5,3.5,public-disclosure-v4,official_annual_direct_consistent
603628.SH,清源股份,2025,Q_G_AR_TURNOVER,auto_confirmed,1,2.1886,2.1886,public-disclosure-v4,official_annual_direct_consistent
603628.SH,清源股份,2025,Q_G_ASSET_TURNOVER,auto_confirmed,1,1.2274,1.2274,public-disclosure-v4,official_annual_direct_consistent
603628.SH,清源股份,2025,Q_G_CASH_CURRENT_LIABILITY,auto_confirmed,1,-18.1511,-18.1511,public-disclosure-v4,official_annual_direct_consistent
603628.SH,清源股份,2025,Q_G_CASH_REALIZATION,auto_confirmed,1,92.9067,92.9067,public-disclosure-v4,official_annual_direct_consistent
603628.SH,清源股份,2025,Q_G_COST_REVENUE_RATE,auto_confirmed,1,96.4097,96.4097,public-disclosure-v4,official_annual_direct_consistent
603628.SH,清源股份,2025,Q_G_CURRENT_ASSET_TURNOVER,auto_confirmed,1,2.0213,2.0213,public-disclosure-v4,official_annual_direct_consistent
603628.SH,清源股份,2025,Q_G_DEBT_ASSET_RATE,auto_confirmed,4,57.9|59.8991|59.9,59.8991,public-disclosure-v4,consolidated_statement_year_end_derived
603628.SH,清源股份,2025,Q_G_EBITDA_INTEREST,auto_confirmed,1,2.131,2.131,public-disclosure-v4,official_annual_direct_consistent
603628.SH,清源股份,2025,Q_G_OPERATING_MARGIN,auto_confirmed,1,2.4858,2.4858,public-disclosure-v4,official_annual_direct_consistent
603628.SH,清源股份,2025,Q_G_OPERATING_PROFIT_GROWTH,auto_confirmed,1,-56.2972,-56.2972,public-disclosure-v4,official_annual_direct_consistent
603628.SH,清源股份,2025,Q_G_REVENUE_GROWTH,auto_confirmed,1,8.792,8.792,public-disclosure-v4,official_annual_direct_consistent
603628.SH,清源股份,2025,Q_G_ROA,auto_confirmed,1,5.5526,5.5526,public-disclosure-v4,official_annual_direct_consistent
603628.SH,清源股份,2025,Q_G_ROE,auto_confirmed,1,4.42,4.42,public-disclosure-v4,official_annual_direct_consistent
603628.SH,清源股份,2025,Q_G_TWO_FUNDS_RATE,auto_confirmed,1,60.2792,60.2792,public-disclosure-v4,official_annual_direct_consistent
603628.SH,清源股份,2025,Q_S_DIVIDEND_PER_SHARE,auto_confirmed,1,0.043,0.043,public-disclosure-v4,official_annual_direct_consistent
603628.SH,清源股份,2025,Q_S_RD_RATE,auto_confirmed,1,2.9,2.9,public-disclosure-v4,official_annual_direct_consistent
603659.SH,璞泰来,2025,Q_G_AR_TURNOVER,auto_confirmed,1,3.5669,3.5669,public-disclosure-v4,official_annual_direct_consistent
603659.SH,璞泰来,2025,Q_G_ASSET_TURNOVER,auto_confirmed,1,0.3556,0.3556,public-disclosure-v4,official_annual_direct_consistent
603659.SH,璞泰来,2025,Q_G_CAPITAL_ACCUMULATION,auto_confirmed,1,11.4705,11.4705,public-disclosure-v4,official_annual_direct_consistent
603659.SH,璞泰来,2025,Q_G_CASH_CURRENT_LIABILITY,auto_confirmed,1,13.5469,13.5469,public-disclosure-v4,official_annual_direct_consistent
603659.SH,璞泰来,2025,Q_G_CASH_REALIZATION,auto_confirmed,1,81.0531,81.0531,public-disclosure-v4,official_annual_direct_consistent
603659.SH,璞泰来,2025,Q_G_COST_REVENUE_RATE,auto_confirmed,1,81.2847,81.2847,public-disclosure-v4,official_annual_direct_consistent
603659.SH,璞泰来,2025,Q_G_CURRENT_ASSET_TURNOVER,auto_confirmed,1,0.6266,0.6266,public-disclosure-v4,official_annual_direct_consistent
603659.SH,璞泰来,2025,Q_G_DEBT_ASSET_RATE,auto_confirmed,2,52.9254|53,52.9254,public-disclosure-v4,consolidated_statement_year_end_derived
603659.SH,璞泰来,2025,Q_G_EBITDA_INTEREST,auto_confirmed,1,13.5229,13.5229,public-disclosure-v4,official_annual_direct_consistent
603659.SH,璞泰来,2025,Q_G_OPERATING_MARGIN,auto_confirmed,1,18.8816,18.8816,public-disclosure-v4,official_annual_direct_consistent
603659.SH,璞泰来,2025,Q_G_OPERATING_PROFIT_GROWTH,auto_confirmed,1,94.9743,94.9743,public-disclosure-v4,official_annual_direct_consistent
603659.SH,璞泰来,2025,Q_G_REVENUE_GROWTH,auto_confirmed,1,16.8262,16.8262,public-disclosure-v4,official_annual_direct_consistent
603659.SH,璞泰来,2025,Q_G_ROA,auto_confirmed,1,7.2067,7.2067,public-disclosure-v4,official_annual_direct_consistent
603659.SH,璞泰来,2025,Q_G_ROE,auto_confirmed,1,12.15,12.15,public-disclosure-v4,official_annual_direct_consistent
603659.SH,璞泰来,2025,Q_G_TWO_FUNDS_RATE,auto_confirmed,1,51.5447,51.5447,public-disclosure-v4,official_annual_direct_consistent
603659.SH,璞泰来,2025,Q_S_DIVIDEND_PER_SHARE,auto_confirmed,1,0.23,0.23,public-disclosure-v4,official_annual_direct_consistent
603659.SH,璞泰来,2025,Q_S_RD_RATE,auto_confirmed,1,5.65,5.65,public-disclosure-v4,official_annual_direct_consistent
603689.SH,皖天然气,2025,Q_E_ENERGY_INTENSITY,auto_confirmed,1,3,3,public-disclosure-v4,official_esg_direct_consistent
603689.SH,皖天然气,2025,Q_G_AR_TURNOVER,auto_confirmed,1,56.1119,56.1119,public-disclosure-v4,official_annual_direct_consistent
603689.SH,皖天然气,2025,Q_G_ASSET_TURNOVER,auto_confirmed,1,1.3205,1.3205,public-disclosure-v4,official_annual_direct_consistent
603689.SH,皖天然气,2025,Q_G_CASH_CURRENT_LIABILITY,auto_confirmed,1,24.9557,24.9557,public-disclosure-v4,official_annual_direct_consistent
603689.SH,皖天然气,2025,Q_G_CASH_REALIZATION,auto_confirmed,1,126.347,126.347,public-disclosure-v4,official_annual_direct_consistent
603689.SH,皖天然气,2025,Q_G_COST_REVENUE_RATE,auto_confirmed,1,92.5887,92.5887,public-disclosure-v4,official_annual_direct_consistent
603689.SH,皖天然气,2025,Q_G_CURRENT_ASSET_TURNOVER,auto_confirmed,1,3.627,3.627,public-disclosure-v4,official_annual_direct_consistent
603689.SH,皖天然气,2025,Q_G_DEBT_ASSET_RATE,auto_confirmed,3,42.96|42.961,42.961,public-disclosure-v4,consolidated_statement_year_end_derived
603689.SH,皖天然气,2025,Q_G_EBITDA_INTEREST,auto_confirmed,1,8.6327,8.6327,public-disclosure-v4,official_annual_direct_consistent
603689.SH,皖天然气,2025,Q_G_OPERATING_MARGIN,auto_confirmed,1,8.5837,8.5837,public-disclosure-v4,official_annual_direct_consistent
603689.SH,皖天然气,2025,Q_G_OPERATING_PROFIT_GROWTH,auto_confirmed,1,-4.5606,-4.5606,public-disclosure-v4,official_annual_direct_consistent
603689.SH,皖天然气,2025,Q_G_REVENUE_GROWTH,auto_confirmed,1,-11.8971,-11.8971,public-disclosure-v4,official_annual_direct_consistent
603689.SH,皖天然气,2025,Q_G_ROA,auto_confirmed,1,12.8288,12.8288,public-disclosure-v4,official_annual_direct_consistent
603689.SH,皖天然气,2025,Q_G_ROE,auto_confirmed,1,9.56,9.56,public-disclosure-v4,official_annual_direct_consistent
603689.SH,皖天然气,2025,Q_G_TWO_FUNDS_RATE,auto_confirmed,1,12.7453,12.7453,public-disclosure-v4,official_annual_direct_consistent
603689.SH,皖天然气,2025,Q_S_DIVIDEND_PER_SHARE,auto_confirmed,1,0.35,0.35,public-disclosure-v4,official_annual_direct_consistent
603689.SH,皖天然气,2025,Q_S_RD_RATE,auto_confirmed,1,0.13,0.13,public-disclosure-v4,official_annual_direct_consistent
603693.SH,江苏新能,2025,Q_G_AR_TURNOVER,auto_confirmed,1,0.6373,0.6373,public-disclosure-v4,official_annual_direct_consistent
603693.SH,江苏新能,2025,Q_G_ASSET_TURNOVER,auto_confirmed,1,0.1173,0.1173,public-disclosure-v4,official_annual_direct_consistent
603693.SH,江苏新能,2025,Q_G_CAPITAL_ACCUMULATION,auto_confirmed,1,6.1285,6.1285,public-disclosure-v4,official_annual_direct_consistent
603693.SH,江苏新能,2025,Q_G_CASH_CURRENT_LIABILITY,auto_confirmed,1,44.1669,44.1669,public-disclosure-v4,official_annual_direct_consistent
603693.SH,江苏新能,2025,Q_G_CASH_REALIZATION,auto_confirmed,1,95.2459,95.2459,public-disclosure-v4,official_annual_direct_consistent
603693.SH,江苏新能,2025,Q_G_COST_REVENUE_RATE,auto_confirmed,1,68.0759,68.0759,public-disclosure-v4,official_annual_direct_consistent
603693.SH,江苏新能,2025,Q_G_CURRENT_ASSET_TURNOVER,auto_confirmed,1,0.3719,0.3719,public-disclosure-v4,official_annual_direct_consistent
603693.SH,江苏新能,2025,Q_G_DEBT_ASSET_RATE,auto_confirmed,2,53.34|53.3444,53.3444,public-disclosure-v4,consolidated_statement_year_end_derived
603693.SH,江苏新能,2025,Q_G_EBITDA_INTEREST,auto_confirmed,1,4.4357,4.4357,public-disclosure-v4,official_annual_direct_consistent
603693.SH,江苏新能,2025,Q_G_OPERATING_MARGIN,auto_confirmed,1,35.2091,35.2091,public-disclosure-v4,official_annual_direct_consistent
603693.SH,江苏新能,2025,Q_G_OPERATING_PROFIT_GROWTH,auto_confirmed,1,16.6781,16.6781,public-disclosure-v4,official_annual_direct_consistent
603693.SH,江苏新能,2025,Q_G_REVENUE_GROWTH,auto_confirmed,1,-0.5835,-0.5835,public-disclosure-v4,official_annual_direct_consistent
603693.SH,江苏新能,2025,Q_G_ROA,auto_confirmed,1,5.3749,5.3749,public-disclosure-v4,official_annual_direct_consistent
603693.SH,江苏新能,2025,Q_G_ROE,auto_confirmed,1,7.38,7.38,public-disclosure-v4,official_annual_direct_consistent
603693.SH,江苏新能,2025,Q_G_TWO_FUNDS_RATE,auto_confirmed,1,61.063,61.063,public-disclosure-v4,official_annual_direct_consistent
603693.SH,江苏新能,2025,Q_S_DIVIDEND_PER_SHARE,auto_confirmed,1,0.15,0.15,public-disclosure-v4,official_annual_direct_consistent
603693.SH,江苏新能,2025,Q_S_RD_RATE,auto_confirmed,1,0.29,0.29,public-disclosure-v4,official_annual_direct_consistent
603706.SH,东方环宇,2025,Q_G_AR_TURNOVER,auto_confirmed,1,7.4652,7.4652,public-disclosure-v4,official_annual_direct_consistent
603706.SH,东方环宇,2025,Q_G_ASSET_TURNOVER,auto_confirmed,1,0.4661,0.4661,public-disclosure-v4,official_annual_direct_consistent
603706.SH,东方环宇,2025,Q_G_CASH_CURRENT_LIABILITY,auto_confirmed,1,33.9419,33.9419,public-disclosure-v4,official_annual_direct_consistent
603706.SH,东方环宇,2025,Q_G_CASH_REALIZATION,auto_confirmed,1,102.684,102.684,public-disclosure-v4,official_annual_direct_consistent
603706.SH,东方环宇,2025,Q_G_COST_REVENUE_RATE,auto_confirmed,1,78.0795,78.0795,public-disclosure-v4,official_annual_direct_consistent
603706.SH,东方环宇,2025,Q_G_CURRENT_ASSET_TURNOVER,auto_confirmed,1,0.8826,0.8826,public-disclosure-v4,official_annual_direct_consistent
603706.SH,东方环宇,2025,Q_G_DEBT_ASSET_RATE,auto_confirmed,1,32.8779,32.8779,public-disclosure-v4,consolidated_statement_year_end_derived
603706.SH,东方环宇,2025,Q_G_EBITDA_INTEREST,auto_confirmed,1,179.76,179.76,public-disclosure-v4,official_annual_direct_consistent
603706.SH,东方环宇,2025,Q_G_OPERATING_MARGIN,auto_confirmed,1,21.5115,21.5115,public-disclosure-v4,official_annual_direct_consistent
603706.SH,东方环宇,2025,Q_G_OPERATING_PROFIT_GROWTH,auto_confirmed,1,14.4714,14.4714,public-disclosure-v4,official_annual_direct_consistent
603706.SH,东方环宇,2025,Q_G_REVENUE_GROWTH,auto_confirmed,1,-7.7742,-7.7742,public-disclosure-v4,official_annual_direct_consistent
603706.SH,东方环宇,2025,Q_G_ROA,auto_confirmed,1,10.0582,10.0582,public-disclosure-v4,official_annual_direct_consistent
603706.SH,东方环宇,2025,Q_G_ROE,auto_confirmed,1,13.04,13.04,public-disclosure-v4,official_annual_direct_consistent
603706.SH,东方环宇,2025,Q_G_TWO_FUNDS_RATE,auto_confirmed,1,19.4191,19.4191,public-disclosure-v4,official_annual_direct_consistent
603706.SH,东方环宇,2025,Q_S_DIVIDEND_PER_SHARE,auto_confirmed,1,0.9,0.9,public-disclosure-v4,official_annual_direct_consistent
603706.SH,东方环宇,2025,Q_S_RD_RATE,auto_confirmed,1,0.3,0.3,public-disclosure-v4,official_annual_direct_consistent
603727.SH,博迈科,2025,Q_G_AR_TURNOVER,auto_confirmed,1,4.0841,4.0841,public-disclosure-v4,official_annual_direct_consistent
603727.SH,博迈科,2025,Q_G_ASSET_TURNOVER,auto_confirmed,1,0.3816,0.3816,public-disclosure-v4,official_annual_direct_consistent
603727.SH,博迈科,2025,Q_G_CASH_CURRENT_LIABILITY,auto_confirmed,1,9.396,9.396,public-disclosure-v4,official_annual_direct_consistent
603727.SH,博迈科,2025,Q_G_CASH_REALIZATION,auto_confirmed,1,122.415,122.415,public-disclosure-v4,official_annual_direct_consistent
603727.SH,博迈科,2025,Q_G_COST_REVENUE_RATE,auto_confirmed,1,88.4663,88.4663,public-disclosure-v4,official_annual_direct_consistent
603727.SH,博迈科,2025,Q_G_CURRENT_ASSET_TURNOVER,auto_confirmed,1,0.5381,0.5381,public-disclosure-v4,official_annual_direct_consistent
603727.SH,博迈科,2025,Q_G_DEBT_ASSET_RATE,auto_confirmed,3,29.0181|29.02|40.66,29.0181,public-disclosure-v4,consolidated_statement_year_end_derived
603727.SH,博迈科,2025,Q_G_EBITDA_INTEREST,auto_confirmed,1,22.646,22.646,public-disclosure-v4,official_annual_direct_consistent
603727.SH,博迈科,2025,Q_G_OPERATING_MARGIN,auto_confirmed,1,3.4793,3.4793,public-disclosure-v4,official_annual_direct_consistent
603727.SH,博迈科,2025,Q_G_OPERATING_PROFIT_GROWTH,auto_confirmed,1,-40.1621,-40.1621,public-disclosure-v4,official_annual_direct_consistent
603727.SH,博迈科,2025,Q_G_REVENUE_GROWTH,auto_confirmed,1,-28.0225,-28.0225,public-disclosure-v4,official_annual_direct_consistent
603727.SH,博迈科,2025,Q_G_ROA,auto_confirmed,1,1.4016,1.4016,public-disclosure-v4,official_annual_direct_consistent
603727.SH,博迈科,2025,Q_G_ROE,auto_confirmed,1,1.89,1.89,public-disclosure-v4,official_annual_direct_consistent
603727.SH,博迈科,2025,Q_G_TWO_FUNDS_RATE,auto_confirmed,1,19.5068,19.5068,public-disclosure-v4,official_annual_direct_consistent
603727.SH,博迈科,2025,Q_S_DIVIDEND_PER_SHARE,auto_confirmed,1,0.2,0.2,public-disclosure-v4,official_annual_direct_consistent
603727.SH,博迈科,2025,Q_S_RD_RATE,auto_confirmed,1,4.28,4.28,public-disclosure-v4,official_annual_direct_consistent
603728.SH,鸣志电器,2025,Q_G_AR_TURNOVER,auto_confirmed,1,4.8655,4.8655,public-disclosure-v4,official_annual_direct_consistent
603728.SH,鸣志电器,2025,Q_G_ASSET_TURNOVER,auto_confirmed,1,0.6408,0.6408,public-disclosure-v4,official_annual_direct_consistent
603728.SH,鸣志电器,2025,Q_G_CAPITAL_ACCUMULATION,auto_confirmed,1,2.2644,2.2644,public-disclosure-v4,official_annual_direct_consistent
603728.SH,鸣志电器,2025,Q_G_CASH_CURRENT_LIABILITY,auto_confirmed,1,15.555,15.555,public-disclosure-v4,official_annual_direct_consistent
603728.SH,鸣志电器,2025,Q_G_CASH_REALIZATION,auto_confirmed,1,102.946,102.946,public-disclosure-v4,official_annual_direct_consistent
603728.SH,鸣志电器,2025,Q_G_COST_REVENUE_RATE,auto_confirmed,1,98.5657,98.5657,public-disclosure-v4,official_annual_direct_consistent
603728.SH,鸣志电器,2025,Q_G_CURRENT_ASSET_TURNOVER,auto_confirmed,1,1.1851,1.1851,public-disclosure-v4,official_annual_direct_consistent
603728.SH,鸣志电器,2025,Q_G_DEBT_ASSET_RATE,auto_confirmed,1,34.2303,34.2303,public-disclosure-v4,consolidated_statement_year_end_derived
603728.SH,鸣志电器,2025,Q_G_EBITDA_INTEREST,auto_confirmed,1,4.8825,4.8825,public-disclosure-v4,official_annual_direct_consistent
603728.SH,鸣志电器,2025,Q_G_OPERATING_MARGIN,auto_confirmed,1,1.732,1.732,public-disclosure-v4,official_annual_direct_consistent
603728.SH,鸣志电器,2025,Q_G_OPERATING_PROFIT_GROWTH,auto_confirmed,1,-37.274,-37.274,public-disclosure-v4,official_annual_direct_consistent
603728.SH,鸣志电器,2025,Q_G_REVENUE_GROWTH,auto_confirmed,1,14.3238,14.3238,public-disclosure-v4,official_annual_direct_consistent
603728.SH,鸣志电器,2025,Q_G_ROA,auto_confirmed,1,1.3601,1.3601,public-disclosure-v4,official_annual_direct_consistent
603728.SH,鸣志电器,2025,Q_G_ROE,auto_confirmed,1,2.08,2.08,public-disclosure-v4,official_annual_direct_consistent
603728.SH,鸣志电器,2025,Q_G_TWO_FUNDS_RATE,auto_confirmed,1,48.5462,48.5462,public-disclosure-v4,official_annual_direct_consistent
603728.SH,鸣志电器,2025,Q_S_DIVIDEND_PER_SHARE,auto_confirmed,1,0.025,0.025,public-disclosure-v4,official_annual_direct_consistent
603728.SH,鸣志电器,2025,Q_S_RD_RATE,auto_confirmed,1,9.73,9.73,public-disclosure-v4,official_annual_direct_consistent
603798.SH,康普顿,2025,Q_G_AR_TURNOVER,auto_confirmed,1,16.1319,16.1319,public-disclosure-v4,official_annual_direct_consistent
603798.SH,康普顿,2025,Q_G_ASSET_TURNOVER,auto_confirmed,1,0.6791,0.6791,public-disclosure-v4,official_annual_direct_consistent
603798.SH,康普顿,2025,Q_G_CASH_CURRENT_LIABILITY,auto_confirmed,1,101.112,101.112,public-disclosure-v4,official_annual_direct_consistent
603798.SH,康普顿,2025,Q_G_CASH_REALIZATION,auto_confirmed,1,114.449,114.449,public-disclosure-v4,official_annual_direct_consistent
603798.SH,康普顿,2025,Q_G_COST_REVENUE_RATE,auto_confirmed,1,94.7886,94.7886,public-disclosure-v4,official_annual_direct_consistent
603798.SH,康普顿,2025,Q_G_CURRENT_ASSET_TURNOVER,auto_confirmed,1,1.0203,1.0203,public-disclosure-v4,official_annual_direct_consistent
603798.SH,康普顿,2025,Q_G_DEBT_ASSET_RATE,auto_confirmed,1,11.9972,11.9972,public-disclosure-v4,consolidated_statement_year_end_derived
603798.SH,康普顿,2025,Q_G_OPERATING_MARGIN,auto_confirmed,1,6.3222,6.3222,public-disclosure-v4,official_annual_direct_consistent
603798.SH,康普顿,2025,Q_G_OPERATING_PROFIT_GROWTH,auto_confirmed,1,-19.656,-19.656,public-disclosure-v4,official_annual_direct_consistent
603798.SH,康普顿,2025,Q_G_REVENUE_GROWTH,auto_confirmed,1,-10.8412,-10.8412,public-disclosure-v4,official_annual_direct_consistent
603798.SH,康普顿,2025,Q_G_ROE,auto_confirmed,1,4.45,4.45,public-disclosure-v4,official_annual_direct_consistent
603798.SH,康普顿,2025,Q_G_TWO_FUNDS_RATE,auto_confirmed,1,16.3575,16.3575,public-disclosure-v4,official_annual_direct_consistent
603798.SH,康普顿,2025,Q_S_DIVIDEND_PER_SHARE,auto_confirmed,1,0.1,0.1,public-disclosure-v4,official_annual_direct_consistent
603798.SH,康普顿,2025,Q_S_RD_RATE,auto_confirmed,1,2.91,2.91,public-disclosure-v4,official_annual_direct_consistent
603806.SH,福斯特,2025,Q_G_AR_TURNOVER,auto_confirmed,1,3.7382,3.7382,public-disclosure-v4,official_annual_direct_consistent
603806.SH,福斯特,2025,Q_G_ASSET_TURNOVER,auto_confirmed,1,0.7406,0.7406,public-disclosure-v4,official_annual_direct_consistent
603806.SH,福斯特,2025,Q_G_CASH_CURRENT_LIABILITY,auto_confirmed,1,138.721,138.721,public-disclosure-v4,official_annual_direct_consistent
603806.SH,福斯特,2025,Q_G_CASH_REALIZATION,auto_confirmed,1,97.2489,97.2489,public-disclosure-v4,official_annual_direct_consistent
603806.SH,福斯特,2025,Q_G_COST_REVENUE_RATE,auto_confirmed,1,94.8354,94.8354,public-disclosure-v4,official_annual_direct_consistent
603806.SH,福斯特,2025,Q_G_CURRENT_ASSET_TURNOVER,auto_confirmed,1,0.9959,0.9959,public-disclosure-v4,official_annual_direct_consistent
603806.SH,福斯特,2025,Q_G_DEBT_ASSET_RATE,auto_confirmed,3,19.5197|19.52,19.5197,public-disclosure-v4,consolidated_statement_year_end_derived
603806.SH,福斯特,2025,Q_G_EBITDA_INTEREST,auto_confirmed,1,21.2076,21.2076,public-disclosure-v4,official_annual_direct_consistent
603806.SH,福斯特,2025,Q_G_OPERATING_MARGIN,auto_confirmed,1,5.7639,5.7639,public-disclosure-v4,official_annual_direct_consistent
603806.SH,福斯特,2025,Q_G_OPERATING_PROFIT_GROWTH,auto_confirmed,1,-41.0979,-41.0979,public-disclosure-v4,official_annual_direct_consistent
603806.SH,福斯特,2025,Q_G_REVENUE_GROWTH,auto_confirmed,1,-19.0972,-19.0972,public-disclosure-v4,official_annual_direct_consistent
603806.SH,福斯特,2025,Q_G_ROA,auto_confirmed,1,4.3828,4.3828,public-disclosure-v4,official_annual_direct_consistent
603806.SH,福斯特,2025,Q_G_ROE,auto_confirmed,1,4.72,4.72,public-disclosure-v4,official_annual_direct_consistent
603806.SH,福斯特,2025,Q_G_TWO_FUNDS_RATE,auto_confirmed,1,38.9033,38.9033,public-disclosure-v4,official_annual_direct_consistent
603806.SH,福斯特,2025,Q_S_DIVIDEND_PER_SHARE,auto_confirmed,1,0.15,0.15,public-disclosure-v4,official_annual_direct_consistent
603806.SH,福斯特,2025,Q_S_RD_RATE,auto_confirmed,1,3.02,3.02,public-disclosure-v4,official_annual_direct_consistent
603819.SH,神力股份,2025,Q_G_AR_TURNOVER,auto_confirmed,1,2.7989,2.7989,public-disclosure-v4,official_annual_direct_consistent
603819.SH,神力股份,2025,Q_G_ASSET_TURNOVER,auto_confirmed,1,0.9944,0.9944,public-disclosure-v4,official_annual_direct_consistent
603819.SH,神力股份,2025,Q_G_CASH_CURRENT_LIABILITY,auto_confirmed,1,-3.1712,-3.1712,public-disclosure-v4,official_annual_direct_consistent
603819.SH,神力股份,2025,Q_G_CASH_REALIZATION,auto_confirmed,1,66.9555,66.9555,public-disclosure-v4,official_annual_direct_consistent
603819.SH,神力股份,2025,Q_G_COST_REVENUE_RATE,auto_confirmed,1,92.5901,92.5901,public-disclosure-v4,official_annual_direct_consistent
603819.SH,神力股份,2025,Q_G_CURRENT_ASSET_TURNOVER,auto_confirmed,1,1.3282,1.3282,public-disclosure-v4,official_annual_direct_consistent
603819.SH,神力股份,2025,Q_G_DEBT_ASSET_RATE,auto_confirmed,1,48.7319,48.7319,public-disclosure-v4,consolidated_statement_year_end_derived
603819.SH,神力股份,2025,Q_G_EBITDA_INTEREST,auto_confirmed,1,2.3278,2.3278,public-disclosure-v4,official_annual_direct_consistent
603819.SH,神力股份,2025,Q_G_OPERATING_MARGIN,auto_confirmed,1,1.464,1.464,public-disclosure-v4,official_annual_direct_consistent
603819.SH,神力股份,2025,Q_G_OPERATING_PROFIT_GROWTH,auto_confirmed,1,-146.659,-146.659,public-disclosure-v4,official_annual_direct_consistent
603819.SH,神力股份,2025,Q_G_REVENUE_GROWTH,auto_confirmed,1,16.724,16.724,public-disclosure-v4,official_annual_direct_consistent
603819.SH,神力股份,2025,Q_G_ROA,auto_confirmed,1,2.5404,2.5404,public-disclosure-v4,official_annual_direct_consistent
603819.SH,神力股份,2025,Q_G_ROE,auto_confirmed,1,2.47,2.47,public-disclosure-v4,official_annual_direct_consistent
603819.SH,神力股份,2025,Q_G_TWO_FUNDS_RATE,auto_confirmed,1,67.8933,67.8933,public-disclosure-v4,official_annual_direct_consistent
603819.SH,神力股份,2025,Q_S_DIVIDEND_PER_SHARE,auto_confirmed,1,0.04,0.04,public-disclosure-v4,official_annual_direct_consistent
603819.SH,神力股份,2025,Q_S_RD_RATE,auto_confirmed,1,4.25,4.25,public-disclosure-v4,official_annual_direct_consistent
603829.SH,洛凯股份,2025,Q_G_AR_TURNOVER,auto_confirmed,1,2.0058,2.0058,public-disclosure-v4,official_annual_direct_consistent
603829.SH,洛凯股份,2025,Q_G_ASSET_TURNOVER,auto_confirmed,1,0.6878,0.6878,public-disclosure-v4,official_annual_direct_consistent
603829.SH,洛凯股份,2025,Q_G_CASH_CURRENT_LIABILITY,auto_confirmed,1,10.1609,10.1609,public-disclosure-v4,official_annual_direct_consistent
603829.SH,洛凯股份,2025,Q_G_CASH_REALIZATION,auto_confirmed,1,60.4056,60.4056,public-disclosure-v4,official_annual_direct_consistent
603829.SH,洛凯股份,2025,Q_G_COST_REVENUE_RATE,auto_confirmed,1,96.247,96.247,public-disclosure-v4,official_annual_direct_consistent
603829.SH,洛凯股份,2025,Q_G_CURRENT_ASSET_TURNOVER,auto_confirmed,1,0.9176,0.9176,public-disclosure-v4,official_annual_direct_consistent
603829.SH,洛凯股份,2025,Q_G_DEBT_ASSET_RATE,auto_confirmed,1,47.7385,47.7385,public-disclosure-v4,consolidated_statement_year_end_derived
603829.SH,洛凯股份,2025,Q_G_EBITDA_INTEREST,auto_confirmed,1,9.2525,9.2525,public-disclosure-v4,official_annual_direct_consistent
603829.SH,洛凯股份,2025,Q_G_OPERATING_MARGIN,auto_confirmed,1,4.0117,4.0117,public-disclosure-v4,official_annual_direct_consistent
603829.SH,洛凯股份,2025,Q_G_REVENUE_GROWTH,auto_confirmed,1,3.8461,3.8461,public-disclosure-v4,official_annual_direct_consistent
603829.SH,洛凯股份,2025,Q_G_ROA,auto_confirmed,1,2.9384,2.9384,public-disclosure-v4,official_annual_direct_consistent
603829.SH,洛凯股份,2025,Q_G_ROE,auto_confirmed,1,5.42,5.42,public-disclosure-v4,official_annual_direct_consistent
603829.SH,洛凯股份,2025,Q_G_TWO_FUNDS_RATE,auto_confirmed,1,60.5067,60.5067,public-disclosure-v4,official_annual_direct_consistent
603829.SH,洛凯股份,2025,Q_S_DIVIDEND_PER_SHARE,auto_confirmed,1,0.15,0.15,public-disclosure-v4,official_annual_direct_consistent
603829.SH,洛凯股份,2025,Q_S_RD_RATE,auto_confirmed,1,4.67,4.67,public-disclosure-v4,official_annual_direct_consistent
603861.SH,白云电器,2025,Q_G_AR_TURNOVER,auto_confirmed,1,2.4202,2.4202,public-disclosure-v4,official_annual_direct_consistent
603861.SH,白云电器,2025,Q_G_ASSET_TURNOVER,auto_confirmed,1,0.4755,0.4755,public-disclosure-v4,official_annual_direct_consistent
603861.SH,白云电器,2025,Q_G_CASH_CURRENT_LIABILITY,auto_confirmed,1,-4.9929,-4.9929,public-disclosure-v4,official_annual_direct_consistent
603861.SH,白云电器,2025,Q_G_CASH_REALIZATION,auto_confirmed,1,97.8862,97.8862,public-disclosure-v4,official_annual_direct_consistent
603861.SH,白云电器,2025,Q_G_COST_REVENUE_RATE,auto_confirmed,1,93.5253,93.5253,public-disclosure-v4,official_annual_direct_consistent
603861.SH,白云电器,2025,Q_G_CURRENT_ASSET_TURNOVER,auto_confirmed,1,0.8346,0.8346,public-disclosure-v4,official_annual_direct_consistent
603861.SH,白云电器,2025,Q_G_DEBT_ASSET_RATE,auto_confirmed,1,60.8218,60.8218,public-disclosure-v4,consolidated_statement_year_end_derived
603861.SH,白云电器,2025,Q_G_EBITDA_INTEREST,auto_confirmed,1,4.9359,4.9359,public-disclosure-v4,official_annual_direct_consistent
603861.SH,白云电器,2025,Q_G_OPERATING_MARGIN,auto_confirmed,1,5.2123,5.2123,public-disclosure-v4,official_annual_direct_consistent
603861.SH,白云电器,2025,Q_G_REVENUE_GROWTH,auto_confirmed,1,-1.1442,-1.1442,public-disclosure-v4,official_annual_direct_consistent
603861.SH,白云电器,2025,Q_G_ROA,auto_confirmed,1,3.0985,3.0985,public-disclosure-v4,official_annual_direct_consistent
603861.SH,白云电器,2025,Q_G_ROE,manual_required,4,1|5.51,,public-disclosure-v4,conflicting_or_ineligible_sources
603861.SH,白云电器,2025,Q_G_TWO_FUNDS_RATE,auto_confirmed,1,71.9012,71.9012,public-disclosure-v4,official_annual_direct_consistent
603861.SH,白云电器,2025,Q_S_DIVIDEND_PER_SHARE,auto_confirmed,1,0.1255,0.1255,public-disclosure-v4,official_annual_direct_consistent
603861.SH,白云电器,2025,Q_S_RD_RATE,auto_confirmed,1,3.32,3.32,public-disclosure-v4,official_annual_direct_consistent
603897.SH,长城科技,2025,Q_G_AR_TURNOVER,auto_confirmed,1,4.2745,4.2745,public-disclosure-v4,official_annual_direct_consistent
603897.SH,长城科技,2025,Q_G_ASSET_TURNOVER,auto_confirmed,1,1.898,1.898,public-disclosure-v4,official_annual_direct_consistent
603897.SH,长城科技,2025,Q_G_CASH_CURRENT_LIABILITY,auto_confirmed,1,16.8942,16.8942,public-disclosure-v4,official_annual_direct_consistent
603897.SH,长城科技,2025,Q_G_CASH_REALIZATION,auto_confirmed,1,115.036,115.036,public-disclosure-v4,official_annual_direct_consistent
603897.SH,长城科技,2025,Q_G_COST_REVENUE_RATE,auto_confirmed,1,96.6992,96.6992,public-disclosure-v4,official_annual_direct_consistent
603897.SH,长城科技,2025,Q_G_CURRENT_ASSET_TURNOVER,auto_confirmed,1,2.2381,2.2381,public-disclosure-v4,official_annual_direct_consistent
603897.SH,长城科技,2025,Q_G_DEBT_ASSET_RATE,auto_confirmed,1,63.0053,63.0053,public-disclosure-v4,consolidated_statement_year_end_derived
603897.SH,长城科技,2025,Q_G_EBITDA_INTEREST,auto_confirmed,1,23.4392,23.4392,public-disclosure-v4,official_annual_direct_consistent
603897.SH,长城科技,2025,Q_G_OPERATING_MARGIN,auto_confirmed,1,3.1603,3.1603,public-disclosure-v4,official_annual_direct_consistent
603897.SH,长城科技,2025,Q_G_OPERATING_PROFIT_GROWTH,auto_confirmed,1,29.5547,29.5547,public-disclosure-v4,official_annual_direct_consistent
603897.SH,长城科技,2025,Q_G_REVENUE_GROWTH,auto_confirmed,1,-3.072,-3.072,public-disclosure-v4,official_annual_direct_consistent
603897.SH,长城科技,2025,Q_G_ROA,auto_confirmed,1,6.2483,6.2483,public-disclosure-v4,official_annual_direct_consistent
603897.SH,长城科技,2025,Q_G_ROE,auto_confirmed,1,12.64,12.64,public-disclosure-v4,official_annual_direct_consistent
603897.SH,长城科技,2025,Q_G_TWO_FUNDS_RATE,auto_confirmed,1,65.4065,65.4065,public-disclosure-v4,official_annual_direct_consistent
603897.SH,长城科技,2025,Q_S_DIVIDEND_PER_SHARE,auto_confirmed,1,1.2,1.2,public-disclosure-v4,official_annual_direct_consistent
603897.SH,长城科技,2025,Q_S_RD_RATE,auto_confirmed,1,0.49,0.49,public-disclosure-v4,official_annual_direct_consistent
603906.SH,龙蟠科技,2025,Q_G_AR_TURNOVER,auto_confirmed,1,4.8897,4.8897,public-disclosure-v4,official_annual_direct_consistent
603906.SH,龙蟠科技,2025,Q_G_ASSET_TURNOVER,auto_confirmed,1,0.5147,0.5147,public-disclosure-v4,official_annual_direct_consistent
603906.SH,龙蟠科技,2025,Q_G_CASH_CURRENT_LIABILITY,auto_confirmed,1,3.6365,3.6365,public-disclosure-v4,official_annual_direct_consistent
603906.SH,龙蟠科技,2025,Q_G_CASH_REALIZATION,auto_confirmed,1,59.493,59.493,public-disclosure-v4,official_annual_direct_consistent
603906.SH,龙蟠科技,2025,Q_G_COST_REVENUE_RATE,auto_confirmed,1,100.379,100.379,public-disclosure-v4,official_annual_direct_consistent
603906.SH,龙蟠科技,2025,Q_G_CURRENT_ASSET_TURNOVER,auto_confirmed,1,1.064,1.064,public-disclosure-v4,official_annual_direct_consistent
603906.SH,龙蟠科技,2025,Q_G_DEBT_ASSET_RATE,auto_confirmed,3,74.94|79.77|79.7703,79.7703,public-disclosure-v4,consolidated_statement_year_end_derived
603906.SH,龙蟠科技,2025,Q_G_EBITDA_INTEREST,auto_confirmed,1,0.1407,0.1407,public-disclosure-v4,official_annual_direct_consistent
603906.SH,龙蟠科技,2025,Q_G_OPERATING_MARGIN,auto_confirmed,1,-2.6349,-2.6349,public-disclosure-v4,official_annual_direct_consistent
603906.SH,龙蟠科技,2025,Q_G_REVENUE_GROWTH,auto_confirmed,1,0.8421,0.8421,public-disclosure-v4,official_annual_direct_consistent
603906.SH,龙蟠科技,2025,Q_G_ROA,auto_confirmed,1,0.2108,0.2108,public-disclosure-v4,official_annual_direct_consistent
603906.SH,龙蟠科技,2025,Q_G_ROE,auto_confirmed,1,6.1,6.1,public-disclosure-v4,official_annual_direct_consistent
603906.SH,龙蟠科技,2025,Q_G_TWO_FUNDS_RATE,auto_confirmed,1,39.7183,39.7183,public-disclosure-v4,official_annual_direct_consistent
603906.SH,龙蟠科技,2025,Q_S_RD_RATE,auto_confirmed,1,5.16,5.16,public-disclosure-v4,official_annual_direct_consistent
603985.SH,恒润股份,2025,Q_G_AR_TURNOVER,auto_confirmed,1,8.8714,8.8714,public-disclosure-v4,official_annual_direct_consistent
603985.SH,恒润股份,2025,Q_G_ASSET_TURNOVER,auto_confirmed,1,1.17,1.17,public-disclosure-v4,official_annual_direct_consistent
603985.SH,恒润股份,2025,Q_G_CASH_CURRENT_LIABILITY,auto_confirmed,1,-3.1546,-3.1546,public-disclosure-v4,official_annual_direct_consistent
603985.SH,恒润股份,2025,Q_G_CASH_REALIZATION,auto_confirmed,1,83.6751,83.6751,public-disclosure-v4,official_annual_direct_consistent
603985.SH,恒润股份,2025,Q_G_COST_REVENUE_RATE,auto_confirmed,1,96.8917,96.8917,public-disclosure-v4,official_annual_direct_consistent
603985.SH,恒润股份,2025,Q_G_CURRENT_ASSET_TURNOVER,auto_confirmed,1,3.0679,3.0679,public-disclosure-v4,official_annual_direct_consistent
603985.SH,恒润股份,2025,Q_G_DEBT_ASSET_RATE,auto_confirmed,1,42.6026,42.6026,public-disclosure-v4,consolidated_statement_year_end_derived
603985.SH,恒润股份,2025,Q_G_EBITDA_INTEREST,auto_confirmed,1,3.163,3.163,public-disclosure-v4,official_annual_direct_consistent
603985.SH,恒润股份,2025,Q_G_OPERATING_MARGIN,auto_confirmed,1,2.4109,2.4109,public-disclosure-v4,official_annual_direct_consistent
603985.SH,恒润股份,2025,Q_G_OPERATING_PROFIT_GROWTH,auto_confirmed,1,-157.804,-157.804,public-disclosure-v4,official_annual_direct_consistent
603985.SH,恒润股份,2025,Q_G_REVENUE_GROWTH,auto_confirmed,1,129.434,129.434,public-disclosure-v4,official_annual_direct_consistent
603985.SH,恒润股份,2025,Q_G_ROA,auto_confirmed,1,4.1954,4.1954,public-disclosure-v4,official_annual_direct_consistent
603985.SH,恒润股份,2025,Q_G_ROE,auto_confirmed,1,2.57,2.57,public-disclosure-v4,official_annual_direct_consistent
603985.SH,恒润股份,2025,Q_G_TWO_FUNDS_RATE,auto_confirmed,1,64.4104,64.4104,public-disclosure-v4,official_annual_direct_consistent
603985.SH,恒润股份,2025,Q_S_DIVIDEND_PER_SHARE,auto_confirmed,1,0.06,0.06,public-disclosure-v4,official_annual_direct_consistent
603985.SH,恒润股份,2025,Q_S_RD_RATE,auto_confirmed,1,2.33,2.33,public-disclosure-v4,official_annual_direct_consistent
603988.SH,中电电机,2025,Q_G_AR_TURNOVER,auto_confirmed,1,2.5454,2.5454,public-disclosure-v4,official_annual_direct_consistent
603988.SH,中电电机,2025,Q_G_ASSET_TURNOVER,auto_confirmed,1,0.5984,0.5984,public-disclosure-v4,official_annual_direct_consistent
603988.SH,中电电机,2025,Q_G_CASH_CURRENT_LIABILITY,auto_confirmed,1,17.9808,17.9808,public-disclosure-v4,official_annual_direct_consistent
603988.SH,中电电机,2025,Q_G_CASH_REALIZATION,auto_confirmed,1,116.944,116.944,public-disclosure-v4,official_annual_direct_consistent
603988.SH,中电电机,2025,Q_G_COST_REVENUE_RATE,auto_confirmed,1,92.8545,92.8545,public-disclosure-v4,official_annual_direct_consistent
603988.SH,中电电机,2025,Q_G_CURRENT_ASSET_TURNOVER,auto_confirmed,1,0.6929,0.6929,public-disclosure-v4,official_annual_direct_consistent
603988.SH,中电电机,2025,Q_G_DEBT_ASSET_RATE,auto_confirmed,1,38.9737,38.9737,public-disclosure-v4,consolidated_statement_year_end_derived
603988.SH,中电电机,2025,Q_G_EBITDA_INTEREST,auto_confirmed,1,22.1077,22.1077,public-disclosure-v4,official_annual_direct_consistent
603988.SH,中电电机,2025,Q_G_OPERATING_MARGIN,auto_confirmed,1,5.3728,5.3728,public-disclosure-v4,official_annual_direct_consistent
603988.SH,中电电机,2025,Q_G_OPERATING_PROFIT_GROWTH,auto_confirmed,1,-340.071,-340.071,public-disclosure-v4,official_annual_direct_consistent
603988.SH,中电电机,2025,Q_G_REVENUE_GROWTH,auto_confirmed,1,-1.1687,-1.1687,public-disclosure-v4,official_annual_direct_consistent
603988.SH,中电电机,2025,Q_G_ROA,auto_confirmed,1,3.3269,3.3269,public-disclosure-v4,official_annual_direct_consistent
603988.SH,中电电机,2025,Q_G_ROE,auto_confirmed,1,4.71,4.71,public-disclosure-v4,official_annual_direct_consistent
603988.SH,中电电机,2025,Q_G_TWO_FUNDS_RATE,auto_confirmed,1,50.2426,50.2426,public-disclosure-v4,official_annual_direct_consistent
603988.SH,中电电机,2025,Q_S_DIVIDEND_PER_SHARE,auto_confirmed,1,0.045,0.045,public-disclosure-v4,official_annual_direct_consistent
603988.SH,中电电机,2025,Q_S_RD_RATE,auto_confirmed,1,3.51,3.51,public-disclosure-v4,official_annual_direct_consistent
605011.SH,杭州热电,2025,Q_G_AR_TURNOVER,auto_confirmed,1,14.7709,14.7709,public-disclosure-v4,official_annual_direct_consistent
605011.SH,杭州热电,2025,Q_G_ASSET_TURNOVER,auto_confirmed,1,0.7496,0.7496,public-disclosure-v4,official_annual_direct_consistent
605011.SH,杭州热电,2025,Q_G_CAPITAL_ACCUMULATION,auto_confirmed,1,7.6395,7.6395,public-disclosure-v4,official_annual_direct_consistent
605011.SH,杭州热电,2025,Q_G_CASH_CURRENT_LIABILITY,auto_confirmed,1,37.3073,37.3073,public-disclosure-v4,official_annual_direct_consistent
605011.SH,杭州热电,2025,Q_G_CASH_REALIZATION,auto_confirmed,1,128.888,128.888,public-disclosure-v4,official_annual_direct_consistent
605011.SH,杭州热电,2025,Q_G_COST_REVENUE_RATE,auto_confirmed,1,94.5561,94.5561,public-disclosure-v4,official_annual_direct_consistent
605011.SH,杭州热电,2025,Q_G_CURRENT_ASSET_TURNOVER,auto_confirmed,1,2.2772,2.2772,public-disclosure-v4,official_annual_direct_consistent
605011.SH,杭州热电,2025,Q_G_DEBT_ASSET_RATE,auto_confirmed,1,30.0948,30.0948,public-disclosure-v4,consolidated_statement_year_end_derived
605011.SH,杭州热电,2025,Q_G_EBITDA_INTEREST,auto_confirmed,1,19.0085,19.0085,public-disclosure-v4,official_annual_direct_consistent
605011.SH,杭州热电,2025,Q_G_OPERATING_MARGIN,auto_confirmed,1,8.2889,8.2889,public-disclosure-v4,official_annual_direct_consistent
605011.SH,杭州热电,2025,Q_G_OPERATING_PROFIT_GROWTH,auto_confirmed,1,-11.1501,-11.1501,public-disclosure-v4,official_annual_direct_consistent
605011.SH,杭州热电,2025,Q_G_REVENUE_GROWTH,auto_confirmed,1,-10.4878,-10.4878,public-disclosure-v4,official_annual_direct_consistent
605011.SH,杭州热电,2025,Q_G_ROA,auto_confirmed,1,7.0468,7.0468,public-disclosure-v4,official_annual_direct_consistent
605011.SH,杭州热电,2025,Q_G_ROE,auto_confirmed,1,7.82,7.82,public-disclosure-v4,official_annual_direct_consistent
605011.SH,杭州热电,2025,Q_G_TWO_FUNDS_RATE,auto_confirmed,1,25.2146,25.2146,public-disclosure-v4,official_annual_direct_consistent
605011.SH,杭州热电,2025,Q_S_DIVIDEND_PER_SHARE,auto_confirmed,1,0.16,0.16,public-disclosure-v4,official_annual_direct_consistent
605011.SH,杭州热电,2025,Q_S_RD_RATE,auto_confirmed,1,0.94,0.94,public-disclosure-v4,official_annual_direct_consistent
605028.SH,世茂能源,2025,Q_G_REVENUE_GROWTH,auto_confirmed,1,-10.1229,-10.1229,public-disclosure-v4,official_annual_direct_consistent
605028.SH,世茂能源,2025,Q_G_ROE,auto_confirmed,1,12.82,12.82,public-disclosure-v4,official_annual_direct_consistent
605028.SH,世茂能源,2025,Q_S_DIVIDEND_PER_SHARE,auto_confirmed,1,0.9,0.9,public-disclosure-v4,official_annual_direct_consistent
605028.SH,世茂能源,2025,Q_S_RD_RATE,auto_confirmed,1,3.55,3.55,public-disclosure-v4,official_annual_direct_consistent
605066.SH,天正电气,2025,Q_G_AR_TURNOVER,auto_confirmed,1,3.6336,3.6336,public-disclosure-v4,official_annual_direct_consistent
605066.SH,天正电气,2025,Q_G_ASSET_TURNOVER,auto_confirmed,1,0.895,0.895,public-disclosure-v4,official_annual_direct_consistent
605066.SH,天正电气,2025,Q_G_CASH_CURRENT_LIABILITY,auto_confirmed,1,11.5131,11.5131,public-disclosure-v4,official_annual_direct_consistent
605066.SH,天正电气,2025,Q_G_CASH_REALIZATION,auto_confirmed,1,80.837,80.837,public-disclosure-v4,official_annual_direct_consistent
605066.SH,天正电气,2025,Q_G_COST_REVENUE_RATE,auto_confirmed,1,97.5161,97.5161,public-disclosure-v4,official_annual_direct_consistent
605066.SH,天正电气,2025,Q_G_CURRENT_ASSET_TURNOVER,auto_confirmed,1,1.2582,1.2582,public-disclosure-v4,official_annual_direct_consistent
605066.SH,天正电气,2025,Q_G_DEBT_ASSET_RATE,auto_confirmed,1,43.2423,43.2423,public-disclosure-v4,consolidated_statement_year_end_derived
605066.SH,天正电气,2025,Q_G_OPERATING_MARGIN,auto_confirmed,1,3.0431,3.0431,public-disclosure-v4,official_annual_direct_consistent
605066.SH,天正电气,2025,Q_G_OPERATING_PROFIT_GROWTH,auto_confirmed,1,-37.2612,-37.2612,public-disclosure-v4,official_annual_direct_consistent
605066.SH,天正电气,2025,Q_G_REVENUE_GROWTH,auto_confirmed,1,-3.5721,-3.5721,public-disclosure-v4,official_annual_direct_consistent
605066.SH,天正电气,2025,Q_G_ROE,auto_confirmed,1,5.19,5.19,public-disclosure-v4,official_annual_direct_consistent
605066.SH,天正电气,2025,Q_G_TWO_FUNDS_RATE,auto_confirmed,1,47.9058,47.9058,public-disclosure-v4,official_annual_direct_consistent
605066.SH,天正电气,2025,Q_S_RD_RATE,auto_confirmed,1,5.23,5.23,public-disclosure-v4,official_annual_direct_consistent
605090.SH,九丰能源,2025,Q_G_AR_TURNOVER,auto_confirmed,1,128.177,128.177,public-disclosure-v4,official_annual_direct_consistent
605090.SH,九丰能源,2025,Q_G_ASSET_TURNOVER,auto_confirmed,1,26.0918,26.0918,public-disclosure-v4,official_annual_direct_consistent
605090.SH,九丰能源,2025,Q_G_COST_REVENUE_RATE,auto_confirmed,1,93.0174,93.0174,public-disclosure-v4,official_annual_direct_consistent
605090.SH,九丰能源,2025,Q_G_CURRENT_ASSET_TURNOVER,auto_confirmed,1,3.0604,3.0604,public-disclosure-v4,official_annual_direct_consistent
605090.SH,九丰能源,2025,Q_G_DEBT_ASSET_RATE,auto_confirmed,3,10.6561|26.98,10.6561,public-disclosure-v4,consolidated_statement_year_end_derived
605090.SH,九丰能源,2025,Q_G_REVENUE_GROWTH,auto_confirmed,1,-8.064,-8.064,public-disclosure-v4,official_annual_direct_consistent
605090.SH,九丰能源,2025,Q_G_ROE,auto_confirmed,2,14.73,14.73,public-disclosure-v4,official_annual_direct_consistent
605090.SH,九丰能源,2025,Q_G_TWO_FUNDS_RATE,auto_confirmed,1,13.7852,13.7852,public-disclosure-v4,official_annual_direct_consistent
605090.SH,九丰能源,2025,Q_S_DIVIDEND_PER_SHARE,auto_confirmed,1,0.25,0.25,public-disclosure-v4,official_annual_direct_consistent
605090.SH,九丰能源,2025,Q_S_RD_RATE,auto_confirmed,1,0.07,0.07,public-disclosure-v4,official_annual_direct_consistent
605117.SH,德业股份,2025,Q_E_HAZ_WASTE_INTENSITY,auto_confirmed,2,0.04,0.04,public-disclosure-v4,strict_extraction_evidence_consistent
605117.SH,德业股份,2025,Q_E_SOLID_WASTE_INTENSITY,auto_confirmed,2,0.815,0.815,public-disclosure-v4,strict_extraction_evidence_consistent
605117.SH,德业股份,2025,Q_E_WASTEWATER_INTENSITY,auto_confirmed,2,0.135,0.135,public-disclosure-v4,strict_extraction_evidence_consistent
605117.SH,德业股份,2025,Q_G_AR_TURNOVER,auto_confirmed,1,7.1852,7.1852,public-disclosure-v4,official_annual_direct_consistent
605117.SH,德业股份,2025,Q_G_ASSET_TURNOVER,auto_confirmed,1,0.6981,0.6981,public-disclosure-v4,official_annual_direct_consistent
605117.SH,德业股份,2025,Q_G_CASH_CURRENT_LIABILITY,auto_confirmed,1,43.095,43.095,public-disclosure-v4,official_annual_direct_consistent
605117.SH,德业股份,2025,Q_G_CASH_REALIZATION,auto_confirmed,1,99.4456,99.4456,public-disclosure-v4,official_annual_direct_consistent
605117.SH,德业股份,2025,Q_G_COST_REVENUE_RATE,auto_confirmed,1,71.8134,71.8134,public-disclosure-v4,official_annual_direct_consistent
605117.SH,德业股份,2025,Q_G_CURRENT_ASSET_TURNOVER,auto_confirmed,1,0.9563,0.9563,public-disclosure-v4,official_annual_direct_consistent
605117.SH,德业股份,2025,Q_G_DEBT_ASSET_RATE,auto_confirmed,1,48.1115,48.1115,public-disclosure-v4,consolidated_statement_year_end_derived
605117.SH,德业股份,2025,Q_G_EBITDA_INTEREST,auto_confirmed,1,64.0133,64.0133,public-disclosure-v4,official_annual_direct_consistent
605117.SH,德业股份,2025,Q_G_OPERATING_MARGIN,auto_confirmed,1,29.8486,29.8486,public-disclosure-v4,official_annual_direct_consistent
605117.SH,德业股份,2025,Q_G_OPERATING_PROFIT_GROWTH,auto_confirmed,1,7.1754,7.1754,public-disclosure-v4,official_annual_direct_consistent
605117.SH,德业股份,2025,Q_G_REVENUE_GROWTH,auto_confirmed,1,9.0776,9.0776,public-disclosure-v4,official_annual_direct_consistent
605117.SH,德业股份,2025,Q_G_ROA,auto_confirmed,1,21.0917,21.0917,public-disclosure-v4,official_annual_direct_consistent
605117.SH,德业股份,2025,Q_G_ROE,auto_confirmed,1,32.66,32.66,public-disclosure-v4,official_annual_direct_consistent
605117.SH,德业股份,2025,Q_G_TWO_FUNDS_RATE,auto_confirmed,1,23.6313,23.6313,public-disclosure-v4,official_annual_direct_consistent
605117.SH,德业股份,2025,Q_S_DIVIDEND_PER_SHARE,auto_confirmed,2,1.8|3.01,1.8,public-disclosure-v4,official_annual_direct_consistent
605117.SH,德业股份,2025,Q_S_RD_RATE,auto_confirmed,1,4.6,4.6,public-disclosure-v4,official_annual_direct_consistent
605117.SH,德业股份,2025,Q_S_SAFETY_INVEST_RATE,manual_required,2,0.12,,public-disclosure-v4,indicator_not_auto_eligible
605162.SH,新中港,2025,Q_G_AR_TURNOVER,auto_confirmed,1,4.8986,4.8986,public-disclosure-v4,official_annual_direct_consistent
605162.SH,新中港,2025,Q_G_ASSET_TURNOVER,auto_confirmed,1,0.3793,0.3793,public-disclosure-v4,official_annual_direct_consistent
605162.SH,新中港,2025,Q_G_CASH_REALIZATION,auto_confirmed,1,120.179,120.179,public-disclosure-v4,official_annual_direct_consistent
605162.SH,新中港,2025,Q_G_COST_REVENUE_RATE,auto_confirmed,1,79.3842,79.3842,public-disclosure-v4,official_annual_direct_consistent
605162.SH,新中港,2025,Q_G_CURRENT_ASSET_TURNOVER,auto_confirmed,1,0.9229,0.9229,public-disclosure-v4,official_annual_direct_consistent
605162.SH,新中港,2025,Q_G_DEBT_ASSET_RATE,auto_confirmed,4,28.44|28.4427|29.96,28.4427,public-disclosure-v4,consolidated_statement_year_end_derived
605162.SH,新中港,2025,Q_G_EBITDA_INTEREST,auto_confirmed,1,7.1354,7.1354,public-disclosure-v4,official_annual_direct_consistent
605162.SH,新中港,2025,Q_G_OPERATING_MARGIN,auto_confirmed,1,21.7395,21.7395,public-disclosure-v4,official_annual_direct_consistent
605162.SH,新中港,2025,Q_G_OPERATING_PROFIT_GROWTH,auto_confirmed,1,-11.8519,-11.8519,public-disclosure-v4,official_annual_direct_consistent
605162.SH,新中港,2025,Q_G_REVENUE_GROWTH,auto_confirmed,1,-18.8229,-18.8229,public-disclosure-v4,official_annual_direct_consistent
605162.SH,新中港,2025,Q_G_ROA,auto_confirmed,1,10.1077,10.1077,public-disclosure-v4,official_annual_direct_consistent
605162.SH,新中港,2025,Q_G_ROE,auto_confirmed,1,9.28,9.28,public-disclosure-v4,official_annual_direct_consistent
605162.SH,新中港,2025,Q_G_TWO_FUNDS_RATE,auto_confirmed,1,26.7118,26.7118,public-disclosure-v4,official_annual_direct_consistent
605162.SH,新中港,2025,Q_S_DIVIDEND_PER_SHARE,auto_confirmed,1,0.16,0.16,public-disclosure-v4,official_annual_direct_consistent
605162.SH,新中港,2025,Q_S_RD_RATE,auto_confirmed,1,3.43,3.43,public-disclosure-v4,official_annual_direct_consistent
605169.SH,洪通燃气,2025,Q_G_AR_TURNOVER,auto_confirmed,1,49.7993,49.7993,public-disclosure-v4,official_annual_direct_consistent
605169.SH,洪通燃气,2025,Q_G_ASSET_TURNOVER,auto_confirmed,1,2.457,2.457,public-disclosure-v4,official_annual_direct_consistent
605169.SH,洪通燃气,2025,Q_G_CASH_CURRENT_LIABILITY,auto_confirmed,1,55.9575,55.9575,public-disclosure-v4,official_annual_direct_consistent
605169.SH,洪通燃气,2025,Q_G_CASH_REALIZATION,auto_confirmed,1,110.444,110.444,public-disclosure-v4,official_annual_direct_consistent
605169.SH,洪通燃气,2025,Q_G_COST_REVENUE_RATE,auto_confirmed,1,95.3965,95.3965,public-disclosure-v4,official_annual_direct_consistent
605169.SH,洪通燃气,2025,Q_G_CURRENT_ASSET_TURNOVER,auto_confirmed,1,6.3286,6.3286,public-disclosure-v4,official_annual_direct_consistent
605169.SH,洪通燃气,2025,Q_G_DEBT_ASSET_RATE,auto_confirmed,1,17.6978,17.6978,public-disclosure-v4,consolidated_statement_year_end_derived
605169.SH,洪通燃气,2025,Q_G_EBITDA_INTEREST,auto_confirmed,1,35.8223,35.8223,public-disclosure-v4,official_annual_direct_consistent
605169.SH,洪通燃气,2025,Q_G_OPERATING_MARGIN,auto_confirmed,1,4.7879,4.7879,public-disclosure-v4,official_annual_direct_consistent
605169.SH,洪通燃气,2025,Q_G_OPERATING_PROFIT_GROWTH,auto_confirmed,1,-28.9124,-28.9124,public-disclosure-v4,official_annual_direct_consistent
605169.SH,洪通燃气,2025,Q_G_REVENUE_GROWTH,auto_confirmed,1,13.6145,13.6145,public-disclosure-v4,official_annual_direct_consistent
605169.SH,洪通燃气,2025,Q_G_ROA,auto_confirmed,1,12.0764,12.0764,public-disclosure-v4,official_annual_direct_consistent
605169.SH,洪通燃气,2025,Q_G_ROE,auto_confirmed,1,6.19,6.19,public-disclosure-v4,official_annual_direct_consistent
605169.SH,洪通燃气,2025,Q_G_TWO_FUNDS_RATE,auto_confirmed,1,13.4633,13.4633,public-disclosure-v4,official_annual_direct_consistent
605169.SH,洪通燃气,2025,Q_S_DIVIDEND_PER_SHARE,auto_confirmed,1,0.2,0.2,public-disclosure-v4,official_annual_direct_consistent
605196.SH,华通线缆,2025,Q_G_AR_TURNOVER,auto_confirmed,1,3.4953,3.4953,public-disclosure-v4,official_annual_direct_consistent
605196.SH,华通线缆,2025,Q_G_ASSET_TURNOVER,auto_confirmed,1,1.2545,1.2545,public-disclosure-v4,official_annual_direct_consistent
605196.SH,华通线缆,2025,Q_G_CAPITAL_ACCUMULATION,auto_confirmed,1,5.923,5.923,public-disclosure-v4,official_annual_direct_consistent
605196.SH,华通线缆,2025,Q_G_CASH_CURRENT_LIABILITY,auto_confirmed,1,0.6561,0.6561,public-disclosure-v4,official_annual_direct_consistent
605196.SH,华通线缆,2025,Q_G_CASH_REALIZATION,auto_confirmed,1,95.5274,95.5274,public-disclosure-v4,official_annual_direct_consistent
605196.SH,华通线缆,2025,Q_G_COST_REVENUE_RATE,auto_confirmed,1,95.0442,95.0442,public-disclosure-v4,official_annual_direct_consistent
605196.SH,华通线缆,2025,Q_G_CURRENT_ASSET_TURNOVER,auto_confirmed,1,1.4144,1.4144,public-disclosure-v4,official_annual_direct_consistent
605196.SH,华通线缆,2025,Q_G_DEBT_ASSET_RATE,auto_confirmed,1,66.0355,66.0355,public-disclosure-v4,consolidated_statement_year_end_derived
605196.SH,华通线缆,2025,Q_G_EBITDA_INTEREST,auto_confirmed,1,3.3908,3.3908,public-disclosure-v4,official_annual_direct_consistent
605196.SH,华通线缆,2025,Q_G_OPERATING_MARGIN,auto_confirmed,1,4.5928,4.5928,public-disclosure-v4,official_annual_direct_consistent
605196.SH,华通线缆,2025,Q_G_OPERATING_PROFIT_GROWTH,auto_confirmed,1,-9.6463,-9.6463,public-disclosure-v4,official_annual_direct_consistent
605196.SH,华通线缆,2025,Q_G_REVENUE_GROWTH,auto_confirmed,1,18.639,18.639,public-disclosure-v4,official_annual_direct_consistent
605196.SH,华通线缆,2025,Q_G_ROA,auto_confirmed,1,7.8985,7.8985,public-disclosure-v4,official_annual_direct_consistent
605196.SH,华通线缆,2025,Q_G_ROE,auto_confirmed,1,8.75,8.75,public-disclosure-v4,official_annual_direct_consistent
605196.SH,华通线缆,2025,Q_G_TWO_FUNDS_RATE,auto_confirmed,1,77.6257,77.6257,public-disclosure-v4,official_annual_direct_consistent
605196.SH,华通线缆,2025,Q_S_RD_RATE,auto_confirmed,1,1.38,1.38,public-disclosure-v4,official_annual_direct_consistent
605222.SH,起帆电缆,2025,Q_G_AR_TURNOVER,auto_confirmed,1,6.2404,6.2404,public-disclosure-v4,official_annual_direct_consistent
605222.SH,起帆电缆,2025,Q_G_ASSET_TURNOVER,auto_confirmed,1,1.5685,1.5685,public-disclosure-v4,official_annual_direct_consistent
605222.SH,起帆电缆,2025,Q_G_CASH_CURRENT_LIABILITY,auto_confirmed,1,0.6518,0.6518,public-disclosure-v4,official_annual_direct_consistent
605222.SH,起帆电缆,2025,Q_G_CASH_REALIZATION,auto_confirmed,1,106.687,106.687,public-disclosure-v4,official_annual_direct_consistent
605222.SH,起帆电缆,2025,Q_G_COST_REVENUE_RATE,auto_confirmed,1,93.4459,93.4459,public-disclosure-v4,official_annual_direct_consistent
605222.SH,起帆电缆,2025,Q_G_CURRENT_ASSET_TURNOVER,auto_confirmed,1,1.975,1.975,public-disclosure-v4,official_annual_direct_consistent
605222.SH,起帆电缆,2025,Q_G_DEBT_ASSET_RATE,auto_confirmed,3,66.6|68.4065|68.41,68.4065,public-disclosure-v4,consolidated_statement_year_end_derived
605222.SH,起帆电缆,2025,Q_G_EBITDA_INTEREST,auto_confirmed,1,2.0023,2.0023,public-disclosure-v4,official_annual_direct_consistent
605222.SH,起帆电缆,2025,Q_G_OPERATING_MARGIN,auto_confirmed,1,0.9254,0.9254,public-disclosure-v4,official_annual_direct_consistent
605222.SH,起帆电缆,2025,Q_G_OPERATING_PROFIT_GROWTH,auto_confirmed,1,67.7358,67.7358,public-disclosure-v4,official_annual_direct_consistent
605222.SH,起帆电缆,2025,Q_G_REVENUE_GROWTH,auto_confirmed,1,5.473,5.473,public-disclosure-v4,official_annual_direct_consistent
605222.SH,起帆电缆,2025,Q_G_ROA,auto_confirmed,1,2.8136,2.8136,public-disclosure-v4,official_annual_direct_consistent
605222.SH,起帆电缆,2025,Q_G_ROE,auto_confirmed,1,3.62,3.62,public-disclosure-v4,official_annual_direct_consistent
605222.SH,起帆电缆,2025,Q_G_TWO_FUNDS_RATE,auto_confirmed,1,67.2108,67.2108,public-disclosure-v4,official_annual_direct_consistent
605222.SH,起帆电缆,2025,Q_S_DIVIDEND_PER_SHARE,auto_confirmed,1,0.06,0.06,public-disclosure-v4,official_annual_direct_consistent
605222.SH,起帆电缆,2025,Q_S_RD_RATE,auto_confirmed,1,0.42,0.42,public-disclosure-v4,official_annual_direct_consistent
605378.SH,野马电池,2025,Q_G_AR_TURNOVER,auto_confirmed,1,5.5477,5.5477,public-disclosure-v4,official_annual_direct_consistent
605378.SH,野马电池,2025,Q_G_ASSET_TURNOVER,auto_confirmed,1,1.53,1.53,public-disclosure-v4,official_annual_direct_consistent
605378.SH,野马电池,2025,Q_G_CASH_CURRENT_LIABILITY,auto_confirmed,1,87.4637,87.4637,public-disclosure-v4,official_annual_direct_consistent
605378.SH,野马电池,2025,Q_G_CASH_REALIZATION,auto_confirmed,1,118.744,118.744,public-disclosure-v4,official_annual_direct_consistent
605378.SH,野马电池,2025,Q_G_COST_REVENUE_RATE,auto_confirmed,1,96.1154,96.1154,public-disclosure-v4,official_annual_direct_consistent
605378.SH,野马电池,2025,Q_G_CURRENT_ASSET_TURNOVER,auto_confirmed,1,1.2326,1.2326,public-disclosure-v4,official_annual_direct_consistent
605378.SH,野马电池,2025,Q_G_DEBT_ASSET_RATE,auto_confirmed,2,15.4058|15.41,15.4058,public-disclosure-v4,consolidated_statement_year_end_derived
605378.SH,野马电池,2025,Q_G_EBITDA_INTEREST,auto_confirmed,1,14922.5,14922.5,public-disclosure-v4,official_annual_direct_consistent
605378.SH,野马电池,2025,Q_G_OPERATING_MARGIN,auto_confirmed,1,5.4349,5.4349,public-disclosure-v4,official_annual_direct_consistent
605378.SH,野马电池,2025,Q_G_OPERATING_PROFIT_GROWTH,auto_confirmed,1,-61.7836,-61.7836,public-disclosure-v4,official_annual_direct_consistent
605378.SH,野马电池,2025,Q_G_REVENUE_GROWTH,auto_confirmed,1,-4.5385,-4.5385,public-disclosure-v4,official_annual_direct_consistent
605378.SH,野马电池,2025,Q_G_ROA,auto_confirmed,1,8.2818,8.2818,public-disclosure-v4,official_annual_direct_consistent
605378.SH,野马电池,2025,Q_G_ROE,auto_confirmed,1,4.62,4.62,public-disclosure-v4,official_annual_direct_consistent
605378.SH,野马电池,2025,Q_G_TWO_FUNDS_RATE,auto_confirmed,1,38.9466,38.9466,public-disclosure-v4,official_annual_direct_consistent
605378.SH,野马电池,2025,Q_S_DIVIDEND_PER_SHARE,auto_confirmed,1,0.15,0.15,public-disclosure-v4,official_annual_direct_consistent
605378.SH,野马电池,2025,Q_S_RD_RATE,auto_confirmed,1,3.14,3.14,public-disclosure-v4,official_annual_direct_consistent
605580.SH,恒盛能源,2025,Q_G_AR_TURNOVER,auto_confirmed,1,11.0299,11.0299,public-disclosure-v4,official_annual_direct_consistent
605580.SH,恒盛能源,2025,Q_G_ASSET_TURNOVER,auto_confirmed,1,0.8147,0.8147,public-disclosure-v4,official_annual_direct_consistent
605580.SH,恒盛能源,2025,Q_G_CASH_CURRENT_LIABILITY,auto_confirmed,1,54.7529,54.7529,public-disclosure-v4,official_annual_direct_consistent
605580.SH,恒盛能源,2025,Q_G_CASH_REALIZATION,auto_confirmed,1,119.195,119.195,public-disclosure-v4,official_annual_direct_consistent
605580.SH,恒盛能源,2025,Q_G_COST_REVENUE_RATE,auto_confirmed,1,80.3058,80.3058,public-disclosure-v4,official_annual_direct_consistent
605580.SH,恒盛能源,2025,Q_G_CURRENT_ASSET_TURNOVER,auto_confirmed,1,4.0525,4.0525,public-disclosure-v4,official_annual_direct_consistent
605580.SH,恒盛能源,2025,Q_G_DEBT_ASSET_RATE,auto_confirmed,1,48.148,48.148,public-disclosure-v4,consolidated_statement_year_end_derived
605580.SH,恒盛能源,2025,Q_G_EBITDA_INTEREST,auto_confirmed,1,14.7586,14.7586,public-disclosure-v4,official_annual_direct_consistent
605580.SH,恒盛能源,2025,Q_G_OPERATING_MARGIN,auto_confirmed,1,17.5878,17.5878,public-disclosure-v4,official_annual_direct_consistent
605580.SH,恒盛能源,2025,Q_G_OPERATING_PROFIT_GROWTH,auto_confirmed,1,778.744,778.744,public-disclosure-v4,official_annual_direct_consistent
605580.SH,恒盛能源,2025,Q_G_REVENUE_GROWTH,auto_confirmed,1,25.3852,25.3852,public-disclosure-v4,official_annual_direct_consistent
605580.SH,恒盛能源,2025,Q_G_ROA,auto_confirmed,1,16.98,16.98,public-disclosure-v4,official_annual_direct_consistent
605580.SH,恒盛能源,2025,Q_G_ROE,auto_confirmed,1,15.98,15.98,public-disclosure-v4,official_annual_direct_consistent
605580.SH,恒盛能源,2025,Q_G_TWO_FUNDS_RATE,auto_confirmed,1,57.8579,57.8579,public-disclosure-v4,official_annual_direct_consistent
605580.SH,恒盛能源,2025,Q_S_DIVIDEND_PER_SHARE,auto_confirmed,1,0.3,0.3,public-disclosure-v4,official_annual_direct_consistent
605580.SH,恒盛能源,2025,Q_S_RD_RATE,auto_confirmed,1,2.4,2.4,public-disclosure-v4,official_annual_direct_consistent
688006.SH,杭可科技,2025,Q_G_AR_TURNOVER,auto_confirmed,1,1.8274,1.8274,public-disclosure-v4,official_annual_direct_consistent
688006.SH,杭可科技,2025,Q_G_ASSET_TURNOVER,auto_confirmed,1,0.2897,0.2897,public-disclosure-v4,official_annual_direct_consistent
688006.SH,杭可科技,2025,Q_G_CASH_CURRENT_LIABILITY,auto_confirmed,1,21.872,21.872,public-disclosure-v4,official_annual_direct_consistent
688006.SH,杭可科技,2025,Q_G_CASH_REALIZATION,auto_confirmed,1,154.595,154.595,public-disclosure-v4,official_annual_direct_consistent
688006.SH,杭可科技,2025,Q_G_COST_REVENUE_RATE,auto_confirmed,1,86.6999,86.6999,public-disclosure-v4,official_annual_direct_consistent
688006.SH,杭可科技,2025,Q_G_CURRENT_ASSET_TURNOVER,auto_confirmed,1,0.3426,0.3426,public-disclosure-v4,official_annual_direct_consistent
688006.SH,杭可科技,2025,Q_G_DEBT_ASSET_RATE,auto_confirmed,1,50.607,50.607,public-disclosure-v4,consolidated_statement_year_end_derived
688006.SH,杭可科技,2025,Q_G_EBITDA_INTEREST,auto_confirmed,1,876.811,876.811,public-disclosure-v4,official_annual_direct_consistent
688006.SH,杭可科技,2025,Q_G_OPERATING_MARGIN,auto_confirmed,1,12.4932,12.4932,public-disclosure-v4,official_annual_direct_consistent
688006.SH,杭可科技,2025,Q_G_OPERATING_PROFIT_GROWTH,auto_confirmed,1,11.3396,11.3396,public-disclosure-v4,official_annual_direct_consistent
688006.SH,杭可科技,2025,Q_G_REVENUE_GROWTH,auto_confirmed,1,0.524,0.524,public-disclosure-v4,official_annual_direct_consistent
688006.SH,杭可科技,2025,Q_G_ROA,auto_confirmed,1,3.6267,3.6267,public-disclosure-v4,official_annual_direct_consistent
688006.SH,杭可科技,2025,Q_G_ROE,auto_confirmed,1,6.99,6.99,public-disclosure-v4,official_annual_direct_consistent
688006.SH,杭可科技,2025,Q_G_TWO_FUNDS_RATE,auto_confirmed,1,50.1705,50.1705,public-disclosure-v4,official_annual_direct_consistent
688006.SH,杭可科技,2025,Q_S_DIVIDEND_PER_SHARE,auto_confirmed,1,0.166,0.166,public-disclosure-v4,official_annual_direct_consistent
688006.SH,杭可科技,2025,Q_S_RD_RATE,auto_confirmed,2,9.06,9.06,public-disclosure-v4,official_annual_direct_consistent
688032.SH,禾迈股份,2025,Q_G_AR_TURNOVER,auto_confirmed,1,2.8268,2.8268,public-disclosure-v4,official_annual_direct_consistent
688032.SH,禾迈股份,2025,Q_G_ASSET_TURNOVER,auto_confirmed,1,0.4332,0.4332,public-disclosure-v4,official_annual_direct_consistent
688032.SH,禾迈股份,2025,Q_G_CASH_CURRENT_LIABILITY,auto_confirmed,1,-13.7168,-13.7168,public-disclosure-v4,official_annual_direct_consistent
688032.SH,禾迈股份,2025,Q_G_CASH_REALIZATION,auto_confirmed,1,137.983,137.983,public-disclosure-v4,official_annual_direct_consistent
688032.SH,禾迈股份,2025,Q_G_COST_REVENUE_RATE,auto_confirmed,1,112.821,112.821,public-disclosure-v4,official_annual_direct_consistent
688032.SH,禾迈股份,2025,Q_G_CURRENT_ASSET_TURNOVER,auto_confirmed,1,0.3199,0.3199,public-disclosure-v4,official_annual_direct_consistent
688032.SH,禾迈股份,2025,Q_G_DEBT_ASSET_RATE,auto_confirmed,1,31.6672,31.6672,public-disclosure-v4,consolidated_statement_year_end_derived
688032.SH,禾迈股份,2025,Q_G_EBITDA_INTEREST,auto_confirmed,1,-11.1058,-11.1058,public-disclosure-v4,official_annual_direct_consistent
688032.SH,禾迈股份,2025,Q_G_OPERATING_MARGIN,auto_confirmed,1,-12.0163,-12.0163,public-disclosure-v4,official_annual_direct_consistent
688032.SH,禾迈股份,2025,Q_G_REVENUE_GROWTH,auto_confirmed,1,-3.056,-3.056,public-disclosure-v4,official_annual_direct_consistent
688032.SH,禾迈股份,2025,Q_G_ROA,auto_confirmed,1,-4.8109,-4.8109,public-disclosure-v4,official_annual_direct_consistent
688032.SH,禾迈股份,2025,Q_G_ROE,auto_confirmed,1,2.67,2.67,public-disclosure-v4,official_annual_direct_consistent
688032.SH,禾迈股份,2025,Q_G_TWO_FUNDS_RATE,auto_confirmed,1,29.7797,29.7797,public-disclosure-v4,official_annual_direct_consistent
688032.SH,禾迈股份,2025,Q_S_RD_RATE,auto_confirmed,2,18.06,18.06,public-disclosure-v4,official_annual_direct_consistent
688063.SH,派能科技,2025,Q_G_AR_TURNOVER,auto_confirmed,1,0.0003,0.0003,public-disclosure-v4,official_annual_direct_consistent
688063.SH,派能科技,2025,Q_G_ASSET_TURNOVER,auto_confirmed,1,0,0,public-disclosure-v4,official_annual_direct_consistent
688063.SH,派能科技,2025,Q_G_CASH_REALIZATION,auto_confirmed,1,1.00062e+06,1.00062e+06,public-disclosure-v4,official_annual_direct_consistent
688063.SH,派能科技,2025,Q_G_COST_REVENUE_RATE,auto_confirmed,1,1.00429e+06,1.00429e+06,public-disclosure-v4,official_annual_direct_consistent
688063.SH,派能科技,2025,Q_G_CURRENT_ASSET_TURNOVER,auto_confirmed,1,0,0,public-disclosure-v4,official_annual_direct_consistent
688063.SH,派能科技,2025,Q_G_DEBT_ASSET_RATE,auto_confirmed,2,30.3256|70,30.3256,public-disclosure-v4,consolidated_statement_year_end_derived
688063.SH,派能科技,2025,Q_G_EBITDA_INTEREST,auto_confirmed,1,1.6085,1.6085,public-disclosure-v4,official_annual_direct_consistent
688063.SH,派能科技,2025,Q_G_OPERATING_MARGIN,auto_confirmed,1,5539.31,5539.31,public-disclosure-v4,official_annual_direct_consistent
688063.SH,派能科技,2025,Q_G_ROA,auto_confirmed,1,0.6599,0.6599,public-disclosure-v4,official_annual_direct_consistent
688063.SH,派能科技,2025,Q_G_ROE,auto_confirmed,1,0.92,0.92,public-disclosure-v4,official_annual_direct_consistent
688063.SH,派能科技,2025,Q_G_TWO_FUNDS_RATE,auto_confirmed,1,27.1039,27.1039,public-disclosure-v4,official_annual_direct_consistent
688063.SH,派能科技,2025,Q_S_DIVIDEND_PER_SHARE,auto_confirmed,1,0.124,0.124,public-disclosure-v4,official_annual_direct_consistent
688063.SH,派能科技,2025,Q_S_RD_RATE,auto_confirmed,1,10.11,10.11,public-disclosure-v4,official_annual_direct_consistent
688116.SH,天奈科技,2025,Q_G_AR_TURNOVER,auto_confirmed,1,2.5854,2.5854,public-disclosure-v4,official_annual_direct_consistent
688116.SH,天奈科技,2025,Q_G_ASSET_TURNOVER,auto_confirmed,1,0.2388,0.2388,public-disclosure-v4,official_annual_direct_consistent
688116.SH,天奈科技,2025,Q_G_CASH_CURRENT_LIABILITY,auto_confirmed,1,35.0516,35.0516,public-disclosure-v4,official_annual_direct_consistent
688116.SH,天奈科技,2025,Q_G_CASH_REALIZATION,auto_confirmed,1,92.7784,92.7784,public-disclosure-v4,official_annual_direct_consistent
688116.SH,天奈科技,2025,Q_G_COST_REVENUE_RATE,auto_confirmed,1,82.7975,82.7975,public-disclosure-v4,official_annual_direct_consistent
688116.SH,天奈科技,2025,Q_G_CURRENT_ASSET_TURNOVER,auto_confirmed,1,0.4876,0.4876,public-disclosure-v4,official_annual_direct_consistent
688116.SH,天奈科技,2025,Q_G_DEBT_ASSET_RATE,auto_confirmed,3,33.5961|33.6|42.33,33.5961,public-disclosure-v4,consolidated_statement_year_end_derived
688116.SH,天奈科技,2025,Q_G_EBITDA_INTEREST,auto_confirmed,1,7.0759,7.0759,public-disclosure-v4,official_annual_direct_consistent
688116.SH,天奈科技,2025,Q_G_OPERATING_MARGIN,auto_confirmed,1,20.4479,20.4479,public-disclosure-v4,official_annual_direct_consistent
688116.SH,天奈科技,2025,Q_G_OPERATING_PROFIT_GROWTH,auto_confirmed,1,-7.2644,-7.2644,public-disclosure-v4,official_annual_direct_consistent
688116.SH,天奈科技,2025,Q_G_REVENUE_GROWTH,auto_confirmed,1,-10.4118,-10.4118,public-disclosure-v4,official_annual_direct_consistent
688116.SH,天奈科技,2025,Q_G_ROA,auto_confirmed,1,5.6744,5.6744,public-disclosure-v4,official_annual_direct_consistent
688116.SH,天奈科技,2025,Q_G_ROE,auto_confirmed,1,6.54,6.54,public-disclosure-v4,official_annual_direct_consistent
688116.SH,天奈科技,2025,Q_G_TWO_FUNDS_RATE,auto_confirmed,1,23.3784,23.3784,public-disclosure-v4,official_annual_direct_consistent
688116.SH,天奈科技,2025,Q_S_DIVIDEND_PER_SHARE,auto_confirmed,1,0.083,0.083,public-disclosure-v4,official_annual_direct_consistent
688116.SH,天奈科技,2025,Q_S_RD_RATE,auto_confirmed,1,8.37,8.37,public-disclosure-v4,official_annual_direct_consistent
688147.SH,微导纳米,2025,Q_G_DEBT_ASSET_RATE,auto_confirmed,1,69.35,69.35,public-disclosure-v4,official_annual_direct_consistent
688147.SH,微导纳米,2025,Q_G_REVENUE_GROWTH,auto_confirmed,1,-2.4667,-2.4667,public-disclosure-v4,official_annual_direct_consistent
688147.SH,微导纳米,2025,Q_G_ROE,auto_confirmed,1,7.92,7.92,public-disclosure-v4,official_annual_direct_consistent
688147.SH,微导纳米,2025,Q_S_DIVIDEND_PER_SHARE,auto_confirmed,1,0.144,0.144,public-disclosure-v4,official_annual_direct_consistent
688147.SH,微导纳米,2025,Q_S_RD_RATE,auto_confirmed,2,14.26,14.26,public-disclosure-v4,official_annual_direct_consistent
688148.SH,芳源股份,2025,Q_G_AR_TURNOVER,auto_confirmed,1,9.532,9.532,public-disclosure-v4,official_annual_direct_consistent
688148.SH,芳源股份,2025,Q_G_ASSET_TURNOVER,auto_confirmed,1,0.7429,0.7429,public-disclosure-v4,official_annual_direct_consistent
688148.SH,芳源股份,2025,Q_G_CASH_CURRENT_LIABILITY,auto_confirmed,1,-4.1185,-4.1185,public-disclosure-v4,official_annual_direct_consistent
688148.SH,芳源股份,2025,Q_G_CASH_REALIZATION,auto_confirmed,1,87.3874,87.3874,public-disclosure-v4,official_annual_direct_consistent
688148.SH,芳源股份,2025,Q_G_COST_REVENUE_RATE,auto_confirmed,1,104.088,104.088,public-disclosure-v4,official_annual_direct_consistent
688148.SH,芳源股份,2025,Q_G_CURRENT_ASSET_TURNOVER,auto_confirmed,1,1.4967,1.4967,public-disclosure-v4,official_annual_direct_consistent
688148.SH,芳源股份,2025,Q_G_DEBT_ASSET_RATE,auto_confirmed,4,70|83.77|83.7747,83.7747,public-disclosure-v4,consolidated_statement_year_end_derived
688148.SH,芳源股份,2025,Q_G_EBITDA_INTEREST,auto_confirmed,1,-0.0499,-0.0499,public-disclosure-v4,official_annual_direct_consistent
688148.SH,芳源股份,2025,Q_G_OPERATING_MARGIN,auto_confirmed,1,-4.3958,-4.3958,public-disclosure-v4,official_annual_direct_consistent
688148.SH,芳源股份,2025,Q_G_OPERATING_PROFIT_GROWTH,auto_confirmed,1,-75.2313,-75.2313,public-disclosure-v4,official_annual_direct_consistent
688148.SH,芳源股份,2025,Q_G_REVENUE_GROWTH,auto_confirmed,1,5.3881,5.3881,public-disclosure-v4,official_annual_direct_consistent
688148.SH,芳源股份,2025,Q_G_ROA,auto_confirmed,1,-0.1531,-0.1531,public-disclosure-v4,official_annual_direct_consistent
688148.SH,芳源股份,2025,Q_G_ROE,auto_confirmed,1,20.18,20.18,public-disclosure-v4,official_annual_direct_consistent
688148.SH,芳源股份,2025,Q_G_TWO_FUNDS_RATE,auto_confirmed,1,53.2177,53.2177,public-disclosure-v4,official_annual_direct_consistent
688148.SH,芳源股份,2025,Q_S_DIVIDEND_PER_SHARE,auto_confirmed,1,0,0,public-disclosure-v4,official_annual_direct_consistent
688148.SH,芳源股份,2025,Q_S_RD_RATE,auto_confirmed,2,2.64,2.64,public-disclosure-v4,official_annual_direct_consistent
688155.SH,先惠技术,2025,Q_G_AR_TURNOVER,auto_confirmed,1,3.38,3.38,public-disclosure-v4,official_annual_direct_consistent
688155.SH,先惠技术,2025,Q_G_ASSET_TURNOVER,auto_confirmed,1,0.5385,0.5385,public-disclosure-v4,official_annual_direct_consistent
688155.SH,先惠技术,2025,Q_G_CASH_CURRENT_LIABILITY,auto_confirmed,1,16.1278,16.1278,public-disclosure-v4,official_annual_direct_consistent
688155.SH,先惠技术,2025,Q_G_CASH_REALIZATION,auto_confirmed,1,95.334,95.334,public-disclosure-v4,official_annual_direct_consistent
688155.SH,先惠技术,2025,Q_G_COST_REVENUE_RATE,auto_confirmed,1,82.2212,82.2212,public-disclosure-v4,official_annual_direct_consistent
688155.SH,先惠技术,2025,Q_G_CURRENT_ASSET_TURNOVER,auto_confirmed,1,0.7852,0.7852,public-disclosure-v4,official_annual_direct_consistent
688155.SH,先惠技术,2025,Q_G_DEBT_ASSET_RATE,auto_confirmed,1,57.6691,57.6691,public-disclosure-v4,consolidated_statement_year_end_derived
688155.SH,先惠技术,2025,Q_G_EBITDA_INTEREST,auto_confirmed,1,27.6099,27.6099,public-disclosure-v4,official_annual_direct_consistent
688155.SH,先惠技术,2025,Q_G_OPERATING_MARGIN,auto_confirmed,1,17.8033,17.8033,public-disclosure-v4,official_annual_direct_consistent
688155.SH,先惠技术,2025,Q_G_REVENUE_GROWTH,auto_confirmed,1,23.3903,23.3903,public-disclosure-v4,official_annual_direct_consistent
688155.SH,先惠技术,2025,Q_G_ROA,auto_confirmed,1,9.9507,9.9507,public-disclosure-v4,official_annual_direct_consistent
688155.SH,先惠技术,2025,Q_G_ROE,auto_confirmed,1,16.53,16.53,public-disclosure-v4,official_annual_direct_consistent
688155.SH,先惠技术,2025,Q_G_TWO_FUNDS_RATE,auto_confirmed,1,65.3949,65.3949,public-disclosure-v4,official_annual_direct_consistent
688155.SH,先惠技术,2025,Q_S_DIVIDEND_PER_SHARE,auto_confirmed,1,0.7,0.7,public-disclosure-v4,official_annual_direct_consistent
688155.SH,先惠技术,2025,Q_S_RD_RATE,auto_confirmed,2,4.41,4.41,public-disclosure-v4,official_annual_direct_consistent
688191.SH,智洋创新,2025,Q_G_AR_TURNOVER,auto_confirmed,1,1.8741,1.8741,public-disclosure-v4,official_annual_direct_consistent
688191.SH,智洋创新,2025,Q_G_ASSET_TURNOVER,auto_confirmed,1,0.7129,0.7129,public-disclosure-v4,official_annual_direct_consistent
688191.SH,智洋创新,2025,Q_G_CASH_CURRENT_LIABILITY,auto_confirmed,1,2.102,2.102,public-disclosure-v4,official_annual_direct_consistent
688191.SH,智洋创新,2025,Q_G_CASH_REALIZATION,auto_confirmed,1,92.7766,92.7766,public-disclosure-v4,official_annual_direct_consistent
688191.SH,智洋创新,2025,Q_G_COST_REVENUE_RATE,auto_confirmed,1,94.9134,94.9134,public-disclosure-v4,official_annual_direct_consistent
688191.SH,智洋创新,2025,Q_G_CURRENT_ASSET_TURNOVER,auto_confirmed,1,0.9103,0.9103,public-disclosure-v4,official_annual_direct_consistent
688191.SH,智洋创新,2025,Q_G_DEBT_ASSET_RATE,auto_confirmed,1,51.3418,51.3418,public-disclosure-v4,consolidated_statement_year_end_derived
688191.SH,智洋创新,2025,Q_G_EBITDA_INTEREST,auto_confirmed,1,40.0012,40.0012,public-disclosure-v4,official_annual_direct_consistent
688191.SH,智洋创新,2025,Q_G_OPERATING_MARGIN,auto_confirmed,1,5.1563,5.1563,public-disclosure-v4,official_annual_direct_consistent
688191.SH,智洋创新,2025,Q_G_REVENUE_GROWTH,auto_confirmed,1,21.692,21.692,public-disclosure-v4,official_annual_direct_consistent
688191.SH,智洋创新,2025,Q_G_ROA,auto_confirmed,1,3.7721,3.7721,public-disclosure-v4,official_annual_direct_consistent
688191.SH,智洋创新,2025,Q_G_ROE,auto_confirmed,1,7.16,7.16,public-disclosure-v4,official_annual_direct_consistent
688191.SH,智洋创新,2025,Q_G_TWO_FUNDS_RATE,auto_confirmed,1,68.8849,68.8849,public-disclosure-v4,official_annual_direct_consistent
688191.SH,智洋创新,2025,Q_S_DIVIDEND_PER_SHARE,auto_confirmed,1,0,0,public-disclosure-v4,official_annual_direct_consistent
688191.SH,智洋创新,2025,Q_S_RD_RATE,auto_confirmed,1,9.86,9.86,public-disclosure-v4,official_annual_direct_consistent
688223.SH,晶科能源,2025,Q_G_DEBT_ASSET_RATE,auto_confirmed,2,77.1988|77.2,77.1988,public-disclosure-v4,consolidated_statement_year_end_derived
688223.SH,晶科能源,2025,Q_G_ROE,auto_confirmed,1,23.86,23.86,public-disclosure-v4,official_annual_direct_consistent
688223.SH,晶科能源,2025,Q_G_TWO_FUNDS_RATE,auto_confirmed,1,40.7812,40.7812,public-disclosure-v4,official_annual_direct_consistent
688223.SH,晶科能源,2025,Q_S_RD_RATE,auto_confirmed,1,3.87,3.87,public-disclosure-v4,official_annual_direct_consistent
688226.SH,威腾电气,2025,Q_G_AR_TURNOVER,auto_confirmed,1,2.6312,2.6312,public-disclosure-v4,official_annual_direct_consistent
688226.SH,威腾电气,2025,Q_G_ASSET_TURNOVER,auto_confirmed,1,0.7511,0.7511,public-disclosure-v4,official_annual_direct_consistent
688226.SH,威腾电气,2025,Q_G_CASH_CURRENT_LIABILITY,auto_confirmed,1,8.6408,8.6408,public-disclosure-v4,official_annual_direct_consistent
688226.SH,威腾电气,2025,Q_G_CASH_REALIZATION,auto_confirmed,1,105.807,105.807,public-disclosure-v4,official_annual_direct_consistent
688226.SH,威腾电气,2025,Q_G_COST_REVENUE_RATE,auto_confirmed,1,99.3279,99.3279,public-disclosure-v4,official_annual_direct_consistent
688226.SH,威腾电气,2025,Q_G_CURRENT_ASSET_TURNOVER,auto_confirmed,1,1.1052,1.1052,public-disclosure-v4,official_annual_direct_consistent
688226.SH,威腾电气,2025,Q_G_DEBT_ASSET_RATE,auto_confirmed,3,64.58|65.52|65.5235,65.5235,public-disclosure-v4,consolidated_statement_year_end_derived
688226.SH,威腾电气,2025,Q_G_EBITDA_INTEREST,auto_confirmed,1,1.7261,1.7261,public-disclosure-v4,official_annual_direct_consistent
688226.SH,威腾电气,2025,Q_G_OPERATING_MARGIN,auto_confirmed,1,0.9418,0.9418,public-disclosure-v4,official_annual_direct_consistent
688226.SH,威腾电气,2025,Q_G_REVENUE_GROWTH,auto_confirmed,1,10.6502,10.6502,public-disclosure-v4,official_annual_direct_consistent
688226.SH,威腾电气,2025,Q_G_ROA,auto_confirmed,1,1.5097,1.5097,public-disclosure-v4,official_annual_direct_consistent
688226.SH,威腾电气,2025,Q_G_ROE,auto_confirmed,1,1.79,1.79,public-disclosure-v4,official_annual_direct_consistent
688226.SH,威腾电气,2025,Q_G_TWO_FUNDS_RATE,auto_confirmed,1,52.9516,52.9516,public-disclosure-v4,official_annual_direct_consistent
688226.SH,威腾电气,2025,Q_S_RD_RATE,auto_confirmed,1,2.54,2.54,public-disclosure-v4,official_annual_direct_consistent
688248.SH,南网科技,2025,Q_G_AR_TURNOVER,auto_confirmed,1,6.3167,6.3167,public-disclosure-v4,official_annual_direct_consistent
688248.SH,南网科技,2025,Q_G_ASSET_TURNOVER,auto_confirmed,1,0.7492,0.7492,public-disclosure-v4,official_annual_direct_consistent
688248.SH,南网科技,2025,Q_G_CASH_CURRENT_LIABILITY,auto_confirmed,1,28.95,28.95,public-disclosure-v4,official_annual_direct_consistent
688248.SH,南网科技,2025,Q_G_CASH_REALIZATION,auto_confirmed,1,112.414,112.414,public-disclosure-v4,official_annual_direct_consistent
688248.SH,南网科技,2025,Q_G_COST_REVENUE_RATE,auto_confirmed,1,87.8319,87.8319,public-disclosure-v4,official_annual_direct_consistent
688248.SH,南网科技,2025,Q_G_CURRENT_ASSET_TURNOVER,auto_confirmed,1,0.908,0.908,public-disclosure-v4,official_annual_direct_consistent
688248.SH,南网科技,2025,Q_G_DEBT_ASSET_RATE,auto_confirmed,1,35.5291,35.5291,public-disclosure-v4,consolidated_statement_year_end_derived
688248.SH,南网科技,2025,Q_G_EBITDA_INTEREST,auto_confirmed,1,149.893,149.893,public-disclosure-v4,official_annual_direct_consistent
688248.SH,南网科技,2025,Q_G_OPERATING_MARGIN,auto_confirmed,1,12.7585,12.7585,public-disclosure-v4,official_annual_direct_consistent
688248.SH,南网科技,2025,Q_G_OPERATING_PROFIT_GROWTH,auto_confirmed,1,14.4193,14.4193,public-disclosure-v4,official_annual_direct_consistent
688248.SH,南网科技,2025,Q_G_REVENUE_GROWTH,auto_confirmed,1,22.2729,22.2729,public-disclosure-v4,official_annual_direct_consistent
688248.SH,南网科技,2025,Q_G_ROA,auto_confirmed,1,9.5997,9.5997,public-disclosure-v4,official_annual_direct_consistent
688248.SH,南网科技,2025,Q_G_ROE,auto_confirmed,1,13.31,13.31,public-disclosure-v4,official_annual_direct_consistent
688248.SH,南网科技,2025,Q_G_TWO_FUNDS_RATE,auto_confirmed,1,34.3771,34.3771,public-disclosure-v4,official_annual_direct_consistent
688248.SH,南网科技,2025,Q_S_DIVIDEND_PER_SHARE,auto_confirmed,1,0.182,0.182,public-disclosure-v4,official_annual_direct_consistent
688248.SH,南网科技,2025,Q_S_RD_RATE,auto_confirmed,2,7.57,7.57,public-disclosure-v4,official_annual_direct_consistent
688275.SH,万润新能,2025,Q_G_AR_TURNOVER,auto_confirmed,1,5.0214,5.0214,public-disclosure-v4,official_annual_direct_consistent
688275.SH,万润新能,2025,Q_G_ASSET_TURNOVER,auto_confirmed,1,0.6237,0.6237,public-disclosure-v4,official_annual_direct_consistent
688275.SH,万润新能,2025,Q_G_CAPITAL_ACCUMULATION,auto_confirmed,1,-9.2787,-9.2787,public-disclosure-v4,official_annual_direct_consistent
688275.SH,万润新能,2025,Q_G_CASH_CURRENT_LIABILITY,auto_confirmed,1,4.7505,4.7505,public-disclosure-v4,official_annual_direct_consistent
688275.SH,万润新能,2025,Q_G_CASH_REALIZATION,auto_confirmed,1,80.5982,80.5982,public-disclosure-v4,official_annual_direct_consistent
688275.SH,万润新能,2025,Q_G_COST_REVENUE_RATE,auto_confirmed,1,102.779,102.779,public-disclosure-v4,official_annual_direct_consistent
688275.SH,万润新能,2025,Q_G_CURRENT_ASSET_TURNOVER,auto_confirmed,1,1.3615,1.3615,public-disclosure-v4,official_annual_direct_consistent
688275.SH,万润新能,2025,Q_G_DEBT_ASSET_RATE,auto_confirmed,4,68.39|73.56|73.5621,73.5621,public-disclosure-v4,consolidated_statement_year_end_derived
688275.SH,万润新能,2025,Q_G_OPERATING_MARGIN,auto_confirmed,1,-4.8698,-4.8698,public-disclosure-v4,official_annual_direct_consistent
688275.SH,万润新能,2025,Q_G_OPERATING_PROFIT_GROWTH,auto_confirmed,1,-43.6158,-43.6158,public-disclosure-v4,official_annual_direct_consistent
688275.SH,万润新能,2025,Q_G_REVENUE_GROWTH,auto_confirmed,1,52.7636,52.7636,public-disclosure-v4,official_annual_direct_consistent
688275.SH,万润新能,2025,Q_G_ROE,auto_confirmed,1,8.54,8.54,public-disclosure-v4,official_annual_direct_consistent
688275.SH,万润新能,2025,Q_G_TWO_FUNDS_RATE,auto_confirmed,1,38.8821,38.8821,public-disclosure-v4,official_annual_direct_consistent
688275.SH,万润新能,2025,Q_S_RD_RATE,auto_confirmed,2,2.19,2.19,public-disclosure-v4,official_annual_direct_consistent
688303.SH,大全能源,2025,Q_G_AR_TURNOVER,auto_confirmed,1,41421.3,41421.3,public-disclosure-v4,official_annual_direct_consistent
688303.SH,大全能源,2025,Q_G_ASSET_TURNOVER,auto_confirmed,1,0.1114,0.1114,public-disclosure-v4,official_annual_direct_consistent
688303.SH,大全能源,2025,Q_G_CASH_CURRENT_LIABILITY,auto_confirmed,1,-45.5248,-45.5248,public-disclosure-v4,official_annual_direct_consistent
688303.SH,大全能源,2025,Q_G_CASH_REALIZATION,auto_confirmed,1,75.7724,75.7724,public-disclosure-v4,official_annual_direct_consistent
688303.SH,大全能源,2025,Q_G_COST_REVENUE_RATE,auto_confirmed,1,110.244,110.244,public-disclosure-v4,official_annual_direct_consistent
688303.SH,大全能源,2025,Q_G_CURRENT_ASSET_TURNOVER,auto_confirmed,1,0.2938,0.2938,public-disclosure-v4,official_annual_direct_consistent
688303.SH,大全能源,2025,Q_G_DEBT_ASSET_RATE,auto_confirmed,2,8.62|8.6209,8.6209,public-disclosure-v4,consolidated_statement_year_end_derived
688303.SH,大全能源,2025,Q_G_EBITDA_INTEREST,auto_confirmed,1,-36.8456,-36.8456,public-disclosure-v4,official_annual_direct_consistent
688303.SH,大全能源,2025,Q_G_OPERATING_MARGIN,auto_confirmed,1,-25.7623,-25.7623,public-disclosure-v4,official_annual_direct_consistent
688303.SH,大全能源,2025,Q_G_OPERATING_PROFIT_GROWTH,auto_confirmed,1,-59.5915,-59.5915,public-disclosure-v4,official_annual_direct_consistent
688303.SH,大全能源,2025,Q_G_REVENUE_GROWTH,auto_confirmed,1,-34.7073,-34.7073,public-disclosure-v4,official_annual_direct_consistent
688303.SH,大全能源,2025,Q_G_ROA,auto_confirmed,1,-2.8683,-2.8683,public-disclosure-v4,official_annual_direct_consistent
688303.SH,大全能源,2025,Q_G_ROE,auto_confirmed,1,2.85,2.85,public-disclosure-v4,official_annual_direct_consistent
688303.SH,大全能源,2025,Q_G_TWO_FUNDS_RATE,auto_confirmed,1,8.2534,8.2534,public-disclosure-v4,official_annual_direct_consistent
688303.SH,大全能源,2025,Q_S_DIVIDEND_PER_SHARE,auto_confirmed,1,1,1,public-disclosure-v4,official_annual_direct_consistent
688303.SH,大全能源,2025,Q_S_RD_RATE,auto_confirmed,1,4.52,4.52,public-disclosure-v4,official_annual_direct_consistent
688330.SH,宏力达,2025,Q_G_AR_TURNOVER,auto_confirmed,1,1.0019,1.0019,public-disclosure-v4,official_annual_direct_consistent
688330.SH,宏力达,2025,Q_G_ASSET_TURNOVER,auto_confirmed,1,0.146,0.146,public-disclosure-v4,official_annual_direct_consistent
688330.SH,宏力达,2025,Q_G_CAPITAL_ACCUMULATION,auto_confirmed,1,16.02,16.02,public-disclosure-v4,official_annual_direct_consistent
688330.SH,宏力达,2025,Q_G_CASH_REALIZATION,auto_confirmed,1,171.372,171.372,public-disclosure-v4,official_annual_direct_consistent
688330.SH,宏力达,2025,Q_G_COST_REVENUE_RATE,auto_confirmed,1,76.1665,76.1665,public-disclosure-v4,official_annual_direct_consistent
688330.SH,宏力达,2025,Q_G_CURRENT_ASSET_TURNOVER,auto_confirmed,1,0.2106,0.2106,public-disclosure-v4,official_annual_direct_consistent
688330.SH,宏力达,2025,Q_G_DEBT_ASSET_RATE,auto_confirmed,1,6.9506,6.9506,public-disclosure-v4,consolidated_statement_year_end_derived
688330.SH,宏力达,2025,Q_G_EBITDA_INTEREST,auto_confirmed,1,1930.91,1930.91,public-disclosure-v4,official_annual_direct_consistent
688330.SH,宏力达,2025,Q_G_OPERATING_MARGIN,auto_confirmed,1,114.233,114.233,public-disclosure-v4,official_annual_direct_consistent
688330.SH,宏力达,2025,Q_G_OPERATING_PROFIT_GROWTH,auto_confirmed,1,186.873,186.873,public-disclosure-v4,official_annual_direct_consistent
688330.SH,宏力达,2025,Q_G_REVENUE_GROWTH,auto_confirmed,1,-33.5479,-33.5479,public-disclosure-v4,official_annual_direct_consistent
688330.SH,宏力达,2025,Q_G_ROA,auto_confirmed,1,16.6823,16.6823,public-disclosure-v4,official_annual_direct_consistent
688330.SH,宏力达,2025,Q_G_ROE,auto_confirmed,1,15.62,15.62,public-disclosure-v4,official_annual_direct_consistent
688330.SH,宏力达,2025,Q_G_TWO_FUNDS_RATE,auto_confirmed,1,15.2777,15.2777,public-disclosure-v4,official_annual_direct_consistent
688330.SH,宏力达,2025,Q_S_DIVIDEND_PER_SHARE,auto_confirmed,1,0.46,0.46,public-disclosure-v4,official_annual_direct_consistent
688330.SH,宏力达,2025,Q_S_RD_RATE,auto_confirmed,1,7.13,7.13,public-disclosure-v4,official_annual_direct_consistent
688339.SH,亿华通,2025,Q_E_GHG_REDUCTION_RATE,auto_confirmed,1,43.3764,43.3764,public-disclosure-v4,strict_extraction_evidence_consistent
688339.SH,亿华通,2025,Q_G_AR_TURNOVER,auto_confirmed,1,0.1964,0.1964,public-disclosure-v4,official_annual_direct_consistent
688339.SH,亿华通,2025,Q_G_ASSET_TURNOVER,auto_confirmed,1,0.0611,0.0611,public-disclosure-v4,official_annual_direct_consistent
688339.SH,亿华通,2025,Q_G_CASH_CURRENT_LIABILITY,auto_confirmed,1,-0.3188,-0.3188,public-disclosure-v4,official_annual_direct_consistent
688339.SH,亿华通,2025,Q_G_CASH_REALIZATION,auto_confirmed,1,204.453,204.453,public-disclosure-v4,official_annual_direct_consistent
688339.SH,亿华通,2025,Q_G_COST_REVENUE_RATE,auto_confirmed,1,202.989,202.989,public-disclosure-v4,official_annual_direct_consistent
688339.SH,亿华通,2025,Q_G_CURRENT_ASSET_TURNOVER,auto_confirmed,1,0.0876,0.0876,public-disclosure-v4,official_annual_direct_consistent
688339.SH,亿华通,2025,Q_G_DEBT_ASSET_RATE,auto_confirmed,1,41.0075,41.0075,public-disclosure-v4,consolidated_statement_year_end_derived
688339.SH,亿华通,2025,Q_G_EBITDA_INTEREST,auto_confirmed,1,-47.5961,-47.5961,public-disclosure-v4,official_annual_direct_consistent
688339.SH,亿华通,2025,Q_G_OPERATING_MARGIN,auto_confirmed,1,-265.877,-265.877,public-disclosure-v4,official_annual_direct_consistent
688339.SH,亿华通,2025,Q_G_REVENUE_GROWTH,auto_confirmed,1,-29.4907,-29.4907,public-disclosure-v4,official_annual_direct_consistent
688339.SH,亿华通,2025,Q_G_ROA,auto_confirmed,1,-15.9699,-15.9699,public-disclosure-v4,official_annual_direct_consistent
688339.SH,亿华通,2025,Q_G_ROE,auto_confirmed,1,29.89,29.89,public-disclosure-v4,official_annual_direct_consistent
688339.SH,亿华通,2025,Q_G_TWO_FUNDS_RATE,auto_confirmed,1,44.9821,44.9821,public-disclosure-v4,official_annual_direct_consistent
688339.SH,亿华通,2025,Q_S_RD_RATE,auto_confirmed,1,23.91,23.91,public-disclosure-v4,official_annual_direct_consistent
688345.SH,博力威,2025,Q_G_AR_TURNOVER,auto_confirmed,1,4.8072,4.8072,public-disclosure-v4,official_annual_direct_consistent
688345.SH,博力威,2025,Q_G_ASSET_TURNOVER,auto_confirmed,1,0.9778,0.9778,public-disclosure-v4,official_annual_direct_consistent
688345.SH,博力威,2025,Q_G_CASH_CURRENT_LIABILITY,auto_confirmed,1,22.1309,22.1309,public-disclosure-v4,official_annual_direct_consistent
688345.SH,博力威,2025,Q_G_CASH_REALIZATION,auto_confirmed,1,111.008,111.008,public-disclosure-v4,official_annual_direct_consistent
688345.SH,博力威,2025,Q_G_COST_REVENUE_RATE,auto_confirmed,1,81.9175,81.9175,public-disclosure-v4,official_annual_direct_consistent
688345.SH,博力威,2025,Q_G_CURRENT_ASSET_TURNOVER,auto_confirmed,1,1.7174,1.7174,public-disclosure-v4,official_annual_direct_consistent
688345.SH,博力威,2025,Q_G_DEBT_ASSET_RATE,auto_confirmed,3,60.85|61.1769|61.18,61.1769,public-disclosure-v4,consolidated_statement_year_end_derived
688345.SH,博力威,2025,Q_G_EBITDA_INTEREST,auto_confirmed,1,3.7541,3.7541,public-disclosure-v4,official_annual_direct_consistent
688345.SH,博力威,2025,Q_G_OPERATING_MARGIN,auto_confirmed,1,1.8403,1.8403,public-disclosure-v4,official_annual_direct_consistent
688345.SH,博力威,2025,Q_G_OPERATING_PROFIT_GROWTH,auto_confirmed,1,-144.184,-144.184,public-disclosure-v4,official_annual_direct_consistent
688345.SH,博力威,2025,Q_G_REVENUE_GROWTH,auto_confirmed,1,48.3321,48.3321,public-disclosure-v4,official_annual_direct_consistent
688345.SH,博力威,2025,Q_G_ROA,auto_confirmed,1,2.3456,2.3456,public-disclosure-v4,official_annual_direct_consistent
688345.SH,博力威,2025,Q_G_ROE,auto_confirmed,1,5.17,5.17,public-disclosure-v4,official_annual_direct_consistent
688345.SH,博力威,2025,Q_G_TWO_FUNDS_RATE,auto_confirmed,1,60.2116,60.2116,public-disclosure-v4,official_annual_direct_consistent
688345.SH,博力威,2025,Q_S_DIVIDEND_PER_SHARE,auto_confirmed,1,0.2,0.2,public-disclosure-v4,official_annual_direct_consistent
688345.SH,博力威,2025,Q_S_RD_RATE,auto_confirmed,1,5.34,5.34,public-disclosure-v4,official_annual_direct_consistent
688348.SH,昱能科技,2025,Q_G_AR_TURNOVER,auto_confirmed,1,0,0,public-disclosure-v4,official_annual_direct_consistent
688348.SH,昱能科技,2025,Q_G_ASSET_TURNOVER,auto_confirmed,1,0,0,public-disclosure-v4,official_annual_direct_consistent
688348.SH,昱能科技,2025,Q_G_CASH_CURRENT_LIABILITY,auto_confirmed,1,22.0446,22.0446,public-disclosure-v4,official_annual_direct_consistent
688348.SH,昱能科技,2025,Q_G_CASH_REALIZATION,auto_confirmed,1,1.65455e+10,1.65455e+10,public-disclosure-v4,official_annual_direct_consistent
688348.SH,昱能科技,2025,Q_G_COST_REVENUE_RATE,auto_confirmed,1,1.18935e+10,1.18935e+10,public-disclosure-v4,official_annual_direct_consistent
688348.SH,昱能科技,2025,Q_G_CURRENT_ASSET_TURNOVER,auto_confirmed,1,0,0,public-disclosure-v4,official_annual_direct_consistent
688348.SH,昱能科技,2025,Q_G_DEBT_ASSET_RATE,auto_confirmed,1,21.1297,21.1297,public-disclosure-v4,consolidated_statement_year_end_derived
688348.SH,昱能科技,2025,Q_G_EBITDA_INTEREST,auto_confirmed,1,-15.8147,-15.8147,public-disclosure-v4,official_annual_direct_consistent
688348.SH,昱能科技,2025,Q_G_OPERATING_MARGIN,auto_confirmed,1,-1.49538e+09,-1.49538e+09,public-disclosure-v4,official_annual_direct_consistent
688348.SH,昱能科技,2025,Q_G_OPERATING_PROFIT_GROWTH,auto_confirmed,1,-181.763,-181.763,public-disclosure-v4,official_annual_direct_consistent
688348.SH,昱能科技,2025,Q_G_REVENUE_GROWTH,auto_confirmed,1,88.3239,88.3239,public-disclosure-v4,official_annual_direct_consistent
688348.SH,昱能科技,2025,Q_G_ROA,auto_confirmed,1,-3.3769,-3.3769,public-disclosure-v4,official_annual_direct_consistent
688348.SH,昱能科技,2025,Q_G_ROE,auto_confirmed,1,3.82,3.82,public-disclosure-v4,official_annual_direct_consistent
688348.SH,昱能科技,2025,Q_G_TWO_FUNDS_RATE,auto_confirmed,1,38.8301,38.8301,public-disclosure-v4,official_annual_direct_consistent
688348.SH,昱能科技,2025,Q_S_RD_RATE,auto_confirmed,1,10,10,public-disclosure-v4,official_annual_direct_consistent
688349.SH,三一重能,2025,Q_G_DEBT_ASSET_RATE,auto_confirmed,1,68.84,68.84,public-disclosure-v4,official_annual_direct_consistent
688349.SH,三一重能,2025,Q_G_REVENUE_GROWTH,auto_confirmed,1,53.8943,53.8943,public-disclosure-v4,official_annual_direct_consistent
688349.SH,三一重能,2025,Q_G_ROE,auto_confirmed,1,5.16,5.16,public-disclosure-v4,official_annual_direct_consistent
688349.SH,三一重能,2025,Q_S_DIVIDEND_PER_SHARE,auto_confirmed,1,0.37,0.37,public-disclosure-v4,official_annual_direct_consistent
688349.SH,三一重能,2025,Q_S_RD_RATE,auto_confirmed,1,2.95,2.95,public-disclosure-v4,official_annual_direct_consistent
688353.SH,华盛锂电,2025,Q_G_AR_TURNOVER,auto_confirmed,1,2.0545,2.0545,public-disclosure-v4,official_annual_direct_consistent
688353.SH,华盛锂电,2025,Q_G_ASSET_TURNOVER,auto_confirmed,1,0.3892,0.3892,public-disclosure-v4,official_annual_direct_consistent
688353.SH,华盛锂电,2025,Q_G_CASH_CURRENT_LIABILITY,auto_confirmed,1,-52.2345,-52.2345,public-disclosure-v4,official_annual_direct_consistent
688353.SH,华盛锂电,2025,Q_G_CASH_REALIZATION,auto_confirmed,1,49.6123,49.6123,public-disclosure-v4,official_annual_direct_consistent
688353.SH,华盛锂电,2025,Q_G_COST_REVENUE_RATE,auto_confirmed,1,109.338,109.338,public-disclosure-v4,official_annual_direct_consistent
688353.SH,华盛锂电,2025,Q_G_CURRENT_ASSET_TURNOVER,auto_confirmed,1,0.8252,0.8252,public-disclosure-v4,official_annual_direct_consistent
688353.SH,华盛锂电,2025,Q_G_DEBT_ASSET_RATE,auto_confirmed,3,16.87|19.54|19.5427,19.5427,public-disclosure-v4,consolidated_statement_year_end_derived
688353.SH,华盛锂电,2025,Q_G_EBITDA_INTEREST,auto_confirmed,1,-1.2962,-1.2962,public-disclosure-v4,official_annual_direct_consistent
688353.SH,华盛锂电,2025,Q_G_OPERATING_MARGIN,auto_confirmed,1,0.0314,0.0314,public-disclosure-v4,official_annual_direct_consistent
688353.SH,华盛锂电,2025,Q_G_OPERATING_PROFIT_GROWTH,auto_confirmed,1,117.709,117.709,public-disclosure-v4,official_annual_direct_consistent
688353.SH,华盛锂电,2025,Q_G_REVENUE_GROWTH,auto_confirmed,1,72.2103,72.2103,public-disclosure-v4,official_annual_direct_consistent
688353.SH,华盛锂电,2025,Q_G_ROA,auto_confirmed,1,-0.1578,-0.1578,public-disclosure-v4,official_annual_direct_consistent
688353.SH,华盛锂电,2025,Q_G_ROE,auto_confirmed,1,0.39,0.39,public-disclosure-v4,official_annual_direct_consistent
688353.SH,华盛锂电,2025,Q_G_TWO_FUNDS_RATE,auto_confirmed,1,34.6185,34.6185,public-disclosure-v4,official_annual_direct_consistent
688353.SH,华盛锂电,2025,Q_S_RD_RATE,auto_confirmed,2,5.96,5.96,public-disclosure-v4,official_annual_direct_consistent
688388.SH,嘉元科技,2025,Q_G_AR_TURNOVER,auto_confirmed,1,5.8639,5.8639,public-disclosure-v4,official_annual_direct_consistent
688388.SH,嘉元科技,2025,Q_G_ASSET_TURNOVER,auto_confirmed,1,1.21,1.21,public-disclosure-v4,official_annual_direct_consistent
688388.SH,嘉元科技,2025,Q_G_CASH_CURRENT_LIABILITY,auto_confirmed,1,-3.1351,-3.1351,public-disclosure-v4,official_annual_direct_consistent
688388.SH,嘉元科技,2025,Q_G_CASH_REALIZATION,auto_confirmed,1,100.754,100.754,public-disclosure-v4,official_annual_direct_consistent
688388.SH,嘉元科技,2025,Q_G_COST_REVENUE_RATE,auto_confirmed,1,99.1289,99.1289,public-disclosure-v4,official_annual_direct_consistent
688388.SH,嘉元科技,2025,Q_G_CURRENT_ASSET_TURNOVER,auto_confirmed,1,1.4664,1.4664,public-disclosure-v4,official_annual_direct_consistent
688388.SH,嘉元科技,2025,Q_G_DEBT_ASSET_RATE,auto_confirmed,4,45.98|51.92|51.921|70,51.921,public-disclosure-v4,consolidated_statement_year_end_derived
688388.SH,嘉元科技,2025,Q_G_EBITDA_INTEREST,auto_confirmed,1,1.4764,1.4764,public-disclosure-v4,official_annual_direct_consistent
688388.SH,嘉元科技,2025,Q_G_OPERATING_MARGIN,auto_confirmed,1,0.8746,0.8746,public-disclosure-v4,official_annual_direct_consistent
688388.SH,嘉元科技,2025,Q_G_OPERATING_PROFIT_GROWTH,auto_confirmed,1,-130.048,-130.048,public-disclosure-v4,official_annual_direct_consistent
688388.SH,嘉元科技,2025,Q_G_REVENUE_GROWTH,auto_confirmed,1,47.8526,47.8526,public-disclosure-v4,official_annual_direct_consistent
688388.SH,嘉元科技,2025,Q_G_ROA,auto_confirmed,1,3.2649,3.2649,public-disclosure-v4,official_annual_direct_consistent
688388.SH,嘉元科技,2025,Q_G_ROE,auto_confirmed,1,0.82,0.82,public-disclosure-v4,official_annual_direct_consistent
688388.SH,嘉元科技,2025,Q_G_TWO_FUNDS_RATE,auto_confirmed,1,42.8254,42.8254,public-disclosure-v4,official_annual_direct_consistent
688388.SH,嘉元科技,2025,Q_S_DIVIDEND_PER_SHARE,auto_confirmed,1,0.045,0.045,public-disclosure-v4,official_annual_direct_consistent
688388.SH,嘉元科技,2025,Q_S_RD_RATE,auto_confirmed,1,4.84,4.84,public-disclosure-v4,official_annual_direct_consistent
688390.SH,固德威,2025,Q_G_AR_TURNOVER,auto_confirmed,1,8.9712,8.9712,public-disclosure-v4,official_annual_direct_consistent
688390.SH,固德威,2025,Q_G_ASSET_TURNOVER,auto_confirmed,1,1.0232,1.0232,public-disclosure-v4,official_annual_direct_consistent
688390.SH,固德威,2025,Q_G_CASH_CURRENT_LIABILITY,auto_confirmed,1,10.5595,10.5595,public-disclosure-v4,official_annual_direct_consistent
688390.SH,固德威,2025,Q_G_CASH_REALIZATION,auto_confirmed,1,82.4011,82.4011,public-disclosure-v4,official_annual_direct_consistent
688390.SH,固德威,2025,Q_G_COST_REVENUE_RATE,auto_confirmed,1,98.2696,98.2696,public-disclosure-v4,official_annual_direct_consistent
688390.SH,固德威,2025,Q_G_CURRENT_ASSET_TURNOVER,auto_confirmed,1,2.6188,2.6188,public-disclosure-v4,official_annual_direct_consistent
688390.SH,固德威,2025,Q_G_DEBT_ASSET_RATE,auto_confirmed,1,69.497,69.497,public-disclosure-v4,consolidated_statement_year_end_derived
688390.SH,固德威,2025,Q_G_EBITDA_INTEREST,auto_confirmed,1,1.0188,1.0188,public-disclosure-v4,official_annual_direct_consistent
688390.SH,固德威,2025,Q_G_OPERATING_MARGIN,auto_confirmed,1,0.1301,0.1301,public-disclosure-v4,official_annual_direct_consistent
688390.SH,固德威,2025,Q_G_OPERATING_PROFIT_GROWTH,auto_confirmed,1,-112.461,-112.461,public-disclosure-v4,official_annual_direct_consistent
688390.SH,固德威,2025,Q_G_REVENUE_GROWTH,auto_confirmed,1,31.9291,31.9291,public-disclosure-v4,official_annual_direct_consistent
688390.SH,固德威,2025,Q_G_ROA,auto_confirmed,1,7.1968,7.1968,public-disclosure-v4,official_annual_direct_consistent
688390.SH,固德威,2025,Q_G_ROE,auto_confirmed,1,4.87,4.87,public-disclosure-v4,official_annual_direct_consistent
688390.SH,固德威,2025,Q_G_TWO_FUNDS_RATE,auto_confirmed,1,64.5776,64.5776,public-disclosure-v4,official_annual_direct_consistent
688390.SH,固德威,2025,Q_S_DIVIDEND_PER_SHARE,auto_confirmed,1,0,0,public-disclosure-v4,official_annual_direct_consistent
688390.SH,固德威,2025,Q_S_RD_RATE,auto_confirmed,2,6.9,6.9,public-disclosure-v4,official_annual_direct_consistent
688392.SH,骄成超声,2025,Q_G_AR_TURNOVER,auto_confirmed,1,2.5087,2.5087,public-disclosure-v4,official_annual_direct_consistent
688392.SH,骄成超声,2025,Q_G_ASSET_TURNOVER,auto_confirmed,1,0.6036,0.6036,public-disclosure-v4,official_annual_direct_consistent
688392.SH,骄成超声,2025,Q_G_CAPITAL_ACCUMULATION,auto_confirmed,1,6.4178,6.4178,public-disclosure-v4,official_annual_direct_consistent
688392.SH,骄成超声,2025,Q_G_CASH_CURRENT_LIABILITY,auto_confirmed,1,14.7276,14.7276,public-disclosure-v4,official_annual_direct_consistent
688392.SH,骄成超声,2025,Q_G_CASH_REALIZATION,auto_confirmed,1,97.1751,97.1751,public-disclosure-v4,official_annual_direct_consistent
688392.SH,骄成超声,2025,Q_G_COST_REVENUE_RATE,auto_confirmed,1,80.1144,80.1144,public-disclosure-v4,official_annual_direct_consistent
688392.SH,骄成超声,2025,Q_G_CURRENT_ASSET_TURNOVER,auto_confirmed,1,0.4023,0.4023,public-disclosure-v4,official_annual_direct_consistent
688392.SH,骄成超声,2025,Q_G_DEBT_ASSET_RATE,auto_confirmed,2,24.1566|24.16,24.1566,public-disclosure-v4,consolidated_statement_year_end_derived
688392.SH,骄成超声,2025,Q_G_EBITDA_INTEREST,auto_confirmed,1,21.1245,21.1245,public-disclosure-v4,official_annual_direct_consistent
688392.SH,骄成超声,2025,Q_G_OPERATING_MARGIN,auto_confirmed,1,15.9826,15.9826,public-disclosure-v4,official_annual_direct_consistent
688392.SH,骄成超声,2025,Q_G_REVENUE_GROWTH,auto_confirmed,1,32.415,32.415,public-disclosure-v4,official_annual_direct_consistent
688392.SH,骄成超声,2025,Q_G_ROA,auto_confirmed,1,9.7513,9.7513,public-disclosure-v4,official_annual_direct_consistent
688392.SH,骄成超声,2025,Q_G_ROE,auto_confirmed,1,6.71,6.71,public-disclosure-v4,official_annual_direct_consistent
688392.SH,骄成超声,2025,Q_G_TWO_FUNDS_RATE,auto_confirmed,1,31.2451,31.2451,public-disclosure-v4,official_annual_direct_consistent
688392.SH,骄成超声,2025,Q_S_DIVIDEND_PER_SHARE,auto_confirmed,1,0.2,0.2,public-disclosure-v4,official_annual_direct_consistent
688392.SH,骄成超声,2025,Q_S_RD_RATE,auto_confirmed,2,20.67,20.67,public-disclosure-v4,official_annual_direct_consistent
688408.SH,中信博,2025,Q_G_AR_TURNOVER,auto_confirmed,1,3.9846,3.9846,public-disclosure-v4,official_annual_direct_consistent
688408.SH,中信博,2025,Q_G_ASSET_TURNOVER,auto_confirmed,1,0.6813,0.6813,public-disclosure-v4,official_annual_direct_consistent
688408.SH,中信博,2025,Q_G_CASH_REALIZATION,auto_confirmed,1,92.9854,92.9854,public-disclosure-v4,official_annual_direct_consistent
688408.SH,中信博,2025,Q_G_COST_REVENUE_RATE,auto_confirmed,1,96.5284,96.5284,public-disclosure-v4,official_annual_direct_consistent
688408.SH,中信博,2025,Q_G_CURRENT_ASSET_TURNOVER,auto_confirmed,1,0.8298,0.8298,public-disclosure-v4,official_annual_direct_consistent
688408.SH,中信博,2025,Q_G_DEBT_ASSET_RATE,auto_confirmed,1,59.91,59.91,public-disclosure-v4,consolidated_statement_year_end_derived
688408.SH,中信博,2025,Q_G_EBITDA_INTEREST,auto_confirmed,1,1.6757,1.6757,public-disclosure-v4,official_annual_direct_consistent
688408.SH,中信博,2025,Q_G_OPERATING_MARGIN,auto_confirmed,1,0.6232,0.6232,public-disclosure-v4,official_annual_direct_consistent
688408.SH,中信博,2025,Q_G_REVENUE_GROWTH,auto_confirmed,1,-23.7245,-23.7245,public-disclosure-v4,official_annual_direct_consistent
688408.SH,中信博,2025,Q_G_ROA,auto_confirmed,1,0.9472,0.9472,public-disclosure-v4,official_annual_direct_consistent
688408.SH,中信博,2025,Q_G_ROE,auto_confirmed,1,0.24,0.24,public-disclosure-v4,official_annual_direct_consistent
688408.SH,中信博,2025,Q_G_TWO_FUNDS_RATE,auto_confirmed,1,47.5821,47.5821,public-disclosure-v4,official_annual_direct_consistent
688408.SH,中信博,2025,Q_S_RD_RATE,auto_confirmed,1,2.4,2.4,public-disclosure-v4,official_annual_direct_consistent
688429.SH,时创能源,2025,Q_G_AR_TURNOVER,auto_confirmed,1,6.3211,6.3211,public-disclosure-v4,official_annual_direct_consistent
688429.SH,时创能源,2025,Q_G_ASSET_TURNOVER,auto_confirmed,1,0.2121,0.2121,public-disclosure-v4,official_annual_direct_consistent
688429.SH,时创能源,2025,Q_G_CAPITAL_ACCUMULATION,auto_confirmed,1,-17.7965,-17.7965,public-disclosure-v4,official_annual_direct_consistent
688429.SH,时创能源,2025,Q_G_CASH_CURRENT_LIABILITY,auto_confirmed,1,-5.2818,-5.2818,public-disclosure-v4,official_annual_direct_consistent
688429.SH,时创能源,2025,Q_G_CASH_REALIZATION,auto_confirmed,1,88.4062,88.4062,public-disclosure-v4,official_annual_direct_consistent
688429.SH,时创能源,2025,Q_G_COST_REVENUE_RATE,auto_confirmed,1,145.475,145.475,public-disclosure-v4,official_annual_direct_consistent
688429.SH,时创能源,2025,Q_G_CURRENT_ASSET_TURNOVER,auto_confirmed,1,0.6259,0.6259,public-disclosure-v4,official_annual_direct_consistent
688429.SH,时创能源,2025,Q_G_DEBT_ASSET_RATE,auto_confirmed,1,70.3604,70.3604,public-disclosure-v4,consolidated_statement_year_end_derived
688429.SH,时创能源,2025,Q_G_EBITDA_INTEREST,auto_confirmed,1,-3.6008,-3.6008,public-disclosure-v4,official_annual_direct_consistent
688429.SH,时创能源,2025,Q_G_OPERATING_MARGIN,auto_confirmed,1,-39.9228,-39.9228,public-disclosure-v4,official_annual_direct_consistent
688429.SH,时创能源,2025,Q_G_OPERATING_PROFIT_GROWTH,auto_confirmed,1,-47.7268,-47.7268,public-disclosure-v4,official_annual_direct_consistent
688429.SH,时创能源,2025,Q_G_REVENUE_GROWTH,auto_confirmed,1,43.2287,43.2287,public-disclosure-v4,official_annual_direct_consistent
688429.SH,时创能源,2025,Q_G_ROA,auto_confirmed,1,-6.6201,-6.6201,public-disclosure-v4,official_annual_direct_consistent
688429.SH,时创能源,2025,Q_G_ROE,auto_confirmed,4,21.64,21.64,public-disclosure-v4,official_annual_direct_consistent
688429.SH,时创能源,2025,Q_G_TWO_FUNDS_RATE,auto_confirmed,1,20.3797,20.3797,public-disclosure-v4,official_annual_direct_consistent
688429.SH,时创能源,2025,Q_S_RD_RATE,auto_confirmed,2,22.46,22.46,public-disclosure-v4,official_annual_direct_consistent
688472.SH,阿特斯,2025,Q_G_AR_TURNOVER,auto_confirmed,1,4.7853,4.7853,public-disclosure-v4,official_annual_direct_consistent
688472.SH,阿特斯,2025,Q_G_ASSET_TURNOVER,auto_confirmed,1,0.6206,0.6206,public-disclosure-v4,official_annual_direct_consistent
688472.SH,阿特斯,2025,Q_G_CASH_CURRENT_LIABILITY,auto_confirmed,1,23.5368,23.5368,public-disclosure-v4,official_annual_direct_consistent
688472.SH,阿特斯,2025,Q_G_CASH_REALIZATION,auto_confirmed,1,128.443,128.443,public-disclosure-v4,official_annual_direct_consistent
688472.SH,阿特斯,2025,Q_G_COST_REVENUE_RATE,auto_confirmed,1,100.383,100.383,public-disclosure-v4,official_annual_direct_consistent
688472.SH,阿特斯,2025,Q_G_CURRENT_ASSET_TURNOVER,auto_confirmed,1,1.0883,1.0883,public-disclosure-v4,official_annual_direct_consistent
688472.SH,阿特斯,2025,Q_G_DEBT_ASSET_RATE,auto_confirmed,2,63.65|63.6517,63.6517,public-disclosure-v4,consolidated_statement_year_end_derived
688472.SH,阿特斯,2025,Q_G_EBITDA_INTEREST,auto_confirmed,1,2.4033,2.4033,public-disclosure-v4,official_annual_direct_consistent
688472.SH,阿特斯,2025,Q_G_OPERATING_MARGIN,auto_confirmed,1,2.8817,2.8817,public-disclosure-v4,official_annual_direct_consistent
688472.SH,阿特斯,2025,Q_G_OPERATING_PROFIT_GROWTH,auto_confirmed,1,-53.2855,-53.2855,public-disclosure-v4,official_annual_direct_consistent
688472.SH,阿特斯,2025,Q_G_REVENUE_GROWTH,auto_confirmed,1,-12.8003,-12.8003,public-disclosure-v4,official_annual_direct_consistent
688472.SH,阿特斯,2025,Q_G_ROA,auto_confirmed,1,2.9641,2.9641,public-disclosure-v4,official_annual_direct_consistent
688472.SH,阿特斯,2025,Q_G_ROE,auto_confirmed,1,4.41,4.41,public-disclosure-v4,official_annual_direct_consistent
688472.SH,阿特斯,2025,Q_G_TWO_FUNDS_RATE,auto_confirmed,1,35.5691,35.5691,public-disclosure-v4,official_annual_direct_consistent
688472.SH,阿特斯,2025,Q_S_DIVIDEND_PER_SHARE,auto_confirmed,1,0,0,public-disclosure-v4,official_annual_direct_consistent
688472.SH,阿特斯,2025,Q_S_RD_RATE,auto_confirmed,2,1.62,1.62,public-disclosure-v4,official_annual_direct_consistent
688499.SH,利元亨,2025,Q_G_AR_TURNOVER,auto_confirmed,1,3.007,3.007,public-disclosure-v4,official_annual_direct_consistent
688499.SH,利元亨,2025,Q_G_ASSET_TURNOVER,auto_confirmed,1,0.3568,0.3568,public-disclosure-v4,official_annual_direct_consistent
688499.SH,利元亨,2025,Q_G_CASH_CURRENT_LIABILITY,auto_confirmed,1,9.3173,9.3173,public-disclosure-v4,official_annual_direct_consistent
688499.SH,利元亨,2025,Q_G_CASH_REALIZATION,auto_confirmed,1,151.628,151.628,public-disclosure-v4,official_annual_direct_consistent
688499.SH,利元亨,2025,Q_G_COST_REVENUE_RATE,auto_confirmed,1,99.784,99.784,public-disclosure-v4,official_annual_direct_consistent
688499.SH,利元亨,2025,Q_G_CURRENT_ASSET_TURNOVER,auto_confirmed,1,0.5533,0.5533,public-disclosure-v4,official_annual_direct_consistent
688499.SH,利元亨,2025,Q_G_DEBT_ASSET_RATE,auto_confirmed,2,72.68|72.6819,72.6819,public-disclosure-v4,consolidated_statement_year_end_derived
688499.SH,利元亨,2025,Q_G_EBITDA_INTEREST,auto_confirmed,1,2.6108,2.6108,public-disclosure-v4,official_annual_direct_consistent
688499.SH,利元亨,2025,Q_G_OPERATING_MARGIN,auto_confirmed,1,3.0596,3.0596,public-disclosure-v4,official_annual_direct_consistent
688499.SH,利元亨,2025,Q_G_REVENUE_GROWTH,auto_confirmed,1,23.9799,23.9799,public-disclosure-v4,official_annual_direct_consistent
688499.SH,利元亨,2025,Q_G_ROA,auto_confirmed,1,1.7586,1.7586,public-disclosure-v4,official_annual_direct_consistent
688499.SH,利元亨,2025,Q_G_ROE,manual_required,3,1.54|2.26,,public-disclosure-v4,conflicting_or_ineligible_sources
688499.SH,利元亨,2025,Q_G_TWO_FUNDS_RATE,auto_confirmed,1,69.9889,69.9889,public-disclosure-v4,official_annual_direct_consistent
688499.SH,利元亨,2025,Q_S_RD_RATE,auto_confirmed,2,11.35,11.35,public-disclosure-v4,official_annual_direct_consistent
688503.SH,聚和材料,2025,Q_G_AR_TURNOVER,auto_confirmed,1,5.784,5.784,public-disclosure-v4,official_annual_direct_consistent
688503.SH,聚和材料,2025,Q_G_ASSET_TURNOVER,auto_confirmed,1,1.6438,1.6438,public-disclosure-v4,official_annual_direct_consistent
688503.SH,聚和材料,2025,Q_G_CAPITAL_ACCUMULATION,auto_confirmed,1,7.7064,7.7064,public-disclosure-v4,official_annual_direct_consistent
688503.SH,聚和材料,2025,Q_G_CASH_CURRENT_LIABILITY,auto_confirmed,1,-12.9109,-12.9109,public-disclosure-v4,official_annual_direct_consistent
688503.SH,聚和材料,2025,Q_G_CASH_REALIZATION,auto_confirmed,1,46.766,46.766,public-disclosure-v4,official_annual_direct_consistent
688503.SH,聚和材料,2025,Q_G_COST_REVENUE_RATE,auto_confirmed,1,95.973,95.973,public-disclosure-v4,official_annual_direct_consistent
688503.SH,聚和材料,2025,Q_G_CURRENT_ASSET_TURNOVER,auto_confirmed,1,2.6341,2.6341,public-disclosure-v4,official_annual_direct_consistent
688503.SH,聚和材料,2025,Q_G_DEBT_ASSET_RATE,auto_confirmed,2,41.8|58.2576,58.2576,public-disclosure-v4,consolidated_statement_year_end_derived
688503.SH,聚和材料,2025,Q_G_EBITDA_INTEREST,auto_confirmed,1,363.832,363.832,public-disclosure-v4,official_annual_direct_consistent
688503.SH,聚和材料,2025,Q_G_OPERATING_MARGIN,auto_confirmed,1,3.2889,3.2889,public-disclosure-v4,official_annual_direct_consistent
688503.SH,聚和材料,2025,Q_G_REVENUE_GROWTH,auto_confirmed,1,16.8577,16.8577,public-disclosure-v4,official_annual_direct_consistent
688503.SH,聚和材料,2025,Q_G_ROA,auto_confirmed,1,5.4001,5.4001,public-disclosure-v4,official_annual_direct_consistent
688503.SH,聚和材料,2025,Q_G_ROE,auto_confirmed,1,8.7,8.7,public-disclosure-v4,official_annual_direct_consistent
688503.SH,聚和材料,2025,Q_G_TWO_FUNDS_RATE,auto_confirmed,1,40.1797,40.1797,public-disclosure-v4,official_annual_direct_consistent
688503.SH,聚和材料,2025,Q_S_DIVIDEND_PER_SHARE,auto_confirmed,1,0.432,0.432,public-disclosure-v4,official_annual_direct_consistent
688503.SH,聚和材料,2025,Q_S_RD_RATE,auto_confirmed,2,5.39,5.39,public-disclosure-v4,official_annual_direct_consistent
688516.SH,奥特维,2025,Q_G_AR_TURNOVER,auto_confirmed,1,1.987,1.987,public-disclosure-v4,official_annual_direct_consistent
688516.SH,奥特维,2025,Q_G_ASSET_TURNOVER,auto_confirmed,1,0.8914,0.8914,public-disclosure-v4,official_annual_direct_consistent
688516.SH,奥特维,2025,Q_G_CASH_CURRENT_LIABILITY,auto_confirmed,1,11.5425,11.5425,public-disclosure-v4,official_annual_direct_consistent
688516.SH,奥特维,2025,Q_G_CASH_REALIZATION,auto_confirmed,1,82.7325,82.7325,public-disclosure-v4,official_annual_direct_consistent
688516.SH,奥特维,2025,Q_G_COST_REVENUE_RATE,auto_confirmed,1,85.4989,85.4989,public-disclosure-v4,official_annual_direct_consistent
688516.SH,奥特维,2025,Q_G_CURRENT_ASSET_TURNOVER,auto_confirmed,1,0.5719,0.5719,public-disclosure-v4,official_annual_direct_consistent
688516.SH,奥特维,2025,Q_G_DEBT_ASSET_RATE,auto_confirmed,1,72.5662,72.5662,public-disclosure-v4,consolidated_statement_year_end_derived
688516.SH,奥特维,2025,Q_G_EBITDA_INTEREST,auto_confirmed,1,10.6179,10.6179,public-disclosure-v4,official_annual_direct_consistent
688516.SH,奥特维,2025,Q_G_OPERATING_MARGIN,auto_confirmed,1,7.1194,7.1194,public-disclosure-v4,official_annual_direct_consistent
688516.SH,奥特维,2025,Q_G_REVENUE_GROWTH,auto_confirmed,1,-30.6047,-30.6047,public-disclosure-v4,official_annual_direct_consistent
688516.SH,奥特维,2025,Q_G_ROA,auto_confirmed,1,7.0658,7.0658,public-disclosure-v4,official_annual_direct_consistent
688516.SH,奥特维,2025,Q_G_ROE,auto_confirmed,1,11.21,11.21,public-disclosure-v4,official_annual_direct_consistent
688516.SH,奥特维,2025,Q_G_TWO_FUNDS_RATE,auto_confirmed,1,71.0365,71.0365,public-disclosure-v4,official_annual_direct_consistent
688516.SH,奥特维,2025,Q_S_DIVIDEND_PER_SHARE,auto_confirmed,1,0.8,0.8,public-disclosure-v4,official_annual_direct_consistent
688516.SH,奥特维,2025,Q_S_RD_RATE,auto_confirmed,1,7.58,7.58,public-disclosure-v4,official_annual_direct_consistent
688517.SH,金冠电气,2025,Q_G_AR_TURNOVER,auto_confirmed,1,1.8675,1.8675,public-disclosure-v4,official_annual_direct_consistent
688517.SH,金冠电气,2025,Q_G_ASSET_TURNOVER,auto_confirmed,1,0.5547,0.5547,public-disclosure-v4,official_annual_direct_consistent
688517.SH,金冠电气,2025,Q_G_CASH_REALIZATION,auto_confirmed,1,104.3,104.3,public-disclosure-v4,official_annual_direct_consistent
688517.SH,金冠电气,2025,Q_G_COST_REVENUE_RATE,auto_confirmed,1,87.4056,87.4056,public-disclosure-v4,official_annual_direct_consistent
688517.SH,金冠电气,2025,Q_G_CURRENT_ASSET_TURNOVER,auto_confirmed,1,0.7315,0.7315,public-disclosure-v4,official_annual_direct_consistent
688517.SH,金冠电气,2025,Q_G_DEBT_ASSET_RATE,auto_confirmed,2,39.4193|39.42,39.4193,public-disclosure-v4,consolidated_statement_year_end_derived
688517.SH,金冠电气,2025,Q_G_EBITDA_INTEREST,auto_confirmed,1,42.5677,42.5677,public-disclosure-v4,official_annual_direct_consistent
688517.SH,金冠电气,2025,Q_G_OPERATING_MARGIN,auto_confirmed,1,12.6472,12.6472,public-disclosure-v4,official_annual_direct_consistent
688517.SH,金冠电气,2025,Q_G_OPERATING_PROFIT_GROWTH,auto_confirmed,1,-11.9403,-11.9403,public-disclosure-v4,official_annual_direct_consistent
688517.SH,金冠电气,2025,Q_G_REVENUE_GROWTH,auto_confirmed,1,11.0383,11.0383,public-disclosure-v4,official_annual_direct_consistent
688517.SH,金冠电气,2025,Q_G_ROA,auto_confirmed,1,7.2071,7.2071,public-disclosure-v4,official_annual_direct_consistent
688517.SH,金冠电气,2025,Q_G_ROE,auto_confirmed,1,9.9,9.9,public-disclosure-v4,official_annual_direct_consistent
688517.SH,金冠电气,2025,Q_G_TWO_FUNDS_RATE,auto_confirmed,1,46.5579,46.5579,public-disclosure-v4,official_annual_direct_consistent
688517.SH,金冠电气,2025,Q_S_DIVIDEND_PER_SHARE,auto_confirmed,1,0.49,0.49,public-disclosure-v4,official_annual_direct_consistent
688517.SH,金冠电气,2025,Q_S_RD_RATE,auto_confirmed,2,3.64,3.64,public-disclosure-v4,official_annual_direct_consistent
688551.SH,科威尔,2025,Q_G_AR_TURNOVER,auto_confirmed,1,3.2594,3.2594,public-disclosure-v4,official_annual_direct_consistent
688551.SH,科威尔,2025,Q_G_ASSET_TURNOVER,auto_confirmed,1,0.3028,0.3028,public-disclosure-v4,official_annual_direct_consistent
688551.SH,科威尔,2025,Q_G_CAPITAL_ACCUMULATION,auto_confirmed,1,1.3391,1.3391,public-disclosure-v4,official_annual_direct_consistent
688551.SH,科威尔,2025,Q_G_CASH_CURRENT_LIABILITY,auto_confirmed,1,31.1132,31.1132,public-disclosure-v4,official_annual_direct_consistent
688551.SH,科威尔,2025,Q_G_CASH_REALIZATION,auto_confirmed,1,122.589,122.589,public-disclosure-v4,official_annual_direct_consistent
688551.SH,科威尔,2025,Q_G_COST_REVENUE_RATE,auto_confirmed,1,93.9629,93.9629,public-disclosure-v4,official_annual_direct_consistent
688551.SH,科威尔,2025,Q_G_CURRENT_ASSET_TURNOVER,auto_confirmed,1,0.4029,0.4029,public-disclosure-v4,official_annual_direct_consistent
688551.SH,科威尔,2025,Q_G_DEBT_ASSET_RATE,auto_confirmed,3,21.3|21.3025|24.01,21.3025,public-disclosure-v4,consolidated_statement_year_end_derived
688551.SH,科威尔,2025,Q_G_EBITDA_INTEREST,auto_confirmed,1,144.458,144.458,public-disclosure-v4,official_annual_direct_consistent
688551.SH,科威尔,2025,Q_G_OPERATING_MARGIN,auto_confirmed,1,11.9101,11.9101,public-disclosure-v4,official_annual_direct_consistent
688551.SH,科威尔,2025,Q_G_OPERATING_PROFIT_GROWTH,auto_confirmed,1,32.5269,32.5269,public-disclosure-v4,official_annual_direct_consistent
688551.SH,科威尔,2025,Q_G_REVENUE_GROWTH,auto_confirmed,1,7.1785,7.1785,public-disclosure-v4,official_annual_direct_consistent
688551.SH,科威尔,2025,Q_G_ROA,auto_confirmed,1,3.7152,3.7152,public-disclosure-v4,official_annual_direct_consistent
688551.SH,科威尔,2025,Q_G_ROE,auto_confirmed,1,4.9,4.9,public-disclosure-v4,official_annual_direct_consistent
688551.SH,科威尔,2025,Q_G_TWO_FUNDS_RATE,auto_confirmed,1,33.0912,33.0912,public-disclosure-v4,official_annual_direct_consistent
688551.SH,科威尔,2025,Q_S_DIVIDEND_PER_SHARE,auto_confirmed,1,0.3,0.3,public-disclosure-v4,official_annual_direct_consistent
688551.SH,科威尔,2025,Q_S_RD_RATE,auto_confirmed,3,14.98,14.98,public-disclosure-v4,official_annual_direct_consistent
688556.SH,高测股份,2025,Q_G_AR_TURNOVER,auto_confirmed,1,1.6125,1.6125,public-disclosure-v4,official_annual_direct_consistent
688556.SH,高测股份,2025,Q_G_ASSET_TURNOVER,auto_confirmed,1,0.4758,0.4758,public-disclosure-v4,official_annual_direct_consistent
688556.SH,高测股份,2025,Q_G_CASH_CURRENT_LIABILITY,auto_confirmed,1,-15.1557,-15.1557,public-disclosure-v4,official_annual_direct_consistent
688556.SH,高测股份,2025,Q_G_CASH_REALIZATION,auto_confirmed,1,77.0066,77.0066,public-disclosure-v4,official_annual_direct_consistent
688556.SH,高测股份,2025,Q_G_COST_REVENUE_RATE,auto_confirmed,1,85.6493,85.6493,public-disclosure-v4,official_annual_direct_consistent
688556.SH,高测股份,2025,Q_G_CURRENT_ASSET_TURNOVER,auto_confirmed,1,0.7674,0.7674,public-disclosure-v4,official_annual_direct_consistent
688556.SH,高测股份,2025,Q_G_DEBT_ASSET_RATE,auto_confirmed,3,48.05|48.0522|52.53,48.0522,public-disclosure-v4,consolidated_statement_year_end_derived
688556.SH,高测股份,2025,Q_G_EBITDA_INTEREST,auto_confirmed,1,0.8699,0.8699,public-disclosure-v4,official_annual_direct_consistent
688556.SH,高测股份,2025,Q_G_OPERATING_MARGIN,auto_confirmed,1,-0.1471,-0.1471,public-disclosure-v4,official_annual_direct_consistent
688556.SH,高测股份,2025,Q_G_REVENUE_GROWTH,auto_confirmed,1,-18.4254,-18.4254,public-disclosure-v4,official_annual_direct_consistent
688556.SH,高测股份,2025,Q_G_ROA,auto_confirmed,1,0.8334,0.8334,public-disclosure-v4,official_annual_direct_consistent
688556.SH,高测股份,2025,Q_G_ROE,auto_confirmed,1,1.08,1.08,public-disclosure-v4,official_annual_direct_consistent
688556.SH,高测股份,2025,Q_G_TWO_FUNDS_RATE,auto_confirmed,1,63.0444,63.0444,public-disclosure-v4,official_annual_direct_consistent
688556.SH,高测股份,2025,Q_S_RD_RATE,auto_confirmed,1,5.17,5.17,public-disclosure-v4,official_annual_direct_consistent
688560.SH,明冠新材,2025,Q_G_AR_TURNOVER,auto_confirmed,1,3.4567,3.4567,public-disclosure-v4,official_annual_direct_consistent
688560.SH,明冠新材,2025,Q_G_ASSET_TURNOVER,auto_confirmed,1,0.2515,0.2515,public-disclosure-v4,official_annual_direct_consistent
688560.SH,明冠新材,2025,Q_G_CASH_CURRENT_LIABILITY,auto_confirmed,1,-148.461,-148.461,public-disclosure-v4,official_annual_direct_consistent
688560.SH,明冠新材,2025,Q_G_CASH_REALIZATION,auto_confirmed,1,67.9555,67.9555,public-disclosure-v4,official_annual_direct_consistent
688560.SH,明冠新材,2025,Q_G_COST_REVENUE_RATE,auto_confirmed,1,113.116,113.116,public-disclosure-v4,official_annual_direct_consistent
688560.SH,明冠新材,2025,Q_G_CURRENT_ASSET_TURNOVER,auto_confirmed,1,0.3464,0.3464,public-disclosure-v4,official_annual_direct_consistent
688560.SH,明冠新材,2025,Q_G_DEBT_ASSET_RATE,auto_confirmed,1,7.378,7.378,public-disclosure-v4,consolidated_statement_year_end_derived
688560.SH,明冠新材,2025,Q_G_EBITDA_INTEREST,auto_confirmed,1,-493.791,-493.791,public-disclosure-v4,official_annual_direct_consistent
688560.SH,明冠新材,2025,Q_G_OPERATING_MARGIN,auto_confirmed,1,-19.7311,-19.7311,public-disclosure-v4,official_annual_direct_consistent
688560.SH,明冠新材,2025,Q_G_REVENUE_GROWTH,auto_confirmed,1,-16.7014,-16.7014,public-disclosure-v4,official_annual_direct_consistent
688560.SH,明冠新材,2025,Q_G_ROA,auto_confirmed,1,-5.1498,-5.1498,public-disclosure-v4,official_annual_direct_consistent
688560.SH,明冠新材,2025,Q_G_ROE,auto_confirmed,1,5.31,5.31,public-disclosure-v4,official_annual_direct_consistent
688560.SH,明冠新材,2025,Q_G_TWO_FUNDS_RATE,auto_confirmed,1,19.1896,19.1896,public-disclosure-v4,official_annual_direct_consistent
688560.SH,明冠新材,2025,Q_S_DIVIDEND_PER_SHARE,auto_confirmed,1,0,0,public-disclosure-v4,official_annual_direct_consistent
688560.SH,明冠新材,2025,Q_S_RD_RATE,auto_confirmed,1,4.72,4.72,public-disclosure-v4,official_annual_direct_consistent
688567.SH,孚能科技,2025,Q_G_AR_TURNOVER,auto_confirmed,1,4.3583,4.3583,public-disclosure-v4,official_annual_direct_consistent
688567.SH,孚能科技,2025,Q_G_ASSET_TURNOVER,auto_confirmed,1,0.3689,0.3689,public-disclosure-v4,official_annual_direct_consistent
688567.SH,孚能科技,2025,Q_G_CAPITAL_ACCUMULATION,auto_confirmed,1,-6.5247,-6.5247,public-disclosure-v4,official_annual_direct_consistent
688567.SH,孚能科技,2025,Q_G_CASH_CURRENT_LIABILITY,auto_confirmed,1,19.5629,19.5629,public-disclosure-v4,official_annual_direct_consistent
688567.SH,孚能科技,2025,Q_G_CASH_REALIZATION,auto_confirmed,1,127.908,127.908,public-disclosure-v4,official_annual_direct_consistent
688567.SH,孚能科技,2025,Q_G_COST_REVENUE_RATE,auto_confirmed,1,107.932,107.932,public-disclosure-v4,official_annual_direct_consistent
688567.SH,孚能科技,2025,Q_G_CURRENT_ASSET_TURNOVER,auto_confirmed,1,0.7985,0.7985,public-disclosure-v4,official_annual_direct_consistent
688567.SH,孚能科技,2025,Q_G_DEBT_ASSET_RATE,auto_confirmed,2,59.3688|59.37,59.3688,public-disclosure-v4,consolidated_statement_year_end_derived
688567.SH,孚能科技,2025,Q_G_EBITDA_INTEREST,auto_confirmed,1,-1.5567,-1.5567,public-disclosure-v4,official_annual_direct_consistent
688567.SH,孚能科技,2025,Q_G_OPERATING_MARGIN,auto_confirmed,1,-6.8718,-6.8718,public-disclosure-v4,official_annual_direct_consistent
688567.SH,孚能科技,2025,Q_G_OPERATING_PROFIT_GROWTH,auto_confirmed,1,58.8732,58.8732,public-disclosure-v4,official_annual_direct_consistent
688567.SH,孚能科技,2025,Q_G_REVENUE_GROWTH,auto_confirmed,1,-21.9484,-21.9484,public-disclosure-v4,official_annual_direct_consistent
688567.SH,孚能科技,2025,Q_G_ROA,auto_confirmed,1,-1.6835,-1.6835,public-disclosure-v4,official_annual_direct_consistent
688567.SH,孚能科技,2025,Q_G_ROE,auto_confirmed,1,7.79,7.79,public-disclosure-v4,official_annual_direct_consistent
688567.SH,孚能科技,2025,Q_G_TWO_FUNDS_RATE,auto_confirmed,1,35.5779,35.5779,public-disclosure-v4,official_annual_direct_consistent
688567.SH,孚能科技,2025,Q_S_RD_RATE,auto_confirmed,2,6.92,6.92,public-disclosure-v4,official_annual_direct_consistent
688573.SH,信宇人,2025,Q_G_AR_TURNOVER,auto_confirmed,1,0.689,0.689,public-disclosure-v4,official_annual_direct_consistent
688573.SH,信宇人,2025,Q_G_ASSET_TURNOVER,auto_confirmed,1,0.1237,0.1237,public-disclosure-v4,official_annual_direct_consistent
688573.SH,信宇人,2025,Q_G_CASH_REALIZATION,auto_confirmed,1,203.755,203.755,public-disclosure-v4,official_annual_direct_consistent
688573.SH,信宇人,2025,Q_G_COST_REVENUE_RATE,auto_confirmed,1,160.592,160.592,public-disclosure-v4,official_annual_direct_consistent
688573.SH,信宇人,2025,Q_G_CURRENT_ASSET_TURNOVER,auto_confirmed,1,0.1742,0.1742,public-disclosure-v4,official_annual_direct_consistent
688573.SH,信宇人,2025,Q_G_DEBT_ASSET_RATE,auto_confirmed,1,82.053,82.053,public-disclosure-v4,consolidated_statement_year_end_derived
688573.SH,信宇人,2025,Q_G_EBITDA_INTEREST,auto_confirmed,1,-55.049,-55.049,public-disclosure-v4,official_annual_direct_consistent
688573.SH,信宇人,2025,Q_G_OPERATING_MARGIN,auto_confirmed,1,-181.24,-181.24,public-disclosure-v4,official_annual_direct_consistent
688573.SH,信宇人,2025,Q_G_OPERATING_PROFIT_GROWTH,auto_confirmed,1,451.452,451.452,public-disclosure-v4,official_annual_direct_consistent
688573.SH,信宇人,2025,Q_G_REVENUE_GROWTH,auto_confirmed,1,-57.992,-57.992,public-disclosure-v4,official_annual_direct_consistent
688573.SH,信宇人,2025,Q_G_ROA,auto_confirmed,1,-22.0642,-22.0642,public-disclosure-v4,official_annual_direct_consistent
688573.SH,信宇人,2025,Q_G_ROE,auto_confirmed,1,75.88,75.88,public-disclosure-v4,official_annual_direct_consistent
688573.SH,信宇人,2025,Q_G_TWO_FUNDS_RATE,auto_confirmed,1,55.908,55.908,public-disclosure-v4,official_annual_direct_consistent
688573.SH,信宇人,2025,Q_S_RD_RATE,auto_confirmed,3,23.82,23.82,public-disclosure-v4,official_annual_direct_consistent
688597.SH,煜邦电力,2025,Q_G_AR_TURNOVER,auto_confirmed,1,2.5876,2.5876,public-disclosure-v4,official_annual_direct_consistent
688597.SH,煜邦电力,2025,Q_G_ASSET_TURNOVER,auto_confirmed,1,0.9549,0.9549,public-disclosure-v4,official_annual_direct_consistent
688597.SH,煜邦电力,2025,Q_G_CASH_REALIZATION,auto_confirmed,1,113.376,113.376,public-disclosure-v4,official_annual_direct_consistent
688597.SH,煜邦电力,2025,Q_G_COST_REVENUE_RATE,auto_confirmed,1,92.7888,92.7888,public-disclosure-v4,official_annual_direct_consistent
688597.SH,煜邦电力,2025,Q_G_CURRENT_ASSET_TURNOVER,auto_confirmed,1,0.7464,0.7464,public-disclosure-v4,official_annual_direct_consistent
688597.SH,煜邦电力,2025,Q_G_DEBT_ASSET_RATE,auto_confirmed,2,55.47|55.5215,55.5215,public-disclosure-v4,consolidated_statement_year_end_derived
688597.SH,煜邦电力,2025,Q_G_EBITDA_INTEREST,auto_confirmed,1,5.2058,5.2058,public-disclosure-v4,official_annual_direct_consistent
688597.SH,煜邦电力,2025,Q_G_OPERATING_MARGIN,auto_confirmed,1,7.7818,7.7818,public-disclosure-v4,official_annual_direct_consistent
688597.SH,煜邦电力,2025,Q_G_REVENUE_GROWTH,auto_confirmed,1,6.4285,6.4285,public-disclosure-v4,official_annual_direct_consistent
688597.SH,煜邦电力,2025,Q_G_ROA,auto_confirmed,1,9.7658,9.7658,public-disclosure-v4,official_annual_direct_consistent
688597.SH,煜邦电力,2025,Q_G_ROE,auto_confirmed,1,8.47,8.47,public-disclosure-v4,official_annual_direct_consistent
688597.SH,煜邦电力,2025,Q_G_TWO_FUNDS_RATE,auto_confirmed,1,43.2809,43.2809,public-disclosure-v4,official_annual_direct_consistent
688597.SH,煜邦电力,2025,Q_S_RD_RATE,auto_confirmed,2,7.18,7.18,public-disclosure-v4,official_annual_direct_consistent
688598.SH,金博股份,2025,Q_G_AR_TURNOVER,auto_confirmed,1,2.5809,2.5809,public-disclosure-v4,official_annual_direct_consistent
688598.SH,金博股份,2025,Q_G_ASSET_TURNOVER,auto_confirmed,1,0.1412,0.1412,public-disclosure-v4,official_annual_direct_consistent
688598.SH,金博股份,2025,Q_G_CASH_CURRENT_LIABILITY,auto_confirmed,1,-13.5896,-13.5896,public-disclosure-v4,official_annual_direct_consistent
688598.SH,金博股份,2025,Q_G_CASH_REALIZATION,auto_confirmed,1,68.6655,68.6655,public-disclosure-v4,official_annual_direct_consistent
688598.SH,金博股份,2025,Q_G_COST_REVENUE_RATE,auto_confirmed,1,134.25,134.25,public-disclosure-v4,official_annual_direct_consistent
688598.SH,金博股份,2025,Q_G_CURRENT_ASSET_TURNOVER,auto_confirmed,1,0.351,0.351,public-disclosure-v4,official_annual_direct_consistent
688598.SH,金博股份,2025,Q_G_DEBT_ASSET_RATE,auto_confirmed,3,16.99|23.2159|23.22,23.2159,public-disclosure-v4,consolidated_statement_year_end_derived
688598.SH,金博股份,2025,Q_G_EBITDA_INTEREST,auto_confirmed,1,-104.619,-104.619,public-disclosure-v4,official_annual_direct_consistent
688598.SH,金博股份,2025,Q_G_OPERATING_MARGIN,auto_confirmed,1,-158.13,-158.13,public-disclosure-v4,official_annual_direct_consistent
688598.SH,金博股份,2025,Q_G_OPERATING_PROFIT_GROWTH,auto_confirmed,1,54.4262,54.4262,public-disclosure-v4,official_annual_direct_consistent
688598.SH,金博股份,2025,Q_G_REVENUE_GROWTH,auto_confirmed,1,49.5354,49.5354,public-disclosure-v4,official_annual_direct_consistent
688598.SH,金博股份,2025,Q_G_ROA,auto_confirmed,1,-22.2246,-22.2246,public-disclosure-v4,official_annual_direct_consistent
688598.SH,金博股份,2025,Q_G_ROE,auto_confirmed,1,28.21,28.21,public-disclosure-v4,official_annual_direct_consistent
688598.SH,金博股份,2025,Q_G_TWO_FUNDS_RATE,auto_confirmed,1,23.4656,23.4656,public-disclosure-v4,official_annual_direct_consistent
688598.SH,金博股份,2025,Q_S_RD_RATE,auto_confirmed,2,17.21,17.21,public-disclosure-v4,official_annual_direct_consistent
688599.SH,天合光能,2025,Q_G_AR_TURNOVER,auto_confirmed,1,4.6693,4.6693,public-disclosure-v4,official_annual_direct_consistent
688599.SH,天合光能,2025,Q_G_ASSET_TURNOVER,auto_confirmed,1,0.5603,0.5603,public-disclosure-v4,official_annual_direct_consistent
688599.SH,天合光能,2025,Q_G_CASH_CURRENT_LIABILITY,auto_confirmed,1,11.7182,11.7182,public-disclosure-v4,official_annual_direct_consistent
688599.SH,天合光能,2025,Q_G_CASH_REALIZATION,auto_confirmed,1,114.072,114.072,public-disclosure-v4,official_annual_direct_consistent
688599.SH,天合光能,2025,Q_G_COST_REVENUE_RATE,auto_confirmed,1,108.186,108.186,public-disclosure-v4,official_annual_direct_consistent
688599.SH,天合光能,2025,Q_G_CURRENT_ASSET_TURNOVER,auto_confirmed,1,0.937,0.937,public-disclosure-v4,official_annual_direct_consistent
688599.SH,天合光能,2025,Q_G_DEBT_ASSET_RATE,auto_confirmed,2,74.02|76.9296,76.9296,public-disclosure-v4,consolidated_statement_year_end_derived
688599.SH,天合光能,2025,Q_G_EBITDA_INTEREST,auto_confirmed,1,-4.1598,-4.1598,public-disclosure-v4,official_annual_direct_consistent
688599.SH,天合光能,2025,Q_G_OPERATING_MARGIN,auto_confirmed,1,-11.9153,-11.9153,public-disclosure-v4,official_annual_direct_consistent
688599.SH,天合光能,2025,Q_G_REVENUE_GROWTH,auto_confirmed,1,-16.6092,-16.6092,public-disclosure-v4,official_annual_direct_consistent
688599.SH,天合光能,2025,Q_G_ROA,auto_confirmed,1,-5.5048,-5.5048,public-disclosure-v4,official_annual_direct_consistent
688599.SH,天合光能,2025,Q_G_ROE,auto_confirmed,1,30.61,30.61,public-disclosure-v4,official_annual_direct_consistent
688599.SH,天合光能,2025,Q_G_TWO_FUNDS_RATE,auto_confirmed,1,54.1704,54.1704,public-disclosure-v4,official_annual_direct_consistent
688611.SH,杭州柯林,2025,Q_G_AR_TURNOVER,auto_confirmed,1,1.4992,1.4992,public-disclosure-v4,official_annual_direct_consistent
688611.SH,杭州柯林,2025,Q_G_ASSET_TURNOVER,auto_confirmed,1,0.1801,0.1801,public-disclosure-v4,official_annual_direct_consistent
688611.SH,杭州柯林,2025,Q_G_CASH_CURRENT_LIABILITY,auto_confirmed,1,37.4412,37.4412,public-disclosure-v4,official_annual_direct_consistent
688611.SH,杭州柯林,2025,Q_G_CASH_REALIZATION,auto_confirmed,1,180.123,180.123,public-disclosure-v4,official_annual_direct_consistent
688611.SH,杭州柯林,2025,Q_G_COST_REVENUE_RATE,auto_confirmed,1,97.1004,97.1004,public-disclosure-v4,official_annual_direct_consistent
688611.SH,杭州柯林,2025,Q_G_CURRENT_ASSET_TURNOVER,auto_confirmed,1,0.4238,0.4238,public-disclosure-v4,official_annual_direct_consistent
688611.SH,杭州柯林,2025,Q_G_DEBT_ASSET_RATE,auto_confirmed,1,24.7298,24.7298,public-disclosure-v4,consolidated_statement_year_end_derived
688611.SH,杭州柯林,2025,Q_G_EBITDA_INTEREST,auto_confirmed,1,-1.9901,-1.9901,public-disclosure-v4,official_annual_direct_consistent
688611.SH,杭州柯林,2025,Q_G_OPERATING_MARGIN,auto_confirmed,1,-1.9571,-1.9571,public-disclosure-v4,official_annual_direct_consistent
688611.SH,杭州柯林,2025,Q_G_REVENUE_GROWTH,auto_confirmed,1,-61.8285,-61.8285,public-disclosure-v4,official_annual_direct_consistent
688611.SH,杭州柯林,2025,Q_G_ROA,auto_confirmed,1,-0.267,-0.267,public-disclosure-v4,official_annual_direct_consistent
688611.SH,杭州柯林,2025,Q_G_ROE,auto_confirmed,1,0.35,0.35,public-disclosure-v4,official_annual_direct_consistent
688611.SH,杭州柯林,2025,Q_G_TWO_FUNDS_RATE,auto_confirmed,1,34.0539,34.0539,public-disclosure-v4,official_annual_direct_consistent
688611.SH,杭州柯林,2025,Q_S_RD_RATE,auto_confirmed,1,20.86,20.86,public-disclosure-v4,official_annual_direct_consistent
688616.SH,西力科技,2025,Q_G_AR_TURNOVER,auto_confirmed,1,2.7842,2.7842,public-disclosure-v4,official_annual_direct_consistent
688616.SH,西力科技,2025,Q_G_ASSET_TURNOVER,auto_confirmed,1,0.5366,0.5366,public-disclosure-v4,official_annual_direct_consistent
688616.SH,西力科技,2025,Q_G_CASH_CURRENT_LIABILITY,auto_confirmed,1,73.9669,73.9669,public-disclosure-v4,official_annual_direct_consistent
688616.SH,西力科技,2025,Q_G_CASH_REALIZATION,auto_confirmed,1,119.189,119.189,public-disclosure-v4,official_annual_direct_consistent
688616.SH,西力科技,2025,Q_G_COST_REVENUE_RATE,auto_confirmed,1,81.878,81.878,public-disclosure-v4,official_annual_direct_consistent
688616.SH,西力科技,2025,Q_G_CURRENT_ASSET_TURNOVER,auto_confirmed,1,0.8743,0.8743,public-disclosure-v4,official_annual_direct_consistent
688616.SH,西力科技,2025,Q_G_DEBT_ASSET_RATE,auto_confirmed,1,19.4653,19.4653,public-disclosure-v4,consolidated_statement_year_end_derived
688616.SH,西力科技,2025,Q_G_EBITDA_INTEREST,auto_confirmed,1,33.7668,33.7668,public-disclosure-v4,official_annual_direct_consistent
688616.SH,西力科技,2025,Q_G_OPERATING_MARGIN,auto_confirmed,1,21.6293,21.6293,public-disclosure-v4,official_annual_direct_consistent
688616.SH,西力科技,2025,Q_G_REVENUE_GROWTH,auto_confirmed,1,-3.5184,-3.5184,public-disclosure-v4,official_annual_direct_consistent
688616.SH,西力科技,2025,Q_G_ROA,auto_confirmed,1,11.9237,11.9237,public-disclosure-v4,official_annual_direct_consistent
688616.SH,西力科技,2025,Q_G_ROE,auto_confirmed,1,12.16,12.16,public-disclosure-v4,official_annual_direct_consistent
688616.SH,西力科技,2025,Q_G_TWO_FUNDS_RATE,auto_confirmed,1,35.3024,35.3024,public-disclosure-v4,official_annual_direct_consistent
688616.SH,西力科技,2025,Q_S_DIVIDEND_PER_SHARE,auto_confirmed,1,0.3,0.3,public-disclosure-v4,official_annual_direct_consistent
688616.SH,西力科技,2025,Q_S_RD_RATE,auto_confirmed,2,5.48,5.48,public-disclosure-v4,official_annual_direct_consistent
688638.SH,誉辰智能,2025,Q_G_AR_TURNOVER,auto_confirmed,1,2.3064,2.3064,public-disclosure-v4,official_annual_direct_consistent
688638.SH,誉辰智能,2025,Q_G_ASSET_TURNOVER,auto_confirmed,1,0.3001,0.3001,public-disclosure-v4,official_annual_direct_consistent
688638.SH,誉辰智能,2025,Q_G_CASH_REALIZATION,auto_confirmed,1,164.677,164.677,public-disclosure-v4,official_annual_direct_consistent
688638.SH,誉辰智能,2025,Q_G_COST_REVENUE_RATE,auto_confirmed,1,111.034,111.034,public-disclosure-v4,official_annual_direct_consistent
688638.SH,誉辰智能,2025,Q_G_CURRENT_ASSET_TURNOVER,auto_confirmed,1,0.3645,0.3645,public-disclosure-v4,official_annual_direct_consistent
688638.SH,誉辰智能,2025,Q_G_DEBT_ASSET_RATE,auto_confirmed,3,52.7|67.42|67.4207,67.4207,public-disclosure-v4,consolidated_statement_year_end_derived
688638.SH,誉辰智能,2025,Q_G_EBITDA_INTEREST,auto_confirmed,1,-13.3177,-13.3177,public-disclosure-v4,official_annual_direct_consistent
688638.SH,誉辰智能,2025,Q_G_OPERATING_MARGIN,auto_confirmed,1,-21.7585,-21.7585,public-disclosure-v4,official_annual_direct_consistent
688638.SH,誉辰智能,2025,Q_G_OPERATING_PROFIT_GROWTH,auto_confirmed,1,4.9075,4.9075,public-disclosure-v4,official_annual_direct_consistent
688638.SH,誉辰智能,2025,Q_G_REVENUE_GROWTH,auto_confirmed,1,42.4747,42.4747,public-disclosure-v4,official_annual_direct_consistent
688638.SH,誉辰智能,2025,Q_G_ROA,auto_confirmed,1,-5.9932,-5.9932,public-disclosure-v4,official_annual_direct_consistent
688638.SH,誉辰智能,2025,Q_G_ROE,auto_confirmed,1,16.82,16.82,public-disclosure-v4,official_annual_direct_consistent
688638.SH,誉辰智能,2025,Q_G_TWO_FUNDS_RATE,auto_confirmed,1,54.0631,54.0631,public-disclosure-v4,official_annual_direct_consistent
688638.SH,誉辰智能,2025,Q_S_RD_RATE,auto_confirmed,1,11.15,11.15,public-disclosure-v4,official_annual_direct_consistent
688660.SH,电气风电,2025,Q_G_AR_TURNOVER,auto_confirmed,1,4.4989,4.4989,public-disclosure-v4,official_annual_direct_consistent
688660.SH,电气风电,2025,Q_G_ASSET_TURNOVER,auto_confirmed,1,0.4292,0.4292,public-disclosure-v4,official_annual_direct_consistent
688660.SH,电气风电,2025,Q_G_CAPITAL_ACCUMULATION,auto_confirmed,1,-18.9536,-18.9536,public-disclosure-v4,official_annual_direct_consistent
688660.SH,电气风电,2025,Q_G_CASH_CURRENT_LIABILITY,auto_confirmed,1,2.2912,2.2912,public-disclosure-v4,official_annual_direct_consistent
688660.SH,电气风电,2025,Q_G_CASH_REALIZATION,auto_confirmed,1,111.495,111.495,public-disclosure-v4,official_annual_direct_consistent
688660.SH,电气风电,2025,Q_G_COST_REVENUE_RATE,auto_confirmed,1,106.731,106.731,public-disclosure-v4,official_annual_direct_consistent
688660.SH,电气风电,2025,Q_G_CURRENT_ASSET_TURNOVER,auto_confirmed,1,1.3032,1.3032,public-disclosure-v4,official_annual_direct_consistent
688660.SH,电气风电,2025,Q_G_DEBT_ASSET_RATE,auto_confirmed,1,87.9794,87.9794,public-disclosure-v4,consolidated_statement_year_end_derived
688660.SH,电气风电,2025,Q_G_EBITDA_INTEREST,auto_confirmed,1,-7.0517,-7.0517,public-disclosure-v4,official_annual_direct_consistent
688660.SH,电气风电,2025,Q_G_OPERATING_MARGIN,auto_confirmed,1,-7.5939,-7.5939,public-disclosure-v4,official_annual_direct_consistent
688660.SH,电气风电,2025,Q_G_OPERATING_PROFIT_GROWTH,auto_confirmed,1,14.5891,14.5891,public-disclosure-v4,official_annual_direct_consistent
688660.SH,电气风电,2025,Q_G_REVENUE_GROWTH,auto_confirmed,1,31.0708,31.0708,public-disclosure-v4,official_annual_direct_consistent
688660.SH,电气风电,2025,Q_G_ROA,auto_confirmed,1,-2.8495,-2.8495,public-disclosure-v4,official_annual_direct_consistent
688660.SH,电气风电,2025,Q_G_ROE,auto_confirmed,1,21.38,21.38,public-disclosure-v4,official_annual_direct_consistent
688660.SH,电气风电,2025,Q_G_TWO_FUNDS_RATE,auto_confirmed,1,48.1588,48.1588,public-disclosure-v4,official_annual_direct_consistent
688660.SH,电气风电,2025,Q_S_RD_RATE,auto_confirmed,2,4.36,4.36,public-disclosure-v4,official_annual_direct_consistent
688663.SH,新风光,2025,Q_G_AR_TURNOVER,auto_confirmed,1,1.7846,1.7846,public-disclosure-v4,official_annual_direct_consistent
688663.SH,新风光,2025,Q_G_ASSET_TURNOVER,auto_confirmed,1,0.5608,0.5608,public-disclosure-v4,official_annual_direct_consistent
688663.SH,新风光,2025,Q_G_CASH_CURRENT_LIABILITY,auto_confirmed,1,17.7059,17.7059,public-disclosure-v4,official_annual_direct_consistent
688663.SH,新风光,2025,Q_G_CASH_REALIZATION,auto_confirmed,1,94.227,94.227,public-disclosure-v4,official_annual_direct_consistent
688663.SH,新风光,2025,Q_G_COST_REVENUE_RATE,auto_confirmed,1,94.628,94.628,public-disclosure-v4,official_annual_direct_consistent
688663.SH,新风光,2025,Q_G_CURRENT_ASSET_TURNOVER,auto_confirmed,1,0.6122,0.6122,public-disclosure-v4,official_annual_direct_consistent
688663.SH,新风光,2025,Q_G_DEBT_ASSET_RATE,auto_confirmed,1,61.0523,61.0523,public-disclosure-v4,consolidated_statement_year_end_derived
688663.SH,新风光,2025,Q_G_EBITDA_INTEREST,auto_confirmed,1,199.863,199.863,public-disclosure-v4,official_annual_direct_consistent
688663.SH,新风光,2025,Q_G_OPERATING_MARGIN,auto_confirmed,1,5.2067,5.2067,public-disclosure-v4,official_annual_direct_consistent
688663.SH,新风光,2025,Q_G_OPERATING_PROFIT_GROWTH,auto_confirmed,1,-49.9682,-49.9682,public-disclosure-v4,official_annual_direct_consistent
688663.SH,新风光,2025,Q_G_REVENUE_GROWTH,auto_confirmed,1,-9.8652,-9.8652,public-disclosure-v4,official_annual_direct_consistent
688663.SH,新风光,2025,Q_G_ROA,auto_confirmed,1,2.9115,2.9115,public-disclosure-v4,official_annual_direct_consistent
688663.SH,新风光,2025,Q_G_ROE,auto_confirmed,1,6.96,6.96,public-disclosure-v4,official_annual_direct_consistent
688663.SH,新风光,2025,Q_G_TWO_FUNDS_RATE,auto_confirmed,1,56.525,56.525,public-disclosure-v4,official_annual_direct_consistent
688663.SH,新风光,2025,Q_S_DIVIDEND_PER_SHARE,auto_confirmed,1,0.22,0.22,public-disclosure-v4,official_annual_direct_consistent
688663.SH,新风光,2025,Q_S_RD_RATE,auto_confirmed,1,4.99,4.99,public-disclosure-v4,official_annual_direct_consistent
688676.SH,金盘科技,2025,Q_E_ENERGY_INTENSITY,auto_confirmed,2,8.4,8.4,public-disclosure-v4,official_esg_direct_consistent
688676.SH,金盘科技,2025,Q_E_GHG_INTENSITY,auto_confirmed,1,2.6,2.6,public-disclosure-v4,official_esg_direct_consistent
688676.SH,金盘科技,2025,Q_G_AR_TURNOVER,auto_confirmed,1,2.8926,2.8926,public-disclosure-v4,official_annual_direct_consistent
688676.SH,金盘科技,2025,Q_G_ASSET_TURNOVER,auto_confirmed,1,0.663,0.663,public-disclosure-v4,official_annual_direct_consistent
688676.SH,金盘科技,2025,Q_G_CASH_CURRENT_LIABILITY,auto_confirmed,1,13.3018,13.3018,public-disclosure-v4,official_annual_direct_consistent
688676.SH,金盘科技,2025,Q_G_CASH_REALIZATION,auto_confirmed,1,95.3761,95.3761,public-disclosure-v4,official_annual_direct_consistent
688676.SH,金盘科技,2025,Q_G_COST_REVENUE_RATE,auto_confirmed,1,90.0469,90.0469,public-disclosure-v4,official_annual_direct_consistent
688676.SH,金盘科技,2025,Q_G_CURRENT_ASSET_TURNOVER,auto_confirmed,1,0.8819,0.8819,public-disclosure-v4,official_annual_direct_consistent
688676.SH,金盘科技,2025,Q_G_DEBT_ASSET_RATE,auto_confirmed,3,53.76|57.86|57.8641,57.8641,public-disclosure-v4,consolidated_statement_year_end_derived
688676.SH,金盘科技,2025,Q_G_EBITDA_INTEREST,auto_confirmed,1,17.6962,17.6962,public-disclosure-v4,official_annual_direct_consistent
688676.SH,金盘科技,2025,Q_G_OPERATING_MARGIN,auto_confirmed,1,9.8487,9.8487,public-disclosure-v4,official_annual_direct_consistent
688676.SH,金盘科技,2025,Q_G_OPERATING_PROFIT_GROWTH,auto_confirmed,1,16.2979,16.2979,public-disclosure-v4,official_annual_direct_consistent
688676.SH,金盘科技,2025,Q_G_REVENUE_GROWTH,auto_confirmed,1,5.7113,5.7113,public-disclosure-v4,official_annual_direct_consistent
688676.SH,金盘科技,2025,Q_G_ROA,auto_confirmed,1,6.9624,6.9624,public-disclosure-v4,official_annual_direct_consistent
688676.SH,金盘科技,2025,Q_G_ROE,auto_confirmed,2,14.05,14.05,public-disclosure-v4,official_annual_direct_consistent
688676.SH,金盘科技,2025,Q_G_TWO_FUNDS_RATE,auto_confirmed,1,52.1047,52.1047,public-disclosure-v4,official_annual_direct_consistent
688676.SH,金盘科技,2025,Q_S_DIVIDEND_PER_SHARE,auto_confirmed,1,0.68,0.68,public-disclosure-v4,official_annual_direct_consistent
688676.SH,金盘科技,2025,Q_S_RD_RATE,auto_confirmed,2,4.9,4.9,public-disclosure-v4,official_annual_direct_consistent
688680.SH,海优新材,2025,Q_G_AR_TURNOVER,auto_confirmed,1,1.7853,1.7853,public-disclosure-v4,official_annual_direct_consistent
688680.SH,海优新材,2025,Q_G_ASSET_TURNOVER,auto_confirmed,1,0.402,0.402,public-disclosure-v4,official_annual_direct_consistent
688680.SH,海优新材,2025,Q_G_CASH_CURRENT_LIABILITY,auto_confirmed,1,26.6508,26.6508,public-disclosure-v4,official_annual_direct_consistent
688680.SH,海优新材,2025,Q_G_CASH_REALIZATION,auto_confirmed,1,130.604,130.604,public-disclosure-v4,official_annual_direct_consistent
688680.SH,海优新材,2025,Q_G_COST_REVENUE_RATE,auto_confirmed,1,120.973,120.973,public-disclosure-v4,official_annual_direct_consistent
688680.SH,海优新材,2025,Q_G_CURRENT_ASSET_TURNOVER,auto_confirmed,1,0.6394,0.6394,public-disclosure-v4,official_annual_direct_consistent
688680.SH,海优新材,2025,Q_G_DEBT_ASSET_RATE,auto_confirmed,2,56.2|56.2016,56.2016,public-disclosure-v4,consolidated_statement_year_end_derived
688680.SH,海优新材,2025,Q_G_EBITDA_INTEREST,auto_confirmed,1,-8.4358,-8.4358,public-disclosure-v4,official_annual_direct_consistent
688680.SH,海优新材,2025,Q_G_OPERATING_MARGIN,auto_confirmed,1,-37.2567,-37.2567,public-disclosure-v4,official_annual_direct_consistent
688680.SH,海优新材,2025,Q_G_OPERATING_PROFIT_GROWTH,auto_confirmed,1,-14.8153,-14.8153,public-disclosure-v4,official_annual_direct_consistent
688680.SH,海优新材,2025,Q_G_REVENUE_GROWTH,auto_confirmed,1,-55.1865,-55.1865,public-disclosure-v4,official_annual_direct_consistent
688680.SH,海优新材,2025,Q_G_ROA,auto_confirmed,1,-13.9182,-13.9182,public-disclosure-v4,official_annual_direct_consistent
688680.SH,海优新材,2025,Q_G_ROE,auto_confirmed,1,36.21,36.21,public-disclosure-v4,official_annual_direct_consistent
688680.SH,海优新材,2025,Q_G_TWO_FUNDS_RATE,auto_confirmed,1,38.3787,38.3787,public-disclosure-v4,official_annual_direct_consistent
688680.SH,海优新材,2025,Q_S_DIVIDEND_PER_SHARE,auto_confirmed,1,0,0,public-disclosure-v4,official_annual_direct_consistent
688680.SH,海优新材,2025,Q_S_RD_RATE,auto_confirmed,1,6.01,6.01,public-disclosure-v4,official_annual_direct_consistent
688681.SH,科汇股份,2025,Q_G_AR_TURNOVER,auto_confirmed,1,2.3001,2.3001,public-disclosure-v4,official_annual_direct_consistent
688681.SH,科汇股份,2025,Q_G_ASSET_TURNOVER,auto_confirmed,1,0.5947,0.5947,public-disclosure-v4,official_annual_direct_consistent
688681.SH,科汇股份,2025,Q_G_CAPITAL_ACCUMULATION,auto_confirmed,1,7.4187,7.4187,public-disclosure-v4,official_annual_direct_consistent
688681.SH,科汇股份,2025,Q_G_CASH_CURRENT_LIABILITY,auto_confirmed,1,24.3952,24.3952,public-disclosure-v4,official_annual_direct_consistent
688681.SH,科汇股份,2025,Q_G_CASH_REALIZATION,auto_confirmed,1,80.7848,80.7848,public-disclosure-v4,official_annual_direct_consistent
688681.SH,科汇股份,2025,Q_G_COST_REVENUE_RATE,auto_confirmed,1,92.563,92.563,public-disclosure-v4,official_annual_direct_consistent
688681.SH,科汇股份,2025,Q_G_CURRENT_ASSET_TURNOVER,auto_confirmed,1,0.8677,0.8677,public-disclosure-v4,official_annual_direct_consistent
688681.SH,科汇股份,2025,Q_G_DEBT_ASSET_RATE,auto_confirmed,1,30.7339,30.7339,public-disclosure-v4,consolidated_statement_year_end_derived
688681.SH,科汇股份,2025,Q_G_EBITDA_INTEREST,auto_confirmed,1,94.7225,94.7225,public-disclosure-v4,official_annual_direct_consistent
688681.SH,科汇股份,2025,Q_G_OPERATING_MARGIN,auto_confirmed,1,9.8663,9.8663,public-disclosure-v4,official_annual_direct_consistent
688681.SH,科汇股份,2025,Q_G_OPERATING_PROFIT_GROWTH,auto_confirmed,1,55.9555,55.9555,public-disclosure-v4,official_annual_direct_consistent
688681.SH,科汇股份,2025,Q_G_REVENUE_GROWTH,auto_confirmed,1,20.312,20.312,public-disclosure-v4,official_annual_direct_consistent
688681.SH,科汇股份,2025,Q_G_ROA,auto_confirmed,1,5.9221,5.9221,public-disclosure-v4,official_annual_direct_consistent
688681.SH,科汇股份,2025,Q_G_ROE,auto_confirmed,1,7.9,7.9,public-disclosure-v4,official_annual_direct_consistent
688681.SH,科汇股份,2025,Q_G_TWO_FUNDS_RATE,auto_confirmed,1,47.4409,47.4409,public-disclosure-v4,official_annual_direct_consistent
688681.SH,科汇股份,2025,Q_S_DIVIDEND_PER_SHARE,auto_confirmed,1,0.193,0.193,public-disclosure-v4,official_annual_direct_consistent
688681.SH,科汇股份,2025,Q_S_RD_RATE,auto_confirmed,2,11.24,11.24,public-disclosure-v4,official_annual_direct_consistent
688707.SH,振华新材,2025,Q_G_AR_TURNOVER,auto_confirmed,1,2.6986,2.6986,public-disclosure-v4,official_annual_direct_consistent
688707.SH,振华新材,2025,Q_G_ASSET_TURNOVER,auto_confirmed,1,0.1987,0.1987,public-disclosure-v4,official_annual_direct_consistent
688707.SH,振华新材,2025,Q_G_CASH_CURRENT_LIABILITY,auto_confirmed,1,10.8611,10.8611,public-disclosure-v4,official_annual_direct_consistent
688707.SH,振华新材,2025,Q_G_CASH_REALIZATION,auto_confirmed,1,137.906,137.906,public-disclosure-v4,official_annual_direct_consistent
688707.SH,振华新材,2025,Q_G_COST_REVENUE_RATE,auto_confirmed,1,129.105,129.105,public-disclosure-v4,official_annual_direct_consistent
688707.SH,振华新材,2025,Q_G_CURRENT_ASSET_TURNOVER,auto_confirmed,1,0.3513,0.3513,public-disclosure-v4,official_annual_direct_consistent
688707.SH,振华新材,2025,Q_G_DEBT_ASSET_RATE,auto_confirmed,2,39.29|39.2902,39.2902,public-disclosure-v4,consolidated_statement_year_end_derived
688707.SH,振华新材,2025,Q_G_EBITDA_INTEREST,auto_confirmed,1,-7.128,-7.128,public-disclosure-v4,official_annual_direct_consistent
688707.SH,振华新材,2025,Q_G_OPERATING_MARGIN,auto_confirmed,1,-31.8898,-31.8898,public-disclosure-v4,official_annual_direct_consistent
688707.SH,振华新材,2025,Q_G_OPERATING_PROFIT_GROWTH,auto_confirmed,1,-27.3277,-27.3277,public-disclosure-v4,official_annual_direct_consistent
688707.SH,振华新材,2025,Q_G_REVENUE_GROWTH,auto_confirmed,1,-27.1614,-27.1614,public-disclosure-v4,official_annual_direct_consistent
688707.SH,振华新材,2025,Q_G_ROA,auto_confirmed,1,-5.5491,-5.5491,public-disclosure-v4,official_annual_direct_consistent
688707.SH,振华新材,2025,Q_G_ROE,auto_confirmed,1,10.29,10.29,public-disclosure-v4,official_annual_direct_consistent
688707.SH,振华新材,2025,Q_G_TWO_FUNDS_RATE,auto_confirmed,1,30.1297,30.1297,public-disclosure-v4,official_annual_direct_consistent
688707.SH,振华新材,2025,Q_S_RD_RATE,auto_confirmed,2,6.6,6.6,public-disclosure-v4,official_annual_direct_consistent
688717.SH,艾罗能源,2025,Q_G_AR_TURNOVER,auto_confirmed,1,6.5895,6.5895,public-disclosure-v4,official_annual_direct_consistent
688717.SH,艾罗能源,2025,Q_G_ASSET_TURNOVER,auto_confirmed,1,0.6144,0.6144,public-disclosure-v4,official_annual_direct_consistent
688717.SH,艾罗能源,2025,Q_G_CASH_CURRENT_LIABILITY,auto_confirmed,1,12.9883,12.9883,public-disclosure-v4,official_annual_direct_consistent
688717.SH,艾罗能源,2025,Q_G_CASH_REALIZATION,auto_confirmed,1,106.151,106.151,public-disclosure-v4,official_annual_direct_consistent
688717.SH,艾罗能源,2025,Q_G_COST_REVENUE_RATE,auto_confirmed,1,97.7552,97.7552,public-disclosure-v4,official_annual_direct_consistent
688717.SH,艾罗能源,2025,Q_G_CURRENT_ASSET_TURNOVER,auto_confirmed,1,0.7979,0.7979,public-disclosure-v4,official_annual_direct_consistent
688717.SH,艾罗能源,2025,Q_G_DEBT_ASSET_RATE,auto_confirmed,1,38.8659,38.8659,public-disclosure-v4,consolidated_statement_year_end_derived
688717.SH,艾罗能源,2025,Q_G_EBITDA_INTEREST,auto_confirmed,1,22.6937,22.6937,public-disclosure-v4,official_annual_direct_consistent
688717.SH,艾罗能源,2025,Q_G_OPERATING_MARGIN,auto_confirmed,1,1.1729,1.1729,public-disclosure-v4,official_annual_direct_consistent
688717.SH,艾罗能源,2025,Q_G_REVENUE_GROWTH,auto_confirmed,1,32.8402,32.8402,public-disclosure-v4,official_annual_direct_consistent
688717.SH,艾罗能源,2025,Q_G_ROA,auto_confirmed,1,0.7005,0.7005,public-disclosure-v4,official_annual_direct_consistent
688717.SH,艾罗能源,2025,Q_G_ROE,auto_confirmed,1,2.72,2.72,public-disclosure-v4,official_annual_direct_consistent
688717.SH,艾罗能源,2025,Q_G_TWO_FUNDS_RATE,auto_confirmed,1,40.965,40.965,public-disclosure-v4,official_annual_direct_consistent
688717.SH,艾罗能源,2025,Q_S_RD_RATE,auto_confirmed,2,14.89,14.89,public-disclosure-v4,official_annual_direct_consistent
688719.SH,爱科赛博,2025,Q_G_AR_TURNOVER,auto_confirmed,1,1.8702,1.8702,public-disclosure-v4,official_annual_direct_consistent
688719.SH,爱科赛博,2025,Q_G_ASSET_TURNOVER,auto_confirmed,1,0.691,0.691,public-disclosure-v4,official_annual_direct_consistent
688719.SH,爱科赛博,2025,Q_G_CASH_CURRENT_LIABILITY,auto_confirmed,1,2.9906,2.9906,public-disclosure-v4,official_annual_direct_consistent
688719.SH,爱科赛博,2025,Q_G_CASH_REALIZATION,auto_confirmed,1,78.7148,78.7148,public-disclosure-v4,official_annual_direct_consistent
688719.SH,爱科赛博,2025,Q_G_COST_REVENUE_RATE,auto_confirmed,1,107.035,107.035,public-disclosure-v4,official_annual_direct_consistent
688719.SH,爱科赛博,2025,Q_G_CURRENT_ASSET_TURNOVER,auto_confirmed,1,0.4973,0.4973,public-disclosure-v4,official_annual_direct_consistent
688719.SH,爱科赛博,2025,Q_G_DEBT_ASSET_RATE,auto_confirmed,2,31.91|31.9131,31.9131,public-disclosure-v4,consolidated_statement_year_end_derived
688719.SH,爱科赛博,2025,Q_G_EBITDA_INTEREST,auto_confirmed,1,-25.0919,-25.0919,public-disclosure-v4,official_annual_direct_consistent
688719.SH,爱科赛博,2025,Q_G_OPERATING_MARGIN,auto_confirmed,1,-7.4332,-7.4332,public-disclosure-v4,official_annual_direct_consistent
688719.SH,爱科赛博,2025,Q_G_REVENUE_GROWTH,auto_confirmed,1,-3.4783,-3.4783,public-disclosure-v4,official_annual_direct_consistent
688719.SH,爱科赛博,2025,Q_G_ROA,auto_confirmed,1,-5.094,-5.094,public-disclosure-v4,official_annual_direct_consistent
688719.SH,爱科赛博,2025,Q_G_ROE,auto_confirmed,1,2.63,2.63,public-disclosure-v4,official_annual_direct_consistent
688719.SH,爱科赛博,2025,Q_G_TWO_FUNDS_RATE,auto_confirmed,1,57.5973,57.5973,public-disclosure-v4,official_annual_direct_consistent
688719.SH,爱科赛博,2025,Q_S_DIVIDEND_PER_SHARE,auto_confirmed,1,0,0,public-disclosure-v4,official_annual_direct_consistent
688719.SH,爱科赛博,2025,Q_S_RD_RATE,auto_confirmed,2,19.56,19.56,public-disclosure-v4,official_annual_direct_consistent
688733.SH,壹石通,2025,Q_G_AR_TURNOVER,auto_confirmed,1,2.4604,2.4604,public-disclosure-v4,official_annual_direct_consistent
688733.SH,壹石通,2025,Q_G_ASSET_TURNOVER,auto_confirmed,1,0.1871,0.1871,public-disclosure-v4,official_annual_direct_consistent
688733.SH,壹石通,2025,Q_G_CASH_REALIZATION,auto_confirmed,1,80.6682,80.6682,public-disclosure-v4,official_annual_direct_consistent
688733.SH,壹石通,2025,Q_G_COST_REVENUE_RATE,auto_confirmed,1,110.018,110.018,public-disclosure-v4,official_annual_direct_consistent
688733.SH,壹石通,2025,Q_G_CURRENT_ASSET_TURNOVER,auto_confirmed,1,0.5187,0.5187,public-disclosure-v4,official_annual_direct_consistent
688733.SH,壹石通,2025,Q_G_DEBT_ASSET_RATE,auto_confirmed,1,39.6904,39.6904,public-disclosure-v4,consolidated_statement_year_end_derived
688733.SH,壹石通,2025,Q_G_EBITDA_INTEREST,auto_confirmed,1,-1.3833,-1.3833,public-disclosure-v4,official_annual_direct_consistent
688733.SH,壹石通,2025,Q_G_OPERATING_MARGIN,auto_confirmed,1,-6.4993,-6.4993,public-disclosure-v4,official_annual_direct_consistent
688733.SH,壹石通,2025,Q_G_OPERATING_PROFIT_GROWTH,auto_confirmed,1,-767.512,-767.512,public-disclosure-v4,official_annual_direct_consistent
688733.SH,壹石通,2025,Q_G_REVENUE_GROWTH,auto_confirmed,1,24.8867,24.8867,public-disclosure-v4,official_annual_direct_consistent
688733.SH,壹石通,2025,Q_G_ROA,auto_confirmed,1,-0.7023,-0.7023,public-disclosure-v4,official_annual_direct_consistent
688733.SH,壹石通,2025,Q_G_ROE,auto_confirmed,1,1.02,1.02,public-disclosure-v4,official_annual_direct_consistent
688733.SH,壹石通,2025,Q_G_TWO_FUNDS_RATE,auto_confirmed,1,39.5162,39.5162,public-disclosure-v4,official_annual_direct_consistent
688733.SH,壹石通,2025,Q_S_DIVIDEND_PER_SHARE,auto_confirmed,1,0.1,0.1,public-disclosure-v4,official_annual_direct_consistent
688733.SH,壹石通,2025,Q_S_RD_RATE,auto_confirmed,1,10.73,10.73,public-disclosure-v4,official_annual_direct_consistent
688772.SH,珠海冠宇,2025,Q_G_AR_TURNOVER,auto_confirmed,1,3.9127,3.9127,public-disclosure-v4,official_annual_direct_consistent
688772.SH,珠海冠宇,2025,Q_G_ASSET_TURNOVER,auto_confirmed,1,0.6119,0.6119,public-disclosure-v4,official_annual_direct_consistent
688772.SH,珠海冠宇,2025,Q_G_CASH_CURRENT_LIABILITY,auto_confirmed,1,16.6092,16.6092,public-disclosure-v4,official_annual_direct_consistent
688772.SH,珠海冠宇,2025,Q_G_CASH_REALIZATION,auto_confirmed,1,101.171,101.171,public-disclosure-v4,official_annual_direct_consistent
688772.SH,珠海冠宇,2025,Q_G_COST_REVENUE_RATE,auto_confirmed,1,99.5253,99.5253,public-disclosure-v4,official_annual_direct_consistent
688772.SH,珠海冠宇,2025,Q_G_CURRENT_ASSET_TURNOVER,auto_confirmed,1,1.4577,1.4577,public-disclosure-v4,official_annual_direct_consistent
688772.SH,珠海冠宇,2025,Q_G_DEBT_ASSET_RATE,auto_confirmed,5,65.32|68.185|68.19,68.185,public-disclosure-v4,consolidated_statement_year_end_derived
688772.SH,珠海冠宇,2025,Q_G_EBITDA_INTEREST,auto_confirmed,1,1.5703,1.5703,public-disclosure-v4,official_annual_direct_consistent
688772.SH,珠海冠宇,2025,Q_G_OPERATING_MARGIN,auto_confirmed,1,0.722,0.722,public-disclosure-v4,official_annual_direct_consistent
688772.SH,珠海冠宇,2025,Q_G_OPERATING_PROFIT_GROWTH,auto_confirmed,1,-10.5356,-10.5356,public-disclosure-v4,official_annual_direct_consistent
688772.SH,珠海冠宇,2025,Q_G_REVENUE_GROWTH,auto_confirmed,1,24.8619,24.8619,public-disclosure-v4,official_annual_direct_consistent
688772.SH,珠海冠宇,2025,Q_G_ROA,auto_confirmed,1,1.2593,1.2593,public-disclosure-v4,official_annual_direct_consistent
688772.SH,珠海冠宇,2025,Q_G_ROE,auto_confirmed,1,6.35,6.35,public-disclosure-v4,official_annual_direct_consistent
688772.SH,珠海冠宇,2025,Q_G_TWO_FUNDS_RATE,auto_confirmed,1,65.9707,65.9707,public-disclosure-v4,official_annual_direct_consistent
688772.SH,珠海冠宇,2025,Q_S_DIVIDEND_PER_SHARE,auto_confirmed,1,0.3,0.3,public-disclosure-v4,official_annual_direct_consistent
688772.SH,珠海冠宇,2025,Q_S_RD_RATE,auto_confirmed,1,12.89,12.89,public-disclosure-v4,official_annual_direct_consistent
688778.SH,厦钨新能,2025,Q_G_AR_TURNOVER,auto_confirmed,1,6.2189,6.2189,public-disclosure-v4,official_annual_direct_consistent
688778.SH,厦钨新能,2025,Q_G_ASSET_TURNOVER,auto_confirmed,1,1.0763,1.0763,public-disclosure-v4,official_annual_direct_consistent
688778.SH,厦钨新能,2025,Q_G_CASH_CURRENT_LIABILITY,auto_confirmed,1,10.1654,10.1654,public-disclosure-v4,official_annual_direct_consistent
688778.SH,厦钨新能,2025,Q_G_CASH_REALIZATION,auto_confirmed,1,75.5049,75.5049,public-disclosure-v4,official_annual_direct_consistent
688778.SH,厦钨新能,2025,Q_G_COST_REVENUE_RATE,auto_confirmed,1,94.6408,94.6408,public-disclosure-v4,official_annual_direct_consistent
688778.SH,厦钨新能,2025,Q_G_CURRENT_ASSET_TURNOVER,auto_confirmed,1,1.6621,1.6621,public-disclosure-v4,official_annual_direct_consistent
688778.SH,厦钨新能,2025,Q_G_DEBT_ASSET_RATE,auto_confirmed,4,37.98|56.29|56.2919,56.2919,public-disclosure-v4,consolidated_statement_year_end_derived
688778.SH,厦钨新能,2025,Q_G_EBITDA_INTEREST,auto_confirmed,1,46.4094,46.4094,public-disclosure-v4,official_annual_direct_consistent
688778.SH,厦钨新能,2025,Q_G_OPERATING_MARGIN,auto_confirmed,1,4.4024,4.4024,public-disclosure-v4,official_annual_direct_consistent
688778.SH,厦钨新能,2025,Q_G_REVENUE_GROWTH,auto_confirmed,1,46.7036,46.7036,public-disclosure-v4,official_annual_direct_consistent
688778.SH,厦钨新能,2025,Q_G_ROA,auto_confirmed,1,4.7482,4.7482,public-disclosure-v4,official_annual_direct_consistent
688778.SH,厦钨新能,2025,Q_G_ROE,auto_confirmed,1,8.34,8.34,public-disclosure-v4,official_annual_direct_consistent
688778.SH,厦钨新能,2025,Q_G_TWO_FUNDS_RATE,auto_confirmed,1,71.2646,71.2646,public-disclosure-v4,official_annual_direct_consistent
688778.SH,厦钨新能,2025,Q_S_DIVIDEND_PER_SHARE,auto_confirmed,1,0.5,0.5,public-disclosure-v4,official_annual_direct_consistent
688778.SH,厦钨新能,2025,Q_S_RD_RATE,auto_confirmed,2,2.74,2.74,public-disclosure-v4,official_annual_direct_consistent
688779.SH,五矿新能,2025,Q_G_AR_TURNOVER,auto_confirmed,1,2.727,2.727,public-disclosure-v4,official_annual_direct_consistent
688779.SH,五矿新能,2025,Q_G_ASSET_TURNOVER,auto_confirmed,1,0.6436,0.6436,public-disclosure-v4,official_annual_direct_consistent
688779.SH,五矿新能,2025,Q_G_CASH_CURRENT_LIABILITY,auto_confirmed,1,4.5726,4.5726,public-disclosure-v4,official_annual_direct_consistent
688779.SH,五矿新能,2025,Q_G_CASH_REALIZATION,auto_confirmed,1,50.7074,50.7074,public-disclosure-v4,official_annual_direct_consistent
688779.SH,五矿新能,2025,Q_G_COST_REVENUE_RATE,auto_confirmed,1,97.8741,97.8741,public-disclosure-v4,official_annual_direct_consistent
688779.SH,五矿新能,2025,Q_G_CURRENT_ASSET_TURNOVER,auto_confirmed,1,1.0535,1.0535,public-disclosure-v4,official_annual_direct_consistent
688779.SH,五矿新能,2025,Q_G_DEBT_ASSET_RATE,auto_confirmed,3,45.19|55.13|55.1327,55.1327,public-disclosure-v4,consolidated_statement_year_end_derived
688779.SH,五矿新能,2025,Q_G_EBITDA_INTEREST,auto_confirmed,1,1.7613,1.7613,public-disclosure-v4,official_annual_direct_consistent
688779.SH,五矿新能,2025,Q_G_OPERATING_MARGIN,auto_confirmed,1,0.9269,0.9269,public-disclosure-v4,official_annual_direct_consistent
688779.SH,五矿新能,2025,Q_G_OPERATING_PROFIT_GROWTH,auto_confirmed,1,339.488,339.488,public-disclosure-v4,official_annual_direct_consistent
688779.SH,五矿新能,2025,Q_G_REVENUE_GROWTH,auto_confirmed,1,68.6209,68.6209,public-disclosure-v4,official_annual_direct_consistent
688779.SH,五矿新能,2025,Q_G_ROA,auto_confirmed,1,1.6827,1.6827,public-disclosure-v4,official_annual_direct_consistent
688779.SH,五矿新能,2025,Q_G_ROE,auto_confirmed,1,3.19,3.19,public-disclosure-v4,official_annual_direct_consistent
688779.SH,五矿新能,2025,Q_G_TWO_FUNDS_RATE,auto_confirmed,1,62.5668,62.5668,public-disclosure-v4,official_annual_direct_consistent
688779.SH,五矿新能,2025,Q_S_DIVIDEND_PER_SHARE,auto_confirmed,1,0.0414,0.0414,public-disclosure-v4,official_annual_direct_consistent
688779.SH,五矿新能,2025,Q_S_RD_RATE,auto_confirmed,2,2.87,2.87,public-disclosure-v4,official_annual_direct_consistent
688819.SH,天能股份,2025,Q_G_AR_TURNOVER,auto_confirmed,1,28.5816,28.5816,public-disclosure-v4,official_annual_direct_consistent
688819.SH,天能股份,2025,Q_G_ASSET_TURNOVER,auto_confirmed,1,1.0312,1.0312,public-disclosure-v4,official_annual_direct_consistent
688819.SH,天能股份,2025,Q_G_CASH_REALIZATION,auto_confirmed,1,108.998,108.998,public-disclosure-v4,official_annual_direct_consistent
688819.SH,天能股份,2025,Q_G_COST_REVENUE_RATE,auto_confirmed,1,97.2599,97.2599,public-disclosure-v4,official_annual_direct_consistent
688819.SH,天能股份,2025,Q_G_CURRENT_ASSET_TURNOVER,auto_confirmed,1,1.4906,1.4906,public-disclosure-v4,official_annual_direct_consistent
688819.SH,天能股份,2025,Q_G_DEBT_ASSET_RATE,auto_confirmed,2,60.9869|60.99,60.9869,public-disclosure-v4,consolidated_statement_year_end_derived
688819.SH,天能股份,2025,Q_G_EBITDA_INTEREST,auto_confirmed,1,14.0297,14.0297,public-disclosure-v4,official_annual_direct_consistent
688819.SH,天能股份,2025,Q_G_OPERATING_MARGIN,auto_confirmed,1,3.9751,3.9751,public-disclosure-v4,official_annual_direct_consistent
688819.SH,天能股份,2025,Q_G_OPERATING_PROFIT_GROWTH,auto_confirmed,1,-13.8334,-13.8334,public-disclosure-v4,official_annual_direct_consistent
688819.SH,天能股份,2025,Q_G_REVENUE_GROWTH,auto_confirmed,1,1.6664,1.6664,public-disclosure-v4,official_annual_direct_consistent
688819.SH,天能股份,2025,Q_G_ROA,auto_confirmed,1,4.4714,4.4714,public-disclosure-v4,official_annual_direct_consistent
688819.SH,天能股份,2025,Q_G_ROE,auto_confirmed,1,9.7,9.7,public-disclosure-v4,official_annual_direct_consistent
688819.SH,天能股份,2025,Q_G_TWO_FUNDS_RATE,auto_confirmed,1,23.5371,23.5371,public-disclosure-v4,official_annual_direct_consistent
688819.SH,天能股份,2025,Q_S_DIVIDEND_PER_SHARE,auto_confirmed,1,0.55,0.55,public-disclosure-v4,official_annual_direct_consistent
688819.SH,天能股份,2025,Q_S_RD_RATE,auto_confirmed,2,4.05,4.05,public-disclosure-v4,official_annual_direct_consistent
920010.BJ,凯添燃气,2025,Q_G_ROE,manual_required,2,3.85|4.04,,public-disclosure-v4,conflicting_or_ineligible_sources
920046.BJ,亿能电力,2025,Q_G_ROE,manual_required,2,5.74|6.05,,public-disclosure-v4,conflicting_or_ineligible_sources
920062.BJ,科润智控,2025,Q_G_ROE,manual_required,3,0.43|2.17|2.19,,public-disclosure-v4,conflicting_or_ineligible_sources
920110.BJ,雷特科技,2025,Q_G_DEBT_ASSET_RATE,auto_confirmed,1,7.49,7.49,public-disclosure-v4,official_annual_direct_consistent
920110.BJ,雷特科技,2025,Q_G_ROE,manual_required,2,11.39|11.88,,public-disclosure-v4,conflicting_or_ineligible_sources
920152.BJ,昆工科技,2025,Q_G_DEBT_ASSET_RATE,auto_confirmed,1,68.47,68.47,public-disclosure-v4,official_annual_direct_consistent
920152.BJ,昆工科技,2025,Q_G_ROE,manual_required,2,66.73|67.79,,public-disclosure-v4,conflicting_or_ineligible_sources
920167.BJ,同享科技,2025,Q_G_ROE,manual_required,2,3.28|3.5,,public-disclosure-v4,conflicting_or_ineligible_sources
920237.BJ,力佳科技,2025,Q_G_DEBT_ASSET_RATE,auto_confirmed,1,23.21,23.21,public-disclosure-v4,official_annual_direct_consistent
920239.BJ,长虹能源,2025,Q_G_ROE,manual_required,3,22.07|24.94|25.11,,public-disclosure-v4,conflicting_or_ineligible_sources
920252.BJ,天宏锂电,2025,Q_G_ROE,manual_required,2,1.86|3.46,,public-disclosure-v4,conflicting_or_ineligible_sources
920299.BJ,灿能电力,2025,Q_G_ROE,manual_required,2,8.08|8.86,,public-disclosure-v4,conflicting_or_ineligible_sources
920368.BJ,连城数控,2025,Q_G_ROE,manual_required,2,0.59|2.02,,public-disclosure-v4,conflicting_or_ineligible_sources
920375.BJ,派诺科技,2025,Q_G_DEBT_ASSET_RATE,auto_confirmed,1,36.31,36.31,public-disclosure-v4,official_annual_direct_consistent
920375.BJ,派诺科技,2025,Q_G_ROE,manual_required,2,0.83|1.2,,public-disclosure-v4,conflicting_or_ineligible_sources
920414.BJ,欧普泰,2025,Q_G_ROE,manual_required,2,5.62|6.23,,public-disclosure-v4,conflicting_or_ineligible_sources
920496.BJ,许昌智能,2025,Q_G_DEBT_ASSET_RATE,auto_confirmed,1,45.55,45.55,public-disclosure-v4,official_annual_direct_consistent
920496.BJ,许昌智能,2025,Q_G_ROE,manual_required,3,1.3|1.91|9,,public-disclosure-v4,conflicting_or_ineligible_sources
920522.BJ,纳科诺尔,2025,Q_G_ROE,manual_required,2,5.78|6.23,,public-disclosure-v4,conflicting_or_ineligible_sources
920523.BJ,德瑞锂电,2025,Q_G_DEBT_ASSET_RATE,auto_confirmed,1,30.55,30.55,public-disclosure-v4,official_annual_direct_consistent
920523.BJ,德瑞锂电,2025,Q_G_ROE,manual_required,2,22.71|22.77,,public-disclosure-v4,conflicting_or_ineligible_sources
920556.BJ,雅达股份,2025,Q_G_ROE,manual_required,2,4.43|5.32,,public-disclosure-v4,conflicting_or_ineligible_sources
920627.BJ,力王股份,2025,Q_G_ROE,manual_required,3,5.58|5.89,,public-disclosure-v4,conflicting_or_ineligible_sources
920639.BJ,晨光电缆,2025,Q_G_ROE,manual_required,3,1.93|2.08|2.17,,public-disclosure-v4,conflicting_or_ineligible_sources
920682.BJ,球冠电缆,2025,Q_G_ROE,manual_required,2,8.19|8.44,,public-disclosure-v4,conflicting_or_ineligible_sources
920770.BJ,艾能聚,2025,Q_G_ROE,manual_required,4,7.52|8.46,,public-disclosure-v4,conflicting_or_ineligible_sources
920779.BJ,武汉蓝电,2025,Q_G_ROE,manual_required,4,11.46|12.59,,public-disclosure-v4,conflicting_or_ineligible_sources
920809.BJ,安达科技,2025,Q_G_ROE,manual_required,4,15.24|16.16,,public-disclosure-v4,conflicting_or_ineligible_sources
920914.BJ,远航精密,2025,Q_G_ROE,auto_confirmed,1,5.9,5.9,public-disclosure-v4,official_annual_direct_consistent
920985.BJ,海泰新能,2025,Q_G_DEBT_ASSET_RATE,auto_confirmed,1,86.89,86.89,public-disclosure-v4,official_annual_direct_consistent
920985.BJ,海泰新能,2025,Q_G_ROE,manual_required,4,11.55|13.41|64.09|65.28,,public-disclosure-v4,conflicting_or_ineligible_sources
