company_code,company_name,report_year,document_type,source_channel,official_domain,candidate_url,domain_verification,download_status,next_action,scoring_authorized
000009.SZ,中国宝安,2025,annual_report,issuer_official_website,chinabaoan.com,,verified,pending_report_discovery,在已核验官网域名下发现HTTPS年报/ESG报告PDF链接,False
000009.SZ,中国宝安,2025,esg_report,issuer_official_website,chinabaoan.com,,verified,pending_report_discovery,在已核验官网域名下发现HTTPS年报/ESG报告PDF链接,False
00002.HK,CLP HOLDINGS,2024,annual_report,issuer_official_website,clpgroup.com,,verified,pending_report_discovery,在已核验官网域名下发现HTTPS年报/ESG报告PDF链接,False
00002.HK,CLP HOLDINGS,2025,annual_report,issuer_official_website,clpgroup.com,,verified,pending_report_discovery,在已核验官网域名下发现HTTPS年报/ESG报告PDF链接,False
000027.SZ,深圳能源,2025,annual_report,issuer_official_website,sec.com.cn,,verified,pending_report_discovery,在已核验官网域名下发现HTTPS年报/ESG报告PDF链接,False
000027.SZ,深圳能源,2025,esg_report,issuer_official_website,sec.com.cn,,verified,pending_report_discovery,在已核验官网域名下发现HTTPS年报/ESG报告PDF链接,False
00003.HK,HK & CHINA GAS,2024,esg_report,issuer_official_website,towngas.com,,verified,pending_report_discovery,在已核验官网域名下发现HTTPS年报/ESG报告PDF链接,False
00003.HK,HK & CHINA GAS,2025,annual_report,issuer_official_website,towngas.com,,verified,pending_report_discovery,在已核验官网域名下发现HTTPS年报/ESG报告PDF链接,False
00003.HK,HK & CHINA GAS,2025,esg_report,issuer_official_website,towngas.com,,verified,pending_report_discovery,在已核验官网域名下发现HTTPS年报/ESG报告PDF链接,False
000037.SZ,深南电A,2025,annual_report,issuer_official_website,stcn.com,,verified,pending_report_discovery,在已核验官网域名下发现HTTPS年报/ESG报告PDF链接,False
000049.SZ,德赛电池,2025,annual_report,issuer_official_website,desaybattery.com.cn,,verified,pending_report_discovery,在已核验官网域名下发现HTTPS年报/ESG报告PDF链接,False
00006.HK,POWER ASSETS,2024,annual_report,issuer_official_website,powerassets.com,,verified,pending_report_discovery,在已核验官网域名下发现HTTPS年报/ESG报告PDF链接,False
00006.HK,POWER ASSETS,2024,esg_report,issuer_official_website,powerassets.com,,verified,pending_report_discovery,在已核验官网域名下发现HTTPS年报/ESG报告PDF链接,False
00006.HK,POWER ASSETS,2025,annual_report,issuer_official_website,powerassets.com,,verified,pending_report_discovery,在已核验官网域名下发现HTTPS年报/ESG报告PDF链接,False
00006.HK,POWER ASSETS,2025,esg_report,issuer_official_website,powerassets.com,,verified,pending_report_discovery,在已核验官网域名下发现HTTPS年报/ESG报告PDF链接,False
000096.SZ,广聚能源,2025,annual_report,issuer_official_website,gj000096.com,,verified,pending_report_discovery,在已核验官网域名下发现HTTPS年报/ESG报告PDF链接,False
000155.SZ,川能动力,2025,annual_report,issuer_official_website,cndl155.com,,verified,pending_report_discovery,在已核验官网域名下发现HTTPS年报/ESG报告PDF链接,False
000400.SZ,许继电气,2025,annual_report,issuer_official_website,xjec.com,,verified,pending_report_discovery,在已核验官网域名下发现HTTPS年报/ESG报告PDF链接,False
000400.SZ,许继电气,2025,esg_report,issuer_official_website,xjec.com,,verified,pending_report_discovery,在已核验官网域名下发现HTTPS年报/ESG报告PDF链接,False
000407.SZ,胜利股份,2025,annual_report,issuer_official_website,vicome.com,,verified,pending_report_discovery,在已核验官网域名下发现HTTPS年报/ESG报告PDF链接,False
00042.HK,NE ELECTRIC,2024,annual_report,issuer_official_website,nee.com.cn,,verified,pending_report_discovery,在已核验官网域名下发现HTTPS年报/ESG报告PDF链接,False
00042.HK,NE ELECTRIC,2024,esg_report,issuer_official_website,nee.com.cn,,verified,pending_report_discovery,在已核验官网域名下发现HTTPS年报/ESG报告PDF链接,False
00042.HK,NE ELECTRIC,2025,annual_report,issuer_official_website,nee.com.cn,,verified,pending_report_discovery,在已核验官网域名下发现HTTPS年报/ESG报告PDF链接,False
00042.HK,NE ELECTRIC,2025,esg_report,issuer_official_website,nee.com.cn,,verified,pending_report_discovery,在已核验官网域名下发现HTTPS年报/ESG报告PDF链接,False
000421.SZ,南京公用,2025,annual_report,issuer_official_website,njpud.com,,verified,pending_report_discovery,在已核验官网域名下发现HTTPS年报/ESG报告PDF链接,False
000531.SZ,穗恒运Ａ,2025,annual_report,issuer_official_website,hengyun.com.cn,,verified,pending_report_discovery,在已核验官网域名下发现HTTPS年报/ESG报告PDF链接,False
000531.SZ,穗恒运Ａ,2025,esg_report,issuer_official_website,hengyun.com.cn,,verified,pending_report_discovery,在已核验官网域名下发现HTTPS年报/ESG报告PDF链接,False
000533.SZ,顺钠股份,2025,annual_report,issuer_official_website,shunna.com.cn,,verified,pending_report_discovery,在已核验官网域名下发现HTTPS年报/ESG报告PDF链接,False
000533.SZ,顺钠股份,2025,esg_report,issuer_official_website,shunna.com.cn,,verified,pending_report_discovery,在已核验官网域名下发现HTTPS年报/ESG报告PDF链接,False
000537.SZ,绿发电力,2025,annual_report,issuer_official_website,cge.cn,,verified,pending_report_discovery,在已核验官网域名下发现HTTPS年报/ESG报告PDF链接,False
000539.SZ,粤电力Ａ,2025,annual_report,issuer_official_website,ged.com.cn,,verified,pending_report_discovery,在已核验官网域名下发现HTTPS年报/ESG报告PDF链接,False
000543.SZ,皖能电力,2025,annual_report,issuer_official_website,stcn.com,,verified,pending_report_discovery,在已核验官网域名下发现HTTPS年报/ESG报告PDF链接,False
000543.SZ,皖能电力,2025,esg_report,issuer_official_website,stcn.com,,verified,pending_report_discovery,在已核验官网域名下发现HTTPS年报/ESG报告PDF链接,False
000554.SZ,泰山石油,2025,annual_report,issuer_official_website,,,not_submitted,pending_official_url,登记公司官网域名并人工确认域名归属，再发现报告链接,False
000554.SZ,泰山石油,2025,esg_report,issuer_official_website,,,not_submitted,pending_official_url,登记公司官网域名并人工确认域名归属，再发现报告链接,False
000591.SZ,太阳能,2025,annual_report,issuer_official_website,cecsec.cn,,verified,pending_report_discovery,在已核验官网域名下发现HTTPS年报/ESG报告PDF链接,False
000593.SZ,德龙汇能,2025,annual_report,issuer_official_website,dlceg.com,,verified,pending_report_discovery,在已核验官网域名下发现HTTPS年报/ESG报告PDF链接,False
000600.SZ,建投能源,2025,annual_report,issuer_official_website,jei.com.cn,,verified,pending_report_discovery,在已核验官网域名下发现HTTPS年报/ESG报告PDF链接,False
000600.SZ,建投能源,2025,esg_report,issuer_official_website,jei.com.cn,,verified,pending_report_discovery,在已核验官网域名下发现HTTPS年报/ESG报告PDF链接,False
000601.SZ,韶能股份,2025,annual_report,issuer_official_website,shaoneng.com.cn,,verified,pending_report_discovery,在已核验官网域名下发现HTTPS年报/ESG报告PDF链接,False
00061.HK,GREEN LEADER,2024,annual_report,issuer_official_website,irasia.com,,verified,pending_report_discovery,在已核验官网域名下发现HTTPS年报/ESG报告PDF链接,False
00061.HK,GREEN LEADER,2024,esg_report,issuer_official_website,irasia.com,,verified,pending_report_discovery,在已核验官网域名下发现HTTPS年报/ESG报告PDF链接,False
00061.HK,GREEN LEADER,2025,annual_report,issuer_official_website,irasia.com,,verified,pending_report_discovery,在已核验官网域名下发现HTTPS年报/ESG报告PDF链接,False
00061.HK,GREEN LEADER,2025,esg_report,issuer_official_website,irasia.com,,verified,pending_report_discovery,在已核验官网域名下发现HTTPS年报/ESG报告PDF链接,False
000637.SZ,茂化实华,2025,annual_report,issuer_official_website,mhshgf.cn,,verified,pending_report_discovery,在已核验官网域名下发现HTTPS年报/ESG报告PDF链接,False
00065.HK,GRAND OCEAN AR,2024,annual_report,issuer_official_website,grandocean65.com,,verified,pending_report_discovery,在已核验官网域名下发现HTTPS年报/ESG报告PDF链接,False
00065.HK,GRAND OCEAN AR,2025,annual_report,issuer_official_website,grandocean65.com,,verified,pending_report_discovery,在已核验官网域名下发现HTTPS年报/ESG报告PDF链接,False
000682.SZ,东方电子,2025,annual_report,issuer_official_website,dongfangelec.com,,verified,pending_report_discovery,在已核验官网域名下发现HTTPS年报/ESG报告PDF链接,False
000690.SZ,宝新能源,2025,annual_report,issuer_official_website,baolihua.com.cn,,verified,pending_report_discovery,在已核验官网域名下发现HTTPS年报/ESG报告PDF链接,False
000690.SZ,宝新能源,2025,esg_report,issuer_official_website,baolihua.com.cn,,verified,pending_report_discovery,在已核验官网域名下发现HTTPS年报/ESG报告PDF链接,False
000692.SZ,惠天热电,2025,annual_report,issuer_official_website,htrd.cn,,verified,pending_report_discovery,在已核验官网域名下发现HTTPS年报/ESG报告PDF链接,False
000703.SZ,恒逸石化,2025,annual_report,issuer_official_website,hengyishihua.com,,verified,pending_report_discovery,在已核验官网域名下发现HTTPS年报/ESG报告PDF链接,False
000720.SZ,新能泰山,2025,annual_report,issuer_official_website,xntsgs.com,,verified,pending_report_discovery,在已核验官网域名下发现HTTPS年报/ESG报告PDF链接,False
000722.SZ,湖南发展,2025,annual_report,issuer_official_website,hnfzgf.com,,verified,pending_report_discovery,在已核验官网域名下发现HTTPS年报/ESG报告PDF链接,False
000723.SZ,美锦能源,2025,annual_report,issuer_official_website,mjenergy.cn,,verified,pending_report_discovery,在已核验官网域名下发现HTTPS年报/ESG报告PDF链接,False
000723.SZ,美锦能源,2025,esg_report,issuer_official_website,mjenergy.cn,,verified,pending_report_discovery,在已核验官网域名下发现HTTPS年报/ESG报告PDF链接,False
000767.SZ,晋控电力,2025,annual_report,issuer_official_website,jksxpower.jnkgjtnews.com,,verified,pending_report_discovery,在已核验官网域名下发现HTTPS年报/ESG报告PDF链接,False
000767.SZ,晋控电力,2025,esg_report,issuer_official_website,jksxpower.jnkgjtnews.com,,verified,pending_report_discovery,在已核验官网域名下发现HTTPS年报/ESG报告PDF链接,False
000791.SZ,甘肃能源,2025,annual_report,issuer_official_website,nyfz.gepic.cn,,verified,pending_report_discovery,在已核验官网域名下发现HTTPS年报/ESG报告PDF链接,False
000791.SZ,甘肃能源,2025,esg_report,issuer_official_website,nyfz.gepic.cn,,verified,pending_report_discovery,在已核验官网域名下发现HTTPS年报/ESG报告PDF链接,False
000819.SZ,岳阳兴长,2025,annual_report,issuer_official_website,yyxc0819.com,,verified,pending_report_discovery,在已核验官网域名下发现HTTPS年报/ESG报告PDF链接,False
000819.SZ,岳阳兴长,2025,esg_report,issuer_official_website,yyxc0819.com,,verified,pending_report_discovery,在已核验官网域名下发现HTTPS年报/ESG报告PDF链接,False
000862.SZ,银星能源,2025,annual_report,issuer_official_website,yxny.chinalco.com.cn,,verified,pending_report_discovery,在已核验官网域名下发现HTTPS年报/ESG报告PDF链接,False
000862.SZ,银星能源,2025,esg_report,issuer_official_website,yxny.chinalco.com.cn,,verified,pending_report_discovery,在已核验官网域名下发现HTTPS年报/ESG报告PDF链接,False
000875.SZ,电投绿能,2025,annual_report,issuer_official_website,spicjl.com,,verified,pending_report_discovery,在已核验官网域名下发现HTTPS年报/ESG报告PDF链接,False
000883.SZ,湖北能源,2025,annual_report,issuer_official_website,hbny.com.cn,,verified,pending_report_discovery,在已核验官网域名下发现HTTPS年报/ESG报告PDF链接,False
000899.SZ,赣能股份,2025,annual_report,issuer_official_website,000899.com,,verified,pending_report_discovery,在已核验官网域名下发现HTTPS年报/ESG报告PDF链接,False
000899.SZ,赣能股份,2025,esg_report,issuer_official_website,000899.com,,verified,pending_report_discovery,在已核验官网域名下发现HTTPS年报/ESG报告PDF链接,False
000922.SZ,佳电股份,2025,annual_report,issuer_official_website,jemlc.com,,verified,pending_report_discovery,在已核验官网域名下发现HTTPS年报/ESG报告PDF链接,False
000922.SZ,佳电股份,2025,esg_report,issuer_official_website,jemlc.com,,verified,pending_report_discovery,在已核验官网域名下发现HTTPS年报/ESG报告PDF链接,False
000937.SZ,冀中能源,2025,annual_report,issuer_official_website,jznygf.com,,verified,pending_report_discovery,在已核验官网域名下发现HTTPS年报/ESG报告PDF链接,False
000937.SZ,冀中能源,2025,esg_report,issuer_official_website,jznygf.com,,verified,pending_report_discovery,在已核验官网域名下发现HTTPS年报/ESG报告PDF链接,False
000966.SZ,长源电力,2025,annual_report,issuer_official_website,cydl.com.cn,,verified,pending_report_discovery,在已核验官网域名下发现HTTPS年报/ESG报告PDF链接,False
000968.SZ,蓝焰控股,2025,annual_report,issuer_official_website,sxlykg.huaxingas.com,,verified,pending_report_discovery,在已核验官网域名下发现HTTPS年报/ESG报告PDF链接,False
000993.SZ,闽东电力,2025,annual_report,issuer_official_website,mdep.com.cn,,verified,pending_report_discovery,在已核验官网域名下发现HTTPS年报/ESG报告PDF链接,False
001208.SZ,华菱线缆,2025,annual_report,issuer_official_website,hlxl.com,,verified,pending_report_discovery,在已核验官网域名下发现HTTPS年报/ESG报告PDF链接,False
001258.SZ,立新能源,2025,annual_report,issuer_official_website,,,not_submitted,pending_official_url,登记公司官网域名并人工确认域名归属，再发现报告链接,False
001269.SZ,欧晶科技,2025,annual_report,issuer_official_website,ojingquartz.com,,verified,pending_report_discovery,在已核验官网域名下发现HTTPS年报/ESG报告PDF链接,False
001283.SZ,豪鹏科技,2025,annual_report,issuer_official_website,highpowertech.com,,verified,pending_report_discovery,在已核验官网域名下发现HTTPS年报/ESG报告PDF链接,False
001289.SZ,龙源电力,2025,annual_report,issuer_official_website,clypg.com.cn,,verified,pending_report_discovery,在已核验官网域名下发现HTTPS年报/ESG报告PDF链接,False
001299.SZ,美能能源,2025,annual_report,issuer_official_website,meinenggas.com,,verified,pending_report_discovery,在已核验官网域名下发现HTTPS年报/ESG报告PDF链接,False
001299.SZ,美能能源,2025,esg_report,issuer_official_website,meinenggas.com,,verified,pending_report_discovery,在已核验官网域名下发现HTTPS年报/ESG报告PDF链接,False
001301.SZ,尚太科技,2025,annual_report,issuer_official_website,shangtaitech.com,,verified,pending_report_discovery,在已核验官网域名下发现HTTPS年报/ESG报告PDF链接,False
001301.SZ,尚太科技,2025,esg_report,issuer_official_website,shangtaitech.com,,verified,pending_report_discovery,在已核验官网域名下发现HTTPS年报/ESG报告PDF链接,False
001331.SZ,胜通能源,2025,annual_report,issuer_official_website,senton.cn,,verified,pending_report_discovery,在已核验官网域名下发现HTTPS年报/ESG报告PDF链接,False
00135.HK,KUNLUN ENERGY,2024,annual_report,issuer_official_website,kunlun.com.hk,,verified,pending_report_discovery,在已核验官网域名下发现HTTPS年报/ESG报告PDF链接,False
00135.HK,KUNLUN ENERGY,2024,esg_report,issuer_official_website,kunlun.com.hk,,verified,pending_report_discovery,在已核验官网域名下发现HTTPS年报/ESG报告PDF链接,False
00135.HK,KUNLUN ENERGY,2025,annual_report,issuer_official_website,kunlun.com.hk,,verified,pending_report_discovery,在已核验官网域名下发现HTTPS年报/ESG报告PDF链接,False
00135.HK,KUNLUN ENERGY,2025,esg_report,issuer_official_website,kunlun.com.hk,,verified,pending_report_discovery,在已核验官网域名下发现HTTPS年报/ESG报告PDF链接,False
001376.SZ,百通能源,2025,annual_report,issuer_official_website,jjckb.cn,,verified,pending_report_discovery,在已核验官网域名下发现HTTPS年报/ESG报告PDF链接,False
00182.HK,CONCORD NE,2024,annual_report,issuer_official_website,cnegroup.com,,verified,pending_report_discovery,在已核验官网域名下发现HTTPS年报/ESG报告PDF链接,False
00182.HK,CONCORD NE,2024,esg_report,issuer_official_website,cnegroup.com,,verified,pending_report_discovery,在已核验官网域名下发现HTTPS年报/ESG报告PDF链接,False
00182.HK,CONCORD NE,2025,annual_report,issuer_official_website,cnegroup.com,,verified,pending_report_discovery,在已核验官网域名下发现HTTPS年报/ESG报告PDF链接,False
00182.HK,CONCORD NE,2025,esg_report,issuer_official_website,cnegroup.com,,verified,pending_report_discovery,在已核验官网域名下发现HTTPS年报/ESG报告PDF链接,False
001896.SZ,豫能控股,2025,annual_report,issuer_official_website,yuneng.com.cn,,verified,pending_report_discovery,在已核验官网域名下发现HTTPS年报/ESG报告PDF链接,False
00196.HK,HONGHUA GROUP,2024,annual_report,issuer_official_website,hh-gltd.com,,verified,pending_report_discovery,在已核验官网域名下发现HTTPS年报/ESG报告PDF链接,False
00196.HK,HONGHUA GROUP,2024,esg_report,issuer_official_website,hh-gltd.com,,verified,pending_report_discovery,在已核验官网域名下发现HTTPS年报/ESG报告PDF链接,False
00196.HK,HONGHUA GROUP,2025,annual_report,issuer_official_website,hh-gltd.com,,verified,pending_report_discovery,在已核验官网域名下发现HTTPS年报/ESG报告PDF链接,False
00196.HK,HONGHUA GROUP,2025,esg_report,issuer_official_website,hh-gltd.com,,verified,pending_report_discovery,在已核验官网域名下发现HTTPS年报/ESG报告PDF链接,False
002015.SZ,协鑫能科,2025,annual_report,issuer_official_website,gcl-et.com,,verified,pending_report_discovery,在已核验官网域名下发现HTTPS年报/ESG报告PDF链接,False
002015.SZ,协鑫能科,2025,esg_report,issuer_official_website,gcl-et.com,,verified,pending_report_discovery,在已核验官网域名下发现HTTPS年报/ESG报告PDF链接,False
002028.SZ,思源电气,2025,annual_report,issuer_official_website,rs.stcn.com,,verified,pending_report_discovery,在已核验官网域名下发现HTTPS年报/ESG报告PDF链接,False
002028.SZ,思源电气,2025,esg_report,issuer_official_website,rs.stcn.com,,verified,pending_report_discovery,在已核验官网域名下发现HTTPS年报/ESG报告PDF链接,False
002039.SZ,黔源电力,2025,annual_report,issuer_official_website,gzqydl.cn,,verified,pending_report_discovery,在已核验官网域名下发现HTTPS年报/ESG报告PDF链接,False
002056.SZ,横店东磁,2025,annual_report,issuer_official_website,dmegc.com.cn,,verified,pending_report_discovery,在已核验官网域名下发现HTTPS年报/ESG报告PDF链接,False
00206.HK,CM-ENERGY,2024,annual_report,issuer_official_website,cm-energy.com,,verified,pending_report_discovery,在已核验官网域名下发现HTTPS年报/ESG报告PDF链接,False
00206.HK,CM-ENERGY,2025,annual_report,issuer_official_website,cm-energy.com,,verified,pending_report_discovery,在已核验官网域名下发现HTTPS年报/ESG报告PDF链接,False
002060.SZ,广东建工,2025,annual_report,issuer_official_website,gdcegs.com,,verified,pending_report_discovery,在已核验官网域名下发现HTTPS年报/ESG报告PDF链接,False
002074.SZ,国轩高科,2025,annual_report,issuer_official_website,gotion.com.cn,,verified,pending_report_discovery,在已核验官网域名下发现HTTPS年报/ESG报告PDF链接,False
002074.SZ,国轩高科,2025,esg_report,issuer_official_website,gotion.com.cn,,verified,pending_report_discovery,在已核验官网域名下发现HTTPS年报/ESG报告PDF链接,False
002090.SZ,金智科技,2025,annual_report,issuer_official_website,wiscom.com.cn,,verified,pending_report_discovery,在已核验官网域名下发现HTTPS年报/ESG报告PDF链接,False
002090.SZ,金智科技,2025,esg_report,issuer_official_website,wiscom.com.cn,,verified,pending_report_discovery,在已核验官网域名下发现HTTPS年报/ESG报告PDF链接,False
002112.SZ,三变科技,2025,annual_report,issuer_official_website,sanbian.cn,,verified,pending_report_discovery,在已核验官网域名下发现HTTPS年报/ESG报告PDF链接,False
002121.SZ,科陆电子,2025,annual_report,issuer_official_website,szclou.com,,verified,pending_report_discovery,在已核验官网域名下发现HTTPS年报/ESG报告PDF链接,False
002125.SZ,湘潭电化,2025,annual_report,issuer_official_website,chinaemd.com,,verified,pending_report_discovery,在已核验官网域名下发现HTTPS年报/ESG报告PDF链接,False
002128.SZ,电投能源,2025,annual_report,issuer_official_website,,,not_submitted,pending_official_url,登记公司官网域名并人工确认域名归属，再发现报告链接,False
002128.SZ,电投能源,2025,esg_report,issuer_official_website,,,not_submitted,pending_official_url,登记公司官网域名并人工确认域名归属，再发现报告链接,False
002129.SZ,TCL中环,2025,annual_report,issuer_official_website,tzeco.com,,verified,pending_report_discovery,在已核验官网域名下发现HTTPS年报/ESG报告PDF链接,False
002129.SZ,TCL中环,2025,esg_report,issuer_official_website,tzeco.com,,verified,pending_report_discovery,在已核验官网域名下发现HTTPS年报/ESG报告PDF链接,False
002169.SZ,智光电气,2025,annual_report,issuer_official_website,gzzg.com.cn,,verified,pending_report_discovery,在已核验官网域名下发现HTTPS年报/ESG报告PDF链接,False
002196.SZ,方正电机,2025,annual_report,issuer_official_website,fdm.com.cn,,verified,pending_report_discovery,在已核验官网域名下发现HTTPS年报/ESG报告PDF链接,False
002202.SZ,金风科技,2025,annual_report,issuer_official_website,plcsj.cn,,verified,pending_report_discovery,在已核验官网域名下发现HTTPS年报/ESG报告PDF链接,False
002202.SZ,金风科技,2025,esg_report,issuer_official_website,plcsj.cn,,verified,pending_report_discovery,在已核验官网域名下发现HTTPS年报/ESG报告PDF链接,False
002218.SZ,拓日新能,2025,annual_report,issuer_official_website,topraysolar.com,,verified,pending_report_discovery,在已核验官网域名下发现HTTPS年报/ESG报告PDF链接,False
002221.SZ,东华能源,2025,annual_report,issuer_official_website,chinadhe.com,,verified,pending_report_discovery,在已核验官网域名下发现HTTPS年报/ESG报告PDF链接,False
002245.SZ,蔚蓝锂芯,2025,annual_report,issuer_official_website,azurecorp.com,,verified,pending_report_discovery,在已核验官网域名下发现HTTPS年报/ESG报告PDF链接,False
002245.SZ,蔚蓝锂芯,2025,esg_report,issuer_official_website,azurecorp.com,,verified,pending_report_discovery,在已核验官网域名下发现HTTPS年报/ESG报告PDF链接,False
002249.SZ,大洋电机,2025,annual_report,issuer_official_website,broad-ocean.com,,verified,pending_report_discovery,在已核验官网域名下发现HTTPS年报/ESG报告PDF链接,False
002255.SZ,海陆重工,2025,annual_report,issuer_official_website,hailu-boiler.cn,,verified,pending_report_discovery,在已核验官网域名下发现HTTPS年报/ESG报告PDF链接,False
002259.SZ,升达林业,2025,annual_report,issuer_official_website,shengdawood.com,,verified,pending_report_discovery,在已核验官网域名下发现HTTPS年报/ESG报告PDF链接,False
002267.SZ,陕天然气,2025,annual_report,issuer_official_website,shaanxigas.com,,verified,pending_report_discovery,在已核验官网域名下发现HTTPS年报/ESG报告PDF链接,False
002267.SZ,陕天然气,2025,esg_report,issuer_official_website,shaanxigas.com,,verified,pending_report_discovery,在已核验官网域名下发现HTTPS年报/ESG报告PDF链接,False
002270.SZ,华明装备,2025,annual_report,issuer_official_website,huaming.com,,verified,pending_report_discovery,在已核验官网域名下发现HTTPS年报/ESG报告PDF链接,False
002276.SZ,万马股份,2025,annual_report,issuer_official_website,wanmaco.com,,verified,pending_report_discovery,在已核验官网域名下发现HTTPS年报/ESG报告PDF链接,False
00228.HK,CHINA ENERGY,2024,annual_report,issuer_official_website,hkicpa.org.hk,,verified,pending_report_discovery,在已核验官网域名下发现HTTPS年报/ESG报告PDF链接,False
00228.HK,CHINA ENERGY,2024,esg_report,issuer_official_website,hkicpa.org.hk,,verified,pending_report_discovery,在已核验官网域名下发现HTTPS年报/ESG报告PDF链接,False
00228.HK,CHINA ENERGY,2025,annual_report,issuer_official_website,hkicpa.org.hk,,verified,pending_report_discovery,在已核验官网域名下发现HTTPS年报/ESG报告PDF链接,False
00228.HK,CHINA ENERGY,2025,esg_report,issuer_official_website,hkicpa.org.hk,,verified,pending_report_discovery,在已核验官网域名下发现HTTPS年报/ESG报告PDF链接,False
002300.SZ,太阳电缆,2025,annual_report,issuer_official_website,npcable.com,,verified,pending_report_discovery,在已核验官网域名下发现HTTPS年报/ESG报告PDF链接,False
002300.SZ,太阳电缆,2025,esg_report,issuer_official_website,npcable.com,,verified,pending_report_discovery,在已核验官网域名下发现HTTPS年报/ESG报告PDF链接,False
002309.SZ,中利集团,2025,annual_report,issuer_official_website,zhongli.com,,verified,pending_report_discovery,在已核验官网域名下发现HTTPS年报/ESG报告PDF链接,False
002335.SZ,科华数据,2025,annual_report,issuer_official_website,kehua.com.cn,,verified,pending_report_discovery,在已核验官网域名下发现HTTPS年报/ESG报告PDF链接,False
002339.SZ,积成电子,2025,annual_report,issuer_official_website,ieslab.com.cn,,verified,pending_report_discovery,在已核验官网域名下发现HTTPS年报/ESG报告PDF链接,False
002340.SZ,格林美,2025,annual_report,issuer_official_website,gem.com.cn,,verified,pending_report_discovery,在已核验官网域名下发现HTTPS年报/ESG报告PDF链接,False
002340.SZ,格林美,2025,esg_report,issuer_official_website,gem.com.cn,,verified,pending_report_discovery,在已核验官网域名下发现HTTPS年报/ESG报告PDF链接,False
002346.SZ,柘中股份,2025,annual_report,issuer_official_website,zhezhong.com,,verified,pending_report_discovery,在已核验官网域名下发现HTTPS年报/ESG报告PDF链接,False
002350.SZ,北京科锐,2025,annual_report,issuer_official_website,creat-gr.com,,verified,pending_report_discovery,在已核验官网域名下发现HTTPS年报/ESG报告PDF链接,False
002350.SZ,北京科锐,2025,esg_report,issuer_official_website,creat-gr.com,,verified,pending_report_discovery,在已核验官网域名下发现HTTPS年报/ESG报告PDF链接,False
002358.SZ,森源电气,2025,annual_report,issuer_official_website,hnsyec.com,,verified,pending_report_discovery,在已核验官网域名下发现HTTPS年报/ESG报告PDF链接,False
002364.SZ,中恒电气,2025,annual_report,issuer_official_website,hzzh.com,,verified,pending_report_discovery,在已核验官网域名下发现HTTPS年报/ESG报告PDF链接,False
002366.SZ,融发核电,2025,annual_report,issuer_official_website,ytthm.com,,verified,pending_report_discovery,在已核验官网域名下发现HTTPS年报/ESG报告PDF链接,False
002441.SZ,众业达,2025,annual_report,issuer_official_website,zqrb.cn,,verified,pending_report_discovery,在已核验官网域名下发现HTTPS年报/ESG报告PDF链接,False
002451.SZ,摩恩电气,2025,annual_report,issuer_official_website,mornelectric.com,,verified,pending_report_discovery,在已核验官网域名下发现HTTPS年报/ESG报告PDF链接,False
002452.SZ,长高电新,2025,annual_report,issuer_official_website,changgaogroup.com,,verified,pending_report_discovery,在已核验官网域名下发现HTTPS年报/ESG报告PDF链接,False
002459.SZ,晶澳科技,2025,annual_report,issuer_official_website,bia.hinature.cn,,verified,pending_report_discovery,在已核验官网域名下发现HTTPS年报/ESG报告PDF链接,False
002459.SZ,晶澳科技,2025,esg_report,issuer_official_website,bia.hinature.cn,,verified,pending_report_discovery,在已核验官网域名下发现HTTPS年报/ESG报告PDF链接,False
002471.SZ,中超控股,2025,annual_report,issuer_official_website,zcdlgf.com,,verified,pending_report_discovery,在已核验官网域名下发现HTTPS年报/ESG报告PDF链接,False
002479.SZ,富春环保,2025,annual_report,issuer_official_website,zhefuet.com,,verified,pending_report_discovery,在已核验官网域名下发现HTTPS年报/ESG报告PDF链接,False
002479.SZ,富春环保,2025,esg_report,issuer_official_website,zhefuet.com,,verified,pending_report_discovery,在已核验官网域名下发现HTTPS年报/ESG报告PDF链接,False
002487.SZ,大金重工,2025,annual_report,issuer_official_website,dajin.cn,,verified,pending_report_discovery,在已核验官网域名下发现HTTPS年报/ESG报告PDF链接,False
002487.SZ,大金重工,2025,esg_report,issuer_official_website,dajin.cn,,verified,pending_report_discovery,在已核验官网域名下发现HTTPS年报/ESG报告PDF链接,False
002490.SZ,山东墨龙,2025,annual_report,issuer_official_website,molonggroup.com,,verified,pending_report_discovery,在已核验官网域名下发现HTTPS年报/ESG报告PDF链接,False
002493.SZ,荣盛石化,2025,annual_report,issuer_official_website,cnrspc.com,,verified,pending_report_discovery,在已核验官网域名下发现HTTPS年报/ESG报告PDF链接,False
002493.SZ,荣盛石化,2025,esg_report,issuer_official_website,cnrspc.com,,verified,pending_report_discovery,在已核验官网域名下发现HTTPS年报/ESG报告PDF链接,False
002498.SZ,汉缆股份,2025,annual_report,issuer_official_website,hanhe-cable.com,,verified,pending_report_discovery,在已核验官网域名下发现HTTPS年报/ESG报告PDF链接,False
002506.SZ,协鑫集成,2025,annual_report,issuer_official_website,gclsi.com,,verified,pending_report_discovery,在已核验官网域名下发现HTTPS年报/ESG报告PDF链接,False
002506.SZ,协鑫集成,2025,esg_report,issuer_official_website,gclsi.com,,verified,pending_report_discovery,在已核验官网域名下发现HTTPS年报/ESG报告PDF链接,False
002518.SZ,科士达,2025,annual_report,issuer_official_website,kstar.com.cn,,verified,pending_report_discovery,在已核验官网域名下发现HTTPS年报/ESG报告PDF链接,False
002527.SZ,新时达,2025,annual_report,issuer_official_website,zqrb.cn,,verified,pending_report_discovery,在已核验官网域名下发现HTTPS年报/ESG报告PDF链接,False
002527.SZ,新时达,2025,esg_report,issuer_official_website,zqrb.cn,,verified,pending_report_discovery,在已核验官网域名下发现HTTPS年报/ESG报告PDF链接,False
002531.SZ,天顺风能,2025,annual_report,issuer_official_website,titanwind.com.cn,,verified,pending_report_discovery,在已核验官网域名下发现HTTPS年报/ESG报告PDF链接,False
002531.SZ,天顺风能,2025,esg_report,issuer_official_website,titanwind.com.cn,,verified,pending_report_discovery,在已核验官网域名下发现HTTPS年报/ESG报告PDF链接,False
002533.SZ,金杯电工,2025,annual_report,issuer_official_website,gold-cup.cn,,verified,pending_report_discovery,在已核验官网域名下发现HTTPS年报/ESG报告PDF链接,False
002534.SZ,西子洁能,2025,annual_report,issuer_official_website,xizice.com,,verified,pending_report_discovery,在已核验官网域名下发现HTTPS年报/ESG报告PDF链接,False
002546.SZ,新联电子,2025,annual_report,issuer_official_website,xldz.com,,verified,pending_report_discovery,在已核验官网域名下发现HTTPS年报/ESG报告PDF链接,False
002560.SZ,通达股份,2025,annual_report,issuer_official_website,hntddl.com,,verified,pending_report_discovery,在已核验官网域名下发现HTTPS年报/ESG报告PDF链接,False
002560.SZ,通达股份,2025,esg_report,issuer_official_website,hntddl.com,,verified,pending_report_discovery,在已核验官网域名下发现HTTPS年报/ESG报告PDF链接,False
002576.SZ,通达动力,2025,annual_report,issuer_official_website,tdchina.com,,verified,pending_report_discovery,在已核验官网域名下发现HTTPS年报/ESG报告PDF链接,False
002580.SZ,圣阳股份,2025,annual_report,issuer_official_website,sacredsun.cn,,verified,pending_report_discovery,在已核验官网域名下发现HTTPS年报/ESG报告PDF链接,False
002606.SZ,大连电瓷,2025,annual_report,issuer_official_website,insulators.cn,,verified,pending_report_discovery,在已核验官网域名下发现HTTPS年报/ESG报告PDF链接,False
002608.SZ,江苏国信,2025,annual_report,issuer_official_website,jsgxgf.com,,verified,pending_report_discovery,在已核验官网域名下发现HTTPS年报/ESG报告PDF链接,False
002616.SZ,长青集团,2025,annual_report,issuer_official_website,sgnec.sgcc.com.cn,,verified,pending_report_discovery,在已核验官网域名下发现HTTPS年报/ESG报告PDF链接,False
002623.SZ,亚玛顿,2025,annual_report,issuer_official_website,czamd.com,,verified,pending_report_discovery,在已核验官网域名下发现HTTPS年报/ESG报告PDF链接,False
002629.SZ,仁智股份,2025,annual_report,issuer_official_website,chinarenzhi.com,,verified,pending_report_discovery,在已核验官网域名下发现HTTPS年报/ESG报告PDF链接,False
002692.SZ,远程股份,2025,annual_report,issuer_official_website,yccable.cn,,verified,pending_report_discovery,在已核验官网域名下发现HTTPS年报/ESG报告PDF链接,False
002700.SZ,万憬能源,2025,annual_report,issuer_official_website,002700.cn,,verified,pending_report_discovery,在已核验官网域名下发现HTTPS年报/ESG报告PDF链接,False
002700.SZ,万憬能源,2025,esg_report,issuer_official_website,002700.cn,,verified,pending_report_discovery,在已核验官网域名下发现HTTPS年报/ESG报告PDF链接,False
002706.SZ,良信股份,2025,annual_report,issuer_official_website,recognition.ecovadis.com,,verified,pending_report_discovery,在已核验官网域名下发现HTTPS年报/ESG报告PDF链接,False
002706.SZ,良信股份,2025,esg_report,issuer_official_website,recognition.ecovadis.com,,verified,pending_report_discovery,在已核验官网域名下发现HTTPS年报/ESG报告PDF链接,False
002709.SZ,天赐材料,2025,annual_report,issuer_official_website,tinci.com,,verified,pending_report_discovery,在已核验官网域名下发现HTTPS年报/ESG报告PDF链接,False
002709.SZ,天赐材料,2025,esg_report,issuer_official_website,tinci.com,,verified,pending_report_discovery,在已核验官网域名下发现HTTPS年报/ESG报告PDF链接,False
002733.SZ,雄韬股份,2025,annual_report,issuer_official_website,hjtj.cnemc.cn,,verified,pending_report_discovery,在已核验官网域名下发现HTTPS年报/ESG报告PDF链接,False
00276.HK,MONGOLIA ENERGY,2025,annual_report,issuer_official_website,statista.com,,verified,pending_report_discovery,在已核验官网域名下发现HTTPS年报/ESG报告PDF链接,False
00276.HK,MONGOLIA ENERGY,2025,esg_report,issuer_official_website,statista.com,,verified,pending_report_discovery,在已核验官网域名下发现HTTPS年报/ESG报告PDF链接,False
00276.HK,MONGOLIA ENERGY,2026,annual_report,issuer_official_website,statista.com,,verified,pending_report_discovery,在已核验官网域名下发现HTTPS年报/ESG报告PDF链接,False
00276.HK,MONGOLIA ENERGY,2026,esg_report,issuer_official_website,statista.com,,verified,pending_report_discovery,在已核验官网域名下发现HTTPS年报/ESG报告PDF链接,False
002801.SZ,微光股份,2025,annual_report,issuer_official_website,wgmotor.com,,verified,pending_report_discovery,在已核验官网域名下发现HTTPS年报/ESG报告PDF链接,False
002801.SZ,微光股份,2025,esg_report,issuer_official_website,wgmotor.com,,verified,pending_report_discovery,在已核验官网域名下发现HTTPS年报/ESG报告PDF链接,False
002805.SZ,丰元股份,2025,annual_report,issuer_official_website,fengyuanhuaxue.com,,verified,pending_report_discovery,在已核验官网域名下发现HTTPS年报/ESG报告PDF链接,False
002812.SZ,恩捷股份,2025,annual_report,issuer_official_website,semcorp.com,,verified,pending_report_discovery,在已核验官网域名下发现HTTPS年报/ESG报告PDF链接,False
002823.SZ,凯中精密,2025,annual_report,issuer_official_website,kaizhong.com,,verified,pending_report_discovery,在已核验官网域名下发现HTTPS年报/ESG报告PDF链接,False
002828.SZ,贝肯能源,2025,annual_report,issuer_official_website,beiken.com,,verified,pending_report_discovery,在已核验官网域名下发现HTTPS年报/ESG报告PDF链接,False
002850.SZ,科达利,2025,annual_report,issuer_official_website,kedali.com.cn,,verified,pending_report_discovery,在已核验官网域名下发现HTTPS年报/ESG报告PDF链接,False
002851.SZ,麦格米特,2025,annual_report,issuer_official_website,megmeet.com,,verified,pending_report_discovery,在已核验官网域名下发现HTTPS年报/ESG报告PDF链接,False
002857.SZ,三晖电气,2025,annual_report,issuer_official_website,cnsms.com,,verified,pending_report_discovery,在已核验官网域名下发现HTTPS年报/ESG报告PDF链接,False
002865.SZ,钧达股份,2025,annual_report,issuer_official_website,jietaisolar.com,,verified,pending_report_discovery,在已核验官网域名下发现HTTPS年报/ESG报告PDF链接,False
002865.SZ,钧达股份,2025,esg_report,issuer_official_website,jietaisolar.com,,verified,pending_report_discovery,在已核验官网域名下发现HTTPS年报/ESG报告PDF链接,False
002879.SZ,长缆科技,2025,annual_report,issuer_official_website,csdlfj.com,,verified,pending_report_discovery,在已核验官网域名下发现HTTPS年报/ESG报告PDF链接,False
002882.SZ,金龙羽,2025,annual_report,issuer_official_website,csg.cn,,verified,pending_report_discovery,在已核验官网域名下发现HTTPS年报/ESG报告PDF链接,False
002892.SZ,科力尔,2025,annual_report,issuer_official_website,kelimotor.com,,verified,pending_report_discovery,在已核验官网域名下发现HTTPS年报/ESG报告PDF链接,False
002893.SZ,京能热力,2025,annual_report,issuer_official_website,bevoice.com.cn,,verified,pending_report_discovery,在已核验官网域名下发现HTTPS年报/ESG报告PDF链接,False
002911.SZ,佛燃能源,2025,annual_report,issuer_official_website,fsgas.com,,verified,pending_report_discovery,在已核验官网域名下发现HTTPS年报/ESG报告PDF链接,False
002927.SZ,泰永长征,2025,annual_report,issuer_official_website,tyt.net,,verified,pending_report_discovery,在已核验官网域名下发现HTTPS年报/ESG报告PDF链接,False
002927.SZ,泰永长征,2025,esg_report,issuer_official_website,tyt.net,,verified,pending_report_discovery,在已核验官网域名下发现HTTPS年报/ESG报告PDF链接,False
00295.HK,KONG SUN HOLD,2024,annual_report,issuer_official_website,kongsun.com,,verified,pending_report_discovery,在已核验官网域名下发现HTTPS年报/ESG报告PDF链接,False
00295.HK,KONG SUN HOLD,2025,annual_report,issuer_official_website,kongsun.com,,verified,pending_report_discovery,在已核验官网域名下发现HTTPS年报/ESG报告PDF链接,False
002953.SZ,日丰股份,2025,annual_report,issuer_official_website,rfcable.com.cn,,verified,pending_report_discovery,在已核验官网域名下发现HTTPS年报/ESG报告PDF链接,False
002980.SZ,华盛昌,2025,annual_report,issuer_official_website,cem-instruments.com,,verified,pending_report_discovery,在已核验官网域名下发现HTTPS年报/ESG报告PDF链接,False
002986.SZ,宇新股份,2025,annual_report,issuer_official_website,yussen.com.cn,,verified,pending_report_discovery,在已核验官网域名下发现HTTPS年报/ESG报告PDF链接,False
002986.SZ,宇新股份,2025,esg_report,issuer_official_website,yussen.com.cn,,verified,pending_report_discovery,在已核验官网域名下发现HTTPS年报/ESG报告PDF链接,False
003021.SZ,兆威机电,2025,annual_report,issuer_official_website,szzhaowei.net,,verified,pending_report_discovery,在已核验官网域名下发现HTTPS年报/ESG报告PDF链接,False
003022.SZ,联泓新科,2025,annual_report,issuer_official_website,levima.cn,,verified,pending_report_discovery,在已核验官网域名下发现HTTPS年报/ESG报告PDF链接,False
003035.SZ,南网能源,2025,annual_report,issuer_official_website,csg.cn,,verified,pending_report_discovery,在已核验官网域名下发现HTTPS年报/ESG报告PDF链接,False
003035.SZ,南网能源,2025,esg_report,issuer_official_website,csg.cn,,verified,pending_report_discovery,在已核验官网域名下发现HTTPS年报/ESG报告PDF链接,False
00332.HK,YUANHENG GAS,2024,esg_report,issuer_official_website,yuanhenggas.com,,verified,pending_report_discovery,在已核验官网域名下发现HTTPS年报/ESG报告PDF链接,False
00332.HK,YUANHENG GAS,2025,annual_report,issuer_official_website,yuanhenggas.com,,verified,pending_report_discovery,在已核验官网域名下发现HTTPS年报/ESG报告PDF链接,False
00332.HK,YUANHENGGAS-NEW,2025,esg_report,issuer_official_website,yuanhenggas.com,,verified,pending_report_discovery,在已核验官网域名下发现HTTPS年报/ESG报告PDF链接,False
00332.HK,YUANHENGGAS-NEW,2026,annual_report,issuer_official_website,yuanhenggas.com,,verified,pending_report_discovery,在已核验官网域名下发现HTTPS年报/ESG报告PDF链接,False
00346.HK,YANCHANG PETRO,2024,annual_report,issuer_official_website,yanchanginternational.com,,verified,pending_report_discovery,在已核验官网域名下发现HTTPS年报/ESG报告PDF链接,False
00346.HK,YANCHANG PETRO,2024,esg_report,issuer_official_website,yanchanginternational.com,,verified,pending_report_discovery,在已核验官网域名下发现HTTPS年报/ESG报告PDF链接,False
00346.HK,YANCHANG PETRO,2025,annual_report,issuer_official_website,yanchanginternational.com,,verified,pending_report_discovery,在已核验官网域名下发现HTTPS年报/ESG报告PDF链接,False
00346.HK,YANCHANG PETRO,2025,esg_report,issuer_official_website,yanchanginternational.com,,verified,pending_report_discovery,在已核验官网域名下发现HTTPS年报/ESG报告PDF链接,False
00353.HK,ENERGY INTINV,2024,annual_report,issuer_official_website,website.energyintinv.wisdomir.com,,verified,pending_report_discovery,在已核验官网域名下发现HTTPS年报/ESG报告PDF链接,False
00353.HK,ENERGY INTINV,2024,esg_report,issuer_official_website,website.energyintinv.wisdomir.com,,verified,pending_report_discovery,在已核验官网域名下发现HTTPS年报/ESG报告PDF链接,False
00353.HK,ENERGY INTINV,2025,annual_report,issuer_official_website,website.energyintinv.wisdomir.com,,verified,pending_report_discovery,在已核验官网域名下发现HTTPS年报/ESG报告PDF链接,False
003816.SZ,中国广核,2025,annual_report,issuer_official_website,cgnp.com.cn,,verified,pending_report_discovery,在已核验官网域名下发现HTTPS年报/ESG报告PDF链接,False
00384.HK,CHINA GAS HOLD,2024,annual_report,issuer_official_website,chinagasholdings.com.hk,,verified,pending_report_discovery,在已核验官网域名下发现HTTPS年报/ESG报告PDF链接,False
00384.HK,CHINA GAS HOLD,2024,esg_report,issuer_official_website,chinagasholdings.com.hk,,verified,pending_report_discovery,在已核验官网域名下发现HTTPS年报/ESG报告PDF链接,False
00384.HK,CHINA GAS HOLD,2025,annual_report,issuer_official_website,chinagasholdings.com.hk,,verified,pending_report_discovery,在已核验官网域名下发现HTTPS年报/ESG报告PDF链接,False
00384.HK,CHINA GAS HOLD,2025,esg_report,issuer_official_website,chinagasholdings.com.hk,,verified,pending_report_discovery,在已核验官网域名下发现HTTPS年报/ESG报告PDF链接,False
00392.HK,BEIJING ENT,2024,annual_report,issuer_official_website,behl.com.hk,,verified,pending_report_discovery,在已核验官网域名下发现HTTPS年报/ESG报告PDF链接,False
00392.HK,BEIJING ENT,2024,esg_report,issuer_official_website,behl.com.hk,,verified,pending_report_discovery,在已核验官网域名下发现HTTPS年报/ESG报告PDF链接,False
00392.HK,BEIJING ENT,2025,annual_report,issuer_official_website,behl.com.hk,,verified,pending_report_discovery,在已核验官网域名下发现HTTPS年报/ESG报告PDF链接,False
00392.HK,BEIJING ENT,2025,esg_report,issuer_official_website,behl.com.hk,,verified,pending_report_discovery,在已核验官网域名下发现HTTPS年报/ESG报告PDF链接,False
00451.HK,GCL NEWENERGY,2024,annual_report,issuer_official_website,gclnewenergy.com,,verified,pending_report_discovery,在已核验官网域名下发现HTTPS年报/ESG报告PDF链接,False
00451.HK,GCL NEWENERGY,2024,esg_report,issuer_official_website,gclnewenergy.com,,verified,pending_report_discovery,在已核验官网域名下发现HTTPS年报/ESG报告PDF链接,False
00451.HK,GCL NEWENERGY,2025,annual_report,issuer_official_website,gclnewenergy.com,,verified,pending_report_discovery,在已核验官网域名下发现HTTPS年报/ESG报告PDF链接,False
00451.HK,GCL NEWENERGY,2025,esg_report,issuer_official_website,gclnewenergy.com,,verified,pending_report_discovery,在已核验官网域名下发现HTTPS年报/ESG报告PDF链接,False
00467.HK,UNITEDENERGY GP,2018,annual_report,issuer_official_website,uegl.com.hk,,verified,pending_report_discovery,在已核验官网域名下发现HTTPS年报/ESG报告PDF链接,False
00467.HK,UNITEDENERGY GP,2024,annual_report,issuer_official_website,uegl.com.hk,,verified,pending_report_discovery,在已核验官网域名下发现HTTPS年报/ESG报告PDF链接,False
00467.HK,UNITEDENERGY GP,2024,esg_report,issuer_official_website,uegl.com.hk,,verified,pending_report_discovery,在已核验官网域名下发现HTTPS年报/ESG报告PDF链接,False
00467.HK,UNITEDENERGY GP,2025,annual_report,issuer_official_website,uegl.com.hk,,verified,pending_report_discovery,在已核验官网域名下发现HTTPS年报/ESG报告PDF链接,False
00467.HK,UNITEDENERGY GP,2025,esg_report,issuer_official_website,uegl.com.hk,,verified,pending_report_discovery,在已核验官网域名下发现HTTPS年报/ESG报告PDF链接,False
00554.HK,HANS GP HLDGS,2024,annual_report,issuer_official_website,msci.com,,verified,pending_report_discovery,在已核验官网域名下发现HTTPS年报/ESG报告PDF链接,False
00554.HK,HANS GP HLDGS,2024,esg_report,issuer_official_website,msci.com,,verified,pending_report_discovery,在已核验官网域名下发现HTTPS年报/ESG报告PDF链接,False
00554.HK,HANS GP HLDGS,2025,annual_report,issuer_official_website,msci.com,,verified,pending_report_discovery,在已核验官网域名下发现HTTPS年报/ESG报告PDF链接,False
00554.HK,HANS GP HLDGS,2025,esg_report,issuer_official_website,msci.com,,verified,pending_report_discovery,在已核验官网域名下发现HTTPS年报/ESG报告PDF链接,False
00579.HK,JNCEC,2024,annual_report,issuer_official_website,jncec.com,,verified,pending_report_discovery,在已核验官网域名下发现HTTPS年报/ESG报告PDF链接,False
00579.HK,JNCEC,2024,esg_report,issuer_official_website,jncec.com,,verified,pending_report_discovery,在已核验官网域名下发现HTTPS年报/ESG报告PDF链接,False
00579.HK,JNCEC,2025,annual_report,issuer_official_website,jncec.com,,verified,pending_report_discovery,在已核验官网域名下发现HTTPS年报/ESG报告PDF链接,False
00579.HK,JNCEC,2025,esg_report,issuer_official_website,jncec.com,,verified,pending_report_discovery,在已核验官网域名下发现HTTPS年报/ESG报告PDF链接,False
00600.HK,AXERA,2025,annual_report,issuer_official_website,axera-tech.com,,verified,pending_report_discovery,在已核验官网域名下发现HTTPS年报/ESG报告PDF链接,False
00607.HK,FULLSHARE,2024,annual_report,issuer_official_website,fullshare.com,,verified,pending_report_discovery,在已核验官网域名下发现HTTPS年报/ESG报告PDF链接,False
00607.HK,FULLSHARE,2024,esg_report,issuer_official_website,fullshare.com,,verified,pending_report_discovery,在已核验官网域名下发现HTTPS年报/ESG报告PDF链接,False
00607.HK,FULLSHARE,2025,annual_report,issuer_official_website,fullshare.com,,verified,pending_report_discovery,在已核验官网域名下发现HTTPS年报/ESG报告PDF链接,False
00607.HK,FULLSHARE,2025,esg_report,issuer_official_website,fullshare.com,,verified,pending_report_discovery,在已核验官网域名下发现HTTPS年报/ESG报告PDF链接,False
00632.HK,CHK OIL,2024,annual_report,issuer_official_website,chkoilltd.com,,verified,pending_report_discovery,在已核验官网域名下发现HTTPS年报/ESG报告PDF链接,False
00632.HK,CHK OIL,2025,annual_report,issuer_official_website,chkoilltd.com,,verified,pending_report_discovery,在已核验官网域名下发现HTTPS年报/ESG报告PDF链接,False
00639.HK,SHOUGANG RES,2024,annual_report,issuer_official_website,shougang-resources.com.hk,,verified,pending_report_discovery,在已核验官网域名下发现HTTPS年报/ESG报告PDF链接,False
00639.HK,SHOUGANG RES,2025,annual_report,issuer_official_website,shougang-resources.com.hk,,verified,pending_report_discovery,在已核验官网域名下发现HTTPS年报/ESG报告PDF链接,False
00645.HK,ARES ASIA,2024,annual_report,issuer_official_website,aresasialtd.com,,verified,pending_report_discovery,在已核验官网域名下发现HTTPS年报/ESG报告PDF链接,False
00645.HK,ARES ASIA,2025,annual_report,issuer_official_website,aresasialtd.com,,verified,pending_report_discovery,在已核验官网域名下发现HTTPS年报/ESG报告PDF链接,False
00650.HK,PRODUCTIVE TECH,2024,annual_report,issuer_official_website,pdt-techs.com,,verified,pending_report_discovery,在已核验官网域名下发现HTTPS年报/ESG报告PDF链接,False
00650.HK,PRODUCTIVE TECH,2025,annual_report,issuer_official_website,pdt-techs.com,,verified,pending_report_discovery,在已核验官网域名下发现HTTPS年报/ESG报告PDF链接,False
00666.HK,REPT BATTERO,2024,annual_report,issuer_official_website,reptbattero.com,,verified,pending_report_discovery,在已核验官网域名下发现HTTPS年报/ESG报告PDF链接,False
00666.HK,REPT BATTERO,2024,esg_report,issuer_official_website,reptbattero.com,,verified,pending_report_discovery,在已核验官网域名下发现HTTPS年报/ESG报告PDF链接,False
00666.HK,REPT BATTERO,2025,annual_report,issuer_official_website,reptbattero.com,,verified,pending_report_discovery,在已核验官网域名下发现HTTPS年报/ESG报告PDF链接,False
00666.HK,REPT BATTERO,2025,esg_report,issuer_official_website,reptbattero.com,,verified,pending_report_discovery,在已核验官网域名下发现HTTPS年报/ESG报告PDF链接,False
00686.HK,BJ ENERGY INTL,2024,annual_report,issuer_official_website,bjei.com,,verified,pending_report_discovery,在已核验官网域名下发现HTTPS年报/ESG报告PDF链接,False
00686.HK,BJ ENERGY INTL,2024,esg_report,issuer_official_website,bjei.com,,verified,pending_report_discovery,在已核验官网域名下发现HTTPS年报/ESG报告PDF链接,False
00686.HK,BJ ENERGY INTL,2025,annual_report,issuer_official_website,bjei.com,,verified,pending_report_discovery,在已核验官网域名下发现HTTPS年报/ESG报告PDF链接,False
00686.HK,BJ ENERGY INTL,2025,esg_report,issuer_official_website,bjei.com,,verified,pending_report_discovery,在已核验官网域名下发现HTTPS年报/ESG报告PDF链接,False
00689.HK,EPI (HOLD)-NEW,2024,annual_report,issuer_official_website,epiholdings.com,,verified,pending_report_discovery,在已核验官网域名下发现HTTPS年报/ESG报告PDF链接,False
00689.HK,EPI (HOLDINGS),2025,annual_report,issuer_official_website,epiholdings.com,,verified,pending_report_discovery,在已核验官网域名下发现HTTPS年报/ESG报告PDF链接,False
00702.HK,SINO OIL & GAS,2023,annual_report,issuer_official_website,sino-oilgas.hk,,verified,pending_report_discovery,在已核验官网域名下发现HTTPS年报/ESG报告PDF链接,False
00702.HK,SINO OIL & GAS,2023,esg_report,issuer_official_website,sino-oilgas.hk,,verified,pending_report_discovery,在已核验官网域名下发现HTTPS年报/ESG报告PDF链接,False
00704.HK,HUSCOKE HLDGS,2024,annual_report,issuer_official_website,huscoke.com,,verified,pending_report_discovery,在已核验官网域名下发现HTTPS年报/ESG报告PDF链接,False
00704.HK,HUSCOKE HLDGS,2025,annual_report,issuer_official_website,huscoke.com,,verified,pending_report_discovery,在已核验官网域名下发现HTTPS年报/ESG报告PDF链接,False
00819.HK,TIANNENG POWER,2024,annual_report,issuer_official_website,tianneng.com.hk,,verified,pending_report_discovery,在已核验官网域名下发现HTTPS年报/ESG报告PDF链接,False
00819.HK,TIANNENG POWER,2024,esg_report,issuer_official_website,tianneng.com.hk,,verified,pending_report_discovery,在已核验官网域名下发现HTTPS年报/ESG报告PDF链接,False
00819.HK,TIANNENG POWER,2025,annual_report,issuer_official_website,tianneng.com.hk,,verified,pending_report_discovery,在已核验官网域名下发现HTTPS年报/ESG报告PDF链接,False
00819.HK,TIANNENG POWER,2025,esg_report,issuer_official_website,tianneng.com.hk,,verified,pending_report_discovery,在已核验官网域名下发现HTTPS年报/ESG报告PDF链接,False
00836.HK,CHINA RES POWER,2024,annual_report,issuer_official_website,cr-power.com,,verified,pending_report_discovery,在已核验官网域名下发现HTTPS年报/ESG报告PDF链接,False
00836.HK,CHINA RES POWER,2024,esg_report,issuer_official_website,cr-power.com,,verified,pending_report_discovery,在已核验官网域名下发现HTTPS年报/ESG报告PDF链接,False
00836.HK,CHINA RES POWER,2025,annual_report,issuer_official_website,cr-power.com,,verified,pending_report_discovery,在已核验官网域名下发现HTTPS年报/ESG报告PDF链接,False
00836.HK,CHINA RES POWER,2025,esg_report,issuer_official_website,cr-power.com,,verified,pending_report_discovery,在已核验官网域名下发现HTTPS年报/ESG报告PDF链接,False
00866.HK,CHINA QINFA,2024,annual_report,issuer_official_website,qinfagroup.com,,verified,pending_report_discovery,在已核验官网域名下发现HTTPS年报/ESG报告PDF链接,False
00866.HK,CHINA QINFA,2025,annual_report,issuer_official_website,qinfagroup.com,,verified,pending_report_discovery,在已核验官网域名下发现HTTPS年报/ESG报告PDF链接,False
00931.HK,CHINA HK POWER,2025,annual_report,issuer_official_website,chkpower.com,,verified,pending_report_discovery,在已核验官网域名下发现HTTPS年报/ESG报告PDF链接,False
00931.HK,CHINA HK POWER,2026,annual_report,issuer_official_website,chkpower.com,,verified,pending_report_discovery,在已核验官网域名下发现HTTPS年报/ESG报告PDF链接,False
00934.HK,SINOPEC KANTONS,2024,annual_report,issuer_official_website,sinopec.com.hk,,verified,pending_report_discovery,在已核验官网域名下发现HTTPS年报/ESG报告PDF链接,False
00934.HK,SINOPEC KANTONS,2024,esg_report,issuer_official_website,sinopec.com.hk,,verified,pending_report_discovery,在已核验官网域名下发现HTTPS年报/ESG报告PDF链接,False
00934.HK,SINOPEC KANTONS,2025,annual_report,issuer_official_website,sinopec.com.hk,,verified,pending_report_discovery,在已核验官网域名下发现HTTPS年报/ESG报告PDF链接,False
00934.HK,SINOPEC KANTONS,2025,esg_report,issuer_official_website,sinopec.com.hk,,verified,pending_report_discovery,在已核验官网域名下发现HTTPS年报/ESG报告PDF链接,False
00951.HK,CHAOWEI POWER,2024,annual_report,issuer_official_website,chaowei.com.hk,,verified,pending_report_discovery,在已核验官网域名下发现HTTPS年报/ESG报告PDF链接,False
00951.HK,CHAOWEI POWER,2024,esg_report,issuer_official_website,chaowei.com.hk,,verified,pending_report_discovery,在已核验官网域名下发现HTTPS年报/ESG报告PDF链接,False
00951.HK,CHAOWEI POWER,2025,annual_report,issuer_official_website,chaowei.com.hk,,verified,pending_report_discovery,在已核验官网域名下发现HTTPS年报/ESG报告PDF链接,False
00951.HK,CHAOWEI POWER,2025,esg_report,issuer_official_website,chaowei.com.hk,,verified,pending_report_discovery,在已核验官网域名下发现HTTPS年报/ESG报告PDF链接,False
00968.HK,XINYI SOLAR,2024,annual_report,issuer_official_website,issgovernance.com,,verified,pending_report_discovery,在已核验官网域名下发现HTTPS年报/ESG报告PDF链接,False
00968.HK,XINYI SOLAR,2024,esg_report,issuer_official_website,issgovernance.com,,verified,pending_report_discovery,在已核验官网域名下发现HTTPS年报/ESG报告PDF链接,False
00968.HK,XINYI SOLAR,2025,annual_report,issuer_official_website,issgovernance.com,,verified,pending_report_discovery,在已核验官网域名下发现HTTPS年报/ESG报告PDF链接,False
00968.HK,XINYI SOLAR,2025,esg_report,issuer_official_website,issgovernance.com,,verified,pending_report_discovery,在已核验官网域名下发现HTTPS年报/ESG报告PDF链接,False
00975.HK,MONGOL MINING,0,esg_report,issuer_official_website,mmc.mn,,verified,pending_report_discovery,在已核验官网域名下发现HTTPS年报/ESG报告PDF链接,False
00975.HK,MONGOL MINING,2024,annual_report,issuer_official_website,mmc.mn,,verified,pending_report_discovery,在已核验官网域名下发现HTTPS年报/ESG报告PDF链接,False
00975.HK,MONGOL MINING,2025,annual_report,issuer_official_website,mmc.mn,,verified,pending_report_discovery,在已核验官网域名下发现HTTPS年报/ESG报告PDF链接,False
01080.HK,SHENGLI PIPE,2024,annual_report,issuer_official_website,forvismazars.com,,verified,pending_report_discovery,在已核验官网域名下发现HTTPS年报/ESG报告PDF链接,False
01080.HK,SHENGLI PIPE,2025,annual_report,issuer_official_website,forvismazars.com,,verified,pending_report_discovery,在已核验官网域名下发现HTTPS年报/ESG报告PDF链接,False
01083.HK,TG SMART ENERGY,2024,annual_report,issuer_official_website,towngassmartenergy.com,,verified,pending_report_discovery,在已核验官网域名下发现HTTPS年报/ESG报告PDF链接,False
01083.HK,TG SMART ENERGY,2024,esg_report,issuer_official_website,towngassmartenergy.com,,verified,pending_report_discovery,在已核验官网域名下发现HTTPS年报/ESG报告PDF链接,False
01083.HK,TG SMART ENERGY,2025,annual_report,issuer_official_website,towngassmartenergy.com,,verified,pending_report_discovery,在已核验官网域名下发现HTTPS年报/ESG报告PDF链接,False
01083.HK,TG SMART ENERGY,2025,esg_report,issuer_official_website,towngassmartenergy.com,,verified,pending_report_discovery,在已核验官网域名下发现HTTPS年报/ESG报告PDF链接,False
01101.HK,HUARONG ENERGY,2023,annual_report,issuer_official_website,huarongenergy.com.hk,,verified,pending_report_discovery,在已核验官网域名下发现HTTPS年报/ESG报告PDF链接,False
01193.HK,CHINA RES GAS,2024,annual_report,issuer_official_website,crcgas.com,,verified,pending_report_discovery,在已核验官网域名下发现HTTPS年报/ESG报告PDF链接,False
01193.HK,CHINA RES GAS,2024,esg_report,issuer_official_website,crcgas.com,,verified,pending_report_discovery,在已核验官网域名下发现HTTPS年报/ESG报告PDF链接,False
01193.HK,CHINA RES GAS,2025,annual_report,issuer_official_website,crcgas.com,,verified,pending_report_discovery,在已核验官网域名下发现HTTPS年报/ESG报告PDF链接,False
01193.HK,CHINA RES GAS,2025,esg_report,issuer_official_website,crcgas.com,,verified,pending_report_discovery,在已核验官网域名下发现HTTPS年报/ESG报告PDF链接,False
01205.HK,CITIC RESOURCES,2024,annual_report,issuer_official_website,alcoa.com,,verified,pending_report_discovery,在已核验官网域名下发现HTTPS年报/ESG报告PDF链接,False
01205.HK,CITIC RESOURCES,2024,esg_report,issuer_official_website,alcoa.com,,verified,pending_report_discovery,在已核验官网域名下发现HTTPS年报/ESG报告PDF链接,False
01205.HK,CITIC RESOURCES,2025,annual_report,issuer_official_website,alcoa.com,,verified,pending_report_discovery,在已核验官网域名下发现HTTPS年报/ESG报告PDF链接,False
01205.HK,CITIC RESOURCES,2025,esg_report,issuer_official_website,alcoa.com,,verified,pending_report_discovery,在已核验官网域名下发现HTTPS年报/ESG报告PDF链接,False
01229.HK,NAN NAN RES,2024,esg_report,issuer_official_website,nannanlisted.com,,verified,pending_report_discovery,在已核验官网域名下发现HTTPS年报/ESG报告PDF链接,False
01229.HK,NAN NAN RES,2025,annual_report,issuer_official_website,nannanlisted.com,,verified,pending_report_discovery,在已核验官网域名下发现HTTPS年报/ESG报告PDF链接,False
01229.HK,NAN NAN RES,2025,esg_report,issuer_official_website,nannanlisted.com,,verified,pending_report_discovery,在已核验官网域名下发现HTTPS年报/ESG报告PDF链接,False
01229.HK,NAN NAN RES,2026,annual_report,issuer_official_website,nannanlisted.com,,verified,pending_report_discovery,在已核验官网域名下发现HTTPS年报/ESG报告PDF链接,False
01250.HK,SDHS NEW ENERGY,2024,annual_report,issuer_official_website,bjx.com.cn,,verified,pending_report_discovery,在已核验官网域名下发现HTTPS年报/ESG报告PDF链接,False
01250.HK,SDHS NEW ENERGY,2024,esg_report,issuer_official_website,bjx.com.cn,,verified,pending_report_discovery,在已核验官网域名下发现HTTPS年报/ESG报告PDF链接,False
01250.HK,SDHS NEW ENERGY,2025,annual_report,issuer_official_website,bjx.com.cn,,verified,pending_report_discovery,在已核验官网域名下发现HTTPS年报/ESG报告PDF链接,False
01250.HK,SDHS NEW ENERGY,2025,esg_report,issuer_official_website,bjx.com.cn,,verified,pending_report_discovery,在已核验官网域名下发现HTTPS年报/ESG报告PDF链接,False
01251.HK,SPT ENERGY,2024,annual_report,issuer_official_website,sptenergygroup.com,,verified,pending_report_discovery,在已核验官网域名下发现HTTPS年报/ESG报告PDF链接,False
01251.HK,SPT ENERGY,2025,annual_report,issuer_official_website,sptenergygroup.com,,verified,pending_report_discovery,在已核验官网域名下发现HTTPS年报/ESG报告PDF链接,False
01277.HK,KINETIC DEV,2024,annual_report,issuer_official_website,kineticme.com,,verified,pending_report_discovery,在已核验官网域名下发现HTTPS年报/ESG报告PDF链接,False
01277.HK,KINETIC DEV,2025,annual_report,issuer_official_website,kineticme.com,,verified,pending_report_discovery,在已核验官网域名下发现HTTPS年报/ESG报告PDF链接,False
01303.HK,HUILI RES,2024,annual_report,issuer_official_website,hkicpa.org.hk,,verified,pending_report_discovery,在已核验官网域名下发现HTTPS年报/ESG报告PDF链接,False
01303.HK,HUILI RES,2024,esg_report,issuer_official_website,hkicpa.org.hk,,verified,pending_report_discovery,在已核验官网域名下发现HTTPS年报/ESG报告PDF链接,False
01303.HK,HUILI RES,2025,annual_report,issuer_official_website,hkicpa.org.hk,,verified,pending_report_discovery,在已核验官网域名下发现HTTPS年报/ESG报告PDF链接,False
01303.HK,HUILI RES,2025,esg_report,issuer_official_website,hkicpa.org.hk,,verified,pending_report_discovery,在已核验官网域名下发现HTTPS年报/ESG报告PDF链接,False
01393.HK,HIDILI INDUSTRY,2024,annual_report,issuer_official_website,hidili.com.cn,,verified,pending_report_discovery,在已核验官网域名下发现HTTPS年报/ESG报告PDF链接,False
01393.HK,HIDILI INDUSTRY,2025,annual_report,issuer_official_website,hidili.com.cn,,verified,pending_report_discovery,在已核验官网域名下发现HTTPS年报/ESG报告PDF链接,False
01407.HK,JY GAS,2024,annual_report,issuer_official_website,gmjytrq.com,,verified,pending_report_discovery,在已核验官网域名下发现HTTPS年报/ESG报告PDF链接,False
01407.HK,JY GAS,2024,esg_report,issuer_official_website,gmjytrq.com,,verified,pending_report_discovery,在已核验官网域名下发现HTTPS年报/ESG报告PDF链接,False
01407.HK,JY GAS,2025,annual_report,issuer_official_website,gmjytrq.com,,verified,pending_report_discovery,在已核验官网域名下发现HTTPS年报/ESG报告PDF链接,False
01407.HK,JY GAS,2025,esg_report,issuer_official_website,gmjytrq.com,,verified,pending_report_discovery,在已核验官网域名下发现HTTPS年报/ESG报告PDF链接,False
01555.HK,MIE HOLDINGS,2024,annual_report,issuer_official_website,mienergy.com.cn,,verified,pending_report_discovery,在已核验官网域名下发现HTTPS年报/ESG报告PDF链接,False
01555.HK,MIE HOLDINGS,2025,annual_report,issuer_official_website,mienergy.com.cn,,verified,pending_report_discovery,在已核验官网域名下发现HTTPS年报/ESG报告PDF链接,False
01600.HK,TIAN LUN GAS,2024,annual_report,issuer_official_website,tianlungas.com,,verified,pending_report_discovery,在已核验官网域名下发现HTTPS年报/ESG报告PDF链接,False
01600.HK,TIAN LUN GAS,2024,esg_report,issuer_official_website,tianlungas.com,,verified,pending_report_discovery,在已核验官网域名下发现HTTPS年报/ESG报告PDF链接,False
01600.HK,TIAN LUN GAS,2025,annual_report,issuer_official_website,tianlungas.com,,verified,pending_report_discovery,在已核验官网域名下发现HTTPS年报/ESG报告PDF链接,False
01600.HK,TIAN LUN GAS,2025,esg_report,issuer_official_website,tianlungas.com,,verified,pending_report_discovery,在已核验官网域名下发现HTTPS年报/ESG报告PDF链接,False
01608.HK,VPOWER GROUP,2024,annual_report,issuer_official_website,vpower.com,,verified,pending_report_discovery,在已核验官网域名下发现HTTPS年报/ESG报告PDF链接,False
01608.HK,VPOWER GROUP,2024,esg_report,issuer_official_website,vpower.com,,verified,pending_report_discovery,在已核验官网域名下发现HTTPS年报/ESG报告PDF链接,False
01608.HK,VPOWER GROUP,2025,annual_report,issuer_official_website,vpower.com,,verified,pending_report_discovery,在已核验官网域名下发现HTTPS年报/ESG报告PDF链接,False
01608.HK,VPOWER GROUP,2025,esg_report,issuer_official_website,vpower.com,,verified,pending_report_discovery,在已核验官网域名下发现HTTPS年报/ESG报告PDF链接,False
01621.HK,VICO INTL HLDGS,2024,annual_report,issuer_official_website,vicointernational.hk,,verified,pending_report_discovery,在已核验官网域名下发现HTTPS年报/ESG报告PDF链接,False
01621.HK,VICO INTL HLDGS,2025,annual_report,issuer_official_website,vicointernational.hk,,verified,pending_report_discovery,在已核验官网域名下发现HTTPS年报/ESG报告PDF链接,False
01623.HK,HILONG,2024,annual_report,issuer_official_website,hilonggroup.com,,verified,pending_report_discovery,在已核验官网域名下发现HTTPS年报/ESG报告PDF链接,False
01623.HK,HILONG,2024,esg_report,issuer_official_website,hilonggroup.com,,verified,pending_report_discovery,在已核验官网域名下发现HTTPS年报/ESG报告PDF链接,False
01623.HK,HILONG,2025,annual_report,issuer_official_website,hilonggroup.com,,verified,pending_report_discovery,在已核验官网域名下发现HTTPS年报/ESG报告PDF链接,False
01623.HK,HILONG,2025,esg_report,issuer_official_website,hilonggroup.com,,verified,pending_report_discovery,在已核验官网域名下发现HTTPS年报/ESG报告PDF链接,False
01713.HK,SICHUAN EN INV,2024,annual_report,issuer_official_website,scntgf.com,,verified,pending_report_discovery,在已核验官网域名下发现HTTPS年报/ESG报告PDF链接,False
01713.HK,SICHUAN EN INV,2024,esg_report,issuer_official_website,scntgf.com,,verified,pending_report_discovery,在已核验官网域名下发现HTTPS年报/ESG报告PDF链接,False
01713.HK,SICHUAN EN INV,2025,annual_report,issuer_official_website,scntgf.com,,verified,pending_report_discovery,在已核验官网域名下发现HTTPS年报/ESG报告PDF链接,False
01713.HK,SICHUAN EN INV,2025,esg_report,issuer_official_website,scntgf.com,,verified,pending_report_discovery,在已核验官网域名下发现HTTPS年报/ESG报告PDF链接,False
01733.HK,E-COMMODITIES,2024,annual_report,issuer_official_website,e-comm.com,,verified,pending_report_discovery,在已核验官网域名下发现HTTPS年报/ESG报告PDF链接,False
01733.HK,E-COMMODITIES,2024,esg_report,issuer_official_website,e-comm.com,,verified,pending_report_discovery,在已核验官网域名下发现HTTPS年报/ESG报告PDF链接,False
01733.HK,E-COMMODITIES,2025,annual_report,issuer_official_website,e-comm.com,,verified,pending_report_discovery,在已核验官网域名下发现HTTPS年报/ESG报告PDF链接,False
01733.HK,E-COMMODITIES,2025,esg_report,issuer_official_website,e-comm.com,,verified,pending_report_discovery,在已核验官网域名下发现HTTPS年报/ESG报告PDF链接,False
01738.HK,FS ANTHRACITE,2024,annual_report,issuer_official_website,fsanthracite.com,,verified,pending_report_discovery,在已核验官网域名下发现HTTPS年报/ESG报告PDF链接,False
01738.HK,FS ANTHRACITE,2024,esg_report,issuer_official_website,fsanthracite.com,,verified,pending_report_discovery,在已核验官网域名下发现HTTPS年报/ESG报告PDF链接,False
01738.HK,FS ANTHRACITE,2025,annual_report,issuer_official_website,fsanthracite.com,,verified,pending_report_discovery,在已核验官网域名下发现HTTPS年报/ESG报告PDF链接,False
01738.HK,FS ANTHRACITE,2025,esg_report,issuer_official_website,fsanthracite.com,,verified,pending_report_discovery,在已核验官网域名下发现HTTPS年报/ESG报告PDF链接,False
01798.HK,DATANG RENEW,2024,annual_report,issuer_official_website,cdt-re.com,,verified,pending_report_discovery,在已核验官网域名下发现HTTPS年报/ESG报告PDF链接,False
01798.HK,DATANG RENEW,2025,annual_report,issuer_official_website,cdt-re.com,,verified,pending_report_discovery,在已核验官网域名下发现HTTPS年报/ESG报告PDF链接,False
01799.HK,XINTE ENERGY,2024,annual_report,issuer_official_website,xinteenergy.com,,verified,pending_report_discovery,在已核验官网域名下发现HTTPS年报/ESG报告PDF链接,False
01799.HK,XINTE ENERGY,2024,esg_report,issuer_official_website,xinteenergy.com,,verified,pending_report_discovery,在已核验官网域名下发现HTTPS年报/ESG报告PDF链接,False
01799.HK,XINTE ENERGY,2025,annual_report,issuer_official_website,xinteenergy.com,,verified,pending_report_discovery,在已核验官网域名下发现HTTPS年报/ESG报告PDF链接,False
01799.HK,XINTE ENERGY,2025,esg_report,issuer_official_website,xinteenergy.com,,verified,pending_report_discovery,在已核验官网域名下发现HTTPS年报/ESG报告PDF链接,False
01811.HK,CGN NEW ENERGY,2024,annual_report,issuer_official_website,cgnne.com,,verified,pending_report_discovery,在已核验官网域名下发现HTTPS年报/ESG报告PDF链接,False
01811.HK,CGN NEW ENERGY,2024,esg_report,issuer_official_website,cgnne.com,,verified,pending_report_discovery,在已核验官网域名下发现HTTPS年报/ESG报告PDF链接,False
01811.HK,CGN NEW ENERGY,2025,annual_report,issuer_official_website,cgnne.com,,verified,pending_report_discovery,在已核验官网域名下发现HTTPS年报/ESG报告PDF链接,False
01811.HK,CGN NEW ENERGY,2025,esg_report,issuer_official_website,cgnne.com,,verified,pending_report_discovery,在已核验官网域名下发现HTTPS年报/ESG报告PDF链接,False
01878.HK,SOUTHGOBI,2024,annual_report,issuer_official_website,southgobi.com,,verified,pending_report_discovery,在已核验官网域名下发现HTTPS年报/ESG报告PDF链接,False
01878.HK,SOUTHGOBI,2025,annual_report,issuer_official_website,southgobi.com,,verified,pending_report_discovery,在已核验官网域名下发现HTTPS年报/ESG报告PDF链接,False
01921.HK,DALIPAL HLDG,2024,annual_report,issuer_official_website,dalipal.com,,verified,pending_report_discovery,在已核验官网域名下发现HTTPS年报/ESG报告PDF链接,False
01921.HK,DALIPAL HLDG,2025,annual_report,issuer_official_website,dalipal.com,,verified,pending_report_discovery,在已核验官网域名下发现HTTPS年报/ESG报告PDF链接,False
01938.HK,CHU KONG PIPE,2024,annual_report,issuer_official_website,pck.com.cn,,verified,pending_report_discovery,在已核验官网域名下发现HTTPS年报/ESG报告PDF链接,False
01938.HK,CHU KONG PIPE,2025,annual_report,issuer_official_website,pck.com.cn,,verified,pending_report_discovery,在已核验官网域名下发现HTTPS年报/ESG报告PDF链接,False
01940.HK,CGII HLDGS,2024,annual_report,issuer_official_website,cgiihldgs.com,,verified,pending_report_discovery,在已核验官网域名下发现HTTPS年报/ESG报告PDF链接,False
01940.HK,CGII HLDGS,2024,esg_report,issuer_official_website,cgiihldgs.com,,verified,pending_report_discovery,在已核验官网域名下发现HTTPS年报/ESG报告PDF链接,False
01940.HK,CGII HLDGS,2025,annual_report,issuer_official_website,cgiihldgs.com,,verified,pending_report_discovery,在已核验官网域名下发现HTTPS年报/ESG报告PDF链接,False
01940.HK,CGII HLDGS,2025,esg_report,issuer_official_website,cgiihldgs.com,,verified,pending_report_discovery,在已核验官网域名下发现HTTPS年报/ESG报告PDF链接,False
02012.HK,SUNSHINE OIL,2024,annual_report,issuer_official_website,sedar.com,,verified,pending_report_discovery,在已核验官网域名下发现HTTPS年报/ESG报告PDF链接,False
02012.HK,SUNSHINE OIL,2024,esg_report,issuer_official_website,sedar.com,,verified,pending_report_discovery,在已核验官网域名下发现HTTPS年报/ESG报告PDF链接,False
02012.HK,SUNSHINE OIL,2025,annual_report,issuer_official_website,sedar.com,,verified,pending_report_discovery,在已核验官网域名下发现HTTPS年报/ESG报告PDF链接,False
02012.HK,SUNSHINE OIL,2025,esg_report,issuer_official_website,sedar.com,,verified,pending_report_discovery,在已核验官网域名下发现HTTPS年报/ESG报告PDF链接,False
02178.HK,PETRO-KING,2024,annual_report,issuer_official_website,petro-king.cn,,verified,pending_report_discovery,在已核验官网域名下发现HTTPS年报/ESG报告PDF链接,False
02178.HK,PETRO-KING,2025,annual_report,issuer_official_website,petro-king.cn,,verified,pending_report_discovery,在已核验官网域名下发现HTTPS年报/ESG报告PDF链接,False
02236.HK,WISON ENGRG,2024,annual_report,issuer_official_website,wison-engineering.com,,verified,pending_report_discovery,在已核验官网域名下发现HTTPS年报/ESG报告PDF链接,False
02236.HK,WISON ENGRG,2024,esg_report,issuer_official_website,wison-engineering.com,,verified,pending_report_discovery,在已核验官网域名下发现HTTPS年报/ESG报告PDF链接,False
02236.HK,WISON ENGRG,2025,annual_report,issuer_official_website,wison-engineering.com,,verified,pending_report_discovery,在已核验官网域名下发现HTTPS年报/ESG报告PDF链接,False
02236.HK,WISON ENGRG,2025,esg_report,issuer_official_website,wison-engineering.com,,verified,pending_report_discovery,在已核验官网域名下发现HTTPS年报/ESG报告PDF链接,False
02380.HK,CHINA POWER,2024,annual_report,issuer_official_website,chinapower.hk,,verified,pending_report_discovery,在已核验官网域名下发现HTTPS年报/ESG报告PDF链接,False
02380.HK,CHINA POWER,2024,esg_report,issuer_official_website,chinapower.hk,,verified,pending_report_discovery,在已核验官网域名下发现HTTPS年报/ESG报告PDF链接,False
02380.HK,CHINA POWER,2025,annual_report,issuer_official_website,chinapower.hk,,verified,pending_report_discovery,在已核验官网域名下发现HTTPS年报/ESG报告PDF链接,False
02380.HK,CHINA POWER,2025,esg_report,issuer_official_website,chinapower.hk,,verified,pending_report_discovery,在已核验官网域名下发现HTTPS年报/ESG报告PDF链接,False
02386.HK,SINOPEC SEG,2024,annual_report,issuer_official_website,segroup.cn,,verified,pending_report_discovery,在已核验官网域名下发现HTTPS年报/ESG报告PDF链接,False
02386.HK,SINOPEC SEG,2024,esg_report,issuer_official_website,segroup.cn,,verified,pending_report_discovery,在已核验官网域名下发现HTTPS年报/ESG报告PDF链接,False
02386.HK,SINOPEC SEG,2025,annual_report,issuer_official_website,segroup.cn,,verified,pending_report_discovery,在已核验官网域名下发现HTTPS年报/ESG报告PDF链接,False
02386.HK,SINOPEC SEG,2025,esg_report,issuer_official_website,segroup.cn,,verified,pending_report_discovery,在已核验官网域名下发现HTTPS年报/ESG报告PDF链接,False
02688.HK,ENN ENERGY,2024,annual_report,issuer_official_website,ir.ennenergy.com,,verified,pending_report_discovery,在已核验官网域名下发现HTTPS年报/ESG报告PDF链接,False
02688.HK,ENN ENERGY,2024,esg_report,issuer_official_website,ir.ennenergy.com,,verified,pending_report_discovery,在已核验官网域名下发现HTTPS年报/ESG报告PDF链接,False
02688.HK,ENN ENERGY,2025,annual_report,issuer_official_website,ir.ennenergy.com,,verified,pending_report_discovery,在已核验官网域名下发现HTTPS年报/ESG报告PDF链接,False
02688.HK,ENN ENERGY,2025,esg_report,issuer_official_website,ir.ennenergy.com,,verified,pending_report_discovery,在已核验官网域名下发现HTTPS年报/ESG报告PDF链接,False
02728.HK,JINTAI ENERGY H,2024,annual_report,issuer_official_website,jintaienergy.com,,verified,pending_report_discovery,在已核验官网域名下发现HTTPS年报/ESG报告PDF链接,False
02728.HK,JINTAI ENERGY H,2024,esg_report,issuer_official_website,jintaienergy.com,,verified,pending_report_discovery,在已核验官网域名下发现HTTPS年报/ESG报告PDF链接,False
02728.HK,JINTAI ENERGY H,2025,annual_report,issuer_official_website,jintaienergy.com,,verified,pending_report_discovery,在已核验官网域名下发现HTTPS年报/ESG报告PDF链接,False
02728.HK,JINTAI ENERGY H,2025,esg_report,issuer_official_website,jintaienergy.com,,verified,pending_report_discovery,在已核验官网域名下发现HTTPS年报/ESG报告PDF链接,False
02798.HK,PER ENERGY,2024,annual_report,issuer_official_website,perennialenergy.hk,,verified,pending_report_discovery,在已核验官网域名下发现HTTPS年报/ESG报告PDF链接,False
02798.HK,PER ENERGY,2025,annual_report,issuer_official_website,perennialenergy.hk,,verified,pending_report_discovery,在已核验官网域名下发现HTTPS年报/ESG报告PDF链接,False
03303.HK,JUTAL OIL SER,2024,annual_report,issuer_official_website,jutal.com,,verified,pending_report_discovery,在已核验官网域名下发现HTTPS年报/ESG报告PDF链接,False
03303.HK,JUTAL OIL SER,2024,esg_report,issuer_official_website,jutal.com,,verified,pending_report_discovery,在已核验官网域名下发现HTTPS年报/ESG报告PDF链接,False
03303.HK,JUTAL OIL SER,2025,annual_report,issuer_official_website,jutal.com,,verified,pending_report_discovery,在已核验官网域名下发现HTTPS年报/ESG报告PDF链接,False
03303.HK,JUTAL OIL SER,2025,esg_report,issuer_official_website,jutal.com,,verified,pending_report_discovery,在已核验官网域名下发现HTTPS年报/ESG报告PDF链接,False
03337.HK,ANTON OILFIELD,2024,annual_report,issuer_official_website,antonoil.com,,verified,pending_report_discovery,在已核验官网域名下发现HTTPS年报/ESG报告PDF链接,False
03337.HK,ANTON OILFIELD,2024,esg_report,issuer_official_website,antonoil.com,,verified,pending_report_discovery,在已核验官网域名下发现HTTPS年报/ESG报告PDF链接,False
03337.HK,ANTON OILFIELD,2025,annual_report,issuer_official_website,antonoil.com,,verified,pending_report_discovery,在已核验官网域名下发现HTTPS年报/ESG报告PDF链接,False
03337.HK,ANTON OILFIELD,2025,esg_report,issuer_official_website,antonoil.com,,verified,pending_report_discovery,在已核验官网域名下发现HTTPS年报/ESG报告PDF链接,False
03395.HK,JX ENERGY,2024,annual_report,issuer_official_website,moore.hk,,verified,pending_report_discovery,在已核验官网域名下发现HTTPS年报/ESG报告PDF链接,False
03395.HK,JX ENERGY,2025,annual_report,issuer_official_website,moore.hk,,verified,pending_report_discovery,在已核验官网域名下发现HTTPS年报/ESG报告PDF链接,False
03633.HK,ZHONGYU ENERGY,2024,annual_report,issuer_official_website,zhongyuenergy.com,,verified,pending_report_discovery,在已核验官网域名下发现HTTPS年报/ESG报告PDF链接,False
03633.HK,ZHONGYU ENERGY,2024,esg_report,issuer_official_website,zhongyuenergy.com,,verified,pending_report_discovery,在已核验官网域名下发现HTTPS年报/ESG报告PDF链接,False
03633.HK,ZHONGYU ENERGY,2025,annual_report,issuer_official_website,zhongyuenergy.com,,verified,pending_report_discovery,在已核验官网域名下发现HTTPS年报/ESG报告PDF链接,False
03633.HK,ZHONGYU ENERGY,2025,esg_report,issuer_official_website,zhongyuenergy.com,,verified,pending_report_discovery,在已核验官网域名下发现HTTPS年报/ESG报告PDF链接,False
03668.HK,YANCOAL AUS,2024,annual_report,issuer_official_website,yancoal.com,,verified,pending_report_discovery,在已核验官网域名下发现HTTPS年报/ESG报告PDF链接,False
03668.HK,YANCOAL AUS,2024,esg_report,issuer_official_website,yancoal.com,,verified,pending_report_discovery,在已核验官网域名下发现HTTPS年报/ESG报告PDF链接,False
03668.HK,YANCOAL AUS,2025,annual_report,issuer_official_website,yancoal.com,,verified,pending_report_discovery,在已核验官网域名下发现HTTPS年报/ESG报告PDF链接,False
03668.HK,YANCOAL AUS,2025,esg_report,issuer_official_website,yancoal.com,,verified,pending_report_discovery,在已核验官网域名下发现HTTPS年报/ESG报告PDF链接,False
03800.HK,GCL TECH,2024,annual_report,issuer_official_website,iea.org,,verified,pending_report_discovery,在已核验官网域名下发现HTTPS年报/ESG报告PDF链接,False
03800.HK,GCL TECH,2024,esg_report,issuer_official_website,iea.org,,verified,pending_report_discovery,在已核验官网域名下发现HTTPS年报/ESG报告PDF链接,False
03800.HK,GCL TECH,2025,annual_report,issuer_official_website,iea.org,,verified,pending_report_discovery,在已核验官网域名下发现HTTPS年报/ESG报告PDF链接,False
03800.HK,GCL TECH,2025,esg_report,issuer_official_website,iea.org,,verified,pending_report_discovery,在已核验官网域名下发现HTTPS年报/ESG报告PDF链接,False
03868.HK,XINYI ENERGY,2024,annual_report,issuer_official_website,xinyienergy.com,,verified,pending_report_discovery,在已核验官网域名下发现HTTPS年报/ESG报告PDF链接,False
03868.HK,XINYI ENERGY,2024,esg_report,issuer_official_website,xinyienergy.com,,verified,pending_report_discovery,在已核验官网域名下发现HTTPS年报/ESG报告PDF链接,False
03868.HK,XINYI ENERGY,2025,annual_report,issuer_official_website,xinyienergy.com,,verified,pending_report_discovery,在已核验官网域名下发现HTTPS年报/ESG报告PDF链接,False
03868.HK,XINYI ENERGY,2025,esg_report,issuer_official_website,xinyienergy.com,,verified,pending_report_discovery,在已核验官网域名下发现HTTPS年报/ESG报告PDF链接,False
03899.HK,CIMC ENRIC,2024,annual_report,issuer_official_website,doc.irasia.com,,verified,pending_report_discovery,在已核验官网域名下发现HTTPS年报/ESG报告PDF链接,False
03899.HK,CIMC ENRIC,2024,esg_report,issuer_official_website,doc.irasia.com,,verified,pending_report_discovery,在已核验官网域名下发现HTTPS年报/ESG报告PDF链接,False
03899.HK,CIMC ENRIC,2025,annual_report,issuer_official_website,doc.irasia.com,,verified,pending_report_discovery,在已核验官网域名下发现HTTPS年报/ESG报告PDF链接,False
03899.HK,CIMC ENRIC,2025,esg_report,issuer_official_website,doc.irasia.com,,verified,pending_report_discovery,在已核验官网域名下发现HTTPS年报/ESG报告PDF链接,False
06828.HK,BG BLUE SKY,2024,annual_report,issuer_official_website,bgbluesky.com,,verified,pending_report_discovery,在已核验官网域名下发现HTTPS年报/ESG报告PDF链接,False
06828.HK,BG BLUE SKY,2024,esg_report,issuer_official_website,bgbluesky.com,,verified,pending_report_discovery,在已核验官网域名下发现HTTPS年报/ESG报告PDF链接,False
06828.HK,BG BLUE SKY,2025,annual_report,issuer_official_website,bgbluesky.com,,verified,pending_report_discovery,在已核验官网域名下发现HTTPS年报/ESG报告PDF链接,False
06828.HK,BG BLUE SKY,2025,esg_report,issuer_official_website,bgbluesky.com,,verified,pending_report_discovery,在已核验官网域名下发现HTTPS年报/ESG报告PDF链接,False
06885.HK,JINMA ENERGY,2024,annual_report,issuer_official_website,hnjmny.com,,verified,pending_report_discovery,在已核验官网域名下发现HTTPS年报/ESG报告PDF链接,False
06885.HK,JINMA ENERGY,2025,annual_report,issuer_official_website,hnjmny.com,,verified,pending_report_discovery,在已核验官网域名下发现HTTPS年报/ESG报告PDF链接,False
08132.HK,CENTURY EN INTL,2025,annual_report,issuer_official_website,8132century.com,,verified,pending_report_discovery,在已核验官网域名下发现HTTPS年报/ESG报告PDF链接,False
08270.HK,CHINA CBM,2024,annual_report,issuer_official_website,hkirplatform.com,,verified,pending_report_discovery,在已核验官网域名下发现HTTPS年报/ESG报告PDF链接,False
08270.HK,CHINA CBM,2025,annual_report,issuer_official_website,hkirplatform.com,,verified,pending_report_discovery,在已核验官网域名下发现HTTPS年报/ESG报告PDF链接,False
08270.HK,CHINA CBM,2025,esg_report,issuer_official_website,hkirplatform.com,,verified,pending_report_discovery,在已核验官网域名下发现HTTPS年报/ESG报告PDF链接,False
08347.HK,F8 ENT,2025,annual_report,issuer_official_website,f8.com.hk,,verified,pending_report_discovery,在已核验官网域名下发现HTTPS年报/ESG报告PDF链接,False
08347.HK,F8 ENT,2026,annual_report,issuer_official_website,f8.com.hk,,verified,pending_report_discovery,在已核验官网域名下发现HTTPS年报/ESG报告PDF链接,False
08536.HK,TL NATURAL GAS,2024,annual_report,issuer_official_website,tl-cng.com,,verified,pending_report_discovery,在已核验官网域名下发现HTTPS年报/ESG报告PDF链接,False
08536.HK,TL NATURAL GAS,2025,annual_report,issuer_official_website,tl-cng.com,,verified,pending_report_discovery,在已核验官网域名下发现HTTPS年报/ESG报告PDF链接,False
08631.HK,YUFENGCHANG HLD,2024,annual_report,issuer_official_website,skhl.com.hk,,verified,pending_report_discovery,在已核验官网域名下发现HTTPS年报/ESG报告PDF链接,False
08631.HK,YUFENGCHANG HLD,2025,annual_report,issuer_official_website,skhl.com.hk,,verified,pending_report_discovery,在已核验官网域名下发现HTTPS年报/ESG报告PDF链接,False
09689.HK,JTF INTL,2024,annual_report,issuer_official_website,jtfoil.com,,verified,pending_report_discovery,在已核验官网域名下发现HTTPS年报/ESG报告PDF链接,False
09689.HK,JTF INTL,2025,annual_report,issuer_official_website,jtfoil.com,,verified,pending_report_discovery,在已核验官网域名下发现HTTPS年报/ESG报告PDF链接,False
300001.SZ,特锐德,2025,annual_report,issuer_official_website,qdtgood.com,,verified,pending_report_discovery,在已核验官网域名下发现HTTPS年报/ESG报告PDF链接,False
300001.SZ,特锐德,2025,esg_report,issuer_official_website,qdtgood.com,,verified,pending_report_discovery,在已核验官网域名下发现HTTPS年报/ESG报告PDF链接,False
300014.SZ,亿纬锂能,2025,annual_report,issuer_official_website,evebattery.com,,verified,pending_report_discovery,在已核验官网域名下发现HTTPS年报/ESG报告PDF链接,False
300018.SZ,中元股份,2025,annual_report,issuer_official_website,zyhd.com.cn,,verified,pending_report_discovery,在已核验官网域名下发现HTTPS年报/ESG报告PDF链接,False
300035.SZ,中科电气,2025,annual_report,issuer_official_website,cseco.cn,,verified,pending_report_discovery,在已核验官网域名下发现HTTPS年报/ESG报告PDF链接,False
300037.SZ,新宙邦,2025,annual_report,issuer_official_website,js-eia.cn,,verified,pending_report_discovery,在已核验官网域名下发现HTTPS年报/ESG报告PDF链接,False
300040.SZ,九洲集团,2025,annual_report,issuer_official_website,jiuzhougroup.com,,verified,pending_report_discovery,在已核验官网域名下发现HTTPS年报/ESG报告PDF链接,False
300051.SZ,琏升科技,2025,annual_report,issuer_official_website,leasdgrp.cn,,verified,pending_report_discovery,在已核验官网域名下发现HTTPS年报/ESG报告PDF链接,False
300062.SZ,中能电气,2025,annual_report,issuer_official_website,ceepower.com,,verified,pending_report_discovery,在已核验官网域名下发现HTTPS年报/ESG报告PDF链接,False
300062.SZ,中能电气,2025,esg_report,issuer_official_website,ceepower.com,,verified,pending_report_discovery,在已核验官网域名下发现HTTPS年报/ESG报告PDF链接,False
300069.SZ,金利华电,2025,annual_report,issuer_official_website,jlhdq.com,,verified,pending_report_discovery,在已核验官网域名下发现HTTPS年报/ESG报告PDF链接,False
300073.SZ,当升科技,2025,annual_report,issuer_official_website,easpring.com.cn,,verified,pending_report_discovery,在已核验官网域名下发现HTTPS年报/ESG报告PDF链接,False
300073.SZ,当升科技,2025,esg_report,issuer_official_website,easpring.com.cn,,verified,pending_report_discovery,在已核验官网域名下发现HTTPS年报/ESG报告PDF链接,False
300080.SZ,易成新能,2025,annual_report,issuer_official_website,sthj.deing.cn,,verified,pending_report_discovery,在已核验官网域名下发现HTTPS年报/ESG报告PDF链接,False
300105.SZ,龙源技术,2025,annual_report,issuer_official_website,lyjs.chnenergy.com.cn,,verified,pending_report_discovery,在已核验官网域名下发现HTTPS年报/ESG报告PDF链接,False
300118.SZ,东方日升,2025,annual_report,issuer_official_website,risen.com,,verified,pending_report_discovery,在已核验官网域名下发现HTTPS年报/ESG报告PDF链接,False
300129.SZ,泰胜风能,2025,annual_report,issuer_official_website,shtsp.com,,verified,pending_report_discovery,在已核验官网域名下发现HTTPS年报/ESG报告PDF链接,False
300129.SZ,泰胜风能,2025,esg_report,issuer_official_website,shtsp.com,,verified,pending_report_discovery,在已核验官网域名下发现HTTPS年报/ESG报告PDF链接,False
300140.SZ,节能环境,2025,annual_report,issuer_official_website,zjnhj.cecep.cn,,verified,pending_report_discovery,在已核验官网域名下发现HTTPS年报/ESG报告PDF链接,False
300141.SZ,和顺电气,2025,annual_report,issuer_official_website,cnheshun.com,,verified,pending_report_discovery,在已核验官网域名下发现HTTPS年报/ESG报告PDF链接,False
300153.SZ,科泰电源,2025,annual_report,issuer_official_website,cooltechsh.com,,verified,pending_report_discovery,在已核验官网域名下发现HTTPS年报/ESG报告PDF链接,False
300185.SZ,通裕重工,2025,annual_report,issuer_official_website,tongyuheavy.com,,verified,pending_report_discovery,在已核验官网域名下发现HTTPS年报/ESG报告PDF链接,False
300191.SZ,潜能恒信,2025,annual_report,issuer_official_website,sinogeo.com,,verified,pending_report_discovery,在已核验官网域名下发现HTTPS年报/ESG报告PDF链接,False
300207.SZ,欣旺达,2025,annual_report,issuer_official_website,sunwoda.com,,verified,pending_report_discovery,在已核验官网域名下发现HTTPS年报/ESG报告PDF链接,False
300207.SZ,欣旺达,2025,esg_report,issuer_official_website,sunwoda.com,,verified,pending_report_discovery,在已核验官网域名下发现HTTPS年报/ESG报告PDF链接,False
300222.SZ,科大智能,2025,annual_report,issuer_official_website,csg.com.cn,,verified,pending_report_discovery,在已核验官网域名下发现HTTPS年报/ESG报告PDF链接,False
300265.SZ,通光线缆,2025,annual_report,issuer_official_website,tgjt.cn,,verified,pending_report_discovery,在已核验官网域名下发现HTTPS年报/ESG报告PDF链接,False
300274.SZ,阳光电源,2025,annual_report,issuer_official_website,en.sungrowpower.com,,verified,pending_report_discovery,在已核验官网域名下发现HTTPS年报/ESG报告PDF链接,False
300274.SZ,阳光电源,2025,esg_report,issuer_official_website,en.sungrowpower.com,,verified,pending_report_discovery,在已核验官网域名下发现HTTPS年报/ESG报告PDF链接,False
300283.SZ,温州宏丰,2025,annual_report,issuer_official_website,wzhf.com,,verified,pending_report_discovery,在已核验官网域名下发现HTTPS年报/ESG报告PDF链接,False
300286.SZ,安科瑞,2025,annual_report,issuer_official_website,acrel.cn,,verified,pending_report_discovery,在已核验官网域名下发现HTTPS年报/ESG报告PDF链接,False
300316.SZ,晶盛机电,2025,annual_report,issuer_official_website,jsjd.cc,,verified,pending_report_discovery,在已核验官网域名下发现HTTPS年报/ESG报告PDF链接,False
300317.SZ,珈伟新能,2025,annual_report,issuer_official_website,jiawei.com,,verified,pending_report_discovery,在已核验官网域名下发现HTTPS年报/ESG报告PDF链接,False
300332.SZ,天壕能源,2025,annual_report,issuer_official_website,thny.cc,,verified,pending_report_discovery,在已核验官网域名下发现HTTPS年报/ESG报告PDF链接,False
300340.SZ,科恒股份,2025,annual_report,issuer_official_website,keheng.com.cn,,verified,pending_report_discovery,在已核验官网域名下发现HTTPS年报/ESG报告PDF链接,False
300360.SZ,炬华科技,2025,annual_report,issuer_official_website,sunrisemeter.com,,verified,pending_report_discovery,在已核验官网域名下发现HTTPS年报/ESG报告PDF链接,False
300376.SZ,易事特,2025,annual_report,issuer_official_website,eastups.com,,verified,pending_report_discovery,在已核验官网域名下发现HTTPS年报/ESG报告PDF链接,False
300376.SZ,易事特,2025,esg_report,issuer_official_website,eastups.com,,verified,pending_report_discovery,在已核验官网域名下发现HTTPS年报/ESG报告PDF链接,False
300390.SZ,天华新能,2025,annual_report,issuer_official_website,canmax.com.cn,,verified,pending_report_discovery,在已核验官网域名下发现HTTPS年报/ESG报告PDF链接,False
300393.SZ,中来股份,2025,annual_report,issuer_official_website,jolywood.cn,,verified,pending_report_discovery,在已核验官网域名下发现HTTPS年报/ESG报告PDF链接,False
300407.SZ,凯发电气,2025,annual_report,issuer_official_website,keyvia.cn,,verified,pending_report_discovery,在已核验官网域名下发现HTTPS年报/ESG报告PDF链接,False
300409.SZ,道氏技术,2025,annual_report,issuer_official_website,dowstone.com.cn,,verified,pending_report_discovery,在已核验官网域名下发现HTTPS年报/ESG报告PDF链接,False
300410.SZ,正业科技,2025,annual_report,issuer_official_website,zhengyee.com,,verified,pending_report_discovery,在已核验官网域名下发现HTTPS年报/ESG报告PDF链接,False
300423.SZ,昇辉科技,2025,annual_report,issuer_official_website,sunflytech.com,,verified,pending_report_discovery,在已核验官网域名下发现HTTPS年报/ESG报告PDF链接,False
300427.SZ,红相股份,2025,annual_report,issuer_official_website,redphase.com.cn,,verified,pending_report_discovery,在已核验官网域名下发现HTTPS年报/ESG报告PDF链接,False
300432.SZ,富临精工,2025,annual_report,issuer_official_website,fulinpm.com,,verified,pending_report_discovery,在已核验官网域名下发现HTTPS年报/ESG报告PDF链接,False
300438.SZ,鹏辉能源,2025,annual_report,issuer_official_website,greatpower.net,,verified,pending_report_discovery,在已核验官网域名下发现HTTPS年报/ESG报告PDF链接,False
300438.SZ,鹏辉能源,2025,esg_report,issuer_official_website,greatpower.net,,verified,pending_report_discovery,在已核验官网域名下发现HTTPS年报/ESG报告PDF链接,False
300443.SZ,金雷股份,2025,annual_report,issuer_official_website,jinleiwind.com,,verified,pending_report_discovery,在已核验官网域名下发现HTTPS年报/ESG报告PDF链接,False
300444.SZ,双杰电气,2025,annual_report,issuer_official_website,sojoline.com,,verified,pending_report_discovery,在已核验官网域名下发现HTTPS年报/ESG报告PDF链接,False
300450.SZ,先导智能,2025,annual_report,issuer_official_website,leadintelligent.com,,verified,pending_report_discovery,在已核验官网域名下发现HTTPS年报/ESG报告PDF链接,False
300457.SZ,赢合科技,2025,annual_report,issuer_official_website,yhwins.com,,verified,pending_report_discovery,在已核验官网域名下发现HTTPS年报/ESG报告PDF链接,False
300483.SZ,首华燃气,2025,annual_report,issuer_official_website,primagas.com.cn,,verified,pending_report_discovery,在已核验官网域名下发现HTTPS年报/ESG报告PDF链接,False
300490.SZ,华自科技,2025,annual_report,issuer_official_website,cshnac.com,,verified,pending_report_discovery,在已核验官网域名下发现HTTPS年报/ESG报告PDF链接,False
300491.SZ,通合科技,2025,annual_report,issuer_official_website,sjzthdz.com,,verified,pending_report_discovery,在已核验官网域名下发现HTTPS年报/ESG报告PDF链接,False
300491.SZ,通合科技,2025,esg_report,issuer_official_website,sjzthdz.com,,verified,pending_report_discovery,在已核验官网域名下发现HTTPS年报/ESG报告PDF链接,False
300510.SZ,金冠股份,2025,annual_report,issuer_official_website,jinguan-electric.com,,verified,pending_report_discovery,在已核验官网域名下发现HTTPS年报/ESG报告PDF链接,False
300510.SZ,金冠股份,2025,esg_report,issuer_official_website,jinguan-electric.com,,verified,pending_report_discovery,在已核验官网域名下发现HTTPS年报/ESG报告PDF链接,False
300514.SZ,友讯达,2025,annual_report,issuer_official_website,friendcom.com,,verified,pending_report_discovery,在已核验官网域名下发现HTTPS年报/ESG报告PDF链接,False
300568.SZ,星源材质,2025,annual_report,issuer_official_website,senior798.com,,verified,pending_report_discovery,在已核验官网域名下发现HTTPS年报/ESG报告PDF链接,False
300569.SZ,天能重工,2025,annual_report,issuer_official_website,qdtnp.com,,verified,pending_report_discovery,在已核验官网域名下发现HTTPS年报/ESG报告PDF链接,False
300593.SZ,新雷能,2025,annual_report,issuer_official_website,xinleineng.com,,verified,pending_report_discovery,在已核验官网域名下发现HTTPS年报/ESG报告PDF链接,False
300617.SZ,安靠智电,2025,annual_report,issuer_official_website,jjckb.cn,,verified,pending_report_discovery,在已核验官网域名下发现HTTPS年报/ESG报告PDF链接,False
300619.SZ,金银河,2025,annual_report,issuer_official_website,goldenyh.com,,verified,pending_report_discovery,在已核验官网域名下发现HTTPS年报/ESG报告PDF链接,False
300626.SZ,华瑞股份,2025,annual_report,issuer_official_website,hrdq.cn,,verified,pending_report_discovery,在已核验官网域名下发现HTTPS年报/ESG报告PDF链接,False
300626.SZ,华瑞股份,2025,esg_report,issuer_official_website,hrdq.cn,,verified,pending_report_discovery,在已核验官网域名下发现HTTPS年报/ESG报告PDF链接,False
300648.SZ,星云股份,2025,annual_report,issuer_official_website,irm.cn,,verified,pending_report_discovery,在已核验官网域名下发现HTTPS年报/ESG报告PDF链接,False
300660.SZ,江苏雷利,2025,annual_report,issuer_official_website,czleili.com,,verified,pending_report_discovery,在已核验官网域名下发现HTTPS年报/ESG报告PDF链接,False
300670.SZ,大烨智能,2025,annual_report,issuer_official_website,jjckb.cn,,verified,pending_report_discovery,在已核验官网域名下发现HTTPS年报/ESG报告PDF链接,False
300690.SZ,双一科技,2025,annual_report,issuer_official_website,shuangyitec.com.cn,,verified,pending_report_discovery,在已核验官网域名下发现HTTPS年报/ESG报告PDF链接,False
300690.SZ,双一科技,2025,esg_report,issuer_official_website,shuangyitec.com.cn,,verified,pending_report_discovery,在已核验官网域名下发现HTTPS年报/ESG报告PDF链接,False
300693.SZ,盛弘股份,2025,annual_report,issuer_official_website,sinexcel.com,,verified,pending_report_discovery,在已核验官网域名下发现HTTPS年报/ESG报告PDF链接,False
300713.SZ,英可瑞,2025,annual_report,issuer_official_website,szincrease.com,,verified,pending_report_discovery,在已核验官网域名下发现HTTPS年报/ESG报告PDF链接,False
300724.SZ,捷佳伟创,2025,annual_report,issuer_official_website,chinasc.com.cn,,verified,pending_report_discovery,在已核验官网域名下发现HTTPS年报/ESG报告PDF链接,False
300750.SZ,宁德时代,2025,annual_report,issuer_official_website,catl.com,,verified,pending_report_discovery,在已核验官网域名下发现HTTPS年报/ESG报告PDF链接,False
300751.SZ,迈为股份,2025,annual_report,issuer_official_website,maxwell-gp.com,,verified,pending_report_discovery,在已核验官网域名下发现HTTPS年报/ESG报告PDF链接,False
300763.SZ,锦浪科技,2025,annual_report,issuer_official_website,ginlong.com,,verified,pending_report_discovery,在已核验官网域名下发现HTTPS年报/ESG报告PDF链接,False
300769.SZ,德方纳米,2025,annual_report,issuer_official_website,dynanonic.com,,verified,pending_report_discovery,在已核验官网域名下发现HTTPS年报/ESG报告PDF链接,False
300769.SZ,德方纳米,2025,esg_report,issuer_official_website,dynanonic.com,,verified,pending_report_discovery,在已核验官网域名下发现HTTPS年报/ESG报告PDF链接,False
300772.SZ,运达股份,2025,annual_report,issuer_official_website,windeyenergy.com,,verified,pending_report_discovery,在已核验官网域名下发现HTTPS年报/ESG报告PDF链接,False
300772.SZ,运达股份,2025,esg_report,issuer_official_website,windeyenergy.com,,verified,pending_report_discovery,在已核验官网域名下发现HTTPS年报/ESG报告PDF链接,False
300776.SZ,帝尔激光,2025,annual_report,issuer_official_website,drlaser.com.cn,,verified,pending_report_discovery,在已核验官网域名下发现HTTPS年报/ESG报告PDF链接,False
300776.SZ,帝尔激光,2025,esg_report,issuer_official_website,drlaser.com.cn,,verified,pending_report_discovery,在已核验官网域名下发现HTTPS年报/ESG报告PDF链接,False
300820.SZ,英杰电气,2025,annual_report,issuer_official_website,injet.cn,,verified,pending_report_discovery,在已核验官网域名下发现HTTPS年报/ESG报告PDF链接,False
300820.SZ,英杰电气,2025,esg_report,issuer_official_website,injet.cn,,verified,pending_report_discovery,在已核验官网域名下发现HTTPS年报/ESG报告PDF链接,False
300827.SZ,上能电气,2025,annual_report,issuer_official_website,si-neng.com,,verified,pending_report_discovery,在已核验官网域名下发现HTTPS年报/ESG报告PDF链接,False
300842.SZ,帝科股份,2025,annual_report,issuer_official_website,dkem.cn,,verified,pending_report_discovery,在已核验官网域名下发现HTTPS年报/ESG报告PDF链接,False
300850.SZ,新强联,2025,annual_report,issuer_official_website,lyxqlbearing.com.cn,,verified,pending_report_discovery,在已核验官网域名下发现HTTPS年报/ESG报告PDF链接,False
300850.SZ,新强联,2025,esg_report,issuer_official_website,lyxqlbearing.com.cn,,verified,pending_report_discovery,在已核验官网域名下发现HTTPS年报/ESG报告PDF链接,False
300853.SZ,申昊科技,2025,annual_report,issuer_official_website,shenhaoinfo.com,,verified,pending_report_discovery,在已核验官网域名下发现HTTPS年报/ESG报告PDF链接,False
300870.SZ,欧陆通,2025,annual_report,issuer_official_website,en.honoto.com,,verified,pending_report_discovery,在已核验官网域名下发现HTTPS年报/ESG报告PDF链接,False
300870.SZ,欧陆通,2025,esg_report,issuer_official_website,en.honoto.com,,verified,pending_report_discovery,在已核验官网域名下发现HTTPS年报/ESG报告PDF链接,False
300880.SZ,迦南智能,2025,annual_report,issuer_official_website,nbjianan.com,,verified,pending_report_discovery,在已核验官网域名下发现HTTPS年报/ESG报告PDF链接,False
300880.SZ,迦南智能,2025,esg_report,issuer_official_website,nbjianan.com,,verified,pending_report_discovery,在已核验官网域名下发现HTTPS年报/ESG报告PDF链接,False
300882.SZ,万胜智能,2025,annual_report,issuer_official_website,wellsun.com,,verified,pending_report_discovery,在已核验官网域名下发现HTTPS年报/ESG报告PDF链接,False
300904.SZ,威力传动,2025,annual_report,issuer_official_website,weili.com,,verified,pending_report_discovery,在已核验官网域名下发现HTTPS年报/ESG报告PDF链接,False
300907.SZ,康平科技,2025,annual_report,issuer_official_website,chinakangping.com,,verified,pending_report_discovery,在已核验官网域名下发现HTTPS年报/ESG报告PDF链接,False
300919.SZ,中伟新材,2025,annual_report,issuer_official_website,cngrgf.com.cn,,verified,pending_report_discovery,在已核验官网域名下发现HTTPS年报/ESG报告PDF链接,False
300919.SZ,中伟新材,2025,esg_report,issuer_official_website,cngrgf.com.cn,,verified,pending_report_discovery,在已核验官网域名下发现HTTPS年报/ESG报告PDF链接,False
300932.SZ,三友联众,2025,annual_report,issuer_official_website,sanyourelay.com,,verified,pending_report_discovery,在已核验官网域名下发现HTTPS年报/ESG报告PDF链接,False
300932.SZ,三友联众,2025,esg_report,issuer_official_website,sanyourelay.com,,verified,pending_report_discovery,在已核验官网域名下发现HTTPS年报/ESG报告PDF链接,False
300933.SZ,中辰股份,2025,annual_report,issuer_official_website,zcdl.com,,verified,pending_report_discovery,在已核验官网域名下发现HTTPS年报/ESG报告PDF链接,False
300953.SZ,震裕科技,2025,annual_report,issuer_official_website,zhenyumould.com,,verified,pending_report_discovery,在已核验官网域名下发现HTTPS年报/ESG报告PDF链接,False
300953.SZ,震裕科技,2025,esg_report,issuer_official_website,zhenyumould.com,,verified,pending_report_discovery,在已核验官网域名下发现HTTPS年报/ESG报告PDF链接,False
301002.SZ,崧盛股份,2025,annual_report,issuer_official_website,cn.sosen.com,,verified,pending_report_discovery,在已核验官网域名下发现HTTPS年报/ESG报告PDF链接,False
301012.SZ,扬电科技,2025,annual_report,issuer_official_website,jsyddq.cn,,verified,pending_report_discovery,在已核验官网域名下发现HTTPS年报/ESG报告PDF链接,False
301023.SZ,奕帆传动,2025,annual_report,issuer_official_website,yifanmotor.com,,verified,pending_report_discovery,在已核验官网域名下发现HTTPS年报/ESG报告PDF链接,False
301040.SZ,中环海陆,2025,annual_report,issuer_official_website,hlduanjian.com,,verified,pending_report_discovery,在已核验官网域名下发现HTTPS年报/ESG报告PDF链接,False
301063.SZ,海锅股份,2025,annual_report,issuer_official_website,zjghgxny.com,,verified,pending_report_discovery,在已核验官网域名下发现HTTPS年报/ESG报告PDF链接,False
301082.SZ,久盛电气,2025,annual_report,issuer_official_website,teccable.com,,verified,pending_report_discovery,在已核验官网域名下发现HTTPS年报/ESG报告PDF链接,False
301120.SZ,新特电气,2025,annual_report,issuer_official_website,xinhuadu.com.cn,,verified,pending_report_discovery,在已核验官网域名下发现HTTPS年报/ESG报告PDF链接,False
301121.SZ,紫建电子,2025,annual_report,issuer_official_website,gdvdl.com,,verified,pending_report_discovery,在已核验官网域名下发现HTTPS年报/ESG报告PDF链接,False
301150.SZ,中一科技,2025,annual_report,issuer_official_website,c1cf.com,,verified,pending_report_discovery,在已核验官网域名下发现HTTPS年报/ESG报告PDF链接,False
301152.SZ,天力锂能,2025,annual_report,issuer_official_website,xxtlln.com,,verified,pending_report_discovery,在已核验官网域名下发现HTTPS年报/ESG报告PDF链接,False
301155.SZ,海力风电,2025,annual_report,issuer_official_website,jshlfd.com,,verified,pending_report_discovery,在已核验官网域名下发现HTTPS年报/ESG报告PDF链接,False
301157.SZ,华塑科技,2025,annual_report,issuer_official_website,huasucn.com,,verified,pending_report_discovery,在已核验官网域名下发现HTTPS年报/ESG报告PDF链接,False
301163.SZ,宏德股份,2025,annual_report,issuer_official_website,hongdegf.cn,,verified,pending_report_discovery,在已核验官网域名下发现HTTPS年报/ESG报告PDF链接,False
301168.SZ,通灵股份,2025,annual_report,issuer_official_website,jstongling.com,,verified,pending_report_discovery,在已核验官网域名下发现HTTPS年报/ESG报告PDF链接,False
301179.SZ,泽宇智能,2025,annual_report,issuer_official_website,zeyu99.com,,verified,pending_report_discovery,在已核验官网域名下发现HTTPS年报/ESG报告PDF链接,False
301210.SZ,金杨精密,2025,annual_report,issuer_official_website,wx-jy.com,,verified,pending_report_discovery,在已核验官网域名下发现HTTPS年报/ESG报告PDF链接,False
301217.SZ,铜冠铜箔,2025,annual_report,issuer_official_website,ahtgtb.com,,verified,pending_report_discovery,在已核验官网域名下发现HTTPS年报/ESG报告PDF链接,False
301222.SZ,浙江恒威,2025,annual_report,issuer_official_website,hwbattery.com,,verified,pending_report_discovery,在已核验官网域名下发现HTTPS年报/ESG报告PDF链接,False
301226.SZ,祥明智能,2025,annual_report,issuer_official_website,163.com,,verified,pending_report_discovery,在已核验官网域名下发现HTTPS年报/ESG报告PDF链接,False
301232.SZ,飞沃科技,2025,annual_report,issuer_official_website,shfinework.cn,,verified,pending_report_discovery,在已核验官网域名下发现HTTPS年报/ESG报告PDF链接,False
301238.SZ,瑞泰新材,2025,annual_report,issuer_official_website,rtxc.com,,verified,pending_report_discovery,在已核验官网域名下发现HTTPS年报/ESG报告PDF链接,False
301266.SZ,宇邦新材,2025,annual_report,issuer_official_website,yourbest.com.cn,,verified,pending_report_discovery,在已核验官网域名下发现HTTPS年报/ESG报告PDF链接,False
301278.SZ,快可电子,2025,annual_report,issuer_official_website,qc-solar.com,,verified,pending_report_discovery,在已核验官网域名下发现HTTPS年报/ESG报告PDF链接,False
301291.SZ,明阳电气,2025,annual_report,issuer_official_website,mingyang.com.cn,,verified,pending_report_discovery,在已核验官网域名下发现HTTPS年报/ESG报告PDF链接,False
301292.SZ,海科新源,2025,annual_report,issuer_official_website,hi-techspring.com,,verified,pending_report_discovery,在已核验官网域名下发现HTTPS年报/ESG报告PDF链接,False
301295.SZ,美硕科技,2025,annual_report,issuer_official_website,msrelay.cn,,verified,pending_report_discovery,在已核验官网域名下发现HTTPS年报/ESG报告PDF链接,False
301325.SZ,曼恩斯特,2025,annual_report,issuer_official_website,manst.com,,verified,pending_report_discovery,在已核验官网域名下发现HTTPS年报/ESG报告PDF链接,False
301325.SZ,曼恩斯特,2025,esg_report,issuer_official_website,manst.com,,verified,pending_report_discovery,在已核验官网域名下发现HTTPS年报/ESG报告PDF链接,False
301327.SZ,华宝新能,2025,annual_report,issuer_official_website,s.comein.cn,,verified,pending_report_discovery,在已核验官网域名下发现HTTPS年报/ESG报告PDF链接,False
301349.SZ,信德新材,2025,annual_report,issuer_official_website,lnxdhg.com,,verified,pending_report_discovery,在已核验官网域名下发现HTTPS年报/ESG报告PDF链接,False
301358.SZ,湖南裕能,2025,annual_report,issuer_official_website,hunanyuneng.com,,verified,pending_report_discovery,在已核验官网域名下发现HTTPS年报/ESG报告PDF链接,False
301358.SZ,湖南裕能,2025,esg_report,issuer_official_website,hunanyuneng.com,,verified,pending_report_discovery,在已核验官网域名下发现HTTPS年报/ESG报告PDF链接,False
301361.SZ,众智科技,2025,annual_report,issuer_official_website,smartgen.com.cn,,verified,pending_report_discovery,在已核验官网域名下发现HTTPS年报/ESG报告PDF链接,False
301386.SZ,未来电器,2025,annual_report,issuer_official_website,szfuture.com,,verified,pending_report_discovery,在已核验官网域名下发现HTTPS年报/ESG报告PDF链接,False
301386.SZ,未来电器,2025,esg_report,issuer_official_website,szfuture.com,,verified,pending_report_discovery,在已核验官网域名下发现HTTPS年报/ESG报告PDF链接,False
301388.SZ,欣灵电气,2025,annual_report,issuer_official_website,c-lin.cn,,verified,pending_report_discovery,在已核验官网域名下发现HTTPS年报/ESG报告PDF链接,False
301439.SZ,泓淋电力,2025,annual_report,issuer_official_website,honglinpowertech.com,,verified,pending_report_discovery,在已核验官网域名下发现HTTPS年报/ESG报告PDF链接,False
301439.SZ,泓淋电力,2025,esg_report,issuer_official_website,honglinpowertech.com,,verified,pending_report_discovery,在已核验官网域名下发现HTTPS年报/ESG报告PDF链接,False
301456.SZ,盘古智能,2025,annual_report,issuer_official_website,paguld.com,,verified,pending_report_discovery,在已核验官网域名下发现HTTPS年报/ESG报告PDF链接,False
301487.SZ,盟固利,2025,annual_report,issuer_official_website,htmgl.com.cn,,verified,pending_report_discovery,在已核验官网域名下发现HTTPS年报/ESG报告PDF链接,False
301502.SZ,华阳智能,2025,annual_report,issuer_official_website,cn-huayang.com,,verified,pending_report_discovery,在已核验官网域名下发现HTTPS年报/ESG报告PDF链接,False
301511.SZ,德福科技,2025,annual_report,issuer_official_website,jjdefu.com,,verified,pending_report_discovery,在已核验官网域名下发现HTTPS年报/ESG报告PDF链接,False
301516.SZ,中远通,2025,annual_report,issuer_official_website,vapel.com,,verified,pending_report_discovery,在已核验官网域名下发现HTTPS年报/ESG报告PDF链接,False
301587.SZ,中瑞股份,2025,annual_report,issuer_official_website,zrelectron.com,,verified,pending_report_discovery,在已核验官网域名下发现HTTPS年报/ESG报告PDF链接,False
600011.SH,华能国际,2025,annual_report,issuer_official_website,cas.org.cn,,verified,pending_report_discovery,在已核验官网域名下发现HTTPS年报/ESG报告PDF链接,False
600021.SH,上海电力,2025,annual_report,issuer_official_website,shanghaipower.com,,verified,pending_report_discovery,在已核验官网域名下发现HTTPS年报/ESG报告PDF链接,False
600023.SH,浙能电力,2025,annual_report,issuer_official_website,zzepc.com.cn,,verified,pending_report_discovery,在已核验官网域名下发现HTTPS年报/ESG报告PDF链接,False
600023.SH,浙能电力,2025,esg_report,issuer_official_website,zzepc.com.cn,,verified,pending_report_discovery,在已核验官网域名下发现HTTPS年报/ESG报告PDF链接,False
600025.SH,华能水电,2025,annual_report,issuer_official_website,hnlcj.cn,,verified,pending_report_discovery,在已核验官网域名下发现HTTPS年报/ESG报告PDF链接,False
600027.SH,华电国际,2025,annual_report,issuer_official_website,hdpi.com.cn,,verified,pending_report_discovery,在已核验官网域名下发现HTTPS年报/ESG报告PDF链接,False
600028.SH,中国石化,2025,annual_report,issuer_official_website,sinopec.com,,verified,pending_report_discovery,在已核验官网域名下发现HTTPS年报/ESG报告PDF链接,False
600028.SH,中国石化,2025,esg_report,issuer_official_website,sinopec.com,,verified,pending_report_discovery,在已核验官网域名下发现HTTPS年报/ESG报告PDF链接,False
600032.SH,浙江新能,2025,annual_report,issuer_official_website,stcn.com,,verified,pending_report_discovery,在已核验官网域名下发现HTTPS年报/ESG报告PDF链接,False
600032.SH,浙江新能,2025,esg_report,issuer_official_website,stcn.com,,verified,pending_report_discovery,在已核验官网域名下发现HTTPS年报/ESG报告PDF链接,False
600089.SH,特变电工,2025,annual_report,issuer_official_website,tbea.com,,verified,pending_report_discovery,在已核验官网域名下发现HTTPS年报/ESG报告PDF链接,False
600089.SH,特变电工,2025,esg_report,issuer_official_website,tbea.com,,verified,pending_report_discovery,在已核验官网域名下发现HTTPS年报/ESG报告PDF链接,False
600098.SH,广州发展,2025,annual_report,issuer_official_website,v.wjx.cn,,verified,pending_report_discovery,在已核验官网域名下发现HTTPS年报/ESG报告PDF链接,False
600098.SH,广州发展,2025,esg_report,issuer_official_website,v.wjx.cn,,verified,pending_report_discovery,在已核验官网域名下发现HTTPS年报/ESG报告PDF链接,False
600101.SH,明星电力,2025,annual_report,issuer_official_website,sse.com,,verified,pending_report_discovery,在已核验官网域名下发现HTTPS年报/ESG报告PDF链接,False
600101.SH,明星电力,2025,esg_report,issuer_official_website,sse.com,,verified,pending_report_discovery,在已核验官网域名下发现HTTPS年报/ESG报告PDF链接,False
600110.SH,诺德股份,2025,annual_report,issuer_official_website,ndgf.net,,verified,pending_report_discovery,在已核验官网域名下发现HTTPS年报/ESG报告PDF链接,False
600116.SH,三峡水利,2025,annual_report,issuer_official_website,stcn.com,,verified,pending_report_discovery,在已核验官网域名下发现HTTPS年报/ESG报告PDF链接,False
600149.SH,廊坊发展,2025,annual_report,issuer_official_website,zqrb.com,,verified,pending_report_discovery,在已核验官网域名下发现HTTPS年报/ESG报告PDF链接,False
600151.SH,航天机电,2025,annual_report,issuer_official_website,ht-saae.com,,verified,pending_report_discovery,在已核验官网域名下发现HTTPS年报/ESG报告PDF链接,False
600152.SH,维科技术,2025,annual_report,issuer_official_website,veken-tech.com,,verified,pending_report_discovery,在已核验官网域名下发现HTTPS年报/ESG报告PDF链接,False
600157.SH,永泰能源,2025,annual_report,issuer_official_website,wtecl.com,,verified,pending_report_discovery,在已核验官网域名下发现HTTPS年报/ESG报告PDF链接,False
600163.SH,中闽能源,2025,annual_report,issuer_official_website,zhongminenergy.com,,verified,pending_report_discovery,在已核验官网域名下发现HTTPS年报/ESG报告PDF链接,False
600163.SH,中闽能源,2025,esg_report,issuer_official_website,zhongminenergy.com,,verified,pending_report_discovery,在已核验官网域名下发现HTTPS年报/ESG报告PDF链接,False
600167.SH,联美控股,2025,annual_report,issuer_official_website,sthj.deing.cn,,verified,pending_report_discovery,在已核验官网域名下发现HTTPS年报/ESG报告PDF链接,False
600167.SH,联美控股,2025,esg_report,issuer_official_website,sthj.deing.cn,,verified,pending_report_discovery,在已核验官网域名下发现HTTPS年报/ESG报告PDF链接,False
600188.SH,兖矿能源,2025,annual_report,issuer_official_website,ykenergy.com,,verified,pending_report_discovery,在已核验官网域名下发现HTTPS年报/ESG报告PDF链接,False
600192.SH,长城电工,2025,annual_report,issuer_official_website,chinagwe.com,,verified,pending_report_discovery,在已核验官网域名下发现HTTPS年报/ESG报告PDF链接,False
600207.SH,安彩高科,2025,annual_report,issuer_official_website,acht.com.cn,,verified,pending_report_discovery,在已核验官网域名下发现HTTPS年报/ESG报告PDF链接,False
600207.SH,安彩高科,2025,esg_report,issuer_official_website,acht.com.cn,,verified,pending_report_discovery,在已核验官网域名下发现HTTPS年报/ESG报告PDF链接,False
600212.SH,绿能慧充,2025,annual_report,issuer_official_website,gresgying.com,,verified,pending_report_discovery,在已核验官网域名下发现HTTPS年报/ESG报告PDF链接,False
600236.SH,桂冠电力,2025,annual_report,issuer_official_website,ggep.china-cdt.com,,verified,pending_report_discovery,在已核验官网域名下发现HTTPS年报/ESG报告PDF链接,False
600236.SH,桂冠电力,2025,esg_report,issuer_official_website,ggep.china-cdt.com,,verified,pending_report_discovery,在已核验官网域名下发现HTTPS年报/ESG报告PDF链接,False
600241.SH,时代万恒,2025,annual_report,issuer_official_website,shidaiwanheng.com,,verified,pending_report_discovery,在已核验官网域名下发现HTTPS年报/ESG报告PDF链接,False
600256.SH,广汇能源,2025,annual_report,issuer_official_website,xjguanghui.com,,verified,pending_report_discovery,在已核验官网域名下发现HTTPS年报/ESG报告PDF链接,False
600256.SH,广汇能源,2025,esg_report,issuer_official_website,xjguanghui.com,,verified,pending_report_discovery,在已核验官网域名下发现HTTPS年报/ESG报告PDF链接,False
600268.SH,国电南自,2025,annual_report,issuer_official_website,sac-china.com,,verified,pending_report_discovery,在已核验官网域名下发现HTTPS年报/ESG报告PDF链接,False
600310.SH,广西能源,2025,annual_report,issuer_official_website,gdep.com.cn,,verified,pending_report_discovery,在已核验官网域名下发现HTTPS年报/ESG报告PDF链接,False
600312.SH,平高电气,2025,annual_report,issuer_official_website,pinggao.com,,verified,pending_report_discovery,在已核验官网域名下发现HTTPS年报/ESG报告PDF链接,False
600333.SH,长春燃气,2025,annual_report,issuer_official_website,ccrq.com.cn,,verified,pending_report_discovery,在已核验官网域名下发现HTTPS年报/ESG报告PDF链接,False
600339.SH,中油工程,2025,annual_report,issuer_official_website,cpec.com.cn,,verified,pending_report_discovery,在已核验官网域名下发现HTTPS年报/ESG报告PDF链接,False
600346.SH,恒力石化,2025,annual_report,issuer_official_website,hengli.com,,verified,pending_report_discovery,在已核验官网域名下发现HTTPS年报/ESG报告PDF链接,False
600346.SH,恒力石化,2025,esg_report,issuer_official_website,hengli.com,,verified,pending_report_discovery,在已核验官网域名下发现HTTPS年报/ESG报告PDF链接,False
600379.SH,宝光股份,2025,annual_report,issuer_official_website,kaisaier.cn,,verified,pending_report_discovery,在已核验官网域名下发现HTTPS年报/ESG报告PDF链接,False
600395.SH,盘江股份,2025,annual_report,issuer_official_website,zqrb.cn,,verified,pending_report_discovery,在已核验官网域名下发现HTTPS年报/ESG报告PDF链接,False
600395.SH,盘江股份,2025,esg_report,issuer_official_website,zqrb.cn,,verified,pending_report_discovery,在已核验官网域名下发现HTTPS年报/ESG报告PDF链接,False
600396.SH,华电辽能,2025,annual_report,issuer_official_website,chd.com.cn,,verified,pending_report_discovery,在已核验官网域名下发现HTTPS年报/ESG报告PDF链接,False
600397.SH,江钨装备,2025,annual_report,issuer_official_website,,,not_submitted,pending_official_url,登记公司官网域名并人工确认域名归属，再发现报告链接,False
600405.SH,动力源,2025,annual_report,issuer_official_website,dpc.com.cn,,verified,pending_report_discovery,在已核验官网域名下发现HTTPS年报/ESG报告PDF链接,False
600406.SH,国电南瑞,2025,annual_report,issuer_official_website,naritech.cn,,verified,pending_report_discovery,在已核验官网域名下发现HTTPS年报/ESG报告PDF链接,False
600416.SH,湘电股份,2025,annual_report,issuer_official_website,xemc.com.cn,,verified,pending_report_discovery,在已核验官网域名下发现HTTPS年报/ESG报告PDF链接,False
600438.SH,通威股份,2025,annual_report,issuer_official_website,miotech.com,,verified,pending_report_discovery,在已核验官网域名下发现HTTPS年报/ESG报告PDF链接,False
600438.SH,通威股份,2025,esg_report,issuer_official_website,miotech.com,,verified,pending_report_discovery,在已核验官网域名下发现HTTPS年报/ESG报告PDF链接,False
600452.SH,涪陵电力,2025,annual_report,issuer_official_website,sse.com,,verified,pending_report_discovery,在已核验官网域名下发现HTTPS年报/ESG报告PDF链接,False
600458.SH,时代新材,2025,annual_report,issuer_official_website,crrcgc.cc,,verified,pending_report_discovery,在已核验官网域名下发现HTTPS年报/ESG报告PDF链接,False
600468.SH,百利电气,2025,annual_report,issuer_official_website,benefo.tj.cn,,verified,pending_report_discovery,在已核验官网域名下发现HTTPS年报/ESG报告PDF链接,False
600475.SH,华光环能,2025,annual_report,issuer_official_website,hghngroup.com,,verified,pending_report_discovery,在已核验官网域名下发现HTTPS年报/ESG报告PDF链接,False
600478.SH,科力远,2025,annual_report,issuer_official_website,corun.com,,verified,pending_report_discovery,在已核验官网域名下发现HTTPS年报/ESG报告PDF链接,False
600481.SH,双良节能,2025,annual_report,issuer_official_website,shuangliang.com,,verified,pending_report_discovery,在已核验官网域名下发现HTTPS年报/ESG报告PDF链接,False
600481.SH,双良节能,2025,esg_report,issuer_official_website,shuangliang.com,,verified,pending_report_discovery,在已核验官网域名下发现HTTPS年报/ESG报告PDF链接,False
600482.SH,中国动力,2025,annual_report,issuer_official_website,china-csicpower.com.cn,,verified,pending_report_discovery,在已核验官网域名下发现HTTPS年报/ESG报告PDF链接,False
600482.SH,中国动力,2025,esg_report,issuer_official_website,china-csicpower.com.cn,,verified,pending_report_discovery,在已核验官网域名下发现HTTPS年报/ESG报告PDF链接,False
600483.SH,福能股份,2025,annual_report,issuer_official_website,fjec.com.cn,,verified,pending_report_discovery,在已核验官网域名下发现HTTPS年报/ESG报告PDF链接,False
600483.SH,福能股份,2025,esg_report,issuer_official_website,fjec.com.cn,,verified,pending_report_discovery,在已核验官网域名下发现HTTPS年报/ESG报告PDF链接,False
600505.SH,西昌电力,2025,annual_report,issuer_official_website,scxcdlgfyxgs.cn,,verified,pending_report_discovery,在已核验官网域名下发现HTTPS年报/ESG报告PDF链接,False
600508.SH,上海能源,2025,annual_report,issuer_official_website,sdtny.com,,verified,pending_report_discovery,在已核验官网域名下发现HTTPS年报/ESG报告PDF链接,False
600508.SH,上海能源,2025,esg_report,issuer_official_website,sdtny.com,,verified,pending_report_discovery,在已核验官网域名下发现HTTPS年报/ESG报告PDF链接,False
600509.SH,天富能源,2025,annual_report,issuer_official_website,tfny.com,,verified,pending_report_discovery,在已核验官网域名下发现HTTPS年报/ESG报告PDF链接,False
600550.SH,保变电气,2025,annual_report,issuer_official_website,twbb.com.cn,,verified,pending_report_discovery,在已核验官网域名下发现HTTPS年报/ESG报告PDF链接,False
600577.SH,精达股份,2025,annual_report,issuer_official_website,jingda.cn,,verified,pending_report_discovery,在已核验官网域名下发现HTTPS年报/ESG报告PDF链接,False
600578.SH,京能电力,2025,annual_report,issuer_official_website,jingnengpower.com,,verified,pending_report_discovery,在已核验官网域名下发现HTTPS年报/ESG报告PDF链接,False
600578.SH,京能电力,2025,esg_report,issuer_official_website,jingnengpower.com,,verified,pending_report_discovery,在已核验官网域名下发现HTTPS年报/ESG报告PDF链接,False
600580.SH,卧龙电驱,2025,annual_report,issuer_official_website,wolong.com.cn,,verified,pending_report_discovery,在已核验官网域名下发现HTTPS年报/ESG报告PDF链接,False
600617.SH,国新能源,2025,annual_report,issuer_official_website,,,not_submitted,pending_official_url,登记公司官网域名并人工确认域名归属，再发现报告链接,False
600635.SH,大众公用,2025,annual_report,issuer_official_website,dzug.cn,,verified,pending_report_discovery,在已核验官网域名下发现HTTPS年报/ESG报告PDF链接,False
600635.SH,大众公用,2025,esg_report,issuer_official_website,dzug.cn,,verified,pending_report_discovery,在已核验官网域名下发现HTTPS年报/ESG报告PDF链接,False
600642.SH,申能股份,2025,annual_report,issuer_official_website,shenergy.net.cn,,verified,pending_report_discovery,在已核验官网域名下发现HTTPS年报/ESG报告PDF链接,False
600644.SH,乐山电力,2025,annual_report,issuer_official_website,stcn.com,,verified,pending_report_discovery,在已核验官网域名下发现HTTPS年报/ESG报告PDF链接,False
600674.SH,川投能源,2025,annual_report,issuer_official_website,ctny.com.cn,,verified,pending_report_discovery,在已核验官网域名下发现HTTPS年报/ESG报告PDF链接,False
600674.SH,川投能源,2025,esg_report,issuer_official_website,ctny.com.cn,,verified,pending_report_discovery,在已核验官网域名下发现HTTPS年报/ESG报告PDF链接,False
600681.SH,百川能源,2025,annual_report,issuer_official_website,bestsungas.com,,verified,pending_report_discovery,在已核验官网域名下发现HTTPS年报/ESG报告PDF链接,False
600688.SH,上海石化,2025,annual_report,issuer_official_website,spc.sinopec.com,,verified,pending_report_discovery,在已核验官网域名下发现HTTPS年报/ESG报告PDF链接,False
600688.SH,上海石化,2025,esg_report,issuer_official_website,spc.sinopec.com,,verified,pending_report_discovery,在已核验官网域名下发现HTTPS年报/ESG报告PDF链接,False
600719.SH,大连热电,2025,annual_report,issuer_official_website,dlrd.com,,verified,pending_report_discovery,在已核验官网域名下发现HTTPS年报/ESG报告PDF链接,False
600725.SH,云维股份,2025,annual_report,issuer_official_website,,,not_submitted,pending_official_url,登记公司官网域名并人工确认域名归属，再发现报告链接,False
600725.SH,云维股份,2025,esg_report,issuer_official_website,,,not_submitted,pending_official_url,登记公司官网域名并人工确认域名归属，再发现报告链接,False
600726.SH,华电能源,2025,annual_report,issuer_official_website,hdenergy.com,,verified,pending_report_discovery,在已核验官网域名下发现HTTPS年报/ESG报告PDF链接,False
600732.SH,爱旭股份,2025,annual_report,issuer_official_website,aikosolar.com,,verified,pending_report_discovery,在已核验官网域名下发现HTTPS年报/ESG报告PDF链接,False
600732.SH,爱旭股份,2025,esg_report,issuer_official_website,aikosolar.com,,verified,pending_report_discovery,在已核验官网域名下发现HTTPS年报/ESG报告PDF链接,False
600744.SH,华银电力,2025,annual_report,issuer_official_website,hypower.com.cn,,verified,pending_report_discovery,在已核验官网域名下发现HTTPS年报/ESG报告PDF链接,False
600744.SH,华银电力,2025,esg_report,issuer_official_website,hypower.com.cn,,verified,pending_report_discovery,在已核验官网域名下发现HTTPS年报/ESG报告PDF链接,False
600758.SH,辽宁能源,2025,annual_report,issuer_official_website,,,not_submitted,pending_official_url,登记公司官网域名并人工确认域名归属，再发现报告链接,False
600777.SH,*ST新潮,2025,annual_report,issuer_official_website,xinchaoenergy.com,,verified,pending_report_discovery,在已核验官网域名下发现HTTPS年报/ESG报告PDF链接,False
600777.SH,*ST新潮,2025,esg_report,issuer_official_website,xinchaoenergy.com,,verified,pending_report_discovery,在已核验官网域名下发现HTTPS年报/ESG报告PDF链接,False
600780.SH,通宝能源,2025,annual_report,issuer_official_website,600780.com.cn,,verified,pending_report_discovery,在已核验官网域名下发现HTTPS年报/ESG报告PDF链接,False
600780.SH,通宝能源,2025,esg_report,issuer_official_website,600780.com.cn,,verified,pending_report_discovery,在已核验官网域名下发现HTTPS年报/ESG报告PDF链接,False
600795.SH,国电电力,2025,annual_report,issuer_official_website,600795.com.cn,,verified,pending_report_discovery,在已核验官网域名下发现HTTPS年报/ESG报告PDF链接,False
600795.SH,国电电力,2025,esg_report,issuer_official_website,600795.com.cn,,verified,pending_report_discovery,在已核验官网域名下发现HTTPS年报/ESG报告PDF链接,False
600803.SH,新奥股份,2025,annual_report,issuer_official_website,stcn.com,,verified,pending_report_discovery,在已核验官网域名下发现HTTPS年报/ESG报告PDF链接,False
600803.SH,新奥股份,2025,esg_report,issuer_official_website,stcn.com,,verified,pending_report_discovery,在已核验官网域名下发现HTTPS年报/ESG报告PDF链接,False
600821.SH,金开新能,2025,annual_report,issuer_official_website,nyocor.com,,verified,pending_report_discovery,在已核验官网域名下发现HTTPS年报/ESG报告PDF链接,False
600821.SH,金开新能,2025,esg_report,issuer_official_website,nyocor.com,,verified,pending_report_discovery,在已核验官网域名下发现HTTPS年报/ESG报告PDF链接,False
600847.SH,万里股份,2025,annual_report,issuer_official_website,cqwanli.com,,verified,pending_report_discovery,在已核验官网域名下发现HTTPS年报/ESG报告PDF链接,False
600847.SH,万里股份,2025,esg_report,issuer_official_website,cqwanli.com,,verified,pending_report_discovery,在已核验官网域名下发现HTTPS年报/ESG报告PDF链接,False
600863.SH,华能蒙电,2025,annual_report,issuer_official_website,nmhdwz.com,,verified,pending_report_discovery,在已核验官网域名下发现HTTPS年报/ESG报告PDF链接,False
600868.SH,梅雁吉祥,2025,annual_report,issuer_official_website,chinameiyan.com,,verified,pending_report_discovery,在已核验官网域名下发现HTTPS年报/ESG报告PDF链接,False
600869.SH,远东股份,2025,annual_report,issuer_official_website,600869.com,,verified,pending_report_discovery,在已核验官网域名下发现HTTPS年报/ESG报告PDF链接,False
600871.SH,石化油服,2025,annual_report,issuer_official_website,ssc.sinopec.com,,verified,pending_report_discovery,在已核验官网域名下发现HTTPS年报/ESG报告PDF链接,False
600871.SH,石化油服,2025,esg_report,issuer_official_website,ssc.sinopec.com,,verified,pending_report_discovery,在已核验官网域名下发现HTTPS年报/ESG报告PDF链接,False
600875.SH,东方电气,2025,annual_report,issuer_official_website,dec-ltd.cn,,verified,pending_report_discovery,在已核验官网域名下发现HTTPS年报/ESG报告PDF链接,False
600884.SH,杉杉股份,2025,annual_report,issuer_official_website,ssgf.net,,verified,pending_report_discovery,在已核验官网域名下发现HTTPS年报/ESG报告PDF链接,False
600885.SH,宏发股份,2025,annual_report,issuer_official_website,hongfa.cn,,verified,pending_report_discovery,在已核验官网域名下发现HTTPS年报/ESG报告PDF链接,False
600885.SH,宏发股份,2025,esg_report,issuer_official_website,hongfa.cn,,verified,pending_report_discovery,在已核验官网域名下发现HTTPS年报/ESG报告PDF链接,False
600886.SH,国投电力,2025,annual_report,issuer_official_website,sdicpower.com,,verified,pending_report_discovery,在已核验官网域名下发现HTTPS年报/ESG报告PDF链接,False
600900.SH,长江电力,2025,annual_report,issuer_official_website,cypc.com.cn,,verified,pending_report_discovery,在已核验官网域名下发现HTTPS年报/ESG报告PDF链接,False
600900.SH,长江电力,2025,esg_report,issuer_official_website,cypc.com.cn,,verified,pending_report_discovery,在已核验官网域名下发现HTTPS年报/ESG报告PDF链接,False
600903.SH,贵州燃气,2025,annual_report,issuer_official_website,guizhougas.com,,verified,pending_report_discovery,在已核验官网域名下发现HTTPS年报/ESG报告PDF链接,False
600903.SH,贵州燃气,2025,esg_report,issuer_official_website,guizhougas.com,,verified,pending_report_discovery,在已核验官网域名下发现HTTPS年报/ESG报告PDF链接,False
600905.SH,三峡能源,2025,annual_report,issuer_official_website,ctgne.com,,verified,pending_report_discovery,在已核验官网域名下发现HTTPS年报/ESG报告PDF链接,False
600905.SH,三峡能源,2025,esg_report,issuer_official_website,ctgne.com,,verified,pending_report_discovery,在已核验官网域名下发现HTTPS年报/ESG报告PDF链接,False
600917.SH,重庆燃气,2025,annual_report,issuer_official_website,cqgas.cn,,verified,pending_report_discovery,在已核验官网域名下发现HTTPS年报/ESG报告PDF链接,False
600917.SH,重庆燃气,2025,esg_report,issuer_official_website,cqgas.cn,,verified,pending_report_discovery,在已核验官网域名下发现HTTPS年报/ESG报告PDF链接,False
600925.SH,苏能股份,2025,annual_report,issuer_official_website,stcn.com,,verified,pending_report_discovery,在已核验官网域名下发现HTTPS年报/ESG报告PDF链接,False
600938.SH,中国海油,2025,annual_report,issuer_official_website,cnoocltd.com,,verified,pending_report_discovery,在已核验官网域名下发现HTTPS年报/ESG报告PDF链接,False
600956.SH,新天绿能,2025,annual_report,issuer_official_website,suntien.com,,verified,pending_report_discovery,在已核验官网域名下发现HTTPS年报/ESG报告PDF链接,False
600956.SH,新天绿能,2025,esg_report,issuer_official_website,suntien.com,,verified,pending_report_discovery,在已核验官网域名下发现HTTPS年报/ESG报告PDF链接,False
600968.SH,海油发展,2025,annual_report,issuer_official_website,cenertech.cnooc.com.cn,,verified,pending_report_discovery,在已核验官网域名下发现HTTPS年报/ESG报告PDF链接,False
600968.SH,海油发展,2025,esg_report,issuer_official_website,cenertech.cnooc.com.cn,,verified,pending_report_discovery,在已核验官网域名下发现HTTPS年报/ESG报告PDF链接,False
600969.SH,郴电国际,2025,annual_report,issuer_official_website,chendianguoji.cn,,verified,pending_report_discovery,在已核验官网域名下发现HTTPS年报/ESG报告PDF链接,False
600969.SH,郴电国际,2025,esg_report,issuer_official_website,chendianguoji.cn,,verified,pending_report_discovery,在已核验官网域名下发现HTTPS年报/ESG报告PDF链接,False
600973.SH,宝胜股份,2025,annual_report,issuer_official_website,baoshengcable.com,,verified,pending_report_discovery,在已核验官网域名下发现HTTPS年报/ESG报告PDF链接,False
600979.SH,广安爱众,2025,annual_report,issuer_official_website,stcn.com,,verified,pending_report_discovery,在已核验官网域名下发现HTTPS年报/ESG报告PDF链接,False
600982.SH,宁波能源,2025,annual_report,issuer_official_website,nbtp.com.cn,,verified,pending_report_discovery,在已核验官网域名下发现HTTPS年报/ESG报告PDF链接,False
600995.SH,南网储能,2025,annual_report,issuer_official_website,csg.cn,,verified,pending_report_discovery,在已核验官网域名下发现HTTPS年报/ESG报告PDF链接,False
600995.SH,南网储能,2025,esg_report,issuer_official_website,csg.cn,,verified,pending_report_discovery,在已核验官网域名下发现HTTPS年报/ESG报告PDF链接,False
601001.SH,晋控煤业,2025,annual_report,issuer_official_website,dtmy.jnkgjtnews.com,,verified,pending_report_discovery,在已核验官网域名下发现HTTPS年报/ESG报告PDF链接,False
601001.SH,晋控煤业,2025,esg_report,issuer_official_website,dtmy.jnkgjtnews.com,,verified,pending_report_discovery,在已核验官网域名下发现HTTPS年报/ESG报告PDF链接,False
601012.SH,隆基绿能,2025,annual_report,issuer_official_website,ember-energy.org,,verified,pending_report_discovery,在已核验官网域名下发现HTTPS年报/ESG报告PDF链接,False
601012.SH,隆基绿能,2025,esg_report,issuer_official_website,ember-energy.org,,verified,pending_report_discovery,在已核验官网域名下发现HTTPS年报/ESG报告PDF链接,False
601016.SH,节能风电,2025,annual_report,issuer_official_website,cecwpc.cn,,verified,pending_report_discovery,在已核验官网域名下发现HTTPS年报/ESG报告PDF链接,False
601088.SH,中国神华,2025,annual_report,issuer_official_website,tanjiaoyi.com,,verified,pending_report_discovery,在已核验官网域名下发现HTTPS年报/ESG报告PDF链接,False
601088.SH,中国神华,2025,esg_report,issuer_official_website,tanjiaoyi.com,,verified,pending_report_discovery,在已核验官网域名下发现HTTPS年报/ESG报告PDF链接,False
601126.SH,四方股份,2025,annual_report,issuer_official_website,sf-auto.com,,verified,pending_report_discovery,在已核验官网域名下发现HTTPS年报/ESG报告PDF链接,False
601126.SH,四方股份,2025,esg_report,issuer_official_website,sf-auto.com,,verified,pending_report_discovery,在已核验官网域名下发现HTTPS年报/ESG报告PDF链接,False
601139.SH,深圳燃气,2025,annual_report,issuer_official_website,szgas.com.cn,,verified,pending_report_discovery,在已核验官网域名下发现HTTPS年报/ESG报告PDF链接,False
601139.SH,深圳燃气,2025,esg_report,issuer_official_website,szgas.com.cn,,verified,pending_report_discovery,在已核验官网域名下发现HTTPS年报/ESG报告PDF链接,False
601179.SH,中国西电,2025,annual_report,issuer_official_website,xdect.com.cn,,verified,pending_report_discovery,在已核验官网域名下发现HTTPS年报/ESG报告PDF链接,False
601218.SH,吉鑫科技,2025,annual_report,issuer_official_website,sinojit.com,,verified,pending_report_discovery,在已核验官网域名下发现HTTPS年报/ESG报告PDF链接,False
601222.SH,林洋能源,2025,annual_report,issuer_official_website,linyang.com,,verified,pending_report_discovery,在已核验官网域名下发现HTTPS年报/ESG报告PDF链接,False
601225.SH,陕西煤业,2025,annual_report,issuer_official_website,sthjzh.com,,verified,pending_report_discovery,在已核验官网域名下发现HTTPS年报/ESG报告PDF链接,False
601225.SH,陕西煤业,2025,esg_report,issuer_official_website,sthjzh.com,,verified,pending_report_discovery,在已核验官网域名下发现HTTPS年报/ESG报告PDF链接,False
601233.SH,桐昆股份,2025,annual_report,issuer_official_website,zjtkgf.com,,verified,pending_report_discovery,在已核验官网域名下发现HTTPS年报/ESG报告PDF链接,False
601233.SH,桐昆股份,2025,esg_report,issuer_official_website,zjtkgf.com,,verified,pending_report_discovery,在已核验官网域名下发现HTTPS年报/ESG报告PDF链接,False
601311.SH,骆驼股份,2025,annual_report,issuer_official_website,chinacamel.com,,verified,pending_report_discovery,在已核验官网域名下发现HTTPS年报/ESG报告PDF链接,False
601567.SH,三星电气,2025,annual_report,issuer_official_website,sanxing.com,,verified,pending_report_discovery,在已核验官网域名下发现HTTPS年报/ESG报告PDF链接,False
601567.SH,三星电气,2025,esg_report,issuer_official_website,sanxing.com,,verified,pending_report_discovery,在已核验官网域名下发现HTTPS年报/ESG报告PDF链接,False
601611.SH,中国核建,2025,annual_report,issuer_official_website,cnecc.com,,verified,pending_report_discovery,在已核验官网域名下发现HTTPS年报/ESG报告PDF链接,False
601615.SH,明阳智能,2025,annual_report,issuer_official_website,myse.com.cn,,verified,pending_report_discovery,在已核验官网域名下发现HTTPS年报/ESG报告PDF链接,False
601615.SH,明阳智能,2025,esg_report,issuer_official_website,myse.com.cn,,verified,pending_report_discovery,在已核验官网域名下发现HTTPS年报/ESG报告PDF链接,False
601616.SH,广电电气,2025,annual_report,issuer_official_website,sse.com,,verified,pending_report_discovery,在已核验官网域名下发现HTTPS年报/ESG报告PDF链接,False
601619.SH,嘉泽新能,2025,annual_report,issuer_official_website,jzne.net.cn,,verified,pending_report_discovery,在已核验官网域名下发现HTTPS年报/ESG报告PDF链接,False
601619.SH,嘉泽新能,2025,esg_report,issuer_official_website,jzne.net.cn,,verified,pending_report_discovery,在已核验官网域名下发现HTTPS年报/ESG报告PDF链接,False
601666.SH,平煤股份,2025,annual_report,issuer_official_website,pmta.com.cn,,verified,pending_report_discovery,在已核验官网域名下发现HTTPS年报/ESG报告PDF链接,False
601666.SH,平煤股份,2025,esg_report,issuer_official_website,pmta.com.cn,,verified,pending_report_discovery,在已核验官网域名下发现HTTPS年报/ESG报告PDF链接,False
601669.SH,中国电建,2025,annual_report,issuer_official_website,powerchina.cn,,verified,pending_report_discovery,在已核验官网域名下发现HTTPS年报/ESG报告PDF链接,False
601700.SH,风范股份,2025,annual_report,issuer_official_website,zqrb.cn,,verified,pending_report_discovery,在已核验官网域名下发现HTTPS年报/ESG报告PDF链接,False
601727.SH,上海电气,2025,annual_report,issuer_official_website,shanghai-electric.com,,verified,pending_report_discovery,在已核验官网域名下发现HTTPS年报/ESG报告PDF链接,False
601727.SH,上海电气,2025,esg_report,issuer_official_website,shanghai-electric.com,,verified,pending_report_discovery,在已核验官网域名下发现HTTPS年报/ESG报告PDF链接,False
601778.SH,晶科科技,2025,annual_report,issuer_official_website,jinkopower.com,,verified,pending_report_discovery,在已核验官网域名下发现HTTPS年报/ESG报告PDF链接,False
601778.SH,晶科科技,2025,esg_report,issuer_official_website,jinkopower.com,,verified,pending_report_discovery,在已核验官网域名下发现HTTPS年报/ESG报告PDF链接,False
601808.SH,中海油服,2025,annual_report,issuer_official_website,cosl.com.cn,,verified,pending_report_discovery,在已核验官网域名下发现HTTPS年报/ESG报告PDF链接,False
601857.SH,中国石油,2025,annual_report,issuer_official_website,petrochina.com.cn,,verified,pending_report_discovery,在已核验官网域名下发现HTTPS年报/ESG报告PDF链接,False
601857.SH,中国石油,2025,esg_report,issuer_official_website,petrochina.com.cn,,verified,pending_report_discovery,在已核验官网域名下发现HTTPS年报/ESG报告PDF链接,False
601865.SH,福莱特,2025,annual_report,issuer_official_website,flatgroup.com.cn,,verified,pending_report_discovery,在已核验官网域名下发现HTTPS年报/ESG报告PDF链接,False
601868.SH,中国能建,2025,annual_report,issuer_official_website,ceec.net.cn,,verified,pending_report_discovery,在已核验官网域名下发现HTTPS年报/ESG报告PDF链接,False
601877.SH,正泰电器,2025,annual_report,issuer_official_website,leveragelimited.com.cn,,verified,pending_report_discovery,在已核验官网域名下发现HTTPS年报/ESG报告PDF链接,False
601877.SH,正泰电器,2025,esg_report,issuer_official_website,leveragelimited.com.cn,,verified,pending_report_discovery,在已核验官网域名下发现HTTPS年报/ESG报告PDF链接,False
601898.SH,中煤能源,2025,annual_report,issuer_official_website,sthjzh.com,,verified,pending_report_discovery,在已核验官网域名下发现HTTPS年报/ESG报告PDF链接,False
601908.SH,京运通,2025,annual_report,issuer_official_website,jingyuntong.com,,verified,pending_report_discovery,在已核验官网域名下发现HTTPS年报/ESG报告PDF链接,False
601918.SH,新集能源,2025,annual_report,issuer_official_website,xinji.chinacoal.com,,verified,pending_report_discovery,在已核验官网域名下发现HTTPS年报/ESG报告PDF链接,False
601918.SH,新集能源,2025,esg_report,issuer_official_website,xinji.chinacoal.com,,verified,pending_report_discovery,在已核验官网域名下发现HTTPS年报/ESG报告PDF链接,False
601985.SH,中国核电,2025,annual_report,issuer_official_website,cnnp.com.cn,,verified,pending_report_discovery,在已核验官网域名下发现HTTPS年报/ESG报告PDF链接,False
601985.SH,中国核电,2025,esg_report,issuer_official_website,cnnp.com.cn,,verified,pending_report_discovery,在已核验官网域名下发现HTTPS年报/ESG报告PDF链接,False
601991.SH,大唐发电,2025,annual_report,issuer_official_website,dtpower.com,,verified,pending_report_discovery,在已核验官网域名下发现HTTPS年报/ESG报告PDF链接,False
601991.SH,大唐发电,2025,esg_report,issuer_official_website,dtpower.com,,verified,pending_report_discovery,在已核验官网域名下发现HTTPS年报/ESG报告PDF链接,False
603016.SH,新宏泰,2025,annual_report,issuer_official_website,newhongtai.com,,verified,pending_report_discovery,在已核验官网域名下发现HTTPS年报/ESG报告PDF链接,False
603026.SH,石大胜华,2025,annual_report,issuer_official_website,sinodmc.com,,verified,pending_report_discovery,在已核验官网域名下发现HTTPS年报/ESG报告PDF链接,False
603031.SH,安孚科技,2025,annual_report,issuer_official_website,hjtj.cnemc.cn,,verified,pending_report_discovery,在已核验官网域名下发现HTTPS年报/ESG报告PDF链接,False
603031.SH,安孚科技,2025,esg_report,issuer_official_website,hjtj.cnemc.cn,,verified,pending_report_discovery,在已核验官网域名下发现HTTPS年报/ESG报告PDF链接,False
603032.SH,德新科技,2025,annual_report,issuer_official_website,dxtl.com.cn,,verified,pending_report_discovery,在已核验官网域名下发现HTTPS年报/ESG报告PDF链接,False
603032.SH,德新科技,2025,esg_report,issuer_official_website,dxtl.com.cn,,verified,pending_report_discovery,在已核验官网域名下发现HTTPS年报/ESG报告PDF链接,False
603050.SH,科林电气,2025,annual_report,issuer_official_website,kechina.com,,verified,pending_report_discovery,在已核验官网域名下发现HTTPS年报/ESG报告PDF链接,False
603053.SH,成都燃气,2025,annual_report,issuer_official_website,cdgas.com,,verified,pending_report_discovery,在已核验官网域名下发现HTTPS年报/ESG报告PDF链接,False
603053.SH,成都燃气,2025,esg_report,issuer_official_website,cdgas.com,,verified,pending_report_discovery,在已核验官网域名下发现HTTPS年报/ESG报告PDF链接,False
603063.SH,禾望电气,2025,annual_report,issuer_official_website,hopewind.com,,verified,pending_report_discovery,在已核验官网域名下发现HTTPS年报/ESG报告PDF链接,False
603063.SH,禾望电气,2025,esg_report,issuer_official_website,hopewind.com,,verified,pending_report_discovery,在已核验官网域名下发现HTTPS年报/ESG报告PDF链接,False
603070.SH,万控智造,2025,annual_report,issuer_official_website,wecome.com.cn,,verified,pending_report_discovery,在已核验官网域名下发现HTTPS年报/ESG报告PDF链接,False
603080.SH,新疆火炬,2025,annual_report,issuer_official_website,xjhjrq.com,,verified,pending_report_discovery,在已核验官网域名下发现HTTPS年报/ESG报告PDF链接,False
603097.SH,江苏华辰,2025,annual_report,issuer_official_website,hcbyq.com,,verified,pending_report_discovery,在已核验官网域名下发现HTTPS年报/ESG报告PDF链接,False
603105.SH,芯能科技,2025,annual_report,issuer_official_website,sunorensolar.com,,verified,pending_report_discovery,在已核验官网域名下发现HTTPS年报/ESG报告PDF链接,False
603185.SH,弘元绿能,2025,annual_report,issuer_official_website,hysolar.com,,verified,pending_report_discovery,在已核验官网域名下发现HTTPS年报/ESG报告PDF链接,False
603191.SH,望变电气,2025,annual_report,issuer_official_website,byzf.cqree.cn,,verified,pending_report_discovery,在已核验官网域名下发现HTTPS年报/ESG报告PDF链接,False
603212.SH,赛伍技术,2025,annual_report,issuer_official_website,cybrid.com.cn,,verified,pending_report_discovery,在已核验官网域名下发现HTTPS年报/ESG报告PDF链接,False
603218.SH,日月股份,2025,annual_report,issuer_official_website,riyuehi.com,,verified,pending_report_discovery,在已核验官网域名下发现HTTPS年报/ESG报告PDF链接,False
603312.SH,西典新能,2025,annual_report,issuer_official_website,wdint.cn,,verified,pending_report_discovery,在已核验官网域名下发现HTTPS年报/ESG报告PDF链接,False
603318.SH,水发燃气,2025,annual_report,issuer_official_website,sdsf.com.cn,,verified,pending_report_discovery,在已核验官网域名下发现HTTPS年报/ESG报告PDF链接,False
603320.SH,迪贝电气,2025,annual_report,issuer_official_website,stcn.com,,verified,pending_report_discovery,在已核验官网域名下发现HTTPS年报/ESG报告PDF链接,False
603320.SH,迪贝电气,2025,esg_report,issuer_official_website,stcn.com,,verified,pending_report_discovery,在已核验官网域名下发现HTTPS年报/ESG报告PDF链接,False
603333.SH,尚纬股份,2025,annual_report,issuer_official_website,sunwayint.com,,verified,pending_report_discovery,在已核验官网域名下发现HTTPS年报/ESG报告PDF链接,False
603344.SH,星德胜,2025,annual_report,issuer_official_website,cds.cn,,verified,pending_report_discovery,在已核验官网域名下发现HTTPS年报/ESG报告PDF链接,False
603353.SH,和顺石油,2025,annual_report,issuer_official_website,hnhsjt.com,,verified,pending_report_discovery,在已核验官网域名下发现HTTPS年报/ESG报告PDF链接,False
603393.SH,新天然气,2025,annual_report,issuer_official_website,xintaienergy.com,,verified,pending_report_discovery,在已核验官网域名下发现HTTPS年报/ESG报告PDF链接,False
603396.SH,金辰股份,2025,annual_report,issuer_official_website,jinchensolar.com,,verified,pending_report_discovery,在已核验官网域名下发现HTTPS年报/ESG报告PDF链接,False
603396.SH,金辰股份,2025,esg_report,issuer_official_website,jinchensolar.com,,verified,pending_report_discovery,在已核验官网域名下发现HTTPS年报/ESG报告PDF链接,False
603489.SH,八方股份,2025,annual_report,issuer_official_website,bafang-e.com.cn,,verified,pending_report_discovery,在已核验官网域名下发现HTTPS年报/ESG报告PDF链接,False
603507.SH,振江股份,2025,annual_report,issuer_official_website,zjavim.com,,verified,pending_report_discovery,在已核验官网域名下发现HTTPS年报/ESG报告PDF链接,False
603507.SH,振江股份,2025,esg_report,issuer_official_website,zjavim.com,,verified,pending_report_discovery,在已核验官网域名下发现HTTPS年报/ESG报告PDF链接,False
603530.SH,神马电力,2025,annual_report,issuer_official_website,shemar.com.cn,,verified,pending_report_discovery,在已核验官网域名下发现HTTPS年报/ESG报告PDF链接,False
603556.SH,海兴电力,2025,annual_report,issuer_official_website,hxgroup.com,,verified,pending_report_discovery,在已核验官网域名下发现HTTPS年报/ESG报告PDF链接,False
603577.SH,汇金通,2025,annual_report,issuer_official_website,hjttower.com,,verified,pending_report_discovery,在已核验官网域名下发现HTTPS年报/ESG报告PDF链接,False
603606.SH,东方电缆,2025,annual_report,issuer_official_website,orientcable.com,,verified,pending_report_discovery,在已核验官网域名下发现HTTPS年报/ESG报告PDF链接,False
603618.SH,杭电股份,2025,annual_report,issuer_official_website,hzcables.com,,verified,pending_report_discovery,在已核验官网域名下发现HTTPS年报/ESG报告PDF链接,False
603618.SH,杭电股份,2025,esg_report,issuer_official_website,hzcables.com,,verified,pending_report_discovery,在已核验官网域名下发现HTTPS年报/ESG报告PDF链接,False
603619.SH,中曼石油,2025,annual_report,issuer_official_website,zpec.com,,verified,pending_report_discovery,在已核验官网域名下发现HTTPS年报/ESG报告PDF链接,False
603628.SH,清源股份,2025,annual_report,issuer_official_website,stcn.com,,verified,pending_report_discovery,在已核验官网域名下发现HTTPS年报/ESG报告PDF链接,False
603659.SH,璞泰来,2025,annual_report,issuer_official_website,evtank.cn,,verified,pending_report_discovery,在已核验官网域名下发现HTTPS年报/ESG报告PDF链接,False
603689.SH,皖天然气,2025,annual_report,issuer_official_website,ahtrq.com,,verified,pending_report_discovery,在已核验官网域名下发现HTTPS年报/ESG报告PDF链接,False
603689.SH,皖天然气,2025,esg_report,issuer_official_website,ahtrq.com,,verified,pending_report_discovery,在已核验官网域名下发现HTTPS年报/ESG报告PDF链接,False
603693.SH,江苏新能,2025,annual_report,issuer_official_website,jsne.com.cn,,verified,pending_report_discovery,在已核验官网域名下发现HTTPS年报/ESG报告PDF链接,False
603693.SH,江苏新能,2025,esg_report,issuer_official_website,jsne.com.cn,,verified,pending_report_discovery,在已核验官网域名下发现HTTPS年报/ESG报告PDF链接,False
603706.SH,东方环宇,2025,annual_report,issuer_official_website,stcn.com,,verified,pending_report_discovery,在已核验官网域名下发现HTTPS年报/ESG报告PDF链接,False
603706.SH,东方环宇,2025,esg_report,issuer_official_website,stcn.com,,verified,pending_report_discovery,在已核验官网域名下发现HTTPS年报/ESG报告PDF链接,False
603727.SH,博迈科,2025,annual_report,issuer_official_website,bomesc.com,,verified,pending_report_discovery,在已核验官网域名下发现HTTPS年报/ESG报告PDF链接,False
603728.SH,鸣志电器,2025,annual_report,issuer_official_website,moons.com.cn,,verified,pending_report_discovery,在已核验官网域名下发现HTTPS年报/ESG报告PDF链接,False
603798.SH,康普顿,2025,annual_report,issuer_official_website,copton.com.cn,,verified,pending_report_discovery,在已核验官网域名下发现HTTPS年报/ESG报告PDF链接,False
603806.SH,福斯特,2025,annual_report,issuer_official_website,firstpvm.com,,verified,pending_report_discovery,在已核验官网域名下发现HTTPS年报/ESG报告PDF链接,False
603819.SH,神力股份,2025,annual_report,issuer_official_website,czshenli.com,,verified,pending_report_discovery,在已核验官网域名下发现HTTPS年报/ESG报告PDF链接,False
603829.SH,洛凯股份,2025,annual_report,issuer_official_website,lk-jd.com,,verified,pending_report_discovery,在已核验官网域名下发现HTTPS年报/ESG报告PDF链接,False
603861.SH,白云电器,2025,annual_report,issuer_official_website,bydq.com,,verified,pending_report_discovery,在已核验官网域名下发现HTTPS年报/ESG报告PDF链接,False
603861.SH,白云电器,2025,esg_report,issuer_official_website,bydq.com,,verified,pending_report_discovery,在已核验官网域名下发现HTTPS年报/ESG报告PDF链接,False
603897.SH,长城科技,2025,annual_report,issuer_official_website,grandwall.com.cn,,verified,pending_report_discovery,在已核验官网域名下发现HTTPS年报/ESG报告PDF链接,False
603906.SH,龙蟠科技,2025,annual_report,issuer_official_website,lopal.cn,,verified,pending_report_discovery,在已核验官网域名下发现HTTPS年报/ESG报告PDF链接,False
603985.SH,恒润股份,2025,annual_report,issuer_official_website,hrflanges.com,,verified,pending_report_discovery,在已核验官网域名下发现HTTPS年报/ESG报告PDF链接,False
603985.SH,恒润股份,2025,esg_report,issuer_official_website,hrflanges.com,,verified,pending_report_discovery,在已核验官网域名下发现HTTPS年报/ESG报告PDF链接,False
603988.SH,中电电机,2025,annual_report,issuer_official_website,sec-motor.com,,verified,pending_report_discovery,在已核验官网域名下发现HTTPS年报/ESG报告PDF链接,False
605011.SH,杭州热电,2025,annual_report,issuer_official_website,hzrdjt.com,,verified,pending_report_discovery,在已核验官网域名下发现HTTPS年报/ESG报告PDF链接,False
605011.SH,杭州热电,2025,esg_report,issuer_official_website,hzrdjt.com,,verified,pending_report_discovery,在已核验官网域名下发现HTTPS年报/ESG报告PDF链接,False
605028.SH,世茂能源,2025,annual_report,issuer_official_website,shimaoenergy.com,,verified,pending_report_discovery,在已核验官网域名下发现HTTPS年报/ESG报告PDF链接,False
605028.SH,世茂能源,2025,esg_report,issuer_official_website,shimaoenergy.com,,verified,pending_report_discovery,在已核验官网域名下发现HTTPS年报/ESG报告PDF链接,False
605066.SH,天正电气,2025,annual_report,issuer_official_website,tengen.com,,verified,pending_report_discovery,在已核验官网域名下发现HTTPS年报/ESG报告PDF链接,False
605090.SH,九丰能源,2025,annual_report,issuer_official_website,jovo.com.cn,,verified,pending_report_discovery,在已核验官网域名下发现HTTPS年报/ESG报告PDF链接,False
605117.SH,德业股份,2025,annual_report,issuer_official_website,deye.com.cn,,verified,pending_report_discovery,在已核验官网域名下发现HTTPS年报/ESG报告PDF链接,False
605117.SH,德业股份,2025,esg_report,issuer_official_website,deye.com.cn,,verified,pending_report_discovery,在已核验官网域名下发现HTTPS年报/ESG报告PDF链接,False
605162.SH,新中港,2025,annual_report,issuer_official_website,zjxzgrd.com,,verified,pending_report_discovery,在已核验官网域名下发现HTTPS年报/ESG报告PDF链接,False
605162.SH,新中港,2025,esg_report,issuer_official_website,zjxzgrd.com,,verified,pending_report_discovery,在已核验官网域名下发现HTTPS年报/ESG报告PDF链接,False
605169.SH,洪通燃气,2025,annual_report,issuer_official_website,xjhtrq.com,,verified,pending_report_discovery,在已核验官网域名下发现HTTPS年报/ESG报告PDF链接,False
605196.SH,华通线缆,2025,annual_report,issuer_official_website,ht-hvaton.cn,,verified,pending_report_discovery,在已核验官网域名下发现HTTPS年报/ESG报告PDF链接,False
605196.SH,华通线缆,2025,esg_report,issuer_official_website,ht-hvaton.cn,,verified,pending_report_discovery,在已核验官网域名下发现HTTPS年报/ESG报告PDF链接,False
605222.SH,起帆电缆,2025,annual_report,issuer_official_website,qifancable.com,,verified,pending_report_discovery,在已核验官网域名下发现HTTPS年报/ESG报告PDF链接,False
605368.SH,蓝天燃气,2025,annual_report,issuer_official_website,hnltrq.com.cn,,verified,pending_report_discovery,在已核验官网域名下发现HTTPS年报/ESG报告PDF链接,False
605378.SH,野马电池,2025,annual_report,issuer_official_website,mustangbattery.com,,verified,pending_report_discovery,在已核验官网域名下发现HTTPS年报/ESG报告PDF链接,False
605580.SH,恒盛能源,2025,annual_report,issuer_official_website,hs-energy.com.cn,,verified,pending_report_discovery,在已核验官网域名下发现HTTPS年报/ESG报告PDF链接,False
605580.SH,恒盛能源,2025,esg_report,issuer_official_website,hs-energy.com.cn,,verified,pending_report_discovery,在已核验官网域名下发现HTTPS年报/ESG报告PDF链接,False
688005.SH,容百科技,2025,annual_report,issuer_official_website,ronbaymat.com,,verified,pending_report_discovery,在已核验官网域名下发现HTTPS年报/ESG报告PDF链接,False
688005.SH,容百科技,2025,esg_report,issuer_official_website,ronbaymat.com,,verified,pending_report_discovery,在已核验官网域名下发现HTTPS年报/ESG报告PDF链接,False
688006.SH,杭可科技,2025,annual_report,issuer_official_website,chr-group.net,,verified,pending_report_discovery,在已核验官网域名下发现HTTPS年报/ESG报告PDF链接,False
688006.SH,杭可科技,2025,esg_report,issuer_official_website,chr-group.net,,verified,pending_report_discovery,在已核验官网域名下发现HTTPS年报/ESG报告PDF链接,False
688032.SH,禾迈股份,2025,annual_report,issuer_official_website,stcn.com,,verified,pending_report_discovery,在已核验官网域名下发现HTTPS年报/ESG报告PDF链接,False
688032.SH,禾迈股份,2025,esg_report,issuer_official_website,stcn.com,,verified,pending_report_discovery,在已核验官网域名下发现HTTPS年报/ESG报告PDF链接,False
688063.SH,派能科技,2025,annual_report,issuer_official_website,pylontech.com.cn,,verified,pending_report_discovery,在已核验官网域名下发现HTTPS年报/ESG报告PDF链接,False
688063.SH,派能科技,2025,esg_report,issuer_official_website,pylontech.com.cn,,verified,pending_report_discovery,在已核验官网域名下发现HTTPS年报/ESG报告PDF链接,False
688116.SH,天奈科技,2025,annual_report,issuer_official_website,cnanotechnology.com,,verified,pending_report_discovery,在已核验官网域名下发现HTTPS年报/ESG报告PDF链接,False
688116.SH,天奈科技,2025,esg_report,issuer_official_website,cnanotechnology.com,,verified,pending_report_discovery,在已核验官网域名下发现HTTPS年报/ESG报告PDF链接,False
688147.SH,微导纳米,2025,annual_report,issuer_official_website,leadmicro.com,,verified,pending_report_discovery,在已核验官网域名下发现HTTPS年报/ESG报告PDF链接,False
688148.SH,芳源股份,2025,annual_report,issuer_official_website,fangyuan-group.com,,verified,pending_report_discovery,在已核验官网域名下发现HTTPS年报/ESG报告PDF链接,False
688155.SH,先惠技术,2025,annual_report,issuer_official_website,sk1.net.cn,,verified,pending_report_discovery,在已核验官网域名下发现HTTPS年报/ESG报告PDF链接,False
688191.SH,智洋创新,2025,annual_report,issuer_official_website,zhiyang.com.cn,,verified,pending_report_discovery,在已核验官网域名下发现HTTPS年报/ESG报告PDF链接,False
688223.SH,晶科能源,2025,annual_report,issuer_official_website,jinkosolar.com,,verified,pending_report_discovery,在已核验官网域名下发现HTTPS年报/ESG报告PDF链接,False
688226.SH,威腾电气,2025,annual_report,issuer_official_website,wetown.com.cn,,verified,pending_report_discovery,在已核验官网域名下发现HTTPS年报/ESG报告PDF链接,False
688248.SH,南网科技,2025,annual_report,issuer_official_website,csg.cn,,verified,pending_report_discovery,在已核验官网域名下发现HTTPS年报/ESG报告PDF链接,False
688248.SH,南网科技,2025,esg_report,issuer_official_website,csg.cn,,verified,pending_report_discovery,在已核验官网域名下发现HTTPS年报/ESG报告PDF链接,False
688275.SH,万润新能,2025,annual_report,issuer_official_website,hbwanrun.com,,verified,pending_report_discovery,在已核验官网域名下发现HTTPS年报/ESG报告PDF链接,False
688303.SH,大全能源,2025,annual_report,issuer_official_website,xjdqsolar.com,,verified,pending_report_discovery,在已核验官网域名下发现HTTPS年报/ESG报告PDF链接,False
688303.SH,大全能源,2025,esg_report,issuer_official_website,xjdqsolar.com,,verified,pending_report_discovery,在已核验官网域名下发现HTTPS年报/ESG报告PDF链接,False
688330.SH,宏力达,2025,annual_report,issuer_official_website,holystar.com.cn,,verified,pending_report_discovery,在已核验官网域名下发现HTTPS年报/ESG报告PDF链接,False
688339.SH,亿华通,2025,annual_report,issuer_official_website,stcn.com,,verified,pending_report_discovery,在已核验官网域名下发现HTTPS年报/ESG报告PDF链接,False
688339.SH,亿华通,2025,esg_report,issuer_official_website,stcn.com,,verified,pending_report_discovery,在已核验官网域名下发现HTTPS年报/ESG报告PDF链接,False
688345.SH,博力威,2025,annual_report,issuer_official_website,greenway-battery.cn,,verified,pending_report_discovery,在已核验官网域名下发现HTTPS年报/ESG报告PDF链接,False
688348.SH,昱能科技,2025,annual_report,issuer_official_website,china.apsystems.com,,verified,pending_report_discovery,在已核验官网域名下发现HTTPS年报/ESG报告PDF链接,False
688349.SH,三一重能,2025,annual_report,issuer_official_website,sanyre.com.cn,,verified,pending_report_discovery,在已核验官网域名下发现HTTPS年报/ESG报告PDF链接,False
688353.SH,华盛锂电,2025,annual_report,issuer_official_website,sinohsc.com,,verified,pending_report_discovery,在已核验官网域名下发现HTTPS年报/ESG报告PDF链接,False
688388.SH,嘉元科技,2025,annual_report,issuer_official_website,gdjygf.com,,verified,pending_report_discovery,在已核验官网域名下发现HTTPS年报/ESG报告PDF链接,False
688388.SH,嘉元科技,2025,esg_report,issuer_official_website,gdjygf.com,,verified,pending_report_discovery,在已核验官网域名下发现HTTPS年报/ESG报告PDF链接,False
688390.SH,固德威,2025,annual_report,issuer_official_website,sustainability.goodwe.com,,verified,pending_report_discovery,在已核验官网域名下发现HTTPS年报/ESG报告PDF链接,False
688390.SH,固德威,2025,esg_report,issuer_official_website,sustainability.goodwe.com,,verified,pending_report_discovery,在已核验官网域名下发现HTTPS年报/ESG报告PDF链接,False
688392.SH,骄成超声,2025,annual_report,issuer_official_website,sbt-sh.com,,verified,pending_report_discovery,在已核验官网域名下发现HTTPS年报/ESG报告PDF链接,False
688408.SH,中信博,2025,annual_report,issuer_official_website,arctechsolar.cn,,verified,pending_report_discovery,在已核验官网域名下发现HTTPS年报/ESG报告PDF链接,False
688429.SH,时创能源,2025,annual_report,issuer_official_website,zqrb.cn,,verified,pending_report_discovery,在已核验官网域名下发现HTTPS年报/ESG报告PDF链接,False
688472.SH,阿特斯,2025,annual_report,issuer_official_website,cn.csisolar.com,,verified,pending_report_discovery,在已核验官网域名下发现HTTPS年报/ESG报告PDF链接,False
688472.SH,阿特斯,2025,esg_report,issuer_official_website,cn.csisolar.com,,verified,pending_report_discovery,在已核验官网域名下发现HTTPS年报/ESG报告PDF链接,False
688499.SH,利元亨,2025,annual_report,issuer_official_website,lyric-robot.com,,verified,pending_report_discovery,在已核验官网域名下发现HTTPS年报/ESG报告PDF链接,False
688503.SH,聚和材料,2025,annual_report,issuer_official_website,fusion-materials.com,,verified,pending_report_discovery,在已核验官网域名下发现HTTPS年报/ESG报告PDF链接,False
688516.SH,奥特维,2025,annual_report,issuer_official_website,wxautowell.com,,verified,pending_report_discovery,在已核验官网域名下发现HTTPS年报/ESG报告PDF链接,False
688517.SH,金冠电气,2025,annual_report,issuer_official_website,nyjinguan.com,,verified,pending_report_discovery,在已核验官网域名下发现HTTPS年报/ESG报告PDF链接,False
688517.SH,金冠电气,2025,esg_report,issuer_official_website,nyjinguan.com,,verified,pending_report_discovery,在已核验官网域名下发现HTTPS年报/ESG报告PDF链接,False
688551.SH,科威尔,2025,annual_report,issuer_official_website,kewell.com.cn,,verified,pending_report_discovery,在已核验官网域名下发现HTTPS年报/ESG报告PDF链接,False
688551.SH,科威尔,2025,esg_report,issuer_official_website,kewell.com.cn,,verified,pending_report_discovery,在已核验官网域名下发现HTTPS年报/ESG报告PDF链接,False
688556.SH,高测股份,2025,annual_report,issuer_official_website,sse.com,,verified,pending_report_discovery,在已核验官网域名下发现HTTPS年报/ESG报告PDF链接,False
688560.SH,明冠新材,2025,annual_report,issuer_official_website,mg-crown.com,,verified,pending_report_discovery,在已核验官网域名下发现HTTPS年报/ESG报告PDF链接,False
688567.SH,孚能科技,2025,annual_report,issuer_official_website,farasis.com,,verified,pending_report_discovery,在已核验官网域名下发现HTTPS年报/ESG报告PDF链接,False
688573.SH,信宇人,2025,annual_report,issuer_official_website,xinyuren.com,,verified,pending_report_discovery,在已核验官网域名下发现HTTPS年报/ESG报告PDF链接,False
688597.SH,煜邦电力,2025,annual_report,issuer_official_website,yupont.com,,verified,pending_report_discovery,在已核验官网域名下发现HTTPS年报/ESG报告PDF链接,False
688598.SH,金博股份,2025,annual_report,issuer_official_website,kbcarbon.com,,verified,pending_report_discovery,在已核验官网域名下发现HTTPS年报/ESG报告PDF链接,False
688599.SH,天合光能,2025,annual_report,issuer_official_website,audit.trinasolar.com,,verified,pending_report_discovery,在已核验官网域名下发现HTTPS年报/ESG报告PDF链接,False
688599.SH,天合光能,2025,esg_report,issuer_official_website,audit.trinasolar.com,,verified,pending_report_discovery,在已核验官网域名下发现HTTPS年报/ESG报告PDF链接,False
688611.SH,杭州柯林,2025,annual_report,issuer_official_website,kelinpower.com,,verified,pending_report_discovery,在已核验官网域名下发现HTTPS年报/ESG报告PDF链接,False
688616.SH,西力科技,2025,annual_report,issuer_official_website,cnxili.com,,verified,pending_report_discovery,在已核验官网域名下发现HTTPS年报/ESG报告PDF链接,False
688638.SH,誉辰智能,2025,annual_report,issuer_official_website,utimes.cn,,verified,pending_report_discovery,在已核验官网域名下发现HTTPS年报/ESG报告PDF链接,False
688660.SH,电气风电,2025,annual_report,issuer_official_website,sewpg.com,,verified,pending_report_discovery,在已核验官网域名下发现HTTPS年报/ESG报告PDF链接,False
688660.SH,电气风电,2025,esg_report,issuer_official_website,sewpg.com,,verified,pending_report_discovery,在已核验官网域名下发现HTTPS年报/ESG报告PDF链接,False
688663.SH,新风光,2025,annual_report,issuer_official_website,fengguang.com,,verified,pending_report_discovery,在已核验官网域名下发现HTTPS年报/ESG报告PDF链接,False
688676.SH,金盘科技,2025,annual_report,issuer_official_website,jst.com.cn,,verified,pending_report_discovery,在已核验官网域名下发现HTTPS年报/ESG报告PDF链接,False
688676.SH,金盘科技,2025,esg_report,issuer_official_website,jst.com.cn,,verified,pending_report_discovery,在已核验官网域名下发现HTTPS年报/ESG报告PDF链接,False
688680.SH,海优新材,2025,annual_report,issuer_official_website,hiuv.com,,verified,pending_report_discovery,在已核验官网域名下发现HTTPS年报/ESG报告PDF链接,False
688681.SH,科汇股份,2025,annual_report,issuer_official_website,kehui.cn,,verified,pending_report_discovery,在已核验官网域名下发现HTTPS年报/ESG报告PDF链接,False
688707.SH,振华新材,2025,annual_report,issuer_official_website,zh-echem.com,,verified,pending_report_discovery,在已核验官网域名下发现HTTPS年报/ESG报告PDF链接,False
688717.SH,艾罗能源,2025,annual_report,issuer_official_website,zqrb.cn,,verified,pending_report_discovery,在已核验官网域名下发现HTTPS年报/ESG报告PDF链接,False
688719.SH,爱科赛博,2025,annual_report,issuer_official_website,cnaction.com,,verified,pending_report_discovery,在已核验官网域名下发现HTTPS年报/ESG报告PDF链接,False
688733.SH,壹石通,2025,annual_report,issuer_official_website,estonegroup.com,,verified,pending_report_discovery,在已核验官网域名下发现HTTPS年报/ESG报告PDF链接,False
688772.SH,珠海冠宇,2025,annual_report,issuer_official_website,cosmx.com,,verified,pending_report_discovery,在已核验官网域名下发现HTTPS年报/ESG报告PDF链接,False
688778.SH,厦钨新能,2025,annual_report,issuer_official_website,xtc-xny.com,,verified,pending_report_discovery,在已核验官网域名下发现HTTPS年报/ESG报告PDF链接,False
688778.SH,厦钨新能,2025,esg_report,issuer_official_website,xtc-xny.com,,verified,pending_report_discovery,在已核验官网域名下发现HTTPS年报/ESG报告PDF链接,False
688779.SH,五矿新能,2025,annual_report,issuer_official_website,stcn.com,,verified,pending_report_discovery,在已核验官网域名下发现HTTPS年报/ESG报告PDF链接,False
688819.SH,天能股份,2025,annual_report,issuer_official_website,cn-tn.com,,verified,pending_report_discovery,在已核验官网域名下发现HTTPS年报/ESG报告PDF链接,False
688819.SH,天能股份,2025,esg_report,issuer_official_website,cn-tn.com,,verified,pending_report_discovery,在已核验官网域名下发现HTTPS年报/ESG报告PDF链接,False
920010.BJ,凯添燃气,2025,annual_report,issuer_official_website,stcn.com,,verified,pending_report_discovery,在已核验官网域名下发现HTTPS年报/ESG报告PDF链接,False
920046.BJ,亿能电力,2025,annual_report,issuer_official_website,yinow.cn,,verified,pending_report_discovery,在已核验官网域名下发现HTTPS年报/ESG报告PDF链接,False
920062.BJ,科润智控,2025,annual_report,issuer_official_website,krgroup.cn,,verified,pending_report_discovery,在已核验官网域名下发现HTTPS年报/ESG报告PDF链接,False
920110.BJ,雷特科技,2025,annual_report,issuer_official_website,ltech.cn,,verified,pending_report_discovery,在已核验官网域名下发现HTTPS年报/ESG报告PDF链接,False
920152.BJ,昆工科技,2025,annual_report,issuer_official_website,hendera.com,,verified,pending_report_discovery,在已核验官网域名下发现HTTPS年报/ESG报告PDF链接,False
920167.BJ,同享科技,2025,annual_report,issuer_official_website,tonyshare.com,,verified,pending_report_discovery,在已核验官网域名下发现HTTPS年报/ESG报告PDF链接,False
920185.BJ,贝特瑞,2025,annual_report,issuer_official_website,btrchina.com,,verified,pending_report_discovery,在已核验官网域名下发现HTTPS年报/ESG报告PDF链接,False
920237.BJ,力佳科技,2025,annual_report,issuer_official_website,szlijia.com,,verified,pending_report_discovery,在已核验官网域名下发现HTTPS年报/ESG报告PDF链接,False
920239.BJ,长虹能源,2025,annual_report,issuer_official_website,changhongnewenergy.com,,verified,pending_report_discovery,在已核验官网域名下发现HTTPS年报/ESG报告PDF链接,False
920252.BJ,天宏锂电,2025,annual_report,issuer_official_website,cnthpower.com,,verified,pending_report_discovery,在已核验官网域名下发现HTTPS年报/ESG报告PDF链接,False
920299.BJ,灿能电力,2025,annual_report,issuer_official_website,shining-electric.com,,verified,pending_report_discovery,在已核验官网域名下发现HTTPS年报/ESG报告PDF链接,False
920368.BJ,连城数控,2025,annual_report,issuer_official_website,stcn.com,,verified,pending_report_discovery,在已核验官网域名下发现HTTPS年报/ESG报告PDF链接,False
920375.BJ,派诺科技,2025,annual_report,issuer_official_website,pmac.com.cn,,verified,pending_report_discovery,在已核验官网域名下发现HTTPS年报/ESG报告PDF链接,False
920414.BJ,欧普泰,2025,annual_report,issuer_official_website,optjt.cn,,verified,pending_report_discovery,在已核验官网域名下发现HTTPS年报/ESG报告PDF链接,False
920496.BJ,许昌智能,2025,annual_report,issuer_official_website,xjpmf.com,,verified,pending_report_discovery,在已核验官网域名下发现HTTPS年报/ESG报告PDF链接,False
920522.BJ,纳科诺尔,2025,annual_report,issuer_official_website,naknor.com,,verified,pending_report_discovery,在已核验官网域名下发现HTTPS年报/ESG报告PDF链接,False
920523.BJ,德瑞锂电,2025,annual_report,issuer_official_website,huiderui.com,,verified,pending_report_discovery,在已核验官网域名下发现HTTPS年报/ESG报告PDF链接,False
920556.BJ,雅达股份,2025,annual_report,issuer_official_website,yada.com.cn,,verified,pending_report_discovery,在已核验官网域名下发现HTTPS年报/ESG报告PDF链接,False
920627.BJ,力王股份,2025,annual_report,issuer_official_website,liwangbattery.com,,verified,pending_report_discovery,在已核验官网域名下发现HTTPS年报/ESG报告PDF链接,False
920639.BJ,晨光电缆,2025,annual_report,issuer_official_website,cgcable.com,,verified,pending_report_discovery,在已核验官网域名下发现HTTPS年报/ESG报告PDF链接,False
920682.BJ,球冠电缆,2025,annual_report,issuer_official_website,qrunning.com,,verified,pending_report_discovery,在已核验官网域名下发现HTTPS年报/ESG报告PDF链接,False
920770.BJ,艾能聚,2025,annual_report,issuer_official_website,stcn.com,,verified,pending_report_discovery,在已核验官网域名下发现HTTPS年报/ESG报告PDF链接,False
920779.BJ,武汉蓝电,2025,annual_report,issuer_official_website,whland.com,,verified,pending_report_discovery,在已核验官网域名下发现HTTPS年报/ESG报告PDF链接,False
920809.BJ,安达科技,2025,annual_report,issuer_official_website,adkjny.com,,verified,pending_report_discovery,在已核验官网域名下发现HTTPS年报/ESG报告PDF链接,False
920914.BJ,远航精密,2025,annual_report,issuer_official_website,sinonic.com,,verified,pending_report_discovery,在已核验官网域名下发现HTTPS年报/ESG报告PDF链接,False
920985.BJ,海泰新能,2025,annual_report,issuer_official_website,haitai-solar.cn,,verified,pending_report_discovery,在已核验官网域名下发现HTTPS年报/ESG报告PDF链接,False
