batch_task_rank,batch_action,impact_rank,impact_score,best_rank,worst_rank,rank_span,crosses_top_n,boundary_risk,instability_risk,weight_risk,key_indicator_risk,population_scarcity_risk,indicator_population,neutral_vs_zero_total_score_delta,company_code,company_name,indicator_code,indicator_name,dimension,key_indicator,candidate_count,report_years,source_pages,max_confidence,status,next_action,priority,diagnostic_category,diagnostic_excerpt,text_file_count,diagnostic_text_files,scoring_authorized
1,inspect_esg_tables,1,99.340278,43,399,356,True,1.0,1.0,1.0,1.0,0.934028,38,3.6,00002.HK,CLP HOLDINGS,Q_E_GHG_INTENSITY,温室气体排放强度,E,True,0,,,0,missing_candidate,extend_extraction_rules,0,ambiguous_intensity_disclosure,"in progress 2024 : >30 2,565 EV chargers under management4 2024 : 1,496 30,546RT* Total cooling capacity under CaaS5 2024 : 18,811RT* * refrigeration tonnes 12,133kWp# Total solar capacity under SaaS5 2024 : 8,311kWp# # kilowatt peak 0.50kg CO2e/kWh Greenhouse gas emissions intensity 2024 : 0.53kg CO2e/kWh 71% Operating earnings from non-carbon generation assets, transmission, distribution and retail operations 2024 : 68% 77% Planned capital investments in non-carbon generation assets, transmiss",1,data/text/hkex_reports/00002.HK/2025/annual_report.txt,False
2,inspect_esg_tables,2,99.340278,46,330,284,True,1.0,1.0,1.0,1.0,0.934028,38,3.6,00003.HK,HK & CHINA GAS,Q_E_GHG_INTENSITY,温室气体排放强度,E,True,0,,,0,missing_candidate,extend_extraction_rules,0,ambiguous_intensity_disclosure,"r discharged - to marine water bodies (treated) (Hong Kong) Air Emissions NOx and SOx emissions (Hong Kong and Outside Hong Kong) Respirable suspended particulates (PM10) (Outside Hong Kong) Fuel Mix Natural gas, Naphtha and Landfill gas (Hong Kong) Greenhouse Gas (""GHG"") Emissions Direct GHG emissions (Scope 1) and Indirect GHG emissions (Scope 2 and Scope 3) (Group) Carbon intensity (Hong Kong Gas Production) Number of Employees Full time (by gender, age, employee category) (Hong Kong and Outs",2,data/text/00003.HK/2025/annual_report.txt|data/text/hkex_reports/00003.HK/2025/esg_report.txt,False
3,inspect_esg_tables,3,99.340278,137,328,191,True,1.0,1.0,1.0,1.0,0.934028,38,3.6,000037.SZ,深南电A,Q_E_GHG_INTENSITY,温室气体排放强度,E,True,0,,,0,missing_candidate,extend_extraction_rules,0,possible_total_plus_rmb_revenue_derivation,千瓦/3.51 亿千瓦时，同比增 长约 85%，较“十三五”末增长超 40 倍，装机规模持续领先抽水蓄能，储能与新能源协同发展从政策驱动全面转向市场内生 需求驱动。随着新能源与储能规模化发展，源网荷储一体化、多能互补利用加速推进，综合能源服务迎来更广阔发展空间， 其在整合能源资源、提升用能效率、降低碳排放与优化用能成本等方面发挥重要作用，为新型电力系统建设与能源高质量 发展注入新动能。总体来看，2025 年我国以新能源为主体的新型电力系统建设取得突破性进展，电力行业绿色低碳、安全 高效发展格局加快形成。 三、核心竞争力分析 近年来，受宏观经济形势和燃机发电行业共性问题的影响，公司电力生产主营业务仍然面临着困难和挑战，但三十多 年经营与发展所形成的基本核心竞争力以及公司主要股东的大力支持、公司董事会和经营班子采取的经营管理创新之举， 为公司持续经营及谋求转型发展奠定了良好的基础。报告期内，公司秉持稳健的发展理念，坚定战略信念，灵活调整经营 策略，精心优化资源配置，成功攻克了一系列发展难题，进一步巩固和提升了公司的核心竞争力。 1、拼搏、创新的管理文化。公司拥有一批具有创新意识和拼搏精神的,1,data/text/000037.SZ/2025/annual_report.txt,False
4,inspect_esg_tables,4,99.340278,53,395,342,True,1.0,1.0,1.0,1.0,0.934028,38,3.6,00006.HK,POWER ASSETS,Q_E_GHG_INTENSITY,温室气体排放强度,E,True,0,,,0,missing_candidate,extend_extraction_rules,0,ambiguous_intensity_disclosure,". Beyond climate action, we also address broader environmental priorities including biodiversity, nature preservation, circular economy and the management of waste and water-related risks. 80 OVERVIEW OF 2025 ENVIRONMENTAL ACHIEVEMENTS Scope 1 and 2 GHG emissions intensity per attributable revenue1 vs. 2024 5%Decrease 81% of Group’s attributable revenues certified with ISO 14001 or other EMS certificates1 Renewable Energy Capacity and Generation Mix in 2025 Wind Power 369 MW (721 GWh) Energy-fro",2,data/text/hkex_reports/00006.HK/2025/annual_report.txt|data/text/hkex_reports/00006.HK/2025/esg_report.txt,False
5,inspect_esg_tables,5,99.340278,98,300,202,True,1.0,1.0,1.0,1.0,0.934028,38,3.6,000096.SZ,广聚能源,Q_E_GHG_INTENSITY,温室气体排放强度,E,True,0,,,0,missing_candidate,extend_extraction_rules,0,possible_total_plus_rmb_revenue_derivation,提升能源使用效率，助力夯 实绿色低碳运营水平。 全资子公司广聚亿联的聚能南综合能源站于报告期内建成投运，站内光伏发电系统与储能装置 的投用，进一步完善站点绿色能源体系、增强运营韧性，站内铺设的 168 块 620Wp 高效光伏板，有 效利用清洁太阳能补充站内用电，年发电量约 13.5 万度，助力降低碳排放，提升能源供给的低碳化 与高效化水平，为构建智慧、可持续的综合能源服务体系提供了重要支撑。 十七、巩固拓展脱贫攻坚成果、乡村振兴的情况 公司积极响应党中央、国务院关于扶贫减贫、乡村振兴的各项政策方针，在公益扶贫方面努力 践行国企政治责任和使命担当。报告期内，公司开展消费扶贫，实现帮扶 40 万元。 42 === PAGE 43 === 深圳市广聚能源股份有限公司 2025 年年度报告全文 第五节 重要事项 一 、承诺事项履行情况 1、公司实际控制人、股东、关联方、收购人以及公司等承诺相关方在报告期内履行完毕及截至报告期末 尚未履行完毕的承诺事项 适用 □不适用 承诺事由 承诺方 承诺内容 承诺时间 承诺期限 履行情况 首次公开发行或再 融资时所作承诺 深圳市广聚 投资控股 （集团）有,1,data/text/000096.SZ/2025/annual_report.txt,False
6,inspect_esg_tables,7,99.340278,169,527,358,True,1.0,1.0,1.0,1.0,0.934028,38,3.6,000554.SZ,泰山石油,Q_E_GHG_INTENSITY,温室气体排放强度,E,True,0,,,0,missing_candidate,extend_extraction_rules,0,possible_total_plus_rmb_revenue_derivation,理台账，形成油气回 收、污水处理、危废暂存间等设施的全流程闭环管理。 35 36 === PAGE 20 === 泰山石油 2025 年可持续发展报告 提高能源效率 优化用能结构 公司高度重视设备节能管理，通过全面排查、集中整治、动态管控等举措，全面提升设备能效，降低设备运行能耗，从运 营环节减少碳排放，同时降低企业运营成本。 公司组织开展高耗能淘汰型设备排查统计专项工作，对所有库站的加能设备、储油设备、照明设备、供暖设备等运营设备 进行全面排查，对高耗能淘汰型设备，采取“集中回收、合规处置”的方式及时淘汰，坚决杜绝高耗能淘汰型设备继续使用。 同时，推进现有设备节能升级，建设智慧微电网储能工程，完成柴改汽、汽油罐钢浮盘、工艺脱瓶颈等多项设备改造项目， 创新开发“加能站日管理溢耗预警及校验误差自动预警机器人”项目，提升设备运行效率与节能水平。 截至报告期末，公司所有库站均无在用高耗能设备，设备平均能效较上年提升 12.3%。通过设备节能升级与能耗管控，有 效降低了设备运行过程中的电力、燃油等能源消耗，减少了碳排放，实现环境效益与经济效益的双重提升。 泰山石油光伏项目 水资源管理 低碳转型,2,data/text/000554.SZ/2025/annual_report.txt|data/text/000554.SZ/2025/esg_report.txt,False
7,inspect_esg_tables,8,99.340278,158,267,109,True,1.0,1.0,1.0,1.0,0.934028,38,3.6,000690.SZ,宝新能源,Q_E_GHG_INTENSITY,温室气体排放强度,E,True,0,,,0,missing_candidate,extend_extraction_rules,0,possible_total_plus_rmb_revenue_derivation,"额 增值税留抵税额 30,191,774.63 44,770,528.28 待认证进项税 271,190,510.64 315,997,673.04 待摊费用 11,565,429.72 17,618,448.15 定期存款及定期存款利息 215,345,416.66 200,377,777.78 碳排放权资产 582,060.18 合计 528,875,191.83 578,764,427.25 1、 与碳排放权交易相关的信息 （1）碳排放配额变动情况 项目 本期 上期 数量 （单位： 吨） 金额 数量 （单位： 吨） 金额 1．本期期初碳排放配额 525,073.00 - 508,292.00 - 2． 本期增加的碳排放配额 15,350,919.00 23,317,518.57 16,710,639.00 - （1） 免费分配取得的配额 15,077,022.00 36,318.40 16,710,639.00 - （2）购入取得的配额 273,897.00 23,281,200.17 - - 第 112 页 共 155 页 === PAGE 114 === （3） 其他方式增加",2,data/text/000690.SZ/2025/annual_report.txt|data/text/000690.SZ/2025/esg_report.txt,False
8,inspect_esg_tables,10,99.340278,146,434,288,True,1.0,1.0,1.0,1.0,0.934028,38,3.6,000968.SZ,蓝焰控股,Q_E_GHG_INTENSITY,温室气体排放强度,E,True,0,,,0,missing_candidate,extend_extraction_rules,0,ambiguous_intensity_disclosure,索， 为后续滚动开发提供有力的技术支持。但受制于地质和赋存条件复杂、区域地质与开发工艺适配性差等因素，目前高效 开发仍然存在技术瓶颈，亟需加强深部煤层气的技术攻关，建立适合我国各类深部煤层气特点的开发模式。 降碳减排方面，甲烷排放后的温室效应比二氧化碳高，是造成全球变暖的重要因素之一 。在“双碳”目标驱动下， 大力发展煤层气行业意义重大。规模化地面抽采利用煤层气，进行煤矿瓦斯治理，可以减少煤炭开采时的甲烷释放，还 可以开发利用煤矿采空区和废弃矿井的瓦斯，减少甲烷逸散对臭氧层的破坏。同时，以低排放强度能源替代高排放强度 能源是实现碳中和的有效途径，煤层气的碳排放强度较煤炭、石油低，其规模化抽采利用必将在我国实现“双碳”目标 过程中发挥重要作用。 报告期内，受全球能源转型加速与地缘政治格局深度调整影响，全球天然气市场整体呈现供应宽松、需求温和修复、 价格震荡下行的运行特征，从紧平衡过渡到相对宽松的新供需格局。2025 年，全球天然气产量约 4.19 万亿立方米，同 比增长 1.6%，天然气消费量约 4.17 万亿立方米，同比增长不足 1%。从国内看，我国天然气市场整体运行平稳。在消费 端，,1,data/text/000968.SZ/2025/annual_report.txt,False
9,inspect_esg_tables,11,99.340278,112,260,148,True,1.0,1.0,1.0,1.0,0.934028,38,3.6,001258.SZ,立新能源,Q_E_GHG_INTENSITY,温室气体排放强度,E,True,0,,,0,missing_candidate,extend_extraction_rules,0,possible_total_plus_rmb_revenue_derivation,发展 ；且明确目标到 2027 年，绿证市场制度体系基本完善 ；到 2030 年，绿证市场高质量发展，绿色电力消费需求快 速增长。 中共中央办公厅 国务院办公厅于 2025 年 8 月 25 日发布《关于推进绿色低碳转型加强全国碳市场建设的意见》，提出加 快建设全国统一碳市场。到 2027 年，全国碳排放权交易市场基本覆盖工业领域主要排放行业 ；到 2030 年，基本建成以配 额总量控制为基础、免费和有偿分配相结合的碳排放权交易市场，形成与国际接轨的自愿减排交易市场。 国家能源局于 2025 年 11 月 28 日印发《关于印发〈可再生能源绿色电力证书管理实施细则（试行）〉的通知》，明确了 核发、划转、核销、衔接的关键规则，同时建立异议处理机制和数据监管体系，确保权责清晰、数据可溯。 2. 新疆层面 新疆发改委于 2025 年 1 月 23 日发布《新疆独立储能容量租赁试点方案（征求意见稿）意见建议的函》，旨在规范独立 储能容量租赁，促进新能源消纳。并明确准入条件、交易与执行、租赁期原则、权益与限制。 新疆电力交易中心于 2025 年 2 月发布细则《新疆电力交易实施细则 3.0（征求,1,data/text/001258.SZ/2025/annual_report.txt,False
10,inspect_esg_tables,12,99.340278,103,248,145,True,1.0,1.0,1.0,1.0,0.934028,38,3.6,001299.SZ,美能能源,Q_E_GHG_INTENSITY,温室气体排放强度,E,True,0,,,0,missing_candidate,extend_extraction_rules,0,possible_total_plus_rmb_revenue_derivation,"司业务转型升级的步伐。 二、报告期内公司所处行业情况 （一）所处行业基本情况 1.全国天然气行业发展态势 在“碳达峰、碳中和”国家双碳能源发展目标持续深入推进的大背景下，天然气作为优质清洁能源，在优化能源结 构、改善城市环境、加速城市现代化建设和提高人民群众生活水平等方面的重要性愈发凸显。高热值、低碳排放的天然 气已然成为我国向绿色低碳化产业转型的关键能源组成部分。 国家统计局数据显示，2025 年全年，我国天然气产量达 2,620.6 亿立方米，同比增长 6.3%，连续 9 年保持百亿立方 米增产势头，自主供应保障能力进一步增强。在消费端，根据国家发改委公布的数据，2025 年全国天然气表观消费量达 10 === PAGE 11 === 陕西美能清洁能源集团股份有限公司 2025 年年度报告全文 4,265.5 亿立方米，同比增长 0.1%。进口气方面，国家统计局数据显示，2025 年我国天然气进口量折算为 12,787 万吨， 同比下降 2.9%。总体而言，2025 年我国天然气市场供需关系有一定程度的缓和。 展望 2026 年，我国天然气行业供需两侧将继续协同发力。从供应侧来看，",1,data/text/001299.SZ/2025/annual_report.txt,False
11,inspect_esg_tables,13,99.340278,140,306,166,True,1.0,1.0,1.0,1.0,0.934028,38,3.6,00182.HK,CONCORD NE,Q_E_GHG_INTENSITY,温室气体排放强度,E,True,0,,,0,missing_candidate,extend_extraction_rules,0,ambiguous_intensity_disclosure,"025 Direct GHG Emissions (Scope 1) Tonnes CO2e 277.43 664.81 446.39 Indirect GHG Emissions (Scope 2 – location-based) Tonnes CO2e 9,392.27 10,999.01 12,257.41 Indirect GHG Emissions (Scope 2 – market-based) Tonnes CO2e / 12,497.41 10,915.45 Indirect GHG Emissions (Scope 3) Tonnes CO2e 230,088.99 263,329.21 227,397.45 GHG Emissions (Scope 1 and 2) Tonnes CO2e / 13,162.22 11,361.85 GHG Emission Intensity (Scope 1 and 2) gCO2e/kWh / 1.75 1.52 Total Hazardous Waste Tonnes 7.14 1.54 0.69 Hazardous Wa",2,data/text/hkex_reports/00182.HK/2025/annual_report.txt|data/text/hkex_reports/00182.HK/2025/esg_report.txt,False
12,inspect_esg_tables,14,99.340278,51,216,165,True,1.0,1.0,1.0,1.0,0.934028,38,3.6,002028.SZ,思源电气,Q_E_GHG_INTENSITY,温室气体排放强度,E,True,0,,,0,missing_candidate,extend_extraction_rules,0,disclosed_non_revenue_denominator,"间气候变化专门委员会（IPCC）国家温室气体清单指南推荐值。 9范围2基于位置产生的温室气体排放是指：公司外购电力的消耗及外购蒸汽消耗产生的间接温室气体排放，2025年外购电力排放计算系数选用国家生态环境部、国家统计局联合最新发布的全国电网平均二氧化碳排放因子0.5306 tCO2/MWh，2024年与2023年外购电力排放计算系数选用国家生态环境部、国家统计 局联合最新发布的全国电网平均二氧化碳排放因子0.5366 tCO2/MWh；外购蒸汽碳排放因子选取国家发展与改革委员会（NDRC）《企业温室气体排放核算和报告指南（试行）》0.11 tCO2/GJ。 指标索引 === PAGE 70 === 70 2025 年度可持续发展报告 指标 单位 2025 2024 2023 - 能源间接 GHGs 排放（范围 3）10 tCO2e / 68,438.03 34,402.78 走进思源 单位营收温室气体排放强度（范围 1、2） tCO2e/ 百万元 3.41 3.82 2.92 能源 综合能源消耗量 吉焦 604,341.39 353,946.87 266,487.23 可持续发展管理 ",2,data/text/002028.SZ/2025/annual_report.txt|data/text/002028.SZ/2025/esg_report.txt,False
13,inspect_esg_tables,15,99.340278,9,278,269,True,1.0,1.0,1.0,1.0,0.934028,38,3.6,002039.SZ,黔源电力,Q_E_GHG_INTENSITY,温室气体排放强度,E,True,0,,,0,missing_candidate,extend_extraction_rules,0,no_matching_disclosure_in_text,,1,data/text/002039.SZ/2025/annual_report.txt,False
14,inspect_esg_tables,16,99.340278,8,409,401,True,1.0,1.0,1.0,1.0,0.934028,38,3.6,002056.SZ,横店东磁,Q_E_GHG_INTENSITY,温室气体排放强度,E,True,0,,,0,missing_candidate,extend_extraction_rules,0,possible_total_plus_rmb_revenue_derivation,"69 32,144.39 使用权资产处置收益 482,646.74 合 计 1,447,731.69 514,791.13 74、营业外收入 单位：元 项目 本期发生额 上期发生额 计入当期非经常性损益的金 额 保险赔款 3,046,631.89 4,820,686.45 3,046,631.89 碳排放权收益 2,991,973.58 非流动资产毁损报废利得 1,521,900.28 2,173,525.71 1,521,900.28 违约金及赔偿收入 3,386,816.44 3,386,816.44 其他 464,210.94 2,307,026.24 464,210.94 合计 8,419,559.55 12,293,211.98 8,419,559.55 75、营业外支出 单位：元 项目 本期发生额 上期发生额 计入当期非经常性损益的金 额 对外捐赠 158,421.41 120,000.00 158,421.41 非流动资产毁损报废损失 4,601,832.81 4,655,345.97 4,601,832.81 地方水利建设基金 64,472.74 62,068.01 其",1,data/text/002056.SZ/2025/annual_report.txt,False
15,inspect_esg_tables,17,99.340278,123,404,281,True,1.0,1.0,1.0,1.0,0.934028,38,3.6,00206.HK,CM-ENERGY,Q_E_GHG_INTENSITY,温室气体排放强度,E,True,0,,,0,missing_candidate,extend_extraction_rules,0,ambiguous_intensity_disclosure,"ntal and social responsibilities, the Group has formally integrated carbon reduction into its overall sustainable development strategy. Accordingly, the Group has systematically formulated and strictly implemented a series of scientific and feasible GHG emission control measures to effectively reduce both the intensity and total volume of our emissions. These specific measures are as follows: Factory Manufacturing 工廠製造 綠動未來，低碳領航 （續） 排放物與廢棄物 （續） 溫室氣體 本集團深刻認識到，溫室氣體排放是引發全球氣候 變暖的主要驅動因素之一，而能源消耗則是溫室氣 ",1,data/text/hkex_reports/00206.HK/2025/annual_report.txt,False
16,inspect_esg_tables,18,99.340278,180,284,104,True,1.0,1.0,1.0,1.0,0.934028,38,3.6,002074.SZ,国轩高科,Q_E_GHG_INTENSITY,温室气体排放强度,E,True,0,,,0,missing_candidate,extend_extraction_rules,0,no_matching_disclosure_in_text,,1,data/text/002074.SZ/2025/annual_report.txt,False
17,inspect_esg_tables,19,99.340278,82,389,307,True,1.0,1.0,1.0,1.0,0.934028,38,3.6,002128.SZ,电投能源,Q_E_GHG_INTENSITY,温室气体排放强度,E,True,0,,,0,missing_candidate,extend_extraction_rules,0,ambiguous_intensity_disclosure,峰的动态需求。根据《东北区域省间电力中长期交易实 施细则(试行）》和《东北电力互济交易实施细则（试行）》，按照效益最大 化原则动态优化机组出力策略，并统筹协调中长期电量交易与辅助服务和容 量市场参与，在保障中长期交易电量占比与价格处于合理水平的同时，全力 推动省间互济、省间现货、滚动撮合，持续提升机组综合盈利能力与市场竞 争力。 3、铝业：以节能减排为工作重点，积极研究与应用碳减排技术，增强节 能减排管控力度，优化工艺路线、调节能源结构、加速低碳技术研发推广、 开展节能降耗项目，多措并举持续降低碳排放强度和水平。保持电解槽长期 平稳高效运行，提高电流效率，同时持续稳步降低铝液综合交流电耗。 4、加快建设电力交易与风险管理体系，组建专业交易团队，引入功率预 测与交易决策工具，开展高频模拟与复盘。推动“新能源+”资源整合，探索 与火电、储能、用户侧负荷等多类型主体合作，提升整体交易抗风险能力。 加强政策与市场研判，密切关注内蒙古自治区等地方实施细则、竞价上限、 消纳权重等政策动态，提前布局项目申报与交易策略。优化项目全周期管理， 31 === PAGE 32 === 内蒙古电投能源股份有限,1,data/text/002128.SZ/2025/annual_report.txt,False
18,inspect_esg_tables,20,99.340278,115,223,108,True,1.0,1.0,1.0,1.0,0.934028,38,3.6,002249.SZ,大洋电机,Q_E_GHG_INTENSITY,温室气体排放强度,E,True,0,,,0,missing_candidate,extend_extraction_rules,0,ambiguous_intensity_disclosure,规模化应用的核心。在技术路径上，质子交换膜燃料电池（PEMFC）凭借零排放、长续航及轻量化 优势，在中重型运输等领域潜力巨大；高温固体氧化物燃料电池（SOC）则以其低能耗、高效率的特性，在分布式能源与 电解水制氢领域表现突出。当前，行业正通过技术创新与场景拓展，推动氢能在更多领域实现商业化落地。 （1）质子交换膜燃料电池（PEMFC） 质子交换膜燃料电池（PEMFC）技术是一种以氢气为燃料、空气或氧气为氧化剂的清洁能源发电技术，通过电化学反 应将氢气的化学能转化为电能，具有较高的能量转化效率、零碳排放等特点。PEMFC 采用质子交换膜作为电解质，通过阳 极分解氢气释放电子、阴极结合氧气生成水的电化学反应实现发电，其核心部件包括质子交换膜、催化剂层、气体扩散层 和双极板，通过模块化设计提升系统效率和稳定性。 凭借零排放、高能量转换效率、快速冷启动、低噪音、高功率密度及优异的动态响应能力，质子交换膜燃料电池已成 为清洁能源技术中的重要方向。其主要应用场景已从交通领域，如重卡、公交、物流车、船舶和轨道交通等不断拓展至固 定式发电领域发展，并在可再生能源消纳、微电网构建及特种便携电源等领域逐步,1,data/text/002249.SZ/2025/annual_report.txt,False
19,inspect_esg_tables,21,99.340278,133,305,172,True,1.0,1.0,1.0,1.0,0.934028,38,3.6,002267.SZ,陕天然气,Q_E_GHG_INTENSITY,温室气体排放强度,E,True,0,,,0,missing_candidate,extend_extraction_rules,0,no_matching_disclosure_in_text,,1,data/text/002267.SZ/2025/annual_report.txt,False
20,inspect_esg_tables,22,99.340278,111,320,209,True,1.0,1.0,1.0,1.0,0.934028,38,3.6,002276.SZ,万马股份,Q_E_GHG_INTENSITY,温室气体排放强度,E,True,0,,,0,missing_candidate,extend_extraction_rules,0,possible_total_plus_rmb_revenue_derivation,行业节能减排；节能改造上，推进厂区设备与环保工艺 节能升级，有效降低能耗成本；运营管理上，常态化开展节能低碳活动，引导员工绿色办公、低碳生活； 数字化建设上，依托 PLM 系统实现产品全生命周期数字化管理，搭建碳资产管理平台，构建“监测-核 算-分析-减排”全链路碳治理闭环，实现从园区到产品的全方位碳排放管控。报告期内，公司未发生环 境污染事故及环境违法事件，凭借在绿色制造、节能降碳等方面的突出成效，成功入选工信部 2025 年 度国家级绿色工厂，达成了公司绿色低碳事业的里程碑式跨越，标志公司绿色制造水平跻身国家第一梯 队，为行业树立了绿色标杆。 坚守绿色发展初心，万马股份将以此荣耀为新起点，把绿色理念深植生产经营全环节，以更坚定的 行动践行可持续发展之路，用点滴之力汇聚行业绿色发展的磅礴动能，携手各界同仁共绘工业绿色高质 量发展新画卷！ 6．公共关系、社会公益事业 公司积极投身社会公益事业，以回馈社会。成立临安区首家企业级“助残共富基地” ，每年积极开 展爱心接力活动。2025 年度，公司开展了为环卫工撑起爱心伞全国百城公益行动、志愿服务走进金岫 村活动、助残共富爱心义卖等公益活动，,1,data/text/002276.SZ/2025/annual_report.txt,False
21,inspect_esg_tables,23,99.340278,157,345,188,True,1.0,1.0,1.0,1.0,0.934028,38,3.6,00228.HK,CHINA ENERGY,Q_E_GHG_INTENSITY,温室气体排放强度,E,True,0,,,0,missing_candidate,extend_extraction_rules,0,ambiguous_intensity_disclosure,"essing climate change. We will continue to improve strategy development, risk management and the identification and management of metrics and targets to tackle climate change in pursuit of sustainable development with various sectors of society. For GHG emissions data, please refer to KPI A1.4 Greenhouse gas emissions in total and where appropriate, intensity on page 113–114 of this ESG Report. For “Indicators and Target”, please refer to page 36 of this ESG Report. 風險分類氣候相關風險評估 關於風險分類氣候相關風險評估的細",2,data/text/hkex_reports/00228.HK/2025/annual_report.txt|data/text/hkex_reports/00228.HK/2025/esg_report.txt,False
22,inspect_esg_tables,24,99.340278,41,307,266,True,1.0,1.0,1.0,1.0,0.934028,38,3.6,002335.SZ,科华数据,Q_E_GHG_INTENSITY,温室气体排放强度,E,True,0,,,0,missing_candidate,extend_extraction_rules,0,possible_total_plus_rmb_revenue_derivation,".37 增值税借方余额重分类 201,274,902.21 107,966,512.37 预缴所得税 2,303,927.88 4,605,196.63 148 === PAGE 149 === 科华数据股份有限公司 2025 年年度报告全文 预缴其他税费 15,338.84 19,704.29 碳排放权资产 合计 640,057,022.19 345,301,033.66 其他说明： 碳排放配额变动情况： 2025 年度 项目 数量（单位：吨） 金额 1.2024 年12 月 31 日碳排放配额 14,848.00 —— 2.本期增加的碳排放配额 311,136.00 —— （1）免费分配取得的配额 307,823.00 － （2）购入取得的配额 3,313.00 348,102.27 3.本期减少的碳排放配额 324,034.00 —— （1）履约使用的配额 317,100.00 348,102.27 （2）出售的配额 6,934.00 215,115.88 4.2025 年12 月 31 日碳排放配额 1,950.00 —— 14、债权投资 （1） 债权投资的情况 单位：元 项目",1,data/text/002335.SZ/2025/annual_report.txt,False
23,inspect_esg_tables,25,99.340278,103,415,312,True,1.0,1.0,1.0,1.0,0.934028,38,3.6,002346.SZ,柘中股份,Q_E_GHG_INTENSITY,温室气体排放强度,E,True,0,,,0,missing_candidate,extend_extraction_rules,0,no_matching_disclosure_in_text,,1,data/text/002346.SZ/2025/annual_report.txt,False
24,inspect_esg_tables,26,99.340278,162,275,113,True,1.0,1.0,1.0,1.0,0.934028,38,3.6,002452.SZ,长高电气,Q_E_GHG_INTENSITY,温室气体排放强度,E,True,0,,,0,missing_candidate,extend_extraction_rules,0,no_matching_disclosure_in_text,,1,data/text/002452.SZ/2025/annual_report.txt,False
25,inspect_esg_tables,28,99.340278,126,261,135,True,1.0,1.0,1.0,1.0,0.934028,38,3.6,002479.SZ,富春环保,Q_E_GHG_INTENSITY,温室气体排放强度,E,True,0,,,0,missing_candidate,extend_extraction_rules,0,possible_total_plus_rmb_revenue_derivation,"新污染物清单》，垃圾焚烧、化工、钢铁 等行业排放标准趋严，推动监测频次及精度升级。鉴于监测周期、政策力度及成本等因素， 用户企业主动监测意愿不强，监测需求释放滞后。 此外，在“3060”碳达峰、碳中和的远景目标下和相关政策的推动下，公司积极开展碳 排放配额的核查履约等相关工作。报告期内，公司积极参与碳排放交易，交易碳配额 32.62 万吨，交易总金额 1,972.55 万元。截至本报告期末，公司履约清缴后的碳排放配额（CEA） 结余量为 95.56 万吨。 2025 年，公司持续以党的二十大精神为指引，坚持稳中求进的工作总基调，以“拓展 循环经济，实现持续发展”的经营理念，以园区基地为依托，围绕下游用户需求，搭建“节 能+” 、 “环保+”的综合服务体系。报告期内，公司在稳健运营现有项目的同时，积极拓 展新项目、研发新技术，稳步推进多燃料替代、智慧电厂等项目建设与试运行，在改善环境 质量、优化能源结构的过程中实现自身高质量发展，努力将公司打造成国内循环经济产业领 域的卓越企业。 二、报告期内公司所处行业情况 （一）热电联产业务 根据中国证监会发布的《上市公司行业分类指引（2012 年修",1,data/text/002479.SZ/2025/annual_report.txt,False
26,inspect_esg_tables,218,92.395833,43,399,356,True,1.0,1.0,0.716667,1.0,0.947917,30,2.58,00002.HK,CLP HOLDINGS,Q_E_ENERGY_INTENSITY,综合能源消耗强度,E,True,0,,,0,missing_candidate,extend_extraction_rules,0,ambiguous_intensity_disclosure,"ishing itself as a high- quality green marine fuel bunkering centre. Delivering Climate Vision 2050 CLP’s Climate Vision 2050 sets out our long-term ambition to transition to a low-carbon portfolio while continuing to deliver reliable and affordable energy. In 2025, we further reduced the Group’s greenhouse gas emissions intensity to 0.50 kilogramme carbon dioxide-equivalent per kilowatt hour as we lowered coal consumption by over 10% and further expanded our non-carbon portfolio. We also moved ",1,data/text/hkex_reports/00002.HK/2025/annual_report.txt,False
27,inspect_esg_tables,219,92.395833,46,330,284,True,1.0,1.0,0.716667,1.0,0.947917,30,2.58,00003.HK,HK & CHINA GAS,Q_E_ENERGY_INTENSITY,综合能源消耗强度,E,True,0,,,0,missing_candidate,extend_extraction_rules,0,ambiguous_intensity_disclosure,engthening Value Reliability at All Times Energy Future Approach Key Statistics Energy Future Harmony with Nature Build a Sustainable Future Chain Resilience Verification Statement Towards Carbon Neutrality – Advancing the Transition to a Low-Carbon Energy Future Hong Kong Town Gas Carbon Intensity Gas production Gas consumption Total (customer side) 0.04 kg CO2e/kWh 0.534 kg CO2e/unit of town gas 0.23 kg CO2e/kWh = 3.087 kg CO2e/unit of town gas 0.19 kg CO2e/kWh 2.553 kg CO2e/unit of town gas F,2,data/text/00003.HK/2025/annual_report.txt|data/text/hkex_reports/00003.HK/2025/esg_report.txt,False
28,inspect_esg_tables,220,92.395833,137,328,191,True,1.0,1.0,0.716667,1.0,0.947917,30,2.58,000037.SZ,深南电A,Q_E_ENERGY_INTENSITY,综合能源消耗强度,E,True,0,,,0,missing_candidate,extend_extraction_rules,0,possible_total_plus_rmb_revenue_derivation,人员）签名并盖章的财务报表。 二、载有会计师事务所盖章、注册会计师签名并盖章的审计报告原件。 三、报告期内在指定媒体上公开披露过的所有公司文件的正本及公告的原稿。 四、查阅地点：公司董事会办公室。 4 === PAGE 5 === 释义项 公司、本公司、深南电、上市公司 中国证监会 深圳市国资委 能源集团 深南电中山公司 深南电工程公司 深南电环保公司 深南电西湾公司 能源科技公司 协孚公司 新电力公司 南山热电厂 中山南朗电厂 深圳联交所 卓致基金 远致瑞信信息技术基金 新型储能产业投资基金 《公司法》 《证券法》 《股票上市规则》 公司《章程》 元、万元、亿元 报告期 深圳南山热电股份有限公司 2025 年年度报告全文 指 释义内容 指 深圳南山热电股份有限公司 指 中国证券监督管理委员会 指 深圳市人民政府国有资产监督管理委员会 指 深圳市能源集团有限公司 指 深南电（中山）电力有限公司 指 深圳深南电燃机工程技术有限公司 指 深圳深南电环保有限公司 指 深南电西湾能源（中山）有限责任公司 释义 指 深南电能源科技（四川）有限公司（曾用名 “四川锐南电力建设工程有限公司”） 指 ,1,data/text/000037.SZ/2025/annual_report.txt,False
29,inspect_esg_tables,221,92.395833,53,395,342,True,1.0,1.0,0.716667,1.0,0.947917,30,2.58,00006.HK,POWER ASSETS,Q_E_ENERGY_INTENSITY,综合能源消耗强度,E,True,0,,,0,missing_candidate,extend_extraction_rules,0,ambiguous_intensity_disclosure,"ng unit L13 progressed on schedule towards a targeted completion date in early 2029, when it will go into operation. Once commissioned, L13 is expected to increase gas-fired generation of LPS to about 80% of total output, further lowering our carbon intensity. Smart meters and the advanced metering infrastructure not only facilitate better energy management for customers, but also enhance HK Electric’s ability for monitoring of the power grid. enhanced electronic application forms that enabled r",2,data/text/hkex_reports/00006.HK/2025/annual_report.txt|data/text/hkex_reports/00006.HK/2025/esg_report.txt,False
30,inspect_esg_tables,222,92.395833,98,300,202,True,1.0,1.0,0.716667,1.0,0.947917,30,2.58,000096.SZ,广聚能源,Q_E_ENERGY_INTENSITY,综合能源消耗强度,E,True,0,,,0,missing_candidate,extend_extraction_rules,0,disclosed_non_revenue_denominator,2025 年能源工作目标：持 续深化绿色低碳转型，非化石能源发电装机占比提高到 60%左右，非化石能源占能源消费总量比重提 高到 20%左右。工业、交通、建筑等重点领域大力实施可再生能源替代行动并取得新进展。新能源消 纳和调控政策措施进一步完善，绿色低碳发展政策机制进一步健全。围绕“十五五”经济社会发展 12 === PAGE 13 === 深圳市广聚能源股份有限公司 2025 年年度报告全文 主要目标任务，科学研判能源消费总量、分品种需求，深入研究全国最优电力流向布局、非化石能 源替代化石能源思路举措等重大关键问题，推动能源高质量发展。 2、国家税务总局发布《成品油涉税产品检测管理暂行办法》 2025 年 3 月，国家税务总局发布《成品油涉税产品检测管理暂行办法》（以下简称《暂行办 法》），明确将汽油、柴油等成品油纳入强制检测范围，要求企业按国家标准对产品密度、硫含量 等关键指标进行检测，并留存检测报告备查，以提升计税准确性，防范税收流失；同时，还规定了 成品油检测机构的资质要求、检测流程、取样程序、复检机制以及相关费用的承担方。此外，办法 中还包括了对受检单位的权利保护和义务要求，,1,data/text/000096.SZ/2025/annual_report.txt,False
31,inspect_esg_tables,224,92.395833,169,527,358,True,1.0,1.0,0.716667,1.0,0.947917,30,2.58,000554.SZ,泰山石油,Q_E_ENERGY_INTENSITY,综合能源消耗强度,E,True,0,,,0,missing_candidate,extend_extraction_rules,0,possible_total_plus_rmb_revenue_derivation,"司是山东省泰安市最大成品油经销商，在泰安市成品油市场具有较强的社会影响力 和经营辐射力，公 司诚信经营、服务规范，切实履行了央 企的政治责任、经济 责任和社会责 任。 影响需求变化的主 要因素有：一是受居民出行意愿影响成品油汽油零售市场；二是国 内部分大型物流运输车辆改用天然气，柴油量受影响；三是新能源电动汽车的发展 持续影 响汽油市场。公 司 2025 年成品油经营总量达到 37.21 万吨，实现营业总收入 316,627.25 万元,利润总额 21,859.31 万元，同比增长 66.89%。 本报告期，公 司的主 要业务、经营模 式等未发生重大变化。 二、报告期内公 司所处行业情况 公 司需遵守《深圳证券 交易所上市公 司自律监管指引第 3 号——行业信息披露》中零售相关业的披露要求 司主 公 要从事成品油批发、零售业务及非油品业务。报告期内国际原油持续下跌导致 成本支撑减弱，叠加新能源汽车渗透率持续上升压制传统汽柴油需求，市场形成供大于求 的态势，成品油行业竞争压力加大。受上述因素影响，国内成品油市场走势疲软，汽柴油均 价同比下跌。 油价情况：2025 年国内成品油共经历 25",2,data/text/000554.SZ/2025/annual_report.txt|data/text/000554.SZ/2025/esg_report.txt,False
32,inspect_esg_tables,225,92.395833,158,267,109,True,1.0,1.0,0.716667,1.0,0.947917,30,2.58,000690.SZ,宝新能源,Q_E_ENERGY_INTENSITY,综合能源消耗强度,E,True,0,,,0,missing_candidate,extend_extraction_rules,0,possible_total_plus_rmb_revenue_derivation,=== PAGE 1 === 广东宝丽华新能源股份有限公司 2025 年年度报告 2026 年 4 月 20 日 === PAGE 2 === 第一节 重要提示、目录和释义 重要提示 一 、 公司董事会及董事、 高级管理人员保证年度报告内容的真实、 准确、 完 整，不存在虚假记载、误导性陈述或重大遗漏，并承担个别和连带的法律责任。 二、 公司董事长邹锦开先生、 主管会计工作负责人江卓文先生及会计机构负 责人郭小燕女士声明：保证本年度报告中财务报告的真实、准确、完整。 三、全体董事均亲自出席了审议本年度报告的董事会会议。 四、 立信会计师事务所 （特殊普通合伙） 对本年度报告及内部控制出具了标 准的无保留意见审计报告。 五、 本年度报告涉及未来计划等前瞻性陈述， 不构成公司对投资者的实质承 诺， 投资者及相关人士均应对此保持足够的风险认,2,data/text/000690.SZ/2025/annual_report.txt|data/text/000690.SZ/2025/esg_report.txt,False
33,inspect_esg_tables,227,92.395833,146,434,288,True,1.0,1.0,0.716667,1.0,0.947917,30,2.58,000968.SZ,蓝焰控股,Q_E_ENERGY_INTENSITY,综合能源消耗强度,E,True,0,,,0,missing_candidate,extend_extraction_rules,0,ambiguous_intensity_disclosure,索， 为后续滚动开发提供有力的技术支持。但受制于地质和赋存条件复杂、区域地质与开发工艺适配性差等因素，目前高效 开发仍然存在技术瓶颈，亟需加强深部煤层气的技术攻关，建立适合我国各类深部煤层气特点的开发模式。 降碳减排方面，甲烷排放后的温室效应比二氧化碳高，是造成全球变暖的重要因素之一 。在“双碳”目标驱动下， 大力发展煤层气行业意义重大。规模化地面抽采利用煤层气，进行煤矿瓦斯治理，可以减少煤炭开采时的甲烷释放，还 可以开发利用煤矿采空区和废弃矿井的瓦斯，减少甲烷逸散对臭氧层的破坏。同时，以低排放强度能源替代高排放强度 能源是实现碳中和的有效途径，煤层气的碳排放强度较煤炭、石油低，其规模化抽采利用必将在我国实现“双碳”目标 过程中发挥重要作用。 报告期内，受全球能源转型加速与地缘政治格局深度调整影响，全球天然气市场整体呈现供应宽松、需求温和修复、 价格震荡下行的运行特征，从紧平衡过渡到相对宽松的新供需格局。2025 年，全球天然气产量约 4.19 万亿立方米，同 比增长 1.6%，天然气消费量约 4.17 万亿立方米，同比增长不足 1%。从国内看，我国天然气市场整体运行平稳。在消费 端，,1,data/text/000968.SZ/2025/annual_report.txt,False
34,inspect_esg_tables,228,92.395833,112,260,148,True,1.0,1.0,0.716667,1.0,0.947917,30,2.58,001258.SZ,立新能源,Q_E_ENERGY_INTENSITY,综合能源消耗强度,E,True,0,,,0,missing_candidate,extend_extraction_rules,0,ambiguous_intensity_disclosure,"用单段报价方式，单位为元 / 千瓦时。报价下限为 0 元 / 千瓦时，报价上限为 0.262 元 / 千瓦时。新能源场站配 建储能优先消纳新能源自身发电量，原则上不参与实时调峰交易。明确因电力保供和电力系统安全等原因，相应充电电量 补偿价格及各服务提供方申报调频里程价格的最小单位、申报价格上限、申报调频容量的最小单位。 三、核心竞争力分析 （一）深耕资源高地，占据开发先机。 公司目前运营的风电场和光伏电站主要位于新疆，区位优势显著。新疆作为国家 2035 年远景目标纲要中明确重点推进 的大型清洁能源基地，风能、太阳能资源富集程度位居全国前列。风能资源方面，新疆全境被列为全国Ⅰ类、Ⅲ类风能资 源区，十大风区——包括达坂城、阿拉山口、塔城老风口、额尔齐斯河谷、小草湖、哈密三塘湖——淖毛湖、哈密东南部、 十三间房、罗布泊、准东等——风功率密度高、有效发电小时数长，非常适宜大型并网风电项目的规模化开发。太阳能资 源方面，新疆全年日照小时数在 2,550 至 3,500 小时之间，年辐射照度总量仅次于西藏，且全疆均属Ⅰ类、Ⅱ类太阳能资源 区。更关键的是，新疆拥有广袤的戈壁、沙漠和荒漠等未利用土地",1,data/text/001258.SZ/2025/annual_report.txt,False
35,inspect_esg_tables,229,92.395833,103,248,145,True,1.0,1.0,0.716667,1.0,0.947917,30,2.58,001299.SZ,美能能源,Q_E_ENERGY_INTENSITY,综合能源消耗强度,E,True,0,,,0,missing_candidate,extend_extraction_rules,0,ambiguous_intensity_disclosure,持续运行管理与技 术双通道晋升体系，并深入开展人才盘点，为关键人才的识别与发展提供精准导航；坚持“请进来、送出去”的方式提 升管理层领导力，年内开展管理团队系统管理能力提升培训，引入外部前沿理念，输送管理人员参与 EMBA、绩效增长 等外部培训，持续淬炼核心团队的战略视野与管理效能；推行以实战为导向的内部多元赋能模式，深入实施“师徒带 教”“内训师培训”沉淀组织智慧，促进经验传承；通过常态化举办全员读书会、知识分享等活动，积极营造学习型组 织氛围。通过分层分类的系统赋能，提升了组织整体能力与人才密度，旨在打造一支高素质、高技能、能征善战的员工 41 === PAGE 42 === 陕西美能清洁能源集团股份有限公司 2025 年年度报告全文 队伍，搭建良将辈出的人才梯队，以有效支撑公司业务拓展与战略转型，保障组织在快速变化的市场环境中持续保有竞 争优势。 4、劳务外包情况 □适用 不适用 九、公司利润分配及资本公积金转增股本情况 报告期内利润分配政策，特别是现金分红政策的制定、执行或调整情况 适用 □不适用 1.报告期内，公司的利润分配政策未发生变化，按照《公司章程》及《未来三年（2,1,data/text/001299.SZ/2025/annual_report.txt,False
36,inspect_esg_tables,230,92.395833,140,306,166,True,1.0,1.0,0.716667,1.0,0.947917,30,2.58,00182.HK,CONCORD NE,Q_E_ENERGY_INTENSITY,综合能源消耗强度,E,True,0,,,0,missing_candidate,extend_extraction_rules,0,disclosed_non_revenue_denominator,"t 2023 2024 2025 Total Energy Consumption MWh 17,448.11 23,050.21 24,733.15 Direct Energy Consumption MWh 978.31 2,549.21 1,627.22 Petrol for Official Vehicles MWh 909.41 2,439.63 1,592.12 Diesel for Official Vehicles MWh 68.90 109.58 35.10 Indirect Energy Consumption MWh 16,469.80 20,501.00 23,105.93 Purchased Electricity MWh 16,469.80 20,501.00 23,105.93 Energy Consumption Intensity kWh/kWh 0.003 0.003 0.003 Water Consumption Tonnes 26,900.09 19,153.87 19,760.71 Water Consumption Intensity Ton",2,data/text/hkex_reports/00182.HK/2025/annual_report.txt|data/text/hkex_reports/00182.HK/2025/esg_report.txt,False
37,inspect_esg_tables,231,92.395833,51,216,165,True,1.0,1.0,0.716667,1.0,0.947917,30,2.58,002028.SZ,思源电气,Q_E_ENERGY_INTENSITY,综合能源消耗强度,E,True,0,,,0,missing_candidate,extend_extraction_rules,0,ambiguous_intensity_disclosure,"用国家生态环境部、国家统计局联合最新发布的全国电网平均二氧化碳排放因子0.5306 tCO2/MWh，2024年与2023年外购电力排放计算系数选用国家生态环境部、国家统计 局联合最新发布的全国电网平均二氧化碳排放因子0.5366 tCO2/MWh；外购蒸汽碳排放因子选取国家发展与改革委员会（NDRC）《企业温室气体排放核算和报告指南（试行）》0.11 tCO2/GJ。 指标索引 === PAGE 70 === 70 2025 年度可持续发展报告 指标 单位 2025 2024 2023 - 能源间接 GHGs 排放（范围 3）10 tCO2e / 68,438.03 34,402.78 走进思源 单位营收温室气体排放强度（范围 1、2） tCO2e/ 百万元 3.41 3.82 2.92 能源 综合能源消耗量 吉焦 604,341.39 353,946.87 266,487.23 可持续发展管理 单位营收综合能源消耗密度 吉焦 / 百万元 28.10 22.90 21.39 天然气 立方米 2,071,652.76 1,751,091.43 849,510.00 直接能源 柴油 升 ",2,data/text/002028.SZ/2025/annual_report.txt|data/text/002028.SZ/2025/esg_report.txt,False
38,inspect_esg_tables,232,92.395833,9,278,269,True,1.0,1.0,0.716667,1.0,0.947917,30,2.58,002039.SZ,黔源电力,Q_E_ENERGY_INTENSITY,综合能源消耗强度,E,True,0,,,0,missing_candidate,extend_extraction_rules,0,possible_total_plus_rmb_revenue_derivation,事的主要业务 公司需遵守《深圳证券交易所上市公司自律监管指引第 3 号——行业信息披露》中电力供应业的披露要求 公司作为一家从事电力供应相关业务的上市企业，报告期内，主要经营业务是水力发电站的开发、 建设与经营管理。公司上市以来致力于贵州境内“两江一河”（北盘江、芙蓉江、三岔河）流域梯级水 电和清洁能源开发，截至报告期末，公司投产总装机容量 397.31 万千瓦，其中：水电站装机容量为 323.35 万千瓦，光伏电站装机容量为 73.96 万千瓦。报告期内，公司发电量为 121.20 亿千瓦时，与上 年同期相比增加 71.90%；其中水电发电量为 114.52 亿千瓦时，同比增加 80.89%；光伏发电量为 6.68 亿千瓦时，同比减少 7.19%。 主要生产经营信息 项目 本报告期 上年同期 总装机容量（万千瓦） 397.31 410.56 新投产机组的装机容量（万千瓦） 3.29 7.79 在建项目的计划装机容量（万千瓦） 7.79 发电量（亿千瓦时） 121.20 70.51 上网电量或售电量（亿千瓦时） 120.35 69.86 平均上网电价或售电价（元/千瓦时， 含税） 0.,1,data/text/002039.SZ/2025/annual_report.txt,False
39,inspect_esg_tables,233,92.395833,8,409,401,True,1.0,1.0,0.716667,1.0,0.947917,30,2.58,002056.SZ,横店东磁,Q_E_ENERGY_INTENSITY,综合能源消耗强度,E,True,0,,,0,missing_candidate,extend_extraction_rules,0,possible_total_plus_rmb_revenue_derivation,"有限公司 2025 年年度报告全文 释义 释义项 指 释义内容 公司、横店东磁或本公司 指 横店集团东磁股份有限公司 横店控股或控股股东 指 横店集团控股有限公司 公司股东会、股东会 指 横店集团东磁股份有限公司股东会 公司董事会、董事会 指 横店集团东磁股份有限公司董事会 江苏东磁 指 江苏东磁新能源科技有限公司 四川东磁 指 四川东磁新能源科技有限公司 连云港东磁 指 连云港东磁新能源科技有限公司 香港东磁 指 横店集团东磁股份香港有限公司 荷兰东磁 指 （荷兰）东磁可再生能源有限公司 诚基电子 指 浙江省东阳市东磁诚基电子有限公司 金川电子 指 宜宾金川电子有限责任公司 东磁光伏发电 指 东阳东磁光伏发电有限公司 组件 指 由若干个太阳能电池通过串并联的方式封装而成，可以单独使用，也可以 串联或并联使用，作为离网或并网太阳能供电系统的发电单元 MW 指 兆瓦，为功率单位，1MW 即1,000 千瓦 GW 指 吉瓦，为功率单位，1GW 即 1,000 兆瓦 永磁材料 指 一类经过外加强磁场磁化再去掉外磁场以后能够长期保留较高剩余磁性， 并能经受不太强的外加磁场其他环境因素（如温度和",1,data/text/002056.SZ/2025/annual_report.txt,False
40,inspect_esg_tables,234,92.395833,123,404,281,True,1.0,1.0,0.716667,1.0,0.947917,30,2.58,00206.HK,CM-ENERGY,Q_E_ENERGY_INTENSITY,综合能源消耗强度,E,True,0,,,0,missing_candidate,extend_extraction_rules,0,ambiguous_intensity_disclosure,"佔總氨產量的約8%，二零五零年 全球綠氨產量佔比將升至80%以上。需求端來 看，二零三零年國內綠氨需求總量將達7,000 萬噸。 目 前 ， 綠 氨 成 本 主 要 取 決 於 綠 電 價 格 ， 當 電 價 為 人 民 幣 0.1元 ╱ kWh， 且 制 氫 電 耗 降 至 4 kWh/Nm3時，綠氨成本有望與灰氨持平。隨著 技術發展疊加碳市場和碳關稅的影響，綠氨經 濟性未來將逐步顯現。同時，由於液氨儲運條 件較為溫和、充分燃燒的情況下僅生成氮氣和 水而不產生硫氧化物和二氧化碳、具有較高能 量密度等優勢，液氨在航運業燃料市場上將大 有可為。國際可再生能源署則預測2050年航運 業對綠氨的需求將達1.8億噸，佔航運市場的 43%。 34 CM Energy Tech Co., Ltd. ‧ Annual Report 2025 === PAGE 37 === MANAGEMENT DISCUSSION AND ANALYSIS 管理層討論及分析 Development Strategy of the Company In 2026, in alignment with the 15th",1,data/text/hkex_reports/00206.HK/2025/annual_report.txt,False
41,inspect_esg_tables,235,92.395833,180,284,104,True,1.0,1.0,0.716667,1.0,0.947917,30,2.58,002074.SZ,国轩高科,Q_E_ENERGY_INTENSITY,综合能源消耗强度,E,True,0,,,0,missing_candidate,extend_extraction_rules,0,ambiguous_intensity_disclosure,等因素， 行业长期成长逻辑清晰、发展空间广阔。公司将紧抓全球新能源产业发展机遇，进一步巩固市场地位， 为长期高质量发展奠定坚实基础。 （3）技术优势支撑 公司以“材料科学+数字科学”双引擎驱动技术突破，始终坚守技术创新核心导向，构建多元化、多层 次技术布局。在持续巩固磷酸铁锂电池现有技术优势的基础上，将固态电池作为研发重点方向，全力推 进技术研发与产业化落地。报告期内，公司已顺利完成首条全固态电池中试线的建设与投产，构筑差异 化竞争壁垒。依托稳定的产品性能与可靠的技术实力，公司产品在安全性、能量密度、快充性能等关键 维度表现突出，既能精准匹配新能源汽车长续航、快补能的核心需求，也能充分适配储能领域对高安全 性、高稳定性的场景要求，实现技术实力向产品竞争力的高效转化，进一步提升产品市场占有率，为公 司业绩增长注入强劲动力。同时，公司持续强化标准制定与知识产权布局，主导或参与多项国家标准、 行业标准的修订与完善，知识产权全球布局持续深耕，专利技术总量突破万件，核心技术专利覆盖面持 续拓宽，技术话语权与行业影响力不断提升；伴随全球化布局持续推进，研发团队规模稳步壮大，研发 管理体系日趋完善，,1,data/text/002074.SZ/2025/annual_report.txt,False
42,inspect_esg_tables,236,92.395833,82,389,307,True,1.0,1.0,0.716667,1.0,0.947917,30,2.58,002128.SZ,电投能源,Q_E_ENERGY_INTENSITY,综合能源消耗强度,E,True,0,,,0,missing_candidate,extend_extraction_rules,0,ambiguous_intensity_disclosure,显著增强了其在能源保供与灵活调节方面的双重能力， 更好地适应了电网调峰的动态需求。根据《东北区域省间电力中长期交易实 施细则(试行）》和《东北电力互济交易实施细则（试行）》，按照效益最大 化原则动态优化机组出力策略，并统筹协调中长期电量交易与辅助服务和容 量市场参与，在保障中长期交易电量占比与价格处于合理水平的同时，全力 推动省间互济、省间现货、滚动撮合，持续提升机组综合盈利能力与市场竞 争力。 3、铝业：以节能减排为工作重点，积极研究与应用碳减排技术，增强节 能减排管控力度，优化工艺路线、调节能源结构、加速低碳技术研发推广、 开展节能降耗项目，多措并举持续降低碳排放强度和水平。保持电解槽长期 平稳高效运行，提高电流效率，同时持续稳步降低铝液综合交流电耗。 4、加快建设电力交易与风险管理体系，组建专业交易团队，引入功率预 测与交易决策工具，开展高频模拟与复盘。推动“新能源+”资源整合，探索 与火电、储能、用户侧负荷等多类型主体合作，提升整体交易抗风险能力。 加强政策与市场研判，密切关注内蒙古自治区等地方实施细则、竞价上限、 消纳权重等政策动态，提前布局项目申报与交易策略。优化项目全周期,1,data/text/002128.SZ/2025/annual_report.txt,False
43,inspect_esg_tables,237,92.395833,115,223,108,True,1.0,1.0,0.716667,1.0,0.947917,30,2.58,002249.SZ,大洋电机,Q_E_ENERGY_INTENSITY,综合能源消耗强度,E,True,0,,,0,missing_candidate,extend_extraction_rules,0,disclosed_non_revenue_denominator,025 年，中国新能源汽车行业在政策红利与市场内生动力的双重驱动下加速迈向高质量发展阶段。国家层面延续 并优化多项关键政策：新能源汽车购置税全额免征进入最后一年，激发“末班车效应” ；以旧换新补贴加码，对报废或置换 新能源车给予高额补贴支持。同时，固态电池、智能网联和高阶自动驾驶等前沿领域获得专项支持，为产业技术升级注入 新动能。地方政府也积极配套出台区域性激励措施，推动充电基础设施向城乡更广范围覆盖，显著改善了用户补能便利性。 在产品层面，续航能力、充电效率和能效水平持续提升，增强了消费者对新能源汽车的接受度。随着市场结构不断优化， 新能源汽车已从政策驱动为主逐步转向由产品力和用户体验主导的增长模式，并在全球竞争中展现出较强的综合优势。这 一趋势将有力带动公司新能源汽车动力总成产品业务的快速发展，为公司在新能源汽车领域的布局和拓展提供广阔的市场 空间。 C．相较煤炭、天然气、石油等传统燃料，氢气具备能量密度大、反应零排放的天然优势，是我国碳中和目标下理想 的清洁能源。2025 年，我国持续推进《氢能产业发展中长期规划（2021–2035 年）》，将氢能定位为未来能源体系和战略 性新兴,1,data/text/002249.SZ/2025/annual_report.txt,False
44,inspect_esg_tables,238,92.395833,133,305,172,True,1.0,1.0,0.716667,1.0,0.947917,30,2.58,002267.SZ,陕天然气,Q_E_ENERGY_INTENSITY,综合能源消耗强度,E,True,0,,,0,missing_candidate,extend_extraction_rules,0,possible_total_plus_rmb_revenue_derivation,陕西城市燃气产业发展有限公司 汉投公司 指 汉中市天然气投资发展有限公司 商洛公司 指 商洛市天然气有限公司 延安管道公司 指 延安天然气管道有限公司 渭南公司 指 渭南市天然气有限公司 眉县畅通公司 指 眉县城燃畅通燃气有限公司 蓝田城燃公司 指 蓝田县城燃天然气有限公司 新汉公司 指 汉中新汉能源科技发展有限公司 宜川城燃公司 指 宜川城燃天然气有限公司 铜川天然气 指 铜川市天然气有限公司 陕西液化公司 指 陕西液化天然气投资发展有限公司 新能源公司 指 陕西燃气集团新能源发展股份有限公司 交通能源公司 指 陕西燃气集团交通能源发展有限公司 工程公司 指 陕西燃气集团工程有限公司 富平能源公司 指 陕西燃气集团富平能源科技有限公司 西蓝公司 指 西安市西蓝天然气股份有限公司 报告期 指 2025 年 1 月 1 日至 2025 年 12 月 31 日 6 === PAGE 7 === 陕西省天然气股份有限公司 2025 年年度报告全文 第二节 公司简介和主要财务指标 一 、公司信息 股票简称 陕天然气 股票代码 002267 股票上市证券交易所 深圳证券交易所 公司的中文名称 陕,1,data/text/002267.SZ/2025/annual_report.txt,False
45,inspect_esg_tables,239,92.395833,111,320,209,True,1.0,1.0,0.716667,1.0,0.947917,30,2.58,002276.SZ,万马股份,Q_E_ENERGY_INTENSITY,综合能源消耗强度,E,True,0,,,0,missing_candidate,extend_extraction_rules,0,disclosed_non_revenue_denominator,179%。 第 18页/共 206 页 === PAGE 20 === 浙江万马股份有限公司 2025 年年度报告全文 图：河北重卡项目，总功率 9600kW 锚定政策导向，精准布局核心场景。新能源板块紧扣行业技术攻坚重点与国家政策导向，坚持以政 策为引领、以场景为抓手，推动场景布局与政策红利深度绑定。在乡村市场拓展方面，公司积极响应国 家“充电下乡”行动，精准对接县域与乡镇充电基础设施建设需求，福建、江苏、四川等重点区域项目 相继落地，多点开花，顺应农村公共充电设施建设的政策支持方向，为新能源业务市场下沉、服务延伸 与规模化拓展打下基础。 深耕技术升级，契合超充发展趋势。为精准匹配行业“快充为主导、推进大功率超充示范”的趋势， 公司以技术创新强化产品竞争力，率先成功实现 800KW 全液冷主机、600A 液冷充电终端的量产。该技 术具备行业领先的功率密度、智能功率动态分配及创新的散热技术，有效破解超充站在部署中普遍面临 的效率瓶颈、空间受限与长期运行可靠性三大痛点。公司此举不仅响应了行业“加速老旧设备更新迭代、 推进大功率超充示范站建设”的号召，也精准匹配高速服务区、城市核心区等场景,1,data/text/002276.SZ/2025/annual_report.txt,False
46,inspect_esg_tables,240,92.395833,157,345,188,True,1.0,1.0,0.716667,1.0,0.947917,30,2.58,00228.HK,CHINA ENERGY,Q_E_ENERGY_INTENSITY,综合能源消耗强度,E,True,0,,,0,missing_candidate,extend_extraction_rules,0,ambiguous_intensity_disclosure,"Response and Strategies on Sustainability Key highlights in 2025 – Total carbon dioxide equivalent emissions decreased from approximately 64,182 kg for the year ended 31 December 2024 to approximately 52,040 kg for the year ended 31 December 2025 – Energy consumption intensity increased marginally from 0.57 kWh/HK$’000 Revenue for the year ended 31 December 2024 to approximately 0.65 kWh/HK$’000 for the year ended 31 December 2025 – Water consumption intensity increased marginally from approxima",2,data/text/hkex_reports/00228.HK/2025/annual_report.txt|data/text/hkex_reports/00228.HK/2025/esg_report.txt,False
47,inspect_esg_tables,241,92.395833,41,307,266,True,1.0,1.0,0.716667,1.0,0.947917,30,2.58,002335.SZ,科华数据,Q_E_ENERGY_INTENSITY,综合能源消耗强度,E,True,0,,,0,missing_candidate,extend_extraction_rules,0,disclosed_non_revenue_denominator,国建设加快推进、算力基础设施持续高速发展，以及新型工业化赋能工业经济数字化转型的背景 下，UPS 的供电保障作用愈发凸显，中国市场整体保持平稳增长。同时，高算力需求持续带动大型及超大型数据中心建 设，也推动超大功率 UPS 产品市场规模不断扩大。 2026 年，在算力基础设施加快建设、新型工业化推动工业高质量发展的多重驱动下，中国 UPS 市场有望实现稳健增 长。据《赛迪顾问—中国 UPS 市场研究年度报告》预测，2026 年中国 UPS 市场规模将突破 120 亿元。伴随智算中心建设 提速，高密度数据中心将持续拉动超大功率 UPS 产品需求，预计 2026 年超大功率机型市场占比将达 58.0%，对应市场规 模约 70.5 亿元。互联网、制造与能源、电信、政府等领域仍是国内 UPS 市场的核心应用场景，尤其在 AI 大模型快速落 15 === PAGE 16 === 科华数据股份有限公司 2025 年年度报告全文 地的背景下，互联网行业对 UPS 的需求将保持较快增速，预计 2026 年该领域市场规模将突破 28 亿元。同时，新型工业 化深入推进、“东数西算”工程加快实施，也将进一步,1,data/text/002335.SZ/2025/annual_report.txt,False
48,inspect_esg_tables,242,92.395833,103,415,312,True,1.0,1.0,0.716667,1.0,0.947917,30,2.58,002346.SZ,柘中股份,Q_E_ENERGY_INTENSITY,综合能源消耗强度,E,True,0,,,0,missing_candidate,extend_extraction_rules,0,possible_total_plus_rmb_revenue_derivation,力供需形势分析预测报告》，2025 年全国电网工程建设完成投 资 6395 亿元，同比增长 5.1%，电网投资额逐年稳步增长，为推动电力行业的发展提供重要支持。电力行业对国民经济 的发展和人民生活的改善至关重要，是国家鼓励发展的重要基础产业，多项国家政策和产业发展规划支持本行业的发展。 从国家近期的能源战略计划来看，积极发展电力仍然是我国一项长期发展战略。随着近年来先进制造业、人工智能、新 能源等新兴行业快速发展，公司所属行业的输配电及控制设备制造有望从中受益。 10 === PAGE 11 === 上海柘中集团股份有限公司 2025 年年度报告全文 三、核心竞争力分析 1. 行业竞争格局 成套开关设备是将电子技术与电力技术相结合，利用各种电力电子元件和器件所构成的电路来完成电能的变换和控 制的装置。根据不同的用电需求场景，通过电力电子设备转换成不同性质、不同用途的电能，可大幅度节约能源，降低 原材料消耗，实现自动化控制，提高生产效率。成套开关设备行业的从业公司众多，绝大多数是同质化竞争的中小型企 业，但重要民生项目、大型电力项目、高端制造行业的成套开关设备订单，仍主要由少数具备品牌、,1,data/text/002346.SZ/2025/annual_report.txt,False
49,inspect_esg_tables,243,92.395833,162,275,113,True,1.0,1.0,0.716667,1.0,0.947917,30,2.58,002452.SZ,长高电气,Q_E_ENERGY_INTENSITY,综合能源消耗强度,E,True,0,,,0,missing_candidate,extend_extraction_rules,0,possible_total_plus_rmb_revenue_derivation,长高电气 指 湖南长高电气有限公司，系公司全资子公司 长高成套 指 湖南长高成套电器有限公司，系公司全资子公司 长高森源 指 湖南长高森源电力设备有限公司，系公司全资子公司 长高思瑞 指 湖南长高思瑞自动化有限公司，系公司控股子公司 长高弘瑞 指 湖南长高弘瑞电气有限公司，系长高电气控股子公司 新能源电力 指 湖南长高新能源电力有限公司，系公司全资子公司 华网电力 指 湖北省华网电力工程有限公司，系公司全资子公司 长高销售公司/长高电新销售公司 指 湖南长高电新销售有限公司，系公司全资子公司 富特/富特科技 指 浙江富特科技股份有限公司，系公司参股公司 高研/湖南高研 指 湖南高研电力技术有限公司，系公司控股子公司 高压 指 交流电压等级为 10-220kV，直流电压为±100kV 超高压 指 指交流电压等级范围在 330-750kV，直流电压为±500kV、±600kV。 特高压 指 交流电压等级在 1000kV 及以上，直流电压为±800kV 及以上。 隔离开关 指 一种没有专门灭弧装置的开关设备，主要用途有检修与分段隔 离，倒换母线、分、合空载线路，自动快速隔离等 接地开关 指 ,1,data/text/002452.SZ/2025/annual_report.txt,False
50,inspect_esg_tables,245,92.395833,126,261,135,True,1.0,1.0,0.716667,1.0,0.947917,30,2.58,002479.SZ,富春环保,Q_E_ENERGY_INTENSITY,综合能源消耗强度,E,True,0,,,0,missing_candidate,extend_extraction_rules,0,ambiguous_intensity_disclosure,"2025 年 12 月 31 日 10 === PAGE 11 === 浙江富春江环保热电股份有限公司 2025 年年度报告全文 项目名称 装机容量（兆瓦） 锅炉蒸发量（吨/小时） 新港热电 33 740 江苏热电 30 330 常安能源 70 630 铂瑞万载 33 360 铂瑞新干 36 390 铂瑞南昌 18 260 山东中茂 12 150 东港热电 112 1,110 铂瑞义乌 9 180 台州临港 30 450 合计 383 4,600 报告期内，公司积极响应节能降碳号召，致力于绿色能源供应，积极探索多燃料替代项 目，持续推进智慧电厂项目落地。2025 年 12 月，公司首个智慧电厂试点项目在子公司江苏 热电顺利完成一阶段整体验收。项目投运后，显著降低了运行人员劳动强度，系统自动投入 率超 97%，单炉操作频次由日均 2000 余次降至 50 次以下，机组运行稳定性持续提升，多项 排放指标优于国家火电厂大气污染物排放标准。目前，智慧电厂二阶段项目正按计划稳步推 进。 2、固废（危废）资源化业务 公司的固废（危废）资源化业务主要是对污泥和含有色金属的一般固废（危废）进行资 源化",1,data/text/002479.SZ/2025/annual_report.txt,False
51,inspect_esg_tables,507,85.177083,43,399,356,True,1.0,1.0,0.424444,1.0,0.956597,25,1.528,00002.HK,CLP HOLDINGS,Q_E_SOLID_WASTE_INTENSITY,一般固体废物排放强度,E,True,0,,,0,missing_candidate,extend_extraction_rules,0,possible_total_plus_rmb_revenue_derivation,"at would have a significant impact on CLP, in regard to: A1 Emissions: air emissions, discharges into water and land, and generation of hazardous and non-hazardous waste; B1 Employment: compensation and dismissal, recruitment and promotion, working hours, rest periods, equal opportunity, diversity, anti-discrimination, and other benefits and welfare; B4 Labour Standards: preventing child and forced labour; and B7 Anti-corruption: bribery, extortion, fraud and money laundering. CLP Holdings 2025 ",1,data/text/hkex_reports/00002.HK/2025/annual_report.txt,False
52,inspect_esg_tables,508,85.177083,46,330,284,True,1.0,1.0,0.424444,1.0,0.956597,25,1.528,00003.HK,HK & CHINA GAS,Q_E_SOLID_WASTE_INTENSITY,一般固体废物排放强度,E,True,0,,,0,missing_candidate,extend_extraction_rules,0,possible_total_plus_rmb_revenue_derivation,"the year, providing a stable cash flow. In 2025, the Group’s water service volume reached 1.66 billion tonnes, a year-on-year increase of 0.6%, while solid waste treatment volume was 1.72 million tonnes, a growth of 7% year-on-year. The Group’s two food waste processing plants, located in Suzhou and Tongling, recovered approximately 8,000 tonnes of used cooking oil (commonly known as “gutter oil”) throughout the year. This oil was the primary feedstock for the production of sustainable aviation ",2,data/text/00003.HK/2025/annual_report.txt|data/text/hkex_reports/00003.HK/2025/esg_report.txt,False
53,inspect_esg_tables,509,85.177083,137,328,191,True,1.0,1.0,0.424444,1.0,0.956597,25,1.528,000037.SZ,深南电A,Q_E_SOLID_WASTE_INTENSITY,一般固体废物排放强度,E,True,0,,,0,missing_candidate,extend_extraction_rules,0,no_matching_disclosure_in_text,,1,data/text/000037.SZ/2025/annual_report.txt,False
54,inspect_esg_tables,510,85.177083,53,395,342,True,1.0,1.0,0.424444,1.0,0.956597,25,1.528,00006.HK,POWER ASSETS,Q_E_SOLID_WASTE_INTENSITY,一般固体废物排放强度,E,True,0,,,0,missing_candidate,extend_extraction_rules,0,disclosed_foreign_currency_denominator,"Electricity transmission & distribution Tonnes 2,253 2,241 2,487 Gas transmission & distribution Tonnes 257 8,197 11,375 Energy-from-waste Tonnes 7,924 4,034 7,468 Oil pipelines & storage facilities Tonnes 754 805 879 Total hazardous waste produced intensity Tonnes/ HK$’000 revenue 0.001 0.0006 0.0008 Total non-hazardous waste produced Tonnes 351,097 415,126 504,583 By type Reuse Tonnes 5,837 227,806 300,784 Recycling Tonnes 337,222 174,456 191,795 Incineration (including energy recovery) Tonnes",2,data/text/hkex_reports/00006.HK/2025/annual_report.txt|data/text/hkex_reports/00006.HK/2025/esg_report.txt,False
55,inspect_esg_tables,511,85.177083,98,300,202,True,1.0,1.0,0.424444,1.0,0.956597,25,1.528,000096.SZ,广聚能源,Q_E_SOLID_WASTE_INTENSITY,一般固体废物排放强度,E,True,0,,,0,missing_candidate,extend_extraction_rules,0,no_matching_disclosure_in_text,,1,data/text/000096.SZ/2025/annual_report.txt,False
56,inspect_esg_tables,513,85.177083,169,527,358,True,1.0,1.0,0.424444,1.0,0.956597,25,1.528,000554.SZ,泰山石油,Q_E_SOLID_WASTE_INTENSITY,一般固体废物排放强度,E,True,0,,,0,missing_candidate,extend_extraction_rules,0,possible_total_plus_rmb_revenue_derivation,AGE 17 === 低碳转型 绿色发展 02 治理 泰山石油落实生态环境保护相关部署要求，构建“决策—执行—保障” 三级闭环环境治理体系。以董事会为核心设立环境治理领导小组，统筹 重点任务组织领导，审定重大政策制度与工作成果；组建以安全环保部 为主、各专职 HSE 管理人员参与的专项工作小组，聚焦固体废物全流 程管控，负责任务落地、跨部门协调及进展跟踪；依托 HSE 管理体系， 配套制度建设、风险防控等保障措施与常态化考核机制，推动环境治理 与生产经营深度融合，实现上下贯通、全域覆盖的治理效能，为落实生 态环保责任筑牢组织支撑。 战略 泰山石油深入贯彻习近平生态文明思想，严格落实“无废集团”建设试 点部署及绿色企业行动要求，紧扣国家“双碳”战略、黄河流域生态保 护与污染防治攻坚大局，以“因地制宜、示范引领”“系统推进、协同 联动”为原则，聚焦固体废物源头减量、资源化利用与合规处置核心任 务，通过强化风险防控、厚植绿色企业文化，配套常态化考核问责机制， 推动“无废”与“绿色企业”战略目标深度融入生产经营全链条，实现 生态环境保护与高质量发展协同增效，全力打造能源行业绿色低碳示范 标杆。,2,data/text/000554.SZ/2025/annual_report.txt|data/text/000554.SZ/2025/esg_report.txt,False
57,inspect_esg_tables,514,85.177083,158,267,109,True,1.0,1.0,0.424444,1.0,0.956597,25,1.528,000690.SZ,宝新能源,Q_E_SOLID_WASTE_INTENSITY,一般固体废物排放强度,E,True,0,,,0,missing_candidate,extend_extraction_rules,0,no_matching_disclosure_in_text,,2,data/text/000690.SZ/2025/annual_report.txt|data/text/000690.SZ/2025/esg_report.txt,False
58,inspect_esg_tables,515,85.177083,146,434,288,True,1.0,1.0,0.424444,1.0,0.956597,25,1.528,000968.SZ,蓝焰控股,Q_E_SOLID_WASTE_INTENSITY,一般固体废物排放强度,E,True,0,,,0,missing_candidate,extend_extraction_rules,0,no_matching_disclosure_in_text,,1,data/text/000968.SZ/2025/annual_report.txt,False
59,inspect_esg_tables,516,85.177083,112,260,148,True,1.0,1.0,0.424444,1.0,0.956597,25,1.528,001258.SZ,立新能源,Q_E_SOLID_WASTE_INTENSITY,一般固体废物排放强度,E,True,0,,,0,missing_candidate,extend_extraction_rules,0,no_matching_disclosure_in_text,,1,data/text/001258.SZ/2025/annual_report.txt,False
60,inspect_esg_tables,517,85.177083,103,248,145,True,1.0,1.0,0.424444,1.0,0.956597,25,1.528,001299.SZ,美能能源,Q_E_SOLID_WASTE_INTENSITY,一般固体废物排放强度,E,True,0,,,0,missing_candidate,extend_extraction_rules,0,no_matching_disclosure_in_text,,1,data/text/001299.SZ/2025/annual_report.txt,False
61,inspect_esg_tables,518,85.177083,140,306,166,True,1.0,1.0,0.424444,1.0,0.956597,25,1.528,00182.HK,CONCORD NE,Q_E_SOLID_WASTE_INTENSITY,一般固体废物排放强度,E,True,0,,,0,missing_candidate,extend_extraction_rules,0,disclosed_non_revenue_denominator,"01 12,257.41 Indirect GHG Emissions (Scope 2 – market-based) Tonnes CO2e / 12,497.41 10,915.45 Indirect GHG Emissions (Scope 3) Tonnes CO2e 230,088.99 263,329.21 227,397.45 GHG Emissions (Scope 1 and 2) Tonnes CO2e / 13,162.22 11,361.85 GHG Emission Intensity (Scope 1 and 2) gCO2e/kWh / 1.75 1.52 Total Hazardous Waste Tonnes 7.14 1.54 0.69 Hazardous Waste Intensity Tonnes/million revenue 0.0030 0.0006 0.0003 Total Non-hazardous Waste Tonnes 85.59 70.66 48.08 Non-hazardous Waste Intensity Tonnes/",2,data/text/hkex_reports/00182.HK/2025/annual_report.txt|data/text/hkex_reports/00182.HK/2025/esg_report.txt,False
62,inspect_esg_tables,519,85.177083,51,216,165,True,1.0,1.0,0.424444,1.0,0.956597,25,1.528,002028.SZ,思源电气,Q_E_SOLID_WASTE_INTENSITY,一般固体废物排放强度,E,True,0,,,0,missing_candidate,extend_extraction_rules,0,no_matching_disclosure_in_text,,2,data/text/002028.SZ/2025/annual_report.txt|data/text/002028.SZ/2025/esg_report.txt,False
63,inspect_esg_tables,520,85.177083,9,278,269,True,1.0,1.0,0.424444,1.0,0.956597,25,1.528,002039.SZ,黔源电力,Q_E_SOLID_WASTE_INTENSITY,一般固体废物排放强度,E,True,0,,,0,missing_candidate,extend_extraction_rules,0,no_matching_disclosure_in_text,,1,data/text/002039.SZ/2025/annual_report.txt,False
64,inspect_esg_tables,521,85.177083,8,409,401,True,1.0,1.0,0.424444,1.0,0.956597,25,1.528,002056.SZ,横店东磁,Q_E_SOLID_WASTE_INTENSITY,一般固体废物排放强度,E,True,0,,,0,missing_candidate,extend_extraction_rules,0,no_matching_disclosure_in_text,,1,data/text/002056.SZ/2025/annual_report.txt,False
65,inspect_esg_tables,522,85.177083,123,404,281,True,1.0,1.0,0.424444,1.0,0.956597,25,1.528,00206.HK,CM-ENERGY,Q_E_SOLID_WASTE_INTENSITY,一般固体废物排放强度,E,True,0,,,0,missing_candidate,extend_extraction_rules,0,ambiguous_intensity_disclosure,"三方機構，規範處 置生活垃圾，確保流程合規環保。 Through the implementation of the above measures, the waste generation at the operating sites covered in this report for 2025 is as follows. The Group has established control targets for waste management, with waste emission intensity showing a decreasing trend in 2025. During the Reporting Period, the total amount of non-hazardous waste decreased significantly, and the annual waste emission intensity target was successfully achieved, with overall intensity decreasing by",1,data/text/hkex_reports/00206.HK/2025/annual_report.txt,False
66,inspect_esg_tables,523,85.177083,180,284,104,True,1.0,1.0,0.424444,1.0,0.956597,25,1.528,002074.SZ,国轩高科,Q_E_SOLID_WASTE_INTENSITY,一般固体废物排放强度,E,True,0,,,0,missing_candidate,extend_extraction_rules,0,no_matching_disclosure_in_text,,1,data/text/002074.SZ/2025/annual_report.txt,False
67,inspect_esg_tables,524,85.177083,82,389,307,True,1.0,1.0,0.424444,1.0,0.956597,25,1.528,002128.SZ,电投能源,Q_E_SOLID_WASTE_INTENSITY,一般固体废物排放强度,E,True,0,,,0,missing_candidate,extend_extraction_rules,0,no_matching_disclosure_in_text,,1,data/text/002128.SZ/2025/annual_report.txt,False
68,inspect_esg_tables,525,85.177083,115,223,108,True,1.0,1.0,0.424444,1.0,0.956597,25,1.528,002249.SZ,大洋电机,Q_E_SOLID_WASTE_INTENSITY,一般固体废物排放强度,E,True,0,,,0,missing_candidate,extend_extraction_rules,0,no_matching_disclosure_in_text,,1,data/text/002249.SZ/2025/annual_report.txt,False
69,inspect_esg_tables,526,85.177083,133,305,172,True,1.0,1.0,0.424444,1.0,0.956597,25,1.528,002267.SZ,陕天然气,Q_E_SOLID_WASTE_INTENSITY,一般固体废物排放强度,E,True,0,,,0,missing_candidate,extend_extraction_rules,0,no_matching_disclosure_in_text,,1,data/text/002267.SZ/2025/annual_report.txt,False
70,inspect_esg_tables,527,85.177083,111,320,209,True,1.0,1.0,0.424444,1.0,0.956597,25,1.528,002276.SZ,万马股份,Q_E_SOLID_WASTE_INTENSITY,一般固体废物排放强度,E,True,0,,,0,missing_candidate,extend_extraction_rules,0,no_matching_disclosure_in_text,,1,data/text/002276.SZ/2025/annual_report.txt,False
71,inspect_esg_tables,528,85.177083,157,345,188,True,1.0,1.0,0.424444,1.0,0.956597,25,1.528,00228.HK,CHINA ENERGY,Q_E_SOLID_WASTE_INTENSITY,一般固体废物排放强度,E,True,0,,,0,missing_candidate,extend_extraction_rules,0,ambiguous_intensity_disclosure,"K$’000 克╱千港元 0.034 0.035 112 China Energy Development Holdings Limited 中國能源開發控股有限公司 === PAGE 114 === ENVIRONMENTAL, SOCIAL AND GOVERNANCE REPORT 2025 環境、社會及管治報告2025 11. Environmental Key Performance Indicators (Continued) 11. 環境關鍵績效指標 （續） KPI A1.4: Non-hazardous waste 無害廢物 Greenhouse gas emissions in total and, where appropriate, intensity(1) 關鍵績效指標 A1.4： 溫室氣體總排放量及（如適用）密度 (1) Item 項 Unit 2025 2024 單位 二零二五年 二零二四年 Scope 1 – Direct emissions from sources CO2 equivalent emissions from private cars S",2,data/text/hkex_reports/00228.HK/2025/annual_report.txt|data/text/hkex_reports/00228.HK/2025/esg_report.txt,False
72,inspect_esg_tables,529,85.177083,41,307,266,True,1.0,1.0,0.424444,1.0,0.956597,25,1.528,002335.SZ,科华数据,Q_E_SOLID_WASTE_INTENSITY,一般固体废物排放强度,E,True,0,,,0,missing_candidate,extend_extraction_rules,0,no_matching_disclosure_in_text,,1,data/text/002335.SZ/2025/annual_report.txt,False
73,inspect_esg_tables,530,85.177083,103,415,312,True,1.0,1.0,0.424444,1.0,0.956597,25,1.528,002346.SZ,柘中股份,Q_E_SOLID_WASTE_INTENSITY,一般固体废物排放强度,E,True,0,,,0,missing_candidate,extend_extraction_rules,0,no_matching_disclosure_in_text,,1,data/text/002346.SZ/2025/annual_report.txt,False
74,inspect_esg_tables,531,85.177083,162,275,113,True,1.0,1.0,0.424444,1.0,0.956597,25,1.528,002452.SZ,长高电气,Q_E_SOLID_WASTE_INTENSITY,一般固体废物排放强度,E,True,0,,,0,missing_candidate,extend_extraction_rules,0,no_matching_disclosure_in_text,,1,data/text/002452.SZ/2025/annual_report.txt,False
75,inspect_esg_tables,532,85.177083,126,261,135,True,1.0,1.0,0.424444,1.0,0.956597,25,1.528,002479.SZ,富春环保,Q_E_SOLID_WASTE_INTENSITY,一般固体废物排放强度,E,True,0,,,0,missing_candidate,extend_extraction_rules,0,possible_total_plus_rmb_revenue_derivation,水平进一步提升。到 2030 年，危险废物 全过程信息化监管体系进一步完善，全国危险废物填埋处置量占比控制在 10％以内，危险 13 === PAGE 14 === 浙江富春江环保热电股份有限公司 2025 年年度报告全文 废物环境风险得到有效防控。2025 年 12 月 27 日，国务院印发了《固体废物综合治理行动 计划》（以下简称“《计划》”），是我国首个系统部署固体废物综合治理的政策文件，按 照减量化、资源化、无害化的原则加强固体废物综合治理。《计划》目标到 2030 年，重点 领域固体废物专项整治取得明显成效，大宗固体废弃物年综合利用量达到 45 亿吨，主要再 生资源年循环利用量达到 5.1 亿吨，固体废物综合治理能力和水平显著提升。 上述《指导意见》与《计划》分别从危险废物风险防控、固体废物综合治理层面明确了 行业发展的阶段性目标与实施路径，充分彰显了固体废物及危险废物资源化、无害化处置在 国家生态环境治理体系中的重要地位，为公司相关业务持续健康发展提供了有力政策支撑与 发展指引。 （三）环境监测治理业务 2025 年 4 月，生态环境部发布《国家生态环境监测网络数智化转型方,1,data/text/002479.SZ/2025/annual_report.txt,False
76,inspect_esg_tables,772,81.767361,43,399,356,True,1.0,1.0,0.275556,1.0,0.987847,7,0.992,00002.HK,CLP HOLDINGS,Q_E_SO2_INTENSITY,二氧化硫排放强度,E,True,0,,,0,missing_candidate,extend_extraction_rules,0,disclosed_non_revenue_denominator,"Apraava Energy’s non-carbon investments3 2024 : 1.5GW >50 Innovation pilots in progress 2024 : >30 2,565 EV chargers under management4 2024 : 1,496 30,546RT* Total cooling capacity under CaaS5 2024 : 18,811RT* * refrigeration tonnes 12,133kWp# Total solar capacity under SaaS5 2024 : 8,311kWp# # kilowatt peak 0.50kg CO2e/kWh Greenhouse gas emissions intensity 2024 : 0.53kg CO2e/kWh 71% Operating earnings from non-carbon generation assets, transmission, distribution and retail operations 2024 : 68",1,data/text/hkex_reports/00002.HK/2025/annual_report.txt,False
77,inspect_esg_tables,773,81.767361,46,330,284,True,1.0,1.0,0.275556,1.0,0.987847,7,0.992,00003.HK,HK & CHINA GAS,Q_E_SO2_INTENSITY,二氧化硫排放强度,E,True,0,,,0,missing_candidate,extend_extraction_rules,0,possible_total_plus_rmb_revenue_derivation,"2 === OUR MISSION To provide our customers with safe, reliable, clean and smart energy along with quality services, while committed to fulfilling our social responsibility, ensuring sustainable business growth, enhancing our shareholders’ return on investment, and bringing long-term benefit for our planet, society, and stakeholders. OUR VISION To be a leading clean and smart energy supplier, with a view to creating a sustainable world driven by green energy. === PAGE 3 === CONTENTS 2025 Awards a",2,data/text/00003.HK/2025/annual_report.txt|data/text/hkex_reports/00003.HK/2025/esg_report.txt,False
78,inspect_esg_tables,774,81.767361,137,328,191,True,1.0,1.0,0.275556,1.0,0.987847,7,0.992,000037.SZ,深南电A,Q_E_SO2_INTENSITY,二氧化硫排放强度,E,True,0,,,0,missing_candidate,extend_extraction_rules,0,possible_total_plus_rmb_revenue_derivation,炉 烟 囱 集 中 排放 3 个 南 山 热 电 厂 厂 区内 〈15 mg/m³ 执行“深圳 蓝”排放标 准 〈15mg/m³ 36.82 吨 686.25 吨 无 46 === PAGE 47 === 深圳南山热电股份有限公司 2025 年年度报告全文 公司采用清洁能源天然气发电，不产生烟尘、二氧化硫排放；属于非水污染重点监管单位，污水排放口为一般排放口， 间断性排放，水污染物未作排放量限值要求。 上市公司发生环境事故的相关情况 无 十六、社会责任情况 2025 年度，公司虽然在生产、经营和管理等各方面均面临诸多挑战，但公司勇于承担社会责任，在机组老化、效率下 降、成本高企的情况下积极保障电力供应，在力所能及的范围内认真履行应尽的社会责任。在安全生产方面，公司持之以 恒抓实安全生产，全力确保电力生产安全稳定，积极探索建立与转型发展相适应的安全生产管理模式，优化、完善公司内 部安全生产管理体制机制，有序开展安全生产、技术监督、创新管理的各项工作，实现了安全生产“五无”目标。在环境保 护方面，公司严格遵守国家及地方的环保法规，始终坚持清洁发电发展理念，各项环保工作均得到有效落实，环保排,1,data/text/000037.SZ/2025/annual_report.txt,False
79,inspect_esg_tables,775,81.767361,53,395,342,True,1.0,1.0,0.275556,1.0,0.987847,7,0.992,00006.HK,POWER ASSETS,Q_E_SO2_INTENSITY,二氧化硫排放强度,E,True,0,,,0,missing_candidate,extend_extraction_rules,0,ambiguous_intensity_disclosure,"ng unit L13 progressed on schedule towards a targeted completion date in early 2029, when it will go into operation. Once commissioned, L13 is expected to increase gas-fired generation of LPS to about 80% of total output, further lowering our carbon intensity. Smart meters and the advanced metering infrastructure not only facilitate better energy management for customers, but also enhance HK Electric’s ability for monitoring of the power grid. enhanced electronic application forms that enabled r",2,data/text/hkex_reports/00006.HK/2025/annual_report.txt|data/text/hkex_reports/00006.HK/2025/esg_report.txt,False
80,inspect_esg_tables,776,81.767361,98,300,202,True,1.0,1.0,0.275556,1.0,0.987847,7,0.992,000096.SZ,广聚能源,Q_E_SO2_INTENSITY,二氧化硫排放强度,E,True,0,,,0,missing_candidate,extend_extraction_rules,0,no_matching_disclosure_in_text,,1,data/text/000096.SZ/2025/annual_report.txt,False
81,inspect_esg_tables,779,81.767361,169,527,358,True,1.0,1.0,0.275556,1.0,0.987847,7,0.992,000554.SZ,泰山石油,Q_E_SO2_INTENSITY,二氧化硫排放强度,E,True,0,,,0,missing_candidate,extend_extraction_rules,0,possible_total_plus_rmb_revenue_derivation,管理方法、工作进展与取得的成果。 可靠性保证 本公司董事会已于 2026 年 4 月 22 日审议批准本报告，保证本报告内容不存在虚假记载和误导性陈述。 编制依据 结合全球报告倡议组织（GRI）《GRI 可持续发展报告标准》《GRI 11：石油与天然气行业标准（2021 版）》； 国际标准化组织 ISO 26000：2010《社会责任指南》国际标准等国际相关要求； 参照国家标准 GB/T 36001-2015《社会责任报告编写指南》； 国务院国资委办公厅《央企控股上市公司 ESG 专项报告参考指标体系》； 深圳证券交易所《上市公司自律监管指引第 17 号——可持续发展报告（试行）》《上市公司自律监管指南 第 3 号——可持续发展报告》。 参考财政部《企业可持续披露准则——基本准则（试行）》； 参考并回应了联合国可持续发展目标（SDGs）。 报告说明 2025 年 报告范围 本报告披露信息的范围涵盖中国石化山东泰山石油股份有限公司及其附属公司，与泰山石油（000554.SZ） 2025 年年报合并财务报表范围一致。 数据说明 数据源于公司内部文件、报表和相关统计数据。除特别说明外，本报告,2,data/text/000554.SZ/2025/annual_report.txt|data/text/000554.SZ/2025/esg_report.txt,False
82,inspect_esg_tables,780,81.767361,158,267,109,True,1.0,1.0,0.275556,1.0,0.987847,7,0.992,000690.SZ,宝新能源,Q_E_SO2_INTENSITY,二氧化硫排放强度,E,True,0,,,0,missing_candidate,extend_extraction_rules,0,possible_total_plus_rmb_revenue_derivation,标准及生产经营活动中涉及的污染物排放的具体情况 序号 公司或子 公司名称 主要污 染物及 特征 污染物的名称 排放 方式 排放 口数 量 （个） 排放口 分布情况 排放浓度 (mg/m³) 执行的污 染物排放 标准 （mg/m³） 排放 总量 （吨） 核定的 排放总量 （吨/年） 超标 排放 情况 二氧化硫 烟囱 3 一 、 二、 三 期烟囱 19.69 200 866.18 5880 无 1 广东宝丽 华电力 有限公司 大气 污染物 烟尘 烟囱 3 一 、 二、 三 期烟囱 1.29 30 55.19 882 无 氮氧化物 烟囱 3 一 、 二、 三 期烟囱 45.09 200 1845.31 5880 无 二氧化硫 烟囱 2 一期烟囱 22.74 50 888.85 1617 无 2 陆丰宝丽 华新能源 电力有限 公司 大气 污染物 烟尘 烟囱 2 一期烟囱 2.05 20 76.01 477 无 氮氧化物 烟囱 2 一期烟囱 43.23 100 1649.1 1922 无 3.报告期内发生重大环境污染事故、重大安全事故的情况 □ 适用 √ 不适用 十四、社会责任情况 公司积极履行,2,data/text/000690.SZ/2025/annual_report.txt|data/text/000690.SZ/2025/esg_report.txt,False
83,inspect_esg_tables,782,81.767361,146,434,288,True,1.0,1.0,0.275556,1.0,0.987847,7,0.992,000968.SZ,蓝焰控股,Q_E_SO2_INTENSITY,二氧化硫排放强度,E,True,0,,,0,missing_candidate,extend_extraction_rules,0,possible_total_plus_rmb_revenue_derivation,气有限公司 华新煤成气 指 山西华新煤成气勘查开发有限公司 山西能产集团 指 山西能源产业集团有限责任公司 山西燃产集团 指 山西燃气产业集团有限公司 昌吉国投 指 昌吉市国有资产投资经营有限责任公 司 中石油 指 中国石油天然气股份有限公司 ESG 指 环境（Environmental）、社会 （Social）和治理（Governance） QHSE 指 在质量（Quality）、健康 5 === PAGE 6 === 山西蓝焰控股股份有限公司 2025 年年度报告全文 （Health）、安全（Safety）和环境 （Environment）方面指挥和控制组织 的管理体系 华瑞装备公司 指 山西华瑞能源装备有限责任公司 6 === PAGE 7 === 山西蓝焰控股股份有限公司 2025 年年度报告全文 第二节 公司简介和主要财务指标 一 、公司信息 股票简称 蓝焰控股 股票代码 000968 股票上市证券交易所 深圳证券交易所 公司的中文名称 山西蓝焰控股股份有限公司 公司的中文简称 蓝焰控股 公司的外文名称（如有） Shanxi Blue Flame Holding Compan,1,data/text/000968.SZ/2025/annual_report.txt,False
84,inspect_esg_tables,783,81.767361,112,260,148,True,1.0,1.0,0.275556,1.0,0.987847,7,0.992,001258.SZ,立新能源,Q_E_SO2_INTENSITY,二氧化硫排放强度,E,True,0,,,0,missing_candidate,extend_extraction_rules,0,possible_total_plus_rmb_revenue_derivation,键 特性及影响因素进行 深入分析和确定。构 建储能电池海量数据 监测技术平台，深入 研究如何通过实时数 据 监 测 与 智 能 分 析， 降低储能系统的运维 风险和成本。 1. 完成“储能电站电池诊断 及运维系统”功能开发及数 据 采 集、 整 理 ；2. 完 成“ 电 芯不一致性诊断”、“高精度 SOH 估算”及“电池剩余寿 命预测”相关算法模型的开 发、 搭 建 和 训 练 工 作 ；3. 完 成“储能电站电池诊断及运 维系统”现场部署，接入全 站 BMS 电 池 数 据， 完 成 功 能调试及测试 ；4. 申请发明 专利 2 项、软著 2 项、论文 2 篇 ；5. 完 成 项 目 验 收、 结 题 工作。 开 发 储 能 电 池 海 量 数 据 监 测 及 储 能 电 站 智 慧 运 维 技 术， 构 建 储 能 电 站 电池诊断及运维系统，具 体 实 现 ：1. 储 能 PCS、 BMS、 电 芯 等 设 备 数 据 全 量 监 控 ；2.SOH 估 算 误 差 ≤ 5% ；3. 电 芯 不 一 致 性 诊 断 模 型 异 常 检 出 率 ≥ 90% ；4. 电池寿命预测 模型,1,data/text/001258.SZ/2025/annual_report.txt,False
85,inspect_esg_tables,784,81.767361,103,248,145,True,1.0,1.0,0.275556,1.0,0.987847,7,0.992,001299.SZ,美能能源,Q_E_SO2_INTENSITY,二氧化硫排放强度,E,True,0,,,0,missing_candidate,extend_extraction_rules,0,possible_total_plus_rmb_revenue_derivation,效与个人绩效的紧密结合，确保绩效考核结果真正应 用于员工薪酬调整、职务晋升、岗位调整及不胜任退出等环节，刚性落实“能者上、平者让、庸者下、劣者汰”的用人 导向，充分调动全员干事创业积极性；三是持续推进集团及各事业部标准化建设工作，全面梳理、优化核心业务流程， 编制科学、务实、可操作的标准化作业程序（SOP）手册，不断推动运营管理与客户服务规范化、精细化升级，提升运 营效率与风险防控能力。 5.数字化管理转型：信息化应用促进业务数字化、智能化发展 加快完善信息化建设，促进数字化、智能化技术与公司经营管理及核心业务的深度融合，以技术创新驱动高质量发 展。 一是整合数据与业务中台，彻底打通各系统间的数据壁垒，完成内控管理平台建设并投入常态运营，实现核心业务 数据可视、可查询、可应用；二是以业务场景为导向、以痛点为目标，积极引入并部署人工智能（AI）工具，在决策支 持、投资分析、业绩预测、业务流程自动化、智能客服等领域开展试点与应用，推动人工智能从辅助工具向提升核心竞 争力的关键支撑转变；三是持续提升全员信息化、数字化应用能力，开展针对性的全员信息化工具能力培训与效果评估， 实现数字赋能与业务,1,data/text/001299.SZ/2025/annual_report.txt,False
86,inspect_esg_tables,785,81.767361,140,306,166,True,1.0,1.0,0.275556,1.0,0.987847,7,0.992,00182.HK,CONCORD NE,Q_E_SO2_INTENSITY,二氧化硫排放强度,E,True,0,,,0,missing_candidate,extend_extraction_rules,0,ambiguous_intensity_disclosure,"s"". 4 5  The financial effect of climate-related risks are highly interdependent with and influenced by multiple market and operational factors, including electricity price volatility, equipment O&M costs, grid dispatch requirements, policy subsidy intensity, and power technology iteration. Consequently, their standalone financial effect cannot be reliably isolated and quantified at present. The methods used to assess the current financial effect of climate-related risks or op- portunities invo",2,data/text/hkex_reports/00182.HK/2025/annual_report.txt|data/text/hkex_reports/00182.HK/2025/esg_report.txt,False
87,inspect_esg_tables,786,81.767361,51,216,165,True,1.0,1.0,0.275556,1.0,0.987847,7,0.992,002028.SZ,思源电气,Q_E_SO2_INTENSITY,二氧化硫排放强度,E,True,0,,,0,missing_candidate,extend_extraction_rules,0,possible_total_plus_rmb_revenue_derivation,"swana) (proprietary) Limited（以下简称“博茨瓦纳子公司”） - 100.00% -Sieyuan Electric (Nigeria) Company Limited（以下简称“尼日利亚子公司”） - 100.00% -SIEYUAN ELECTRIC (SPAIN), SOCIEDAD LIMITADA（以下简称“西班牙子公司”） - 100.00% -Sieyuan Electric Engineering FE LLC（以下简称“乌兹别克斯坦子公司”） - 100.00% -Sieyuan Electric USA, LLC（以下简称“美国子公司”） - 100.00% -SIEYUAN ELECTRIC (ZANZIBAR) LTD（以下简称“桑给巴尔岛子公司”） - 100.00% -SIEYUAN ELECTRIC COLOMBIA S.A.S. （以下简称“哥伦比亚子公司”） - 100.00% -SIEYUAN ELECTRIC AUSTRALIA PTY LTD（以下简称“澳大利亚子公司”） - 100.00% -Sieyuan Elect",2,data/text/002028.SZ/2025/annual_report.txt|data/text/002028.SZ/2025/esg_report.txt,False
88,inspect_esg_tables,787,81.767361,9,278,269,True,1.0,1.0,0.275556,1.0,0.987847,7,0.992,002039.SZ,黔源电力,Q_E_SO2_INTENSITY,二氧化硫排放强度,E,True,0,,,0,missing_candidate,extend_extraction_rules,0,no_matching_disclosure_in_text,,1,data/text/002039.SZ/2025/annual_report.txt,False
89,inspect_esg_tables,788,81.767361,8,409,401,True,1.0,1.0,0.275556,1.0,0.987847,7,0.992,002056.SZ,横店东磁,Q_E_SO2_INTENSITY,二氧化硫排放强度,E,True,0,,,0,missing_candidate,extend_extraction_rules,0,possible_total_plus_rmb_revenue_derivation,产品等已切 入新能源汽车、储能、AI 等领域。 公司深耕磁性材料行业近半个世纪，以技术领先、注重品质和服务而成为众多全球 500 强和行 业领先企业的战略合作伙伴，先后获得 Bosch 亚太区最佳供应商、Bosch 全球最佳供应商、Midea 战 略供应商，并多次被 Brose、Eaton、Panasonic、Nidec 等客户评为最佳供应商。 光伏方面，公司深耕行业 16 年，持续以差异化产品和市场入手，带动标准化产品销售，精准满 足不同区域不同客户的需求。截至 12 月底，公司拥有 5 类双玻标准产品和 9 类特殊应用场景产品， 凭借差异化产品及领先的质量和性能，公司光伏产品得到了 TÜV SÜD、EUPD Research 等第三方国 际权威机构的认可，是全球首批获得低碳认证的光伏组件制造企业，已连续 8 年获 EUPD Research “顶级光伏组件品牌”，连续7 年位列彭博新能源财经“全球一级太阳能组件制造商”，连续5 年获 Kiwa PVEL “全球组件最佳表现制造商”。 锂电方面，公司18650、21700 型的三元圆柱电池，出货量位列全国前三，产品覆盖能量型26E- ,1,data/text/002056.SZ/2025/annual_report.txt,False
90,inspect_esg_tables,789,81.767361,123,404,281,True,1.0,1.0,0.275556,1.0,0.987847,7,0.992,00206.HK,CM-ENERGY,Q_E_SO2_INTENSITY,二氧化硫排放强度,E,True,0,,,0,missing_candidate,extend_extraction_rules,0,ambiguous_intensity_disclosure,"動、張貼標語、現場培訓及鼓勵員工提交合理化建議等方式，營造全員參與的節水氛圍，確保節水意識深 入人心。 132 CM Energy Tech Co., Ltd. ‧ Annual Report 2025 === PAGE 135 === ENVIRONMENTAL, SOCIAL AND GOVERNANCE REPORT 環境、社會及管治報告 GREEN DRIVES THE FUTURE, LOW-CARBON LEADS THE WAY (Continued) Energy and Resource Management (Continued) Water Resource Management (Continued) The Group has established control targets for water consumption intensity, targeting a 3% year-on-year reduction in 2025 compared to 2024. During the Reporting Period, total water con",1,data/text/hkex_reports/00206.HK/2025/annual_report.txt,False
91,inspect_esg_tables,790,81.767361,180,284,104,True,1.0,1.0,0.275556,1.0,0.987847,7,0.992,002074.SZ,国轩高科,Q_E_SO2_INTENSITY,二氧化硫排放强度,E,True,0,,,0,missing_candidate,extend_extraction_rules,0,likely_methodology_compatible_rule_gap,"可靠的服务 保障。通过健全制度体系与完善全球服务网络，公司不断筑牢客户权益保护的坚实屏障，努力为客户创 造可持续的合作价值。 （四）环境保护与可持续发展 公司设立由经营管理层组成的 EHS（环境、健康安全）管理委员会，作为环境管理最高决策机构， 负责审阅 EHS 管理目标指标，规范 EHS 管理体系运行。公司推行 EHS 目标责任书机制，将 EHS 管理目 标深度融入各基地、各部门绩效考评，并将污染物减排列为核心绩效指标，层层分解落实，确保减排任 务落地。体系建设上，公司旗下控股子公司均通过 ISO 14001 环境管理体系认证，并定期开展内外部审计， 保障体系有效运行。2025 年，公司环保总投入达 5,543.47 万元，为各项环境管理工作提供坚实资金保障； 污染防治方面，通过持续优化废水、废气处理工艺，实现污染物排放强度逐年下降。国内 8 家基地已经 获批成为国家级/省级绿色工厂，标志着公司在环境管理与绿色发展方面的实践成果显著。 为响应国家“双碳”目标，公司于 2025 年正式发布《零碳战略》，明确提出 2027 年实现运营碳达峰、 2035 年实现运营碳中和的战略目标。围绕该",1,data/text/002074.SZ/2025/annual_report.txt,False
92,inspect_esg_tables,791,81.767361,82,389,307,True,1.0,1.0,0.275556,1.0,0.987847,7,0.992,002128.SZ,电投能源,Q_E_SO2_INTENSITY,二氧化硫排放强度,E,True,0,,,0,missing_candidate,extend_extraction_rules,0,no_matching_disclosure_in_text,,1,data/text/002128.SZ/2025/annual_report.txt,False
93,inspect_esg_tables,792,81.767361,115,223,108,True,1.0,1.0,0.275556,1.0,0.987847,7,0.992,002249.SZ,大洋电机,Q_E_SO2_INTENSITY,二氧化硫排放强度,E,True,0,,,0,missing_candidate,extend_extraction_rules,0,ambiguous_intensity_disclosure,"次突破历史记录，创下新高，为集团整体发展注入了强劲动力。 3）氢能业务情况 在氢能技术领域，公司依托在电力电子、软件集成与高速电机等方面的长期积累，聚焦氢燃料电池核心部件与系统开 发，已形成涵盖质子交换膜燃料电池（PEMFC）关键零部件（BOP）、固体氧化物电池（SOC）及储放氢技术的多元布局。 在 PEMFC 方向，公司重点开展 BOP 系统研发，已成功开发氢燃料电池多合一控制器、高速离心式空压机、高压屏蔽 水泵、氢气循环系统、高压散热风机等一系列关键零部件，并持续构建自主知识产权体系。 在 SOC 方向，公司以研发为导向，重点攻关 SOC 热喷涂制备工艺，覆盖基础材料、单电池制备至电堆模组开发全链 条。报告期内，公司已实现高性能、高稳定性单电池的制备，为电堆集成奠定基础。目前，正集中突破 1kW/5kW 电堆模 组的研发瓶颈，着力提升功率密度与长期运行稳定性。 同时，公司积极推进 SOC 系统开发，已完成 1kW 级固体氧化物燃料电池（SOFC）原型机研制，实现连续稳定运行 1,200 小时，系统发电效率超 50%，综合效率超 80%，验证了技术路线与系统可靠性。在此基础之上，公司",1,data/text/002249.SZ/2025/annual_report.txt,False
94,inspect_esg_tables,793,81.767361,133,305,172,True,1.0,1.0,0.275556,1.0,0.987847,7,0.992,002267.SZ,陕天然气,Q_E_SO2_INTENSITY,二氧化硫排放强度,E,True,0,,,0,missing_candidate,extend_extraction_rules,0,no_matching_disclosure_in_text,,1,data/text/002267.SZ/2025/annual_report.txt,False
95,inspect_esg_tables,794,81.767361,111,320,209,True,1.0,1.0,0.275556,1.0,0.987847,7,0.992,002276.SZ,万马股份,Q_E_SO2_INTENSITY,二氧化硫排放强度,E,True,0,,,0,missing_candidate,extend_extraction_rules,0,possible_total_plus_rmb_revenue_derivation,筹推进经济效益、社会效益与环境效益协同平衡、高质量发展。在环境管理方面，公司全面推进绿色 生产工艺，推广使用环保原辅材料，大力实施节能减排、清洁生产与资源循环利用，持续降低生产活动 对生态环境的影响，持续加大环保节能设备投入，构建覆盖全流程的固废减量化、资源化、无害化综合 管理体系，持续有效运行 ISO14001 环境管理体系，环境管理规范化、系统化水平显著提升。在安全生 产领域，公司严格落实安全生产责任制，规范运行 ISO45001 职业健康安全管理体系，通过常态化安全 文化建设、专业化安全技能培训与实战化应急演练，全面提升全员安全意识与应急处置能力，有效防范 化解各类安全风险，保障生产经营持续安全稳定。 四、主营业务分析 1、概述 报告期，在外部挑战与机遇并存的背景下，公司以“一体两翼、南北联动”战略为指引，聚焦主营 业务竞争力与经营质量的提升，通过深化内部改革、构建全流程风控体系，保持经营业绩稳定。报告期， 公司实现营业收入 192.40 亿元，同比增长 8.33%；归属于上市公司股东的净利润 3.47 亿元，同比增长 1.74%。 (1) 电线电缆：外拓市场，内筑根基 报告期，,1,data/text/002276.SZ/2025/annual_report.txt,False
96,inspect_esg_tables,795,81.767361,157,345,188,True,1.0,1.0,0.275556,1.0,0.987847,7,0.992,00228.HK,CHINA ENERGY,Q_E_SO2_INTENSITY,二氧化硫排放强度,E,True,0,,,0,missing_candidate,extend_extraction_rules,0,ambiguous_intensity_disclosure,"ombination with activities such as Quality Month and Measurement Day to effectively promote quality awareness and strengthen management efforts. In terms of the quality management of nonoil products, the Company expands the scope and strengthens the intensity of its annual supervision on a continuous basis, paying close attention to critical periods such as the rainy season, extreme weather conditions and holidays based on different climatic characteristics and phased management priorities. We c",2,data/text/hkex_reports/00228.HK/2025/annual_report.txt|data/text/hkex_reports/00228.HK/2025/esg_report.txt,False
97,inspect_esg_tables,796,81.767361,41,307,266,True,1.0,1.0,0.275556,1.0,0.987847,7,0.992,002335.SZ,科华数据,Q_E_SO2_INTENSITY,二氧化硫排放强度,E,True,0,,,0,missing_candidate,extend_extraction_rules,0,possible_total_plus_rmb_revenue_derivation,数据股份有限公司 2025 年年度报告全文 十、公司控制的结构化主体情况 □适用 不适用 十一、公司未来发展的展望 （一）行业格局和趋势 1、智算中心行业 数据中心行业在 AI 应用深化与算力需求增长的推动下，正进入以智能算力为核心的发展阶段。根据 McKinsey ＆ Company 以及 Resourcera 估计，全球数据中心总容量预计从 2025 年的 82GW 增长至 2030 年的 219GW。全球约 11%的人口 为 AI 活跃用户，约82%的企业已接入或测试 AI，应用端渗透率的提升带动了算力基础设施的持续投入。中国“东数西算” 工程、美国“星际之门”计划等政策引导，进一步推动了算力资源的集约化布局。 需求结构方面，数据中心负载从通用计算向智能计算转移。据 McKinsey ＆ Company 预估，2025 年至 2030 年，AI 工作负载预计从 44GW 增至 156GW（增幅 254%），而非 AI 负载仅从 38GW 增至 64GW（增幅 68%）。AI 负载占比将从 2025 年的 54%提升至 2030 年的71%，成为驱动数据中心扩张的核心引擎。 散热,1,data/text/002335.SZ/2025/annual_report.txt,False
98,inspect_esg_tables,797,81.767361,103,415,312,True,1.0,1.0,0.275556,1.0,0.987847,7,0.992,002346.SZ,柘中股份,Q_E_SO2_INTENSITY,二氧化硫排放强度,E,True,0,,,0,missing_candidate,extend_extraction_rules,0,possible_total_plus_rmb_revenue_derivation,整合中其领先企业市场份额将继续扩大的趋势，对于行业新进者构筑起较高的障碍和壁垒。 2. 产品及品牌优势 公司深耕电气业务，自 2005 年起， “柘中”品牌一直被认定为“上海市著名商标” ，在行业中享有较高知名度，产 品被连续认定为“上海市名牌产品” 。公司子公司柘中电气作为高新技术企业，通过了 ISO9001 质量体系认证、 ISO14001 环境管理体系认证和 OHSAS18001 职业健康安全管理体系认证等三项体系认证。公司生产的 KYN37-12、 KYN37-40.5 系列智能化高压柜、OKKEN 智能化低压柜、PPS 系列智能化低压柜三大系列产品经上海电器行业协会专家 评审为智能化电网所需的元件和成套设备，属于国家鼓励和支持的产品。 公司产品主要用于输配电环节，产品质量尤为重要。公司现有客户中，集成电路、国家电网、城市轨交、机场铁路 等行业客户，对电气设备的稳定性和可靠性有着严苛的要求，柘中电气作为成套开关设备行业的领先企业，在成套开关 设备产品的设计、生产和安装方面具有较强的实力，充分匹配客户对产品质量的需求。近年来，公司积极把握重大基础 设施建设、集成电路智慧工厂等发展,1,data/text/002346.SZ/2025/annual_report.txt,False
99,inspect_esg_tables,798,81.767361,162,275,113,True,1.0,1.0,0.275556,1.0,0.987847,7,0.992,002452.SZ,长高电气,Q_E_SO2_INTENSITY,二氧化硫排放强度,E,True,0,,,0,missing_candidate,extend_extraction_rules,0,possible_total_plus_rmb_revenue_derivation,套装备关键技术、高压柔性直 流输电开关设备关键技术、超大负荷电流稳定运行及复杂工况在线开断关键技术等在内的多项核心技术， 具备了较为突出的持续技术创新和产品开发的优势。 3、稳定、优异的产品质量 多年来，公司秉承“以质量求生存”的发展理念， 一直将产品质量管理作为企业发展的重中之重。公 司通过了 ISO9001、ISO14001、ISO17025、IATF16949 等体系认证，建立了包括质量管理、质量检验、售 后服务等在内的一整套质量保证体系，严格做到制度化、程序化，通过全过程监控，确保产品整个生产 过程都在质量保证体系的监控范围之内，有效保障产品质量。 15 === PAGE 16 === 长高电新科技股份公司 2025 年年度报告全文 同时，公司作为国家电网公司集中规模招标优秀供应商，基于国家电网严格的供应商管理体系和 较高的产品质量要求，公司始终能够以稳定、优异的产品质量赢得较高的国家电网中标份额，亦是公司 一整套质量保证体系持续有效执行的重要保证和证明。 4、丰富的国家电网重点建设工程的实践经验 公司作为国内高压输变电设备领域的主要生产企业之一 ，曾先后为我国首条 1000k,1,data/text/002452.SZ/2025/annual_report.txt,False
100,inspect_esg_tables,800,81.767361,126,261,135,True,1.0,1.0,0.275556,1.0,0.987847,7,0.992,002479.SZ,富春环保,Q_E_SO2_INTENSITY,二氧化硫排放强度,E,True,0,,,0,missing_candidate,extend_extraction_rules,0,possible_total_plus_rmb_revenue_derivation,5 === 浙江富春江环保热电股份有限公司 2025 年年度报告全文 制“热电联产+固废（危废）资源化+环境监测治理”的循环经济模式积聚先发优势，增强 公司抵御市场风险能力。 （二）技术创新、具有超前优势 公司与多家高校合作设立技术研发中心，进行工艺、技术、项目的研发，其中在生产中 对二噁英的防治、二氧化硫、氮氧化物的去除等方面和污泥干化等领域处于国内先进水平。 同时经过多年的研发投入和技术沉淀，公司目前已具备了一定的研发和创新能力。截至报告 期末，公司已经拥有 8 家高新技术企业、1 家国家鼓励发展的重大环保技术装备依托单位、 3 家省级“专精特新”企业、1 家中美政府间合作项目研究基地、1 家省级企业研究院。公 司各项目燃煤锅炉全部实现超净排放，达到行业先进水平，控股子公司研究院成功研制开发 出了国内外首台具有实用意义的二噁英在线快速检测仪器系统。 （三）管理科学、提质增效 公司狠抓制度创新建设，强化管理手段，以 ISO9001 质量管理体系、ISO14001 环境管 理体系为基础，对公司及其下属子公司制度进行新建、优化、梳理等工作，提高制度的科学 性与灵活性，增强员工的积极性与能,1,data/text/002479.SZ/2025/annual_report.txt,False
101,inspect_esg_tables,952,81.611111,43,399,356,True,1.0,1.0,0.275556,1.0,0.972222,16,0.992,00002.HK,CLP HOLDINGS,Q_E_NOX_INTENSITY,氮氧化物排放强度,E,True,0,,,0,missing_candidate,extend_extraction_rules,0,possible_total_plus_rmb_revenue_derivation,"on to decarbonisation, CLP has been strengthening efforts to cut air emissions and improve water and waste management. The Group reduced emissions of nitrogen oxides (NOx), sulphur dioxide (SO2) and particulate matter (PM) in 2025 by 12%, 0.2% and 14% respectively from 2024 due to diversification of fuel mix and improved air emissions controls for its generation assets across Hong Kong, the Chinese Mainland and Australia. CLP achieved its 2025 air emissions reduction targets and will focus on fu",1,data/text/hkex_reports/00002.HK/2025/annual_report.txt,False
102,inspect_esg_tables,953,81.611111,46,330,284,True,1.0,1.0,0.275556,1.0,0.972222,16,0.992,00003.HK,HK & CHINA GAS,Q_E_NOX_INTENSITY,氮氧化物排放强度,E,True,0,,,0,missing_candidate,extend_extraction_rules,0,possible_total_plus_rmb_revenue_derivation,"Centred on multi-dimensional protection and precise early warning, this ecosystem encompasses foundational products such as gas, smoke, and carbon monoxide alarms. Furthermore, it has expanded into the smart fire protection series, relying on the AIoT platform to achieve smart monitoring and proactive alerts. By the end of 2025, the alarm monitoring platform had been adopted by over 70 enterprises, with revenue from home safety solutions recording a 10% year-on-year growth. In 2025, Towngas Life",2,data/text/00003.HK/2025/annual_report.txt|data/text/hkex_reports/00003.HK/2025/esg_report.txt,False
103,inspect_esg_tables,954,81.611111,137,328,191,True,1.0,1.0,0.275556,1.0,0.972222,16,0.992,000037.SZ,深南电A,Q_E_NOX_INTENSITY,氮氧化物排放强度,E,True,0,,,0,missing_candidate,extend_extraction_rules,0,possible_total_plus_rmb_revenue_derivation,培养了一批专业技术人才。加之传统电力行业的人才积累与技术优势，为公司向综合能源服务领域进军储备了 充足的技术和人才资源，奠定了坚实基础。 5、领先的环保水平。公司发电机组均为燃气发电机组，采用天然气为燃料，烟气中 CO2 的排放量约为燃煤电厂的 42%，为国家“双碳”建设提供了有力支持。公司各台机组氮氧化物排放均在 15mg/m3 以内，达到世界最先进水平。 四、主营业务分析 1、概述 2025 年是国家“十四五”规划的收官之年，也是公司发展历程中承前启后、继往开来的关键一年。面对能源转型加速与 市场竞争加剧的双重挑战，公司锚定综合能源服务商战略定位，稳步推进业务结构优化与发展模式创新。全年以项目为抓 手、市场为导向、服务为支撑，统筹市场开拓、项目建设与运营管理，重点发力燃机及新能源工程服务、售电、EPC 总承 包等核心赛道，持续深化综合能源服务业务布局，不断培育新的业务增长点。战略转型成效稳步显现，核心竞争力持续增 强，综合能源服务业务规模与效益同步提升，对公司整体发展贡献突出，为公司“十四五”圆满收官交出厚重答卷，也为“十 五五”高质量开局奠定坚实基础。报告期内，公司开展的主要工作,1,data/text/000037.SZ/2025/annual_report.txt,False
104,inspect_esg_tables,955,81.611111,53,395,342,True,1.0,1.0,0.275556,1.0,0.972222,16,0.992,00006.HK,POWER ASSETS,Q_E_NOX_INTENSITY,氮氧化物排放强度,E,True,0,,,0,missing_candidate,extend_extraction_rules,0,related_disclosure_without_compatible_intensity,"for customer satisfaction, NGN is one of the eight gas distribution networks in the UK. An NGN engineer explains to a customer the risks of carbon monoxide (CO) exposure and the importance of installing a CO alarm at home. In 2025, NGN achieved a throughput of 56,072 GWh (2024: 58,689 GWh) and a consistently high level of customer satisfaction. According to Ofgem survey scores, customer satisfaction remained strong, with an average score of 9.35 out of 10.0 across planned, repair and new connect",2,data/text/hkex_reports/00006.HK/2025/annual_report.txt|data/text/hkex_reports/00006.HK/2025/esg_report.txt,False
105,inspect_esg_tables,956,81.611111,98,300,202,True,1.0,1.0,0.275556,1.0,0.972222,16,0.992,000096.SZ,广聚能源,Q_E_NOX_INTENSITY,氮氧化物排放强度,E,True,0,,,0,missing_candidate,extend_extraction_rules,0,no_matching_disclosure_in_text,,1,data/text/000096.SZ/2025/annual_report.txt,False
106,inspect_esg_tables,959,81.611111,169,527,358,True,1.0,1.0,0.275556,1.0,0.972222,16,0.992,000554.SZ,泰山石油,Q_E_NOX_INTENSITY,氮氧化物排放强度,E,True,0,,,0,missing_candidate,extend_extraction_rules,0,no_matching_disclosure_in_text,,2,data/text/000554.SZ/2025/annual_report.txt|data/text/000554.SZ/2025/esg_report.txt,False
107,inspect_esg_tables,960,81.611111,158,267,109,True,1.0,1.0,0.275556,1.0,0.972222,16,0.992,000690.SZ,宝新能源,Q_E_NOX_INTENSITY,氮氧化物排放强度,E,True,0,,,0,missing_candidate,extend_extraction_rules,0,possible_total_plus_rmb_revenue_derivation,/m³） 排放 总量 （吨） 核定的 排放总量 （吨/年） 超标 排放 情况 二氧化硫 烟囱 3 一 、 二、 三 期烟囱 19.69 200 866.18 5880 无 1 广东宝丽 华电力 有限公司 大气 污染物 烟尘 烟囱 3 一 、 二、 三 期烟囱 1.29 30 55.19 882 无 氮氧化物 烟囱 3 一 、 二、 三 期烟囱 45.09 200 1845.31 5880 无 二氧化硫 烟囱 2 一期烟囱 22.74 50 888.85 1617 无 2 陆丰宝丽 华新能源 电力有限 公司 大气 污染物 烟尘 烟囱 2 一期烟囱 2.05 20 76.01 477 无 氮氧化物 烟囱 2 一期烟囱 43.23 100 1649.1 1922 无 3.报告期内发生重大环境污染事故、重大安全事故的情况 □ 适用 √ 不适用 十四、社会责任情况 公司积极履行社会责任， 自 2008 年以来每年均公开披露社会责任报告。 2025 年度社会责 任报告全文详见巨潮资讯网（www.cninfo.com.cn）。 十五、巩固拓展脱贫攻坚成果、乡村振兴的情况 公司两大能源基地——梅县荷树,2,data/text/000690.SZ/2025/annual_report.txt|data/text/000690.SZ/2025/esg_report.txt,False
108,inspect_esg_tables,962,81.611111,146,434,288,True,1.0,1.0,0.275556,1.0,0.972222,16,0.992,000968.SZ,蓝焰控股,Q_E_NOX_INTENSITY,氮氧化物排放强度,E,True,0,,,0,missing_candidate,extend_extraction_rules,0,no_matching_disclosure_in_text,,1,data/text/000968.SZ/2025/annual_report.txt,False
109,inspect_esg_tables,963,81.611111,112,260,148,True,1.0,1.0,0.275556,1.0,0.972222,16,0.992,001258.SZ,立新能源,Q_E_NOX_INTENSITY,氮氧化物排放强度,E,True,0,,,0,missing_candidate,extend_extraction_rules,0,no_matching_disclosure_in_text,,1,data/text/001258.SZ/2025/annual_report.txt,False
110,inspect_esg_tables,964,81.611111,103,248,145,True,1.0,1.0,0.275556,1.0,0.972222,16,0.992,001299.SZ,美能能源,Q_E_NOX_INTENSITY,氮氧化物排放强度,E,True,0,,,0,missing_candidate,extend_extraction_rules,0,no_matching_disclosure_in_text,,1,data/text/001299.SZ/2025/annual_report.txt,False
111,inspect_esg_tables,965,81.611111,140,306,166,True,1.0,1.0,0.275556,1.0,0.972222,16,0.992,00182.HK,CONCORD NE,Q_E_NOX_INTENSITY,氮氧化物排放强度,E,True,0,,,0,missing_candidate,extend_extraction_rules,0,possible_total_plus_rmb_revenue_derivation,"Capacity MW 4,928 Attributable Power Generation GWh 8,586 CO2 Emission Reduction1 Kilotonnes 8,164 Standard Coal Saving1 Kilotonnes 3,326 Environment NOx Emission Reduction1 Tonnes 2,117 SO2 Emission Reduction1 Tonnes 2,030 Water Saving1 Kilotonnes 13,134 Proportion of Women in Total Workforce % 28.2 Training Hours per Employee Hour 22.97 Society Percentage of Total Employees Trained % 100 Total Amount of Community Donation Ten thousand RMB 119.70 Proportion of Female Directors % 33.3 Governance",2,data/text/hkex_reports/00182.HK/2025/annual_report.txt|data/text/hkex_reports/00182.HK/2025/esg_report.txt,False
112,inspect_esg_tables,966,81.611111,51,216,165,True,1.0,1.0,0.275556,1.0,0.972222,16,0.992,002028.SZ,思源电气,Q_E_NOX_INTENSITY,氮氧化物排放强度,E,True,0,,,0,missing_candidate,extend_extraction_rules,0,possible_total_plus_rmb_revenue_derivation,后达标排放。 走进思源 可持续发展管理 合规先行 强化治理 创新引领 品质服务 绿色运营 生态保护 以人为本 权益守护 践行社会责任 未来展望 ESG 绩效总览 指标索引 === PAGE 41 === 41 2025 年度可持续发展报告 思源东芝有组织废气产生环节是蒸汽锅炉废气，主要大气污染物为氮氧化物等。锅炉采用天然气为 燃料，并采用低氮燃烧技术，几乎无烟尘和二氧化硫排放，且氮氧化物产生浓度较低。 思源清能整个工艺过程中仅手工焊接岗位产生少量废气。公司配置集气罩、风管等废气收集装置， 并在排放末端加装废气净化处理装置，对废气进行吸附，控制废气的排放。 无组织废气防治措施 产污环节 污染物 防治措施 真空浇铸树脂浸渍纸，装料时 产生的有机废气 非甲烷总烃 加强真空浇铸工序设备密封效果，减少有 机废气无组织排放。 焊接工序产生的烟气 颗粒物 采用无/低烟尘焊接工艺，每台焊机配备移 动式烟气收集过滤处理器； 规范焊接操作，提高烟气捕集效果，减少 无组织烟尘排放。 生活污水处理设施产生的臭气 氨、硫化氢 提高池体密封性，加强周围绿化，定期清 运沉淀物，减少臭气排放。 废弃物治理 公司废弃物,2,data/text/002028.SZ/2025/annual_report.txt|data/text/002028.SZ/2025/esg_report.txt,False
113,inspect_esg_tables,967,81.611111,9,278,269,True,1.0,1.0,0.275556,1.0,0.972222,16,0.992,002039.SZ,黔源电力,Q_E_NOX_INTENSITY,氮氧化物排放强度,E,True,0,,,0,missing_candidate,extend_extraction_rules,0,no_matching_disclosure_in_text,,1,data/text/002039.SZ/2025/annual_report.txt,False
114,inspect_esg_tables,968,81.611111,8,409,401,True,1.0,1.0,0.275556,1.0,0.972222,16,0.992,002056.SZ,横店东磁,Q_E_NOX_INTENSITY,氮氧化物排放强度,E,True,0,,,0,missing_candidate,extend_extraction_rules,0,no_matching_disclosure_in_text,,1,data/text/002056.SZ/2025/annual_report.txt,False
115,inspect_esg_tables,969,81.611111,123,404,281,True,1.0,1.0,0.275556,1.0,0.972222,16,0.992,00206.HK,CM-ENERGY,Q_E_NOX_INTENSITY,氮氧化物排放强度,E,True,0,,,0,missing_candidate,extend_extraction_rules,0,possible_total_plus_rmb_revenue_derivation,our main production and operation sites within the reporting scope are as follows: 綠動未來，低碳領航 （續） 排放物與廢棄物 （續） 空氣排放物 （續） 報告期內，我們在報告範圍內的主要生產運營地空 氣排放物如下： Nitrogen oxide 2025 Note 1 2025注1 Sulfur oxide Particulate matter Source Unit 來源 單位 氮氧化物 硫氧化物 顆粒物 Total mobile source emissions kg 748.70 0.97 70.92 流動源排放總計 千克 Gasoline kg 711.80 0.91 67.39 汽油 千克 Diesel kg 36.90 0.06 3.54 柴油 千克 Total fixed source emissions kg 279.66 0.61 21.33 固定源排放總計 千克 Diesel kg 142.73 0.61 17.00 柴油 千克 Propane kg 135.77 / 4.13 丙烷,1,data/text/hkex_reports/00206.HK/2025/annual_report.txt,False
116,inspect_esg_tables,970,81.611111,180,284,104,True,1.0,1.0,0.275556,1.0,0.972222,16,0.992,002074.SZ,国轩高科,Q_E_NOX_INTENSITY,氮氧化物排放强度,E,True,0,,,0,missing_candidate,extend_extraction_rules,0,no_matching_disclosure_in_text,,1,data/text/002074.SZ/2025/annual_report.txt,False
117,inspect_esg_tables,971,81.611111,82,389,307,True,1.0,1.0,0.275556,1.0,0.972222,16,0.992,002128.SZ,电投能源,Q_E_NOX_INTENSITY,氮氧化物排放强度,E,True,0,,,0,missing_candidate,extend_extraction_rules,0,no_matching_disclosure_in_text,,1,data/text/002128.SZ/2025/annual_report.txt,False
118,inspect_esg_tables,972,81.611111,115,223,108,True,1.0,1.0,0.275556,1.0,0.972222,16,0.992,002249.SZ,大洋电机,Q_E_NOX_INTENSITY,氮氧化物排放强度,E,True,0,,,0,missing_candidate,extend_extraction_rules,0,no_matching_disclosure_in_text,,1,data/text/002249.SZ/2025/annual_report.txt,False
119,inspect_esg_tables,973,81.611111,133,305,172,True,1.0,1.0,0.275556,1.0,0.972222,16,0.992,002267.SZ,陕天然气,Q_E_NOX_INTENSITY,氮氧化物排放强度,E,True,0,,,0,missing_candidate,extend_extraction_rules,0,no_matching_disclosure_in_text,,1,data/text/002267.SZ/2025/annual_report.txt,False
120,inspect_esg_tables,974,81.611111,111,320,209,True,1.0,1.0,0.275556,1.0,0.972222,16,0.992,002276.SZ,万马股份,Q_E_NOX_INTENSITY,氮氧化物排放强度,E,True,0,,,0,missing_candidate,extend_extraction_rules,0,no_matching_disclosure_in_text,,1,data/text/002276.SZ/2025/annual_report.txt,False
121,inspect_esg_tables,975,81.611111,157,345,188,True,1.0,1.0,0.275556,1.0,0.972222,16,0.992,00228.HK,CHINA ENERGY,Q_E_NOX_INTENSITY,氮氧化物排放强度,E,True,0,,,0,missing_candidate,extend_extraction_rules,0,possible_total_plus_rmb_revenue_derivation,"of direct air and greenhouse gas emissions from gaseous fuel consumption was mainly from private cars. The air emissions of the private cars included nitrogen oxides (NOX), sulphur oxides (SOX) and respiratory suspended particles (RSP), while the greenhouse gas emissions of the private cars included carbon dioxide (CO2), methane (CH4) and nitrous oxide (N2O). Other major direct greenhouse gas emissions were hydrofluorocarbons (HFC) and perfluorocarbons (PFC), which were resulted from the use of ",2,data/text/hkex_reports/00228.HK/2025/annual_report.txt|data/text/hkex_reports/00228.HK/2025/esg_report.txt,False
122,inspect_esg_tables,976,81.611111,41,307,266,True,1.0,1.0,0.275556,1.0,0.972222,16,0.992,002335.SZ,科华数据,Q_E_NOX_INTENSITY,氮氧化物排放强度,E,True,0,,,0,missing_candidate,extend_extraction_rules,0,no_matching_disclosure_in_text,,1,data/text/002335.SZ/2025/annual_report.txt,False
123,inspect_esg_tables,977,81.611111,103,415,312,True,1.0,1.0,0.275556,1.0,0.972222,16,0.992,002346.SZ,柘中股份,Q_E_NOX_INTENSITY,氮氧化物排放强度,E,True,0,,,0,missing_candidate,extend_extraction_rules,0,no_matching_disclosure_in_text,,1,data/text/002346.SZ/2025/annual_report.txt,False
124,inspect_esg_tables,978,81.611111,162,275,113,True,1.0,1.0,0.275556,1.0,0.972222,16,0.992,002452.SZ,长高电气,Q_E_NOX_INTENSITY,氮氧化物排放强度,E,True,0,,,0,missing_candidate,extend_extraction_rules,0,no_matching_disclosure_in_text,,1,data/text/002452.SZ/2025/annual_report.txt,False
125,inspect_esg_tables,980,81.611111,126,261,135,True,1.0,1.0,0.275556,1.0,0.972222,16,0.992,002479.SZ,富春环保,Q_E_NOX_INTENSITY,氮氧化物排放强度,E,True,0,,,0,missing_candidate,extend_extraction_rules,0,possible_total_plus_rmb_revenue_derivation,浙江富春江环保热电股份有限公司 2025 年年度报告全文 制“热电联产+固废（危废）资源化+环境监测治理”的循环经济模式积聚先发优势，增强 公司抵御市场风险能力。 （二）技术创新、具有超前优势 公司与多家高校合作设立技术研发中心，进行工艺、技术、项目的研发，其中在生产中 对二噁英的防治、二氧化硫、氮氧化物的去除等方面和污泥干化等领域处于国内先进水平。 同时经过多年的研发投入和技术沉淀，公司目前已具备了一定的研发和创新能力。截至报告 期末，公司已经拥有 8 家高新技术企业、1 家国家鼓励发展的重大环保技术装备依托单位、 3 家省级“专精特新”企业、1 家中美政府间合作项目研究基地、1 家省级企业研究院。公 司各项目燃煤锅炉全部实现超净排放，达到行业先进水平，控股子公司研究院成功研制开发 出了国内外首台具有实用意义的二噁英在线快速检测仪器系统。 （三）管理科学、提质增效 公司狠抓制度创新建设，强化管理手段，以 ISO9001 质量管理体系、ISO14001 环境管 理体系为基础，对公司及其下属子公司制度进行新建、优化、梳理等工作，提高制度的科学 性与灵活性，增强员工的积极性与能动性，优化组,1,data/text/002479.SZ/2025/annual_report.txt,False
126,inspect_esg_tables,1126,81.559028,43,399,356,True,1.0,1.0,0.275556,1.0,0.967014,19,0.992,00002.HK,CLP HOLDINGS,Q_E_WATER_INTENSITY,水资源使用强度,E,True,0,,,0,missing_candidate,extend_extraction_rules,0,possible_total_plus_rmb_revenue_derivation,"d will focus on further performance improvements to meet the Group’s more stringent 2030 targets. CLP also fulfilled its 2025 target for cutting freshwater consumption, which dropped 8% from a year earlier as a result of more efficient water use and lower utilisation of coal-fired power plants. Waste products generated decreased 17% year-on-year, as coal-fired plant utilisation dropped and the Group implemented measures based on circular economy principles, such as extending the lifespan of wind",1,data/text/hkex_reports/00002.HK/2025/annual_report.txt,False
127,inspect_esg_tables,1127,81.559028,46,330,284,True,1.0,1.0,0.275556,1.0,0.967014,19,0.992,00003.HK,HK & CHINA GAS,Q_E_WATER_INTENSITY,水资源使用强度,E,True,0,,,0,missing_candidate,extend_extraction_rules,0,possible_total_plus_rmb_revenue_derivation,"(iv) Maintenance and service charges – recognised over time when services are provided. (v) Water sales – recognised at a point in time and based on water consumption primarily derived from meter readings. (vi) Waste treatment sales – recognised at a point in time and based on the actual volume of waste treated. (vii) Renewable energy sales – recognised when control of the energy has transferred to the customers, being at the point the energy is delivered to the customers. (viii) Rental income –",2,data/text/00003.HK/2025/annual_report.txt|data/text/hkex_reports/00003.HK/2025/esg_report.txt,False
128,inspect_esg_tables,1128,81.559028,137,328,191,True,1.0,1.0,0.275556,1.0,0.967014,19,0.992,000037.SZ,深南电A,Q_E_WATER_INTENSITY,水资源使用强度,E,True,0,,,0,missing_candidate,extend_extraction_rules,0,no_matching_disclosure_in_text,,1,data/text/000037.SZ/2025/annual_report.txt,False
129,inspect_esg_tables,1129,81.559028,53,395,342,True,1.0,1.0,0.275556,1.0,0.967014,19,0.992,00006.HK,POWER ASSETS,Q_E_WATER_INTENSITY,水资源使用强度,E,True,0,,,0,missing_candidate,extend_extraction_rules,0,ambiguous_intensity_disclosure,"inished, the expected annual saving is over 26,000 m³ of water, worth about £65,000 Achieved HK Electric Reduce total water consumption of its key office premises by 1% in 2025 as compared to 2020 Reduce total operational electricity consumption and water consumption for power generation at Lamma Power Station both by 7% in 2030 as compared with 20251 In progress, target extended 1 This target replaces the previous water-intensity target to better reflect absolute resource performance across all",2,data/text/hkex_reports/00006.HK/2025/annual_report.txt|data/text/hkex_reports/00006.HK/2025/esg_report.txt,False
130,inspect_esg_tables,1130,81.559028,98,300,202,True,1.0,1.0,0.275556,1.0,0.967014,19,0.992,000096.SZ,广聚能源,Q_E_WATER_INTENSITY,水资源使用强度,E,True,0,,,0,missing_candidate,extend_extraction_rules,0,no_matching_disclosure_in_text,,1,data/text/000096.SZ/2025/annual_report.txt,False
131,inspect_esg_tables,1133,81.559028,169,527,358,True,1.0,1.0,0.275556,1.0,0.967014,19,0.992,000554.SZ,泰山石油,Q_E_WATER_INTENSITY,水资源使用强度,E,True,0,,,0,missing_candidate,extend_extraction_rules,0,possible_total_plus_rmb_revenue_derivation,税务管理办法》等制度，明确各部门税务职责与权限，规范操作流程，确 保税务申报准确及时。 2025 年 8 月 25 日，公司组织相关人员参 加网络安全保障专题工作培训，重点学习 主机溯源工具实操使用方法，同步完成新 上线的网络安全运营指挥系统专项培训， 切实提升相关岗位人员网络安全实操能力 与系统应用水平，进一步夯实公司信息与 网络安全保障工作基础。 强化自查与稽核 定期开展税务与发票自查，及时发现并整改潜在风险，如规范发票管理、按月出具稽核 通报、确保税收优惠适用准确等。 引入专业审计支持 聘请外部税务顾问对所得税等重点税种进行专项审计，提升税务处理规范性。 强税企沟通协作 保持与税务部门的常态沟通，及时了解政策动态与监管重点。 推进税务数字化 引入专业税务软件，开发印花税管理系统，提升小税种管理效率与准确性。 完善内部控制 加强风险内控 2025 年初，公司组织各部门修订并发布《泰山石油内部控制手册》，持续健全内控体系与管理制度机制，通过系统识别并 防范企业发展中的各类风险，保障公司经营管理合法合规、资产安全完整、财务报告及相关信息真实准确，提升经营效率 和效果，有效降低、规避并控,2,data/text/000554.SZ/2025/annual_report.txt|data/text/000554.SZ/2025/esg_report.txt,False
132,inspect_esg_tables,1134,81.559028,158,267,109,True,1.0,1.0,0.275556,1.0,0.967014,19,0.992,000690.SZ,宝新能源,Q_E_WATER_INTENSITY,水资源使用强度,E,True,0,,,0,missing_candidate,extend_extraction_rules,0,possible_total_plus_rmb_revenue_derivation,第 24 页 共 155 页 === PAGE 26 === （1）持续强化公司内部控制，完善管理，规范运作，稳健经营； （2）深入贯彻实施“安全第一 、环保第一”的生产岗位目标责任制，确保公司能源电力 主业投运机组的安全、环保、稳定运营； （3）加大研发力度，加强设备优化升级，提升煤炭清洁高效利用水平，采取多种措施有 效控制原材料及生产成本，保障公司生产需要和经营效益； （4） 全力推进广东陆丰甲湖湾电厂 3、 4 号机组扩建工程 （2×1000MW） 项目的建设工作； 积极推进梅县荷树园电厂 7、8 号（2×1000MW）资源综合利用发电机组扩建工程、广东陆丰 甲湖湾电厂 5-8 号机组扩建工程（4×1000MW）的立项核准申报工作； （5）促进梅州客商银行稳健合规运营； （6）积极探索符合公司高质量发展的新路径。 特别说明：上述经营计划不构成公司对投资者的业绩承诺，投资者及相关人士均应对此 保持足够的风险意识，并且应当理解经营计划与业绩承诺之间的差异。 4.维持公司当前业务并完成在建投资项目所需的资金需求，对公司经营计划涉及的投资 资金的来源、成本及使用情况 为实现经营目标，满足,2,data/text/000690.SZ/2025/annual_report.txt|data/text/000690.SZ/2025/esg_report.txt,False
133,inspect_esg_tables,1136,81.559028,146,434,288,True,1.0,1.0,0.275556,1.0,0.967014,19,0.992,000968.SZ,蓝焰控股,Q_E_WATER_INTENSITY,水资源使用强度,E,True,0,,,0,missing_candidate,extend_extraction_rules,0,possible_total_plus_rmb_revenue_derivation,、运输服务、 房屋租赁 设计、咨询、监理、检测、代管收入 13% 9% 9% 5% 6% 城市维护建设税 按实际缴纳的增值税计缴 5%、7% 企业所得税 按应纳税所得额计缴 15%、25% 132 === PAGE 133 === 山西蓝焰控股股份有限公司 2025 年年度报告全文 水资源税 按取用水量 生活用水/地下水：4 元/立方米； 疏干排水（直排）/地下水：1.2/立方 米； 其他取用水：具体适用税额。 资源税 应税煤层气产品销售额 2% 教育费附加 按实际缴纳的增值税计缴 3% 地方教育费附加 按实际缴纳的增值税计缴 2% 存在不同企业所得税税率纳税主体的，披露情况说明 纳税主体名称 所得税税率 山西蓝焰煤层气集团有限责任公司 15% 山西蓝焰煤层气工程研究有限责任公司 15% 2、税收优惠 1）享受增值税先征后退 根据《财政部国家税务总局关于加快煤层气抽采有关税收政策问题的通知》（财税[2007]16 号），本公 司抽采销售煤层气享受增值税先征后退政策。 2）15％的税率征收企业所得税 子公司山西蓝焰煤层气集团有限责任公司于 2024 年 12 月 6 日取得《高新技术企业,1,data/text/000968.SZ/2025/annual_report.txt,False
134,inspect_esg_tables,1137,81.559028,112,260,148,True,1.0,1.0,0.275556,1.0,0.967014,19,0.992,001258.SZ,立新能源,Q_E_WATER_INTENSITY,水资源使用强度,E,True,0,,,0,missing_candidate,extend_extraction_rules,0,possible_total_plus_rmb_revenue_derivation,价”的红线意识，筑牢安全生产根基，持续巩固本质安全水平。深入实施“一场一策” 精细化管理，因场制宜、分类施策，系统分析发电量提升的关键要素，充分挖掘发电设备利用潜力。面对新能源全面入市 的新形势，精准研判电力交易规则及市场行情变化，动态优化交易策略，提升发电系数和出清电价水平。积极适应新型储 能年利用水平提升的政策导向，探索储能作为调节性电源支撑高比例新能源接入的协同优化运行模式，提升系统调节能力 和运营效益。 3. 研发创新与业态培育 以守正创新为指引，提升研发创新质量和新兴技术应用能力。深化产学研用协同，联合高校院所及战略合作伙伴共同 攻关技术瓶颈，积极参与“十五五”期间沙戈荒大基地运行优化、新能源精准预测、多能互补系统集成等关键技术突破。 积极围绕储能状态预估及 AI 预警、智慧运维等科技创新项目衍生业态，适时注资具有优良前景的主业关联项目，推动产业 链向高附加值环节延伸，培育新的增长极。 4. 政治保障与文化铸魂 坚持党建引领，深入贯彻“两个确立”和“两个维护”，扎实推进新时代党的建设与公司治理深度融合。推动党政工团 协同发力，实现党建工作与业务发展同频共振，将“十五五”碳达峰,1,data/text/001258.SZ/2025/annual_report.txt,False
135,inspect_esg_tables,1138,81.559028,103,248,145,True,1.0,1.0,0.275556,1.0,0.967014,19,0.992,001299.SZ,美能能源,Q_E_WATER_INTENSITY,水资源使用强度,E,True,0,,,0,missing_candidate,extend_extraction_rules,0,possible_total_plus_rmb_revenue_derivation,2021-11-19 7 美能新能源（转移 专利） 一种土壤源热泵节能补热装置 ZL202022917634.7 国家知识产权局 2021-11-12 8 美能工程 一种燃气长输管道施工稳管设 备 ZL202323587650.4 国家知识产权局 2024-10-11 9 美能工程 一种燃气管道施工用水平度探 测装置 ZL202420223993.8 国家知识产权局 2024-10-29 10 美能工程 一种道路施工时植被清除设备 ZL202320884964.1 国家知识产权局 2023-9-19 11 美能工程 一种天然气管道铺设施工定位 装置 ZL202320957110.1 国家知识产权局 2023-9-19 12 美能工程 一种长输天然气管道快速连接 对接装置 ZL202420225821.4 国家知识产权局 2024-8-23 13 美能工程 一种天然气能源管道铺设施工 装置 ZL202323587645.3 国家知识产权局 2024-9-6 14 美能工程 一种燃气管道施工用管道对接 装置 ZL202323587652.3 国家知识产权局 2024-9-17 15 美能工,1,data/text/001299.SZ/2025/annual_report.txt,False
136,inspect_esg_tables,1139,81.559028,140,306,166,True,1.0,1.0,0.275556,1.0,0.967014,19,0.992,00182.HK,CONCORD NE,Q_E_WATER_INTENSITY,水资源使用强度,E,True,0,,,0,missing_candidate,extend_extraction_rules,0,disclosed_non_revenue_denominator,"22 Petrol for Official Vehicles MWh 909.41 2,439.63 1,592.12 Diesel for Official Vehicles MWh 68.90 109.58 35.10 Indirect Energy Consumption MWh 16,469.80 20,501.00 23,105.93 Purchased Electricity MWh 16,469.80 20,501.00 23,105.93 Energy Consumption Intensity kWh/kWh 0.003 0.003 0.003 Water Consumption Tonnes 26,900.09 19,153.87 19,760.71 Water Consumption Intensity Tonnes/million revenue 10.39 6.96 7.77 Notes: 1. Energy consumption is calculated by the data of purchased electricity and fuel wi",2,data/text/hkex_reports/00182.HK/2025/annual_report.txt|data/text/hkex_reports/00182.HK/2025/esg_report.txt,False
137,inspect_esg_tables,1140,81.559028,51,216,165,True,1.0,1.0,0.275556,1.0,0.967014,19,0.992,002028.SZ,思源电气,Q_E_WATER_INTENSITY,水资源使用强度,E,True,0,,,0,missing_candidate,extend_extraction_rules,0,likely_methodology_compatible_rule_gap,".04 8,736.67 302.23 天然气 立方米 2,071,652.76 1,751,091.43 849,510.00 创新引领 品质服务 清洁能源 清洁能源使用总量 兆瓦时 36,635.24 27,673.26 9,488.97 天然气占清洁能源总量的比例 % 61.15 68.43 96.81 光伏发电占清洁能源总量的比例 % 38.85 31.57 3.19 绿色运营 生态保护 水资源 总取水量 吨 458,901.18 366,256.27 270,200.00 单位营收取水强度 吨 / 百万元 21.31 23.69 21.69 总耗水量 吨 7,449.62 1,281.48 1,254.70 以人为本 权益守护 单位营收耗水强度 吨 / 百万元 0.35 0.08 0.10 循环水利用量 吨 16,484.05 7,671.20 8,647.20 水循环利用率 % 3.47 2.05 3.10 践行社会责任 社会绩效 指标 单位 2025 2024 2023 未来展望 创新与研发 研发投入金额 元 1,300,401,224.78 1,110,019,938.",2,data/text/002028.SZ/2025/annual_report.txt|data/text/002028.SZ/2025/esg_report.txt,False
138,inspect_esg_tables,1141,81.559028,9,278,269,True,1.0,1.0,0.275556,1.0,0.967014,19,0.992,002039.SZ,黔源电力,Q_E_WATER_INTENSITY,水资源使用强度,E,True,0,,,0,missing_candidate,extend_extraction_rules,0,no_matching_disclosure_in_text,,1,data/text/002039.SZ/2025/annual_report.txt,False
139,inspect_esg_tables,1142,81.559028,8,409,401,True,1.0,1.0,0.275556,1.0,0.967014,19,0.992,002056.SZ,横店东磁,Q_E_WATER_INTENSITY,水资源使用强度,E,True,0,,,0,missing_candidate,extend_extraction_rules,0,no_matching_disclosure_in_text,,1,data/text/002056.SZ/2025/annual_report.txt,False
140,inspect_esg_tables,1143,81.559028,123,404,281,True,1.0,1.0,0.275556,1.0,0.967014,19,0.992,00206.HK,CM-ENERGY,Q_E_WATER_INTENSITY,水资源使用强度,E,True,0,,,0,missing_candidate,extend_extraction_rules,0,ambiguous_intensity_disclosure,"5 === ENVIRONMENTAL, SOCIAL AND GOVERNANCE REPORT 環境、社會及管治報告 GREEN DRIVES THE FUTURE, LOW-CARBON LEADS THE WAY (Continued) Energy and Resource Management (Continued) Water Resource Management (Continued) The Group has established control targets for water consumption intensity, targeting a 3% year-on-year reduction in 2025 compared to 2024. During the Reporting Period, total water consumption increased, primarily due to the expansion of the disclosure scope with the inclusion of an additional su",1,data/text/hkex_reports/00206.HK/2025/annual_report.txt,False
141,inspect_esg_tables,1144,81.559028,180,284,104,True,1.0,1.0,0.275556,1.0,0.967014,19,0.992,002074.SZ,国轩高科,Q_E_WATER_INTENSITY,水资源使用强度,E,True,0,,,0,missing_candidate,extend_extraction_rules,0,no_matching_disclosure_in_text,,1,data/text/002074.SZ/2025/annual_report.txt,False
142,inspect_esg_tables,1145,81.559028,82,389,307,True,1.0,1.0,0.275556,1.0,0.967014,19,0.992,002128.SZ,电投能源,Q_E_WATER_INTENSITY,水资源使用强度,E,True,0,,,0,missing_candidate,extend_extraction_rules,0,possible_total_plus_rmb_revenue_derivation,"电 投蒙 东能 源集 团有 限责 任公 司扎 哈淖 尔工 业供 水分 公司 北京 中企 时代 科技 有限 公司 霍林 郭勒 分公 司 控股 股东 控制 控股 股东 控制 控股 股东 控制 购买 商品 购买 商品 接受 劳务 固话 费 用、 系统 及服 务器 等设 备移 设等 1.3-8 号机 组供 用水 2.9- 10 号 机组 供用 水 3.水 库水 IT 运 维服 务、 单机 维 护、 煤炭 生产 系统 维 护、 光缆 抢修 等 市场 定价 市场 定价 市场 定价 -- -- -- 1,085 .55 4,183 .29 2,076 .74 0.11% 0.41% 0.20% 内蒙古电投能源股份有限公司 2025 年年度报告全文 公 告》 （公 告编 号： 20250 05） 1,459 .12 否 银行 存款 或承 兑汇 票 -- 2025 年 03 月 26 日 《关 于公 司 2025 年度 日常 关联 交易 预计 情况 公 告》 （公 告编 号： 20250 05） 5,347 .44 否 银行 存款 或承 兑汇 票 -- 2025 年 03 月 26 日 《关 于公 司 ",1,data/text/002128.SZ/2025/annual_report.txt,False
143,inspect_esg_tables,1146,81.559028,115,223,108,True,1.0,1.0,0.275556,1.0,0.967014,19,0.992,002249.SZ,大洋电机,Q_E_WATER_INTENSITY,水资源使用强度,E,True,0,,,0,missing_candidate,extend_extraction_rules,0,no_matching_disclosure_in_text,,1,data/text/002249.SZ/2025/annual_report.txt,False
144,inspect_esg_tables,1147,81.559028,133,305,172,True,1.0,1.0,0.275556,1.0,0.967014,19,0.992,002267.SZ,陕天然气,Q_E_WATER_INTENSITY,水资源使用强度,E,True,0,,,0,missing_candidate,extend_extraction_rules,0,possible_total_plus_rmb_revenue_derivation,据支撑。 基于激光扫描技术及 地下管线探测技术的 站场完整性管理及数 针对站场使用倾斜摄 影、激光扫描、地下探 测等手段，梳理在役站 完成在役输气站场 数字化恢复技术规 范编审，试点站场 通过对在役输气站场 数字化恢复，可解决 在役站场存在的建设 为提高在役站场数字 化恢复及移交效率和 站场数字化应用水 18 === PAGE 19 === 字化恢复的研究 天然气能量计量赋值 平台国产化应用研究 天然气长输管道隧道 本体及管道安全管控 关键技术研发与应用 公司研发人员情况 研发人员数量（人） 研发人员数量占比 陕西省天然气股份有限公司 2025 年年度报告全文 场相关图纸。建立三维 系统在地图中展示管线 走向，建立站场三维模 型，针对站场模型内的 各项阀门、管线等相关 设备设施进行结构化和 非结构化的属性挂接， 对站场三维模型各专业 模块进行整体归纳展 示，有效指导后续工 作。 激光点云扫描、地 下管道探测及 7 座 站场（含试点）倾 斜摄影、数据恢 复、模型建设、数 据绑定及数字化交 付。推进数字化恢 复深度挖掘、模型 精细度优化，推进 三维系统与榆西线 （一期）平台融合 升级，项目,1,data/text/002267.SZ/2025/annual_report.txt,False
145,inspect_esg_tables,1148,81.559028,111,320,209,True,1.0,1.0,0.275556,1.0,0.967014,19,0.992,002276.SZ,万马股份,Q_E_WATER_INTENSITY,水资源使用强度,E,True,0,,,0,missing_candidate,extend_extraction_rules,0,no_matching_disclosure_in_text,,1,data/text/002276.SZ/2025/annual_report.txt,False
146,inspect_esg_tables,1149,81.559028,157,345,188,True,1.0,1.0,0.275556,1.0,0.967014,19,0.992,00228.HK,CHINA ENERGY,Q_E_WATER_INTENSITY,水资源使用强度,E,True,0,,,0,missing_candidate,extend_extraction_rules,0,disclosed_foreign_currency_denominator,"egies on Sustainability Key highlights in 2025 – Total carbon dioxide equivalent emissions decreased from approximately 64,182 kg for the year ended 31 December 2024 to approximately 52,040 kg for the year ended 31 December 2025 – Energy consumption intensity increased marginally from 0.57 kWh/HK$’000 Revenue for the year ended 31 December 2024 to approximately 0.65 kWh/HK$’000 for the year ended 31 December 2025 – Water consumption intensity increased marginally from approximately 0.0004 cubic ",2,data/text/hkex_reports/00228.HK/2025/annual_report.txt|data/text/hkex_reports/00228.HK/2025/esg_report.txt,False
147,inspect_esg_tables,1150,81.559028,41,307,266,True,1.0,1.0,0.275556,1.0,0.967014,19,0.992,002335.SZ,科华数据,Q_E_WATER_INTENSITY,水资源使用强度,E,True,0,,,0,missing_candidate,extend_extraction_rules,0,no_matching_disclosure_in_text,,1,data/text/002335.SZ/2025/annual_report.txt,False
148,inspect_esg_tables,1151,81.559028,103,415,312,True,1.0,1.0,0.275556,1.0,0.967014,19,0.992,002346.SZ,柘中股份,Q_E_WATER_INTENSITY,水资源使用强度,E,True,0,,,0,missing_candidate,extend_extraction_rules,0,no_matching_disclosure_in_text,,1,data/text/002346.SZ/2025/annual_report.txt,False
149,inspect_esg_tables,1152,81.559028,162,275,113,True,1.0,1.0,0.275556,1.0,0.967014,19,0.992,002452.SZ,长高电气,Q_E_WATER_INTENSITY,水资源使用强度,E,True,0,,,0,missing_candidate,extend_extraction_rules,0,no_matching_disclosure_in_text,,1,data/text/002452.SZ/2025/annual_report.txt,False
150,inspect_esg_tables,1154,81.559028,126,261,135,True,1.0,1.0,0.275556,1.0,0.967014,19,0.992,002479.SZ,富春环保,Q_E_WATER_INTENSITY,水资源使用强度,E,True,0,,,0,missing_candidate,extend_extraction_rules,0,no_matching_disclosure_in_text,,1,data/text/002479.SZ/2025/annual_report.txt,False
151,inspect_social_disclosures,1299,81.423611,43,399,356,True,1.0,1.0,0.277778,1.0,0.947917,30,1.0,00002.HK,CLP HOLDINGS,Q_S_SAFETY_INVEST_RATE,安全生产投入占比,S,True,0,,,0,missing_candidate,extend_extraction_rules,0,related_fields_incomplete,,1,data/text/hkex_reports/00002.HK/2025/annual_report.txt,False
152,inspect_social_disclosures,1300,81.423611,46,330,284,True,1.0,1.0,0.277778,1.0,0.947917,30,1.0,00003.HK,HK & CHINA GAS,Q_S_SAFETY_INVEST_RATE,安全生产投入占比,S,True,0,,,0,missing_candidate,extend_extraction_rules,0,related_fields_incomplete,,2,data/text/00003.HK/2025/annual_report.txt|data/text/hkex_reports/00003.HK/2025/esg_report.txt,False
153,inspect_social_disclosures,1301,81.423611,137,328,191,True,1.0,1.0,0.277778,1.0,0.947917,30,1.0,000037.SZ,深南电A,Q_S_SAFETY_INVEST_RATE,安全生产投入占比,S,True,0,,,0,missing_candidate,extend_extraction_rules,0,related_fields_incomplete,,1,data/text/000037.SZ/2025/annual_report.txt,False
154,inspect_social_disclosures,1302,81.423611,53,395,342,True,1.0,1.0,0.277778,1.0,0.947917,30,1.0,00006.HK,POWER ASSETS,Q_S_SAFETY_INVEST_RATE,安全生产投入占比,S,True,0,,,0,missing_candidate,extend_extraction_rules,0,related_fields_incomplete,,2,data/text/hkex_reports/00006.HK/2025/annual_report.txt|data/text/hkex_reports/00006.HK/2025/esg_report.txt,False
155,inspect_social_disclosures,1303,81.423611,98,300,202,True,1.0,1.0,0.277778,1.0,0.947917,30,1.0,000096.SZ,广聚能源,Q_S_SAFETY_INVEST_RATE,安全生产投入占比,S,True,0,,,0,missing_candidate,extend_extraction_rules,0,related_fields_incomplete,,1,data/text/000096.SZ/2025/annual_report.txt,False
156,inspect_social_disclosures,1305,81.423611,169,527,358,True,1.0,1.0,0.277778,1.0,0.947917,30,1.0,000554.SZ,泰山石油,Q_S_SAFETY_INVEST_RATE,安全生产投入占比,S,True,0,,,0,missing_candidate,extend_extraction_rules,0,related_fields_incomplete,,2,data/text/000554.SZ/2025/annual_report.txt|data/text/000554.SZ/2025/esg_report.txt,False
157,inspect_social_disclosures,1306,81.423611,158,267,109,True,1.0,1.0,0.277778,1.0,0.947917,30,1.0,000690.SZ,宝新能源,Q_S_SAFETY_INVEST_RATE,安全生产投入占比,S,True,0,,,0,missing_candidate,extend_extraction_rules,0,related_fields_incomplete,,2,data/text/000690.SZ/2025/annual_report.txt|data/text/000690.SZ/2025/esg_report.txt,False
158,inspect_social_disclosures,1307,81.423611,146,434,288,True,1.0,1.0,0.277778,1.0,0.947917,30,1.0,000968.SZ,蓝焰控股,Q_S_SAFETY_INVEST_RATE,安全生产投入占比,S,True,0,,,0,missing_candidate,extend_extraction_rules,0,related_fields_incomplete,,1,data/text/000968.SZ/2025/annual_report.txt,False
159,inspect_social_disclosures,1308,81.423611,112,260,148,True,1.0,1.0,0.277778,1.0,0.947917,30,1.0,001258.SZ,立新能源,Q_S_SAFETY_INVEST_RATE,安全生产投入占比,S,True,0,,,0,missing_candidate,extend_extraction_rules,0,related_fields_incomplete,,1,data/text/001258.SZ/2025/annual_report.txt,False
160,inspect_social_disclosures,1309,81.423611,103,248,145,True,1.0,1.0,0.277778,1.0,0.947917,30,1.0,001299.SZ,美能能源,Q_S_SAFETY_INVEST_RATE,安全生产投入占比,S,True,0,,,0,missing_candidate,extend_extraction_rules,0,possible_safety_revenue_formula_closure,"营业收入（元） 725,540,857.14 665,208,472.27 9.07% 575,789,775.06 归属于上市公司股东的净 利润（元） 102,487,410.11 87,298,199.69 17.40% 81,810,612.30 归属于上市公司股东的扣 除非经常性损益的净利润 （元） 91,275,529.03 76,633,305.40 19.11% 68,948,478.36 经营活动产生的现金流量 净额（元） 89,146,680.99 99,760,451.85 -10.64% 91,707,217.51 基本每股收益（元/股） 0.43 0.36 19.44% 0.34 稀释每股收益（元/股） 0.43 0.36 19.44% 0.34 加权平均净资产收益率 8.26% 6.71% 1.55% 6.45% 2025 年末 2024 年末 本年末比上年末增减 2023 年末 总资产（元） 1,721,609,985.86 1,766,535,269.86 -2.54% 1,753,659,220.97 归属于上市公司股东的净 资产（元） 1,213,40",1,data/text/001299.SZ/2025/annual_report.txt,False
161,inspect_social_disclosures,1310,81.423611,140,306,166,True,1.0,1.0,0.277778,1.0,0.947917,30,1.0,00182.HK,CONCORD NE,Q_S_SAFETY_INVEST_RATE,安全生产投入占比,S,True,0,,,0,missing_candidate,extend_extraction_rules,0,related_fields_incomplete,,2,data/text/hkex_reports/00182.HK/2025/annual_report.txt|data/text/hkex_reports/00182.HK/2025/esg_report.txt,False
162,inspect_social_disclosures,1311,81.423611,9,278,269,True,1.0,1.0,0.277778,1.0,0.947917,30,1.0,002039.SZ,黔源电力,Q_S_SAFETY_INVEST_RATE,安全生产投入占比,S,True,0,,,0,missing_candidate,extend_extraction_rules,0,related_fields_incomplete,,1,data/text/002039.SZ/2025/annual_report.txt,False
163,inspect_social_disclosures,1312,81.423611,8,409,401,True,1.0,1.0,0.277778,1.0,0.947917,30,1.0,002056.SZ,横店东磁,Q_S_SAFETY_INVEST_RATE,安全生产投入占比,S,True,0,,,0,missing_candidate,extend_extraction_rules,0,related_fields_incomplete,,1,data/text/002056.SZ/2025/annual_report.txt,False
164,inspect_social_disclosures,1313,81.423611,123,404,281,True,1.0,1.0,0.277778,1.0,0.947917,30,1.0,00206.HK,CM-ENERGY,Q_S_SAFETY_INVEST_RATE,安全生产投入占比,S,True,0,,,0,missing_candidate,extend_extraction_rules,0,related_fields_incomplete,,1,data/text/hkex_reports/00206.HK/2025/annual_report.txt,False
165,inspect_social_disclosures,1314,81.423611,180,284,104,True,1.0,1.0,0.277778,1.0,0.947917,30,1.0,002074.SZ,国轩高科,Q_S_SAFETY_INVEST_RATE,安全生产投入占比,S,True,0,,,0,missing_candidate,extend_extraction_rules,0,related_fields_incomplete,,1,data/text/002074.SZ/2025/annual_report.txt,False
166,inspect_social_disclosures,1315,81.423611,82,389,307,True,1.0,1.0,0.277778,1.0,0.947917,30,1.0,002128.SZ,电投能源,Q_S_SAFETY_INVEST_RATE,安全生产投入占比,S,True,0,,,0,missing_candidate,extend_extraction_rules,0,related_fields_incomplete,,1,data/text/002128.SZ/2025/annual_report.txt,False
167,inspect_social_disclosures,1316,81.423611,115,223,108,True,1.0,1.0,0.277778,1.0,0.947917,30,1.0,002249.SZ,大洋电机,Q_S_SAFETY_INVEST_RATE,安全生产投入占比,S,True,0,,,0,missing_candidate,extend_extraction_rules,0,related_fields_incomplete,,1,data/text/002249.SZ/2025/annual_report.txt,False
168,inspect_social_disclosures,1317,81.423611,133,305,172,True,1.0,1.0,0.277778,1.0,0.947917,30,1.0,002267.SZ,陕天然气,Q_S_SAFETY_INVEST_RATE,安全生产投入占比,S,True,0,,,0,missing_candidate,extend_extraction_rules,0,related_fields_incomplete,,1,data/text/002267.SZ/2025/annual_report.txt,False
169,inspect_social_disclosures,1318,81.423611,111,320,209,True,1.0,1.0,0.277778,1.0,0.947917,30,1.0,002276.SZ,万马股份,Q_S_SAFETY_INVEST_RATE,安全生产投入占比,S,True,0,,,0,missing_candidate,extend_extraction_rules,0,related_fields_incomplete,,1,data/text/002276.SZ/2025/annual_report.txt,False
170,inspect_social_disclosures,1319,81.423611,157,345,188,True,1.0,1.0,0.277778,1.0,0.947917,30,1.0,00228.HK,CHINA ENERGY,Q_S_SAFETY_INVEST_RATE,安全生产投入占比,S,True,0,,,0,missing_candidate,extend_extraction_rules,0,related_fields_incomplete,,2,data/text/hkex_reports/00228.HK/2025/annual_report.txt|data/text/hkex_reports/00228.HK/2025/esg_report.txt,False
171,inspect_social_disclosures,1320,81.423611,41,307,266,True,1.0,1.0,0.277778,1.0,0.947917,30,1.0,002335.SZ,科华数据,Q_S_SAFETY_INVEST_RATE,安全生产投入占比,S,True,0,,,0,missing_candidate,extend_extraction_rules,0,related_fields_incomplete,,1,data/text/002335.SZ/2025/annual_report.txt,False
172,inspect_social_disclosures,1321,81.423611,103,415,312,True,1.0,1.0,0.277778,1.0,0.947917,30,1.0,002346.SZ,柘中股份,Q_S_SAFETY_INVEST_RATE,安全生产投入占比,S,True,0,,,0,missing_candidate,extend_extraction_rules,0,related_fields_incomplete,,1,data/text/002346.SZ/2025/annual_report.txt,False
173,inspect_social_disclosures,1322,81.423611,162,275,113,True,1.0,1.0,0.277778,1.0,0.947917,30,1.0,002452.SZ,长高电气,Q_S_SAFETY_INVEST_RATE,安全生产投入占比,S,True,0,,,0,missing_candidate,extend_extraction_rules,0,related_fields_incomplete,,1,data/text/002452.SZ/2025/annual_report.txt,False
174,inspect_social_disclosures,1324,81.423611,126,261,135,True,1.0,1.0,0.277778,1.0,0.947917,30,1.0,002479.SZ,富春环保,Q_S_SAFETY_INVEST_RATE,安全生产投入占比,S,True,0,,,0,missing_candidate,extend_extraction_rules,0,related_fields_incomplete,,1,data/text/002479.SZ/2025/annual_report.txt,False
175,inspect_social_disclosures,1691,77.760417,43,399,356,True,1.0,1.0,0.333333,1.0,0.442708,321,1.2,00002.HK,CLP HOLDINGS,Q_S_RD_RATE,研发费用占比,S,True,0,,,0,missing_candidate,extend_extraction_rules,0,related_fields_incomplete,,1,data/text/hkex_reports/00002.HK/2025/annual_report.txt,False
176,inspect_social_disclosures,1692,77.760417,46,330,284,True,1.0,1.0,0.333333,1.0,0.442708,321,1.2,00003.HK,HK & CHINA GAS,Q_S_RD_RATE,研发费用占比,S,True,0,,,0,missing_candidate,extend_extraction_rules,0,related_fields_incomplete,,2,data/text/00003.HK/2025/annual_report.txt|data/text/hkex_reports/00003.HK/2025/esg_report.txt,False
177,inspect_social_disclosures,1693,77.760417,137,328,191,True,1.0,1.0,0.333333,1.0,0.442708,321,1.2,000037.SZ,深南电A,Q_S_RD_RATE,研发费用占比,S,True,0,,,0,missing_candidate,extend_extraction_rules,0,possible_rd_revenue_formula_closure,"营业收入（元） 401,681,583.10 442,971,955.85 -9.32% 589,780,190.71 归属于上市公司股东 的净利润（元） 161,038,200.40 21,908,828.57 635.04% 4,158,797.10 归属于上市公司股东 的扣除非经常性损益 -80,894,749.49 -87,508,091.57 7.56% -70,789,007.91 的净利润（元） 经营活动产生的现金 流量净额（元） -16,801,521.85 -37,635,766.05 55.36% -100,371,976.92 基本每股收益（元/ 股） 0.2672 0.0363 636.09% 0.0069 稀释每股收益（元/ 股） 0.2672 0.0363 636.09% 0.0069 加权平均净资产收益 率 10.28% 1.49% 增加 8.79 个百分点 0.29% 2025 年末 2024 年末 本年末比上年末增减 2023 年末 总资产（元） 2,313,750,813.45 2,012,736,635.59 14.96% 2,049,365,38",1,data/text/000037.SZ/2025/annual_report.txt,False
178,inspect_social_disclosures,1694,77.760417,53,395,342,True,1.0,1.0,0.333333,1.0,0.442708,321,1.2,00006.HK,POWER ASSETS,Q_S_RD_RATE,研发费用占比,S,True,0,,,0,missing_candidate,extend_extraction_rules,0,related_fields_incomplete,,2,data/text/hkex_reports/00006.HK/2025/annual_report.txt|data/text/hkex_reports/00006.HK/2025/esg_report.txt,False
179,inspect_social_disclosures,1695,77.760417,169,527,358,True,1.0,1.0,0.333333,1.0,0.442708,321,1.2,000554.SZ,泰山石油,Q_S_RD_RATE,研发费用占比,S,True,0,,,0,missing_candidate,extend_extraction_rules,0,possible_rd_revenue_formula_closure,"营业收入（元） 3,166,272,515.22 3,305,615,445.20 -4.22% 3,641,277,758.17 归属于上市公 司股东 的净利润（元） 154,652,880.62 99,329,469.15 55.70% 34,886,564.34 归属于上市公 司股东 的扣除非经常性损益 的净利润（元） 159,988,133.74 108,192,810.61 47.87% 40,179,566.58 经营活动产生的现金 流量净额（元） 123,354,083.26 381,997,790.59 -67.71% 53,866,812.31 基本每股收益（元/ 股） 0.3217 0.2066 55.71% 0.07 稀释每股收益（元/ 股） 0.3217 0.2066 55.71% 0.07 加权平均净资产收益 率 14.22% 9.97% 4.25% 3.70% 2025 年末 2024 年末 本年末比上年末增减 2023 年末 总资产（元） 1,622,811,430.33 1,885,978,423.29 -13.95% 1,793,289,575.32",2,data/text/000554.SZ/2025/annual_report.txt|data/text/000554.SZ/2025/esg_report.txt,False
180,inspect_social_disclosures,1696,77.760417,158,267,109,True,1.0,1.0,0.333333,1.0,0.442708,321,1.2,000690.SZ,宝新能源,Q_S_RD_RATE,研发费用占比,S,True,0,,,0,missing_candidate,extend_extraction_rules,0,possible_rd_revenue_formula_closure,"营业收入 8,633,599,405.13 7,903,721,308.59 9.23% 10,274,802,080.05 归属于上市公司股 东的净利润 1,024,495,080.91 705,541,276.56 45.21% 888,539,014.67 归属于上市公司股 东的扣除非经常性 损益的净利润 1,022,124,361.13 711,826,115.84 43.59% 844,813,174.69 经营活动产生的现 金流量净额 1,773,771,574.39 1,679,376,863.19 5.62% 2,006,962,289.74 加权平均净资产收 益率 8.21% 5.85% 增加 2.36 个百分点 7.59% 每股收益 0.47 0.32 46.88% 0.41 项目 2025 年末 2024 年末 本年末比上年末增减 2023 年末 总资产 21,844,303,267.84 21,198,756,229.99 3.05% 20,807,058,698.46 归属于上市公司股 东的净资产 12,764,974,087.88 12,204,909,55",2,data/text/000690.SZ/2025/annual_report.txt|data/text/000690.SZ/2025/esg_report.txt,False
181,inspect_social_disclosures,1697,77.760417,146,434,288,True,1.0,1.0,0.333333,1.0,0.442708,321,1.2,000968.SZ,蓝焰控股,Q_S_RD_RATE,研发费用占比,S,True,0,,,0,missing_candidate,extend_extraction_rules,0,possible_rd_revenue_formula_closure,"营业收入（元） 2,110,257,922.49 2,265,912,895.69 -6.87% 2,381,454,251.72 归属于上市公司股东 的净利润（元） 334,928,221.30 434,429,403.89 -22.90% 540,209,853.46 归属于上市公司股东 的扣除非经常性损益 的净利润（元） 295,981,771.32 402,066,016.93 -26.38% 508,111,222.64 经营活动产生的现金 流量净额（元） 1,214,784,111.95 1,100,141,202.03 10.42% 1,127,397,791.47 基本每股收益（元/ 股） 0.35 0.45 -22.22% 0.56 稀释每股收益（元/ 股） 0.35 0.45 -22.22% 0.56 8 === PAGE 9 === 山西蓝焰控股股份有限公司 2025 年年度报告全文 加权平均净资产收益 率 5.50% 7.47% -1.97% 9.92% 2025 年末 2024 年末 本年末比上年末增减 2023 年末 总资产（元） 11,044,903,2",1,data/text/000968.SZ/2025/annual_report.txt,False
182,inspect_social_disclosures,1698,77.760417,140,306,166,True,1.0,1.0,0.333333,1.0,0.442708,321,1.2,00182.HK,CONCORD NE,Q_S_RD_RATE,研发费用占比,S,True,0,,,0,missing_candidate,extend_extraction_rules,0,related_fields_incomplete,,2,data/text/hkex_reports/00182.HK/2025/annual_report.txt|data/text/hkex_reports/00182.HK/2025/esg_report.txt,False
183,inspect_social_disclosures,1699,77.760417,51,216,165,True,1.0,1.0,0.333333,1.0,0.442708,321,1.2,002028.SZ,思源电气,Q_S_RD_RATE,研发费用占比,S,True,0,,,0,missing_candidate,extend_extraction_rules,0,possible_rd_revenue_formula_closure,"营业收入（元） 21,539,031,405.33 15,458,068,522.40 39.34% 12,460,028,391.72 归属于上市公司股东的净利润（元） 3,150,142,665.04 2,049,069,550.48 53.74% 1,559,170,409.63 归属于上市公司股东的扣除非经常性 损益的净利润（元） 2,951,560,243.90 1,878,424,783.64 57.13% 1,420,997,954.02 经营活动产生的现金流量净额（元） 2,234,278,513.24 2,462,472,228.64 -9.27% 2,272,114,969.14 基本每股收益（元/股） 4.04 2.64 53.03% 2.02 稀释每股收益（元/股） 4.01 2.64 51.89% 2.02 加权平均净资产收益率 22.63% 18.05% 4.58% 15.90% 2025 年末 2024 年末 本年末比上 年末增减 2023 年末 总资产（元） 29,839,923,865.41 23,473,702,058.27 27.12% 18,73",2,data/text/002028.SZ/2025/annual_report.txt|data/text/002028.SZ/2025/esg_report.txt,False
184,inspect_social_disclosures,1700,77.760417,9,278,269,True,1.0,1.0,0.333333,1.0,0.442708,321,1.2,002039.SZ,黔源电力,Q_S_RD_RATE,研发费用占比,S,True,0,,,0,missing_candidate,extend_extraction_rules,0,possible_rd_revenue_formula_closure,"营业收入（元） 3,285,422,989.95 1,932,832,751.59 69.98% 1,990,382,923.61 归属于上市公司股东 的净利润（元） 600,128,761.60 218,212,297.43 175.02% 264,777,678.08 归属于上市公司股东 的扣除非经常性损益 的净利润（元） 597,828,841.11 236,146,213.18 153.16% 266,929,384.10 经营活动产生的现金 流量净额（元） 2,434,452,414.12 1,257,245,813.58 93.63% 1,806,066,563.07 基本每股收益（元/ 股） 1.4036 0.5104 175.00% 0.6193 稀释每股收益（元/ 股） 1.4036 0.5104 175.00% 0.6193 加权平均净资产收益 率 14.34% 5.65% 8.69% 7.11% 2025 年末 2024 年末 本年末比上年末增减 2023 年末 总资产（元） 15,161,647,449.72 15,563,450,198.12 -2.58% 1",1,data/text/002039.SZ/2025/annual_report.txt,False
185,inspect_social_disclosures,1701,77.760417,8,409,401,True,1.0,1.0,0.333333,1.0,0.442708,321,1.2,002056.SZ,横店东磁,Q_S_RD_RATE,研发费用占比,S,True,0,,,0,missing_candidate,extend_extraction_rules,0,possible_rd_revenue_formula_closure,"营业收入（万元） 2,258,636.69 1,855,857.67 21.70% 1,973,322.17 归属于上市公司股东的净利润（万元） 185,117.95 182,677.36 1.34% 181,841.80 归属于上市公司股东的扣除非经常性损 益的净利润（万元） 176,134.68 167,200.96 5.34% 202,528.89 经营活动产生的现金流量净额（万元） 325,811.15 352,238.04 -7.50% 389,983.29 基本每股收益（元/股） 1.16 1.13 2.65% 1.13 稀释每股收益（元/股） 1.16 1.13 2.65% 1.13 加权平均净资产收益率 17.42% 19.41% 下降 1.99 个百分点 22.07% 2025 年末 2024 年末 本年末比上年末增减 2023 年末 总资产（万元） 2,742,724.08 2,421,154.78 13.28% 2,120,802.34 归属于上市公司股东的净资产（万元） 1,062,791.63 1,008,192.22 5.42% 901,526.20 公司最",1,data/text/002056.SZ/2025/annual_report.txt,False
186,inspect_social_disclosures,1702,77.760417,123,404,281,True,1.0,1.0,0.333333,1.0,0.442708,321,1.2,00206.HK,CM-ENERGY,Q_S_RD_RATE,研发费用占比,S,True,0,,,0,missing_candidate,extend_extraction_rules,0,possible_rd_revenue_formula_closure,"Revenue 收入 135,362 166,773 181,337 113,040 57,027 Cost of sales 銷售成本 (104,024) (125,294) (140,340) (85,294) (36,363) Gross profit 毛利 31,338 41,479 40,997 27,746 20,664 Other revenue and net income (including reversal of impairment losses/provisions) 其他收益及淨收入 （包括減值虧損撥回╱撥備） 2,824 1,475 1,933 6,770 19,548 Selling and distribution expenses 銷售及分銷開支 (3,168) (2,600) (2,496) (2,693) (3,914) General and administrative expenses 一般及行政開支 (25,667) (26,002) (25,454) (21,934) (19,775) Other expenses 其他開支 (314)",1,data/text/hkex_reports/00206.HK/2025/annual_report.txt,False
187,inspect_social_disclosures,1703,77.760417,82,389,307,True,1.0,1.0,0.333333,1.0,0.442708,321,1.2,002128.SZ,电投能源,Q_S_RD_RATE,研发费用占比,S,True,0,,,0,missing_candidate,extend_extraction_rules,0,possible_rd_revenue_formula_closure,"营业收入（元） 30,114,958,327.31 29,859,051,547.04 0.86% 26,845,529,756.25 归属于上市公司股东 的净利润（元） 5,419,089,199.76 5,341,613,309.30 1.45% 4,559,652,079.29 归属于上市公司股东 的扣除非经常性损益 的净利润（元） 5,228,554,069.22 5,097,731,973.72 2.57% 4,337,874,048.59 经营活动产生的现金 流量净额（元） 9,207,479,881.22 7,950,473,863.61 15.81% 6,871,291,630.51 基本每股收益（元/ 股） 2.42 2.38 1.68% 2.11 稀释每股收益（元/ 股） 2.42 2.38 1.68% 2.11 加权平均净资产收益 率 14.94% 16.36% -1.42% 16.24% 2025 年末 2024 年末 本年末比上年末增减 2023 年末 总资产（元） 56,476,465,565.08 51,634,287,255.08 9.38% 48,50",1,data/text/002128.SZ/2025/annual_report.txt,False
188,inspect_social_disclosures,1704,77.760417,133,305,172,True,1.0,1.0,0.333333,1.0,0.442708,321,1.2,002267.SZ,陕天然气,Q_S_RD_RATE,研发费用占比,S,True,0,,,0,missing_candidate,extend_extraction_rules,0,possible_rd_revenue_formula_closure,"营业收入（元） 8,595,287,340.35 9,033,178,190.99 -4.85% 7,813,017,022.92 归属于上市公司股东的 净利润（元） 583,929,118.68 723,965,652.88 -19.34% 544,292,536.02 归属于上市公司股东的 扣除非经常性损益的净 利润（元） 573,244,618.91 591,417,708.67 -3.07% 485,468,438.26 经营活动产生的现金流 量净额（元） 1,296,166,009.75 1,400,636,287.21 -7.46% 869,926,567.53 基本每股收益（元/ 股） 0.5251 0.6510 -19.34% 0.4894 稀释每股收益（元/ 股） 0.5251 0.6510 -19.34% 0.4894 加权平均净资产收益率 9.00% 9.43% 减少 0.43 个百分点 7.27% 2025 年末 2024 年末 本年末比上年末增减 2023 年末 总资产（元） 14,614,047,432.55 14,648,598,698.24 -0.24%",1,data/text/002267.SZ/2025/annual_report.txt,False
189,inspect_social_disclosures,1705,77.760417,157,345,188,True,1.0,1.0,0.333333,1.0,0.442708,321,1.2,00228.HK,CHINA ENERGY,Q_S_RD_RATE,研发费用占比,S,True,0,,,0,missing_candidate,extend_extraction_rules,0,related_fields_incomplete,,2,data/text/hkex_reports/00228.HK/2025/annual_report.txt|data/text/hkex_reports/00228.HK/2025/esg_report.txt,False
190,inspect_social_disclosures,1706,77.760417,41,307,266,True,1.0,1.0,0.333333,1.0,0.442708,321,1.2,002335.SZ,科华数据,Q_S_RD_RATE,研发费用占比,S,True,0,,,0,missing_candidate,extend_extraction_rules,0,possible_rd_revenue_formula_closure,"营业收入（元） 8,160,262,477.61 7,757,187,990.24 5.20% 8,140,961,103.85 归属于上市公司股东 的净利润（元） 417,988,029.54 315,174,942.76 32.62% 507,552,072.78 归属于上市公司股东 的扣除非经常性损益 385,003,993.37 284,544,634.78 35.31% 463,018,399.69 的净利润（元） 经营活动产生的现金 流量净额（元） 1,161,768,304.23 1,511,566,689.82 -23.14% 1,401,699,290.63 基本每股收益（元/ 股） 0.83 0.68 22.06% 1.10 稀释每股收益（元/ 股） 0.83 0.68 22.06% 1.10 加权平均净资产收益 率 7.09% 6.96% 0.13% 12.63% 2025 年末 2024 年末 本年末比上年末增减 2023 年末 总资产（元） 14,104,579,636.53 12,789,367,683.63 10.28% 11,867,813,092.75",1,data/text/002335.SZ/2025/annual_report.txt,False
191,inspect_social_disclosures,1707,77.760417,103,415,312,True,1.0,1.0,0.333333,1.0,0.442708,321,1.2,002346.SZ,柘中股份,Q_S_RD_RATE,研发费用占比,S,True,0,,,0,missing_candidate,extend_extraction_rules,0,possible_rd_revenue_formula_closure,"营业收入（元） 847,619,849.24 969,674,395.36 -12.59% 1,122,937,947.79 归属于上市公司股东 的净利润（元） 425,393,072.97 73,149,334.64 481.54% 297,236,258.83 归属于上市公司股东 的扣除非经常性损益 的净利润（元） 111,956,495.03 184,789,368.71 -39.41% 140,700,714.93 7 === PAGE 8 === 上海柘中集团股份有限公司 2025 年年度报告全文 经营活动产生的现金 流量净额（元） 123,139,359.79 204,078,753.54 -39.66% -7,552,422.82 基本每股收益（元/ 股） 1.01 0.17 494.12% 0.6800 稀释每股收益（元/ 股） 1.00 0.17 488.24% 0.6800 加权平均净资产收益 率 14.72% 2.56% 12.16% 10.56% 2025 年末 2024 年末 本年末比上年末增减 2023 年末 总资产（元） 4,135,785,027.13",1,data/text/002346.SZ/2025/annual_report.txt,False
192,inspect_social_disclosures,1868,76.753472,43,399,356,True,1.0,1.0,0.333333,1.0,0.342014,379,1.2,00002.HK,CLP HOLDINGS,Q_S_DIVIDEND_PER_SHARE,现金分红,S,True,0,,,0,missing_candidate,extend_extraction_rules,0,dividend_disclosed_foreign_currency,Dividend per share Increase / (Decrease) 2025 2024 % For the year (in HK$ million) Earnings Hong Kong energy business,1,data/text/hkex_reports/00002.HK/2025/annual_report.txt,False
193,inspect_social_disclosures,1869,76.753472,46,330,284,True,1.0,1.0,0.333333,1.0,0.342014,379,1.2,00003.HK,HK & CHINA GAS,Q_S_DIVIDEND_PER_SHARE,现金分红,S,True,0,,,0,missing_candidate,extend_extraction_rules,0,no_dividend_per_share_disclosure,,2,data/text/00003.HK/2025/annual_report.txt|data/text/hkex_reports/00003.HK/2025/esg_report.txt,False
194,inspect_social_disclosures,1870,76.753472,53,395,342,True,1.0,1.0,0.333333,1.0,0.342014,379,1.2,00006.HK,POWER ASSETS,Q_S_DIVIDEND_PER_SHARE,现金分红,S,True,0,,,0,missing_candidate,extend_extraction_rules,0,dividend_disclosed_foreign_currency,Dividend per Share Interim: HK$0.78 23 September 2025 Final: HK$2.04 9 June 2026 13 August 2025 18 March 2026 15 May 2,2,data/text/hkex_reports/00006.HK/2025/annual_report.txt|data/text/hkex_reports/00006.HK/2025/esg_report.txt,False
195,inspect_social_disclosures,1871,76.753472,140,306,166,True,1.0,1.0,0.333333,1.0,0.342014,379,1.2,00182.HK,CONCORD NE,Q_S_DIVIDEND_PER_SHARE,现金分红,S,True,0,,,0,missing_candidate,extend_extraction_rules,0,no_dividend_per_share_disclosure,,2,data/text/hkex_reports/00182.HK/2025/annual_report.txt|data/text/hkex_reports/00182.HK/2025/esg_report.txt,False
196,inspect_social_disclosures,1872,76.753472,51,216,165,True,1.0,1.0,0.333333,1.0,0.342014,379,1.2,002028.SZ,思源电气,Q_S_DIVIDEND_PER_SHARE,现金分红,S,True,0,,,0,missing_candidate,extend_extraction_rules,0,no_dividend_per_share_disclosure,,2,data/text/002028.SZ/2025/annual_report.txt|data/text/002028.SZ/2025/esg_report.txt,False
197,inspect_social_disclosures,1873,76.753472,123,404,281,True,1.0,1.0,0.333333,1.0,0.342014,379,1.2,00206.HK,CM-ENERGY,Q_S_DIVIDEND_PER_SHARE,现金分红,S,True,0,,,0,missing_candidate,extend_extraction_rules,0,no_dividend_per_share_disclosure,,1,data/text/hkex_reports/00206.HK/2025/annual_report.txt,False
198,inspect_social_disclosures,1874,76.753472,157,345,188,True,1.0,1.0,0.333333,1.0,0.342014,379,1.2,00228.HK,CHINA ENERGY,Q_S_DIVIDEND_PER_SHARE,现金分红,S,True,0,,,0,missing_candidate,extend_extraction_rules,0,no_dividend_per_share_disclosure,,2,data/text/hkex_reports/00228.HK/2025/annual_report.txt|data/text/hkex_reports/00228.HK/2025/esg_report.txt,False
199,rerun_financial_derivation,2050,75.434028,43,399,356,True,1.0,1.0,0.311111,1.0,0.265625,423,1.12,00002.HK,CLP HOLDINGS,Q_G_DEBT_ASSET_RATE,资产负债率,G,True,0,,,0,missing_candidate,extend_extraction_rules,0,possible_balance_sheet_formula_closure,"total assets as at 31 December 2025. Equity-linked Agreements For the year ended 31 December 2025, the Company did not enter into any equity-linked agreement. Donations Donations by the Group for charitable and other purposes amounted to HK$22,416,000 (2024: HK$6,911,000). Five-year Summary A summary of the results for the year and of the assets and liabilities of the Group as at 31 December 2025 and for the previous four financial years are on page 254. A ten-year summary is on CLP website. Sen",1,data/text/hkex_reports/00002.HK/2025/annual_report.txt,False
200,rerun_financial_derivation,2051,75.434028,46,330,284,True,1.0,1.0,0.311111,1.0,0.265625,423,1.12,00003.HK,HK & CHINA GAS,Q_G_DEBT_ASSET_RATE,资产负债率,G,True,0,,,0,missing_candidate,extend_extraction_rules,0,related_fields_incomplete,,2,data/text/00003.HK/2025/annual_report.txt|data/text/hkex_reports/00003.HK/2025/esg_report.txt,False
201,rerun_financial_derivation,2052,75.434028,53,395,342,True,1.0,1.0,0.311111,1.0,0.265625,423,1.12,00006.HK,POWER ASSETS,Q_G_DEBT_ASSET_RATE,资产负债率,G,True,0,,,0,missing_candidate,extend_extraction_rules,0,related_fields_incomplete,,2,data/text/hkex_reports/00006.HK/2025/annual_report.txt|data/text/hkex_reports/00006.HK/2025/esg_report.txt,False
202,rerun_financial_derivation,2054,75.434028,169,527,358,True,1.0,1.0,0.311111,1.0,0.265625,423,1.12,000554.SZ,泰山石油,Q_G_DEBT_ASSET_RATE,资产负债率,G,True,0,,,0,missing_candidate,extend_extraction_rules,0,possible_balance_sheet_formula_closure,"资产总计 流动负债 ： 短期借款 向中央银行借款 拆入资金 交易性金融负债 衍生金融负债 应付票据 应付账款 预收款项 合同负债 卖出回购金融资产款 吸收存款及同业存放 代理买卖证券款 代理承销证券款 应付职工薪酬 应交税费 其他应付款 其中：应付利息 应付股利 应付手续费及佣金 应付分保账款 持有待售负债 一年内到期的非流动负债 其他流动负债 流动负债合计 中国石化山东泰山石油股份有限公 司 2025 年年度报告全文 47,260,420.24 49,431,845.75 449,508,778.01 455,325,346.19 894,688.87 847,049.32 179,782,127.59 135,696,423.59 229,465,065.88 241,118,745.75 21,714,350.95 22,509,354.10 8,899,073.94 8,200,014.52 62,252,307.82 52,704,531.43 999,776,813.30 965,833,310.65 1,622,811,430.33 1,885,978,423.29 20",2,data/text/000554.SZ/2025/annual_report.txt|data/text/000554.SZ/2025/esg_report.txt,False
203,rerun_financial_derivation,2055,75.434028,158,267,109,True,1.0,1.0,0.311111,1.0,0.265625,423,1.12,000690.SZ,宝新能源,Q_G_DEBT_ASSET_RATE,资产负债率,G,True,0,,,0,missing_candidate,extend_extraction_rules,0,possible_balance_sheet_formula_closure,"资产总计 负债和所有者权益 附注五 流动负债： 短期借款 （二十二） 交易性金融负债 衍生金融负债 应付票据 （二十三） 应付账款 （二十四） 预收款项 合同负债 卖出回购金融资产款 吸收存款及同业存放 代理买卖证券款 代理承销证券款 应付职工薪酬 （二十五） 应交税费 （二十六） 其他应付款 （二十七） 应付手续费及佣金 应付分保账款 持有待售负债 一年内到期的非流动负债 （二十八） 其他流动负债 流动负债合计 非流动负债： 保险合同准备金 长期借款 （二十九） 应付债券 其中：优先股 永续债 租赁负债 （三十） 长期应付款 （三十一） 长期应付职工薪酬 预计负债 递延收益 （三十二） 递延所得税负债 其他非流动负债 非流动负债合计 负债合计 所有者权益： 股本 （三十三） 其他权益工具 第 59 页 共 155 页 35,215,639.29 605,339,184.44 15,168,052,195.01 21,844,303,267.84 期末余额 1,248,480,160.88 65,640,000.00 420,189,903.23 84,202,136.07 133,3",2,data/text/000690.SZ/2025/annual_report.txt|data/text/000690.SZ/2025/esg_report.txt,False
204,rerun_financial_derivation,2056,75.434028,51,216,165,True,1.0,1.0,0.311111,1.0,0.265625,423,1.12,002028.SZ,思源电气,Q_G_DEBT_ASSET_RATE,资产负债率,G,True,0,,,0,missing_candidate,extend_extraction_rules,0,related_fields_incomplete,,2,data/text/002028.SZ/2025/annual_report.txt|data/text/002028.SZ/2025/esg_report.txt,False
205,rerun_financial_derivation,2057,75.434028,8,409,401,True,1.0,1.0,0.311111,1.0,0.265625,423,1.12,002056.SZ,横店东磁,Q_G_DEBT_ASSET_RATE,资产负债率,G,True,0,,,0,missing_candidate,extend_extraction_rules,0,possible_balance_sheet_formula_closure,"资产总计 流动负债： 短期借款 向中央银行借款 拆入资金 交易性金融负债 衍生金融负债 应付票据 应付账款 预收款项 合同负债 卖出回购金融资产款 吸收存款及同业存放 代理买卖证券款 代理承销证券款 应付职工薪酬 应交税费 其他应付款 其中：应付利息 应付股利 应付手续费及佣金 应付分保账款 持有待售负债 一年内到期的非流动负债 其他流动负债 流动负债合计 非流动负债： 保险合同准备金 横店集团东磁股份有限公司 2025 年年度报告全文 5,720,138,504.97 6,166,009,694.32 250,260,520.72 361,399,994.68 979,097,122.91 268,734,946.43 532,286,516.75 571,276,595.70 1.00 1.00 15,301,561.09 1,285,709.58 38,631,416.17 4,614,152.10 629,371.45 391,718.14 7,868,981,753.25 7,638,975,321.95 27,427,240,826.68 24,211,547,828.17",1,data/text/002056.SZ/2025/annual_report.txt,False
206,rerun_financial_derivation,2058,75.434028,123,404,281,True,1.0,1.0,0.311111,1.0,0.265625,423,1.12,00206.HK,CM-ENERGY,Q_G_DEBT_ASSET_RATE,资产负债率,G,True,0,,,0,missing_candidate,extend_extraction_rules,0,possible_balance_sheet_formula_closure,"Total assets 總資產 334,957 310,370 326,301 278,674 229,897 Total liabilities 總負債 (151,600) (131,123) (150,477) (109,648) (81,319) Net assets 資產淨值 183,357 179,247 175,824 169,026 148,578 Notes: 附註： 1. The summary of consolidated results of the Group includes the results of the Company and its subsidiaries as if the current Group structure had been in existence throughout the financial periods, or from the respective dates of the incorporation where this is a shorter period. The consolidated results",1,data/text/hkex_reports/00206.HK/2025/annual_report.txt,False
207,rerun_financial_derivation,2059,75.434028,82,389,307,True,1.0,1.0,0.311111,1.0,0.265625,423,1.12,002128.SZ,电投能源,Q_G_DEBT_ASSET_RATE,资产负债率,G,True,0,,,0,missing_candidate,extend_extraction_rules,0,possible_balance_sheet_formula_closure,"资产总计 流动负债： 短期借款 向中央银行借款 拆入资金 交易性金融负债 衍生金融负债 应付票据 应付账款 预收款项 合同负债 卖出回购金融资产款 吸收存款及同业存放 代理买卖证券款 代理承销证券款 应付职工薪酬 应交税费 内蒙古电投能源股份有限公司 2025 年年度报告全文 648,011,301.34 480,796,808.01 8,899,143,872.38 9,178,236,251.39 1,239,727,068.93 1,146,564,856.34 70,828,000.00 98,884,000.00 25,886,713.21 25,520,584.44 31,166,603,675.36 30,692,128,437.06 7,401,154,280.96 2,999,048,734.91 398,425,747.42 358,723,003.15 4,932,718,875.81 4,878,083,653.34 0.00 52,584,905.65 185,828,911.21 185,828,911.21 470,208,931.67 500,766,6",1,data/text/002128.SZ/2025/annual_report.txt,False
208,rerun_financial_derivation,2060,75.434028,157,345,188,True,1.0,1.0,0.311111,1.0,0.265625,423,1.12,00228.HK,CHINA ENERGY,Q_G_DEBT_ASSET_RATE,资产负债率,G,True,0,,,0,missing_candidate,extend_extraction_rules,0,possible_balance_sheet_formula_closure,"total liabilities to total assets of the Group was approximately 18.0% (2024: 21.1%). As at 31 December 2025, the convertible notes due in 2041 has an outstanding principal amount of HK$232,790,000. These convertible notes do not carry any interest, but carry the right to convert the principal amount into ordinary shares of the Company. The conversion price is HK$6.72 per share (subject to adjustments) and a maximum number of 34,641,369 shares may be allotted and issued upon exercise of the conv",2,data/text/hkex_reports/00228.HK/2025/annual_report.txt|data/text/hkex_reports/00228.HK/2025/esg_report.txt,False
209,rerun_financial_derivation,2061,75.434028,103,415,312,True,1.0,1.0,0.311111,1.0,0.265625,423,1.12,002346.SZ,柘中股份,Q_G_DEBT_ASSET_RATE,资产负债率,G,True,0,,,0,missing_candidate,extend_extraction_rules,0,possible_balance_sheet_formula_closure,"资产总计 流动负债： 短期借款 向中央银行借款 拆入资金 交易性金融负债 衍生金融负债 应付票据 应付账款 预收款项 合同负债 卖出回购金融资产款 吸收存款及同业存放 代理买卖证券款 代理承销证券款 应付职工薪酬 应交税费 上海柘中集团股份有限公司 2025 年年度报告全文 2,128,291.61 3,917,179.63 963,358,723.41 855,803,423.80 302,675,780.62 513,251,761.15 2,494,749,442.12 2,206,576,911.62 60,459,071.12 64,142,790.32 158,794,347.29 175,722,497.30 96,097,888.74 92,105,689.21 39,860,576.45 38,463,806.47 19,789,197.38 18,792,051.36 820,000.00 3,172,426,303.72 3,109,875,507.43 4,135,785,027.13 3,965,678,931.23 1,000,000.00 30,019,6",1,data/text/002346.SZ/2025/annual_report.txt,False
210,inspect_esg_tables,2375,72.100694,137,328,191,True,1.0,1.0,0.5,0.0,0.960069,23,1.8,000037.SZ,深南电A,Q_E_GHG_REDUCTION_RATE,温室气体减排率,E,False,0,,,0,missing_candidate,extend_extraction_rules,2,related_fields_incomplete,,1,data/text/000037.SZ/2025/annual_report.txt,False
211,inspect_esg_tables,2377,72.100694,98,300,202,True,1.0,1.0,0.5,0.0,0.960069,23,1.8,000096.SZ,广聚能源,Q_E_GHG_REDUCTION_RATE,温室气体减排率,E,False,0,,,0,missing_candidate,extend_extraction_rules,2,related_fields_incomplete,,1,data/text/000096.SZ/2025/annual_report.txt,False
212,inspect_esg_tables,2380,72.100694,158,267,109,True,1.0,1.0,0.5,0.0,0.960069,23,1.8,000690.SZ,宝新能源,Q_E_GHG_REDUCTION_RATE,温室气体减排率,E,False,0,,,0,missing_candidate,extend_extraction_rules,2,related_fields_incomplete,,2,data/text/000690.SZ/2025/annual_report.txt|data/text/000690.SZ/2025/esg_report.txt,False
213,inspect_esg_tables,2382,72.100694,146,434,288,True,1.0,1.0,0.5,0.0,0.960069,23,1.8,000968.SZ,蓝焰控股,Q_E_GHG_REDUCTION_RATE,温室气体减排率,E,False,0,,,0,missing_candidate,extend_extraction_rules,2,possible_two_year_ghg_formula_closure,"2025 年 9 月 7 日。 六、主要会计数据和财务指标 公司是否需追溯调整或重述以前年度会计数据 □是 否 2025 年 2024 年 本年比上年增减 2023 年 营业收入（元） 2,110,257,922.49 2,265,912,895.69 -6.87% 2,381,454,251.72 归属于上市公司股东 的净利润（元） 334,928,221.30 434,429,403.89 -22.90% 540,209,853.46 归属于上市公司股东 的扣除非经常性损益 的净利润（元） 295,981,771.32 402,066,016.93 -26.38% 508,111,222.64 经营活动产生的现金 流量净额（元） 1,214,784,111.95 1,100,141,202.03 10.42% 1,127,397,791.47 基本每股收益（元/ 股） 0.35 0.45 -22.22% 0.56 稀释每股收益（元/ 股） 0.35 0.45 -22.22% 0.56 8 === PAGE 9 === 山西蓝焰控股股份有限公司 2025 年年度报告全文 加权平均",1,data/text/000968.SZ/2025/annual_report.txt,False
214,inspect_esg_tables,2383,72.100694,112,260,148,True,1.0,1.0,0.5,0.0,0.960069,23,1.8,001258.SZ,立新能源,Q_E_GHG_REDUCTION_RATE,温室气体减排率,E,False,0,,,0,missing_candidate,extend_extraction_rules,2,related_fields_incomplete,,1,data/text/001258.SZ/2025/annual_report.txt,False
215,inspect_esg_tables,2384,72.100694,103,248,145,True,1.0,1.0,0.5,0.0,0.960069,23,1.8,001299.SZ,美能能源,Q_E_GHG_REDUCTION_RATE,温室气体减排率,E,False,0,,,0,missing_candidate,extend_extraction_rules,2,related_fields_incomplete,,1,data/text/001299.SZ/2025/annual_report.txt,False
216,inspect_esg_tables,2385,72.100694,140,306,166,True,1.0,1.0,0.5,0.0,0.960069,23,1.8,00182.HK,CONCORD NE,Q_E_GHG_REDUCTION_RATE,温室气体减排率,E,False,0,,,0,missing_candidate,extend_extraction_rules,2,possible_two_year_ghg_formula_closure,"2025, placing our operations under exceptionally severe pressure. As early as the first half of 2024, we had already identified changes emerging in the industry and taken a number of measures. However, we were still slow to react to the drastic changes in China’s industry policies in 2025. By mid- 2025, we made the resolute decision to pivot our development strategy, placing greater emphasis on “increasing assets with high earnings certainty”, streamlining our business portfolio and workforce, i",2,data/text/hkex_reports/00182.HK/2025/annual_report.txt|data/text/hkex_reports/00182.HK/2025/esg_report.txt,False
217,inspect_esg_tables,2386,72.100694,51,216,165,True,1.0,1.0,0.5,0.0,0.960069,23,1.8,002028.SZ,思源电气,Q_E_GHG_REDUCTION_RATE,温室气体减排率,E,False,0,,,0,missing_candidate,extend_extraction_rules,2,possible_two_year_ghg_formula_closure,"2025 年年度报告全文 第二节 公司简介和主要财务指标 六、主要会计数据和财务指标 公司是否需追溯调整或重述以前年度会计数据 □是 否 2025 年 2024 年 本年比上年 增减 2023 年 营业收入（元） 21,539,031,405.33 15,458,068,522.40 39.34% 12,460,028,391.72 归属于上市公司股东的净利润（元） 3,150,142,665.04 2,049,069,550.48 53.74% 1,559,170,409.63 归属于上市公司股东的扣除非经常性 损益的净利润（元） 2,951,560,243.90 1,878,424,783.64 57.13% 1,420,997,954.02 经营活动产生的现金流量净额（元） 2,234,278,513.24 2,462,472,228.64 -9.27% 2,272,114,969.14 基本每股收益（元/股） 4.04 2.64 53.03% 2.02 稀释每股收益（元/股） 4.01 2.64 51.89% 2.02 加权平均净资产收益率 22.63% 18.05% 4.5",2,data/text/002028.SZ/2025/annual_report.txt|data/text/002028.SZ/2025/esg_report.txt,False
218,inspect_esg_tables,2387,72.100694,9,278,269,True,1.0,1.0,0.5,0.0,0.960069,23,1.8,002039.SZ,黔源电力,Q_E_GHG_REDUCTION_RATE,温室气体减排率,E,False,0,,,0,missing_candidate,extend_extraction_rules,2,related_fields_incomplete,,1,data/text/002039.SZ/2025/annual_report.txt,False
219,inspect_esg_tables,2388,72.100694,8,409,401,True,1.0,1.0,0.5,0.0,0.960069,23,1.8,002056.SZ,横店东磁,Q_E_GHG_REDUCTION_RATE,温室气体减排率,E,False,0,,,0,missing_candidate,extend_extraction_rules,2,related_fields_incomplete,,1,data/text/002056.SZ/2025/annual_report.txt,False
220,inspect_esg_tables,2390,72.100694,180,284,104,True,1.0,1.0,0.5,0.0,0.960069,23,1.8,002074.SZ,国轩高科,Q_E_GHG_REDUCTION_RATE,温室气体减排率,E,False,0,,,0,missing_candidate,extend_extraction_rules,2,related_fields_incomplete,,1,data/text/002074.SZ/2025/annual_report.txt,False
221,inspect_esg_tables,2391,72.100694,82,389,307,True,1.0,1.0,0.5,0.0,0.960069,23,1.8,002128.SZ,电投能源,Q_E_GHG_REDUCTION_RATE,温室气体减排率,E,False,0,,,0,missing_candidate,extend_extraction_rules,2,related_fields_incomplete,,1,data/text/002128.SZ/2025/annual_report.txt,False
222,inspect_esg_tables,2392,72.100694,115,223,108,True,1.0,1.0,0.5,0.0,0.960069,23,1.8,002249.SZ,大洋电机,Q_E_GHG_REDUCTION_RATE,温室气体减排率,E,False,0,,,0,missing_candidate,extend_extraction_rules,2,related_fields_incomplete,,1,data/text/002249.SZ/2025/annual_report.txt,False
223,inspect_esg_tables,2393,72.100694,133,305,172,True,1.0,1.0,0.5,0.0,0.960069,23,1.8,002267.SZ,陕天然气,Q_E_GHG_REDUCTION_RATE,温室气体减排率,E,False,0,,,0,missing_candidate,extend_extraction_rules,2,related_fields_incomplete,,1,data/text/002267.SZ/2025/annual_report.txt,False
224,inspect_esg_tables,2394,72.100694,111,320,209,True,1.0,1.0,0.5,0.0,0.960069,23,1.8,002276.SZ,万马股份,Q_E_GHG_REDUCTION_RATE,温室气体减排率,E,False,0,,,0,missing_candidate,extend_extraction_rules,2,related_fields_incomplete,,1,data/text/002276.SZ/2025/annual_report.txt,False
225,inspect_esg_tables,2396,72.100694,41,307,266,True,1.0,1.0,0.5,0.0,0.960069,23,1.8,002335.SZ,科华数据,Q_E_GHG_REDUCTION_RATE,温室气体减排率,E,False,0,,,0,missing_candidate,extend_extraction_rules,2,related_fields_incomplete,,1,data/text/002335.SZ/2025/annual_report.txt,False
226,inspect_esg_tables,2397,72.100694,103,415,312,True,1.0,1.0,0.5,0.0,0.960069,23,1.8,002346.SZ,柘中股份,Q_E_GHG_REDUCTION_RATE,温室气体减排率,E,False,0,,,0,missing_candidate,extend_extraction_rules,2,related_fields_incomplete,,1,data/text/002346.SZ/2025/annual_report.txt,False
227,inspect_esg_tables,2398,72.100694,162,275,113,True,1.0,1.0,0.5,0.0,0.960069,23,1.8,002452.SZ,长高电气,Q_E_GHG_REDUCTION_RATE,温室气体减排率,E,False,0,,,0,missing_candidate,extend_extraction_rules,2,related_fields_incomplete,,1,data/text/002452.SZ/2025/annual_report.txt,False
228,inspect_esg_tables,2400,72.100694,126,261,135,True,1.0,1.0,0.5,0.0,0.960069,23,1.8,002479.SZ,富春环保,Q_E_GHG_REDUCTION_RATE,温室气体减排率,E,False,0,,,0,missing_candidate,extend_extraction_rules,2,related_fields_incomplete,,1,data/text/002479.SZ/2025/annual_report.txt,False
229,inspect_esg_tables,2665,70.420139,137,328,191,True,1.0,1.0,0.424444,0.0,0.980903,11,1.528,000037.SZ,深南电A,Q_E_HAZ_WASTE_INTENSITY,危险固体废物排放强度,E,False,0,,,0,missing_candidate,extend_extraction_rules,2,related_fields_incomplete,,1,data/text/000037.SZ/2025/annual_report.txt,False
230,inspect_esg_tables,2667,70.420139,98,300,202,True,1.0,1.0,0.424444,0.0,0.980903,11,1.528,000096.SZ,广聚能源,Q_E_HAZ_WASTE_INTENSITY,危险固体废物排放强度,E,False,0,,,0,missing_candidate,extend_extraction_rules,2,related_fields_incomplete,,1,data/text/000096.SZ/2025/annual_report.txt,False
231,inspect_esg_tables,2670,70.420139,169,527,358,True,1.0,1.0,0.424444,0.0,0.980903,11,1.528,000554.SZ,泰山石油,Q_E_HAZ_WASTE_INTENSITY,危险固体废物排放强度,E,False,0,,,0,missing_candidate,extend_extraction_rules,2,related_fields_incomplete,,2,data/text/000554.SZ/2025/annual_report.txt|data/text/000554.SZ/2025/esg_report.txt,False
232,inspect_esg_tables,2673,70.420139,146,434,288,True,1.0,1.0,0.424444,0.0,0.980903,11,1.528,000968.SZ,蓝焰控股,Q_E_HAZ_WASTE_INTENSITY,危险固体废物排放强度,E,False,0,,,0,missing_candidate,extend_extraction_rules,2,related_fields_incomplete,,1,data/text/000968.SZ/2025/annual_report.txt,False
233,inspect_esg_tables,2674,70.420139,112,260,148,True,1.0,1.0,0.424444,0.0,0.980903,11,1.528,001258.SZ,立新能源,Q_E_HAZ_WASTE_INTENSITY,危险固体废物排放强度,E,False,0,,,0,missing_candidate,extend_extraction_rules,2,related_fields_incomplete,,1,data/text/001258.SZ/2025/annual_report.txt,False
234,inspect_esg_tables,2675,70.420139,103,248,145,True,1.0,1.0,0.424444,0.0,0.980903,11,1.528,001299.SZ,美能能源,Q_E_HAZ_WASTE_INTENSITY,危险固体废物排放强度,E,False,0,,,0,missing_candidate,extend_extraction_rules,2,related_fields_incomplete,,1,data/text/001299.SZ/2025/annual_report.txt,False
235,inspect_esg_tables,2678,70.420139,9,278,269,True,1.0,1.0,0.424444,0.0,0.980903,11,1.528,002039.SZ,黔源电力,Q_E_HAZ_WASTE_INTENSITY,危险固体废物排放强度,E,False,0,,,0,missing_candidate,extend_extraction_rules,2,related_fields_incomplete,,1,data/text/002039.SZ/2025/annual_report.txt,False
236,inspect_esg_tables,2681,70.420139,180,284,104,True,1.0,1.0,0.424444,0.0,0.980903,11,1.528,002074.SZ,国轩高科,Q_E_HAZ_WASTE_INTENSITY,危险固体废物排放强度,E,False,0,,,0,missing_candidate,extend_extraction_rules,2,related_fields_incomplete,,1,data/text/002074.SZ/2025/annual_report.txt,False
237,inspect_esg_tables,2683,70.420139,115,223,108,True,1.0,1.0,0.424444,0.0,0.980903,11,1.528,002249.SZ,大洋电机,Q_E_HAZ_WASTE_INTENSITY,危险固体废物排放强度,E,False,0,,,0,missing_candidate,extend_extraction_rules,2,related_fields_incomplete,,1,data/text/002249.SZ/2025/annual_report.txt,False
238,inspect_esg_tables,2684,70.420139,133,305,172,True,1.0,1.0,0.424444,0.0,0.980903,11,1.528,002267.SZ,陕天然气,Q_E_HAZ_WASTE_INTENSITY,危险固体废物排放强度,E,False,0,,,0,missing_candidate,extend_extraction_rules,2,related_fields_incomplete,,1,data/text/002267.SZ/2025/annual_report.txt,False
239,inspect_esg_tables,2685,70.420139,111,320,209,True,1.0,1.0,0.424444,0.0,0.980903,11,1.528,002276.SZ,万马股份,Q_E_HAZ_WASTE_INTENSITY,危险固体废物排放强度,E,False,0,,,0,missing_candidate,extend_extraction_rules,2,related_fields_incomplete,,1,data/text/002276.SZ/2025/annual_report.txt,False
240,inspect_esg_tables,2687,70.420139,41,307,266,True,1.0,1.0,0.424444,0.0,0.980903,11,1.528,002335.SZ,科华数据,Q_E_HAZ_WASTE_INTENSITY,危险固体废物排放强度,E,False,0,,,0,missing_candidate,extend_extraction_rules,2,related_fields_incomplete,,1,data/text/002335.SZ/2025/annual_report.txt,False
241,inspect_esg_tables,2689,70.420139,162,275,113,True,1.0,1.0,0.424444,0.0,0.980903,11,1.528,002452.SZ,长高电气,Q_E_HAZ_WASTE_INTENSITY,危险固体废物排放强度,E,False,0,,,0,missing_candidate,extend_extraction_rules,2,related_fields_incomplete,,1,data/text/002452.SZ/2025/annual_report.txt,False
242,inspect_esg_tables,2691,70.420139,126,261,135,True,1.0,1.0,0.424444,0.0,0.980903,11,1.528,002479.SZ,富春环保,Q_E_HAZ_WASTE_INTENSITY,危险固体废物排放强度,E,False,0,,,0,missing_candidate,extend_extraction_rules,2,related_fields_incomplete,,1,data/text/002479.SZ/2025/annual_report.txt,False
243,inspect_esg_tables,3183,67.065972,98,300,202,True,1.0,1.0,0.283333,0.0,0.998264,1,1.02,000096.SZ,广聚能源,Q_E_CLEAN_ENERGY_INTENSITY,绿色/可再生/清洁能源生产/使用强度,E,False,0,,,0,missing_candidate,extend_extraction_rules,2,related_fields_incomplete,,1,data/text/000096.SZ/2025/annual_report.txt,False
244,inspect_esg_tables,3190,67.065972,112,260,148,True,1.0,1.0,0.283333,0.0,0.998264,1,1.02,001258.SZ,立新能源,Q_E_CLEAN_ENERGY_INTENSITY,绿色/可再生/清洁能源生产/使用强度,E,False,0,,,0,missing_candidate,extend_extraction_rules,2,related_fields_incomplete,,1,data/text/001258.SZ/2025/annual_report.txt,False
245,inspect_esg_tables,3191,67.065972,103,248,145,True,1.0,1.0,0.283333,0.0,0.998264,1,1.02,001299.SZ,美能能源,Q_E_CLEAN_ENERGY_INTENSITY,绿色/可再生/清洁能源生产/使用强度,E,False,0,,,0,missing_candidate,extend_extraction_rules,2,related_fields_incomplete,,1,data/text/001299.SZ/2025/annual_report.txt,False
246,inspect_esg_tables,3197,67.065972,180,284,104,True,1.0,1.0,0.283333,0.0,0.998264,1,1.02,002074.SZ,国轩高科,Q_E_CLEAN_ENERGY_INTENSITY,绿色/可再生/清洁能源生产/使用强度,E,False,0,,,0,missing_candidate,extend_extraction_rules,2,related_fields_incomplete,,1,data/text/002074.SZ/2025/annual_report.txt,False
247,inspect_esg_tables,3199,67.065972,115,223,108,True,1.0,1.0,0.283333,0.0,0.998264,1,1.02,002249.SZ,大洋电机,Q_E_CLEAN_ENERGY_INTENSITY,绿色/可再生/清洁能源生产/使用强度,E,False,0,,,0,missing_candidate,extend_extraction_rules,2,related_fields_incomplete,,1,data/text/002249.SZ/2025/annual_report.txt,False
248,inspect_esg_tables,3201,67.065972,111,320,209,True,1.0,1.0,0.283333,0.0,0.998264,1,1.02,002276.SZ,万马股份,Q_E_CLEAN_ENERGY_INTENSITY,绿色/可再生/清洁能源生产/使用强度,E,False,0,,,0,missing_candidate,extend_extraction_rules,2,related_fields_incomplete,,1,data/text/002276.SZ/2025/annual_report.txt,False
249,inspect_esg_tables,3205,67.065972,162,275,113,True,1.0,1.0,0.283333,0.0,0.998264,1,1.02,002452.SZ,长高电气,Q_E_CLEAN_ENERGY_INTENSITY,绿色/可再生/清洁能源生产/使用强度,E,False,0,,,0,missing_candidate,extend_extraction_rules,2,related_fields_incomplete,,1,data/text/002452.SZ/2025/annual_report.txt,False
250,inspect_esg_tables,3207,67.065972,126,261,135,True,1.0,1.0,0.283333,0.0,0.998264,1,1.02,002479.SZ,富春环保,Q_E_CLEAN_ENERGY_INTENSITY,绿色/可再生/清洁能源生产/使用强度,E,False,0,,,0,missing_candidate,extend_extraction_rules,2,related_fields_incomplete,,1,data/text/002479.SZ/2025/annual_report.txt,False
