batch_task_rank,batch_action,impact_rank,impact_score,best_rank,worst_rank,rank_span,crosses_top_n,boundary_risk,instability_risk,weight_risk,key_indicator_risk,population_scarcity_risk,indicator_population,neutral_vs_zero_total_score_delta,company_code,company_name,indicator_code,indicator_name,dimension,key_indicator,candidate_count,report_years,source_pages,max_confidence,status,next_action,priority,diagnostic_category,diagnostic_excerpt,text_file_count,diagnostic_text_files,scoring_authorized
1,inspect_esg_tables,1,99.322917,70,219,149,True,1.0,1.0,1.0,1.0,0.932292,39,3.6,00002.HK,CLP HOLDINGS,Q_E_GHG_INTENSITY,温室气体排放强度,E,True,0,,,0,missing_candidate,extend_extraction_rules,0,disclosed_non_revenue_denominator,"in progress 2024 : >30 2,565 EV chargers under management4 2024 : 1,496 30,546RT* Total cooling capacity under CaaS5 2024 : 18,811RT* * refrigeration tonnes 12,133kWp# Total solar capacity under SaaS5 2024 : 8,311kWp# # kilowatt peak 0.50kg CO2e/kWh Greenhouse gas emissions intensity 2024 : 0.53kg CO2e/kWh 71% Operating earnings from non-carbon generation assets, transmission, distribution and retail operations 2024 : 68% 77% Planned capital investments in non-carbon generation assets, transmiss",1,data/text/hkex_reports/00002.HK/2025/annual_report.txt,False
2,inspect_esg_tables,2,99.322917,48,355,307,True,1.0,1.0,1.0,1.0,0.932292,39,3.6,00003.HK,HK & CHINA GAS,Q_E_GHG_INTENSITY,温室气体排放强度,E,True,0,,,0,missing_candidate,extend_extraction_rules,0,disclosed_non_revenue_denominator,"r discharged - to marine water bodies (treated) (Hong Kong) Air Emissions NOx and SOx emissions (Hong Kong and Outside Hong Kong) Respirable suspended particulates (PM10) (Outside Hong Kong) Fuel Mix Natural gas, Naphtha and Landfill gas (Hong Kong) Greenhouse Gas (""GHG"") Emissions Direct GHG emissions (Scope 1) and Indirect GHG emissions (Scope 2 and Scope 3) (Group) Carbon intensity (Hong Kong Gas Production) Number of Employees Full time (by gender, age, employee category) (Hong Kong and Outs",2,data/text/00003.HK/2025/annual_report.txt|data/text/hkex_reports/00003.HK/2025/esg_report.txt,False
3,inspect_esg_tables,3,99.322917,53,433,380,True,1.0,1.0,1.0,1.0,0.932292,39,3.6,00006.HK,POWER ASSETS,Q_E_GHG_INTENSITY,温室气体排放强度,E,True,0,,,0,missing_candidate,extend_extraction_rules,0,ambiguous_intensity_disclosure,". Beyond climate action, we also address broader environmental priorities including biodiversity, nature preservation, circular economy and the management of waste and water-related risks. 80 OVERVIEW OF 2025 ENVIRONMENTAL ACHIEVEMENTS Scope 1 and 2 GHG emissions intensity per attributable revenue1 vs. 2024 5%Decrease 81% of Group’s attributable revenues certified with ISO 14001 or other EMS certificates1 Renewable Energy Capacity and Generation Mix in 2025 Wind Power 369 MW (721 GWh) Energy-fro",2,data/text/hkex_reports/00006.HK/2025/annual_report.txt|data/text/hkex_reports/00006.HK/2025/esg_report.txt,False
4,inspect_esg_tables,4,99.322917,108,290,182,True,1.0,1.0,1.0,1.0,0.932292,39,3.6,000096.SZ,广聚能源,Q_E_GHG_INTENSITY,温室气体排放强度,E,True,0,,,0,missing_candidate,extend_extraction_rules,0,related_disclosure_without_compatible_intensity,提升能源使用效率，助力夯 实绿色低碳运营水平。 全资子公司广聚亿联的聚能南综合能源站于报告期内建成投运，站内光伏发电系统与储能装置 的投用，进一步完善站点绿色能源体系、增强运营韧性，站内铺设的 168 块 620Wp 高效光伏板，有 效利用清洁太阳能补充站内用电，年发电量约 13.5 万度，助力降低碳排放，提升能源供给的低碳化 与高效化水平，为构建智慧、可持续的综合能源服务体系提供了重要支撑。 十七、巩固拓展脱贫攻坚成果、乡村振兴的情况 公司积极响应党中央、国务院关于扶贫减贫、乡村振兴的各项政策方针，在公益扶贫方面努力 践行国企政治责任和使命担当。报告期内，公司开展消费扶贫，实现帮扶 40 万元。 42 === PAGE 43 === 深圳市广聚能源股份有限公司 2025 年年度报告全文 第五节 重要事项 一 、承诺事项履行情况 1、公司实际控制人、股东、关联方、收购人以及公司等承诺相关方在报告期内履行完毕及截至报告期末 尚未履行完毕的承诺事项 适用 □不适用 承诺事由 承诺方 承诺内容 承诺时间 承诺期限 履行情况 首次公开发行或再 融资时所作承诺 深圳市广聚 投资控股 （集团）有,1,data/text/000096.SZ/2025/annual_report.txt,False
5,inspect_esg_tables,6,99.322917,193,488,295,True,1.0,1.0,1.0,1.0,0.932292,39,3.6,000554.SZ,泰山石油,Q_E_GHG_INTENSITY,温室气体排放强度,E,True,0,,,0,missing_candidate,extend_extraction_rules,0,related_disclosure_without_compatible_intensity,理台账，形成油气回 收、污水处理、危废暂存间等设施的全流程闭环管理。 35 36 === PAGE 20 === 泰山石油 2025 年可持续发展报告 提高能源效率 优化用能结构 公司高度重视设备节能管理，通过全面排查、集中整治、动态管控等举措，全面提升设备能效，降低设备运行能耗，从运 营环节减少碳排放，同时降低企业运营成本。 公司组织开展高耗能淘汰型设备排查统计专项工作，对所有库站的加能设备、储油设备、照明设备、供暖设备等运营设备 进行全面排查，对高耗能淘汰型设备，采取“集中回收、合规处置”的方式及时淘汰，坚决杜绝高耗能淘汰型设备继续使用。 同时，推进现有设备节能升级，建设智慧微电网储能工程，完成柴改汽、汽油罐钢浮盘、工艺脱瓶颈等多项设备改造项目， 创新开发“加能站日管理溢耗预警及校验误差自动预警机器人”项目，提升设备运行效率与节能水平。 截至报告期末，公司所有库站均无在用高耗能设备，设备平均能效较上年提升 12.3%。通过设备节能升级与能耗管控，有 效降低了设备运行过程中的电力、燃油等能源消耗，减少了碳排放，实现环境效益与经济效益的双重提升。 泰山石油光伏项目 水资源管理 低碳转型,2,data/text/000554.SZ/2025/annual_report.txt|data/text/000554.SZ/2025/esg_report.txt,False
6,inspect_esg_tables,7,99.322917,151,413,262,True,1.0,1.0,1.0,1.0,0.932292,39,3.6,000682.SZ,东方电子,Q_E_GHG_INTENSITY,温室气体排放强度,E,True,0,,,0,missing_candidate,extend_extraction_rules,0,related_disclosure_without_compatible_intensity,9 2025SR0056258 统一计量计费研发平台 软件著作权 烟台东方威思顿电气有限公司 2 2025/1/9 2025SR0052337 东方威思顿基于标准传输协议的 软加密预付费管理系统 软件著作权 烟台东方威思顿电气有限公司 3 2025/1/9 2025SR0052358 东方威思顿电力碳排放监测与仿 真系统 软件著作权 烟台东方威思顿电气有限公司 4 2025/1/20 2025SR0128692 威思顿电力设备 DTU 分合闸录波 单元软件 软件著作权 烟台东方威思顿电力设备有限 公司 5 2025/1/20 2025SR0125633 威思顿电力设备配电终端单元电 源模块软件 软件著作权 烟台东方威思顿电力设备有限 公司 6 2025/1/20 2025SR0125566 威思顿电力设备环网柜公共单元 数据同步采集软件 软件著作权 烟台东方威思顿电力设备有限 公司 7 2025/1/20 2025SR0128665 威思顿电力设备 DTU 公共单元 M4 核心软件 软件著作权 烟台东方威思顿电力设备有限 公司 8 2025/1/20 2025SR0128599 威思顿,1,data/text/000682.SZ/2025/annual_report.txt,False
7,inspect_esg_tables,9,99.322917,136,319,183,True,1.0,1.0,1.0,1.0,0.932292,39,3.6,001208.SZ,华菱线缆,Q_E_GHG_INTENSITY,温室气体排放强度,E,True,0,,,0,missing_candidate,extend_extraction_rules,0,no_matching_disclosure_in_text,,1,data/text/001208.SZ/2025/annual_report.txt,False
8,inspect_esg_tables,10,99.322917,122,258,136,True,1.0,1.0,1.0,1.0,0.932292,39,3.6,001258.SZ,立新能源,Q_E_GHG_INTENSITY,温室气体排放强度,E,True,0,,,0,missing_candidate,extend_extraction_rules,0,related_disclosure_without_compatible_intensity,发展 ；且明确目标到 2027 年，绿证市场制度体系基本完善 ；到 2030 年，绿证市场高质量发展，绿色电力消费需求快 速增长。 中共中央办公厅 国务院办公厅于 2025 年 8 月 25 日发布《关于推进绿色低碳转型加强全国碳市场建设的意见》，提出加 快建设全国统一碳市场。到 2027 年，全国碳排放权交易市场基本覆盖工业领域主要排放行业 ；到 2030 年，基本建成以配 额总量控制为基础、免费和有偿分配相结合的碳排放权交易市场，形成与国际接轨的自愿减排交易市场。 国家能源局于 2025 年 11 月 28 日印发《关于印发〈可再生能源绿色电力证书管理实施细则（试行）〉的通知》，明确了 核发、划转、核销、衔接的关键规则，同时建立异议处理机制和数据监管体系，确保权责清晰、数据可溯。 2. 新疆层面 新疆发改委于 2025 年 1 月 23 日发布《新疆独立储能容量租赁试点方案（征求意见稿）意见建议的函》，旨在规范独立 储能容量租赁，促进新能源消纳。并明确准入条件、交易与执行、租赁期原则、权益与限制。 新疆电力交易中心于 2025 年 2 月发布细则《新疆电力交易实施细则 3.0（征求,1,data/text/001258.SZ/2025/annual_report.txt,False
9,inspect_esg_tables,11,99.322917,112,240,128,True,1.0,1.0,1.0,1.0,0.932292,39,3.6,001299.SZ,美能能源,Q_E_GHG_INTENSITY,温室气体排放强度,E,True,0,,,0,missing_candidate,extend_extraction_rules,0,related_disclosure_without_compatible_intensity,"司业务转型升级的步伐。 二、报告期内公司所处行业情况 （一）所处行业基本情况 1.全国天然气行业发展态势 在“碳达峰、碳中和”国家双碳能源发展目标持续深入推进的大背景下，天然气作为优质清洁能源，在优化能源结 构、改善城市环境、加速城市现代化建设和提高人民群众生活水平等方面的重要性愈发凸显。高热值、低碳排放的天然 气已然成为我国向绿色低碳化产业转型的关键能源组成部分。 国家统计局数据显示，2025 年全年，我国天然气产量达 2,620.6 亿立方米，同比增长 6.3%，连续 9 年保持百亿立方 米增产势头，自主供应保障能力进一步增强。在消费端，根据国家发改委公布的数据，2025 年全国天然气表观消费量达 10 === PAGE 11 === 陕西美能清洁能源集团股份有限公司 2025 年年度报告全文 4,265.5 亿立方米，同比增长 0.1%。进口气方面，国家统计局数据显示，2025 年我国天然气进口量折算为 12,787 万吨， 同比下降 2.9%。总体而言，2025 年我国天然气市场供需关系有一定程度的缓和。 展望 2026 年，我国天然气行业供需两侧将继续协同发力。从供应侧来看，",1,data/text/001299.SZ/2025/annual_report.txt,False
10,inspect_esg_tables,12,99.322917,136,285,149,True,1.0,1.0,1.0,1.0,0.932292,39,3.6,00182.HK,CONCORD NE,Q_E_GHG_INTENSITY,温室气体排放强度,E,True,0,,,0,missing_candidate,extend_extraction_rules,0,disclosed_non_revenue_denominator,"025 Direct GHG Emissions (Scope 1) Tonnes CO2e 277.43 664.81 446.39 Indirect GHG Emissions (Scope 2 – location-based) Tonnes CO2e 9,392.27 10,999.01 12,257.41 Indirect GHG Emissions (Scope 2 – market-based) Tonnes CO2e / 12,497.41 10,915.45 Indirect GHG Emissions (Scope 3) Tonnes CO2e 230,088.99 263,329.21 227,397.45 GHG Emissions (Scope 1 and 2) Tonnes CO2e / 13,162.22 11,361.85 GHG Emission Intensity (Scope 1 and 2) gCO2e/kWh / 1.75 1.52 Total Hazardous Waste Tonnes 7.14 1.54 0.69 Hazardous Wa",2,data/text/hkex_reports/00182.HK/2025/annual_report.txt|data/text/hkex_reports/00182.HK/2025/esg_report.txt,False
11,inspect_esg_tables,13,99.322917,24,287,263,True,1.0,1.0,1.0,1.0,0.932292,39,3.6,002039.SZ,黔源电力,Q_E_GHG_INTENSITY,温室气体排放强度,E,True,0,,,0,missing_candidate,extend_extraction_rules,0,no_matching_disclosure_in_text,,1,data/text/002039.SZ/2025/annual_report.txt,False
12,inspect_esg_tables,14,99.322917,27,369,342,True,1.0,1.0,1.0,1.0,0.932292,39,3.6,002056.SZ,横店东磁,Q_E_GHG_INTENSITY,温室气体排放强度,E,True,0,,,0,missing_candidate,extend_extraction_rules,0,related_disclosure_without_compatible_intensity,"69 32,144.39 使用权资产处置收益 482,646.74 合 计 1,447,731.69 514,791.13 74、营业外收入 单位：元 项目 本期发生额 上期发生额 计入当期非经常性损益的金 额 保险赔款 3,046,631.89 4,820,686.45 3,046,631.89 碳排放权收益 2,991,973.58 非流动资产毁损报废利得 1,521,900.28 2,173,525.71 1,521,900.28 违约金及赔偿收入 3,386,816.44 3,386,816.44 其他 464,210.94 2,307,026.24 464,210.94 合计 8,419,559.55 12,293,211.98 8,419,559.55 75、营业外支出 单位：元 项目 本期发生额 上期发生额 计入当期非经常性损益的金 额 对外捐赠 158,421.41 120,000.00 158,421.41 非流动资产毁损报废损失 4,601,832.81 4,655,345.97 4,601,832.81 地方水利建设基金 64,472.74 62,068.01 其",1,data/text/002056.SZ/2025/annual_report.txt,False
13,inspect_esg_tables,15,99.322917,28,385,357,True,1.0,1.0,1.0,1.0,0.932292,39,3.6,00206.HK,CM-ENERGY,Q_E_GHG_INTENSITY,温室气体排放强度,E,True,0,,,0,missing_candidate,extend_extraction_rules,0,ambiguous_intensity_disclosure,"ntal and social responsibilities, the Group has formally integrated carbon reduction into its overall sustainable development strategy. Accordingly, the Group has systematically formulated and strictly implemented a series of scientific and feasible GHG emission control measures to effectively reduce both the intensity and total volume of our emissions. These specific measures are as follows: Factory Manufacturing 工廠製造 綠動未來，低碳領航 （續） 排放物與廢棄物 （續） 溫室氣體 本集團深刻認識到，溫室氣體排放是引發全球氣候 變暖的主要驅動因素之一，而能源消耗則是溫室氣 ",1,data/text/hkex_reports/00206.HK/2025/annual_report.txt,False
14,inspect_esg_tables,16,99.322917,165,276,111,True,1.0,1.0,1.0,1.0,0.932292,39,3.6,002074.SZ,国轩高科,Q_E_GHG_INTENSITY,温室气体排放强度,E,True,0,,,0,missing_candidate,extend_extraction_rules,0,no_matching_disclosure_in_text,,1,data/text/002074.SZ/2025/annual_report.txt,False
15,inspect_esg_tables,17,99.322917,196,307,111,True,1.0,1.0,1.0,1.0,0.932292,39,3.6,002090.SZ,金智科技,Q_E_GHG_INTENSITY,温室气体排放强度,E,True,0,,,0,missing_candidate,extend_extraction_rules,0,related_disclosure_without_compatible_intensity,2 月，公司荣获“国家绿色工厂”荣誉称号。 公司自身的金智科技园已建成并成功运行多年兆瓦级的屋顶光伏电站，配备了储能、 充电桩、综合能效管控系统，实现了“光、储、充、管”及“源、网、荷、储”一体化， 在实现园区部分用电的自给自足的同时，有效降低了公司的总体能耗，且以可计量、可视 化的方式全景展示园区碳排放实时数据及路径。光伏系统年发电约 120 万 KWh，采用低压 （380V）用户侧并网，自发自用余电上网，年均节省标煤 485 吨，减少碳粉尘排放 326 吨， 减排二氧化碳 1196 吨。公司园区分布式光伏项目上网量获国家能源局核发了绿色电力证 56 === PAGE 57 === 江苏金智科技股份有限公司 2025 年年度报告全文 书，并已通过挂牌形式在“中国绿色电力证书交易平台”进行交易。报告期内，公司“金 智科技近零碳智慧园区项目”当选南京十佳低碳应用推广场景。 5、公共关系和社会公益事业 公司及公司员工一直致力于回报社会、回报国家，扶持国民教育、支援赈灾和各类社 会公益事业。公司坚持依法纳税、守法合规、诚信经营，纳税额逐年稳步上升。此外，公 司高度重视与政府部门、监管机关、大,1,data/text/002090.SZ/2025/annual_report.txt,False
16,inspect_esg_tables,18,99.322917,121,327,206,True,1.0,1.0,1.0,1.0,0.932292,39,3.6,002276.SZ,万马股份,Q_E_GHG_INTENSITY,温室气体排放强度,E,True,0,,,0,missing_candidate,extend_extraction_rules,0,related_disclosure_without_compatible_intensity,行业节能减排；节能改造上，推进厂区设备与环保工艺 节能升级，有效降低能耗成本；运营管理上，常态化开展节能低碳活动，引导员工绿色办公、低碳生活； 数字化建设上，依托 PLM 系统实现产品全生命周期数字化管理，搭建碳资产管理平台，构建“监测-核 算-分析-减排”全链路碳治理闭环，实现从园区到产品的全方位碳排放管控。报告期内，公司未发生环 境污染事故及环境违法事件，凭借在绿色制造、节能降碳等方面的突出成效，成功入选工信部 2025 年 度国家级绿色工厂，达成了公司绿色低碳事业的里程碑式跨越，标志公司绿色制造水平跻身国家第一梯 队，为行业树立了绿色标杆。 坚守绿色发展初心，万马股份将以此荣耀为新起点，把绿色理念深植生产经营全环节，以更坚定的 行动践行可持续发展之路，用点滴之力汇聚行业绿色发展的磅礴动能，携手各界同仁共绘工业绿色高质 量发展新画卷！ 6．公共关系、社会公益事业 公司积极投身社会公益事业，以回馈社会。成立临安区首家企业级“助残共富基地” ，每年积极开 展爱心接力活动。2025 年度，公司开展了为环卫工撑起爱心伞全国百城公益行动、志愿服务走进金岫 村活动、助残共富爱心义卖等公益活动，,1,data/text/002276.SZ/2025/annual_report.txt,False
17,inspect_esg_tables,19,99.322917,174,359,185,True,1.0,1.0,1.0,1.0,0.932292,39,3.6,00228.HK,CHINA ENERGY,Q_E_GHG_INTENSITY,温室气体排放强度,E,True,0,,,0,missing_candidate,extend_extraction_rules,0,ambiguous_intensity_disclosure,"essing climate change. We will continue to improve strategy development, risk management and the identification and management of metrics and targets to tackle climate change in pursuit of sustainable development with various sectors of society. For GHG emissions data, please refer to KPI A1.4 Greenhouse gas emissions in total and where appropriate, intensity on page 113–114 of this ESG Report. For “Indicators and Target”, please refer to page 36 of this ESG Report. 風險分類氣候相關風險評估 關於風險分類氣候相關風險評估的細",2,data/text/hkex_reports/00228.HK/2025/annual_report.txt|data/text/hkex_reports/00228.HK/2025/esg_report.txt,False
18,inspect_esg_tables,20,99.322917,77,284,207,True,1.0,1.0,1.0,1.0,0.932292,39,3.6,002335.SZ,科华数据,Q_E_GHG_INTENSITY,温室气体排放强度,E,True,0,,,0,missing_candidate,extend_extraction_rules,0,related_disclosure_without_compatible_intensity,".37 增值税借方余额重分类 201,274,902.21 107,966,512.37 预缴所得税 2,303,927.88 4,605,196.63 148 === PAGE 149 === 科华数据股份有限公司 2025 年年度报告全文 预缴其他税费 15,338.84 19,704.29 碳排放权资产 合计 640,057,022.19 345,301,033.66 其他说明： 碳排放配额变动情况： 2025 年度 项目 数量（单位：吨） 金额 1.2024 年12 月 31 日碳排放配额 14,848.00 —— 2.本期增加的碳排放配额 311,136.00 —— （1）免费分配取得的配额 307,823.00 － （2）购入取得的配额 3,313.00 348,102.27 3.本期减少的碳排放配额 324,034.00 —— （1）履约使用的配额 317,100.00 348,102.27 （2）出售的配额 6,934.00 215,115.88 4.2025 年12 月 31 日碳排放配额 1,950.00 —— 14、债权投资 （1） 债权投资的情况 单位：元 项目",1,data/text/002335.SZ/2025/annual_report.txt,False
19,inspect_esg_tables,22,99.322917,135,250,115,True,1.0,1.0,1.0,1.0,0.932292,39,3.6,002479.SZ,富春环保,Q_E_GHG_INTENSITY,温室气体排放强度,E,True,0,,,0,missing_candidate,extend_extraction_rules,0,related_disclosure_without_compatible_intensity,"新污染物清单》，垃圾焚烧、化工、钢铁 等行业排放标准趋严，推动监测频次及精度升级。鉴于监测周期、政策力度及成本等因素， 用户企业主动监测意愿不强，监测需求释放滞后。 此外，在“3060”碳达峰、碳中和的远景目标下和相关政策的推动下，公司积极开展碳 排放配额的核查履约等相关工作。报告期内，公司积极参与碳排放交易，交易碳配额 32.62 万吨，交易总金额 1,972.55 万元。截至本报告期末，公司履约清缴后的碳排放配额（CEA） 结余量为 95.56 万吨。 2025 年，公司持续以党的二十大精神为指引，坚持稳中求进的工作总基调，以“拓展 循环经济，实现持续发展”的经营理念，以园区基地为依托，围绕下游用户需求，搭建“节 能+” 、 “环保+”的综合服务体系。报告期内，公司在稳健运营现有项目的同时，积极拓 展新项目、研发新技术，稳步推进多燃料替代、智慧电厂等项目建设与试运行，在改善环境 质量、优化能源结构的过程中实现自身高质量发展，努力将公司打造成国内循环经济产业领 域的卓越企业。 二、报告期内公司所处行业情况 （一）热电联产业务 根据中国证监会发布的《上市公司行业分类指引（2012 年修",1,data/text/002479.SZ/2025/annual_report.txt,False
20,inspect_esg_tables,23,99.322917,176,281,105,True,1.0,1.0,1.0,1.0,0.932292,39,3.6,002487.SZ,大金重工,Q_E_GHG_INTENSITY,温室气体排放强度,E,True,0,,,0,missing_candidate,extend_extraction_rules,0,related_disclosure_without_compatible_intensity,已建设并运营辽 宁阜新彰武西六家子250MW 风电场项目及唐山十里海250MW 渔光互补光伏项目，总装机容量为500MW， 16 === PAGE 17 === 大金重工股份有限公司 2025年年度报告全文 均已并网发电。自 2023 年运行以来，累计上网电量 19.45 亿千瓦时，累计减少二氧化碳排放约 103.22 万 吨，此外，公司在建的新能源电站预计总装机容量为 950MW，持续贡献绿电，助力全球低碳转型。 （6）战略性、系统化推进可持续发展，助力公司全球化业务发展 公司从治理层面为 ESG 战略提供了坚实保障。2025 年，公司修订了《战略与可持续发展委员会实施 细则》，将原战略委员会正式更名为“战略与可持续发展委员会”，并由董事长亲自担任主任委员。委 员会下设“可持续发展中心”作为日常工作机构，确保可持续发展战略能够自上而下地有效推动和执行。 公司将可持续发展提升至核心战略层面，公司过去一年的 ESG 实践与经营战略高度协同，不仅获得 了多项极具分量的国际评级和认证，还在科学碳目标和绿色供应链等关键领域实现了行业引领，主要包 括： 2025 年 5 月，蓬莱大金正式通过科学,1,data/text/002487.SZ/2025/annual_report.txt,False
21,inspect_esg_tables,24,99.322917,121,315,194,True,1.0,1.0,1.0,1.0,0.932292,39,3.6,002506.SZ,协鑫集成,Q_E_GHG_INTENSITY,温室气体排放强度,E,True,0,,,0,missing_candidate,extend_extraction_rules,0,disclosed_non_revenue_denominator,能源 101-4 确定生物多样性影响 不适用 3-3 实质性议题管理 101-5 具有生物多样性影响的地点 不适用 能源管理与可再生能 源利用 === PAGE 87 === 协鑫集成科技股份有限公司 2025 年可持续发展报告 平等包容 开篇 可持续发展战略与治理 年度专题 商业互信 附录 自然生态 85 卓越创新 披露议题 / 披露项 披露项标题 章节索引 披露议题 / 披露项 披露项标题 章节索引 302-1 组织内部的能源消耗量 能源管理与可再生能 源利用 305-1 直接（范畴 1）温室气体排放 应对气候变化 305-2 能源间接（范畴 2）温室气体排放 应对气候变化 302-2 组织外部的能源消耗量 能源管理与可再生能 源利用 305-3 其他间接（范畴 3）温室气体排放 应对气候变化 305-4 温室气体排放强度 应对气候变化 302-3 能源强度 能源管理与可再生能 源利用 305-5 温室气体减排量 应对气候变化 305-7 氮氧化物（NOx）、硫氧化物（SOx） 和其他重大气体排放 污染物排放 302-4 减少能源消耗量 能源管理与可再生能 源利用 GRI 306 ,2,data/text/002506.SZ/2025/annual_report.txt|data/text/002506.SZ/2025/esg_report.txt,False
22,inspect_esg_tables,25,99.322917,177,376,199,True,1.0,1.0,1.0,1.0,0.932292,39,3.6,002531.SZ,天顺风能,Q_E_GHG_INTENSITY,温室气体排放强度,E,True,0,,,0,missing_candidate,extend_extraction_rules,0,related_disclosure_without_compatible_intensity,腐蚀速率； 破坏性海浪及风暴潮增加。 • • 增加维护成本、设备寿命缩短； 风电设备更新周期缩短。 32 === PAGE 35 === 报告编制说明 董事长致辞 关于天顺风能 治理篇 运营篇 环境篇 社会篇 附录 转型风险 影响类别 风险类型 风险描述 潜在财务影响 应对策略 政策和 法律法规 温室气体排放 定价提高 • • • 现有产品和服务的政府气候合 规监管要求趋严； 产能扩张受限，控制生产及运 营安全的压力增加； 风险的不确定性高。 • • • • 环保设施的投运，导致制造成本增 • 加； 供应链的综合成本波动变大； 服务效率降低； 连续性生产被中断的可能性增大。 • • 持续监测国家、地区政策，识 别政策热点，积极将气候变化 纳入战略决策考量中； 加快淘汰高排放、产能落后的 设备设施； 加快绿电交易进展。 原材料成本上涨 市场 • • 原料价格提高，排放要求变化 趋严； 能源成本的突变和意外变化。 • 增加采购和制造成本。 • • 研发可回收、高性能替代原材 料； 加速风电场的开发运营进度。 • 利益相关方 负面反馈日益关切 声誉 • 投融资机构对企业ESG表现出 积极的态,2,data/text/002531.SZ/2025/annual_report.txt|data/text/002531.SZ/2025/esg_report.txt,False
23,inspect_esg_tables,26,99.322917,149,436,287,True,1.0,1.0,1.0,1.0,0.932292,39,3.6,002608.SZ,江苏国信,Q_E_GHG_INTENSITY,温室气体排放强度,E,True,0,,,0,missing_candidate,extend_extraction_rules,0,ambiguous_intensity_disclosure,"全责任链条。扎实开展安全生产和消 防标准化达标建设工作，全面推进电力安全治理体系建设专项行动，持续开展“安全生产月”“消防宣传月”等活动。 能源板块方面，公司抓住政策机会，重大能源项目持续落地，国信滨电、国信沙洲、国信马洲百万千瓦煤电项目年内并 网发电，国信扬电三期开工建设。公司全年发电量迈上新台阶，迎峰度夏期间单日、单月电量均创历史新高。持续深化 精细化管理，多措并举压降煤炭成本，全年入厂煤价在同区域发电集团中处于较好水平，江苏省内煤机经济煤种掺烧率 同比增长 1 个百分点。供电煤耗和燃煤机组碳排放强度均有下降，融资成本持续压降。在新能源领域，报告期内公司深 化与江苏新能的合作，加大项目储备力度，持续推进参股项目建设。金融板块方面，公司立足自身功能定位，加大转型 发展和拓市增收力度。顺应信托“三分类”监管导向，围绕服务实体经济、助力“双碳”目标、乡村振兴等战略任务进 行前瞻性布局，加快发展主动管理类标品信托、家族信托等业务，不断增强服务国计民生能力，受托管理信托资产规模 突破万亿大关。 截至本报告期末，公司资产总额 1,012.84 亿元，较期初增长 5.59%；归属于上市公司股东的",1,data/text/002608.SZ/2025/annual_report.txt,False
24,inspect_esg_tables,27,99.322917,128,395,267,True,1.0,1.0,1.0,1.0,0.932292,39,3.6,002692.SZ,远程股份,Q_E_GHG_INTENSITY,温室气体排放强度,E,True,0,,,0,missing_candidate,extend_extraction_rules,0,related_disclosure_without_compatible_intensity,证 产品 CCC 认证；公司拥有自主进出口权，是“国家专精特新小巨人企业”“全国用户满意企业”“省级绿色工厂”“江 苏省计量保证确认单位”“守合同重信用企业”“江苏省智能制造示范车间”“中国线缆产业最具竞争力企业 100 强” “宜兴市工业明星企业” ，是全国电线电缆行业首批通过 ISO14064 温室气体核查的企业。公司先后获得了多种资质认 证，可以广泛参与各种电线电缆项目的工程招投标，为公司进一步做大做强奠定了坚实的基础。公司“远程”牌电线电 缆享有“全国用户满意产品”“江苏省名牌产品”“江苏省重点保护产品”“江苏省著名商标”等荣誉称号。 3、客户结构以及营销优势 公司主要客户为国家电网公司及其关联企业、中国国家铁路集团及其关联企业、中国宝武集团及其关联企业、中国 五矿集团及其关联企业等大型国企央企优质客户。这些大客户经济实力强、商业信誉好，对电线电缆产品的需求持续稳 定、产品品质要求较高、需求数量较大，公司将主要目标客户定位于这些大客户，不仅可以有效避免低价恶性竞争、提 高销售回款率和应收账款质量，还提高了公司的品牌影响力。公司产品销售以直销为主，直接面向客户，可以减少中间 环节,1,data/text/002692.SZ/2025/annual_report.txt,False
25,inspect_esg_tables,28,99.322917,90,217,127,True,1.0,1.0,1.0,1.0,0.932292,39,3.6,002709.SZ,天赐材料,Q_E_GHG_INTENSITY,温室气体排放强度,E,True,0,,,0,missing_candidate,extend_extraction_rules,0,no_matching_disclosure_in_text,,1,data/text/002709.SZ/2025/annual_report.txt,False
26,inspect_esg_tables,186,92.361111,70,219,149,True,1.0,1.0,0.716667,1.0,0.944444,32,2.58,00002.HK,CLP HOLDINGS,Q_E_ENERGY_INTENSITY,综合能源消耗强度,E,True,0,,,0,missing_candidate,extend_extraction_rules,0,ambiguous_intensity_disclosure,"ishing itself as a high- quality green marine fuel bunkering centre. Delivering Climate Vision 2050 CLP’s Climate Vision 2050 sets out our long-term ambition to transition to a low-carbon portfolio while continuing to deliver reliable and affordable energy. In 2025, we further reduced the Group’s greenhouse gas emissions intensity to 0.50 kilogramme carbon dioxide-equivalent per kilowatt hour as we lowered coal consumption by over 10% and further expanded our non-carbon portfolio. We also moved ",1,data/text/hkex_reports/00002.HK/2025/annual_report.txt,False
27,inspect_esg_tables,187,92.361111,48,355,307,True,1.0,1.0,0.716667,1.0,0.944444,32,2.58,00003.HK,HK & CHINA GAS,Q_E_ENERGY_INTENSITY,综合能源消耗强度,E,True,0,,,0,missing_candidate,extend_extraction_rules,0,disclosed_non_revenue_denominator,engthening Value Reliability at All Times Energy Future Approach Key Statistics Energy Future Harmony with Nature Build a Sustainable Future Chain Resilience Verification Statement Towards Carbon Neutrality – Advancing the Transition to a Low-Carbon Energy Future Hong Kong Town Gas Carbon Intensity Gas production Gas consumption Total (customer side) 0.04 kg CO2e/kWh 0.534 kg CO2e/unit of town gas 0.23 kg CO2e/kWh = 3.087 kg CO2e/unit of town gas 0.19 kg CO2e/kWh 2.553 kg CO2e/unit of town gas F,2,data/text/00003.HK/2025/annual_report.txt|data/text/hkex_reports/00003.HK/2025/esg_report.txt,False
28,inspect_esg_tables,188,92.361111,53,433,380,True,1.0,1.0,0.716667,1.0,0.944444,32,2.58,00006.HK,POWER ASSETS,Q_E_ENERGY_INTENSITY,综合能源消耗强度,E,True,0,,,0,missing_candidate,extend_extraction_rules,0,ambiguous_intensity_disclosure,"ng unit L13 progressed on schedule towards a targeted completion date in early 2029, when it will go into operation. Once commissioned, L13 is expected to increase gas-fired generation of LPS to about 80% of total output, further lowering our carbon intensity. Smart meters and the advanced metering infrastructure not only facilitate better energy management for customers, but also enhance HK Electric’s ability for monitoring of the power grid. enhanced electronic application forms that enabled r",2,data/text/hkex_reports/00006.HK/2025/annual_report.txt|data/text/hkex_reports/00006.HK/2025/esg_report.txt,False
29,inspect_esg_tables,189,92.361111,108,290,182,True,1.0,1.0,0.716667,1.0,0.944444,32,2.58,000096.SZ,广聚能源,Q_E_ENERGY_INTENSITY,综合能源消耗强度,E,True,0,,,0,missing_candidate,extend_extraction_rules,0,disclosed_non_revenue_denominator,2025 年能源工作目标：持 续深化绿色低碳转型，非化石能源发电装机占比提高到 60%左右，非化石能源占能源消费总量比重提 高到 20%左右。工业、交通、建筑等重点领域大力实施可再生能源替代行动并取得新进展。新能源消 纳和调控政策措施进一步完善，绿色低碳发展政策机制进一步健全。围绕“十五五”经济社会发展 12 === PAGE 13 === 深圳市广聚能源股份有限公司 2025 年年度报告全文 主要目标任务，科学研判能源消费总量、分品种需求，深入研究全国最优电力流向布局、非化石能 源替代化石能源思路举措等重大关键问题，推动能源高质量发展。 2、国家税务总局发布《成品油涉税产品检测管理暂行办法》 2025 年 3 月，国家税务总局发布《成品油涉税产品检测管理暂行办法》（以下简称《暂行办 法》），明确将汽油、柴油等成品油纳入强制检测范围，要求企业按国家标准对产品密度、硫含量 等关键指标进行检测，并留存检测报告备查，以提升计税准确性，防范税收流失；同时，还规定了 成品油检测机构的资质要求、检测流程、取样程序、复检机制以及相关费用的承担方。此外，办法 中还包括了对受检单位的权利保护和义务要求，,1,data/text/000096.SZ/2025/annual_report.txt,False
30,inspect_esg_tables,191,92.361111,193,488,295,True,1.0,1.0,0.716667,1.0,0.944444,32,2.58,000554.SZ,泰山石油,Q_E_ENERGY_INTENSITY,综合能源消耗强度,E,True,0,,,0,missing_candidate,extend_extraction_rules,0,related_disclosure_without_compatible_intensity,"司是山东省泰安市最大成品油经销商，在泰安市成品油市场具有较强的社会影响力 和经营辐射力，公 司诚信经营、服务规范，切实履行了央 企的政治责任、经济 责任和社会责 任。 影响需求变化的主 要因素有：一是受居民出行意愿影响成品油汽油零售市场；二是国 内部分大型物流运输车辆改用天然气，柴油量受影响；三是新能源电动汽车的发展 持续影 响汽油市场。公 司 2025 年成品油经营总量达到 37.21 万吨，实现营业总收入 316,627.25 万元,利润总额 21,859.31 万元，同比增长 66.89%。 本报告期，公 司的主 要业务、经营模 式等未发生重大变化。 二、报告期内公 司所处行业情况 公 司需遵守《深圳证券 交易所上市公 司自律监管指引第 3 号——行业信息披露》中零售相关业的披露要求 司主 公 要从事成品油批发、零售业务及非油品业务。报告期内国际原油持续下跌导致 成本支撑减弱，叠加新能源汽车渗透率持续上升压制传统汽柴油需求，市场形成供大于求 的态势，成品油行业竞争压力加大。受上述因素影响，国内成品油市场走势疲软，汽柴油均 价同比下跌。 油价情况：2025 年国内成品油共经历 25",2,data/text/000554.SZ/2025/annual_report.txt|data/text/000554.SZ/2025/esg_report.txt,False
31,inspect_esg_tables,192,92.361111,151,413,262,True,1.0,1.0,0.716667,1.0,0.944444,32,2.58,000682.SZ,东方电子,Q_E_ENERGY_INTENSITY,综合能源消耗强度,E,True,0,,,0,missing_candidate,extend_extraction_rules,0,ambiguous_intensity_disclosure,体系 的低碳化转型进入加速期。 据公开媒体报道，南方电网 2026 年固定资产投资将达 1800 亿元，重点投向新型电力 系统建设、战略性新兴产业发展、优质供电服务提升等领域。加大电网基础设施更新和数 智化改造力度，大规模设备更新投资不低于 506 亿元。重点将服务城乡区域协调发展，服 务高质量共建“一带一路” 。建强现代化电网基础设施，加快建设以柔性直流互联为主体 的主网架，加大配电网建设改造力度，高标准推进电网数字化智能化规划建设。采用国际 领先的多端柔直电力互济控制技术，为超大型城市电网高密度负荷中心可靠供电提供新方 案，打造数智微电网示范区。服务新能源高质量发展，统筹新能源大规模开发和高水平消 纳，提升新能源可观可测可控可调能力和智能化调控水平，支撑今年新能源新增装机 4000 万千瓦。推动电碳算协同发展，建设“电力+算力”新型基础设施，升级电碳算协同运营 平台，推动建设一批零碳园区、零碳工厂。 据公开媒体报道， “十五五”期间，国家电网公司固定资产投资预计达到 4 万亿元， 较“十四五”投资增长 40%，以扩大有效投资带动新型电力系统产业链供应链高质量发展。 锚定国家自主贡献,1,data/text/000682.SZ/2025/annual_report.txt,False
32,inspect_esg_tables,194,92.361111,136,319,183,True,1.0,1.0,0.716667,1.0,0.944444,32,2.58,001208.SZ,华菱线缆,Q_E_ENERGY_INTENSITY,综合能源消耗强度,E,True,0,,,0,missing_candidate,extend_extraction_rules,0,disclosed_non_revenue_denominator,，目前在积极筹划上海办事处、新疆办事处的设立，全国性营销网络进 一步拓展完善。同时，公司海外市场拓展逐步凸显成效，已完善海关备案、电子口岸 IC 卡、英文版资质文件等自主出口 资料的补齐，从原“借船出海”的模式逐渐向直接出口的模式转变。 2、技术创新持续发力，产学研合作硕果累累 一是持续推进产技融合，通过项目引领，着力于开展具备自主生产能力及知识产权的新产品、国产化替代产品，瞄 准行业前沿最新方向，了解市场未来需求，进行技术储备。结合自身优势，加强产学研预研研究及联盟联创项目推进， 重点研究了新能源、风电、矿山、特种机械、海洋及航空航天等领域的新产品、新技术的研究与应用。2025 年实施推进 产品研发和重大改进项目 40 项，在产品研发方面，公司以项目制带动，推进执行新品研发 23 项，完成稳相电缆、耐海 水光纤复合拖曳漂浮电缆完成交付；超高强度航空导线完成制样并进行第三方全性能试验；CAN BUS-U RS485 通信电 缆完成测试合格；中压聚丙烯电缆完成技术鉴定并成功挂网运行；机场助航灯电缆完成认证，为国内首款通过认证的产 品并获得小批量订单交付；储能电缆和海上光伏电缆完成 TUV,1,data/text/001208.SZ/2025/annual_report.txt,False
33,inspect_esg_tables,195,92.361111,122,258,136,True,1.0,1.0,0.716667,1.0,0.944444,32,2.58,001258.SZ,立新能源,Q_E_ENERGY_INTENSITY,综合能源消耗强度,E,True,0,,,0,missing_candidate,extend_extraction_rules,0,ambiguous_intensity_disclosure,"用单段报价方式，单位为元 / 千瓦时。报价下限为 0 元 / 千瓦时，报价上限为 0.262 元 / 千瓦时。新能源场站配 建储能优先消纳新能源自身发电量，原则上不参与实时调峰交易。明确因电力保供和电力系统安全等原因，相应充电电量 补偿价格及各服务提供方申报调频里程价格的最小单位、申报价格上限、申报调频容量的最小单位。 三、核心竞争力分析 （一）深耕资源高地，占据开发先机。 公司目前运营的风电场和光伏电站主要位于新疆，区位优势显著。新疆作为国家 2035 年远景目标纲要中明确重点推进 的大型清洁能源基地，风能、太阳能资源富集程度位居全国前列。风能资源方面，新疆全境被列为全国Ⅰ类、Ⅲ类风能资 源区，十大风区——包括达坂城、阿拉山口、塔城老风口、额尔齐斯河谷、小草湖、哈密三塘湖——淖毛湖、哈密东南部、 十三间房、罗布泊、准东等——风功率密度高、有效发电小时数长，非常适宜大型并网风电项目的规模化开发。太阳能资 源方面，新疆全年日照小时数在 2,550 至 3,500 小时之间，年辐射照度总量仅次于西藏，且全疆均属Ⅰ类、Ⅱ类太阳能资源 区。更关键的是，新疆拥有广袤的戈壁、沙漠和荒漠等未利用土地",1,data/text/001258.SZ/2025/annual_report.txt,False
34,inspect_esg_tables,196,92.361111,112,240,128,True,1.0,1.0,0.716667,1.0,0.944444,32,2.58,001299.SZ,美能能源,Q_E_ENERGY_INTENSITY,综合能源消耗强度,E,True,0,,,0,missing_candidate,extend_extraction_rules,0,ambiguous_intensity_disclosure,持续运行管理与技 术双通道晋升体系，并深入开展人才盘点，为关键人才的识别与发展提供精准导航；坚持“请进来、送出去”的方式提 升管理层领导力，年内开展管理团队系统管理能力提升培训，引入外部前沿理念，输送管理人员参与 EMBA、绩效增长 等外部培训，持续淬炼核心团队的战略视野与管理效能；推行以实战为导向的内部多元赋能模式，深入实施“师徒带 教”“内训师培训”沉淀组织智慧，促进经验传承；通过常态化举办全员读书会、知识分享等活动，积极营造学习型组 织氛围。通过分层分类的系统赋能，提升了组织整体能力与人才密度，旨在打造一支高素质、高技能、能征善战的员工 41 === PAGE 42 === 陕西美能清洁能源集团股份有限公司 2025 年年度报告全文 队伍，搭建良将辈出的人才梯队，以有效支撑公司业务拓展与战略转型，保障组织在快速变化的市场环境中持续保有竞 争优势。 4、劳务外包情况 □适用 不适用 九、公司利润分配及资本公积金转增股本情况 报告期内利润分配政策，特别是现金分红政策的制定、执行或调整情况 适用 □不适用 1.报告期内，公司的利润分配政策未发生变化，按照《公司章程》及《未来三年（2,1,data/text/001299.SZ/2025/annual_report.txt,False
35,inspect_esg_tables,197,92.361111,136,285,149,True,1.0,1.0,0.716667,1.0,0.944444,32,2.58,00182.HK,CONCORD NE,Q_E_ENERGY_INTENSITY,综合能源消耗强度,E,True,0,,,0,missing_candidate,extend_extraction_rules,0,disclosed_non_revenue_denominator,"t 2023 2024 2025 Total Energy Consumption MWh 17,448.11 23,050.21 24,733.15 Direct Energy Consumption MWh 978.31 2,549.21 1,627.22 Petrol for Official Vehicles MWh 909.41 2,439.63 1,592.12 Diesel for Official Vehicles MWh 68.90 109.58 35.10 Indirect Energy Consumption MWh 16,469.80 20,501.00 23,105.93 Purchased Electricity MWh 16,469.80 20,501.00 23,105.93 Energy Consumption Intensity kWh/kWh 0.003 0.003 0.003 Water Consumption Tonnes 26,900.09 19,153.87 19,760.71 Water Consumption Intensity Ton",2,data/text/hkex_reports/00182.HK/2025/annual_report.txt|data/text/hkex_reports/00182.HK/2025/esg_report.txt,False
36,inspect_esg_tables,198,92.361111,24,287,263,True,1.0,1.0,0.716667,1.0,0.944444,32,2.58,002039.SZ,黔源电力,Q_E_ENERGY_INTENSITY,综合能源消耗强度,E,True,0,,,0,missing_candidate,extend_extraction_rules,0,related_disclosure_without_compatible_intensity,事的主要业务 公司需遵守《深圳证券交易所上市公司自律监管指引第 3 号——行业信息披露》中电力供应业的披露要求 公司作为一家从事电力供应相关业务的上市企业，报告期内，主要经营业务是水力发电站的开发、 建设与经营管理。公司上市以来致力于贵州境内“两江一河”（北盘江、芙蓉江、三岔河）流域梯级水 电和清洁能源开发，截至报告期末，公司投产总装机容量 397.31 万千瓦，其中：水电站装机容量为 323.35 万千瓦，光伏电站装机容量为 73.96 万千瓦。报告期内，公司发电量为 121.20 亿千瓦时，与上 年同期相比增加 71.90%；其中水电发电量为 114.52 亿千瓦时，同比增加 80.89%；光伏发电量为 6.68 亿千瓦时，同比减少 7.19%。 主要生产经营信息 项目 本报告期 上年同期 总装机容量（万千瓦） 397.31 410.56 新投产机组的装机容量（万千瓦） 3.29 7.79 在建项目的计划装机容量（万千瓦） 7.79 发电量（亿千瓦时） 121.20 70.51 上网电量或售电量（亿千瓦时） 120.35 69.86 平均上网电价或售电价（元/千瓦时， 含税） 0.,1,data/text/002039.SZ/2025/annual_report.txt,False
37,inspect_esg_tables,199,92.361111,27,369,342,True,1.0,1.0,0.716667,1.0,0.944444,32,2.58,002056.SZ,横店东磁,Q_E_ENERGY_INTENSITY,综合能源消耗强度,E,True,0,,,0,missing_candidate,extend_extraction_rules,0,related_disclosure_without_compatible_intensity,"有限公司 2025 年年度报告全文 释义 释义项 指 释义内容 公司、横店东磁或本公司 指 横店集团东磁股份有限公司 横店控股或控股股东 指 横店集团控股有限公司 公司股东会、股东会 指 横店集团东磁股份有限公司股东会 公司董事会、董事会 指 横店集团东磁股份有限公司董事会 江苏东磁 指 江苏东磁新能源科技有限公司 四川东磁 指 四川东磁新能源科技有限公司 连云港东磁 指 连云港东磁新能源科技有限公司 香港东磁 指 横店集团东磁股份香港有限公司 荷兰东磁 指 （荷兰）东磁可再生能源有限公司 诚基电子 指 浙江省东阳市东磁诚基电子有限公司 金川电子 指 宜宾金川电子有限责任公司 东磁光伏发电 指 东阳东磁光伏发电有限公司 组件 指 由若干个太阳能电池通过串并联的方式封装而成，可以单独使用，也可以 串联或并联使用，作为离网或并网太阳能供电系统的发电单元 MW 指 兆瓦，为功率单位，1MW 即1,000 千瓦 GW 指 吉瓦，为功率单位，1GW 即 1,000 兆瓦 永磁材料 指 一类经过外加强磁场磁化再去掉外磁场以后能够长期保留较高剩余磁性， 并能经受不太强的外加磁场其他环境因素（如温度和",1,data/text/002056.SZ/2025/annual_report.txt,False
38,inspect_esg_tables,200,92.361111,28,385,357,True,1.0,1.0,0.716667,1.0,0.944444,32,2.58,00206.HK,CM-ENERGY,Q_E_ENERGY_INTENSITY,综合能源消耗强度,E,True,0,,,0,missing_candidate,extend_extraction_rules,0,ambiguous_intensity_disclosure,"佔總氨產量的約8%，二零五零年 全球綠氨產量佔比將升至80%以上。需求端來 看，二零三零年國內綠氨需求總量將達7,000 萬噸。 目 前 ， 綠 氨 成 本 主 要 取 決 於 綠 電 價 格 ， 當 電 價 為 人 民 幣 0.1元 ╱ kWh， 且 制 氫 電 耗 降 至 4 kWh/Nm3時，綠氨成本有望與灰氨持平。隨著 技術發展疊加碳市場和碳關稅的影響，綠氨經 濟性未來將逐步顯現。同時，由於液氨儲運條 件較為溫和、充分燃燒的情況下僅生成氮氣和 水而不產生硫氧化物和二氧化碳、具有較高能 量密度等優勢，液氨在航運業燃料市場上將大 有可為。國際可再生能源署則預測2050年航運 業對綠氨的需求將達1.8億噸，佔航運市場的 43%。 34 CM Energy Tech Co., Ltd. ‧ Annual Report 2025 === PAGE 37 === MANAGEMENT DISCUSSION AND ANALYSIS 管理層討論及分析 Development Strategy of the Company In 2026, in alignment with the 15th",1,data/text/hkex_reports/00206.HK/2025/annual_report.txt,False
39,inspect_esg_tables,201,92.361111,165,276,111,True,1.0,1.0,0.716667,1.0,0.944444,32,2.58,002074.SZ,国轩高科,Q_E_ENERGY_INTENSITY,综合能源消耗强度,E,True,0,,,0,missing_candidate,extend_extraction_rules,0,disclosed_non_revenue_denominator,等因素， 行业长期成长逻辑清晰、发展空间广阔。公司将紧抓全球新能源产业发展机遇，进一步巩固市场地位， 为长期高质量发展奠定坚实基础。 （3）技术优势支撑 公司以“材料科学+数字科学”双引擎驱动技术突破，始终坚守技术创新核心导向，构建多元化、多层 次技术布局。在持续巩固磷酸铁锂电池现有技术优势的基础上，将固态电池作为研发重点方向，全力推 进技术研发与产业化落地。报告期内，公司已顺利完成首条全固态电池中试线的建设与投产，构筑差异 化竞争壁垒。依托稳定的产品性能与可靠的技术实力，公司产品在安全性、能量密度、快充性能等关键 维度表现突出，既能精准匹配新能源汽车长续航、快补能的核心需求，也能充分适配储能领域对高安全 性、高稳定性的场景要求，实现技术实力向产品竞争力的高效转化，进一步提升产品市场占有率，为公 司业绩增长注入强劲动力。同时，公司持续强化标准制定与知识产权布局，主导或参与多项国家标准、 行业标准的修订与完善，知识产权全球布局持续深耕，专利技术总量突破万件，核心技术专利覆盖面持 续拓宽，技术话语权与行业影响力不断提升；伴随全球化布局持续推进，研发团队规模稳步壮大，研发 管理体系日趋完善，,1,data/text/002074.SZ/2025/annual_report.txt,False
40,inspect_esg_tables,202,92.361111,196,307,111,True,1.0,1.0,0.716667,1.0,0.944444,32,2.58,002090.SZ,金智科技,Q_E_ENERGY_INTENSITY,综合能源消耗强度,E,True,0,,,0,missing_candidate,extend_extraction_rules,0,related_disclosure_without_compatible_intensity,com.cn 公司年度报告备置地点 公司董事会办公室 四、注册变更情况 统一社会信用代码 913200001347865204 公司上市以来主营业务的变化情况（如有） 2006 年，公司上市时的主营业务为电力自动化及高校信息 化两大业务，同时从事 IT 服务业务。电力自动化业务逐步 发展为现在的智慧能源业务，IT 服务业务逐步发展为公司 现在的智慧城市业务，高校信息化业务不再从事。公司智 6 === PAGE 7 === 江苏金智科技股份有限公司 2025 年年度报告全文 慧能源业务涵盖了智能发电、智能变电、智能配电、新能 源及低碳等多个领域。公司智慧城市业务主要为城市运行 中的行业主体如能源、公安、交通等提供基于落地场景的 智慧化应用解决方案及服务。 历次控股股东的变更情况（如有） 2006 年上市至2025 年10 月 17 日，公司控股股东为江苏金 智集团有限公司；2025 年10 月 17 日，公司控股股东变更 为南京智迪汇盈科技合伙企业（有限合伙）。 五、其他有关资料 公司聘请的会计师事务所 会计师事务所名称 天衡会计师事务所（特殊普通合伙） 会计师事务所办公地址 江苏省南京,1,data/text/002090.SZ/2025/annual_report.txt,False
41,inspect_esg_tables,203,92.361111,121,327,206,True,1.0,1.0,0.716667,1.0,0.944444,32,2.58,002276.SZ,万马股份,Q_E_ENERGY_INTENSITY,综合能源消耗强度,E,True,0,,,0,missing_candidate,extend_extraction_rules,0,disclosed_non_revenue_denominator,179%。 第 18页/共 206 页 === PAGE 20 === 浙江万马股份有限公司 2025 年年度报告全文 图：河北重卡项目，总功率 9600kW 锚定政策导向，精准布局核心场景。新能源板块紧扣行业技术攻坚重点与国家政策导向，坚持以政 策为引领、以场景为抓手，推动场景布局与政策红利深度绑定。在乡村市场拓展方面，公司积极响应国 家“充电下乡”行动，精准对接县域与乡镇充电基础设施建设需求，福建、江苏、四川等重点区域项目 相继落地，多点开花，顺应农村公共充电设施建设的政策支持方向，为新能源业务市场下沉、服务延伸 与规模化拓展打下基础。 深耕技术升级，契合超充发展趋势。为精准匹配行业“快充为主导、推进大功率超充示范”的趋势， 公司以技术创新强化产品竞争力，率先成功实现 800KW 全液冷主机、600A 液冷充电终端的量产。该技 术具备行业领先的功率密度、智能功率动态分配及创新的散热技术，有效破解超充站在部署中普遍面临 的效率瓶颈、空间受限与长期运行可靠性三大痛点。公司此举不仅响应了行业“加速老旧设备更新迭代、 推进大功率超充示范站建设”的号召，也精准匹配高速服务区、城市核心区等场景,1,data/text/002276.SZ/2025/annual_report.txt,False
42,inspect_esg_tables,204,92.361111,174,359,185,True,1.0,1.0,0.716667,1.0,0.944444,32,2.58,00228.HK,CHINA ENERGY,Q_E_ENERGY_INTENSITY,综合能源消耗强度,E,True,0,,,0,missing_candidate,extend_extraction_rules,0,disclosed_foreign_currency_denominator,"Response and Strategies on Sustainability Key highlights in 2025 – Total carbon dioxide equivalent emissions decreased from approximately 64,182 kg for the year ended 31 December 2024 to approximately 52,040 kg for the year ended 31 December 2025 – Energy consumption intensity increased marginally from 0.57 kWh/HK$’000 Revenue for the year ended 31 December 2024 to approximately 0.65 kWh/HK$’000 for the year ended 31 December 2025 – Water consumption intensity increased marginally from approxima",2,data/text/hkex_reports/00228.HK/2025/annual_report.txt|data/text/hkex_reports/00228.HK/2025/esg_report.txt,False
43,inspect_esg_tables,205,92.361111,77,284,207,True,1.0,1.0,0.716667,1.0,0.944444,32,2.58,002335.SZ,科华数据,Q_E_ENERGY_INTENSITY,综合能源消耗强度,E,True,0,,,0,missing_candidate,extend_extraction_rules,0,disclosed_non_revenue_denominator,国建设加快推进、算力基础设施持续高速发展，以及新型工业化赋能工业经济数字化转型的背景 下，UPS 的供电保障作用愈发凸显，中国市场整体保持平稳增长。同时，高算力需求持续带动大型及超大型数据中心建 设，也推动超大功率 UPS 产品市场规模不断扩大。 2026 年，在算力基础设施加快建设、新型工业化推动工业高质量发展的多重驱动下，中国 UPS 市场有望实现稳健增 长。据《赛迪顾问—中国 UPS 市场研究年度报告》预测，2026 年中国 UPS 市场规模将突破 120 亿元。伴随智算中心建设 提速，高密度数据中心将持续拉动超大功率 UPS 产品需求，预计 2026 年超大功率机型市场占比将达 58.0%，对应市场规 模约 70.5 亿元。互联网、制造与能源、电信、政府等领域仍是国内 UPS 市场的核心应用场景，尤其在 AI 大模型快速落 15 === PAGE 16 === 科华数据股份有限公司 2025 年年度报告全文 地的背景下，互联网行业对 UPS 的需求将保持较快增速，预计 2026 年该领域市场规模将突破 28 亿元。同时，新型工业 化深入推进、“东数西算”工程加快实施，也将进一步,1,data/text/002335.SZ/2025/annual_report.txt,False
44,inspect_esg_tables,207,92.361111,135,250,115,True,1.0,1.0,0.716667,1.0,0.944444,32,2.58,002479.SZ,富春环保,Q_E_ENERGY_INTENSITY,综合能源消耗强度,E,True,0,,,0,missing_candidate,extend_extraction_rules,0,ambiguous_intensity_disclosure,"2025 年 12 月 31 日 10 === PAGE 11 === 浙江富春江环保热电股份有限公司 2025 年年度报告全文 项目名称 装机容量（兆瓦） 锅炉蒸发量（吨/小时） 新港热电 33 740 江苏热电 30 330 常安能源 70 630 铂瑞万载 33 360 铂瑞新干 36 390 铂瑞南昌 18 260 山东中茂 12 150 东港热电 112 1,110 铂瑞义乌 9 180 台州临港 30 450 合计 383 4,600 报告期内，公司积极响应节能降碳号召，致力于绿色能源供应，积极探索多燃料替代项 目，持续推进智慧电厂项目落地。2025 年 12 月，公司首个智慧电厂试点项目在子公司江苏 热电顺利完成一阶段整体验收。项目投运后，显著降低了运行人员劳动强度，系统自动投入 率超 97%，单炉操作频次由日均 2000 余次降至 50 次以下，机组运行稳定性持续提升，多项 排放指标优于国家火电厂大气污染物排放标准。目前，智慧电厂二阶段项目正按计划稳步推 进。 2、固废（危废）资源化业务 公司的固废（危废）资源化业务主要是对污泥和含有色金属的一般固废（危废）进行资 源化",1,data/text/002479.SZ/2025/annual_report.txt,False
45,inspect_esg_tables,208,92.361111,176,281,105,True,1.0,1.0,0.716667,1.0,0.944444,32,2.58,002487.SZ,大金重工,Q_E_ENERGY_INTENSITY,综合能源消耗强度,E,True,0,,,0,missing_candidate,extend_extraction_rules,0,related_disclosure_without_compatible_intensity,重工股份有限公司 2025年年度报告全文 释义 释义项 指 释义内容 本公司、公司、大金重工 指 大金重工股份有限公司 报告期 指 2025 年1 月1 日-2025 年 12 月31 日 中国证监会 指 中国证券监督管理委员会 深交所 指 深圳证券交易所 控股股东、阜新金胤、北京金胤 指 北京金胤能源咨询有限公司，原名为阜新金胤能源咨询有限公司 实际控制人 指 金鑫 蓬莱大金、蓬莱基地 指 蓬莱大金海洋重工有限公司 彰武西六家子 指 彰武西六家子电力新能源有限公司 盘锦大金 指 盘锦大金海洋工程有限公司 张家口大金 指 张家口大金风电装备有限公司 唐山大金、唐山基地、曹妃甸海工基 地 指 唐山大金海洋工程装备制造有限公司 兴安盟大金 指 兴安盟大金重工有限公司 阳江大金 指 阳江大金风电海洋工程科技有限公司 唐山金瑞 指 唐山曹妃甸区金瑞能源有限公司 唐山金弘 指 唐山曹妃甸区金弘能源有限公司 FOB 指 贸易术语，一般指离岸价格，亦称船上交货价格，是卖方在合同 规定的港口把货物装到买方指定的运载工具上，负担货物装上运 载工具为止的一切费用和风险的价格。 DAP 指 贸易术语，即目的,1,data/text/002487.SZ/2025/annual_report.txt,False
46,inspect_esg_tables,209,92.361111,121,315,194,True,1.0,1.0,0.716667,1.0,0.944444,32,2.58,002506.SZ,协鑫集成,Q_E_ENERGY_INTENSITY,综合能源消耗强度,E,True,0,,,0,missing_candidate,extend_extraction_rules,0,disclosed_non_revenue_denominator,业贿赂与反贪污 101-3 获取和惠益分享 不适用 GRI 302 能源 101-4 确定生物多样性影响 不适用 3-3 实质性议题管理 101-5 具有生物多样性影响的地点 不适用 能源管理与可再生能 源利用 === PAGE 87 === 协鑫集成科技股份有限公司 2025 年可持续发展报告 平等包容 开篇 可持续发展战略与治理 年度专题 商业互信 附录 自然生态 85 卓越创新 披露议题 / 披露项 披露项标题 章节索引 披露议题 / 披露项 披露项标题 章节索引 302-1 组织内部的能源消耗量 能源管理与可再生能 源利用 305-1 直接（范畴 1）温室气体排放 应对气候变化 305-2 能源间接（范畴 2）温室气体排放 应对气候变化 302-2 组织外部的能源消耗量 能源管理与可再生能 源利用 305-3 其他间接（范畴 3）温室气体排放 应对气候变化 305-4 温室气体排放强度 应对气候变化 302-3 能源强度 能源管理与可再生能 源利用 305-5 温室气体减排量 应对气候变化 305-7 氮氧化物（NOx）、硫氧化物（SOx） 和其他重大气体排放 污染物排放 30,2,data/text/002506.SZ/2025/annual_report.txt|data/text/002506.SZ/2025/esg_report.txt,False
47,inspect_esg_tables,210,92.361111,177,376,199,True,1.0,1.0,0.716667,1.0,0.944444,32,2.58,002531.SZ,天顺风能,Q_E_ENERGY_INTENSITY,综合能源消耗强度,E,True,0,,,0,missing_candidate,extend_extraction_rules,0,ambiguous_intensity_disclosure,跨学科 协作及产业化能力培育。 系统兼具前沿技术展示、 实验教学赋能与微型化绿 氢示范功能，助力高校成 为氢能创新链的人才孵化 节点与技术转化枢纽 开发“电解水制氢-燃料 电池发电”闭环系统，实 现氢-电双向灵活转换 （制氢效率≥4kWh/Nm³ ， 发电效率≥45%），为微 电网、离网场景提供零碳 能源解决方案。通过样机 验证系统快速响应能力 （制氢/发电模式切换时 间＜30 秒），适配风光波 动性电源，抢占分布式氢 能赛道先机。 为高校、职业院校提供小 型化、可视化的氢能教学 平台，覆盖《新能源材 料》《氢能系统设计》等 课程实验需求，抢占氢能 教育设备蓝海市场。 针对通信基站备用电源、 偏远地区微电网等场景， 提供“绿氢制备-储能-发 电”一体化解决方案，替 代柴油发电机（单台年减 碳量＞10 吨） 实验室验证 单槽产氢量≥1000Nm³/h 的碱性电解槽，突破电解 水制氢系统大电流密度运 千标方电解水制氢系统将 推动公司从单一设备供应 商向绿氢全产业链服务商 24 === PAGE 25 === 200 标方撬装离网分布式 制加氢一体站 可再生能源离网电电混合 离网制氢技术 制,2,data/text/002531.SZ/2025/annual_report.txt|data/text/002531.SZ/2025/esg_report.txt,False
48,inspect_esg_tables,211,92.361111,149,436,287,True,1.0,1.0,0.716667,1.0,0.944444,32,2.58,002608.SZ,江苏国信,Q_E_ENERGY_INTENSITY,综合能源消耗强度,E,True,0,,,0,missing_candidate,extend_extraction_rules,0,ambiguous_intensity_disclosure,"链条。扎实开展安全生产和消 防标准化达标建设工作，全面推进电力安全治理体系建设专项行动，持续开展“安全生产月”“消防宣传月”等活动。 能源板块方面，公司抓住政策机会，重大能源项目持续落地，国信滨电、国信沙洲、国信马洲百万千瓦煤电项目年内并 网发电，国信扬电三期开工建设。公司全年发电量迈上新台阶，迎峰度夏期间单日、单月电量均创历史新高。持续深化 精细化管理，多措并举压降煤炭成本，全年入厂煤价在同区域发电集团中处于较好水平，江苏省内煤机经济煤种掺烧率 同比增长 1 个百分点。供电煤耗和燃煤机组碳排放强度均有下降，融资成本持续压降。在新能源领域，报告期内公司深 化与江苏新能的合作，加大项目储备力度，持续推进参股项目建设。金融板块方面，公司立足自身功能定位，加大转型 发展和拓市增收力度。顺应信托“三分类”监管导向，围绕服务实体经济、助力“双碳”目标、乡村振兴等战略任务进 行前瞻性布局，加快发展主动管理类标品信托、家族信托等业务，不断增强服务国计民生能力，受托管理信托资产规模 突破万亿大关。 截至本报告期末，公司资产总额 1,012.84 亿元，较期初增长 5.59%；归属于上市公司股东的净资产",1,data/text/002608.SZ/2025/annual_report.txt,False
49,inspect_esg_tables,212,92.361111,128,395,267,True,1.0,1.0,0.716667,1.0,0.944444,32,2.58,002692.SZ,远程股份,Q_E_ENERGY_INTENSITY,综合能源消耗强度,E,True,0,,,0,missing_candidate,extend_extraction_rules,0,related_disclosure_without_compatible_intensity,的主要业务 1、公司主营业务概述 公司所处行业为电线电缆行业。在电线电缆领域，公司主要从事电线、电缆产品的研发、生产与经营，公司的主要 产品为 500kV 及以下电压等级电力电缆、特种电缆、裸导线、电气装备用电线电缆四大类，产品广泛应用于国家电网、 核电站、智能装备、轨道交通、石油化工、数字通信、新能源、城市管廊等重大项目中。 公司是“国家专精特新小巨人企业”“国家级 5G 智能工厂”“国家高新技术企业”“国家守合同重信用企业” “全国用户满意企业”“江苏省质量管理先进企业”“中国线缆行业最具竞争力企业 100 强”“江苏省绿色工厂”“江 苏省智能制造标杆企业（智能车间）”“江苏省绿色融资主体” 。公司坚持核心技术的长期投入，建立了省级工程技术 研究中心、国家级博士后科研工作站和 CNAS 国家认可实验室，具备先进的检测设备、科研设施和科研场地。 “远程”牌电线电缆是全国用户满意产品、江苏省名牌产品，在品质性能、应用领域、使用寿命等方面居行业领先 水平，享有“全国用户满意产品”“江苏省名牌产品”“江苏省重点保护产品”“江苏省著名商标”等荣誉称号。 公司拥有多个在行业内部具有竞争优势的产,1,data/text/002692.SZ/2025/annual_report.txt,False
50,inspect_esg_tables,214,92.361111,90,217,127,True,1.0,1.0,0.716667,1.0,0.944444,32,2.58,002709.SZ,天赐材料,Q_E_ENERGY_INTENSITY,综合能源消耗强度,E,True,0,,,0,missing_candidate,extend_extraction_rules,0,disclosed_non_revenue_denominator,智能装备领域的 空白 已取得客 户突破， 有稳定订 单滚动 开发出面向人形机器人 与低空飞行器专用的高 性能 PEEK 复合材料。 PEEK 的改性应用有利于公司切入人形 机器人与低空经济两大国家战略新兴 产业赛道，有助于公司构建长期增长 引擎 UV 固化绝 缘框胶开 发 通过分子结构设计与光固化工艺优化，研制兼具 优异电绝缘性、高弹性模量、低离子迁移率、良 好界面粘接性及快速成型能力的新型有机硅材 料，确保电池在热循环、机械冲击及长期服役过 客户导入 阶段 满足客户对固态电池在 高电压、高能量密度环 境下的绝缘结构件的要 求。 本项目将推动公司从传统有机硅产品 向新能源高端功能材料领域战略升 级，深度绑定固态电池下一代动力电 池技术路线。成功切入固态电池供应 === PAGE 23 === 广州天赐高新材料股份有限公司 2025 年年度报告全文 主要研发 项目名称 项目目的 项目进展 拟达到的目标 预计对公司未来发展的影响 程中的安全性与可靠性，填补国内在固态电池关 键封装/绝缘材料领域的技术空白。 链，长远来看，该平台技术还可拓展 至柔性电子、光伏组件封装、半导体 封装等领域，为公,1,data/text/002709.SZ/2025/annual_report.txt,False
51,inspect_esg_tables,461,85.177083,70,219,149,True,1.0,1.0,0.424444,1.0,0.956597,25,1.528,00002.HK,CLP HOLDINGS,Q_E_SOLID_WASTE_INTENSITY,一般固体废物排放强度,E,True,0,,,0,missing_candidate,extend_extraction_rules,0,related_disclosure_without_compatible_intensity,"at would have a significant impact on CLP, in regard to: A1 Emissions: air emissions, discharges into water and land, and generation of hazardous and non-hazardous waste; B1 Employment: compensation and dismissal, recruitment and promotion, working hours, rest periods, equal opportunity, diversity, anti-discrimination, and other benefits and welfare; B4 Labour Standards: preventing child and forced labour; and B7 Anti-corruption: bribery, extortion, fraud and money laundering. CLP Holdings 2025 ",1,data/text/hkex_reports/00002.HK/2025/annual_report.txt,False
52,inspect_esg_tables,462,85.177083,48,355,307,True,1.0,1.0,0.424444,1.0,0.956597,25,1.528,00003.HK,HK & CHINA GAS,Q_E_SOLID_WASTE_INTENSITY,一般固体废物排放强度,E,True,0,,,0,missing_candidate,extend_extraction_rules,0,related_disclosure_without_compatible_intensity,"the year, providing a stable cash flow. In 2025, the Group’s water service volume reached 1.66 billion tonnes, a year-on-year increase of 0.6%, while solid waste treatment volume was 1.72 million tonnes, a growth of 7% year-on-year. The Group’s two food waste processing plants, located in Suzhou and Tongling, recovered approximately 8,000 tonnes of used cooking oil (commonly known as “gutter oil”) throughout the year. This oil was the primary feedstock for the production of sustainable aviation ",2,data/text/00003.HK/2025/annual_report.txt|data/text/hkex_reports/00003.HK/2025/esg_report.txt,False
53,inspect_esg_tables,463,85.177083,53,433,380,True,1.0,1.0,0.424444,1.0,0.956597,25,1.528,00006.HK,POWER ASSETS,Q_E_SOLID_WASTE_INTENSITY,一般固体废物排放强度,E,True,0,,,0,missing_candidate,extend_extraction_rules,0,disclosed_foreign_currency_denominator,"Electricity transmission & distribution Tonnes 2,253 2,241 2,487 Gas transmission & distribution Tonnes 257 8,197 11,375 Energy-from-waste Tonnes 7,924 4,034 7,468 Oil pipelines & storage facilities Tonnes 754 805 879 Total hazardous waste produced intensity Tonnes/ HK$’000 revenue 0.001 0.0006 0.0008 Total non-hazardous waste produced Tonnes 351,097 415,126 504,583 By type Reuse Tonnes 5,837 227,806 300,784 Recycling Tonnes 337,222 174,456 191,795 Incineration (including energy recovery) Tonnes",2,data/text/hkex_reports/00006.HK/2025/annual_report.txt|data/text/hkex_reports/00006.HK/2025/esg_report.txt,False
54,inspect_esg_tables,464,85.177083,108,290,182,True,1.0,1.0,0.424444,1.0,0.956597,25,1.528,000096.SZ,广聚能源,Q_E_SOLID_WASTE_INTENSITY,一般固体废物排放强度,E,True,0,,,0,missing_candidate,extend_extraction_rules,0,no_matching_disclosure_in_text,,1,data/text/000096.SZ/2025/annual_report.txt,False
55,inspect_esg_tables,466,85.177083,193,488,295,True,1.0,1.0,0.424444,1.0,0.956597,25,1.528,000554.SZ,泰山石油,Q_E_SOLID_WASTE_INTENSITY,一般固体废物排放强度,E,True,0,,,0,missing_candidate,extend_extraction_rules,0,related_disclosure_without_compatible_intensity,AGE 17 === 低碳转型 绿色发展 02 治理 泰山石油落实生态环境保护相关部署要求，构建“决策—执行—保障” 三级闭环环境治理体系。以董事会为核心设立环境治理领导小组，统筹 重点任务组织领导，审定重大政策制度与工作成果；组建以安全环保部 为主、各专职 HSE 管理人员参与的专项工作小组，聚焦固体废物全流 程管控，负责任务落地、跨部门协调及进展跟踪；依托 HSE 管理体系， 配套制度建设、风险防控等保障措施与常态化考核机制，推动环境治理 与生产经营深度融合，实现上下贯通、全域覆盖的治理效能，为落实生 态环保责任筑牢组织支撑。 战略 泰山石油深入贯彻习近平生态文明思想，严格落实“无废集团”建设试 点部署及绿色企业行动要求，紧扣国家“双碳”战略、黄河流域生态保 护与污染防治攻坚大局，以“因地制宜、示范引领”“系统推进、协同 联动”为原则，聚焦固体废物源头减量、资源化利用与合规处置核心任 务，通过强化风险防控、厚植绿色企业文化，配套常态化考核问责机制， 推动“无废”与“绿色企业”战略目标深度融入生产经营全链条，实现 生态环境保护与高质量发展协同增效，全力打造能源行业绿色低碳示范 标杆。,2,data/text/000554.SZ/2025/annual_report.txt|data/text/000554.SZ/2025/esg_report.txt,False
56,inspect_esg_tables,467,85.177083,151,413,262,True,1.0,1.0,0.424444,1.0,0.956597,25,1.528,000682.SZ,东方电子,Q_E_SOLID_WASTE_INTENSITY,一般固体废物排放强度,E,True,0,,,0,missing_candidate,extend_extraction_rules,0,no_matching_disclosure_in_text,,1,data/text/000682.SZ/2025/annual_report.txt,False
57,inspect_esg_tables,468,85.177083,136,319,183,True,1.0,1.0,0.424444,1.0,0.956597,25,1.528,001208.SZ,华菱线缆,Q_E_SOLID_WASTE_INTENSITY,一般固体废物排放强度,E,True,0,,,0,missing_candidate,extend_extraction_rules,0,no_matching_disclosure_in_text,,1,data/text/001208.SZ/2025/annual_report.txt,False
58,inspect_esg_tables,469,85.177083,122,258,136,True,1.0,1.0,0.424444,1.0,0.956597,25,1.528,001258.SZ,立新能源,Q_E_SOLID_WASTE_INTENSITY,一般固体废物排放强度,E,True,0,,,0,missing_candidate,extend_extraction_rules,0,no_matching_disclosure_in_text,,1,data/text/001258.SZ/2025/annual_report.txt,False
59,inspect_esg_tables,470,85.177083,112,240,128,True,1.0,1.0,0.424444,1.0,0.956597,25,1.528,001299.SZ,美能能源,Q_E_SOLID_WASTE_INTENSITY,一般固体废物排放强度,E,True,0,,,0,missing_candidate,extend_extraction_rules,0,no_matching_disclosure_in_text,,1,data/text/001299.SZ/2025/annual_report.txt,False
60,inspect_esg_tables,471,85.177083,136,285,149,True,1.0,1.0,0.424444,1.0,0.956597,25,1.528,00182.HK,CONCORD NE,Q_E_SOLID_WASTE_INTENSITY,一般固体废物排放强度,E,True,0,,,0,missing_candidate,extend_extraction_rules,0,disclosed_non_revenue_denominator,"01 12,257.41 Indirect GHG Emissions (Scope 2 – market-based) Tonnes CO2e / 12,497.41 10,915.45 Indirect GHG Emissions (Scope 3) Tonnes CO2e 230,088.99 263,329.21 227,397.45 GHG Emissions (Scope 1 and 2) Tonnes CO2e / 13,162.22 11,361.85 GHG Emission Intensity (Scope 1 and 2) gCO2e/kWh / 1.75 1.52 Total Hazardous Waste Tonnes 7.14 1.54 0.69 Hazardous Waste Intensity Tonnes/million revenue 0.0030 0.0006 0.0003 Total Non-hazardous Waste Tonnes 85.59 70.66 48.08 Non-hazardous Waste Intensity Tonnes/",2,data/text/hkex_reports/00182.HK/2025/annual_report.txt|data/text/hkex_reports/00182.HK/2025/esg_report.txt,False
61,inspect_esg_tables,472,85.177083,24,287,263,True,1.0,1.0,0.424444,1.0,0.956597,25,1.528,002039.SZ,黔源电力,Q_E_SOLID_WASTE_INTENSITY,一般固体废物排放强度,E,True,0,,,0,missing_candidate,extend_extraction_rules,0,no_matching_disclosure_in_text,,1,data/text/002039.SZ/2025/annual_report.txt,False
62,inspect_esg_tables,473,85.177083,27,369,342,True,1.0,1.0,0.424444,1.0,0.956597,25,1.528,002056.SZ,横店东磁,Q_E_SOLID_WASTE_INTENSITY,一般固体废物排放强度,E,True,0,,,0,missing_candidate,extend_extraction_rules,0,no_matching_disclosure_in_text,,1,data/text/002056.SZ/2025/annual_report.txt,False
63,inspect_esg_tables,474,85.177083,28,385,357,True,1.0,1.0,0.424444,1.0,0.956597,25,1.528,00206.HK,CM-ENERGY,Q_E_SOLID_WASTE_INTENSITY,一般固体废物排放强度,E,True,0,,,0,missing_candidate,extend_extraction_rules,0,ambiguous_intensity_disclosure,"三方機構，規範處 置生活垃圾，確保流程合規環保。 Through the implementation of the above measures, the waste generation at the operating sites covered in this report for 2025 is as follows. The Group has established control targets for waste management, with waste emission intensity showing a decreasing trend in 2025. During the Reporting Period, the total amount of non-hazardous waste decreased significantly, and the annual waste emission intensity target was successfully achieved, with overall intensity decreasing by",1,data/text/hkex_reports/00206.HK/2025/annual_report.txt,False
64,inspect_esg_tables,475,85.177083,165,276,111,True,1.0,1.0,0.424444,1.0,0.956597,25,1.528,002074.SZ,国轩高科,Q_E_SOLID_WASTE_INTENSITY,一般固体废物排放强度,E,True,0,,,0,missing_candidate,extend_extraction_rules,0,no_matching_disclosure_in_text,,1,data/text/002074.SZ/2025/annual_report.txt,False
65,inspect_esg_tables,476,85.177083,196,307,111,True,1.0,1.0,0.424444,1.0,0.956597,25,1.528,002090.SZ,金智科技,Q_E_SOLID_WASTE_INTENSITY,一般固体废物排放强度,E,True,0,,,0,missing_candidate,extend_extraction_rules,0,no_matching_disclosure_in_text,,1,data/text/002090.SZ/2025/annual_report.txt,False
66,inspect_esg_tables,477,85.177083,121,327,206,True,1.0,1.0,0.424444,1.0,0.956597,25,1.528,002276.SZ,万马股份,Q_E_SOLID_WASTE_INTENSITY,一般固体废物排放强度,E,True,0,,,0,missing_candidate,extend_extraction_rules,0,no_matching_disclosure_in_text,,1,data/text/002276.SZ/2025/annual_report.txt,False
67,inspect_esg_tables,478,85.177083,174,359,185,True,1.0,1.0,0.424444,1.0,0.956597,25,1.528,00228.HK,CHINA ENERGY,Q_E_SOLID_WASTE_INTENSITY,一般固体废物排放强度,E,True,0,,,0,missing_candidate,extend_extraction_rules,0,ambiguous_intensity_disclosure,"K$’000 克╱千港元 0.034 0.035 112 China Energy Development Holdings Limited 中國能源開發控股有限公司 === PAGE 114 === ENVIRONMENTAL, SOCIAL AND GOVERNANCE REPORT 2025 環境、社會及管治報告2025 11. Environmental Key Performance Indicators (Continued) 11. 環境關鍵績效指標 （續） KPI A1.4: Non-hazardous waste 無害廢物 Greenhouse gas emissions in total and, where appropriate, intensity(1) 關鍵績效指標 A1.4： 溫室氣體總排放量及（如適用）密度 (1) Item 項 Unit 2025 2024 單位 二零二五年 二零二四年 Scope 1 – Direct emissions from sources CO2 equivalent emissions from private cars S",2,data/text/hkex_reports/00228.HK/2025/annual_report.txt|data/text/hkex_reports/00228.HK/2025/esg_report.txt,False
68,inspect_esg_tables,479,85.177083,77,284,207,True,1.0,1.0,0.424444,1.0,0.956597,25,1.528,002335.SZ,科华数据,Q_E_SOLID_WASTE_INTENSITY,一般固体废物排放强度,E,True,0,,,0,missing_candidate,extend_extraction_rules,0,no_matching_disclosure_in_text,,1,data/text/002335.SZ/2025/annual_report.txt,False
69,inspect_esg_tables,480,85.177083,135,250,115,True,1.0,1.0,0.424444,1.0,0.956597,25,1.528,002479.SZ,富春环保,Q_E_SOLID_WASTE_INTENSITY,一般固体废物排放强度,E,True,0,,,0,missing_candidate,extend_extraction_rules,0,related_disclosure_without_compatible_intensity,水平进一步提升。到 2030 年，危险废物 全过程信息化监管体系进一步完善，全国危险废物填埋处置量占比控制在 10％以内，危险 13 === PAGE 14 === 浙江富春江环保热电股份有限公司 2025 年年度报告全文 废物环境风险得到有效防控。2025 年 12 月 27 日，国务院印发了《固体废物综合治理行动 计划》（以下简称“《计划》”），是我国首个系统部署固体废物综合治理的政策文件，按 照减量化、资源化、无害化的原则加强固体废物综合治理。《计划》目标到 2030 年，重点 领域固体废物专项整治取得明显成效，大宗固体废弃物年综合利用量达到 45 亿吨，主要再 生资源年循环利用量达到 5.1 亿吨，固体废物综合治理能力和水平显著提升。 上述《指导意见》与《计划》分别从危险废物风险防控、固体废物综合治理层面明确了 行业发展的阶段性目标与实施路径，充分彰显了固体废物及危险废物资源化、无害化处置在 国家生态环境治理体系中的重要地位，为公司相关业务持续健康发展提供了有力政策支撑与 发展指引。 （三）环境监测治理业务 2025 年 4 月，生态环境部发布《国家生态环境监测网络数智化转型方,1,data/text/002479.SZ/2025/annual_report.txt,False
70,inspect_esg_tables,481,85.177083,176,281,105,True,1.0,1.0,0.424444,1.0,0.956597,25,1.528,002487.SZ,大金重工,Q_E_SOLID_WASTE_INTENSITY,一般固体废物排放强度,E,True,0,,,0,missing_candidate,extend_extraction_rules,0,no_matching_disclosure_in_text,,1,data/text/002487.SZ/2025/annual_report.txt,False
71,inspect_esg_tables,482,85.177083,121,315,194,True,1.0,1.0,0.424444,1.0,0.956597,25,1.528,002506.SZ,协鑫集成,Q_E_SOLID_WASTE_INTENSITY,一般固体废物排放强度,E,True,0,,,0,missing_candidate,extend_extraction_rules,0,related_disclosure_without_compatible_intensity,"2025 年 26,410,296.89 范围三温室气体排放总量 上游范围三温室 下游范围三温室 气体排放总量 气体排放总量 25,447,163.79 963,133.10 协鑫集成严格遵守《中华人民共和国环境保护法》《中华人民共和国大气污染防治法》《中华 人民共和国水污染防治法》《中华人民共和国固体废物污染环境防治法》等法律法规要求，持 续完善环境管理制度建设。协鑫集成已在官网公开《协鑫集成环境管理政策》，涵盖污染防治、 节能减排、生态保护等核心内容，并延伸至供应商及合作伙伴，共同构建全链条绿色发展生态。 协鑫集成体系化开展环境管理，各生产基地均设立环保管理部门，统筹负责所属工厂环境事务。 截至报告期末，合肥协鑫、阜宁协鑫、芜湖协鑫工厂均获 ISO 14001 环境管理体系认证并通过 年度审核，覆盖协鑫集成光伏组件相关生产基地的比例为 100%。公司定期开展环境因素识别与 环境风险评估，制定针对性管控措施，严格落实生产设施核查与运维管理，确保生产经营符合 国家及地方最新环保标准要求。 披露项 单位 2025 年 外购商品和服务 吨二氧化碳当量 25,354,137.50 资本商品 ",2,data/text/002506.SZ/2025/annual_report.txt|data/text/002506.SZ/2025/esg_report.txt,False
72,inspect_esg_tables,483,85.177083,177,376,199,True,1.0,1.0,0.424444,1.0,0.956597,25,1.528,002531.SZ,天顺风能,Q_E_SOLID_WASTE_INTENSITY,一般固体废物排放强度,E,True,0,,,0,missing_candidate,extend_extraction_rules,0,related_disclosure_without_compatible_intensity,检查和重点领域专项检查，发现问题及时整改，并根据实际情况进一步梳理、完善安全生产管 理制度、流程，切实提高安全生产管理水平。同时公司以“不止创造、美化环境”为己任，坚持围绕“新能源、节能环 保”领域发展，积极促进人与环境健康和谐的关系，将环境保护作为企业可持续发展战略的重要内容，针对气、水、噪 声、固体废物等各项目制定了严格合规的防治措施，严格执行，通过技术创新和优化管理不断增强节能环保力度，充分 履行企业的社会责任。 47 === PAGE 48 === 天顺风能（苏州）股份有限公司 2025 年年度报告全文 十七、巩固拓展脱贫攻坚成果、乡村振兴的情况 公司发展源于社会，回报社会是公司应尽的责任。作为社会的一员，在兼顾公司、股东及其他相关方利益的情况下，公 司积极参与社会公益事业，以自身发展影响和带动地方经济的振兴，将追求利润和承担社会责任有机的融合在一起。 2025 年度期间，公司共对外捐赠约 527.6 万元，具体内容详见同日披露于巨潮网上的《2025 年度可持续发展报告》。 48 === PAGE 49 === 天顺风能（苏州）股份有限公司 2025 年年度报告全文 第五节 重,2,data/text/002531.SZ/2025/annual_report.txt|data/text/002531.SZ/2025/esg_report.txt,False
73,inspect_esg_tables,484,85.177083,149,436,287,True,1.0,1.0,0.424444,1.0,0.956597,25,1.528,002608.SZ,江苏国信,Q_E_SOLID_WASTE_INTENSITY,一般固体废物排放强度,E,True,0,,,0,missing_candidate,extend_extraction_rules,0,related_disclosure_without_compatible_intensity,25 === 江苏国信股份有限公司 2025 年年度报告全文 石发电有限公司、江苏国信滨海港发电有限公司、江苏国信沙洲发电有限公司和江苏国信协联燃气热电有限公司本期享 受此项税收优惠政策。 根据《中华人民共和国环境保护税法》第十二条规定： “下列情形，暂予免征环境保护税：……（四）纳税人综合利用 的固体废物，符合国家和地方环境保护标准的；…… ”子公司苏晋保德煤电有限公司、苏晋朔州煤矸石发电有限公司、 苏晋塔山发电有限公司、江苏射阳港发电有限责任公司、江苏国信扬州发电有限责任公司、扬州第二发电有限责任公司、 江苏国信滨海港发电有限公司、江苏新海发电有限公司、江苏淮阴发电有限责任公司、江苏国信靖江发电有限公司、江 苏国信沙洲发电有限公司本期享受此项税收优惠政策。 印花税： 根据《关于进一步支持小微企业和个体工商户发展有关税费政策的公告》（财政部 税务总局公告 2023 年第 12 号）第二 条规定，自 2023 年 1 月 1 日至 2027 年 12 月 31 日，对增值税小规模纳税人、小型微利企业和个体工商户减半征收城市 维护建设税、房产税、城镇土地使用税、印花税（不含证券交易印花税,1,data/text/002608.SZ/2025/annual_report.txt,False
74,inspect_esg_tables,485,85.177083,128,395,267,True,1.0,1.0,0.424444,1.0,0.956597,25,1.528,002692.SZ,远程股份,Q_E_SOLID_WASTE_INTENSITY,一般固体废物排放强度,E,True,0,,,0,missing_candidate,extend_extraction_rules,0,no_matching_disclosure_in_text,,1,data/text/002692.SZ/2025/annual_report.txt,False
75,inspect_esg_tables,487,85.177083,90,217,127,True,1.0,1.0,0.424444,1.0,0.956597,25,1.528,002709.SZ,天赐材料,Q_E_SOLID_WASTE_INTENSITY,一般固体废物排放强度,E,True,0,,,0,missing_candidate,extend_extraction_rules,0,related_disclosure_without_compatible_intensity,"0 西宁 西宁 印尼天赐 （印尼盾）10,100,000,000.00 印度尼西 亚 印度尼西 亚 化工 美国天赐 （美元）1,000,000.00 美国 德国天赐 （欧元）12,430,000.00 德国 新加坡天赐 （新币）42,140,000.00 新加坡 化工 新加坡 100.00% 设立 固体废物 治理服务 美国 德国 51.01% 非同一控制下 企业合并 100.00% 设立 化工 100.00% 设立 化工 100.00% 设立 贸易 100.00% 设立 韩国天赐 （韩币）600,000,000.00 韩国 韩国 化工 100.00% 设立 摩洛哥天赐 （摩洛哥迪拉姆）100,000.00 摩洛哥 摩洛哥 化工 100.00% 设立 津巴布韦天赐 （津巴布韦元）200,000.00 津巴布韦 津巴布韦 采矿 100.00% 设立 荷兰天赐 （欧元）1,000,000.00 荷兰 荷兰 化工 100.00% 设立 特拉华天赐 （美元）3,000,000.00 美国 特拉华 投资 100.00% 设立 德州天赐 （美元）3,000,000.00 美国 德州 化工 100.0",1,data/text/002709.SZ/2025/annual_report.txt,False
76,inspect_esg_tables,737,81.767361,70,219,149,True,1.0,1.0,0.275556,1.0,0.987847,7,0.992,00002.HK,CLP HOLDINGS,Q_E_SO2_INTENSITY,二氧化硫排放强度,E,True,0,,,0,missing_candidate,extend_extraction_rules,0,disclosed_non_revenue_denominator,"Apraava Energy’s non-carbon investments3 2024 : 1.5GW >50 Innovation pilots in progress 2024 : >30 2,565 EV chargers under management4 2024 : 1,496 30,546RT* Total cooling capacity under CaaS5 2024 : 18,811RT* * refrigeration tonnes 12,133kWp# Total solar capacity under SaaS5 2024 : 8,311kWp# # kilowatt peak 0.50kg CO2e/kWh Greenhouse gas emissions intensity 2024 : 0.53kg CO2e/kWh 71% Operating earnings from non-carbon generation assets, transmission, distribution and retail operations 2024 : 68",1,data/text/hkex_reports/00002.HK/2025/annual_report.txt,False
77,inspect_esg_tables,738,81.767361,48,355,307,True,1.0,1.0,0.275556,1.0,0.987847,7,0.992,00003.HK,HK & CHINA GAS,Q_E_SO2_INTENSITY,二氧化硫排放强度,E,True,0,,,0,missing_candidate,extend_extraction_rules,0,related_disclosure_without_compatible_intensity,"2 === OUR MISSION To provide our customers with safe, reliable, clean and smart energy along with quality services, while committed to fulfilling our social responsibility, ensuring sustainable business growth, enhancing our shareholders’ return on investment, and bringing long-term benefit for our planet, society, and stakeholders. OUR VISION To be a leading clean and smart energy supplier, with a view to creating a sustainable world driven by green energy. === PAGE 3 === CONTENTS 2025 Awards a",2,data/text/00003.HK/2025/annual_report.txt|data/text/hkex_reports/00003.HK/2025/esg_report.txt,False
78,inspect_esg_tables,739,81.767361,53,433,380,True,1.0,1.0,0.275556,1.0,0.987847,7,0.992,00006.HK,POWER ASSETS,Q_E_SO2_INTENSITY,二氧化硫排放强度,E,True,0,,,0,missing_candidate,extend_extraction_rules,0,ambiguous_intensity_disclosure,"ng unit L13 progressed on schedule towards a targeted completion date in early 2029, when it will go into operation. Once commissioned, L13 is expected to increase gas-fired generation of LPS to about 80% of total output, further lowering our carbon intensity. Smart meters and the advanced metering infrastructure not only facilitate better energy management for customers, but also enhance HK Electric’s ability for monitoring of the power grid. enhanced electronic application forms that enabled r",2,data/text/hkex_reports/00006.HK/2025/annual_report.txt|data/text/hkex_reports/00006.HK/2025/esg_report.txt,False
79,inspect_esg_tables,740,81.767361,108,290,182,True,1.0,1.0,0.275556,1.0,0.987847,7,0.992,000096.SZ,广聚能源,Q_E_SO2_INTENSITY,二氧化硫排放强度,E,True,0,,,0,missing_candidate,extend_extraction_rules,0,no_matching_disclosure_in_text,,1,data/text/000096.SZ/2025/annual_report.txt,False
80,inspect_esg_tables,743,81.767361,193,488,295,True,1.0,1.0,0.275556,1.0,0.987847,7,0.992,000554.SZ,泰山石油,Q_E_SO2_INTENSITY,二氧化硫排放强度,E,True,0,,,0,missing_candidate,extend_extraction_rules,0,related_disclosure_without_compatible_intensity,管理方法、工作进展与取得的成果。 可靠性保证 本公司董事会已于 2026 年 4 月 22 日审议批准本报告，保证本报告内容不存在虚假记载和误导性陈述。 编制依据 结合全球报告倡议组织（GRI）《GRI 可持续发展报告标准》《GRI 11：石油与天然气行业标准（2021 版）》； 国际标准化组织 ISO 26000：2010《社会责任指南》国际标准等国际相关要求； 参照国家标准 GB/T 36001-2015《社会责任报告编写指南》； 国务院国资委办公厅《央企控股上市公司 ESG 专项报告参考指标体系》； 深圳证券交易所《上市公司自律监管指引第 17 号——可持续发展报告（试行）》《上市公司自律监管指南 第 3 号——可持续发展报告》。 参考财政部《企业可持续披露准则——基本准则（试行）》； 参考并回应了联合国可持续发展目标（SDGs）。 报告说明 2025 年 报告范围 本报告披露信息的范围涵盖中国石化山东泰山石油股份有限公司及其附属公司，与泰山石油（000554.SZ） 2025 年年报合并财务报表范围一致。 数据说明 数据源于公司内部文件、报表和相关统计数据。除特别说明外，本报告,2,data/text/000554.SZ/2025/annual_report.txt|data/text/000554.SZ/2025/esg_report.txt,False
81,inspect_esg_tables,744,81.767361,151,413,262,True,1.0,1.0,0.275556,1.0,0.987847,7,0.992,000682.SZ,东方电子,Q_E_SO2_INTENSITY,二氧化硫排放强度,E,True,0,,,0,missing_candidate,extend_extraction_rules,0,related_disclosure_without_compatible_intensity,小企业股转系统挂牌，证券简称：海颐软件，证券编码： 832327。目前海颐软件为电力、能源、电子政务、交通运输等行业客户提供软件产品、技 术服务和大数据应用。拥有 CMMIL5 资质、ITSS 信息技术服务运行维护标准符合性三级认 证（ITSSL3）、电力需求侧管理服务机构能力一级认证，先后通过 ISO9001、ISO14001、 ISO45001、ISO27001 和 ISO20000 认证，通过软件企业认证、高新技术企业认定。 报告期内，受市场竞争加剧，产品交付周期增长，成本上升，毛利降低，自身业务转 型调整等多重因素影响，海颐软件实现营业收入 8.22 亿元，较去年同期减少 12.92%；净 利润 0.32 亿元，较去年同期减少 69.52%。 公司全资子公司威思顿产业聚焦数字电力、智慧能源、数智工厂三大业务领域，是集 产品研发、生产、服务和销售于一体的国家级重点高新技术企业。面向海内外市场，布局 用电、配电、新能源及综合能源管理、微电网、数字化智能工厂等八大业务方向，深入实 施“以技术创新为先导、以客户价值为目标”产品领先战略，创新发展推动产业升级，为 电网数字化转型、新型能源,1,data/text/000682.SZ/2025/annual_report.txt,False
82,inspect_esg_tables,746,81.767361,136,319,183,True,1.0,1.0,0.275556,1.0,0.987847,7,0.992,001208.SZ,华菱线缆,Q_E_SO2_INTENSITY,二氧化硫排放强度,E,True,0,,,0,missing_candidate,extend_extraction_rules,0,no_matching_disclosure_in_text,,1,data/text/001208.SZ/2025/annual_report.txt,False
83,inspect_esg_tables,747,81.767361,122,258,136,True,1.0,1.0,0.275556,1.0,0.987847,7,0.992,001258.SZ,立新能源,Q_E_SO2_INTENSITY,二氧化硫排放强度,E,True,0,,,0,missing_candidate,extend_extraction_rules,0,related_disclosure_without_compatible_intensity,键 特性及影响因素进行 深入分析和确定。构 建储能电池海量数据 监测技术平台，深入 研究如何通过实时数 据 监 测 与 智 能 分 析， 降低储能系统的运维 风险和成本。 1. 完成“储能电站电池诊断 及运维系统”功能开发及数 据 采 集、 整 理 ；2. 完 成“ 电 芯不一致性诊断”、“高精度 SOH 估算”及“电池剩余寿 命预测”相关算法模型的开 发、 搭 建 和 训 练 工 作 ；3. 完 成“储能电站电池诊断及运 维系统”现场部署，接入全 站 BMS 电 池 数 据， 完 成 功 能调试及测试 ；4. 申请发明 专利 2 项、软著 2 项、论文 2 篇 ；5. 完 成 项 目 验 收、 结 题 工作。 开 发 储 能 电 池 海 量 数 据 监 测 及 储 能 电 站 智 慧 运 维 技 术， 构 建 储 能 电 站 电池诊断及运维系统，具 体 实 现 ：1. 储 能 PCS、 BMS、 电 芯 等 设 备 数 据 全 量 监 控 ；2.SOH 估 算 误 差 ≤ 5% ；3. 电 芯 不 一 致 性 诊 断 模 型 异 常 检 出 率 ≥ 90% ；4. 电池寿命预测 模型,1,data/text/001258.SZ/2025/annual_report.txt,False
84,inspect_esg_tables,748,81.767361,112,240,128,True,1.0,1.0,0.275556,1.0,0.987847,7,0.992,001299.SZ,美能能源,Q_E_SO2_INTENSITY,二氧化硫排放强度,E,True,0,,,0,missing_candidate,extend_extraction_rules,0,related_disclosure_without_compatible_intensity,效与个人绩效的紧密结合，确保绩效考核结果真正应 用于员工薪酬调整、职务晋升、岗位调整及不胜任退出等环节，刚性落实“能者上、平者让、庸者下、劣者汰”的用人 导向，充分调动全员干事创业积极性；三是持续推进集团及各事业部标准化建设工作，全面梳理、优化核心业务流程， 编制科学、务实、可操作的标准化作业程序（SOP）手册，不断推动运营管理与客户服务规范化、精细化升级，提升运 营效率与风险防控能力。 5.数字化管理转型：信息化应用促进业务数字化、智能化发展 加快完善信息化建设，促进数字化、智能化技术与公司经营管理及核心业务的深度融合，以技术创新驱动高质量发 展。 一是整合数据与业务中台，彻底打通各系统间的数据壁垒，完成内控管理平台建设并投入常态运营，实现核心业务 数据可视、可查询、可应用；二是以业务场景为导向、以痛点为目标，积极引入并部署人工智能（AI）工具，在决策支 持、投资分析、业绩预测、业务流程自动化、智能客服等领域开展试点与应用，推动人工智能从辅助工具向提升核心竞 争力的关键支撑转变；三是持续提升全员信息化、数字化应用能力，开展针对性的全员信息化工具能力培训与效果评估， 实现数字赋能与业务,1,data/text/001299.SZ/2025/annual_report.txt,False
85,inspect_esg_tables,749,81.767361,136,285,149,True,1.0,1.0,0.275556,1.0,0.987847,7,0.992,00182.HK,CONCORD NE,Q_E_SO2_INTENSITY,二氧化硫排放强度,E,True,0,,,0,missing_candidate,extend_extraction_rules,0,ambiguous_intensity_disclosure,"s"". 4 5  The financial effect of climate-related risks are highly interdependent with and influenced by multiple market and operational factors, including electricity price volatility, equipment O&M costs, grid dispatch requirements, policy subsidy intensity, and power technology iteration. Consequently, their standalone financial effect cannot be reliably isolated and quantified at present. The methods used to assess the current financial effect of climate-related risks or op- portunities invo",2,data/text/hkex_reports/00182.HK/2025/annual_report.txt|data/text/hkex_reports/00182.HK/2025/esg_report.txt,False
86,inspect_esg_tables,750,81.767361,24,287,263,True,1.0,1.0,0.275556,1.0,0.987847,7,0.992,002039.SZ,黔源电力,Q_E_SO2_INTENSITY,二氧化硫排放强度,E,True,0,,,0,missing_candidate,extend_extraction_rules,0,no_matching_disclosure_in_text,,1,data/text/002039.SZ/2025/annual_report.txt,False
87,inspect_esg_tables,751,81.767361,27,369,342,True,1.0,1.0,0.275556,1.0,0.987847,7,0.992,002056.SZ,横店东磁,Q_E_SO2_INTENSITY,二氧化硫排放强度,E,True,0,,,0,missing_candidate,extend_extraction_rules,0,related_disclosure_without_compatible_intensity,产品等已切 入新能源汽车、储能、AI 等领域。 公司深耕磁性材料行业近半个世纪，以技术领先、注重品质和服务而成为众多全球 500 强和行 业领先企业的战略合作伙伴，先后获得 Bosch 亚太区最佳供应商、Bosch 全球最佳供应商、Midea 战 略供应商，并多次被 Brose、Eaton、Panasonic、Nidec 等客户评为最佳供应商。 光伏方面，公司深耕行业 16 年，持续以差异化产品和市场入手，带动标准化产品销售，精准满 足不同区域不同客户的需求。截至 12 月底，公司拥有 5 类双玻标准产品和 9 类特殊应用场景产品， 凭借差异化产品及领先的质量和性能，公司光伏产品得到了 TÜV SÜD、EUPD Research 等第三方国 际权威机构的认可，是全球首批获得低碳认证的光伏组件制造企业，已连续 8 年获 EUPD Research “顶级光伏组件品牌”，连续7 年位列彭博新能源财经“全球一级太阳能组件制造商”，连续5 年获 Kiwa PVEL “全球组件最佳表现制造商”。 锂电方面，公司18650、21700 型的三元圆柱电池，出货量位列全国前三，产品覆盖能量型26E- ,1,data/text/002056.SZ/2025/annual_report.txt,False
88,inspect_esg_tables,752,81.767361,28,385,357,True,1.0,1.0,0.275556,1.0,0.987847,7,0.992,00206.HK,CM-ENERGY,Q_E_SO2_INTENSITY,二氧化硫排放强度,E,True,0,,,0,missing_candidate,extend_extraction_rules,0,ambiguous_intensity_disclosure,"動、張貼標語、現場培訓及鼓勵員工提交合理化建議等方式，營造全員參與的節水氛圍，確保節水意識深 入人心。 132 CM Energy Tech Co., Ltd. ‧ Annual Report 2025 === PAGE 135 === ENVIRONMENTAL, SOCIAL AND GOVERNANCE REPORT 環境、社會及管治報告 GREEN DRIVES THE FUTURE, LOW-CARBON LEADS THE WAY (Continued) Energy and Resource Management (Continued) Water Resource Management (Continued) The Group has established control targets for water consumption intensity, targeting a 3% year-on-year reduction in 2025 compared to 2024. During the Reporting Period, total water con",1,data/text/hkex_reports/00206.HK/2025/annual_report.txt,False
89,inspect_esg_tables,753,81.767361,165,276,111,True,1.0,1.0,0.275556,1.0,0.987847,7,0.992,002074.SZ,国轩高科,Q_E_SO2_INTENSITY,二氧化硫排放强度,E,True,0,,,0,missing_candidate,extend_extraction_rules,0,ambiguous_intensity_disclosure,"可靠的服务 保障。通过健全制度体系与完善全球服务网络，公司不断筑牢客户权益保护的坚实屏障，努力为客户创 造可持续的合作价值。 （四）环境保护与可持续发展 公司设立由经营管理层组成的 EHS（环境、健康安全）管理委员会，作为环境管理最高决策机构， 负责审阅 EHS 管理目标指标，规范 EHS 管理体系运行。公司推行 EHS 目标责任书机制，将 EHS 管理目 标深度融入各基地、各部门绩效考评，并将污染物减排列为核心绩效指标，层层分解落实，确保减排任 务落地。体系建设上，公司旗下控股子公司均通过 ISO 14001 环境管理体系认证，并定期开展内外部审计， 保障体系有效运行。2025 年，公司环保总投入达 5,543.47 万元，为各项环境管理工作提供坚实资金保障； 污染防治方面，通过持续优化废水、废气处理工艺，实现污染物排放强度逐年下降。国内 8 家基地已经 获批成为国家级/省级绿色工厂，标志着公司在环境管理与绿色发展方面的实践成果显著。 为响应国家“双碳”目标，公司于 2025 年正式发布《零碳战略》，明确提出 2027 年实现运营碳达峰、 2035 年实现运营碳中和的战略目标。围绕该",1,data/text/002074.SZ/2025/annual_report.txt,False
90,inspect_esg_tables,754,81.767361,196,307,111,True,1.0,1.0,0.275556,1.0,0.987847,7,0.992,002090.SZ,金智科技,Q_E_SO2_INTENSITY,二氧化硫排放强度,E,True,0,,,0,missing_candidate,extend_extraction_rules,0,related_disclosure_without_compatible_intensity,，控制风险，预防事故，减少伤 害，同时，公司注重对员工的安全教育与培训，不定期组织员工参加生产知识培训和消防 安全演练，提高员工安全生产意识和自我保护能力。公司以员工的健康安全为己任，遵守 安全法律法规，尊重及维护公众和相关方的健康与安全权益，努力为员工创造一个安全、 和谐的工作环境，已按照国际 ISO9001:2015 质量管理体系、ISO 14001:2015 环境管理体 系、OHSAS 18001：2007 职业健康安全管理体系的要求，结合公司实际，建立了质量环境 职业健康安全管理体系。 公司高度重视企业文化建设，积极开展各项文化娱乐活动，为员工提供才艺展示平台， 丰富员工的业余生活。公司每年积极组织、开展各种文体活动，包括组织迎春联欢会、 “三八节”春游、端午节包粽子、快乐健身等多种形式活动，有效促进了员工之间的沟通 与交流，增强员工的团队合作意识和集体荣誉感，提高凝聚力和向心力。公司内部还设有 “金智瑜伽”、“金智舞蹈”、“金智夜校”等多元化社团，涵盖书法、乐器、非遗等领 域，为员工间兴趣交流、相互了解、互助互爱提供良好平台。 3、供应商、客户和消费者权益保护方面 公司坚持平,1,data/text/002090.SZ/2025/annual_report.txt,False
91,inspect_esg_tables,755,81.767361,121,327,206,True,1.0,1.0,0.275556,1.0,0.987847,7,0.992,002276.SZ,万马股份,Q_E_SO2_INTENSITY,二氧化硫排放强度,E,True,0,,,0,missing_candidate,extend_extraction_rules,0,related_disclosure_without_compatible_intensity,筹推进经济效益、社会效益与环境效益协同平衡、高质量发展。在环境管理方面，公司全面推进绿色 生产工艺，推广使用环保原辅材料，大力实施节能减排、清洁生产与资源循环利用，持续降低生产活动 对生态环境的影响，持续加大环保节能设备投入，构建覆盖全流程的固废减量化、资源化、无害化综合 管理体系，持续有效运行 ISO14001 环境管理体系，环境管理规范化、系统化水平显著提升。在安全生 产领域，公司严格落实安全生产责任制，规范运行 ISO45001 职业健康安全管理体系，通过常态化安全 文化建设、专业化安全技能培训与实战化应急演练，全面提升全员安全意识与应急处置能力，有效防范 化解各类安全风险，保障生产经营持续安全稳定。 四、主营业务分析 1、概述 报告期，在外部挑战与机遇并存的背景下，公司以“一体两翼、南北联动”战略为指引，聚焦主营 业务竞争力与经营质量的提升，通过深化内部改革、构建全流程风控体系，保持经营业绩稳定。报告期， 公司实现营业收入 192.40 亿元，同比增长 8.33%；归属于上市公司股东的净利润 3.47 亿元，同比增长 1.74%。 (1) 电线电缆：外拓市场，内筑根基 报告期，,1,data/text/002276.SZ/2025/annual_report.txt,False
92,inspect_esg_tables,756,81.767361,174,359,185,True,1.0,1.0,0.275556,1.0,0.987847,7,0.992,00228.HK,CHINA ENERGY,Q_E_SO2_INTENSITY,二氧化硫排放强度,E,True,0,,,0,missing_candidate,extend_extraction_rules,0,ambiguous_intensity_disclosure,"ombination with activities such as Quality Month and Measurement Day to effectively promote quality awareness and strengthen management efforts. In terms of the quality management of nonoil products, the Company expands the scope and strengthens the intensity of its annual supervision on a continuous basis, paying close attention to critical periods such as the rainy season, extreme weather conditions and holidays based on different climatic characteristics and phased management priorities. We c",2,data/text/hkex_reports/00228.HK/2025/annual_report.txt|data/text/hkex_reports/00228.HK/2025/esg_report.txt,False
93,inspect_esg_tables,757,81.767361,77,284,207,True,1.0,1.0,0.275556,1.0,0.987847,7,0.992,002335.SZ,科华数据,Q_E_SO2_INTENSITY,二氧化硫排放强度,E,True,0,,,0,missing_candidate,extend_extraction_rules,0,related_disclosure_without_compatible_intensity,数据股份有限公司 2025 年年度报告全文 十、公司控制的结构化主体情况 □适用 不适用 十一、公司未来发展的展望 （一）行业格局和趋势 1、智算中心行业 数据中心行业在 AI 应用深化与算力需求增长的推动下，正进入以智能算力为核心的发展阶段。根据 McKinsey ＆ Company 以及 Resourcera 估计，全球数据中心总容量预计从 2025 年的 82GW 增长至 2030 年的 219GW。全球约 11%的人口 为 AI 活跃用户，约82%的企业已接入或测试 AI，应用端渗透率的提升带动了算力基础设施的持续投入。中国“东数西算” 工程、美国“星际之门”计划等政策引导，进一步推动了算力资源的集约化布局。 需求结构方面，数据中心负载从通用计算向智能计算转移。据 McKinsey ＆ Company 预估，2025 年至 2030 年，AI 工作负载预计从 44GW 增至 156GW（增幅 254%），而非 AI 负载仅从 38GW 增至 64GW（增幅 68%）。AI 负载占比将从 2025 年的 54%提升至 2030 年的71%，成为驱动数据中心扩张的核心引擎。 散热,1,data/text/002335.SZ/2025/annual_report.txt,False
94,inspect_esg_tables,759,81.767361,135,250,115,True,1.0,1.0,0.275556,1.0,0.987847,7,0.992,002479.SZ,富春环保,Q_E_SO2_INTENSITY,二氧化硫排放强度,E,True,0,,,0,missing_candidate,extend_extraction_rules,0,related_disclosure_without_compatible_intensity,5 === 浙江富春江环保热电股份有限公司 2025 年年度报告全文 制“热电联产+固废（危废）资源化+环境监测治理”的循环经济模式积聚先发优势，增强 公司抵御市场风险能力。 （二）技术创新、具有超前优势 公司与多家高校合作设立技术研发中心，进行工艺、技术、项目的研发，其中在生产中 对二噁英的防治、二氧化硫、氮氧化物的去除等方面和污泥干化等领域处于国内先进水平。 同时经过多年的研发投入和技术沉淀，公司目前已具备了一定的研发和创新能力。截至报告 期末，公司已经拥有 8 家高新技术企业、1 家国家鼓励发展的重大环保技术装备依托单位、 3 家省级“专精特新”企业、1 家中美政府间合作项目研究基地、1 家省级企业研究院。公 司各项目燃煤锅炉全部实现超净排放，达到行业先进水平，控股子公司研究院成功研制开发 出了国内外首台具有实用意义的二噁英在线快速检测仪器系统。 （三）管理科学、提质增效 公司狠抓制度创新建设，强化管理手段，以 ISO9001 质量管理体系、ISO14001 环境管 理体系为基础，对公司及其下属子公司制度进行新建、优化、梳理等工作，提高制度的科学 性与灵活性，增强员工的积极性与能,1,data/text/002479.SZ/2025/annual_report.txt,False
95,inspect_esg_tables,760,81.767361,176,281,105,True,1.0,1.0,0.275556,1.0,0.987847,7,0.992,002487.SZ,大金重工,Q_E_SO2_INTENSITY,二氧化硫排放强度,E,True,0,,,0,missing_candidate,extend_extraction_rules,0,no_matching_disclosure_in_text,,1,data/text/002487.SZ/2025/annual_report.txt,False
96,inspect_esg_tables,761,81.767361,121,315,194,True,1.0,1.0,0.275556,1.0,0.987847,7,0.992,002506.SZ,协鑫集成,Q_E_SO2_INTENSITY,二氧化硫排放强度,E,True,0,,,0,missing_candidate,extend_extraction_rules,0,disclosed_non_revenue_denominator,等包容 开篇 可持续发展战略与治理 年度专题 商业互信 附录 自然生态 85 卓越创新 披露议题 / 披露项 披露项标题 章节索引 披露议题 / 披露项 披露项标题 章节索引 302-1 组织内部的能源消耗量 能源管理与可再生能 源利用 305-1 直接（范畴 1）温室气体排放 应对气候变化 305-2 能源间接（范畴 2）温室气体排放 应对气候变化 302-2 组织外部的能源消耗量 能源管理与可再生能 源利用 305-3 其他间接（范畴 3）温室气体排放 应对气候变化 305-4 温室气体排放强度 应对气候变化 302-3 能源强度 能源管理与可再生能 源利用 305-5 温室气体减排量 应对气候变化 305-7 氮氧化物（NOx）、硫氧化物（SOx） 和其他重大气体排放 污染物排放 302-4 减少能源消耗量 能源管理与可再生能 源利用 GRI 306 废弃物 302-5 降低产品和服务的能源需求 能源管理与可再生能 源利用 3-3 实质性议题管理 废弃物管理 306-1 废弃物的产生及废弃物相关重大影响 废弃物管理 GRI 303 水资源与污水 306-2 废弃物相关重大影响的管,2,data/text/002506.SZ/2025/annual_report.txt|data/text/002506.SZ/2025/esg_report.txt,False
97,inspect_esg_tables,762,81.767361,177,376,199,True,1.0,1.0,0.275556,1.0,0.987847,7,0.992,002531.SZ,天顺风能,Q_E_SO2_INTENSITY,二氧化硫排放强度,E,True,0,,,0,missing_candidate,extend_extraction_rules,0,disclosed_non_revenue_denominator,动焊 技术研究与应用 工艺研发与方案应用，自动化创新改 进 研发论证阶段 1.自动化焊接工作站智能 自动焊，效率提升 50%， 焊接质量更加稳定； 2.船舶管系管道、弯头、 法兰、三通对接、角接自 动焊，焊枪在工件外部、 焊缝正上方进行平位置焊 接，通过焊接机床的机头 带动工件旋转而实现自动 焊接。采用 TIG+MIG 自动 焊接，用于管三通、管法 兰、管弯头环缝对接/角 接，管管环缝等应用的自 动焊接。 通过新设备新工艺的研 发，自动化创新，降低生 产成本，提升焊接效率和 质量稳定性，缩短 FSO 船 舶管系产品的制造周期， 提升公司的技术实力和船 舶市场竞争力。 基于大型化风电叶片材料 优化的研发 为应对风电大型化趋势，通过引入高 性能复合材料拉挤板工艺替代传统材 料，在保障结构强度的同时显著减少 树脂等原材料消耗，缩短产品制造周 期。 实施优化阶段 单支叶片平均减少树脂等 原材料消耗约 5%，制造周 期缩短约 15% 有效降低了风电叶片的制 造成本，为公司推进绿色 制造、提升大型化风电叶 片产品交付能力奠定了坚 实基础。 1Nm³/h AEM 制氢系统： 低成本抽屉式绿氢解决方 ,2,data/text/002531.SZ/2025/annual_report.txt|data/text/002531.SZ/2025/esg_report.txt,False
98,inspect_esg_tables,763,81.767361,149,436,287,True,1.0,1.0,0.275556,1.0,0.987847,7,0.992,002608.SZ,江苏国信,Q_E_SO2_INTENSITY,二氧化硫排放强度,E,True,0,,,0,missing_candidate,extend_extraction_rules,0,related_disclosure_without_compatible_intensity,攻坚战工作部署。2025 年，各控股发电子企业共投入约 40983.69 万元，用以购买环保运行耗 材，推进环保设施日常运行维护、环保设施升级改造、噪声治理、厂区及周边道路扬尘治理等项目，公司旗下电厂所有 机组均已完成超低排放改造，实现在线联网监控。脱硫、脱硝、除尘系统投运率均达到 99.9%以上，二氧化硫、氮氧化 物、烟尘等污染物排放均符合国家超低排放标准。2025 年公司江苏省内火电机组供电标准煤耗（含燃机）为 287.19 克/ 千瓦时；山西省内煤机（空冷机组）供电标准煤耗为 314.37 克/千瓦时。 更多节能减排相关信息可查阅本公司《2025 年度环境、社会及治理报告》。 上市公司发生环境事故的相关情况 无 十六、社会责任情况 详见公司披露的《2025 年度环境、社会及治理报告》。 十七、巩固拓展脱贫攻坚成果、乡村振兴的情况 公司深入贯彻习近平总书记关于持续加强消费帮促的重要指示精神，积极推动脱贫攻坚成果与乡村振兴的有效衔接。公 司及控股子公司通过采购脱贫地区特色农副产品，鼓励干部职工增加对脱贫地区农副产品的消费，充分发挥东西部协作、 对口支援、定点帮促等机制作用，助力欠发达,1,data/text/002608.SZ/2025/annual_report.txt,False
99,inspect_esg_tables,764,81.767361,128,395,267,True,1.0,1.0,0.275556,1.0,0.987847,7,0.992,002692.SZ,远程股份,Q_E_SO2_INTENSITY,二氧化硫排放强度,E,True,0,,,0,missing_candidate,extend_extraction_rules,0,related_disclosure_without_compatible_intensity,，并助建在埃塞俄比亚、安哥拉、越南等多个项目。 2、经营模式 公司线缆业务主要采用以销定产的经营模式。公司参与客户招标，中标后公司将根据交货日期、产品种类和运输距 离制定详细的生产计划并组织生产。公司通过技术创新、新产品的研发投入和人才引进等方式不断提升公司的销售能力 和创新能力，公司产品通过了 ISO9001：2015 质量管理体系认证、ISO14001：2015 环境管理体系认证、ISO45001：2018 职业健康安全管理体系认证、ISO50001：2018 能源管理体系认证、ISO10012：2003 测量管理体系认证、ISO14064 温室 气体核查，并获得了 CCC 国家强制性产品认证证书、阻燃 CCC 产品认证、PCCC 电能产品认证证书、民用核安全设备 设计和制造许可证，美国 UL 认证、荷兰 KEMA 认证、欧盟 CE 认证、环保 RoHS 认证、莱茵 TUV 认证、澳大利亚 SAA 认证、德凯 DEKRA 认证等，公司产品质量得到了客户的广泛认可。 二、报告期内公司所处行业情况 电线电缆制造业是国民经济中最大的配套行业之一 ，在我国机械工业的细分行业中位居第二，是现,1,data/text/002692.SZ/2025/annual_report.txt,False
100,inspect_esg_tables,766,81.767361,90,217,127,True,1.0,1.0,0.275556,1.0,0.987847,7,0.992,002709.SZ,天赐材料,Q_E_SO2_INTENSITY,二氧化硫排放强度,E,True,0,,,0,missing_candidate,extend_extraction_rules,0,related_disclosure_without_compatible_intensity,"，为新加坡天赐的全资子 公司。 朱尔夫莱斯费尔天赐 指 TINCI MATERIALS JORF LASFAR，为摩洛哥天赐的全资子公司。 韩国天赐 指 Tinci Materials Tech. Korea, Ltd.，为新加坡天赐的全资子公司。 津巴布韦天赐 指 TINCI LITHIUM RESOURCES ZIMBABWE (PRIVATE) LIMITED，为新 加坡天赐的全资子公司。 上海天赐 指 上海天赐高研新材料科技有限公司，为公司的全资子公司。 天赐高研 指 天赐高研（上海）电子有限公司，为公司的全资子公司。 天赐香精香料 指 广州天赐香精香料有限公司，为公司的控股子公司。 毛里求斯天赐 指 Tinci Minerals (Mauritius) Co., Ltd.，为新加坡天赐的全资子公司 广州天赐特种 指 广州天赐特种材料科技有限公司，为公司的全资子公司。 印尼天赐 指 PT TINCI MATERIALS INDONESIA，为新加坡天赐的控股子公司 日化材料及特种化学品 指 公司生产的日化材料及特种化学品主要有表面活性剂、硅油、水溶性聚 合物、阳离子调理剂等系列",1,data/text/002709.SZ/2025/annual_report.txt,False
101,inspect_esg_tables,903,81.611111,70,219,149,True,1.0,1.0,0.275556,1.0,0.972222,16,0.992,00002.HK,CLP HOLDINGS,Q_E_NOX_INTENSITY,氮氧化物排放强度,E,True,0,,,0,missing_candidate,extend_extraction_rules,0,related_disclosure_without_compatible_intensity,"on to decarbonisation, CLP has been strengthening efforts to cut air emissions and improve water and waste management. The Group reduced emissions of nitrogen oxides (NOx), sulphur dioxide (SO2) and particulate matter (PM) in 2025 by 12%, 0.2% and 14% respectively from 2024 due to diversification of fuel mix and improved air emissions controls for its generation assets across Hong Kong, the Chinese Mainland and Australia. CLP achieved its 2025 air emissions reduction targets and will focus on fu",1,data/text/hkex_reports/00002.HK/2025/annual_report.txt,False
102,inspect_esg_tables,904,81.611111,48,355,307,True,1.0,1.0,0.275556,1.0,0.972222,16,0.992,00003.HK,HK & CHINA GAS,Q_E_NOX_INTENSITY,氮氧化物排放强度,E,True,0,,,0,missing_candidate,extend_extraction_rules,0,related_disclosure_without_compatible_intensity,"Centred on multi-dimensional protection and precise early warning, this ecosystem encompasses foundational products such as gas, smoke, and carbon monoxide alarms. Furthermore, it has expanded into the smart fire protection series, relying on the AIoT platform to achieve smart monitoring and proactive alerts. By the end of 2025, the alarm monitoring platform had been adopted by over 70 enterprises, with revenue from home safety solutions recording a 10% year-on-year growth. In 2025, Towngas Life",2,data/text/00003.HK/2025/annual_report.txt|data/text/hkex_reports/00003.HK/2025/esg_report.txt,False
103,inspect_esg_tables,905,81.611111,53,433,380,True,1.0,1.0,0.275556,1.0,0.972222,16,0.992,00006.HK,POWER ASSETS,Q_E_NOX_INTENSITY,氮氧化物排放强度,E,True,0,,,0,missing_candidate,extend_extraction_rules,0,related_disclosure_without_compatible_intensity,"for customer satisfaction, NGN is one of the eight gas distribution networks in the UK. An NGN engineer explains to a customer the risks of carbon monoxide (CO) exposure and the importance of installing a CO alarm at home. In 2025, NGN achieved a throughput of 56,072 GWh (2024: 58,689 GWh) and a consistently high level of customer satisfaction. According to Ofgem survey scores, customer satisfaction remained strong, with an average score of 9.35 out of 10.0 across planned, repair and new connect",2,data/text/hkex_reports/00006.HK/2025/annual_report.txt|data/text/hkex_reports/00006.HK/2025/esg_report.txt,False
104,inspect_esg_tables,906,81.611111,108,290,182,True,1.0,1.0,0.275556,1.0,0.972222,16,0.992,000096.SZ,广聚能源,Q_E_NOX_INTENSITY,氮氧化物排放强度,E,True,0,,,0,missing_candidate,extend_extraction_rules,0,no_matching_disclosure_in_text,,1,data/text/000096.SZ/2025/annual_report.txt,False
105,inspect_esg_tables,909,81.611111,193,488,295,True,1.0,1.0,0.275556,1.0,0.972222,16,0.992,000554.SZ,泰山石油,Q_E_NOX_INTENSITY,氮氧化物排放强度,E,True,0,,,0,missing_candidate,extend_extraction_rules,0,no_matching_disclosure_in_text,,2,data/text/000554.SZ/2025/annual_report.txt|data/text/000554.SZ/2025/esg_report.txt,False
106,inspect_esg_tables,910,81.611111,151,413,262,True,1.0,1.0,0.275556,1.0,0.972222,16,0.992,000682.SZ,东方电子,Q_E_NOX_INTENSITY,氮氧化物排放强度,E,True,0,,,0,missing_candidate,extend_extraction_rules,0,no_matching_disclosure_in_text,,1,data/text/000682.SZ/2025/annual_report.txt,False
107,inspect_esg_tables,912,81.611111,136,319,183,True,1.0,1.0,0.275556,1.0,0.972222,16,0.992,001208.SZ,华菱线缆,Q_E_NOX_INTENSITY,氮氧化物排放强度,E,True,0,,,0,missing_candidate,extend_extraction_rules,0,no_matching_disclosure_in_text,,1,data/text/001208.SZ/2025/annual_report.txt,False
108,inspect_esg_tables,913,81.611111,122,258,136,True,1.0,1.0,0.275556,1.0,0.972222,16,0.992,001258.SZ,立新能源,Q_E_NOX_INTENSITY,氮氧化物排放强度,E,True,0,,,0,missing_candidate,extend_extraction_rules,0,no_matching_disclosure_in_text,,1,data/text/001258.SZ/2025/annual_report.txt,False
109,inspect_esg_tables,914,81.611111,112,240,128,True,1.0,1.0,0.275556,1.0,0.972222,16,0.992,001299.SZ,美能能源,Q_E_NOX_INTENSITY,氮氧化物排放强度,E,True,0,,,0,missing_candidate,extend_extraction_rules,0,no_matching_disclosure_in_text,,1,data/text/001299.SZ/2025/annual_report.txt,False
110,inspect_esg_tables,915,81.611111,136,285,149,True,1.0,1.0,0.275556,1.0,0.972222,16,0.992,00182.HK,CONCORD NE,Q_E_NOX_INTENSITY,氮氧化物排放强度,E,True,0,,,0,missing_candidate,extend_extraction_rules,0,possible_total_plus_rmb_revenue_derivation,"Power Generation GWh 8,586 CO2 Emission Reduction1 Kilotonnes 8,164 Standard Coal Saving1 Kilotonnes 3,326 Environment NOx Emission Reduction1 Tonnes 2,117 SO2 Emission Reduction1 Tonnes 2,030 Water Saving1 Kilotonnes 13,134 Proportion of Women in Total Workforce % 28.2 Training Hours per Employee Hour 22.97 Society Percentage",2,data/text/hkex_reports/00182.HK/2025/annual_report.txt|data/text/hkex_reports/00182.HK/2025/esg_report.txt,False
111,inspect_esg_tables,916,81.611111,24,287,263,True,1.0,1.0,0.275556,1.0,0.972222,16,0.992,002039.SZ,黔源电力,Q_E_NOX_INTENSITY,氮氧化物排放强度,E,True,0,,,0,missing_candidate,extend_extraction_rules,0,no_matching_disclosure_in_text,,1,data/text/002039.SZ/2025/annual_report.txt,False
112,inspect_esg_tables,917,81.611111,27,369,342,True,1.0,1.0,0.275556,1.0,0.972222,16,0.992,002056.SZ,横店东磁,Q_E_NOX_INTENSITY,氮氧化物排放强度,E,True,0,,,0,missing_candidate,extend_extraction_rules,0,no_matching_disclosure_in_text,,1,data/text/002056.SZ/2025/annual_report.txt,False
113,inspect_esg_tables,918,81.611111,28,385,357,True,1.0,1.0,0.275556,1.0,0.972222,16,0.992,00206.HK,CM-ENERGY,Q_E_NOX_INTENSITY,氮氧化物排放强度,E,True,0,,,0,missing_candidate,extend_extraction_rules,0,related_disclosure_without_compatible_intensity,our main production and operation sites within the reporting scope are as follows: 綠動未來，低碳領航 （續） 排放物與廢棄物 （續） 空氣排放物 （續） 報告期內，我們在報告範圍內的主要生產運營地空 氣排放物如下： Nitrogen oxide 2025 Note 1 2025注1 Sulfur oxide Particulate matter Source Unit 來源 單位 氮氧化物 硫氧化物 顆粒物 Total mobile source emissions kg 748.70 0.97 70.92 流動源排放總計 千克 Gasoline kg 711.80 0.91 67.39 汽油 千克 Diesel kg 36.90 0.06 3.54 柴油 千克 Total fixed source emissions kg 279.66 0.61 21.33 固定源排放總計 千克 Diesel kg 142.73 0.61 17.00 柴油 千克 Propane kg 135.77 / 4.13 丙烷,1,data/text/hkex_reports/00206.HK/2025/annual_report.txt,False
114,inspect_esg_tables,919,81.611111,165,276,111,True,1.0,1.0,0.275556,1.0,0.972222,16,0.992,002074.SZ,国轩高科,Q_E_NOX_INTENSITY,氮氧化物排放强度,E,True,0,,,0,missing_candidate,extend_extraction_rules,0,no_matching_disclosure_in_text,,1,data/text/002074.SZ/2025/annual_report.txt,False
115,inspect_esg_tables,920,81.611111,196,307,111,True,1.0,1.0,0.275556,1.0,0.972222,16,0.992,002090.SZ,金智科技,Q_E_NOX_INTENSITY,氮氧化物排放强度,E,True,0,,,0,missing_candidate,extend_extraction_rules,0,no_matching_disclosure_in_text,,1,data/text/002090.SZ/2025/annual_report.txt,False
116,inspect_esg_tables,921,81.611111,121,327,206,True,1.0,1.0,0.275556,1.0,0.972222,16,0.992,002276.SZ,万马股份,Q_E_NOX_INTENSITY,氮氧化物排放强度,E,True,0,,,0,missing_candidate,extend_extraction_rules,0,no_matching_disclosure_in_text,,1,data/text/002276.SZ/2025/annual_report.txt,False
117,inspect_esg_tables,922,81.611111,174,359,185,True,1.0,1.0,0.275556,1.0,0.972222,16,0.992,00228.HK,CHINA ENERGY,Q_E_NOX_INTENSITY,氮氧化物排放强度,E,True,0,,,0,missing_candidate,extend_extraction_rules,0,related_disclosure_without_compatible_intensity,"of direct air and greenhouse gas emissions from gaseous fuel consumption was mainly from private cars. The air emissions of the private cars included nitrogen oxides (NOX), sulphur oxides (SOX) and respiratory suspended particles (RSP), while the greenhouse gas emissions of the private cars included carbon dioxide (CO2), methane (CH4) and nitrous oxide (N2O). Other major direct greenhouse gas emissions were hydrofluorocarbons (HFC) and perfluorocarbons (PFC), which were resulted from the use of ",2,data/text/hkex_reports/00228.HK/2025/annual_report.txt|data/text/hkex_reports/00228.HK/2025/esg_report.txt,False
118,inspect_esg_tables,923,81.611111,77,284,207,True,1.0,1.0,0.275556,1.0,0.972222,16,0.992,002335.SZ,科华数据,Q_E_NOX_INTENSITY,氮氧化物排放强度,E,True,0,,,0,missing_candidate,extend_extraction_rules,0,no_matching_disclosure_in_text,,1,data/text/002335.SZ/2025/annual_report.txt,False
119,inspect_esg_tables,925,81.611111,135,250,115,True,1.0,1.0,0.275556,1.0,0.972222,16,0.992,002479.SZ,富春环保,Q_E_NOX_INTENSITY,氮氧化物排放强度,E,True,0,,,0,missing_candidate,extend_extraction_rules,0,related_disclosure_without_compatible_intensity,浙江富春江环保热电股份有限公司 2025 年年度报告全文 制“热电联产+固废（危废）资源化+环境监测治理”的循环经济模式积聚先发优势，增强 公司抵御市场风险能力。 （二）技术创新、具有超前优势 公司与多家高校合作设立技术研发中心，进行工艺、技术、项目的研发，其中在生产中 对二噁英的防治、二氧化硫、氮氧化物的去除等方面和污泥干化等领域处于国内先进水平。 同时经过多年的研发投入和技术沉淀，公司目前已具备了一定的研发和创新能力。截至报告 期末，公司已经拥有 8 家高新技术企业、1 家国家鼓励发展的重大环保技术装备依托单位、 3 家省级“专精特新”企业、1 家中美政府间合作项目研究基地、1 家省级企业研究院。公 司各项目燃煤锅炉全部实现超净排放，达到行业先进水平，控股子公司研究院成功研制开发 出了国内外首台具有实用意义的二噁英在线快速检测仪器系统。 （三）管理科学、提质增效 公司狠抓制度创新建设，强化管理手段，以 ISO9001 质量管理体系、ISO14001 环境管 理体系为基础，对公司及其下属子公司制度进行新建、优化、梳理等工作，提高制度的科学 性与灵活性，增强员工的积极性与能动性，优化组,1,data/text/002479.SZ/2025/annual_report.txt,False
120,inspect_esg_tables,926,81.611111,176,281,105,True,1.0,1.0,0.275556,1.0,0.972222,16,0.992,002487.SZ,大金重工,Q_E_NOX_INTENSITY,氮氧化物排放强度,E,True,0,,,0,missing_candidate,extend_extraction_rules,0,no_matching_disclosure_in_text,,1,data/text/002487.SZ/2025/annual_report.txt,False
121,inspect_esg_tables,927,81.611111,121,315,194,True,1.0,1.0,0.275556,1.0,0.972222,16,0.992,002506.SZ,协鑫集成,Q_E_NOX_INTENSITY,氮氧化物排放强度,E,True,0,,,0,missing_candidate,extend_extraction_rules,0,disclosed_non_revenue_denominator,等包容 开篇 可持续发展战略与治理 年度专题 商业互信 附录 自然生态 85 卓越创新 披露议题 / 披露项 披露项标题 章节索引 披露议题 / 披露项 披露项标题 章节索引 302-1 组织内部的能源消耗量 能源管理与可再生能 源利用 305-1 直接（范畴 1）温室气体排放 应对气候变化 305-2 能源间接（范畴 2）温室气体排放 应对气候变化 302-2 组织外部的能源消耗量 能源管理与可再生能 源利用 305-3 其他间接（范畴 3）温室气体排放 应对气候变化 305-4 温室气体排放强度 应对气候变化 302-3 能源强度 能源管理与可再生能 源利用 305-5 温室气体减排量 应对气候变化 305-7 氮氧化物（NOx）、硫氧化物（SOx） 和其他重大气体排放 污染物排放 302-4 减少能源消耗量 能源管理与可再生能 源利用 GRI 306 废弃物 302-5 降低产品和服务的能源需求 能源管理与可再生能 源利用 3-3 实质性议题管理 废弃物管理 306-1 废弃物的产生及废弃物相关重大影响 废弃物管理 GRI 303 水资源与污水 306-2 废弃物相关重大影响的管,2,data/text/002506.SZ/2025/annual_report.txt|data/text/002506.SZ/2025/esg_report.txt,False
122,inspect_esg_tables,928,81.611111,177,376,199,True,1.0,1.0,0.275556,1.0,0.972222,16,0.992,002531.SZ,天顺风能,Q_E_NOX_INTENSITY,氮氧化物排放强度,E,True,0,,,0,missing_candidate,extend_extraction_rules,0,no_matching_disclosure_in_text,,2,data/text/002531.SZ/2025/annual_report.txt|data/text/002531.SZ/2025/esg_report.txt,False
123,inspect_esg_tables,929,81.611111,149,436,287,True,1.0,1.0,0.275556,1.0,0.972222,16,0.992,002608.SZ,江苏国信,Q_E_NOX_INTENSITY,氮氧化物排放强度,E,True,0,,,0,missing_candidate,extend_extraction_rules,0,related_disclosure_without_compatible_intensity,改善燃烧效率，降 低煤耗与污染物排 放，实现节能降碳。 苏晋朔州锅炉脱硝系 统优化技术创新项目 在线监测各分离器出 口烟气成分，优化脱 硝及控制系统，以分 区控制实现机组全工 况达标排放及还原剂 精准智能投用。 已完成并结转固定资 产 分区精准喷氨，全工 况达标降耗。 1. 环保达标：确保全 工况下氮氧化物排放 稳定达标，规避环保 处罚风险，满足日益 严格的环保政策要 求。2. 成本节约：精 准投用还原剂，减少 氨耗与副产物生成， 降低运行成本与设备 腐蚀风险。3. 技术储 备：积累高效脱硝技 术经验，为公司其他 机组及新项目提供可 复制的技术方案。 国信股份数字化碳管 理平台及碳管理体系 建设 实现碳排放数据管 理、清洁能源碳项目 管理、碳资产管理、 碳交易管理、系统管 理、信息总览共 6 个 功能模块，提高碳管 理信息系统建设 已初步完成，正在调 试 六位一体，碳管全 链，智慧提效 1.合规先行：实现碳 排放数据全流程自动 化采集与核算，满足 国家碳披露、碳交易 等监管要求，规避合 规风险。 2. 碳资产增值：统筹 管理碳资产与碳交 易，优化碳履约策 略，挖掘碳减排项目 收益，培育,1,data/text/002608.SZ/2025/annual_report.txt,False
124,inspect_esg_tables,930,81.611111,128,395,267,True,1.0,1.0,0.275556,1.0,0.972222,16,0.992,002692.SZ,远程股份,Q_E_NOX_INTENSITY,氮氧化物排放强度,E,True,0,,,0,missing_candidate,extend_extraction_rules,0,no_matching_disclosure_in_text,,1,data/text/002692.SZ/2025/annual_report.txt,False
125,inspect_esg_tables,932,81.611111,90,217,127,True,1.0,1.0,0.275556,1.0,0.972222,16,0.992,002709.SZ,天赐材料,Q_E_NOX_INTENSITY,氮氧化物排放强度,E,True,0,,,0,missing_candidate,extend_extraction_rules,0,no_matching_disclosure_in_text,,1,data/text/002709.SZ/2025/annual_report.txt,False
126,inspect_esg_tables,1066,81.506944,70,219,149,True,1.0,1.0,0.275556,1.0,0.961806,22,0.992,00002.HK,CLP HOLDINGS,Q_E_WATER_INTENSITY,水资源使用强度,E,True,0,,,0,missing_candidate,extend_extraction_rules,0,related_disclosure_without_compatible_intensity,"d will focus on further performance improvements to meet the Group’s more stringent 2030 targets. CLP also fulfilled its 2025 target for cutting freshwater consumption, which dropped 8% from a year earlier as a result of more efficient water use and lower utilisation of coal-fired power plants. Waste products generated decreased 17% year-on-year, as coal-fired plant utilisation dropped and the Group implemented measures based on circular economy principles, such as extending the lifespan of wind",1,data/text/hkex_reports/00002.HK/2025/annual_report.txt,False
127,inspect_esg_tables,1067,81.506944,48,355,307,True,1.0,1.0,0.275556,1.0,0.961806,22,0.992,00003.HK,HK & CHINA GAS,Q_E_WATER_INTENSITY,水资源使用强度,E,True,0,,,0,missing_candidate,extend_extraction_rules,0,related_disclosure_without_compatible_intensity,"(iv) Maintenance and service charges – recognised over time when services are provided. (v) Water sales – recognised at a point in time and based on water consumption primarily derived from meter readings. (vi) Waste treatment sales – recognised at a point in time and based on the actual volume of waste treated. (vii) Renewable energy sales – recognised when control of the energy has transferred to the customers, being at the point the energy is delivered to the customers. (viii) Rental income –",2,data/text/00003.HK/2025/annual_report.txt|data/text/hkex_reports/00003.HK/2025/esg_report.txt,False
128,inspect_esg_tables,1068,81.506944,53,433,380,True,1.0,1.0,0.275556,1.0,0.961806,22,0.992,00006.HK,POWER ASSETS,Q_E_WATER_INTENSITY,水资源使用强度,E,True,0,,,0,missing_candidate,extend_extraction_rules,0,ambiguous_intensity_disclosure,"inished, the expected annual saving is over 26,000 m³ of water, worth about £65,000 Achieved HK Electric Reduce total water consumption of its key office premises by 1% in 2025 as compared to 2020 Reduce total operational electricity consumption and water consumption for power generation at Lamma Power Station both by 7% in 2030 as compared with 20251 In progress, target extended 1 This target replaces the previous water-intensity target to better reflect absolute resource performance across all",2,data/text/hkex_reports/00006.HK/2025/annual_report.txt|data/text/hkex_reports/00006.HK/2025/esg_report.txt,False
129,inspect_esg_tables,1069,81.506944,108,290,182,True,1.0,1.0,0.275556,1.0,0.961806,22,0.992,000096.SZ,广聚能源,Q_E_WATER_INTENSITY,水资源使用强度,E,True,0,,,0,missing_candidate,extend_extraction_rules,0,no_matching_disclosure_in_text,,1,data/text/000096.SZ/2025/annual_report.txt,False
130,inspect_esg_tables,1072,81.506944,193,488,295,True,1.0,1.0,0.275556,1.0,0.961806,22,0.992,000554.SZ,泰山石油,Q_E_WATER_INTENSITY,水资源使用强度,E,True,0,,,0,missing_candidate,extend_extraction_rules,0,related_disclosure_without_compatible_intensity,税务管理办法》等制度，明确各部门税务职责与权限，规范操作流程，确 保税务申报准确及时。 2025 年 8 月 25 日，公司组织相关人员参 加网络安全保障专题工作培训，重点学习 主机溯源工具实操使用方法，同步完成新 上线的网络安全运营指挥系统专项培训， 切实提升相关岗位人员网络安全实操能力 与系统应用水平，进一步夯实公司信息与 网络安全保障工作基础。 强化自查与稽核 定期开展税务与发票自查，及时发现并整改潜在风险，如规范发票管理、按月出具稽核 通报、确保税收优惠适用准确等。 引入专业审计支持 聘请外部税务顾问对所得税等重点税种进行专项审计，提升税务处理规范性。 强税企沟通协作 保持与税务部门的常态沟通，及时了解政策动态与监管重点。 推进税务数字化 引入专业税务软件，开发印花税管理系统，提升小税种管理效率与准确性。 完善内部控制 加强风险内控 2025 年初，公司组织各部门修订并发布《泰山石油内部控制手册》，持续健全内控体系与管理制度机制，通过系统识别并 防范企业发展中的各类风险，保障公司经营管理合法合规、资产安全完整、财务报告及相关信息真实准确，提升经营效率 和效果，有效降低、规避并控,2,data/text/000554.SZ/2025/annual_report.txt|data/text/000554.SZ/2025/esg_report.txt,False
131,inspect_esg_tables,1073,81.506944,151,413,262,True,1.0,1.0,0.275556,1.0,0.961806,22,0.992,000682.SZ,东方电子,Q_E_WATER_INTENSITY,水资源使用强度,E,True,0,,,0,missing_candidate,extend_extraction_rules,0,related_disclosure_without_compatible_intensity,发明 东方电子股份有限公司 一种预置位自动校准纠偏方法及 系统 授权发明 东方电子股份有限公司 机箱 外观设计 东方电子股份有限公司 一种基于 FPGA 实现电压并列切 换的方法 授权发明 东方电子股份有限公司 电能表用磁保磁继电器驱动电路 实用新型 烟台东方威思顿电气有限公司 机构 一种水质分析仪用水样定位抓取 实用新型 烟台东方威智电子科技有限公 司 一种配电终端遥控防跳及保持功 能测试系统及方法 授权发明 东方电子股份有限公司 一种多元知识链接驱动的 NL2SQL 问题增强方法 授权发明 烟台海颐软件股份有限公司 一种储能变流器的辅助换热结构 实用新型 东方电子股份有限公司 一种基于时延神经反馈网络的外 置断路器智能控制方法 授权发明 烟台东方威思顿电气有限公司 电力监控系统运维风险分析方法 及系统 授权发明 东方电子股份有限公司 一种基于虚拟电厂的资源分配方 法及系统 授权发明 东方电子股份有限公司 一种便携式水质分析仪用水样瓶 定位机构 实用新型 烟台东方威智电子科技有限公 司 适用于电能表和终端设备的电源 输出短路及过流保护电路 实用新型 烟台东方威思顿电气有限公司 一种供,1,data/text/000682.SZ/2025/annual_report.txt,False
132,inspect_esg_tables,1075,81.506944,136,319,183,True,1.0,1.0,0.275556,1.0,0.961806,22,0.992,001208.SZ,华菱线缆,Q_E_WATER_INTENSITY,水资源使用强度,E,True,0,,,0,missing_candidate,extend_extraction_rules,0,no_matching_disclosure_in_text,,1,data/text/001208.SZ/2025/annual_report.txt,False
133,inspect_esg_tables,1076,81.506944,122,258,136,True,1.0,1.0,0.275556,1.0,0.961806,22,0.992,001258.SZ,立新能源,Q_E_WATER_INTENSITY,水资源使用强度,E,True,0,,,0,missing_candidate,extend_extraction_rules,0,related_disclosure_without_compatible_intensity,价”的红线意识，筑牢安全生产根基，持续巩固本质安全水平。深入实施“一场一策” 精细化管理，因场制宜、分类施策，系统分析发电量提升的关键要素，充分挖掘发电设备利用潜力。面对新能源全面入市 的新形势，精准研判电力交易规则及市场行情变化，动态优化交易策略，提升发电系数和出清电价水平。积极适应新型储 能年利用水平提升的政策导向，探索储能作为调节性电源支撑高比例新能源接入的协同优化运行模式，提升系统调节能力 和运营效益。 3. 研发创新与业态培育 以守正创新为指引，提升研发创新质量和新兴技术应用能力。深化产学研用协同，联合高校院所及战略合作伙伴共同 攻关技术瓶颈，积极参与“十五五”期间沙戈荒大基地运行优化、新能源精准预测、多能互补系统集成等关键技术突破。 积极围绕储能状态预估及 AI 预警、智慧运维等科技创新项目衍生业态，适时注资具有优良前景的主业关联项目，推动产业 链向高附加值环节延伸，培育新的增长极。 4. 政治保障与文化铸魂 坚持党建引领，深入贯彻“两个确立”和“两个维护”，扎实推进新时代党的建设与公司治理深度融合。推动党政工团 协同发力，实现党建工作与业务发展同频共振，将“十五五”碳达峰,1,data/text/001258.SZ/2025/annual_report.txt,False
134,inspect_esg_tables,1077,81.506944,112,240,128,True,1.0,1.0,0.275556,1.0,0.961806,22,0.992,001299.SZ,美能能源,Q_E_WATER_INTENSITY,水资源使用强度,E,True,0,,,0,missing_candidate,extend_extraction_rules,0,related_disclosure_without_compatible_intensity,2021-11-19 7 美能新能源（转移 专利） 一种土壤源热泵节能补热装置 ZL202022917634.7 国家知识产权局 2021-11-12 8 美能工程 一种燃气长输管道施工稳管设 备 ZL202323587650.4 国家知识产权局 2024-10-11 9 美能工程 一种燃气管道施工用水平度探 测装置 ZL202420223993.8 国家知识产权局 2024-10-29 10 美能工程 一种道路施工时植被清除设备 ZL202320884964.1 国家知识产权局 2023-9-19 11 美能工程 一种天然气管道铺设施工定位 装置 ZL202320957110.1 国家知识产权局 2023-9-19 12 美能工程 一种长输天然气管道快速连接 对接装置 ZL202420225821.4 国家知识产权局 2024-8-23 13 美能工程 一种天然气能源管道铺设施工 装置 ZL202323587645.3 国家知识产权局 2024-9-6 14 美能工程 一种燃气管道施工用管道对接 装置 ZL202323587652.3 国家知识产权局 2024-9-17 15 美能工,1,data/text/001299.SZ/2025/annual_report.txt,False
135,inspect_esg_tables,1078,81.506944,136,285,149,True,1.0,1.0,0.275556,1.0,0.961806,22,0.992,00182.HK,CONCORD NE,Q_E_WATER_INTENSITY,水资源使用强度,E,True,0,,,0,missing_candidate,extend_extraction_rules,0,disclosed_non_revenue_denominator,"22 Petrol for Official Vehicles MWh 909.41 2,439.63 1,592.12 Diesel for Official Vehicles MWh 68.90 109.58 35.10 Indirect Energy Consumption MWh 16,469.80 20,501.00 23,105.93 Purchased Electricity MWh 16,469.80 20,501.00 23,105.93 Energy Consumption Intensity kWh/kWh 0.003 0.003 0.003 Water Consumption Tonnes 26,900.09 19,153.87 19,760.71 Water Consumption Intensity Tonnes/million revenue 10.39 6.96 7.77 Notes: 1. Energy consumption is calculated by the data of purchased electricity and fuel wi",2,data/text/hkex_reports/00182.HK/2025/annual_report.txt|data/text/hkex_reports/00182.HK/2025/esg_report.txt,False
136,inspect_esg_tables,1079,81.506944,24,287,263,True,1.0,1.0,0.275556,1.0,0.961806,22,0.992,002039.SZ,黔源电力,Q_E_WATER_INTENSITY,水资源使用强度,E,True,0,,,0,missing_candidate,extend_extraction_rules,0,no_matching_disclosure_in_text,,1,data/text/002039.SZ/2025/annual_report.txt,False
137,inspect_esg_tables,1080,81.506944,27,369,342,True,1.0,1.0,0.275556,1.0,0.961806,22,0.992,002056.SZ,横店东磁,Q_E_WATER_INTENSITY,水资源使用强度,E,True,0,,,0,missing_candidate,extend_extraction_rules,0,no_matching_disclosure_in_text,,1,data/text/002056.SZ/2025/annual_report.txt,False
138,inspect_esg_tables,1081,81.506944,28,385,357,True,1.0,1.0,0.275556,1.0,0.961806,22,0.992,00206.HK,CM-ENERGY,Q_E_WATER_INTENSITY,水资源使用强度,E,True,0,,,0,missing_candidate,extend_extraction_rules,0,ambiguous_intensity_disclosure,"5 === ENVIRONMENTAL, SOCIAL AND GOVERNANCE REPORT 環境、社會及管治報告 GREEN DRIVES THE FUTURE, LOW-CARBON LEADS THE WAY (Continued) Energy and Resource Management (Continued) Water Resource Management (Continued) The Group has established control targets for water consumption intensity, targeting a 3% year-on-year reduction in 2025 compared to 2024. During the Reporting Period, total water consumption increased, primarily due to the expansion of the disclosure scope with the inclusion of an additional su",1,data/text/hkex_reports/00206.HK/2025/annual_report.txt,False
139,inspect_esg_tables,1082,81.506944,165,276,111,True,1.0,1.0,0.275556,1.0,0.961806,22,0.992,002074.SZ,国轩高科,Q_E_WATER_INTENSITY,水资源使用强度,E,True,0,,,0,missing_candidate,extend_extraction_rules,0,no_matching_disclosure_in_text,,1,data/text/002074.SZ/2025/annual_report.txt,False
140,inspect_esg_tables,1083,81.506944,196,307,111,True,1.0,1.0,0.275556,1.0,0.961806,22,0.992,002090.SZ,金智科技,Q_E_WATER_INTENSITY,水资源使用强度,E,True,0,,,0,missing_candidate,extend_extraction_rules,0,no_matching_disclosure_in_text,,1,data/text/002090.SZ/2025/annual_report.txt,False
141,inspect_esg_tables,1084,81.506944,121,327,206,True,1.0,1.0,0.275556,1.0,0.961806,22,0.992,002276.SZ,万马股份,Q_E_WATER_INTENSITY,水资源使用强度,E,True,0,,,0,missing_candidate,extend_extraction_rules,0,no_matching_disclosure_in_text,,1,data/text/002276.SZ/2025/annual_report.txt,False
142,inspect_esg_tables,1085,81.506944,174,359,185,True,1.0,1.0,0.275556,1.0,0.961806,22,0.992,00228.HK,CHINA ENERGY,Q_E_WATER_INTENSITY,水资源使用强度,E,True,0,,,0,missing_candidate,extend_extraction_rules,0,disclosed_foreign_currency_denominator,"egies on Sustainability Key highlights in 2025 – Total carbon dioxide equivalent emissions decreased from approximately 64,182 kg for the year ended 31 December 2024 to approximately 52,040 kg for the year ended 31 December 2025 – Energy consumption intensity increased marginally from 0.57 kWh/HK$’000 Revenue for the year ended 31 December 2024 to approximately 0.65 kWh/HK$’000 for the year ended 31 December 2025 – Water consumption intensity increased marginally from approximately 0.0004 cubic ",2,data/text/hkex_reports/00228.HK/2025/annual_report.txt|data/text/hkex_reports/00228.HK/2025/esg_report.txt,False
143,inspect_esg_tables,1086,81.506944,77,284,207,True,1.0,1.0,0.275556,1.0,0.961806,22,0.992,002335.SZ,科华数据,Q_E_WATER_INTENSITY,水资源使用强度,E,True,0,,,0,missing_candidate,extend_extraction_rules,0,no_matching_disclosure_in_text,,1,data/text/002335.SZ/2025/annual_report.txt,False
144,inspect_esg_tables,1088,81.506944,135,250,115,True,1.0,1.0,0.275556,1.0,0.961806,22,0.992,002479.SZ,富春环保,Q_E_WATER_INTENSITY,水资源使用强度,E,True,0,,,0,missing_candidate,extend_extraction_rules,0,no_matching_disclosure_in_text,,1,data/text/002479.SZ/2025/annual_report.txt,False
145,inspect_esg_tables,1089,81.506944,176,281,105,True,1.0,1.0,0.275556,1.0,0.961806,22,0.992,002487.SZ,大金重工,Q_E_WATER_INTENSITY,水资源使用强度,E,True,0,,,0,missing_candidate,extend_extraction_rules,0,no_matching_disclosure_in_text,,1,data/text/002487.SZ/2025/annual_report.txt,False
146,inspect_esg_tables,1090,81.506944,121,315,194,True,1.0,1.0,0.275556,1.0,0.961806,22,0.992,002506.SZ,协鑫集成,Q_E_WATER_INTENSITY,水资源使用强度,E,True,0,,,0,missing_candidate,extend_extraction_rules,0,possible_total_plus_rmb_revenue_derivation,"奖问答活动等多样化方式提升员工节水意识，营造全员参与的节水氛围。 2023-2025 年水资源管理绩效 8 披露项 单位 2023 年 2024 年 2025 年 总取水量 吨 3,732,935 5,930,366 5,370,936 总耗水量 9 吨 1,647,653.09 1,054,675 769,323.80 水资源循环利用量 吨 202,569.45 884,961.40 524,367.00 单位产量耗水量 吨 / 兆瓦 88.35 31.21 19.22 8 协鑫集成 2025 年水管理绩效核算范围包括合肥协鑫、芜湖协鑫、阜宁协鑫三家生产基地。 9 协鑫集成 2025 年总耗水量为总取水量",2,data/text/002506.SZ/2025/annual_report.txt|data/text/002506.SZ/2025/esg_report.txt,False
147,inspect_esg_tables,1091,81.506944,177,376,199,True,1.0,1.0,0.275556,1.0,0.961806,22,0.992,002531.SZ,天顺风能,Q_E_WATER_INTENSITY,水资源使用强度,E,True,0,,,0,missing_candidate,extend_extraction_rules,0,related_disclosure_without_compatible_intensity,设计产品无包装，或简式可降解、循环使用包装； 节约用电 办公场所内使用LED节能灯，场所外使用太阳能式路灯， 空调使用设定温度限制，张贴节能标识，做到人走关闭； 绿色采购 制定《化学制品和材料黑名单》，禁止使用致癌、诱变、 有毒等特定物质，对物料采购进行严格管控，确保产 品符合绿色环保要求； 节约用水 每月对用水量进行统计，如发现用水量异常增加，应分析 原因，制定措施，寻求改进； 低碳制造 研发新技术、新工艺，升级换代生产环保设备，重新加 工利用废弃物，采用新能源电力，减少能源消耗和温 室气体排放情况； 减少纸张浪费 倡导黑白双面打印，使用电子签，减少使用纸质文件；电 子签覆盖公司率： ���% 回收利用 研发回收技术，产品使用寿命到期后，协助风电场业 主处理产品回收事宜。 绿色出行 鼓励员工乘坐班车，减少使用私家车；厂区内用车替换为 新能源车； 42 === PAGE 45 === 社会篇： 美美与共，践行责任担当 员工权益与福利 员工培训与发展 职业健康与安全 社会贡献与乡村振兴 43 === PAGE 46 === 报告编制说明 董事长致辞 关于天顺风能 治理篇 运营篇 环境篇,2,data/text/002531.SZ/2025/annual_report.txt|data/text/002531.SZ/2025/esg_report.txt,False
148,inspect_esg_tables,1092,81.506944,149,436,287,True,1.0,1.0,0.275556,1.0,0.961806,22,0.992,002608.SZ,江苏国信,Q_E_WATER_INTENSITY,水资源使用强度,E,True,0,,,0,missing_candidate,extend_extraction_rules,0,no_matching_disclosure_in_text,,1,data/text/002608.SZ/2025/annual_report.txt,False
149,inspect_esg_tables,1093,81.506944,128,395,267,True,1.0,1.0,0.275556,1.0,0.961806,22,0.992,002692.SZ,远程股份,Q_E_WATER_INTENSITY,水资源使用强度,E,True,0,,,0,missing_candidate,extend_extraction_rules,0,no_matching_disclosure_in_text,,1,data/text/002692.SZ/2025/annual_report.txt,False
150,inspect_esg_tables,1094,81.506944,90,217,127,True,1.0,1.0,0.275556,1.0,0.961806,22,0.992,002709.SZ,天赐材料,Q_E_WATER_INTENSITY,水资源使用强度,E,True,0,,,0,missing_candidate,extend_extraction_rules,0,no_matching_disclosure_in_text,,1,data/text/002709.SZ/2025/annual_report.txt,False
151,inspect_social_disclosures,1223,81.423611,70,219,149,True,1.0,1.0,0.277778,1.0,0.947917,30,1.0,00002.HK,CLP HOLDINGS,Q_S_SAFETY_INVEST_RATE,安全生产投入占比,S,True,0,,,0,missing_candidate,extend_extraction_rules,0,related_fields_incomplete,,1,data/text/hkex_reports/00002.HK/2025/annual_report.txt,False
152,inspect_social_disclosures,1224,81.423611,48,355,307,True,1.0,1.0,0.277778,1.0,0.947917,30,1.0,00003.HK,HK & CHINA GAS,Q_S_SAFETY_INVEST_RATE,安全生产投入占比,S,True,0,,,0,missing_candidate,extend_extraction_rules,0,related_fields_incomplete,,2,data/text/00003.HK/2025/annual_report.txt|data/text/hkex_reports/00003.HK/2025/esg_report.txt,False
153,inspect_social_disclosures,1225,81.423611,53,433,380,True,1.0,1.0,0.277778,1.0,0.947917,30,1.0,00006.HK,POWER ASSETS,Q_S_SAFETY_INVEST_RATE,安全生产投入占比,S,True,0,,,0,missing_candidate,extend_extraction_rules,0,related_fields_incomplete,,2,data/text/hkex_reports/00006.HK/2025/annual_report.txt|data/text/hkex_reports/00006.HK/2025/esg_report.txt,False
154,inspect_social_disclosures,1226,81.423611,108,290,182,True,1.0,1.0,0.277778,1.0,0.947917,30,1.0,000096.SZ,广聚能源,Q_S_SAFETY_INVEST_RATE,安全生产投入占比,S,True,0,,,0,missing_candidate,extend_extraction_rules,0,related_fields_incomplete,,1,data/text/000096.SZ/2025/annual_report.txt,False
155,inspect_social_disclosures,1228,81.423611,193,488,295,True,1.0,1.0,0.277778,1.0,0.947917,30,1.0,000554.SZ,泰山石油,Q_S_SAFETY_INVEST_RATE,安全生产投入占比,S,True,0,,,0,missing_candidate,extend_extraction_rules,0,related_fields_incomplete,,2,data/text/000554.SZ/2025/annual_report.txt|data/text/000554.SZ/2025/esg_report.txt,False
156,inspect_social_disclosures,1229,81.423611,151,413,262,True,1.0,1.0,0.277778,1.0,0.947917,30,1.0,000682.SZ,东方电子,Q_S_SAFETY_INVEST_RATE,安全生产投入占比,S,True,0,,,0,missing_candidate,extend_extraction_rules,0,related_fields_incomplete,,1,data/text/000682.SZ/2025/annual_report.txt,False
157,inspect_social_disclosures,1230,81.423611,136,319,183,True,1.0,1.0,0.277778,1.0,0.947917,30,1.0,001208.SZ,华菱线缆,Q_S_SAFETY_INVEST_RATE,安全生产投入占比,S,True,0,,,0,missing_candidate,extend_extraction_rules,0,related_fields_incomplete,,1,data/text/001208.SZ/2025/annual_report.txt,False
158,inspect_social_disclosures,1231,81.423611,122,258,136,True,1.0,1.0,0.277778,1.0,0.947917,30,1.0,001258.SZ,立新能源,Q_S_SAFETY_INVEST_RATE,安全生产投入占比,S,True,0,,,0,missing_candidate,extend_extraction_rules,0,related_fields_incomplete,,1,data/text/001258.SZ/2025/annual_report.txt,False
159,inspect_social_disclosures,1232,81.423611,112,240,128,True,1.0,1.0,0.277778,1.0,0.947917,30,1.0,001299.SZ,美能能源,Q_S_SAFETY_INVEST_RATE,安全生产投入占比,S,True,0,,,0,missing_candidate,extend_extraction_rules,0,possible_safety_revenue_formula_closure,"营业收入（元） 725,540,857.14 665,208,472.27 9.07% 575,789,775.06 归属于上市公司股东的净 利润（元） 102,487,410.11 87,298,199.69 17.40% 81,810,612.30 归属于上市公司股东的扣 除非经常性损益的净利润 （元） 91,275,529.03 76,633,305.40 19.11% 68,948,478.36 经营活动产生的现金流量 净额（元） 89,146,680.99 99,760,451.85 -10.64% 91,707,217.51 基本每股收益（元/股） 0.43 0.36 19.44% 0.34 稀释每股收益（元/股） 0.43 0.36 19.44% 0.34 加权平均净资产收益率 8.26% 6.71% 1.55% 6.45% 2025 年末 2024 年末 本年末比上年末增减 2023 年末 总资产（元） 1,721,609,985.86 1,766,535,269.86 -2.54% 1,753,659,220.97 归属于上市公司股东的净 资产（元） 1,213,40",1,data/text/001299.SZ/2025/annual_report.txt,False
160,inspect_social_disclosures,1233,81.423611,136,285,149,True,1.0,1.0,0.277778,1.0,0.947917,30,1.0,00182.HK,CONCORD NE,Q_S_SAFETY_INVEST_RATE,安全生产投入占比,S,True,0,,,0,missing_candidate,extend_extraction_rules,0,related_fields_incomplete,,2,data/text/hkex_reports/00182.HK/2025/annual_report.txt|data/text/hkex_reports/00182.HK/2025/esg_report.txt,False
161,inspect_social_disclosures,1234,81.423611,24,287,263,True,1.0,1.0,0.277778,1.0,0.947917,30,1.0,002039.SZ,黔源电力,Q_S_SAFETY_INVEST_RATE,安全生产投入占比,S,True,0,,,0,missing_candidate,extend_extraction_rules,0,related_fields_incomplete,,1,data/text/002039.SZ/2025/annual_report.txt,False
162,inspect_social_disclosures,1235,81.423611,27,369,342,True,1.0,1.0,0.277778,1.0,0.947917,30,1.0,002056.SZ,横店东磁,Q_S_SAFETY_INVEST_RATE,安全生产投入占比,S,True,0,,,0,missing_candidate,extend_extraction_rules,0,related_fields_incomplete,,1,data/text/002056.SZ/2025/annual_report.txt,False
163,inspect_social_disclosures,1236,81.423611,28,385,357,True,1.0,1.0,0.277778,1.0,0.947917,30,1.0,00206.HK,CM-ENERGY,Q_S_SAFETY_INVEST_RATE,安全生产投入占比,S,True,0,,,0,missing_candidate,extend_extraction_rules,0,related_fields_incomplete,,1,data/text/hkex_reports/00206.HK/2025/annual_report.txt,False
164,inspect_social_disclosures,1237,81.423611,165,276,111,True,1.0,1.0,0.277778,1.0,0.947917,30,1.0,002074.SZ,国轩高科,Q_S_SAFETY_INVEST_RATE,安全生产投入占比,S,True,0,,,0,missing_candidate,extend_extraction_rules,0,related_fields_incomplete,,1,data/text/002074.SZ/2025/annual_report.txt,False
165,inspect_social_disclosures,1238,81.423611,196,307,111,True,1.0,1.0,0.277778,1.0,0.947917,30,1.0,002090.SZ,金智科技,Q_S_SAFETY_INVEST_RATE,安全生产投入占比,S,True,0,,,0,missing_candidate,extend_extraction_rules,0,related_fields_incomplete,,1,data/text/002090.SZ/2025/annual_report.txt,False
166,inspect_social_disclosures,1239,81.423611,121,327,206,True,1.0,1.0,0.277778,1.0,0.947917,30,1.0,002276.SZ,万马股份,Q_S_SAFETY_INVEST_RATE,安全生产投入占比,S,True,0,,,0,missing_candidate,extend_extraction_rules,0,related_fields_incomplete,,1,data/text/002276.SZ/2025/annual_report.txt,False
167,inspect_social_disclosures,1240,81.423611,174,359,185,True,1.0,1.0,0.277778,1.0,0.947917,30,1.0,00228.HK,CHINA ENERGY,Q_S_SAFETY_INVEST_RATE,安全生产投入占比,S,True,0,,,0,missing_candidate,extend_extraction_rules,0,related_fields_incomplete,,2,data/text/hkex_reports/00228.HK/2025/annual_report.txt|data/text/hkex_reports/00228.HK/2025/esg_report.txt,False
168,inspect_social_disclosures,1241,81.423611,77,284,207,True,1.0,1.0,0.277778,1.0,0.947917,30,1.0,002335.SZ,科华数据,Q_S_SAFETY_INVEST_RATE,安全生产投入占比,S,True,0,,,0,missing_candidate,extend_extraction_rules,0,related_fields_incomplete,,1,data/text/002335.SZ/2025/annual_report.txt,False
169,inspect_social_disclosures,1243,81.423611,135,250,115,True,1.0,1.0,0.277778,1.0,0.947917,30,1.0,002479.SZ,富春环保,Q_S_SAFETY_INVEST_RATE,安全生产投入占比,S,True,0,,,0,missing_candidate,extend_extraction_rules,0,related_fields_incomplete,,1,data/text/002479.SZ/2025/annual_report.txt,False
170,inspect_social_disclosures,1244,81.423611,176,281,105,True,1.0,1.0,0.277778,1.0,0.947917,30,1.0,002487.SZ,大金重工,Q_S_SAFETY_INVEST_RATE,安全生产投入占比,S,True,0,,,0,missing_candidate,extend_extraction_rules,0,related_fields_incomplete,,1,data/text/002487.SZ/2025/annual_report.txt,False
171,inspect_social_disclosures,1245,81.423611,177,376,199,True,1.0,1.0,0.277778,1.0,0.947917,30,1.0,002531.SZ,天顺风能,Q_S_SAFETY_INVEST_RATE,安全生产投入占比,S,True,0,,,0,missing_candidate,extend_extraction_rules,0,related_fields_incomplete,,2,data/text/002531.SZ/2025/annual_report.txt|data/text/002531.SZ/2025/esg_report.txt,False
172,inspect_social_disclosures,1246,81.423611,149,436,287,True,1.0,1.0,0.277778,1.0,0.947917,30,1.0,002608.SZ,江苏国信,Q_S_SAFETY_INVEST_RATE,安全生产投入占比,S,True,0,,,0,missing_candidate,extend_extraction_rules,0,related_fields_incomplete,,1,data/text/002608.SZ/2025/annual_report.txt,False
173,inspect_social_disclosures,1247,81.423611,128,395,267,True,1.0,1.0,0.277778,1.0,0.947917,30,1.0,002692.SZ,远程股份,Q_S_SAFETY_INVEST_RATE,安全生产投入占比,S,True,0,,,0,missing_candidate,extend_extraction_rules,0,related_fields_incomplete,,1,data/text/002692.SZ/2025/annual_report.txt,False
174,inspect_social_disclosures,1249,81.423611,90,217,127,True,1.0,1.0,0.277778,1.0,0.947917,30,1.0,002709.SZ,天赐材料,Q_S_SAFETY_INVEST_RATE,安全生产投入占比,S,True,0,,,0,missing_candidate,extend_extraction_rules,0,related_fields_incomplete,,1,data/text/002709.SZ/2025/annual_report.txt,False
175,inspect_social_disclosures,1643,76.753472,70,219,149,True,1.0,1.0,0.333333,1.0,0.342014,379,1.2,00002.HK,CLP HOLDINGS,Q_S_DIVIDEND_PER_SHARE,现金分红,S,True,0,,,0,missing_candidate,extend_extraction_rules,0,dividend_disclosed_foreign_currency,Dividend per share Increase / (Decrease) 2025 2024 % For the year (in HK$ million) Earnings Hong Kong energy business,1,data/text/hkex_reports/00002.HK/2025/annual_report.txt,False
176,inspect_social_disclosures,1644,76.753472,48,355,307,True,1.0,1.0,0.333333,1.0,0.342014,379,1.2,00003.HK,HK & CHINA GAS,Q_S_DIVIDEND_PER_SHARE,现金分红,S,True,0,,,0,missing_candidate,extend_extraction_rules,0,no_dividend_per_share_disclosure,,2,data/text/00003.HK/2025/annual_report.txt|data/text/hkex_reports/00003.HK/2025/esg_report.txt,False
177,inspect_social_disclosures,1645,76.753472,53,433,380,True,1.0,1.0,0.333333,1.0,0.342014,379,1.2,00006.HK,POWER ASSETS,Q_S_DIVIDEND_PER_SHARE,现金分红,S,True,0,,,0,missing_candidate,extend_extraction_rules,0,dividend_disclosed_foreign_currency,Dividend per Share Interim: HK$0.78 23 September 2025 Final: HK$2.04 9 June 2026 13 August 2025 18 March 2026 15 May 2,2,data/text/hkex_reports/00006.HK/2025/annual_report.txt|data/text/hkex_reports/00006.HK/2025/esg_report.txt,False
178,inspect_social_disclosures,1646,76.753472,136,285,149,True,1.0,1.0,0.333333,1.0,0.342014,379,1.2,00182.HK,CONCORD NE,Q_S_DIVIDEND_PER_SHARE,现金分红,S,True,0,,,0,missing_candidate,extend_extraction_rules,0,no_dividend_per_share_disclosure,,2,data/text/hkex_reports/00182.HK/2025/annual_report.txt|data/text/hkex_reports/00182.HK/2025/esg_report.txt,False
179,inspect_social_disclosures,1647,76.753472,28,385,357,True,1.0,1.0,0.333333,1.0,0.342014,379,1.2,00206.HK,CM-ENERGY,Q_S_DIVIDEND_PER_SHARE,现金分红,S,True,0,,,0,missing_candidate,extend_extraction_rules,0,no_dividend_per_share_disclosure,,1,data/text/hkex_reports/00206.HK/2025/annual_report.txt,False
180,inspect_social_disclosures,1648,76.753472,174,359,185,True,1.0,1.0,0.333333,1.0,0.342014,379,1.2,00228.HK,CHINA ENERGY,Q_S_DIVIDEND_PER_SHARE,现金分红,S,True,0,,,0,missing_candidate,extend_extraction_rules,0,no_dividend_per_share_disclosure,,2,data/text/hkex_reports/00228.HK/2025/annual_report.txt|data/text/hkex_reports/00228.HK/2025/esg_report.txt,False
181,inspect_social_disclosures,1650,76.753472,121,315,194,True,1.0,1.0,0.333333,1.0,0.342014,379,1.2,002506.SZ,协鑫集成,Q_S_DIVIDEND_PER_SHARE,现金分红,S,True,0,,,0,missing_candidate,extend_extraction_rules,0,no_dividend_per_share_disclosure,,2,data/text/002506.SZ/2025/annual_report.txt|data/text/002506.SZ/2025/esg_report.txt,False
182,inspect_social_disclosures,1651,76.753472,177,376,199,True,1.0,1.0,0.333333,1.0,0.342014,379,1.2,002531.SZ,天顺风能,Q_S_DIVIDEND_PER_SHARE,现金分红,S,True,0,,,0,missing_candidate,extend_extraction_rules,0,no_dividend_per_share_disclosure,,2,data/text/002531.SZ/2025/annual_report.txt|data/text/002531.SZ/2025/esg_report.txt,False
183,inspect_social_disclosures,1850,75.052083,70,219,149,True,1.0,1.0,0.333333,1.0,0.171875,477,1.2,00002.HK,CLP HOLDINGS,Q_S_RD_RATE,研发费用占比,S,True,0,,,0,missing_candidate,extend_extraction_rules,0,related_fields_incomplete,,1,data/text/hkex_reports/00002.HK/2025/annual_report.txt,False
184,inspect_social_disclosures,1851,75.052083,48,355,307,True,1.0,1.0,0.333333,1.0,0.171875,477,1.2,00003.HK,HK & CHINA GAS,Q_S_RD_RATE,研发费用占比,S,True,0,,,0,missing_candidate,extend_extraction_rules,0,related_fields_incomplete,,2,data/text/00003.HK/2025/annual_report.txt|data/text/hkex_reports/00003.HK/2025/esg_report.txt,False
185,inspect_social_disclosures,1852,75.052083,53,433,380,True,1.0,1.0,0.333333,1.0,0.171875,477,1.2,00006.HK,POWER ASSETS,Q_S_RD_RATE,研发费用占比,S,True,0,,,0,missing_candidate,extend_extraction_rules,0,related_fields_incomplete,,2,data/text/hkex_reports/00006.HK/2025/annual_report.txt|data/text/hkex_reports/00006.HK/2025/esg_report.txt,False
186,inspect_social_disclosures,1853,75.052083,193,488,295,True,1.0,1.0,0.333333,1.0,0.171875,477,1.2,000554.SZ,泰山石油,Q_S_RD_RATE,研发费用占比,S,True,0,,,0,missing_candidate,extend_extraction_rules,0,possible_rd_revenue_formula_closure,"营业收入（元） 3,166,272,515.22 3,305,615,445.20 -4.22% 3,641,277,758.17 归属于上市公 司股东 的净利润（元） 154,652,880.62 99,329,469.15 55.70% 34,886,564.34 归属于上市公 司股东 的扣除非经常性损益 的净利润（元） 159,988,133.74 108,192,810.61 47.87% 40,179,566.58 经营活动产生的现金 流量净额（元） 123,354,083.26 381,997,790.59 -67.71% 53,866,812.31 基本每股收益（元/ 股） 0.3217 0.2066 55.71% 0.07 稀释每股收益（元/ 股） 0.3217 0.2066 55.71% 0.07 加权平均净资产收益 率 14.22% 9.97% 4.25% 3.70% 2025 年末 2024 年末 本年末比上年末增减 2023 年末 总资产（元） 1,622,811,430.33 1,885,978,423.29 -13.95% 1,793,289,575.32",2,data/text/000554.SZ/2025/annual_report.txt|data/text/000554.SZ/2025/esg_report.txt,False
187,inspect_social_disclosures,1854,75.052083,136,285,149,True,1.0,1.0,0.333333,1.0,0.171875,477,1.2,00182.HK,CONCORD NE,Q_S_RD_RATE,研发费用占比,S,True,0,,,0,missing_candidate,extend_extraction_rules,0,related_fields_incomplete,,2,data/text/hkex_reports/00182.HK/2025/annual_report.txt|data/text/hkex_reports/00182.HK/2025/esg_report.txt,False
188,inspect_social_disclosures,1855,75.052083,24,287,263,True,1.0,1.0,0.333333,1.0,0.171875,477,1.2,002039.SZ,黔源电力,Q_S_RD_RATE,研发费用占比,S,True,0,,,0,missing_candidate,extend_extraction_rules,0,possible_rd_revenue_formula_closure,"营业收入（元） 3,285,422,989.95 1,932,832,751.59 69.98% 1,990,382,923.61 归属于上市公司股东 的净利润（元） 600,128,761.60 218,212,297.43 175.02% 264,777,678.08 归属于上市公司股东 的扣除非经常性损益 的净利润（元） 597,828,841.11 236,146,213.18 153.16% 266,929,384.10 经营活动产生的现金 流量净额（元） 2,434,452,414.12 1,257,245,813.58 93.63% 1,806,066,563.07 基本每股收益（元/ 股） 1.4036 0.5104 175.00% 0.6193 稀释每股收益（元/ 股） 1.4036 0.5104 175.00% 0.6193 加权平均净资产收益 率 14.34% 5.65% 8.69% 7.11% 2025 年末 2024 年末 本年末比上年末增减 2023 年末 总资产（元） 15,161,647,449.72 15,563,450,198.12 -2.58% 1",1,data/text/002039.SZ/2025/annual_report.txt,False
189,inspect_social_disclosures,1856,75.052083,28,385,357,True,1.0,1.0,0.333333,1.0,0.171875,477,1.2,00206.HK,CM-ENERGY,Q_S_RD_RATE,研发费用占比,S,True,0,,,0,missing_candidate,extend_extraction_rules,0,possible_rd_revenue_formula_closure,"Revenue 收入 135,362 166,773 181,337 113,040 57,027 Cost of sales 銷售成本 (104,024) (125,294) (140,340) (85,294) (36,363) Gross profit 毛利 31,338 41,479 40,997 27,746 20,664 Other revenue and net income (including reversal of impairment losses/provisions) 其他收益及淨收入 （包括減值虧損撥回╱撥備） 2,824 1,475 1,933 6,770 19,548 Selling and distribution expenses 銷售及分銷開支 (3,168) (2,600) (2,496) (2,693) (3,914) General and administrative expenses 一般及行政開支 (25,667) (26,002) (25,454) (21,934) (19,775) Other expenses 其他開支 (314)",1,data/text/hkex_reports/00206.HK/2025/annual_report.txt,False
190,inspect_social_disclosures,1857,75.052083,174,359,185,True,1.0,1.0,0.333333,1.0,0.171875,477,1.2,00228.HK,CHINA ENERGY,Q_S_RD_RATE,研发费用占比,S,True,0,,,0,missing_candidate,extend_extraction_rules,0,related_fields_incomplete,,2,data/text/hkex_reports/00228.HK/2025/annual_report.txt|data/text/hkex_reports/00228.HK/2025/esg_report.txt,False
191,inspect_social_disclosures,1858,75.052083,121,315,194,True,1.0,1.0,0.333333,1.0,0.171875,477,1.2,002506.SZ,协鑫集成,Q_S_RD_RATE,研发费用占比,S,True,0,,,0,missing_candidate,extend_extraction_rules,0,possible_rd_revenue_formula_closure,"营业收入（元） 15,343,258,933.14 16,239,786,764.91 -5.52% 15,967,610,311. 08 归属于上市公司股 -1,166,069,782.41 68,294,014.09 -1,807.43% 157,719,454.09 东的净利润（元） 归属于上市公司股 东的扣除非经常性 -1,212,049,054.06 -1,931,368.84 -62,655.96% 68,983,016.71 损益的净利润 （元） 经营活动产生的现 金流量净额（元） 1,281,331,747.06 951,577,658.58 34.65% 301,072,565.82 基本每股收益（元 -0.199 0.012 -1,758.33% 0.027 /股） 稀释每股收益（元 -0.199 0.012 -1,758.33% 0.027 /股） 加权平均净资产收-66.40% 2.84% -69.24% 6.73% 8 === PAGE 9 === 协鑫集成科技股份有限公司 2025年年度报告全文 益率 2025年末 2024年末 本年末比上 年末增减 20",2,data/text/002506.SZ/2025/annual_report.txt|data/text/002506.SZ/2025/esg_report.txt,False
192,rerun_financial_derivation,1999,73.975694,48,355,307,True,1.0,1.0,0.311111,1.0,0.119792,507,1.12,00003.HK,HK & CHINA GAS,Q_G_DEBT_ASSET_RATE,资产负债率,G,True,0,,,0,missing_candidate,extend_extraction_rules,0,related_fields_incomplete,,2,data/text/00003.HK/2025/annual_report.txt|data/text/hkex_reports/00003.HK/2025/esg_report.txt,False
193,rerun_financial_derivation,2000,73.975694,53,433,380,True,1.0,1.0,0.311111,1.0,0.119792,507,1.12,00006.HK,POWER ASSETS,Q_G_DEBT_ASSET_RATE,资产负债率,G,True,0,,,0,missing_candidate,extend_extraction_rules,0,related_fields_incomplete,,2,data/text/hkex_reports/00006.HK/2025/annual_report.txt|data/text/hkex_reports/00006.HK/2025/esg_report.txt,False
194,rerun_financial_derivation,2002,73.975694,121,315,194,True,1.0,1.0,0.311111,1.0,0.119792,507,1.12,002506.SZ,协鑫集成,Q_G_DEBT_ASSET_RATE,资产负债率,G,True,0,,,0,missing_candidate,extend_extraction_rules,0,possible_balance_sheet_formula_closure,"资产总计 流动负债： 短期借款 向中央银行借款 拆入资金 交易性金融负债 衍生金融负债 应付票据 应付账款 117 协鑫集成科技股份有限公司 2025年年度报告全文 229,235,359.37 260,320,905.46 9,731,978,370.22 10,379,138,794.10 1,501,581,496.08 1,563,182,235.21 24,587,395.49 24,425,433.91 150,000,000.00 110,000,000.00 4,515,219,882.84 4,456,317,091.69 158,590,428.37 365,594,382.02 1,259,833,503.44 1,394,856,320.48 158,937,853.12 144,063,935.49 17,727,438.68 17,727,438.68 29,714,268.74 36,943,812.43 429,068,431.40 406,836,028.27 339,714,754.02 303,550,733.25 8,584,975,452.18",2,data/text/002506.SZ/2025/annual_report.txt|data/text/002506.SZ/2025/esg_report.txt,False
195,inspect_esg_tables,2240,71.979167,108,290,182,True,1.0,1.0,0.5,0.0,0.947917,30,1.8,000096.SZ,广聚能源,Q_E_GHG_REDUCTION_RATE,温室气体减排率,E,False,0,,,0,missing_candidate,extend_extraction_rules,2,related_fields_incomplete,,1,data/text/000096.SZ/2025/annual_report.txt,False
196,inspect_esg_tables,2243,71.979167,151,413,262,True,1.0,1.0,0.5,0.0,0.947917,30,1.8,000682.SZ,东方电子,Q_E_GHG_REDUCTION_RATE,温室气体减排率,E,False,0,,,0,missing_candidate,extend_extraction_rules,2,related_fields_incomplete,,1,data/text/000682.SZ/2025/annual_report.txt,False
197,inspect_esg_tables,2245,71.979167,136,319,183,True,1.0,1.0,0.5,0.0,0.947917,30,1.8,001208.SZ,华菱线缆,Q_E_GHG_REDUCTION_RATE,温室气体减排率,E,False,0,,,0,missing_candidate,extend_extraction_rules,2,related_fields_incomplete,,1,data/text/001208.SZ/2025/annual_report.txt,False
198,inspect_esg_tables,2246,71.979167,122,258,136,True,1.0,1.0,0.5,0.0,0.947917,30,1.8,001258.SZ,立新能源,Q_E_GHG_REDUCTION_RATE,温室气体减排率,E,False,0,,,0,missing_candidate,extend_extraction_rules,2,related_fields_incomplete,,1,data/text/001258.SZ/2025/annual_report.txt,False
199,inspect_esg_tables,2247,71.979167,112,240,128,True,1.0,1.0,0.5,0.0,0.947917,30,1.8,001299.SZ,美能能源,Q_E_GHG_REDUCTION_RATE,温室气体减排率,E,False,0,,,0,missing_candidate,extend_extraction_rules,2,related_fields_incomplete,,1,data/text/001299.SZ/2025/annual_report.txt,False
200,inspect_esg_tables,2248,71.979167,24,287,263,True,1.0,1.0,0.5,0.0,0.947917,30,1.8,002039.SZ,黔源电力,Q_E_GHG_REDUCTION_RATE,温室气体减排率,E,False,0,,,0,missing_candidate,extend_extraction_rules,2,related_fields_incomplete,,1,data/text/002039.SZ/2025/annual_report.txt,False
201,inspect_esg_tables,2249,71.979167,27,369,342,True,1.0,1.0,0.5,0.0,0.947917,30,1.8,002056.SZ,横店东磁,Q_E_GHG_REDUCTION_RATE,温室气体减排率,E,False,0,,,0,missing_candidate,extend_extraction_rules,2,related_fields_incomplete,,1,data/text/002056.SZ/2025/annual_report.txt,False
202,inspect_esg_tables,2250,71.979167,28,385,357,True,1.0,1.0,0.5,0.0,0.947917,30,1.8,00206.HK,CM-ENERGY,Q_E_GHG_REDUCTION_RATE,温室气体减排率,E,False,0,,,0,missing_candidate,extend_extraction_rules,2,possible_two_year_ghg_formula_closure,"2024 2025 1. The Company introduced the high-efficiency energy-saving wing shaped rigid sail products from the European company BarTech, achieving order fulfillment in 2024. The product has undergone rigorous validation through actual performance and data, and has obtained the Ship Classification Society DNV’s design type approval. Its unique wing shaped design enhances its lift performance by 2.5 times compared to traditional single-panel sails. 本公司引入源自歐洲BarTech公司的高效節能翼型剛性風帆產品在二零二四年實現訂單落地。該產品已通",1,data/text/hkex_reports/00206.HK/2025/annual_report.txt,False
203,inspect_esg_tables,2251,71.979167,165,276,111,True,1.0,1.0,0.5,0.0,0.947917,30,1.8,002074.SZ,国轩高科,Q_E_GHG_REDUCTION_RATE,温室气体减排率,E,False,0,,,0,missing_candidate,extend_extraction_rules,2,related_fields_incomplete,,1,data/text/002074.SZ/2025/annual_report.txt,False
204,inspect_esg_tables,2252,71.979167,196,307,111,True,1.0,1.0,0.5,0.0,0.947917,30,1.8,002090.SZ,金智科技,Q_E_GHG_REDUCTION_RATE,温室气体减排率,E,False,0,,,0,missing_candidate,extend_extraction_rules,2,related_fields_incomplete,,1,data/text/002090.SZ/2025/annual_report.txt,False
205,inspect_esg_tables,2253,71.979167,121,327,206,True,1.0,1.0,0.5,0.0,0.947917,30,1.8,002276.SZ,万马股份,Q_E_GHG_REDUCTION_RATE,温室气体减排率,E,False,0,,,0,missing_candidate,extend_extraction_rules,2,related_fields_incomplete,,1,data/text/002276.SZ/2025/annual_report.txt,False
206,inspect_esg_tables,2254,71.979167,174,359,185,True,1.0,1.0,0.5,0.0,0.947917,30,1.8,00228.HK,CHINA ENERGY,Q_E_GHG_REDUCTION_RATE,温室气体减排率,E,False,0,,,0,missing_candidate,extend_extraction_rules,2,related_fields_incomplete,,2,data/text/hkex_reports/00228.HK/2025/annual_report.txt|data/text/hkex_reports/00228.HK/2025/esg_report.txt,False
207,inspect_esg_tables,2255,71.979167,77,284,207,True,1.0,1.0,0.5,0.0,0.947917,30,1.8,002335.SZ,科华数据,Q_E_GHG_REDUCTION_RATE,温室气体减排率,E,False,0,,,0,missing_candidate,extend_extraction_rules,2,related_fields_incomplete,,1,data/text/002335.SZ/2025/annual_report.txt,False
208,inspect_esg_tables,2257,71.979167,135,250,115,True,1.0,1.0,0.5,0.0,0.947917,30,1.8,002479.SZ,富春环保,Q_E_GHG_REDUCTION_RATE,温室气体减排率,E,False,0,,,0,missing_candidate,extend_extraction_rules,2,related_fields_incomplete,,1,data/text/002479.SZ/2025/annual_report.txt,False
209,inspect_esg_tables,2258,71.979167,176,281,105,True,1.0,1.0,0.5,0.0,0.947917,30,1.8,002487.SZ,大金重工,Q_E_GHG_REDUCTION_RATE,温室气体减排率,E,False,0,,,0,missing_candidate,extend_extraction_rules,2,related_fields_incomplete,,1,data/text/002487.SZ/2025/annual_report.txt,False
210,inspect_esg_tables,2259,71.979167,177,376,199,True,1.0,1.0,0.5,0.0,0.947917,30,1.8,002531.SZ,天顺风能,Q_E_GHG_REDUCTION_RATE,温室气体减排率,E,False,0,,,0,missing_candidate,extend_extraction_rules,2,related_fields_incomplete,,2,data/text/002531.SZ/2025/annual_report.txt|data/text/002531.SZ/2025/esg_report.txt,False
211,inspect_esg_tables,2260,71.979167,149,436,287,True,1.0,1.0,0.5,0.0,0.947917,30,1.8,002608.SZ,江苏国信,Q_E_GHG_REDUCTION_RATE,温室气体减排率,E,False,0,,,0,missing_candidate,extend_extraction_rules,2,related_fields_incomplete,,1,data/text/002608.SZ/2025/annual_report.txt,False
212,inspect_esg_tables,2261,71.979167,128,395,267,True,1.0,1.0,0.5,0.0,0.947917,30,1.8,002692.SZ,远程股份,Q_E_GHG_REDUCTION_RATE,温室气体减排率,E,False,0,,,0,missing_candidate,extend_extraction_rules,2,related_fields_incomplete,,1,data/text/002692.SZ/2025/annual_report.txt,False
213,inspect_esg_tables,2262,71.979167,90,217,127,True,1.0,1.0,0.5,0.0,0.947917,30,1.8,002709.SZ,天赐材料,Q_E_GHG_REDUCTION_RATE,温室气体减排率,E,False,0,,,0,missing_candidate,extend_extraction_rules,2,related_fields_incomplete,,1,data/text/002709.SZ/2025/annual_report.txt,False
214,inspect_esg_tables,2535,70.420139,70,219,149,True,1.0,1.0,0.424444,0.0,0.980903,11,1.528,00002.HK,CLP HOLDINGS,Q_E_HAZ_WASTE_INTENSITY,危险固体废物排放强度,E,False,0,,,0,missing_candidate,extend_extraction_rules,2,related_fields_incomplete,,1,data/text/hkex_reports/00002.HK/2025/annual_report.txt,False
215,inspect_esg_tables,2538,70.420139,108,290,182,True,1.0,1.0,0.424444,0.0,0.980903,11,1.528,000096.SZ,广聚能源,Q_E_HAZ_WASTE_INTENSITY,危险固体废物排放强度,E,False,0,,,0,missing_candidate,extend_extraction_rules,2,related_fields_incomplete,,1,data/text/000096.SZ/2025/annual_report.txt,False
216,inspect_esg_tables,2541,70.420139,193,488,295,True,1.0,1.0,0.424444,0.0,0.980903,11,1.528,000554.SZ,泰山石油,Q_E_HAZ_WASTE_INTENSITY,危险固体废物排放强度,E,False,0,,,0,missing_candidate,extend_extraction_rules,2,related_fields_incomplete,,2,data/text/000554.SZ/2025/annual_report.txt|data/text/000554.SZ/2025/esg_report.txt,False
217,inspect_esg_tables,2542,70.420139,151,413,262,True,1.0,1.0,0.424444,0.0,0.980903,11,1.528,000682.SZ,东方电子,Q_E_HAZ_WASTE_INTENSITY,危险固体废物排放强度,E,False,0,,,0,missing_candidate,extend_extraction_rules,2,related_fields_incomplete,,1,data/text/000682.SZ/2025/annual_report.txt,False
218,inspect_esg_tables,2544,70.420139,136,319,183,True,1.0,1.0,0.424444,0.0,0.980903,11,1.528,001208.SZ,华菱线缆,Q_E_HAZ_WASTE_INTENSITY,危险固体废物排放强度,E,False,0,,,0,missing_candidate,extend_extraction_rules,2,related_fields_incomplete,,1,data/text/001208.SZ/2025/annual_report.txt,False
219,inspect_esg_tables,2545,70.420139,122,258,136,True,1.0,1.0,0.424444,0.0,0.980903,11,1.528,001258.SZ,立新能源,Q_E_HAZ_WASTE_INTENSITY,危险固体废物排放强度,E,False,0,,,0,missing_candidate,extend_extraction_rules,2,related_fields_incomplete,,1,data/text/001258.SZ/2025/annual_report.txt,False
220,inspect_esg_tables,2546,70.420139,112,240,128,True,1.0,1.0,0.424444,0.0,0.980903,11,1.528,001299.SZ,美能能源,Q_E_HAZ_WASTE_INTENSITY,危险固体废物排放强度,E,False,0,,,0,missing_candidate,extend_extraction_rules,2,related_fields_incomplete,,1,data/text/001299.SZ/2025/annual_report.txt,False
221,inspect_esg_tables,2547,70.420139,136,285,149,True,1.0,1.0,0.424444,0.0,0.980903,11,1.528,00182.HK,CONCORD NE,Q_E_HAZ_WASTE_INTENSITY,危险固体废物排放强度,E,False,0,,,0,missing_candidate,extend_extraction_rules,2,related_fields_incomplete,,2,data/text/hkex_reports/00182.HK/2025/annual_report.txt|data/text/hkex_reports/00182.HK/2025/esg_report.txt,False
222,inspect_esg_tables,2548,70.420139,24,287,263,True,1.0,1.0,0.424444,0.0,0.980903,11,1.528,002039.SZ,黔源电力,Q_E_HAZ_WASTE_INTENSITY,危险固体废物排放强度,E,False,0,,,0,missing_candidate,extend_extraction_rules,2,related_fields_incomplete,,1,data/text/002039.SZ/2025/annual_report.txt,False
223,inspect_esg_tables,2549,70.420139,27,369,342,True,1.0,1.0,0.424444,0.0,0.980903,11,1.528,002056.SZ,横店东磁,Q_E_HAZ_WASTE_INTENSITY,危险固体废物排放强度,E,False,0,,,0,missing_candidate,extend_extraction_rules,2,related_fields_incomplete,,1,data/text/002056.SZ/2025/annual_report.txt,False
224,inspect_esg_tables,2551,70.420139,165,276,111,True,1.0,1.0,0.424444,0.0,0.980903,11,1.528,002074.SZ,国轩高科,Q_E_HAZ_WASTE_INTENSITY,危险固体废物排放强度,E,False,0,,,0,missing_candidate,extend_extraction_rules,2,related_fields_incomplete,,1,data/text/002074.SZ/2025/annual_report.txt,False
225,inspect_esg_tables,2552,70.420139,196,307,111,True,1.0,1.0,0.424444,0.0,0.980903,11,1.528,002090.SZ,金智科技,Q_E_HAZ_WASTE_INTENSITY,危险固体废物排放强度,E,False,0,,,0,missing_candidate,extend_extraction_rules,2,related_fields_incomplete,,1,data/text/002090.SZ/2025/annual_report.txt,False
226,inspect_esg_tables,2553,70.420139,121,327,206,True,1.0,1.0,0.424444,0.0,0.980903,11,1.528,002276.SZ,万马股份,Q_E_HAZ_WASTE_INTENSITY,危险固体废物排放强度,E,False,0,,,0,missing_candidate,extend_extraction_rules,2,related_fields_incomplete,,1,data/text/002276.SZ/2025/annual_report.txt,False
227,inspect_esg_tables,2555,70.420139,77,284,207,True,1.0,1.0,0.424444,0.0,0.980903,11,1.528,002335.SZ,科华数据,Q_E_HAZ_WASTE_INTENSITY,危险固体废物排放强度,E,False,0,,,0,missing_candidate,extend_extraction_rules,2,related_fields_incomplete,,1,data/text/002335.SZ/2025/annual_report.txt,False
228,inspect_esg_tables,2557,70.420139,135,250,115,True,1.0,1.0,0.424444,0.0,0.980903,11,1.528,002479.SZ,富春环保,Q_E_HAZ_WASTE_INTENSITY,危险固体废物排放强度,E,False,0,,,0,missing_candidate,extend_extraction_rules,2,related_fields_incomplete,,1,data/text/002479.SZ/2025/annual_report.txt,False
229,inspect_esg_tables,2558,70.420139,176,281,105,True,1.0,1.0,0.424444,0.0,0.980903,11,1.528,002487.SZ,大金重工,Q_E_HAZ_WASTE_INTENSITY,危险固体废物排放强度,E,False,0,,,0,missing_candidate,extend_extraction_rules,2,related_fields_incomplete,,1,data/text/002487.SZ/2025/annual_report.txt,False
230,inspect_esg_tables,2559,70.420139,121,315,194,True,1.0,1.0,0.424444,0.0,0.980903,11,1.528,002506.SZ,协鑫集成,Q_E_HAZ_WASTE_INTENSITY,危险固体废物排放强度,E,False,0,,,0,missing_candidate,extend_extraction_rules,2,related_fields_incomplete,,2,data/text/002506.SZ/2025/annual_report.txt|data/text/002506.SZ/2025/esg_report.txt,False
231,inspect_esg_tables,2560,70.420139,177,376,199,True,1.0,1.0,0.424444,0.0,0.980903,11,1.528,002531.SZ,天顺风能,Q_E_HAZ_WASTE_INTENSITY,危险固体废物排放强度,E,False,0,,,0,missing_candidate,extend_extraction_rules,2,related_fields_incomplete,,2,data/text/002531.SZ/2025/annual_report.txt|data/text/002531.SZ/2025/esg_report.txt,False
232,inspect_esg_tables,2561,70.420139,149,436,287,True,1.0,1.0,0.424444,0.0,0.980903,11,1.528,002608.SZ,江苏国信,Q_E_HAZ_WASTE_INTENSITY,危险固体废物排放强度,E,False,0,,,0,missing_candidate,extend_extraction_rules,2,related_fields_incomplete,,1,data/text/002608.SZ/2025/annual_report.txt,False
233,inspect_esg_tables,2562,70.420139,128,395,267,True,1.0,1.0,0.424444,0.0,0.980903,11,1.528,002692.SZ,远程股份,Q_E_HAZ_WASTE_INTENSITY,危险固体废物排放强度,E,False,0,,,0,missing_candidate,extend_extraction_rules,2,related_fields_incomplete,,1,data/text/002692.SZ/2025/annual_report.txt,False
234,inspect_esg_tables,2564,70.420139,90,217,127,True,1.0,1.0,0.424444,0.0,0.980903,11,1.528,002709.SZ,天赐材料,Q_E_HAZ_WASTE_INTENSITY,危险固体废物排放强度,E,False,0,,,0,missing_candidate,extend_extraction_rules,2,related_fields_incomplete,,1,data/text/002709.SZ/2025/annual_report.txt,False
235,inspect_esg_tables,3025,67.065972,108,290,182,True,1.0,1.0,0.283333,0.0,0.998264,1,1.02,000096.SZ,广聚能源,Q_E_CLEAN_ENERGY_INTENSITY,绿色/可再生/清洁能源生产/使用强度,E,False,0,,,0,missing_candidate,extend_extraction_rules,2,related_fields_incomplete,,1,data/text/000096.SZ/2025/annual_report.txt,False
236,inspect_esg_tables,3028,67.065972,193,488,295,True,1.0,1.0,0.283333,0.0,0.998264,1,1.02,000554.SZ,泰山石油,Q_E_CLEAN_ENERGY_INTENSITY,绿色/可再生/清洁能源生产/使用强度,E,False,0,,,0,missing_candidate,extend_extraction_rules,2,related_fields_incomplete,,2,data/text/000554.SZ/2025/annual_report.txt|data/text/000554.SZ/2025/esg_report.txt,False
237,inspect_esg_tables,3029,67.065972,151,413,262,True,1.0,1.0,0.283333,0.0,0.998264,1,1.02,000682.SZ,东方电子,Q_E_CLEAN_ENERGY_INTENSITY,绿色/可再生/清洁能源生产/使用强度,E,False,0,,,0,missing_candidate,extend_extraction_rules,2,related_fields_incomplete,,1,data/text/000682.SZ/2025/annual_report.txt,False
238,inspect_esg_tables,3031,67.065972,136,319,183,True,1.0,1.0,0.283333,0.0,0.998264,1,1.02,001208.SZ,华菱线缆,Q_E_CLEAN_ENERGY_INTENSITY,绿色/可再生/清洁能源生产/使用强度,E,False,0,,,0,missing_candidate,extend_extraction_rules,2,related_fields_incomplete,,1,data/text/001208.SZ/2025/annual_report.txt,False
239,inspect_esg_tables,3032,67.065972,122,258,136,True,1.0,1.0,0.283333,0.0,0.998264,1,1.02,001258.SZ,立新能源,Q_E_CLEAN_ENERGY_INTENSITY,绿色/可再生/清洁能源生产/使用强度,E,False,0,,,0,missing_candidate,extend_extraction_rules,2,related_fields_incomplete,,1,data/text/001258.SZ/2025/annual_report.txt,False
240,inspect_esg_tables,3033,67.065972,112,240,128,True,1.0,1.0,0.283333,0.0,0.998264,1,1.02,001299.SZ,美能能源,Q_E_CLEAN_ENERGY_INTENSITY,绿色/可再生/清洁能源生产/使用强度,E,False,0,,,0,missing_candidate,extend_extraction_rules,2,related_fields_incomplete,,1,data/text/001299.SZ/2025/annual_report.txt,False
241,inspect_esg_tables,3036,67.065972,27,369,342,True,1.0,1.0,0.283333,0.0,0.998264,1,1.02,002056.SZ,横店东磁,Q_E_CLEAN_ENERGY_INTENSITY,绿色/可再生/清洁能源生产/使用强度,E,False,0,,,0,missing_candidate,extend_extraction_rules,2,related_fields_incomplete,,1,data/text/002056.SZ/2025/annual_report.txt,False
242,inspect_esg_tables,3038,67.065972,165,276,111,True,1.0,1.0,0.283333,0.0,0.998264,1,1.02,002074.SZ,国轩高科,Q_E_CLEAN_ENERGY_INTENSITY,绿色/可再生/清洁能源生产/使用强度,E,False,0,,,0,missing_candidate,extend_extraction_rules,2,related_fields_incomplete,,1,data/text/002074.SZ/2025/annual_report.txt,False
243,inspect_esg_tables,3039,67.065972,196,307,111,True,1.0,1.0,0.283333,0.0,0.998264,1,1.02,002090.SZ,金智科技,Q_E_CLEAN_ENERGY_INTENSITY,绿色/可再生/清洁能源生产/使用强度,E,False,0,,,0,missing_candidate,extend_extraction_rules,2,related_fields_incomplete,,1,data/text/002090.SZ/2025/annual_report.txt,False
244,inspect_esg_tables,3040,67.065972,121,327,206,True,1.0,1.0,0.283333,0.0,0.998264,1,1.02,002276.SZ,万马股份,Q_E_CLEAN_ENERGY_INTENSITY,绿色/可再生/清洁能源生产/使用强度,E,False,0,,,0,missing_candidate,extend_extraction_rules,2,related_fields_incomplete,,1,data/text/002276.SZ/2025/annual_report.txt,False
245,inspect_esg_tables,3042,67.065972,77,284,207,True,1.0,1.0,0.283333,0.0,0.998264,1,1.02,002335.SZ,科华数据,Q_E_CLEAN_ENERGY_INTENSITY,绿色/可再生/清洁能源生产/使用强度,E,False,0,,,0,missing_candidate,extend_extraction_rules,2,related_fields_incomplete,,1,data/text/002335.SZ/2025/annual_report.txt,False
246,inspect_esg_tables,3044,67.065972,135,250,115,True,1.0,1.0,0.283333,0.0,0.998264,1,1.02,002479.SZ,富春环保,Q_E_CLEAN_ENERGY_INTENSITY,绿色/可再生/清洁能源生产/使用强度,E,False,0,,,0,missing_candidate,extend_extraction_rules,2,related_fields_incomplete,,1,data/text/002479.SZ/2025/annual_report.txt,False
247,inspect_esg_tables,3045,67.065972,176,281,105,True,1.0,1.0,0.283333,0.0,0.998264,1,1.02,002487.SZ,大金重工,Q_E_CLEAN_ENERGY_INTENSITY,绿色/可再生/清洁能源生产/使用强度,E,False,0,,,0,missing_candidate,extend_extraction_rules,2,related_fields_incomplete,,1,data/text/002487.SZ/2025/annual_report.txt,False
248,inspect_esg_tables,3048,67.065972,149,436,287,True,1.0,1.0,0.283333,0.0,0.998264,1,1.02,002608.SZ,江苏国信,Q_E_CLEAN_ENERGY_INTENSITY,绿色/可再生/清洁能源生产/使用强度,E,False,0,,,0,missing_candidate,extend_extraction_rules,2,related_fields_incomplete,,1,data/text/002608.SZ/2025/annual_report.txt,False
249,inspect_esg_tables,3049,67.065972,128,395,267,True,1.0,1.0,0.283333,0.0,0.998264,1,1.02,002692.SZ,远程股份,Q_E_CLEAN_ENERGY_INTENSITY,绿色/可再生/清洁能源生产/使用强度,E,False,0,,,0,missing_candidate,extend_extraction_rules,2,related_fields_incomplete,,1,data/text/002692.SZ/2025/annual_report.txt,False
250,inspect_esg_tables,3051,67.065972,90,217,127,True,1.0,1.0,0.283333,0.0,0.998264,1,1.02,002709.SZ,天赐材料,Q_E_CLEAN_ENERGY_INTENSITY,绿色/可再生/清洁能源生产/使用强度,E,False,0,,,0,missing_candidate,extend_extraction_rules,2,related_fields_incomplete,,1,data/text/002709.SZ/2025/annual_report.txt,False
