thin_batch_rank,population_deficit,impact_rank,impact_score,best_rank,worst_rank,rank_span,crosses_top_n,boundary_risk,instability_risk,weight_risk,key_indicator_risk,population_scarcity_risk,indicator_population,neutral_vs_zero_total_score_delta,company_code,company_name,indicator_code,indicator_name,dimension,key_indicator,candidate_count,report_years,source_pages,max_confidence,status,next_action,priority,diagnostic_category,diagnostic_excerpt,text_file_count,diagnostic_text_files,scoring_authorized
1,19,2870,67.065972,67,232,165,True,1.0,1.0,0.283333,0.0,0.998264,1,1.02,00002.HK,CLP HOLDINGS,Q_E_CLEAN_ENERGY_INTENSITY,绿色/可再生/清洁能源生产/使用强度,E,False,0,,,0,missing_candidate,extend_extraction_rules,2,related_fields_incomplete,,1,data/text/hkex_reports/00002.HK/2025/annual_report.txt,False
2,19,2871,67.065972,45,372,327,True,1.0,1.0,0.283333,0.0,0.998264,1,1.02,00003.HK,HK & CHINA GAS,Q_E_CLEAN_ENERGY_INTENSITY,绿色/可再生/清洁能源生产/使用强度,E,False,0,,,0,missing_candidate,extend_extraction_rules,2,related_fields_incomplete,,2,data/text/00003.HK/2025/annual_report.txt|data/text/hkex_reports/00003.HK/2025/esg_report.txt,False
3,19,2872,67.065972,51,450,399,True,1.0,1.0,0.283333,0.0,0.998264,1,1.02,00006.HK,POWER ASSETS,Q_E_CLEAN_ENERGY_INTENSITY,绿色/可再生/清洁能源生产/使用强度,E,False,0,,,0,missing_candidate,extend_extraction_rules,2,possible_clean_energy_revenue_closure,"revenue is derived from our interests in around 509,000 km of power, gas and oil networks, supplemented by investments in around 9,500 MW of power generation facilities. A global transition to green energy is underway to support the carbon neutrality ambitions of markets around the world. As a key player in the energy sector, we invest extensively in innovation and technology to catalyse this transition, with minimal compromise on reliability and affordability. Listed on the Stock Exchange of Ho",2,data/text/hkex_reports/00006.HK/2025/annual_report.txt|data/text/hkex_reports/00006.HK/2025/esg_report.txt,False
4,19,2873,67.065972,108,287,179,True,1.0,1.0,0.283333,0.0,0.998264,1,1.02,000096.SZ,广聚能源,Q_E_CLEAN_ENERGY_INTENSITY,绿色/可再生/清洁能源生产/使用强度,E,False,0,,,0,missing_candidate,extend_extraction_rules,2,related_fields_incomplete,,1,data/text/000096.SZ/2025/annual_report.txt,False
5,19,2874,67.065972,33,341,308,True,1.0,1.0,0.283333,0.0,0.998264,1,1.02,000531.SZ,穗恒运Ａ,Q_E_CLEAN_ENERGY_INTENSITY,绿色/可再生/清洁能源生产/使用强度,E,False,0,,,0,missing_candidate,extend_extraction_rules,2,related_fields_incomplete,,2,data/text/000531.SZ/2025/annual_report.txt|data/text/000531.SZ/2025/esg_report.txt,False
6,19,2875,67.065972,169,401,232,True,1.0,1.0,0.283333,0.0,0.998264,1,1.02,000543.SZ,皖能电力,Q_E_CLEAN_ENERGY_INTENSITY,绿色/可再生/清洁能源生产/使用强度,E,False,0,,,0,missing_candidate,extend_extraction_rules,2,related_fields_incomplete,,2,data/text/000543.SZ/2025/annual_report.txt|data/text/000543.SZ/2025/esg_report.txt,False
7,19,2876,67.065972,191,474,283,True,1.0,1.0,0.283333,0.0,0.998264,1,1.02,000554.SZ,泰山石油,Q_E_CLEAN_ENERGY_INTENSITY,绿色/可再生/清洁能源生产/使用强度,E,False,0,,,0,missing_candidate,extend_extraction_rules,2,related_fields_incomplete,,2,data/text/000554.SZ/2025/annual_report.txt|data/text/000554.SZ/2025/esg_report.txt,False
8,19,2877,67.065972,157,427,270,True,1.0,1.0,0.283333,0.0,0.998264,1,1.02,000682.SZ,东方电子,Q_E_CLEAN_ENERGY_INTENSITY,绿色/可再生/清洁能源生产/使用强度,E,False,0,,,0,missing_candidate,extend_extraction_rules,2,related_fields_incomplete,,1,data/text/000682.SZ/2025/annual_report.txt,False
9,19,2878,67.065972,134,316,182,True,1.0,1.0,0.283333,0.0,0.998264,1,1.02,000791.SZ,甘肃能源,Q_E_CLEAN_ENERGY_INTENSITY,绿色/可再生/清洁能源生产/使用强度,E,False,0,,,0,missing_candidate,extend_extraction_rules,2,related_fields_incomplete,,2,data/text/000791.SZ/2025/annual_report.txt|data/text/000791.SZ/2025/esg_report.txt,False
10,19,2879,67.065972,141,335,194,True,1.0,1.0,0.283333,0.0,0.998264,1,1.02,001208.SZ,华菱线缆,Q_E_CLEAN_ENERGY_INTENSITY,绿色/可再生/清洁能源生产/使用强度,E,False,0,,,0,missing_candidate,extend_extraction_rules,2,related_fields_incomplete,,1,data/text/001208.SZ/2025/annual_report.txt,False
11,19,2880,67.065972,125,251,126,True,1.0,1.0,0.283333,0.0,0.998264,1,1.02,001258.SZ,立新能源,Q_E_CLEAN_ENERGY_INTENSITY,绿色/可再生/清洁能源生产/使用强度,E,False,0,,,0,missing_candidate,extend_extraction_rules,2,related_fields_incomplete,,1,data/text/001258.SZ/2025/annual_report.txt,False
12,19,2881,67.065972,113,236,123,True,1.0,1.0,0.283333,0.0,0.998264,1,1.02,001299.SZ,美能能源,Q_E_CLEAN_ENERGY_INTENSITY,绿色/可再生/清洁能源生产/使用强度,E,False,0,,,0,missing_candidate,extend_extraction_rules,2,related_fields_incomplete,,1,data/text/001299.SZ/2025/annual_report.txt,False
13,19,2882,67.065972,133,299,166,True,1.0,1.0,0.283333,0.0,0.998264,1,1.02,00182.HK,CONCORD NE,Q_E_CLEAN_ENERGY_INTENSITY,绿色/可再生/清洁能源生产/使用强度,E,False,0,,,0,missing_candidate,extend_extraction_rules,2,related_fields_incomplete,,2,data/text/hkex_reports/00182.HK/2025/annual_report.txt|data/text/hkex_reports/00182.HK/2025/esg_report.txt,False
14,19,2883,67.065972,11,291,280,True,1.0,1.0,0.283333,0.0,0.998264,1,1.02,002039.SZ,黔源电力,Q_E_CLEAN_ENERGY_INTENSITY,绿色/可再生/清洁能源生产/使用强度,E,False,0,,,0,missing_candidate,extend_extraction_rules,2,related_fields_incomplete,,1,data/text/002039.SZ/2025/annual_report.txt,False
15,19,2884,67.065972,25,386,361,True,1.0,1.0,0.283333,0.0,0.998264,1,1.02,002056.SZ,横店东磁,Q_E_CLEAN_ENERGY_INTENSITY,绿色/可再生/清洁能源生产/使用强度,E,False,0,,,0,missing_candidate,extend_extraction_rules,2,related_fields_incomplete,,1,data/text/002056.SZ/2025/annual_report.txt,False
16,19,2885,67.065972,113,366,253,True,1.0,1.0,0.283333,0.0,0.998264,1,1.02,00206.HK,CM-ENERGY,Q_E_CLEAN_ENERGY_INTENSITY,绿色/可再生/清洁能源生产/使用强度,E,False,0,,,0,missing_candidate,extend_extraction_rules,2,related_fields_incomplete,,1,data/text/hkex_reports/00206.HK/2025/annual_report.txt,False
17,19,2886,67.065972,173,283,110,True,1.0,1.0,0.283333,0.0,0.998264,1,1.02,002074.SZ,国轩高科,Q_E_CLEAN_ENERGY_INTENSITY,绿色/可再生/清洁能源生产/使用强度,E,False,0,,,0,missing_candidate,extend_extraction_rules,2,related_fields_incomplete,,1,data/text/002074.SZ/2025/annual_report.txt,False
18,19,2887,67.065972,196,322,126,True,1.0,1.0,0.283333,0.0,0.998264,1,1.02,002090.SZ,金智科技,Q_E_CLEAN_ENERGY_INTENSITY,绿色/可再生/清洁能源生产/使用强度,E,False,0,,,0,missing_candidate,extend_extraction_rules,2,related_fields_incomplete,,1,data/text/002090.SZ/2025/annual_report.txt,False
19,19,2888,67.065972,124,309,185,True,1.0,1.0,0.283333,0.0,0.998264,1,1.02,002276.SZ,万马股份,Q_E_CLEAN_ENERGY_INTENSITY,绿色/可再生/清洁能源生产/使用强度,E,False,0,,,0,missing_candidate,extend_extraction_rules,2,related_fields_incomplete,,1,data/text/002276.SZ/2025/annual_report.txt,False
20,19,2889,67.065972,168,376,208,True,1.0,1.0,0.283333,0.0,0.998264,1,1.02,00228.HK,CHINA ENERGY,Q_E_CLEAN_ENERGY_INTENSITY,绿色/可再生/清洁能源生产/使用强度,E,False,0,,,0,missing_candidate,extend_extraction_rules,2,related_fields_incomplete,,2,data/text/hkex_reports/00228.HK/2025/annual_report.txt|data/text/hkex_reports/00228.HK/2025/esg_report.txt,False
21,19,2890,67.065972,76,298,222,True,1.0,1.0,0.283333,0.0,0.998264,1,1.02,002335.SZ,科华数据,Q_E_CLEAN_ENERGY_INTENSITY,绿色/可再生/清洁能源生产/使用强度,E,False,0,,,0,missing_candidate,extend_extraction_rules,2,related_fields_incomplete,,1,data/text/002335.SZ/2025/annual_report.txt,False
22,19,2891,67.065972,185,295,110,True,1.0,1.0,0.283333,0.0,0.998264,1,1.02,002452.SZ,长高电气,Q_E_CLEAN_ENERGY_INTENSITY,绿色/可再生/清洁能源生产/使用强度,E,False,0,,,0,missing_candidate,extend_extraction_rules,2,related_fields_incomplete,,1,data/text/002452.SZ/2025/annual_report.txt,False
23,19,2892,67.065972,95,355,260,True,1.0,1.0,0.283333,0.0,0.998264,1,1.02,002459.SZ,晶澳科技,Q_E_CLEAN_ENERGY_INTENSITY,绿色/可再生/清洁能源生产/使用强度,E,False,0,,,0,missing_candidate,extend_extraction_rules,2,related_fields_incomplete,,2,data/text/002459.SZ/2025/annual_report.txt|data/text/002459.SZ/2025/esg_report.txt,False
24,19,2893,67.065972,136,251,115,True,1.0,1.0,0.283333,0.0,0.998264,1,1.02,002479.SZ,富春环保,Q_E_CLEAN_ENERGY_INTENSITY,绿色/可再生/清洁能源生产/使用强度,E,False,0,,,0,missing_candidate,extend_extraction_rules,2,related_fields_incomplete,,1,data/text/002479.SZ/2025/annual_report.txt,False
25,19,2894,67.065972,176,297,121,True,1.0,1.0,0.283333,0.0,0.998264,1,1.02,002487.SZ,大金重工,Q_E_CLEAN_ENERGY_INTENSITY,绿色/可再生/清洁能源生产/使用强度,E,False,0,,,0,missing_candidate,extend_extraction_rules,2,related_fields_incomplete,,1,data/text/002487.SZ/2025/annual_report.txt,False
26,19,2895,67.065972,191,449,258,True,1.0,1.0,0.283333,0.0,0.998264,1,1.02,002506.SZ,协鑫集成,Q_E_CLEAN_ENERGY_INTENSITY,绿色/可再生/清洁能源生产/使用强度,E,False,0,,,0,missing_candidate,extend_extraction_rules,2,related_fields_incomplete,,2,data/text/002506.SZ/2025/annual_report.txt|data/text/002506.SZ/2025/esg_report.txt,False
27,19,2896,67.065972,149,305,156,True,1.0,1.0,0.283333,0.0,0.998264,1,1.02,002531.SZ,天顺风能,Q_E_CLEAN_ENERGY_INTENSITY,绿色/可再生/清洁能源生产/使用强度,E,False,0,,,0,missing_candidate,extend_extraction_rules,2,related_fields_incomplete,,2,data/text/002531.SZ/2025/annual_report.txt|data/text/002531.SZ/2025/esg_report.txt,False
28,19,2897,67.065972,155,453,298,True,1.0,1.0,0.283333,0.0,0.998264,1,1.02,002608.SZ,江苏国信,Q_E_CLEAN_ENERGY_INTENSITY,绿色/可再生/清洁能源生产/使用强度,E,False,0,,,0,missing_candidate,extend_extraction_rules,2,related_fields_incomplete,,1,data/text/002608.SZ/2025/annual_report.txt,False
29,19,2898,67.065972,133,389,256,True,1.0,1.0,0.283333,0.0,0.998264,1,1.02,002692.SZ,远程股份,Q_E_CLEAN_ENERGY_INTENSITY,绿色/可再生/清洁能源生产/使用强度,E,False,0,,,0,missing_candidate,extend_extraction_rules,2,related_fields_incomplete,,1,data/text/002692.SZ/2025/annual_report.txt,False
30,19,2899,67.065972,95,215,120,True,1.0,1.0,0.283333,0.0,0.998264,1,1.02,002709.SZ,天赐材料,Q_E_CLEAN_ENERGY_INTENSITY,绿色/可再生/清洁能源生产/使用强度,E,False,0,,,0,missing_candidate,extend_extraction_rules,2,related_fields_incomplete,,1,data/text/002709.SZ/2025/annual_report.txt,False
31,19,2900,67.065972,21,359,338,True,1.0,1.0,0.283333,0.0,0.998264,1,1.02,002850.SZ,科达利,Q_E_CLEAN_ENERGY_INTENSITY,绿色/可再生/清洁能源生产/使用强度,E,False,0,,,0,missing_candidate,extend_extraction_rules,2,related_fields_incomplete,,1,data/text/002850.SZ/2025/annual_report.txt,False
32,19,2901,67.065972,109,230,121,True,1.0,1.0,0.283333,0.0,0.998264,1,1.02,002911.SZ,佛燃能源,Q_E_CLEAN_ENERGY_INTENSITY,绿色/可再生/清洁能源生产/使用强度,E,False,0,,,0,missing_candidate,extend_extraction_rules,2,related_fields_incomplete,,1,data/text/002911.SZ/2025/annual_report.txt,False
33,19,2902,67.065972,5,555,550,True,1.0,1.0,0.283333,0.0,0.998264,1,1.02,00353.HK,ENERGY INTINV,Q_E_CLEAN_ENERGY_INTENSITY,绿色/可再生/清洁能源生产/使用强度,E,False,0,,,0,missing_candidate,extend_extraction_rules,2,related_fields_incomplete,,1,data/text/00353.HK/2025/annual_report.txt,False
34,19,2903,67.065972,43,360,317,True,1.0,1.0,0.283333,0.0,0.998264,1,1.02,00384.HK,CHINA GAS HOLD,Q_E_CLEAN_ENERGY_INTENSITY,绿色/可再生/清洁能源生产/使用强度,E,False,0,,,0,missing_candidate,extend_extraction_rules,2,related_fields_incomplete,,2,data/text/hkex_reports/00384.HK/2025/annual_report.txt|data/text/hkex_reports/00384.HK/2025/esg_report.txt,False
35,19,2904,67.065972,35,204,169,True,1.0,1.0,0.283333,0.0,0.998264,1,1.02,00392.HK,BEIJING ENT,Q_E_CLEAN_ENERGY_INTENSITY,绿色/可再生/清洁能源生产/使用强度,E,False,0,,,0,missing_candidate,extend_extraction_rules,2,related_fields_incomplete,,2,data/text/hkex_reports/00392.HK/2025/annual_report.txt|data/text/hkex_reports/00392.HK/2025/esg_report.txt,False
36,19,2905,67.065972,15,368,353,True,1.0,1.0,0.283333,0.0,0.998264,1,1.02,00467.HK,UNITEDENERGY GP,Q_E_CLEAN_ENERGY_INTENSITY,绿色/可再生/清洁能源生产/使用强度,E,False,0,,,0,missing_candidate,extend_extraction_rules,2,related_fields_incomplete,,2,data/text/hkex_reports/00467.HK/2025/annual_report.txt|data/text/hkex_reports/00467.HK/2025/esg_report.txt,False
37,19,2906,67.065972,72,524,452,True,1.0,1.0,0.283333,0.0,0.998264,1,1.02,00554.HK,HANS GP HLDGS,Q_E_CLEAN_ENERGY_INTENSITY,绿色/可再生/清洁能源生产/使用强度,E,False,0,,,0,missing_candidate,extend_extraction_rules,2,related_fields_incomplete,,2,data/text/hkex_reports/00554.HK/2025/annual_report.txt|data/text/hkex_reports/00554.HK/2025/esg_report.txt,False
38,19,2907,67.065972,44,212,168,True,1.0,1.0,0.283333,0.0,0.998264,1,1.02,00579.HK,JNCEC,Q_E_CLEAN_ENERGY_INTENSITY,绿色/可再生/清洁能源生产/使用强度,E,False,0,,,0,missing_candidate,extend_extraction_rules,2,related_fields_incomplete,,2,data/text/hkex_reports/00579.HK/2025/annual_report.txt|data/text/hkex_reports/00579.HK/2025/esg_report.txt,False
39,19,2908,67.065972,193,499,306,True,1.0,1.0,0.283333,0.0,0.998264,1,1.02,00600.HK,AXERA,Q_E_CLEAN_ENERGY_INTENSITY,绿色/可再生/清洁能源生产/使用强度,E,False,0,,,0,missing_candidate,extend_extraction_rules,2,related_fields_incomplete,,1,data/text/hkex_reports/00600.HK/2025/annual_report.txt,False
40,19,2909,67.065972,130,529,399,True,1.0,1.0,0.283333,0.0,0.998264,1,1.02,00607.HK,FULLSHARE,Q_E_CLEAN_ENERGY_INTENSITY,绿色/可再生/清洁能源生产/使用强度,E,False,0,,,0,missing_candidate,extend_extraction_rules,2,related_fields_incomplete,,2,data/text/hkex_reports/00607.HK/2025/annual_report.txt|data/text/hkex_reports/00607.HK/2025/esg_report.txt,False
41,19,2910,67.065972,130,474,344,True,1.0,1.0,0.283333,0.0,0.998264,1,1.02,00632.HK,CHK OIL,Q_E_CLEAN_ENERGY_INTENSITY,绿色/可再生/清洁能源生产/使用强度,E,False,0,,,0,missing_candidate,extend_extraction_rules,2,related_fields_incomplete,,1,data/text/hkex_reports/00632.HK/2025/annual_report.txt,False
42,19,2911,67.065972,26,517,491,True,1.0,1.0,0.283333,0.0,0.998264,1,1.02,00645.HK,ARES ASIA,Q_E_CLEAN_ENERGY_INTENSITY,绿色/可再生/清洁能源生产/使用强度,E,False,0,,,0,missing_candidate,extend_extraction_rules,2,related_fields_incomplete,,1,data/text/hkex_reports/00645.HK/2025/annual_report.txt,False
43,19,2912,67.065972,151,387,236,True,1.0,1.0,0.283333,0.0,0.998264,1,1.02,00650.HK,PRODUCTIVE TECH,Q_E_CLEAN_ENERGY_INTENSITY,绿色/可再生/清洁能源生产/使用强度,E,False,0,,,0,missing_candidate,extend_extraction_rules,2,related_fields_incomplete,,1,data/text/00650.HK/2025/annual_report.txt,False
44,19,2913,67.065972,29,241,212,True,1.0,1.0,0.283333,0.0,0.998264,1,1.02,00666.HK,REPT BATTERO,Q_E_CLEAN_ENERGY_INTENSITY,绿色/可再生/清洁能源生产/使用强度,E,False,0,,,0,missing_candidate,extend_extraction_rules,2,related_fields_incomplete,,2,data/text/hkex_reports/00666.HK/2025/annual_report.txt|data/text/hkex_reports/00666.HK/2025/esg_report.txt,False
45,19,2914,67.065972,96,279,183,True,1.0,1.0,0.283333,0.0,0.998264,1,1.02,00686.HK,BJ ENERGY INTL,Q_E_CLEAN_ENERGY_INTENSITY,绿色/可再生/清洁能源生产/使用强度,E,False,0,,,0,missing_candidate,extend_extraction_rules,2,related_fields_incomplete,,2,data/text/hkex_reports/00686.HK/2025/annual_report.txt|data/text/hkex_reports/00686.HK/2025/esg_report.txt,False
46,19,2915,67.065972,182,444,262,True,1.0,1.0,0.283333,0.0,0.998264,1,1.02,00704.HK,HUSCOKE HLDGS,Q_E_CLEAN_ENERGY_INTENSITY,绿色/可再生/清洁能源生产/使用强度,E,False,0,,,0,missing_candidate,extend_extraction_rules,2,related_fields_incomplete,,1,data/text/00704.HK/2025/annual_report.txt,False
47,19,2916,67.065972,77,311,234,True,1.0,1.0,0.283333,0.0,0.998264,1,1.02,00819.HK,TIANNENG POWER,Q_E_CLEAN_ENERGY_INTENSITY,绿色/可再生/清洁能源生产/使用强度,E,False,0,,,0,missing_candidate,extend_extraction_rules,2,related_fields_incomplete,,2,data/text/hkex_reports/00819.HK/2025/annual_report.txt|data/text/hkex_reports/00819.HK/2025/esg_report.txt,False
48,19,2917,67.065972,6,314,308,True,1.0,1.0,0.283333,0.0,0.998264,1,1.02,00836.HK,CHINA RES POWER,Q_E_CLEAN_ENERGY_INTENSITY,绿色/可再生/清洁能源生产/使用强度,E,False,0,,,0,missing_candidate,extend_extraction_rules,2,related_fields_incomplete,,2,data/text/hkex_reports/00836.HK/2025/annual_report.txt|data/text/hkex_reports/00836.HK/2025/esg_report.txt,False
49,19,2918,67.065972,42,348,306,True,1.0,1.0,0.283333,0.0,0.998264,1,1.02,00866.HK,CHINA QINFA,Q_E_CLEAN_ENERGY_INTENSITY,绿色/可再生/清洁能源生产/使用强度,E,False,0,,,0,missing_candidate,extend_extraction_rules,2,related_fields_incomplete,,1,data/text/hkex_reports/00866.HK/2025/annual_report.txt,False
50,19,2919,67.065972,40,327,287,True,1.0,1.0,0.283333,0.0,0.998264,1,1.02,00931.HK,CHINA HK POWER,Q_E_CLEAN_ENERGY_INTENSITY,绿色/可再生/清洁能源生产/使用强度,E,False,0,,,0,missing_candidate,extend_extraction_rules,2,related_fields_incomplete,,1,data/text/00931.HK/2025/annual_report.txt,False
51,19,2920,67.065972,19,261,242,True,1.0,1.0,0.283333,0.0,0.998264,1,1.02,00951.HK,CHAOWEI POWER,Q_E_CLEAN_ENERGY_INTENSITY,绿色/可再生/清洁能源生产/使用强度,E,False,0,,,0,missing_candidate,extend_extraction_rules,2,related_fields_incomplete,,2,data/text/hkex_reports/00951.HK/2025/annual_report.txt|data/text/hkex_reports/00951.HK/2025/esg_report.txt,False
52,19,2921,67.065972,79,431,352,True,1.0,1.0,0.283333,0.0,0.998264,1,1.02,01080.HK,SHENGLI PIPE,Q_E_CLEAN_ENERGY_INTENSITY,绿色/可再生/清洁能源生产/使用强度,E,False,0,,,0,missing_candidate,extend_extraction_rules,2,related_fields_incomplete,,1,data/text/hkex_reports/01080.HK/2025/annual_report.txt,False
53,19,2922,67.065972,7,435,428,True,1.0,1.0,0.283333,0.0,0.998264,1,1.02,01083.HK,TG SMART ENERGY,Q_E_CLEAN_ENERGY_INTENSITY,绿色/可再生/清洁能源生产/使用强度,E,False,0,,,0,missing_candidate,extend_extraction_rules,2,related_fields_incomplete,,2,data/text/hkex_reports/01083.HK/2025/annual_report.txt|data/text/hkex_reports/01083.HK/2025/esg_report.txt,False
54,19,2923,67.065972,13,285,272,True,1.0,1.0,0.283333,0.0,0.998264,1,1.02,01193.HK,CHINA RES GAS,Q_E_CLEAN_ENERGY_INTENSITY,绿色/可再生/清洁能源生产/使用强度,E,False,0,,,0,missing_candidate,extend_extraction_rules,2,related_fields_incomplete,,2,data/text/hkex_reports/01193.HK/2025/annual_report.txt|data/text/hkex_reports/01193.HK/2025/esg_report.txt,False
55,19,2924,67.065972,2,316,314,True,1.0,1.0,0.283333,0.0,0.998264,1,1.02,01229.HK,NAN NAN RES,Q_E_CLEAN_ENERGY_INTENSITY,绿色/可再生/清洁能源生产/使用强度,E,False,0,,,0,missing_candidate,extend_extraction_rules,2,related_fields_incomplete,,2,data/text/01229.HK/2025/annual_report.txt|data/text/hkex_reports/01229.HK/2025/esg_report.txt,False
56,19,2925,67.065972,177,383,206,True,1.0,1.0,0.283333,0.0,0.998264,1,1.02,01251.HK,SPT ENERGY,Q_E_CLEAN_ENERGY_INTENSITY,绿色/可再生/清洁能源生产/使用强度,E,False,0,,,0,missing_candidate,extend_extraction_rules,2,related_fields_incomplete,,1,data/text/hkex_reports/01251.HK/2025/annual_report.txt,False
57,19,2926,67.065972,87,274,187,True,1.0,1.0,0.283333,0.0,0.998264,1,1.02,01277.HK,KINETIC DEV,Q_E_CLEAN_ENERGY_INTENSITY,绿色/可再生/清洁能源生产/使用强度,E,False,0,,,0,missing_candidate,extend_extraction_rules,2,related_fields_incomplete,,1,data/text/hkex_reports/01277.HK/2025/annual_report.txt,False
58,19,2927,67.065972,8,304,296,True,1.0,1.0,0.283333,0.0,0.998264,1,1.02,01303.HK,HUILI RES,Q_E_CLEAN_ENERGY_INTENSITY,绿色/可再生/清洁能源生产/使用强度,E,False,0,,,0,missing_candidate,extend_extraction_rules,2,related_fields_incomplete,,2,data/text/hkex_reports/01303.HK/2025/annual_report.txt|data/text/hkex_reports/01303.HK/2025/esg_report.txt,False
59,19,2928,67.065972,1,494,493,True,1.0,1.0,0.283333,0.0,0.998264,1,1.02,01555.HK,MIE HOLDINGS,Q_E_CLEAN_ENERGY_INTENSITY,绿色/可再生/清洁能源生产/使用强度,E,False,0,,,0,missing_candidate,extend_extraction_rules,2,related_fields_incomplete,,1,data/text/hkex_reports/01555.HK/2025/annual_report.txt,False
60,19,2929,67.065972,169,412,243,True,1.0,1.0,0.283333,0.0,0.998264,1,1.02,01608.HK,VPOWER GROUP,Q_E_CLEAN_ENERGY_INTENSITY,绿色/可再生/清洁能源生产/使用强度,E,False,0,,,0,missing_candidate,extend_extraction_rules,2,related_fields_incomplete,,2,data/text/hkex_reports/01608.HK/2025/annual_report.txt|data/text/hkex_reports/01608.HK/2025/esg_report.txt,False
61,19,2930,67.065972,127,525,398,True,1.0,1.0,0.283333,0.0,0.998264,1,1.02,01621.HK,VICO INTL HLDGS,Q_E_CLEAN_ENERGY_INTENSITY,绿色/可再生/清洁能源生产/使用强度,E,False,0,,,0,missing_candidate,extend_extraction_rules,2,related_fields_incomplete,,1,data/text/hkex_reports/01621.HK/2025/annual_report.txt,False
62,19,2931,67.065972,39,480,441,True,1.0,1.0,0.283333,0.0,0.998264,1,1.02,01623.HK,HILONG,Q_E_CLEAN_ENERGY_INTENSITY,绿色/可再生/清洁能源生产/使用强度,E,False,0,,,0,missing_candidate,extend_extraction_rules,2,related_fields_incomplete,,2,data/text/hkex_reports/01623.HK/2025/annual_report.txt|data/text/hkex_reports/01623.HK/2025/esg_report.txt,False
63,19,2932,67.065972,84,268,184,True,1.0,1.0,0.283333,0.0,0.998264,1,1.02,01733.HK,E-COMMODITIES,Q_E_CLEAN_ENERGY_INTENSITY,绿色/可再生/清洁能源生产/使用强度,E,False,0,,,0,missing_candidate,extend_extraction_rules,2,related_fields_incomplete,,2,data/text/hkex_reports/01733.HK/2025/annual_report.txt|data/text/hkex_reports/01733.HK/2025/esg_report.txt,False
64,19,2933,67.065972,123,227,104,True,1.0,1.0,0.283333,0.0,0.998264,1,1.02,01799.HK,XINTE ENERGY,Q_E_CLEAN_ENERGY_INTENSITY,绿色/可再生/清洁能源生产/使用强度,E,False,0,,,0,missing_candidate,extend_extraction_rules,2,related_fields_incomplete,,2,data/text/hkex_reports/01799.HK/2025/annual_report.txt|data/text/hkex_reports/01799.HK/2025/esg_report.txt,False
65,19,2934,67.065972,62,251,189,True,1.0,1.0,0.283333,0.0,0.998264,1,1.02,01811.HK,CGN NEW ENERGY,Q_E_CLEAN_ENERGY_INTENSITY,绿色/可再生/清洁能源生产/使用强度,E,False,0,,,0,missing_candidate,extend_extraction_rules,2,related_fields_incomplete,,2,data/text/hkex_reports/01811.HK/2025/annual_report.txt|data/text/hkex_reports/01811.HK/2025/esg_report.txt,False
66,19,2935,67.065972,59,338,279,True,1.0,1.0,0.283333,0.0,0.998264,1,1.02,01878.HK,SOUTHGOBI,Q_E_CLEAN_ENERGY_INTENSITY,绿色/可再生/清洁能源生产/使用强度,E,False,0,,,0,missing_candidate,extend_extraction_rules,2,related_fields_incomplete,,1,data/text/hkex_reports/01878.HK/2025/annual_report.txt,False
67,19,2936,67.065972,112,389,277,True,1.0,1.0,0.283333,0.0,0.998264,1,1.02,01921.HK,DALIPAL HLDG,Q_E_CLEAN_ENERGY_INTENSITY,绿色/可再生/清洁能源生产/使用强度,E,False,0,,,0,missing_candidate,extend_extraction_rules,2,related_fields_incomplete,,1,data/text/hkex_reports/01921.HK/2025/annual_report.txt,False
68,19,2937,67.065972,127,452,325,True,1.0,1.0,0.283333,0.0,0.998264,1,1.02,01938.HK,CHU KONG PIPE,Q_E_CLEAN_ENERGY_INTENSITY,绿色/可再生/清洁能源生产/使用强度,E,False,0,,,0,missing_candidate,extend_extraction_rules,2,related_fields_incomplete,,1,data/text/hkex_reports/01938.HK/2025/annual_report.txt,False
69,19,2938,67.065972,81,330,249,True,1.0,1.0,0.283333,0.0,0.998264,1,1.02,01940.HK,CGII HLDGS,Q_E_CLEAN_ENERGY_INTENSITY,绿色/可再生/清洁能源生产/使用强度,E,False,0,,,0,missing_candidate,extend_extraction_rules,2,related_fields_incomplete,,2,data/text/hkex_reports/01940.HK/2025/annual_report.txt|data/text/hkex_reports/01940.HK/2025/esg_report.txt,False
70,19,2939,67.065972,115,415,300,True,1.0,1.0,0.283333,0.0,0.998264,1,1.02,02178.HK,PETRO-KING,Q_E_CLEAN_ENERGY_INTENSITY,绿色/可再生/清洁能源生产/使用强度,E,False,0,,,0,missing_candidate,extend_extraction_rules,2,related_fields_incomplete,,1,data/text/hkex_reports/02178.HK/2025/annual_report.txt,False
71,19,2940,67.065972,147,296,149,True,1.0,1.0,0.283333,0.0,0.998264,1,1.02,03303.HK,JUTAL OIL SER,Q_E_CLEAN_ENERGY_INTENSITY,绿色/可再生/清洁能源生产/使用强度,E,False,0,,,0,missing_candidate,extend_extraction_rules,2,related_fields_incomplete,,2,data/text/hkex_reports/03303.HK/2025/annual_report.txt|data/text/hkex_reports/03303.HK/2025/esg_report.txt,False
72,19,2941,67.065972,10,326,316,True,1.0,1.0,0.283333,0.0,0.998264,1,1.02,03337.HK,ANTON OILFIELD,Q_E_CLEAN_ENERGY_INTENSITY,绿色/可再生/清洁能源生产/使用强度,E,False,0,,,0,missing_candidate,extend_extraction_rules,2,related_fields_incomplete,,2,data/text/hkex_reports/03337.HK/2025/annual_report.txt|data/text/hkex_reports/03337.HK/2025/esg_report.txt,False
73,19,2942,67.065972,31,522,491,True,1.0,1.0,0.283333,0.0,0.998264,1,1.02,03395.HK,JX ENERGY,Q_E_CLEAN_ENERGY_INTENSITY,绿色/可再生/清洁能源生产/使用强度,E,False,0,,,0,missing_candidate,extend_extraction_rules,2,related_fields_incomplete,,1,data/text/hkex_reports/03395.HK/2025/annual_report.txt,False
74,19,2943,67.065972,23,422,399,True,1.0,1.0,0.283333,0.0,0.998264,1,1.02,03633.HK,ZHONGYU ENERGY,Q_E_CLEAN_ENERGY_INTENSITY,绿色/可再生/清洁能源生产/使用强度,E,False,0,,,0,missing_candidate,extend_extraction_rules,2,related_fields_incomplete,,2,data/text/hkex_reports/03633.HK/2025/annual_report.txt|data/text/hkex_reports/03633.HK/2025/esg_report.txt,False
75,19,2944,67.065972,194,461,267,True,1.0,1.0,0.283333,0.0,0.998264,1,1.02,03668.HK,YANCOAL AUS,Q_E_CLEAN_ENERGY_INTENSITY,绿色/可再生/清洁能源生产/使用强度,E,False,0,,,0,missing_candidate,extend_extraction_rules,2,related_fields_incomplete,,2,data/text/hkex_reports/03668.HK/2025/annual_report.txt|data/text/hkex_reports/03668.HK/2025/esg_report.txt,False
76,19,2945,67.065972,86,315,229,True,1.0,1.0,0.283333,0.0,0.998264,1,1.02,03800.HK,GCL TECH,Q_E_CLEAN_ENERGY_INTENSITY,绿色/可再生/清洁能源生产/使用强度,E,False,0,,,0,missing_candidate,extend_extraction_rules,2,related_fields_incomplete,,2,data/text/hkex_reports/03800.HK/2025/annual_report.txt|data/text/hkex_reports/03800.HK/2025/esg_report.txt,False
77,19,2946,67.065972,171,351,180,True,1.0,1.0,0.283333,0.0,0.998264,1,1.02,03868.HK,XINYI ENERGY,Q_E_CLEAN_ENERGY_INTENSITY,绿色/可再生/清洁能源生产/使用强度,E,False,0,,,0,missing_candidate,extend_extraction_rules,2,related_fields_incomplete,,2,data/text/hkex_reports/03868.HK/2025/annual_report.txt|data/text/hkex_reports/03868.HK/2025/esg_report.txt,False
78,19,2947,67.065972,142,393,251,True,1.0,1.0,0.283333,0.0,0.998264,1,1.02,06885.HK,JINMA ENERGY,Q_E_CLEAN_ENERGY_INTENSITY,绿色/可再生/清洁能源生产/使用强度,E,False,0,,,0,missing_candidate,extend_extraction_rules,2,related_fields_incomplete,,1,data/text/hkex_reports/06885.HK/2025/annual_report.txt,False
79,19,2948,67.065972,137,470,333,True,1.0,1.0,0.283333,0.0,0.998264,1,1.02,08347.HK,F8 ENT,Q_E_CLEAN_ENERGY_INTENSITY,绿色/可再生/清洁能源生产/使用强度,E,False,0,,,0,missing_candidate,extend_extraction_rules,2,related_fields_incomplete,,1,data/text/08347.HK/2025/annual_report.txt,False
80,19,2949,67.065972,17,286,269,True,1.0,1.0,0.283333,0.0,0.998264,1,1.02,09689.HK,JTF INTL,Q_E_CLEAN_ENERGY_INTENSITY,绿色/可再生/清洁能源生产/使用强度,E,False,0,,,0,missing_candidate,extend_extraction_rules,2,related_fields_incomplete,,1,data/text/hkex_reports/09689.HK/2025/annual_report.txt,False
81,19,2950,67.065972,169,392,223,True,1.0,1.0,0.283333,0.0,0.998264,1,1.02,300037.SZ,新宙邦,Q_E_CLEAN_ENERGY_INTENSITY,绿色/可再生/清洁能源生产/使用强度,E,False,0,,,0,missing_candidate,extend_extraction_rules,2,related_fields_incomplete,,1,data/text/300037.SZ/2025/annual_report.txt,False
82,19,2951,67.065972,70,228,158,True,1.0,1.0,0.283333,0.0,0.998264,1,1.02,300073.SZ,当升科技,Q_E_CLEAN_ENERGY_INTENSITY,绿色/可再生/清洁能源生产/使用强度,E,False,0,,,0,missing_candidate,extend_extraction_rules,2,related_fields_incomplete,,1,data/text/300073.SZ/2025/annual_report.txt,False
83,19,2952,67.065972,175,405,230,True,1.0,1.0,0.283333,0.0,0.998264,1,1.02,300105.SZ,龙源技术,Q_E_CLEAN_ENERGY_INTENSITY,绿色/可再生/清洁能源生产/使用强度,E,False,0,,,0,missing_candidate,extend_extraction_rules,2,related_fields_incomplete,,1,data/text/300105.SZ/2025/annual_report.txt,False
84,19,2953,67.065972,69,201,132,True,1.0,1.0,0.283333,0.0,0.998264,1,1.02,300207.SZ,欣旺达,Q_E_CLEAN_ENERGY_INTENSITY,绿色/可再生/清洁能源生产/使用强度,E,False,0,,,0,missing_candidate,extend_extraction_rules,2,related_fields_incomplete,,2,data/text/300207.SZ/2025/annual_report.txt|data/text/300207.SZ/2025/esg_report.txt,False
85,19,2954,67.065972,135,334,199,True,1.0,1.0,0.283333,0.0,0.998264,1,1.02,300316.SZ,晶盛机电,Q_E_CLEAN_ENERGY_INTENSITY,绿色/可再生/清洁能源生产/使用强度,E,False,0,,,0,missing_candidate,extend_extraction_rules,2,related_fields_incomplete,,1,data/text/300316.SZ/2025/annual_report.txt,False
86,19,2955,67.065972,109,257,148,True,1.0,1.0,0.283333,0.0,0.998264,1,1.02,300376.SZ,易事特,Q_E_CLEAN_ENERGY_INTENSITY,绿色/可再生/清洁能源生产/使用强度,E,False,0,,,0,missing_candidate,extend_extraction_rules,2,related_fields_incomplete,,1,data/text/300376.SZ/2025/annual_report.txt,False
87,19,2956,67.065972,71,325,254,True,1.0,1.0,0.283333,0.0,0.998264,1,1.02,300483.SZ,首华燃气,Q_E_CLEAN_ENERGY_INTENSITY,绿色/可再生/清洁能源生产/使用强度,E,False,0,,,0,missing_candidate,extend_extraction_rules,2,related_fields_incomplete,,1,data/text/300483.SZ/2025/annual_report.txt,False
88,19,2957,67.065972,154,412,258,True,1.0,1.0,0.283333,0.0,0.998264,1,1.02,300568.SZ,星源材质,Q_E_CLEAN_ENERGY_INTENSITY,绿色/可再生/清洁能源生产/使用强度,E,False,0,,,0,missing_candidate,extend_extraction_rules,2,related_fields_incomplete,,1,data/text/300568.SZ/2025/annual_report.txt,False
89,19,2958,67.065972,93,266,173,True,1.0,1.0,0.283333,0.0,0.998264,1,1.02,300693.SZ,盛弘股份,Q_E_CLEAN_ENERGY_INTENSITY,绿色/可再生/清洁能源生产/使用强度,E,False,0,,,0,missing_candidate,extend_extraction_rules,2,related_fields_incomplete,,1,data/text/300693.SZ/2025/annual_report.txt,False
90,19,2959,67.065972,151,267,116,True,1.0,1.0,0.283333,0.0,0.998264,1,1.02,300724.SZ,捷佳伟创,Q_E_CLEAN_ENERGY_INTENSITY,绿色/可再生/清洁能源生产/使用强度,E,False,0,,,0,missing_candidate,extend_extraction_rules,2,related_fields_incomplete,,1,data/text/300724.SZ/2025/annual_report.txt,False
91,19,2960,67.065972,14,433,419,True,1.0,1.0,0.283333,0.0,0.998264,1,1.02,300750.SZ,宁德时代,Q_E_CLEAN_ENERGY_INTENSITY,绿色/可再生/清洁能源生产/使用强度,E,False,0,,,0,missing_candidate,extend_extraction_rules,2,related_fields_incomplete,,1,data/text/300750.SZ/2025/annual_report.txt,False
92,19,2961,67.065972,131,253,122,True,1.0,1.0,0.283333,0.0,0.998264,1,1.02,300763.SZ,锦浪科技,Q_E_CLEAN_ENERGY_INTENSITY,绿色/可再生/清洁能源生产/使用强度,E,False,0,,,0,missing_candidate,extend_extraction_rules,2,related_fields_incomplete,,1,data/text/300763.SZ/2025/annual_report.txt,False
93,19,2962,67.065972,105,265,160,True,1.0,1.0,0.283333,0.0,0.998264,1,1.02,300820.SZ,英杰电气,Q_E_CLEAN_ENERGY_INTENSITY,绿色/可再生/清洁能源生产/使用强度,E,False,0,,,0,missing_candidate,extend_extraction_rules,2,related_fields_incomplete,,1,data/text/300820.SZ/2025/annual_report.txt,False
94,19,2963,67.065972,154,356,202,True,1.0,1.0,0.283333,0.0,0.998264,1,1.02,300827.SZ,上能电气,Q_E_CLEAN_ENERGY_INTENSITY,绿色/可再生/清洁能源生产/使用强度,E,False,0,,,0,missing_candidate,extend_extraction_rules,2,related_fields_incomplete,,1,data/text/300827.SZ/2025/annual_report.txt,False
95,19,2964,67.065972,79,212,133,True,1.0,1.0,0.283333,0.0,0.998264,1,1.02,300882.SZ,万胜智能,Q_E_CLEAN_ENERGY_INTENSITY,绿色/可再生/清洁能源生产/使用强度,E,False,0,,,0,missing_candidate,extend_extraction_rules,2,related_fields_incomplete,,1,data/text/300882.SZ/2025/annual_report.txt,False
96,19,2965,67.065972,174,369,195,True,1.0,1.0,0.283333,0.0,0.998264,1,1.02,300953.SZ,震裕科技,Q_E_CLEAN_ENERGY_INTENSITY,绿色/可再生/清洁能源生产/使用强度,E,False,0,,,0,missing_candidate,extend_extraction_rules,2,related_fields_incomplete,,1,data/text/300953.SZ/2025/annual_report.txt,False
97,19,2966,67.065972,184,315,131,True,1.0,1.0,0.283333,0.0,0.998264,1,1.02,301168.SZ,通灵股份,Q_E_CLEAN_ENERGY_INTENSITY,绿色/可再生/清洁能源生产/使用强度,E,False,0,,,0,missing_candidate,extend_extraction_rules,2,related_fields_incomplete,,1,data/text/301168.SZ/2025/annual_report.txt,False
98,19,2967,67.065972,135,386,251,True,1.0,1.0,0.283333,0.0,0.998264,1,1.02,301386.SZ,未来电器,Q_E_CLEAN_ENERGY_INTENSITY,绿色/可再生/清洁能源生产/使用强度,E,False,0,,,0,missing_candidate,extend_extraction_rules,2,related_fields_incomplete,,2,data/text/301386.SZ/2025/annual_report.txt|data/text/301386.SZ/2025/esg_report.txt,False
99,19,2968,67.065972,179,336,157,True,1.0,1.0,0.283333,0.0,0.998264,1,1.02,301388.SZ,欣灵电气,Q_E_CLEAN_ENERGY_INTENSITY,绿色/可再生/清洁能源生产/使用强度,E,False,0,,,0,missing_candidate,extend_extraction_rules,2,related_fields_incomplete,,1,data/text/301388.SZ/2025/annual_report.txt,False
100,19,2969,67.065972,65,411,346,True,1.0,1.0,0.283333,0.0,0.998264,1,1.02,600023.SH,浙能电力,Q_E_CLEAN_ENERGY_INTENSITY,绿色/可再生/清洁能源生产/使用强度,E,False,0,,,0,missing_candidate,extend_extraction_rules,2,related_fields_incomplete,,2,data/text/600023.SH/2025/annual_report.txt|data/text/600023.SH/2025/esg_report.txt,False
101,19,2970,67.065972,76,208,132,True,1.0,1.0,0.283333,0.0,0.998264,1,1.02,600032.SH,浙江新能,Q_E_CLEAN_ENERGY_INTENSITY,绿色/可再生/清洁能源生产/使用强度,E,False,0,,,0,missing_candidate,extend_extraction_rules,2,related_fields_incomplete,,2,data/text/600032.SH/2025/annual_report.txt|data/text/600032.SH/2025/esg_report.txt,False
102,19,2971,67.065972,146,276,130,True,1.0,1.0,0.283333,0.0,0.998264,1,1.02,600157.SH,永泰能源,Q_E_CLEAN_ENERGY_INTENSITY,绿色/可再生/清洁能源生产/使用强度,E,False,0,,,0,missing_candidate,extend_extraction_rules,2,related_fields_incomplete,,1,data/text/600157.SH/2025/annual_report.txt,False
103,19,2972,67.065972,102,344,242,True,1.0,1.0,0.283333,0.0,0.998264,1,1.02,600167.SH,联美控股,Q_E_CLEAN_ENERGY_INTENSITY,绿色/可再生/清洁能源生产/使用强度,E,False,0,,,0,missing_candidate,extend_extraction_rules,2,related_fields_incomplete,,2,data/text/600167.SH/2025/annual_report.txt|data/text/600167.SH/2025/esg_report.txt,False
104,19,2973,67.065972,128,458,330,True,1.0,1.0,0.283333,0.0,0.998264,1,1.02,600188.SH,兖矿能源,Q_E_CLEAN_ENERGY_INTENSITY,绿色/可再生/清洁能源生产/使用强度,E,False,0,,,0,missing_candidate,extend_extraction_rules,2,related_fields_incomplete,,1,data/text/600188.SH/2025/annual_report.txt,False
105,19,2974,67.065972,53,331,278,True,1.0,1.0,0.283333,0.0,0.998264,1,1.02,600207.SH,安彩高科,Q_E_CLEAN_ENERGY_INTENSITY,绿色/可再生/清洁能源生产/使用强度,E,False,0,,,0,missing_candidate,extend_extraction_rules,2,related_fields_incomplete,,2,data/text/600207.SH/2025/annual_report.txt|data/text/600207.SH/2025/esg_report.txt,False
106,19,2975,67.065972,186,309,123,True,1.0,1.0,0.283333,0.0,0.998264,1,1.02,600339.SH,中油工程,Q_E_CLEAN_ENERGY_INTENSITY,绿色/可再生/清洁能源生产/使用强度,E,False,0,,,0,missing_candidate,extend_extraction_rules,2,related_fields_incomplete,,1,data/text/600339.SH/2025/annual_report.txt,False
107,19,2976,67.065972,61,360,299,True,1.0,1.0,0.283333,0.0,0.998264,1,1.02,600346.SH,恒力石化,Q_E_CLEAN_ENERGY_INTENSITY,绿色/可再生/清洁能源生产/使用强度,E,False,0,,,0,missing_candidate,extend_extraction_rules,2,related_fields_incomplete,,2,data/text/600346.SH/2025/annual_report.txt|data/text/600346.SH/2025/esg_report.txt,False
108,19,2977,67.065972,128,300,172,True,1.0,1.0,0.283333,0.0,0.998264,1,1.02,600395.SH,盘江股份,Q_E_CLEAN_ENERGY_INTENSITY,绿色/可再生/清洁能源生产/使用强度,E,False,0,,,0,missing_candidate,extend_extraction_rules,2,related_fields_incomplete,,2,data/text/600395.SH/2025/annual_report.txt|data/text/600395.SH/2025/esg_report.txt,False
109,19,2978,67.065972,34,318,284,True,1.0,1.0,0.283333,0.0,0.998264,1,1.02,600481.SH,双良节能,Q_E_CLEAN_ENERGY_INTENSITY,绿色/可再生/清洁能源生产/使用强度,E,False,0,,,0,missing_candidate,extend_extraction_rules,2,related_fields_incomplete,,2,data/text/600481.SH/2025/annual_report.txt|data/text/600481.SH/2025/esg_report.txt,False
110,19,2979,67.065972,182,289,107,True,1.0,1.0,0.283333,0.0,0.998264,1,1.02,600509.SH,天富能源,Q_E_CLEAN_ENERGY_INTENSITY,绿色/可再生/清洁能源生产/使用强度,E,False,0,,,0,missing_candidate,extend_extraction_rules,2,related_fields_incomplete,,1,data/text/600509.SH/2025/annual_report.txt,False
111,19,2980,67.065972,183,469,286,True,1.0,1.0,0.283333,0.0,0.998264,1,1.02,600578.SH,京能电力,Q_E_CLEAN_ENERGY_INTENSITY,绿色/可再生/清洁能源生产/使用强度,E,False,0,,,0,missing_candidate,extend_extraction_rules,2,related_fields_incomplete,,2,data/text/600578.SH/2025/annual_report.txt|data/text/600578.SH/2025/esg_report.txt,False
112,19,2981,67.065972,88,328,240,True,1.0,1.0,0.283333,0.0,0.998264,1,1.02,600744.SH,华银电力,Q_E_CLEAN_ENERGY_INTENSITY,绿色/可再生/清洁能源生产/使用强度,E,False,0,,,0,missing_candidate,extend_extraction_rules,2,related_fields_incomplete,,2,data/text/600744.SH/2025/annual_report.txt|data/text/600744.SH/2025/esg_report.txt,False
113,19,2982,67.065972,67,206,139,True,1.0,1.0,0.283333,0.0,0.998264,1,1.02,600795.SH,国电电力,Q_E_CLEAN_ENERGY_INTENSITY,绿色/可再生/清洁能源生产/使用强度,E,False,0,,,0,missing_candidate,extend_extraction_rules,2,related_fields_incomplete,,2,data/text/600795.SH/2025/annual_report.txt|data/text/600795.SH/2025/esg_report.txt,False
114,19,2983,67.065972,120,291,171,True,1.0,1.0,0.283333,0.0,0.998264,1,1.02,600871.SH,石化油服,Q_E_CLEAN_ENERGY_INTENSITY,绿色/可再生/清洁能源生产/使用强度,E,False,0,,,0,missing_candidate,extend_extraction_rules,2,related_fields_incomplete,,2,data/text/600871.SH/2025/annual_report.txt|data/text/600871.SH/2025/esg_report.txt,False
115,19,2984,67.065972,55,502,447,True,1.0,1.0,0.283333,0.0,0.998264,1,1.02,600875.SH,东方电气,Q_E_CLEAN_ENERGY_INTENSITY,绿色/可再生/清洁能源生产/使用强度,E,False,0,,,0,missing_candidate,extend_extraction_rules,2,related_fields_incomplete,,1,data/text/600875.SH/2025/annual_report.txt,False
116,19,2985,67.065972,147,253,106,True,1.0,1.0,0.283333,0.0,0.998264,1,1.02,600925.SH,苏能股份,Q_E_CLEAN_ENERGY_INTENSITY,绿色/可再生/清洁能源生产/使用强度,E,False,0,,,0,missing_candidate,extend_extraction_rules,2,related_fields_incomplete,,1,data/text/600925.SH/2025/annual_report.txt,False
117,19,2986,67.065972,110,223,113,True,1.0,1.0,0.283333,0.0,0.998264,1,1.02,600969.SH,郴电国际,Q_E_CLEAN_ENERGY_INTENSITY,绿色/可再生/清洁能源生产/使用强度,E,False,0,,,0,missing_candidate,extend_extraction_rules,2,related_fields_incomplete,,2,data/text/600969.SH/2025/annual_report.txt|data/text/600969.SH/2025/esg_report.txt,False
118,19,2987,67.065972,93,321,228,True,1.0,1.0,0.283333,0.0,0.998264,1,1.02,601088.SH,中国神华,Q_E_CLEAN_ENERGY_INTENSITY,绿色/可再生/清洁能源生产/使用强度,E,False,0,,,0,missing_candidate,extend_extraction_rules,2,related_fields_incomplete,,2,data/text/601088.SH/2025/annual_report.txt|data/text/601088.SH/2025/esg_report.txt,False
119,19,2988,67.065972,192,327,135,True,1.0,1.0,0.283333,0.0,0.998264,1,1.02,601222.SH,林洋能源,Q_E_CLEAN_ENERGY_INTENSITY,绿色/可再生/清洁能源生产/使用强度,E,False,0,,,0,missing_candidate,extend_extraction_rules,2,related_fields_incomplete,,1,data/text/601222.SH/2025/annual_report.txt,False
120,19,2989,67.065972,115,222,107,True,1.0,1.0,0.283333,0.0,0.998264,1,1.02,601619.SH,嘉泽新能,Q_E_CLEAN_ENERGY_INTENSITY,绿色/可再生/清洁能源生产/使用强度,E,False,0,,,0,missing_candidate,extend_extraction_rules,2,related_fields_incomplete,,2,data/text/601619.SH/2025/annual_report.txt|data/text/601619.SH/2025/esg_report.txt,False
121,19,2990,67.065972,57,203,146,True,1.0,1.0,0.283333,0.0,0.998264,1,1.02,601666.SH,平煤股份,Q_E_CLEAN_ENERGY_INTENSITY,绿色/可再生/清洁能源生产/使用强度,E,False,0,,,0,missing_candidate,extend_extraction_rules,2,related_fields_incomplete,,2,data/text/601666.SH/2025/annual_report.txt|data/text/601666.SH/2025/esg_report.txt,False
122,19,2991,67.065972,9,382,373,True,1.0,1.0,0.283333,0.0,0.998264,1,1.02,601857.SH,中国石油,Q_E_CLEAN_ENERGY_INTENSITY,绿色/可再生/清洁能源生产/使用强度,E,False,0,,,0,missing_candidate,extend_extraction_rules,2,possible_clean_energy_revenue_closure,"百万元 截至或截止各年度 12 月 31 日 项 目 2025 年 2024 年 2023 年 2022 年 2021 年 营业收入 经营利润 税前利润 所得税费用 净利润 归属于： 2,864,469 2,937,981 3,012,812 3,240,951 2,615,967 219,241 233,954 235,862 216,888 161,241 226,165 241,508 237,881 213,517 158,308 (54,144) (57,753) (57,318) (50,024) (43,650) 172,021 183,755 180,563 163,493 114,658 母公司股东 157,318 164,684 161,416 148,888 92,129 非控制性权益 流动资产总额 非流动资产总额 资产总额 流动负债总额 非流动负债总额 负债总额 权益 14,703 19,071 19,147 14,605 22,529 归属于母公司股东的每股基本及摊薄盈利（人民币元）(1) 0.86 0.90 0.88 0.81 0.50 595,297 59",2,data/text/601857.SH/2025/annual_report.txt|data/text/601857.SH/2025/esg_report.txt,False
123,19,2992,67.065972,169,322,153,True,1.0,1.0,0.283333,0.0,0.998264,1,1.02,603070.SH,万控智造,Q_E_CLEAN_ENERGY_INTENSITY,绿色/可再生/清洁能源生产/使用强度,E,False,0,,,0,missing_candidate,extend_extraction_rules,2,related_fields_incomplete,,1,data/text/603070.SH/2025/annual_report.txt,False
124,19,2993,67.065972,159,274,115,True,1.0,1.0,0.283333,0.0,0.998264,1,1.02,603097.SH,江苏华辰,Q_E_CLEAN_ENERGY_INTENSITY,绿色/可再生/清洁能源生产/使用强度,E,False,0,,,0,missing_candidate,extend_extraction_rules,2,related_fields_incomplete,,1,data/text/603097.SH/2025/annual_report.txt,False
125,19,2994,67.065972,114,218,104,True,1.0,1.0,0.283333,0.0,0.998264,1,1.02,603191.SH,望变电气,Q_E_CLEAN_ENERGY_INTENSITY,绿色/可再生/清洁能源生产/使用强度,E,False,0,,,0,missing_candidate,extend_extraction_rules,2,related_fields_incomplete,,1,data/text/603191.SH/2025/annual_report.txt,False
126,19,2995,67.065972,170,292,122,True,1.0,1.0,0.283333,0.0,0.998264,1,1.02,603320.SH,迪贝电气,Q_E_CLEAN_ENERGY_INTENSITY,绿色/可再生/清洁能源生产/使用强度,E,False,0,,,0,missing_candidate,extend_extraction_rules,2,related_fields_incomplete,,2,data/text/603320.SH/2025/annual_report.txt|data/text/603320.SH/2025/esg_report.txt,False
127,19,2996,67.065972,101,282,181,True,1.0,1.0,0.283333,0.0,0.998264,1,1.02,603393.SH,新天然气,Q_E_CLEAN_ENERGY_INTENSITY,绿色/可再生/清洁能源生产/使用强度,E,False,0,,,0,missing_candidate,extend_extraction_rules,2,related_fields_incomplete,,1,data/text/603393.SH/2025/annual_report.txt,False
128,19,2997,67.065972,96,200,104,True,1.0,1.0,0.283333,0.0,0.998264,1,1.02,603507.SH,振江股份,Q_E_CLEAN_ENERGY_INTENSITY,绿色/可再生/清洁能源生产/使用强度,E,False,0,,,0,missing_candidate,extend_extraction_rules,2,related_fields_incomplete,,2,data/text/603507.SH/2025/annual_report.txt|data/text/603507.SH/2025/esg_report.txt,False
129,19,2998,67.065972,149,264,115,True,1.0,1.0,0.283333,0.0,0.998264,1,1.02,603727.SH,博迈科,Q_E_CLEAN_ENERGY_INTENSITY,绿色/可再生/清洁能源生产/使用强度,E,False,0,,,0,missing_candidate,extend_extraction_rules,2,related_fields_incomplete,,1,data/text/603727.SH/2025/annual_report.txt,False
130,19,2999,67.065972,197,342,145,True,1.0,1.0,0.283333,0.0,0.998264,1,1.02,603819.SH,神力股份,Q_E_CLEAN_ENERGY_INTENSITY,绿色/可再生/清洁能源生产/使用强度,E,False,0,,,0,missing_candidate,extend_extraction_rules,2,related_fields_incomplete,,1,data/text/603819.SH/2025/annual_report.txt,False
131,19,3000,67.065972,163,273,110,True,1.0,1.0,0.283333,0.0,0.998264,1,1.02,605196.SH,华通线缆,Q_E_CLEAN_ENERGY_INTENSITY,绿色/可再生/清洁能源生产/使用强度,E,False,0,,,0,missing_candidate,extend_extraction_rules,2,related_fields_incomplete,,2,data/text/605196.SH/2025/annual_report.txt|data/text/605196.SH/2025/esg_report.txt,False
132,19,3001,67.065972,120,221,101,True,1.0,1.0,0.283333,0.0,0.998264,1,1.02,688116.SH,天奈科技,Q_E_CLEAN_ENERGY_INTENSITY,绿色/可再生/清洁能源生产/使用强度,E,False,0,,,0,missing_candidate,extend_extraction_rules,2,related_fields_incomplete,,2,data/text/688116.SH/2025/annual_report.txt|data/text/688116.SH/2025/esg_report.txt,False
133,19,3002,67.065972,188,455,267,True,1.0,1.0,0.283333,0.0,0.998264,1,1.02,688147.SH,微导纳米,Q_E_CLEAN_ENERGY_INTENSITY,绿色/可再生/清洁能源生产/使用强度,E,False,0,,,0,missing_candidate,extend_extraction_rules,2,related_fields_incomplete,,1,data/text/688147.SH/2025/annual_report.txt,False
134,19,3003,67.065972,47,343,296,True,1.0,1.0,0.283333,0.0,0.998264,1,1.02,688303.SH,大全能源,Q_E_CLEAN_ENERGY_INTENSITY,绿色/可再生/清洁能源生产/使用强度,E,False,0,,,0,missing_candidate,extend_extraction_rules,2,related_fields_incomplete,,2,data/text/688303.SH/2025/annual_report.txt|data/text/688303.SH/2025/esg_report.txt,False
135,19,3004,67.065972,108,224,116,True,1.0,1.0,0.283333,0.0,0.998264,1,1.02,688339.SH,亿华通,Q_E_CLEAN_ENERGY_INTENSITY,绿色/可再生/清洁能源生产/使用强度,E,False,0,,,0,missing_candidate,extend_extraction_rules,2,related_fields_incomplete,,2,data/text/688339.SH/2025/annual_report.txt|data/text/688339.SH/2025/esg_report.txt,False
136,19,3005,67.065972,98,418,320,True,1.0,1.0,0.283333,0.0,0.998264,1,1.02,688349.SH,三一重能,Q_E_CLEAN_ENERGY_INTENSITY,绿色/可再生/清洁能源生产/使用强度,E,False,0,,,0,missing_candidate,extend_extraction_rules,2,related_fields_incomplete,,1,data/text/688349.SH/2025/annual_report.txt,False
137,19,3006,67.065972,84,202,118,True,1.0,1.0,0.283333,0.0,0.998264,1,1.02,688599.SH,天合光能,Q_E_CLEAN_ENERGY_INTENSITY,绿色/可再生/清洁能源生产/使用强度,E,False,0,,,0,missing_candidate,extend_extraction_rules,2,related_fields_incomplete,,2,data/text/688599.SH/2025/annual_report.txt|data/text/688599.SH/2025/esg_report.txt,False
138,19,3007,67.065972,91,245,154,True,1.0,1.0,0.283333,0.0,0.998264,1,1.02,688660.SH,电气风电,Q_E_CLEAN_ENERGY_INTENSITY,绿色/可再生/清洁能源生产/使用强度,E,False,0,,,0,missing_candidate,extend_extraction_rules,2,related_fields_incomplete,,2,data/text/688660.SH/2025/annual_report.txt|data/text/688660.SH/2025/esg_report.txt,False
139,19,3008,67.065972,126,258,132,True,1.0,1.0,0.283333,0.0,0.998264,1,1.02,688663.SH,DR新风光,Q_E_CLEAN_ENERGY_INTENSITY,绿色/可再生/清洁能源生产/使用强度,E,False,0,,,0,missing_candidate,extend_extraction_rules,2,related_fields_incomplete,,1,data/text/688663.SH/2025/annual_report.txt,False
140,19,3009,67.065972,189,328,139,True,1.0,1.0,0.283333,0.0,0.998264,1,1.02,688707.SH,振华新材,Q_E_CLEAN_ENERGY_INTENSITY,绿色/可再生/清洁能源生产/使用强度,E,False,0,,,0,missing_candidate,extend_extraction_rules,2,related_fields_incomplete,,1,data/text/688707.SH/2025/annual_report.txt,False
141,19,3010,67.065972,188,305,117,True,1.0,1.0,0.283333,0.0,0.998264,1,1.02,688779.SH,五矿新能,Q_E_CLEAN_ENERGY_INTENSITY,绿色/可再生/清洁能源生产/使用强度,E,False,0,,,0,missing_candidate,extend_extraction_rules,2,related_fields_incomplete,,1,data/text/688779.SH/2025/annual_report.txt,False
142,19,3011,67.065972,73,547,474,True,1.0,1.0,0.283333,0.0,0.998264,1,1.02,920010.BJ,凯添燃气,Q_E_CLEAN_ENERGY_INTENSITY,绿色/可再生/清洁能源生产/使用强度,E,False,0,,,0,missing_candidate,extend_extraction_rules,2,related_fields_incomplete,,1,data/text/920010.BJ/2025/annual_report.txt,False
143,19,3012,67.065972,46,536,490,True,1.0,1.0,0.283333,0.0,0.998264,1,1.02,920046.BJ,亿能电力,Q_E_CLEAN_ENERGY_INTENSITY,绿色/可再生/清洁能源生产/使用强度,E,False,0,,,0,missing_candidate,extend_extraction_rules,2,related_fields_incomplete,,1,data/text/920046.BJ/2025/annual_report.txt,False
144,19,3013,67.065972,172,485,313,True,1.0,1.0,0.283333,0.0,0.998264,1,1.02,920152.BJ,昆工科技,Q_E_CLEAN_ENERGY_INTENSITY,绿色/可再生/清洁能源生产/使用强度,E,False,0,,,0,missing_candidate,extend_extraction_rules,2,related_fields_incomplete,,1,data/text/920152.BJ/2025/annual_report.txt,False
145,19,3014,67.065972,194,495,301,True,1.0,1.0,0.283333,0.0,0.998264,1,1.02,920239.BJ,长虹能源,Q_E_CLEAN_ENERGY_INTENSITY,绿色/可再生/清洁能源生产/使用强度,E,False,0,,,0,missing_candidate,extend_extraction_rules,2,related_fields_incomplete,,1,data/text/920239.BJ/2025/annual_report.txt,False
146,19,3015,67.065972,3,513,510,True,1.0,1.0,0.283333,0.0,0.998264,1,1.02,920496.BJ,许昌智能,Q_E_CLEAN_ENERGY_INTENSITY,绿色/可再生/清洁能源生产/使用强度,E,False,0,,,0,missing_candidate,extend_extraction_rules,2,related_fields_incomplete,,1,data/text/920496.BJ/2025/annual_report.txt,False
147,19,3016,67.065972,78,561,483,True,1.0,1.0,0.283333,0.0,0.998264,1,1.02,920523.BJ,德瑞锂电,Q_E_CLEAN_ENERGY_INTENSITY,绿色/可再生/清洁能源生产/使用强度,E,False,0,,,0,missing_candidate,extend_extraction_rules,2,related_fields_incomplete,,1,data/text/920523.BJ/2025/annual_report.txt,False
148,19,3017,67.065972,186,520,334,True,1.0,1.0,0.283333,0.0,0.998264,1,1.02,920639.BJ,晨光电缆,Q_E_CLEAN_ENERGY_INTENSITY,绿色/可再生/清洁能源生产/使用强度,E,False,0,,,0,missing_candidate,extend_extraction_rules,2,related_fields_incomplete,,1,data/text/920639.BJ/2025/annual_report.txt,False
149,19,3018,67.065972,102,489,387,True,1.0,1.0,0.283333,0.0,0.998264,1,1.02,920682.BJ,球冠电缆,Q_E_CLEAN_ENERGY_INTENSITY,绿色/可再生/清洁能源生产/使用强度,E,False,0,,,0,missing_candidate,extend_extraction_rules,2,related_fields_incomplete,,1,data/text/920682.BJ/2025/annual_report.txt,False
150,19,3019,67.065972,70,538,468,True,1.0,1.0,0.283333,0.0,0.998264,1,1.02,920770.BJ,艾能聚,Q_E_CLEAN_ENERGY_INTENSITY,绿色/可再生/清洁能源生产/使用强度,E,False,0,,,0,missing_candidate,extend_extraction_rules,2,related_fields_incomplete,,1,data/text/920770.BJ/2025/annual_report.txt,False
151,19,3020,67.065972,172,548,376,True,1.0,1.0,0.283333,0.0,0.998264,1,1.02,920779.BJ,武汉蓝电,Q_E_CLEAN_ENERGY_INTENSITY,绿色/可再生/清洁能源生产/使用强度,E,False,0,,,0,missing_candidate,extend_extraction_rules,2,related_fields_incomplete,,1,data/text/920779.BJ/2025/annual_report.txt,False
152,19,3021,67.065972,187,490,303,True,1.0,1.0,0.283333,0.0,0.998264,1,1.02,920914.BJ,远航精密,Q_E_CLEAN_ENERGY_INTENSITY,绿色/可再生/清洁能源生产/使用强度,E,False,0,,,0,missing_candidate,extend_extraction_rules,2,related_fields_incomplete,,1,data/text/920914.BJ/2025/annual_report.txt,False
153,19,3054,66.815972,67,232,165,True,1.0,1.0,0.273333,0.0,0.998264,1,0.984,00002.HK,CLP HOLDINGS,Q_E_ALTERNATIVE_WATER_RATE,再生水或其他替代水源占比,E,False,0,,,0,missing_candidate,extend_extraction_rules,2,related_fields_incomplete,,1,data/text/hkex_reports/00002.HK/2025/annual_report.txt,False
154,19,3055,66.815972,45,372,327,True,1.0,1.0,0.273333,0.0,0.998264,1,0.984,00003.HK,HK & CHINA GAS,Q_E_ALTERNATIVE_WATER_RATE,再生水或其他替代水源占比,E,False,0,,,0,missing_candidate,extend_extraction_rules,2,related_fields_incomplete,,2,data/text/00003.HK/2025/annual_report.txt|data/text/hkex_reports/00003.HK/2025/esg_report.txt,False
155,19,3056,66.815972,51,450,399,True,1.0,1.0,0.273333,0.0,0.998264,1,0.984,00006.HK,POWER ASSETS,Q_E_ALTERNATIVE_WATER_RATE,再生水或其他替代水源占比,E,False,0,,,0,missing_candidate,extend_extraction_rules,2,related_fields_incomplete,,2,data/text/hkex_reports/00006.HK/2025/annual_report.txt|data/text/hkex_reports/00006.HK/2025/esg_report.txt,False
156,19,3057,66.815972,108,287,179,True,1.0,1.0,0.273333,0.0,0.998264,1,0.984,000096.SZ,广聚能源,Q_E_ALTERNATIVE_WATER_RATE,再生水或其他替代水源占比,E,False,0,,,0,missing_candidate,extend_extraction_rules,2,related_fields_incomplete,,1,data/text/000096.SZ/2025/annual_report.txt,False
157,19,3058,66.815972,33,341,308,True,1.0,1.0,0.273333,0.0,0.998264,1,0.984,000531.SZ,穗恒运Ａ,Q_E_ALTERNATIVE_WATER_RATE,再生水或其他替代水源占比,E,False,0,,,0,missing_candidate,extend_extraction_rules,2,related_fields_incomplete,,2,data/text/000531.SZ/2025/annual_report.txt|data/text/000531.SZ/2025/esg_report.txt,False
158,19,3059,66.815972,169,401,232,True,1.0,1.0,0.273333,0.0,0.998264,1,0.984,000543.SZ,皖能电力,Q_E_ALTERNATIVE_WATER_RATE,再生水或其他替代水源占比,E,False,0,,,0,missing_candidate,extend_extraction_rules,2,related_fields_incomplete,,2,data/text/000543.SZ/2025/annual_report.txt|data/text/000543.SZ/2025/esg_report.txt,False
159,19,3060,66.815972,191,474,283,True,1.0,1.0,0.273333,0.0,0.998264,1,0.984,000554.SZ,泰山石油,Q_E_ALTERNATIVE_WATER_RATE,再生水或其他替代水源占比,E,False,0,,,0,missing_candidate,extend_extraction_rules,2,related_fields_incomplete,,2,data/text/000554.SZ/2025/annual_report.txt|data/text/000554.SZ/2025/esg_report.txt,False
160,19,3061,66.815972,157,427,270,True,1.0,1.0,0.273333,0.0,0.998264,1,0.984,000682.SZ,东方电子,Q_E_ALTERNATIVE_WATER_RATE,再生水或其他替代水源占比,E,False,0,,,0,missing_candidate,extend_extraction_rules,2,related_fields_incomplete,,1,data/text/000682.SZ/2025/annual_report.txt,False
161,19,3062,66.815972,134,316,182,True,1.0,1.0,0.273333,0.0,0.998264,1,0.984,000791.SZ,甘肃能源,Q_E_ALTERNATIVE_WATER_RATE,再生水或其他替代水源占比,E,False,0,,,0,missing_candidate,extend_extraction_rules,2,related_fields_incomplete,,2,data/text/000791.SZ/2025/annual_report.txt|data/text/000791.SZ/2025/esg_report.txt,False
162,19,3063,66.815972,141,335,194,True,1.0,1.0,0.273333,0.0,0.998264,1,0.984,001208.SZ,华菱线缆,Q_E_ALTERNATIVE_WATER_RATE,再生水或其他替代水源占比,E,False,0,,,0,missing_candidate,extend_extraction_rules,2,related_fields_incomplete,,1,data/text/001208.SZ/2025/annual_report.txt,False
163,19,3064,66.815972,125,251,126,True,1.0,1.0,0.273333,0.0,0.998264,1,0.984,001258.SZ,立新能源,Q_E_ALTERNATIVE_WATER_RATE,再生水或其他替代水源占比,E,False,0,,,0,missing_candidate,extend_extraction_rules,2,related_fields_incomplete,,1,data/text/001258.SZ/2025/annual_report.txt,False
164,19,3065,66.815972,113,236,123,True,1.0,1.0,0.273333,0.0,0.998264,1,0.984,001299.SZ,美能能源,Q_E_ALTERNATIVE_WATER_RATE,再生水或其他替代水源占比,E,False,0,,,0,missing_candidate,extend_extraction_rules,2,related_fields_incomplete,,1,data/text/001299.SZ/2025/annual_report.txt,False
165,19,3066,66.815972,133,299,166,True,1.0,1.0,0.273333,0.0,0.998264,1,0.984,00182.HK,CONCORD NE,Q_E_ALTERNATIVE_WATER_RATE,再生水或其他替代水源占比,E,False,0,,,0,missing_candidate,extend_extraction_rules,2,related_fields_incomplete,,2,data/text/hkex_reports/00182.HK/2025/annual_report.txt|data/text/hkex_reports/00182.HK/2025/esg_report.txt,False
166,19,3067,66.815972,11,291,280,True,1.0,1.0,0.273333,0.0,0.998264,1,0.984,002039.SZ,黔源电力,Q_E_ALTERNATIVE_WATER_RATE,再生水或其他替代水源占比,E,False,0,,,0,missing_candidate,extend_extraction_rules,2,related_fields_incomplete,,1,data/text/002039.SZ/2025/annual_report.txt,False
167,19,3068,66.815972,25,386,361,True,1.0,1.0,0.273333,0.0,0.998264,1,0.984,002056.SZ,横店东磁,Q_E_ALTERNATIVE_WATER_RATE,再生水或其他替代水源占比,E,False,0,,,0,missing_candidate,extend_extraction_rules,2,related_fields_incomplete,,1,data/text/002056.SZ/2025/annual_report.txt,False
168,19,3069,66.815972,113,366,253,True,1.0,1.0,0.273333,0.0,0.998264,1,0.984,00206.HK,CM-ENERGY,Q_E_ALTERNATIVE_WATER_RATE,再生水或其他替代水源占比,E,False,0,,,0,missing_candidate,extend_extraction_rules,2,related_fields_incomplete,,1,data/text/hkex_reports/00206.HK/2025/annual_report.txt,False
169,19,3070,66.815972,173,283,110,True,1.0,1.0,0.273333,0.0,0.998264,1,0.984,002074.SZ,国轩高科,Q_E_ALTERNATIVE_WATER_RATE,再生水或其他替代水源占比,E,False,0,,,0,missing_candidate,extend_extraction_rules,2,related_fields_incomplete,,1,data/text/002074.SZ/2025/annual_report.txt,False
170,19,3071,66.815972,196,322,126,True,1.0,1.0,0.273333,0.0,0.998264,1,0.984,002090.SZ,金智科技,Q_E_ALTERNATIVE_WATER_RATE,再生水或其他替代水源占比,E,False,0,,,0,missing_candidate,extend_extraction_rules,2,related_fields_incomplete,,1,data/text/002090.SZ/2025/annual_report.txt,False
171,19,3072,66.815972,124,309,185,True,1.0,1.0,0.273333,0.0,0.998264,1,0.984,002276.SZ,万马股份,Q_E_ALTERNATIVE_WATER_RATE,再生水或其他替代水源占比,E,False,0,,,0,missing_candidate,extend_extraction_rules,2,related_fields_incomplete,,1,data/text/002276.SZ/2025/annual_report.txt,False
172,19,3073,66.815972,168,376,208,True,1.0,1.0,0.273333,0.0,0.998264,1,0.984,00228.HK,CHINA ENERGY,Q_E_ALTERNATIVE_WATER_RATE,再生水或其他替代水源占比,E,False,0,,,0,missing_candidate,extend_extraction_rules,2,related_fields_incomplete,,2,data/text/hkex_reports/00228.HK/2025/annual_report.txt|data/text/hkex_reports/00228.HK/2025/esg_report.txt,False
173,19,3074,66.815972,76,298,222,True,1.0,1.0,0.273333,0.0,0.998264,1,0.984,002335.SZ,科华数据,Q_E_ALTERNATIVE_WATER_RATE,再生水或其他替代水源占比,E,False,0,,,0,missing_candidate,extend_extraction_rules,2,related_fields_incomplete,,1,data/text/002335.SZ/2025/annual_report.txt,False
174,19,3075,66.815972,185,295,110,True,1.0,1.0,0.273333,0.0,0.998264,1,0.984,002452.SZ,长高电气,Q_E_ALTERNATIVE_WATER_RATE,再生水或其他替代水源占比,E,False,0,,,0,missing_candidate,extend_extraction_rules,2,related_fields_incomplete,,1,data/text/002452.SZ/2025/annual_report.txt,False
175,19,3076,66.815972,95,355,260,True,1.0,1.0,0.273333,0.0,0.998264,1,0.984,002459.SZ,晶澳科技,Q_E_ALTERNATIVE_WATER_RATE,再生水或其他替代水源占比,E,False,0,,,0,missing_candidate,extend_extraction_rules,2,possible_direct_alternative_water_rate,替代水源占比4 %,2,data/text/002459.SZ/2025/annual_report.txt|data/text/002459.SZ/2025/esg_report.txt,False
176,19,3077,66.815972,136,251,115,True,1.0,1.0,0.273333,0.0,0.998264,1,0.984,002479.SZ,富春环保,Q_E_ALTERNATIVE_WATER_RATE,再生水或其他替代水源占比,E,False,0,,,0,missing_candidate,extend_extraction_rules,2,related_fields_incomplete,,1,data/text/002479.SZ/2025/annual_report.txt,False
177,19,3078,66.815972,176,297,121,True,1.0,1.0,0.273333,0.0,0.998264,1,0.984,002487.SZ,大金重工,Q_E_ALTERNATIVE_WATER_RATE,再生水或其他替代水源占比,E,False,0,,,0,missing_candidate,extend_extraction_rules,2,related_fields_incomplete,,1,data/text/002487.SZ/2025/annual_report.txt,False
178,19,3079,66.815972,191,449,258,True,1.0,1.0,0.273333,0.0,0.998264,1,0.984,002506.SZ,协鑫集成,Q_E_ALTERNATIVE_WATER_RATE,再生水或其他替代水源占比,E,False,0,,,0,missing_candidate,extend_extraction_rules,2,related_fields_incomplete,,2,data/text/002506.SZ/2025/annual_report.txt|data/text/002506.SZ/2025/esg_report.txt,False
179,19,3080,66.815972,149,305,156,True,1.0,1.0,0.273333,0.0,0.998264,1,0.984,002531.SZ,天顺风能,Q_E_ALTERNATIVE_WATER_RATE,再生水或其他替代水源占比,E,False,0,,,0,missing_candidate,extend_extraction_rules,2,related_fields_incomplete,,2,data/text/002531.SZ/2025/annual_report.txt|data/text/002531.SZ/2025/esg_report.txt,False
180,19,3081,66.815972,155,453,298,True,1.0,1.0,0.273333,0.0,0.998264,1,0.984,002608.SZ,江苏国信,Q_E_ALTERNATIVE_WATER_RATE,再生水或其他替代水源占比,E,False,0,,,0,missing_candidate,extend_extraction_rules,2,related_fields_incomplete,,1,data/text/002608.SZ/2025/annual_report.txt,False
181,19,3082,66.815972,133,389,256,True,1.0,1.0,0.273333,0.0,0.998264,1,0.984,002692.SZ,远程股份,Q_E_ALTERNATIVE_WATER_RATE,再生水或其他替代水源占比,E,False,0,,,0,missing_candidate,extend_extraction_rules,2,related_fields_incomplete,,1,data/text/002692.SZ/2025/annual_report.txt,False
182,19,3083,66.815972,95,215,120,True,1.0,1.0,0.273333,0.0,0.998264,1,0.984,002709.SZ,天赐材料,Q_E_ALTERNATIVE_WATER_RATE,再生水或其他替代水源占比,E,False,0,,,0,missing_candidate,extend_extraction_rules,2,related_fields_incomplete,,1,data/text/002709.SZ/2025/annual_report.txt,False
183,19,3084,66.815972,21,359,338,True,1.0,1.0,0.273333,0.0,0.998264,1,0.984,002850.SZ,科达利,Q_E_ALTERNATIVE_WATER_RATE,再生水或其他替代水源占比,E,False,0,,,0,missing_candidate,extend_extraction_rules,2,related_fields_incomplete,,1,data/text/002850.SZ/2025/annual_report.txt,False
184,19,3085,66.815972,109,230,121,True,1.0,1.0,0.273333,0.0,0.998264,1,0.984,002911.SZ,佛燃能源,Q_E_ALTERNATIVE_WATER_RATE,再生水或其他替代水源占比,E,False,0,,,0,missing_candidate,extend_extraction_rules,2,related_fields_incomplete,,1,data/text/002911.SZ/2025/annual_report.txt,False
185,19,3086,66.815972,5,555,550,True,1.0,1.0,0.273333,0.0,0.998264,1,0.984,00353.HK,ENERGY INTINV,Q_E_ALTERNATIVE_WATER_RATE,再生水或其他替代水源占比,E,False,0,,,0,missing_candidate,extend_extraction_rules,2,related_fields_incomplete,,1,data/text/00353.HK/2025/annual_report.txt,False
186,19,3087,66.815972,43,360,317,True,1.0,1.0,0.273333,0.0,0.998264,1,0.984,00384.HK,CHINA GAS HOLD,Q_E_ALTERNATIVE_WATER_RATE,再生水或其他替代水源占比,E,False,0,,,0,missing_candidate,extend_extraction_rules,2,related_fields_incomplete,,2,data/text/hkex_reports/00384.HK/2025/annual_report.txt|data/text/hkex_reports/00384.HK/2025/esg_report.txt,False
187,19,3088,66.815972,35,204,169,True,1.0,1.0,0.273333,0.0,0.998264,1,0.984,00392.HK,BEIJING ENT,Q_E_ALTERNATIVE_WATER_RATE,再生水或其他替代水源占比,E,False,0,,,0,missing_candidate,extend_extraction_rules,2,related_fields_incomplete,,2,data/text/hkex_reports/00392.HK/2025/annual_report.txt|data/text/hkex_reports/00392.HK/2025/esg_report.txt,False
188,19,3089,66.815972,15,368,353,True,1.0,1.0,0.273333,0.0,0.998264,1,0.984,00467.HK,UNITEDENERGY GP,Q_E_ALTERNATIVE_WATER_RATE,再生水或其他替代水源占比,E,False,0,,,0,missing_candidate,extend_extraction_rules,2,related_fields_incomplete,,2,data/text/hkex_reports/00467.HK/2025/annual_report.txt|data/text/hkex_reports/00467.HK/2025/esg_report.txt,False
189,19,3090,66.815972,72,524,452,True,1.0,1.0,0.273333,0.0,0.998264,1,0.984,00554.HK,HANS GP HLDGS,Q_E_ALTERNATIVE_WATER_RATE,再生水或其他替代水源占比,E,False,0,,,0,missing_candidate,extend_extraction_rules,2,related_fields_incomplete,,2,data/text/hkex_reports/00554.HK/2025/annual_report.txt|data/text/hkex_reports/00554.HK/2025/esg_report.txt,False
190,19,3091,66.815972,44,212,168,True,1.0,1.0,0.273333,0.0,0.998264,1,0.984,00579.HK,JNCEC,Q_E_ALTERNATIVE_WATER_RATE,再生水或其他替代水源占比,E,False,0,,,0,missing_candidate,extend_extraction_rules,2,related_fields_incomplete,,2,data/text/hkex_reports/00579.HK/2025/annual_report.txt|data/text/hkex_reports/00579.HK/2025/esg_report.txt,False
191,19,3092,66.815972,193,499,306,True,1.0,1.0,0.273333,0.0,0.998264,1,0.984,00600.HK,AXERA,Q_E_ALTERNATIVE_WATER_RATE,再生水或其他替代水源占比,E,False,0,,,0,missing_candidate,extend_extraction_rules,2,related_fields_incomplete,,1,data/text/hkex_reports/00600.HK/2025/annual_report.txt,False
192,19,3093,66.815972,130,529,399,True,1.0,1.0,0.273333,0.0,0.998264,1,0.984,00607.HK,FULLSHARE,Q_E_ALTERNATIVE_WATER_RATE,再生水或其他替代水源占比,E,False,0,,,0,missing_candidate,extend_extraction_rules,2,related_fields_incomplete,,2,data/text/hkex_reports/00607.HK/2025/annual_report.txt|data/text/hkex_reports/00607.HK/2025/esg_report.txt,False
193,19,3094,66.815972,130,474,344,True,1.0,1.0,0.273333,0.0,0.998264,1,0.984,00632.HK,CHK OIL,Q_E_ALTERNATIVE_WATER_RATE,再生水或其他替代水源占比,E,False,0,,,0,missing_candidate,extend_extraction_rules,2,related_fields_incomplete,,1,data/text/hkex_reports/00632.HK/2025/annual_report.txt,False
194,19,3095,66.815972,26,517,491,True,1.0,1.0,0.273333,0.0,0.998264,1,0.984,00645.HK,ARES ASIA,Q_E_ALTERNATIVE_WATER_RATE,再生水或其他替代水源占比,E,False,0,,,0,missing_candidate,extend_extraction_rules,2,related_fields_incomplete,,1,data/text/hkex_reports/00645.HK/2025/annual_report.txt,False
195,19,3096,66.815972,151,387,236,True,1.0,1.0,0.273333,0.0,0.998264,1,0.984,00650.HK,PRODUCTIVE TECH,Q_E_ALTERNATIVE_WATER_RATE,再生水或其他替代水源占比,E,False,0,,,0,missing_candidate,extend_extraction_rules,2,related_fields_incomplete,,1,data/text/00650.HK/2025/annual_report.txt,False
196,19,3097,66.815972,29,241,212,True,1.0,1.0,0.273333,0.0,0.998264,1,0.984,00666.HK,REPT BATTERO,Q_E_ALTERNATIVE_WATER_RATE,再生水或其他替代水源占比,E,False,0,,,0,missing_candidate,extend_extraction_rules,2,related_fields_incomplete,,2,data/text/hkex_reports/00666.HK/2025/annual_report.txt|data/text/hkex_reports/00666.HK/2025/esg_report.txt,False
197,19,3098,66.815972,96,279,183,True,1.0,1.0,0.273333,0.0,0.998264,1,0.984,00686.HK,BJ ENERGY INTL,Q_E_ALTERNATIVE_WATER_RATE,再生水或其他替代水源占比,E,False,0,,,0,missing_candidate,extend_extraction_rules,2,related_fields_incomplete,,2,data/text/hkex_reports/00686.HK/2025/annual_report.txt|data/text/hkex_reports/00686.HK/2025/esg_report.txt,False
198,19,3099,66.815972,182,444,262,True,1.0,1.0,0.273333,0.0,0.998264,1,0.984,00704.HK,HUSCOKE HLDGS,Q_E_ALTERNATIVE_WATER_RATE,再生水或其他替代水源占比,E,False,0,,,0,missing_candidate,extend_extraction_rules,2,related_fields_incomplete,,1,data/text/00704.HK/2025/annual_report.txt,False
199,19,3100,66.815972,77,311,234,True,1.0,1.0,0.273333,0.0,0.998264,1,0.984,00819.HK,TIANNENG POWER,Q_E_ALTERNATIVE_WATER_RATE,再生水或其他替代水源占比,E,False,0,,,0,missing_candidate,extend_extraction_rules,2,related_fields_incomplete,,2,data/text/hkex_reports/00819.HK/2025/annual_report.txt|data/text/hkex_reports/00819.HK/2025/esg_report.txt,False
200,19,3101,66.815972,6,314,308,True,1.0,1.0,0.273333,0.0,0.998264,1,0.984,00836.HK,CHINA RES POWER,Q_E_ALTERNATIVE_WATER_RATE,再生水或其他替代水源占比,E,False,0,,,0,missing_candidate,extend_extraction_rules,2,related_fields_incomplete,,2,data/text/hkex_reports/00836.HK/2025/annual_report.txt|data/text/hkex_reports/00836.HK/2025/esg_report.txt,False
201,19,3102,66.815972,42,348,306,True,1.0,1.0,0.273333,0.0,0.998264,1,0.984,00866.HK,CHINA QINFA,Q_E_ALTERNATIVE_WATER_RATE,再生水或其他替代水源占比,E,False,0,,,0,missing_candidate,extend_extraction_rules,2,related_fields_incomplete,,1,data/text/hkex_reports/00866.HK/2025/annual_report.txt,False
202,19,3103,66.815972,40,327,287,True,1.0,1.0,0.273333,0.0,0.998264,1,0.984,00931.HK,CHINA HK POWER,Q_E_ALTERNATIVE_WATER_RATE,再生水或其他替代水源占比,E,False,0,,,0,missing_candidate,extend_extraction_rules,2,related_fields_incomplete,,1,data/text/00931.HK/2025/annual_report.txt,False
203,19,3104,66.815972,19,261,242,True,1.0,1.0,0.273333,0.0,0.998264,1,0.984,00951.HK,CHAOWEI POWER,Q_E_ALTERNATIVE_WATER_RATE,再生水或其他替代水源占比,E,False,0,,,0,missing_candidate,extend_extraction_rules,2,related_fields_incomplete,,2,data/text/hkex_reports/00951.HK/2025/annual_report.txt|data/text/hkex_reports/00951.HK/2025/esg_report.txt,False
204,19,3105,66.815972,111,210,99,True,1.0,0.99,0.283333,0.0,0.998264,1,1.02,00968.HK,XINYI SOLAR,Q_E_CLEAN_ENERGY_INTENSITY,绿色/可再生/清洁能源生产/使用强度,E,False,0,,,0,missing_candidate,extend_extraction_rules,2,related_fields_incomplete,,2,data/text/hkex_reports/00968.HK/2025/annual_report.txt|data/text/hkex_reports/00968.HK/2025/esg_report.txt,False
205,19,3106,66.815972,79,431,352,True,1.0,1.0,0.273333,0.0,0.998264,1,0.984,01080.HK,SHENGLI PIPE,Q_E_ALTERNATIVE_WATER_RATE,再生水或其他替代水源占比,E,False,0,,,0,missing_candidate,extend_extraction_rules,2,related_fields_incomplete,,1,data/text/hkex_reports/01080.HK/2025/annual_report.txt,False
206,19,3107,66.815972,7,435,428,True,1.0,1.0,0.273333,0.0,0.998264,1,0.984,01083.HK,TG SMART ENERGY,Q_E_ALTERNATIVE_WATER_RATE,再生水或其他替代水源占比,E,False,0,,,0,missing_candidate,extend_extraction_rules,2,related_fields_incomplete,,2,data/text/hkex_reports/01083.HK/2025/annual_report.txt|data/text/hkex_reports/01083.HK/2025/esg_report.txt,False
207,19,3108,66.815972,13,285,272,True,1.0,1.0,0.273333,0.0,0.998264,1,0.984,01193.HK,CHINA RES GAS,Q_E_ALTERNATIVE_WATER_RATE,再生水或其他替代水源占比,E,False,0,,,0,missing_candidate,extend_extraction_rules,2,related_fields_incomplete,,2,data/text/hkex_reports/01193.HK/2025/annual_report.txt|data/text/hkex_reports/01193.HK/2025/esg_report.txt,False
208,19,3109,66.815972,2,316,314,True,1.0,1.0,0.273333,0.0,0.998264,1,0.984,01229.HK,NAN NAN RES,Q_E_ALTERNATIVE_WATER_RATE,再生水或其他替代水源占比,E,False,0,,,0,missing_candidate,extend_extraction_rules,2,related_fields_incomplete,,2,data/text/01229.HK/2025/annual_report.txt|data/text/hkex_reports/01229.HK/2025/esg_report.txt,False
209,19,3110,66.815972,177,383,206,True,1.0,1.0,0.273333,0.0,0.998264,1,0.984,01251.HK,SPT ENERGY,Q_E_ALTERNATIVE_WATER_RATE,再生水或其他替代水源占比,E,False,0,,,0,missing_candidate,extend_extraction_rules,2,related_fields_incomplete,,1,data/text/hkex_reports/01251.HK/2025/annual_report.txt,False
210,19,3111,66.815972,87,274,187,True,1.0,1.0,0.273333,0.0,0.998264,1,0.984,01277.HK,KINETIC DEV,Q_E_ALTERNATIVE_WATER_RATE,再生水或其他替代水源占比,E,False,0,,,0,missing_candidate,extend_extraction_rules,2,related_fields_incomplete,,1,data/text/hkex_reports/01277.HK/2025/annual_report.txt,False
211,19,3112,66.815972,8,304,296,True,1.0,1.0,0.273333,0.0,0.998264,1,0.984,01303.HK,HUILI RES,Q_E_ALTERNATIVE_WATER_RATE,再生水或其他替代水源占比,E,False,0,,,0,missing_candidate,extend_extraction_rules,2,related_fields_incomplete,,2,data/text/hkex_reports/01303.HK/2025/annual_report.txt|data/text/hkex_reports/01303.HK/2025/esg_report.txt,False
212,19,3113,66.815972,1,494,493,True,1.0,1.0,0.273333,0.0,0.998264,1,0.984,01555.HK,MIE HOLDINGS,Q_E_ALTERNATIVE_WATER_RATE,再生水或其他替代水源占比,E,False,0,,,0,missing_candidate,extend_extraction_rules,2,related_fields_incomplete,,1,data/text/hkex_reports/01555.HK/2025/annual_report.txt,False
213,19,3114,66.815972,169,412,243,True,1.0,1.0,0.273333,0.0,0.998264,1,0.984,01608.HK,VPOWER GROUP,Q_E_ALTERNATIVE_WATER_RATE,再生水或其他替代水源占比,E,False,0,,,0,missing_candidate,extend_extraction_rules,2,related_fields_incomplete,,2,data/text/hkex_reports/01608.HK/2025/annual_report.txt|data/text/hkex_reports/01608.HK/2025/esg_report.txt,False
214,19,3115,66.815972,127,525,398,True,1.0,1.0,0.273333,0.0,0.998264,1,0.984,01621.HK,VICO INTL HLDGS,Q_E_ALTERNATIVE_WATER_RATE,再生水或其他替代水源占比,E,False,0,,,0,missing_candidate,extend_extraction_rules,2,related_fields_incomplete,,1,data/text/hkex_reports/01621.HK/2025/annual_report.txt,False
215,19,3116,66.815972,39,480,441,True,1.0,1.0,0.273333,0.0,0.998264,1,0.984,01623.HK,HILONG,Q_E_ALTERNATIVE_WATER_RATE,再生水或其他替代水源占比,E,False,0,,,0,missing_candidate,extend_extraction_rules,2,related_fields_incomplete,,2,data/text/hkex_reports/01623.HK/2025/annual_report.txt|data/text/hkex_reports/01623.HK/2025/esg_report.txt,False
216,19,3117,66.815972,84,268,184,True,1.0,1.0,0.273333,0.0,0.998264,1,0.984,01733.HK,E-COMMODITIES,Q_E_ALTERNATIVE_WATER_RATE,再生水或其他替代水源占比,E,False,0,,,0,missing_candidate,extend_extraction_rules,2,related_fields_incomplete,,2,data/text/hkex_reports/01733.HK/2025/annual_report.txt|data/text/hkex_reports/01733.HK/2025/esg_report.txt,False
217,19,3118,66.815972,123,227,104,True,1.0,1.0,0.273333,0.0,0.998264,1,0.984,01799.HK,XINTE ENERGY,Q_E_ALTERNATIVE_WATER_RATE,再生水或其他替代水源占比,E,False,0,,,0,missing_candidate,extend_extraction_rules,2,related_fields_incomplete,,2,data/text/hkex_reports/01799.HK/2025/annual_report.txt|data/text/hkex_reports/01799.HK/2025/esg_report.txt,False
218,19,3119,66.815972,62,251,189,True,1.0,1.0,0.273333,0.0,0.998264,1,0.984,01811.HK,CGN NEW ENERGY,Q_E_ALTERNATIVE_WATER_RATE,再生水或其他替代水源占比,E,False,0,,,0,missing_candidate,extend_extraction_rules,2,related_fields_incomplete,,2,data/text/hkex_reports/01811.HK/2025/annual_report.txt|data/text/hkex_reports/01811.HK/2025/esg_report.txt,False
219,19,3120,66.815972,59,338,279,True,1.0,1.0,0.273333,0.0,0.998264,1,0.984,01878.HK,SOUTHGOBI,Q_E_ALTERNATIVE_WATER_RATE,再生水或其他替代水源占比,E,False,0,,,0,missing_candidate,extend_extraction_rules,2,related_fields_incomplete,,1,data/text/hkex_reports/01878.HK/2025/annual_report.txt,False
220,19,3121,66.815972,112,389,277,True,1.0,1.0,0.273333,0.0,0.998264,1,0.984,01921.HK,DALIPAL HLDG,Q_E_ALTERNATIVE_WATER_RATE,再生水或其他替代水源占比,E,False,0,,,0,missing_candidate,extend_extraction_rules,2,related_fields_incomplete,,1,data/text/hkex_reports/01921.HK/2025/annual_report.txt,False
221,19,3122,66.815972,127,452,325,True,1.0,1.0,0.273333,0.0,0.998264,1,0.984,01938.HK,CHU KONG PIPE,Q_E_ALTERNATIVE_WATER_RATE,再生水或其他替代水源占比,E,False,0,,,0,missing_candidate,extend_extraction_rules,2,related_fields_incomplete,,1,data/text/hkex_reports/01938.HK/2025/annual_report.txt,False
222,19,3123,66.815972,81,330,249,True,1.0,1.0,0.273333,0.0,0.998264,1,0.984,01940.HK,CGII HLDGS,Q_E_ALTERNATIVE_WATER_RATE,再生水或其他替代水源占比,E,False,0,,,0,missing_candidate,extend_extraction_rules,2,related_fields_incomplete,,2,data/text/hkex_reports/01940.HK/2025/annual_report.txt|data/text/hkex_reports/01940.HK/2025/esg_report.txt,False
223,19,3124,66.815972,115,415,300,True,1.0,1.0,0.273333,0.0,0.998264,1,0.984,02178.HK,PETRO-KING,Q_E_ALTERNATIVE_WATER_RATE,再生水或其他替代水源占比,E,False,0,,,0,missing_candidate,extend_extraction_rules,2,related_fields_incomplete,,1,data/text/hkex_reports/02178.HK/2025/annual_report.txt,False
224,19,3125,66.815972,147,296,149,True,1.0,1.0,0.273333,0.0,0.998264,1,0.984,03303.HK,JUTAL OIL SER,Q_E_ALTERNATIVE_WATER_RATE,再生水或其他替代水源占比,E,False,0,,,0,missing_candidate,extend_extraction_rules,2,related_fields_incomplete,,2,data/text/hkex_reports/03303.HK/2025/annual_report.txt|data/text/hkex_reports/03303.HK/2025/esg_report.txt,False
225,19,3126,66.815972,31,522,491,True,1.0,1.0,0.273333,0.0,0.998264,1,0.984,03395.HK,JX ENERGY,Q_E_ALTERNATIVE_WATER_RATE,再生水或其他替代水源占比,E,False,0,,,0,missing_candidate,extend_extraction_rules,2,related_fields_incomplete,,1,data/text/hkex_reports/03395.HK/2025/annual_report.txt,False
226,19,3127,66.815972,23,422,399,True,1.0,1.0,0.273333,0.0,0.998264,1,0.984,03633.HK,ZHONGYU ENERGY,Q_E_ALTERNATIVE_WATER_RATE,再生水或其他替代水源占比,E,False,0,,,0,missing_candidate,extend_extraction_rules,2,related_fields_incomplete,,2,data/text/hkex_reports/03633.HK/2025/annual_report.txt|data/text/hkex_reports/03633.HK/2025/esg_report.txt,False
227,19,3128,66.815972,194,461,267,True,1.0,1.0,0.273333,0.0,0.998264,1,0.984,03668.HK,YANCOAL AUS,Q_E_ALTERNATIVE_WATER_RATE,再生水或其他替代水源占比,E,False,0,,,0,missing_candidate,extend_extraction_rules,2,related_fields_incomplete,,2,data/text/hkex_reports/03668.HK/2025/annual_report.txt|data/text/hkex_reports/03668.HK/2025/esg_report.txt,False
228,19,3129,66.815972,86,315,229,True,1.0,1.0,0.273333,0.0,0.998264,1,0.984,03800.HK,GCL TECH,Q_E_ALTERNATIVE_WATER_RATE,再生水或其他替代水源占比,E,False,0,,,0,missing_candidate,extend_extraction_rules,2,possible_alternative_water_formula_closure,"recycled water and increased the volume of reused water. Reused water reached 900,300 tonnes, accounting for 25.98% of total water withdrawal, up from 21.35% in 2024. Annual Achievements Annual water savings of 3,339,200 tonnes Water-saving upgrades to production processes and equipment Polysilicon  Jiangsu Zhongneng implemented equipment upgrades and renovations, replacing belt filter presses with plate-and-frame filter presses, creating annual water savings of approximately 255,000 tonnes. An",2,data/text/hkex_reports/03800.HK/2025/annual_report.txt|data/text/hkex_reports/03800.HK/2025/esg_report.txt,False
229,19,3130,66.815972,171,351,180,True,1.0,1.0,0.273333,0.0,0.998264,1,0.984,03868.HK,XINYI ENERGY,Q_E_ALTERNATIVE_WATER_RATE,再生水或其他替代水源占比,E,False,0,,,0,missing_candidate,extend_extraction_rules,2,related_fields_incomplete,,2,data/text/hkex_reports/03868.HK/2025/annual_report.txt|data/text/hkex_reports/03868.HK/2025/esg_report.txt,False
230,19,3131,66.815972,142,393,251,True,1.0,1.0,0.273333,0.0,0.998264,1,0.984,06885.HK,JINMA ENERGY,Q_E_ALTERNATIVE_WATER_RATE,再生水或其他替代水源占比,E,False,0,,,0,missing_candidate,extend_extraction_rules,2,related_fields_incomplete,,1,data/text/hkex_reports/06885.HK/2025/annual_report.txt,False
231,19,3132,66.815972,137,470,333,True,1.0,1.0,0.273333,0.0,0.998264,1,0.984,08347.HK,F8 ENT,Q_E_ALTERNATIVE_WATER_RATE,再生水或其他替代水源占比,E,False,0,,,0,missing_candidate,extend_extraction_rules,2,related_fields_incomplete,,1,data/text/08347.HK/2025/annual_report.txt,False
232,19,3133,66.815972,17,286,269,True,1.0,1.0,0.273333,0.0,0.998264,1,0.984,09689.HK,JTF INTL,Q_E_ALTERNATIVE_WATER_RATE,再生水或其他替代水源占比,E,False,0,,,0,missing_candidate,extend_extraction_rules,2,related_fields_incomplete,,1,data/text/hkex_reports/09689.HK/2025/annual_report.txt,False
233,19,3134,66.815972,169,392,223,True,1.0,1.0,0.273333,0.0,0.998264,1,0.984,300037.SZ,新宙邦,Q_E_ALTERNATIVE_WATER_RATE,再生水或其他替代水源占比,E,False,0,,,0,missing_candidate,extend_extraction_rules,2,related_fields_incomplete,,1,data/text/300037.SZ/2025/annual_report.txt,False
234,19,3135,66.815972,70,228,158,True,1.0,1.0,0.273333,0.0,0.998264,1,0.984,300073.SZ,当升科技,Q_E_ALTERNATIVE_WATER_RATE,再生水或其他替代水源占比,E,False,0,,,0,missing_candidate,extend_extraction_rules,2,related_fields_incomplete,,1,data/text/300073.SZ/2025/annual_report.txt,False
235,19,3136,66.815972,175,405,230,True,1.0,1.0,0.273333,0.0,0.998264,1,0.984,300105.SZ,龙源技术,Q_E_ALTERNATIVE_WATER_RATE,再生水或其他替代水源占比,E,False,0,,,0,missing_candidate,extend_extraction_rules,2,related_fields_incomplete,,1,data/text/300105.SZ/2025/annual_report.txt,False
236,19,3137,66.815972,69,201,132,True,1.0,1.0,0.273333,0.0,0.998264,1,0.984,300207.SZ,欣旺达,Q_E_ALTERNATIVE_WATER_RATE,再生水或其他替代水源占比,E,False,0,,,0,missing_candidate,extend_extraction_rules,2,related_fields_incomplete,,2,data/text/300207.SZ/2025/annual_report.txt|data/text/300207.SZ/2025/esg_report.txt,False
237,19,3138,66.815972,135,334,199,True,1.0,1.0,0.273333,0.0,0.998264,1,0.984,300316.SZ,晶盛机电,Q_E_ALTERNATIVE_WATER_RATE,再生水或其他替代水源占比,E,False,0,,,0,missing_candidate,extend_extraction_rules,2,related_fields_incomplete,,1,data/text/300316.SZ/2025/annual_report.txt,False
238,19,3139,66.815972,109,257,148,True,1.0,1.0,0.273333,0.0,0.998264,1,0.984,300376.SZ,易事特,Q_E_ALTERNATIVE_WATER_RATE,再生水或其他替代水源占比,E,False,0,,,0,missing_candidate,extend_extraction_rules,2,related_fields_incomplete,,1,data/text/300376.SZ/2025/annual_report.txt,False
239,19,3140,66.815972,71,325,254,True,1.0,1.0,0.273333,0.0,0.998264,1,0.984,300483.SZ,首华燃气,Q_E_ALTERNATIVE_WATER_RATE,再生水或其他替代水源占比,E,False,0,,,0,missing_candidate,extend_extraction_rules,2,related_fields_incomplete,,1,data/text/300483.SZ/2025/annual_report.txt,False
240,19,3141,66.815972,154,412,258,True,1.0,1.0,0.273333,0.0,0.998264,1,0.984,300568.SZ,星源材质,Q_E_ALTERNATIVE_WATER_RATE,再生水或其他替代水源占比,E,False,0,,,0,missing_candidate,extend_extraction_rules,2,related_fields_incomplete,,1,data/text/300568.SZ/2025/annual_report.txt,False
241,19,3142,66.815972,93,266,173,True,1.0,1.0,0.273333,0.0,0.998264,1,0.984,300693.SZ,盛弘股份,Q_E_ALTERNATIVE_WATER_RATE,再生水或其他替代水源占比,E,False,0,,,0,missing_candidate,extend_extraction_rules,2,related_fields_incomplete,,1,data/text/300693.SZ/2025/annual_report.txt,False
242,19,3143,66.815972,151,267,116,True,1.0,1.0,0.273333,0.0,0.998264,1,0.984,300724.SZ,捷佳伟创,Q_E_ALTERNATIVE_WATER_RATE,再生水或其他替代水源占比,E,False,0,,,0,missing_candidate,extend_extraction_rules,2,related_fields_incomplete,,1,data/text/300724.SZ/2025/annual_report.txt,False
243,19,3144,66.815972,14,433,419,True,1.0,1.0,0.273333,0.0,0.998264,1,0.984,300750.SZ,宁德时代,Q_E_ALTERNATIVE_WATER_RATE,再生水或其他替代水源占比,E,False,0,,,0,missing_candidate,extend_extraction_rules,2,related_fields_incomplete,,1,data/text/300750.SZ/2025/annual_report.txt,False
244,19,3145,66.815972,131,253,122,True,1.0,1.0,0.273333,0.0,0.998264,1,0.984,300763.SZ,锦浪科技,Q_E_ALTERNATIVE_WATER_RATE,再生水或其他替代水源占比,E,False,0,,,0,missing_candidate,extend_extraction_rules,2,related_fields_incomplete,,1,data/text/300763.SZ/2025/annual_report.txt,False
245,19,3146,66.815972,105,265,160,True,1.0,1.0,0.273333,0.0,0.998264,1,0.984,300820.SZ,英杰电气,Q_E_ALTERNATIVE_WATER_RATE,再生水或其他替代水源占比,E,False,0,,,0,missing_candidate,extend_extraction_rules,2,related_fields_incomplete,,1,data/text/300820.SZ/2025/annual_report.txt,False
246,19,3147,66.815972,154,356,202,True,1.0,1.0,0.273333,0.0,0.998264,1,0.984,300827.SZ,上能电气,Q_E_ALTERNATIVE_WATER_RATE,再生水或其他替代水源占比,E,False,0,,,0,missing_candidate,extend_extraction_rules,2,related_fields_incomplete,,1,data/text/300827.SZ/2025/annual_report.txt,False
247,19,3148,66.815972,79,212,133,True,1.0,1.0,0.273333,0.0,0.998264,1,0.984,300882.SZ,万胜智能,Q_E_ALTERNATIVE_WATER_RATE,再生水或其他替代水源占比,E,False,0,,,0,missing_candidate,extend_extraction_rules,2,related_fields_incomplete,,1,data/text/300882.SZ/2025/annual_report.txt,False
248,19,3149,66.815972,174,369,195,True,1.0,1.0,0.273333,0.0,0.998264,1,0.984,300953.SZ,震裕科技,Q_E_ALTERNATIVE_WATER_RATE,再生水或其他替代水源占比,E,False,0,,,0,missing_candidate,extend_extraction_rules,2,related_fields_incomplete,,1,data/text/300953.SZ/2025/annual_report.txt,False
249,19,3150,66.815972,184,315,131,True,1.0,1.0,0.273333,0.0,0.998264,1,0.984,301168.SZ,通灵股份,Q_E_ALTERNATIVE_WATER_RATE,再生水或其他替代水源占比,E,False,0,,,0,missing_candidate,extend_extraction_rules,2,related_fields_incomplete,,1,data/text/301168.SZ/2025/annual_report.txt,False
250,19,3151,66.815972,135,386,251,True,1.0,1.0,0.273333,0.0,0.998264,1,0.984,301386.SZ,未来电器,Q_E_ALTERNATIVE_WATER_RATE,再生水或其他替代水源占比,E,False,0,,,0,missing_candidate,extend_extraction_rules,2,related_fields_incomplete,,2,data/text/301386.SZ/2025/annual_report.txt|data/text/301386.SZ/2025/esg_report.txt,False
251,19,3152,66.815972,179,336,157,True,1.0,1.0,0.273333,0.0,0.998264,1,0.984,301388.SZ,欣灵电气,Q_E_ALTERNATIVE_WATER_RATE,再生水或其他替代水源占比,E,False,0,,,0,missing_candidate,extend_extraction_rules,2,related_fields_incomplete,,1,data/text/301388.SZ/2025/annual_report.txt,False
252,19,3153,66.815972,65,411,346,True,1.0,1.0,0.273333,0.0,0.998264,1,0.984,600023.SH,浙能电力,Q_E_ALTERNATIVE_WATER_RATE,再生水或其他替代水源占比,E,False,0,,,0,missing_candidate,extend_extraction_rules,2,related_fields_incomplete,,2,data/text/600023.SH/2025/annual_report.txt|data/text/600023.SH/2025/esg_report.txt,False
253,19,3154,66.815972,76,208,132,True,1.0,1.0,0.273333,0.0,0.998264,1,0.984,600032.SH,浙江新能,Q_E_ALTERNATIVE_WATER_RATE,再生水或其他替代水源占比,E,False,0,,,0,missing_candidate,extend_extraction_rules,2,possible_direct_alternative_water_rate,中水电装机 113.28 万千瓦，占比 16.4%,2,data/text/600032.SH/2025/annual_report.txt|data/text/600032.SH/2025/esg_report.txt,False
254,19,3155,66.815972,146,276,130,True,1.0,1.0,0.273333,0.0,0.998264,1,0.984,600157.SH,永泰能源,Q_E_ALTERNATIVE_WATER_RATE,再生水或其他替代水源占比,E,False,0,,,0,missing_candidate,extend_extraction_rules,2,related_fields_incomplete,,1,data/text/600157.SH/2025/annual_report.txt,False
255,19,3156,66.815972,102,344,242,True,1.0,1.0,0.273333,0.0,0.998264,1,0.984,600167.SH,联美控股,Q_E_ALTERNATIVE_WATER_RATE,再生水或其他替代水源占比,E,False,0,,,0,missing_candidate,extend_extraction_rules,2,related_fields_incomplete,,2,data/text/600167.SH/2025/annual_report.txt|data/text/600167.SH/2025/esg_report.txt,False
256,19,3157,66.815972,128,458,330,True,1.0,1.0,0.273333,0.0,0.998264,1,0.984,600188.SH,兖矿能源,Q_E_ALTERNATIVE_WATER_RATE,再生水或其他替代水源占比,E,False,0,,,0,missing_candidate,extend_extraction_rules,2,related_fields_incomplete,,1,data/text/600188.SH/2025/annual_report.txt,False
257,19,3158,66.815972,53,331,278,True,1.0,1.0,0.273333,0.0,0.998264,1,0.984,600207.SH,安彩高科,Q_E_ALTERNATIVE_WATER_RATE,再生水或其他替代水源占比,E,False,0,,,0,missing_candidate,extend_extraction_rules,2,related_fields_incomplete,,2,data/text/600207.SH/2025/annual_report.txt|data/text/600207.SH/2025/esg_report.txt,False
258,19,3159,66.815972,186,309,123,True,1.0,1.0,0.273333,0.0,0.998264,1,0.984,600339.SH,中油工程,Q_E_ALTERNATIVE_WATER_RATE,再生水或其他替代水源占比,E,False,0,,,0,missing_candidate,extend_extraction_rules,2,related_fields_incomplete,,1,data/text/600339.SH/2025/annual_report.txt,False
259,19,3160,66.815972,61,360,299,True,1.0,1.0,0.273333,0.0,0.998264,1,0.984,600346.SH,恒力石化,Q_E_ALTERNATIVE_WATER_RATE,再生水或其他替代水源占比,E,False,0,,,0,missing_candidate,extend_extraction_rules,2,related_fields_incomplete,,2,data/text/600346.SH/2025/annual_report.txt|data/text/600346.SH/2025/esg_report.txt,False
260,19,3161,66.815972,128,300,172,True,1.0,1.0,0.273333,0.0,0.998264,1,0.984,600395.SH,盘江股份,Q_E_ALTERNATIVE_WATER_RATE,再生水或其他替代水源占比,E,False,0,,,0,missing_candidate,extend_extraction_rules,2,related_fields_incomplete,,2,data/text/600395.SH/2025/annual_report.txt|data/text/600395.SH/2025/esg_report.txt,False
261,19,3162,66.815972,34,318,284,True,1.0,1.0,0.273333,0.0,0.998264,1,0.984,600481.SH,双良节能,Q_E_ALTERNATIVE_WATER_RATE,再生水或其他替代水源占比,E,False,0,,,0,missing_candidate,extend_extraction_rules,2,related_fields_incomplete,,2,data/text/600481.SH/2025/annual_report.txt|data/text/600481.SH/2025/esg_report.txt,False
262,19,3163,66.815972,182,289,107,True,1.0,1.0,0.273333,0.0,0.998264,1,0.984,600509.SH,天富能源,Q_E_ALTERNATIVE_WATER_RATE,再生水或其他替代水源占比,E,False,0,,,0,missing_candidate,extend_extraction_rules,2,related_fields_incomplete,,1,data/text/600509.SH/2025/annual_report.txt,False
263,19,3164,66.815972,183,469,286,True,1.0,1.0,0.273333,0.0,0.998264,1,0.984,600578.SH,京能电力,Q_E_ALTERNATIVE_WATER_RATE,再生水或其他替代水源占比,E,False,0,,,0,missing_candidate,extend_extraction_rules,2,related_fields_incomplete,,2,data/text/600578.SH/2025/annual_report.txt|data/text/600578.SH/2025/esg_report.txt,False
264,19,3165,66.815972,88,328,240,True,1.0,1.0,0.273333,0.0,0.998264,1,0.984,600744.SH,华银电力,Q_E_ALTERNATIVE_WATER_RATE,再生水或其他替代水源占比,E,False,0,,,0,missing_candidate,extend_extraction_rules,2,related_fields_incomplete,,2,data/text/600744.SH/2025/annual_report.txt|data/text/600744.SH/2025/esg_report.txt,False
265,19,3166,66.815972,67,206,139,True,1.0,1.0,0.273333,0.0,0.998264,1,0.984,600795.SH,国电电力,Q_E_ALTERNATIVE_WATER_RATE,再生水或其他替代水源占比,E,False,0,,,0,missing_candidate,extend_extraction_rules,2,related_fields_incomplete,,2,data/text/600795.SH/2025/annual_report.txt|data/text/600795.SH/2025/esg_report.txt,False
266,19,3167,66.815972,120,291,171,True,1.0,1.0,0.273333,0.0,0.998264,1,0.984,600871.SH,石化油服,Q_E_ALTERNATIVE_WATER_RATE,再生水或其他替代水源占比,E,False,0,,,0,missing_candidate,extend_extraction_rules,2,related_fields_incomplete,,2,data/text/600871.SH/2025/annual_report.txt|data/text/600871.SH/2025/esg_report.txt,False
267,19,3168,66.815972,55,502,447,True,1.0,1.0,0.273333,0.0,0.998264,1,0.984,600875.SH,东方电气,Q_E_ALTERNATIVE_WATER_RATE,再生水或其他替代水源占比,E,False,0,,,0,missing_candidate,extend_extraction_rules,2,related_fields_incomplete,,1,data/text/600875.SH/2025/annual_report.txt,False
268,19,3169,66.815972,147,253,106,True,1.0,1.0,0.273333,0.0,0.998264,1,0.984,600925.SH,苏能股份,Q_E_ALTERNATIVE_WATER_RATE,再生水或其他替代水源占比,E,False,0,,,0,missing_candidate,extend_extraction_rules,2,related_fields_incomplete,,1,data/text/600925.SH/2025/annual_report.txt,False
269,19,3170,66.815972,110,223,113,True,1.0,1.0,0.273333,0.0,0.998264,1,0.984,600969.SH,郴电国际,Q_E_ALTERNATIVE_WATER_RATE,再生水或其他替代水源占比,E,False,0,,,0,missing_candidate,extend_extraction_rules,2,related_fields_incomplete,,2,data/text/600969.SH/2025/annual_report.txt|data/text/600969.SH/2025/esg_report.txt,False
270,19,3171,66.815972,93,321,228,True,1.0,1.0,0.273333,0.0,0.998264,1,0.984,601088.SH,中国神华,Q_E_ALTERNATIVE_WATER_RATE,再生水或其他替代水源占比,E,False,0,,,0,missing_candidate,extend_extraction_rules,2,related_fields_incomplete,,2,data/text/601088.SH/2025/annual_report.txt|data/text/601088.SH/2025/esg_report.txt,False
271,19,3172,66.815972,192,327,135,True,1.0,1.0,0.273333,0.0,0.998264,1,0.984,601222.SH,林洋能源,Q_E_ALTERNATIVE_WATER_RATE,再生水或其他替代水源占比,E,False,0,,,0,missing_candidate,extend_extraction_rules,2,related_fields_incomplete,,1,data/text/601222.SH/2025/annual_report.txt,False
272,19,3173,66.815972,115,222,107,True,1.0,1.0,0.273333,0.0,0.998264,1,0.984,601619.SH,嘉泽新能,Q_E_ALTERNATIVE_WATER_RATE,再生水或其他替代水源占比,E,False,0,,,0,missing_candidate,extend_extraction_rules,2,related_fields_incomplete,,2,data/text/601619.SH/2025/annual_report.txt|data/text/601619.SH/2025/esg_report.txt,False
273,19,3174,66.815972,57,203,146,True,1.0,1.0,0.273333,0.0,0.998264,1,0.984,601666.SH,平煤股份,Q_E_ALTERNATIVE_WATER_RATE,再生水或其他替代水源占比,E,False,0,,,0,missing_candidate,extend_extraction_rules,2,related_fields_incomplete,,2,data/text/601666.SH/2025/annual_report.txt|data/text/601666.SH/2025/esg_report.txt,False
274,19,3175,66.815972,9,382,373,True,1.0,1.0,0.273333,0.0,0.998264,1,0.984,601857.SH,中国石油,Q_E_ALTERNATIVE_WATER_RATE,再生水或其他替代水源占比,E,False,0,,,0,missing_candidate,extend_extraction_rules,2,related_fields_incomplete,,2,data/text/601857.SH/2025/annual_report.txt|data/text/601857.SH/2025/esg_report.txt,False
275,19,3176,66.815972,169,322,153,True,1.0,1.0,0.273333,0.0,0.998264,1,0.984,603070.SH,万控智造,Q_E_ALTERNATIVE_WATER_RATE,再生水或其他替代水源占比,E,False,0,,,0,missing_candidate,extend_extraction_rules,2,related_fields_incomplete,,1,data/text/603070.SH/2025/annual_report.txt,False
276,19,3177,66.815972,159,274,115,True,1.0,1.0,0.273333,0.0,0.998264,1,0.984,603097.SH,江苏华辰,Q_E_ALTERNATIVE_WATER_RATE,再生水或其他替代水源占比,E,False,0,,,0,missing_candidate,extend_extraction_rules,2,related_fields_incomplete,,1,data/text/603097.SH/2025/annual_report.txt,False
277,19,3178,66.815972,114,218,104,True,1.0,1.0,0.273333,0.0,0.998264,1,0.984,603191.SH,望变电气,Q_E_ALTERNATIVE_WATER_RATE,再生水或其他替代水源占比,E,False,0,,,0,missing_candidate,extend_extraction_rules,2,related_fields_incomplete,,1,data/text/603191.SH/2025/annual_report.txt,False
278,19,3179,66.815972,170,292,122,True,1.0,1.0,0.273333,0.0,0.998264,1,0.984,603320.SH,迪贝电气,Q_E_ALTERNATIVE_WATER_RATE,再生水或其他替代水源占比,E,False,0,,,0,missing_candidate,extend_extraction_rules,2,related_fields_incomplete,,2,data/text/603320.SH/2025/annual_report.txt|data/text/603320.SH/2025/esg_report.txt,False
279,19,3180,66.815972,101,282,181,True,1.0,1.0,0.273333,0.0,0.998264,1,0.984,603393.SH,新天然气,Q_E_ALTERNATIVE_WATER_RATE,再生水或其他替代水源占比,E,False,0,,,0,missing_candidate,extend_extraction_rules,2,related_fields_incomplete,,1,data/text/603393.SH/2025/annual_report.txt,False
280,19,3181,66.815972,96,200,104,True,1.0,1.0,0.273333,0.0,0.998264,1,0.984,603507.SH,振江股份,Q_E_ALTERNATIVE_WATER_RATE,再生水或其他替代水源占比,E,False,0,,,0,missing_candidate,extend_extraction_rules,2,related_fields_incomplete,,2,data/text/603507.SH/2025/annual_report.txt|data/text/603507.SH/2025/esg_report.txt,False
281,19,3182,66.815972,149,264,115,True,1.0,1.0,0.273333,0.0,0.998264,1,0.984,603727.SH,博迈科,Q_E_ALTERNATIVE_WATER_RATE,再生水或其他替代水源占比,E,False,0,,,0,missing_candidate,extend_extraction_rules,2,related_fields_incomplete,,1,data/text/603727.SH/2025/annual_report.txt,False
282,19,3183,66.815972,197,342,145,True,1.0,1.0,0.273333,0.0,0.998264,1,0.984,603819.SH,神力股份,Q_E_ALTERNATIVE_WATER_RATE,再生水或其他替代水源占比,E,False,0,,,0,missing_candidate,extend_extraction_rules,2,related_fields_incomplete,,1,data/text/603819.SH/2025/annual_report.txt,False
283,19,3184,66.815972,163,273,110,True,1.0,1.0,0.273333,0.0,0.998264,1,0.984,605196.SH,华通线缆,Q_E_ALTERNATIVE_WATER_RATE,再生水或其他替代水源占比,E,False,0,,,0,missing_candidate,extend_extraction_rules,2,related_fields_incomplete,,2,data/text/605196.SH/2025/annual_report.txt|data/text/605196.SH/2025/esg_report.txt,False
284,19,3185,66.815972,151,250,99,True,1.0,0.99,0.283333,0.0,0.998264,1,1.02,605368.SH,蓝天燃气,Q_E_CLEAN_ENERGY_INTENSITY,绿色/可再生/清洁能源生产/使用强度,E,False,0,,,0,missing_candidate,extend_extraction_rules,2,related_fields_incomplete,,1,data/text/605368.SH/2025/annual_report.txt,False
285,19,3186,66.815972,120,221,101,True,1.0,1.0,0.273333,0.0,0.998264,1,0.984,688116.SH,天奈科技,Q_E_ALTERNATIVE_WATER_RATE,再生水或其他替代水源占比,E,False,0,,,0,missing_candidate,extend_extraction_rules,2,related_fields_incomplete,,2,data/text/688116.SH/2025/annual_report.txt|data/text/688116.SH/2025/esg_report.txt,False
286,19,3187,66.815972,188,455,267,True,1.0,1.0,0.273333,0.0,0.998264,1,0.984,688147.SH,微导纳米,Q_E_ALTERNATIVE_WATER_RATE,再生水或其他替代水源占比,E,False,0,,,0,missing_candidate,extend_extraction_rules,2,related_fields_incomplete,,1,data/text/688147.SH/2025/annual_report.txt,False
287,19,3188,66.815972,47,343,296,True,1.0,1.0,0.273333,0.0,0.998264,1,0.984,688303.SH,大全能源,Q_E_ALTERNATIVE_WATER_RATE,再生水或其他替代水源占比,E,False,0,,,0,missing_candidate,extend_extraction_rules,2,related_fields_incomplete,,2,data/text/688303.SH/2025/annual_report.txt|data/text/688303.SH/2025/esg_report.txt,False
288,19,3189,66.815972,108,224,116,True,1.0,1.0,0.273333,0.0,0.998264,1,0.984,688339.SH,亿华通,Q_E_ALTERNATIVE_WATER_RATE,再生水或其他替代水源占比,E,False,0,,,0,missing_candidate,extend_extraction_rules,2,related_fields_incomplete,,2,data/text/688339.SH/2025/annual_report.txt|data/text/688339.SH/2025/esg_report.txt,False
289,19,3190,66.815972,98,418,320,True,1.0,1.0,0.273333,0.0,0.998264,1,0.984,688349.SH,三一重能,Q_E_ALTERNATIVE_WATER_RATE,再生水或其他替代水源占比,E,False,0,,,0,missing_candidate,extend_extraction_rules,2,related_fields_incomplete,,1,data/text/688349.SH/2025/annual_report.txt,False
290,19,3191,66.815972,84,202,118,True,1.0,1.0,0.273333,0.0,0.998264,1,0.984,688599.SH,天合光能,Q_E_ALTERNATIVE_WATER_RATE,再生水或其他替代水源占比,E,False,0,,,0,missing_candidate,extend_extraction_rules,2,related_fields_incomplete,,2,data/text/688599.SH/2025/annual_report.txt|data/text/688599.SH/2025/esg_report.txt,False
291,19,3192,66.815972,91,245,154,True,1.0,1.0,0.273333,0.0,0.998264,1,0.984,688660.SH,电气风电,Q_E_ALTERNATIVE_WATER_RATE,再生水或其他替代水源占比,E,False,0,,,0,missing_candidate,extend_extraction_rules,2,related_fields_incomplete,,2,data/text/688660.SH/2025/annual_report.txt|data/text/688660.SH/2025/esg_report.txt,False
292,19,3193,66.815972,126,258,132,True,1.0,1.0,0.273333,0.0,0.998264,1,0.984,688663.SH,DR新风光,Q_E_ALTERNATIVE_WATER_RATE,再生水或其他替代水源占比,E,False,0,,,0,missing_candidate,extend_extraction_rules,2,related_fields_incomplete,,1,data/text/688663.SH/2025/annual_report.txt,False
293,19,3194,66.815972,189,328,139,True,1.0,1.0,0.273333,0.0,0.998264,1,0.984,688707.SH,振华新材,Q_E_ALTERNATIVE_WATER_RATE,再生水或其他替代水源占比,E,False,0,,,0,missing_candidate,extend_extraction_rules,2,related_fields_incomplete,,1,data/text/688707.SH/2025/annual_report.txt,False
294,19,3195,66.815972,188,305,117,True,1.0,1.0,0.273333,0.0,0.998264,1,0.984,688779.SH,五矿新能,Q_E_ALTERNATIVE_WATER_RATE,再生水或其他替代水源占比,E,False,0,,,0,missing_candidate,extend_extraction_rules,2,related_fields_incomplete,,1,data/text/688779.SH/2025/annual_report.txt,False
295,19,3196,66.815972,73,547,474,True,1.0,1.0,0.273333,0.0,0.998264,1,0.984,920010.BJ,凯添燃气,Q_E_ALTERNATIVE_WATER_RATE,再生水或其他替代水源占比,E,False,0,,,0,missing_candidate,extend_extraction_rules,2,related_fields_incomplete,,1,data/text/920010.BJ/2025/annual_report.txt,False
296,19,3197,66.815972,46,536,490,True,1.0,1.0,0.273333,0.0,0.998264,1,0.984,920046.BJ,亿能电力,Q_E_ALTERNATIVE_WATER_RATE,再生水或其他替代水源占比,E,False,0,,,0,missing_candidate,extend_extraction_rules,2,related_fields_incomplete,,1,data/text/920046.BJ/2025/annual_report.txt,False
297,19,3198,66.815972,172,485,313,True,1.0,1.0,0.273333,0.0,0.998264,1,0.984,920152.BJ,昆工科技,Q_E_ALTERNATIVE_WATER_RATE,再生水或其他替代水源占比,E,False,0,,,0,missing_candidate,extend_extraction_rules,2,related_fields_incomplete,,1,data/text/920152.BJ/2025/annual_report.txt,False
298,19,3199,66.815972,194,495,301,True,1.0,1.0,0.273333,0.0,0.998264,1,0.984,920239.BJ,长虹能源,Q_E_ALTERNATIVE_WATER_RATE,再生水或其他替代水源占比,E,False,0,,,0,missing_candidate,extend_extraction_rules,2,related_fields_incomplete,,1,data/text/920239.BJ/2025/annual_report.txt,False
299,19,3200,66.815972,3,513,510,True,1.0,1.0,0.273333,0.0,0.998264,1,0.984,920496.BJ,许昌智能,Q_E_ALTERNATIVE_WATER_RATE,再生水或其他替代水源占比,E,False,0,,,0,missing_candidate,extend_extraction_rules,2,related_fields_incomplete,,1,data/text/920496.BJ/2025/annual_report.txt,False
300,19,3201,66.815972,78,561,483,True,1.0,1.0,0.273333,0.0,0.998264,1,0.984,920523.BJ,德瑞锂电,Q_E_ALTERNATIVE_WATER_RATE,再生水或其他替代水源占比,E,False,0,,,0,missing_candidate,extend_extraction_rules,2,related_fields_incomplete,,1,data/text/920523.BJ/2025/annual_report.txt,False
301,19,3202,66.815972,186,520,334,True,1.0,1.0,0.273333,0.0,0.998264,1,0.984,920639.BJ,晨光电缆,Q_E_ALTERNATIVE_WATER_RATE,再生水或其他替代水源占比,E,False,0,,,0,missing_candidate,extend_extraction_rules,2,related_fields_incomplete,,1,data/text/920639.BJ/2025/annual_report.txt,False
302,19,3203,66.815972,102,489,387,True,1.0,1.0,0.273333,0.0,0.998264,1,0.984,920682.BJ,球冠电缆,Q_E_ALTERNATIVE_WATER_RATE,再生水或其他替代水源占比,E,False,0,,,0,missing_candidate,extend_extraction_rules,2,related_fields_incomplete,,1,data/text/920682.BJ/2025/annual_report.txt,False
303,19,3204,66.815972,70,538,468,True,1.0,1.0,0.273333,0.0,0.998264,1,0.984,920770.BJ,艾能聚,Q_E_ALTERNATIVE_WATER_RATE,再生水或其他替代水源占比,E,False,0,,,0,missing_candidate,extend_extraction_rules,2,related_fields_incomplete,,1,data/text/920770.BJ/2025/annual_report.txt,False
304,19,3205,66.815972,172,548,376,True,1.0,1.0,0.273333,0.0,0.998264,1,0.984,920779.BJ,武汉蓝电,Q_E_ALTERNATIVE_WATER_RATE,再生水或其他替代水源占比,E,False,0,,,0,missing_candidate,extend_extraction_rules,2,related_fields_incomplete,,1,data/text/920779.BJ/2025/annual_report.txt,False
305,19,3206,66.815972,187,490,303,True,1.0,1.0,0.273333,0.0,0.998264,1,0.984,920914.BJ,远航精密,Q_E_ALTERNATIVE_WATER_RATE,再生水或其他替代水源占比,E,False,0,,,0,missing_candidate,extend_extraction_rules,2,related_fields_incomplete,,1,data/text/920914.BJ/2025/annual_report.txt,False
306,19,3241,66.575776,73,199,126,False,0.980392,1.0,0.283333,0.0,0.998264,1,1.02,01250.HK,SDHS NEW ENERGY,Q_E_CLEAN_ENERGY_INTENSITY,绿色/可再生/清洁能源生产/使用强度,E,False,0,,,0,missing_candidate,extend_extraction_rules,2,related_fields_incomplete,,2,data/text/hkex_reports/01250.HK/2025/annual_report.txt|data/text/hkex_reports/01250.HK/2025/esg_report.txt,False
307,19,3242,66.575776,201,350,149,False,0.980392,1.0,0.283333,0.0,0.998264,1,1.02,300040.SZ,九洲集团,Q_E_CLEAN_ENERGY_INTENSITY,绿色/可再生/清洁能源生产/使用强度,E,False,0,,,0,missing_candidate,extend_extraction_rules,2,related_fields_incomplete,,1,data/text/300040.SZ/2025/annual_report.txt,False
308,19,3243,66.575776,30,199,169,False,0.980392,1.0,0.283333,0.0,0.998264,1,1.02,600821.SH,金开新能,Q_E_CLEAN_ENERGY_INTENSITY,绿色/可再生/清洁能源生产/使用强度,E,False,0,,,0,missing_candidate,extend_extraction_rules,2,related_fields_incomplete,,2,data/text/600821.SH/2025/annual_report.txt|data/text/600821.SH/2025/esg_report.txt,False
309,19,3244,66.565972,111,210,99,True,1.0,0.99,0.273333,0.0,0.998264,1,0.984,00968.HK,XINYI SOLAR,Q_E_ALTERNATIVE_WATER_RATE,再生水或其他替代水源占比,E,False,0,,,0,missing_candidate,extend_extraction_rules,2,related_fields_incomplete,,2,data/text/hkex_reports/00968.HK/2025/annual_report.txt|data/text/hkex_reports/00968.HK/2025/esg_report.txt,False
310,19,3245,66.565972,151,250,99,True,1.0,0.99,0.273333,0.0,0.998264,1,0.984,605368.SH,蓝天燃气,Q_E_ALTERNATIVE_WATER_RATE,再生水或其他替代水源占比,E,False,0,,,0,missing_candidate,extend_extraction_rules,2,related_fields_incomplete,,1,data/text/605368.SH/2025/annual_report.txt,False
311,19,3569,66.325776,73,199,126,False,0.980392,1.0,0.273333,0.0,0.998264,1,0.984,01250.HK,SDHS NEW ENERGY,Q_E_ALTERNATIVE_WATER_RATE,再生水或其他替代水源占比,E,False,0,,,0,missing_candidate,extend_extraction_rules,2,related_fields_incomplete,,2,data/text/hkex_reports/01250.HK/2025/annual_report.txt|data/text/hkex_reports/01250.HK/2025/esg_report.txt,False
312,19,3570,66.325776,201,350,149,False,0.980392,1.0,0.273333,0.0,0.998264,1,0.984,300040.SZ,九洲集团,Q_E_ALTERNATIVE_WATER_RATE,再生水或其他替代水源占比,E,False,0,,,0,missing_candidate,extend_extraction_rules,2,related_fields_incomplete,,1,data/text/300040.SZ/2025/annual_report.txt,False
313,19,3571,66.325776,30,199,169,False,0.980392,1.0,0.273333,0.0,0.998264,1,0.984,600821.SH,金开新能,Q_E_ALTERNATIVE_WATER_RATE,再生水或其他替代水源占比,E,False,0,,,0,missing_candidate,extend_extraction_rules,2,related_fields_incomplete,,2,data/text/600821.SH/2025/annual_report.txt|data/text/600821.SH/2025/esg_report.txt,False
314,19,3795,65.815972,176,271,95,True,1.0,0.95,0.283333,0.0,0.998264,1,1.02,600021.SH,上海电力,Q_E_CLEAN_ENERGY_INTENSITY,绿色/可再生/清洁能源生产/使用强度,E,False,0,,,0,missing_candidate,extend_extraction_rules,2,related_fields_incomplete,,1,data/text/600021.SH/2025/annual_report.txt,False
315,19,3796,65.815972,195,290,95,True,1.0,0.95,0.283333,0.0,0.998264,1,1.02,688429.SH,时创能源,Q_E_CLEAN_ENERGY_INTENSITY,绿色/可再生/清洁能源生产/使用强度,E,False,0,,,0,missing_candidate,extend_extraction_rules,2,related_fields_incomplete,,1,data/text/688429.SH/2025/annual_report.txt,False
316,19,3841,65.565972,176,271,95,True,1.0,0.95,0.273333,0.0,0.998264,1,0.984,600021.SH,上海电力,Q_E_ALTERNATIVE_WATER_RATE,再生水或其他替代水源占比,E,False,0,,,0,missing_candidate,extend_extraction_rules,2,related_fields_incomplete,,1,data/text/600021.SH/2025/annual_report.txt,False
317,19,3842,65.565972,195,290,95,True,1.0,0.95,0.273333,0.0,0.998264,1,0.984,688429.SH,时创能源,Q_E_ALTERNATIVE_WATER_RATE,再生水或其他替代水源占比,E,False,0,,,0,missing_candidate,extend_extraction_rules,2,related_fields_incomplete,,1,data/text/688429.SH/2025/annual_report.txt,False
318,19,4038,65.21412,90,196,106,False,0.925926,1.0,0.283333,0.0,0.998264,1,1.02,601727.SH,上海电气,Q_E_CLEAN_ENERGY_INTENSITY,绿色/可再生/清洁能源生产/使用强度,E,False,0,,,0,missing_candidate,extend_extraction_rules,2,related_fields_incomplete,,2,data/text/601727.SH/2025/annual_report.txt|data/text/601727.SH/2025/esg_report.txt,False
319,19,4081,64.96412,90,196,106,False,0.925926,1.0,0.273333,0.0,0.998264,1,0.984,601727.SH,上海电气,Q_E_ALTERNATIVE_WATER_RATE,再生水或其他替代水源占比,E,False,0,,,0,missing_candidate,extend_extraction_rules,2,related_fields_incomplete,,2,data/text/601727.SH/2025/annual_report.txt|data/text/601727.SH/2025/esg_report.txt,False
320,19,4220,64.065972,118,206,88,True,1.0,0.88,0.283333,0.0,0.998264,1,1.02,002249.SZ,大洋电机,Q_E_CLEAN_ENERGY_INTENSITY,绿色/可再生/清洁能源生产/使用强度,E,False,0,,,0,missing_candidate,extend_extraction_rules,2,related_fields_incomplete,,1,data/text/002249.SZ/2025/annual_report.txt,False
321,19,4221,64.065972,180,268,88,True,1.0,0.88,0.283333,0.0,0.998264,1,1.02,603829.SH,洛凯股份,Q_E_CLEAN_ENERGY_INTENSITY,绿色/可再生/清洁能源生产/使用强度,E,False,0,,,0,missing_candidate,extend_extraction_rules,2,related_fields_incomplete,,1,data/text/603829.SH/2025/annual_report.txt,False
322,19,4231,63.995797,207,354,147,False,0.877193,1.0,0.283333,0.0,0.998264,1,1.02,605222.SH,起帆电缆,Q_E_CLEAN_ENERGY_INTENSITY,绿色/可再生/清洁能源生产/使用强度,E,False,0,,,0,missing_candidate,extend_extraction_rules,2,related_fields_incomplete,,1,data/text/605222.SH/2025/annual_report.txt,False
323,19,4263,63.815972,118,206,88,True,1.0,0.88,0.273333,0.0,0.998264,1,0.984,002249.SZ,大洋电机,Q_E_ALTERNATIVE_WATER_RATE,再生水或其他替代水源占比,E,False,0,,,0,missing_candidate,extend_extraction_rules,2,related_fields_incomplete,,1,data/text/002249.SZ/2025/annual_report.txt,False
324,19,4265,63.815972,180,268,88,True,1.0,0.88,0.273333,0.0,0.998264,1,0.984,603829.SH,洛凯股份,Q_E_ALTERNATIVE_WATER_RATE,再生水或其他替代水源占比,E,False,0,,,0,missing_candidate,extend_extraction_rules,2,related_fields_incomplete,,1,data/text/603829.SH/2025/annual_report.txt,False
325,19,4272,63.745797,207,354,147,False,0.877193,1.0,0.273333,0.0,0.998264,1,0.984,605222.SH,起帆电缆,Q_E_ALTERNATIVE_WATER_RATE,再生水或其他替代水源占比,E,False,0,,,0,missing_candidate,extend_extraction_rules,2,related_fields_incomplete,,1,data/text/605222.SH/2025/annual_report.txt,False
326,19,4296,63.617696,208,326,118,False,0.862069,1.0,0.283333,0.0,0.998264,1,1.02,600617.SH,国新能源,Q_E_CLEAN_ENERGY_INTENSITY,绿色/可再生/清洁能源生产/使用强度,E,False,0,,,0,missing_candidate,extend_extraction_rules,2,related_fields_incomplete,,1,data/text/600617.SH/2025/annual_report.txt,False
327,19,4412,63.543245,100,195,95,False,0.909091,0.95,0.283333,0.0,0.998264,1,1.02,003035.SZ,南网能源,Q_E_CLEAN_ENERGY_INTENSITY,绿色/可再生/清洁能源生产/使用强度,E,False,0,,,0,missing_candidate,extend_extraction_rules,2,related_fields_incomplete,,1,data/text/003035.SZ/2025/annual_report.txt,False
328,19,4698,63.367696,208,326,118,False,0.862069,1.0,0.273333,0.0,0.998264,1,0.984,600617.SH,国新能源,Q_E_ALTERNATIVE_WATER_RATE,再生水或其他替代水源占比,E,False,0,,,0,missing_candidate,extend_extraction_rules,2,related_fields_incomplete,,1,data/text/600617.SH/2025/annual_report.txt,False
329,19,4714,63.293245,100,195,95,False,0.909091,0.95,0.273333,0.0,0.998264,1,0.984,003035.SZ,南网能源,Q_E_ALTERNATIVE_WATER_RATE,再生水或其他替代水源占比,E,False,0,,,0,missing_candidate,extend_extraction_rules,2,related_fields_incomplete,,1,data/text/003035.SZ/2025/annual_report.txt,False
330,19,4793,62.899306,210,385,175,False,0.833333,1.0,0.283333,0.0,0.998264,1,1.02,301002.SZ,崧盛股份,Q_E_CLEAN_ENERGY_INTENSITY,绿色/可再生/清洁能源生产/使用强度,E,False,0,,,0,missing_candidate,extend_extraction_rules,2,related_fields_incomplete,,1,data/text/301002.SZ/2025/annual_report.txt,False
331,19,4794,62.899306,82,190,108,False,0.833333,1.0,0.283333,0.0,0.998264,1,1.02,601615.SH,明阳智能,Q_E_CLEAN_ENERGY_INTENSITY,绿色/可再生/清洁能源生产/使用强度,E,False,0,,,0,missing_candidate,extend_extraction_rules,2,related_fields_incomplete,,2,data/text/601615.SH/2025/annual_report.txt|data/text/601615.SH/2025/esg_report.txt,False
332,19,4832,62.649306,210,385,175,False,0.833333,1.0,0.273333,0.0,0.998264,1,0.984,301002.SZ,崧盛股份,Q_E_ALTERNATIVE_WATER_RATE,再生水或其他替代水源占比,E,False,0,,,0,missing_candidate,extend_extraction_rules,2,related_fields_incomplete,,1,data/text/301002.SZ/2025/annual_report.txt,False
333,19,4833,62.649306,82,190,108,False,0.833333,1.0,0.273333,0.0,0.998264,1,0.984,601615.SH,明阳智能,Q_E_ALTERNATIVE_WATER_RATE,再生水或其他替代水源占比,E,False,0,,,0,missing_candidate,extend_extraction_rules,2,related_fields_incomplete,,2,data/text/601615.SH/2025/annual_report.txt|data/text/601615.SH/2025/esg_report.txt,False
334,19,4849,62.557776,211,448,237,False,0.819672,1.0,0.283333,0.0,0.998264,1,1.02,300490.SZ,华自科技,Q_E_CLEAN_ENERGY_INTENSITY,绿色/可再生/清洁能源生产/使用强度,E,False,0,,,0,missing_candidate,extend_extraction_rules,2,related_fields_incomplete,,1,data/text/300490.SZ/2025/annual_report.txt,False
335,19,4850,62.557776,211,373,162,False,0.819672,1.0,0.283333,0.0,0.998264,1,1.02,300853.SZ,申昊科技,Q_E_CLEAN_ENERGY_INTENSITY,绿色/可再生/清洁能源生产/使用强度,E,False,0,,,0,missing_candidate,extend_extraction_rules,2,related_fields_incomplete,,1,data/text/300853.SZ/2025/annual_report.txt,False
336,19,4851,62.557776,38,189,151,False,0.819672,1.0,0.283333,0.0,0.998264,1,1.02,603861.SH,白云电器,Q_E_CLEAN_ENERGY_INTENSITY,绿色/可再生/清洁能源生产/使用强度,E,False,0,,,0,missing_candidate,extend_extraction_rules,2,related_fields_incomplete,,2,data/text/603861.SH/2025/annual_report.txt|data/text/603861.SH/2025/esg_report.txt,False
337,19,5028,62.307776,211,448,237,False,0.819672,1.0,0.273333,0.0,0.998264,1,0.984,300490.SZ,华自科技,Q_E_ALTERNATIVE_WATER_RATE,再生水或其他替代水源占比,E,False,0,,,0,missing_candidate,extend_extraction_rules,2,related_fields_incomplete,,1,data/text/300490.SZ/2025/annual_report.txt,False
338,19,5029,62.307776,211,373,162,False,0.819672,1.0,0.273333,0.0,0.998264,1,0.984,300853.SZ,申昊科技,Q_E_ALTERNATIVE_WATER_RATE,再生水或其他替代水源占比,E,False,0,,,0,missing_candidate,extend_extraction_rules,2,related_fields_incomplete,,1,data/text/300853.SZ/2025/annual_report.txt,False
339,19,5030,62.307776,38,189,151,False,0.819672,1.0,0.273333,0.0,0.998264,1,0.984,603861.SH,白云电器,Q_E_ALTERNATIVE_WATER_RATE,再生水或其他替代水源占比,E,False,0,,,0,missing_candidate,extend_extraction_rules,2,related_fields_incomplete,,2,data/text/603861.SH/2025/annual_report.txt|data/text/603861.SH/2025/esg_report.txt,False
340,19,5046,62.227263,212,468,256,False,0.806452,1.0,0.283333,0.0,0.998264,1,1.02,00639.HK,SHOUGANG RES,Q_E_CLEAN_ENERGY_INTENSITY,绿色/可再生/清洁能源生产/使用强度,E,False,0,,,0,missing_candidate,extend_extraction_rules,2,related_fields_incomplete,,1,data/text/hkex_reports/00639.HK/2025/annual_report.txt,False
341,19,5047,62.227263,212,421,209,False,0.806452,1.0,0.283333,0.0,0.998264,1,1.02,603577.SH,汇金通,Q_E_CLEAN_ENERGY_INTENSITY,绿色/可再生/清洁能源生产/使用强度,E,False,0,,,0,missing_candidate,extend_extraction_rules,2,related_fields_incomplete,,1,data/text/603577.SH/2025/annual_report.txt,False
342,19,5076,62.065972,123,203,80,True,1.0,0.8,0.283333,0.0,0.998264,1,1.02,600726.SH,华电能源,Q_E_CLEAN_ENERGY_INTENSITY,绿色/可再生/清洁能源生产/使用强度,E,False,0,,,0,missing_candidate,extend_extraction_rules,2,related_fields_incomplete,,1,data/text/600726.SH/2025/annual_report.txt,False
343,19,5101,61.977263,212,468,256,False,0.806452,1.0,0.273333,0.0,0.998264,1,0.984,00639.HK,SHOUGANG RES,Q_E_ALTERNATIVE_WATER_RATE,再生水或其他替代水源占比,E,False,0,,,0,missing_candidate,extend_extraction_rules,2,related_fields_incomplete,,1,data/text/hkex_reports/00639.HK/2025/annual_report.txt,False
344,19,5102,61.977263,212,421,209,False,0.806452,1.0,0.273333,0.0,0.998264,1,0.984,603577.SH,汇金通,Q_E_ALTERNATIVE_WATER_RATE,再生水或其他替代水源占比,E,False,0,,,0,missing_candidate,extend_extraction_rules,2,related_fields_incomplete,,1,data/text/603577.SH/2025/annual_report.txt,False
345,19,5136,61.815972,123,203,80,True,1.0,0.8,0.273333,0.0,0.998264,1,0.984,600726.SH,华电能源,Q_E_ALTERNATIVE_WATER_RATE,再生水或其他替代水源占比,E,False,0,,,0,missing_candidate,extend_extraction_rules,2,related_fields_incomplete,,1,data/text/600726.SH/2025/annual_report.txt,False
346,19,5137,61.815972,130,209,79,True,1.0,0.79,0.283333,0.0,0.998264,1,1.02,603728.SH,鸣志电器,Q_E_CLEAN_ENERGY_INTENSITY,绿色/可再生/清洁能源生产/使用强度,E,False,0,,,0,missing_candidate,extend_extraction_rules,2,related_fields_incomplete,,1,data/text/603728.SH/2025/annual_report.txt,False
347,19,5339,61.597222,214,346,132,False,0.78125,1.0,0.283333,0.0,0.998264,1,1.02,600310.SH,广西能源,Q_E_CLEAN_ENERGY_INTENSITY,绿色/可再生/清洁能源生产/使用强度,E,False,0,,,0,missing_candidate,extend_extraction_rules,2,related_fields_incomplete,,1,data/text/600310.SH/2025/annual_report.txt,False
348,19,5344,61.565972,130,209,79,True,1.0,0.79,0.273333,0.0,0.998264,1,0.984,603728.SH,鸣志电器,Q_E_ALTERNATIVE_WATER_RATE,再生水或其他替代水源占比,E,False,0,,,0,missing_candidate,extend_extraction_rules,2,related_fields_incomplete,,1,data/text/603728.SH/2025/annual_report.txt,False
349,19,5385,61.347222,214,346,132,False,0.78125,1.0,0.273333,0.0,0.998264,1,0.984,600310.SH,广西能源,Q_E_ALTERNATIVE_WATER_RATE,再生水或其他替代水源占比,E,False,0,,,0,missing_candidate,extend_extraction_rules,2,related_fields_incomplete,,1,data/text/600310.SH/2025/annual_report.txt,False
350,19,5398,61.296741,215,406,191,False,0.769231,1.0,0.283333,0.0,0.998264,1,1.02,002986.SZ,宇新股份,Q_E_CLEAN_ENERGY_INTENSITY,绿色/可再生/清洁能源生产/使用强度,E,False,0,,,0,missing_candidate,extend_extraction_rules,2,related_fields_incomplete,,1,data/text/002986.SZ/2025/annual_report.txt,False
351,19,5399,61.296741,215,351,136,False,0.769231,1.0,0.283333,0.0,0.998264,1,1.02,688733.SH,壹石通,Q_E_CLEAN_ENERGY_INTENSITY,绿色/可再生/清洁能源生产/使用强度,E,False,0,,,0,missing_candidate,extend_extraction_rules,2,related_fields_incomplete,,1,data/text/688733.SH/2025/annual_report.txt,False
352,19,5531,61.065972,165,241,76,True,1.0,0.76,0.283333,0.0,0.998264,1,1.02,688516.SH,奥特维,Q_E_CLEAN_ENERGY_INTENSITY,绿色/可再生/清洁能源生产/使用强度,E,False,0,,,0,missing_candidate,extend_extraction_rules,2,related_fields_incomplete,,1,data/text/688516.SH/2025/annual_report.txt,False
353,19,5536,61.046741,215,406,191,False,0.769231,1.0,0.273333,0.0,0.998264,1,0.984,002986.SZ,宇新股份,Q_E_ALTERNATIVE_WATER_RATE,再生水或其他替代水源占比,E,False,0,,,0,missing_candidate,extend_extraction_rules,2,related_fields_incomplete,,1,data/text/002986.SZ/2025/annual_report.txt,False
354,19,5537,61.046741,215,351,136,False,0.769231,1.0,0.273333,0.0,0.998264,1,0.984,688733.SH,壹石通,Q_E_ALTERNATIVE_WATER_RATE,再生水或其他替代水源占比,E,False,0,,,0,missing_candidate,extend_extraction_rules,2,related_fields_incomplete,,1,data/text/688733.SH/2025/annual_report.txt,False
355,19,5545,61.005366,216,498,282,False,0.757576,1.0,0.283333,0.0,0.998264,1,1.02,00042.HK,NE ELECTRIC,Q_E_CLEAN_ENERGY_INTENSITY,绿色/可再生/清洁能源生产/使用强度,E,False,0,,,0,missing_candidate,extend_extraction_rules,2,related_fields_incomplete,,2,data/text/hkex_reports/00042.HK/2025/annual_report.txt|data/text/hkex_reports/00042.HK/2025/esg_report.txt,False
356,19,5573,60.815972,165,241,76,True,1.0,0.76,0.273333,0.0,0.998264,1,0.984,688516.SH,奥特维,Q_E_ALTERNATIVE_WATER_RATE,再生水或其他替代水源占比,E,False,0,,,0,missing_candidate,extend_extraction_rules,2,related_fields_incomplete,,1,data/text/688516.SH/2025/annual_report.txt,False
357,19,5581,60.755366,216,498,282,False,0.757576,1.0,0.273333,0.0,0.998264,1,0.984,00042.HK,NE ELECTRIC,Q_E_ALTERNATIVE_WATER_RATE,再生水或其他替代水源占比,E,False,0,,,0,missing_candidate,extend_extraction_rules,2,related_fields_incomplete,,2,data/text/hkex_reports/00042.HK/2025/annual_report.txt|data/text/hkex_reports/00042.HK/2025/esg_report.txt,False
358,19,5591,60.722689,217,429,212,False,0.746269,1.0,0.283333,0.0,0.998264,1,1.02,00295.HK,KONG SUN HOLD,Q_E_CLEAN_ENERGY_INTENSITY,绿色/可再生/清洁能源生产/使用强度,E,False,0,,,0,missing_candidate,extend_extraction_rules,2,related_fields_incomplete,,1,data/text/hkex_reports/00295.HK/2025/annual_report.txt,False
359,19,5592,60.722689,217,365,148,False,0.746269,1.0,0.283333,0.0,0.998264,1,1.02,300407.SZ,凯发电气,Q_E_CLEAN_ENERGY_INTENSITY,绿色/可再生/清洁能源生产/使用强度,E,False,0,,,0,missing_candidate,extend_extraction_rules,2,related_fields_incomplete,,1,data/text/300407.SZ/2025/annual_report.txt,False
360,19,5593,60.722689,71,183,112,False,0.746269,1.0,0.283333,0.0,0.998264,1,1.02,600438.SH,通威股份,Q_E_CLEAN_ENERGY_INTENSITY,绿色/可再生/清洁能源生产/使用强度,E,False,0,,,0,missing_candidate,extend_extraction_rules,2,related_fields_incomplete,,2,data/text/600438.SH/2025/annual_report.txt|data/text/600438.SH/2025/esg_report.txt,False
361,19,5594,60.722689,217,323,106,False,0.746269,1.0,0.283333,0.0,0.998264,1,1.02,603988.SH,中电电机,Q_E_CLEAN_ENERGY_INTENSITY,绿色/可再生/清洁能源生产/使用强度,E,False,0,,,0,missing_candidate,extend_extraction_rules,2,related_fields_incomplete,,1,data/text/603988.SH/2025/annual_report.txt,False
362,19,5614,60.565972,150,224,74,True,1.0,0.74,0.283333,0.0,0.998264,1,1.02,000690.SZ,宝新能源,Q_E_CLEAN_ENERGY_INTENSITY,绿色/可再生/清洁能源生产/使用强度,E,False,0,,,0,missing_candidate,extend_extraction_rules,2,related_fields_incomplete,,2,data/text/000690.SZ/2025/annual_report.txt|data/text/000690.SZ/2025/esg_report.txt,False
363,19,5615,60.565972,141,215,74,True,1.0,0.74,0.283333,0.0,0.998264,1,1.02,600577.SH,精达股份,Q_E_CLEAN_ENERGY_INTENSITY,绿色/可再生/清洁能源生产/使用强度,E,False,0,,,0,missing_candidate,extend_extraction_rules,2,related_fields_incomplete,,1,data/text/600577.SH/2025/annual_report.txt,False
364,19,5636,60.472689,217,429,212,False,0.746269,1.0,0.273333,0.0,0.998264,1,0.984,00295.HK,KONG SUN HOLD,Q_E_ALTERNATIVE_WATER_RATE,再生水或其他替代水源占比,E,False,0,,,0,missing_candidate,extend_extraction_rules,2,related_fields_incomplete,,1,data/text/hkex_reports/00295.HK/2025/annual_report.txt,False
365,19,5637,60.472689,217,365,148,False,0.746269,1.0,0.273333,0.0,0.998264,1,0.984,300407.SZ,凯发电气,Q_E_ALTERNATIVE_WATER_RATE,再生水或其他替代水源占比,E,False,0,,,0,missing_candidate,extend_extraction_rules,2,related_fields_incomplete,,1,data/text/300407.SZ/2025/annual_report.txt,False
366,19,5638,60.472689,71,183,112,False,0.746269,1.0,0.273333,0.0,0.998264,1,0.984,600438.SH,通威股份,Q_E_ALTERNATIVE_WATER_RATE,再生水或其他替代水源占比,E,False,0,,,0,missing_candidate,extend_extraction_rules,2,possible_direct_alternative_water_rate,替代水源用水量占比1 %,2,data/text/600438.SH/2025/annual_report.txt|data/text/600438.SH/2025/esg_report.txt,False
367,19,5639,60.472689,217,323,106,False,0.746269,1.0,0.273333,0.0,0.998264,1,0.984,603988.SH,中电电机,Q_E_ALTERNATIVE_WATER_RATE,再生水或其他替代水源占比,E,False,0,,,0,missing_candidate,extend_extraction_rules,2,related_fields_incomplete,,1,data/text/603988.SH/2025/annual_report.txt,False
368,19,5642,60.448325,28,182,154,False,0.735294,1.0,0.283333,0.0,0.998264,1,1.02,600780.SH,XD通宝能,Q_E_CLEAN_ENERGY_INTENSITY,绿色/可再生/清洁能源生产/使用强度,E,False,0,,,0,missing_candidate,extend_extraction_rules,2,related_fields_incomplete,,2,data/text/600780.SH/2025/annual_report.txt|data/text/600780.SH/2025/esg_report.txt,False
369,19,5753,60.315972,150,224,74,True,1.0,0.74,0.273333,0.0,0.998264,1,0.984,000690.SZ,宝新能源,Q_E_ALTERNATIVE_WATER_RATE,再生水或其他替代水源占比,E,False,0,,,0,missing_candidate,extend_extraction_rules,2,related_fields_incomplete,,2,data/text/000690.SZ/2025/annual_report.txt|data/text/000690.SZ/2025/esg_report.txt,False
370,19,5754,60.315972,190,263,73,True,1.0,0.73,0.283333,0.0,0.998264,1,1.02,300514.SZ,友讯达,Q_E_CLEAN_ENERGY_INTENSITY,绿色/可再生/清洁能源生产/使用强度,E,False,0,,,0,missing_candidate,extend_extraction_rules,2,related_fields_incomplete,,1,data/text/300514.SZ/2025/annual_report.txt,False
371,19,5755,60.315972,141,215,74,True,1.0,0.74,0.273333,0.0,0.998264,1,0.984,600577.SH,精达股份,Q_E_ALTERNATIVE_WATER_RATE,再生水或其他替代水源占比,E,False,0,,,0,missing_candidate,extend_extraction_rules,2,related_fields_incomplete,,1,data/text/600577.SH/2025/annual_report.txt,False
372,19,5774,60.198325,28,182,154,False,0.735294,1.0,0.273333,0.0,0.998264,1,0.984,600780.SH,XD通宝能,Q_E_ALTERNATIVE_WATER_RATE,再生水或其他替代水源占比,E,False,0,,,0,missing_candidate,extend_extraction_rules,2,related_fields_incomplete,,2,data/text/600780.SH/2025/annual_report.txt|data/text/600780.SH/2025/esg_report.txt,False
373,19,5778,60.181914,219,488,269,False,0.724638,1.0,0.283333,0.0,0.998264,1,1.02,601898.SH,中煤能源,Q_E_CLEAN_ENERGY_INTENSITY,绿色/可再生/清洁能源生产/使用强度,E,False,0,,,0,missing_candidate,extend_extraction_rules,2,related_fields_incomplete,,1,data/text/601898.SH/2025/annual_report.txt,False
374,19,5806,60.097222,214,308,94,False,0.78125,0.94,0.283333,0.0,0.998264,1,1.02,300648.SZ,星云股份,Q_E_CLEAN_ENERGY_INTENSITY,绿色/可再生/清洁能源生产/使用强度,E,False,0,,,0,missing_candidate,extend_extraction_rules,2,related_fields_incomplete,,1,data/text/300648.SZ/2025/annual_report.txt,False
375,19,5809,60.065972,190,263,73,True,1.0,0.73,0.273333,0.0,0.998264,1,0.984,300514.SZ,友讯达,Q_E_ALTERNATIVE_WATER_RATE,再生水或其他替代水源占比,E,False,0,,,0,missing_candidate,extend_extraction_rules,2,related_fields_incomplete,,1,data/text/300514.SZ/2025/annual_report.txt,False
376,19,5833,59.931914,219,488,269,False,0.724638,1.0,0.273333,0.0,0.998264,1,0.984,601898.SH,中煤能源,Q_E_ALTERNATIVE_WATER_RATE,再生水或其他替代水源占比,E,False,0,,,0,missing_candidate,extend_extraction_rules,2,related_fields_incomplete,,1,data/text/601898.SH/2025/annual_report.txt,False
377,19,5836,59.923115,38,180,142,False,0.714286,1.0,0.283333,0.0,0.998264,1,1.02,600803.SH,新奥股份,Q_E_CLEAN_ENERGY_INTENSITY,绿色/可再生/清洁能源生产/使用强度,E,False,0,,,0,missing_candidate,extend_extraction_rules,2,related_fields_incomplete,,2,data/text/600803.SH/2025/annual_report.txt|data/text/600803.SH/2025/esg_report.txt,False
378,19,5837,59.923115,80,180,100,False,0.714286,1.0,0.283333,0.0,0.998264,1,1.02,688006.SH,杭可科技,Q_E_CLEAN_ENERGY_INTENSITY,绿色/可再生/清洁能源生产/使用强度,E,False,0,,,0,missing_candidate,extend_extraction_rules,2,related_fields_incomplete,,2,data/text/688006.SH/2025/annual_report.txt|data/text/688006.SH/2025/esg_report.txt,False
379,19,5846,59.847222,214,308,94,False,0.78125,0.94,0.273333,0.0,0.998264,1,0.984,300648.SZ,星云股份,Q_E_ALTERNATIVE_WATER_RATE,再生水或其他替代水源占比,E,False,0,,,0,missing_candidate,extend_extraction_rules,2,related_fields_incomplete,,1,data/text/300648.SZ/2025/annual_report.txt,False
380,19,5949,59.673115,38,180,142,False,0.714286,1.0,0.273333,0.0,0.998264,1,0.984,600803.SH,新奥股份,Q_E_ALTERNATIVE_WATER_RATE,再生水或其他替代水源占比,E,False,0,,,0,missing_candidate,extend_extraction_rules,2,related_fields_incomplete,,2,data/text/600803.SH/2025/annual_report.txt|data/text/600803.SH/2025/esg_report.txt,False
381,19,5950,59.673115,80,180,100,False,0.714286,1.0,0.273333,0.0,0.998264,1,0.984,688006.SH,杭可科技,Q_E_ALTERNATIVE_WATER_RATE,再生水或其他替代水源占比,E,False,0,,,0,missing_candidate,extend_extraction_rules,2,related_fields_incomplete,,2,data/text/688006.SH/2025/annual_report.txt|data/text/688006.SH/2025/esg_report.txt,False
382,19,5951,59.671606,221,414,193,False,0.704225,1.0,0.283333,0.0,0.998264,1,1.02,002801.SZ,微光股份,Q_E_CLEAN_ENERGY_INTENSITY,绿色/可再生/清洁能源生产/使用强度,E,False,0,,,0,missing_candidate,extend_extraction_rules,2,related_fields_incomplete,,1,data/text/002801.SZ/2025/annual_report.txt,False
383,19,5952,59.671606,221,505,284,False,0.704225,1.0,0.283333,0.0,0.998264,1,1.02,920375.BJ,派诺科技,Q_E_CLEAN_ENERGY_INTENSITY,绿色/可再生/清洁能源生产/使用强度,E,False,0,,,0,missing_candidate,extend_extraction_rules,2,related_fields_incomplete,,1,data/text/920375.BJ/2025/annual_report.txt,False
384,19,6052,59.565972,167,237,70,True,1.0,0.7,0.283333,0.0,0.998264,1,1.02,601669.SH,中国电建,Q_E_CLEAN_ENERGY_INTENSITY,绿色/可再生/清洁能源生产/使用强度,E,False,0,,,0,missing_candidate,extend_extraction_rules,2,related_fields_incomplete,,1,data/text/601669.SH/2025/annual_report.txt,False
385,19,6088,59.427083,50,178,128,False,0.694444,1.0,0.283333,0.0,0.998264,1,1.02,605162.SH,新中港,Q_E_CLEAN_ENERGY_INTENSITY,绿色/可再生/清洁能源生产/使用强度,E,False,0,,,0,missing_candidate,extend_extraction_rules,2,related_fields_incomplete,,2,data/text/605162.SH/2025/annual_report.txt|data/text/605162.SH/2025/esg_report.txt,False
386,19,6093,59.421606,221,414,193,False,0.704225,1.0,0.273333,0.0,0.998264,1,0.984,002801.SZ,微光股份,Q_E_ALTERNATIVE_WATER_RATE,再生水或其他替代水源占比,E,False,0,,,0,missing_candidate,extend_extraction_rules,2,related_fields_incomplete,,1,data/text/002801.SZ/2025/annual_report.txt,False
387,19,6094,59.421606,221,505,284,False,0.704225,1.0,0.273333,0.0,0.998264,1,0.984,920375.BJ,派诺科技,Q_E_ALTERNATIVE_WATER_RATE,再生水或其他替代水源占比,E,False,0,,,0,missing_candidate,extend_extraction_rules,2,related_fields_incomplete,,1,data/text/920375.BJ/2025/annual_report.txt,False
388,19,6108,59.315972,167,237,70,True,1.0,0.7,0.273333,0.0,0.998264,1,0.984,601669.SH,中国电建,Q_E_ALTERNATIVE_WATER_RATE,再生水或其他替代水源占比,E,False,0,,,0,missing_candidate,extend_extraction_rules,2,related_fields_incomplete,,1,data/text/601669.SH/2025/annual_report.txt,False
389,19,6121,59.177083,50,178,128,False,0.694444,1.0,0.273333,0.0,0.998264,1,0.984,605162.SH,新中港,Q_E_ALTERNATIVE_WATER_RATE,再生水或其他替代水源占比,E,False,0,,,0,missing_candidate,extend_extraction_rules,2,related_fields_incomplete,,2,data/text/605162.SH/2025/annual_report.txt|data/text/605162.SH/2025/esg_report.txt,False
390,19,6301,59.065972,181,249,68,True,1.0,0.68,0.283333,0.0,0.998264,1,1.02,603050.SH,科林电气,Q_E_CLEAN_ENERGY_INTENSITY,绿色/可再生/清洁能源生产/使用强度,E,False,0,,,0,missing_candidate,extend_extraction_rules,2,related_fields_incomplete,,1,data/text/603050.SH/2025/annual_report.txt,False
391,19,6440,58.815972,181,249,68,True,1.0,0.68,0.273333,0.0,0.998264,1,0.984,603050.SH,科林电气,Q_E_ALTERNATIVE_WATER_RATE,再生水或其他替代水源占比,E,False,0,,,0,missing_candidate,extend_extraction_rules,2,related_fields_incomplete,,1,data/text/603050.SH/2025/annual_report.txt,False
392,19,6441,58.815972,200,267,67,True,1.0,0.67,0.283333,0.0,0.998264,1,1.02,688616.SH,西力科技,Q_E_CLEAN_ENERGY_INTENSITY,绿色/可再生/清洁能源生产/使用强度,E,False,0,,,0,missing_candidate,extend_extraction_rules,2,related_fields_incomplete,,1,data/text/688616.SH/2025/annual_report.txt,False
393,19,6452,58.732639,225,334,109,False,0.666667,1.0,0.283333,0.0,0.998264,1,1.02,603628.SH,清源股份,Q_E_CLEAN_ENERGY_INTENSITY,绿色/可再生/清洁能源生产/使用强度,E,False,0,,,0,missing_candidate,extend_extraction_rules,2,related_fields_incomplete,,1,data/text/603628.SH/2025/annual_report.txt,False
394,19,6473,58.637401,206,283,77,False,0.892857,0.77,0.283333,0.0,0.998264,1,1.02,002953.SZ,日丰股份,Q_E_CLEAN_ENERGY_INTENSITY,绿色/可再生/清洁能源生产/使用强度,E,False,0,,,0,missing_candidate,extend_extraction_rules,2,related_fields_incomplete,,1,data/text/002953.SZ/2025/annual_report.txt,False
395,19,6486,58.565972,200,267,67,True,1.0,0.67,0.273333,0.0,0.998264,1,0.984,688616.SH,西力科技,Q_E_ALTERNATIVE_WATER_RATE,再生水或其他替代水源占比,E,False,0,,,0,missing_candidate,extend_extraction_rules,2,related_fields_incomplete,,1,data/text/688616.SH/2025/annual_report.txt,False
396,19,6589,58.513341,49,174,125,False,0.657895,1.0,0.283333,0.0,0.998264,1,1.02,600163.SH,中闽能源,Q_E_CLEAN_ENERGY_INTENSITY,绿色/可再生/清洁能源生产/使用强度,E,False,0,,,0,missing_candidate,extend_extraction_rules,2,related_fields_incomplete,,2,data/text/600163.SH/2025/annual_report.txt|data/text/600163.SH/2025/esg_report.txt,False
397,19,6592,58.482639,225,334,109,False,0.666667,1.0,0.273333,0.0,0.998264,1,0.984,603628.SH,清源股份,Q_E_ALTERNATIVE_WATER_RATE,再生水或其他替代水源占比,E,False,0,,,0,missing_candidate,extend_extraction_rules,2,related_fields_incomplete,,1,data/text/603628.SH/2025/annual_report.txt,False
398,19,6601,58.387401,206,283,77,False,0.892857,0.77,0.273333,0.0,0.998264,1,0.984,002953.SZ,日丰股份,Q_E_ALTERNATIVE_WATER_RATE,再生水或其他替代水源占比,E,False,0,,,0,missing_candidate,extend_extraction_rules,2,related_fields_incomplete,,1,data/text/002953.SZ/2025/annual_report.txt,False
399,19,6613,58.315972,144,209,65,True,1.0,0.65,0.283333,0.0,0.998264,1,1.02,600256.SH,广汇能源,Q_E_CLEAN_ENERGY_INTENSITY,绿色/可再生/清洁能源生产/使用强度,E,False,0,,,0,missing_candidate,extend_extraction_rules,2,related_fields_incomplete,,2,data/text/600256.SH/2025/annual_report.txt|data/text/600256.SH/2025/esg_report.txt,False
400,19,6626,58.263341,49,174,125,False,0.657895,1.0,0.273333,0.0,0.998264,1,0.984,600163.SH,中闽能源,Q_E_ALTERNATIVE_WATER_RATE,再生水或其他替代水源占比,E,False,0,,,0,missing_candidate,extend_extraction_rules,2,related_fields_incomplete,,2,data/text/600163.SH/2025/annual_report.txt|data/text/600163.SH/2025/esg_report.txt,False
401,19,6660,58.065972,144,209,65,True,1.0,0.65,0.273333,0.0,0.998264,1,0.984,600256.SH,广汇能源,Q_E_ALTERNATIVE_WATER_RATE,再生水或其他替代水源占比,E,False,0,,,0,missing_candidate,extend_extraction_rules,2,related_fields_incomplete,,2,data/text/600256.SH/2025/annual_report.txt|data/text/600256.SH/2025/esg_report.txt,False
402,19,6661,58.065972,145,209,64,True,1.0,0.64,0.283333,0.0,0.998264,1,1.02,600580.SH,卧龙电驱,Q_E_CLEAN_ENERGY_INTENSITY,绿色/可再生/清洁能源生产/使用强度,E,False,0,,,0,missing_candidate,extend_extraction_rules,2,related_fields_incomplete,,1,data/text/600580.SH/2025/annual_report.txt,False
403,19,6752,57.888757,229,417,188,False,0.632911,1.0,0.283333,0.0,0.998264,1,1.02,002851.SZ,麦格米特,Q_E_CLEAN_ENERGY_INTENSITY,绿色/可再生/清洁能源生产/使用强度,E,False,0,,,0,missing_candidate,extend_extraction_rules,2,related_fields_incomplete,,1,data/text/002851.SZ/2025/annual_report.txt,False
404,19,6753,57.888757,62,171,109,False,0.632911,1.0,0.283333,0.0,0.998264,1,1.02,300880.SZ,迦南智能,Q_E_CLEAN_ENERGY_INTENSITY,绿色/可再生/清洁能源生产/使用强度,E,False,0,,,0,missing_candidate,extend_extraction_rules,2,related_fields_incomplete,,2,data/text/300880.SZ/2025/annual_report.txt|data/text/300880.SZ/2025/esg_report.txt,False
405,19,6763,57.815972,145,209,64,True,1.0,0.64,0.273333,0.0,0.998264,1,0.984,600580.SH,卧龙电驱,Q_E_ALTERNATIVE_WATER_RATE,再生水或其他替代水源占比,E,False,0,,,0,missing_candidate,extend_extraction_rules,2,related_fields_incomplete,,1,data/text/600580.SH/2025/annual_report.txt,False
406,19,6764,57.815972,164,227,63,True,1.0,0.63,0.283333,0.0,0.998264,1,1.02,600268.SH,国电南自,Q_E_CLEAN_ENERGY_INTENSITY,绿色/可再生/清洁能源生产/使用强度,E,False,0,,,0,missing_candidate,extend_extraction_rules,2,related_fields_incomplete,,1,data/text/600268.SH/2025/annual_report.txt,False
407,19,6783,57.71412,204,274,70,False,0.925926,0.7,0.283333,0.0,0.998264,1,1.02,600152.SH,维科技术,Q_E_CLEAN_ENERGY_INTENSITY,绿色/可再生/清洁能源生产/使用强度,E,False,0,,,0,missing_candidate,extend_extraction_rules,2,related_fields_incomplete,,1,data/text/600152.SH/2025/annual_report.txt,False
408,19,6787,57.690972,24,170,146,False,0.625,1.0,0.283333,0.0,0.998264,1,1.02,600732.SH,爱旭股份,Q_E_CLEAN_ENERGY_INTENSITY,绿色/可再生/清洁能源生产/使用强度,E,False,0,,,0,missing_candidate,extend_extraction_rules,2,possible_clean_energy_revenue_closure,"万元、亿元 指 人民币元、人民币万元、人民币亿元，中国法定流通货币单位 报告期 指 2025 年 1 月 1 日至 2025 年 12 月 31 日 6 / 237 === PAGE 7 === 上海爱旭新能源股份有限公司（600732） 2025 年年度报告 第二节 公司简介和主要财务指标 一 、 公司信息 公司的中文名称 上海爱旭新能源股份有限公司 公司的中文简称 爱旭股份 公司的外文名称 Shanghai Aiko Solar Energy Co., Ltd. 公司的外文名称缩写 Aiko Solar 公司的法定代表人 陈刚 二、 联系人和联系方式 董事会秘书 证券事务代表 姓名 李斌 范守猛 联系地址 浙江省义乌市苏溪镇好派路699号 浙江省义乌市苏溪镇好派路699号 电话 0579-85912509 0579-85912509 传真 0579-85912509 0579-85912509 电子信箱 IR@aikosolar.com IR@aikosolar.com 三、 基本情况简介 公司注册地址 上海市浦东新区秋月路26号4幢201-1室 公司注册地址的历史变更情况 19",2,data/text/600732.SH/2025/annual_report.txt|data/text/600732.SH/2025/esg_report.txt,False
409,19,6788,57.690972,230,530,300,False,0.625,1.0,0.283333,0.0,0.998264,1,1.02,920627.BJ,力王股份,Q_E_CLEAN_ENERGY_INTENSITY,绿色/可再生/清洁能源生产/使用强度,E,False,0,,,0,missing_candidate,extend_extraction_rules,2,related_fields_incomplete,,1,data/text/920627.BJ/2025/annual_report.txt,False
410,19,6864,57.638757,229,417,188,False,0.632911,1.0,0.273333,0.0,0.998264,1,0.984,002851.SZ,麦格米特,Q_E_ALTERNATIVE_WATER_RATE,再生水或其他替代水源占比,E,False,0,,,0,missing_candidate,extend_extraction_rules,2,related_fields_incomplete,,1,data/text/002851.SZ/2025/annual_report.txt,False
411,19,6865,57.638757,62,171,109,False,0.632911,1.0,0.273333,0.0,0.998264,1,0.984,300880.SZ,迦南智能,Q_E_ALTERNATIVE_WATER_RATE,再生水或其他替代水源占比,E,False,0,,,0,missing_candidate,extend_extraction_rules,2,related_fields_incomplete,,2,data/text/300880.SZ/2025/annual_report.txt|data/text/300880.SZ/2025/esg_report.txt,False
412,19,6878,57.565972,164,227,63,True,1.0,0.63,0.273333,0.0,0.998264,1,0.984,600268.SH,国电南自,Q_E_ALTERNATIVE_WATER_RATE,再生水或其他替代水源占比,E,False,0,,,0,missing_candidate,extend_extraction_rules,2,related_fields_incomplete,,1,data/text/600268.SH/2025/annual_report.txt,False
413,19,6879,57.565972,171,233,62,True,1.0,0.62,0.283333,0.0,0.998264,1,1.02,688191.SH,智洋创新,Q_E_CLEAN_ENERGY_INTENSITY,绿色/可再生/清洁能源生产/使用强度,E,False,0,,,0,missing_candidate,extend_extraction_rules,2,related_fields_incomplete,,1,data/text/688191.SH/2025/annual_report.txt,False
414,19,6900,57.46412,204,274,70,False,0.925926,0.7,0.273333,0.0,0.998264,1,0.984,600152.SH,维科技术,Q_E_ALTERNATIVE_WATER_RATE,再生水或其他替代水源占比,E,False,0,,,0,missing_candidate,extend_extraction_rules,2,related_fields_incomplete,,1,data/text/600152.SH/2025/annual_report.txt,False
415,19,6906,57.440972,24,170,146,False,0.625,1.0,0.273333,0.0,0.998264,1,0.984,600732.SH,爱旭股份,Q_E_ALTERNATIVE_WATER_RATE,再生水或其他替代水源占比,E,False,0,,,0,missing_candidate,extend_extraction_rules,2,possible_direct_alternative_water_rate,替代水源使用占比达 37.41%,2,data/text/600732.SH/2025/annual_report.txt|data/text/600732.SH/2025/esg_report.txt,False
416,19,6907,57.440972,230,530,300,False,0.625,1.0,0.273333,0.0,0.998264,1,0.984,920627.BJ,力王股份,Q_E_ALTERNATIVE_WATER_RATE,再生水或其他替代水源占比,E,False,0,,,0,missing_candidate,extend_extraction_rules,2,related_fields_incomplete,,1,data/text/920627.BJ/2025/annual_report.txt,False
417,19,6930,57.315972,181,242,61,True,1.0,0.61,0.283333,0.0,0.998264,1,1.02,002270.SZ,华明装备,Q_E_CLEAN_ENERGY_INTENSITY,绿色/可再生/清洁能源生产/使用强度,E,False,0,,,0,missing_candidate,extend_extraction_rules,2,related_fields_incomplete,,1,data/text/002270.SZ/2025/annual_report.txt,False
418,19,6931,57.315972,168,229,61,True,1.0,0.61,0.283333,0.0,0.998264,1,1.02,600116.SH,三峡水利,Q_E_CLEAN_ENERGY_INTENSITY,绿色/可再生/清洁能源生产/使用强度,E,False,0,,,0,missing_candidate,extend_extraction_rules,2,related_fields_incomplete,,1,data/text/600116.SH/2025/annual_report.txt,False
419,19,6932,57.315972,171,233,62,True,1.0,0.62,0.273333,0.0,0.998264,1,0.984,688191.SH,智洋创新,Q_E_ALTERNATIVE_WATER_RATE,再生水或其他替代水源占比,E,False,0,,,0,missing_candidate,extend_extraction_rules,2,related_fields_incomplete,,1,data/text/688191.SH/2025/annual_report.txt,False
420,19,6933,57.309875,232,342,110,False,0.609756,1.0,0.283333,0.0,0.998264,1,1.02,600478.SH,科力远,Q_E_CLEAN_ENERGY_INTENSITY,绿色/可再生/清洁能源生产/使用强度,E,False,0,,,0,missing_candidate,extend_extraction_rules,2,related_fields_incomplete,,1,data/text/600478.SH/2025/annual_report.txt,False
421,19,7027,57.126213,233,491,258,False,0.60241,1.0,0.283333,0.0,0.998264,1,1.02,00689.HK,EPI (HOLDINGS),Q_E_CLEAN_ENERGY_INTENSITY,绿色/可再生/清洁能源生产/使用强度,E,False,0,,,0,missing_candidate,extend_extraction_rules,2,related_fields_incomplete,,1,data/text/hkex_reports/00689.HK/2025/annual_report.txt,False
422,19,7040,57.065972,178,238,60,True,1.0,0.6,0.283333,0.0,0.998264,1,1.02,000155.SZ,川能动力,Q_E_CLEAN_ENERGY_INTENSITY,绿色/可再生/清洁能源生产/使用强度,E,False,0,,,0,missing_candidate,extend_extraction_rules,2,related_fields_incomplete,,1,data/text/000155.SZ/2025/annual_report.txt,False
423,19,7041,57.065972,181,242,61,True,1.0,0.61,0.273333,0.0,0.998264,1,0.984,002270.SZ,华明装备,Q_E_ALTERNATIVE_WATER_RATE,再生水或其他替代水源占比,E,False,0,,,0,missing_candidate,extend_extraction_rules,2,related_fields_incomplete,,1,data/text/002270.SZ/2025/annual_report.txt,False
424,19,7042,57.065972,168,229,61,True,1.0,0.61,0.273333,0.0,0.998264,1,0.984,600116.SH,三峡水利,Q_E_ALTERNATIVE_WATER_RATE,再生水或其他替代水源占比,E,False,0,,,0,missing_candidate,extend_extraction_rules,2,related_fields_incomplete,,1,data/text/600116.SH/2025/annual_report.txt,False
425,19,7044,57.065972,194,254,60,True,1.0,0.6,0.283333,0.0,0.998264,1,1.02,600475.SH,华光环能,Q_E_CLEAN_ENERGY_INTENSITY,绿色/可再生/清洁能源生产/使用强度,E,False,0,,,0,missing_candidate,extend_extraction_rules,2,related_fields_incomplete,,1,data/text/600475.SH/2025/annual_report.txt,False
426,19,7045,57.065972,174,234,60,True,1.0,0.6,0.283333,0.0,0.998264,1,1.02,601918.SH,新集能源,Q_E_CLEAN_ENERGY_INTENSITY,绿色/可再生/清洁能源生产/使用强度,E,False,0,,,0,missing_candidate,extend_extraction_rules,2,related_fields_incomplete,,2,data/text/601918.SH/2025/annual_report.txt|data/text/601918.SH/2025/esg_report.txt,False
427,19,7046,57.059875,232,342,110,False,0.609756,1.0,0.273333,0.0,0.998264,1,0.984,600478.SH,科力远,Q_E_ALTERNATIVE_WATER_RATE,再生水或其他替代水源占比,E,False,0,,,0,missing_candidate,extend_extraction_rules,2,related_fields_incomplete,,1,data/text/600478.SH/2025/annual_report.txt,False
428,19,7048,57.049738,78,173,95,False,0.649351,0.95,0.283333,0.0,0.998264,1,1.02,603693.SH,江苏新能,Q_E_CLEAN_ENERGY_INTENSITY,绿色/可再生/清洁能源生产/使用强度,E,False,0,,,0,missing_candidate,extend_extraction_rules,2,related_fields_incomplete,,2,data/text/603693.SH/2025/annual_report.txt|data/text/603693.SH/2025/esg_report.txt,False
429,19,7065,56.96412,129,196,67,False,0.925926,0.67,0.283333,0.0,0.998264,1,1.02,688681.SH,科汇股份,Q_E_CLEAN_ENERGY_INTENSITY,绿色/可再生/清洁能源生产/使用强度,E,False,0,,,0,missing_candidate,extend_extraction_rules,2,related_fields_incomplete,,1,data/text/688681.SH/2025/annual_report.txt,False
430,19,7069,56.946925,16,166,150,False,0.595238,1.0,0.283333,0.0,0.998264,1,1.02,06828.HK,BG BLUE SKY,Q_E_CLEAN_ENERGY_INTENSITY,绿色/可再生/清洁能源生产/使用强度,E,False,0,,,0,missing_candidate,extend_extraction_rules,2,related_fields_incomplete,,2,data/text/hkex_reports/06828.HK/2025/annual_report.txt|data/text/hkex_reports/06828.HK/2025/esg_report.txt,False
431,19,7070,56.946925,234,410,176,False,0.595238,1.0,0.283333,0.0,0.998264,1,1.02,301150.SZ,中一科技,Q_E_CLEAN_ENERGY_INTENSITY,绿色/可再生/清洁能源生产/使用强度,E,False,0,,,0,missing_candidate,extend_extraction_rules,2,related_fields_incomplete,,1,data/text/301150.SZ/2025/annual_report.txt,False
432,19,7089,56.876213,233,491,258,False,0.60241,1.0,0.273333,0.0,0.998264,1,0.984,00689.HK,EPI (HOLDINGS),Q_E_ALTERNATIVE_WATER_RATE,再生水或其他替代水源占比,E,False,0,,,0,missing_candidate,extend_extraction_rules,2,related_fields_incomplete,,1,data/text/hkex_reports/00689.HK/2025/annual_report.txt,False
433,19,7090,56.854434,135,198,63,False,0.961538,0.63,0.283333,0.0,0.998264,1,1.02,603105.SH,芯能科技,Q_E_CLEAN_ENERGY_INTENSITY,绿色/可再生/清洁能源生产/使用强度,E,False,0,,,0,missing_candidate,extend_extraction_rules,2,related_fields_incomplete,,1,data/text/603105.SH/2025/annual_report.txt,False
434,19,7096,56.815972,178,238,60,True,1.0,0.6,0.273333,0.0,0.998264,1,0.984,000155.SZ,川能动力,Q_E_ALTERNATIVE_WATER_RATE,再生水或其他替代水源占比,E,False,0,,,0,missing_candidate,extend_extraction_rules,2,related_fields_incomplete,,1,data/text/000155.SZ/2025/annual_report.txt,False
435,19,7097,56.815972,194,254,60,True,1.0,0.6,0.273333,0.0,0.998264,1,0.984,600475.SH,华光环能,Q_E_ALTERNATIVE_WATER_RATE,再生水或其他替代水源占比,E,False,0,,,0,missing_candidate,extend_extraction_rules,2,related_fields_incomplete,,1,data/text/600475.SH/2025/annual_report.txt,False
436,19,7098,56.815972,174,234,60,True,1.0,0.6,0.273333,0.0,0.998264,1,0.984,601918.SH,新集能源,Q_E_ALTERNATIVE_WATER_RATE,再生水或其他替代水源占比,E,False,0,,,0,missing_candidate,extend_extraction_rules,2,related_fields_incomplete,,2,data/text/601918.SH/2025/annual_report.txt|data/text/601918.SH/2025/esg_report.txt,False
437,19,7101,56.799738,78,173,95,False,0.649351,0.95,0.273333,0.0,0.998264,1,0.984,603693.SH,江苏新能,Q_E_ALTERNATIVE_WATER_RATE,再生水或其他替代水源占比,E,False,0,,,0,missing_candidate,extend_extraction_rules,2,related_fields_incomplete,,2,data/text/603693.SH/2025/annual_report.txt|data/text/603693.SH/2025/esg_report.txt,False
438,19,7108,56.771855,235,340,105,False,0.588235,1.0,0.283333,0.0,0.998264,1,1.02,000593.SZ,德龙汇能,Q_E_CLEAN_ENERGY_INTENSITY,绿色/可再生/清洁能源生产/使用强度,E,False,0,,,0,missing_candidate,extend_extraction_rules,2,related_fields_incomplete,,1,data/text/000593.SZ/2025/annual_report.txt,False
439,19,7109,56.771855,235,454,219,False,0.588235,1.0,0.283333,0.0,0.998264,1,1.02,301232.SZ,飞沃科技,Q_E_CLEAN_ENERGY_INTENSITY,绿色/可再生/清洁能源生产/使用强度,E,False,0,,,0,missing_candidate,extend_extraction_rules,2,related_fields_incomplete,,1,data/text/301232.SZ/2025/annual_report.txt,False
440,19,7126,56.71412,129,196,67,False,0.925926,0.67,0.273333,0.0,0.998264,1,0.984,688681.SH,科汇股份,Q_E_ALTERNATIVE_WATER_RATE,再生水或其他替代水源占比,E,False,0,,,0,missing_candidate,extend_extraction_rules,2,related_fields_incomplete,,1,data/text/688681.SH/2025/annual_report.txt,False
441,19,7130,56.696925,16,166,150,False,0.595238,1.0,0.273333,0.0,0.998264,1,0.984,06828.HK,BG BLUE SKY,Q_E_ALTERNATIVE_WATER_RATE,再生水或其他替代水源占比,E,False,0,,,0,missing_candidate,extend_extraction_rules,2,related_fields_incomplete,,2,data/text/hkex_reports/06828.HK/2025/annual_report.txt|data/text/hkex_reports/06828.HK/2025/esg_report.txt,False
442,19,7131,56.696925,234,410,176,False,0.595238,1.0,0.273333,0.0,0.998264,1,0.984,301150.SZ,中一科技,Q_E_ALTERNATIVE_WATER_RATE,再生水或其他替代水源占比,E,False,0,,,0,missing_candidate,extend_extraction_rules,2,related_fields_incomplete,,1,data/text/301150.SZ/2025/annual_report.txt,False
443,19,7136,56.673115,220,307,87,False,0.714286,0.87,0.283333,0.0,0.998264,1,1.02,600468.SH,百利电气,Q_E_CLEAN_ENERGY_INTENSITY,绿色/可再生/清洁能源生产/使用强度,E,False,0,,,0,missing_candidate,extend_extraction_rules,2,related_fields_incomplete,,1,data/text/600468.SH/2025/annual_report.txt,False
444,19,7154,56.604434,135,198,63,False,0.961538,0.63,0.273333,0.0,0.998264,1,0.984,603105.SH,芯能科技,Q_E_ALTERNATIVE_WATER_RATE,再生水或其他替代水源占比,E,False,0,,,0,missing_candidate,extend_extraction_rules,2,related_fields_incomplete,,1,data/text/603105.SH/2025/annual_report.txt,False
445,19,7155,56.600856,236,422,186,False,0.581395,1.0,0.283333,0.0,0.998264,1,1.02,688275.SH,万润新能,Q_E_CLEAN_ENERGY_INTENSITY,绿色/可再生/清洁能源生产/使用强度,E,False,0,,,0,missing_candidate,extend_extraction_rules,2,related_fields_incomplete,,1,data/text/688275.SH/2025/annual_report.txt,False
446,19,7161,56.565972,174,232,58,True,1.0,0.58,0.283333,0.0,0.998264,1,1.02,600886.SH,国投电力,Q_E_CLEAN_ENERGY_INTENSITY,绿色/可再生/清洁能源生产/使用强度,E,False,0,,,0,missing_candidate,extend_extraction_rules,2,related_fields_incomplete,,1,data/text/600886.SH/2025/annual_report.txt,False
447,19,7162,56.565972,156,214,58,True,1.0,0.58,0.283333,0.0,0.998264,1,1.02,603897.SH,长城科技,Q_E_CLEAN_ENERGY_INTENSITY,绿色/可再生/清洁能源生产/使用强度,E,False,0,,,0,missing_candidate,extend_extraction_rules,2,related_fields_incomplete,,1,data/text/603897.SH/2025/annual_report.txt,False
448,19,7171,56.521855,235,340,105,False,0.588235,1.0,0.273333,0.0,0.998264,1,0.984,000593.SZ,德龙汇能,Q_E_ALTERNATIVE_WATER_RATE,再生水或其他替代水源占比,E,False,0,,,0,missing_candidate,extend_extraction_rules,2,related_fields_incomplete,,1,data/text/000593.SZ/2025/annual_report.txt,False
449,19,7172,56.521855,235,454,219,False,0.588235,1.0,0.273333,0.0,0.998264,1,0.984,301232.SZ,飞沃科技,Q_E_ALTERNATIVE_WATER_RATE,再生水或其他替代水源占比,E,False,0,,,0,missing_candidate,extend_extraction_rules,2,related_fields_incomplete,,1,data/text/301232.SZ/2025/annual_report.txt,False
450,19,7196,56.433788,237,338,101,False,0.574713,1.0,0.283333,0.0,0.998264,1,1.02,002490.SZ,山东墨龙,Q_E_CLEAN_ENERGY_INTENSITY,绿色/可再生/清洁能源生产/使用强度,E,False,0,,,0,missing_candidate,extend_extraction_rules,2,related_fields_incomplete,,1,data/text/002490.SZ/2025/annual_report.txt,False
451,19,7197,56.423115,220,307,87,False,0.714286,0.87,0.273333,0.0,0.998264,1,0.984,600468.SH,百利电气,Q_E_ALTERNATIVE_WATER_RATE,再生水或其他替代水源占比,E,False,0,,,0,missing_candidate,extend_extraction_rules,2,related_fields_incomplete,,1,data/text/600468.SH/2025/annual_report.txt,False
452,19,7214,56.350856,236,422,186,False,0.581395,1.0,0.273333,0.0,0.998264,1,0.984,688275.SH,万润新能,Q_E_ALTERNATIVE_WATER_RATE,再生水或其他替代水源占比,E,False,0,,,0,missing_candidate,extend_extraction_rules,2,related_fields_incomplete,,1,data/text/688275.SH/2025/annual_report.txt,False
453,19,7220,56.315972,174,232,58,True,1.0,0.58,0.273333,0.0,0.998264,1,0.984,600886.SH,国投电力,Q_E_ALTERNATIVE_WATER_RATE,再生水或其他替代水源占比,E,False,0,,,0,missing_candidate,extend_extraction_rules,2,possible_direct_alternative_water_rate,占比 72.12%，其中水电占比 45.43%,1,data/text/600886.SH/2025/annual_report.txt,False
454,19,7221,56.315972,156,214,58,True,1.0,0.58,0.273333,0.0,0.998264,1,0.984,603897.SH,长城科技,Q_E_ALTERNATIVE_WATER_RATE,再生水或其他替代水源占比,E,False,0,,,0,missing_candidate,extend_extraction_rules,2,related_fields_incomplete,,1,data/text/603897.SH/2025/annual_report.txt,False
455,19,7230,56.270518,238,395,157,False,0.568182,1.0,0.283333,0.0,0.998264,1,1.02,002892.SZ,科力尔,Q_E_CLEAN_ENERGY_INTENSITY,绿色/可再生/清洁能源生产/使用强度,E,False,0,,,0,missing_candidate,extend_extraction_rules,2,related_fields_incomplete,,1,data/text/002892.SZ/2025/annual_report.txt,False
456,19,7278,56.183788,237,338,101,False,0.574713,1.0,0.273333,0.0,0.998264,1,0.984,002490.SZ,山东墨龙,Q_E_ALTERNATIVE_WATER_RATE,再生水或其他替代水源占比,E,False,0,,,0,missing_candidate,extend_extraction_rules,2,related_fields_incomplete,,1,data/text/002490.SZ/2025/annual_report.txt,False
457,19,7290,56.110916,239,376,137,False,0.561798,1.0,0.283333,0.0,0.998264,1,1.02,603353.SH,和顺石油,Q_E_CLEAN_ENERGY_INTENSITY,绿色/可再生/清洁能源生产/使用强度,E,False,0,,,0,missing_candidate,extend_extraction_rules,2,related_fields_incomplete,,1,data/text/603353.SH/2025/annual_report.txt,False
458,19,7314,56.020518,238,395,157,False,0.568182,1.0,0.273333,0.0,0.998264,1,0.984,002892.SZ,科力尔,Q_E_ALTERNATIVE_WATER_RATE,再生水或其他替代水源占比,E,False,0,,,0,missing_candidate,extend_extraction_rules,2,related_fields_incomplete,,1,data/text/002892.SZ/2025/annual_report.txt,False
459,19,7320,56.005366,216,296,80,False,0.757576,0.8,0.283333,0.0,0.998264,1,1.02,688719.SH,爱科赛博,Q_E_CLEAN_ENERGY_INTENSITY,绿色/可再生/清洁能源生产/使用强度,E,False,0,,,0,missing_candidate,extend_extraction_rules,2,related_fields_incomplete,,1,data/text/688719.SH/2025/annual_report.txt,False
460,19,7325,55.954861,240,478,238,False,0.555556,1.0,0.283333,0.0,0.998264,1,1.02,00346.HK,YANCHANG PETRO,Q_E_CLEAN_ENERGY_INTENSITY,绿色/可再生/清洁能源生产/使用强度,E,False,0,,,0,missing_candidate,extend_extraction_rules,2,related_fields_incomplete,,2,data/text/hkex_reports/00346.HK/2025/annual_report.txt|data/text/hkex_reports/00346.HK/2025/esg_report.txt,False
461,19,7344,55.860916,239,376,137,False,0.561798,1.0,0.273333,0.0,0.998264,1,0.984,603353.SH,和顺石油,Q_E_ALTERNATIVE_WATER_RATE,再生水或其他替代水源占比,E,False,0,,,0,missing_candidate,extend_extraction_rules,2,related_fields_incomplete,,1,data/text/603353.SH/2025/annual_report.txt,False
462,19,7377,55.802236,241,554,313,False,0.549451,1.0,0.283333,0.0,0.998264,1,1.02,920522.BJ,纳科诺尔,Q_E_CLEAN_ENERGY_INTENSITY,绿色/可再生/清洁能源生产/使用强度,E,False,0,,,0,missing_candidate,extend_extraction_rules,2,related_fields_incomplete,,1,data/text/920522.BJ/2025/annual_report.txt,False
463,19,7385,55.755366,216,296,80,False,0.757576,0.8,0.273333,0.0,0.998264,1,0.984,688719.SH,爱科赛博,Q_E_ALTERNATIVE_WATER_RATE,再生水或其他替代水源占比,E,False,0,,,0,missing_candidate,extend_extraction_rules,2,related_fields_incomplete,,1,data/text/688719.SH/2025/annual_report.txt,False
464,19,7398,55.704861,240,478,238,False,0.555556,1.0,0.273333,0.0,0.998264,1,0.984,00346.HK,YANCHANG PETRO,Q_E_ALTERNATIVE_WATER_RATE,再生水或其他替代水源占比,E,False,0,,,0,missing_candidate,extend_extraction_rules,2,related_fields_incomplete,,2,data/text/hkex_reports/00346.HK/2025/annual_report.txt|data/text/hkex_reports/00346.HK/2025/esg_report.txt,False
465,19,7428,55.552236,241,554,313,False,0.549451,1.0,0.273333,0.0,0.998264,1,0.984,920522.BJ,纳科诺尔,Q_E_ALTERNATIVE_WATER_RATE,再生水或其他替代水源占比,E,False,0,,,0,missing_candidate,extend_extraction_rules,2,related_fields_incomplete,,1,data/text/920522.BJ/2025/annual_report.txt,False
466,19,7441,55.506832,243,424,181,False,0.537634,1.0,0.283333,0.0,0.998264,1,1.02,001376.SZ,百通能源,Q_E_CLEAN_ENERGY_INTENSITY,绿色/可再生/清洁能源生产/使用强度,E,False,0,,,0,missing_candidate,extend_extraction_rules,2,related_fields_incomplete,,1,data/text/001376.SZ/2025/annual_report.txt,False
467,19,7442,55.506832,243,520,277,False,0.537634,1.0,0.283333,0.0,0.998264,1,1.02,00332.HK,YUANHENGGAS-NEW,Q_E_CLEAN_ENERGY_INTENSITY,绿色/可再生/清洁能源生产/使用强度,E,False,0,,,0,missing_candidate,extend_extraction_rules,2,related_fields_incomplete,,2,data/text/00332.HK/2025/annual_report.txt|data/text/hkex_reports/00332.HK/2025/esg_report.txt,False
468,19,7443,55.506832,243,382,139,False,0.537634,1.0,0.283333,0.0,0.998264,1,1.02,00975.HK,MONGOL MINING,Q_E_CLEAN_ENERGY_INTENSITY,绿色/可再生/清洁能源生产/使用强度,E,False,0,,,0,missing_candidate,extend_extraction_rules,2,related_fields_incomplete,,1,data/text/hkex_reports/00975.HK/2025/annual_report.txt,False
469,19,7444,55.506832,243,366,123,False,0.537634,1.0,0.283333,0.0,0.998264,1,1.02,603318.SH,水发燃气,Q_E_CLEAN_ENERGY_INTENSITY,绿色/可再生/清洁能源生产/使用强度,E,False,0,,,0,missing_candidate,extend_extraction_rules,2,related_fields_incomplete,,1,data/text/603318.SH/2025/annual_report.txt,False
470,19,7477,55.363845,244,408,164,False,0.531915,1.0,0.283333,0.0,0.998264,1,1.02,002340.SZ,格林美,Q_E_CLEAN_ENERGY_INTENSITY,绿色/可再生/清洁能源生产/使用强度,E,False,0,,,0,missing_candidate,extend_extraction_rules,2,related_fields_incomplete,,1,data/text/002340.SZ/2025/annual_report.txt,False
471,19,7478,55.363845,244,413,169,False,0.531915,1.0,0.283333,0.0,0.998264,1,1.02,603618.SH,杭电股份,Q_E_CLEAN_ENERGY_INTENSITY,绿色/可再生/清洁能源生产/使用强度,E,False,0,,,0,missing_candidate,extend_extraction_rules,2,related_fields_incomplete,,2,data/text/603618.SH/2025/annual_report.txt|data/text/603618.SH/2025/esg_report.txt,False
472,19,7491,55.256832,243,424,181,False,0.537634,1.0,0.273333,0.0,0.998264,1,0.984,001376.SZ,百通能源,Q_E_ALTERNATIVE_WATER_RATE,再生水或其他替代水源占比,E,False,0,,,0,missing_candidate,extend_extraction_rules,2,related_fields_incomplete,,1,data/text/001376.SZ/2025/annual_report.txt,False
473,19,7492,55.256832,243,520,277,False,0.537634,1.0,0.273333,0.0,0.998264,1,0.984,00332.HK,YUANHENGGAS-NEW,Q_E_ALTERNATIVE_WATER_RATE,再生水或其他替代水源占比,E,False,0,,,0,missing_candidate,extend_extraction_rules,2,related_fields_incomplete,,2,data/text/00332.HK/2025/annual_report.txt|data/text/hkex_reports/00332.HK/2025/esg_report.txt,False
474,19,7493,55.256832,243,382,139,False,0.537634,1.0,0.273333,0.0,0.998264,1,0.984,00975.HK,MONGOL MINING,Q_E_ALTERNATIVE_WATER_RATE,再生水或其他替代水源占比,E,False,0,,,0,missing_candidate,extend_extraction_rules,2,related_fields_incomplete,,1,data/text/hkex_reports/00975.HK/2025/annual_report.txt,False
475,19,7494,55.256832,243,366,123,False,0.537634,1.0,0.273333,0.0,0.998264,1,0.984,603318.SH,水发燃气,Q_E_ALTERNATIVE_WATER_RATE,再生水或其他替代水源占比,E,False,0,,,0,missing_candidate,extend_extraction_rules,2,related_fields_incomplete,,1,data/text/603318.SH/2025/annual_report.txt,False
476,19,7501,55.223867,49,155,106,False,0.526316,1.0,0.283333,0.0,0.998264,1,1.02,600028.SH,中国石化,Q_E_CLEAN_ENERGY_INTENSITY,绿色/可再生/清洁能源生产/使用强度,E,False,0,,,0,missing_candidate,extend_extraction_rules,2,related_fields_incomplete,,2,data/text/600028.SH/2025/annual_report.txt|data/text/600028.SH/2025/esg_report.txt,False
477,19,7516,55.113845,244,408,164,False,0.531915,1.0,0.273333,0.0,0.998264,1,0.984,002340.SZ,格林美,Q_E_ALTERNATIVE_WATER_RATE,再生水或其他替代水源占比,E,False,0,,,0,missing_candidate,extend_extraction_rules,2,related_fields_incomplete,,1,data/text/002340.SZ/2025/annual_report.txt,False
478,19,7517,55.113845,244,413,169,False,0.531915,1.0,0.273333,0.0,0.998264,1,0.984,603618.SH,杭电股份,Q_E_ALTERNATIVE_WATER_RATE,再生水或其他替代水源占比,E,False,0,,,0,missing_candidate,extend_extraction_rules,2,related_fields_incomplete,,2,data/text/603618.SH/2025/annual_report.txt|data/text/603618.SH/2025/esg_report.txt,False
479,19,7524,55.086806,246,486,240,False,0.520833,1.0,0.283333,0.0,0.998264,1,1.02,300769.SZ,德方纳米,Q_E_CLEAN_ENERGY_INTENSITY,绿色/可再生/清洁能源生产/使用强度,E,False,0,,,0,missing_candidate,extend_extraction_rules,2,related_fields_incomplete,,1,data/text/300769.SZ/2025/annual_report.txt,False
480,19,7529,55.065972,187,239,52,True,1.0,0.52,0.283333,0.0,0.998264,1,1.02,603312.SH,西典新能,Q_E_CLEAN_ENERGY_INTENSITY,绿色/可再生/清洁能源生产/使用强度,E,False,0,,,0,missing_candidate,extend_extraction_rules,2,related_fields_incomplete,,1,data/text/603312.SH/2025/annual_report.txt,False
481,19,7537,55.043245,205,266,61,False,0.909091,0.61,0.283333,0.0,0.998264,1,1.02,600644.SH,乐山电力,Q_E_CLEAN_ENERGY_INTENSITY,绿色/可再生/清洁能源生产/使用强度,E,False,0,,,0,missing_candidate,extend_extraction_rules,2,related_fields_incomplete,,1,data/text/600644.SH/2025/annual_report.txt,False
482,19,7550,54.973867,245,344,99,False,0.526316,0.99,0.283333,0.0,0.998264,1,1.02,001283.SZ,豪鹏科技,Q_E_CLEAN_ENERGY_INTENSITY,绿色/可再生/清洁能源生产/使用强度,E,False,0,,,0,missing_candidate,extend_extraction_rules,2,related_fields_incomplete,,1,data/text/001283.SZ/2025/annual_report.txt,False
483,19,7551,54.973867,49,155,106,False,0.526316,1.0,0.273333,0.0,0.998264,1,0.984,600028.SH,中国石化,Q_E_ALTERNATIVE_WATER_RATE,再生水或其他替代水源占比,E,False,0,,,0,missing_candidate,extend_extraction_rules,2,related_fields_incomplete,,2,data/text/600028.SH/2025/annual_report.txt|data/text/600028.SH/2025/esg_report.txt,False
484,19,7554,54.95257,20,153,133,False,0.515464,1.0,0.283333,0.0,0.998264,1,1.02,600995.SH,南网储能,Q_E_CLEAN_ENERGY_INTENSITY,绿色/可再生/清洁能源生产/使用强度,E,False,0,,,0,missing_candidate,extend_extraction_rules,2,related_fields_incomplete,,2,data/text/600995.SH/2025/annual_report.txt|data/text/600995.SH/2025/esg_report.txt,False
485,19,7588,54.836806,246,486,240,False,0.520833,1.0,0.273333,0.0,0.998264,1,0.984,300769.SZ,德方纳米,Q_E_ALTERNATIVE_WATER_RATE,再生水或其他替代水源占比,E,False,0,,,0,missing_candidate,extend_extraction_rules,2,related_fields_incomplete,,1,data/text/300769.SZ/2025/annual_report.txt,False
486,19,7592,54.815972,187,239,52,True,1.0,0.52,0.273333,0.0,0.998264,1,0.984,603312.SH,西典新能,Q_E_ALTERNATIVE_WATER_RATE,再生水或其他替代水源占比,E,False,0,,,0,missing_candidate,extend_extraction_rules,2,related_fields_incomplete,,1,data/text/603312.SH/2025/annual_report.txt,False
487,19,7598,54.793245,205,266,61,False,0.909091,0.61,0.273333,0.0,0.998264,1,0.984,600644.SH,乐山电力,Q_E_ALTERNATIVE_WATER_RATE,再生水或其他替代水源占比,E,False,0,,,0,missing_candidate,extend_extraction_rules,2,related_fields_incomplete,,1,data/text/600644.SH/2025/annual_report.txt,False
488,19,7611,54.723867,245,344,99,False,0.526316,0.99,0.273333,0.0,0.998264,1,0.984,001283.SZ,豪鹏科技,Q_E_ALTERNATIVE_WATER_RATE,再生水或其他替代水源占比,E,False,0,,,0,missing_candidate,extend_extraction_rules,2,related_fields_incomplete,,1,data/text/001283.SZ/2025/annual_report.txt,False
489,19,7615,54.70257,20,153,133,False,0.515464,1.0,0.273333,0.0,0.998264,1,0.984,600995.SH,南网储能,Q_E_ALTERNATIVE_WATER_RATE,再生水或其他替代水源占比,E,False,0,,,0,missing_candidate,extend_extraction_rules,2,related_fields_incomplete,,2,data/text/600995.SH/2025/annual_report.txt|data/text/600995.SH/2025/esg_report.txt,False
490,19,7617,54.692235,249,441,192,False,0.505051,1.0,0.283333,0.0,0.998264,1,1.02,002882.SZ,金龙羽,Q_E_CLEAN_ENERGY_INTENSITY,绿色/可再生/清洁能源生产/使用强度,E,False,0,,,0,missing_candidate,extend_extraction_rules,2,related_fields_incomplete,,1,data/text/002882.SZ/2025/annual_report.txt,False
491,19,7618,54.692235,249,479,230,False,0.505051,1.0,0.283333,0.0,0.998264,1,1.02,301226.SZ,祥明智能,Q_E_CLEAN_ENERGY_INTENSITY,绿色/可再生/清洁能源生产/使用强度,E,False,0,,,0,missing_candidate,extend_extraction_rules,2,related_fields_incomplete,,1,data/text/301226.SZ/2025/annual_report.txt,False
492,19,7643,54.571074,53,152,99,False,0.510204,0.99,0.283333,0.0,0.998264,1,1.02,601991.SH,大唐发电,Q_E_CLEAN_ENERGY_INTENSITY,绿色/可再生/清洁能源生产/使用强度,E,False,0,,,0,missing_candidate,extend_extraction_rules,2,related_fields_incomplete,,2,data/text/601991.SH/2025/annual_report.txt|data/text/601991.SH/2025/esg_report.txt,False
493,19,7645,54.565972,250,418,168,False,0.5,1.0,0.283333,0.0,0.998264,1,1.02,688680.SH,海优新材,Q_E_CLEAN_ENERGY_INTENSITY,绿色/可再生/清洁能源生产/使用强度,E,False,0,,,0,missing_candidate,extend_extraction_rules,2,related_fields_incomplete,,1,data/text/688680.SH/2025/annual_report.txt,False
494,19,7676,54.442235,249,441,192,False,0.505051,1.0,0.273333,0.0,0.998264,1,0.984,002882.SZ,金龙羽,Q_E_ALTERNATIVE_WATER_RATE,再生水或其他替代水源占比,E,False,0,,,0,missing_candidate,extend_extraction_rules,2,related_fields_incomplete,,1,data/text/002882.SZ/2025/annual_report.txt,False
495,19,7677,54.442235,249,479,230,False,0.505051,1.0,0.273333,0.0,0.998264,1,0.984,301226.SZ,祥明智能,Q_E_ALTERNATIVE_WATER_RATE,再生水或其他替代水源占比,E,False,0,,,0,missing_candidate,extend_extraction_rules,2,related_fields_incomplete,,1,data/text/301226.SZ/2025/annual_report.txt,False
496,19,7707,54.321074,53,152,99,False,0.510204,0.99,0.273333,0.0,0.998264,1,0.984,601991.SH,大唐发电,Q_E_ALTERNATIVE_WATER_RATE,再生水或其他替代水源占比,E,False,0,,,0,missing_candidate,extend_extraction_rules,2,related_fields_incomplete,,2,data/text/601991.SH/2025/annual_report.txt|data/text/601991.SH/2025/esg_report.txt,False
497,19,7708,54.320874,26,148,122,False,0.490196,1.0,0.283333,0.0,0.998264,1,1.02,605011.SH,杭州热电,Q_E_CLEAN_ENERGY_INTENSITY,绿色/可再生/清洁能源生产/使用强度,E,False,0,,,0,missing_candidate,extend_extraction_rules,2,related_fields_incomplete,,2,data/text/605011.SH/2025/annual_report.txt|data/text/605011.SH/2025/esg_report.txt,False
498,19,7709,54.315972,250,418,168,False,0.5,1.0,0.273333,0.0,0.998264,1,0.984,688680.SH,海优新材,Q_E_ALTERNATIVE_WATER_RATE,再生水或其他替代水源占比,E,False,0,,,0,missing_candidate,extend_extraction_rules,2,related_fields_incomplete,,1,data/text/688680.SH/2025/annual_report.txt,False
499,19,7743,54.152929,64,158,94,False,0.543478,0.94,0.283333,0.0,0.998264,1,1.02,300870.SZ,欧陆通,Q_E_CLEAN_ENERGY_INTENSITY,绿色/可再生/清洁能源生产/使用强度,E,False,0,,,0,missing_candidate,extend_extraction_rules,2,related_fields_incomplete,,2,data/text/300870.SZ/2025/annual_report.txt|data/text/300870.SZ/2025/esg_report.txt,False
500,19,7760,54.085203,254,543,289,False,0.480769,1.0,0.283333,0.0,0.998264,1,1.02,08631.HK,SUN KONG HLDGS,Q_E_CLEAN_ENERGY_INTENSITY,绿色/可再生/清洁能源生产/使用强度,E,False,0,,,0,missing_candidate,extend_extraction_rules,2,related_fields_incomplete,,1,data/text/08631.HK/2025/annual_report.txt,False
501,19,7761,54.085203,254,439,185,False,0.480769,1.0,0.283333,0.0,0.998264,1,1.02,603016.SH,新宏泰,Q_E_CLEAN_ENERGY_INTENSITY,绿色/可再生/清洁能源生产/使用强度,E,False,0,,,0,missing_candidate,extend_extraction_rules,2,related_fields_incomplete,,1,data/text/603016.SH/2025/annual_report.txt,False
502,19,7765,54.070874,26,148,122,False,0.490196,1.0,0.273333,0.0,0.998264,1,0.984,605011.SH,杭州热电,Q_E_ALTERNATIVE_WATER_RATE,再生水或其他替代水源占比,E,False,0,,,0,missing_candidate,extend_extraction_rules,2,related_fields_incomplete,,2,data/text/605011.SH/2025/annual_report.txt|data/text/605011.SH/2025/esg_report.txt,False
503,19,7792,53.970734,255,403,148,False,0.47619,1.0,0.283333,0.0,0.998264,1,1.02,300035.SZ,中科电气,Q_E_CLEAN_ENERGY_INTENSITY,绿色/可再生/清洁能源生产/使用强度,E,False,0,,,0,missing_candidate,extend_extraction_rules,2,related_fields_incomplete,,1,data/text/300035.SZ/2025/annual_report.txt,False
504,19,7794,53.948325,218,292,74,False,0.735294,0.74,0.283333,0.0,0.998264,1,1.02,002823.SZ,凯中精密,Q_E_CLEAN_ENERGY_INTENSITY,绿色/可再生/清洁能源生产/使用强度,E,False,0,,,0,missing_candidate,extend_extraction_rules,2,related_fields_incomplete,,1,data/text/002823.SZ/2025/annual_report.txt,False
505,19,7805,53.902929,64,158,94,False,0.543478,0.94,0.273333,0.0,0.998264,1,0.984,300870.SZ,欧陆通,Q_E_ALTERNATIVE_WATER_RATE,再生水或其他替代水源占比,E,False,0,,,0,missing_candidate,extend_extraction_rules,2,related_fields_incomplete,,2,data/text/300870.SZ/2025/annual_report.txt|data/text/300870.SZ/2025/esg_report.txt,False
506,19,7807,53.858425,256,438,182,False,0.471698,1.0,0.283333,0.0,0.998264,1,1.02,601218.SH,吉鑫科技,Q_E_CLEAN_ENERGY_INTENSITY,绿色/可再生/清洁能源生产/使用强度,E,False,0,,,0,missing_candidate,extend_extraction_rules,2,related_fields_incomplete,,1,data/text/601218.SH/2025/annual_report.txt,False
507,19,7808,53.858425,256,362,106,False,0.471698,1.0,0.283333,0.0,0.998264,1,1.02,603906.SH,龙蟠科技,Q_E_CLEAN_ENERGY_INTENSITY,绿色/可再生/清洁能源生产/使用强度,E,False,0,,,0,missing_candidate,extend_extraction_rules,2,related_fields_incomplete,,1,data/text/603906.SH/2025/annual_report.txt,False
508,19,7813,53.835203,254,543,289,False,0.480769,1.0,0.273333,0.0,0.998264,1,0.984,08631.HK,SUN KONG HLDGS,Q_E_ALTERNATIVE_WATER_RATE,再生水或其他替代水源占比,E,False,0,,,0,missing_candidate,extend_extraction_rules,2,related_fields_incomplete,,1,data/text/08631.HK/2025/annual_report.txt,False
509,19,7814,53.835203,254,439,185,False,0.480769,1.0,0.273333,0.0,0.998264,1,0.984,603016.SH,新宏泰,Q_E_ALTERNATIVE_WATER_RATE,再生水或其他替代水源占比,E,False,0,,,0,missing_candidate,extend_extraction_rules,2,related_fields_incomplete,,1,data/text/603016.SH/2025/annual_report.txt,False
510,19,7828,53.748215,257,407,150,False,0.46729,1.0,0.283333,0.0,0.998264,1,1.02,688598.SH,金博股份,Q_E_CLEAN_ENERGY_INTENSITY,绿色/可再生/清洁能源生产/使用强度,E,False,0,,,0,missing_candidate,extend_extraction_rules,2,related_fields_incomplete,,1,data/text/688598.SH/2025/annual_report.txt,False
511,19,7833,53.720734,255,403,148,False,0.47619,1.0,0.273333,0.0,0.998264,1,0.984,300035.SZ,中科电气,Q_E_ALTERNATIVE_WATER_RATE,再生水或其他替代水源占比,E,False,0,,,0,missing_candidate,extend_extraction_rules,2,related_fields_incomplete,,1,data/text/300035.SZ/2025/annual_report.txt,False
512,19,7836,53.698325,218,292,74,False,0.735294,0.74,0.273333,0.0,0.998264,1,0.984,002823.SZ,凯中精密,Q_E_ALTERNATIVE_WATER_RATE,再生水或其他替代水源占比,E,False,0,,,0,missing_candidate,extend_extraction_rules,2,related_fields_incomplete,,1,data/text/002823.SZ/2025/annual_report.txt,False
513,19,7859,53.608425,256,438,182,False,0.471698,1.0,0.273333,0.0,0.998264,1,0.984,601218.SH,吉鑫科技,Q_E_ALTERNATIVE_WATER_RATE,再生水或其他替代水源占比,E,False,0,,,0,missing_candidate,extend_extraction_rules,2,related_fields_incomplete,,1,data/text/601218.SH/2025/annual_report.txt,False
514,19,7860,53.608425,256,362,106,False,0.471698,1.0,0.273333,0.0,0.998264,1,0.984,603906.SH,龙蟠科技,Q_E_ALTERNATIVE_WATER_RATE,再生水或其他替代水源占比,E,False,0,,,0,missing_candidate,extend_extraction_rules,2,related_fields_incomplete,,1,data/text/603906.SH/2025/annual_report.txt,False
515,19,7866,53.565972,198,244,46,True,1.0,0.46,0.283333,0.0,0.998264,1,1.02,603344.SH,星德胜,Q_E_CLEAN_ENERGY_INTENSITY,绿色/可再生/清洁能源生产/使用强度,E,False,0,,,0,missing_candidate,extend_extraction_rules,2,related_fields_incomplete,,1,data/text/603344.SH/2025/annual_report.txt,False
516,19,7885,53.498215,257,407,150,False,0.46729,1.0,0.273333,0.0,0.998264,1,0.984,688598.SH,金博股份,Q_E_ALTERNATIVE_WATER_RATE,再生水或其他替代水源占比,E,False,0,,,0,missing_candidate,extend_extraction_rules,2,related_fields_incomplete,,1,data/text/688598.SH/2025/annual_report.txt,False
517,19,7895,53.470734,255,353,98,False,0.47619,0.98,0.283333,0.0,0.998264,1,1.02,600979.SH,广安爱众,Q_E_CLEAN_ENERGY_INTENSITY,绿色/可再生/清洁能源生产/使用强度,E,False,0,,,0,missing_candidate,extend_extraction_rules,2,related_fields_incomplete,,1,data/text/600979.SH/2025/annual_report.txt,False
518,19,7928,53.315972,198,244,46,True,1.0,0.46,0.273333,0.0,0.998264,1,0.984,603344.SH,星德胜,Q_E_ALTERNATIVE_WATER_RATE,再生水或其他替代水源占比,E,False,0,,,0,missing_candidate,extend_extraction_rules,2,related_fields_incomplete,,1,data/text/603344.SH/2025/annual_report.txt,False
519,19,7958,53.226687,262,409,147,False,0.446429,1.0,0.283333,0.0,0.998264,1,1.02,301502.SZ,华阳智能,Q_E_CLEAN_ENERGY_INTENSITY,绿色/可再生/清洁能源生产/使用强度,E,False,0,,,0,missing_candidate,extend_extraction_rules,2,related_fields_incomplete,,1,data/text/301502.SZ/2025/annual_report.txt,False
520,19,7961,53.220734,255,353,98,False,0.47619,0.98,0.273333,0.0,0.998264,1,0.984,600979.SH,广安爱众,Q_E_ALTERNATIVE_WATER_RATE,再生水或其他替代水源占比,E,False,0,,,0,missing_candidate,extend_extraction_rules,2,related_fields_incomplete,,1,data/text/600979.SH/2025/annual_report.txt,False
521,19,7982,53.127919,263,473,210,False,0.442478,1.0,0.283333,0.0,0.998264,1,1.02,300423.SZ,昇辉科技,Q_E_CLEAN_ENERGY_INTENSITY,绿色/可再生/清洁能源生产/使用强度,E,False,0,,,0,missing_candidate,extend_extraction_rules,2,related_fields_incomplete,,1,data/text/300423.SZ/2025/annual_report.txt,False
522,19,8000,53.030885,264,484,220,False,0.438596,1.0,0.283333,0.0,0.998264,1,1.02,300080.SZ,易成新能,Q_E_CLEAN_ENERGY_INTENSITY,绿色/可再生/清洁能源生产/使用强度,E,False,0,,,0,missing_candidate,extend_extraction_rules,2,related_fields_incomplete,,1,data/text/300080.SZ/2025/annual_report.txt,False
523,19,8014,52.976687,262,409,147,False,0.446429,1.0,0.273333,0.0,0.998264,1,0.984,301502.SZ,华阳智能,Q_E_ALTERNATIVE_WATER_RATE,再生水或其他替代水源占比,E,False,0,,,0,missing_candidate,extend_extraction_rules,2,related_fields_incomplete,,1,data/text/301502.SZ/2025/annual_report.txt,False
524,19,8022,52.935537,265,371,106,False,0.434783,1.0,0.283333,0.0,0.998264,1,1.02,000723.SZ,美锦能源,Q_E_CLEAN_ENERGY_INTENSITY,绿色/可再生/清洁能源生产/使用强度,E,False,0,,,0,missing_candidate,extend_extraction_rules,2,related_fields_incomplete,,2,data/text/000723.SZ/2025/annual_report.txt|data/text/000723.SZ/2025/esg_report.txt,False
525,19,8023,52.935537,265,416,151,False,0.434783,1.0,0.283333,0.0,0.998264,1,1.02,001896.SZ,豫能控股,Q_E_CLEAN_ENERGY_INTENSITY,绿色/可再生/清洁能源生产/使用强度,E,False,0,,,0,missing_candidate,extend_extraction_rules,2,related_fields_incomplete,,1,data/text/001896.SZ/2025/annual_report.txt,False
526,19,8024,52.935537,265,465,200,False,0.434783,1.0,0.283333,0.0,0.998264,1,1.02,600011.SH,华能国际,Q_E_CLEAN_ENERGY_INTENSITY,绿色/可再生/清洁能源生产/使用强度,E,False,0,,,0,missing_candidate,extend_extraction_rules,2,related_fields_incomplete,,1,data/text/600011.SH/2025/annual_report.txt,False
527,19,8025,52.935537,27,135,108,False,0.434783,1.0,0.283333,0.0,0.998264,1,1.02,600905.SH,三峡能源,Q_E_CLEAN_ENERGY_INTENSITY,绿色/可再生/清洁能源生产/使用强度,E,False,0,,,0,missing_candidate,extend_extraction_rules,2,related_fields_incomplete,,2,data/text/600905.SH/2025/annual_report.txt|data/text/600905.SH/2025/esg_report.txt,False
528,19,8035,52.877919,263,473,210,False,0.442478,1.0,0.273333,0.0,0.998264,1,0.984,300423.SZ,昇辉科技,Q_E_ALTERNATIVE_WATER_RATE,再生水或其他替代水源占比,E,False,0,,,0,missing_candidate,extend_extraction_rules,2,related_fields_incomplete,,1,data/text/300423.SZ/2025/annual_report.txt,False
529,19,8042,52.841834,4,134,130,False,0.431034,1.0,0.283333,0.0,0.998264,1,1.02,01205.HK,CITIC RESOURCES,Q_E_CLEAN_ENERGY_INTENSITY,绿色/可再生/清洁能源生产/使用强度,E,False,0,,,0,missing_candidate,extend_extraction_rules,2,related_fields_incomplete,,2,data/text/hkex_reports/01205.HK/2025/annual_report.txt|data/text/hkex_reports/01205.HK/2025/esg_report.txt,False
530,19,8057,52.780885,264,484,220,False,0.438596,1.0,0.273333,0.0,0.998264,1,0.984,300080.SZ,易成新能,Q_E_ALTERNATIVE_WATER_RATE,再生水或其他替代水源占比,E,False,0,,,0,missing_candidate,extend_extraction_rules,2,related_fields_incomplete,,1,data/text/300080.SZ/2025/annual_report.txt,False
531,19,8062,52.749733,267,403,136,False,0.42735,1.0,0.283333,0.0,0.998264,1,1.02,603026.SH,石大胜华,Q_E_CLEAN_ENERGY_INTENSITY,绿色/可再生/清洁能源生产/使用强度,E,False,0,,,0,missing_candidate,extend_extraction_rules,2,related_fields_incomplete,,1,data/text/603026.SH/2025/annual_report.txt,False
532,19,8075,52.68926,103,177,74,False,0.684932,0.74,0.283333,0.0,0.998264,1,1.02,01407.HK,JY GAS,Q_E_CLEAN_ENERGY_INTENSITY,绿色/可再生/清洁能源生产/使用强度,E,False,0,,,0,missing_candidate,extend_extraction_rules,2,related_fields_incomplete,,2,data/text/hkex_reports/01407.HK/2025/annual_report.txt|data/text/hkex_reports/01407.HK/2025/esg_report.txt,False
533,19,8076,52.685537,265,371,106,False,0.434783,1.0,0.273333,0.0,0.998264,1,0.984,000723.SZ,美锦能源,Q_E_ALTERNATIVE_WATER_RATE,再生水或其他替代水源占比,E,False,0,,,0,missing_candidate,extend_extraction_rules,2,related_fields_incomplete,,2,data/text/000723.SZ/2025/annual_report.txt|data/text/000723.SZ/2025/esg_report.txt,False
534,19,8077,52.685537,265,416,151,False,0.434783,1.0,0.273333,0.0,0.998264,1,0.984,001896.SZ,豫能控股,Q_E_ALTERNATIVE_WATER_RATE,再生水或其他替代水源占比,E,False,0,,,0,missing_candidate,extend_extraction_rules,2,possible_direct_alternative_water_rate,中水电装机 708 万千瓦，占比 4.28%,1,data/text/001896.SZ/2025/annual_report.txt,False
535,19,8078,52.685537,265,465,200,False,0.434783,1.0,0.273333,0.0,0.998264,1,0.984,600011.SH,华能国际,Q_E_ALTERNATIVE_WATER_RATE,再生水或其他替代水源占比,E,False,0,,,0,missing_candidate,extend_extraction_rules,2,related_fields_incomplete,,1,data/text/600011.SH/2025/annual_report.txt,False
536,19,8079,52.685537,27,135,108,False,0.434783,1.0,0.273333,0.0,0.998264,1,0.984,600905.SH,三峡能源,Q_E_ALTERNATIVE_WATER_RATE,再生水或其他替代水源占比,E,False,0,,,0,missing_candidate,extend_extraction_rules,2,possible_direct_alternative_water_rate,循环水用量 13785.74 吨，循环水用量占比 6.81%,2,data/text/600905.SH/2025/annual_report.txt|data/text/600905.SH/2025/esg_report.txt,False
537,19,8095,52.591834,4,134,130,False,0.431034,1.0,0.273333,0.0,0.998264,1,0.984,01205.HK,CITIC RESOURCES,Q_E_ALTERNATIVE_WATER_RATE,再生水或其他替代水源占比,E,False,0,,,0,missing_candidate,extend_extraction_rules,2,related_fields_incomplete,,2,data/text/hkex_reports/01205.HK/2025/annual_report.txt|data/text/hkex_reports/01205.HK/2025/esg_report.txt,False
538,19,8099,52.570174,269,386,117,False,0.420168,1.0,0.283333,0.0,0.998264,1,1.02,301155.SZ,海力风电,Q_E_CLEAN_ENERGY_INTENSITY,绿色/可再生/清洁能源生产/使用强度,E,False,0,,,0,missing_candidate,extend_extraction_rules,2,related_fields_incomplete,,1,data/text/301155.SZ/2025/annual_report.txt,False
539,19,8103,52.565972,162,204,42,True,1.0,0.42,0.283333,0.0,0.998264,1,1.02,600312.SH,平高电气,Q_E_CLEAN_ENERGY_INTENSITY,绿色/可再生/清洁能源生产/使用强度,E,False,0,,,0,missing_candidate,extend_extraction_rules,2,related_fields_incomplete,,1,data/text/600312.SH/2025/annual_report.txt,False
540,19,8120,52.499733,267,403,136,False,0.42735,1.0,0.273333,0.0,0.998264,1,0.984,603026.SH,石大胜华,Q_E_ALTERNATIVE_WATER_RATE,再生水或其他替代水源占比,E,False,0,,,0,missing_candidate,extend_extraction_rules,2,related_fields_incomplete,,1,data/text/603026.SH/2025/annual_report.txt,False
541,19,8126,52.482639,270,409,139,False,0.416667,1.0,0.283333,0.0,0.998264,1,1.02,002346.SZ,柘中股份,Q_E_CLEAN_ENERGY_INTENSITY,绿色/可再生/清洁能源生产/使用强度,E,False,0,,,0,missing_candidate,extend_extraction_rules,2,related_fields_incomplete,,1,data/text/002346.SZ/2025/annual_report.txt,False
542,19,8135,52.43926,103,177,74,False,0.684932,0.74,0.273333,0.0,0.998264,1,0.984,01407.HK,JY GAS,Q_E_ALTERNATIVE_WATER_RATE,再生水或其他替代水源占比,E,False,0,,,0,missing_candidate,extend_extraction_rules,2,related_fields_incomplete,,2,data/text/hkex_reports/01407.HK/2025/annual_report.txt|data/text/hkex_reports/01407.HK/2025/esg_report.txt,False
543,19,8143,52.396551,271,425,154,False,0.413223,1.0,0.283333,0.0,0.998264,1,1.02,601016.SH,节能风电,Q_E_CLEAN_ENERGY_INTENSITY,绿色/可再生/清洁能源生产/使用强度,E,False,0,,,0,missing_candidate,extend_extraction_rules,2,related_fields_incomplete,,1,data/text/601016.SH/2025/annual_report.txt,False
544,19,8146,52.377919,40,137,97,False,0.442478,0.97,0.283333,0.0,0.998264,1,1.02,688472.SH,阿特斯,Q_E_CLEAN_ENERGY_INTENSITY,绿色/可再生/清洁能源生产/使用强度,E,False,0,,,0,missing_candidate,extend_extraction_rules,2,related_fields_incomplete,,2,data/text/688472.SH/2025/annual_report.txt|data/text/688472.SH/2025/esg_report.txt,False
545,19,8155,52.376213,233,314,81,False,0.60241,0.81,0.283333,0.0,0.998264,1,1.02,600884.SH,杉杉股份,Q_E_CLEAN_ENERGY_INTENSITY,绿色/可再生/清洁能源生产/使用强度,E,False,0,,,0,missing_candidate,extend_extraction_rules,2,related_fields_incomplete,,1,data/text/600884.SH/2025/annual_report.txt,False
546,19,8167,52.320174,269,386,117,False,0.420168,1.0,0.273333,0.0,0.998264,1,0.984,301155.SZ,海力风电,Q_E_ALTERNATIVE_WATER_RATE,再生水或其他替代水源占比,E,False,0,,,0,missing_candidate,extend_extraction_rules,2,related_fields_incomplete,,1,data/text/301155.SZ/2025/annual_report.txt,False
547,19,8169,52.315972,162,204,42,True,1.0,0.42,0.273333,0.0,0.998264,1,0.984,600312.SH,平高电气,Q_E_ALTERNATIVE_WATER_RATE,再生水或其他替代水源占比,E,False,0,,,0,missing_candidate,extend_extraction_rules,2,related_fields_incomplete,,1,data/text/600312.SH/2025/annual_report.txt,False
548,19,8170,52.311874,272,457,185,False,0.409836,1.0,0.283333,0.0,0.998264,1,1.02,688148.SH,芳源股份,Q_E_CLEAN_ENERGY_INTENSITY,绿色/可再生/清洁能源生产/使用强度,E,False,0,,,0,missing_candidate,extend_extraction_rules,2,related_fields_incomplete,,1,data/text/688148.SH/2025/annual_report.txt,False
549,19,8185,52.232639,270,409,139,False,0.416667,1.0,0.273333,0.0,0.998264,1,0.984,002346.SZ,柘中股份,Q_E_ALTERNATIVE_WATER_RATE,再生水或其他替代水源占比,E,False,0,,,0,missing_candidate,extend_extraction_rules,2,related_fields_incomplete,,1,data/text/002346.SZ/2025/annual_report.txt,False
550,19,8187,52.228574,273,454,181,False,0.406504,1.0,0.283333,0.0,0.998264,1,1.02,601616.SH,广电电气,Q_E_CLEAN_ENERGY_INTENSITY,绿色/可再生/清洁能源生产/使用强度,E,False,0,,,0,missing_candidate,extend_extraction_rules,2,related_fields_incomplete,,1,data/text/601616.SH/2025/annual_report.txt,False
551,19,8188,52.228574,273,466,193,False,0.406504,1.0,0.283333,0.0,0.998264,1,1.02,605028.SH,世茂能源,Q_E_CLEAN_ENERGY_INTENSITY,绿色/可再生/清洁能源生产/使用强度,E,False,0,,,0,missing_candidate,extend_extraction_rules,2,related_fields_incomplete,,2,data/text/605028.SH/2025/annual_report.txt|data/text/605028.SH/2025/esg_report.txt,False
552,19,8189,52.226687,42,138,96,False,0.446429,0.96,0.283333,0.0,0.998264,1,1.02,600903.SH,贵州燃气,Q_E_CLEAN_ENERGY_INTENSITY,绿色/可再生/清洁能源生产/使用强度,E,False,0,,,0,missing_candidate,extend_extraction_rules,2,related_fields_incomplete,,2,data/text/600903.SH/2025/annual_report.txt|data/text/600903.SH/2025/esg_report.txt,False
553,19,8209,52.146551,271,425,154,False,0.413223,1.0,0.273333,0.0,0.998264,1,0.984,601016.SH,节能风电,Q_E_ALTERNATIVE_WATER_RATE,再生水或其他替代水源占比,E,False,0,,,0,missing_candidate,extend_extraction_rules,2,related_fields_incomplete,,1,data/text/601016.SH/2025/annual_report.txt,False
554,19,8217,52.127919,40,137,97,False,0.442478,0.97,0.273333,0.0,0.998264,1,0.984,688472.SH,阿特斯,Q_E_ALTERNATIVE_WATER_RATE,再生水或其他替代水源占比,E,False,0,,,0,missing_candidate,extend_extraction_rules,2,related_fields_incomplete,,2,data/text/688472.SH/2025/annual_report.txt|data/text/688472.SH/2025/esg_report.txt,False
555,19,8218,52.126213,233,314,81,False,0.60241,0.81,0.273333,0.0,0.998264,1,0.984,600884.SH,杉杉股份,Q_E_ALTERNATIVE_WATER_RATE,再生水或其他替代水源占比,E,False,0,,,0,missing_candidate,extend_extraction_rules,2,related_fields_incomplete,,1,data/text/600884.SH/2025/annual_report.txt,False
556,19,8230,52.065972,275,426,151,False,0.4,1.0,0.283333,0.0,0.998264,1,1.02,301278.SZ,快可电子,Q_E_CLEAN_ENERGY_INTENSITY,绿色/可再生/清洁能源生产/使用强度,E,False,0,,,0,missing_candidate,extend_extraction_rules,2,related_fields_incomplete,,1,data/text/301278.SZ/2025/annual_report.txt,False
557,19,8231,52.061874,272,457,185,False,0.409836,1.0,0.273333,0.0,0.998264,1,0.984,688148.SH,芳源股份,Q_E_ALTERNATIVE_WATER_RATE,再生水或其他替代水源占比,E,False,0,,,0,missing_candidate,extend_extraction_rules,2,related_fields_incomplete,,1,data/text/688148.SH/2025/annual_report.txt,False
558,19,8257,51.978574,273,454,181,False,0.406504,1.0,0.273333,0.0,0.998264,1,0.984,601616.SH,广电电气,Q_E_ALTERNATIVE_WATER_RATE,再生水或其他替代水源占比,E,False,0,,,0,missing_candidate,extend_extraction_rules,2,related_fields_incomplete,,1,data/text/601616.SH/2025/annual_report.txt,False
559,19,8258,51.978574,273,466,193,False,0.406504,1.0,0.273333,0.0,0.998264,1,0.984,605028.SH,世茂能源,Q_E_ALTERNATIVE_WATER_RATE,再生水或其他替代水源占比,E,False,0,,,0,missing_candidate,extend_extraction_rules,2,related_fields_incomplete,,2,data/text/605028.SH/2025/annual_report.txt|data/text/605028.SH/2025/esg_report.txt,False
560,19,8259,51.976687,42,138,96,False,0.446429,0.96,0.273333,0.0,0.998264,1,0.984,600903.SH,贵州燃气,Q_E_ALTERNATIVE_WATER_RATE,再生水或其他替代水源占比,E,False,0,,,0,missing_candidate,extend_extraction_rules,2,related_fields_incomplete,,2,data/text/600903.SH/2025/annual_report.txt|data/text/600903.SH/2025/esg_report.txt,False
561,19,8272,51.933788,81,163,82,False,0.574713,0.82,0.283333,0.0,0.998264,1,1.02,02380.HK,CHINA POWER,Q_E_CLEAN_ENERGY_INTENSITY,绿色/可再生/清洁能源生产/使用强度,E,False,0,,,0,missing_candidate,extend_extraction_rules,2,related_fields_incomplete,,2,data/text/hkex_reports/02380.HK/2025/annual_report.txt|data/text/hkex_reports/02380.HK/2025/esg_report.txt,False
562,19,8285,51.908492,277,380,103,False,0.393701,1.0,0.283333,0.0,0.998264,1,1.02,002128.SZ,电投能源,Q_E_CLEAN_ENERGY_INTENSITY,绿色/可再生/清洁能源生产/使用强度,E,False,0,,,0,missing_candidate,extend_extraction_rules,2,related_fields_incomplete,,1,data/text/002128.SZ/2025/annual_report.txt,False
563,19,8286,51.908492,277,381,104,False,0.393701,1.0,0.283333,0.0,0.998264,1,1.02,300191.SZ,潜能恒信,Q_E_CLEAN_ENERGY_INTENSITY,绿色/可再生/清洁能源生产/使用强度,E,False,0,,,0,missing_candidate,extend_extraction_rules,2,related_fields_incomplete,,1,data/text/300191.SZ/2025/annual_report.txt,False
564,19,8305,51.831597,278,383,105,False,0.390625,1.0,0.283333,0.0,0.998264,1,1.02,600151.SH,航天机电,Q_E_CLEAN_ENERGY_INTENSITY,绿色/可再生/清洁能源生产/使用强度,E,False,0,,,0,missing_candidate,extend_extraction_rules,2,related_fields_incomplete,,1,data/text/600151.SH/2025/annual_report.txt,False
565,19,8312,51.815972,275,426,151,False,0.4,1.0,0.273333,0.0,0.998264,1,0.984,301278.SZ,快可电子,Q_E_ALTERNATIVE_WATER_RATE,再生水或其他替代水源占比,E,False,0,,,0,missing_candidate,extend_extraction_rules,2,related_fields_incomplete,,1,data/text/301278.SZ/2025/annual_report.txt,False
566,19,8325,51.755895,279,460,181,False,0.387597,1.0,0.283333,0.0,0.998264,1,1.02,000862.SZ,银星能源,Q_E_CLEAN_ENERGY_INTENSITY,绿色/可再生/清洁能源生产/使用强度,E,False,0,,,0,missing_candidate,extend_extraction_rules,2,related_fields_incomplete,,1,data/text/000862.SZ/2025/annual_report.txt,False
567,19,8343,51.683788,81,163,82,False,0.574713,0.82,0.273333,0.0,0.998264,1,0.984,02380.HK,CHINA POWER,Q_E_ALTERNATIVE_WATER_RATE,再生水或其他替代水源占比,E,False,0,,,0,missing_candidate,extend_extraction_rules,2,related_fields_incomplete,,2,data/text/hkex_reports/02380.HK/2025/annual_report.txt|data/text/hkex_reports/02380.HK/2025/esg_report.txt,False
568,19,8344,51.681357,280,537,257,False,0.384615,1.0,0.283333,0.0,0.998264,1,1.02,601808.SH,中海油服,Q_E_CLEAN_ENERGY_INTENSITY,绿色/可再生/清洁能源生产/使用强度,E,False,0,,,0,missing_candidate,extend_extraction_rules,2,related_fields_incomplete,,1,data/text/601808.SH/2025/annual_report.txt,False
569,19,8345,51.681357,280,446,166,False,0.384615,1.0,0.283333,0.0,0.998264,1,1.02,688353.SH,华盛锂电,Q_E_CLEAN_ENERGY_INTENSITY,绿色/可再生/清洁能源生产/使用强度,E,False,0,,,0,missing_candidate,extend_extraction_rules,2,related_fields_incomplete,,1,data/text/688353.SH/2025/annual_report.txt,False
570,19,8357,51.658492,277,380,103,False,0.393701,1.0,0.273333,0.0,0.998264,1,0.984,002128.SZ,电投能源,Q_E_ALTERNATIVE_WATER_RATE,再生水或其他替代水源占比,E,False,0,,,0,missing_candidate,extend_extraction_rules,2,related_fields_incomplete,,1,data/text/002128.SZ/2025/annual_report.txt,False
571,19,8358,51.658492,277,381,104,False,0.393701,1.0,0.273333,0.0,0.998264,1,0.984,300191.SZ,潜能恒信,Q_E_ALTERNATIVE_WATER_RATE,再生水或其他替代水源占比,E,False,0,,,0,missing_candidate,extend_extraction_rules,2,related_fields_incomplete,,1,data/text/300191.SZ/2025/annual_report.txt,False
572,19,8363,51.607957,281,411,130,False,0.381679,1.0,0.283333,0.0,0.998264,1,1.02,002527.SZ,新时达,Q_E_CLEAN_ENERGY_INTENSITY,绿色/可再生/清洁能源生产/使用强度,E,False,0,,,0,missing_candidate,extend_extraction_rules,2,related_fields_incomplete,,1,data/text/002527.SZ/2025/annual_report.txt,False
573,19,8364,51.607957,281,411,130,False,0.381679,1.0,0.283333,0.0,0.998264,1,1.02,02728.HK,JINTAI ENERGY H,Q_E_CLEAN_ENERGY_INTENSITY,绿色/可再生/清洁能源生产/使用强度,E,False,0,,,0,missing_candidate,extend_extraction_rules,2,related_fields_incomplete,,2,data/text/hkex_reports/02728.HK/2025/annual_report.txt|data/text/hkex_reports/02728.HK/2025/esg_report.txt,False
574,19,8365,51.607957,281,429,148,False,0.381679,1.0,0.283333,0.0,0.998264,1,1.02,601700.SH,风范股份,Q_E_CLEAN_ENERGY_INTENSITY,绿色/可再生/清洁能源生产/使用强度,E,False,0,,,0,missing_candidate,extend_extraction_rules,2,related_fields_incomplete,,1,data/text/601700.SH/2025/annual_report.txt,False
575,19,8372,51.581597,278,383,105,False,0.390625,1.0,0.273333,0.0,0.998264,1,0.984,600151.SH,航天机电,Q_E_ALTERNATIVE_WATER_RATE,再生水或其他替代水源占比,E,False,0,,,0,missing_candidate,extend_extraction_rules,2,related_fields_incomplete,,1,data/text/600151.SH/2025/annual_report.txt,False
576,19,8380,51.565972,190,228,38,True,1.0,0.38,0.283333,0.0,0.998264,1,1.02,688499.SH,利元亨,Q_E_CLEAN_ENERGY_INTENSITY,绿色/可再生/清洁能源生产/使用强度,E,False,0,,,0,missing_candidate,extend_extraction_rules,2,related_fields_incomplete,,1,data/text/688499.SH/2025/annual_report.txt,False
577,19,8386,51.535669,282,514,232,False,0.378788,1.0,0.283333,0.0,0.998264,1,1.02,02012.HK,SUNSHINE OIL,Q_E_CLEAN_ENERGY_INTENSITY,绿色/可再生/清洁能源生产/使用强度,E,False,0,,,0,missing_candidate,extend_extraction_rules,2,related_fields_incomplete,,2,data/text/hkex_reports/02012.HK/2025/annual_report.txt|data/text/hkex_reports/02012.HK/2025/esg_report.txt,False
578,19,8387,51.535669,10,118,108,False,0.378788,1.0,0.283333,0.0,0.998264,1,1.02,601001.SH,晋控煤业,Q_E_CLEAN_ENERGY_INTENSITY,绿色/可再生/清洁能源生产/使用强度,E,False,0,,,0,missing_candidate,extend_extraction_rules,2,related_fields_incomplete,,2,data/text/601001.SH/2025/annual_report.txt|data/text/601001.SH/2025/esg_report.txt,False
579,19,8393,51.505895,279,460,181,False,0.387597,1.0,0.273333,0.0,0.998264,1,0.984,000862.SZ,银星能源,Q_E_ALTERNATIVE_WATER_RATE,再生水或其他替代水源占比,E,False,0,,,0,missing_candidate,extend_extraction_rules,2,related_fields_incomplete,,1,data/text/000862.SZ/2025/annual_report.txt,False
580,19,8404,51.431357,280,537,257,False,0.384615,1.0,0.273333,0.0,0.998264,1,0.984,601808.SH,中海油服,Q_E_ALTERNATIVE_WATER_RATE,再生水或其他替代水源占比,E,False,0,,,0,missing_candidate,extend_extraction_rules,2,related_fields_incomplete,,1,data/text/601808.SH/2025/annual_report.txt,False
581,19,8405,51.431357,280,446,166,False,0.384615,1.0,0.273333,0.0,0.998264,1,0.984,688353.SH,华盛锂电,Q_E_ALTERNATIVE_WATER_RATE,再生水或其他替代水源占比,E,False,0,,,0,missing_candidate,extend_extraction_rules,2,related_fields_incomplete,,1,data/text/688353.SH/2025/annual_report.txt,False
582,19,8411,51.409193,37,132,95,False,0.423729,0.95,0.283333,0.0,0.998264,1,1.02,600483.SH,福能股份,Q_E_CLEAN_ENERGY_INTENSITY,绿色/可再生/清洁能源生产/使用强度,E,False,0,,,0,missing_candidate,extend_extraction_rules,2,related_fields_incomplete,,2,data/text/600483.SH/2025/annual_report.txt|data/text/600483.SH/2025/esg_report.txt,False
583,19,8417,51.39433,284,412,128,False,0.373134,1.0,0.283333,0.0,0.998264,1,1.02,002364.SZ,中恒电气,Q_E_CLEAN_ENERGY_INTENSITY,绿色/可再生/清洁能源生产/使用强度,E,False,0,,,0,missing_candidate,extend_extraction_rules,2,related_fields_incomplete,,1,data/text/002364.SZ/2025/annual_report.txt,False
584,19,8418,51.39433,284,481,197,False,0.373134,1.0,0.283333,0.0,0.998264,1,1.02,301023.SZ,奕帆传动,Q_E_CLEAN_ENERGY_INTENSITY,绿色/可再生/清洁能源生产/使用强度,E,False,0,,,0,missing_candidate,extend_extraction_rules,2,related_fields_incomplete,,1,data/text/301023.SZ/2025/annual_report.txt,False
585,19,8419,51.39433,284,532,248,False,0.373134,1.0,0.283333,0.0,0.998264,1,1.02,600938.SH,中国海油,Q_E_CLEAN_ENERGY_INTENSITY,绿色/可再生/清洁能源生产/使用强度,E,False,0,,,0,missing_candidate,extend_extraction_rules,2,related_fields_incomplete,,1,data/text/600938.SH/2025/annual_report.txt,False
586,19,8434,51.357957,281,411,130,False,0.381679,1.0,0.273333,0.0,0.998264,1,0.984,002527.SZ,新时达,Q_E_ALTERNATIVE_WATER_RATE,再生水或其他替代水源占比,E,False,0,,,0,missing_candidate,extend_extraction_rules,2,related_fields_incomplete,,1,data/text/002527.SZ/2025/annual_report.txt,False
587,19,8435,51.357957,281,411,130,False,0.381679,1.0,0.273333,0.0,0.998264,1,0.984,02728.HK,JINTAI ENERGY H,Q_E_ALTERNATIVE_WATER_RATE,再生水或其他替代水源占比,E,False,0,,,0,missing_candidate,extend_extraction_rules,2,related_fields_incomplete,,2,data/text/hkex_reports/02728.HK/2025/annual_report.txt|data/text/hkex_reports/02728.HK/2025/esg_report.txt,False
588,19,8436,51.357957,281,429,148,False,0.381679,1.0,0.273333,0.0,0.998264,1,0.984,601700.SH,风范股份,Q_E_ALTERNATIVE_WATER_RATE,再生水或其他替代水源占比,E,False,0,,,0,missing_candidate,extend_extraction_rules,2,related_fields_incomplete,,1,data/text/601700.SH/2025/annual_report.txt,False
589,19,8448,51.325231,285,447,162,False,0.37037,1.0,0.283333,0.0,0.998264,1,1.02,000968.SZ,蓝焰控股,Q_E_CLEAN_ENERGY_INTENSITY,绿色/可再生/清洁能源生产/使用强度,E,False,0,,,0,missing_candidate,extend_extraction_rules,2,related_fields_incomplete,,1,data/text/000968.SZ/2025/annual_report.txt,False
590,19,8450,51.315972,192,229,37,True,1.0,0.37,0.283333,0.0,0.998264,1,1.02,600396.SH,华电辽能,Q_E_CLEAN_ENERGY_INTENSITY,绿色/可再生/清洁能源生产/使用强度,E,False,0,,,0,missing_candidate,extend_extraction_rules,2,related_fields_incomplete,,1,data/text/600396.SH/2025/annual_report.txt,False
591,19,8451,51.315972,190,228,38,True,1.0,0.38,0.273333,0.0,0.998264,1,0.984,688499.SH,利元亨,Q_E_ALTERNATIVE_WATER_RATE,再生水或其他替代水源占比,E,False,0,,,0,missing_candidate,extend_extraction_rules,2,related_fields_incomplete,,1,data/text/688499.SH/2025/annual_report.txt,False
592,19,8457,51.285669,282,514,232,False,0.378788,1.0,0.273333,0.0,0.998264,1,0.984,02012.HK,SUNSHINE OIL,Q_E_ALTERNATIVE_WATER_RATE,再生水或其他替代水源占比,E,False,0,,,0,missing_candidate,extend_extraction_rules,2,related_fields_incomplete,,2,data/text/hkex_reports/02012.HK/2025/annual_report.txt|data/text/hkex_reports/02012.HK/2025/esg_report.txt,False
593,19,8458,51.285669,10,118,108,False,0.378788,1.0,0.273333,0.0,0.998264,1,0.984,601001.SH,晋控煤业,Q_E_ALTERNATIVE_WATER_RATE,再生水或其他替代水源占比,E,False,0,,,0,missing_candidate,extend_extraction_rules,2,related_fields_incomplete,,2,data/text/601001.SH/2025/annual_report.txt|data/text/601001.SH/2025/esg_report.txt,False
594,19,8465,51.257149,286,400,114,False,0.367647,1.0,0.283333,0.0,0.998264,1,1.02,300140.SZ,节能环境,Q_E_CLEAN_ENERGY_INTENSITY,绿色/可再生/清洁能源生产/使用强度,E,False,0,,,0,missing_candidate,extend_extraction_rules,2,related_fields_incomplete,,1,data/text/300140.SZ/2025/annual_report.txt,False
595,19,8474,51.19006,287,542,255,False,0.364964,1.0,0.283333,0.0,0.998264,1,1.02,08536.HK,TL NATURAL GAS,Q_E_CLEAN_ENERGY_INTENSITY,绿色/可再生/清洁能源生产/使用强度,E,False,0,,,0,missing_candidate,extend_extraction_rules,2,related_fields_incomplete,,1,data/text/hkex_reports/08536.HK/2025/annual_report.txt,False
596,19,8475,51.19006,287,408,121,False,0.364964,1.0,0.283333,0.0,0.998264,1,1.02,600869.SH,远东股份,Q_E_CLEAN_ENERGY_INTENSITY,绿色/可再生/清洁能源生产/使用强度,E,False,0,,,0,missing_candidate,extend_extraction_rules,2,related_fields_incomplete,,1,data/text/600869.SH/2025/annual_report.txt,False
597,19,8486,51.159193,37,132,95,False,0.423729,0.95,0.273333,0.0,0.998264,1,0.984,600483.SH,福能股份,Q_E_ALTERNATIVE_WATER_RATE,再生水或其他替代水源占比,E,False,0,,,0,missing_candidate,extend_extraction_rules,2,related_fields_incomplete,,2,data/text/600483.SH/2025/annual_report.txt|data/text/600483.SH/2025/esg_report.txt,False
598,19,8491,51.14433,284,412,128,False,0.373134,1.0,0.273333,0.0,0.998264,1,0.984,002364.SZ,中恒电气,Q_E_ALTERNATIVE_WATER_RATE,再生水或其他替代水源占比,E,False,0,,,0,missing_candidate,extend_extraction_rules,2,related_fields_incomplete,,1,data/text/002364.SZ/2025/annual_report.txt,False
599,19,8492,51.14433,284,481,197,False,0.373134,1.0,0.273333,0.0,0.998264,1,0.984,301023.SZ,奕帆传动,Q_E_ALTERNATIVE_WATER_RATE,再生水或其他替代水源占比,E,False,0,,,0,missing_candidate,extend_extraction_rules,2,related_fields_incomplete,,1,data/text/301023.SZ/2025/annual_report.txt,False
600,19,8493,51.14433,284,532,248,False,0.373134,1.0,0.273333,0.0,0.998264,1,0.984,600938.SH,中国海油,Q_E_ALTERNATIVE_WATER_RATE,再生水或其他替代水源占比,E,False,0,,,0,missing_candidate,extend_extraction_rules,2,related_fields_incomplete,,1,data/text/600938.SH/2025/annual_report.txt,False
601,19,8497,51.123943,288,397,109,False,0.362319,1.0,0.283333,0.0,0.998264,1,1.02,002441.SZ,众业达,Q_E_CLEAN_ENERGY_INTENSITY,绿色/可再生/清洁能源生产/使用强度,E,False,0,,,0,missing_candidate,extend_extraction_rules,2,related_fields_incomplete,,1,data/text/002441.SZ/2025/annual_report.txt,False
602,19,8511,51.075231,285,447,162,False,0.37037,1.0,0.273333,0.0,0.998264,1,0.984,000968.SZ,蓝焰控股,Q_E_ALTERNATIVE_WATER_RATE,再生水或其他替代水源占比,E,False,0,,,0,missing_candidate,extend_extraction_rules,2,related_fields_incomplete,,1,data/text/000968.SZ/2025/annual_report.txt,False
603,19,8514,51.065972,192,229,37,True,1.0,0.37,0.273333,0.0,0.998264,1,0.984,600396.SH,华电辽能,Q_E_ALTERNATIVE_WATER_RATE,再生水或其他替代水源占比,E,False,0,,,0,missing_candidate,extend_extraction_rules,2,related_fields_incomplete,,1,data/text/600396.SH/2025/annual_report.txt,False
604,19,8533,51.007149,286,400,114,False,0.367647,1.0,0.273333,0.0,0.998264,1,0.984,300140.SZ,节能环境,Q_E_ALTERNATIVE_WATER_RATE,再生水或其他替代水源占比,E,False,0,,,0,missing_candidate,extend_extraction_rules,2,related_fields_incomplete,,1,data/text/300140.SZ/2025/annual_report.txt,False
605,19,8545,50.982639,106,175,69,False,0.666667,0.69,0.283333,0.0,0.998264,1,1.02,00196.HK,HONGHUA GROUP,Q_E_CLEAN_ENERGY_INTENSITY,绿色/可再生/清洁能源生产/使用强度,E,False,0,,,0,missing_candidate,extend_extraction_rules,2,related_fields_incomplete,,2,data/text/hkex_reports/00196.HK/2025/annual_report.txt|data/text/hkex_reports/00196.HK/2025/esg_report.txt,False
606,19,8554,50.96412,204,247,43,False,0.925926,0.43,0.283333,0.0,0.998264,1,1.02,600458.SH,时代新材,Q_E_CLEAN_ENERGY_INTENSITY,绿色/可再生/清洁能源生产/使用强度,E,False,0,,,0,missing_candidate,extend_extraction_rules,2,related_fields_incomplete,,1,data/text/600458.SH/2025/annual_report.txt,False
607,19,8555,50.94006,287,542,255,False,0.364964,1.0,0.273333,0.0,0.998264,1,0.984,08536.HK,TL NATURAL GAS,Q_E_ALTERNATIVE_WATER_RATE,再生水或其他替代水源占比,E,False,0,,,0,missing_candidate,extend_extraction_rules,2,related_fields_incomplete,,1,data/text/hkex_reports/08536.HK/2025/annual_report.txt,False
608,19,8556,50.94006,287,408,121,False,0.364964,1.0,0.273333,0.0,0.998264,1,0.984,600869.SH,远东股份,Q_E_ALTERNATIVE_WATER_RATE,再生水或其他替代水源占比,E,False,0,,,0,missing_candidate,extend_extraction_rules,2,related_fields_incomplete,,1,data/text/600869.SH/2025/annual_report.txt,False
609,19,8558,50.93122,291,544,253,False,0.35461,1.0,0.283333,0.0,0.998264,1,1.02,02798.HK,PER ENERGY,Q_E_CLEAN_ENERGY_INTENSITY,绿色/可再生/清洁能源生产/使用强度,E,False,0,,,0,missing_candidate,extend_extraction_rules,2,related_fields_incomplete,,1,data/text/hkex_reports/02798.HK/2025/annual_report.txt,False
610,19,8572,50.873943,288,397,109,False,0.362319,1.0,0.273333,0.0,0.998264,1,0.984,002441.SZ,众业达,Q_E_ALTERNATIVE_WATER_RATE,再生水或其他替代水源占比,E,False,0,,,0,missing_candidate,extend_extraction_rules,2,related_fields_incomplete,,1,data/text/002441.SZ/2025/annual_report.txt,False
611,19,8574,50.868789,292,458,166,False,0.352113,1.0,0.283333,0.0,0.998264,1,1.02,00065.HK,GRAND OCEAN AR,Q_E_CLEAN_ENERGY_INTENSITY,绿色/可再生/清洁能源生产/使用强度,E,False,0,,,0,missing_candidate,extend_extraction_rules,2,related_fields_incomplete,,1,data/text/hkex_reports/00065.HK/2025/annual_report.txt,False
612,19,8592,50.815972,172,207,35,True,1.0,0.35,0.283333,0.0,0.998264,1,1.02,600863.SH,华能蒙电,Q_E_CLEAN_ENERGY_INTENSITY,绿色/可再生/清洁能源生产/使用强度,E,False,0,,,0,missing_candidate,extend_extraction_rules,2,related_fields_incomplete,,1,data/text/600863.SH/2025/annual_report.txt,False
613,19,8599,50.807231,293,417,124,False,0.34965,1.0,0.283333,0.0,0.998264,1,1.02,300062.SZ,中能电气,Q_E_CLEAN_ENERGY_INTENSITY,绿色/可再生/清洁能源生产/使用强度,E,False,0,,,0,missing_candidate,extend_extraction_rules,2,related_fields_incomplete,,1,data/text/300062.SZ/2025/annual_report.txt,False
614,19,8615,50.746528,294,428,134,False,0.347222,1.0,0.283333,0.0,0.998264,1,1.02,601179.SH,中国西电,Q_E_CLEAN_ENERGY_INTENSITY,绿色/可再生/清洁能源生产/使用强度,E,False,0,,,0,missing_candidate,extend_extraction_rules,2,related_fields_incomplete,,1,data/text/601179.SH/2025/annual_report.txt,False
615,19,8616,50.746528,294,395,101,False,0.347222,1.0,0.283333,0.0,0.998264,1,1.02,688638.SH,誉辰智能,Q_E_CLEAN_ENERGY_INTENSITY,绿色/可再生/清洁能源生产/使用强度,E,False,0,,,0,missing_candidate,extend_extraction_rules,2,related_fields_incomplete,,1,data/text/688638.SH/2025/annual_report.txt,False
616,19,8618,50.732639,106,175,69,False,0.666667,0.69,0.273333,0.0,0.998264,1,0.984,00196.HK,HONGHUA GROUP,Q_E_ALTERNATIVE_WATER_RATE,再生水或其他替代水源占比,E,False,0,,,0,missing_candidate,extend_extraction_rules,2,related_fields_incomplete,,2,data/text/hkex_reports/00196.HK/2025/annual_report.txt|data/text/hkex_reports/00196.HK/2025/esg_report.txt,False
617,19,8620,50.71412,204,247,43,False,0.925926,0.43,0.273333,0.0,0.998264,1,0.984,600458.SH,时代新材,Q_E_ALTERNATIVE_WATER_RATE,再生水或其他替代水源占比,E,False,0,,,0,missing_candidate,extend_extraction_rules,2,related_fields_incomplete,,1,data/text/600458.SH/2025/annual_report.txt,False
618,19,8631,50.686662,295,559,264,False,0.344828,1.0,0.283333,0.0,0.998264,1,1.02,920062.BJ,科润智控,Q_E_CLEAN_ENERGY_INTENSITY,绿色/可再生/清洁能源生产/使用强度,E,False,0,,,0,missing_candidate,extend_extraction_rules,2,related_fields_incomplete,,1,data/text/920062.BJ/2025/annual_report.txt,False
619,19,8632,50.68122,291,544,253,False,0.35461,1.0,0.273333,0.0,0.998264,1,0.984,02798.HK,PER ENERGY,Q_E_ALTERNATIVE_WATER_RATE,再生水或其他替代水源占比,E,False,0,,,0,missing_candidate,extend_extraction_rules,2,related_fields_incomplete,,1,data/text/hkex_reports/02798.HK/2025/annual_report.txt,False
620,19,8654,50.618789,292,458,166,False,0.352113,1.0,0.273333,0.0,0.998264,1,0.984,00065.HK,GRAND OCEAN AR,Q_E_ALTERNATIVE_WATER_RATE,再生水或其他替代水源占比,E,False,0,,,0,missing_candidate,extend_extraction_rules,2,related_fields_incomplete,,1,data/text/hkex_reports/00065.HK/2025/annual_report.txt,False
621,19,8665,50.569374,297,493,196,False,0.340136,1.0,0.283333,0.0,0.998264,1,1.02,920185.BJ,贝特瑞,Q_E_CLEAN_ENERGY_INTENSITY,绿色/可再生/清洁能源生产/使用强度,E,False,0,,,0,missing_candidate,extend_extraction_rules,2,related_fields_incomplete,,1,data/text/920185.BJ/2025/annual_report.txt,False
622,19,8667,50.565972,172,207,35,True,1.0,0.35,0.273333,0.0,0.998264,1,0.984,600863.SH,华能蒙电,Q_E_ALTERNATIVE_WATER_RATE,再生水或其他替代水源占比,E,False,0,,,0,missing_candidate,extend_extraction_rules,2,related_fields_incomplete,,1,data/text/600863.SH/2025/annual_report.txt,False
623,19,8670,50.557231,293,417,124,False,0.34965,1.0,0.273333,0.0,0.998264,1,0.984,300062.SZ,中能电气,Q_E_ALTERNATIVE_WATER_RATE,再生水或其他替代水源占比,E,False,0,,,0,missing_candidate,extend_extraction_rules,2,related_fields_incomplete,,1,data/text/300062.SZ/2025/annual_report.txt,False
624,19,8682,50.511918,298,447,149,False,0.337838,1.0,0.283333,0.0,0.998264,1,1.02,002129.SZ,TCL中环,Q_E_CLEAN_ENERGY_INTENSITY,绿色/可再生/清洁能源生产/使用强度,E,False,0,,,0,missing_candidate,extend_extraction_rules,2,related_fields_incomplete,,1,data/text/002129.SZ/2025/annual_report.txt,False
625,19,8690,50.496528,294,428,134,False,0.347222,1.0,0.273333,0.0,0.998264,1,0.984,601179.SH,中国西电,Q_E_ALTERNATIVE_WATER_RATE,再生水或其他替代水源占比,E,False,0,,,0,missing_candidate,extend_extraction_rules,2,related_fields_incomplete,,1,data/text/601179.SH/2025/annual_report.txt,False
626,19,8691,50.496528,294,395,101,False,0.347222,1.0,0.273333,0.0,0.998264,1,0.984,688638.SH,誉辰智能,Q_E_ALTERNATIVE_WATER_RATE,再生水或其他替代水源占比,E,False,0,,,0,missing_candidate,extend_extraction_rules,2,related_fields_incomplete,,1,data/text/688638.SH/2025/annual_report.txt,False
627,19,8698,50.455234,299,473,174,False,0.33557,1.0,0.283333,0.0,0.998264,1,1.02,01393.HK,HIDILI INDUSTRY,Q_E_CLEAN_ENERGY_INTENSITY,绿色/可再生/清洁能源生产/使用强度,E,False,0,,,0,missing_candidate,extend_extraction_rules,2,related_fields_incomplete,,1,data/text/hkex_reports/01393.HK/2025/annual_report.txt,False
628,19,8701,50.45257,247,329,82,False,0.515464,0.82,0.283333,0.0,0.998264,1,1.02,600973.SH,宝胜股份,Q_E_CLEAN_ENERGY_INTENSITY,绿色/可再生/清洁能源生产/使用强度,E,False,0,,,0,missing_candidate,extend_extraction_rules,2,related_fields_incomplete,,1,data/text/600973.SH/2025/annual_report.txt,False
629,19,8705,50.436662,295,559,264,False,0.344828,1.0,0.273333,0.0,0.998264,1,0.984,920062.BJ,科润智控,Q_E_ALTERNATIVE_WATER_RATE,再生水或其他替代水源占比,E,False,0,,,0,missing_candidate,extend_extraction_rules,2,related_fields_incomplete,,1,data/text/920062.BJ/2025/annual_report.txt,False
630,19,8719,50.399306,300,422,122,False,0.333333,1.0,0.283333,0.0,0.998264,1,1.02,603032.SH,德新科技,Q_E_CLEAN_ENERGY_INTENSITY,绿色/可再生/清洁能源生产/使用强度,E,False,0,,,0,missing_candidate,extend_extraction_rules,2,related_fields_incomplete,,2,data/text/603032.SH/2025/annual_report.txt|data/text/603032.SH/2025/esg_report.txt,False
631,19,8732,50.344118,301,444,143,False,0.331126,1.0,0.283333,0.0,0.998264,1,1.02,300444.SZ,双杰电气,Q_E_CLEAN_ENERGY_INTENSITY,绿色/可再生/清洁能源生产/使用强度,E,False,0,,,0,missing_candidate,extend_extraction_rules,2,related_fields_incomplete,,1,data/text/300444.SZ/2025/annual_report.txt,False
632,19,8733,50.344118,301,428,127,False,0.331126,1.0,0.283333,0.0,0.998264,1,1.02,688223.SH,晶科能源,Q_E_CLEAN_ENERGY_INTENSITY,绿色/可再生/清洁能源生产/使用强度,E,False,0,,,0,missing_candidate,extend_extraction_rules,2,related_fields_incomplete,,1,data/text/688223.SH/2025/annual_report.txt,False
633,19,8739,50.319374,297,493,196,False,0.340136,1.0,0.273333,0.0,0.998264,1,0.984,920185.BJ,贝特瑞,Q_E_ALTERNATIVE_WATER_RATE,再生水或其他替代水源占比,E,False,0,,,0,missing_candidate,extend_extraction_rules,2,related_fields_incomplete,,1,data/text/920185.BJ/2025/annual_report.txt,False
634,19,8753,50.261918,298,447,149,False,0.337838,1.0,0.273333,0.0,0.998264,1,0.984,002129.SZ,TCL中环,Q_E_ALTERNATIVE_WATER_RATE,再生水或其他替代水源占比,E,False,0,,,0,missing_candidate,extend_extraction_rules,2,related_fields_incomplete,,1,data/text/002129.SZ/2025/annual_report.txt,False
635,19,8760,50.235907,303,447,144,False,0.326797,1.0,0.283333,0.0,0.998264,1,1.02,300617.SZ,安靠智电,Q_E_CLEAN_ENERGY_INTENSITY,绿色/可再生/清洁能源生产/使用强度,E,False,0,,,0,missing_candidate,extend_extraction_rules,2,related_fields_incomplete,,1,data/text/300617.SZ/2025/annual_report.txt,False
636,19,8769,50.205234,299,473,174,False,0.33557,1.0,0.273333,0.0,0.998264,1,0.984,01393.HK,HIDILI INDUSTRY,Q_E_ALTERNATIVE_WATER_RATE,再生水或其他替代水源占比,E,False,0,,,0,missing_candidate,extend_extraction_rules,2,related_fields_incomplete,,1,data/text/hkex_reports/01393.HK/2025/annual_report.txt,False
637,19,8770,50.20257,247,329,82,False,0.515464,0.82,0.273333,0.0,0.998264,1,0.984,600973.SH,宝胜股份,Q_E_ALTERNATIVE_WATER_RATE,再生水或其他替代水源占比,E,False,0,,,0,missing_candidate,extend_extraction_rules,2,related_fields_incomplete,,1,data/text/600973.SH/2025/annual_report.txt,False
638,19,8781,50.149306,300,422,122,False,0.333333,1.0,0.273333,0.0,0.998264,1,0.984,603032.SH,德新科技,Q_E_ALTERNATIVE_WATER_RATE,再生水或其他替代水源占比,E,False,0,,,0,missing_candidate,extend_extraction_rules,2,related_fields_incomplete,,2,data/text/603032.SH/2025/annual_report.txt|data/text/603032.SH/2025/esg_report.txt,False
639,19,8782,50.130488,305,430,125,False,0.322581,1.0,0.283333,0.0,0.998264,1,1.02,01738.HK,FS ANTHRACITE,Q_E_CLEAN_ENERGY_INTENSITY,绿色/可再生/清洁能源生产/使用强度,E,False,0,,,0,missing_candidate,extend_extraction_rules,2,related_fields_incomplete,,2,data/text/hkex_reports/01738.HK/2025/annual_report.txt|data/text/hkex_reports/01738.HK/2025/esg_report.txt,False
640,19,8783,50.130488,305,410,105,False,0.322581,1.0,0.283333,0.0,0.998264,1,1.02,300283.SZ,温州宏丰,Q_E_CLEAN_ENERGY_INTENSITY,绿色/可再生/清洁能源生产/使用强度,E,False,0,,,0,missing_candidate,extend_extraction_rules,2,related_fields_incomplete,,1,data/text/300283.SZ/2025/annual_report.txt,False
641,19,8784,50.130488,305,466,161,False,0.322581,1.0,0.283333,0.0,0.998264,1,1.02,300626.SZ,华瑞股份,Q_E_CLEAN_ENERGY_INTENSITY,绿色/可再生/清洁能源生产/使用强度,E,False,0,,,0,missing_candidate,extend_extraction_rules,2,related_fields_incomplete,,1,data/text/300626.SZ/2025/annual_report.txt,False
642,19,8790,50.118789,11,108,97,False,0.352113,0.97,0.283333,0.0,0.998264,1,1.02,000922.SZ,佳电股份,Q_E_CLEAN_ENERGY_INTENSITY,绿色/可再生/清洁能源生产/使用强度,E,False,0,,,0,missing_candidate,extend_extraction_rules,2,related_fields_incomplete,,2,data/text/000922.SZ/2025/annual_report.txt|data/text/000922.SZ/2025/esg_report.txt,False
643,19,8792,50.107957,25,119,94,False,0.381679,0.94,0.283333,0.0,0.998264,1,1.02,600089.SH,特变电工,Q_E_CLEAN_ENERGY_INTENSITY,绿色/可再生/清洁能源生产/使用强度,E,False,0,,,0,missing_candidate,extend_extraction_rules,2,related_fields_incomplete,,2,data/text/600089.SH/2025/annual_report.txt|data/text/600089.SH/2025/esg_report.txt,False
644,19,8795,50.094118,301,444,143,False,0.331126,1.0,0.273333,0.0,0.998264,1,0.984,300444.SZ,双杰电气,Q_E_ALTERNATIVE_WATER_RATE,再生水或其他替代水源占比,E,False,0,,,0,missing_candidate,extend_extraction_rules,2,related_fields_incomplete,,1,data/text/300444.SZ/2025/annual_report.txt,False
645,19,8796,50.094118,301,428,127,False,0.331126,1.0,0.273333,0.0,0.998264,1,0.984,688223.SH,晶科能源,Q_E_ALTERNATIVE_WATER_RATE,再生水或其他替代水源占比,E,False,0,,,0,missing_candidate,extend_extraction_rules,2,related_fields_incomplete,,1,data/text/688223.SH/2025/annual_report.txt,False
646,19,8799,50.078793,306,529,223,False,0.320513,1.0,0.283333,0.0,0.998264,1,1.02,002169.SZ,智光电气,Q_E_CLEAN_ENERGY_INTENSITY,绿色/可再生/清洁能源生产/使用强度,E,False,0,,,0,missing_candidate,extend_extraction_rules,2,related_fields_incomplete,,1,data/text/002169.SZ/2025/annual_report.txt,False
647,19,8800,50.078793,306,518,212,False,0.320513,1.0,0.283333,0.0,0.998264,1,1.02,301349.SZ,信德新材,Q_E_CLEAN_ENERGY_INTENSITY,绿色/可再生/清洁能源生产/使用强度,E,False,0,,,0,missing_candidate,extend_extraction_rules,2,related_fields_incomplete,,1,data/text/301349.SZ/2025/annual_report.txt,False
648,19,8802,50.071074,248,329,81,False,0.510204,0.81,0.283333,0.0,0.998264,1,1.02,002267.SZ,陕天然气,Q_E_CLEAN_ENERGY_INTENSITY,绿色/可再生/清洁能源生产/使用强度,E,False,0,,,0,missing_candidate,extend_extraction_rules,2,related_fields_incomplete,,1,data/text/002267.SZ/2025/annual_report.txt,False
649,19,8803,50.070874,252,335,83,False,0.490196,0.83,0.283333,0.0,0.998264,1,1.02,300932.SZ,三友联众,Q_E_CLEAN_ENERGY_INTENSITY,绿色/可再生/清洁能源生产/使用强度,E,False,0,,,0,missing_candidate,extend_extraction_rules,2,related_fields_incomplete,,1,data/text/300932.SZ/2025/annual_report.txt,False
650,19,8812,50.027756,307,450,143,False,0.318471,1.0,0.283333,0.0,0.998264,1,1.02,600333.SH,长春燃气,Q_E_CLEAN_ENERGY_INTENSITY,绿色/可再生/清洁能源生产/使用强度,E,False,0,,,0,missing_candidate,extend_extraction_rules,2,related_fields_incomplete,,1,data/text/600333.SH/2025/annual_report.txt,False
651,19,8813,50.027756,307,558,251,False,0.318471,1.0,0.283333,0.0,0.998264,1,1.02,920252.BJ,天宏锂电,Q_E_CLEAN_ENERGY_INTENSITY,绿色/可再生/清洁能源生产/使用强度,E,False,0,,,0,missing_candidate,extend_extraction_rules,2,related_fields_incomplete,,1,data/text/920252.BJ/2025/annual_report.txt,False
652,19,8823,49.985907,303,447,144,False,0.326797,1.0,0.273333,0.0,0.998264,1,0.984,300617.SZ,安靠智电,Q_E_ALTERNATIVE_WATER_RATE,再生水或其他替代水源占比,E,False,0,,,0,missing_candidate,extend_extraction_rules,2,related_fields_incomplete,,1,data/text/300617.SZ/2025/annual_report.txt,False
653,19,8835,49.931914,219,278,59,False,0.724638,0.59,0.283333,0.0,0.998264,1,1.02,600416.SH,湘电股份,Q_E_CLEAN_ENERGY_INTENSITY,绿色/可再生/清洁能源生产/使用强度,E,False,0,,,0,missing_candidate,extend_extraction_rules,2,related_fields_incomplete,,1,data/text/600416.SH/2025/annual_report.txt,False
654,19,8845,49.890046,57,142,85,False,0.462963,0.85,0.283333,0.0,0.998264,1,1.02,688063.SH,派能科技,Q_E_CLEAN_ENERGY_INTENSITY,绿色/可再生/清洁能源生产/使用强度,E,False,0,,,0,missing_candidate,extend_extraction_rules,2,related_fields_incomplete,,2,data/text/688063.SH/2025/annual_report.txt|data/text/688063.SH/2025/esg_report.txt,False
655,19,8846,49.880488,305,430,125,False,0.322581,1.0,0.273333,0.0,0.998264,1,0.984,01738.HK,FS ANTHRACITE,Q_E_ALTERNATIVE_WATER_RATE,再生水或其他替代水源占比,E,False,0,,,0,missing_candidate,extend_extraction_rules,2,related_fields_incomplete,,2,data/text/hkex_reports/01738.HK/2025/annual_report.txt|data/text/hkex_reports/01738.HK/2025/esg_report.txt,False
656,19,8847,49.880488,305,410,105,False,0.322581,1.0,0.273333,0.0,0.998264,1,0.984,300283.SZ,温州宏丰,Q_E_ALTERNATIVE_WATER_RATE,再生水或其他替代水源占比,E,False,0,,,0,missing_candidate,extend_extraction_rules,2,related_fields_incomplete,,1,data/text/300283.SZ/2025/annual_report.txt,False
657,19,8848,49.880488,305,466,161,False,0.322581,1.0,0.273333,0.0,0.998264,1,0.984,300626.SZ,华瑞股份,Q_E_ALTERNATIVE_WATER_RATE,再生水或其他替代水源占比,E,False,0,,,0,missing_candidate,extend_extraction_rules,2,related_fields_incomplete,,1,data/text/300626.SZ/2025/annual_report.txt,False
658,19,8849,49.878472,310,467,157,False,0.3125,1.0,0.283333,0.0,0.998264,1,1.02,300457.SZ,赢合科技,Q_E_CLEAN_ENERGY_INTENSITY,绿色/可再生/清洁能源生产/使用强度,E,False,0,,,0,missing_candidate,extend_extraction_rules,2,related_fields_incomplete,,1,data/text/300457.SZ/2025/annual_report.txt,False
659,19,8852,49.868789,11,108,97,False,0.352113,0.97,0.273333,0.0,0.998264,1,0.984,000922.SZ,佳电股份,Q_E_ALTERNATIVE_WATER_RATE,再生水或其他替代水源占比,E,False,0,,,0,missing_candidate,extend_extraction_rules,2,related_fields_incomplete,,2,data/text/000922.SZ/2025/annual_report.txt|data/text/000922.SZ/2025/esg_report.txt,False
660,19,8855,49.857957,25,119,94,False,0.381679,0.94,0.273333,0.0,0.998264,1,0.984,600089.SH,特变电工,Q_E_ALTERNATIVE_WATER_RATE,再生水或其他替代水源占比,E,False,0,,,0,missing_candidate,extend_extraction_rules,2,related_fields_incomplete,,2,data/text/600089.SH/2025/annual_report.txt|data/text/600089.SH/2025/esg_report.txt,False
661,19,8864,49.828793,306,529,223,False,0.320513,1.0,0.273333,0.0,0.998264,1,0.984,002169.SZ,智光电气,Q_E_ALTERNATIVE_WATER_RATE,再生水或其他替代水源占比,E,False,0,,,0,missing_candidate,extend_extraction_rules,2,related_fields_incomplete,,1,data/text/002169.SZ/2025/annual_report.txt,False
662,19,8865,49.828793,306,518,212,False,0.320513,1.0,0.273333,0.0,0.998264,1,0.984,301349.SZ,信德新材,Q_E_ALTERNATIVE_WATER_RATE,再生水或其他替代水源占比,E,False,0,,,0,missing_candidate,extend_extraction_rules,2,related_fields_incomplete,,1,data/text/301349.SZ/2025/annual_report.txt,False
663,19,8868,49.821074,248,329,81,False,0.510204,0.81,0.273333,0.0,0.998264,1,0.984,002267.SZ,陕天然气,Q_E_ALTERNATIVE_WATER_RATE,再生水或其他替代水源占比,E,False,0,,,0,missing_candidate,extend_extraction_rules,2,related_fields_incomplete,,1,data/text/002267.SZ/2025/annual_report.txt,False
664,19,8869,49.820874,252,335,83,False,0.490196,0.83,0.273333,0.0,0.998264,1,0.984,300932.SZ,三友联众,Q_E_ALTERNATIVE_WATER_RATE,再生水或其他替代水源占比,E,False,0,,,0,missing_candidate,extend_extraction_rules,2,related_fields_incomplete,,1,data/text/300932.SZ/2025/annual_report.txt,False
665,19,8875,49.796741,131,185,54,False,0.769231,0.54,0.283333,0.0,0.998264,1,1.02,603659.SH,璞泰来,Q_E_CLEAN_ENERGY_INTENSITY,绿色/可再生/清洁能源生产/使用强度,E,False,0,,,0,missing_candidate,extend_extraction_rules,2,related_fields_incomplete,,1,data/text/603659.SH/2025/annual_report.txt,False
666,19,8884,49.777756,307,450,143,False,0.318471,1.0,0.273333,0.0,0.998264,1,0.984,600333.SH,长春燃气,Q_E_ALTERNATIVE_WATER_RATE,再生水或其他替代水源占比,E,False,0,,,0,missing_candidate,extend_extraction_rules,2,related_fields_incomplete,,1,data/text/600333.SH/2025/annual_report.txt,False
667,19,8885,49.777756,307,558,251,False,0.318471,1.0,0.273333,0.0,0.998264,1,0.984,920252.BJ,天宏锂电,Q_E_ALTERNATIVE_WATER_RATE,再生水或其他替代水源占比,E,False,0,,,0,missing_candidate,extend_extraction_rules,2,related_fields_incomplete,,1,data/text/920252.BJ/2025/annual_report.txt,False
668,19,8894,49.734684,313,481,168,False,0.306748,1.0,0.283333,0.0,0.998264,1,1.02,600192.SH,长城电工,Q_E_CLEAN_ENERGY_INTENSITY,绿色/可再生/清洁能源生产/使用强度,E,False,0,,,0,missing_candidate,extend_extraction_rules,2,related_fields_incomplete,,1,data/text/600192.SH/2025/annual_report.txt,False
669,19,8899,49.681914,219,278,59,False,0.724638,0.59,0.273333,0.0,0.998264,1,0.984,600416.SH,湘电股份,Q_E_ALTERNATIVE_WATER_RATE,再生水或其他替代水源占比,E,False,0,,,0,missing_candidate,extend_extraction_rules,2,related_fields_incomplete,,1,data/text/600416.SH/2025/annual_report.txt,False
670,19,8903,49.657242,213,264,51,False,0.793651,0.51,0.283333,0.0,0.998264,1,1.02,601865.SH,福莱特,Q_E_CLEAN_ENERGY_INTENSITY,绿色/可再生/清洁能源生产/使用强度,E,False,0,,,0,missing_candidate,extend_extraction_rules,2,related_fields_incomplete,,1,data/text/601865.SH/2025/annual_report.txt,False
671,19,8905,49.64173,315,449,134,False,0.30303,1.0,0.283333,0.0,0.998264,1,1.02,300286.SZ,安科瑞,Q_E_CLEAN_ENERGY_INTENSITY,绿色/可再生/清洁能源生产/使用强度,E,False,0,,,0,missing_candidate,extend_extraction_rules,2,related_fields_incomplete,,1,data/text/300286.SZ/2025/annual_report.txt,False
672,19,8906,49.640046,57,142,85,False,0.462963,0.85,0.273333,0.0,0.998264,1,0.984,688063.SH,派能科技,Q_E_ALTERNATIVE_WATER_RATE,再生水或其他替代水源占比,E,False,0,,,0,missing_candidate,extend_extraction_rules,2,related_fields_incomplete,,2,data/text/688063.SH/2025/annual_report.txt|data/text/688063.SH/2025/esg_report.txt,False
673,19,8907,49.628472,310,467,157,False,0.3125,1.0,0.273333,0.0,0.998264,1,0.984,300457.SZ,赢合科技,Q_E_ALTERNATIVE_WATER_RATE,再生水或其他替代水源占比,E,False,0,,,0,missing_candidate,extend_extraction_rules,2,related_fields_incomplete,,1,data/text/300457.SZ/2025/annual_report.txt,False
674,19,8940,49.551002,317,443,126,False,0.299401,1.0,0.283333,0.0,0.998264,1,1.02,300432.SZ,富临精工,Q_E_CLEAN_ENERGY_INTENSITY,绿色/可再生/清洁能源生产/使用强度,E,False,0,,,0,missing_candidate,extend_extraction_rules,2,related_fields_incomplete,,1,data/text/300432.SZ/2025/annual_report.txt,False
675,19,8944,49.546741,131,185,54,False,0.769231,0.54,0.273333,0.0,0.998264,1,0.984,603659.SH,璞泰来,Q_E_ALTERNATIVE_WATER_RATE,再生水或其他替代水源占比,E,False,0,,,0,missing_candidate,extend_extraction_rules,2,related_fields_incomplete,,1,data/text/603659.SH/2025/annual_report.txt,False
676,19,8963,49.506448,318,440,122,False,0.297619,1.0,0.283333,0.0,0.998264,1,1.02,300842.SZ,帝科股份,Q_E_CLEAN_ENERGY_INTENSITY,绿色/可再生/清洁能源生产/使用强度,E,False,0,,,0,missing_candidate,extend_extraction_rules,2,related_fields_incomplete,,1,data/text/300842.SZ/2025/annual_report.txt,False
677,19,8968,49.484684,313,481,168,False,0.306748,1.0,0.273333,0.0,0.998264,1,0.984,600192.SH,长城电工,Q_E_ALTERNATIVE_WATER_RATE,再生水或其他替代水源占比,E,False,0,,,0,missing_candidate,extend_extraction_rules,2,related_fields_incomplete,,1,data/text/600192.SH/2025/annual_report.txt,False
678,19,8981,49.423115,122,180,58,False,0.714286,0.58,0.283333,0.0,0.998264,1,1.02,301358.SZ,湖南裕能,Q_E_CLEAN_ENERGY_INTENSITY,绿色/可再生/清洁能源生产/使用强度,E,False,0,,,0,missing_candidate,extend_extraction_rules,2,related_fields_incomplete,,1,data/text/301358.SZ/2025/annual_report.txt,False
679,19,8983,49.418913,320,512,192,False,0.294118,1.0,0.283333,0.0,0.998264,1,1.02,605378.SH,野马电池,Q_E_CLEAN_ENERGY_INTENSITY,绿色/可再生/清洁能源生产/使用强度,E,False,0,,,0,missing_candidate,extend_extraction_rules,2,related_fields_incomplete,,1,data/text/605378.SH/2025/annual_report.txt,False
680,19,8986,49.407242,213,264,51,False,0.793651,0.51,0.273333,0.0,0.998264,1,0.984,601865.SH,福莱特,Q_E_ALTERNATIVE_WATER_RATE,再生水或其他替代水源占比,E,False,0,,,0,missing_candidate,extend_extraction_rules,2,related_fields_incomplete,,1,data/text/601865.SH/2025/annual_report.txt,False
681,19,8990,49.399306,300,396,96,False,0.333333,0.96,0.283333,0.0,0.998264,1,1.02,301292.SZ,海科新源,Q_E_CLEAN_ENERGY_INTENSITY,绿色/可再生/清洁能源生产/使用强度,E,False,0,,,0,missing_candidate,extend_extraction_rules,2,related_fields_incomplete,,1,data/text/301292.SZ/2025/annual_report.txt,False
682,19,8993,49.39173,315,449,134,False,0.30303,1.0,0.273333,0.0,0.998264,1,0.984,300286.SZ,安科瑞,Q_E_ALTERNATIVE_WATER_RATE,再生水或其他替代水源占比,E,False,0,,,0,missing_candidate,extend_extraction_rules,2,related_fields_incomplete,,1,data/text/300286.SZ/2025/annual_report.txt,False
683,19,9007,49.335203,65,146,81,False,0.480769,0.81,0.283333,0.0,0.998264,1,1.02,002706.SZ,良信股份,Q_E_CLEAN_ENERGY_INTENSITY,绿色/可再生/清洁能源生产/使用强度,E,False,0,,,0,missing_candidate,extend_extraction_rules,2,related_fields_incomplete,,2,data/text/002706.SZ/2025/annual_report.txt|data/text/002706.SZ/2025/esg_report.txt,False
684,19,9009,49.333414,322,510,188,False,0.290698,1.0,0.283333,0.0,0.998264,1,1.02,002245.SZ,蔚蓝锂芯,Q_E_CLEAN_ENERGY_INTENSITY,绿色/可再生/清洁能源生产/使用强度,E,False,0,,,0,missing_candidate,extend_extraction_rules,2,related_fields_incomplete,,1,data/text/002245.SZ/2025/annual_report.txt,False
685,19,9023,49.301002,317,443,126,False,0.299401,1.0,0.273333,0.0,0.998264,1,0.984,300432.SZ,富临精工,Q_E_ALTERNATIVE_WATER_RATE,再生水或其他替代水源占比,E,False,0,,,0,missing_candidate,extend_extraction_rules,2,related_fields_incomplete,,1,data/text/300432.SZ/2025/annual_report.txt,False
686,19,9027,49.291406,323,432,109,False,0.289017,1.0,0.283333,0.0,0.998264,1,1.02,300153.SZ,科泰电源,Q_E_CLEAN_ENERGY_INTENSITY,绿色/可再生/清洁能源生产/使用强度,E,False,0,,,0,missing_candidate,extend_extraction_rules,2,related_fields_incomplete,,1,data/text/300153.SZ/2025/annual_report.txt,False
687,19,9035,49.256448,318,440,122,False,0.297619,1.0,0.273333,0.0,0.998264,1,0.984,300842.SZ,帝科股份,Q_E_ALTERNATIVE_WATER_RATE,再生水或其他替代水源占比,E,False,0,,,0,missing_candidate,extend_extraction_rules,2,related_fields_incomplete,,1,data/text/300842.SZ/2025/annual_report.txt,False
688,19,9037,49.24988,324,471,147,False,0.287356,1.0,0.283333,0.0,0.998264,1,1.02,688573.SH,信宇人,Q_E_CLEAN_ENERGY_INTENSITY,绿色/可再生/清洁能源生产/使用强度,E,False,0,,,0,missing_candidate,extend_extraction_rules,2,related_fields_incomplete,,1,data/text/688573.SH/2025/annual_report.txt,False
689,19,9038,49.246528,294,388,94,False,0.347222,0.94,0.283333,0.0,0.998264,1,1.02,002202.SZ,金风科技,Q_E_CLEAN_ENERGY_INTENSITY,绿色/可再生/清洁能源生产/使用强度,E,False,0,,,0,missing_candidate,extend_extraction_rules,2,related_fields_incomplete,,1,data/text/002202.SZ/2025/annual_report.txt,False
690,19,9057,49.179609,57,140,83,False,0.454545,0.83,0.283333,0.0,0.998264,1,1.02,601012.SH,隆基绿能,Q_E_CLEAN_ENERGY_INTENSITY,绿色/可再生/清洁能源生产/使用强度,E,False,0,,,0,missing_candidate,extend_extraction_rules,2,related_fields_incomplete,,2,data/text/601012.SH/2025/annual_report.txt|data/text/601012.SH/2025/esg_report.txt,False
691,19,9062,49.173115,122,180,58,False,0.714286,0.58,0.273333,0.0,0.998264,1,0.984,301358.SZ,湖南裕能,Q_E_ALTERNATIVE_WATER_RATE,再生水或其他替代水源占比,E,False,0,,,0,missing_candidate,extend_extraction_rules,2,related_fields_incomplete,,1,data/text/301358.SZ/2025/annual_report.txt,False
692,19,9064,49.168913,320,512,192,False,0.294118,1.0,0.273333,0.0,0.998264,1,0.984,605378.SH,野马电池,Q_E_ALTERNATIVE_WATER_RATE,再生水或其他替代水源占比,E,False,0,,,0,missing_candidate,extend_extraction_rules,2,related_fields_incomplete,,1,data/text/605378.SH/2025/annual_report.txt,False
693,19,9067,49.149306,300,396,96,False,0.333333,0.96,0.273333,0.0,0.998264,1,0.984,301292.SZ,海科新源,Q_E_ALTERNATIVE_WATER_RATE,再生水或其他替代水源占比,E,False,0,,,0,missing_candidate,extend_extraction_rules,2,related_fields_incomplete,,1,data/text/301292.SZ/2025/annual_report.txt,False
694,19,9072,49.128119,327,430,103,False,0.282486,1.0,0.283333,0.0,0.998264,1,1.02,000966.SZ,长源电力,Q_E_CLEAN_ENERGY_INTENSITY,绿色/可再生/清洁能源生产/使用强度,E,False,0,,,0,missing_candidate,extend_extraction_rules,2,related_fields_incomplete,,1,data/text/000966.SZ/2025/annual_report.txt,False
695,19,9073,49.128119,327,545,218,False,0.282486,1.0,0.283333,0.0,0.998264,1,1.02,920237.BJ,力佳科技,Q_E_CLEAN_ENERGY_INTENSITY,绿色/可再生/清洁能源生产/使用强度,E,False,0,,,0,missing_candidate,extend_extraction_rules,2,related_fields_incomplete,,1,data/text/920237.BJ/2025/annual_report.txt,False
696,19,9092,49.085203,65,146,81,False,0.480769,0.81,0.273333,0.0,0.998264,1,0.984,002706.SZ,良信股份,Q_E_ALTERNATIVE_WATER_RATE,再生水或其他替代水源占比,E,False,0,,,0,missing_candidate,extend_extraction_rules,2,related_fields_incomplete,,2,data/text/002706.SZ/2025/annual_report.txt|data/text/002706.SZ/2025/esg_report.txt,False
697,19,9093,49.083414,322,510,188,False,0.290698,1.0,0.273333,0.0,0.998264,1,0.984,002245.SZ,蔚蓝锂芯,Q_E_ALTERNATIVE_WATER_RATE,再生水或其他替代水源占比,E,False,0,,,0,missing_candidate,extend_extraction_rules,2,related_fields_incomplete,,1,data/text/002245.SZ/2025/annual_report.txt,False
698,19,9099,49.049212,329,453,124,False,0.27933,1.0,0.283333,0.0,0.998264,1,1.02,300340.SZ,科恒股份,Q_E_CLEAN_ENERGY_INTENSITY,绿色/可再生/清洁能源生产/使用强度,E,False,0,,,0,missing_candidate,extend_extraction_rules,2,related_fields_incomplete,,1,data/text/300340.SZ/2025/annual_report.txt,False
699,19,9102,49.041406,323,432,109,False,0.289017,1.0,0.273333,0.0,0.998264,1,0.984,300153.SZ,科泰电源,Q_E_ALTERNATIVE_WATER_RATE,再生水或其他替代水源占比,E,False,0,,,0,missing_candidate,extend_extraction_rules,2,related_fields_incomplete,,1,data/text/300153.SZ/2025/annual_report.txt,False
700,19,9109,48.99988,324,471,147,False,0.287356,1.0,0.273333,0.0,0.998264,1,0.984,688573.SH,信宇人,Q_E_ALTERNATIVE_WATER_RATE,再生水或其他替代水源占比,E,False,0,,,0,missing_candidate,extend_extraction_rules,2,related_fields_incomplete,,1,data/text/688573.SH/2025/annual_report.txt,False
701,19,9110,48.996528,294,388,94,False,0.347222,0.94,0.273333,0.0,0.998264,1,0.984,002202.SZ,金风科技,Q_E_ALTERNATIVE_WATER_RATE,再生水或其他替代水源占比,E,False,0,,,0,missing_candidate,extend_extraction_rules,2,related_fields_incomplete,,1,data/text/002202.SZ/2025/annual_report.txt,False
702,19,9116,48.97205,331,497,166,False,0.276243,1.0,0.283333,0.0,0.998264,1,1.02,002196.SZ,方正电机,Q_E_CLEAN_ENERGY_INTENSITY,绿色/可再生/清洁能源生产/使用强度,E,False,0,,,0,missing_candidate,extend_extraction_rules,2,related_fields_incomplete,,1,data/text/002196.SZ/2025/annual_report.txt,False
703,19,9117,48.97205,331,527,196,False,0.276243,1.0,0.283333,0.0,0.998264,1,1.02,08132.HK,CENTURY EN INTL,Q_E_CLEAN_ENERGY_INTENSITY,绿色/可再生/清洁能源生产/使用强度,E,False,0,,,0,missing_candidate,extend_extraction_rules,2,related_fields_incomplete,,1,data/text/hkex_reports/08132.HK/2025/annual_report.txt,False
704,19,9124,48.934104,332,440,108,False,0.274725,1.0,0.283333,0.0,0.998264,1,1.02,601611.SH,中国核建,Q_E_CLEAN_ENERGY_INTENSITY,绿色/可再生/清洁能源生产/使用强度,E,False,0,,,0,missing_candidate,extend_extraction_rules,2,related_fields_incomplete,,1,data/text/601611.SH/2025/annual_report.txt,False
705,19,9126,48.929609,57,140,83,False,0.454545,0.83,0.273333,0.0,0.998264,1,0.984,601012.SH,隆基绿能,Q_E_ALTERNATIVE_WATER_RATE,再生水或其他替代水源占比,E,False,0,,,0,missing_candidate,extend_extraction_rules,2,related_fields_incomplete,,2,data/text/601012.SH/2025/annual_report.txt|data/text/601012.SH/2025/esg_report.txt,False
706,19,9127,48.927083,120,178,58,False,0.694444,0.58,0.283333,0.0,0.998264,1,1.02,688717.SH,艾罗能源,Q_E_CLEAN_ENERGY_INTENSITY,绿色/可再生/清洁能源生产/使用强度,E,False,0,,,0,missing_candidate,extend_extraction_rules,2,related_fields_incomplete,,1,data/text/688717.SH/2025/annual_report.txt,False
707,19,9132,48.896573,333,465,132,False,0.273224,1.0,0.283333,0.0,0.998264,1,1.02,300690.SZ,双一科技,Q_E_CLEAN_ENERGY_INTENSITY,绿色/可再生/清洁能源生产/使用强度,E,False,0,,,0,missing_candidate,extend_extraction_rules,2,related_fields_incomplete,,1,data/text/300690.SZ/2025/annual_report.txt,False
708,19,9139,48.888757,229,293,64,False,0.632911,0.64,0.283333,0.0,0.998264,1,1.02,688556.SH,高测股份,Q_E_CLEAN_ENERGY_INTENSITY,绿色/可再生/清洁能源生产/使用强度,E,False,0,,,0,missing_candidate,extend_extraction_rules,2,related_fields_incomplete,,1,data/text/688556.SH/2025/annual_report.txt,False
709,19,9141,48.878119,327,430,103,False,0.282486,1.0,0.273333,0.0,0.998264,1,0.984,000966.SZ,长源电力,Q_E_ALTERNATIVE_WATER_RATE,再生水或其他替代水源占比,E,False,0,,,0,missing_candidate,extend_extraction_rules,2,related_fields_incomplete,,1,data/text/000966.SZ/2025/annual_report.txt,False
710,19,9142,48.878119,327,545,218,False,0.282486,1.0,0.273333,0.0,0.998264,1,0.984,920237.BJ,力佳科技,Q_E_ALTERNATIVE_WATER_RATE,再生水或其他替代水源占比,E,False,0,,,0,missing_candidate,extend_extraction_rules,2,related_fields_incomplete,,1,data/text/920237.BJ/2025/annual_report.txt,False
711,19,9151,48.85945,334,543,209,False,0.271739,1.0,0.283333,0.0,0.998264,1,1.02,00061.HK,GREEN LEAD-NEW,Q_E_CLEAN_ENERGY_INTENSITY,绿色/可再生/清洁能源生产/使用强度,E,False,0,,,0,missing_candidate,extend_extraction_rules,2,related_fields_incomplete,,2,data/text/hkex_reports/00061.HK/2025/annual_report.txt|data/text/hkex_reports/00061.HK/2025/esg_report.txt,False
712,19,9165,48.808778,20,111,91,False,0.359712,0.91,0.283333,0.0,0.998264,1,1.02,00135.HK,KUNLUN ENERGY,Q_E_CLEAN_ENERGY_INTENSITY,绿色/可再生/清洁能源生产/使用强度,E,False,0,,,0,missing_candidate,extend_extraction_rules,2,related_fields_incomplete,,2,data/text/hkex_reports/00135.HK/2025/annual_report.txt|data/text/hkex_reports/00135.HK/2025/esg_report.txt,False
713,19,9166,48.808778,289,380,91,False,0.359712,0.91,0.283333,0.0,0.998264,1,1.02,002927.SZ,泰永长征,Q_E_CLEAN_ENERGY_INTENSITY,绿色/可再生/清洁能源生产/使用强度,E,False,0,,,0,missing_candidate,extend_extraction_rules,2,related_fields_incomplete,,1,data/text/002927.SZ/2025/annual_report.txt,False
714,19,9169,48.799212,329,453,124,False,0.27933,1.0,0.273333,0.0,0.998264,1,0.984,300340.SZ,科恒股份,Q_E_ALTERNATIVE_WATER_RATE,再生水或其他替代水源占比,E,False,0,,,0,missing_candidate,extend_extraction_rules,2,related_fields_incomplete,,1,data/text/300340.SZ/2025/annual_report.txt,False
715,19,9171,48.786402,336,468,132,False,0.268817,1.0,0.283333,0.0,0.998264,1,1.02,300265.SZ,通光线缆,Q_E_CLEAN_ENERGY_INTENSITY,绿色/可再生/清洁能源生产/使用强度,E,False,0,,,0,missing_candidate,extend_extraction_rules,2,related_fields_incomplete,,1,data/text/300265.SZ/2025/annual_report.txt,False
716,19,9172,48.786402,336,499,163,False,0.268817,1.0,0.283333,0.0,0.998264,1,1.02,603806.SH,福斯特,Q_E_CLEAN_ENERGY_INTENSITY,绿色/可再生/清洁能源生产/使用强度,E,False,0,,,0,missing_candidate,extend_extraction_rules,2,related_fields_incomplete,,1,data/text/603806.SH/2025/annual_report.txt,False
717,19,9197,48.72205,331,497,166,False,0.276243,1.0,0.273333,0.0,0.998264,1,0.984,002196.SZ,方正电机,Q_E_ALTERNATIVE_WATER_RATE,再生水或其他替代水源占比,E,False,0,,,0,missing_candidate,extend_extraction_rules,2,related_fields_incomplete,,1,data/text/002196.SZ/2025/annual_report.txt,False
718,19,9198,48.72205,331,527,196,False,0.276243,1.0,0.273333,0.0,0.998264,1,0.984,08132.HK,CENTURY EN INTL,Q_E_ALTERNATIVE_WATER_RATE,再生水或其他替代水源占比,E,False,0,,,0,missing_candidate,extend_extraction_rules,2,related_fields_incomplete,,1,data/text/hkex_reports/08132.HK/2025/annual_report.txt,False
719,19,9201,48.714908,338,553,215,False,0.265957,1.0,0.283333,0.0,0.998264,1,1.02,920368.BJ,连城数控,Q_E_CLEAN_ENERGY_INTENSITY,绿色/可再生/清洁能源生产/使用强度,E,False,0,,,0,missing_candidate,extend_extraction_rules,2,related_fields_incomplete,,1,data/text/920368.BJ/2025/annual_report.txt,False
720,19,9210,48.684104,332,440,108,False,0.274725,1.0,0.273333,0.0,0.998264,1,0.984,601611.SH,中国核建,Q_E_ALTERNATIVE_WATER_RATE,再生水或其他替代水源占比,E,False,0,,,0,missing_candidate,extend_extraction_rules,2,related_fields_incomplete,,1,data/text/601611.SH/2025/annual_report.txt,False
721,19,9212,48.679729,339,459,120,False,0.26455,1.0,0.283333,0.0,0.998264,1,1.02,603489.SH,八方股份,Q_E_CLEAN_ENERGY_INTENSITY,绿色/可再生/清洁能源生产/使用强度,E,False,0,,,0,missing_candidate,extend_extraction_rules,2,related_fields_incomplete,,1,data/text/603489.SH/2025/annual_report.txt,False
722,19,9213,48.677083,120,178,58,False,0.694444,0.58,0.273333,0.0,0.998264,1,0.984,688717.SH,艾罗能源,Q_E_ALTERNATIVE_WATER_RATE,再生水或其他替代水源占比,E,False,0,,,0,missing_candidate,extend_extraction_rules,2,related_fields_incomplete,,1,data/text/688717.SH/2025/annual_report.txt,False
723,19,9221,48.646573,333,432,99,False,0.273224,0.99,0.283333,0.0,0.998264,1,1.02,002221.SZ,东华能源,Q_E_CLEAN_ENERGY_INTENSITY,绿色/可再生/清洁能源生产/使用强度,E,False,0,,,0,missing_candidate,extend_extraction_rules,2,related_fields_incomplete,,1,data/text/002221.SZ/2025/annual_report.txt,False
724,19,9222,48.646573,333,465,132,False,0.273224,1.0,0.273333,0.0,0.998264,1,0.984,300690.SZ,双一科技,Q_E_ALTERNATIVE_WATER_RATE,再生水或其他替代水源占比,E,False,0,,,0,missing_candidate,extend_extraction_rules,2,related_fields_incomplete,,1,data/text/300690.SZ/2025/annual_report.txt,False
725,19,9223,48.64492,340,521,181,False,0.263158,1.0,0.283333,0.0,0.998264,1,1.02,000049.SZ,德赛电池,Q_E_CLEAN_ENERGY_INTENSITY,绿色/可再生/清洁能源生产/使用强度,E,False,0,,,0,missing_candidate,extend_extraction_rules,2,related_fields_incomplete,,1,data/text/000049.SZ/2025/annual_report.txt,False
726,19,9224,48.638757,229,293,64,False,0.632911,0.64,0.273333,0.0,0.998264,1,0.984,688556.SH,高测股份,Q_E_ALTERNATIVE_WATER_RATE,再生水或其他替代水源占比,E,False,0,,,0,missing_candidate,extend_extraction_rules,2,related_fields_incomplete,,1,data/text/688556.SH/2025/annual_report.txt,False
727,19,9231,48.610475,341,470,129,False,0.26178,1.0,0.283333,0.0,0.998264,1,1.02,002865.SZ,钧达股份,Q_E_CLEAN_ENERGY_INTENSITY,绿色/可再生/清洁能源生产/使用强度,E,False,0,,,0,missing_candidate,extend_extraction_rules,2,related_fields_incomplete,,1,data/text/002865.SZ/2025/annual_report.txt,False
728,19,9232,48.610475,341,551,210,False,0.26178,1.0,0.283333,0.0,0.998264,1,1.02,600688.SH,上海石化,Q_E_CLEAN_ENERGY_INTENSITY,绿色/可再生/清洁能源生产/使用强度,E,False,0,,,0,missing_candidate,extend_extraction_rules,2,related_fields_incomplete,,2,data/text/600688.SH/2025/annual_report.txt|data/text/600688.SH/2025/esg_report.txt,False
729,19,9233,48.60945,334,543,209,False,0.271739,1.0,0.273333,0.0,0.998264,1,0.984,00061.HK,GREEN LEAD-NEW,Q_E_ALTERNATIVE_WATER_RATE,再生水或其他替代水源占比,E,False,0,,,0,missing_candidate,extend_extraction_rules,2,related_fields_incomplete,,2,data/text/hkex_reports/00061.HK/2025/annual_report.txt|data/text/hkex_reports/00061.HK/2025/esg_report.txt,False
730,19,9243,48.576389,342,458,116,False,0.260417,1.0,0.283333,0.0,0.998264,1,1.02,603212.SH,赛伍技术,Q_E_CLEAN_ENERGY_INTENSITY,绿色/可再生/清洁能源生产/使用强度,E,False,0,,,0,missing_candidate,extend_extraction_rules,2,related_fields_incomplete,,1,data/text/603212.SH/2025/annual_report.txt,False
731,19,9257,48.558778,20,111,91,False,0.359712,0.91,0.273333,0.0,0.998264,1,0.984,00135.HK,KUNLUN ENERGY,Q_E_ALTERNATIVE_WATER_RATE,再生水或其他替代水源占比,E,False,0,,,0,missing_candidate,extend_extraction_rules,2,related_fields_incomplete,,2,data/text/hkex_reports/00135.HK/2025/annual_report.txt|data/text/hkex_reports/00135.HK/2025/esg_report.txt,False
732,19,9258,48.558778,289,380,91,False,0.359712,0.91,0.273333,0.0,0.998264,1,0.984,002927.SZ,泰永长征,Q_E_ALTERNATIVE_WATER_RATE,再生水或其他替代水源占比,E,False,0,,,0,missing_candidate,extend_extraction_rules,2,related_fields_incomplete,,1,data/text/002927.SZ/2025/annual_report.txt,False
733,19,9263,48.542656,343,455,112,False,0.259067,1.0,0.283333,0.0,0.998264,1,1.02,301456.SZ,盘古智能,Q_E_CLEAN_ENERGY_INTENSITY,绿色/可再生/清洁能源生产/使用强度,E,False,0,,,0,missing_candidate,extend_extraction_rules,2,related_fields_incomplete,,1,data/text/301456.SZ/2025/annual_report.txt,False
734,19,9264,48.536402,336,468,132,False,0.268817,1.0,0.273333,0.0,0.998264,1,0.984,300265.SZ,通光线缆,Q_E_ALTERNATIVE_WATER_RATE,再生水或其他替代水源占比,E,False,0,,,0,missing_candidate,extend_extraction_rules,2,related_fields_incomplete,,1,data/text/300265.SZ/2025/annual_report.txt,False
735,19,9265,48.536402,336,499,163,False,0.268817,1.0,0.273333,0.0,0.998264,1,0.984,603806.SH,福斯特,Q_E_ALTERNATIVE_WATER_RATE,再生水或其他替代水源占比,E,False,0,,,0,missing_candidate,extend_extraction_rules,2,related_fields_incomplete,,1,data/text/603806.SH/2025/annual_report.txt,False
736,19,9271,48.509271,344,463,119,False,0.257732,1.0,0.283333,0.0,0.998264,1,1.02,301238.SZ,瑞泰新材,Q_E_CLEAN_ENERGY_INTENSITY,绿色/可再生/清洁能源生产/使用强度,E,False,0,,,0,missing_candidate,extend_extraction_rules,2,related_fields_incomplete,,1,data/text/301238.SZ/2025/annual_report.txt,False
737,19,9281,48.464908,338,553,215,False,0.265957,1.0,0.273333,0.0,0.998264,1,0.984,920368.BJ,连城数控,Q_E_ALTERNATIVE_WATER_RATE,再生水或其他替代水源占比,E,False,0,,,0,missing_candidate,extend_extraction_rules,2,related_fields_incomplete,,1,data/text/920368.BJ/2025/annual_report.txt,False
738,19,9285,48.443523,346,491,145,False,0.255102,1.0,0.283333,0.0,0.998264,1,1.02,300443.SZ,金雷股份,Q_E_CLEAN_ENERGY_INTENSITY,绿色/可再生/清洁能源生产/使用强度,E,False,0,,,0,missing_candidate,extend_extraction_rules,2,related_fields_incomplete,,1,data/text/300443.SZ/2025/annual_report.txt,False
739,19,9289,48.429729,339,459,120,False,0.26455,1.0,0.273333,0.0,0.998264,1,0.984,603489.SH,八方股份,Q_E_ALTERNATIVE_WATER_RATE,再生水或其他替代水源占比,E,False,0,,,0,missing_candidate,extend_extraction_rules,2,related_fields_incomplete,,1,data/text/603489.SH/2025/annual_report.txt,False
740,19,9299,48.41115,347,448,101,False,0.253807,1.0,0.283333,0.0,0.998264,1,1.02,002015.SZ,协鑫能科,Q_E_CLEAN_ENERGY_INTENSITY,绿色/可再生/清洁能源生产/使用强度,E,False,0,,,0,missing_candidate,extend_extraction_rules,2,related_fields_incomplete,,1,data/text/002015.SZ/2025/annual_report.txt,False
741,19,9300,48.41115,347,560,213,False,0.253807,1.0,0.283333,0.0,0.998264,1,1.02,920809.BJ,安达科技,Q_E_CLEAN_ENERGY_INTENSITY,绿色/可再生/清洁能源生产/使用强度,E,False,0,,,0,missing_candidate,extend_extraction_rules,2,related_fields_incomplete,,1,data/text/920809.BJ/2025/annual_report.txt,False
742,19,9307,48.396573,333,432,99,False,0.273224,0.99,0.273333,0.0,0.998264,1,0.984,002221.SZ,东华能源,Q_E_ALTERNATIVE_WATER_RATE,再生水或其他替代水源占比,E,False,0,,,0,missing_candidate,extend_extraction_rules,2,related_fields_incomplete,,1,data/text/002221.SZ/2025/annual_report.txt,False
743,19,9309,48.39492,340,521,181,False,0.263158,1.0,0.273333,0.0,0.998264,1,0.984,000049.SZ,德赛电池,Q_E_ALTERNATIVE_WATER_RATE,再生水或其他替代水源占比,E,False,0,,,0,missing_candidate,extend_extraction_rules,2,related_fields_incomplete,,1,data/text/000049.SZ/2025/annual_report.txt,False
744,19,9312,48.379104,348,462,114,False,0.252525,1.0,0.283333,0.0,0.998264,1,1.02,002451.SZ,摩恩电气,Q_E_CLEAN_ENERGY_INTENSITY,绿色/可再生/清洁能源生产/使用强度,E,False,0,,,0,missing_candidate,extend_extraction_rules,2,related_fields_incomplete,,1,data/text/002451.SZ/2025/annual_report.txt,False
745,19,9319,48.360475,341,470,129,False,0.26178,1.0,0.273333,0.0,0.998264,1,0.984,002865.SZ,钧达股份,Q_E_ALTERNATIVE_WATER_RATE,再生水或其他替代水源占比,E,False,0,,,0,missing_candidate,extend_extraction_rules,2,related_fields_incomplete,,1,data/text/002865.SZ/2025/annual_report.txt,False
746,19,9320,48.360475,341,551,210,False,0.26178,1.0,0.273333,0.0,0.998264,1,0.984,600688.SH,上海石化,Q_E_ALTERNATIVE_WATER_RATE,再生水或其他替代水源占比,E,False,0,,,0,missing_candidate,extend_extraction_rules,2,related_fields_incomplete,,2,data/text/600688.SH/2025/annual_report.txt|data/text/600688.SH/2025/esg_report.txt,False
747,19,9334,48.326389,342,458,116,False,0.260417,1.0,0.273333,0.0,0.998264,1,0.984,603212.SH,赛伍技术,Q_E_ALTERNATIVE_WATER_RATE,再生水或其他替代水源占比,E,False,0,,,0,missing_candidate,extend_extraction_rules,2,related_fields_incomplete,,1,data/text/603212.SH/2025/annual_report.txt,False
748,19,9347,48.292656,343,455,112,False,0.259067,1.0,0.273333,0.0,0.998264,1,0.984,301456.SZ,盘古智能,Q_E_ALTERNATIVE_WATER_RATE,再生水或其他替代水源占比,E,False,0,,,0,missing_candidate,extend_extraction_rules,2,related_fields_incomplete,,1,data/text/301456.SZ/2025/annual_report.txt,False
749,19,9351,48.263341,226,285,59,False,0.657895,0.59,0.283333,0.0,0.998264,1,1.02,600149.SH,廊坊发展,Q_E_CLEAN_ENERGY_INTENSITY,绿色/可再生/清洁能源生产/使用强度,E,False,0,,,0,missing_candidate,extend_extraction_rules,2,related_fields_incomplete,,1,data/text/600149.SH/2025/annual_report.txt,False
750,19,9354,48.259271,344,463,119,False,0.257732,1.0,0.273333,0.0,0.998264,1,0.984,301238.SZ,瑞泰新材,Q_E_ALTERNATIVE_WATER_RATE,再生水或其他替代水源占比,E,False,0,,,0,missing_candidate,extend_extraction_rules,2,related_fields_incomplete,,1,data/text/301238.SZ/2025/annual_report.txt,False
751,19,9372,48.223608,353,457,104,False,0.246305,1.0,0.283333,0.0,0.998264,1,1.02,301157.SZ,华塑科技,Q_E_CLEAN_ENERGY_INTENSITY,绿色/可再生/清洁能源生产/使用强度,E,False,0,,,0,missing_candidate,extend_extraction_rules,2,related_fields_incomplete,,1,data/text/301157.SZ/2025/annual_report.txt,False
752,19,9377,48.193523,346,491,145,False,0.255102,1.0,0.273333,0.0,0.998264,1,0.984,300443.SZ,金雷股份,Q_E_ALTERNATIVE_WATER_RATE,再生水或其他替代水源占比,E,False,0,,,0,missing_candidate,extend_extraction_rules,2,related_fields_incomplete,,1,data/text/300443.SZ/2025/annual_report.txt,False
753,19,9378,48.193423,354,476,122,False,0.245098,1.0,0.283333,0.0,0.998264,1,1.02,300907.SZ,康平科技,Q_E_CLEAN_ENERGY_INTENSITY,绿色/可再生/清洁能源生产/使用强度,E,False,0,,,0,missing_candidate,extend_extraction_rules,2,related_fields_incomplete,,1,data/text/300907.SZ/2025/annual_report.txt,False
754,19,9386,48.16115,347,448,101,False,0.253807,1.0,0.273333,0.0,0.998264,1,0.984,002015.SZ,协鑫能科,Q_E_ALTERNATIVE_WATER_RATE,再生水或其他替代水源占比,E,False,0,,,0,missing_candidate,extend_extraction_rules,2,related_fields_incomplete,,1,data/text/002015.SZ/2025/annual_report.txt,False
755,19,9387,48.16115,347,560,213,False,0.253807,1.0,0.273333,0.0,0.998264,1,0.984,920809.BJ,安达科技,Q_E_ALTERNATIVE_WATER_RATE,再生水或其他替代水源占比,E,False,0,,,0,missing_candidate,extend_extraction_rules,2,related_fields_incomplete,,1,data/text/920809.BJ/2025/annual_report.txt,False
756,19,9395,48.133933,356,535,179,False,0.242718,1.0,0.283333,0.0,0.998264,1,1.02,600452.SH,涪陵电力,Q_E_CLEAN_ENERGY_INTENSITY,绿色/可再生/清洁能源生产/使用强度,E,False,0,,,0,missing_candidate,extend_extraction_rules,2,related_fields_incomplete,,1,data/text/600452.SH/2025/annual_report.txt,False
757,19,9397,48.129104,348,462,114,False,0.252525,1.0,0.273333,0.0,0.998264,1,0.984,002451.SZ,摩恩电气,Q_E_ALTERNATIVE_WATER_RATE,再生水或其他替代水源占比,E,False,0,,,0,missing_candidate,extend_extraction_rules,2,related_fields_incomplete,,1,data/text/002451.SZ/2025/annual_report.txt,False
758,19,9420,48.075588,358,500,142,False,0.240385,1.0,0.283333,0.0,0.998264,1,1.02,600725.SH,云维股份,Q_E_CLEAN_ENERGY_INTENSITY,绿色/可再生/清洁能源生产/使用强度,E,False,0,,,0,missing_candidate,extend_extraction_rules,2,related_fields_incomplete,,2,data/text/600725.SH/2025/annual_report.txt|data/text/600725.SH/2025/esg_report.txt,False
759,19,9448,48.013341,226,285,59,False,0.657895,0.59,0.273333,0.0,0.998264,1,0.984,600149.SH,廊坊发展,Q_E_ALTERNATIVE_WATER_RATE,再生水或其他替代水源占比,E,False,0,,,0,missing_candidate,extend_extraction_rules,2,related_fields_incomplete,,1,data/text/600149.SH/2025/annual_report.txt,False
760,19,9451,48.006832,243,313,70,False,0.537634,0.7,0.283333,0.0,0.998264,1,1.02,002606.SZ,大连电瓷,Q_E_CLEAN_ENERGY_INTENSITY,绿色/可再生/清洁能源生产/使用强度,E,False,0,,,0,missing_candidate,extend_extraction_rules,2,related_fields_incomplete,,1,data/text/002606.SZ/2025/annual_report.txt,False
761,19,9457,47.990143,361,511,150,False,0.236967,1.0,0.283333,0.0,0.998264,1,1.02,601868.SH,中国能建,Q_E_CLEAN_ENERGY_INTENSITY,绿色/可再生/清洁能源生产/使用强度,E,False,0,,,0,missing_candidate,extend_extraction_rules,2,related_fields_incomplete,,1,data/text/601868.SH/2025/annual_report.txt,False
762,19,9463,47.973608,353,457,104,False,0.246305,1.0,0.273333,0.0,0.998264,1,0.984,301157.SZ,华塑科技,Q_E_ALTERNATIVE_WATER_RATE,再生水或其他替代水源占比,E,False,0,,,0,missing_candidate,extend_extraction_rules,2,related_fields_incomplete,,1,data/text/301157.SZ/2025/annual_report.txt,False
763,19,9473,47.943423,354,476,122,False,0.245098,1.0,0.273333,0.0,0.998264,1,0.984,300907.SZ,康平科技,Q_E_ALTERNATIVE_WATER_RATE,再生水或其他替代水源占比,E,False,0,,,0,missing_candidate,extend_extraction_rules,2,related_fields_incomplete,,1,data/text/300907.SZ/2025/annual_report.txt,False
764,19,9489,47.883933,356,535,179,False,0.242718,1.0,0.273333,0.0,0.998264,1,0.984,600452.SH,涪陵电力,Q_E_ALTERNATIVE_WATER_RATE,再生水或其他替代水源占比,E,False,0,,,0,missing_candidate,extend_extraction_rules,2,related_fields_incomplete,,1,data/text/600452.SH/2025/annual_report.txt,False
765,19,9510,47.827233,61,139,78,False,0.45045,0.78,0.283333,0.0,0.998264,1,1.02,688005.SH,容百科技,Q_E_CLEAN_ENERGY_INTENSITY,绿色/可再生/清洁能源生产/使用强度,E,False,0,,,0,missing_candidate,extend_extraction_rules,2,related_fields_incomplete,,2,data/text/688005.SH/2025/annual_report.txt|data/text/688005.SH/2025/esg_report.txt,False
766,19,9511,47.826341,367,490,123,False,0.230415,1.0,0.283333,0.0,0.998264,1,1.02,601908.SH,京运通,Q_E_CLEAN_ENERGY_INTENSITY,绿色/可再生/清洁能源生产/使用强度,E,False,0,,,0,missing_candidate,extend_extraction_rules,2,related_fields_incomplete,,1,data/text/601908.SH/2025/annual_report.txt,False
767,19,9512,47.826341,367,526,159,False,0.230415,1.0,0.283333,0.0,0.998264,1,1.02,603218.SH,日月股份,Q_E_CLEAN_ENERGY_INTENSITY,绿色/可再生/清洁能源生产/使用强度,E,False,0,,,0,missing_candidate,extend_extraction_rules,2,related_fields_incomplete,,1,data/text/603218.SH/2025/annual_report.txt,False
768,19,9513,47.825588,358,500,142,False,0.240385,1.0,0.273333,0.0,0.998264,1,0.984,600725.SH,云维股份,Q_E_ALTERNATIVE_WATER_RATE,再生水或其他替代水源占比,E,False,0,,,0,missing_candidate,extend_extraction_rules,2,related_fields_incomplete,,2,data/text/600725.SH/2025/annual_report.txt|data/text/600725.SH/2025/esg_report.txt,False
769,19,9515,47.820174,269,350,81,False,0.420168,0.81,0.283333,0.0,0.998264,1,1.02,003021.SZ,兆威机电,Q_E_CLEAN_ENERGY_INTENSITY,绿色/可再生/清洁能源生产/使用强度,E,False,0,,,0,missing_candidate,extend_extraction_rules,2,related_fields_incomplete,,1,data/text/003021.SZ/2025/annual_report.txt,False
770,19,9531,47.756832,243,313,70,False,0.537634,0.7,0.273333,0.0,0.998264,1,0.984,002606.SZ,大连电瓷,Q_E_ALTERNATIVE_WATER_RATE,再生水或其他替代水源占比,E,False,0,,,0,missing_candidate,extend_extraction_rules,2,related_fields_incomplete,,1,data/text/002606.SZ/2025/annual_report.txt,False
771,19,9538,47.74779,370,475,105,False,0.227273,1.0,0.283333,0.0,0.998264,1,1.02,002255.SZ,海陆重工,Q_E_CLEAN_ENERGY_INTENSITY,绿色/可再生/清洁能源生产/使用强度,E,False,0,,,0,missing_candidate,extend_extraction_rules,2,related_fields_incomplete,,1,data/text/002255.SZ/2025/annual_report.txt,False
772,19,9539,47.74779,370,509,139,False,0.227273,1.0,0.283333,0.0,0.998264,1,1.02,600847.SH,万里股份,Q_E_CLEAN_ENERGY_INTENSITY,绿色/可再生/清洁能源生产/使用强度,E,False,0,,,0,missing_candidate,extend_extraction_rules,2,related_fields_incomplete,,2,data/text/600847.SH/2025/annual_report.txt|data/text/600847.SH/2025/esg_report.txt,False
773,19,9543,47.740143,361,511,150,False,0.236967,1.0,0.273333,0.0,0.998264,1,0.984,601868.SH,中国能建,Q_E_ALTERNATIVE_WATER_RATE,再生水或其他替代水源占比,E,False,0,,,0,missing_candidate,extend_extraction_rules,2,related_fields_incomplete,,1,data/text/601868.SH/2025/annual_report.txt,False
774,19,9548,47.722081,371,508,137,False,0.226244,1.0,0.283333,0.0,0.998264,1,1.02,301222.SZ,浙江恒威,Q_E_CLEAN_ENERGY_INTENSITY,绿色/可再生/清洁能源生产/使用强度,E,False,0,,,0,missing_candidate,extend_extraction_rules,2,related_fields_incomplete,,1,data/text/301222.SZ/2025/annual_report.txt,False
775,19,9571,47.646329,374,484,110,False,0.223214,1.0,0.283333,0.0,0.998264,1,1.02,002060.SZ,广东建工,Q_E_CLEAN_ENERGY_INTENSITY,绿色/可再生/清洁能源生产/使用强度,E,False,0,,,0,missing_candidate,extend_extraction_rules,2,related_fields_incomplete,,1,data/text/002060.SZ/2025/annual_report.txt,False
776,19,9574,47.621528,375,523,148,False,0.222222,1.0,0.283333,0.0,0.998264,1,1.02,600405.SH,动力源,Q_E_CLEAN_ENERGY_INTENSITY,绿色/可再生/清洁能源生产/使用强度,E,False,0,,,0,missing_candidate,extend_extraction_rules,2,related_fields_incomplete,,1,data/text/600405.SH/2025/annual_report.txt,False
777,19,9588,47.577233,61,139,78,False,0.45045,0.78,0.273333,0.0,0.998264,1,0.984,688005.SH,容百科技,Q_E_ALTERNATIVE_WATER_RATE,再生水或其他替代水源占比,E,False,0,,,0,missing_candidate,extend_extraction_rules,2,related_fields_incomplete,,2,data/text/688005.SH/2025/annual_report.txt|data/text/688005.SH/2025/esg_report.txt,False
778,19,9589,47.576341,367,490,123,False,0.230415,1.0,0.273333,0.0,0.998264,1,0.984,601908.SH,京运通,Q_E_ALTERNATIVE_WATER_RATE,再生水或其他替代水源占比,E,False,0,,,0,missing_candidate,extend_extraction_rules,2,related_fields_incomplete,,1,data/text/601908.SH/2025/annual_report.txt,False
779,19,9590,47.576341,367,526,159,False,0.230415,1.0,0.273333,0.0,0.998264,1,0.984,603218.SH,日月股份,Q_E_ALTERNATIVE_WATER_RATE,再生水或其他替代水源占比,E,False,0,,,0,missing_candidate,extend_extraction_rules,2,related_fields_incomplete,,1,data/text/603218.SH/2025/annual_report.txt,False
780,19,9593,47.570174,269,350,81,False,0.420168,0.81,0.273333,0.0,0.998264,1,0.984,003021.SZ,兆威机电,Q_E_ALTERNATIVE_WATER_RATE,再生水或其他替代水源占比,E,False,0,,,0,missing_candidate,extend_extraction_rules,2,related_fields_incomplete,,1,data/text/003021.SZ/2025/annual_report.txt,False
781,19,9599,47.548428,378,556,178,False,0.219298,1.0,0.283333,0.0,0.998264,1,1.02,920299.BJ,灿能电力,Q_E_CLEAN_ENERGY_INTENSITY,绿色/可再生/清洁能源生产/使用强度,E,False,0,,,0,missing_candidate,extend_extraction_rules,2,related_fields_incomplete,,1,data/text/920299.BJ/2025/annual_report.txt,False
782,19,9610,47.49779,370,475,105,False,0.227273,1.0,0.273333,0.0,0.998264,1,0.984,002255.SZ,海陆重工,Q_E_ALTERNATIVE_WATER_RATE,再生水或其他替代水源占比,E,False,0,,,0,missing_candidate,extend_extraction_rules,2,related_fields_incomplete,,1,data/text/002255.SZ/2025/annual_report.txt,False
783,19,9611,47.49779,370,509,139,False,0.227273,1.0,0.273333,0.0,0.998264,1,0.984,600847.SH,万里股份,Q_E_ALTERNATIVE_WATER_RATE,再生水或其他替代水源占比,E,False,0,,,0,missing_candidate,extend_extraction_rules,2,related_fields_incomplete,,2,data/text/600847.SH/2025/annual_report.txt|data/text/600847.SH/2025/esg_report.txt,False
784,19,9622,47.472081,371,508,137,False,0.226244,1.0,0.273333,0.0,0.998264,1,0.984,301222.SZ,浙江恒威,Q_E_ALTERNATIVE_WATER_RATE,再生水或其他替代水源占比,E,False,0,,,0,missing_candidate,extend_extraction_rules,2,related_fields_incomplete,,1,data/text/301222.SZ/2025/annual_report.txt,False
785,19,9623,47.464468,33,117,84,False,0.37594,0.84,0.283333,0.0,0.998264,1,1.02,688032.SH,禾迈股份,Q_E_CLEAN_ENERGY_INTENSITY,绿色/可再生/清洁能源生产/使用强度,E,False,0,,,0,missing_candidate,extend_extraction_rules,2,related_fields_incomplete,,2,data/text/688032.SH/2025/annual_report.txt|data/text/688032.SH/2025/esg_report.txt,False
786,19,9626,47.453903,382,524,142,False,0.215517,1.0,0.283333,0.0,0.998264,1,1.02,000767.SZ,晋控电力,Q_E_CLEAN_ENERGY_INTENSITY,绿色/可再生/清洁能源生产/使用强度,E,False,0,,,0,missing_candidate,extend_extraction_rules,2,related_fields_incomplete,,2,data/text/000767.SZ/2025/annual_report.txt|data/text/000767.SZ/2025/esg_report.txt,False
787,19,9627,47.453903,382,482,100,False,0.215517,1.0,0.283333,0.0,0.998264,1,1.02,300438.SZ,鹏辉能源,Q_E_CLEAN_ENERGY_INTENSITY,绿色/可再生/清洁能源生产/使用强度,E,False,0,,,0,missing_candidate,extend_extraction_rules,2,related_fields_incomplete,,1,data/text/300438.SZ/2025/annual_report.txt,False
788,19,9643,47.407853,384,506,122,False,0.213675,1.0,0.283333,0.0,0.998264,1,1.02,300904.SZ,威力传动,Q_E_CLEAN_ENERGY_INTENSITY,绿色/可再生/清洁能源生产/使用强度,E,False,0,,,0,missing_candidate,extend_extraction_rules,2,related_fields_incomplete,,1,data/text/300904.SZ/2025/annual_report.txt,False
789,19,9652,47.396329,374,484,110,False,0.223214,1.0,0.273333,0.0,0.998264,1,0.984,002060.SZ,广东建工,Q_E_ALTERNATIVE_WATER_RATE,再生水或其他替代水源占比,E,False,0,,,0,missing_candidate,extend_extraction_rules,2,related_fields_incomplete,,1,data/text/002060.SZ/2025/annual_report.txt,False
790,19,9658,47.371528,375,523,148,False,0.222222,1.0,0.273333,0.0,0.998264,1,0.984,600405.SH,动力源,Q_E_ALTERNATIVE_WATER_RATE,再生水或其他替代水源占比,E,False,0,,,0,missing_candidate,extend_extraction_rules,2,related_fields_incomplete,,1,data/text/600405.SH/2025/annual_report.txt,False
791,19,9666,47.341834,56,134,78,False,0.431034,0.78,0.283333,0.0,0.998264,1,1.02,601985.SH,中国核电,Q_E_CLEAN_ENERGY_INTENSITY,绿色/可再生/清洁能源生产/使用强度,E,False,0,,,0,missing_candidate,extend_extraction_rules,2,related_fields_incomplete,,2,data/text/601985.SH/2025/annual_report.txt|data/text/601985.SH/2025/esg_report.txt,False
792,19,9667,47.340234,387,489,102,False,0.21097,1.0,0.283333,0.0,0.998264,1,1.02,600719.SH,大连热电,Q_E_CLEAN_ENERGY_INTENSITY,绿色/可再生/清洁能源生产/使用强度,E,False,0,,,0,missing_candidate,extend_extraction_rules,2,related_fields_incomplete,,1,data/text/600719.SH/2025/annual_report.txt,False
793,19,9673,47.315972,198,219,21,True,1.0,0.21,0.283333,0.0,0.998264,1,1.02,002533.SZ,金杯电工,Q_E_CLEAN_ENERGY_INTENSITY,绿色/可再生/清洁能源生产/使用强度,E,False,0,,,0,missing_candidate,extend_extraction_rules,2,related_fields_incomplete,,1,data/text/002533.SZ/2025/annual_report.txt,False
794,19,9683,47.298428,378,556,178,False,0.219298,1.0,0.273333,0.0,0.998264,1,0.984,920299.BJ,灿能电力,Q_E_ALTERNATIVE_WATER_RATE,再生水或其他替代水源占比,E,False,0,,,0,missing_candidate,extend_extraction_rules,2,related_fields_incomplete,,1,data/text/920299.BJ/2025/annual_report.txt,False
795,19,9685,47.296098,389,533,144,False,0.209205,1.0,0.283333,0.0,0.998264,1,1.02,920556.BJ,雅达股份,Q_E_CLEAN_ENERGY_INTENSITY,绿色/可再生/清洁能源生产/使用强度,E,False,0,,,0,missing_candidate,extend_extraction_rules,2,related_fields_incomplete,,1,data/text/920556.BJ/2025/annual_report.txt,False
796,19,9701,47.256832,90,157,67,False,0.537634,0.67,0.283333,0.0,0.998264,1,1.02,300409.SZ,道氏技术,Q_E_CLEAN_ENERGY_INTENSITY,绿色/可再生/清洁能源生产/使用强度,E,False,0,,,0,missing_candidate,extend_extraction_rules,2,related_fields_incomplete,,1,data/text/300409.SZ/2025/annual_report.txt,False
797,19,9704,47.245797,160,193,33,False,0.877193,0.33,0.283333,0.0,0.998264,1,1.02,300919.SZ,中伟新材,Q_E_CLEAN_ENERGY_INTENSITY,绿色/可再生/清洁能源生产/使用强度,E,False,0,,,0,missing_candidate,extend_extraction_rules,2,related_fields_incomplete,,1,data/text/300919.SZ/2025/annual_report.txt,False
798,19,9706,47.231261,392,519,127,False,0.206612,1.0,0.283333,0.0,0.998264,1,1.02,000703.SZ,恒逸石化,Q_E_CLEAN_ENERGY_INTENSITY,绿色/可再生/清洁能源生产/使用强度,E,False,0,,,0,missing_candidate,extend_extraction_rules,2,related_fields_incomplete,,1,data/text/000703.SZ/2025/annual_report.txt,False
799,19,9707,47.231261,392,546,154,False,0.206612,1.0,0.283333,0.0,0.998264,1,1.02,600027.SH,华电国际,Q_E_CLEAN_ENERGY_INTENSITY,绿色/可再生/清洁能源生产/使用强度,E,False,0,,,0,missing_candidate,extend_extraction_rules,2,related_fields_incomplete,,1,data/text/600027.SH/2025/annual_report.txt,False
800,19,9713,47.214468,33,117,84,False,0.37594,0.84,0.273333,0.0,0.998264,1,0.984,688032.SH,禾迈股份,Q_E_ALTERNATIVE_WATER_RATE,再生水或其他替代水源占比,E,False,0,,,0,missing_candidate,extend_extraction_rules,2,related_fields_incomplete,,2,data/text/688032.SH/2025/annual_report.txt|data/text/688032.SH/2025/esg_report.txt,False
801,19,9714,47.203903,382,524,142,False,0.215517,1.0,0.273333,0.0,0.998264,1,0.984,000767.SZ,晋控电力,Q_E_ALTERNATIVE_WATER_RATE,再生水或其他替代水源占比,E,False,0,,,0,missing_candidate,extend_extraction_rules,2,related_fields_incomplete,,2,data/text/000767.SZ/2025/annual_report.txt|data/text/000767.SZ/2025/esg_report.txt,False
802,19,9715,47.203903,382,482,100,False,0.215517,1.0,0.273333,0.0,0.998264,1,0.984,300438.SZ,鹏辉能源,Q_E_ALTERNATIVE_WATER_RATE,再生水或其他替代水源占比,E,False,0,,,0,missing_candidate,extend_extraction_rules,2,related_fields_incomplete,,1,data/text/300438.SZ/2025/annual_report.txt,False
803,19,9720,47.188923,394,541,147,False,0.204918,1.0,0.283333,0.0,0.998264,1,1.02,920414.BJ,欧普泰,Q_E_CLEAN_ENERGY_INTENSITY,绿色/可再生/清洁能源生产/使用强度,E,False,0,,,0,missing_candidate,extend_extraction_rules,2,related_fields_incomplete,,1,data/text/920414.BJ/2025/annual_report.txt,False
804,19,9735,47.157853,384,506,122,False,0.213675,1.0,0.273333,0.0,0.998264,1,0.984,300904.SZ,威力传动,Q_E_ALTERNATIVE_WATER_RATE,再生水或其他替代水源占比,E,False,0,,,0,missing_candidate,extend_extraction_rules,2,related_fields_incomplete,,1,data/text/300904.SZ/2025/annual_report.txt,False
805,19,9745,47.126701,397,509,112,False,0.202429,1.0,0.283333,0.0,0.998264,1,1.02,300510.SZ,金冠股份,Q_E_CLEAN_ENERGY_INTENSITY,绿色/可再生/清洁能源生产/使用强度,E,False,0,,,0,missing_candidate,extend_extraction_rules,2,related_fields_incomplete,,1,data/text/300510.SZ/2025/annual_report.txt,False
806,19,9752,47.094118,12,99,87,False,0.331126,0.87,0.283333,0.0,0.998264,1,1.02,000027.SZ,深圳能源,Q_E_CLEAN_ENERGY_INTENSITY,绿色/可再生/清洁能源生产/使用强度,E,False,0,,,0,missing_candidate,extend_extraction_rules,2,related_fields_incomplete,,2,data/text/000027.SZ/2025/annual_report.txt|data/text/000027.SZ/2025/esg_report.txt,False
807,19,9754,47.091834,56,134,78,False,0.431034,0.78,0.273333,0.0,0.998264,1,0.984,601985.SH,中国核电,Q_E_ALTERNATIVE_WATER_RATE,再生水或其他替代水源占比,E,False,0,,,0,missing_candidate,extend_extraction_rules,2,related_fields_incomplete,,2,data/text/601985.SH/2025/annual_report.txt|data/text/601985.SH/2025/esg_report.txt,False
808,19,9755,47.090234,387,489,102,False,0.21097,1.0,0.273333,0.0,0.998264,1,0.984,600719.SH,大连热电,Q_E_ALTERNATIVE_WATER_RATE,再生水或其他替代水源占比,E,False,0,,,0,missing_candidate,extend_extraction_rules,2,related_fields_incomplete,,1,data/text/600719.SH/2025/annual_report.txt,False
809,19,9760,47.086053,399,557,158,False,0.200803,1.0,0.283333,0.0,0.998264,1,1.02,000407.SZ,胜利股份,Q_E_CLEAN_ENERGY_INTENSITY,绿色/可再生/清洁能源生产/使用强度,E,False,0,,,0,missing_candidate,extend_extraction_rules,2,related_fields_incomplete,,1,data/text/000407.SZ/2025/annual_report.txt,False
810,19,9768,47.065972,198,219,21,True,1.0,0.21,0.273333,0.0,0.998264,1,0.984,002533.SZ,金杯电工,Q_E_ALTERNATIVE_WATER_RATE,再生水或其他替代水源占比,E,False,0,,,0,missing_candidate,extend_extraction_rules,2,related_fields_incomplete,,1,data/text/002533.SZ/2025/annual_report.txt,False
811,19,9775,47.048428,378,476,98,False,0.219298,0.98,0.283333,0.0,0.998264,1,1.02,301487.SZ,盟固利,Q_E_CLEAN_ENERGY_INTENSITY,绿色/可再生/清洁能源生产/使用强度,E,False,0,,,0,missing_candidate,extend_extraction_rules,2,related_fields_incomplete,,1,data/text/301487.SZ/2025/annual_report.txt,False
812,19,9777,47.046098,389,533,144,False,0.209205,1.0,0.273333,0.0,0.998264,1,0.984,920556.BJ,雅达股份,Q_E_ALTERNATIVE_WATER_RATE,再生水或其他替代水源占比,E,False,0,,,0,missing_candidate,extend_extraction_rules,2,related_fields_incomplete,,1,data/text/920556.BJ/2025/annual_report.txt,False
813,19,9778,47.046052,401,513,112,False,0.199203,1.0,0.283333,0.0,0.998264,1,1.02,002700.SZ,万憬能源,Q_E_CLEAN_ENERGY_INTENSITY,绿色/可再生/清洁能源生产/使用强度,E,False,0,,,0,missing_candidate,extend_extraction_rules,2,related_fields_incomplete,,1,data/text/002700.SZ/2025/annual_report.txt,False
814,19,9787,47.006832,90,157,67,False,0.537634,0.67,0.273333,0.0,0.998264,1,0.984,300409.SZ,道氏技术,Q_E_ALTERNATIVE_WATER_RATE,再生水或其他替代水源占比,E,False,0,,,0,missing_candidate,extend_extraction_rules,2,related_fields_incomplete,,1,data/text/300409.SZ/2025/annual_report.txt,False
815,19,9799,46.995797,160,193,33,False,0.877193,0.33,0.273333,0.0,0.998264,1,0.984,300919.SZ,中伟新材,Q_E_ALTERNATIVE_WATER_RATE,再生水或其他替代水源占比,E,False,0,,,0,missing_candidate,extend_extraction_rules,2,related_fields_incomplete,,1,data/text/300919.SZ/2025/annual_report.txt,False
816,19,9805,46.981261,392,519,127,False,0.206612,1.0,0.273333,0.0,0.998264,1,0.984,000703.SZ,恒逸石化,Q_E_ALTERNATIVE_WATER_RATE,再生水或其他替代水源占比,E,False,0,,,0,missing_candidate,extend_extraction_rules,2,related_fields_incomplete,,1,data/text/000703.SZ/2025/annual_report.txt,False
817,19,9806,46.981261,392,546,154,False,0.206612,1.0,0.273333,0.0,0.998264,1,0.984,600027.SH,华电国际,Q_E_ALTERNATIVE_WATER_RATE,再生水或其他替代水源占比,E,False,0,,,0,missing_candidate,extend_extraction_rules,2,related_fields_incomplete,,1,data/text/600027.SH/2025/annual_report.txt,False
818,19,9807,46.948785,406,519,113,False,0.195312,1.0,0.283333,0.0,0.998264,1,1.02,000637.SZ,茂化实华,Q_E_CLEAN_ENERGY_INTENSITY,绿色/可再生/清洁能源生产/使用强度,E,False,0,,,0,missing_candidate,extend_extraction_rules,2,related_fields_incomplete,,1,data/text/000637.SZ/2025/annual_report.txt,False
819,19,9810,46.938923,394,541,147,False,0.204918,1.0,0.273333,0.0,0.998264,1,0.984,920414.BJ,欧普泰,Q_E_ALTERNATIVE_WATER_RATE,再生水或其他替代水源占比,E,False,0,,,0,missing_candidate,extend_extraction_rules,2,related_fields_incomplete,,1,data/text/920414.BJ/2025/annual_report.txt,False
820,19,9813,46.929609,66,140,74,False,0.454545,0.74,0.283333,0.0,0.998264,1,1.02,300001.SZ,特锐德,Q_E_CLEAN_ENERGY_INTENSITY,绿色/可再生/清洁能源生产/使用强度,E,False,0,,,0,missing_candidate,extend_extraction_rules,2,related_fields_incomplete,,2,data/text/300001.SZ/2025/annual_report.txt|data/text/300001.SZ/2025/esg_report.txt,False
821,19,9820,46.908492,277,357,80,False,0.393701,0.8,0.283333,0.0,0.998264,1,1.02,688408.SH,中信博,Q_E_CLEAN_ENERGY_INTENSITY,绿色/可再生/清洁能源生产/使用强度,E,False,0,,,0,missing_candidate,extend_extraction_rules,2,related_fields_incomplete,,1,data/text/688408.SH/2025/annual_report.txt,False
822,19,9832,46.876701,397,509,112,False,0.202429,1.0,0.273333,0.0,0.998264,1,0.984,300510.SZ,金冠股份,Q_E_ALTERNATIVE_WATER_RATE,再生水或其他替代水源占比,E,False,0,,,0,missing_candidate,extend_extraction_rules,2,related_fields_incomplete,,1,data/text/300510.SZ/2025/annual_report.txt,False
823,19,9846,46.844118,12,99,87,False,0.331126,0.87,0.273333,0.0,0.998264,1,0.984,000027.SZ,深圳能源,Q_E_ALTERNATIVE_WATER_RATE,再生水或其他替代水源占比,E,False,0,,,0,missing_candidate,extend_extraction_rules,2,related_fields_incomplete,,2,data/text/000027.SZ/2025/annual_report.txt|data/text/000027.SZ/2025/esg_report.txt,False
824,19,9848,46.836053,399,557,158,False,0.200803,1.0,0.273333,0.0,0.998264,1,0.984,000407.SZ,胜利股份,Q_E_ALTERNATIVE_WATER_RATE,再生水或其他替代水源占比,E,False,0,,,0,missing_candidate,extend_extraction_rules,2,related_fields_incomplete,,1,data/text/000407.SZ/2025/annual_report.txt,False
825,19,9856,46.798428,378,476,98,False,0.219298,0.98,0.273333,0.0,0.998264,1,0.984,301487.SZ,盟固利,Q_E_ALTERNATIVE_WATER_RATE,再生水或其他替代水源占比,E,False,0,,,0,missing_candidate,extend_extraction_rules,2,related_fields_incomplete,,1,data/text/301487.SZ/2025/annual_report.txt,False
826,19,9857,46.796052,401,513,112,False,0.199203,1.0,0.273333,0.0,0.998264,1,0.984,002700.SZ,万憬能源,Q_E_ALTERNATIVE_WATER_RATE,再生水或其他替代水源占比,E,False,0,,,0,missing_candidate,extend_extraction_rules,2,related_fields_incomplete,,1,data/text/002700.SZ/2025/annual_report.txt,False
827,19,9872,46.748071,112,169,57,False,0.617284,0.57,0.283333,0.0,0.998264,1,1.02,603619.SH,中曼石油,Q_E_CLEAN_ENERGY_INTENSITY,绿色/可再生/清洁能源生产/使用强度,E,False,0,,,0,missing_candidate,extend_extraction_rules,2,related_fields_incomplete,,1,data/text/603619.SH/2025/annual_report.txt,False
828,19,9885,46.712812,419,536,117,False,0.185874,1.0,0.283333,0.0,0.998264,1,1.02,00934.HK,SINOPEC KANTONS,Q_E_CLEAN_ENERGY_INTENSITY,绿色/可再生/清洁能源生产/使用强度,E,False,0,,,0,missing_candidate,extend_extraction_rules,2,related_fields_incomplete,,2,data/text/hkex_reports/00934.HK/2025/annual_report.txt|data/text/hkex_reports/00934.HK/2025/esg_report.txt,False
829,19,9890,46.698785,406,519,113,False,0.195312,1.0,0.273333,0.0,0.998264,1,0.984,000637.SZ,茂化实华,Q_E_ALTERNATIVE_WATER_RATE,再生水或其他替代水源占比,E,False,0,,,0,missing_candidate,extend_extraction_rules,2,related_fields_incomplete,,1,data/text/000637.SZ/2025/annual_report.txt,False
830,19,9895,46.695602,420,540,120,False,0.185185,1.0,0.283333,0.0,0.998264,1,1.02,920167.BJ,同享科技,Q_E_CLEAN_ENERGY_INTENSITY,绿色/可再生/清洁能源生产/使用强度,E,False,0,,,0,missing_candidate,extend_extraction_rules,2,related_fields_incomplete,,1,data/text/920167.BJ/2025/annual_report.txt,False
831,19,9896,46.690972,114,170,56,False,0.625,0.56,0.283333,0.0,0.998264,1,1.02,603530.SH,神马电力,Q_E_CLEAN_ENERGY_INTENSITY,绿色/可再生/清洁能源生产/使用强度,E,False,0,,,0,missing_candidate,extend_extraction_rules,2,related_fields_incomplete,,1,data/text/603530.SH/2025/annual_report.txt,False
832,19,9900,46.679609,66,140,74,False,0.454545,0.74,0.273333,0.0,0.998264,1,0.984,300001.SZ,特锐德,Q_E_ALTERNATIVE_WATER_RATE,再生水或其他替代水源占比,E,False,0,,,0,missing_candidate,extend_extraction_rules,2,related_fields_incomplete,,2,data/text/300001.SZ/2025/annual_report.txt|data/text/300001.SZ/2025/esg_report.txt,False
833,19,9915,46.658492,277,357,80,False,0.393701,0.8,0.273333,0.0,0.998264,1,0.984,688408.SH,中信博,Q_E_ALTERNATIVE_WATER_RATE,再生水或其他替代水源占比,E,False,0,,,0,missing_candidate,extend_extraction_rules,2,related_fields_incomplete,,1,data/text/688408.SH/2025/annual_report.txt,False
834,19,9924,46.629926,365,460,95,False,0.232558,0.95,0.283333,0.0,0.998264,1,1.02,301587.SZ,中瑞股份,Q_E_CLEAN_ENERGY_INTENSITY,绿色/可再生/清洁能源生产/使用强度,E,False,0,,,0,missing_candidate,extend_extraction_rules,2,related_fields_incomplete,,1,data/text/301587.SZ/2025/annual_report.txt,False
835,19,9935,46.576341,367,462,95,False,0.230415,0.95,0.283333,0.0,0.998264,1,1.02,301179.SZ,泽宇智能,Q_E_CLEAN_ENERGY_INTENSITY,绿色/可再生/清洁能源生产/使用强度,E,False,0,,,0,missing_candidate,extend_extraction_rules,2,related_fields_incomplete,,1,data/text/301179.SZ/2025/annual_report.txt,False
836,19,9956,46.514371,431,531,100,False,0.177936,1.0,0.283333,0.0,0.998264,1,1.02,000601.SZ,韶能股份,Q_E_CLEAN_ENERGY_INTENSITY,绿色/可再生/清洁能源生产/使用强度,E,False,0,,,0,missing_candidate,extend_extraction_rules,2,related_fields_incomplete,,1,data/text/000601.SZ/2025/annual_report.txt,False
837,19,9962,46.498071,112,169,57,False,0.617284,0.57,0.273333,0.0,0.998264,1,0.984,603619.SH,中曼石油,Q_E_ALTERNATIVE_WATER_RATE,再生水或其他替代水源占比,E,False,0,,,0,missing_candidate,extend_extraction_rules,2,related_fields_incomplete,,1,data/text/603619.SH/2025/annual_report.txt,False
838,19,9979,46.462812,419,536,117,False,0.185874,1.0,0.273333,0.0,0.998264,1,0.984,00934.HK,SINOPEC KANTONS,Q_E_ALTERNATIVE_WATER_RATE,再生水或其他替代水源占比,E,False,0,,,0,missing_candidate,extend_extraction_rules,2,related_fields_incomplete,,2,data/text/hkex_reports/00934.HK/2025/annual_report.txt|data/text/hkex_reports/00934.HK/2025/esg_report.txt,False
839,19,9984,46.446925,234,292,58,False,0.595238,0.58,0.283333,0.0,0.998264,1,1.02,301121.SZ,紫建电子,Q_E_CLEAN_ENERGY_INTENSITY,绿色/可再生/清洁能源生产/使用强度,E,False,0,,,0,missing_candidate,extend_extraction_rules,2,related_fields_incomplete,,1,data/text/301121.SZ/2025/annual_report.txt,False
840,19,9985,46.445602,420,540,120,False,0.185185,1.0,0.273333,0.0,0.998264,1,0.984,920167.BJ,同享科技,Q_E_ALTERNATIVE_WATER_RATE,再生水或其他替代水源占比,E,False,0,,,0,missing_candidate,extend_extraction_rules,2,related_fields_incomplete,,1,data/text/920167.BJ/2025/annual_report.txt,False
841,19,9987,46.440972,114,170,56,False,0.625,0.56,0.273333,0.0,0.998264,1,0.984,603530.SH,神马电力,Q_E_ALTERNATIVE_WATER_RATE,再生水或其他替代水源占比,E,False,0,,,0,missing_candidate,extend_extraction_rules,2,related_fields_incomplete,,1,data/text/603530.SH/2025/annual_report.txt,False
842,19,9997,46.421373,437,542,105,False,0.174216,1.0,0.283333,0.0,0.998264,1,1.02,08270.HK,CHINA CBM,Q_E_CLEAN_ENERGY_INTENSITY,绿色/可再生/清洁能源生产/使用强度,E,False,0,,,0,missing_candidate,extend_extraction_rules,2,related_fields_incomplete,,2,data/text/hkex_reports/08270.HK/2025/annual_report.txt|data/text/hkex_reports/08270.HK/2025/esg_report.txt,False
843,19,10009,46.379926,365,460,95,False,0.232558,0.95,0.273333,0.0,0.998264,1,0.984,301587.SZ,中瑞股份,Q_E_ALTERNATIVE_WATER_RATE,再生水或其他替代水源占比,E,False,0,,,0,missing_candidate,extend_extraction_rules,2,related_fields_incomplete,,1,data/text/301587.SZ/2025/annual_report.txt,False
844,19,10010,46.377616,21,104,83,False,0.342466,0.83,0.283333,0.0,0.998264,1,1.02,600917.SH,重庆燃气,Q_E_CLEAN_ENERGY_INTENSITY,绿色/可再生/清洁能源生产/使用强度,E,False,0,,,0,missing_candidate,extend_extraction_rules,2,related_fields_incomplete,,2,data/text/600917.SH/2025/annual_report.txt|data/text/600917.SH/2025/esg_report.txt,False
845,19,10027,46.326341,367,462,95,False,0.230415,0.95,0.273333,0.0,0.998264,1,0.984,301179.SZ,泽宇智能,Q_E_ALTERNATIVE_WATER_RATE,再生水或其他替代水源占比,E,False,0,,,0,missing_candidate,extend_extraction_rules,2,related_fields_incomplete,,1,data/text/301179.SZ/2025/annual_report.txt,False
846,19,10041,46.264371,431,531,100,False,0.177936,1.0,0.273333,0.0,0.998264,1,0.984,000601.SZ,韶能股份,Q_E_ALTERNATIVE_WATER_RATE,再生水或其他替代水源占比,E,False,0,,,0,missing_candidate,extend_extraction_rules,2,possible_direct_alternative_water_rate,中水电装机 68 万千瓦， 分布在广东省、 湖南省地区， 装机规模占比 56.11%,1,data/text/000601.SZ/2025/annual_report.txt,False
847,19,10050,46.227263,152,188,36,False,0.806452,0.36,0.283333,0.0,0.998264,1,1.02,688611.SH,杭州柯林,Q_E_CLEAN_ENERGY_INTENSITY,绿色/可再生/清洁能源生产/使用强度,E,False,0,,,0,missing_candidate,extend_extraction_rules,2,related_fields_incomplete,,1,data/text/688611.SH/2025/annual_report.txt,False
848,19,10061,46.196925,234,292,58,False,0.595238,0.58,0.273333,0.0,0.998264,1,0.984,301121.SZ,紫建电子,Q_E_ALTERNATIVE_WATER_RATE,再生水或其他替代水源占比,E,False,0,,,0,missing_candidate,extend_extraction_rules,2,related_fields_incomplete,,1,data/text/301121.SZ/2025/annual_report.txt,False
849,19,10072,46.171373,437,542,105,False,0.174216,1.0,0.273333,0.0,0.998264,1,0.984,08270.HK,CHINA CBM,Q_E_ALTERNATIVE_WATER_RATE,再生水或其他替代水源占比,E,False,0,,,0,missing_candidate,extend_extraction_rules,2,related_fields_incomplete,,2,data/text/hkex_reports/08270.HK/2025/annual_report.txt|data/text/hkex_reports/08270.HK/2025/esg_report.txt,False
850,19,10075,46.157242,150,187,37,False,0.793651,0.37,0.283333,0.0,0.998264,1,1.02,688330.SH,宏力达,Q_E_CLEAN_ENERGY_INTENSITY,绿色/可再生/清洁能源生产/使用强度,E,False,0,,,0,missing_candidate,extend_extraction_rules,2,related_fields_incomplete,,1,data/text/688330.SH/2025/annual_report.txt,False
851,19,10090,46.127616,21,104,83,False,0.342466,0.83,0.273333,0.0,0.998264,1,0.984,600917.SH,重庆燃气,Q_E_ALTERNATIVE_WATER_RATE,再生水或其他替代水源占比,E,False,0,,,0,missing_candidate,extend_extraction_rules,2,related_fields_incomplete,,2,data/text/600917.SH/2025/annual_report.txt|data/text/600917.SH/2025/esg_report.txt,False
852,19,10094,46.09823,460,562,102,False,0.16129,1.0,0.283333,0.0,0.998264,1,1.02,00276.HK,MONGOLIA ENERGY,Q_E_CLEAN_ENERGY_INTENSITY,绿色/可再生/清洁能源生产/使用强度,E,False,0,,,0,missing_candidate,extend_extraction_rules,2,related_fields_incomplete,,1,data/text/00276.HK/2025/annual_report.txt,False
853,19,10108,46.052236,98,159,61,False,0.549451,0.61,0.283333,0.0,0.998264,1,1.02,688772.SH,珠海冠宇,Q_E_CLEAN_ENERGY_INTENSITY,绿色/可再生/清洁能源生产/使用强度,E,False,0,,,0,missing_candidate,extend_extraction_rules,2,related_fields_incomplete,,1,data/text/688772.SH/2025/annual_report.txt,False
854,19,10132,45.977263,152,188,36,False,0.806452,0.36,0.273333,0.0,0.998264,1,0.984,688611.SH,杭州柯林,Q_E_ALTERNATIVE_WATER_RATE,再生水或其他替代水源占比,E,False,0,,,0,missing_candidate,extend_extraction_rules,2,related_fields_incomplete,,1,data/text/688611.SH/2025/annual_report.txt,False
855,19,10147,45.913533,355,446,91,False,0.243902,0.91,0.283333,0.0,0.998264,1,1.02,002560.SZ,通达股份,Q_E_CLEAN_ENERGY_INTENSITY,绿色/可再生/清洁能源生产/使用强度,E,False,0,,,0,missing_candidate,extend_extraction_rules,2,related_fields_incomplete,,1,data/text/002560.SZ/2025/annual_report.txt,False
856,19,10149,45.907242,150,187,37,False,0.793651,0.37,0.273333,0.0,0.998264,1,0.984,688330.SH,宏力达,Q_E_ALTERNATIVE_WATER_RATE,再生水或其他替代水源占比,E,False,0,,,0,missing_candidate,extend_extraction_rules,2,related_fields_incomplete,,1,data/text/688330.SH/2025/annual_report.txt,False
857,19,10160,45.880488,305,388,83,False,0.322581,0.83,0.283333,0.0,0.998264,1,1.02,002733.SZ,雄韬股份,Q_E_CLEAN_ENERGY_INTENSITY,绿色/可再生/清洁能源生产/使用强度,E,False,0,,,0,missing_candidate,extend_extraction_rules,2,related_fields_incomplete,,1,data/text/002733.SZ/2025/annual_report.txt,False
858,19,10166,45.84823,460,562,102,False,0.16129,1.0,0.273333,0.0,0.998264,1,0.984,00276.HK,MONGOLIA ENERGY,Q_E_ALTERNATIVE_WATER_RATE,再生水或其他替代水源占比,E,False,0,,,0,missing_candidate,extend_extraction_rules,2,related_fields_incomplete,,1,data/text/00276.HK/2025/annual_report.txt,False
859,19,10183,45.808778,32,111,79,False,0.359712,0.79,0.283333,0.0,0.998264,1,1.02,601778.SH,晶科科技,Q_E_CLEAN_ENERGY_INTENSITY,绿色/可再生/清洁能源生产/使用强度,E,False,0,,,0,missing_candidate,extend_extraction_rules,2,related_fields_incomplete,,2,data/text/601778.SH/2025/annual_report.txt|data/text/601778.SH/2025/esg_report.txt,False
860,19,10184,45.802236,98,159,61,False,0.549451,0.61,0.273333,0.0,0.998264,1,0.984,688772.SH,珠海冠宇,Q_E_ALTERNATIVE_WATER_RATE,再生水或其他替代水源占比,E,False,0,,,0,missing_candidate,extend_extraction_rules,2,related_fields_incomplete,,1,data/text/688772.SH/2025/annual_report.txt,False
861,19,10201,45.744544,290,369,79,False,0.357143,0.79,0.283333,0.0,0.998264,1,1.02,600758.SH,辽宁能源,Q_E_CLEAN_ENERGY_INTENSITY,绿色/可再生/清洁能源生产/使用强度,E,False,0,,,0,missing_candidate,extend_extraction_rules,2,related_fields_incomplete,,1,data/text/600758.SH/2025/annual_report.txt,False
862,19,10207,45.727365,9,92,83,False,0.316456,0.83,0.283333,0.0,0.998264,1,1.02,603985.SH,恒润股份,Q_E_CLEAN_ENERGY_INTENSITY,绿色/可再生/清洁能源生产/使用强度,E,False,0,,,0,missing_candidate,extend_extraction_rules,2,related_fields_incomplete,,2,data/text/603985.SH/2025/annual_report.txt|data/text/603985.SH/2025/esg_report.txt,False
863,19,10211,45.722081,371,463,92,False,0.226244,0.92,0.283333,0.0,0.998264,1,1.02,000993.SZ,闽东电力,Q_E_CLEAN_ENERGY_INTENSITY,绿色/可再生/清洁能源生产/使用强度,E,False,0,,,0,missing_candidate,extend_extraction_rules,2,related_fields_incomplete,,1,data/text/000993.SZ/2025/annual_report.txt,False
864,19,10213,45.704861,240,299,59,False,0.555556,0.59,0.283333,0.0,0.998264,1,1.02,600379.SH,宝光股份,Q_E_CLEAN_ENERGY_INTENSITY,绿色/可再生/清洁能源生产/使用强度,E,False,0,,,0,missing_candidate,extend_extraction_rules,2,related_fields_incomplete,,1,data/text/600379.SH/2025/annual_report.txt,False
865,19,10229,45.663533,355,446,91,False,0.243902,0.91,0.273333,0.0,0.998264,1,0.984,002560.SZ,通达股份,Q_E_ALTERNATIVE_WATER_RATE,再生水或其他替代水源占比,E,False,0,,,0,missing_candidate,extend_extraction_rules,2,related_fields_incomplete,,1,data/text/002560.SZ/2025/annual_report.txt,False
866,19,10234,45.630488,305,388,83,False,0.322581,0.83,0.273333,0.0,0.998264,1,0.984,002733.SZ,雄韬股份,Q_E_ALTERNATIVE_WATER_RATE,再生水或其他替代水源占比,E,False,0,,,0,missing_candidate,extend_extraction_rules,2,related_fields_incomplete,,1,data/text/002733.SZ/2025/annual_report.txt,False
867,19,10251,45.579947,6,89,83,False,0.310559,0.83,0.283333,0.0,0.998264,1,1.02,600482.SH,中国动力,Q_E_CLEAN_ENERGY_INTENSITY,绿色/可再生/清洁能源生产/使用强度,E,False,0,,,0,missing_candidate,extend_extraction_rules,2,related_fields_incomplete,,2,data/text/600482.SH/2025/annual_report.txt|data/text/600482.SH/2025/esg_report.txt,False
868,19,10254,45.575776,183,199,16,False,0.980392,0.16,0.283333,0.0,0.998264,1,1.02,688345.SH,博力威,Q_E_CLEAN_ENERGY_INTENSITY,绿色/可再生/清洁能源生产/使用强度,E,False,0,,,0,missing_candidate,extend_extraction_rules,2,related_fields_incomplete,,1,data/text/688345.SH/2025/annual_report.txt,False
869,19,10258,45.558778,32,111,79,False,0.359712,0.79,0.273333,0.0,0.998264,1,0.984,601778.SH,晶科科技,Q_E_ALTERNATIVE_WATER_RATE,再生水或其他替代水源占比,E,False,0,,,0,missing_candidate,extend_extraction_rules,2,related_fields_incomplete,,2,data/text/601778.SH/2025/annual_report.txt|data/text/601778.SH/2025/esg_report.txt,False
870,19,10279,45.494544,290,369,79,False,0.357143,0.79,0.273333,0.0,0.998264,1,0.984,600758.SH,辽宁能源,Q_E_ALTERNATIVE_WATER_RATE,再生水或其他替代水源占比,E,False,0,,,0,missing_candidate,extend_extraction_rules,2,related_fields_incomplete,,1,data/text/600758.SH/2025/annual_report.txt,False
871,19,10285,45.477365,9,92,83,False,0.316456,0.83,0.273333,0.0,0.998264,1,0.984,603985.SH,恒润股份,Q_E_ALTERNATIVE_WATER_RATE,再生水或其他替代水源占比,E,False,0,,,0,missing_candidate,extend_extraction_rules,2,related_fields_incomplete,,2,data/text/603985.SH/2025/annual_report.txt|data/text/603985.SH/2025/esg_report.txt,False
872,19,10287,45.472081,371,463,92,False,0.226244,0.92,0.273333,0.0,0.998264,1,0.984,000993.SZ,闽东电力,Q_E_ALTERNATIVE_WATER_RATE,再生水或其他替代水源占比,E,False,0,,,0,missing_candidate,extend_extraction_rules,2,related_fields_incomplete,,1,data/text/000993.SZ/2025/annual_report.txt,False
873,19,10297,45.454861,240,299,59,False,0.555556,0.59,0.273333,0.0,0.998264,1,0.984,600379.SH,宝光股份,Q_E_ALTERNATIVE_WATER_RATE,再生水或其他替代水源占比,E,False,0,,,0,missing_candidate,extend_extraction_rules,2,related_fields_incomplete,,1,data/text/600379.SH/2025/annual_report.txt,False
874,19,10304,45.407242,153,187,34,False,0.793651,0.34,0.283333,0.0,0.998264,1,1.02,688226.SH,威腾电气,Q_E_CLEAN_ENERGY_INTENSITY,绿色/可再生/清洁能源生产/使用强度,E,False,0,,,0,missing_candidate,extend_extraction_rules,2,related_fields_incomplete,,1,data/text/688226.SH/2025/annual_report.txt,False
875,19,10331,45.329947,6,89,83,False,0.310559,0.83,0.273333,0.0,0.998264,1,0.984,600482.SH,中国动力,Q_E_ALTERNATIVE_WATER_RATE,再生水或其他替代水源占比,E,False,0,,,0,missing_candidate,extend_extraction_rules,2,related_fields_incomplete,,2,data/text/600482.SH/2025/annual_report.txt|data/text/600482.SH/2025/esg_report.txt,False
876,19,10334,45.325776,183,199,16,False,0.980392,0.16,0.273333,0.0,0.998264,1,0.984,688345.SH,博力威,Q_E_ALTERNATIVE_WATER_RATE,再生水或其他替代水源占比,E,False,0,,,0,missing_candidate,extend_extraction_rules,2,related_fields_incomplete,,1,data/text/688345.SH/2025/annual_report.txt,False
877,19,10341,45.315972,52,125,73,False,0.4,0.73,0.283333,0.0,0.998264,1,1.02,688388.SH,嘉元科技,Q_E_CLEAN_ENERGY_INTENSITY,绿色/可再生/清洁能源生产/使用强度,E,False,0,,,0,missing_candidate,extend_extraction_rules,2,related_fields_incomplete,,2,data/text/688388.SH/2025/annual_report.txt|data/text/688388.SH/2025/esg_report.txt,False
878,19,10379,45.182855,16,96,80,False,0.324675,0.8,0.283333,0.0,0.998264,1,1.02,603031.SH,安孚科技,Q_E_CLEAN_ENERGY_INTENSITY,绿色/可再生/清洁能源生产/使用强度,E,False,0,,,0,missing_candidate,extend_extraction_rules,2,related_fields_incomplete,,2,data/text/603031.SH/2025/annual_report.txt|data/text/603031.SH/2025/esg_report.txt,False
879,19,10390,45.157242,153,187,34,False,0.793651,0.34,0.273333,0.0,0.998264,1,0.984,688226.SH,威腾电气,Q_E_ALTERNATIVE_WATER_RATE,再生水或其他替代水源占比,E,False,0,,,0,missing_candidate,extend_extraction_rules,2,related_fields_incomplete,,1,data/text/688226.SH/2025/annual_report.txt,False
880,19,10415,45.088444,328,412,84,False,0.280899,0.84,0.283333,0.0,0.998264,1,1.02,300593.SZ,新雷能,Q_E_CLEAN_ENERGY_INTENSITY,绿色/可再生/清洁能源生产/使用强度,E,False,0,,,0,missing_candidate,extend_extraction_rules,2,related_fields_incomplete,,1,data/text/300593.SZ/2025/annual_report.txt,False
881,19,10424,45.065972,52,125,73,False,0.4,0.73,0.273333,0.0,0.998264,1,0.984,688388.SH,嘉元科技,Q_E_ALTERNATIVE_WATER_RATE,再生水或其他替代水源占比,E,False,0,,,0,missing_candidate,extend_extraction_rules,2,related_fields_incomplete,,2,data/text/688388.SH/2025/annual_report.txt|data/text/688388.SH/2025/esg_report.txt,False
882,19,10464,44.932855,16,96,80,False,0.324675,0.8,0.273333,0.0,0.998264,1,0.984,603031.SH,安孚科技,Q_E_ALTERNATIVE_WATER_RATE,再生水或其他替代水源占比,E,False,0,,,0,missing_candidate,extend_extraction_rules,2,related_fields_incomplete,,2,data/text/603031.SH/2025/annual_report.txt|data/text/603031.SH/2025/esg_report.txt,False
883,19,10489,44.838444,328,412,84,False,0.280899,0.84,0.273333,0.0,0.998264,1,0.984,300593.SZ,新雷能,Q_E_ALTERNATIVE_WATER_RATE,再生水或其他替代水源占比,E,False,0,,,0,missing_candidate,extend_extraction_rules,2,related_fields_incomplete,,1,data/text/300593.SZ/2025/annual_report.txt,False
884,19,10547,44.673115,220,259,39,False,0.714286,0.39,0.283333,0.0,0.998264,1,1.02,600110.SH,诺德股份,Q_E_CLEAN_ENERGY_INTENSITY,绿色/可再生/清洁能源生产/使用强度,E,False,0,,,0,missing_candidate,extend_extraction_rules,2,related_fields_incomplete,,1,data/text/600110.SH/2025/annual_report.txt,False
885,19,10587,44.532953,415,506,91,False,0.188679,0.91,0.283333,0.0,0.998264,1,1.02,300069.SZ,金利华电,Q_E_CLEAN_ENERGY_INTENSITY,绿色/可再生/清洁能源生产/使用强度,E,False,0,,,0,missing_candidate,extend_extraction_rules,2,related_fields_incomplete,,1,data/text/300069.SZ/2025/annual_report.txt,False
886,19,10597,44.514371,431,523,92,False,0.177936,0.92,0.283333,0.0,0.998264,1,1.02,002616.SZ,长青集团,Q_E_CLEAN_ENERGY_INTENSITY,绿色/可再生/清洁能源生产/使用强度,E,False,0,,,0,missing_candidate,extend_extraction_rules,2,related_fields_incomplete,,1,data/text/002616.SZ/2025/annual_report.txt,False
887,19,10614,44.423115,220,259,39,False,0.714286,0.39,0.273333,0.0,0.998264,1,0.984,600110.SH,诺德股份,Q_E_ALTERNATIVE_WATER_RATE,再生水或其他替代水源占比,E,False,0,,,0,missing_candidate,extend_extraction_rules,2,related_fields_incomplete,,1,data/text/600110.SH/2025/annual_report.txt,False
888,19,10642,44.300821,414,504,90,False,0.189394,0.9,0.283333,0.0,0.998264,1,1.02,301152.SZ,天力锂能,Q_E_CLEAN_ENERGY_INTENSITY,绿色/可再生/清洁能源生产/使用强度,E,False,0,,,0,missing_candidate,extend_extraction_rules,2,related_fields_incomplete,,1,data/text/301152.SZ/2025/annual_report.txt,False
889,19,10647,44.282953,415,506,91,False,0.188679,0.91,0.273333,0.0,0.998264,1,0.984,300069.SZ,金利华电,Q_E_ALTERNATIVE_WATER_RATE,再生水或其他替代水源占比,E,False,0,,,0,missing_candidate,extend_extraction_rules,2,related_fields_incomplete,,1,data/text/300069.SZ/2025/annual_report.txt,False
890,19,10653,44.264371,431,523,92,False,0.177936,0.92,0.273333,0.0,0.998264,1,0.984,002616.SZ,长青集团,Q_E_ALTERNATIVE_WATER_RATE,再生水或其他替代水源占比,E,False,0,,,0,missing_candidate,extend_extraction_rules,2,related_fields_incomplete,,1,data/text/002616.SZ/2025/annual_report.txt,False
891,19,10659,44.248071,122,169,47,False,0.617284,0.47,0.283333,0.0,0.998264,1,1.02,600681.SH,百川能源,Q_E_CLEAN_ENERGY_INTENSITY,绿色/可再生/清洁能源生产/使用强度,E,False,0,,,0,missing_candidate,extend_extraction_rules,2,related_fields_incomplete,,1,data/text/600681.SH/2025/annual_report.txt,False
892,19,10665,44.237232,404,493,89,False,0.19685,0.89,0.283333,0.0,0.998264,1,1.02,300317.SZ,珈伟新能,Q_E_CLEAN_ENERGY_INTENSITY,绿色/可再生/清洁能源生产/使用强度,E,False,0,,,0,missing_candidate,extend_extraction_rules,2,related_fields_incomplete,,1,data/text/300317.SZ/2025/annual_report.txt,False
893,19,10666,44.236607,55,124,69,False,0.396825,0.69,0.283333,0.0,0.998264,1,1.02,301325.SZ,曼恩斯特,Q_E_CLEAN_ENERGY_INTENSITY,绿色/可再生/清洁能源生产/使用强度,E,False,0,,,0,missing_candidate,extend_extraction_rules,2,related_fields_incomplete,,2,data/text/301325.SZ/2025/annual_report.txt|data/text/301325.SZ/2025/esg_report.txt,False
894,19,10723,44.050821,414,504,90,False,0.189394,0.9,0.273333,0.0,0.998264,1,0.984,301152.SZ,天力锂能,Q_E_ALTERNATIVE_WATER_RATE,再生水或其他替代水源占比,E,False,0,,,0,missing_candidate,extend_extraction_rules,2,related_fields_incomplete,,1,data/text/301152.SZ/2025/annual_report.txt,False
895,19,10740,43.998071,122,169,47,False,0.617284,0.47,0.273333,0.0,0.998264,1,0.984,600681.SH,百川能源,Q_E_ALTERNATIVE_WATER_RATE,再生水或其他替代水源占比,E,False,0,,,0,missing_candidate,extend_extraction_rules,2,related_fields_incomplete,,1,data/text/600681.SH/2025/annual_report.txt,False
896,19,10741,43.994544,38,110,72,False,0.357143,0.72,0.283333,0.0,0.998264,1,1.02,688390.SH,固德威,Q_E_CLEAN_ENERGY_INTENSITY,绿色/可再生/清洁能源生产/使用强度,E,False,0,,,0,missing_candidate,extend_extraction_rules,2,related_fields_incomplete,,2,data/text/688390.SH/2025/annual_report.txt|data/text/688390.SH/2025/esg_report.txt,False
897,19,10745,43.987232,404,493,89,False,0.19685,0.89,0.273333,0.0,0.998264,1,0.984,300317.SZ,珈伟新能,Q_E_ALTERNATIVE_WATER_RATE,再生水或其他替代水源占比,E,False,0,,,0,missing_candidate,extend_extraction_rules,2,related_fields_incomplete,,1,data/text/300317.SZ/2025/annual_report.txt,False
898,19,10746,43.986607,55,124,69,False,0.396825,0.69,0.273333,0.0,0.998264,1,0.984,301325.SZ,曼恩斯特,Q_E_ALTERNATIVE_WATER_RATE,再生水或其他替代水源占比,E,False,0,,,0,missing_candidate,extend_extraction_rules,2,related_fields_incomplete,,2,data/text/301325.SZ/2025/annual_report.txt|data/text/301325.SZ/2025/esg_report.txt,False
899,19,10773,43.929785,407,495,88,False,0.194553,0.88,0.283333,0.0,0.998264,1,1.02,300051.SZ,琏升科技,Q_E_CLEAN_ENERGY_INTENSITY,绿色/可再生/清洁能源生产/使用强度,E,False,0,,,0,missing_candidate,extend_extraction_rules,2,related_fields_incomplete,,1,data/text/300051.SZ/2025/annual_report.txt,False
900,19,10802,43.827233,77,139,62,False,0.45045,0.62,0.283333,0.0,0.998264,1,1.02,002518.SZ,科士达,Q_E_CLEAN_ENERGY_INTENSITY,绿色/可再生/清洁能源生产/使用强度,E,False,0,,,0,missing_candidate,extend_extraction_rules,2,related_fields_incomplete,,1,data/text/002518.SZ/2025/annual_report.txt,False
901,19,10825,43.744544,38,110,72,False,0.357143,0.72,0.273333,0.0,0.998264,1,0.984,688390.SH,固德威,Q_E_ALTERNATIVE_WATER_RATE,再生水或其他替代水源占比,E,False,0,,,0,missing_candidate,extend_extraction_rules,2,related_fields_incomplete,,2,data/text/688390.SH/2025/annual_report.txt|data/text/688390.SH/2025/esg_report.txt,False
902,19,10841,43.69796,472,563,91,False,0.15528,0.91,0.283333,0.0,0.998264,1,1.02,920985.BJ,海泰新能,Q_E_CLEAN_ENERGY_INTENSITY,绿色/可再生/清洁能源生产/使用强度,E,False,0,,,0,missing_candidate,extend_extraction_rules,2,related_fields_incomplete,,1,data/text/920985.BJ/2025/annual_report.txt,False
903,19,10848,43.68926,223,261,38,False,0.684932,0.38,0.283333,0.0,0.998264,1,1.02,603185.SH,弘元绿能,Q_E_CLEAN_ENERGY_INTENSITY,绿色/可再生/清洁能源生产/使用强度,E,False,0,,,0,missing_candidate,extend_extraction_rules,2,related_fields_incomplete,,1,data/text/603185.SH/2025/annual_report.txt,False
904,19,10853,43.679785,407,495,88,False,0.194553,0.88,0.273333,0.0,0.998264,1,0.984,300051.SZ,琏升科技,Q_E_ALTERNATIVE_WATER_RATE,再生水或其他替代水源占比,E,False,0,,,0,missing_candidate,extend_extraction_rules,2,related_fields_incomplete,,1,data/text/300051.SZ/2025/annual_report.txt,False
905,19,10896,43.577233,77,139,62,False,0.45045,0.62,0.273333,0.0,0.998264,1,0.984,002518.SZ,科士达,Q_E_ALTERNATIVE_WATER_RATE,再生水或其他替代水源占比,E,False,0,,,0,missing_candidate,extend_extraction_rules,2,related_fields_incomplete,,1,data/text/002518.SZ/2025/annual_report.txt,False
906,19,10914,43.504091,352,433,81,False,0.247525,0.81,0.283333,0.0,0.998264,1,1.02,002623.SZ,亚玛顿,Q_E_CLEAN_ENERGY_INTENSITY,绿色/可再生/清洁能源生产/使用强度,E,False,0,,,0,missing_candidate,extend_extraction_rules,2,related_fields_incomplete,,1,data/text/002623.SZ/2025/annual_report.txt,False
907,19,10937,43.44796,472,563,91,False,0.15528,0.91,0.273333,0.0,0.998264,1,0.984,920985.BJ,海泰新能,Q_E_ALTERNATIVE_WATER_RATE,再生水或其他替代水源占比,E,False,0,,,0,missing_candidate,extend_extraction_rules,2,related_fields_incomplete,,1,data/text/920985.BJ/2025/annual_report.txt,False
908,19,10943,43.43926,223,261,38,False,0.684932,0.38,0.273333,0.0,0.998264,1,0.984,603185.SH,弘元绿能,Q_E_ALTERNATIVE_WATER_RATE,再生水或其他替代水源占比,E,False,0,,,0,missing_candidate,extend_extraction_rules,2,related_fields_incomplete,,1,data/text/603185.SH/2025/annual_report.txt,False
909,19,11001,43.254091,352,433,81,False,0.247525,0.81,0.273333,0.0,0.998264,1,0.984,002623.SZ,亚玛顿,Q_E_ALTERNATIVE_WATER_RATE,再生水或其他替代水源占比,E,False,0,,,0,missing_candidate,extend_extraction_rules,2,related_fields_incomplete,,1,data/text/002623.SZ/2025/annual_report.txt,False
910,19,11015,43.20257,100,153,53,False,0.515464,0.53,0.283333,0.0,0.998264,1,1.02,600635.SH,大众公用,Q_E_CLEAN_ENERGY_INTENSITY,绿色/可再生/清洁能源生产/使用强度,E,False,0,,,0,missing_candidate,extend_extraction_rules,2,related_fields_incomplete,,2,data/text/600635.SH/2025/annual_report.txt|data/text/600635.SH/2025/esg_report.txt,False
911,19,11025,43.178518,421,507,86,False,0.184502,0.86,0.283333,0.0,0.998264,1,1.02,600397.SH,江钨装备,Q_E_CLEAN_ENERGY_INTENSITY,绿色/可再生/清洁能源生产/使用强度,E,False,0,,,0,missing_candidate,extend_extraction_rules,2,related_fields_incomplete,,1,data/text/600397.SH/2025/annual_report.txt,False
912,19,11027,43.173115,147,180,33,False,0.714286,0.33,0.283333,0.0,0.998264,1,1.02,600642.SH,申能股份,Q_E_CLEAN_ENERGY_INTENSITY,绿色/可再生/清洁能源生产/使用强度,E,False,0,,,0,missing_candidate,extend_extraction_rules,2,related_fields_incomplete,,1,data/text/600642.SH/2025/annual_report.txt,False
913,19,11039,43.126213,123,167,44,False,0.60241,0.44,0.283333,0.0,0.998264,1,1.02,002828.SZ,贝肯能源,Q_E_CLEAN_ENERGY_INTENSITY,绿色/可再生/清洁能源生产/使用强度,E,False,0,,,0,missing_candidate,extend_extraction_rules,2,related_fields_incomplete,,1,data/text/002828.SZ/2025/annual_report.txt,False
914,19,11066,43.049738,227,266,39,False,0.649351,0.39,0.283333,0.0,0.998264,1,1.02,600982.SH,宁波能源,Q_E_CLEAN_ENERGY_INTENSITY,绿色/可再生/清洁能源生产/使用强度,E,False,0,,,0,missing_candidate,extend_extraction_rules,2,related_fields_incomplete,,1,data/text/600982.SH/2025/annual_report.txt,False
915,19,11067,43.046259,429,515,86,False,0.179211,0.86,0.283333,0.0,0.998264,1,1.02,600212.SH,绿能慧充,Q_E_CLEAN_ENERGY_INTENSITY,绿色/可再生/清洁能源生产/使用强度,E,False,0,,,0,missing_candidate,extend_extraction_rules,2,related_fields_incomplete,,1,data/text/600212.SH/2025/annual_report.txt,False
916,19,11084,42.998071,231,273,42,False,0.617284,0.42,0.283333,0.0,0.998264,1,1.02,002534.SZ,西子洁能,Q_E_CLEAN_ENERGY_INTENSITY,绿色/可再生/清洁能源生产/使用强度,E,False,0,,,0,missing_candidate,extend_extraction_rules,2,related_fields_incomplete,,1,data/text/002534.SZ/2025/annual_report.txt,False
917,19,11091,42.970734,255,311,56,False,0.47619,0.56,0.283333,0.0,0.998264,1,1.02,000537.SZ,绿发电力,Q_E_CLEAN_ENERGY_INTENSITY,绿色/可再生/清洁能源生产/使用强度,E,False,0,,,0,missing_candidate,extend_extraction_rules,2,related_fields_incomplete,,1,data/text/000537.SZ/2025/annual_report.txt,False
918,19,11095,42.95257,100,153,53,False,0.515464,0.53,0.273333,0.0,0.998264,1,0.984,600635.SH,大众公用,Q_E_ALTERNATIVE_WATER_RATE,再生水或其他替代水源占比,E,False,0,,,0,missing_candidate,extend_extraction_rules,2,related_fields_incomplete,,2,data/text/600635.SH/2025/annual_report.txt|data/text/600635.SH/2025/esg_report.txt,False
919,19,11104,42.928518,421,507,86,False,0.184502,0.86,0.273333,0.0,0.998264,1,0.984,600397.SH,江钨装备,Q_E_ALTERNATIVE_WATER_RATE,再生水或其他替代水源占比,E,False,0,,,0,missing_candidate,extend_extraction_rules,2,related_fields_incomplete,,1,data/text/600397.SH/2025/annual_report.txt,False
920,19,11105,42.923115,147,180,33,False,0.714286,0.33,0.273333,0.0,0.998264,1,0.984,600642.SH,申能股份,Q_E_ALTERNATIVE_WATER_RATE,再生水或其他替代水源占比,E,False,0,,,0,missing_candidate,extend_extraction_rules,2,related_fields_incomplete,,1,data/text/600642.SH/2025/annual_report.txt,False
921,19,11120,42.876213,123,167,44,False,0.60241,0.44,0.273333,0.0,0.998264,1,0.984,002828.SZ,贝肯能源,Q_E_ALTERNATIVE_WATER_RATE,再生水或其他替代水源占比,E,False,0,,,0,missing_candidate,extend_extraction_rules,2,related_fields_incomplete,,1,data/text/002828.SZ/2025/annual_report.txt,False
922,19,11141,42.799738,227,266,39,False,0.649351,0.39,0.273333,0.0,0.998264,1,0.984,600982.SH,宁波能源,Q_E_ALTERNATIVE_WATER_RATE,再生水或其他替代水源占比,E,False,0,,,0,missing_candidate,extend_extraction_rules,2,related_fields_incomplete,,1,data/text/600982.SH/2025/annual_report.txt,False
923,19,11142,42.796259,429,515,86,False,0.179211,0.86,0.273333,0.0,0.998264,1,0.984,600212.SH,绿能慧充,Q_E_ALTERNATIVE_WATER_RATE,再生水或其他替代水源占比,E,False,0,,,0,missing_candidate,extend_extraction_rules,2,related_fields_incomplete,,1,data/text/600212.SH/2025/annual_report.txt,False
924,19,11146,42.789656,302,372,70,False,0.328947,0.7,0.283333,0.0,0.998264,1,1.02,002471.SZ,中超控股,Q_E_CLEAN_ENERGY_INTENSITY,绿色/可再生/清洁能源生产/使用强度,E,False,0,,,0,missing_candidate,extend_extraction_rules,2,related_fields_incomplete,,1,data/text/002471.SZ/2025/annual_report.txt,False
925,19,11158,42.748071,231,273,42,False,0.617284,0.42,0.273333,0.0,0.998264,1,0.984,002534.SZ,西子洁能,Q_E_ALTERNATIVE_WATER_RATE,再生水或其他替代水源占比,E,False,0,,,0,missing_candidate,extend_extraction_rules,2,related_fields_incomplete,,1,data/text/002534.SZ/2025/annual_report.txt,False
926,19,11166,42.720734,255,311,56,False,0.47619,0.56,0.273333,0.0,0.998264,1,0.984,000537.SZ,绿发电力,Q_E_ALTERNATIVE_WATER_RATE,再生水或其他替代水源占比,E,False,0,,,0,missing_candidate,extend_extraction_rules,2,related_fields_incomplete,,1,data/text/000537.SZ/2025/annual_report.txt,False
927,19,11204,42.612582,386,467,81,False,0.211864,0.81,0.283333,0.0,0.998264,1,1.02,300772.SZ,运达股份,Q_E_CLEAN_ENERGY_INTENSITY,绿色/可再生/清洁能源生产/使用强度,E,False,0,,,0,missing_candidate,extend_extraction_rules,2,related_fields_incomplete,,1,data/text/300772.SZ/2025/annual_report.txt,False
928,19,11224,42.559582,463,549,86,False,0.159744,0.86,0.283333,0.0,0.998264,1,1.02,002366.SZ,融发核电,Q_E_CLEAN_ENERGY_INTENSITY,绿色/可再生/清洁能源生产/使用强度,E,False,0,,,0,missing_candidate,extend_extraction_rules,2,related_fields_incomplete,,1,data/text/002366.SZ/2025/annual_report.txt,False
929,19,11226,42.539656,302,372,70,False,0.328947,0.7,0.273333,0.0,0.998264,1,0.984,002471.SZ,中超控股,Q_E_ALTERNATIVE_WATER_RATE,再生水或其他替代水源占比,E,False,0,,,0,missing_candidate,extend_extraction_rules,2,related_fields_incomplete,,1,data/text/002471.SZ/2025/annual_report.txt,False
930,19,11231,42.521855,122,165,43,False,0.588235,0.43,0.283333,0.0,0.998264,1,1.02,600777.SH,新潮能源,Q_E_CLEAN_ENERGY_INTENSITY,绿色/可再生/清洁能源生产/使用强度,E,False,0,,,0,missing_candidate,extend_extraction_rules,2,related_fields_incomplete,,2,data/text/600777.SH/2025/annual_report.txt|data/text/600777.SH/2025/esg_report.txt,False
931,19,11234,42.513341,226,262,36,False,0.657895,0.36,0.283333,0.0,0.998264,1,1.02,600550.SH,保变电气,Q_E_CLEAN_ENERGY_INTENSITY,绿色/可再生/清洁能源生产/使用强度,E,False,0,,,0,missing_candidate,extend_extraction_rules,2,related_fields_incomplete,,1,data/text/600550.SH/2025/annual_report.txt,False
932,19,11280,42.362582,386,467,81,False,0.211864,0.81,0.273333,0.0,0.998264,1,0.984,300772.SZ,运达股份,Q_E_ALTERNATIVE_WATER_RATE,再生水或其他替代水源占比,E,False,0,,,0,missing_candidate,extend_extraction_rules,2,related_fields_incomplete,,1,data/text/300772.SZ/2025/annual_report.txt,False
933,19,11282,42.35945,334,408,74,False,0.271739,0.74,0.283333,0.0,0.998264,1,1.02,300410.SZ,正业科技,Q_E_CLEAN_ENERGY_INTENSITY,绿色/可再生/清洁能源生产/使用强度,E,False,0,,,0,missing_candidate,extend_extraction_rules,2,related_fields_incomplete,,1,data/text/300410.SZ/2025/annual_report.txt,False
934,19,11291,42.309582,463,549,86,False,0.159744,0.86,0.273333,0.0,0.998264,1,0.984,002366.SZ,融发核电,Q_E_ALTERNATIVE_WATER_RATE,再生水或其他替代水源占比,E,False,0,,,0,missing_candidate,extend_extraction_rules,2,related_fields_incomplete,,1,data/text/002366.SZ/2025/annual_report.txt,False
935,19,11297,42.299738,137,173,36,False,0.649351,0.36,0.283333,0.0,0.998264,1,1.02,603556.SH,海兴电力,Q_E_CLEAN_ENERGY_INTENSITY,绿色/可再生/清洁能源生产/使用强度,E,False,0,,,0,missing_candidate,extend_extraction_rules,2,related_fields_incomplete,,1,data/text/603556.SH/2025/annual_report.txt,False
936,19,11303,42.271855,122,165,43,False,0.588235,0.43,0.273333,0.0,0.998264,1,0.984,600777.SH,新潮能源,Q_E_ALTERNATIVE_WATER_RATE,再生水或其他替代水源占比,E,False,0,,,0,missing_candidate,extend_extraction_rules,2,related_fields_incomplete,,2,data/text/600777.SH/2025/annual_report.txt|data/text/600777.SH/2025/esg_report.txt,False
937,19,11307,42.263341,226,262,36,False,0.657895,0.36,0.273333,0.0,0.998264,1,0.984,600550.SH,保变电气,Q_E_ALTERNATIVE_WATER_RATE,再生水或其他替代水源占比,E,False,0,,,0,missing_candidate,extend_extraction_rules,2,related_fields_incomplete,,1,data/text/600550.SH/2025/annual_report.txt,False
938,19,11322,42.217381,434,517,83,False,0.176056,0.83,0.283333,0.0,0.998264,1,1.02,603798.SH,康普顿,Q_E_CLEAN_ENERGY_INTENSITY,绿色/可再生/清洁能源生产/使用强度,E,False,0,,,0,missing_candidate,extend_extraction_rules,2,related_fields_incomplete,,1,data/text/603798.SH/2025/annual_report.txt,False
939,19,11328,42.207864,143,176,33,False,0.675676,0.33,0.283333,0.0,0.998264,1,1.02,603706.SH,东方环宇,Q_E_CLEAN_ENERGY_INTENSITY,绿色/可再生/清洁能源生产/使用强度,E,False,0,,,0,missing_candidate,extend_extraction_rules,2,related_fields_incomplete,,2,data/text/603706.SH/2025/annual_report.txt|data/text/603706.SH/2025/esg_report.txt,False
940,19,11348,42.144727,423,505,82,False,0.18315,0.82,0.283333,0.0,0.998264,1,1.02,300933.SZ,中辰股份,Q_E_CLEAN_ENERGY_INTENSITY,绿色/可再生/清洁能源生产/使用强度,E,False,0,,,0,missing_candidate,extend_extraction_rules,2,related_fields_incomplete,,1,data/text/300933.SZ/2025/annual_report.txt,False
941,19,11360,42.10945,334,408,74,False,0.271739,0.74,0.273333,0.0,0.998264,1,0.984,300410.SZ,正业科技,Q_E_ALTERNATIVE_WATER_RATE,再生水或其他替代水源占比,E,False,0,,,0,missing_candidate,extend_extraction_rules,2,related_fields_incomplete,,1,data/text/300410.SZ/2025/annual_report.txt,False
942,19,11381,42.051002,13,83,70,False,0.299401,0.7,0.283333,0.0,0.998264,1,1.02,601877.SH,正泰电器,Q_E_CLEAN_ENERGY_INTENSITY,绿色/可再生/清洁能源生产/使用强度,E,False,0,,,0,missing_candidate,extend_extraction_rules,2,related_fields_incomplete,,2,data/text/601877.SH/2025/annual_report.txt|data/text/601877.SH/2025/esg_report.txt,False
943,19,11382,42.049738,137,173,36,False,0.649351,0.36,0.273333,0.0,0.998264,1,0.984,603556.SH,海兴电力,Q_E_ALTERNATIVE_WATER_RATE,再生水或其他替代水源占比,E,False,0,,,0,missing_candidate,extend_extraction_rules,2,related_fields_incomplete,,1,data/text/603556.SH/2025/annual_report.txt,False
944,19,11396,41.967381,434,517,83,False,0.176056,0.83,0.273333,0.0,0.998264,1,0.984,603798.SH,康普顿,Q_E_ALTERNATIVE_WATER_RATE,再生水或其他替代水源占比,E,False,0,,,0,missing_candidate,extend_extraction_rules,2,related_fields_incomplete,,1,data/text/603798.SH/2025/annual_report.txt,False
945,19,11401,41.957864,143,176,33,False,0.675676,0.33,0.273333,0.0,0.998264,1,0.984,603706.SH,东方环宇,Q_E_ALTERNATIVE_WATER_RATE,再生水或其他替代水源占比,E,False,0,,,0,missing_candidate,extend_extraction_rules,2,related_fields_incomplete,,2,data/text/603706.SH/2025/annual_report.txt|data/text/603706.SH/2025/esg_report.txt,False
946,19,11421,41.894727,423,505,82,False,0.18315,0.82,0.273333,0.0,0.998264,1,0.984,300933.SZ,中辰股份,Q_E_ALTERNATIVE_WATER_RATE,再生水或其他替代水源占比,E,False,0,,,0,missing_candidate,extend_extraction_rules,2,related_fields_incomplete,,1,data/text/300933.SZ/2025/annual_report.txt,False
947,19,11446,41.827233,85,139,54,False,0.45045,0.54,0.283333,0.0,0.998264,1,1.02,002893.SZ,京能热力,Q_E_CLEAN_ENERGY_INTENSITY,绿色/可再生/清洁能源生产/使用强度,E,False,0,,,0,missing_candidate,extend_extraction_rules,2,related_fields_incomplete,,1,data/text/002893.SZ/2025/annual_report.txt,False
948,19,11449,41.801002,13,83,70,False,0.299401,0.7,0.273333,0.0,0.998264,1,0.984,601877.SH,正泰电器,Q_E_ALTERNATIVE_WATER_RATE,再生水或其他替代水源占比,E,False,0,,,0,missing_candidate,extend_extraction_rules,2,related_fields_incomplete,,2,data/text/601877.SH/2025/annual_report.txt|data/text/601877.SH/2025/esg_report.txt,False
949,19,11506,41.628016,424,504,80,False,0.182482,0.8,0.283333,0.0,0.998264,1,1.02,001289.SZ,龙源电力,Q_E_CLEAN_ENERGY_INTENSITY,绿色/可再生/清洁能源生产/使用强度,E,False,0,,,0,missing_candidate,extend_extraction_rules,2,related_fields_incomplete,,1,data/text/001289.SZ/2025/annual_report.txt,False
950,19,11528,41.577233,85,139,54,False,0.45045,0.54,0.273333,0.0,0.998264,1,0.984,002893.SZ,京能热力,Q_E_ALTERNATIVE_WATER_RATE,再生水或其他替代水源占比,E,False,0,,,0,missing_candidate,extend_extraction_rules,2,related_fields_incomplete,,1,data/text/002893.SZ/2025/annual_report.txt,False
951,19,11574,41.39173,18,85,67,False,0.30303,0.67,0.283333,0.0,0.998264,1,1.02,03899.HK,CIMC ENRIC,Q_E_CLEAN_ENERGY_INTENSITY,绿色/可再生/清洁能源生产/使用强度,E,False,0,,,0,missing_candidate,extend_extraction_rules,2,related_fields_incomplete,,2,data/text/hkex_reports/03899.HK/2025/annual_report.txt|data/text/hkex_reports/03899.HK/2025/esg_report.txt,False
952,19,11579,41.378016,424,504,80,False,0.182482,0.8,0.273333,0.0,0.998264,1,0.984,001289.SZ,龙源电力,Q_E_ALTERNATIVE_WATER_RATE,再生水或其他替代水源占比,E,False,0,,,0,missing_candidate,extend_extraction_rules,2,related_fields_incomplete,,1,data/text/001289.SZ/2025/annual_report.txt,False
953,19,11599,41.299917,368,442,74,False,0.229358,0.74,0.283333,0.0,0.998264,1,1.02,300569.SZ,天能重工,Q_E_CLEAN_ENERGY_INTENSITY,绿色/可再生/清洁能源生产/使用强度,E,False,0,,,0,missing_candidate,extend_extraction_rules,2,related_fields_incomplete,,1,data/text/300569.SZ/2025/annual_report.txt,False
954,19,11615,41.256448,15,82,67,False,0.297619,0.67,0.283333,0.0,0.998264,1,1.02,603063.SH,禾望电气,Q_E_CLEAN_ENERGY_INTENSITY,绿色/可再生/清洁能源生产/使用强度,E,False,0,,,0,missing_candidate,extend_extraction_rules,2,related_fields_incomplete,,2,data/text/603063.SH/2025/annual_report.txt|data/text/603063.SH/2025/esg_report.txt,False
955,19,11618,41.234468,469,550,81,False,0.15674,0.81,0.283333,0.0,0.998264,1,1.02,000722.SZ,湖南发展,Q_E_CLEAN_ENERGY_INTENSITY,绿色/可再生/清洁能源生产/使用强度,E,False,0,,,0,missing_candidate,extend_extraction_rules,2,related_fields_incomplete,,1,data/text/000722.SZ/2025/annual_report.txt,False
956,19,11625,41.214468,58,117,59,False,0.37594,0.59,0.283333,0.0,0.998264,1,1.02,002259.SZ,升达林业,Q_E_CLEAN_ENERGY_INTENSITY,绿色/可再生/清洁能源生产/使用强度,E,False,0,,,0,missing_candidate,extend_extraction_rules,2,related_fields_incomplete,,1,data/text/002259.SZ/2025/annual_report.txt,False
957,19,11629,41.208829,7,75,68,False,0.285714,0.68,0.283333,0.0,0.998264,1,1.02,603396.SH,金辰股份,Q_E_CLEAN_ENERGY_INTENSITY,绿色/可再生/清洁能源生产/使用强度,E,False,0,,,0,missing_candidate,extend_extraction_rules,2,related_fields_incomplete,,2,data/text/603396.SH/2025/annual_report.txt|data/text/603396.SH/2025/esg_report.txt,False
958,19,11634,41.186662,43,105,62,False,0.344828,0.62,0.283333,0.0,0.998264,1,1.02,600508.SH,上海能源,Q_E_CLEAN_ENERGY_INTENSITY,绿色/可再生/清洁能源生产/使用强度,E,False,0,,,0,missing_candidate,extend_extraction_rules,2,related_fields_incomplete,,2,data/text/600508.SH/2025/annual_report.txt|data/text/600508.SH/2025/esg_report.txt,False
959,19,11645,41.157094,364,437,73,False,0.233645,0.73,0.283333,0.0,0.998264,1,1.02,002805.SZ,丰元股份,Q_E_CLEAN_ENERGY_INTENSITY,绿色/可再生/清洁能源生产/使用强度,E,False,0,,,0,missing_candidate,extend_extraction_rules,2,related_fields_incomplete,,1,data/text/002805.SZ/2025/annual_report.txt,False
960,19,11650,41.14173,18,85,67,False,0.30303,0.67,0.273333,0.0,0.998264,1,0.984,03899.HK,CIMC ENRIC,Q_E_ALTERNATIVE_WATER_RATE,再生水或其他替代水源占比,E,False,0,,,0,missing_candidate,extend_extraction_rules,2,related_fields_incomplete,,2,data/text/hkex_reports/03899.HK/2025/annual_report.txt|data/text/hkex_reports/03899.HK/2025/esg_report.txt,False
961,19,11680,41.049917,368,442,74,False,0.229358,0.74,0.273333,0.0,0.998264,1,0.984,300569.SZ,天能重工,Q_E_ALTERNATIVE_WATER_RATE,再生水或其他替代水源占比,E,False,0,,,0,missing_candidate,extend_extraction_rules,2,related_fields_incomplete,,1,data/text/300569.SZ/2025/annual_report.txt,False
962,19,11686,41.038945,446,525,79,False,0.168919,0.79,0.283333,0.0,0.998264,1,1.02,002218.SZ,拓日新能,Q_E_CLEAN_ENERGY_INTENSITY,绿色/可再生/清洁能源生产/使用强度,E,False,0,,,0,missing_candidate,extend_extraction_rules,2,related_fields_incomplete,,1,data/text/002218.SZ/2025/annual_report.txt,False
963,19,11700,41.006448,15,82,67,False,0.297619,0.67,0.273333,0.0,0.998264,1,0.984,603063.SH,禾望电气,Q_E_ALTERNATIVE_WATER_RATE,再生水或其他替代水源占比,E,False,0,,,0,missing_candidate,extend_extraction_rules,2,related_fields_incomplete,,2,data/text/603063.SH/2025/annual_report.txt|data/text/603063.SH/2025/esg_report.txt,False
964,19,11704,40.984468,469,550,81,False,0.15674,0.81,0.273333,0.0,0.998264,1,0.984,000722.SZ,湖南发展,Q_E_ALTERNATIVE_WATER_RATE,再生水或其他替代水源占比,E,False,0,,,0,missing_candidate,extend_extraction_rules,2,related_fields_incomplete,,1,data/text/000722.SZ/2025/annual_report.txt,False
965,19,11707,40.964468,58,117,59,False,0.37594,0.59,0.273333,0.0,0.998264,1,0.984,002259.SZ,升达林业,Q_E_ALTERNATIVE_WATER_RATE,再生水或其他替代水源占比,E,False,0,,,0,missing_candidate,extend_extraction_rules,2,related_fields_incomplete,,1,data/text/002259.SZ/2025/annual_report.txt,False
966,19,11709,40.958829,7,75,68,False,0.285714,0.68,0.273333,0.0,0.998264,1,0.984,603396.SH,金辰股份,Q_E_ALTERNATIVE_WATER_RATE,再生水或其他替代水源占比,E,False,0,,,0,missing_candidate,extend_extraction_rules,2,related_fields_incomplete,,2,data/text/603396.SH/2025/annual_report.txt|data/text/603396.SH/2025/esg_report.txt,False
967,19,11717,40.936662,43,105,62,False,0.344828,0.62,0.273333,0.0,0.998264,1,0.984,600508.SH,上海能源,Q_E_ALTERNATIVE_WATER_RATE,再生水或其他替代水源占比,E,False,0,,,0,missing_candidate,extend_extraction_rules,2,possible_direct_alternative_water_rate,循环水用量占比 97.21%,2,data/text/600508.SH/2025/annual_report.txt|data/text/600508.SH/2025/esg_report.txt,False
968,19,11725,40.907094,364,437,73,False,0.233645,0.73,0.273333,0.0,0.998264,1,0.984,002805.SZ,丰元股份,Q_E_ALTERNATIVE_WATER_RATE,再生水或其他替代水源占比,E,False,0,,,0,missing_candidate,extend_extraction_rules,2,related_fields_incomplete,,1,data/text/002805.SZ/2025/annual_report.txt,False
969,19,11752,40.815972,275,330,55,False,0.4,0.55,0.283333,0.0,0.998264,1,1.02,301291.SZ,明阳电气,Q_E_CLEAN_ENERGY_INTENSITY,绿色/可再生/清洁能源生产/使用强度,E,False,0,,,0,missing_candidate,extend_extraction_rules,2,related_fields_incomplete,,1,data/text/301291.SZ/2025/annual_report.txt,False
970,19,11755,40.788945,446,525,79,False,0.168919,0.79,0.273333,0.0,0.998264,1,0.984,002218.SZ,拓日新能,Q_E_ALTERNATIVE_WATER_RATE,再生水或其他替代水源占比,E,False,0,,,0,missing_candidate,extend_extraction_rules,2,related_fields_incomplete,,1,data/text/002218.SZ/2025/annual_report.txt,False
971,19,11828,40.565972,275,330,55,False,0.4,0.55,0.273333,0.0,0.998264,1,0.984,301291.SZ,明阳电气,Q_E_ALTERNATIVE_WATER_RATE,再生水或其他替代水源占比,E,False,0,,,0,missing_candidate,extend_extraction_rules,2,related_fields_incomplete,,1,data/text/301291.SZ/2025/annual_report.txt,False
972,19,11837,40.514371,431,507,76,False,0.177936,0.76,0.283333,0.0,0.998264,1,1.02,000591.SZ,太阳能,Q_E_CLEAN_ENERGY_INTENSITY,绿色/可再生/清洁能源生产/使用强度,E,False,0,,,0,missing_candidate,extend_extraction_rules,2,related_fields_incomplete,,1,data/text/000591.SZ/2025/annual_report.txt,False
973,19,11840,40.507149,57,114,57,False,0.367647,0.57,0.283333,0.0,0.998264,1,1.02,603080.SH,新疆火炬,Q_E_CLEAN_ENERGY_INTENSITY,绿色/可再生/清洁能源生产/使用强度,E,False,0,,,0,missing_candidate,extend_extraction_rules,2,related_fields_incomplete,,1,data/text/603080.SH/2025/annual_report.txt,False
974,19,11866,40.44006,56,113,57,False,0.364964,0.57,0.283333,0.0,0.998264,1,1.02,300850.SZ,新强联,Q_E_CLEAN_ENERGY_INTENSITY,绿色/可再生/清洁能源生产/使用强度,E,False,0,,,0,missing_candidate,extend_extraction_rules,2,related_fields_incomplete,,2,data/text/300850.SZ/2025/annual_report.txt|data/text/300850.SZ/2025/esg_report.txt,False
975,19,11906,40.264371,431,507,76,False,0.177936,0.76,0.273333,0.0,0.998264,1,0.984,000591.SZ,太阳能,Q_E_ALTERNATIVE_WATER_RATE,再生水或其他替代水源占比,E,False,0,,,0,missing_candidate,extend_extraction_rules,2,related_fields_incomplete,,1,data/text/000591.SZ/2025/annual_report.txt,False
976,19,11908,40.257149,57,114,57,False,0.367647,0.57,0.273333,0.0,0.998264,1,0.984,603080.SH,新疆火炬,Q_E_ALTERNATIVE_WATER_RATE,再生水或其他替代水源占比,E,False,0,,,0,missing_candidate,extend_extraction_rules,2,related_fields_incomplete,,1,data/text/603080.SH/2025/annual_report.txt,False
977,19,11916,40.220734,100,145,45,False,0.47619,0.45,0.283333,0.0,0.998264,1,1.02,603053.SH,成都燃气,Q_E_CLEAN_ENERGY_INTENSITY,绿色/可再生/清洁能源生产/使用强度,E,False,0,,,0,missing_candidate,extend_extraction_rules,2,related_fields_incomplete,,2,data/text/603053.SH/2025/annual_report.txt|data/text/603053.SH/2025/esg_report.txt,False
978,19,11925,40.19006,56,113,57,False,0.364964,0.57,0.273333,0.0,0.998264,1,0.984,300850.SZ,新强联,Q_E_ALTERNATIVE_WATER_RATE,再生水或其他替代水源占比,E,False,0,,,0,missing_candidate,extend_extraction_rules,2,related_fields_incomplete,,2,data/text/300850.SZ/2025/annual_report.txt|data/text/300850.SZ/2025/esg_report.txt,False
979,19,11929,40.177607,30,91,61,False,0.314465,0.61,0.283333,0.0,0.998264,1,1.02,600956.SH,新天绿能,Q_E_CLEAN_ENERGY_INTENSITY,绿色/可再生/清洁能源生产/使用强度,E,False,0,,,0,missing_candidate,extend_extraction_rules,2,related_fields_incomplete,,2,data/text/600956.SH/2025/annual_report.txt|data/text/600956.SH/2025/esg_report.txt,False
980,19,11931,40.163533,355,423,68,False,0.243902,0.68,0.283333,0.0,0.998264,1,1.02,000883.SZ,湖北能源,Q_E_CLEAN_ENERGY_INTENSITY,绿色/可再生/清洁能源生产/使用强度,E,False,0,,,0,missing_candidate,extend_extraction_rules,2,related_fields_incomplete,,1,data/text/000883.SZ/2025/annual_report.txt,False
981,19,11968,39.970734,100,145,45,False,0.47619,0.45,0.273333,0.0,0.998264,1,0.984,603053.SH,成都燃气,Q_E_ALTERNATIVE_WATER_RATE,再生水或其他替代水源占比,E,False,0,,,0,missing_candidate,extend_extraction_rules,2,related_fields_incomplete,,2,data/text/603053.SH/2025/annual_report.txt|data/text/603053.SH/2025/esg_report.txt,False
982,19,11969,39.968796,451,526,75,False,0.166113,0.75,0.283333,0.0,0.998264,1,1.02,300118.SZ,东方日升,Q_E_CLEAN_ENERGY_INTENSITY,绿色/可再生/清洁能源生产/使用强度,E,False,0,,,0,missing_candidate,extend_extraction_rules,2,related_fields_incomplete,,1,data/text/300118.SZ/2025/annual_report.txt,False
983,19,11984,39.929729,339,404,65,False,0.26455,0.65,0.283333,0.0,0.998264,1,1.02,000720.SZ,新能泰山,Q_E_CLEAN_ENERGY_INTENSITY,绿色/可再生/清洁能源生产/使用强度,E,False,0,,,0,missing_candidate,extend_extraction_rules,2,related_fields_incomplete,,1,data/text/000720.SZ/2025/annual_report.txt,False
984,19,11985,39.928518,421,494,73,False,0.184502,0.73,0.283333,0.0,0.998264,1,1.02,300332.SZ,天壕能源,Q_E_CLEAN_ENERGY_INTENSITY,绿色/可再生/清洁能源生产/使用强度,E,False,0,,,0,missing_candidate,extend_extraction_rules,2,related_fields_incomplete,,1,data/text/300332.SZ/2025/annual_report.txt,False
985,19,11987,39.927607,30,91,61,False,0.314465,0.61,0.273333,0.0,0.998264,1,0.984,600956.SH,新天绿能,Q_E_ALTERNATIVE_WATER_RATE,再生水或其他替代水源占比,E,False,0,,,0,missing_candidate,extend_extraction_rules,2,related_fields_incomplete,,2,data/text/600956.SH/2025/annual_report.txt|data/text/600956.SH/2025/esg_report.txt,False
986,19,11989,39.913533,355,423,68,False,0.243902,0.68,0.273333,0.0,0.998264,1,0.984,000883.SZ,湖北能源,Q_E_ALTERNATIVE_WATER_RATE,再生水或其他替代水源占比,E,False,0,,,0,missing_candidate,extend_extraction_rules,2,related_fields_incomplete,,1,data/text/000883.SZ/2025/annual_report.txt,False
987,19,11996,39.900328,476,552,76,False,0.153374,0.76,0.283333,0.0,0.998264,1,1.02,000539.SZ,粤电力Ａ,Q_E_CLEAN_ENERGY_INTENSITY,绿色/可再生/清洁能源生产/使用强度,E,False,0,,,0,missing_candidate,extend_extraction_rules,2,related_fields_incomplete,,1,data/text/000539.SZ/2025/annual_report.txt,False
988,19,12030,39.718796,451,526,75,False,0.166113,0.75,0.273333,0.0,0.998264,1,0.984,300118.SZ,东方日升,Q_E_ALTERNATIVE_WATER_RATE,再生水或其他替代水源占比,E,False,0,,,0,missing_candidate,extend_extraction_rules,2,related_fields_incomplete,,1,data/text/300118.SZ/2025/annual_report.txt,False
989,19,12033,39.714468,64,117,53,False,0.37594,0.53,0.283333,0.0,0.998264,1,1.02,01713.HK,SICHUAN EN INV,Q_E_CLEAN_ENERGY_INTENSITY,绿色/可再生/清洁能源生产/使用强度,E,False,0,,,0,missing_candidate,extend_extraction_rules,2,related_fields_incomplete,,2,data/text/hkex_reports/01713.HK/2025/annual_report.txt|data/text/hkex_reports/01713.HK/2025/esg_report.txt,False
990,19,12045,39.679729,339,404,65,False,0.26455,0.65,0.273333,0.0,0.998264,1,0.984,000720.SZ,新能泰山,Q_E_ALTERNATIVE_WATER_RATE,再生水或其他替代水源占比,E,False,0,,,0,missing_candidate,extend_extraction_rules,2,related_fields_incomplete,,1,data/text/000720.SZ/2025/annual_report.txt,False
991,19,12046,39.678518,421,494,73,False,0.184502,0.73,0.273333,0.0,0.998264,1,0.984,300332.SZ,天壕能源,Q_E_ALTERNATIVE_WATER_RATE,再生水或其他替代水源占比,E,False,0,,,0,missing_candidate,extend_extraction_rules,2,related_fields_incomplete,,1,data/text/300332.SZ/2025/annual_report.txt,False
992,19,12053,39.650328,476,552,76,False,0.153374,0.76,0.273333,0.0,0.998264,1,0.984,000539.SZ,粤电力Ａ,Q_E_ALTERNATIVE_WATER_RATE,再生水或其他替代水源占比,E,False,0,,,0,missing_candidate,extend_extraction_rules,2,related_fields_incomplete,,1,data/text/000539.SZ/2025/annual_report.txt,False
993,19,12054,39.649306,43,100,57,False,0.333333,0.57,0.283333,0.0,0.998264,1,1.02,000533.SZ,顺钠股份,Q_E_CLEAN_ENERGY_INTENSITY,绿色/可再生/清洁能源生产/使用强度,E,False,0,,,0,missing_candidate,extend_extraction_rules,2,related_fields_incomplete,,2,data/text/000533.SZ/2025/annual_report.txt|data/text/000533.SZ/2025/esg_report.txt,False
994,19,12071,39.59823,460,534,74,False,0.16129,0.74,0.283333,0.0,0.998264,1,1.02,688560.SH,明冠新材,Q_E_CLEAN_ENERGY_INTENSITY,绿色/可再生/清洁能源生产/使用强度,E,False,0,,,0,missing_candidate,extend_extraction_rules,2,related_fields_incomplete,,1,data/text/688560.SH/2025/annual_report.txt,False
995,19,12100,39.464468,64,117,53,False,0.37594,0.53,0.273333,0.0,0.998264,1,0.984,01713.HK,SICHUAN EN INV,Q_E_ALTERNATIVE_WATER_RATE,再生水或其他替代水源占比,E,False,0,,,0,missing_candidate,extend_extraction_rules,2,related_fields_incomplete,,2,data/text/hkex_reports/01713.HK/2025/annual_report.txt|data/text/hkex_reports/01713.HK/2025/esg_report.txt,False
996,19,12112,39.399306,43,100,57,False,0.333333,0.57,0.273333,0.0,0.998264,1,0.984,000533.SZ,顺钠股份,Q_E_ALTERNATIVE_WATER_RATE,再生水或其他替代水源占比,E,False,0,,,0,missing_candidate,extend_extraction_rules,2,related_fields_incomplete,,2,data/text/000533.SZ/2025/annual_report.txt|data/text/000533.SZ/2025/esg_report.txt,False
997,19,12124,39.34823,460,534,74,False,0.16129,0.74,0.273333,0.0,0.998264,1,0.984,688560.SH,明冠新材,Q_E_ALTERNATIVE_WATER_RATE,再生水或其他替代水源占比,E,False,0,,,0,missing_candidate,extend_extraction_rules,2,related_fields_incomplete,,1,data/text/688560.SH/2025/annual_report.txt,False
998,19,12150,39.248215,101,143,42,False,0.46729,0.42,0.283333,0.0,0.998264,1,1.02,601311.SH,骆驼股份,Q_E_CLEAN_ENERGY_INTENSITY,绿色/可再生/清洁能源生产/使用强度,E,False,0,,,0,missing_candidate,extend_extraction_rules,2,related_fields_incomplete,,1,data/text/601311.SH/2025/annual_report.txt,False
999,19,12196,39.057231,54,107,53,False,0.34965,0.53,0.283333,0.0,0.998264,1,1.02,01798.HK,DATANG RENEW,Q_E_CLEAN_ENERGY_INTENSITY,绿色/可再生/清洁能源生产/使用强度,E,False,0,,,0,missing_candidate,extend_extraction_rules,2,related_fields_incomplete,,1,data/text/hkex_reports/01798.HK/2025/annual_report.txt,False
1000,19,12199,39.050821,414,483,69,False,0.189394,0.69,0.283333,0.0,0.998264,1,1.02,002350.SZ,北京科锐,Q_E_CLEAN_ENERGY_INTENSITY,绿色/可再生/清洁能源生产/使用强度,E,False,0,,,0,missing_candidate,extend_extraction_rules,2,related_fields_incomplete,,1,data/text/002350.SZ/2025/annual_report.txt,False
1001,19,12217,38.998215,101,143,42,False,0.46729,0.42,0.273333,0.0,0.998264,1,0.984,601311.SH,骆驼股份,Q_E_ALTERNATIVE_WATER_RATE,再生水或其他替代水源占比,E,False,0,,,0,missing_candidate,extend_extraction_rules,2,related_fields_incomplete,,1,data/text/601311.SH/2025/annual_report.txt,False
1002,19,12234,38.921353,373,438,65,False,0.224215,0.65,0.283333,0.0,0.998264,1,1.02,300619.SZ,金银河,Q_E_CLEAN_ENERGY_INTENSITY,绿色/可再生/清洁能源生产/使用强度,E,False,0,,,0,missing_candidate,extend_extraction_rules,2,related_fields_incomplete,,1,data/text/300619.SZ/2025/annual_report.txt,False
1003,19,12250,38.841834,266,310,44,False,0.431034,0.44,0.283333,0.0,0.998264,1,1.02,300491.SZ,通合科技,Q_E_CLEAN_ENERGY_INTENSITY,绿色/可再生/清洁能源生产/使用强度,E,False,0,,,0,missing_candidate,extend_extraction_rules,2,related_fields_incomplete,,1,data/text/300491.SZ/2025/annual_report.txt,False
1004,19,12255,38.807231,54,107,53,False,0.34965,0.53,0.273333,0.0,0.998264,1,0.984,01798.HK,DATANG RENEW,Q_E_ALTERNATIVE_WATER_RATE,再生水或其他替代水源占比,E,False,0,,,0,missing_candidate,extend_extraction_rules,2,related_fields_incomplete,,1,data/text/hkex_reports/01798.HK/2025/annual_report.txt,False
1005,19,12256,38.800821,414,483,69,False,0.189394,0.69,0.273333,0.0,0.998264,1,0.984,002350.SZ,北京科锐,Q_E_ALTERNATIVE_WATER_RATE,再生水或其他替代水源占比,E,False,0,,,0,missing_candidate,extend_extraction_rules,2,related_fields_incomplete,,1,data/text/002350.SZ/2025/annual_report.txt,False
1006,19,12281,38.671353,373,438,65,False,0.224215,0.65,0.273333,0.0,0.998264,1,0.984,300619.SZ,金银河,Q_E_ALTERNATIVE_WATER_RATE,再生水或其他替代水源占比,E,False,0,,,0,missing_candidate,extend_extraction_rules,2,related_fields_incomplete,,1,data/text/300619.SZ/2025/annual_report.txt,False
1007,19,12293,38.630488,305,359,54,False,0.322581,0.54,0.283333,0.0,0.998264,1,1.02,002498.SZ,汉缆股份,Q_E_CLEAN_ENERGY_INTENSITY,绿色/可再生/清洁能源生产/使用强度,E,False,0,,,0,missing_candidate,extend_extraction_rules,2,related_fields_incomplete,,1,data/text/002498.SZ/2025/annual_report.txt,False
1008,19,12306,38.591834,266,310,44,False,0.431034,0.44,0.273333,0.0,0.998264,1,0.984,300491.SZ,通合科技,Q_E_ALTERNATIVE_WATER_RATE,再生水或其他替代水源占比,E,False,0,,,0,missing_candidate,extend_extraction_rules,2,related_fields_incomplete,,1,data/text/300491.SZ/2025/annual_report.txt,False
1009,19,12309,38.578793,306,360,54,False,0.320513,0.54,0.283333,0.0,0.998264,1,1.02,000037.SZ,深南电A,Q_E_CLEAN_ENERGY_INTENSITY,绿色/可再生/清洁能源生产/使用强度,E,False,0,,,0,missing_candidate,extend_extraction_rules,2,related_fields_incomplete,,1,data/text/000037.SZ/2025/annual_report.txt,False
1010,19,12336,38.438923,394,459,65,False,0.204918,0.65,0.283333,0.0,0.998264,1,1.02,002309.SZ,中利集团,Q_E_CLEAN_ENERGY_INTENSITY,绿色/可再生/清洁能源生产/使用强度,E,False,0,,,0,missing_candidate,extend_extraction_rules,2,related_fields_incomplete,,1,data/text/002309.SZ/2025/annual_report.txt,False
1011,19,12344,38.380488,305,359,54,False,0.322581,0.54,0.273333,0.0,0.998264,1,0.984,002498.SZ,汉缆股份,Q_E_ALTERNATIVE_WATER_RATE,再生水或其他替代水源占比,E,False,0,,,0,missing_candidate,extend_extraction_rules,2,related_fields_incomplete,,1,data/text/002498.SZ/2025/annual_report.txt,False
1012,19,12345,38.374414,458,527,69,False,0.162338,0.69,0.283333,0.0,0.998264,1,1.02,920110.BJ,雷特科技,Q_E_CLEAN_ENERGY_INTENSITY,绿色/可再生/清洁能源生产/使用强度,E,False,0,,,0,missing_candidate,extend_extraction_rules,2,related_fields_incomplete,,1,data/text/920110.BJ/2025/annual_report.txt,False
1013,19,12358,38.328793,306,360,54,False,0.320513,0.54,0.273333,0.0,0.998264,1,0.984,000037.SZ,深南电A,Q_E_ALTERNATIVE_WATER_RATE,再生水或其他替代水源占比,E,False,0,,,0,missing_candidate,extend_extraction_rules,2,related_fields_incomplete,,1,data/text/000037.SZ/2025/annual_report.txt,False
1014,19,12368,38.286402,336,394,58,False,0.268817,0.58,0.283333,0.0,0.998264,1,1.02,300660.SZ,江苏雷利,Q_E_CLEAN_ENERGY_INTENSITY,绿色/可再生/清洁能源生产/使用强度,E,False,0,,,0,missing_candidate,extend_extraction_rules,2,related_fields_incomplete,,1,data/text/300660.SZ/2025/annual_report.txt,False
1015,19,12374,38.255895,75,121,46,False,0.387597,0.46,0.283333,0.0,0.998264,1,1.02,00451.HK,DYNASTY DIGITAL,Q_E_CLEAN_ENERGY_INTENSITY,绿色/可再生/清洁能源生产/使用强度,E,False,0,,,0,missing_candidate,extend_extraction_rules,2,related_fields_incomplete,,2,data/text/hkex_reports/00451.HK/2025/annual_report.txt|data/text/hkex_reports/00451.HK/2025/esg_report.txt,False
1016,19,12384,38.188923,394,459,65,False,0.204918,0.65,0.273333,0.0,0.998264,1,0.984,002309.SZ,中利集团,Q_E_ALTERNATIVE_WATER_RATE,再生水或其他替代水源占比,E,False,0,,,0,missing_candidate,extend_extraction_rules,2,related_fields_incomplete,,1,data/text/002309.SZ/2025/annual_report.txt,False
1017,19,12395,38.127919,97,137,40,False,0.442478,0.4,0.283333,0.0,0.998264,1,1.02,605580.SH,恒盛能源,Q_E_CLEAN_ENERGY_INTENSITY,绿色/可再生/清洁能源生产/使用强度,E,False,0,,,0,missing_candidate,extend_extraction_rules,2,related_fields_incomplete,,2,data/text/605580.SH/2025/annual_report.txt|data/text/605580.SH/2025/esg_report.txt,False
1018,19,12396,38.124414,458,527,69,False,0.162338,0.69,0.273333,0.0,0.998264,1,0.984,920110.BJ,雷特科技,Q_E_ALTERNATIVE_WATER_RATE,再生水或其他替代水源占比,E,False,0,,,0,missing_candidate,extend_extraction_rules,2,related_fields_incomplete,,1,data/text/920110.BJ/2025/annual_report.txt,False
1019,19,12410,38.036402,336,394,58,False,0.268817,0.58,0.273333,0.0,0.998264,1,0.984,300660.SZ,江苏雷利,Q_E_ALTERNATIVE_WATER_RATE,再生水或其他替代水源占比,E,False,0,,,0,missing_candidate,extend_extraction_rules,2,related_fields_incomplete,,1,data/text/300660.SZ/2025/annual_report.txt,False
1020,19,12415,38.005895,75,121,46,False,0.387597,0.46,0.273333,0.0,0.998264,1,0.984,00451.HK,DYNASTY DIGITAL,Q_E_ALTERNATIVE_WATER_RATE,再生水或其他替代水源占比,E,False,0,,,0,missing_candidate,extend_extraction_rules,2,related_fields_incomplete,,2,data/text/hkex_reports/00451.HK/2025/annual_report.txt|data/text/hkex_reports/00451.HK/2025/esg_report.txt,False
1021,19,12434,37.877919,97,137,40,False,0.442478,0.4,0.273333,0.0,0.998264,1,0.984,605580.SH,恒盛能源,Q_E_ALTERNATIVE_WATER_RATE,再生水或其他替代水源占比,E,False,0,,,0,missing_candidate,extend_extraction_rules,2,related_fields_incomplete,,2,data/text/605580.SH/2025/annual_report.txt|data/text/605580.SH/2025/esg_report.txt,False
1022,19,12463,37.705045,452,518,66,False,0.165563,0.66,0.283333,0.0,0.998264,1,1.02,000421.SZ,南京公用,Q_E_CLEAN_ENERGY_INTENSITY,绿色/可再生/清洁能源生产/使用强度,E,False,0,,,0,missing_candidate,extend_extraction_rules,2,related_fields_incomplete,,1,data/text/000421.SZ/2025/annual_report.txt,False
1023,19,12473,37.683788,138,163,25,False,0.574713,0.25,0.283333,0.0,0.998264,1,1.02,688392.SH,骄成超声,Q_E_CLEAN_ENERGY_INTENSITY,绿色/可再生/清洁能源生产/使用强度,E,False,0,,,0,missing_candidate,extend_extraction_rules,2,related_fields_incomplete,,1,data/text/688392.SH/2025/annual_report.txt,False
1024,19,12504,37.502694,391,452,61,False,0.207469,0.61,0.283333,0.0,0.998264,1,1.02,002358.SZ,森源电气,Q_E_CLEAN_ENERGY_INTENSITY,绿色/可再生/清洁能源生产/使用强度,E,False,0,,,0,missing_candidate,extend_extraction_rules,2,related_fields_incomplete,,1,data/text/002358.SZ/2025/annual_report.txt,False
1025,19,12509,37.455045,452,518,66,False,0.165563,0.66,0.273333,0.0,0.998264,1,0.984,000421.SZ,南京公用,Q_E_ALTERNATIVE_WATER_RATE,再生水或其他替代水源占比,E,False,0,,,0,missing_candidate,extend_extraction_rules,2,related_fields_incomplete,,1,data/text/000421.SZ/2025/annual_report.txt,False
1026,19,12511,37.433788,138,163,25,False,0.574713,0.25,0.273333,0.0,0.998264,1,0.984,688392.SH,骄成超声,Q_E_ALTERNATIVE_WATER_RATE,再生水或其他替代水源占比,E,False,0,,,0,missing_candidate,extend_extraction_rules,2,related_fields_incomplete,,1,data/text/688392.SH/2025/annual_report.txt,False
1027,19,12512,37.429609,104,140,36,False,0.454545,0.36,0.283333,0.0,0.998264,1,1.02,300450.SZ,先导智能,Q_E_CLEAN_ENERGY_INTENSITY,绿色/可再生/清洁能源生产/使用强度,E,False,0,,,0,missing_candidate,extend_extraction_rules,2,related_fields_incomplete,,1,data/text/300450.SZ/2025/annual_report.txt,False
1028,19,12524,37.309875,148,168,20,False,0.609756,0.2,0.283333,0.0,0.998264,1,1.02,688567.SH,孚能科技,Q_E_CLEAN_ENERGY_INTENSITY,绿色/可再生/清洁能源生产/使用强度,E,False,0,,,0,missing_candidate,extend_extraction_rules,2,related_fields_incomplete,,1,data/text/688567.SH/2025/annual_report.txt,False
1029,19,12533,37.252694,391,452,61,False,0.207469,0.61,0.273333,0.0,0.998264,1,0.984,002358.SZ,森源电气,Q_E_ALTERNATIVE_WATER_RATE,再生水或其他替代水源占比,E,False,0,,,0,missing_candidate,extend_extraction_rules,2,related_fields_incomplete,,1,data/text/002358.SZ/2025/annual_report.txt,False
1030,19,12541,37.179609,104,140,36,False,0.454545,0.36,0.273333,0.0,0.998264,1,0.984,300450.SZ,先导智能,Q_E_ALTERNATIVE_WATER_RATE,再生水或其他替代水源占比,E,False,0,,,0,missing_candidate,extend_extraction_rules,2,related_fields_incomplete,,1,data/text/300450.SZ/2025/annual_report.txt,False
1031,19,12547,37.159193,94,132,38,False,0.423729,0.38,0.283333,0.0,0.998264,1,1.02,688155.SH,先惠技术,Q_E_CLEAN_ENERGY_INTENSITY,绿色/可再生/清洁能源生产/使用强度,E,False,0,,,0,missing_candidate,extend_extraction_rules,2,related_fields_incomplete,,1,data/text/688155.SH/2025/annual_report.txt,False
1032,19,12564,37.059875,148,168,20,False,0.609756,0.2,0.273333,0.0,0.998264,1,0.984,688567.SH,孚能科技,Q_E_ALTERNATIVE_WATER_RATE,再生水或其他替代水源占比,E,False,0,,,0,missing_candidate,extend_extraction_rules,2,related_fields_incomplete,,1,data/text/688567.SH/2025/annual_report.txt,False
1033,19,12574,36.990143,361,417,56,False,0.236967,0.56,0.283333,0.0,0.998264,1,1.02,301511.SZ,德福科技,Q_E_CLEAN_ENERGY_INTENSITY,绿色/可再生/清洁能源生产/使用强度,E,False,0,,,0,missing_candidate,extend_extraction_rules,2,related_fields_incomplete,,1,data/text/301511.SZ/2025/annual_report.txt,False
1034,19,12575,36.976229,345,399,54,False,0.25641,0.54,0.283333,0.0,0.998264,1,1.02,600868.SH,梅雁吉祥,Q_E_CLEAN_ENERGY_INTENSITY,绿色/可再生/清洁能源生产/使用强度,E,False,0,,,0,missing_candidate,extend_extraction_rules,2,related_fields_incomplete,,1,data/text/600868.SH/2025/annual_report.txt,False
1035,19,12583,36.936602,436,498,62,False,0.174825,0.62,0.283333,0.0,0.998264,1,1.02,301210.SZ,金杨精密,Q_E_CLEAN_ENERGY_INTENSITY,绿色/可再生/清洁能源生产/使用强度,E,False,0,,,0,missing_candidate,extend_extraction_rules,2,related_fields_incomplete,,1,data/text/301210.SZ/2025/annual_report.txt,False
1036,19,12587,36.909193,94,132,38,False,0.423729,0.38,0.273333,0.0,0.998264,1,0.984,688155.SH,先惠技术,Q_E_ALTERNATIVE_WATER_RATE,再生水或其他替代水源占比,E,False,0,,,0,missing_candidate,extend_extraction_rules,2,related_fields_incomplete,,1,data/text/688155.SH/2025/annual_report.txt,False
1037,19,12603,36.836806,127,154,27,False,0.520833,0.27,0.283333,0.0,0.998264,1,1.02,605169.SH,洪通燃气,Q_E_CLEAN_ENERGY_INTENSITY,绿色/可再生/清洁能源生产/使用强度,E,False,0,,,0,missing_candidate,extend_extraction_rules,2,related_fields_incomplete,,1,data/text/605169.SH/2025/annual_report.txt,False
1038,19,12614,36.771855,235,255,20,False,0.588235,0.2,0.283333,0.0,0.998264,1,1.02,605066.SH,天正电气,Q_E_CLEAN_ENERGY_INTENSITY,绿色/可再生/清洁能源生产/使用强度,E,False,0,,,0,missing_candidate,extend_extraction_rules,2,related_fields_incomplete,,1,data/text/605066.SH/2025/annual_report.txt,False
1039,19,12619,36.746528,62,106,44,False,0.347222,0.44,0.283333,0.0,0.998264,1,1.02,02386.HK,SINOPEC SEG,Q_E_CLEAN_ENERGY_INTENSITY,绿色/可再生/清洁能源生产/使用强度,E,False,0,,,0,missing_candidate,extend_extraction_rules,2,related_fields_incomplete,,2,data/text/hkex_reports/02386.HK/2025/annual_report.txt|data/text/hkex_reports/02386.HK/2025/esg_report.txt,False
1040,19,12621,36.740143,361,417,56,False,0.236967,0.56,0.273333,0.0,0.998264,1,0.984,301511.SZ,德福科技,Q_E_ALTERNATIVE_WATER_RATE,再生水或其他替代水源占比,E,False,0,,,0,missing_candidate,extend_extraction_rules,2,related_fields_incomplete,,1,data/text/301511.SZ/2025/annual_report.txt,False
1041,19,12625,36.726229,345,398,53,False,0.25641,0.53,0.283333,0.0,0.998264,1,1.02,301063.SZ,海锅股份,Q_E_CLEAN_ENERGY_INTENSITY,绿色/可再生/清洁能源生产/使用强度,E,False,0,,,0,missing_candidate,extend_extraction_rules,2,related_fields_incomplete,,1,data/text/301063.SZ/2025/annual_report.txt,False
1042,19,12626,36.726229,345,399,54,False,0.25641,0.54,0.273333,0.0,0.998264,1,0.984,600868.SH,梅雁吉祥,Q_E_ALTERNATIVE_WATER_RATE,再生水或其他替代水源占比,E,False,0,,,0,missing_candidate,extend_extraction_rules,2,related_fields_incomplete,,1,data/text/600868.SH/2025/annual_report.txt,False
1043,19,12635,36.686602,436,498,62,False,0.174825,0.62,0.273333,0.0,0.998264,1,0.984,301210.SZ,金杨精密,Q_E_ALTERNATIVE_WATER_RATE,再生水或其他替代水源占比,E,False,0,,,0,missing_candidate,extend_extraction_rules,2,related_fields_incomplete,,1,data/text/301210.SZ/2025/annual_report.txt,False
1044,19,12650,36.586806,127,154,27,False,0.520833,0.27,0.273333,0.0,0.998264,1,0.984,605169.SH,洪通燃气,Q_E_ALTERNATIVE_WATER_RATE,再生水或其他替代水源占比,E,False,0,,,0,missing_candidate,extend_extraction_rules,2,related_fields_incomplete,,1,data/text/605169.SH/2025/annual_report.txt,False
1045,19,12662,36.521855,235,255,20,False,0.588235,0.2,0.273333,0.0,0.998264,1,0.984,605066.SH,天正电气,Q_E_ALTERNATIVE_WATER_RATE,再生水或其他替代水源占比,E,False,0,,,0,missing_candidate,extend_extraction_rules,2,related_fields_incomplete,,1,data/text/605066.SH/2025/annual_report.txt,False
1046,19,12667,36.500464,12,63,51,False,0.26738,0.51,0.283333,0.0,0.998264,1,1.02,300274.SZ,阳光电源,Q_E_CLEAN_ENERGY_INTENSITY,绿色/可再生/清洁能源生产/使用强度,E,False,0,,,0,missing_candidate,extend_extraction_rules,2,related_fields_incomplete,,2,data/text/300274.SZ/2025/annual_report.txt|data/text/300274.SZ/2025/esg_report.txt,False
1047,19,12668,36.496528,62,106,44,False,0.347222,0.44,0.273333,0.0,0.998264,1,0.984,02386.HK,SINOPEC SEG,Q_E_ALTERNATIVE_WATER_RATE,再生水或其他替代水源占比,E,False,0,,,0,missing_candidate,extend_extraction_rules,2,related_fields_incomplete,,2,data/text/hkex_reports/02386.HK/2025/annual_report.txt|data/text/hkex_reports/02386.HK/2025/esg_report.txt,False
1048,19,12673,36.476229,345,398,53,False,0.25641,0.53,0.273333,0.0,0.998264,1,0.984,301063.SZ,海锅股份,Q_E_ALTERNATIVE_WATER_RATE,再生水或其他替代水源占比,E,False,0,,,0,missing_candidate,extend_extraction_rules,2,related_fields_incomplete,,1,data/text/301063.SZ/2025/annual_report.txt,False
1049,19,12675,36.45257,247,273,26,False,0.515464,0.26,0.283333,0.0,0.998264,1,1.02,300751.SZ,迈为股份,Q_E_CLEAN_ENERGY_INTENSITY,绿色/可再生/清洁能源生产/使用强度,E,False,0,,,0,missing_candidate,extend_extraction_rules,2,related_fields_incomplete,,1,data/text/300751.SZ/2025/annual_report.txt,False
1050,19,12689,36.373943,288,329,41,False,0.362319,0.41,0.283333,0.0,0.998264,1,1.02,300713.SZ,英可瑞,Q_E_CLEAN_ENERGY_INTENSITY,绿色/可再生/清洁能源生产/使用强度,E,False,0,,,0,missing_candidate,extend_extraction_rules,2,related_fields_incomplete,,1,data/text/300713.SZ/2025/annual_report.txt,False
1051,19,12697,36.320174,269,304,35,False,0.420168,0.35,0.283333,0.0,0.998264,1,1.02,600505.SH,西昌电力,Q_E_CLEAN_ENERGY_INTENSITY,绿色/可再生/清洁能源生产/使用强度,E,False,0,,,0,missing_candidate,extend_extraction_rules,2,related_fields_incomplete,,1,data/text/600505.SH/2025/annual_report.txt,False
1052,19,12717,36.250464,12,63,51,False,0.26738,0.51,0.273333,0.0,0.998264,1,0.984,300274.SZ,阳光电源,Q_E_ALTERNATIVE_WATER_RATE,再生水或其他替代水源占比,E,False,0,,,0,missing_candidate,extend_extraction_rules,2,related_fields_incomplete,,2,data/text/300274.SZ/2025/annual_report.txt|data/text/300274.SZ/2025/esg_report.txt,False
1053,19,12721,36.22205,20,69,49,False,0.276243,0.49,0.283333,0.0,0.998264,1,1.02,688551.SH,科威尔,Q_E_CLEAN_ENERGY_INTENSITY,绿色/可再生/清洁能源生产/使用强度,E,False,0,,,0,missing_candidate,extend_extraction_rules,2,related_fields_incomplete,,2,data/text/688551.SH/2025/annual_report.txt|data/text/688551.SH/2025/esg_report.txt,False
1054,19,12726,36.20257,247,273,26,False,0.515464,0.26,0.273333,0.0,0.998264,1,0.984,300751.SZ,迈为股份,Q_E_ALTERNATIVE_WATER_RATE,再生水或其他替代水源占比,E,False,0,,,0,missing_candidate,extend_extraction_rules,2,related_fields_incomplete,,1,data/text/300751.SZ/2025/annual_report.txt,False
1055,19,12734,36.14433,77,116,39,False,0.373134,0.39,0.283333,0.0,0.998264,1,1.02,000899.SZ,赣能股份,Q_E_CLEAN_ENERGY_INTENSITY,绿色/可再生/清洁能源生产/使用强度,E,False,0,,,0,missing_candidate,extend_extraction_rules,2,related_fields_incomplete,,1,data/text/000899.SZ/2025/annual_report.txt,False
1056,19,12738,36.123943,288,329,41,False,0.362319,0.41,0.273333,0.0,0.998264,1,0.984,300713.SZ,英可瑞,Q_E_ALTERNATIVE_WATER_RATE,再生水或其他替代水源占比,E,False,0,,,0,missing_candidate,extend_extraction_rules,2,related_fields_incomplete,,1,data/text/300713.SZ/2025/annual_report.txt,False
1057,19,12747,36.070174,269,304,35,False,0.420168,0.35,0.273333,0.0,0.998264,1,0.984,600505.SH,西昌电力,Q_E_ALTERNATIVE_WATER_RATE,再生水或其他替代水源占比,E,False,0,,,0,missing_candidate,extend_extraction_rules,2,related_fields_incomplete,,1,data/text/600505.SH/2025/annual_report.txt,False
1058,19,12755,36.011918,298,340,42,False,0.337838,0.42,0.283333,0.0,0.998264,1,1.02,603333.SH,福华尚纬,Q_E_CLEAN_ENERGY_INTENSITY,绿色/可再生/清洁能源生产/使用强度,E,False,0,,,0,missing_candidate,extend_extraction_rules,2,related_fields_incomplete,,1,data/text/603333.SH/2025/annual_report.txt,False
1059,19,12761,35.97205,20,69,49,False,0.276243,0.49,0.273333,0.0,0.998264,1,0.984,688551.SH,科威尔,Q_E_ALTERNATIVE_WATER_RATE,再生水或其他替代水源占比,E,False,0,,,0,missing_candidate,extend_extraction_rules,2,related_fields_incomplete,,2,data/text/688551.SH/2025/annual_report.txt|data/text/688551.SH/2025/esg_report.txt,False
1060,19,12770,35.909193,99,132,33,False,0.423729,0.33,0.283333,0.0,0.998264,1,1.02,688597.SH,煜邦电力,Q_E_CLEAN_ENERGY_INTENSITY,绿色/可再生/清洁能源生产/使用强度,E,False,0,,,0,missing_candidate,extend_extraction_rules,2,related_fields_incomplete,,1,data/text/688597.SH/2025/annual_report.txt,False
1061,19,12771,35.907853,384,438,54,False,0.213675,0.54,0.283333,0.0,0.998264,1,1.02,002339.SZ,积成电子,Q_E_CLEAN_ENERGY_INTENSITY,绿色/可再生/清洁能源生产/使用强度,E,False,0,,,0,missing_candidate,extend_extraction_rules,2,related_fields_incomplete,,1,data/text/002339.SZ/2025/annual_report.txt,False
1062,19,12775,35.89433,77,116,39,False,0.373134,0.39,0.273333,0.0,0.998264,1,0.984,000899.SZ,赣能股份,Q_E_ALTERNATIVE_WATER_RATE,再生水或其他替代水源占比,E,False,0,,,0,missing_candidate,extend_extraction_rules,2,related_fields_incomplete,,1,data/text/000899.SZ/2025/annual_report.txt,False
1063,19,12795,35.761918,298,340,42,False,0.337838,0.42,0.273333,0.0,0.998264,1,0.984,603333.SH,福华尚纬,Q_E_ALTERNATIVE_WATER_RATE,再生水或其他替代水源占比,E,False,0,,,0,missing_candidate,extend_extraction_rules,2,related_fields_incomplete,,1,data/text/603333.SH/2025/annual_report.txt,False
1064,19,12814,35.659193,99,132,33,False,0.423729,0.33,0.273333,0.0,0.998264,1,0.984,688597.SH,煜邦电力,Q_E_ALTERNATIVE_WATER_RATE,再生水或其他替代水源占比,E,False,0,,,0,missing_candidate,extend_extraction_rules,2,related_fields_incomplete,,1,data/text/688597.SH/2025/annual_report.txt,False
1065,19,12815,35.657853,384,438,54,False,0.213675,0.54,0.273333,0.0,0.998264,1,0.984,002339.SZ,积成电子,Q_E_ALTERNATIVE_WATER_RATE,再生水或其他替代水源占比,E,False,0,,,0,missing_candidate,extend_extraction_rules,2,related_fields_incomplete,,1,data/text/002339.SZ/2025/annual_report.txt,False
1066,19,12834,35.509271,8,56,48,False,0.257732,0.48,0.283333,0.0,0.998264,1,1.02,688819.SH,天能股份,Q_E_CLEAN_ENERGY_INTENSITY,绿色/可再生/清洁能源生产/使用强度,E,False,0,,,0,missing_candidate,extend_extraction_rules,2,related_fields_incomplete,,2,data/text/688819.SH/2025/annual_report.txt|data/text/688819.SH/2025/esg_report.txt,False
1067,19,12846,35.477365,50,92,42,False,0.316456,0.42,0.283333,0.0,0.998264,1,1.02,000600.SZ,建投能源,Q_E_CLEAN_ENERGY_INTENSITY,绿色/可再生/清洁能源生产/使用强度,E,False,0,,,0,missing_candidate,extend_extraction_rules,2,related_fields_incomplete,,2,data/text/000600.SZ/2025/annual_report.txt|data/text/000600.SZ/2025/esg_report.txt,False
1068,19,12862,35.379104,4,52,48,False,0.252525,0.48,0.283333,0.0,0.998264,1,1.02,688676.SH,金盘科技,Q_E_CLEAN_ENERGY_INTENSITY,绿色/可再生/清洁能源生产/使用强度,E,False,0,,,0,missing_candidate,extend_extraction_rules,2,related_fields_incomplete,,2,data/text/688676.SH/2025/annual_report.txt|data/text/688676.SH/2025/esg_report.txt,False
1069,19,12878,35.259271,8,56,48,False,0.257732,0.48,0.273333,0.0,0.998264,1,0.984,688819.SH,天能股份,Q_E_ALTERNATIVE_WATER_RATE,再生水或其他替代水源占比,E,False,0,,,0,missing_candidate,extend_extraction_rules,2,related_fields_incomplete,,2,data/text/688819.SH/2025/annual_report.txt|data/text/688819.SH/2025/esg_report.txt,False
1070,19,12881,35.227365,50,92,42,False,0.316456,0.42,0.273333,0.0,0.998264,1,0.984,000600.SZ,建投能源,Q_E_ALTERNATIVE_WATER_RATE,再生水或其他替代水源占比,E,False,0,,,0,missing_candidate,extend_extraction_rules,2,related_fields_incomplete,,2,data/text/000600.SZ/2025/annual_report.txt|data/text/000600.SZ/2025/esg_report.txt,False
1071,19,12885,35.193423,354,402,48,False,0.245098,0.48,0.283333,0.0,0.998264,1,1.02,002879.SZ,长缆科技,Q_E_CLEAN_ENERGY_INTENSITY,绿色/可再生/清洁能源生产/使用强度,E,False,0,,,0,missing_candidate,extend_extraction_rules,2,related_fields_incomplete,,1,data/text/002879.SZ/2025/annual_report.txt,False
1072,19,12887,35.184517,363,412,49,False,0.234742,0.49,0.283333,0.0,0.998264,1,1.02,605090.SH,九丰能源,Q_E_CLEAN_ENERGY_INTENSITY,绿色/可再生/清洁能源生产/使用强度,E,False,0,,,0,missing_candidate,extend_extraction_rules,2,related_fields_incomplete,,1,data/text/605090.SH/2025/annual_report.txt,False
1073,19,12892,35.129104,4,52,48,False,0.252525,0.48,0.273333,0.0,0.998264,1,0.984,688676.SH,金盘科技,Q_E_ALTERNATIVE_WATER_RATE,再生水或其他替代水源占比,E,False,0,,,0,missing_candidate,extend_extraction_rules,2,related_fields_incomplete,,2,data/text/688676.SH/2025/annual_report.txt|data/text/688676.SH/2025/esg_report.txt,False
1074,19,12893,35.128119,29,73,44,False,0.282486,0.44,0.283333,0.0,0.998264,1,1.02,000819.SZ,岳阳兴长,Q_E_CLEAN_ENERGY_INTENSITY,绿色/可再生/清洁能源生产/使用强度,E,False,0,,,0,missing_candidate,extend_extraction_rules,2,related_fields_incomplete,,2,data/text/000819.SZ/2025/annual_report.txt|data/text/000819.SZ/2025/esg_report.txt,False
1075,19,12895,35.121528,375,425,50,False,0.222222,0.5,0.283333,0.0,0.998264,1,1.02,301516.SZ,中远通,Q_E_CLEAN_ENERGY_INTENSITY,绿色/可再生/清洁能源生产/使用强度,E,False,0,,,0,missing_candidate,extend_extraction_rules,2,related_fields_incomplete,,1,data/text/301516.SZ/2025/annual_report.txt,False
1076,19,12921,34.943423,354,402,48,False,0.245098,0.48,0.273333,0.0,0.998264,1,0.984,002879.SZ,长缆科技,Q_E_ALTERNATIVE_WATER_RATE,再生水或其他替代水源占比,E,False,0,,,0,missing_candidate,extend_extraction_rules,2,related_fields_incomplete,,1,data/text/002879.SZ/2025/annual_report.txt,False
1077,19,12923,34.934517,363,412,49,False,0.234742,0.49,0.273333,0.0,0.998264,1,0.984,605090.SH,九丰能源,Q_E_ALTERNATIVE_WATER_RATE,再生水或其他替代水源占比,E,False,0,,,0,missing_candidate,extend_extraction_rules,2,related_fields_incomplete,,1,data/text/605090.SH/2025/annual_report.txt,False
1078,19,12926,34.931357,280,313,33,False,0.384615,0.33,0.283333,0.0,0.998264,1,1.02,002125.SZ,湘潭电化,Q_E_CLEAN_ENERGY_INTENSITY,绿色/可再生/清洁能源生产/使用强度,E,False,0,,,0,missing_candidate,extend_extraction_rules,2,related_fields_incomplete,,1,data/text/002125.SZ/2025/annual_report.txt,False
1079,19,12929,34.89173,44,85,41,False,0.30303,0.41,0.283333,0.0,0.998264,1,1.02,688517.SH,金冠电气,Q_E_CLEAN_ENERGY_INTENSITY,绿色/可再生/清洁能源生产/使用强度,E,False,0,,,0,missing_candidate,extend_extraction_rules,2,related_fields_incomplete,,2,data/text/688517.SH/2025/annual_report.txt|data/text/688517.SH/2025/esg_report.txt,False
1080,19,12931,34.878119,29,73,44,False,0.282486,0.44,0.273333,0.0,0.998264,1,0.984,000819.SZ,岳阳兴长,Q_E_ALTERNATIVE_WATER_RATE,再生水或其他替代水源占比,E,False,0,,,0,missing_candidate,extend_extraction_rules,2,related_fields_incomplete,,2,data/text/000819.SZ/2025/annual_report.txt|data/text/000819.SZ/2025/esg_report.txt,False
1081,19,12932,34.871528,375,425,50,False,0.222222,0.5,0.273333,0.0,0.998264,1,0.984,301516.SZ,中远通,Q_E_ALTERNATIVE_WATER_RATE,再生水或其他替代水源占比,E,False,0,,,0,missing_candidate,extend_extraction_rules,2,related_fields_incomplete,,1,data/text/301516.SZ/2025/annual_report.txt,False
1082,19,12943,34.784878,3,49,46,False,0.248756,0.46,0.283333,0.0,0.998264,1,1.02,300776.SZ,帝尔激光,Q_E_CLEAN_ENERGY_INTENSITY,绿色/可再生/清洁能源生产/使用强度,E,False,0,,,0,missing_candidate,extend_extraction_rules,2,related_fields_incomplete,,2,data/text/300776.SZ/2025/annual_report.txt|data/text/300776.SZ/2025/esg_report.txt,False
1083,19,12951,34.717381,434,487,53,False,0.176056,0.53,0.283333,0.0,0.998264,1,1.02,001269.SZ,欧晶科技,Q_E_CLEAN_ENERGY_INTENSITY,绿色/可再生/清洁能源生产/使用强度,E,False,0,,,0,missing_candidate,extend_extraction_rules,2,related_fields_incomplete,,1,data/text/001269.SZ/2025/annual_report.txt,False
1084,19,12956,34.695602,420,472,52,False,0.185185,0.52,0.283333,0.0,0.998264,1,1.02,002112.SZ,三变科技,Q_E_CLEAN_ENERGY_INTENSITY,绿色/可再生/清洁能源生产/使用强度,E,False,0,,,0,missing_candidate,extend_extraction_rules,2,related_fields_incomplete,,1,data/text/002112.SZ/2025/annual_report.txt,False
1085,19,12958,34.681357,280,313,33,False,0.384615,0.33,0.273333,0.0,0.998264,1,0.984,002125.SZ,湘潭电化,Q_E_ALTERNATIVE_WATER_RATE,再生水或其他替代水源占比,E,False,0,,,0,missing_candidate,extend_extraction_rules,2,related_fields_incomplete,,1,data/text/002125.SZ/2025/annual_report.txt,False
1086,19,12964,34.64173,44,85,41,False,0.30303,0.41,0.273333,0.0,0.998264,1,0.984,688517.SH,金冠电气,Q_E_ALTERNATIVE_WATER_RATE,再生水或其他替代水源占比,E,False,0,,,0,missing_candidate,extend_extraction_rules,2,related_fields_incomplete,,2,data/text/688517.SH/2025/annual_report.txt|data/text/688517.SH/2025/esg_report.txt,False
1087,19,12987,34.534878,3,49,46,False,0.248756,0.46,0.273333,0.0,0.998264,1,0.984,300776.SZ,帝尔激光,Q_E_ALTERNATIVE_WATER_RATE,再生水或其他替代水源占比,E,False,0,,,0,missing_candidate,extend_extraction_rules,2,related_fields_incomplete,,2,data/text/300776.SZ/2025/annual_report.txt|data/text/300776.SZ/2025/esg_report.txt,False
1088,19,13001,34.467381,434,487,53,False,0.176056,0.53,0.273333,0.0,0.998264,1,0.984,001269.SZ,欧晶科技,Q_E_ALTERNATIVE_WATER_RATE,再生水或其他替代水源占比,E,False,0,,,0,missing_candidate,extend_extraction_rules,2,related_fields_incomplete,,1,data/text/001269.SZ/2025/annual_report.txt,False
1089,19,13004,34.445602,420,472,52,False,0.185185,0.52,0.273333,0.0,0.998264,1,0.984,002112.SZ,三变科技,Q_E_ALTERNATIVE_WATER_RATE,再生水或其他替代水源占比,E,False,0,,,0,missing_candidate,extend_extraction_rules,2,related_fields_incomplete,,1,data/text/002112.SZ/2025/annual_report.txt,False
1090,19,13023,34.331597,92,122,30,False,0.390625,0.3,0.283333,0.0,0.998264,1,1.02,600025.SH,华能水电,Q_E_CLEAN_ENERGY_INTENSITY,绿色/可再生/清洁能源生产/使用强度,E,False,0,,,0,missing_candidate,extend_extraction_rules,2,related_fields_incomplete,,1,data/text/600025.SH/2025/annual_report.txt,False
1091,19,13029,34.248596,432,483,51,False,0.177305,0.51,0.283333,0.0,0.998264,1,1.02,301327.SZ,华宝新能,Q_E_CLEAN_ENERGY_INTENSITY,绿色/可再生/清洁能源生产/使用强度,E,False,0,,,0,missing_candidate,extend_extraction_rules,2,related_fields_incomplete,,1,data/text/301327.SZ/2025/annual_report.txt,False
1092,19,13034,34.223608,353,397,44,False,0.246305,0.44,0.283333,0.0,0.998264,1,1.02,300390.SZ,天华新能,Q_E_CLEAN_ENERGY_INTENSITY,绿色/可再生/清洁能源生产/使用强度,E,False,0,,,0,missing_candidate,extend_extraction_rules,2,related_fields_incomplete,,1,data/text/300390.SZ/2025/annual_report.txt,False
1093,19,13047,34.129104,9,52,43,False,0.252525,0.43,0.283333,0.0,0.998264,1,1.02,603606.SH,东方电缆,Q_E_CLEAN_ENERGY_INTENSITY,绿色/可再生/清洁能源生产/使用强度,E,False,0,,,0,missing_candidate,extend_extraction_rules,2,related_fields_incomplete,,1,data/text/603606.SH/2025/annual_report.txt,False
1094,19,13052,34.081597,92,122,30,False,0.390625,0.3,0.273333,0.0,0.998264,1,0.984,600025.SH,华能水电,Q_E_ALTERNATIVE_WATER_RATE,再生水或其他替代水源占比,E,False,0,,,0,missing_candidate,extend_extraction_rules,2,related_fields_incomplete,,1,data/text/600025.SH/2025/annual_report.txt,False
1095,19,13060,33.998596,432,483,51,False,0.177305,0.51,0.273333,0.0,0.998264,1,0.984,301327.SZ,华宝新能,Q_E_ALTERNATIVE_WATER_RATE,再生水或其他替代水源占比,E,False,0,,,0,missing_candidate,extend_extraction_rules,2,related_fields_incomplete,,1,data/text/301327.SZ/2025/annual_report.txt,False
1096,19,13063,33.990143,361,405,44,False,0.236967,0.44,0.283333,0.0,0.998264,1,1.02,300129.SZ,泰胜风能,Q_E_CLEAN_ENERGY_INTENSITY,绿色/可再生/清洁能源生产/使用强度,E,False,0,,,0,missing_candidate,extend_extraction_rules,2,related_fields_incomplete,,1,data/text/300129.SZ/2025/annual_report.txt,False
1097,19,13065,33.973608,353,397,44,False,0.246305,0.44,0.273333,0.0,0.998264,1,0.984,300390.SZ,天华新能,Q_E_ALTERNATIVE_WATER_RATE,再生水或其他替代水源占比,E,False,0,,,0,missing_candidate,extend_extraction_rules,2,related_fields_incomplete,,1,data/text/300390.SZ/2025/annual_report.txt,False
1098,19,13074,33.879104,9,52,43,False,0.252525,0.43,0.273333,0.0,0.998264,1,0.984,603606.SH,东方电缆,Q_E_ALTERNATIVE_WATER_RATE,再生水或其他替代水源占比,E,False,0,,,0,missing_candidate,extend_extraction_rules,2,related_fields_incomplete,,1,data/text/603606.SH/2025/annual_report.txt,False
1099,19,13081,33.846946,376,421,45,False,0.221239,0.45,0.283333,0.0,0.998264,1,1.02,002493.SZ,荣盛石化,Q_E_CLEAN_ENERGY_INTENSITY,绿色/可再生/清洁能源生产/使用强度,E,False,0,,,0,missing_candidate,extend_extraction_rules,2,related_fields_incomplete,,1,data/text/002493.SZ/2025/annual_report.txt,False
1100,19,13085,33.808778,80,111,31,False,0.359712,0.31,0.283333,0.0,0.998264,1,1.02,600406.SH,国电南瑞,Q_E_CLEAN_ENERGY_INTENSITY,绿色/可再生/清洁能源生产/使用强度,E,False,0,,,0,missing_candidate,extend_extraction_rules,2,related_fields_incomplete,,1,data/text/600406.SH/2025/annual_report.txt,False
1101,19,13091,33.777756,307,342,35,False,0.318471,0.35,0.283333,0.0,0.998264,1,1.02,002812.SZ,恩捷股份,Q_E_CLEAN_ENERGY_INTENSITY,绿色/可再生/清洁能源生产/使用强度,E,False,0,,,0,missing_candidate,extend_extraction_rules,2,related_fields_incomplete,,1,data/text/002812.SZ/2025/annual_report.txt,False
1102,19,13099,33.74988,324,362,38,False,0.287356,0.38,0.283333,0.0,0.998264,1,1.02,002629.SZ,仁智股份,Q_E_CLEAN_ENERGY_INTENSITY,绿色/可再生/清洁能源生产/使用强度,E,False,0,,,0,missing_candidate,extend_extraction_rules,2,related_fields_incomplete,,1,data/text/002629.SZ/2025/annual_report.txt,False
1103,19,13100,33.740143,361,405,44,False,0.236967,0.44,0.273333,0.0,0.998264,1,0.984,300129.SZ,泰胜风能,Q_E_ALTERNATIVE_WATER_RATE,再生水或其他替代水源占比,E,False,0,,,0,missing_candidate,extend_extraction_rules,2,related_fields_incomplete,,1,data/text/300129.SZ/2025/annual_report.txt,False
1104,19,13102,33.728574,101,127,26,False,0.406504,0.26,0.283333,0.0,0.998264,1,1.02,688503.SH,聚和材料,Q_E_CLEAN_ENERGY_INTENSITY,绿色/可再生/清洁能源生产/使用强度,E,False,0,,,0,missing_candidate,extend_extraction_rules,2,related_fields_incomplete,,1,data/text/688503.SH/2025/annual_report.txt,False
1105,19,13107,33.691385,453,503,50,False,0.165017,0.5,0.283333,0.0,0.998264,1,1.02,002546.SZ,新联电子,Q_E_CLEAN_ENERGY_INTENSITY,绿色/可再生/清洁能源生产/使用强度,E,False,0,,,0,missing_candidate,extend_extraction_rules,2,related_fields_incomplete,,1,data/text/002546.SZ/2025/annual_report.txt,False
1106,19,13111,33.684517,363,406,43,False,0.234742,0.43,0.283333,0.0,0.998264,1,1.02,300360.SZ,炬华科技,Q_E_CLEAN_ENERGY_INTENSITY,绿色/可再生/清洁能源生产/使用强度,E,False,0,,,0,missing_candidate,extend_extraction_rules,2,related_fields_incomplete,,1,data/text/300360.SZ/2025/annual_report.txt,False
1107,19,13126,33.596946,376,421,45,False,0.221239,0.45,0.273333,0.0,0.998264,1,0.984,002493.SZ,荣盛石化,Q_E_ALTERNATIVE_WATER_RATE,再生水或其他替代水源占比,E,False,0,,,0,missing_candidate,extend_extraction_rules,2,related_fields_incomplete,,1,data/text/002493.SZ/2025/annual_report.txt,False
1108,19,13133,33.558778,80,111,31,False,0.359712,0.31,0.273333,0.0,0.998264,1,0.984,600406.SH,国电南瑞,Q_E_ALTERNATIVE_WATER_RATE,再生水或其他替代水源占比,E,False,0,,,0,missing_candidate,extend_extraction_rules,2,related_fields_incomplete,,1,data/text/600406.SH/2025/annual_report.txt,False
1109,19,13136,33.527756,307,342,35,False,0.318471,0.35,0.273333,0.0,0.998264,1,0.984,002812.SZ,恩捷股份,Q_E_ALTERNATIVE_WATER_RATE,再生水或其他替代水源占比,E,False,0,,,0,missing_candidate,extend_extraction_rules,2,related_fields_incomplete,,1,data/text/002812.SZ/2025/annual_report.txt,False
1110,19,13139,33.49988,324,362,38,False,0.287356,0.38,0.273333,0.0,0.998264,1,0.984,002629.SZ,仁智股份,Q_E_ALTERNATIVE_WATER_RATE,再生水或其他替代水源占比,E,False,0,,,0,missing_candidate,extend_extraction_rules,2,related_fields_incomplete,,1,data/text/002629.SZ/2025/annual_report.txt,False
1111,19,13143,33.478574,101,127,26,False,0.406504,0.26,0.273333,0.0,0.998264,1,0.984,688503.SH,聚和材料,Q_E_ALTERNATIVE_WATER_RATE,再生水或其他替代水源占比,E,False,0,,,0,missing_candidate,extend_extraction_rules,2,related_fields_incomplete,,1,data/text/688503.SH/2025/annual_report.txt,False
1112,19,13147,33.441385,453,503,50,False,0.165017,0.5,0.273333,0.0,0.998264,1,0.984,002546.SZ,新联电子,Q_E_ALTERNATIVE_WATER_RATE,再生水或其他替代水源占比,E,False,0,,,0,missing_candidate,extend_extraction_rules,2,related_fields_incomplete,,1,data/text/002546.SZ/2025/annual_report.txt,False
1113,19,13148,33.434517,363,406,43,False,0.234742,0.43,0.273333,0.0,0.998264,1,0.984,300360.SZ,炬华科技,Q_E_ALTERNATIVE_WATER_RATE,再生水或其他替代水源占比,E,False,0,,,0,missing_candidate,extend_extraction_rules,2,related_fields_incomplete,,1,data/text/300360.SZ/2025/annual_report.txt,False
1114,19,13155,33.418013,395,440,45,False,0.204082,0.45,0.283333,0.0,0.998264,1,1.02,002576.SZ,通达动力,Q_E_CLEAN_ENERGY_INTENSITY,绿色/可再生/清洁能源生产/使用强度,E,False,0,,,0,missing_candidate,extend_extraction_rules,2,related_fields_incomplete,,1,data/text/002576.SZ/2025/annual_report.txt,False
1115,19,13196,33.168013,395,440,45,False,0.204082,0.45,0.273333,0.0,0.998264,1,0.984,002576.SZ,通达动力,Q_E_ALTERNATIVE_WATER_RATE,再生水或其他替代水源占比,E,False,0,,,0,missing_candidate,extend_extraction_rules,2,related_fields_incomplete,,1,data/text/002576.SZ/2025/annual_report.txt,False
1116,19,13216,33.07258,377,419,42,False,0.220264,0.42,0.283333,0.0,0.998264,1,1.02,000009.SZ,中国宝安,Q_E_CLEAN_ENERGY_INTENSITY,绿色/可再生/清洁能源生产/使用强度,E,False,0,,,0,missing_candidate,extend_extraction_rules,2,related_fields_incomplete,,2,data/text/000009.SZ/2025/annual_report.txt|data/text/000009.SZ/2025/esg_report.txt,False
1117,19,13222,32.994544,82,110,28,False,0.357143,0.28,0.283333,0.0,0.998264,1,1.02,300014.SZ,亿纬锂能,Q_E_CLEAN_ENERGY_INTENSITY,绿色/可再生/清洁能源生产/使用强度,E,False,0,,,0,missing_candidate,extend_extraction_rules,2,related_fields_incomplete,,1,data/text/300014.SZ/2025/annual_report.txt,False
1118,19,13230,32.943523,16,54,38,False,0.255102,0.38,0.283333,0.0,0.998264,1,1.02,000400.SZ,许继电气,Q_E_CLEAN_ENERGY_INTENSITY,绿色/可再生/清洁能源生产/使用强度,E,False,0,,,0,missing_candidate,extend_extraction_rules,2,related_fields_incomplete,,2,data/text/000400.SZ/2025/annual_report.txt|data/text/000400.SZ/2025/esg_report.txt,False
1119,19,13240,32.878472,58,90,32,False,0.3125,0.32,0.283333,0.0,0.998264,1,1.02,688778.SH,厦钨新能,Q_E_CLEAN_ENERGY_INTENSITY,绿色/可再生/清洁能源生产/使用强度,E,False,0,,,0,missing_candidate,extend_extraction_rules,2,related_fields_incomplete,,2,data/text/688778.SH/2025/annual_report.txt|data/text/688778.SH/2025/esg_report.txt,False
1120,19,13249,32.82258,377,419,42,False,0.220264,0.42,0.273333,0.0,0.998264,1,0.984,000009.SZ,中国宝安,Q_E_ALTERNATIVE_WATER_RATE,再生水或其他替代水源占比,E,False,0,,,0,missing_candidate,extend_extraction_rules,2,related_fields_incomplete,,2,data/text/000009.SZ/2025/annual_report.txt|data/text/000009.SZ/2025/esg_report.txt,False
1121,19,13262,32.744544,82,110,28,False,0.357143,0.28,0.273333,0.0,0.998264,1,0.984,300014.SZ,亿纬锂能,Q_E_ALTERNATIVE_WATER_RATE,再生水或其他替代水源占比,E,False,0,,,0,missing_candidate,extend_extraction_rules,2,related_fields_incomplete,,1,data/text/300014.SZ/2025/annual_report.txt,False
1122,19,13263,32.731661,491,539,48,False,0.146628,0.48,0.283333,0.0,0.998264,1,1.02,600241.SH,时代万恒,Q_E_CLEAN_ENERGY_INTENSITY,绿色/可再生/清洁能源生产/使用强度,E,False,0,,,0,missing_candidate,extend_extraction_rules,2,related_fields_incomplete,,1,data/text/600241.SH/2025/annual_report.txt,False
1123,19,13266,32.693523,16,54,38,False,0.255102,0.38,0.273333,0.0,0.998264,1,0.984,000400.SZ,许继电气,Q_E_ALTERNATIVE_WATER_RATE,再生水或其他替代水源占比,E,False,0,,,0,missing_candidate,extend_extraction_rules,2,related_fields_incomplete,,2,data/text/000400.SZ/2025/annual_report.txt|data/text/000400.SZ/2025/esg_report.txt,False
1124,19,13275,32.628472,58,90,32,False,0.3125,0.32,0.273333,0.0,0.998264,1,0.984,688778.SH,厦钨新能,Q_E_ALTERNATIVE_WATER_RATE,再生水或其他替代水源占比,E,False,0,,,0,missing_candidate,extend_extraction_rules,2,related_fields_incomplete,,2,data/text/688778.SH/2025/annual_report.txt|data/text/688778.SH/2025/esg_report.txt,False
1125,19,13284,32.575588,358,396,38,False,0.240385,0.38,0.283333,0.0,0.998264,1,1.02,301217.SZ,铜冠铜箔,Q_E_CLEAN_ENERGY_INTENSITY,绿色/可再生/清洁能源生产/使用强度,E,False,0,,,0,missing_candidate,extend_extraction_rules,2,related_fields_incomplete,,1,data/text/301217.SZ/2025/annual_report.txt,False
1126,19,13299,32.481661,491,539,48,False,0.146628,0.48,0.273333,0.0,0.998264,1,0.984,600241.SH,时代万恒,Q_E_ALTERNATIVE_WATER_RATE,再生水或其他替代水源占比,E,False,0,,,0,missing_candidate,extend_extraction_rules,2,related_fields_incomplete,,1,data/text/600241.SH/2025/annual_report.txt,False
1127,19,13309,32.410933,408,450,42,False,0.193798,0.42,0.283333,0.0,0.998264,1,1.02,301040.SZ,中环海陆,Q_E_CLEAN_ENERGY_INTENSITY,绿色/可再生/清洁能源生产/使用强度,E,False,0,,,0,missing_candidate,extend_extraction_rules,2,related_fields_incomplete,,1,data/text/301040.SZ/2025/annual_report.txt,False
1128,19,13312,32.387633,457,502,45,False,0.162866,0.45,0.283333,0.0,0.998264,1,1.02,000692.SZ,惠天热电,Q_E_CLEAN_ENERGY_INTENSITY,绿色/可再生/清洁能源生产/使用强度,E,False,0,,,0,missing_candidate,extend_extraction_rules,2,related_fields_incomplete,,1,data/text/000692.SZ/2025/annual_report.txt,False
1129,19,13323,32.325588,358,396,38,False,0.240385,0.38,0.273333,0.0,0.998264,1,0.984,301217.SZ,铜冠铜箔,Q_E_ALTERNATIVE_WATER_RATE,再生水或其他替代水源占比,E,False,0,,,0,missing_candidate,extend_extraction_rules,2,related_fields_incomplete,,1,data/text/301217.SZ/2025/annual_report.txt,False
1130,19,13324,32.321074,248,258,10,False,0.510204,0.1,0.283333,0.0,0.998264,1,1.02,300222.SZ,科大智能,Q_E_CLEAN_ENERGY_INTENSITY,绿色/可再生/清洁能源生产/使用强度,E,False,0,,,0,missing_candidate,extend_extraction_rules,2,related_fields_incomplete,,1,data/text/300222.SZ/2025/annual_report.txt,False
1131,19,13339,32.253288,489,535,46,False,0.147493,0.46,0.283333,0.0,0.998264,1,1.02,300393.SZ,中来股份,Q_E_CLEAN_ENERGY_INTENSITY,绿色/可再生/清洁能源生产/使用强度,E,False,0,,,0,missing_candidate,extend_extraction_rules,2,related_fields_incomplete,,1,data/text/300393.SZ/2025/annual_report.txt,False
1132,19,13357,32.160933,408,450,42,False,0.193798,0.42,0.273333,0.0,0.998264,1,0.984,301040.SZ,中环海陆,Q_E_ALTERNATIVE_WATER_RATE,再生水或其他替代水源占比,E,False,0,,,0,missing_candidate,extend_extraction_rules,2,related_fields_incomplete,,1,data/text/301040.SZ/2025/annual_report.txt,False
1133,19,13360,32.137633,457,502,45,False,0.162866,0.45,0.273333,0.0,0.998264,1,0.984,000692.SZ,惠天热电,Q_E_ALTERNATIVE_WATER_RATE,再生水或其他替代水源占比,E,False,0,,,0,missing_candidate,extend_extraction_rules,2,related_fields_incomplete,,1,data/text/000692.SZ/2025/annual_report.txt,False
1134,19,13366,32.071074,248,258,10,False,0.510204,0.1,0.273333,0.0,0.998264,1,0.984,300222.SZ,科大智能,Q_E_ALTERNATIVE_WATER_RATE,再生水或其他替代水源占比,E,False,0,,,0,missing_candidate,extend_extraction_rules,2,related_fields_incomplete,,1,data/text/300222.SZ/2025/annual_report.txt,False
1135,19,13367,32.069726,483,528,45,False,0.15015,0.45,0.283333,0.0,0.998264,1,1.02,300670.SZ,大烨智能,Q_E_CLEAN_ENERGY_INTENSITY,绿色/可再生/清洁能源生产/使用强度,E,False,0,,,0,missing_candidate,extend_extraction_rules,2,related_fields_incomplete,,1,data/text/300670.SZ/2025/annual_report.txt,False
1136,19,13373,32.003288,489,535,46,False,0.147493,0.46,0.273333,0.0,0.998264,1,0.984,300393.SZ,中来股份,Q_E_ALTERNATIVE_WATER_RATE,再生水或其他替代水源占比,E,False,0,,,0,missing_candidate,extend_extraction_rules,2,related_fields_incomplete,,1,data/text/300393.SZ/2025/annual_report.txt,False
1137,19,13386,31.91115,19,53,34,False,0.253807,0.34,0.283333,0.0,0.998264,1,1.02,002028.SZ,思源电气,Q_E_CLEAN_ENERGY_INTENSITY,绿色/可再生/清洁能源生产/使用强度,E,False,0,,,0,missing_candidate,extend_extraction_rules,2,related_fields_incomplete,,2,data/text/002028.SZ/2025/annual_report.txt|data/text/002028.SZ/2025/esg_report.txt,False
1138,19,13397,31.819726,483,528,45,False,0.15015,0.45,0.273333,0.0,0.998264,1,0.984,300670.SZ,大烨智能,Q_E_ALTERNATIVE_WATER_RATE,再生水或其他替代水源占比,E,False,0,,,0,missing_candidate,extend_extraction_rules,2,related_fields_incomplete,,1,data/text/300670.SZ/2025/annual_report.txt,False
1139,19,13398,31.817673,444,486,42,False,0.170068,0.42,0.283333,0.0,0.998264,1,1.02,002857.SZ,三晖电气,Q_E_CLEAN_ENERGY_INTENSITY,绿色/可再生/清洁能源生产/使用强度,E,False,0,,,0,missing_candidate,extend_extraction_rules,2,related_fields_incomplete,,1,data/text/002857.SZ/2025/annual_report.txt,False
1140,19,13419,31.66115,19,53,34,False,0.253807,0.34,0.273333,0.0,0.998264,1,0.984,002028.SZ,思源电气,Q_E_ALTERNATIVE_WATER_RATE,再生水或其他替代水源占比,E,False,0,,,0,missing_candidate,extend_extraction_rules,2,related_fields_incomplete,,2,data/text/002028.SZ/2025/annual_report.txt|data/text/002028.SZ/2025/esg_report.txt,False
1141,19,13422,31.64492,28,60,32,False,0.263158,0.32,0.283333,0.0,0.998264,1,1.02,02236.HK,WISON ENGRG,Q_E_CLEAN_ENERGY_INTENSITY,绿色/可再生/清洁能源生产/使用强度,E,False,0,,,0,missing_candidate,extend_extraction_rules,2,related_fields_incomplete,,2,data/text/hkex_reports/02236.HK/2025/annual_report.txt|data/text/hkex_reports/02236.HK/2025/esg_report.txt,False
1142,19,13433,31.567673,444,486,42,False,0.170068,0.42,0.273333,0.0,0.998264,1,0.984,002857.SZ,三晖电气,Q_E_ALTERNATIVE_WATER_RATE,再生水或其他替代水源占比,E,False,0,,,0,missing_candidate,extend_extraction_rules,2,related_fields_incomplete,,1,data/text/002857.SZ/2025/annual_report.txt,False
1143,19,13454,31.437923,59,86,27,False,0.304878,0.27,0.283333,0.0,0.998264,1,1.02,01600.HK,TIAN LUN GAS,Q_E_CLEAN_ENERGY_INTENSITY,绿色/可再生/清洁能源生产/使用强度,E,False,0,,,0,missing_candidate,extend_extraction_rules,2,related_fields_incomplete,,2,data/text/hkex_reports/01600.HK/2025/annual_report.txt|data/text/hkex_reports/01600.HK/2025/esg_report.txt,False
1144,19,13458,31.407094,2,36,34,False,0.233645,0.34,0.283333,0.0,0.998264,1,1.02,601225.SH,陕西煤业,Q_E_CLEAN_ENERGY_INTENSITY,绿色/可再生/清洁能源生产/使用强度,E,False,0,,,0,missing_candidate,extend_extraction_rules,2,related_fields_incomplete,,2,data/text/601225.SH/2025/annual_report.txt|data/text/601225.SH/2025/esg_report.txt,False
1145,19,13459,31.39492,28,60,32,False,0.263158,0.32,0.273333,0.0,0.998264,1,0.984,02236.HK,WISON ENGRG,Q_E_ALTERNATIVE_WATER_RATE,再生水或其他替代水源占比,E,False,0,,,0,missing_candidate,extend_extraction_rules,2,related_fields_incomplete,,2,data/text/hkex_reports/02236.HK/2025/annual_report.txt|data/text/hkex_reports/02236.HK/2025/esg_report.txt,False
1146,19,13466,31.35462,357,390,33,False,0.241546,0.33,0.283333,0.0,0.998264,1,1.02,003816.SZ,中国广核,Q_E_CLEAN_ENERGY_INTENSITY,绿色/可再生/清洁能源生产/使用强度,E,False,0,,,0,missing_candidate,extend_extraction_rules,2,related_fields_incomplete,,1,data/text/003816.SZ/2025/annual_report.txt,False
1147,19,13483,31.22205,331,360,29,False,0.276243,0.29,0.283333,0.0,0.998264,1,1.02,301266.SZ,宇邦新材,Q_E_CLEAN_ENERGY_INTENSITY,绿色/可再生/清洁能源生产/使用强度,E,False,0,,,0,missing_candidate,extend_extraction_rules,2,related_fields_incomplete,,1,data/text/301266.SZ/2025/annual_report.txt,False
1148,19,13485,31.210053,471,512,41,False,0.155763,0.41,0.283333,0.0,0.998264,1,1.02,000875.SZ,电投绿能,Q_E_CLEAN_ENERGY_INTENSITY,绿色/可再生/清洁能源生产/使用强度,E,False,0,,,0,missing_candidate,extend_extraction_rules,2,related_fields_incomplete,,1,data/text/000875.SZ/2025/annual_report.txt,False
1149,19,13488,31.187923,59,86,27,False,0.304878,0.27,0.273333,0.0,0.998264,1,0.984,01600.HK,TIAN LUN GAS,Q_E_ALTERNATIVE_WATER_RATE,再生水或其他替代水源占比,E,False,0,,,0,missing_candidate,extend_extraction_rules,2,related_fields_incomplete,,2,data/text/hkex_reports/01600.HK/2025/annual_report.txt|data/text/hkex_reports/01600.HK/2025/esg_report.txt,False
1150,19,13489,31.184517,4,37,33,False,0.234742,0.33,0.283333,0.0,0.998264,1,1.02,600900.SH,长江电力,Q_E_CLEAN_ENERGY_INTENSITY,绿色/可再生/清洁能源生产/使用强度,E,False,0,,,0,missing_candidate,extend_extraction_rules,2,related_fields_incomplete,,2,data/text/600900.SH/2025/annual_report.txt|data/text/600900.SH/2025/esg_report.txt,False
1151,19,13492,31.157094,2,36,34,False,0.233645,0.34,0.273333,0.0,0.998264,1,0.984,601225.SH,陕西煤业,Q_E_ALTERNATIVE_WATER_RATE,再生水或其他替代水源占比,E,False,0,,,0,missing_candidate,extend_extraction_rules,2,possible_direct_alternative_water_rate,中水使用占比超 95%,2,data/text/601225.SH/2025/annual_report.txt|data/text/601225.SH/2025/esg_report.txt,False
1152,19,13501,31.10462,357,390,33,False,0.241546,0.33,0.273333,0.0,0.998264,1,0.984,003816.SZ,中国广核,Q_E_ALTERNATIVE_WATER_RATE,再生水或其他替代水源占比,E,False,0,,,0,missing_candidate,extend_extraction_rules,2,related_fields_incomplete,,1,data/text/003816.SZ/2025/annual_report.txt,False
1153,19,13515,31.036402,35,64,29,False,0.268817,0.29,0.283333,0.0,0.998264,1,1.02,601126.SH,四方股份,Q_E_CLEAN_ENERGY_INTENSITY,绿色/可再生/清洁能源生产/使用强度,E,False,0,,,0,missing_candidate,extend_extraction_rules,2,related_fields_incomplete,,2,data/text/601126.SH/2025/annual_report.txt|data/text/601126.SH/2025/esg_report.txt,False
1154,19,13518,30.97205,331,360,29,False,0.276243,0.29,0.273333,0.0,0.998264,1,0.984,301266.SZ,宇邦新材,Q_E_ALTERNATIVE_WATER_RATE,再生水或其他替代水源占比,E,False,0,,,0,missing_candidate,extend_extraction_rules,2,related_fields_incomplete,,1,data/text/301266.SZ/2025/annual_report.txt,False
1155,19,13519,30.960053,471,512,41,False,0.155763,0.41,0.273333,0.0,0.998264,1,0.984,000875.SZ,电投绿能,Q_E_ALTERNATIVE_WATER_RATE,再生水或其他替代水源占比,E,False,0,,,0,missing_candidate,extend_extraction_rules,2,related_fields_incomplete,,1,data/text/000875.SZ/2025/annual_report.txt,False
1156,19,13522,30.934517,4,37,33,False,0.234742,0.33,0.273333,0.0,0.998264,1,0.984,600900.SH,长江电力,Q_E_ALTERNATIVE_WATER_RATE,再生水或其他替代水源占比,E,False,0,,,0,missing_candidate,extend_extraction_rules,2,related_fields_incomplete,,2,data/text/600900.SH/2025/annual_report.txt|data/text/600900.SH/2025/esg_report.txt,False
1157,19,13540,30.786402,35,64,29,False,0.268817,0.29,0.273333,0.0,0.998264,1,0.984,601126.SH,四方股份,Q_E_ALTERNATIVE_WATER_RATE,再生水或其他替代水源占比,E,False,0,,,0,missing_candidate,extend_extraction_rules,2,related_fields_incomplete,,2,data/text/601126.SH/2025/annual_report.txt|data/text/601126.SH/2025/esg_report.txt,False
1158,19,13550,30.677814,454,492,38,False,0.164474,0.38,0.283333,0.0,0.998264,1,1.02,001331.SZ,胜通能源,Q_E_CLEAN_ENERGY_INTENSITY,绿色/可再生/清洁能源生产/使用强度,E,False,0,,,0,missing_candidate,extend_extraction_rules,2,related_fields_incomplete,,1,data/text/001331.SZ/2025/annual_report.txt,False
1159,19,13564,30.60462,357,387,30,False,0.241546,0.3,0.283333,0.0,0.998264,1,1.02,002300.SZ,太阳电缆,Q_E_CLEAN_ENERGY_INTENSITY,绿色/可再生/清洁能源生产/使用强度,E,False,0,,,0,missing_candidate,extend_extraction_rules,2,related_fields_incomplete,,1,data/text/002300.SZ/2025/annual_report.txt,False
1160,19,13565,30.60462,357,387,30,False,0.241546,0.3,0.283333,0.0,0.998264,1,1.02,301439.SZ,泓淋电力,Q_E_CLEAN_ENERGY_INTENSITY,绿色/可再生/清洁能源生产/使用强度,E,False,0,,,0,missing_candidate,extend_extraction_rules,2,related_fields_incomplete,,1,data/text/301439.SZ/2025/annual_report.txt,False
1161,19,13588,30.468796,451,488,37,False,0.166113,0.37,0.283333,0.0,0.998264,1,1.02,300185.SZ,通裕重工,Q_E_CLEAN_ENERGY_INTENSITY,绿色/可再生/清洁能源生产/使用强度,E,False,0,,,0,missing_candidate,extend_extraction_rules,2,related_fields_incomplete,,1,data/text/300185.SZ/2025/annual_report.txt,False
1162,19,13591,30.427814,454,492,38,False,0.164474,0.38,0.273333,0.0,0.998264,1,0.984,001331.SZ,胜通能源,Q_E_ALTERNATIVE_WATER_RATE,再生水或其他替代水源占比,E,False,0,,,0,missing_candidate,extend_extraction_rules,2,related_fields_incomplete,,1,data/text/001331.SZ/2025/annual_report.txt,False
1163,19,13600,30.35462,357,387,30,False,0.241546,0.3,0.273333,0.0,0.998264,1,0.984,002300.SZ,太阳电缆,Q_E_ALTERNATIVE_WATER_RATE,再生水或其他替代水源占比,E,False,0,,,0,missing_candidate,extend_extraction_rules,2,related_fields_incomplete,,1,data/text/002300.SZ/2025/annual_report.txt,False
1164,19,13601,30.35462,357,387,30,False,0.241546,0.3,0.273333,0.0,0.998264,1,0.984,301439.SZ,泓淋电力,Q_E_ALTERNATIVE_WATER_RATE,再生水或其他替代水源占比,E,False,0,,,0,missing_candidate,extend_extraction_rules,2,related_fields_incomplete,,1,data/text/301439.SZ/2025/annual_report.txt,False
1165,19,13620,30.218796,451,488,37,False,0.166113,0.37,0.273333,0.0,0.998264,1,0.984,300185.SZ,通裕重工,Q_E_ALTERNATIVE_WATER_RATE,再生水或其他替代水源占比,E,False,0,,,0,missing_candidate,extend_extraction_rules,2,related_fields_incomplete,,1,data/text/300185.SZ/2025/annual_report.txt,False
1166,19,13633,30.14492,34,60,26,False,0.263158,0.26,0.283333,0.0,0.998264,1,1.02,601139.SH,深圳燃气,Q_E_CLEAN_ENERGY_INTENSITY,绿色/可再生/清洁能源生产/使用强度,E,False,0,,,0,missing_candidate,extend_extraction_rules,2,related_fields_incomplete,,2,data/text/601139.SH/2025/annual_report.txt|data/text/601139.SH/2025/esg_report.txt,False
1167,19,13634,30.14173,315,337,22,False,0.30303,0.22,0.283333,0.0,0.998264,1,1.02,688348.SH,昱能科技,Q_E_CLEAN_ENERGY_INTENSITY,绿色/可再生/清洁能源生产/使用强度,E,False,0,,,0,missing_candidate,extend_extraction_rules,2,related_fields_incomplete,,1,data/text/688348.SH/2025/annual_report.txt,False
1168,19,13664,29.89492,34,60,26,False,0.263158,0.26,0.273333,0.0,0.998264,1,0.984,601139.SH,深圳燃气,Q_E_ALTERNATIVE_WATER_RATE,再生水或其他替代水源占比,E,False,0,,,0,missing_candidate,extend_extraction_rules,2,related_fields_incomplete,,2,data/text/601139.SH/2025/annual_report.txt|data/text/601139.SH/2025/esg_report.txt,False
1169,19,13665,29.89173,315,337,22,False,0.30303,0.22,0.273333,0.0,0.998264,1,0.984,688348.SH,昱能科技,Q_E_ALTERNATIVE_WATER_RATE,再生水或其他替代水源占比,E,False,0,,,0,missing_candidate,extend_extraction_rules,2,related_fields_incomplete,,1,data/text/688348.SH/2025/annual_report.txt,False
1170,19,13676,29.796833,14,41,27,False,0.239234,0.27,0.283333,0.0,0.998264,1,1.02,603689.SH,皖天然气,Q_E_CLEAN_ENERGY_INTENSITY,绿色/可再生/清洁能源生产/使用强度,E,False,0,,,0,missing_candidate,extend_extraction_rules,2,related_fields_incomplete,,2,data/text/603689.SH/2025/annual_report.txt|data/text/603689.SH/2025/esg_report.txt,False
1171,19,13697,29.641232,439,472,33,False,0.17301,0.33,0.283333,0.0,0.998264,1,1.02,003022.SZ,联泓新科,Q_E_CLEAN_ENERGY_INTENSITY,绿色/可再生/清洁能源生产/使用强度,E,False,0,,,0,missing_candidate,extend_extraction_rules,2,related_fields_incomplete,,1,data/text/003022.SZ/2025/annual_report.txt,False
1172,19,13698,29.628472,310,329,19,False,0.3125,0.19,0.283333,0.0,0.998264,1,1.02,301295.SZ,美硕科技,Q_E_CLEAN_ENERGY_INTENSITY,绿色/可再生/清洁能源生产/使用强度,E,False,0,,,0,missing_candidate,extend_extraction_rules,2,related_fields_incomplete,,1,data/text/301295.SZ/2025/annual_report.txt,False
1173,19,13700,29.615364,479,514,35,False,0.151976,0.35,0.283333,0.0,0.998264,1,1.02,000937.SZ,冀中能源,Q_E_CLEAN_ENERGY_INTENSITY,绿色/可再生/清洁能源生产/使用强度,E,False,0,,,0,missing_candidate,extend_extraction_rules,2,related_fields_incomplete,,1,data/text/000937.SZ/2025/annual_report.txt,False
1174,19,13711,29.546833,14,41,27,False,0.239234,0.27,0.273333,0.0,0.998264,1,0.984,603689.SH,皖天然气,Q_E_ALTERNATIVE_WATER_RATE,再生水或其他替代水源占比,E,False,0,,,0,missing_candidate,extend_extraction_rules,2,related_fields_incomplete,,2,data/text/603689.SH/2025/annual_report.txt|data/text/603689.SH/2025/esg_report.txt,False
1175,19,13717,29.490143,13,39,26,False,0.236967,0.26,0.283333,0.0,0.998264,1,1.02,600101.SH,明星电力,Q_E_CLEAN_ENERGY_INTENSITY,绿色/可再生/清洁能源生产/使用强度,E,False,0,,,0,missing_candidate,extend_extraction_rules,2,related_fields_incomplete,,2,data/text/600101.SH/2025/annual_report.txt|data/text/600101.SH/2025/esg_report.txt,False
1176,19,13725,29.391232,439,472,33,False,0.17301,0.33,0.273333,0.0,0.998264,1,0.984,003022.SZ,联泓新科,Q_E_ALTERNATIVE_WATER_RATE,再生水或其他替代水源占比,E,False,0,,,0,missing_candidate,extend_extraction_rules,2,related_fields_incomplete,,1,data/text/003022.SZ/2025/annual_report.txt,False
1177,19,13726,29.378472,310,329,19,False,0.3125,0.19,0.273333,0.0,0.998264,1,0.984,301295.SZ,美硕科技,Q_E_ALTERNATIVE_WATER_RATE,再生水或其他替代水源占比,E,False,0,,,0,missing_candidate,extend_extraction_rules,2,related_fields_incomplete,,1,data/text/301295.SZ/2025/annual_report.txt,False
1178,19,13729,29.365364,479,514,35,False,0.151976,0.35,0.273333,0.0,0.998264,1,0.984,000937.SZ,冀中能源,Q_E_ALTERNATIVE_WATER_RATE,再生水或其他替代水源占比,E,False,0,,,0,missing_candidate,extend_extraction_rules,2,related_fields_incomplete,,1,data/text/000937.SZ/2025/annual_report.txt,False
1179,19,13735,29.340234,387,415,28,False,0.21097,0.28,0.283333,0.0,0.998264,1,1.02,301361.SZ,众智科技,Q_E_CLEAN_ENERGY_INTENSITY,绿色/可再生/清洁能源生产/使用强度,E,False,0,,,0,missing_candidate,extend_extraction_rules,2,related_fields_incomplete,,1,data/text/301361.SZ/2025/annual_report.txt,False
1180,19,13742,29.256448,318,337,19,False,0.297619,0.19,0.283333,0.0,0.998264,1,1.02,002580.SZ,圣阳股份,Q_E_CLEAN_ENERGY_INTENSITY,绿色/可再生/清洁能源生产/使用强度,E,False,0,,,0,missing_candidate,extend_extraction_rules,2,related_fields_incomplete,,1,data/text/002580.SZ/2025/annual_report.txt,False
1181,19,13750,29.240143,13,39,26,False,0.236967,0.26,0.273333,0.0,0.998264,1,0.984,600101.SH,明星电力,Q_E_ALTERNATIVE_WATER_RATE,再生水或其他替代水源占比,E,False,0,,,0,missing_candidate,extend_extraction_rules,2,related_fields_incomplete,,2,data/text/600101.SH/2025/annual_report.txt|data/text/600101.SH/2025/esg_report.txt,False
1182,19,13763,29.179729,39,61,22,False,0.26455,0.22,0.283333,0.0,0.998264,1,1.02,601567.SH,三星电气,Q_E_CLEAN_ENERGY_INTENSITY,绿色/可再生/清洁能源生产/使用强度,E,False,0,,,0,missing_candidate,extend_extraction_rules,2,related_fields_incomplete,,2,data/text/601567.SH/2025/annual_report.txt|data/text/601567.SH/2025/esg_report.txt,False
1183,19,13764,29.171353,1,27,26,False,0.224215,0.26,0.283333,0.0,0.998264,1,1.02,600236.SH,桂冠电力,Q_E_CLEAN_ENERGY_INTENSITY,绿色/可再生/清洁能源生产/使用强度,E,False,0,,,0,missing_candidate,extend_extraction_rules,2,related_fields_incomplete,,2,data/text/600236.SH/2025/annual_report.txt|data/text/600236.SH/2025/esg_report.txt,False
1184,19,13767,29.090234,387,415,28,False,0.21097,0.28,0.273333,0.0,0.998264,1,0.984,301361.SZ,众智科技,Q_E_ALTERNATIVE_WATER_RATE,再生水或其他替代水源占比,E,False,0,,,0,missing_candidate,extend_extraction_rules,2,related_fields_incomplete,,1,data/text/301361.SZ/2025/annual_report.txt,False
1185,19,13778,29.006448,318,337,19,False,0.297619,0.19,0.273333,0.0,0.998264,1,0.984,002580.SZ,圣阳股份,Q_E_ALTERNATIVE_WATER_RATE,再生水或其他替代水源占比,E,False,0,,,0,missing_candidate,extend_extraction_rules,2,related_fields_incomplete,,1,data/text/002580.SZ/2025/annual_report.txt,False
1186,19,13779,29.004091,25,48,23,False,0.247525,0.23,0.283333,0.0,0.998264,1,1.02,600674.SH,川投能源,Q_E_CLEAN_ENERGY_INTENSITY,绿色/可再生/清洁能源生产/使用强度,E,False,0,,,0,missing_candidate,extend_extraction_rules,2,related_fields_incomplete,,2,data/text/600674.SH/2025/annual_report.txt|data/text/600674.SH/2025/esg_report.txt,False
1187,19,13789,28.929729,39,61,22,False,0.26455,0.22,0.273333,0.0,0.998264,1,0.984,601567.SH,三星电气,Q_E_ALTERNATIVE_WATER_RATE,再生水或其他替代水源占比,E,False,0,,,0,missing_candidate,extend_extraction_rules,2,related_fields_incomplete,,2,data/text/601567.SH/2025/annual_report.txt|data/text/601567.SH/2025/esg_report.txt,False
1188,19,13790,28.921353,1,27,26,False,0.224215,0.26,0.273333,0.0,0.998264,1,0.984,600236.SH,桂冠电力,Q_E_ALTERNATIVE_WATER_RATE,再生水或其他替代水源占比,E,False,0,,,0,missing_candidate,extend_extraction_rules,2,possible_direct_alternative_water_rate,"中水电装机1,024.04万千瓦，占比68.13%",2,data/text/600236.SH/2025/annual_report.txt|data/text/600236.SH/2025/esg_report.txt,False
1189,19,13804,28.782022,312,328,16,False,0.308642,0.16,0.283333,0.0,0.998264,1,1.02,300018.SZ,中元股份,Q_E_CLEAN_ENERGY_INTENSITY,绿色/可再生/清洁能源生产/使用强度,E,False,0,,,0,missing_candidate,extend_extraction_rules,2,related_fields_incomplete,,1,data/text/300018.SZ/2025/annual_report.txt,False
1190,19,13812,28.754091,25,48,23,False,0.247525,0.23,0.273333,0.0,0.998264,1,0.984,600674.SH,川投能源,Q_E_ALTERNATIVE_WATER_RATE,再生水或其他替代水源占比,E,False,0,,,0,missing_candidate,extend_extraction_rules,2,possible_direct_alternative_water_rate,中水电 10700.16 万千瓦、 占比 64.98%,2,data/text/600674.SH/2025/annual_report.txt|data/text/600674.SH/2025/esg_report.txt,False
1191,19,13834,28.549917,9,32,23,False,0.229358,0.23,0.283333,0.0,0.998264,1,1.02,600098.SH,广州发展,Q_E_CLEAN_ENERGY_INTENSITY,绿色/可再生/清洁能源生产/使用强度,E,False,0,,,0,missing_candidate,extend_extraction_rules,2,related_fields_incomplete,,2,data/text/600098.SH/2025/annual_report.txt|data/text/600098.SH/2025/esg_report.txt,False
1192,19,13836,28.532022,312,328,16,False,0.308642,0.16,0.273333,0.0,0.998264,1,0.984,300018.SZ,中元股份,Q_E_ALTERNATIVE_WATER_RATE,再生水或其他替代水源占比,E,False,0,,,0,missing_candidate,extend_extraction_rules,2,related_fields_incomplete,,1,data/text/300018.SZ/2025/annual_report.txt,False
1193,19,13843,28.49779,7,30,23,False,0.227273,0.23,0.283333,0.0,0.998264,1,1.02,600885.SH,宏发股份,Q_E_CLEAN_ENERGY_INTENSITY,绿色/可再生/清洁能源生产/使用强度,E,False,0,,,0,missing_candidate,extend_extraction_rules,2,related_fields_incomplete,,2,data/text/600885.SH/2025/annual_report.txt|data/text/600885.SH/2025/esg_report.txt,False
1194,19,13867,28.300821,414,440,26,False,0.189394,0.26,0.283333,0.0,0.998264,1,1.02,002121.SZ,科陆电子,Q_E_CLEAN_ENERGY_INTENSITY,绿色/可再生/清洁能源生产/使用强度,E,False,0,,,0,missing_candidate,extend_extraction_rules,2,related_fields_incomplete,,1,data/text/002121.SZ/2025/annual_report.txt,False
1195,19,13868,28.299917,9,32,23,False,0.229358,0.23,0.273333,0.0,0.998264,1,0.984,600098.SH,广州发展,Q_E_ALTERNATIVE_WATER_RATE,再生水或其他替代水源占比,E,False,0,,,0,missing_candidate,extend_extraction_rules,2,related_fields_incomplete,,2,data/text/600098.SH/2025/annual_report.txt|data/text/600098.SH/2025/esg_report.txt,False
1196,19,13873,28.273735,8,31,23,False,0.228311,0.23,0.273333,0.0,0.998264,1,0.984,02688.HK,ENN ENERGY,Q_E_ALTERNATIVE_WATER_RATE,再生水或其他替代水源占比,E,False,0,,,0,missing_candidate,extend_extraction_rules,2,related_fields_incomplete,,2,data/text/hkex_reports/02688.HK/2025/annual_report.txt|data/text/hkex_reports/02688.HK/2025/esg_report.txt,False
1197,19,13877,28.24779,7,30,23,False,0.227273,0.23,0.273333,0.0,0.998264,1,0.984,600885.SH,宏发股份,Q_E_ALTERNATIVE_WATER_RATE,再生水或其他替代水源占比,E,False,0,,,0,missing_candidate,extend_extraction_rules,2,related_fields_incomplete,,2,data/text/600885.SH/2025/annual_report.txt|data/text/600885.SH/2025/esg_report.txt,False
1198,19,13897,28.050821,414,440,26,False,0.189394,0.26,0.273333,0.0,0.998264,1,0.984,002121.SZ,科陆电子,Q_E_ALTERNATIVE_WATER_RATE,再生水或其他替代水源占比,E,False,0,,,0,missing_candidate,extend_extraction_rules,2,related_fields_incomplete,,1,data/text/002121.SZ/2025/annual_report.txt,False
1199,19,13912,27.914333,455,482,27,False,0.163934,0.27,0.283333,0.0,0.998264,1,1.02,301012.SZ,扬电科技,Q_E_CLEAN_ENERGY_INTENSITY,绿色/可再生/清洁能源生产/使用强度,E,False,0,,,0,missing_candidate,extend_extraction_rules,2,related_fields_incomplete,,1,data/text/301012.SZ/2025/annual_report.txt,False
1200,19,13940,27.664333,455,482,27,False,0.163934,0.27,0.273333,0.0,0.998264,1,0.984,301012.SZ,扬电科技,Q_E_ALTERNATIVE_WATER_RATE,再生水或其他替代水源占比,E,False,0,,,0,missing_candidate,extend_extraction_rules,2,related_fields_incomplete,,1,data/text/301012.SZ/2025/annual_report.txt,False
1201,19,13967,27.346946,5,24,19,False,0.221239,0.19,0.283333,0.0,0.998264,1,1.02,605117.SH,德业股份,Q_E_CLEAN_ENERGY_INTENSITY,绿色/可再生/清洁能源生产/使用强度,E,False,0,,,0,missing_candidate,extend_extraction_rules,2,related_fields_incomplete,,2,data/text/605117.SH/2025/annual_report.txt|data/text/605117.SH/2025/esg_report.txt,False
1202,19,13976,27.223608,31,47,16,False,0.246305,0.16,0.283333,0.0,0.998264,1,1.02,600968.SH,海油发展,Q_E_CLEAN_ENERGY_INTENSITY,绿色/可再生/清洁能源生产/使用强度,E,False,0,,,0,missing_candidate,extend_extraction_rules,2,related_fields_incomplete,,2,data/text/600968.SH/2025/annual_report.txt|data/text/600968.SH/2025/esg_report.txt,False
1203,19,13977,27.222081,11,29,18,False,0.226244,0.18,0.283333,0.0,0.998264,1,1.02,688248.SH,南网科技,Q_E_CLEAN_ENERGY_INTENSITY,绿色/可再生/清洁能源生产/使用强度,E,False,0,,,0,missing_candidate,extend_extraction_rules,2,related_fields_incomplete,,2,data/text/688248.SH/2025/annual_report.txt|data/text/688248.SH/2025/esg_report.txt,False
1204,19,13986,27.096946,5,24,19,False,0.221239,0.19,0.273333,0.0,0.998264,1,0.984,605117.SH,德业股份,Q_E_ALTERNATIVE_WATER_RATE,再生水或其他替代水源占比,E,False,0,,,0,missing_candidate,extend_extraction_rules,2,related_fields_incomplete,,2,data/text/605117.SH/2025/annual_report.txt|data/text/605117.SH/2025/esg_report.txt,False
1205,19,14006,26.973608,31,47,16,False,0.246305,0.16,0.273333,0.0,0.998264,1,0.984,600968.SH,海油发展,Q_E_ALTERNATIVE_WATER_RATE,再生水或其他替代水源占比,E,False,0,,,0,missing_candidate,extend_extraction_rules,2,related_fields_incomplete,,2,data/text/600968.SH/2025/annual_report.txt|data/text/600968.SH/2025/esg_report.txt,False
1206,19,14007,26.972081,11,29,18,False,0.226244,0.18,0.273333,0.0,0.998264,1,0.984,688248.SH,南网科技,Q_E_ALTERNATIVE_WATER_RATE,再生水或其他替代水源占比,E,False,0,,,0,missing_candidate,extend_extraction_rules,2,related_fields_incomplete,,2,data/text/688248.SH/2025/annual_report.txt|data/text/688248.SH/2025/esg_report.txt,False
1207,19,14021,26.856295,398,417,19,False,0.201613,0.19,0.283333,0.0,0.998264,1,1.02,301120.SZ,新特电气,Q_E_CLEAN_ENERGY_INTENSITY,绿色/可再生/清洁能源生产/使用强度,E,False,0,,,0,missing_candidate,extend_extraction_rules,2,related_fields_incomplete,,1,data/text/301120.SZ/2025/annual_report.txt,False
1208,19,14036,26.685941,473,496,23,False,0.154799,0.23,0.283333,0.0,0.998264,1,1.02,300141.SZ,和顺电气,Q_E_CLEAN_ENERGY_INTENSITY,绿色/可再生/清洁能源生产/使用强度,E,False,0,,,0,missing_candidate,extend_extraction_rules,2,related_fields_incomplete,,1,data/text/300141.SZ/2025/annual_report.txt,False
1209,19,14051,26.606295,398,417,19,False,0.201613,0.19,0.273333,0.0,0.998264,1,0.984,301120.SZ,新特电气,Q_E_ALTERNATIVE_WATER_RATE,再生水或其他替代水源占比,E,False,0,,,0,missing_candidate,extend_extraction_rules,2,related_fields_incomplete,,1,data/text/301120.SZ/2025/annual_report.txt,False
1210,19,14052,26.597379,38,51,13,False,0.251256,0.13,0.283333,0.0,0.998264,1,1.02,001301.SZ,尚太科技,Q_E_CLEAN_ENERGY_INTENSITY,绿色/可再生/清洁能源生产/使用强度,E,False,0,,,0,missing_candidate,extend_extraction_rules,2,related_fields_incomplete,,1,data/text/001301.SZ/2025/annual_report.txt,False
1211,19,14054,26.546833,359,373,14,False,0.239234,0.14,0.283333,0.0,0.998264,1,1.02,301163.SZ,宏德股份,Q_E_CLEAN_ENERGY_INTENSITY,绿色/可再生/清洁能源生产/使用强度,E,False,0,,,0,missing_candidate,extend_extraction_rules,2,related_fields_incomplete,,1,data/text/301163.SZ/2025/annual_report.txt,False
1212,19,14066,26.435941,473,496,23,False,0.154799,0.23,0.273333,0.0,0.998264,1,0.984,300141.SZ,和顺电气,Q_E_ALTERNATIVE_WATER_RATE,再生水或其他替代水源占比,E,False,0,,,0,missing_candidate,extend_extraction_rules,2,related_fields_incomplete,,1,data/text/300141.SZ/2025/annual_report.txt,False
1213,19,14075,26.347379,38,51,13,False,0.251256,0.13,0.273333,0.0,0.998264,1,0.984,001301.SZ,尚太科技,Q_E_ALTERNATIVE_WATER_RATE,再生水或其他替代水源占比,E,False,0,,,0,missing_candidate,extend_extraction_rules,2,related_fields_incomplete,,1,data/text/001301.SZ/2025/annual_report.txt,False
1214,19,14086,26.296833,359,373,14,False,0.239234,0.14,0.273333,0.0,0.998264,1,0.984,301163.SZ,宏德股份,Q_E_ALTERNATIVE_WATER_RATE,再生水或其他替代水源占比,E,False,0,,,0,missing_candidate,extend_extraction_rules,2,related_fields_incomplete,,1,data/text/301163.SZ/2025/annual_report.txt,False
1215,19,14090,26.212422,74,81,7,False,0.295858,0.07,0.283333,0.0,0.998264,1,1.02,601233.SH,桐昆股份,Q_E_CLEAN_ENERGY_INTENSITY,绿色/可再生/清洁能源生产/使用强度,E,False,0,,,0,missing_candidate,extend_extraction_rules,2,related_fields_incomplete,,2,data/text/601233.SH/2025/annual_report.txt|data/text/601233.SH/2025/esg_report.txt,False
1216,19,14102,26.07258,377,391,14,False,0.220264,0.14,0.283333,0.0,0.998264,1,1.02,002980.SZ,华盛昌,Q_E_CLEAN_ENERGY_INTENSITY,绿色/可再生/清洁能源生产/使用强度,E,False,0,,,0,missing_candidate,extend_extraction_rules,2,related_fields_incomplete,,1,data/text/002980.SZ/2025/annual_report.txt,False
1217,19,14122,25.962422,74,81,7,False,0.295858,0.07,0.273333,0.0,0.998264,1,0.984,601233.SH,桐昆股份,Q_E_ALTERNATIVE_WATER_RATE,再生水或其他替代水源占比,E,False,0,,,0,missing_candidate,extend_extraction_rules,2,related_fields_incomplete,,2,data/text/601233.SH/2025/annual_report.txt|data/text/601233.SH/2025/esg_report.txt,False
1218,19,14135,25.82258,377,391,14,False,0.220264,0.14,0.273333,0.0,0.998264,1,0.984,002980.SZ,华盛昌,Q_E_ALTERNATIVE_WATER_RATE,再生水或其他替代水源占比,E,False,0,,,0,missing_candidate,extend_extraction_rules,2,related_fields_incomplete,,1,data/text/002980.SZ/2025/annual_report.txt,False
1219,19,14184,25.30326,445,461,16,False,0.169492,0.16,0.283333,0.0,0.998264,1,1.02,300427.SZ,红相股份,Q_E_CLEAN_ENERGY_INTENSITY,绿色/可再生/清洁能源生产/使用强度,E,False,0,,,0,missing_candidate,extend_extraction_rules,2,related_fields_incomplete,,1,data/text/300427.SZ/2025/annual_report.txt,False
1220,19,14212,25.05326,445,461,16,False,0.169492,0.16,0.273333,0.0,0.998264,1,0.984,300427.SZ,红相股份,Q_E_ALTERNATIVE_WATER_RATE,再生水或其他替代水源占比,E,False,0,,,0,missing_candidate,extend_extraction_rules,2,related_fields_incomplete,,1,data/text/300427.SZ/2025/annual_report.txt,False
1221,19,14403,22.096794,442,445,3,False,0.171233,0.03,0.283333,0.0,0.998264,1,1.02,301082.SZ,久盛电气,Q_E_CLEAN_ENERGY_INTENSITY,绿色/可再生/清洁能源生产/使用强度,E,False,0,,,0,missing_candidate,extend_extraction_rules,2,related_fields_incomplete,,1,data/text/301082.SZ/2025/annual_report.txt,False
1222,19,14412,21.846794,442,445,3,False,0.171233,0.03,0.273333,0.0,0.998264,1,0.984,301082.SZ,久盛电气,Q_E_ALTERNATIVE_WATER_RATE,再生水或其他替代水源占比,E,False,0,,,0,missing_candidate,extend_extraction_rules,2,related_fields_incomplete,,1,data/text/301082.SZ/2025/annual_report.txt,False
1223,8,696,81.680556,67,232,165,True,1.0,1.0,0.275556,1.0,0.979167,12,0.992,00002.HK,CLP HOLDINGS,Q_E_SO2_INTENSITY,二氧化硫排放强度,E,True,0,,,0,missing_candidate,extend_extraction_rules,0,related_disclosure_without_compatible_intensity,"CLP has been strengthening efforts to cut air emissions and improve water and waste management. The Group reduced emissions of nitrogen oxides (NOx), sulphur dioxide (SO2) and particulate matter (PM) in 2025 by 12%, 0.2% and 14% respectively from 2024 due to diversification of fuel mix and improved air emissions controls for its generation assets across Hong Kong, the Chinese Mainland and Australia. CLP achieved its 2025 air emissions reduction targets and will focus on further performance impro",1,data/text/hkex_reports/00002.HK/2025/annual_report.txt,False
1224,8,697,81.680556,45,372,327,True,1.0,1.0,0.275556,1.0,0.979167,12,0.992,00003.HK,HK & CHINA GAS,Q_E_SO2_INTENSITY,二氧化硫排放强度,E,True,0,,,0,missing_candidate,extend_extraction_rules,0,related_disclosure_without_compatible_intensity,"2,441 Non-hazardous waste Tonnes 279,145 282,530 280,820 368,734 359,085 Air Emissions 5) Nitrogen oxides (NOx) Tonnes 164.0 157.4 184.0 175.9 190.0 Sulphur dioxides (SOx) Tonnes 96.1 105.1 89.0 133.6 256.6 Respirable suspended Tonnes 16.1 15.1 2.6 4.6 2.6 particulates (PM10) Packaging Material Use 6) Total packaging Tonnes 1,216 1,186 – – – Weight intensity kg/piece 1.8 1.8 – – – Note: 1) The categorisation of energy consumption has been revised, historical numbers are restated accordingly. 2) ",2,data/text/00003.HK/2025/annual_report.txt|data/text/hkex_reports/00003.HK/2025/esg_report.txt,False
1225,8,698,81.680556,51,450,399,True,1.0,1.0,0.275556,1.0,0.979167,12,0.992,00006.HK,POWER ASSETS,Q_E_SO2_INTENSITY,二氧化硫排放强度,E,True,0,,,0,missing_candidate,extend_extraction_rules,0,related_disclosure_without_compatible_intensity,"ustion technologies, flue gas desulfurisation units, and high efficiency electrostatic precipitators, the station consistently minimises emissions of sulphur dioxide (SO2), NOx and Respirable Suspended Particulates (RSP). These proven technologies form a durable, future ready approach to air quality management that remains effective and relevant over time. 105 === PAGE 55 === Power Assets Holdings Limited | Sustainability Report 2025 Biodiversity and Nature Management The Group addresses biodive",2,data/text/hkex_reports/00006.HK/2025/annual_report.txt|data/text/hkex_reports/00006.HK/2025/esg_report.txt,False
1226,8,699,81.680556,108,287,179,True,1.0,1.0,0.275556,1.0,0.979167,12,0.992,000096.SZ,广聚能源,Q_E_SO2_INTENSITY,二氧化硫排放强度,E,True,0,,,0,missing_candidate,extend_extraction_rules,0,no_matching_disclosure_in_text,,1,data/text/000096.SZ/2025/annual_report.txt,False
1227,8,700,81.680556,169,401,232,True,1.0,1.0,0.275556,1.0,0.979167,12,0.992,000543.SZ,皖能电力,Q_E_SO2_INTENSITY,二氧化硫排放强度,E,True,0,,,0,missing_candidate,extend_extraction_rules,0,ambiguous_intensity_disclosure,"煤电机组节能降碳改造、灵活性改造、集中供热改造“三改联动”，持续提升 清洁生产水平。 运输污染防控 燃料运输采用皮带和火车方式。 对于灰渣、石膏及石粉等物料的运输车辆，新签约用户须使用国六标准车辆，原有用户车 辆须符合国五及以上排放标准。 入厂非道路移动机械（包括挖掘机、起重机、推土机、装载机、叉车等）须持有环保部门核 发的环保登记编码。 积极向运输单位宣贯柴油车尾气深度治理工作方案，有效推动国四、国五重中型柴油车 深度治理工作落实。 大气污染物排放信息 污染物名称 年度排放总量（吨） 排放强度（吨/百万营收） 案例 颗粒物 771.11 0.03 氮氧化物 9,437.47 0.35 淮北国安公司机组超净排放改造助力蓝天保卫战 二氧化硫 4,505.06 0.16 挥发性有机物 3.16 0.0001 2025年10月，淮北国安公司1号机组一次性并网成 功，该公司“脱硫提效”“超净排放”“运行灵活性”三 大改造项目全面完成。改造后，机组烟尘、二氧化硫、 氮氧化物排放浓度得到稳定控制，污染物排放总量 同比下降60%。 汞及其化合物 2.86 0.0001 一氧化碳 83.11 0.",2,data/text/000543.SZ/2025/annual_report.txt|data/text/000543.SZ/2025/esg_report.txt,False
1228,8,701,81.680556,191,474,283,True,1.0,1.0,0.275556,1.0,0.979167,12,0.992,000554.SZ,泰山石油,Q_E_SO2_INTENSITY,二氧化硫排放强度,E,True,0,,,0,missing_candidate,extend_extraction_rules,0,no_matching_disclosure_in_text,,2,data/text/000554.SZ/2025/annual_report.txt|data/text/000554.SZ/2025/esg_report.txt,False
1229,8,702,81.680556,157,427,270,True,1.0,1.0,0.275556,1.0,0.979167,12,0.992,000682.SZ,东方电子,Q_E_SO2_INTENSITY,二氧化硫排放强度,E,True,0,,,0,missing_candidate,extend_extraction_rules,0,related_disclosure_without_compatible_intensity,32327。目前海颐软件为电力、能源、电子政务、交通运输等行业客户提供软件产品、技 术服务和大数据应用。拥有 CMMIL5 资质、ITSS 信息技术服务运行维护标准符合性三级认 证（ITSSL3）、电力需求侧管理服务机构能力一级认证，先后通过 ISO9001、ISO14001、 ISO45001、ISO27001 和 ISO20000 认证，通过软件企业认证、高新技术企业认定。 报告期内，受市场竞争加剧，产品交付周期增长，成本上升，毛利降低，自身业务转 型调整等多重因素影响，海颐软件实现营业收入 8.22 亿元，较去年同期减少 12.92%；净 利润 0.32 亿元，较去年同期减少 69.52%。 公司全资子公司威思顿产业聚焦数字电力、智慧能源、数智工厂三大业务领域，是集 产品研发、生产、服务和销售于一体的国家级重点高新技术企业。面向海内外市场，布局 用电、配电、新能源及综合能源管理、微电网、数字化智能工厂等八大业务方向，深入实 施“以技术创新为先导、以客户价值为目标”产品领先战略，创新发展推动产业升级，为 电网数字化转型、新型能源体系建设及企业智能制造赋能。 报告期内，威思顿用电领域,1,data/text/000682.SZ/2025/annual_report.txt,False
1230,8,703,81.680556,134,316,182,True,1.0,1.0,0.275556,1.0,0.979167,12,0.992,000791.SZ,甘肃能源,Q_E_SO2_INTENSITY,二氧化硫排放强度,E,True,0,,,0,missing_candidate,extend_extraction_rules,0,related_disclosure_without_compatible_intensity,"特征 主要污染 物及特征 排放方 式 排放口 数量 排放 口分 排放浓 度/强 执行的污染物排放 标准 排放总量 核定的排放总量 超标排 放情况 50 === PAGE 51 === 甘肃电投能源发展股份有限公司 2025 年年度报告全文 公司 名称 污染物的 种类 污染物的 名称 布情 况 度 二氧化硫 常乐 公司 大气污染 物 氮氧化物 烟气经 环保设 施处理 后通过 烟囱排 至大气 烟尘 1-2 号 机组、 3-4 号 机组、 5-6 号 机组、 启动锅 炉共 7 个排放 口 20.39m g/m³ 厂区 内 37.46m g/m³ 1.54mg /m³ 执行《火电厂大气 污染物排放标准》 GB13223-2011 的 标 准，按照超低排放 的 浓 度 限 值 执 行 （ 二 氧 化 硫 浓 度 35mg/m³ ，氮氧化物 浓 度 50mg/m ³ ， 烟 尘浓度 10mg/m³） 年 排 放 总 量 1,525.13 吨 年许可排放量限值 3,737 吨 年 排 放 总 量 2,708.82 吨 年许可排放量限值 5,397 吨 全 年 各 项 污 染 物 全 部 达 标 排 ",2,data/text/000791.SZ/2025/annual_report.txt|data/text/000791.SZ/2025/esg_report.txt,False
1231,8,704,81.680556,141,335,194,True,1.0,1.0,0.275556,1.0,0.979167,12,0.992,001208.SZ,华菱线缆,Q_E_SO2_INTENSITY,二氧化硫排放强度,E,True,0,,,0,missing_candidate,extend_extraction_rules,0,no_matching_disclosure_in_text,,1,data/text/001208.SZ/2025/annual_report.txt,False
1232,8,705,81.680556,125,251,126,True,1.0,1.0,0.275556,1.0,0.979167,12,0.992,001258.SZ,立新能源,Q_E_SO2_INTENSITY,二氧化硫排放强度,E,True,0,,,0,missing_candidate,extend_extraction_rules,0,no_matching_disclosure_in_text,,1,data/text/001258.SZ/2025/annual_report.txt,False
1233,8,706,81.680556,113,236,123,True,1.0,1.0,0.275556,1.0,0.979167,12,0.992,001299.SZ,美能能源,Q_E_SO2_INTENSITY,二氧化硫排放强度,E,True,0,,,0,missing_candidate,extend_extraction_rules,0,no_matching_disclosure_in_text,,1,data/text/001299.SZ/2025/annual_report.txt,False
1234,8,707,81.680556,133,299,166,True,1.0,1.0,0.275556,1.0,0.979167,12,0.992,00182.HK,CONCORD NE,Q_E_SO2_INTENSITY,二氧化硫排放强度,E,True,0,,,0,missing_candidate,extend_extraction_rules,0,related_disclosure_without_compatible_intensity,"oal consumption and water use. Emission Reduction from Power Plants Emission Reduction Indicators 2025 Accumulated Amount CO2 (Kilotons) 8,164 69,879 SO2 (Tons) 2,030 33,769 NO x (Tons) 2,117 31,778 Standard Coal Saving (Kilotons) 3,326 27,523 Water Saving (Kilotons) IV. HUMAN RESOURCES 13,134 139,272 The Group has always upheld its core values of “Creating Value and Pursuing Excellence”. To implement its new strategy, the Group advanced organisational integration and position realignments to un",2,data/text/hkex_reports/00182.HK/2025/annual_report.txt|data/text/hkex_reports/00182.HK/2025/esg_report.txt,False
1235,8,708,81.680556,11,291,280,True,1.0,1.0,0.275556,1.0,0.979167,12,0.992,002039.SZ,黔源电力,Q_E_SO2_INTENSITY,二氧化硫排放强度,E,True,0,,,0,missing_candidate,extend_extraction_rules,0,no_matching_disclosure_in_text,,1,data/text/002039.SZ/2025/annual_report.txt,False
1236,8,709,81.680556,25,386,361,True,1.0,1.0,0.275556,1.0,0.979167,12,0.992,002056.SZ,横店东磁,Q_E_SO2_INTENSITY,二氧化硫排放强度,E,True,0,,,0,missing_candidate,extend_extraction_rules,0,no_matching_disclosure_in_text,,1,data/text/002056.SZ/2025/annual_report.txt,False
1237,8,710,81.680556,113,366,253,True,1.0,1.0,0.275556,1.0,0.979167,12,0.992,00206.HK,CM-ENERGY,Q_E_SO2_INTENSITY,二氧化硫排放强度,E,True,0,,,0,missing_candidate,extend_extraction_rules,0,no_matching_disclosure_in_text,,1,data/text/hkex_reports/00206.HK/2025/annual_report.txt,False
1238,8,711,81.680556,173,283,110,True,1.0,1.0,0.275556,1.0,0.979167,12,0.992,002074.SZ,国轩高科,Q_E_SO2_INTENSITY,二氧化硫排放强度,E,True,0,,,0,missing_candidate,extend_extraction_rules,0,no_matching_disclosure_in_text,,1,data/text/002074.SZ/2025/annual_report.txt,False
1239,8,712,81.680556,196,322,126,True,1.0,1.0,0.275556,1.0,0.979167,12,0.992,002090.SZ,金智科技,Q_E_SO2_INTENSITY,二氧化硫排放强度,E,True,0,,,0,missing_candidate,extend_extraction_rules,0,no_matching_disclosure_in_text,,1,data/text/002090.SZ/2025/annual_report.txt,False
1240,8,713,81.680556,124,309,185,True,1.0,1.0,0.275556,1.0,0.979167,12,0.992,002276.SZ,万马股份,Q_E_SO2_INTENSITY,二氧化硫排放强度,E,True,0,,,0,missing_candidate,extend_extraction_rules,0,no_matching_disclosure_in_text,,1,data/text/002276.SZ/2025/annual_report.txt,False
1241,8,714,81.680556,168,376,208,True,1.0,1.0,0.275556,1.0,0.979167,12,0.992,00228.HK,CHINA ENERGY,Q_E_SO2_INTENSITY,二氧化硫排放强度,E,True,0,,,0,missing_candidate,extend_extraction_rules,0,no_matching_disclosure_in_text,,2,data/text/hkex_reports/00228.HK/2025/annual_report.txt|data/text/hkex_reports/00228.HK/2025/esg_report.txt,False
1242,8,715,81.680556,76,298,222,True,1.0,1.0,0.275556,1.0,0.979167,12,0.992,002335.SZ,科华数据,Q_E_SO2_INTENSITY,二氧化硫排放强度,E,True,0,,,0,missing_candidate,extend_extraction_rules,0,no_matching_disclosure_in_text,,1,data/text/002335.SZ/2025/annual_report.txt,False
1243,8,716,81.680556,185,295,110,True,1.0,1.0,0.275556,1.0,0.979167,12,0.992,002452.SZ,长高电气,Q_E_SO2_INTENSITY,二氧化硫排放强度,E,True,0,,,0,missing_candidate,extend_extraction_rules,0,no_matching_disclosure_in_text,,1,data/text/002452.SZ/2025/annual_report.txt,False
1244,8,717,81.680556,95,355,260,True,1.0,1.0,0.275556,1.0,0.979167,12,0.992,002459.SZ,晶澳科技,Q_E_SO2_INTENSITY,二氧化硫排放强度,E,True,0,,,0,missing_candidate,extend_extraction_rules,0,no_matching_disclosure_in_text,,2,data/text/002459.SZ/2025/annual_report.txt|data/text/002459.SZ/2025/esg_report.txt,False
1245,8,718,81.680556,136,251,115,True,1.0,1.0,0.275556,1.0,0.979167,12,0.992,002479.SZ,富春环保,Q_E_SO2_INTENSITY,二氧化硫排放强度,E,True,0,,,0,missing_candidate,extend_extraction_rules,0,related_disclosure_without_compatible_intensity,5 === 浙江富春江环保热电股份有限公司 2025 年年度报告全文 制“热电联产+固废（危废）资源化+环境监测治理”的循环经济模式积聚先发优势，增强 公司抵御市场风险能力。 （二）技术创新、具有超前优势 公司与多家高校合作设立技术研发中心，进行工艺、技术、项目的研发，其中在生产中 对二噁英的防治、二氧化硫、氮氧化物的去除等方面和污泥干化等领域处于国内先进水平。 同时经过多年的研发投入和技术沉淀，公司目前已具备了一定的研发和创新能力。截至报告 期末，公司已经拥有 8 家高新技术企业、1 家国家鼓励发展的重大环保技术装备依托单位、 3 家省级“专精特新”企业、1 家中美政府间合作项目研究基地、1 家省级企业研究院。公 司各项目燃煤锅炉全部实现超净排放，达到行业先进水平，控股子公司研究院成功研制开发 出了国内外首台具有实用意义的二噁英在线快速检测仪器系统。 （三）管理科学、提质增效 公司狠抓制度创新建设，强化管理手段，以 ISO9001 质量管理体系、ISO14001 环境管 理体系为基础，对公司及其下属子公司制度进行新建、优化、梳理等工作，提高制度的科学 性与灵活性，增强员工的积极性与能,1,data/text/002479.SZ/2025/annual_report.txt,False
1246,8,719,81.680556,176,297,121,True,1.0,1.0,0.275556,1.0,0.979167,12,0.992,002487.SZ,大金重工,Q_E_SO2_INTENSITY,二氧化硫排放强度,E,True,0,,,0,missing_candidate,extend_extraction_rules,0,no_matching_disclosure_in_text,,1,data/text/002487.SZ/2025/annual_report.txt,False
1247,8,720,81.680556,191,449,258,True,1.0,1.0,0.275556,1.0,0.979167,12,0.992,002506.SZ,协鑫集成,Q_E_SO2_INTENSITY,二氧化硫排放强度,E,True,0,,,0,missing_candidate,extend_extraction_rules,0,no_matching_disclosure_in_text,,2,data/text/002506.SZ/2025/annual_report.txt|data/text/002506.SZ/2025/esg_report.txt,False
1248,8,721,81.680556,149,305,156,True,1.0,1.0,0.275556,1.0,0.979167,12,0.992,002531.SZ,天顺风能,Q_E_SO2_INTENSITY,二氧化硫排放强度,E,True,0,,,0,missing_candidate,extend_extraction_rules,0,no_matching_disclosure_in_text,,2,data/text/002531.SZ/2025/annual_report.txt|data/text/002531.SZ/2025/esg_report.txt,False
1249,8,722,81.680556,155,453,298,True,1.0,1.0,0.275556,1.0,0.979167,12,0.992,002608.SZ,江苏国信,Q_E_SO2_INTENSITY,二氧化硫排放强度,E,True,0,,,0,missing_candidate,extend_extraction_rules,0,related_disclosure_without_compatible_intensity,攻坚战工作部署。2025 年，各控股发电子企业共投入约 40983.69 万元，用以购买环保运行耗 材，推进环保设施日常运行维护、环保设施升级改造、噪声治理、厂区及周边道路扬尘治理等项目，公司旗下电厂所有 机组均已完成超低排放改造，实现在线联网监控。脱硫、脱硝、除尘系统投运率均达到 99.9%以上，二氧化硫、氮氧化 物、烟尘等污染物排放均符合国家超低排放标准。2025 年公司江苏省内火电机组供电标准煤耗（含燃机）为 287.19 克/ 千瓦时；山西省内煤机（空冷机组）供电标准煤耗为 314.37 克/千瓦时。 更多节能减排相关信息可查阅本公司《2025 年度环境、社会及治理报告》。 上市公司发生环境事故的相关情况 无 十六、社会责任情况 详见公司披露的《2025 年度环境、社会及治理报告》。 十七、巩固拓展脱贫攻坚成果、乡村振兴的情况 公司深入贯彻习近平总书记关于持续加强消费帮促的重要指示精神，积极推动脱贫攻坚成果与乡村振兴的有效衔接。公 司及控股子公司通过采购脱贫地区特色农副产品，鼓励干部职工增加对脱贫地区农副产品的消费，充分发挥东西部协作、 对口支援、定点帮促等机制作用，助力欠发达,1,data/text/002608.SZ/2025/annual_report.txt,False
1250,8,723,81.680556,133,389,256,True,1.0,1.0,0.275556,1.0,0.979167,12,0.992,002692.SZ,远程股份,Q_E_SO2_INTENSITY,二氧化硫排放强度,E,True,0,,,0,missing_candidate,extend_extraction_rules,0,no_matching_disclosure_in_text,,1,data/text/002692.SZ/2025/annual_report.txt,False
1251,8,724,81.680556,95,215,120,True,1.0,1.0,0.275556,1.0,0.979167,12,0.992,002709.SZ,天赐材料,Q_E_SO2_INTENSITY,二氧化硫排放强度,E,True,0,,,0,missing_candidate,extend_extraction_rules,0,related_disclosure_without_compatible_intensity,式对产品的质量进行系统的管控和提升，在日化材料和锂电材料业务分别实施EfFCI GMP和IATF16949体系并通过认证。对生产设施不断进行技术改造和自动化升级，引入MES、SPC、PLC等集成信息管理进 行产品生产过程控制，提高产品的稳定性和可靠性。同时，清洁安全生产方面，公司通过ISO三体系和ISO22301（BCM） 体系认证，提高了生产供应体系的效能和稳定性；公司的质量管理体系和能力获得了多家跨国公司的认可。报告期内，公 司在“绿色化学成就低碳美丽生活“的使命驱动下，持续革新工艺，积极推广QCC（Quality Control Circle，品管圈）和TPM （Total Productive Maintenance，全员生产性保全活动）实施，多维度提升产品质量。 四、主营业务分析 1、概述 （一）2025 年总体经营情况 2025 年在全球产业格局深刻演变的背景下，公司持续聚焦锂电池材料的领先研发、一体化布局和全球化供应能力构建， 报告期内，公司核心产品电解液销量增长势头强劲，全年销售超过 72 万吨，较去年同比增长约 44%。北美、欧洲 OEM 工 厂顺利落地并获得本土客户,1,data/text/002709.SZ/2025/annual_report.txt,False
1252,8,725,81.680556,21,359,338,True,1.0,1.0,0.275556,1.0,0.979167,12,0.992,002850.SZ,科达利,Q_E_SO2_INTENSITY,二氧化硫排放强度,E,True,0,,,0,missing_candidate,extend_extraction_rules,0,no_matching_disclosure_in_text,,1,data/text/002850.SZ/2025/annual_report.txt,False
1253,8,726,81.680556,109,230,121,True,1.0,1.0,0.275556,1.0,0.979167,12,0.992,002911.SZ,佛燃能源,Q_E_SO2_INTENSITY,二氧化硫排放强度,E,True,0,,,0,missing_candidate,extend_extraction_rules,0,no_matching_disclosure_in_text,,1,data/text/002911.SZ/2025/annual_report.txt,False
1254,8,727,81.680556,5,555,550,True,1.0,1.0,0.275556,1.0,0.979167,12,0.992,00353.HK,ENERGY INTINV,Q_E_SO2_INTENSITY,二氧化硫排放强度,E,True,0,,,0,missing_candidate,extend_extraction_rules,0,no_matching_disclosure_in_text,,1,data/text/00353.HK/2025/annual_report.txt,False
1255,8,728,81.680556,43,360,317,True,1.0,1.0,0.275556,1.0,0.979167,12,0.992,00384.HK,CHINA GAS HOLD,Q_E_SO2_INTENSITY,二氧化硫排放强度,E,True,0,,,0,missing_candidate,extend_extraction_rules,0,disclosed_non_revenue_denominator,"emissions tCO2e 60,883,299.50 60,802,782.7712 56,109,995.27 Total GHG emissions tCO2e 60,745,486.44 60,664,490.7412 55,927,197.60 (excluding integrated energy business) GHG intensity (Scope 1 and Scope 2) kgCO2 e/GJ of energy sold 0.20 0.23 0.23 GHG intensity kgCO2 e/GJ of energy sold 41.26 42.8412 35.12 (Scope 1, Scope 2 and Scope 3) Direct gas emissions15 Particulate matter (PM) tonne 16.98 21.27 21.18 Sulphur dioxide (SO2) tonne 5.28 6.30 6.22 Nitrogen oxides (NOx) tonne 82.81 107.95 113.97 1",2,data/text/hkex_reports/00384.HK/2025/annual_report.txt|data/text/hkex_reports/00384.HK/2025/esg_report.txt,False
1256,8,729,81.680556,35,204,169,True,1.0,1.0,0.275556,1.0,0.979167,12,0.992,00392.HK,BEIJING ENT,Q_E_SO2_INTENSITY,二氧化硫排放强度,E,True,0,,,0,missing_candidate,extend_extraction_rules,0,related_disclosure_without_compatible_intensity,"ator Tonne 46.9 21.9 11.1 Nitrogen oxides Exhaust gas Unit Tonne 2023 566.0 2024 521.7 2025 541.0 Non-hazardous solid waste Waste soil and stone, etc Sulfur dioxide Tonne 64.0 69.1 65.0 10,000 tonnes 1.8 1.2 Hazardous solid waste density 0.76 0.35 0.17 Non-hazardous solid waste density Indicator Waste water Effluent wastewater 4.8 Tonnes/ RMB 1 billion in revenue 10,000 tonnes/ RMB 1 billion in revenue 0.08 0.03 0.02 Environment Unit 10,000 tonnes Hazardous solid waste Waste generated from waste",2,data/text/hkex_reports/00392.HK/2025/annual_report.txt|data/text/hkex_reports/00392.HK/2025/esg_report.txt,False
1257,8,730,81.680556,15,368,353,True,1.0,1.0,0.275556,1.0,0.979167,12,0.992,00467.HK,UNITEDENERGY GP,Q_E_SO2_INTENSITY,二氧化硫排放强度,E,True,0,,,0,missing_candidate,extend_extraction_rules,0,no_matching_disclosure_in_text,,2,data/text/hkex_reports/00467.HK/2025/annual_report.txt|data/text/hkex_reports/00467.HK/2025/esg_report.txt,False
1258,8,731,81.680556,72,524,452,True,1.0,1.0,0.275556,1.0,0.979167,12,0.992,00554.HK,HANS GP HLDGS,Q_E_SO2_INTENSITY,二氧化硫排放强度,E,True,0,,,0,missing_candidate,extend_extraction_rules,0,no_matching_disclosure_in_text,,2,data/text/hkex_reports/00554.HK/2025/annual_report.txt|data/text/hkex_reports/00554.HK/2025/esg_report.txt,False
1259,8,732,81.680556,44,212,168,True,1.0,1.0,0.275556,1.0,0.979167,12,0.992,00579.HK,JNCEC,Q_E_SO2_INTENSITY,二氧化硫排放强度,E,True,0,,,0,missing_candidate,extend_extraction_rules,0,disclosed_non_revenue_denominator,"ernational standards, and established data statistics definitions, effectively enhancing the fine and scientific management of ESG data. Environmental performance Indicator Unit Year 2025 Year 2024 Year 2023 Freshwater and reclaimed water withdrawal intensity10 Ton/100 million kWh 40,967.9 48,165.9 / Indicator Unit Year 2025 Year 2024 Year 2023 Total nitrogen oxides (NOx) emissions 1,407.38 1,299.55 Ton 1,405 Total sulfur dioxide (SO2) emissions Ton 84.75 76.5 84 Total particulate matter emissio",2,data/text/hkex_reports/00579.HK/2025/annual_report.txt|data/text/hkex_reports/00579.HK/2025/esg_report.txt,False
1260,8,733,81.680556,193,499,306,True,1.0,1.0,0.275556,1.0,0.979167,12,0.992,00600.HK,AXERA,Q_E_SO2_INTENSITY,二氧化硫排放强度,E,True,0,,,0,missing_candidate,extend_extraction_rules,0,no_matching_disclosure_in_text,,1,data/text/hkex_reports/00600.HK/2025/annual_report.txt,False
1261,8,734,81.680556,130,529,399,True,1.0,1.0,0.275556,1.0,0.979167,12,0.992,00607.HK,FULLSHARE,Q_E_SO2_INTENSITY,二氧化硫排放强度,E,True,0,,,0,missing_candidate,extend_extraction_rules,0,no_matching_disclosure_in_text,,2,data/text/hkex_reports/00607.HK/2025/annual_report.txt|data/text/hkex_reports/00607.HK/2025/esg_report.txt,False
1262,8,735,81.680556,130,474,344,True,1.0,1.0,0.275556,1.0,0.979167,12,0.992,00632.HK,CHK OIL,Q_E_SO2_INTENSITY,二氧化硫排放强度,E,True,0,,,0,missing_candidate,extend_extraction_rules,0,no_matching_disclosure_in_text,,1,data/text/hkex_reports/00632.HK/2025/annual_report.txt,False
1263,8,736,81.680556,26,517,491,True,1.0,1.0,0.275556,1.0,0.979167,12,0.992,00645.HK,ARES ASIA,Q_E_SO2_INTENSITY,二氧化硫排放强度,E,True,0,,,0,missing_candidate,extend_extraction_rules,0,no_matching_disclosure_in_text,,1,data/text/hkex_reports/00645.HK/2025/annual_report.txt,False
1264,8,737,81.680556,151,387,236,True,1.0,1.0,0.275556,1.0,0.979167,12,0.992,00650.HK,PRODUCTIVE TECH,Q_E_SO2_INTENSITY,二氧化硫排放强度,E,True,0,,,0,missing_candidate,extend_extraction_rules,0,related_disclosure_without_compatible_intensity,"中 和 處 理，所 以 可 以忽略不計。 In addition, the air pollutants generated by Hongbo Mining (a subsidiary of the Company) from its business operation are mainly sulphur dioxide, oxynitride and soot resulting from natural gas combustion of its heating furnaces and generating units and petrol and diesel combustion. 此 外，本 公 司 附 屬 公 司 宏 博 礦業運營過程中產生的大氣 污染物主要為加熱鍋爐及發 電 機 組 燃 燒 天 然 氣，以 及 汽 油和柴油燃燒產生的二氧化 硫、氮氧化物和煙塵。 Waste Gas Emissions FY2024 FY2023 廢氣排放情況 二零二四財年 二零二三財年 Sulphur dioxide emissions (t) 二氧化硫排放量 （噸） 0.42 0",1,data/text/00650.HK/2025/annual_report.txt,False
1265,8,738,81.680556,29,241,212,True,1.0,1.0,0.275556,1.0,0.979167,12,0.992,00666.HK,REPT BATTERO,Q_E_SO2_INTENSITY,二氧化硫排放强度,E,True,0,,,0,missing_candidate,extend_extraction_rules,0,no_matching_disclosure_in_text,,2,data/text/hkex_reports/00666.HK/2025/annual_report.txt|data/text/hkex_reports/00666.HK/2025/esg_report.txt,False
1266,8,739,81.680556,96,279,183,True,1.0,1.0,0.275556,1.0,0.979167,12,0.992,00686.HK,BJ ENERGY INTL,Q_E_SO2_INTENSITY,二氧化硫排放强度,E,True,0,,,0,missing_candidate,extend_extraction_rules,0,related_disclosure_without_compatible_intensity,"The total electricity generation volume for 2025 is approximately 2025年總發電量約 25,412,743 MWh equivalent to: 兆瓦時相當於： 1,939.2 Tonnes Reduced Emission of Sulphur Dioxide 1,939.2 噸 二氧化硫減排量 === PAGE 18 === 13 Beijing Energy International Holding Co., Ltd. Indicators/指標 Total greenhouse gas emissions (Tonnes) 溫室氣體排放總量 （噸） Total direct greenhouse gas emissions (Scope 1) (Tonnes) 直接溫室氣體排放總量（範圍�）（噸） Total indirect greenhouse gas emissions (Scope 2) (Tonnes) 間接溫室氣體排放總量（範圍�） （噸） ENVIRONMENTAL PERFORMANCE 環境",2,data/text/hkex_reports/00686.HK/2025/annual_report.txt|data/text/hkex_reports/00686.HK/2025/esg_report.txt,False
1267,8,740,81.680556,182,444,262,True,1.0,1.0,0.275556,1.0,0.979167,12,0.992,00704.HK,HUSCOKE HLDGS,Q_E_SO2_INTENSITY,二氧化硫排放强度,E,True,0,,,0,missing_candidate,extend_extraction_rules,0,no_matching_disclosure_in_text,,1,data/text/00704.HK/2025/annual_report.txt,False
1268,8,741,81.680556,77,311,234,True,1.0,1.0,0.275556,1.0,0.979167,12,0.992,00819.HK,TIANNENG POWER,Q_E_SO2_INTENSITY,二氧化硫排放强度,E,True,0,,,0,missing_candidate,extend_extraction_rules,0,related_disclosure_without_compatible_intensity,"業探索以數字化手段提升綠色化工藝水 平，完成中國綠色製造系統集成項目與中國智能制造試點 示範項目建設，將連鑄連軋、連衝連塗、連續擴網、改進 型球磨式鉛粉製造、輪轂式塗板上下覆膜、全密閉高溫固 化、全自動裝配、工藝數控、數字孿生技術深度融合。採 用煙氣硫素利用系統，將煙氣預處理淨化、離子液脫硫、 純 SO2 一轉一吸制精製硫酸，實現「硫」在鉛蓄電池產業 內部閉環利用；引入創新技術取代傳統熔鉛爐，進一步降 低生產能耗。 The Group took the lead in the industry to explore the use of digital means to enhance green process levels, completing the construction of China's Green Manufacturing System Integration Project and China's Intelligent Manufacturing Pilot Demonstration Project. It deeply integrates advance",2,data/text/hkex_reports/00819.HK/2025/annual_report.txt|data/text/hkex_reports/00819.HK/2025/esg_report.txt,False
1269,8,742,81.680556,6,314,308,True,1.0,1.0,0.275556,1.0,0.979167,12,0.992,00836.HK,CHINA RES POWER,Q_E_SO2_INTENSITY,二氧化硫排放强度,E,True,0,,,0,missing_candidate,extend_extraction_rules,0,disclosed_non_revenue_denominator,"tion (10,000 t) • Coal consumption (10,000 t) • Purchased electricity (MWh) • Standard coal consumption for power supply (subsidiary coal-fired power plants) (g/kWh) • Total greenhouse gas emissions (Scope 1 and Scope 2) (10,000 t) • Carbon emission intensity per kWh (g/kWh) • Carbon emission intensity per kWh (thermal power) (g/kWh) • Nitrogen oxides emissions (10,000 t) • Sulfur dioxide emissions (10,000 t) • Smoke emissions (10,000 t) • Nitrogen oxides emission rate (g/kWh) • Sulfur dioxide e",2,data/text/hkex_reports/00836.HK/2025/annual_report.txt|data/text/hkex_reports/00836.HK/2025/esg_report.txt,False
1270,8,743,81.680556,42,348,306,True,1.0,1.0,0.275556,1.0,0.979167,12,0.992,00866.HK,CHINA QINFA,Q_E_SO2_INTENSITY,二氧化硫排放强度,E,True,0,,,0,missing_candidate,extend_extraction_rules,0,no_matching_disclosure_in_text,,1,data/text/hkex_reports/00866.HK/2025/annual_report.txt,False
1271,8,744,81.680556,40,327,287,True,1.0,1.0,0.275556,1.0,0.979167,12,0.992,00931.HK,CHINA HK POWER,Q_E_SO2_INTENSITY,二氧化硫排放强度,E,True,0,,,0,missing_candidate,extend_extraction_rules,0,no_matching_disclosure_in_text,,1,data/text/00931.HK/2025/annual_report.txt,False
1272,8,745,81.680556,19,261,242,True,1.0,1.0,0.275556,1.0,0.979167,12,0.992,00951.HK,CHAOWEI POWER,Q_E_SO2_INTENSITY,二氧化硫排放强度,E,True,0,,,0,missing_candidate,extend_extraction_rules,0,related_disclosure_without_compatible_intensity,"Management The major air pollutants generated by the Group during the production process include lead and its compounds, acid mist, nitrogen oxides, sulphur dioxide, greenhouse gases, particulate matter, volatile organic compounds, etc, all of which are discharged in accordance with the standards during the Reporting Period. The Group has adopted targeted treatment measures for lead dust, sulphuric acid mist and other exhaust gases generated during casting plate, cast welding, ball milling, brus",2,data/text/hkex_reports/00951.HK/2025/annual_report.txt|data/text/hkex_reports/00951.HK/2025/esg_report.txt,False
1273,8,746,81.680556,79,431,352,True,1.0,1.0,0.275556,1.0,0.979167,12,0.992,01080.HK,SHENGLI PIPE,Q_E_SO2_INTENSITY,二氧化硫排放强度,E,True,0,,,0,missing_candidate,extend_extraction_rules,0,no_matching_disclosure_in_text,,1,data/text/hkex_reports/01080.HK/2025/annual_report.txt,False
1274,8,747,81.680556,7,435,428,True,1.0,1.0,0.275556,1.0,0.979167,12,0.992,01083.HK,TG SMART ENERGY,Q_E_SO2_INTENSITY,二氧化硫排放强度,E,True,0,,,0,missing_candidate,extend_extraction_rules,0,no_matching_disclosure_in_text,,2,data/text/hkex_reports/01083.HK/2025/annual_report.txt|data/text/hkex_reports/01083.HK/2025/esg_report.txt,False
1275,8,748,81.680556,13,285,272,True,1.0,1.0,0.275556,1.0,0.979167,12,0.992,01193.HK,CHINA RES GAS,Q_E_SO2_INTENSITY,二氧化硫排放强度,E,True,0,,,0,missing_candidate,extend_extraction_rules,0,no_matching_disclosure_in_text,,2,data/text/hkex_reports/01193.HK/2025/annual_report.txt|data/text/hkex_reports/01193.HK/2025/esg_report.txt,False
1276,8,749,81.680556,2,316,314,True,1.0,1.0,0.275556,1.0,0.979167,12,0.992,01229.HK,NAN NAN RES,Q_E_SO2_INTENSITY,二氧化硫排放强度,E,True,0,,,0,missing_candidate,extend_extraction_rules,0,no_matching_disclosure_in_text,,2,data/text/01229.HK/2025/annual_report.txt|data/text/hkex_reports/01229.HK/2025/esg_report.txt,False
1277,8,750,81.680556,177,383,206,True,1.0,1.0,0.275556,1.0,0.979167,12,0.992,01251.HK,SPT ENERGY,Q_E_SO2_INTENSITY,二氧化硫排放强度,E,True,0,,,0,missing_candidate,extend_extraction_rules,0,related_disclosure_without_compatible_intensity,"on in the following four areas: 1. Emission from various vehicles used in the course of production and operation (emissions include nitrogen dioxide, sulphur dioxide and hydrocarbon related pollutants); 2. Discharge from solid waste and waste liquid (mainly including domestic garbage and domestic wastewater); 3. Consumption in the course of drilling and workover operations (diesel, electricity and water for production); 4. Consumption at various levels of the departments (water, electricity, nat",1,data/text/hkex_reports/01251.HK/2025/annual_report.txt,False
1278,8,751,81.680556,8,304,296,True,1.0,1.0,0.275556,1.0,0.979167,12,0.992,01303.HK,HUILI RES,Q_E_SO2_INTENSITY,二氧化硫排放强度,E,True,0,,,0,missing_candidate,extend_extraction_rules,0,related_disclosure_without_compatible_intensity,"on The coal washery operations and the newly coal storage businesses in Shanxi province result in air pollutants emission, including nitrogen oxides, sulfur dioxide and particulate matter. To reduce and limit the emission of air pollutants, water spraying equipment have been installed in the storage area and processing area of coal washing operations. Dust removal equipment have also been installed to mitigate the fugitive dust emission. We have installed environmental monitoring stations and eq",2,data/text/hkex_reports/01303.HK/2025/annual_report.txt|data/text/hkex_reports/01303.HK/2025/esg_report.txt,False
1279,8,752,81.680556,1,494,493,True,1.0,1.0,0.275556,1.0,0.979167,12,0.992,01555.HK,MIE HOLDINGS,Q_E_SO2_INTENSITY,二氧化硫排放强度,E,True,0,,,0,missing_candidate,extend_extraction_rules,0,no_matching_disclosure_in_text,,1,data/text/hkex_reports/01555.HK/2025/annual_report.txt,False
1280,8,753,81.680556,169,412,243,True,1.0,1.0,0.275556,1.0,0.979167,12,0.992,01608.HK,VPOWER GROUP,Q_E_SO2_INTENSITY,二氧化硫排放强度,E,True,0,,,0,missing_candidate,extend_extraction_rules,0,related_disclosure_without_compatible_intensity,"essment and plan to further expand Scope 3 coverage to enable more comprehensive tracking and disclosure over time. In parallel, key air pollutants – sulphur dioxide (SO2), nitrogen oxides (NOx) and respirable suspended particulates – are measured and monitored monthly to support timely operational control and compliance management. Detailed information on the methodologies and emission factors used for GHG emissions is available in the “Performance Data Summary” section of this Report. GHG Emis",2,data/text/hkex_reports/01608.HK/2025/annual_report.txt|data/text/hkex_reports/01608.HK/2025/esg_report.txt,False
1281,8,754,81.680556,127,525,398,True,1.0,1.0,0.275556,1.0,0.979167,12,0.992,01621.HK,VICO INTL HLDGS,Q_E_SO2_INTENSITY,二氧化硫排放强度,E,True,0,,,0,missing_candidate,extend_extraction_rules,0,no_matching_disclosure_in_text,,1,data/text/hkex_reports/01621.HK/2025/annual_report.txt,False
1282,8,755,81.680556,39,480,441,True,1.0,1.0,0.275556,1.0,0.979167,12,0.992,01623.HK,HILONG,Q_E_SO2_INTENSITY,二氧化硫排放强度,E,True,0,,,0,missing_candidate,extend_extraction_rules,0,possible_total_plus_rmb_revenue_derivation,"own below: A1.1 Emissions 2025 2024 2023 Unit Volatile Organic Compounds (“VOCs”) NOx 0 0 0.5 Tonnes 2.0 1.2 4.1 Tonnes SO2 0.22 0.17 0.87 Tonnes Particulate Matter 0.2 0.1 4.8 Tonnes Wastewater 24,977.0 59,395.3 85,867.0 Tonnes Note: During 2025, the Group experienced a significant increase in NOx and particulate matter em",2,data/text/hkex_reports/01623.HK/2025/annual_report.txt|data/text/hkex_reports/01623.HK/2025/esg_report.txt,False
1283,8,756,81.680556,84,268,184,True,1.0,1.0,0.275556,1.0,0.979167,12,0.992,01733.HK,E-COMMODITIES,Q_E_SO2_INTENSITY,二氧化硫排放强度,E,True,0,,,0,missing_candidate,extend_extraction_rules,0,no_matching_disclosure_in_text,,2,data/text/hkex_reports/01733.HK/2025/annual_report.txt|data/text/hkex_reports/01733.HK/2025/esg_report.txt,False
1284,8,757,81.680556,123,227,104,True,1.0,1.0,0.275556,1.0,0.979167,12,0.992,01799.HK,XINTE ENERGY,Q_E_SO2_INTENSITY,二氧化硫排放强度,E,True,0,,,0,missing_candidate,extend_extraction_rules,0,related_disclosure_without_compatible_intensity,"mulated and implemented an internal system with more detailed management requirements on carbon emissions. In view of the exhaust gases such as dust, sulfur dioxide and nitrogen oxides generated during the power generation of the Group’s self-owned power plants and the production of polysilicon, the Group monitors the exhaust gas emissions in real time through scientifically configured exhaust gas treatment facilities and monitoring systems to ensure that the emissions and concentration meet sta",2,data/text/hkex_reports/01799.HK/2025/annual_report.txt|data/text/hkex_reports/01799.HK/2025/esg_report.txt,False
1285,8,758,81.680556,62,251,189,True,1.0,1.0,0.275556,1.0,0.979167,12,0.992,01811.HK,CGN NEW ENERGY,Q_E_SO2_INTENSITY,二氧化硫排放强度,E,True,0,,,0,missing_candidate,extend_extraction_rules,0,related_disclosure_without_compatible_intensity,"ed power plants in operation (Huangshi in Hubei) have completed the “Ultra-low Emission” technical improvement to further reduce the emission of NOx, SO2 as well as dust. The Company is of the view that the Company is not in material breach of any applicable environmental laws or regulations as of 31 December 2025. 水電項目 本 公 司 水 電 項 目 嚴 格 執 行 了 國 家 和 地 方 政 府 的 環 保 要 求。水 電 作 為 清 潔 可 再 生 能 源，對 環 境 幾 乎 無 污 染 物 排 放。地 方 政 府 對 水 電 項 目 的 環 保 要 求 主 要 包 括 廢 棄 物 處 理 要 求、噪 聲 控 制 要 求、 流量控制要求、生態保護要求。 廢 棄 物 處 ",2,data/text/hkex_reports/01811.HK/2025/annual_report.txt|data/text/hkex_reports/01811.HK/2025/esg_report.txt,False
1286,8,759,81.680556,59,338,279,True,1.0,1.0,0.275556,1.0,0.979167,12,0.992,01878.HK,SOUTHGOBI,Q_E_SO2_INTENSITY,二氧化硫排放强度,E,True,0,,,0,missing_candidate,extend_extraction_rules,0,no_matching_disclosure_in_text,,1,data/text/hkex_reports/01878.HK/2025/annual_report.txt,False
1287,8,760,81.680556,112,389,277,True,1.0,1.0,0.275556,1.0,0.979167,12,0.992,01921.HK,DALIPAL HLDG,Q_E_SO2_INTENSITY,二氧化硫排放强度,E,True,0,,,0,missing_candidate,extend_extraction_rules,0,no_matching_disclosure_in_text,,1,data/text/hkex_reports/01921.HK/2025/annual_report.txt,False
1288,8,761,81.680556,127,452,325,True,1.0,1.0,0.275556,1.0,0.979167,12,0.992,01938.HK,CHU KONG PIPE,Q_E_SO2_INTENSITY,二氧化硫排放强度,E,True,0,,,0,missing_candidate,extend_extraction_rules,0,no_matching_disclosure_in_text,,1,data/text/hkex_reports/01938.HK/2025/annual_report.txt,False
1289,8,762,81.680556,81,330,249,True,1.0,1.0,0.275556,1.0,0.979167,12,0.992,01940.HK,CGII HLDGS,Q_E_SO2_INTENSITY,二氧化硫排放强度,E,True,0,,,0,missing_candidate,extend_extraction_rules,0,no_matching_disclosure_in_text,,2,data/text/hkex_reports/01940.HK/2025/annual_report.txt|data/text/hkex_reports/01940.HK/2025/esg_report.txt,False
1290,8,763,81.680556,115,415,300,True,1.0,1.0,0.275556,1.0,0.979167,12,0.992,02178.HK,PETRO-KING,Q_E_SO2_INTENSITY,二氧化硫排放强度,E,True,0,,,0,missing_candidate,extend_extraction_rules,0,no_matching_disclosure_in_text,,1,data/text/hkex_reports/02178.HK/2025/annual_report.txt,False
1291,8,764,81.680556,147,296,149,True,1.0,1.0,0.275556,1.0,0.979167,12,0.992,03303.HK,JUTAL OIL SER,Q_E_SO2_INTENSITY,二氧化硫排放强度,E,True,0,,,0,missing_candidate,extend_extraction_rules,0,no_matching_disclosure_in_text,,2,data/text/hkex_reports/03303.HK/2025/annual_report.txt|data/text/hkex_reports/03303.HK/2025/esg_report.txt,False
1292,8,765,81.680556,10,326,316,True,1.0,1.0,0.275556,1.0,0.979167,12,0.992,03337.HK,ANTON OILFIELD,Q_E_SO2_INTENSITY,二氧化硫排放强度,E,True,0,,,0,missing_candidate,extend_extraction_rules,0,no_matching_disclosure_in_text,,2,data/text/hkex_reports/03337.HK/2025/annual_report.txt|data/text/hkex_reports/03337.HK/2025/esg_report.txt,False
1293,8,766,81.680556,31,522,491,True,1.0,1.0,0.275556,1.0,0.979167,12,0.992,03395.HK,JX ENERGY,Q_E_SO2_INTENSITY,二氧化硫排放强度,E,True,0,,,0,missing_candidate,extend_extraction_rules,0,related_disclosure_without_compatible_intensity,"nd prohibitions on the spill, release or emission of various substances produced in association with certain oil and gas industry operations, such as sulphur dioxide and nitrous oxide. In addition, such legislation sets out the requirements with respect to oilfield waste handling and storage, habitat protection and the satisfactory operation, maintenance, abandonment and reclamation of well and facility sites. Compliance with such legislation can require significant expenditures and a breach of ",1,data/text/hkex_reports/03395.HK/2025/annual_report.txt,False
1294,8,767,81.680556,23,422,399,True,1.0,1.0,0.275556,1.0,0.979167,12,0.992,03633.HK,ZHONGYU ENERGY,Q_E_SO2_INTENSITY,二氧化硫排放强度,E,True,0,,,0,missing_candidate,extend_extraction_rules,0,no_matching_disclosure_in_text,,2,data/text/hkex_reports/03633.HK/2025/annual_report.txt|data/text/hkex_reports/03633.HK/2025/esg_report.txt,False
1295,8,768,81.680556,194,461,267,True,1.0,1.0,0.275556,1.0,0.979167,12,0.992,03668.HK,YANCOAL AUS,Q_E_SO2_INTENSITY,二氧化硫排放强度,E,True,0,,,0,missing_candidate,extend_extraction_rules,0,related_disclosure_without_compatible_intensity,"into substance emissions across Australia. Air emissions reported include carbon monoxide (CO), oxides of nitrogen (NOx), particulate matter (PM10), sulphur dioxide (SO2) and volatile organic compounds (VOCs). 18. All data reported to the NPI is based on the Australian fiscal year 36 '25 Particulate Matter - PM10 Oxides of Nitrogen Carbon Monoxide VOCs Sulphur Dioxide During Yancoal’s 2025 operations, to the best of our knowledge, we complied with relevant laws and regulations associated with ai",2,data/text/hkex_reports/03668.HK/2025/annual_report.txt|data/text/hkex_reports/03668.HK/2025/esg_report.txt,False
1296,8,769,81.680556,86,315,229,True,1.0,1.0,0.275556,1.0,0.979167,12,0.992,03800.HK,GCL TECH,Q_E_SO2_INTENSITY,二氧化硫排放强度,E,True,0,,,0,missing_candidate,extend_extraction_rules,0,no_matching_disclosure_in_text,,2,data/text/hkex_reports/03800.HK/2025/annual_report.txt|data/text/hkex_reports/03800.HK/2025/esg_report.txt,False
1297,8,770,81.680556,171,351,180,True,1.0,1.0,0.275556,1.0,0.979167,12,0.992,03868.HK,XINYI ENERGY,Q_E_SO2_INTENSITY,二氧化硫排放强度,E,True,0,,,0,missing_candidate,extend_extraction_rules,0,disclosed_non_revenue_denominator,"GWh 10.1% Compared to 2024 Work-related fatalities 0employee Average training hours completed per employee 23.0hours Equivalent to Saving standard coals: 1,490,982tonnes Reducing CO2 emissions: 4,047,937tonnes NOX Reducing NOx emissions1: 616tonnes SO2 Reducing SO2 emissions1:： 380tonnes Compared to 2024 Intensity of energy consumption2: 9,323kWh Intensity of water consumption2: 4.39cubic metres Intensity of greenhouse gas emissions2: 4.87tonnes of CO2 equivalent Intensity of hazardous emissions",2,data/text/hkex_reports/03868.HK/2025/annual_report.txt|data/text/hkex_reports/03868.HK/2025/esg_report.txt,False
1298,8,771,81.680556,137,470,333,True,1.0,1.0,0.275556,1.0,0.979167,12,0.992,08347.HK,F8 ENT,Q_E_SO2_INTENSITY,二氧化硫排放强度,E,True,0,,,0,missing_candidate,extend_extraction_rules,0,no_matching_disclosure_in_text,,1,data/text/08347.HK/2025/annual_report.txt,False
1299,8,772,81.680556,17,286,269,True,1.0,1.0,0.275556,1.0,0.979167,12,0.992,09689.HK,JTF INTL,Q_E_SO2_INTENSITY,二氧化硫排放强度,E,True,0,,,0,missing_candidate,extend_extraction_rules,0,no_matching_disclosure_in_text,,1,data/text/hkex_reports/09689.HK/2025/annual_report.txt,False
1300,8,773,81.680556,169,392,223,True,1.0,1.0,0.275556,1.0,0.979167,12,0.992,300037.SZ,新宙邦,Q_E_SO2_INTENSITY,二氧化硫排放强度,E,True,0,,,0,missing_candidate,extend_extraction_rules,0,related_disclosure_without_compatible_intensity,，推动集团资源的高效共享与动态配置。以此实现业务运营的精细化升级与管理效能提升，在客户需求响应、服务品 质、决策质量及运营效率等方面均取得持续优化。 公司始终以客户为中心，对标国际行业领先标准，已经完成了 ISO9001、IATF16949、ISO14001、ISO45001、 ISO50001、ISO27001、QC080000、BCM、RBA、BSCI、DDS 等体系的导入，并在各基地进行推广运营；推动集团流程体 系融合工作，建立集团统一的业务流程体系；建立常态化流程运行监督机制，完善公司运营管理体系，提升客户满意度。 精益管理工作不断深化，通过精细化、差异化的管理理念，构建契合自身运营特色的精益管理体系，以此缩短交期、削减 浪费，全方位提升品质与效率；搭建集团性实验室信息管理平台，同步推进质量域信息化建设；在此基础上，逐步实现质 量工具的信息化落地与应用，进一步提升管理效能；同时通过质量成本体系，借助详实的基础数据，精准驱动管理模式革 新与精细管控，实现质量与成本的最优平衡；在合规管理方面，开展集团全系产品的法规符合性排查，确保公司运营合法 合规。 公司始终坚持“人力资源是企业发,1,data/text/300037.SZ/2025/annual_report.txt,False
1301,8,774,81.680556,70,228,158,True,1.0,1.0,0.275556,1.0,0.979167,12,0.992,300073.SZ,当升科技,Q_E_SO2_INTENSITY,二氧化硫排放强度,E,True,0,,,0,missing_candidate,extend_extraction_rules,0,no_matching_disclosure_in_text,,1,data/text/300073.SZ/2025/annual_report.txt,False
1302,8,775,81.680556,175,405,230,True,1.0,1.0,0.275556,1.0,0.979167,12,0.992,300105.SZ,龙源技术,Q_E_SO2_INTENSITY,二氧化硫排放强度,E,True,0,,,0,missing_candidate,extend_extraction_rules,0,no_matching_disclosure_in_text,,1,data/text/300105.SZ/2025/annual_report.txt,False
1303,8,776,81.680556,69,201,132,True,1.0,1.0,0.275556,1.0,0.979167,12,0.992,300207.SZ,欣旺达,Q_E_SO2_INTENSITY,二氧化硫排放强度,E,True,0,,,0,missing_candidate,extend_extraction_rules,0,related_disclosure_without_compatible_intensity,"况 年度人均用水量较 2024 年实际用水量同比下降 5%（监管目标） 已达成 废气 《废气、废水 及雨水管控实 施细则》 • 排放来源：喷漆、涂布、注液、点胶 / 喷码 / 丝印 / 移印 / 注塑、拆解、焊接、分板、锅 炉 / 导热油炉、污水站臭气 • 主要污染物：非甲烷总烃、VOCs、颗粒物、SO2、NOX、H2S、NH3、锡及其化合物 • 污染防治设施：废气处理设施 • 处理方式：NMP 冷凝 + 回收热交换 + 转轮吸附、碱喷淋 + 活性炭、活性炭吸附、火花预 处理器 + 布袋过滤器 + 旋流净化塔 + 活性炭、碱喷淋 + 活性炭、超低氮燃烧器、喷淋 + 生物滤塔、气旋塔 + 干式过滤箱 + 活性炭吸附脱附 + 催化燃烧等。 2025 年关键绩效 总取水量 6,711,023.35总排水量 立方米 2,898,397.94 立方米 危险废弃物 《环境污染预 防管理规定》 《环境污染治 理管理规定》 • 主要污染物：废沾染介质、废电解液、废空容器、废电解液、废有机溶剂、废酸、废矿 物油、废活性炭等 • 污染防治设施：危险废物贮存间 • 处理方式：与有资质的危险废物处置单位签订处",2,data/text/300207.SZ/2025/annual_report.txt|data/text/300207.SZ/2025/esg_report.txt,False
1304,8,777,81.680556,135,334,199,True,1.0,1.0,0.275556,1.0,0.979167,12,0.992,300316.SZ,晶盛机电,Q_E_SO2_INTENSITY,二氧化硫排放强度,E,True,0,,,0,missing_candidate,extend_extraction_rules,0,no_matching_disclosure_in_text,,1,data/text/300316.SZ/2025/annual_report.txt,False
1305,8,778,81.680556,109,257,148,True,1.0,1.0,0.275556,1.0,0.979167,12,0.992,300376.SZ,易事特,Q_E_SO2_INTENSITY,二氧化硫排放强度,E,True,0,,,0,missing_candidate,extend_extraction_rules,0,no_matching_disclosure_in_text,,1,data/text/300376.SZ/2025/annual_report.txt,False
1306,8,779,81.680556,71,325,254,True,1.0,1.0,0.275556,1.0,0.979167,12,0.992,300483.SZ,首华燃气,Q_E_SO2_INTENSITY,二氧化硫排放强度,E,True,0,,,0,missing_candidate,extend_extraction_rules,0,no_matching_disclosure_in_text,,1,data/text/300483.SZ/2025/annual_report.txt,False
1307,8,780,81.680556,154,412,258,True,1.0,1.0,0.275556,1.0,0.979167,12,0.992,300568.SZ,星源材质,Q_E_SO2_INTENSITY,二氧化硫排放强度,E,True,0,,,0,missing_candidate,extend_extraction_rules,0,no_matching_disclosure_in_text,,1,data/text/300568.SZ/2025/annual_report.txt,False
1308,8,781,81.680556,93,266,173,True,1.0,1.0,0.275556,1.0,0.979167,12,0.992,300693.SZ,盛弘股份,Q_E_SO2_INTENSITY,二氧化硫排放强度,E,True,0,,,0,missing_candidate,extend_extraction_rules,0,no_matching_disclosure_in_text,,1,data/text/300693.SZ/2025/annual_report.txt,False
1309,8,782,81.680556,151,267,116,True,1.0,1.0,0.275556,1.0,0.979167,12,0.992,300724.SZ,捷佳伟创,Q_E_SO2_INTENSITY,二氧化硫排放强度,E,True,0,,,0,missing_candidate,extend_extraction_rules,0,no_matching_disclosure_in_text,,1,data/text/300724.SZ/2025/annual_report.txt,False
1310,8,783,81.680556,14,433,419,True,1.0,1.0,0.275556,1.0,0.979167,12,0.992,300750.SZ,宁德时代,Q_E_SO2_INTENSITY,二氧化硫排放强度,E,True,0,,,0,missing_candidate,extend_extraction_rules,0,no_matching_disclosure_in_text,,1,data/text/300750.SZ/2025/annual_report.txt,False
1311,8,784,81.680556,131,253,122,True,1.0,1.0,0.275556,1.0,0.979167,12,0.992,300763.SZ,锦浪科技,Q_E_SO2_INTENSITY,二氧化硫排放强度,E,True,0,,,0,missing_candidate,extend_extraction_rules,0,no_matching_disclosure_in_text,,1,data/text/300763.SZ/2025/annual_report.txt,False
1312,8,785,81.680556,105,265,160,True,1.0,1.0,0.275556,1.0,0.979167,12,0.992,300820.SZ,英杰电气,Q_E_SO2_INTENSITY,二氧化硫排放强度,E,True,0,,,0,missing_candidate,extend_extraction_rules,0,no_matching_disclosure_in_text,,1,data/text/300820.SZ/2025/annual_report.txt,False
1313,8,786,81.680556,154,356,202,True,1.0,1.0,0.275556,1.0,0.979167,12,0.992,300827.SZ,上能电气,Q_E_SO2_INTENSITY,二氧化硫排放强度,E,True,0,,,0,missing_candidate,extend_extraction_rules,0,no_matching_disclosure_in_text,,1,data/text/300827.SZ/2025/annual_report.txt,False
1314,8,787,81.680556,79,212,133,True,1.0,1.0,0.275556,1.0,0.979167,12,0.992,300882.SZ,万胜智能,Q_E_SO2_INTENSITY,二氧化硫排放强度,E,True,0,,,0,missing_candidate,extend_extraction_rules,0,no_matching_disclosure_in_text,,1,data/text/300882.SZ/2025/annual_report.txt,False
1315,8,788,81.680556,174,369,195,True,1.0,1.0,0.275556,1.0,0.979167,12,0.992,300953.SZ,震裕科技,Q_E_SO2_INTENSITY,二氧化硫排放强度,E,True,0,,,0,missing_candidate,extend_extraction_rules,0,no_matching_disclosure_in_text,,1,data/text/300953.SZ/2025/annual_report.txt,False
1316,8,789,81.680556,184,315,131,True,1.0,1.0,0.275556,1.0,0.979167,12,0.992,301168.SZ,通灵股份,Q_E_SO2_INTENSITY,二氧化硫排放强度,E,True,0,,,0,missing_candidate,extend_extraction_rules,0,no_matching_disclosure_in_text,,1,data/text/301168.SZ/2025/annual_report.txt,False
1317,8,790,81.680556,135,386,251,True,1.0,1.0,0.275556,1.0,0.979167,12,0.992,301386.SZ,未来电器,Q_E_SO2_INTENSITY,二氧化硫排放强度,E,True,0,,,0,missing_candidate,extend_extraction_rules,0,no_matching_disclosure_in_text,,2,data/text/301386.SZ/2025/annual_report.txt|data/text/301386.SZ/2025/esg_report.txt,False
1318,8,791,81.680556,179,336,157,True,1.0,1.0,0.275556,1.0,0.979167,12,0.992,301388.SZ,欣灵电气,Q_E_SO2_INTENSITY,二氧化硫排放强度,E,True,0,,,0,missing_candidate,extend_extraction_rules,0,no_matching_disclosure_in_text,,1,data/text/301388.SZ/2025/annual_report.txt,False
1319,8,792,81.680556,65,411,346,True,1.0,1.0,0.275556,1.0,0.979167,12,0.992,600023.SH,浙能电力,Q_E_SO2_INTENSITY,二氧化硫排放强度,E,True,0,,,0,missing_candidate,extend_extraction_rules,0,no_matching_disclosure_in_text,,2,data/text/600023.SH/2025/annual_report.txt|data/text/600023.SH/2025/esg_report.txt,False
1320,8,793,81.680556,76,208,132,True,1.0,1.0,0.275556,1.0,0.979167,12,0.992,600032.SH,浙江新能,Q_E_SO2_INTENSITY,二氧化硫排放强度,E,True,0,,,0,missing_candidate,extend_extraction_rules,0,no_matching_disclosure_in_text,,2,data/text/600032.SH/2025/annual_report.txt|data/text/600032.SH/2025/esg_report.txt,False
1321,8,794,81.680556,146,276,130,True,1.0,1.0,0.275556,1.0,0.979167,12,0.992,600157.SH,永泰能源,Q_E_SO2_INTENSITY,二氧化硫排放强度,E,True,0,,,0,missing_candidate,extend_extraction_rules,0,related_disclosure_without_compatible_intensity,"场价值正 处于全球结构性因素驱动的快速上升通道。 同时， 海则滩煤矿投产后还将实现公司煤 电一体化发展，确保主业协同发展，提升公司盈利水平和长期核心竞争力。 （三）创新应用水平不断提升，强化核心竞争优势 电力技术环保高效：公司所属燃煤机组均为国内先进的清洁低碳、低能耗机组。 2025 年， 烟尘、 二氧化硫、 氮氧化物平均排放浓度分别为 1.45 毫克/立方米、 18.08 毫 克/立方米、35.65 毫克/立方米，远低于超低排放标准；供电煤耗完成 294.50 克/千瓦 时，较全国 6,000 千瓦及以上电厂供电煤耗约低 10 克/千瓦时，全年可节约标煤约 34 万吨。 公司积极推进“三改联动” ，拓展智慧化输煤系统、 AI 智能环保岛、 安全智慧管 控平台等数智化应用场景，持续提升机组安全性、环保性和经济性。电力企业目前拥 有各类专利技术 45 项。 煤炭开采智能化与工艺创新：公司通过推广充填开采、切顶卸压沿空留巷、小煤 柱开采等先进工艺，以及优化选煤流程（如“中煤回洗”），显著提高了资源回收率和 产品效益。全面推动智能化建设，共建成 17 个智能化综掘工作面和 6 个智能化综采 ",1,data/text/600157.SH/2025/annual_report.txt,False
1322,8,795,81.680556,128,458,330,True,1.0,1.0,0.275556,1.0,0.979167,12,0.992,600188.SH,兖矿能源,Q_E_SO2_INTENSITY,二氧化硫排放强度,E,True,0,,,0,missing_candidate,extend_extraction_rules,0,no_matching_disclosure_in_text,,1,data/text/600188.SH/2025/annual_report.txt,False
1323,8,796,81.680556,53,331,278,True,1.0,1.0,0.275556,1.0,0.979167,12,0.992,600207.SH,安彩高科,Q_E_SO2_INTENSITY,二氧化硫排放强度,E,True,0,,,0,missing_candidate,extend_extraction_rules,0,no_matching_disclosure_in_text,,2,data/text/600207.SH/2025/annual_report.txt|data/text/600207.SH/2025/esg_report.txt,False
1324,8,797,81.680556,186,309,123,True,1.0,1.0,0.275556,1.0,0.979167,12,0.992,600339.SH,中油工程,Q_E_SO2_INTENSITY,二氧化硫排放强度,E,True,0,,,0,missing_candidate,extend_extraction_rules,0,no_matching_disclosure_in_text,,1,data/text/600339.SH/2025/annual_report.txt,False
1325,8,798,81.680556,61,360,299,True,1.0,1.0,0.275556,1.0,0.979167,12,0.992,600346.SH,恒力石化,Q_E_SO2_INTENSITY,二氧化硫排放强度,E,True,0,,,0,missing_candidate,extend_extraction_rules,0,no_matching_disclosure_in_text,,2,data/text/600346.SH/2025/annual_report.txt|data/text/600346.SH/2025/esg_report.txt,False
1326,8,799,81.680556,128,300,172,True,1.0,1.0,0.275556,1.0,0.979167,12,0.992,600395.SH,盘江股份,Q_E_SO2_INTENSITY,二氧化硫排放强度,E,True,0,,,0,missing_candidate,extend_extraction_rules,0,related_disclosure_without_compatible_intensity,产治本攻坚三年行动等重点工作，全系统隐患排查治理、全 员“查三违反三违” ，压紧压实安全生产责任，加强应急管理体系建设和安全生产培训，有效提 高应急处突能力，坚持以人为本，全面提升安全管理水平。 2.环境保护风险。在煤炭的开采、洗选以及火力发电过程中，会伴随着矿井水、煤矸石、噪 声、烟尘、二氧化碳、二氧化硫等污染物，可能会给公司未来发展带来不确定性影响。 应对措施：持续加强环境监测，严守生态红线，大力推进绿色低碳节能改造，持续打造煤电 “超低排放” ，积极推进绿色环保新技术、新工艺的应用，完善环境保护管理体系，加强隐患问 题整治与环境应急管理，确保实现各项节能减排目标，杜绝发生重大环境污染事件。 35 / 244 === PAGE 36 === 贵州盘江精煤股份有限公司 2025 年年度报告 3.市场竞争风险。国内煤炭产能持续释放、跨省区运煤铁路通道打通、进口煤维持高位支撑 国内供需渐宽松格局，煤炭价格不确定性增加。电力市场改革加速推进，新型能源体系、新型电 力系统加快构建，市场竞争、交易规模和价格存在不确定性。 应对措施：加强对煤炭市场运行形势的分析，研究科学的营销策略，积极开拓市场,2,data/text/600395.SH/2025/annual_report.txt|data/text/600395.SH/2025/esg_report.txt,False
1327,8,800,81.680556,34,318,284,True,1.0,1.0,0.275556,1.0,0.979167,12,0.992,600481.SH,双良节能,Q_E_SO2_INTENSITY,二氧化硫排放强度,E,True,0,,,0,missing_candidate,extend_extraction_rules,0,no_matching_disclosure_in_text,,2,data/text/600481.SH/2025/annual_report.txt|data/text/600481.SH/2025/esg_report.txt,False
1328,8,801,81.680556,182,289,107,True,1.0,1.0,0.275556,1.0,0.979167,12,0.992,600509.SH,天富能源,Q_E_SO2_INTENSITY,二氧化硫排放强度,E,True,0,,,0,missing_candidate,extend_extraction_rules,0,related_disclosure_without_compatible_intensity,示范项目、绿色发展标杆工程。 （三）筑牢屏障，压实责任，安全环保根基稳固 2025 年，公司安全生产局面持续稳定，构建四级安全管理网络，实现安全责任全覆盖，管理 层带队督查检查，排查整改隐患问题，层层压实整改责任。火电机组三项污染物均达标排放，未 出现环保责任事件，未受到上级环保部门通报批评及处罚，二氧化硫、氮氧化物、烟尘排放量均 有较大降幅，减排成效显著。 （四）聚焦主业，恪守民生，能源保障坚强有力 公司坚决扛牢能源保供首要责任，持续推进能源供给侧改造升级，售电公司机组全部通过热 态验收， 天河热电机组灵活性改造完成 80%； 天河热电#2 机高背压乏汽余热利用改造项目扩增供 暖面积 416 万平方米。保障能源需求侧供应稳定，完成重要时段保电任务 55 次，提前 11 天启动 供暖工作， 完成 12.1 万余户居民燃气入户安检， 建成 “油电气” 一体化的空港物流园综合能源站。 整合升级线上缴费渠道， 综合离柜率达 76.46%； 精准捕捉客户需求， 95598 热线接通率增长 15.42%， 服务投诉工单下降 46%，不断提升用户满意度。 （五）战略布局，系统构建，源网荷储示范先行,1,data/text/600509.SH/2025/annual_report.txt,False
1329,8,802,81.680556,88,328,240,True,1.0,1.0,0.275556,1.0,0.979167,12,0.992,600744.SH,华银电力,Q_E_SO2_INTENSITY,二氧化硫排放强度,E,True,0,,,0,missing_candidate,extend_extraction_rules,0,related_disclosure_without_compatible_intensity,理。 报告期内，公司严格遵守国家及地方生态环境保护法律法规、标准规范和监管要求，持续强 化重点排污单位环境管理主体责任。下属耒阳、金竹山、湘潭、株洲发电公司脱硫、脱硝、除尘、 废水处理等环保治理设施全部正常投运、稳定运行，满足机组同步运行要求。各单位严格执行污 染物排放管控要求，火电机组大气污染物（二氧化硫、氮氧化物、颗粒物）及废水污染物排放浓 度均持续达标排放。报告期内，未发生一般及以上等级环境污染事件，未发生生态环境行政处罚、 挂牌督办等情况，环境风险总体可控。 报告期内，公司健全完善环境应急管理体系，严格落实环境污染事故应急预案、重污染天气 应急响应预案及相关管理制度，按地方生态环境部门要求及时启动、规范执行应急响应措施，环 境管理与风险防控工作落实到位。 十五、社会责任工作情况 (一) 是否单独披露社会责任报告、可持续发展报告或 ESG 报告 √适用 □不适用 相关内容详见公司于同日在上海证券交易所网站发布的《大唐华银电力股份有限公司 2025 年度可持续发展报告》。 (二) 社会责任工作具体情况 □适用 √不适用 具体说明 □适用 √不适用 42 / 175 === PAGE,2,data/text/600744.SH/2025/annual_report.txt|data/text/600744.SH/2025/esg_report.txt,False
1330,8,803,81.680556,67,206,139,True,1.0,1.0,0.275556,1.0,0.979167,12,0.992,600795.SH,国电电力,Q_E_SO2_INTENSITY,二氧化硫排放强度,E,True,0,,,0,missing_candidate,extend_extraction_rules,0,related_disclosure_without_compatible_intensity,完整性负责。 组织范围 本报告组织范围为公司整体、直属及控股各单位。 时间范围 本报告为年度报告。报告时间范围为 2025 年 1 月 1 日至 12 月 31 日，为增强报告完整性和可比性，部分 内容适当向前追溯、向后延伸。 编制依据 联合国可持续发展目标 2030（SDGs） 国际标准化组织《ISO26000：社会责任指南（2010）》 全球报告倡议组织《可持续发展报告标准》 国家标准化管理委员会《社会责任报告编写指南》（GB/T36001-2015） 国务院国资委《关于新时代中央企业高标准履行社会责任的指导意见》 上海证券交易所《上海证券交易所上市公司自律监管指引第 14 号——可持续发展报告（试行）》《上海证券 交易所上市公司自律监管指南第 4 号—可持续发展报告编制》 中企研 责任云研究院《中国企业可持续发展报告指南（CASS-ESG 6.0）》 数据说明 本报告所引用的历年数据为最终统计数据，如与往年报告有出入，以本报告为准。 本报告中的财务数据以人民币为单位，特别说明的除外；相关财务数据如与年报有出入，以年报为准。 本报告中的温室气体排放数据采用实测法核算，核算标准执行《,2,data/text/600795.SH/2025/annual_report.txt|data/text/600795.SH/2025/esg_report.txt,False
1331,8,804,81.680556,120,291,171,True,1.0,1.0,0.275556,1.0,0.979167,12,0.992,600871.SH,石化油服,Q_E_SO2_INTENSITY,二氧化硫排放强度,E,True,0,,,0,missing_candidate,extend_extraction_rules,0,no_matching_disclosure_in_text,,2,data/text/600871.SH/2025/annual_report.txt|data/text/600871.SH/2025/esg_report.txt,False
1332,8,805,81.680556,55,502,447,True,1.0,1.0,0.275556,1.0,0.979167,12,0.992,600875.SH,东方电气,Q_E_SO2_INTENSITY,二氧化硫排放强度,E,True,0,,,0,missing_candidate,extend_extraction_rules,0,no_matching_disclosure_in_text,,1,data/text/600875.SH/2025/annual_report.txt,False
1333,8,806,81.680556,147,253,106,True,1.0,1.0,0.275556,1.0,0.979167,12,0.992,600925.SH,苏能股份,Q_E_SO2_INTENSITY,二氧化硫排放强度,E,True,0,,,0,missing_candidate,extend_extraction_rules,0,related_disclosure_without_compatible_intensity,大污染责任事故、因环境问题受到 行政处罚的情况和其他环境违法事件等 信息，及是否会对偿债产生重大影响（ 如有） 无 募集资金所投向的绿色项目环境效益， 所遴选的绿色项目环境效益测算的标准 、方法、依据和重要前提条件 预计每年可实现二氧化碳减排量 16.21 万吨， 节约标准 煤 6.41 万吨，减排二氧化硫 16.33 吨，减排二氧化氮 26.51 吨，减排烟尘 2.76 吨。环境效益测算标准参考结 合国家发展改革委发布《CM-001-V01 可再生能源发电 并网项目的整合基准线方法学》 、 生态环境部公布的《 2023 年度减排项目中国区域电网基准线排放因子》及 原银保监会《绿色融资统计制度》（2020 版）中的绿 色信贷项目节能减排量测算指引。 依据项目可行性研究 报告， 结合相关行业报告以及计算公式， 按照资金使用 比例对环境效益进行折算。 募集资金所投向的绿色项目预期与/或实 际环境效益情况（具体环境效益情况原 则上应当根据《绿色债券存续期信息披 露指南》相关要求进行披露，对于无法 披露的环境效益指标应当进行说明） 本期募集资金所投绿色项目所产生实际环境效益情况 包括：减少温室,1,data/text/600925.SH/2025/annual_report.txt,False
1334,8,807,81.680556,110,223,113,True,1.0,1.0,0.275556,1.0,0.979167,12,0.992,600969.SH,郴电国际,Q_E_SO2_INTENSITY,二氧化硫排放强度,E,True,0,,,0,missing_candidate,extend_extraction_rules,0,no_matching_disclosure_in_text,,2,data/text/600969.SH/2025/annual_report.txt|data/text/600969.SH/2025/esg_report.txt,False
1335,8,808,81.680556,93,321,228,True,1.0,1.0,0.275556,1.0,0.979167,12,0.992,601088.SH,中国神华,Q_E_SO2_INTENSITY,二氧化硫排放强度,E,True,0,,,0,missing_candidate,extend_extraction_rules,0,ambiguous_intensity_disclosure,"工作，选派1名年轻干部到青海挂职。选拔12名基层单位干部到本部挂职锻 炼，以丰富他们的工作经验和提升管理能力。 === PAGE 144 === 142 2025年度环境、社会和公司治理报告 附录I ： ESG绩效表 一级指标 二级指标 2023年 2024年 2025年 碳排放总量（万吨二氧化碳当量） 19,190 19,937 19,982 其中 ：范围一（万吨二氧化碳当量） 18,879 19,656 19,674 范围二（万吨二氧化碳当量） 311 281 308 温室气体排放 碳排放强度（吨二氧化碳当量 ╱ 万元收入） 5.59 5.89 6.78 矿井瓦斯抽采量（万立方米） 4,303.59 4,458.47 4,837.53 矿井瓦斯利用量（万立方米） 3,439.72 3,427.53 3,516.98 二氧化硫排放总量（万吨） 2.27 2.22 1.99 火电二氧化硫排放量（万吨） 1.47 1.63 1.63 火电二氧化硫排放绩效（克 ╱ 千瓦时） 0.069 0.074 0.074 氮氧化物排放总量（万吨） 4.82 4.78 4.25 废气 火电氮氧化物排放量",2,data/text/601088.SH/2025/annual_report.txt|data/text/601088.SH/2025/esg_report.txt,False
1336,8,809,81.680556,192,327,135,True,1.0,1.0,0.275556,1.0,0.979167,12,0.992,601222.SH,林洋能源,Q_E_SO2_INTENSITY,二氧化硫排放强度,E,True,0,,,0,missing_candidate,extend_extraction_rules,0,no_matching_disclosure_in_text,,1,data/text/601222.SH/2025/annual_report.txt,False
1337,8,810,81.680556,115,222,107,True,1.0,1.0,0.275556,1.0,0.979167,12,0.992,601619.SH,嘉泽新能,Q_E_SO2_INTENSITY,二氧化硫排放强度,E,True,0,,,0,missing_candidate,extend_extraction_rules,0,no_matching_disclosure_in_text,,2,data/text/601619.SH/2025/annual_report.txt|data/text/601619.SH/2025/esg_report.txt,False
1338,8,811,81.680556,57,203,146,True,1.0,1.0,0.275556,1.0,0.979167,12,0.992,601666.SH,平煤股份,Q_E_SO2_INTENSITY,二氧化硫排放强度,E,True,0,,,0,missing_candidate,extend_extraction_rules,0,no_matching_disclosure_in_text,,2,data/text/601666.SH/2025/annual_report.txt|data/text/601666.SH/2025/esg_report.txt,False
1339,8,812,81.680556,9,382,373,True,1.0,1.0,0.275556,1.0,0.979167,12,0.992,601857.SH,中国石油,Q_E_SO2_INTENSITY,二氧化硫排放强度,E,True,0,,,0,missing_candidate,extend_extraction_rules,0,related_disclosure_without_compatible_intensity,内推广。 指标与目标 2025年，公司所属7家炼化企业获得大气环境绩效分级评定的A级企业；建立长江 经济带、黄河流域、松辽流域、京津冀地区等重点流域区域企业排污口清单，227 个重点流域工业废水排放口实现稳定达标排放。报告期内，公司污染物排放未对员 工、当地社区居民等群体产生重大影响。 类别 指标 二氧化硫（SO2）（万吨） 氮氧化物（NOX）（万吨） 2025年进展 0.59 4.34 大气污染物 （炼化）挥发性有机物（VOCs）（万吨） 5.59 烟粉尘（粉尘）（万吨） 0.23 工业废水总量（亿吨） 水污染物 化学需氧量（COD）（万吨） 1.41 0.38 氨氮（NH3–N）（万吨） 0.0055 注：公司污染物排放数据与国家生态环境监管部门在线监测数据一致，视同排放量数据经过核定。 83 === PAGE 86 === 2025 环境、社会和治理报告 中国石油天然气股份有限公司 废弃物处理 100% 报告期内，公司固体废物依法合 规处置率 104家 实施产废数据信息化管控的所属 企业数量 84 公司高度重视固体废物综合治理，严格遵循减量化、资源化、无害化原则，构建覆 盖产生、,2,data/text/601857.SH/2025/annual_report.txt|data/text/601857.SH/2025/esg_report.txt,False
1340,8,813,81.680556,169,322,153,True,1.0,1.0,0.275556,1.0,0.979167,12,0.992,603070.SH,万控智造,Q_E_SO2_INTENSITY,二氧化硫排放强度,E,True,0,,,0,missing_candidate,extend_extraction_rules,0,no_matching_disclosure_in_text,,1,data/text/603070.SH/2025/annual_report.txt,False
1341,8,814,81.680556,159,274,115,True,1.0,1.0,0.275556,1.0,0.979167,12,0.992,603097.SH,江苏华辰,Q_E_SO2_INTENSITY,二氧化硫排放强度,E,True,0,,,0,missing_candidate,extend_extraction_rules,0,no_matching_disclosure_in_text,,1,data/text/603097.SH/2025/annual_report.txt,False
1342,8,815,81.680556,114,218,104,True,1.0,1.0,0.275556,1.0,0.979167,12,0.992,603191.SH,望变电气,Q_E_SO2_INTENSITY,二氧化硫排放强度,E,True,0,,,0,missing_candidate,extend_extraction_rules,0,no_matching_disclosure_in_text,,1,data/text/603191.SH/2025/annual_report.txt,False
1343,8,816,81.680556,170,292,122,True,1.0,1.0,0.275556,1.0,0.979167,12,0.992,603320.SH,迪贝电气,Q_E_SO2_INTENSITY,二氧化硫排放强度,E,True,0,,,0,missing_candidate,extend_extraction_rules,0,no_matching_disclosure_in_text,,2,data/text/603320.SH/2025/annual_report.txt|data/text/603320.SH/2025/esg_report.txt,False
1344,8,817,81.680556,101,282,181,True,1.0,1.0,0.275556,1.0,0.979167,12,0.992,603393.SH,新天然气,Q_E_SO2_INTENSITY,二氧化硫排放强度,E,True,0,,,0,missing_candidate,extend_extraction_rules,0,no_matching_disclosure_in_text,,1,data/text/603393.SH/2025/annual_report.txt,False
1345,8,818,81.680556,96,200,104,True,1.0,1.0,0.275556,1.0,0.979167,12,0.992,603507.SH,振江股份,Q_E_SO2_INTENSITY,二氧化硫排放强度,E,True,0,,,0,missing_candidate,extend_extraction_rules,0,no_matching_disclosure_in_text,,2,data/text/603507.SH/2025/annual_report.txt|data/text/603507.SH/2025/esg_report.txt,False
1346,8,819,81.680556,149,264,115,True,1.0,1.0,0.275556,1.0,0.979167,12,0.992,603727.SH,博迈科,Q_E_SO2_INTENSITY,二氧化硫排放强度,E,True,0,,,0,missing_candidate,extend_extraction_rules,0,no_matching_disclosure_in_text,,1,data/text/603727.SH/2025/annual_report.txt,False
1347,8,820,81.680556,197,342,145,True,1.0,1.0,0.275556,1.0,0.979167,12,0.992,603819.SH,神力股份,Q_E_SO2_INTENSITY,二氧化硫排放强度,E,True,0,,,0,missing_candidate,extend_extraction_rules,0,no_matching_disclosure_in_text,,1,data/text/603819.SH/2025/annual_report.txt,False
1348,8,821,81.680556,163,273,110,True,1.0,1.0,0.275556,1.0,0.979167,12,0.992,605196.SH,华通线缆,Q_E_SO2_INTENSITY,二氧化硫排放强度,E,True,0,,,0,missing_candidate,extend_extraction_rules,0,no_matching_disclosure_in_text,,2,data/text/605196.SH/2025/annual_report.txt|data/text/605196.SH/2025/esg_report.txt,False
1349,8,822,81.680556,120,221,101,True,1.0,1.0,0.275556,1.0,0.979167,12,0.992,688116.SH,天奈科技,Q_E_SO2_INTENSITY,二氧化硫排放强度,E,True,0,,,0,missing_candidate,extend_extraction_rules,0,no_matching_disclosure_in_text,,2,data/text/688116.SH/2025/annual_report.txt|data/text/688116.SH/2025/esg_report.txt,False
1350,8,823,81.680556,188,455,267,True,1.0,1.0,0.275556,1.0,0.979167,12,0.992,688147.SH,微导纳米,Q_E_SO2_INTENSITY,二氧化硫排放强度,E,True,0,,,0,missing_candidate,extend_extraction_rules,0,no_matching_disclosure_in_text,,1,data/text/688147.SH/2025/annual_report.txt,False
1351,8,824,81.680556,47,343,296,True,1.0,1.0,0.275556,1.0,0.979167,12,0.992,688303.SH,大全能源,Q_E_SO2_INTENSITY,二氧化硫排放强度,E,True,0,,,0,missing_candidate,extend_extraction_rules,0,no_matching_disclosure_in_text,,2,data/text/688303.SH/2025/annual_report.txt|data/text/688303.SH/2025/esg_report.txt,False
1352,8,825,81.680556,108,224,116,True,1.0,1.0,0.275556,1.0,0.979167,12,0.992,688339.SH,亿华通,Q_E_SO2_INTENSITY,二氧化硫排放强度,E,True,0,,,0,missing_candidate,extend_extraction_rules,0,no_matching_disclosure_in_text,,2,data/text/688339.SH/2025/annual_report.txt|data/text/688339.SH/2025/esg_report.txt,False
1353,8,826,81.680556,98,418,320,True,1.0,1.0,0.275556,1.0,0.979167,12,0.992,688349.SH,三一重能,Q_E_SO2_INTENSITY,二氧化硫排放强度,E,True,0,,,0,missing_candidate,extend_extraction_rules,0,no_matching_disclosure_in_text,,1,data/text/688349.SH/2025/annual_report.txt,False
1354,8,827,81.680556,84,202,118,True,1.0,1.0,0.275556,1.0,0.979167,12,0.992,688599.SH,天合光能,Q_E_SO2_INTENSITY,二氧化硫排放强度,E,True,0,,,0,missing_candidate,extend_extraction_rules,0,no_matching_disclosure_in_text,,2,data/text/688599.SH/2025/annual_report.txt|data/text/688599.SH/2025/esg_report.txt,False
1355,8,828,81.680556,91,245,154,True,1.0,1.0,0.275556,1.0,0.979167,12,0.992,688660.SH,电气风电,Q_E_SO2_INTENSITY,二氧化硫排放强度,E,True,0,,,0,missing_candidate,extend_extraction_rules,0,no_matching_disclosure_in_text,,2,data/text/688660.SH/2025/annual_report.txt|data/text/688660.SH/2025/esg_report.txt,False
1356,8,829,81.680556,126,258,132,True,1.0,1.0,0.275556,1.0,0.979167,12,0.992,688663.SH,DR新风光,Q_E_SO2_INTENSITY,二氧化硫排放强度,E,True,0,,,0,missing_candidate,extend_extraction_rules,0,no_matching_disclosure_in_text,,1,data/text/688663.SH/2025/annual_report.txt,False
1357,8,830,81.680556,189,328,139,True,1.0,1.0,0.275556,1.0,0.979167,12,0.992,688707.SH,振华新材,Q_E_SO2_INTENSITY,二氧化硫排放强度,E,True,0,,,0,missing_candidate,extend_extraction_rules,0,no_matching_disclosure_in_text,,1,data/text/688707.SH/2025/annual_report.txt,False
1358,8,831,81.680556,188,305,117,True,1.0,1.0,0.275556,1.0,0.979167,12,0.992,688779.SH,五矿新能,Q_E_SO2_INTENSITY,二氧化硫排放强度,E,True,0,,,0,missing_candidate,extend_extraction_rules,0,no_matching_disclosure_in_text,,1,data/text/688779.SH/2025/annual_report.txt,False
1359,8,832,81.680556,73,547,474,True,1.0,1.0,0.275556,1.0,0.979167,12,0.992,920010.BJ,凯添燃气,Q_E_SO2_INTENSITY,二氧化硫排放强度,E,True,0,,,0,missing_candidate,extend_extraction_rules,0,no_matching_disclosure_in_text,,1,data/text/920010.BJ/2025/annual_report.txt,False
1360,8,833,81.680556,46,536,490,True,1.0,1.0,0.275556,1.0,0.979167,12,0.992,920046.BJ,亿能电力,Q_E_SO2_INTENSITY,二氧化硫排放强度,E,True,0,,,0,missing_candidate,extend_extraction_rules,0,no_matching_disclosure_in_text,,1,data/text/920046.BJ/2025/annual_report.txt,False
1361,8,834,81.680556,172,485,313,True,1.0,1.0,0.275556,1.0,0.979167,12,0.992,920152.BJ,昆工科技,Q_E_SO2_INTENSITY,二氧化硫排放强度,E,True,0,,,0,missing_candidate,extend_extraction_rules,0,no_matching_disclosure_in_text,,1,data/text/920152.BJ/2025/annual_report.txt,False
1362,8,835,81.680556,194,495,301,True,1.0,1.0,0.275556,1.0,0.979167,12,0.992,920239.BJ,长虹能源,Q_E_SO2_INTENSITY,二氧化硫排放强度,E,True,0,,,0,missing_candidate,extend_extraction_rules,0,no_matching_disclosure_in_text,,1,data/text/920239.BJ/2025/annual_report.txt,False
1363,8,836,81.680556,3,513,510,True,1.0,1.0,0.275556,1.0,0.979167,12,0.992,920496.BJ,许昌智能,Q_E_SO2_INTENSITY,二氧化硫排放强度,E,True,0,,,0,missing_candidate,extend_extraction_rules,0,no_matching_disclosure_in_text,,1,data/text/920496.BJ/2025/annual_report.txt,False
1364,8,837,81.680556,78,561,483,True,1.0,1.0,0.275556,1.0,0.979167,12,0.992,920523.BJ,德瑞锂电,Q_E_SO2_INTENSITY,二氧化硫排放强度,E,True,0,,,0,missing_candidate,extend_extraction_rules,0,related_disclosure_without_compatible_intensity,"限公司实际控制人，即 潘文硕 指 不可以充电的一次性化学电池，也称原电池，包括锌 锰电池、碱锰电池、锂一次电池等种类。  指 又称锂原电池，是指以金属锂为负极的所有一次电池 的总称。按所用正极材料的不同，主要分为：锂/二氧 化锰电池( Li/MnO2)、锂/亚硫酰氯电池( Li/SOCl2)、 锂/二氧化硫电池( Li/SO2)等，具有电池电压高、比 能量高、工作温度范围广、储存寿命长等特点。 指 锂/二氧化锰电池，锂一次电池的一种，是一种以金属 锂为负极、二氧化锰为正极活性物质的锂原电池，具 有使用电压高、使用寿命长、容量大的特点。 指 锂/二硫化铁电池，锂一次电池的一种，锂铁电池的正 极是二硫化铁，负极是金属锂，使用卷绕方式制成电 池，放电时，二硫化铁被还原，金属锂被氧化。 指 射频识别，“Radio Frequency Identification”的 缩写，是一项利用射频信号通过空间耦合（交变磁场 或电磁场）实现无接触信息传递并通过所传递的信息 达到识别目的的技术。 指 Original Design Manufacture，含义为“原始设计制 造商”，即客户提供品牌，公司提供",1,data/text/920523.BJ/2025/annual_report.txt,False
1365,8,838,81.680556,186,520,334,True,1.0,1.0,0.275556,1.0,0.979167,12,0.992,920639.BJ,晨光电缆,Q_E_SO2_INTENSITY,二氧化硫排放强度,E,True,0,,,0,missing_candidate,extend_extraction_rules,0,no_matching_disclosure_in_text,,1,data/text/920639.BJ/2025/annual_report.txt,False
1366,8,839,81.680556,102,489,387,True,1.0,1.0,0.275556,1.0,0.979167,12,0.992,920682.BJ,球冠电缆,Q_E_SO2_INTENSITY,二氧化硫排放强度,E,True,0,,,0,missing_candidate,extend_extraction_rules,0,no_matching_disclosure_in_text,,1,data/text/920682.BJ/2025/annual_report.txt,False
1367,8,840,81.680556,70,538,468,True,1.0,1.0,0.275556,1.0,0.979167,12,0.992,920770.BJ,艾能聚,Q_E_SO2_INTENSITY,二氧化硫排放强度,E,True,0,,,0,missing_candidate,extend_extraction_rules,0,no_matching_disclosure_in_text,,1,data/text/920770.BJ/2025/annual_report.txt,False
1368,8,841,81.680556,172,548,376,True,1.0,1.0,0.275556,1.0,0.979167,12,0.992,920779.BJ,武汉蓝电,Q_E_SO2_INTENSITY,二氧化硫排放强度,E,True,0,,,0,missing_candidate,extend_extraction_rules,0,no_matching_disclosure_in_text,,1,data/text/920779.BJ/2025/annual_report.txt,False
1369,8,842,81.680556,187,490,303,True,1.0,1.0,0.275556,1.0,0.979167,12,0.992,920914.BJ,远航精密,Q_E_SO2_INTENSITY,二氧化硫排放强度,E,True,0,,,0,missing_candidate,extend_extraction_rules,0,no_matching_disclosure_in_text,,1,data/text/920914.BJ/2025/annual_report.txt,False
1370,8,1143,81.430556,111,210,99,True,1.0,0.99,0.275556,1.0,0.979167,12,0.992,00968.HK,XINYI SOLAR,Q_E_SO2_INTENSITY,二氧化硫排放强度,E,True,0,,,0,missing_candidate,extend_extraction_rules,0,disclosed_non_revenue_denominator,"18.1% year-on-year ‧ Total power generation for the reporting year was nearly 6.98 billion kWh, equivalent to a reduction in carbon dioxide emissions of approximately 5.742 million tonnes BUSINESS Domestic sales 92.2% used iron pallets GHG emission intensity of finished products 4.08 kg CO2e/sqm Decreased by 10.7% year-on-year Water recycling rate 96.8% Reduction in NO x, SO2 and particulates emissions increased to 94.8%, 87.2% and 97.1%, respectively CO2 emission reductions from renewable energ",2,data/text/hkex_reports/00968.HK/2025/annual_report.txt|data/text/hkex_reports/00968.HK/2025/esg_report.txt,False
1371,8,1144,81.430556,151,250,99,True,1.0,0.99,0.275556,1.0,0.979167,12,0.992,605368.SH,蓝天燃气,Q_E_SO2_INTENSITY,二氧化硫排放强度,E,True,0,,,0,missing_candidate,extend_extraction_rules,0,no_matching_disclosure_in_text,,1,data/text/605368.SH/2025/annual_report.txt,False
1372,8,1298,81.190359,73,199,126,False,0.980392,1.0,0.275556,1.0,0.979167,12,0.992,01250.HK,SDHS NEW ENERGY,Q_E_SO2_INTENSITY,二氧化硫排放强度,E,True,0,,,0,missing_candidate,extend_extraction_rules,0,no_matching_disclosure_in_text,,2,data/text/hkex_reports/01250.HK/2025/annual_report.txt|data/text/hkex_reports/01250.HK/2025/esg_report.txt,False
1373,8,1299,81.190359,201,350,149,False,0.980392,1.0,0.275556,1.0,0.979167,12,0.992,300040.SZ,九洲集团,Q_E_SO2_INTENSITY,二氧化硫排放强度,E,True,0,,,0,missing_candidate,extend_extraction_rules,0,no_matching_disclosure_in_text,,1,data/text/300040.SZ/2025/annual_report.txt,False
1374,8,1300,81.190359,30,199,169,False,0.980392,1.0,0.275556,1.0,0.979167,12,0.992,600821.SH,金开新能,Q_E_SO2_INTENSITY,二氧化硫排放强度,E,True,0,,,0,missing_candidate,extend_extraction_rules,0,related_disclosure_without_compatible_intensity,"风电项目 2025 年，金开新能投资建设的朔州市平鲁区斯能 49 兆瓦分散式风电项目，共拟安装 8 台单机容量 6,250 千瓦风力发电机组。项目投运后，预计每年可提供清洁电能 15,682.69 万千瓦时，节约标准煤约 51,125.56 吨，减少二氧化碳排放约 123,890.09 吨，同时减少二氧化硫排放约 900.18 吨、氮氧化物排放 约 1,351.84 吨。该项目将进一步提升公司在山西区域的清洁能源装机规模和绿色电力供给能力，持续彰 显了金开新能服务国家能源安全战略、助力地方绿色低碳转型的责任担当。 储能、氢能项目 公司持续推进新型储能领域布局，围绕新能源项目配套 需求，加快储能项目建设与管理工作，推动示范项目有 序实施。公司通过强化技术评估与方案论证，提升储能 项目的建设组织与实施能力，促进储能技术在实际场景 中的落地应用。截至 2025 年 12 月 31 日，公司储能及 生物质并网容量 126.8 兆瓦。 截至 2025 年 12 月 31 日 公司储能及生物质并网容量 126.8兆瓦 综合智慧能源 2025 年，金开新能围绕多能协同与绿色转型推进综合能 源服务能力",2,data/text/600821.SH/2025/annual_report.txt|data/text/600821.SH/2025/esg_report.txt,False
1375,8,1348,80.430556,176,271,95,True,1.0,0.95,0.275556,1.0,0.979167,12,0.992,600021.SH,上海电力,Q_E_SO2_INTENSITY,二氧化硫排放强度,E,True,0,,,0,missing_candidate,extend_extraction_rules,0,no_matching_disclosure_in_text,,1,data/text/600021.SH/2025/annual_report.txt,False
1376,8,1349,80.430556,195,290,95,True,1.0,0.95,0.275556,1.0,0.979167,12,0.992,688429.SH,时创能源,Q_E_SO2_INTENSITY,二氧化硫排放强度,E,True,0,,,0,missing_candidate,extend_extraction_rules,0,no_matching_disclosure_in_text,,1,data/text/688429.SH/2025/annual_report.txt,False
1377,8,1383,79.828704,90,196,106,False,0.925926,1.0,0.275556,1.0,0.979167,12,0.992,601727.SH,上海电气,Q_E_SO2_INTENSITY,二氧化硫排放强度,E,True,0,,,0,missing_candidate,extend_extraction_rules,0,related_disclosure_without_compatible_intensity,，我们设定了“十五五”环境管理目标： 基础目标：严守环境合规底线。 废气废水污染物排放限值达标率 废气废水污染物排放总量达标率 100% 危险废物合规处置率 新建生产性排污企业环境管理体系建设覆盖率 减排目标：聚焦集团下属重点排污单位污染物持续减排。到2030年， 氮氧化物 较2025年下降 5% 二氧化硫 较2025年下降 3% 颗粒物 较2025年下降 3% 挥发性有机物 较2025年下降 3% 化学需氧量工业废水主要 污染物较2025年下降 5% 氨氮排放工业废水主要 污染物 较2025年下降 3% 危险废物产生量 较2025年下降 5% 资源效率与循环经济目标： 95% 一般工业固废资源化利用率 以上 3. 风险防范 为全面提升风险防范能力，上海电气已建立健全覆盖风险识别、评估与管控的闭环管理体系。通过对生产运营中的 各类安全隐患和环境风险进行全面排查与评估，集团制定了具有针对性的风险防控措施，并构建起“集团总部—产 业集团—企业”三级联动的安环风险监管网络，既体现了公司对安全环保责任的坚定担当，也为实现可持续、高质 量运营提供了坚实的组织保障。 上海电气三级风险管控架构 集团,2,data/text/601727.SH/2025/annual_report.txt|data/text/601727.SH/2025/esg_report.txt,False
1378,8,1434,78.680556,118,206,88,True,1.0,0.88,0.275556,1.0,0.979167,12,0.992,002249.SZ,大洋电机,Q_E_SO2_INTENSITY,二氧化硫排放强度,E,True,0,,,0,missing_candidate,extend_extraction_rules,0,no_matching_disclosure_in_text,,1,data/text/002249.SZ/2025/annual_report.txt,False
1379,8,1435,78.680556,180,268,88,True,1.0,0.88,0.275556,1.0,0.979167,12,0.992,603829.SH,洛凯股份,Q_E_SO2_INTENSITY,二氧化硫排放强度,E,True,0,,,0,missing_candidate,extend_extraction_rules,0,no_matching_disclosure_in_text,,1,data/text/603829.SH/2025/annual_report.txt,False
1380,8,1440,78.61038,207,354,147,False,0.877193,1.0,0.275556,1.0,0.979167,12,0.992,605222.SH,起帆电缆,Q_E_SO2_INTENSITY,二氧化硫排放强度,E,True,0,,,0,missing_candidate,extend_extraction_rules,0,no_matching_disclosure_in_text,,1,data/text/605222.SH/2025/annual_report.txt,False
1381,8,1461,78.23228,208,326,118,False,0.862069,1.0,0.275556,1.0,0.979167,12,0.992,600617.SH,国新能源,Q_E_SO2_INTENSITY,二氧化硫排放强度,E,True,0,,,0,missing_candidate,extend_extraction_rules,0,no_matching_disclosure_in_text,,1,data/text/600617.SH/2025/annual_report.txt,False
1382,8,1466,78.157828,100,195,95,False,0.909091,0.95,0.275556,1.0,0.979167,12,0.992,003035.SZ,南网能源,Q_E_SO2_INTENSITY,二氧化硫排放强度,E,True,0,,,0,missing_candidate,extend_extraction_rules,0,no_matching_disclosure_in_text,,1,data/text/003035.SZ/2025/annual_report.txt,False
1383,8,1500,77.513889,210,385,175,False,0.833333,1.0,0.275556,1.0,0.979167,12,0.992,301002.SZ,崧盛股份,Q_E_SO2_INTENSITY,二氧化硫排放强度,E,True,0,,,0,missing_candidate,extend_extraction_rules,0,no_matching_disclosure_in_text,,1,data/text/301002.SZ/2025/annual_report.txt,False
1384,8,1501,77.513889,82,190,108,False,0.833333,1.0,0.275556,1.0,0.979167,12,0.992,601615.SH,明阳智能,Q_E_SO2_INTENSITY,二氧化硫排放强度,E,True,0,,,0,missing_candidate,extend_extraction_rules,0,no_matching_disclosure_in_text,,2,data/text/601615.SH/2025/annual_report.txt|data/text/601615.SH/2025/esg_report.txt,False
1385,8,1514,77.172359,211,448,237,False,0.819672,1.0,0.275556,1.0,0.979167,12,0.992,300490.SZ,华自科技,Q_E_SO2_INTENSITY,二氧化硫排放强度,E,True,0,,,0,missing_candidate,extend_extraction_rules,0,no_matching_disclosure_in_text,,1,data/text/300490.SZ/2025/annual_report.txt,False
1386,8,1515,77.172359,211,373,162,False,0.819672,1.0,0.275556,1.0,0.979167,12,0.992,300853.SZ,申昊科技,Q_E_SO2_INTENSITY,二氧化硫排放强度,E,True,0,,,0,missing_candidate,extend_extraction_rules,0,no_matching_disclosure_in_text,,1,data/text/300853.SZ/2025/annual_report.txt,False
1387,8,1516,77.172359,38,189,151,False,0.819672,1.0,0.275556,1.0,0.979167,12,0.992,603861.SH,白云电器,Q_E_SO2_INTENSITY,二氧化硫排放强度,E,True,0,,,0,missing_candidate,extend_extraction_rules,0,no_matching_disclosure_in_text,,2,data/text/603861.SH/2025/annual_report.txt|data/text/603861.SH/2025/esg_report.txt,False
1388,8,1536,76.841846,212,468,256,False,0.806452,1.0,0.275556,1.0,0.979167,12,0.992,00639.HK,SHOUGANG RES,Q_E_SO2_INTENSITY,二氧化硫排放强度,E,True,0,,,0,missing_candidate,extend_extraction_rules,0,no_matching_disclosure_in_text,,1,data/text/hkex_reports/00639.HK/2025/annual_report.txt,False
1389,8,1537,76.841846,212,421,209,False,0.806452,1.0,0.275556,1.0,0.979167,12,0.992,603577.SH,汇金通,Q_E_SO2_INTENSITY,二氧化硫排放强度,E,True,0,,,0,missing_candidate,extend_extraction_rules,0,no_matching_disclosure_in_text,,1,data/text/603577.SH/2025/annual_report.txt,False
1390,8,1627,76.680556,123,203,80,True,1.0,0.8,0.275556,1.0,0.979167,12,0.992,600726.SH,华电能源,Q_E_SO2_INTENSITY,二氧化硫排放强度,E,True,0,,,0,missing_candidate,extend_extraction_rules,0,related_disclosure_without_compatible_intensity,简称锦兴能源）51%股权，该公司年 产 1200 万吨煤炭，其煤质好、开采成本低，成为公司稳定的利 润来源和增长引擎。 绿色转型向新而行。 我们一手做减法， 有序推进老旧机组替 代； 一手做加法， 加速布局清洁高效新产能， 煤电与新能源一体 化联营同步发力。所有供热机组全部完成超低排放改造，烟尘、 二氧化硫、 氮氧化物年减排量持续下降， 推进绿色矿山建设， 落 实生态修复与矸石综合治理，让祖国的天空更蓝、空气更净。 （二）资本运作赋能实业，产融结合跨越发展 === PAGE 3 === 华电能源股份有限公司2025 年年度报告 从 “国有电力资产上市第一股” 起步， 我们与资本市场的故 事，是一段彼此成就、共生共荣的三十年。 破冰上市，叩开资本大门。1996 年 4 月与 7 月， 公司 B 股、 A 股相继在上海证券交易所挂牌，募集首笔资金 2.6 亿元。作为 黑龙江省首批股份制试点企业和东北地区唯一一家 A、 B 两种股 票同时发行的上市公司， 打开了国内国际资本市场的两个融资渠 道。 持续融资， 精准浇灌实业。 上市以来， 我们灵活运用资本市 场诸多方式， 累计直接融资约 165,1,data/text/600726.SH/2025/annual_report.txt,False
1391,8,1647,76.430556,130,209,79,True,1.0,0.79,0.275556,1.0,0.979167,12,0.992,603728.SH,鸣志电器,Q_E_SO2_INTENSITY,二氧化硫排放强度,E,True,0,,,0,missing_candidate,extend_extraction_rules,0,no_matching_disclosure_in_text,,1,data/text/603728.SH/2025/annual_report.txt,False
1392,8,1657,76.211806,214,346,132,False,0.78125,1.0,0.275556,1.0,0.979167,12,0.992,600310.SH,广西能源,Q_E_SO2_INTENSITY,二氧化硫排放强度,E,True,0,,,0,missing_candidate,extend_extraction_rules,0,no_matching_disclosure_in_text,,1,data/text/600310.SH/2025/annual_report.txt,False
1393,8,1675,75.911325,215,406,191,False,0.769231,1.0,0.275556,1.0,0.979167,12,0.992,002986.SZ,宇新股份,Q_E_SO2_INTENSITY,二氧化硫排放强度,E,True,0,,,0,missing_candidate,extend_extraction_rules,0,no_matching_disclosure_in_text,,1,data/text/002986.SZ/2025/annual_report.txt,False
1394,8,1676,75.911325,215,351,136,False,0.769231,1.0,0.275556,1.0,0.979167,12,0.992,688733.SH,壹石通,Q_E_SO2_INTENSITY,二氧化硫排放强度,E,True,0,,,0,missing_candidate,extend_extraction_rules,0,no_matching_disclosure_in_text,,1,data/text/688733.SH/2025/annual_report.txt,False
1395,8,1691,75.680556,165,241,76,True,1.0,0.76,0.275556,1.0,0.979167,12,0.992,688516.SH,奥特维,Q_E_SO2_INTENSITY,二氧化硫排放强度,E,True,0,,,0,missing_candidate,extend_extraction_rules,0,related_disclosure_without_compatible_intensity,公司所从事的主要业务、经 营模式、行业情况及研发情况说明” 。 (三)遵守科技伦理情况 公司重视人工智能科技伦理，持续落实《关于加强科技伦理治理的指导意见》等政策要求， 以负责任创新推动技术应用。报告期内，公司未发生违反科技伦理事件。 (四)数据安全与隐私保护情况 公司高度重视客户隐私保护，参考 ISO27001 信息安全管理体系，制定《保密管理制度》 《信 息系统访问控制规范》 等信息安全制度， 将客户隐私保护要求深度嵌入各项业务流程。 报告期内， 公司未发生泄露客户隐私事件。 在技术层面，公司部署服务器防病毒系统、上网行为管理（AC）与防火墙（AF）高可用架构， 筑牢数据安全防线；在管理层面，公司建立权限管控体系，常态化开展信息安全意识培训与警示 教育，定期发布信息安全小贴士，持续提升全员安全防护能力。报告期内，公司未发生数据安全 事件。 (五)从事公益慈善活动的类型及贡献 类型 数量 情况说明 对外捐赠 78 / 301 === PAGE 79 === 无锡奥特维科技股份有限公司2025 年年度报告 其中：资金（万元） 154.00 见下文“从事公益慈善活动的具体情况” 物资折款,1,data/text/688516.SH/2025/annual_report.txt,False
1396,8,1695,75.619949,216,498,282,False,0.757576,1.0,0.275556,1.0,0.979167,12,0.992,00042.HK,NE ELECTRIC,Q_E_SO2_INTENSITY,二氧化硫排放强度,E,True,0,,,0,missing_candidate,extend_extraction_rules,0,no_matching_disclosure_in_text,,2,data/text/hkex_reports/00042.HK/2025/annual_report.txt|data/text/hkex_reports/00042.HK/2025/esg_report.txt,False
1397,8,1718,75.337272,217,429,212,False,0.746269,1.0,0.275556,1.0,0.979167,12,0.992,00295.HK,KONG SUN HOLD,Q_E_SO2_INTENSITY,二氧化硫排放强度,E,True,0,,,0,missing_candidate,extend_extraction_rules,0,related_disclosure_without_compatible_intensity,"tion in 2024: 320,412 MWh). In comparison with coal-burning power plants in China, our solar power generation succeeded in reducing emissions of CO2, SO2, NOx, dust and wastewater of approximately 0.246 million tonnes, 23 tonnes, 38 tonnes, 4 tonnes and 15,000 tonnes, respectively (approximate emissions reduction contribution of the same station in 2024: reducing emissions of CO2, SO2, NOx, dust and wastewater of approximately 0.263 million tonnes, 25 tonnes, 40 tonnes, 4 tonnes and 16,000 tonne",1,data/text/hkex_reports/00295.HK/2025/annual_report.txt,False
1398,8,1719,75.337272,217,365,148,False,0.746269,1.0,0.275556,1.0,0.979167,12,0.992,300407.SZ,凯发电气,Q_E_SO2_INTENSITY,二氧化硫排放强度,E,True,0,,,0,missing_candidate,extend_extraction_rules,0,no_matching_disclosure_in_text,,1,data/text/300407.SZ/2025/annual_report.txt,False
1399,8,1720,75.337272,71,183,112,False,0.746269,1.0,0.275556,1.0,0.979167,12,0.992,600438.SH,通威股份,Q_E_SO2_INTENSITY,二氧化硫排放强度,E,True,0,,,0,missing_candidate,extend_extraction_rules,0,likely_methodology_compatible_rule_gap,气恶臭检测，监 测有组织及厂界无组织排放的臭气浓度与 颗粒物。 排放监测 安装VOC在线监测设备，实时分析废气排放数据，实现动态预警与快速响应，持续降低污染物环 境影响。 委托第三方权威机构开展废气定期监测，出具专业监测报告，确保排放数据可追溯、合规有据。 === PAGE 129 === 2025 环境、社会与公司治理报告 前篇 可持续发展管理 稳健发展 价值创造 美好生态 和谐伙伴 后篇 127 通威股份废气污染物减排情况 指标 单位 2025年 氮氧化物 排放总量 吨 927.58 排放强度 吨/百万元营收 0.0110 二氧化硫 排放总量 吨 611.85 排放强度 吨/百万元营收 0.0072 氨 排放总量 吨 170.29 排放强度 吨/百万元营收 0.0020 VOCs 排放总量 吨 122.55 排放强度 吨/百万元营收 0.0015 烟尘 排放总量 吨 80.35 排放强度 吨/百万元营收 0.0010 氯化氢 排放总量 吨 59.63 排放强度 吨/百万元营收 0.0007 氟化物 排放总量 吨 10.56 排放强度 吨/百万元营收 0.0001 === PAGE ,2,data/text/600438.SH/2025/annual_report.txt|data/text/600438.SH/2025/esg_report.txt,False
1400,8,1721,75.337272,217,323,106,False,0.746269,1.0,0.275556,1.0,0.979167,12,0.992,603988.SH,中电电机,Q_E_SO2_INTENSITY,二氧化硫排放强度,E,True,0,,,0,missing_candidate,extend_extraction_rules,0,no_matching_disclosure_in_text,,1,data/text/603988.SH/2025/annual_report.txt,False
1401,8,1732,75.180556,150,224,74,True,1.0,0.74,0.275556,1.0,0.979167,12,0.992,000690.SZ,宝新能源,Q_E_SO2_INTENSITY,二氧化硫排放强度,E,True,0,,,0,missing_candidate,extend_extraction_rules,0,related_disclosure_without_compatible_intensity,标准及生产经营活动中涉及的污染物排放的具体情况 序号 公司或子 公司名称 主要污 染物及 特征 污染物的名称 排放 方式 排放 口数 量 （个） 排放口 分布情况 排放浓度 (mg/m³) 执行的污 染物排放 标准 （mg/m³） 排放 总量 （吨） 核定的 排放总量 （吨/年） 超标 排放 情况 二氧化硫 烟囱 3 一 、 二、 三 期烟囱 19.69 200 866.18 5880 无 1 广东宝丽 华电力 有限公司 大气 污染物 烟尘 烟囱 3 一 、 二、 三 期烟囱 1.29 30 55.19 882 无 氮氧化物 烟囱 3 一 、 二、 三 期烟囱 45.09 200 1845.31 5880 无 二氧化硫 烟囱 2 一期烟囱 22.74 50 888.85 1617 无 2 陆丰宝丽 华新能源 电力有限 公司 大气 污染物 烟尘 烟囱 2 一期烟囱 2.05 20 76.01 477 无 氮氧化物 烟囱 2 一期烟囱 43.23 100 1649.1 1922 无 3.报告期内发生重大环境污染事故、重大安全事故的情况 □ 适用 √ 不适用 十四、社会责任情况 公司积极履行,2,data/text/000690.SZ/2025/annual_report.txt|data/text/000690.SZ/2025/esg_report.txt,False
1402,8,1733,75.180556,141,215,74,True,1.0,0.74,0.275556,1.0,0.979167,12,0.992,600577.SH,精达股份,Q_E_SO2_INTENSITY,二氧化硫排放强度,E,True,0,,,0,missing_candidate,extend_extraction_rules,0,no_matching_disclosure_in_text,,1,data/text/600577.SH/2025/annual_report.txt,False
1403,8,1825,74.930556,190,263,73,True,1.0,0.73,0.275556,1.0,0.979167,12,0.992,300514.SZ,友讯达,Q_E_SO2_INTENSITY,二氧化硫排放强度,E,True,0,,,0,missing_candidate,extend_extraction_rules,0,no_matching_disclosure_in_text,,1,data/text/300514.SZ/2025/annual_report.txt,False
1404,8,1834,74.796498,219,488,269,False,0.724638,1.0,0.275556,1.0,0.979167,12,0.992,601898.SH,中煤能源,Q_E_SO2_INTENSITY,二氧化硫排放强度,E,True,0,,,0,missing_candidate,extend_extraction_rules,0,no_matching_disclosure_in_text,,1,data/text/601898.SH/2025/annual_report.txt,False
1405,8,1846,74.711806,214,308,94,False,0.78125,0.94,0.275556,1.0,0.979167,12,0.992,300648.SZ,星云股份,Q_E_SO2_INTENSITY,二氧化硫排放强度,E,True,0,,,0,missing_candidate,extend_extraction_rules,0,no_matching_disclosure_in_text,,1,data/text/300648.SZ/2025/annual_report.txt,False
1406,8,1861,74.537698,38,180,142,False,0.714286,1.0,0.275556,1.0,0.979167,12,0.992,600803.SH,新奥股份,Q_E_SO2_INTENSITY,二氧化硫排放强度,E,True,0,,,0,missing_candidate,extend_extraction_rules,0,likely_methodology_compatible_rule_gap,"规管理、 能源利用、水资源利用、循环经济 强化生物多样性保护 A3 一般披露、A3.1 生态系统和生物多样性保护 共建产业绿色生态 B6.3 能源利用、创新驱动 117 卓越治理 实现价值长期创造 自驱利他 打造多元和谐生态 安全供能 稳筑社会发展基石 绿色发展 共创智能低碳格局 附录 ESG 绩效指标表 *1 指标 单位 2025 年 2024 年 2023 年 污水排放总量 万吨 40.61 241.53 158.07 氮氧化物（NOx）排放总量 吨 77.07 182.60 376.14 二氧化硫（SO2）排放总量 吨 35.38 135.17 122.96 烟尘排放总量 吨 6.27 17.44 22.90 有害废弃物排放总量 吨 5,940.33 11,274.70 4,789.95 有害废弃物排放密度 吨 / 十亿元收入 45.19 82.96 33.30 无害废弃物排放总量 吨 269,283.06 635,660.70 676,241.68 无害垃圾排放密度 吨 / 十亿元收入 2,048.45 4,677.07 4,701.28 废弃物排放总量 吨 275.223.3",2,data/text/600803.SH/2025/annual_report.txt|data/text/600803.SH/2025/esg_report.txt,False
1407,8,1862,74.537698,80,180,100,False,0.714286,1.0,0.275556,1.0,0.979167,12,0.992,688006.SH,杭可科技,Q_E_SO2_INTENSITY,二氧化硫排放强度,E,True,0,,,0,missing_candidate,extend_extraction_rules,0,no_matching_disclosure_in_text,,2,data/text/688006.SH/2025/annual_report.txt|data/text/688006.SH/2025/esg_report.txt,False
1408,8,1880,74.286189,221,414,193,False,0.704225,1.0,0.275556,1.0,0.979167,12,0.992,002801.SZ,微光股份,Q_E_SO2_INTENSITY,二氧化硫排放强度,E,True,0,,,0,missing_candidate,extend_extraction_rules,0,no_matching_disclosure_in_text,,1,data/text/002801.SZ/2025/annual_report.txt,False
1409,8,1881,74.286189,221,505,284,False,0.704225,1.0,0.275556,1.0,0.979167,12,0.992,920375.BJ,派诺科技,Q_E_SO2_INTENSITY,二氧化硫排放强度,E,True,0,,,0,missing_candidate,extend_extraction_rules,0,no_matching_disclosure_in_text,,1,data/text/920375.BJ/2025/annual_report.txt,False
1410,8,1892,74.180556,167,237,70,True,1.0,0.7,0.275556,1.0,0.979167,12,0.992,601669.SH,中国电建,Q_E_SO2_INTENSITY,二氧化硫排放强度,E,True,0,,,0,missing_candidate,extend_extraction_rules,0,no_matching_disclosure_in_text,,1,data/text/601669.SH/2025/annual_report.txt,False
1411,8,1904,74.041667,50,178,128,False,0.694444,1.0,0.275556,1.0,0.979167,12,0.992,605162.SH,新中港,Q_E_SO2_INTENSITY,二氧化硫排放强度,E,True,0,,,0,missing_candidate,extend_extraction_rules,0,ambiguous_intensity_disclosure,启动过程中床温、风量、燃料配比等关键参数的精准控制，提升启动效率与运行 安全性。 经济 储能电站通过削峰填谷、平滑可再生能源输出及提升电网调节能力，有效降低电力 系统运行成本，提升能源利用效率，促进新能源产业链发展。 • 环境 储能技术支持大规模可再生能源接入电网，减少对化石能源依赖，降低温室气体和 污染物排放，推动绿色低碳发展，助力碳达峰碳中和目标实现。 锅炉运行• 社会 • 提升区域电网的安全性和调峰能力，增强能源供应可靠性，保障社会经济运行稳定。 烟气污染物控制• • 实现烟气中氮氧化物、二氧化硫、颗粒物等主要污染物的协同控制； 提升燃烧效率与碳排放强度的优化水平。 锅炉用水及品质• • 实现对补给水、循环冷却水及脱盐水系统的精细化控制，提升水系统运行效率和稳 定性； 降低单位供热、供电的水耗和药耗，提升企业的节能降耗水平和经济效益。 === PAGE 21 === 绿动未来 精研致远 和谐家园 固本强基 2025 年度可持续发展报告 关于新中港 报告编制说明 ESG 治理 低碳转型与绿色运营 创新引领与价值共赢 聚才赋能与社区共建 稳健治理与风控护航 ESG 数据表和附注 专有,2,data/text/605162.SH/2025/annual_report.txt|data/text/605162.SH/2025/esg_report.txt,False
1412,8,1928,73.680556,181,249,68,True,1.0,0.68,0.275556,1.0,0.979167,12,0.992,603050.SH,科林电气,Q_E_SO2_INTENSITY,二氧化硫排放强度,E,True,0,,,0,missing_candidate,extend_extraction_rules,0,no_matching_disclosure_in_text,,1,data/text/603050.SH/2025/annual_report.txt,False
1413,8,1986,73.430556,200,267,67,True,1.0,0.67,0.275556,1.0,0.979167,12,0.992,688616.SH,西力科技,Q_E_SO2_INTENSITY,二氧化硫排放强度,E,True,0,,,0,missing_candidate,extend_extraction_rules,0,no_matching_disclosure_in_text,,1,data/text/688616.SH/2025/annual_report.txt,False
1414,8,1993,73.347222,225,334,109,False,0.666667,1.0,0.275556,1.0,0.979167,12,0.992,603628.SH,清源股份,Q_E_SO2_INTENSITY,二氧化硫排放强度,E,True,0,,,0,missing_candidate,extend_extraction_rules,0,related_disclosure_without_compatible_intensity,跟踪器的研发、设计、生产和销 售；光伏电站的投资、开发、建设及运营；光伏电力电子产品的研发、生产和销售，并提供智慧 能源解决方案的高新技术企业。目前，公司已取得 ISO9001 质量管理体系、ISO14001 环境管理 体系、ISO45001 职业健康安全管理体系、ISO50001 能源管理体系、ISO27922 服务管理体系、 邓白氏等企业体系认证；并先后取得澳洲 RCM、美国 ETL、英国 MCS、德国 TÜV、欧盟 CE、 法国 ETN 等多项国际专业认证，并取得国内外多项专利技术，认证范围覆盖全球主流光伏支架 市场。公司目前拥有厦门、天津与新疆三大生产基地。 报告期内，公司的主营业务未发生变化。 截至报告期末，公司产品已覆盖全球 50 多个国家，累计销售超 39GW，并应用于 1.5 万余 座集中式光伏电站和 75 万余座分布式光伏电站。公司连续 16 年位居澳洲分布式光伏支架市场占 有率首位。公司产品广泛应用于国内外集中式电站、工商业分布式电站、家庭户用系统等场景。 公司全资子公司清源易捷（厦门）新能源工程有限公司作为国内领先的光伏 EPC 及智能运维服 务企业之一 ，拥有项,1,data/text/603628.SH/2025/annual_report.txt,False
1415,8,1998,73.251984,206,283,77,False,0.892857,0.77,0.275556,1.0,0.979167,12,0.992,002953.SZ,日丰股份,Q_E_SO2_INTENSITY,二氧化硫排放强度,E,True,0,,,0,missing_candidate,extend_extraction_rules,0,no_matching_disclosure_in_text,,1,data/text/002953.SZ/2025/annual_report.txt,False
1416,8,2009,73.127924,49,174,125,False,0.657895,1.0,0.275556,1.0,0.979167,12,0.992,600163.SH,中闽能源,Q_E_SO2_INTENSITY,二氧化硫排放强度,E,True,0,,,0,missing_candidate,extend_extraction_rules,0,no_matching_disclosure_in_text,,2,data/text/600163.SH/2025/annual_report.txt|data/text/600163.SH/2025/esg_report.txt,False
1417,8,2026,72.930556,144,209,65,True,1.0,0.65,0.275556,1.0,0.979167,12,0.992,600256.SH,广汇能源,Q_E_SO2_INTENSITY,二氧化硫排放强度,E,True,0,,,0,missing_candidate,extend_extraction_rules,0,no_matching_disclosure_in_text,,2,data/text/600256.SH/2025/annual_report.txt|data/text/600256.SH/2025/esg_report.txt,False
1418,8,2041,72.680556,145,209,64,True,1.0,0.64,0.275556,1.0,0.979167,12,0.992,600580.SH,卧龙电驱,Q_E_SO2_INTENSITY,二氧化硫排放强度,E,True,0,,,0,missing_candidate,extend_extraction_rules,0,no_matching_disclosure_in_text,,1,data/text/600580.SH/2025/annual_report.txt,False
1419,8,2052,72.50334,229,417,188,False,0.632911,1.0,0.275556,1.0,0.979167,12,0.992,002851.SZ,麦格米特,Q_E_SO2_INTENSITY,二氧化硫排放强度,E,True,0,,,0,missing_candidate,extend_extraction_rules,0,no_matching_disclosure_in_text,,1,data/text/002851.SZ/2025/annual_report.txt,False
1420,8,2053,72.50334,62,171,109,False,0.632911,1.0,0.275556,1.0,0.979167,12,0.992,300880.SZ,迦南智能,Q_E_SO2_INTENSITY,二氧化硫排放强度,E,True,0,,,0,missing_candidate,extend_extraction_rules,0,no_matching_disclosure_in_text,,2,data/text/300880.SZ/2025/annual_report.txt|data/text/300880.SZ/2025/esg_report.txt,False
1421,8,2058,72.430556,164,227,63,True,1.0,0.63,0.275556,1.0,0.979167,12,0.992,600268.SH,国电南自,Q_E_SO2_INTENSITY,二氧化硫排放强度,E,True,0,,,0,missing_candidate,extend_extraction_rules,0,related_disclosure_without_compatible_intensity,.21 万吨标准煤， 二 氧化硫年减排量 14.11 吨， 氮氧化物年减排量 21.24 吨， 烟尘 年减排量 3.07 吨。 考虑本期债券募集资金投放规模占项目总 投资的比例（6.68%），本期债券募集资金预计可实现二氧 化碳年减排量 0.64 万吨、 年替代化石能源量 0.28 万吨标准煤 ， 二氧化硫年减排量 0.94 吨， 氮氧化物年减排量 1.42 吨， 烟 尘年减排量 0.21 吨。 注：计算参照国家金融监督管理总局《绿色信贷项目节能减 排量测算指引》 中 “3.2 清洁能源设施建设和运营” 计算公式 计算光伏、风电项目的二氧化碳年减排量、替代化石能源量 、二氧化硫年减排量、氮氧化物年减排量及烟尘年减排量。 （2）定性方面 1）提升节能减排效果，助力 2060 年碳中和； 2）减少污染物排放，利于生态环境健康发展； 3）改善能源供应结构，缓解区域供电压力。 募集资金所投向的绿色项目预期与 /或实际环境效益情况 （具体环境效 益情况原则上应当根据《绿色债券 存续期信息披露指南》相关要求进 行披露，对于无法披露的环境效益 指标应当进行说明） 1、 “Y1 分布式的大容量系统自动,1,data/text/600268.SH/2025/annual_report.txt,False
1422,8,2068,72.328704,204,274,70,False,0.925926,0.7,0.275556,1.0,0.979167,12,0.992,600152.SH,维科技术,Q_E_SO2_INTENSITY,二氧化硫排放强度,E,True,0,,,0,missing_candidate,extend_extraction_rules,0,no_matching_disclosure_in_text,,1,data/text/600152.SH/2025/annual_report.txt,False
1423,8,2071,72.305556,24,170,146,False,0.625,1.0,0.275556,1.0,0.979167,12,0.992,600732.SH,爱旭股份,Q_E_SO2_INTENSITY,二氧化硫排放强度,E,True,0,,,0,missing_candidate,extend_extraction_rules,0,no_matching_disclosure_in_text,,2,data/text/600732.SH/2025/annual_report.txt|data/text/600732.SH/2025/esg_report.txt,False
1424,8,2072,72.305556,230,530,300,False,0.625,1.0,0.275556,1.0,0.979167,12,0.992,920627.BJ,力王股份,Q_E_SO2_INTENSITY,二氧化硫排放强度,E,True,0,,,0,missing_candidate,extend_extraction_rules,0,no_matching_disclosure_in_text,,1,data/text/920627.BJ/2025/annual_report.txt,False
1425,8,2085,72.180556,171,233,62,True,1.0,0.62,0.275556,1.0,0.979167,12,0.992,688191.SH,智洋创新,Q_E_SO2_INTENSITY,二氧化硫排放强度,E,True,0,,,0,missing_candidate,extend_extraction_rules,0,no_matching_disclosure_in_text,,1,data/text/688191.SH/2025/annual_report.txt,False
1426,8,2251,71.930556,181,242,61,True,1.0,0.61,0.275556,1.0,0.979167,12,0.992,002270.SZ,华明装备,Q_E_SO2_INTENSITY,二氧化硫排放强度,E,True,0,,,0,missing_candidate,extend_extraction_rules,0,no_matching_disclosure_in_text,,1,data/text/002270.SZ/2025/annual_report.txt,False
1427,8,2252,71.930556,168,229,61,True,1.0,0.61,0.275556,1.0,0.979167,12,0.992,600116.SH,三峡水利,Q_E_SO2_INTENSITY,二氧化硫排放强度,E,True,0,,,0,missing_candidate,extend_extraction_rules,0,no_matching_disclosure_in_text,,1,data/text/600116.SH/2025/annual_report.txt,False
1428,8,2254,71.924458,232,342,110,False,0.609756,1.0,0.275556,1.0,0.979167,12,0.992,600478.SH,科力远,Q_E_SO2_INTENSITY,二氧化硫排放强度,E,True,0,,,0,missing_candidate,extend_extraction_rules,0,no_matching_disclosure_in_text,,1,data/text/600478.SH/2025/annual_report.txt,False
1429,8,2265,71.740797,233,491,258,False,0.60241,1.0,0.275556,1.0,0.979167,12,0.992,00689.HK,EPI (HOLDINGS),Q_E_SO2_INTENSITY,二氧化硫排放强度,E,True,0,,,0,missing_candidate,extend_extraction_rules,0,no_matching_disclosure_in_text,,1,data/text/hkex_reports/00689.HK/2025/annual_report.txt,False
1430,8,2275,71.680556,178,238,60,True,1.0,0.6,0.275556,1.0,0.979167,12,0.992,000155.SZ,川能动力,Q_E_SO2_INTENSITY,二氧化硫排放强度,E,True,0,,,0,missing_candidate,extend_extraction_rules,0,related_disclosure_without_compatible_intensity,管指引第 3 号——行业信息披露》中电力供应业的披露要求 公司主营电力供应业务为生物质能发电（D4417）及风力发电（D4415），在生产过程中不涉及直 接的燃料消耗，故不存在传统火电企业的供电煤耗指标。在烟气排放方面，严格遵守《生活垃圾焚烧污 染控制标准》（GB 18485-2014），对颗粒物、二氧化硫、氮氧化物、氯化氢类等污染物实施在线监测 和定期检测，运营以来未发生过超标排放事件。 上市公司发生环境事故的相关情况 不适用。 十六、社会责任情况 详情请投资者参见与本年度报告同日披露的《四川省新能源动力股份有限公司 2025 年度环境、社 会及管治报告（ESG）报告》全文。 十七、巩固拓展脱贫攻坚成果、乡村振兴的情况 详情请投资者参见与本年度报告同日披露的《四川省新能源动力股份有限公司 2025 年度环境、社 会及管治报告（ESG）报告》全文。 60 === PAGE 61 === 四川省新能源动力股份有限公司 2025 年年度报告全文 第五节 重要事项 一 、承诺事项履行情况 1、公司实际控制人、股东、关联方、收购人以及公司等承诺相关方在报告期内履行完毕及截至报告期 末尚未履行完,1,data/text/000155.SZ/2025/annual_report.txt,False
1431,8,2276,71.680556,194,254,60,True,1.0,0.6,0.275556,1.0,0.979167,12,0.992,600475.SH,华光环能,Q_E_SO2_INTENSITY,二氧化硫排放强度,E,True,0,,,0,missing_candidate,extend_extraction_rules,0,related_disclosure_without_compatible_intensity,化物从烟气中 排除，从而减少对大气污染的一种技术。 热电联产 指 既生产电能又提供热能，是一种热、电同时生产、高 效能的能源利用形式， 能源利用效率比单纯发电提高 一倍以上。 超低排放 指 火电厂燃煤锅炉采用多种污染物高效协同脱除集成 系统技术， 使其大气污染物排放浓度基本符合燃气机 组排放限值，即二氧化硫不超过 35mg/m³ 、氮氧化物 不超过 50mg/m³ 、烟尘不超过 10mg/m³ 。 报告期 指 2025 年 1 月 1 日-2025 年 12 月 31 日 第二节 公司简介和主要财务指标 一 、 公司信息 公司的中文名称 无锡华光环保能源集团股份有限公司 公司的中文简称 华光环能 公司的外文名称 Wuxi Huaguang Environment & Energy Group Co.Ltd. 公司的外文名称缩写 WHEE 公司的法定代表人 蒋志坚 二、 联系人和联系方式 董事会秘书 证券事务代表 姓名 舒婷婷 郭缘缘 联系地址 无锡市城南路 3 号 无锡市城南路 3 号 电话 0510-82833965 0510-82833965 传真 0510-82833962 05,1,data/text/600475.SH/2025/annual_report.txt,False
1432,8,2277,71.680556,174,234,60,True,1.0,0.6,0.275556,1.0,0.979167,12,0.992,601918.SH,新集能源,Q_E_SO2_INTENSITY,二氧化硫排放强度,E,True,0,,,0,missing_candidate,extend_extraction_rules,0,no_matching_disclosure_in_text,,2,data/text/601918.SH/2025/annual_report.txt|data/text/601918.SH/2025/esg_report.txt,False
1433,8,2279,71.664322,78,173,95,False,0.649351,0.95,0.275556,1.0,0.979167,12,0.992,603693.SH,江苏新能,Q_E_SO2_INTENSITY,二氧化硫排放强度,E,True,0,,,0,missing_candidate,extend_extraction_rules,0,no_matching_disclosure_in_text,,2,data/text/603693.SH/2025/annual_report.txt|data/text/603693.SH/2025/esg_report.txt,False
1434,8,2284,71.578704,129,196,67,False,0.925926,0.67,0.275556,1.0,0.979167,12,0.992,688681.SH,科汇股份,Q_E_SO2_INTENSITY,二氧化硫排放强度,E,True,0,,,0,missing_candidate,extend_extraction_rules,0,no_matching_disclosure_in_text,,1,data/text/688681.SH/2025/annual_report.txt,False
1435,8,2285,71.561508,16,166,150,False,0.595238,1.0,0.275556,1.0,0.979167,12,0.992,06828.HK,BG BLUE SKY,Q_E_SO2_INTENSITY,二氧化硫排放强度,E,True,0,,,0,missing_candidate,extend_extraction_rules,0,related_disclosure_without_compatible_intensity,"ies. Particularly, in the natural gas business area, we have strictly implemented the national standard GB17820-2018 “Natural Gas” to ensure that the sulfur dioxide emission per cubic meter of residential natural gas combustion shall be strictly controlled at less than 920 milligrams, thereby contributing to the improvement of regional air quality. During the Year, we continued to maintain an excellent record of environmental compliance, did not experience any significant operational events aris",2,data/text/hkex_reports/06828.HK/2025/annual_report.txt|data/text/hkex_reports/06828.HK/2025/esg_report.txt,False
1436,8,2286,71.561508,234,410,176,False,0.595238,1.0,0.275556,1.0,0.979167,12,0.992,301150.SZ,中一科技,Q_E_SO2_INTENSITY,二氧化硫排放强度,E,True,0,,,0,missing_candidate,extend_extraction_rules,0,no_matching_disclosure_in_text,,1,data/text/301150.SZ/2025/annual_report.txt,False
1437,8,2297,71.469017,135,198,63,False,0.961538,0.63,0.275556,1.0,0.979167,12,0.992,603105.SH,芯能科技,Q_E_SO2_INTENSITY,二氧化硫排放强度,E,True,0,,,0,missing_candidate,extend_extraction_rules,0,related_disclosure_without_compatible_intensity,分领域内积累了众多 的案例和丰富的经验， 具有较强的竞争实力。 截至报告期末， 公司已先后为近千家企业提供绿色环保方案， 自持分布式光伏电站项目及分布式光伏开发及服务项目总规模已超 1.5GW， 年发电量最高可超 15 亿度， 年 节约标准煤约 54 万吨，年减少二氧化碳排放约 150 万吨、年减少二氧化硫排放约 4.5 万吨，为实体经济 年节约能源成本超 1 亿元。未来公司将继续扩大自持分布式光伏电站规模，通过众多分布式光伏项目，加 速推进降碳减排，为实现“碳达峰、碳中和”战略目标及节约实体经济成本持续贡献力量。12 / 202 === PAGE 13 === 浙江芯能光伏科技股份有限公司2025 年年度报告 三、经营情况讨论与分析 2025 年，光伏行业经历了从深度调整到供给出清、价格筑底、竞争重构的关键转型期，呈现出“制造 端加速整合、应用端结构优化、出口市场重塑、技术迭代深化”的鲜明特征。面对行业深刻变革，公司坚 定贯彻“夯实自持分布式电站业务，紧跟产品技术发展，依托主业优势探索新增长”的核心发展战略，稳 步扩张高毛利率的自持分布式电站业务规模，持续增厚发电业务收入及收益，以稳,1,data/text/603105.SH/2025/annual_report.txt,False
1438,8,2308,71.386438,235,340,105,False,0.588235,1.0,0.275556,1.0,0.979167,12,0.992,000593.SZ,德龙汇能,Q_E_SO2_INTENSITY,二氧化硫排放强度,E,True,0,,,0,missing_candidate,extend_extraction_rules,0,no_matching_disclosure_in_text,,1,data/text/000593.SZ/2025/annual_report.txt,False
1439,8,2309,71.386438,235,454,219,False,0.588235,1.0,0.275556,1.0,0.979167,12,0.992,301232.SZ,飞沃科技,Q_E_SO2_INTENSITY,二氧化硫排放强度,E,True,0,,,0,missing_candidate,extend_extraction_rules,0,no_matching_disclosure_in_text,,1,data/text/301232.SZ/2025/annual_report.txt,False
1440,8,2318,71.287698,220,307,87,False,0.714286,0.87,0.275556,1.0,0.979167,12,0.992,600468.SH,百利电气,Q_E_SO2_INTENSITY,二氧化硫排放强度,E,True,0,,,0,missing_candidate,extend_extraction_rules,0,no_matching_disclosure_in_text,,1,data/text/600468.SH/2025/annual_report.txt,False
1441,8,2326,71.215439,236,422,186,False,0.581395,1.0,0.275556,1.0,0.979167,12,0.992,688275.SH,万润新能,Q_E_SO2_INTENSITY,二氧化硫排放强度,E,True,0,,,0,missing_candidate,extend_extraction_rules,0,no_matching_disclosure_in_text,,1,data/text/688275.SH/2025/annual_report.txt,False
1442,8,2330,71.180556,174,232,58,True,1.0,0.58,0.275556,1.0,0.979167,12,0.992,600886.SH,国投电力,Q_E_SO2_INTENSITY,二氧化硫排放强度,E,True,0,,,0,missing_candidate,extend_extraction_rules,0,no_matching_disclosure_in_text,,1,data/text/600886.SH/2025/annual_report.txt,False
1443,8,2331,71.180556,156,214,58,True,1.0,0.58,0.275556,1.0,0.979167,12,0.992,603897.SH,长城科技,Q_E_SO2_INTENSITY,二氧化硫排放强度,E,True,0,,,0,missing_candidate,extend_extraction_rules,0,no_matching_disclosure_in_text,,1,data/text/603897.SH/2025/annual_report.txt,False
1444,8,2343,71.048372,237,338,101,False,0.574713,1.0,0.275556,1.0,0.979167,12,0.992,002490.SZ,山东墨龙,Q_E_SO2_INTENSITY,二氧化硫排放强度,E,True,0,,,0,missing_candidate,extend_extraction_rules,0,no_matching_disclosure_in_text,,1,data/text/002490.SZ/2025/annual_report.txt,False
1445,8,2364,70.885101,238,395,157,False,0.568182,1.0,0.275556,1.0,0.979167,12,0.992,002892.SZ,科力尔,Q_E_SO2_INTENSITY,二氧化硫排放强度,E,True,0,,,0,missing_candidate,extend_extraction_rules,0,no_matching_disclosure_in_text,,1,data/text/002892.SZ/2025/annual_report.txt,False
1446,8,2373,70.725499,239,376,137,False,0.561798,1.0,0.275556,1.0,0.979167,12,0.992,603353.SH,和顺石油,Q_E_SO2_INTENSITY,二氧化硫排放强度,E,True,0,,,0,missing_candidate,extend_extraction_rules,0,no_matching_disclosure_in_text,,1,data/text/603353.SH/2025/annual_report.txt,False
1447,8,2383,70.619949,216,296,80,False,0.757576,0.8,0.275556,1.0,0.979167,12,0.992,688719.SH,爱科赛博,Q_E_SO2_INTENSITY,二氧化硫排放强度,E,True,0,,,0,missing_candidate,extend_extraction_rules,0,no_matching_disclosure_in_text,,1,data/text/688719.SH/2025/annual_report.txt,False
1448,8,2388,70.569444,240,478,238,False,0.555556,1.0,0.275556,1.0,0.979167,12,0.992,00346.HK,YANCHANG PETRO,Q_E_SO2_INTENSITY,二氧化硫排放强度,E,True,0,,,0,missing_candidate,extend_extraction_rules,0,no_matching_disclosure_in_text,,2,data/text/hkex_reports/00346.HK/2025/annual_report.txt|data/text/hkex_reports/00346.HK/2025/esg_report.txt,False
1449,8,2397,70.416819,241,554,313,False,0.549451,1.0,0.275556,1.0,0.979167,12,0.992,920522.BJ,纳科诺尔,Q_E_SO2_INTENSITY,二氧化硫排放强度,E,True,0,,,0,missing_candidate,extend_extraction_rules,0,no_matching_disclosure_in_text,,1,data/text/920522.BJ/2025/annual_report.txt,False
1450,8,2562,70.121416,243,424,181,False,0.537634,1.0,0.275556,1.0,0.979167,12,0.992,001376.SZ,百通能源,Q_E_SO2_INTENSITY,二氧化硫排放强度,E,True,0,,,0,missing_candidate,extend_extraction_rules,0,no_matching_disclosure_in_text,,1,data/text/001376.SZ/2025/annual_report.txt,False
1451,8,2563,70.121416,243,520,277,False,0.537634,1.0,0.275556,1.0,0.979167,12,0.992,00332.HK,YUANHENGGAS-NEW,Q_E_SO2_INTENSITY,二氧化硫排放强度,E,True,0,,,0,missing_candidate,extend_extraction_rules,0,no_matching_disclosure_in_text,,2,data/text/00332.HK/2025/annual_report.txt|data/text/hkex_reports/00332.HK/2025/esg_report.txt,False
1452,8,2564,70.121416,243,382,139,False,0.537634,1.0,0.275556,1.0,0.979167,12,0.992,00975.HK,MONGOL MINING,Q_E_SO2_INTENSITY,二氧化硫排放强度,E,True,0,,,0,missing_candidate,extend_extraction_rules,0,no_matching_disclosure_in_text,,1,data/text/hkex_reports/00975.HK/2025/annual_report.txt,False
1453,8,2565,70.121416,243,366,123,False,0.537634,1.0,0.275556,1.0,0.979167,12,0.992,603318.SH,水发燃气,Q_E_SO2_INTENSITY,二氧化硫排放强度,E,True,0,,,0,missing_candidate,extend_extraction_rules,0,no_matching_disclosure_in_text,,1,data/text/603318.SH/2025/annual_report.txt,False
1454,8,2572,69.978428,244,408,164,False,0.531915,1.0,0.275556,1.0,0.979167,12,0.992,002340.SZ,格林美,Q_E_SO2_INTENSITY,二氧化硫排放强度,E,True,0,,,0,missing_candidate,extend_extraction_rules,0,no_matching_disclosure_in_text,,1,data/text/002340.SZ/2025/annual_report.txt,False
1455,8,2573,69.978428,244,413,169,False,0.531915,1.0,0.275556,1.0,0.979167,12,0.992,603618.SH,杭电股份,Q_E_SO2_INTENSITY,二氧化硫排放强度,E,True,0,,,0,missing_candidate,extend_extraction_rules,0,related_disclosure_without_compatible_intensity,组织 《可持续发展报告指南》 ， 严格按照上海证券交易所 《上 市公司环境信息披露指引》 、 《上市公司自律监管指引第 4 号——可持续发展报告编制》 、 中国工业经济联合会《中国工业企业及工业协会社会责任指南》 、中国社科院《中国企业 社会责任报告编写指南》等对企业社会责任报告的编制要求，参照《ISO26000 社会责任 指南标准》 ， 充分考虑利益相关方的愿望， 结合杭州电缆股份有限公司实际情况进行编制。 本报告报告时间为 2025 年 1 月 1 日至 2025 年 12 月 31 日。 本报告涵盖了企业简介、公司治理、产业布局、稳健经营、社会责任等方面的工作， 努力实现经济、社会和自然环境可持续发展的共赢价值目标。 === PAGE 3 === 杭州电缆股份有限公司 2025 年度社会责任报告 目 录 一 、企业简介……………………………………………………………………… 1 二、公司治理……………………………………………………………………… 4 2-1：组织架构 ……………………………………………………………………………4 2-2：党建引领 ………………………………………………,2,data/text/603618.SH/2025/annual_report.txt|data/text/603618.SH/2025/esg_report.txt,False
1456,8,2606,69.701389,246,486,240,False,0.520833,1.0,0.275556,1.0,0.979167,12,0.992,300769.SZ,德方纳米,Q_E_SO2_INTENSITY,二氧化硫排放强度,E,True,0,,,0,missing_candidate,extend_extraction_rules,0,no_matching_disclosure_in_text,,1,data/text/300769.SZ/2025/annual_report.txt,False
1457,8,2609,69.680556,187,239,52,True,1.0,0.52,0.275556,1.0,0.979167,12,0.992,603312.SH,西典新能,Q_E_SO2_INTENSITY,二氧化硫排放强度,E,True,0,,,0,missing_candidate,extend_extraction_rules,0,no_matching_disclosure_in_text,,1,data/text/603312.SH/2025/annual_report.txt,False
1458,8,2611,69.657828,205,266,61,False,0.909091,0.61,0.275556,1.0,0.979167,12,0.992,600644.SH,乐山电力,Q_E_SO2_INTENSITY,二氧化硫排放强度,E,True,0,,,0,missing_candidate,extend_extraction_rules,0,no_matching_disclosure_in_text,,1,data/text/600644.SH/2025/annual_report.txt,False
1459,8,2617,69.58845,245,344,99,False,0.526316,0.99,0.275556,1.0,0.979167,12,0.992,001283.SZ,豪鹏科技,Q_E_SO2_INTENSITY,二氧化硫排放强度,E,True,0,,,0,missing_candidate,extend_extraction_rules,0,no_matching_disclosure_in_text,,1,data/text/001283.SZ/2025/annual_report.txt,False
1460,8,2618,69.567153,20,153,133,False,0.515464,1.0,0.275556,1.0,0.979167,12,0.992,600995.SH,南网储能,Q_E_SO2_INTENSITY,二氧化硫排放强度,E,True,0,,,0,missing_candidate,extend_extraction_rules,0,no_matching_disclosure_in_text,,2,data/text/600995.SH/2025/annual_report.txt|data/text/600995.SH/2025/esg_report.txt,False
1461,8,2645,69.306818,249,441,192,False,0.505051,1.0,0.275556,1.0,0.979167,12,0.992,002882.SZ,金龙羽,Q_E_SO2_INTENSITY,二氧化硫排放强度,E,True,0,,,0,missing_candidate,extend_extraction_rules,0,no_matching_disclosure_in_text,,1,data/text/002882.SZ/2025/annual_report.txt,False
1462,8,2646,69.306818,249,479,230,False,0.505051,1.0,0.275556,1.0,0.979167,12,0.992,301226.SZ,祥明智能,Q_E_SO2_INTENSITY,二氧化硫排放强度,E,True,0,,,0,missing_candidate,extend_extraction_rules,0,no_matching_disclosure_in_text,,1,data/text/301226.SZ/2025/annual_report.txt,False
1463,8,2655,69.185658,53,152,99,False,0.510204,0.99,0.275556,1.0,0.979167,12,0.992,601991.SH,大唐发电,Q_E_SO2_INTENSITY,二氧化硫排放强度,E,True,0,,,0,missing_candidate,extend_extraction_rules,0,ambiguous_intensity_disclosure,年 2024 年 2025 年 主营业务收入 亿元 1207 1218 1197.90 温室气体排放总量 万吨 19703 21092.55 19694.26 净利润 亿元 30.07 68.58 100.23 范围一温室气体排放量 万吨 19686 21081.79 19682.31 归属于上市公司股东的净利润 亿元 13.67 45.06 73.86 范围二温室气体排放量 万吨 17 10.76 11.95 员工劳动生产率 万元 / 人·年 - - 172.94 二氧化碳 (CO2) 排放强度 克 / 千瓦时 856.8 853.83 681.56 注：由于统计口径及标准进一步完善，本次报告对 2023 年“资产总额”和“净利润”指标进行修订更新 氮氧化物（NOx）排放总量 万吨 2.852 3.047 2.939 氮氧化物（NOx）排放率 克 / 千瓦时 0.119 0.121 0.122 社会绩效 二氧化硫（SO2）排放总量 万吨 1.636 1.704 1.554 指标 单位 2023 年 2024 年 2025 年 二氧化硫（SO2）排放率 克 / 千瓦时 0.069 0.,2,data/text/601991.SH/2025/annual_report.txt|data/text/601991.SH/2025/esg_report.txt,False
1464,8,2657,69.180556,250,418,168,False,0.5,1.0,0.275556,1.0,0.979167,12,0.992,688680.SH,海优新材,Q_E_SO2_INTENSITY,二氧化硫排放强度,E,True,0,,,0,missing_candidate,extend_extraction_rules,0,no_matching_disclosure_in_text,,1,data/text/688680.SH/2025/annual_report.txt,False
1465,8,2681,68.935458,26,148,122,False,0.490196,1.0,0.275556,1.0,0.979167,12,0.992,605011.SH,杭州热电,Q_E_SO2_INTENSITY,二氧化硫排放强度,E,True,0,,,0,missing_candidate,extend_extraction_rules,0,related_disclosure_without_compatible_intensity,"04 0.66 1.01 化学需氧量 吨 4.35 4.52 3.25 3.58 15.7 指标 单位 上海金联 临江环保 丽水杭丽 安吉天子湖 2025总计 总磷 吨 0.0871 0.0155 0 0 0.1026 悬浮粒子与颗粒物/粉尘 吨 0.60 3.28 4.57 3.54 11.99 二氧化硫 吨 1.61 16.95 16.16 15.01 49.73 氮氧化物 吨 37.08 39.85 76.62 38.30 191.85 废弃物 杭州热电严格执行国家相关标准，对一般工业固体废物与危险废物实施规范化管理。灰渣、石膏等按 《一般工业固体废物贮存和填埋污染控制标准》规范暂存后外运综合利用，实现资源化利用与减量化 目标；危险废物依据《危险废物贮存污染控制标准》专库贮存，并委托具备资质单位安全处置，全过 程严控环境风险，杜绝二次污染，确保环保合规。 2025年 119,933.16吨 总量 3,784.57吨/亿元 强度 一般固体废弃物 33.06 吨 总量 1.04 吨/亿元 强度 危险废弃物 丽水杭丽·#�锅炉SCR脱硝技改 在环保合规要求持续趋严的背景下，丽水杭丽将#",2,data/text/605011.SH/2025/annual_report.txt|data/text/605011.SH/2025/esg_report.txt,False
1466,8,2692,68.767512,64,158,94,False,0.543478,0.94,0.275556,1.0,0.979167,12,0.992,300870.SZ,欧陆通,Q_E_SO2_INTENSITY,二氧化硫排放强度,E,True,0,,,0,missing_candidate,extend_extraction_rules,0,no_matching_disclosure_in_text,,2,data/text/300870.SZ/2025/annual_report.txt|data/text/300870.SZ/2025/esg_report.txt,False
1467,8,2695,68.699786,254,543,289,False,0.480769,1.0,0.275556,1.0,0.979167,12,0.992,08631.HK,SUN KONG HLDGS,Q_E_SO2_INTENSITY,二氧化硫排放强度,E,True,0,,,0,missing_candidate,extend_extraction_rules,0,no_matching_disclosure_in_text,,1,data/text/08631.HK/2025/annual_report.txt,False
1468,8,2696,68.699786,254,439,185,False,0.480769,1.0,0.275556,1.0,0.979167,12,0.992,603016.SH,新宏泰,Q_E_SO2_INTENSITY,二氧化硫排放强度,E,True,0,,,0,missing_candidate,extend_extraction_rules,0,no_matching_disclosure_in_text,,1,data/text/603016.SH/2025/annual_report.txt,False
1469,8,2702,68.585317,255,403,148,False,0.47619,1.0,0.275556,1.0,0.979167,12,0.992,300035.SZ,中科电气,Q_E_SO2_INTENSITY,二氧化硫排放强度,E,True,0,,,0,missing_candidate,extend_extraction_rules,0,no_matching_disclosure_in_text,,1,data/text/300035.SZ/2025/annual_report.txt,False
1470,8,2707,68.562908,218,292,74,False,0.735294,0.74,0.275556,1.0,0.979167,12,0.992,002823.SZ,凯中精密,Q_E_SO2_INTENSITY,二氧化硫排放强度,E,True,0,,,0,missing_candidate,extend_extraction_rules,0,no_matching_disclosure_in_text,,1,data/text/002823.SZ/2025/annual_report.txt,False
1471,8,2720,68.473008,256,438,182,False,0.471698,1.0,0.275556,1.0,0.979167,12,0.992,601218.SH,吉鑫科技,Q_E_SO2_INTENSITY,二氧化硫排放强度,E,True,0,,,0,missing_candidate,extend_extraction_rules,0,no_matching_disclosure_in_text,,1,data/text/601218.SH/2025/annual_report.txt,False
1472,8,2721,68.473008,256,362,106,False,0.471698,1.0,0.275556,1.0,0.979167,12,0.992,603906.SH,龙蟠科技,Q_E_SO2_INTENSITY,二氧化硫排放强度,E,True,0,,,0,missing_candidate,extend_extraction_rules,0,no_matching_disclosure_in_text,,1,data/text/603906.SH/2025/annual_report.txt,False
1473,8,2733,68.362799,257,407,150,False,0.46729,1.0,0.275556,1.0,0.979167,12,0.992,688598.SH,金博股份,Q_E_SO2_INTENSITY,二氧化硫排放强度,E,True,0,,,0,missing_candidate,extend_extraction_rules,0,no_matching_disclosure_in_text,,1,data/text/688598.SH/2025/annual_report.txt,False
1474,8,2758,68.180556,198,244,46,True,1.0,0.46,0.275556,1.0,0.979167,12,0.992,603344.SH,星德胜,Q_E_SO2_INTENSITY,二氧化硫排放强度,E,True,0,,,0,missing_candidate,extend_extraction_rules,0,no_matching_disclosure_in_text,,1,data/text/603344.SH/2025/annual_report.txt,False
1475,8,2765,68.085317,255,353,98,False,0.47619,0.98,0.275556,1.0,0.979167,12,0.992,600979.SH,广安爱众,Q_E_SO2_INTENSITY,二氧化硫排放强度,E,True,0,,,0,missing_candidate,extend_extraction_rules,0,no_matching_disclosure_in_text,,1,data/text/600979.SH/2025/annual_report.txt,False
1476,8,2780,67.84127,262,409,147,False,0.446429,1.0,0.275556,1.0,0.979167,12,0.992,301502.SZ,华阳智能,Q_E_SO2_INTENSITY,二氧化硫排放强度,E,True,0,,,0,missing_candidate,extend_extraction_rules,0,no_matching_disclosure_in_text,,1,data/text/301502.SZ/2025/annual_report.txt,False
1477,8,2788,67.742502,263,473,210,False,0.442478,1.0,0.275556,1.0,0.979167,12,0.992,300423.SZ,昇辉科技,Q_E_SO2_INTENSITY,二氧化硫排放强度,E,True,0,,,0,missing_candidate,extend_extraction_rules,0,no_matching_disclosure_in_text,,1,data/text/300423.SZ/2025/annual_report.txt,False
1478,8,2793,67.645468,264,484,220,False,0.438596,1.0,0.275556,1.0,0.979167,12,0.992,300080.SZ,易成新能,Q_E_SO2_INTENSITY,二氧化硫排放强度,E,True,0,,,0,missing_candidate,extend_extraction_rules,0,no_matching_disclosure_in_text,,1,data/text/300080.SZ/2025/annual_report.txt,False
1479,8,2800,67.550121,265,371,106,False,0.434783,1.0,0.275556,1.0,0.979167,12,0.992,000723.SZ,美锦能源,Q_E_SO2_INTENSITY,二氧化硫排放强度,E,True,0,,,0,missing_candidate,extend_extraction_rules,0,disclosed_non_revenue_denominator,使用 4.5 吨燃料电池 冷藏车-城市版 开发全新产品 已完成样车 试制 开发全新产品 4.5 吨燃料电池 冷藏车-城际版 开发全新产品 已完成产品 设计 开发全新产品 18 吨燃料电池 洗扫车 开发全新产品 已完成样车 试制及公告 相关试验 开发全新产品 18 吨燃料电池 抑尘车 开发全新产品 已完成样车 试制及公告 相关试验 开发全新产品 4.5 吨燃料电池 冷藏车-城市版 （平台升级） 增加产品功能 或提高性能 已完成样车 改制方案， 待实施 增加产品功能或提高性能 基于煤焦数据 库模型高强度 冶金焦工艺研 发 研发生产高强 度冶金焦 完成 完成高强度冶金焦研发及生 产，提高美锦主导产品市场 竞争力 干熄焦烟气脱 硫脱硝工艺系 统创新 干熄焦烟气脱 硫脱硝工艺系 统创新 完成 根据工况动态调整优化高 活性氢氧化钙喷入量，降低 出口二氧化硫含量 PDS 脱硫在线清 洗技术研发 脱硫塔 实现在线清洗 完成 力清洗技术创新 实现不停产降低脱硫塔阻 负压脱苯超低 塔后含苯新工 艺技术创新 含苯工艺 开发超低塔后 完成 实现洗苯塔塔后含苯≤ 0.5g/m3 目标 蒸氨高效阶梯 利用技术创新,2,data/text/000723.SZ/2025/annual_report.txt|data/text/000723.SZ/2025/esg_report.txt,False
1480,8,2801,67.550121,265,416,151,False,0.434783,1.0,0.275556,1.0,0.979167,12,0.992,001896.SZ,豫能控股,Q_E_SO2_INTENSITY,二氧化硫排放强度,E,True,0,,,0,missing_candidate,extend_extraction_rules,0,related_disclosure_without_compatible_intensity,能源装机和发电量升高， 火电整体发电量有所降低，在现货市场下，机组负荷大幅波动，负荷率下降的影响；供热量 2217.65 万吉焦，同比增加 45.91 万吉焦，主要原因是大力开拓企业周边工业供汽，供汽量升高，居民供热增加。 3.2025 年煤电企业环保达标率 100%，平均脱硫设施投运率 100%，二氧化硫脱除效率 99.43%，大气污染物实现超低 排放，二氧化硫浓度 15.60 mg/m3 、颗粒物浓度 3.08mg/m3 、氮氧化物浓度 24.46mg/m3 ，废水全部零排放。 4.2025 年益通生物质热电环保达标率 100%，平均脱硫设施投运率 100%，二氧化硫脱除效率 96.8%，大气污染物实 现超低排放，二氧化硫浓度 16.6mg/m3 、颗粒物浓度 2.4 mg/m3 、氮氧化物浓度 37.9 mg/m3 ，无脱硫废水产生。 上市公司发生环境事故的相关情况 本年度未发生环境事故。 40 === PAGE 41 === 河南豫能控股股份有限公司 2025 年年度报告全文 十六、社会责任情况 详见刊载于 2026 年 3 月 31 日巨潮资讯网（http://www.cni,1,data/text/001896.SZ/2025/annual_report.txt,False
1481,8,2802,67.550121,265,465,200,False,0.434783,1.0,0.275556,1.0,0.979167,12,0.992,600011.SH,华能国际,Q_E_SO2_INTENSITY,二氧化硫排放强度,E,True,0,,,0,missing_candidate,extend_extraction_rules,0,no_matching_disclosure_in_text,,1,data/text/600011.SH/2025/annual_report.txt,False
1482,8,2803,67.550121,27,135,108,False,0.434783,1.0,0.275556,1.0,0.979167,12,0.992,600905.SH,三峡能源,Q_E_SO2_INTENSITY,二氧化硫排放强度,E,True,0,,,0,missing_candidate,extend_extraction_rules,0,no_matching_disclosure_in_text,,2,data/text/600905.SH/2025/annual_report.txt|data/text/600905.SH/2025/esg_report.txt,False
1483,8,2811,67.456418,4,134,130,False,0.431034,1.0,0.275556,1.0,0.979167,12,0.992,01205.HK,CITIC RESOURCES,Q_E_SO2_INTENSITY,二氧化硫排放强度,E,True,0,,,0,missing_candidate,extend_extraction_rules,0,ambiguous_intensity_disclosure,"id not receive any lawsuits relating to internal employees involved in bribery, extortion, and money laundering. Not Applicable Appendix 2 Key Performance Indicators Environmental Aspect KPI1 Unit 2025 2024 Nitrogen Oxides (NOx) Tonnes 199.49 129.09 Intensity of NOx Emissions Tonnes per barrel of crude oil 5.83 x 10-5 3.56 x 10-5 Sulphur dioxide (SO2) Tonnes 71.95 53.43 Intensity of SO2 Emissions Tonnes per barrel of crude oil 2.10 x 10-5 1.47 x 10-5 Particulate Matter (PM) Tonnes 22.25 28.32 In",2,data/text/hkex_reports/01205.HK/2025/annual_report.txt|data/text/hkex_reports/01205.HK/2025/esg_report.txt,False
1484,8,2827,67.364316,267,403,136,False,0.42735,1.0,0.275556,1.0,0.979167,12,0.992,603026.SH,石大胜华,Q_E_SO2_INTENSITY,二氧化硫排放强度,E,True,0,,,0,missing_candidate,extend_extraction_rules,0,no_matching_disclosure_in_text,,1,data/text/603026.SH/2025/annual_report.txt,False
1485,8,2840,67.303843,103,177,74,False,0.684932,0.74,0.275556,1.0,0.979167,12,0.992,01407.HK,JY GAS,Q_E_SO2_INTENSITY,二氧化硫排放强度,E,True,0,,,0,missing_candidate,extend_extraction_rules,0,related_disclosure_without_compatible_intensity,"utant emissions of the Group during the reporting period were as follows: Air pollutant emissions Unit 2025 2024 Nitrogen oxides (NOx) kg 59.79 58.14 Sulphur dioxide (SO2) kg 2.04 2.04 Particulate matter (PM) kg 4.00 3.54 Carbon monoxide (CO) tonnes 0.67 0.62 10 JY GAS LIMITED Environmental, Social And Governance Report 2025 === PAGE 12 === ESG GOVERNANCE (CONTINUED) A. ENVIRONMENTAL ASPECTS (CONTINUED) A1. EMISSIONS (CONTINUED) Greenhouse gas (“GHG”) emissions Climate change is gradually concer",2,data/text/hkex_reports/01407.HK/2025/annual_report.txt|data/text/hkex_reports/01407.HK/2025/esg_report.txt,False
1486,8,2852,67.184757,269,386,117,False,0.420168,1.0,0.275556,1.0,0.979167,12,0.992,301155.SZ,海力风电,Q_E_SO2_INTENSITY,二氧化硫排放强度,E,True,0,,,0,missing_candidate,extend_extraction_rules,0,no_matching_disclosure_in_text,,1,data/text/301155.SZ/2025/annual_report.txt,False
1487,8,2853,67.180556,162,204,42,True,1.0,0.42,0.275556,1.0,0.979167,12,0.992,600312.SH,平高电气,Q_E_SO2_INTENSITY,二氧化硫排放强度,E,True,0,,,0,missing_candidate,extend_extraction_rules,0,no_matching_disclosure_in_text,,1,data/text/600312.SH/2025/annual_report.txt,False
1488,8,2864,67.097222,270,409,139,False,0.416667,1.0,0.275556,1.0,0.979167,12,0.992,002346.SZ,柘中股份,Q_E_SO2_INTENSITY,二氧化硫排放强度,E,True,0,,,0,missing_candidate,extend_extraction_rules,0,no_matching_disclosure_in_text,,1,data/text/002346.SZ/2025/annual_report.txt,False
1489,8,3025,67.011134,271,425,154,False,0.413223,1.0,0.275556,1.0,0.979167,12,0.992,601016.SH,节能风电,Q_E_SO2_INTENSITY,二氧化硫排放强度,E,True,0,,,0,missing_candidate,extend_extraction_rules,0,related_disclosure_without_compatible_intensity,行测算。截至本报告 期末， “GC 风电 01” 、 “GC 风电 K1”两期绿色公司 债券募集资金已支持绿色产业项目 37 个，项目均已全 面投产。 37 个募集资金已投绿色产业项目 2025 年度产 生的总体环境效益如下:节能量 204.93 万吨标准煤，减 少二氧化碳排放 497.04 万吨，二氧化硫减排量 5.85 万 吨、氮氧化物减排量 0.95 万吨。 对于定量环境效益，若存续期环境效益 与注册发行时披露效益发生重大变化（ 变动幅度超 15%）需披露说明原因 无 募集资金管理方式及具体安排 发行人按照《证券法》、 《公司债券发行与交易管理办 法》 等法律法规以及发行人有关募集资金使用的规章制 度的规定使用、 管理本期债券募集资金， 确保募集资金 合法合规使用。 在募集资金监管方面， 发行人通过多种 方式加强募集资金管理， 保障投资者利益。 专项账户相 关信息如下： 账户名称一 ： 中节能风力发电股份有限公 司开户银行：国家开发银行直营业务中心银行账号： 81200100000000000009 账户名称二：中节能风力发电 股份有限公司开户银行： 交通银行股份有限公司北京自 ,1,data/text/601016.SH/2025/annual_report.txt,False
1490,8,3030,66.992502,40,137,97,False,0.442478,0.97,0.275556,1.0,0.979167,12,0.992,688472.SH,阿特斯,Q_E_SO2_INTENSITY,二氧化硫排放强度,E,True,0,,,0,missing_candidate,extend_extraction_rules,0,no_matching_disclosure_in_text,,2,data/text/688472.SH/2025/annual_report.txt|data/text/688472.SH/2025/esg_report.txt,False
1491,8,3031,66.990797,233,314,81,False,0.60241,0.81,0.275556,1.0,0.979167,12,0.992,600884.SH,杉杉股份,Q_E_SO2_INTENSITY,二氧化硫排放强度,E,True,0,,,0,missing_candidate,extend_extraction_rules,0,no_matching_disclosure_in_text,,1,data/text/600884.SH/2025/annual_report.txt,False
1492,8,3037,66.926457,272,457,185,False,0.409836,1.0,0.275556,1.0,0.979167,12,0.992,688148.SH,芳源股份,Q_E_SO2_INTENSITY,二氧化硫排放强度,E,True,0,,,0,missing_candidate,extend_extraction_rules,0,no_matching_disclosure_in_text,,1,data/text/688148.SH/2025/annual_report.txt,False
1493,8,3049,66.843157,273,454,181,False,0.406504,1.0,0.275556,1.0,0.979167,12,0.992,601616.SH,广电电气,Q_E_SO2_INTENSITY,二氧化硫排放强度,E,True,0,,,0,missing_candidate,extend_extraction_rules,0,no_matching_disclosure_in_text,,1,data/text/601616.SH/2025/annual_report.txt,False
1494,8,3050,66.843157,273,466,193,False,0.406504,1.0,0.275556,1.0,0.979167,12,0.992,605028.SH,世茂能源,Q_E_SO2_INTENSITY,二氧化硫排放强度,E,True,0,,,0,missing_candidate,extend_extraction_rules,0,no_matching_disclosure_in_text,,2,data/text/605028.SH/2025/annual_report.txt|data/text/605028.SH/2025/esg_report.txt,False
1495,8,3051,66.84127,42,138,96,False,0.446429,0.96,0.275556,1.0,0.979167,12,0.992,600903.SH,贵州燃气,Q_E_SO2_INTENSITY,二氧化硫排放强度,E,True,0,,,0,missing_candidate,extend_extraction_rules,0,related_disclosure_without_compatible_intensity,吨，积极助力国家能源结构转型。 屋顶绿电⸺鸿福喜宴中心分布式光伏项目 2025年，贵州毕节鸿福喜宴中心分布式光伏项目平稳运行。项目依托场地闲置屋顶建设，实现就地发电、就地消纳，有 效减少市政用电量。报告期内，该项目发电量约139兆瓦时，相当于替代了约41.7吨标准煤，二氧化碳减排量约108.4 吨，二氧化硫减排量约0.83吨，氮氧化物减排量约0.42吨，烟尘减排约38吨，以零土地增量完成绿色电力替代。 鸿福喜宴中心屋顶光伏 卓越治理 铸就持续增长引擎 聚力赋能 构建多元包容的社会价值 绿色发展 促进人与自然和谐共生 智慧三联供⸺贵医天然气分布式能源站 2025年，由贵州燃气投资建设的贵州医科大学天然气分布式能源站持续运行 。项目采用热电三联供技术，一体化满足校 园供电、制冷、供热需求。相较常规供能模式，该站年二氧化碳减排量约900吨、氮氧化物减排量约3吨，几乎无二氧化 硫、烟尘排放，能源梯级利用减少损耗，节能减排效果显著，树立高校低碳能源示范标杆。 贵州天然气分布式能源站 水资源管理 公司以“生产循环利用、办公高效节流”为核心导向，通过“技术改造升级、用水制度规范、全员节水意识提升”三,2,data/text/600903.SH/2025/annual_report.txt|data/text/600903.SH/2025/esg_report.txt,False
1496,8,3230,66.680556,275,426,151,False,0.4,1.0,0.275556,1.0,0.979167,12,0.992,301278.SZ,快可电子,Q_E_SO2_INTENSITY,二氧化硫排放强度,E,True,0,,,0,missing_candidate,extend_extraction_rules,0,no_matching_disclosure_in_text,,1,data/text/301278.SZ/2025/annual_report.txt,False
1497,8,3250,66.548372,81,163,82,False,0.574713,0.82,0.275556,1.0,0.979167,12,0.992,02380.HK,CHINA POWER,Q_E_SO2_INTENSITY,二氧化硫排放强度,E,True,0,,,0,missing_candidate,extend_extraction_rules,0,likely_methodology_compatible_rule_gap,"ontrol Law of the People's Republic of China. To effectively reduce air pollutant emissions through source control and technological upgrades, the Company has set pollutant reduction targets, committing to a 15% reduction in air pollutant (including sulfur dioxide, nitrogen oxides, flue gas and dust emissions) emission intensity (calculated as total air pollutant emissions divided by operating profit) by 2025 compared to 2022 levels. In 2025, the Company's emission intensity was 1.133 g/RMB, rep",2,data/text/hkex_reports/02380.HK/2025/annual_report.txt|data/text/hkex_reports/02380.HK/2025/esg_report.txt,False
1498,8,3253,66.523075,277,380,103,False,0.393701,1.0,0.275556,1.0,0.979167,12,0.992,002128.SZ,电投能源,Q_E_SO2_INTENSITY,二氧化硫排放强度,E,True,0,,,0,missing_candidate,extend_extraction_rules,0,no_matching_disclosure_in_text,,1,data/text/002128.SZ/2025/annual_report.txt,False
1499,8,3254,66.523075,277,381,104,False,0.393701,1.0,0.275556,1.0,0.979167,12,0.992,300191.SZ,潜能恒信,Q_E_SO2_INTENSITY,二氧化硫排放强度,E,True,0,,,0,missing_candidate,extend_extraction_rules,0,no_matching_disclosure_in_text,,1,data/text/300191.SZ/2025/annual_report.txt,False
1500,8,3557,66.446181,278,383,105,False,0.390625,1.0,0.275556,1.0,0.979167,12,0.992,600151.SH,航天机电,Q_E_SO2_INTENSITY,二氧化硫排放强度,E,True,0,,,0,missing_candidate,extend_extraction_rules,0,no_matching_disclosure_in_text,,1,data/text/600151.SH/2025/annual_report.txt,False
1501,8,3561,66.370478,279,460,181,False,0.387597,1.0,0.275556,1.0,0.979167,12,0.992,000862.SZ,银星能源,Q_E_SO2_INTENSITY,二氧化硫排放强度,E,True,0,,,0,missing_candidate,extend_extraction_rules,0,no_matching_disclosure_in_text,,1,data/text/000862.SZ/2025/annual_report.txt,False
1502,8,3575,66.29594,280,537,257,False,0.384615,1.0,0.275556,1.0,0.979167,12,0.992,601808.SH,中海油服,Q_E_SO2_INTENSITY,二氧化硫排放强度,E,True,0,,,0,missing_candidate,extend_extraction_rules,0,no_matching_disclosure_in_text,,1,data/text/601808.SH/2025/annual_report.txt,False
1503,8,3576,66.29594,280,446,166,False,0.384615,1.0,0.275556,1.0,0.979167,12,0.992,688353.SH,华盛锂电,Q_E_SO2_INTENSITY,二氧化硫排放强度,E,True,0,,,0,missing_candidate,extend_extraction_rules,0,no_matching_disclosure_in_text,,1,data/text/688353.SH/2025/annual_report.txt,False
1504,8,3588,66.22254,281,411,130,False,0.381679,1.0,0.275556,1.0,0.979167,12,0.992,002527.SZ,新时达,Q_E_SO2_INTENSITY,二氧化硫排放强度,E,True,0,,,0,missing_candidate,extend_extraction_rules,0,no_matching_disclosure_in_text,,1,data/text/002527.SZ/2025/annual_report.txt,False
1505,8,3589,66.22254,281,411,130,False,0.381679,1.0,0.275556,1.0,0.979167,12,0.992,02728.HK,JINTAI ENERGY H,Q_E_SO2_INTENSITY,二氧化硫排放强度,E,True,0,,,0,missing_candidate,extend_extraction_rules,0,ambiguous_intensity_disclosure,to reduction in emissions of air pollutants and greenhouse gas emission during the Reporting Period. Description of air pollutants Unit Total amount in 2024 Emission intensities (in kg/total number of employees) in 2024 Total amount in 2025 Emission intensities (in kg/total number of employees) in 2025 Nitrogen oxides (NOX) kg 0.48 < 0.005 0.44 < 0.005 Sulphur dioxide (SOX) kg 0.05 < 0.001 0.05 < 0.001 Particulate matter (PM) kg 0.09 < 0.001 0.08 < 0.001 Total Amount in 2025 Total amount in 2024,2,data/text/hkex_reports/02728.HK/2025/annual_report.txt|data/text/hkex_reports/02728.HK/2025/esg_report.txt,False
1506,8,3590,66.22254,281,429,148,False,0.381679,1.0,0.275556,1.0,0.979167,12,0.992,601700.SH,风范股份,Q_E_SO2_INTENSITY,二氧化硫排放强度,E,True,0,,,0,missing_candidate,extend_extraction_rules,0,no_matching_disclosure_in_text,,1,data/text/601700.SH/2025/annual_report.txt,False
1507,8,3593,66.180556,190,228,38,True,1.0,0.38,0.275556,1.0,0.979167,12,0.992,688499.SH,利元亨,Q_E_SO2_INTENSITY,二氧化硫排放强度,E,True,0,,,0,missing_candidate,extend_extraction_rules,0,related_disclosure_without_compatible_intensity,理准则，构建覆盖技术研发、数据安全、智能装备应用、供应链协同、工业场景落地的全链条、 全周期伦理治理体系，坚守技术安全底线与合规边界，推动智能科技向善、可持续发展。 (四)数据安全与隐私保护情况 公司严格遵循《网络安全法》《数据安全法》《中华人民共和国个人信息保护法》《网络数 据安全管理条例》及 ISO27001:2022 标准、工业领域数据安全相关标准，制定并实施《信息安全 管理手册》《数据分类分级管理办法》《工业数据安全风险评估程序》《个人信息保护合规审计 细则》等内控制度，健全数据安全与隐私保护责任体系及执行标准。公司始终遵循“全员责任、 风险受控、言行规范、数据保密、真实完整、客户信赖、先进经营”的信息安全管理方针，实施 全域纵深防护：物理环境安全管控、工业网络边界防护与零信任访问部署、核心数据分类分级加 密、工控系统安全开发与运维管控，重点强化研发数据、客户工艺数据及供应链数据全生命周期 保护。依据公司业务要求和相关法律法规，公司制定覆盖全维度的信息安全策略，为信息安全提 供管理指导和支持。信息安全管理委员会负责对信息安全策略进行评审、监督和检查全体员工执 行情况，惠州海葵负,1,data/text/688499.SH/2025/annual_report.txt,False
1508,8,3728,66.150253,282,514,232,False,0.378788,1.0,0.275556,1.0,0.979167,12,0.992,02012.HK,SUNSHINE OIL,Q_E_SO2_INTENSITY,二氧化硫排放强度,E,True,0,,,0,missing_candidate,extend_extraction_rules,0,related_disclosure_without_compatible_intensity,"ging and protecting the air quality. The EPEA Approval (the “Approval”) sets out emission limits of various pollutants, including nitrogen oxides and sulphur dioxide. We are required to design and operate facilities below the levels specified in the Ambient Air Quality Objectives. For example, our SAGD facilities are designed with integrated natural gas driven cogeneration, which are more economic than purchasing electricity from the grid and have fewer air emissions than coal power generation. ",2,data/text/hkex_reports/02012.HK/2025/annual_report.txt|data/text/hkex_reports/02012.HK/2025/esg_report.txt,False
1509,8,3729,66.150253,10,118,108,False,0.378788,1.0,0.275556,1.0,0.979167,12,0.992,601001.SH,晋控煤业,Q_E_SO2_INTENSITY,二氧化硫排放强度,E,True,0,,,0,missing_candidate,extend_extraction_rules,0,related_disclosure_without_compatible_intensity,公司⾃律监管指南第4号——可持续发展报 告编制》（2026年修订） ·全球可持续发展标准委员会（GSSB）《可持续发展报告标准》（GRI Standards） ·中国社会科学院《中国企业社会责任报告编制指南》（CASS‐ESG6.0） ·联合国2030可持续发展⽬标（SDGs） ·国际标准化组织《ISO26000社会责任指南（2010）》 报告原则 报告编制⼯作依据以下报告原则开展。 重要性：我们开展重要性评估⼯作的程序包括：（1）识别相关的ESG议题； （2）评估议题的重要性；（3）董事会审阅及确认评估流程和结果。我 们依据重要性评估结果对ESG事宜进⾏汇报，有关重要性评估⼯作的详 情参⻅报告“实质性议题分析”章节。 准确性：本报告尽可能确保信息准确。其中，定量信息的测算已说明数据⼝径、 计算依据与假定条件，以保证计算误差范围不会对信息使⽤者造成误导 性影响。定量信息及附注信息详⻅本报告“关键绩效表”部分。董事会对 报告的内容进⾏保证，不存在虚假记载、误导性陈述或重⼤遗漏。 平衡性：本报告内容反映客观事实，对涉及公司正⾯、负⾯的信息均予以不偏不 倚地披露。 ⼀致性：本年度可持续发展报,2,data/text/601001.SH/2025/annual_report.txt|data/text/601001.SH/2025/esg_report.txt,False
1510,8,3744,66.023776,37,132,95,False,0.423729,0.95,0.275556,1.0,0.979167,12,0.992,600483.SH,福能股份,Q_E_SO2_INTENSITY,二氧化硫排放强度,E,True,0,,,0,missing_candidate,extend_extraction_rules,0,related_disclosure_without_compatible_intensity,"占比 56.74%。风 电属于清洁可再生能源发电，无污染物排放，2025 年公司风电发电量可替代标准煤约 225 万吨， 可减少排放温室效应气体二氧化碳约 585 万吨，减少灰渣约 86 万吨。 热电联产项目，以集中供热取代工业园区分散供热，按设计供热能力计算，每年可节约标煤 59.15 万吨，减排二氧化硫 1.08 万吨和氮氧化物 3,523 吨。 12 / 207 === PAGE 13 === 福建福能股份有限公司2025 年年度报告 天然气发电机组采用天然气燃料，无硫化物和灰渣、粉尘排放，按设计发电量计算，较燃煤 机组每年可节约标煤 190 万吨，减排二氧化硫 2,170 吨、烟尘 672 吨、氮氧化物 2,241 吨，具有 显著的节能、环保、经济和社会效益。 五、报告期内主要经营情况 (一) 主营业务分析 1、 利润表及现金流量表相关科目变动分析表 单位：元 币种：人民币 科目 本期数 上年同期数 变动比例（%） 营业收入 13,750,687,615.35 14,563,285,308.71 -5.58 营业成本 9,798,745,650.50 10,696,337,91",2,data/text/600483.SH/2025/annual_report.txt|data/text/600483.SH/2025/esg_report.txt,False
1511,8,3755,66.008914,284,412,128,False,0.373134,1.0,0.275556,1.0,0.979167,12,0.992,002364.SZ,中恒电气,Q_E_SO2_INTENSITY,二氧化硫排放强度,E,True,0,,,0,missing_candidate,extend_extraction_rules,0,no_matching_disclosure_in_text,,1,data/text/002364.SZ/2025/annual_report.txt,False
1512,8,3756,66.008914,284,481,197,False,0.373134,1.0,0.275556,1.0,0.979167,12,0.992,301023.SZ,奕帆传动,Q_E_SO2_INTENSITY,二氧化硫排放强度,E,True,0,,,0,missing_candidate,extend_extraction_rules,0,no_matching_disclosure_in_text,,1,data/text/301023.SZ/2025/annual_report.txt,False
1513,8,3757,66.008914,284,532,248,False,0.373134,1.0,0.275556,1.0,0.979167,12,0.992,600938.SH,中国海油,Q_E_SO2_INTENSITY,二氧化硫排放强度,E,True,0,,,0,missing_candidate,extend_extraction_rules,0,no_matching_disclosure_in_text,,1,data/text/600938.SH/2025/annual_report.txt,False
1514,8,3769,65.939815,285,447,162,False,0.37037,1.0,0.275556,1.0,0.979167,12,0.992,000968.SZ,蓝焰控股,Q_E_SO2_INTENSITY,二氧化硫排放强度,E,True,0,,,0,missing_candidate,extend_extraction_rules,0,no_matching_disclosure_in_text,,1,data/text/000968.SZ/2025/annual_report.txt,False
1515,8,3778,65.930556,192,229,37,True,1.0,0.37,0.275556,1.0,0.979167,12,0.992,600396.SH,华电辽能,Q_E_SO2_INTENSITY,二氧化硫排放强度,E,True,0,,,0,missing_candidate,extend_extraction_rules,0,no_matching_disclosure_in_text,,1,data/text/600396.SH/2025/annual_report.txt,False
1516,8,3785,65.871732,286,400,114,False,0.367647,1.0,0.275556,1.0,0.979167,12,0.992,300140.SZ,节能环境,Q_E_SO2_INTENSITY,二氧化硫排放强度,E,True,0,,,0,missing_candidate,extend_extraction_rules,0,no_matching_disclosure_in_text,,1,data/text/300140.SZ/2025/annual_report.txt,False
1517,8,3799,65.804643,287,542,255,False,0.364964,1.0,0.275556,1.0,0.979167,12,0.992,08536.HK,TL NATURAL GAS,Q_E_SO2_INTENSITY,二氧化硫排放强度,E,True,0,,,0,missing_candidate,extend_extraction_rules,0,no_matching_disclosure_in_text,,1,data/text/hkex_reports/08536.HK/2025/annual_report.txt,False
1518,8,3800,65.804643,287,408,121,False,0.364964,1.0,0.275556,1.0,0.979167,12,0.992,600869.SH,远东股份,Q_E_SO2_INTENSITY,二氧化硫排放强度,E,True,0,,,0,missing_candidate,extend_extraction_rules,0,no_matching_disclosure_in_text,,1,data/text/600869.SH/2025/annual_report.txt,False
1519,8,3808,65.738527,288,397,109,False,0.362319,1.0,0.275556,1.0,0.979167,12,0.992,002441.SZ,众业达,Q_E_SO2_INTENSITY,二氧化硫排放强度,E,True,0,,,0,missing_candidate,extend_extraction_rules,0,no_matching_disclosure_in_text,,1,data/text/002441.SZ/2025/annual_report.txt,False
1520,8,3835,65.597222,106,175,69,False,0.666667,0.69,0.275556,1.0,0.979167,12,0.992,00196.HK,HONGHUA GROUP,Q_E_SO2_INTENSITY,二氧化硫排放强度,E,True,0,,,0,missing_candidate,extend_extraction_rules,0,no_matching_disclosure_in_text,,2,data/text/hkex_reports/00196.HK/2025/annual_report.txt|data/text/hkex_reports/00196.HK/2025/esg_report.txt,False
1521,8,3839,65.578704,204,247,43,False,0.925926,0.43,0.275556,1.0,0.979167,12,0.992,600458.SH,时代新材,Q_E_SO2_INTENSITY,二氧化硫排放强度,E,True,0,,,0,missing_candidate,extend_extraction_rules,0,related_disclosure_without_compatible_intensity,性的、 安全可靠的质量保障体系， 覆盖公司风力发电、 汽车零部件、 轨道交通、工业与工程、新材料等产业领域，实现产品全生命周期的质量策划、质量保证和质量 控制， 并逐步实现自动化和数字化过程控制； 各产业领域均建立起了现代化、 标准化的生产基地， 具备全球化的生产及供货能力。公司 ISO9001、ISO22163、IATF16949、CRCC、AS9100、AAR、 DIN6701 等质量体系持续有效运行，各类产品均已通过权威机构的产品检测和资质认证。公司采 取行业先进的质量控制措施， 可靠性技术和寿命预测技术在产品上得到了有效应用， 从设计开发、 供应链管理、生产过程控制、交付与服务的产品全寿命周期加强质量控制与保证，提升产品品质 和优质服务，持续获得了客户、行业及第三方的认可和好评。 五、报告期内主要经营情况 报告期内，公司完成销售收入 214.71 亿元，较上年同期 200.55 亿元增加 14.16 亿元，增幅为 7.06%；实现的归属于上市公司股东的净利润为 5.14 亿元，较上年同期 4.45 亿元增加 0.69 亿元， 增幅为 15.45%。 13 / 230 === P,1,data/text/600458.SH/2025/annual_report.txt,False
1522,8,3846,65.545804,291,544,253,False,0.35461,1.0,0.275556,1.0,0.979167,12,0.992,02798.HK,PER ENERGY,Q_E_SO2_INTENSITY,二氧化硫排放强度,E,True,0,,,0,missing_candidate,extend_extraction_rules,0,no_matching_disclosure_in_text,,1,data/text/hkex_reports/02798.HK/2025/annual_report.txt,False
1523,8,3991,65.483372,292,458,166,False,0.352113,1.0,0.275556,1.0,0.979167,12,0.992,00065.HK,GRAND OCEAN AR,Q_E_SO2_INTENSITY,二氧化硫排放强度,E,True,0,,,0,missing_candidate,extend_extraction_rules,0,no_matching_disclosure_in_text,,1,data/text/hkex_reports/00065.HK/2025/annual_report.txt,False
1524,8,3998,65.430556,172,207,35,True,1.0,0.35,0.275556,1.0,0.979167,12,0.992,600863.SH,华能蒙电,Q_E_SO2_INTENSITY,二氧化硫排放强度,E,True,0,,,0,missing_candidate,extend_extraction_rules,0,related_disclosure_without_compatible_intensity,、过程 可视化。 （七）节能环保优势 公司作为内蒙古自治区能源保供主力企业，在节能环保领域展现出显著优势。 公司通过实施系统化的环保治理工程，构建起覆盖全产业链的绿色生产体系，公司 的环保排放水平符合国家标准， 燃煤机组均已按环保要求实现了超低排放。 报告期， 公司强化污染物排放管理， 氮氧化物、 二氧化硫、 烟尘排放等均符合国家环保要求。 充分彰显了国有能源企业的环保担当。 （八）公司治理优势 公司自上市以来，始终将现代企业治理作为基业长青的核心支柱，形成决策科 学、 监督有效、 运营规范的治理闭环。 公司股东会、 董事会和经理层依法规范运作， 使全体股东利益得以有效保障，在资本市场树立了规范透明的良好形象，积累了良 好的市场信誉。报告期内，公司顺利完成监事会改革，依法取消监事会并由董事会 审计委员会行使监事会职权，同步完成《公司章程》及配套治理制度的全面修订。 （九）资本运作优势 自 1994 年上市以来，公司持续打造资本运作核心能力，构建起覆盖股权融资、 债券发行等多层次资本运作体系，通过实施可转债、发行超短期债券、发行股份购 买资产并配套募集资金等为公司经营、发展筹措了大量资金,1,data/text/600863.SH/2025/annual_report.txt,False
1525,8,4000,65.421814,293,417,124,False,0.34965,1.0,0.275556,1.0,0.979167,12,0.992,300062.SZ,中能电气,Q_E_SO2_INTENSITY,二氧化硫排放强度,E,True,0,,,0,missing_candidate,extend_extraction_rules,0,no_matching_disclosure_in_text,,1,data/text/300062.SZ/2025/annual_report.txt,False
1526,8,4008,65.361111,294,428,134,False,0.347222,1.0,0.275556,1.0,0.979167,12,0.992,601179.SH,中国西电,Q_E_SO2_INTENSITY,二氧化硫排放强度,E,True,0,,,0,missing_candidate,extend_extraction_rules,0,no_matching_disclosure_in_text,,1,data/text/601179.SH/2025/annual_report.txt,False
1527,8,4009,65.361111,294,395,101,False,0.347222,1.0,0.275556,1.0,0.979167,12,0.992,688638.SH,誉辰智能,Q_E_SO2_INTENSITY,二氧化硫排放强度,E,True,0,,,0,missing_candidate,extend_extraction_rules,0,no_matching_disclosure_in_text,,1,data/text/688638.SH/2025/annual_report.txt,False
1528,8,4017,65.301245,295,559,264,False,0.344828,1.0,0.275556,1.0,0.979167,12,0.992,920062.BJ,科润智控,Q_E_SO2_INTENSITY,二氧化硫排放强度,E,True,0,,,0,missing_candidate,extend_extraction_rules,0,no_matching_disclosure_in_text,,1,data/text/920062.BJ/2025/annual_report.txt,False
1529,8,4048,65.183957,297,493,196,False,0.340136,1.0,0.275556,1.0,0.979167,12,0.992,920185.BJ,贝特瑞,Q_E_SO2_INTENSITY,二氧化硫排放强度,E,True,0,,,0,missing_candidate,extend_extraction_rules,0,ambiguous_intensity_disclosure,排放 特征污 特征污染物的 口数 公司名称 方式 染物的 名称 量 种类 贝特瑞 废水 COD 、氨氮、 pH、磷酸盐、悬 浮物、BOD 间接 排放 1 瑞丰新材 料 废气 氮氧化物、二氧 化硫、颗粒物 有组 织排 放 8 四川贝特 瑞 废气 氮氧化物、颗 粒物、二氧化 硫、 VOCs、 苯并芘、沥青 烟 有组 织排 放 15 江苏新能 源 废气 颗粒物、氮氧 化物、二氧化 硫、VOCs、苯 并[a]芘、沥青 烟 有组 织排 放 28 四川瑞鞍 废气 颗粒物、VOC、 沥青烟、苯并[a] 芘、二氧化硫、 氮氧化物 有组 织排 放 10 排放口 分布情 况 工业废 水排放 口 工业废 气排放 口 工业废 气排放 口 工业废 气排放 口 工业废 气排放 口 排放浓度/强度 执行的污染物排放标准 COD 110mg/L ； 氨 氮 15mg/L；磷酸盐 1.0mg/L； 悬 浮 物 100mg/L ； BOD 30mg/L 《广东省水污染物排放限 值》（DB44/26-2001） 氮氧化物：4.581mg/m3，二 氧化硫：0.836mg/m3，颗粒 物：0.456mg/m3 《工业炉窑大气,1,data/text/920185.BJ/2025/annual_report.txt,False
1530,8,4057,65.126502,298,447,149,False,0.337838,1.0,0.275556,1.0,0.979167,12,0.992,002129.SZ,TCL中环,Q_E_SO2_INTENSITY,二氧化硫排放强度,E,True,0,,,0,missing_candidate,extend_extraction_rules,0,no_matching_disclosure_in_text,,1,data/text/002129.SZ/2025/annual_report.txt,False
1531,8,4062,65.069817,299,473,174,False,0.33557,1.0,0.275556,1.0,0.979167,12,0.992,01393.HK,HIDILI INDUSTRY,Q_E_SO2_INTENSITY,二氧化硫排放强度,E,True,0,,,0,missing_candidate,extend_extraction_rules,0,no_matching_disclosure_in_text,,1,data/text/hkex_reports/01393.HK/2025/annual_report.txt,False
1532,8,4065,65.067153,247,329,82,False,0.515464,0.82,0.275556,1.0,0.979167,12,0.992,600973.SH,宝胜股份,Q_E_SO2_INTENSITY,二氧化硫排放强度,E,True,0,,,0,missing_candidate,extend_extraction_rules,0,no_matching_disclosure_in_text,,1,data/text/600973.SH/2025/annual_report.txt,False
1533,8,4071,65.013889,300,422,122,False,0.333333,1.0,0.275556,1.0,0.979167,12,0.992,603032.SH,德新科技,Q_E_SO2_INTENSITY,二氧化硫排放强度,E,True,0,,,0,missing_candidate,extend_extraction_rules,0,no_matching_disclosure_in_text,,2,data/text/603032.SH/2025/annual_report.txt|data/text/603032.SH/2025/esg_report.txt,False
1534,8,4082,64.958701,301,444,143,False,0.331126,1.0,0.275556,1.0,0.979167,12,0.992,300444.SZ,双杰电气,Q_E_SO2_INTENSITY,二氧化硫排放强度,E,True,0,,,0,missing_candidate,extend_extraction_rules,0,no_matching_disclosure_in_text,,1,data/text/300444.SZ/2025/annual_report.txt,False
1535,8,4083,64.958701,301,428,127,False,0.331126,1.0,0.275556,1.0,0.979167,12,0.992,688223.SH,晶科能源,Q_E_SO2_INTENSITY,二氧化硫排放强度,E,True,0,,,0,missing_candidate,extend_extraction_rules,0,related_disclosure_without_compatible_intensity,，由信息安全与保密管理部和信息安全部构成；各体系、各部门负责人和信息安全及隐私 保护接口人组成执行落实层；全体员工组成监督参与层。各层级相互配合，确保安全责任层层压 实到业务末端。公司坚持“全员参与，积极防护，持续提升，助力发展”方针，持续优化信息安 全及隐私保护管理体系，并于 2025 年获得 ISO27001 及 ISO27701 等国际标准认证。 71 / 289 === PAGE 72 === 晶科能源股份有限公司2025 年年度报告 晶科能源坚持“事前严格防控、事中积极应对、事后快速处理”的信息与网络安全应急管理 理念，建立并执行信息安全业务连续性计划：在事前阶段，公司通过威胁建模与风险评估主动识 别并防御潜在安全隐患；在事中阶段，依托自动化响应机制迅速限制损害扩散；在事后阶段，启 动系统恢复程序以最短时间保障业务连续性。2025 年，公司发生的数据泄露事件、重大信息安全 事故或相关诉讼数皆为零。 晶科能源致力于构建“人人重视、人人参与”的信息安全文化氛围。公司明确要求全体员工 在发现信息安全事件、系统漏洞或可疑活动时，迅速向信息安全团队进行报告，推动安全事项解 决。同时，公,1,data/text/688223.SH/2025/annual_report.txt,False
1536,8,4099,64.85049,303,447,144,False,0.326797,1.0,0.275556,1.0,0.979167,12,0.992,300617.SZ,安靠智电,Q_E_SO2_INTENSITY,二氧化硫排放强度,E,True,0,,,0,missing_candidate,extend_extraction_rules,0,no_matching_disclosure_in_text,,1,data/text/300617.SZ/2025/annual_report.txt,False
1537,8,4116,64.745072,305,430,125,False,0.322581,1.0,0.275556,1.0,0.979167,12,0.992,01738.HK,FS ANTHRACITE,Q_E_SO2_INTENSITY,二氧化硫排放强度,E,True,0,,,0,missing_candidate,extend_extraction_rules,0,no_matching_disclosure_in_text,,2,data/text/hkex_reports/01738.HK/2025/annual_report.txt|data/text/hkex_reports/01738.HK/2025/esg_report.txt,False
1538,8,4117,64.745072,305,410,105,False,0.322581,1.0,0.275556,1.0,0.979167,12,0.992,300283.SZ,温州宏丰,Q_E_SO2_INTENSITY,二氧化硫排放强度,E,True,0,,,0,missing_candidate,extend_extraction_rules,0,no_matching_disclosure_in_text,,1,data/text/300283.SZ/2025/annual_report.txt,False
1539,8,4118,64.745072,305,466,161,False,0.322581,1.0,0.275556,1.0,0.979167,12,0.992,300626.SZ,华瑞股份,Q_E_SO2_INTENSITY,二氧化硫排放强度,E,True,0,,,0,missing_candidate,extend_extraction_rules,0,no_matching_disclosure_in_text,,1,data/text/300626.SZ/2025/annual_report.txt,False
1540,8,4120,64.733372,11,108,97,False,0.352113,0.97,0.275556,1.0,0.979167,12,0.992,000922.SZ,佳电股份,Q_E_SO2_INTENSITY,二氧化硫排放强度,E,True,0,,,0,missing_candidate,extend_extraction_rules,0,related_disclosure_without_compatible_intensity,，深化环境事项管理，切实履行环保责任。 外购能源消耗量 吨标准煤 10648.50 063 064 === PAGE 35 === 佳电股份 2025年度环境、社会和公司治理报告 绿动智造 同绘低碳新章 废气 公司持续深化大气环境质量提升行动，坚持源头治理与能源结构优化协同推进，系 统实施颗粒物、二氧化硫、氮氧化物、挥发性有机物、氨等大气污染物与温室气体 的协同管控。在防治实践上，公司针对喷漆环节产生的甲苯、二甲苯、非甲烷总烃 等污染物，配置卷帘喷漆装置并委托第三方专业机构开展常态化运维；生物质锅炉 采用多管式和布袋式方法消烟除尘；动装公司喷漆间废气经由过滤棉与活性炭双重 吸附工艺高效处理，确保稳定达标排放。报告期内，所有污染防治设施运行规范有 序，未发生非正常排放情形，大气污染防控体系持续夯实，治理成效稳步提升。 废水 公司坚持源头防控与末端治理协同推进，将日常产生的生活污水统一输送至内部污 水处理站，采用气浮、生物氧化、沉淀等物理与生化相结合的工艺进行集中处理， 确保出水水质稳定达标后规范接入市政管网。通过工艺优化与精细化运维，公司持 续强化废水治理效能，切实履行水环境保护责任，守,2,data/text/000922.SZ/2025/annual_report.txt|data/text/000922.SZ/2025/esg_report.txt,False
1541,8,4121,64.72254,25,119,94,False,0.381679,0.94,0.275556,1.0,0.979167,12,0.992,600089.SH,特变电工,Q_E_SO2_INTENSITY,二氧化硫排放强度,E,True,0,,,0,missing_candidate,extend_extraction_rules,0,no_matching_disclosure_in_text,,2,data/text/600089.SH/2025/annual_report.txt|data/text/600089.SH/2025/esg_report.txt,False
1542,8,4123,64.693376,306,529,223,False,0.320513,1.0,0.275556,1.0,0.979167,12,0.992,002169.SZ,智光电气,Q_E_SO2_INTENSITY,二氧化硫排放强度,E,True,0,,,0,missing_candidate,extend_extraction_rules,0,no_matching_disclosure_in_text,,1,data/text/002169.SZ/2025/annual_report.txt,False
1543,8,4124,64.693376,306,518,212,False,0.320513,1.0,0.275556,1.0,0.979167,12,0.992,301349.SZ,信德新材,Q_E_SO2_INTENSITY,二氧化硫排放强度,E,True,0,,,0,missing_candidate,extend_extraction_rules,0,no_matching_disclosure_in_text,,1,data/text/301349.SZ/2025/annual_report.txt,False
1544,8,4126,64.685658,248,329,81,False,0.510204,0.81,0.275556,1.0,0.979167,12,0.992,002267.SZ,陕天然气,Q_E_SO2_INTENSITY,二氧化硫排放强度,E,True,0,,,0,missing_candidate,extend_extraction_rules,0,no_matching_disclosure_in_text,,1,data/text/002267.SZ/2025/annual_report.txt,False
1545,8,4127,64.685458,252,335,83,False,0.490196,0.83,0.275556,1.0,0.979167,12,0.992,300932.SZ,三友联众,Q_E_SO2_INTENSITY,二氧化硫排放强度,E,True,0,,,0,missing_candidate,extend_extraction_rules,0,no_matching_disclosure_in_text,,1,data/text/300932.SZ/2025/annual_report.txt,False
1546,8,4131,64.642339,307,450,143,False,0.318471,1.0,0.275556,1.0,0.979167,12,0.992,600333.SH,长春燃气,Q_E_SO2_INTENSITY,二氧化硫排放强度,E,True,0,,,0,missing_candidate,extend_extraction_rules,0,no_matching_disclosure_in_text,,1,data/text/600333.SH/2025/annual_report.txt,False
1547,8,4132,64.642339,307,558,251,False,0.318471,1.0,0.275556,1.0,0.979167,12,0.992,920252.BJ,天宏锂电,Q_E_SO2_INTENSITY,二氧化硫排放强度,E,True,0,,,0,missing_candidate,extend_extraction_rules,0,no_matching_disclosure_in_text,,1,data/text/920252.BJ/2025/annual_report.txt,False
1548,8,4144,64.546498,219,278,59,False,0.724638,0.59,0.275556,1.0,0.979167,12,0.992,600416.SH,湘电股份,Q_E_SO2_INTENSITY,二氧化硫排放强度,E,True,0,,,0,missing_candidate,extend_extraction_rules,0,no_matching_disclosure_in_text,,1,data/text/600416.SH/2025/annual_report.txt,False
1549,8,4154,64.50463,57,142,85,False,0.462963,0.85,0.275556,1.0,0.979167,12,0.992,688063.SH,派能科技,Q_E_SO2_INTENSITY,二氧化硫排放强度,E,True,0,,,0,missing_candidate,extend_extraction_rules,0,no_matching_disclosure_in_text,,2,data/text/688063.SH/2025/annual_report.txt|data/text/688063.SH/2025/esg_report.txt,False
1550,8,4159,64.493056,310,467,157,False,0.3125,1.0,0.275556,1.0,0.979167,12,0.992,300457.SZ,赢合科技,Q_E_SO2_INTENSITY,二氧化硫排放强度,E,True,0,,,0,missing_candidate,extend_extraction_rules,0,no_matching_disclosure_in_text,,1,data/text/300457.SZ/2025/annual_report.txt,False
1551,8,4177,64.411325,131,185,54,False,0.769231,0.54,0.275556,1.0,0.979167,12,0.992,603659.SH,璞泰来,Q_E_SO2_INTENSITY,二氧化硫排放强度,E,True,0,,,0,missing_candidate,extend_extraction_rules,0,no_matching_disclosure_in_text,,1,data/text/603659.SH/2025/annual_report.txt,False
1552,8,4186,64.349267,313,481,168,False,0.306748,1.0,0.275556,1.0,0.979167,12,0.992,600192.SH,长城电工,Q_E_SO2_INTENSITY,二氧化硫排放强度,E,True,0,,,0,missing_candidate,extend_extraction_rules,0,no_matching_disclosure_in_text,,1,data/text/600192.SH/2025/annual_report.txt,False
1553,8,4196,64.271825,213,264,51,False,0.793651,0.51,0.275556,1.0,0.979167,12,0.992,601865.SH,福莱特,Q_E_SO2_INTENSITY,二氧化硫排放强度,E,True,0,,,0,missing_candidate,extend_extraction_rules,0,no_matching_disclosure_in_text,,1,data/text/601865.SH/2025/annual_report.txt,False
1554,8,4199,64.256313,315,449,134,False,0.30303,1.0,0.275556,1.0,0.979167,12,0.992,300286.SZ,安科瑞,Q_E_SO2_INTENSITY,二氧化硫排放强度,E,True,0,,,0,missing_candidate,extend_extraction_rules,0,no_matching_disclosure_in_text,,1,data/text/300286.SZ/2025/annual_report.txt,False
1555,8,4211,64.165585,317,443,126,False,0.299401,1.0,0.275556,1.0,0.979167,12,0.992,300432.SZ,富临精工,Q_E_SO2_INTENSITY,二氧化硫排放强度,E,True,0,,,0,missing_candidate,extend_extraction_rules,0,no_matching_disclosure_in_text,,1,data/text/300432.SZ/2025/annual_report.txt,False
1556,8,4216,64.121032,318,440,122,False,0.297619,1.0,0.275556,1.0,0.979167,12,0.992,300842.SZ,帝科股份,Q_E_SO2_INTENSITY,二氧化硫排放强度,E,True,0,,,0,missing_candidate,extend_extraction_rules,0,no_matching_disclosure_in_text,,1,data/text/300842.SZ/2025/annual_report.txt,False
1557,8,4226,64.037698,122,180,58,False,0.714286,0.58,0.275556,1.0,0.979167,12,0.992,301358.SZ,湖南裕能,Q_E_SO2_INTENSITY,二氧化硫排放强度,E,True,0,,,0,missing_candidate,extend_extraction_rules,0,no_matching_disclosure_in_text,,1,data/text/301358.SZ/2025/annual_report.txt,False
1558,8,4227,64.033497,320,512,192,False,0.294118,1.0,0.275556,1.0,0.979167,12,0.992,605378.SH,野马电池,Q_E_SO2_INTENSITY,二氧化硫排放强度,E,True,0,,,0,missing_candidate,extend_extraction_rules,0,no_matching_disclosure_in_text,,1,data/text/605378.SH/2025/annual_report.txt,False
1559,8,4230,64.013889,300,396,96,False,0.333333,0.96,0.275556,1.0,0.979167,12,0.992,301292.SZ,海科新源,Q_E_SO2_INTENSITY,二氧化硫排放强度,E,True,0,,,0,missing_candidate,extend_extraction_rules,0,no_matching_disclosure_in_text,,1,data/text/301292.SZ/2025/annual_report.txt,False
1560,8,4237,63.949786,65,146,81,False,0.480769,0.81,0.275556,1.0,0.979167,12,0.992,002706.SZ,良信股份,Q_E_SO2_INTENSITY,二氧化硫排放强度,E,True,0,,,0,missing_candidate,extend_extraction_rules,0,related_disclosure_without_compatible_intensity,计建设 40+场景，平均提效 70%，跨部门协作效率提升 40%；借助大数据分析优化业务流程，核心业务办理时长缩短 25%。基础 架构层面：完成华为云平台搭建，同步推进核心系统容器化改造与虚拟化扩容，服务器资源利用率提升至 82%，大幅降 低硬件新增投入。安全防护层面：顺利通过等保三级认证，完成 ISO27001 信息安全管理体系复审，建立“技术防护+制 度规范”双重保障机制，数据安全与隐私保护能力显著提升。AI 应用聚焦场景探索，完成客户服务、文档处理等潜在场 景可行性验证，为后续落地储备方案。全年 IT 建设既夯实了业务支撑底座，又通过合规化、智能化升级实现降本增效双 重目标。 5、构建敏捷、精益、智能的供应链运营体系 2025 年，公司以“敏捷交付、质量卓越、持续降本”为核心目标，深入推进供应链体系的精益化、自动化与数字化 融合，系统提升运营效能，实现库存周转天数缩减，订单交付能力得到显著改善。在质量管控与成本优化方面，公司建 立了覆盖全流程的精益管控与闭环改善机制，推动产品不良率（PPM）降低 25.4%，客户投诉率下降 13.7%。 14 === PAGE 15 === 上海,2,data/text/002706.SZ/2025/annual_report.txt|data/text/002706.SZ/2025/esg_report.txt,False
1561,8,4238,63.947997,322,510,188,False,0.290698,1.0,0.275556,1.0,0.979167,12,0.992,002245.SZ,蔚蓝锂芯,Q_E_SO2_INTENSITY,二氧化硫排放强度,E,True,0,,,0,missing_candidate,extend_extraction_rules,0,no_matching_disclosure_in_text,,1,data/text/002245.SZ/2025/annual_report.txt,False
1562,8,4245,63.905989,323,432,109,False,0.289017,1.0,0.275556,1.0,0.979167,12,0.992,300153.SZ,科泰电源,Q_E_SO2_INTENSITY,二氧化硫排放强度,E,True,0,,,0,missing_candidate,extend_extraction_rules,0,no_matching_disclosure_in_text,,1,data/text/300153.SZ/2025/annual_report.txt,False
1563,8,4252,63.864464,324,471,147,False,0.287356,1.0,0.275556,1.0,0.979167,12,0.992,688573.SH,信宇人,Q_E_SO2_INTENSITY,二氧化硫排放强度,E,True,0,,,0,missing_candidate,extend_extraction_rules,0,no_matching_disclosure_in_text,,1,data/text/688573.SH/2025/annual_report.txt,False
1564,8,4253,63.861111,294,388,94,False,0.347222,0.94,0.275556,1.0,0.979167,12,0.992,002202.SZ,金风科技,Q_E_SO2_INTENSITY,二氧化硫排放强度,E,True,0,,,0,missing_candidate,extend_extraction_rules,0,no_matching_disclosure_in_text,,1,data/text/002202.SZ/2025/annual_report.txt,False
1565,8,4267,63.794192,57,140,83,False,0.454545,0.83,0.275556,1.0,0.979167,12,0.992,601012.SH,隆基绿能,Q_E_SO2_INTENSITY,二氧化硫排放强度,E,True,0,,,0,missing_candidate,extend_extraction_rules,0,related_disclosure_without_compatible_intensity,"境效益情况原则上 应当根据《绿色债券存续期 信息披露指南》相关要求进 行披露，对于无法披露的环 境效益指标应当进行说明） 经测算，本次募集资金投资项目建成后，相比火电每年可以减少 1,338.24 万吨二氧化碳排放，可节约 486.27 万吨标准煤，每年还 可减少大气污染物烟尘 273.27 吨、 二氧化硫 1,334.23 吨、 氮氧化 物 2,137.98 吨。 对于定量环境效益，若存续 期环境效益与注册发行时披 露效益发生重大变化（变动 幅度超 15%）需披露说明原 因 不适用 募集资金管理方式及具体安 排 公司按照 《公司债券发行与交易管理办法》 的相关要求， 设立本期 债券募集资金专项账户，用于公司债券募集资金的归集和管理。 募集资金的存放及执行情况 严格按照募集说明书约定执行。 公司聘请评估认证机构相关 情况 （如有） ， 包括但不限于 评估认证机构基本情况、评 估认证内容及评估结论 不适用 绿色发展与转型升级相关的 公司治理信息（如有） 不适用 其他事项 不适用 债券代码 244386.SH 债券简称 GK 隆基 02 专项债券类型 科技创新公司债券、绿色公司债券 募集总",2,data/text/601012.SH/2025/annual_report.txt|data/text/601012.SH/2025/esg_report.txt,False
1566,8,4273,63.742702,327,430,103,False,0.282486,1.0,0.275556,1.0,0.979167,12,0.992,000966.SZ,长源电力,Q_E_SO2_INTENSITY,二氧化硫排放强度,E,True,0,,,0,missing_candidate,extend_extraction_rules,0,related_disclosure_without_compatible_intensity,治理等环保改造项目。报告期内，公司所属火电企业共缴纳环境保护 税 2279 万元。 报告期内，公司火电机组供电煤耗完成 298.04 克/千瓦时，同比上升 4.27 克/千瓦时， 主要原因系火电机组深度参与电网调峰、机组负荷率下降所致。公司所属火电企业严格落 实排污许可相关规定，自证守法、按证排污，二氧化硫、氮氧化物、烟尘年排放量分别为 1840 吨、3225 吨、422 吨；火电企业均配备废水处理设施，厂区废水经处理实现回用再利 用。 上市公司发生环境事故的相关情况 无。 十六、社会责任情况 报告期内，公司坚持依法治企，规范经营，持续关注自身肩负的社会责任，严格遵守 国家法律、法规和各项监管规定，自觉履行在规范经营、环境保护、保障供应、职工权益 和公益事业等方面应尽的社会义务，诚实守信，依法纳税，努力实现经济价值和社会价值 的和谐统一 。 本公司报告期内履行社会责任情况，详见公司于 2026 年 4 月 24 日在巨潮资讯网上披 露的《国家能源集团长源电力股份有限公司 2025 年度环境、社会及治理（ESG）报告》。 十七、巩固拓展脱贫攻坚成果、乡村振兴的情况 2025 年，公司坚持,1,data/text/000966.SZ/2025/annual_report.txt,False
1567,8,4274,63.742702,327,545,218,False,0.282486,1.0,0.275556,1.0,0.979167,12,0.992,920237.BJ,力佳科技,Q_E_SO2_INTENSITY,二氧化硫排放强度,E,True,0,,,0,missing_candidate,extend_extraction_rules,0,no_matching_disclosure_in_text,,1,data/text/920237.BJ/2025/annual_report.txt,False
1568,8,4290,63.663796,329,453,124,False,0.27933,1.0,0.275556,1.0,0.979167,12,0.992,300340.SZ,科恒股份,Q_E_SO2_INTENSITY,二氧化硫排放强度,E,True,0,,,0,missing_candidate,extend_extraction_rules,0,no_matching_disclosure_in_text,,1,data/text/300340.SZ/2025/annual_report.txt,False
1569,8,4301,63.586633,331,497,166,False,0.276243,1.0,0.275556,1.0,0.979167,12,0.992,002196.SZ,方正电机,Q_E_SO2_INTENSITY,二氧化硫排放强度,E,True,0,,,0,missing_candidate,extend_extraction_rules,0,no_matching_disclosure_in_text,,1,data/text/002196.SZ/2025/annual_report.txt,False
1570,8,4302,63.586633,331,527,196,False,0.276243,1.0,0.275556,1.0,0.979167,12,0.992,08132.HK,CENTURY EN INTL,Q_E_SO2_INTENSITY,二氧化硫排放强度,E,True,0,,,0,missing_candidate,extend_extraction_rules,0,no_matching_disclosure_in_text,,1,data/text/hkex_reports/08132.HK/2025/annual_report.txt,False
1571,8,4410,63.548687,332,440,108,False,0.274725,1.0,0.275556,1.0,0.979167,12,0.992,601611.SH,中国核建,Q_E_SO2_INTENSITY,二氧化硫排放强度,E,True,0,,,0,missing_candidate,extend_extraction_rules,0,no_matching_disclosure_in_text,,1,data/text/601611.SH/2025/annual_report.txt,False
1572,8,4413,63.541667,120,178,58,False,0.694444,0.58,0.275556,1.0,0.979167,12,0.992,688717.SH,艾罗能源,Q_E_SO2_INTENSITY,二氧化硫排放强度,E,True,0,,,0,missing_candidate,extend_extraction_rules,0,no_matching_disclosure_in_text,,1,data/text/688717.SH/2025/annual_report.txt,False
1573,8,4419,63.511157,333,465,132,False,0.273224,1.0,0.275556,1.0,0.979167,12,0.992,300690.SZ,双一科技,Q_E_SO2_INTENSITY,二氧化硫排放强度,E,True,0,,,0,missing_candidate,extend_extraction_rules,0,no_matching_disclosure_in_text,,1,data/text/300690.SZ/2025/annual_report.txt,False
1574,8,4424,63.50334,229,293,64,False,0.632911,0.64,0.275556,1.0,0.979167,12,0.992,688556.SH,高测股份,Q_E_SO2_INTENSITY,二氧化硫排放强度,E,True,0,,,0,missing_candidate,extend_extraction_rules,0,no_matching_disclosure_in_text,,1,data/text/688556.SH/2025/annual_report.txt,False
1575,8,4532,63.474034,334,543,209,False,0.271739,1.0,0.275556,1.0,0.979167,12,0.992,00061.HK,GREEN LEAD-NEW,Q_E_SO2_INTENSITY,二氧化硫排放强度,E,True,0,,,0,missing_candidate,extend_extraction_rules,0,no_matching_disclosure_in_text,,2,data/text/hkex_reports/00061.HK/2025/annual_report.txt|data/text/hkex_reports/00061.HK/2025/esg_report.txt,False
1576,8,4542,63.423361,20,111,91,False,0.359712,0.91,0.275556,1.0,0.979167,12,0.992,00135.HK,KUNLUN ENERGY,Q_E_SO2_INTENSITY,二氧化硫排放强度,E,True,0,,,0,missing_candidate,extend_extraction_rules,0,related_disclosure_without_compatible_intensity,"resulting in annual electricity savings of 69.1542 million kWh an annual decrease in carbon dioxide emissions of 58,100 tonnes an annual reduction in sulfur dioxide emissions of 2.28 tonnes an annual decrease in nitrogen oxide emissions of 8.83 tonnes 86 === PAGE 46 === 2025 Environmental, Social and Governance (ESG) Report Promoting Green Office Practices Kunlun Energy integrates the concept of environmental protection into our daily operations, continuously strengthening the promotion of green",2,data/text/hkex_reports/00135.HK/2025/annual_report.txt|data/text/hkex_reports/00135.HK/2025/esg_report.txt,False
1577,8,4543,63.423361,289,380,91,False,0.359712,0.91,0.275556,1.0,0.979167,12,0.992,002927.SZ,泰永长征,Q_E_SO2_INTENSITY,二氧化硫排放强度,E,True,0,,,0,missing_candidate,extend_extraction_rules,0,no_matching_disclosure_in_text,,1,data/text/002927.SZ/2025/annual_report.txt,False
1578,8,4690,63.400986,336,468,132,False,0.268817,1.0,0.275556,1.0,0.979167,12,0.992,300265.SZ,通光线缆,Q_E_SO2_INTENSITY,二氧化硫排放强度,E,True,0,,,0,missing_candidate,extend_extraction_rules,0,no_matching_disclosure_in_text,,1,data/text/300265.SZ/2025/annual_report.txt,False
1579,8,4691,63.400986,336,499,163,False,0.268817,1.0,0.275556,1.0,0.979167,12,0.992,603806.SH,福斯特,Q_E_SO2_INTENSITY,二氧化硫排放强度,E,True,0,,,0,missing_candidate,extend_extraction_rules,0,no_matching_disclosure_in_text,,1,data/text/603806.SH/2025/annual_report.txt,False
1580,8,4704,63.329492,338,553,215,False,0.265957,1.0,0.275556,1.0,0.979167,12,0.992,920368.BJ,连城数控,Q_E_SO2_INTENSITY,二氧化硫排放强度,E,True,0,,,0,missing_candidate,extend_extraction_rules,0,no_matching_disclosure_in_text,,1,data/text/920368.BJ/2025/annual_report.txt,False
1581,8,4712,63.294312,339,459,120,False,0.26455,1.0,0.275556,1.0,0.979167,12,0.992,603489.SH,八方股份,Q_E_SO2_INTENSITY,二氧化硫排放强度,E,True,0,,,0,missing_candidate,extend_extraction_rules,0,no_matching_disclosure_in_text,,1,data/text/603489.SH/2025/annual_report.txt,False
1582,8,4717,63.261157,333,432,99,False,0.273224,0.99,0.275556,1.0,0.979167,12,0.992,002221.SZ,东华能源,Q_E_SO2_INTENSITY,二氧化硫排放强度,E,True,0,,,0,missing_candidate,extend_extraction_rules,0,no_matching_disclosure_in_text,,1,data/text/002221.SZ/2025/annual_report.txt,False
1583,8,4719,63.259503,340,521,181,False,0.263158,1.0,0.275556,1.0,0.979167,12,0.992,000049.SZ,德赛电池,Q_E_SO2_INTENSITY,二氧化硫排放强度,E,True,0,,,0,missing_candidate,extend_extraction_rules,0,no_matching_disclosure_in_text,,1,data/text/000049.SZ/2025/annual_report.txt,False
1584,8,4726,63.225058,341,470,129,False,0.26178,1.0,0.275556,1.0,0.979167,12,0.992,002865.SZ,钧达股份,Q_E_SO2_INTENSITY,二氧化硫排放强度,E,True,0,,,0,missing_candidate,extend_extraction_rules,0,no_matching_disclosure_in_text,,1,data/text/002865.SZ/2025/annual_report.txt,False
1585,8,4727,63.225058,341,551,210,False,0.26178,1.0,0.275556,1.0,0.979167,12,0.992,600688.SH,上海石化,Q_E_SO2_INTENSITY,二氧化硫排放强度,E,True,0,,,0,missing_candidate,extend_extraction_rules,0,related_disclosure_without_compatible_intensity,为行业排放标准浓度，执行的其他标准浓度可查询生态环境部门公开信息。 注 4：主要排放口的全年排放平均浓度均在相应披露区间范围内，具体可查询生态环境部门公 开信息。 3、防治污染设施的建设和运行情况 主要污染设施 名称 污染物名称 排放限值 （mg/m3） 2025 年实际 （mg/m3） 达标情况 SO2 35 6.44 达标 热电锅炉 NOX 50 16.53 达标 颗粒物 10 1.67 达标 2#硫磺 SO2 100 15.13 达标 3#硫磺 SO2 100 2.17 达标 4#硫磺 SO2 100 18.88 达标 SO2 50 7.29 达标 催化裂化 NOX 100 17.67 达标 颗粒物 30 13.08 达标 SO2 50 2.19 达标 工艺加热炉 NOX 100 32.99 达标 颗粒物 20 0.87 达标 污水处理装置 CODmg/l 60 28.90 达标 氨氮 mg/l 8 0.26 达标 4、建设项目环境影响评价及其他环境保护行政许可情况 根据国家环境影响评价法、建设项目环境影响评价分类管理名录和《<建设项目环境影响 评价分类管理名录>上海市实施细化规,2,data/text/600688.SH/2025/annual_report.txt|data/text/600688.SH/2025/esg_report.txt,False
1586,8,4739,63.190972,342,458,116,False,0.260417,1.0,0.275556,1.0,0.979167,12,0.992,603212.SH,赛伍技术,Q_E_SO2_INTENSITY,二氧化硫排放强度,E,True,0,,,0,missing_candidate,extend_extraction_rules,0,no_matching_disclosure_in_text,,1,data/text/603212.SH/2025/annual_report.txt,False
1587,8,4745,63.157239,343,455,112,False,0.259067,1.0,0.275556,1.0,0.979167,12,0.992,301456.SZ,盘古智能,Q_E_SO2_INTENSITY,二氧化硫排放强度,E,True,0,,,0,missing_candidate,extend_extraction_rules,0,no_matching_disclosure_in_text,,1,data/text/301456.SZ/2025/annual_report.txt,False
1588,8,4749,63.123855,344,463,119,False,0.257732,1.0,0.275556,1.0,0.979167,12,0.992,301238.SZ,瑞泰新材,Q_E_SO2_INTENSITY,二氧化硫排放强度,E,True,0,,,0,missing_candidate,extend_extraction_rules,0,related_disclosure_without_compatible_intensity,"解质盐及添加剂。 公司核心技术人员有 10 年以上产品开发及 产业化经验，能够较 快实施产品从小试研 发走向产业化。 光学材料 工业化应用 均为本公司员工 公司拥有光学材料系 列产品的核心原料的 自主知识产权，授权 发明专利>5 篇。如： 一种合成全氟烷基磺 酰亚胺盐的方法、三 氟甲基磺酰氟 CF3SO2F 分离精制的 方法等。 公司在光学材料行业 耕耘多年，具备核心 原料的制造技术，建 立了较高的技术壁 垒。 主要产品的产能情况 主要产品 设计产能 产能利用率 在建产能 投资建设情况 电子化学品 710,954.17 吨 10.04% 0 / 注：所有项目包括本报告期内投产的项目均已按生产时间占全年的比例计算产能。 主要化工园区的产品种类情况 主要化工园区 产品种类 1、江苏扬子江国际化学工业园 电子化学品、有机硅材料 2、宁德市福鼎市龙安工业园区 电子化学品、有机硅材料 13 === PAGE 14 === 3、衢州智造新城高新片区 4、自贡川南新材料化工园区 报告期内正在申请或者新增取得的环评批复情况 □适用 不适用 报告期内上市公司出现非正常停产情形 □适用 不适用 相关批",1,data/text/301238.SZ/2025/annual_report.txt,False
1589,8,4764,63.058107,346,491,145,False,0.255102,1.0,0.275556,1.0,0.979167,12,0.992,300443.SZ,金雷股份,Q_E_SO2_INTENSITY,二氧化硫排放强度,E,True,0,,,0,missing_candidate,extend_extraction_rules,0,no_matching_disclosure_in_text,,1,data/text/300443.SZ/2025/annual_report.txt,False
1590,8,4770,63.025733,347,448,101,False,0.253807,1.0,0.275556,1.0,0.979167,12,0.992,002015.SZ,协鑫能科,Q_E_SO2_INTENSITY,二氧化硫排放强度,E,True,0,,,0,missing_candidate,extend_extraction_rules,0,related_disclosure_without_compatible_intensity,券交易所上市公司自律监管指引第 3 号——行业信息披露》中电力供应业的披露要求 报告期内，环保政策、法规的执行未对公司产生重大影响。公司下属燃煤热电企业综合供电标煤耗 167.5g/KWh，下 属清洁能源及可再生能源企业发电、供热合计节约标煤约 166.7 万吨，减排二氧化碳约 433.42 万吨，二氧化硫约 1.42 万 吨，氮氧化物约 1.23 万吨。 上市公司发生环境事故的相关情况 不适用 十六、社会责任情况 详见公司披露于巨潮资讯网（http://www.cninfo.com.cn）上披露的《2025 年度可持续发展报告》。 十七、巩固拓展脱贫攻坚成果、乡村振兴的情况 详见公司披露于巨潮资讯网（http://www.cninfo.com.cn）上披露的《2025 年度可持续发展报告》。 64 === PAGE 65 === 协鑫能源科技股份有限公司 2025 年年度报告全文 第五节 重要事项 一、承诺事项履行情况 1、公司实际控制人、股东、关联方、收购人以及公司等承诺相关方在报告期内履行完毕及截至报告期 末尚未履行完毕的承诺事项 适用 □不适用 承诺事由 承诺方 承诺类型 承,1,data/text/002015.SZ/2025/annual_report.txt,False
1591,8,4771,63.025733,347,560,213,False,0.253807,1.0,0.275556,1.0,0.979167,12,0.992,920809.BJ,安达科技,Q_E_SO2_INTENSITY,二氧化硫排放强度,E,True,0,,,0,missing_candidate,extend_extraction_rules,0,no_matching_disclosure_in_text,,1,data/text/920809.BJ/2025/annual_report.txt,False
1592,8,4777,62.993687,348,462,114,False,0.252525,1.0,0.275556,1.0,0.979167,12,0.992,002451.SZ,摩恩电气,Q_E_SO2_INTENSITY,二氧化硫排放强度,E,True,0,,,0,missing_candidate,extend_extraction_rules,0,no_matching_disclosure_in_text,,1,data/text/002451.SZ/2025/annual_report.txt,False
1593,8,4797,62.877924,226,285,59,False,0.657895,0.59,0.275556,1.0,0.979167,12,0.992,600149.SH,廊坊发展,Q_E_SO2_INTENSITY,二氧化硫排放强度,E,True,0,,,0,missing_candidate,extend_extraction_rules,0,no_matching_disclosure_in_text,,1,data/text/600149.SH/2025/annual_report.txt,False
1594,8,4801,62.838191,353,457,104,False,0.246305,1.0,0.275556,1.0,0.979167,12,0.992,301157.SZ,华塑科技,Q_E_SO2_INTENSITY,二氧化硫排放强度,E,True,0,,,0,missing_candidate,extend_extraction_rules,0,no_matching_disclosure_in_text,,1,data/text/301157.SZ/2025/annual_report.txt,False
1595,8,4811,62.808007,354,476,122,False,0.245098,1.0,0.275556,1.0,0.979167,12,0.992,300907.SZ,康平科技,Q_E_SO2_INTENSITY,二氧化硫排放强度,E,True,0,,,0,missing_candidate,extend_extraction_rules,0,no_matching_disclosure_in_text,,1,data/text/300907.SZ/2025/annual_report.txt,False
1596,8,4819,62.748517,356,535,179,False,0.242718,1.0,0.275556,1.0,0.979167,12,0.992,600452.SH,涪陵电力,Q_E_SO2_INTENSITY,二氧化硫排放强度,E,True,0,,,0,missing_candidate,extend_extraction_rules,0,no_matching_disclosure_in_text,,1,data/text/600452.SH/2025/annual_report.txt,False
1597,8,4828,62.690171,358,500,142,False,0.240385,1.0,0.275556,1.0,0.979167,12,0.992,600725.SH,云维股份,Q_E_SO2_INTENSITY,二氧化硫排放强度,E,True,0,,,0,missing_candidate,extend_extraction_rules,0,no_matching_disclosure_in_text,,2,data/text/600725.SH/2025/annual_report.txt|data/text/600725.SH/2025/esg_report.txt,False
1598,8,4839,62.621416,243,313,70,False,0.537634,0.7,0.275556,1.0,0.979167,12,0.992,002606.SZ,大连电瓷,Q_E_SO2_INTENSITY,二氧化硫排放强度,E,True,0,,,0,missing_candidate,extend_extraction_rules,0,no_matching_disclosure_in_text,,1,data/text/002606.SZ/2025/annual_report.txt,False
1599,8,4842,62.604726,361,511,150,False,0.236967,1.0,0.275556,1.0,0.979167,12,0.992,601868.SH,中国能建,Q_E_SO2_INTENSITY,二氧化硫排放强度,E,True,0,,,0,missing_candidate,extend_extraction_rules,0,related_disclosure_without_compatible_intensity,大影响（ 如有） 不涉及 募集资金所投向的绿色项目环境效益， 所遴选的绿色项目环境效益测算的标准 、方法、依据和重要前提条件 参照原中国银行保险监督管理委员会 《绿色信贷项目节 能减排量测算指引》中“3.2 清洁能源设施建设和运营” 计算公式计算项目的年减排二氧化碳量、 年替代化石能 源量、 年减排二氧化硫量、 年减排氮氧化物量、 年减排 烟尘量。 募集资金所投向的绿色项目预期与/或实 际环境效益情况（具体环境效益情况原 则上应当根据《绿色债券存续期信息披 露指南》相关要求进行披露，对于无法 披露的环境效益指标应当进行说明） 本 期 债 券 募 集 资 金 实 际 投 放 的 中 能 建 投 大 荔 同 州 100MW 农光互补项目产生的替代化石能源量与发行前 的预期基本持平； 产生的二氧化碳年减排量、 二氧化硫 年减排量、 氮氧化物年减排量以及烟尘年减排量均相较 于发行前预期降幅超过 15%，主要是由于“可再生能源 发电项目所在地区区域电网的二氧化碳基准线排放因 子、 年度全国平均火电供电煤耗、 年度全国平均火电厂 厂用电率、 单位火电发电量二氧化硫排放量、 单位火电 发电量氮氧化物,1,data/text/601868.SH/2025/annual_report.txt,False
1600,8,4999,62.441817,61,139,78,False,0.45045,0.78,0.275556,1.0,0.979167,12,0.992,688005.SH,容百科技,Q_E_SO2_INTENSITY,二氧化硫排放强度,E,True,0,,,0,missing_candidate,extend_extraction_rules,0,no_matching_disclosure_in_text,,2,data/text/688005.SH/2025/annual_report.txt|data/text/688005.SH/2025/esg_report.txt,False
1601,8,5000,62.440924,367,490,123,False,0.230415,1.0,0.275556,1.0,0.979167,12,0.992,601908.SH,京运通,Q_E_SO2_INTENSITY,二氧化硫排放强度,E,True,0,,,0,missing_candidate,extend_extraction_rules,0,no_matching_disclosure_in_text,,1,data/text/601908.SH/2025/annual_report.txt,False
1602,8,5001,62.440924,367,526,159,False,0.230415,1.0,0.275556,1.0,0.979167,12,0.992,603218.SH,日月股份,Q_E_SO2_INTENSITY,二氧化硫排放强度,E,True,0,,,0,missing_candidate,extend_extraction_rules,0,no_matching_disclosure_in_text,,1,data/text/603218.SH/2025/annual_report.txt,False
1603,8,5003,62.434757,269,350,81,False,0.420168,0.81,0.275556,1.0,0.979167,12,0.992,003021.SZ,兆威机电,Q_E_SO2_INTENSITY,二氧化硫排放强度,E,True,0,,,0,missing_candidate,extend_extraction_rules,0,no_matching_disclosure_in_text,,1,data/text/003021.SZ/2025/annual_report.txt,False
1604,8,5013,62.362374,370,475,105,False,0.227273,1.0,0.275556,1.0,0.979167,12,0.992,002255.SZ,海陆重工,Q_E_SO2_INTENSITY,二氧化硫排放强度,E,True,0,,,0,missing_candidate,extend_extraction_rules,0,no_matching_disclosure_in_text,,1,data/text/002255.SZ/2025/annual_report.txt,False
1605,8,5014,62.362374,370,509,139,False,0.227273,1.0,0.275556,1.0,0.979167,12,0.992,600847.SH,万里股份,Q_E_SO2_INTENSITY,二氧化硫排放强度,E,True,0,,,0,missing_candidate,extend_extraction_rules,0,no_matching_disclosure_in_text,,2,data/text/600847.SH/2025/annual_report.txt|data/text/600847.SH/2025/esg_report.txt,False
1606,8,5024,62.336664,371,508,137,False,0.226244,1.0,0.275556,1.0,0.979167,12,0.992,301222.SZ,浙江恒威,Q_E_SO2_INTENSITY,二氧化硫排放强度,E,True,0,,,0,missing_candidate,extend_extraction_rules,0,no_matching_disclosure_in_text,,1,data/text/301222.SZ/2025/annual_report.txt,False
1607,8,5035,62.260913,374,484,110,False,0.223214,1.0,0.275556,1.0,0.979167,12,0.992,002060.SZ,广东建工,Q_E_SO2_INTENSITY,二氧化硫排放强度,E,True,0,,,0,missing_candidate,extend_extraction_rules,0,no_matching_disclosure_in_text,,1,data/text/002060.SZ/2025/annual_report.txt,False
1608,8,5040,62.236111,375,523,148,False,0.222222,1.0,0.275556,1.0,0.979167,12,0.992,600405.SH,动力源,Q_E_SO2_INTENSITY,二氧化硫排放强度,E,True,0,,,0,missing_candidate,extend_extraction_rules,0,no_matching_disclosure_in_text,,1,data/text/600405.SH/2025/annual_report.txt,False
1609,8,5056,62.163012,378,556,178,False,0.219298,1.0,0.275556,1.0,0.979167,12,0.992,920299.BJ,灿能电力,Q_E_SO2_INTENSITY,二氧化硫排放强度,E,True,0,,,0,missing_candidate,extend_extraction_rules,0,no_matching_disclosure_in_text,,1,data/text/920299.BJ/2025/annual_report.txt,False
1610,8,5069,62.079052,33,117,84,False,0.37594,0.84,0.275556,1.0,0.979167,12,0.992,688032.SH,禾迈股份,Q_E_SO2_INTENSITY,二氧化硫排放强度,E,True,0,,,0,missing_candidate,extend_extraction_rules,0,no_matching_disclosure_in_text,,2,data/text/688032.SH/2025/annual_report.txt|data/text/688032.SH/2025/esg_report.txt,False
1611,8,5073,62.068487,382,524,142,False,0.215517,1.0,0.275556,1.0,0.979167,12,0.992,000767.SZ,晋控电力,Q_E_SO2_INTENSITY,二氧化硫排放强度,E,True,0,,,0,missing_candidate,extend_extraction_rules,0,related_disclosure_without_compatible_intensity,律监管指引第 3 号——行业信息披露》中电力供应业的披露要求 公司生产经营过程中，严格遵守国家环保法律法规，承担环保责任，推进科技创新，坚持绿色低碳发展。公司所涉 及火力发电单位建设有脱硫、脱硝、除尘环保设施，均能达到超低排放标准，并通过了环境主管部门验收备案。公司所 属各单位环保设施正常稳定运行，二氧化硫、氮氧化物、烟尘等大气污染物排放浓度达到山西省《燃煤电厂大气污染物 排放标准》（DB14/1703-2019)标准要求，污染物排放量符合排污许可证要求，生产废水全部处理后回用，不外排。 上市公司发生环境事故的相关情况 无 十六、社会责任情况 2025 年，公司坚守能源保供核心职责，践行国企使命，紧扣“双碳”战略与黄河流域生态保护和高质量发展要求， 在能源保供、绿色转型、安全生产、民生服务、员工关怀等领域深耕实干，交出了有温度、有力度、有厚度的社会责任 答卷。 44 === PAGE 45 === 晋能控股山西电力股份有限公司 2025 年年度报告全文 公司作为山西省骨干发电企业，将保发电、保供热、保民生作为首要任务，筑牢能源保供底线。全年强化机组运维 与稳发满发，保障区域用电需求；聚,2,data/text/000767.SZ/2025/annual_report.txt|data/text/000767.SZ/2025/esg_report.txt,False
1612,8,5074,62.068487,382,482,100,False,0.215517,1.0,0.275556,1.0,0.979167,12,0.992,300438.SZ,鹏辉能源,Q_E_SO2_INTENSITY,二氧化硫排放强度,E,True,0,,,0,missing_candidate,extend_extraction_rules,0,no_matching_disclosure_in_text,,1,data/text/300438.SZ/2025/annual_report.txt,False
1613,8,5088,62.022436,384,506,122,False,0.213675,1.0,0.275556,1.0,0.979167,12,0.992,300904.SZ,威力传动,Q_E_SO2_INTENSITY,二氧化硫排放强度,E,True,0,,,0,missing_candidate,extend_extraction_rules,0,no_matching_disclosure_in_text,,1,data/text/300904.SZ/2025/annual_report.txt,False
1614,8,5105,61.956418,56,134,78,False,0.431034,0.78,0.275556,1.0,0.979167,12,0.992,601985.SH,中国核电,Q_E_SO2_INTENSITY,二氧化硫排放强度,E,True,0,,,0,missing_candidate,extend_extraction_rules,0,related_disclosure_without_compatible_intensity,要求进行披露， 对于无法披 露的环境效益指标应当进行说明） 按照资金使用比例对所产生的环境效益进行折算再进 行累计加和， 与同等发电量的火力发电项目相比， 募投 项目中已投运项目 2025 年度实现减排二氧化碳 22.12 万吨， 节约标准煤 10.15 万吨， 减排颗粒物 4.36 吨， 减 排 SO2 25.85 吨，减排 NOx 41.96 吨；在建项目全部投 运后预计实现年减排二氧化碳 3.67 万吨，节约标准煤 1.57 万吨，减排颗粒物 0.68 吨，减排 SO2 4.00 吨，减 排 NOx6.50 吨。 对于定量环境效益，若存续期环境效益 与注册发行时披露效益发生重大变化（ 变动幅度超 15%）需披露说明原因 不涉及 募集资金管理方式及具体安排 公司已在中信银行股份有限公司开立监管账户， 对募集 资金实行专户资金监管。 募集资金的存放及执行情况 债券募集资金严格按照监管要求设置专户管理， 确保募 集资金的合理有效使用。 截至当前， 15 亿元募集资金已 使用完毕，募集资金全部用于募集说明书所披露内容。 公司聘请评估认证机构相关情况（如有） 联合赤道环境评价股份有限公司(,2,data/text/601985.SH/2025/annual_report.txt|data/text/601985.SH/2025/esg_report.txt,False
1615,8,5106,61.954817,387,489,102,False,0.21097,1.0,0.275556,1.0,0.979167,12,0.992,600719.SH,大连热电,Q_E_SO2_INTENSITY,二氧化硫排放强度,E,True,0,,,0,missing_candidate,extend_extraction_rules,0,no_matching_disclosure_in_text,,1,data/text/600719.SH/2025/annual_report.txt,False
1616,8,5113,61.930556,198,219,21,True,1.0,0.21,0.275556,1.0,0.979167,12,0.992,002533.SZ,金杯电工,Q_E_SO2_INTENSITY,二氧化硫排放强度,E,True,0,,,0,missing_candidate,extend_extraction_rules,0,no_matching_disclosure_in_text,,1,data/text/002533.SZ/2025/annual_report.txt,False
1617,8,5116,61.910681,389,533,144,False,0.209205,1.0,0.275556,1.0,0.979167,12,0.992,920556.BJ,雅达股份,Q_E_SO2_INTENSITY,二氧化硫排放强度,E,True,0,,,0,missing_candidate,extend_extraction_rules,0,related_disclosure_without_compatible_intensity,术等，这些专利技术 及内嵌软件被运用于智能电力测控仪表及测控装置、智能配电装置、传感器、电气安全测控探测装置 等产品之中。 公司拥有现代化生产制造技术、设备和洁净车间，取得 ISO9001 质量管理、ISO14001 环境管理、 OHSAS18001 职业健康安全管理、ISO10012 测量管理、ISO27001 信息安全管理等体系认证以及计量产 品制造相关资质。公司保持一贯的重视研发投入的经营理念，组建了“广东省智能电力测控仪工程技 术研发中心”，始终坚持自主创新与吸收引进相结合，不断加大研发投入，持续开发和提供先进的技 术、工艺、方案和产品，一方面，加强对已有产品的技术改造和工艺改良，降低成本；另一方面，通 过时刻关注行业发展动向，进行前瞻性技术开发，储备内生增长动力，丰富产品类型，提升公司核心 竞争力以增强企业技术创新能力和市场竞争力。 报告期内，公司一直专注于智能电力测控产品的研发、生产和销售以及电力监控系统集成服务， 公司主营业务未发生重大变化。 报告期内核心竞争力变化情况： □适用 √不适用 专精特新等认定情况 √适用 □不适用 “专精特新”认定 □国家级 √省（市）级 “,1,data/text/920556.BJ/2025/annual_report.txt,False
1618,8,5121,61.871416,90,157,67,False,0.537634,0.67,0.275556,1.0,0.979167,12,0.992,300409.SZ,道氏技术,Q_E_SO2_INTENSITY,二氧化硫排放强度,E,True,0,,,0,missing_candidate,extend_extraction_rules,0,no_matching_disclosure_in_text,,1,data/text/300409.SZ/2025/annual_report.txt,False
1619,8,5124,61.86038,160,193,33,False,0.877193,0.33,0.275556,1.0,0.979167,12,0.992,300919.SZ,中伟新材,Q_E_SO2_INTENSITY,二氧化硫排放强度,E,True,0,,,0,missing_candidate,extend_extraction_rules,0,no_matching_disclosure_in_text,,1,data/text/300919.SZ/2025/annual_report.txt,False
1620,8,5128,61.845845,392,519,127,False,0.206612,1.0,0.275556,1.0,0.979167,12,0.992,000703.SZ,恒逸石化,Q_E_SO2_INTENSITY,二氧化硫排放强度,E,True,0,,,0,missing_candidate,extend_extraction_rules,0,no_matching_disclosure_in_text,,1,data/text/000703.SZ/2025/annual_report.txt,False
1621,8,5129,61.845845,392,546,154,False,0.206612,1.0,0.275556,1.0,0.979167,12,0.992,600027.SH,华电国际,Q_E_SO2_INTENSITY,二氧化硫排放强度,E,True,0,,,0,missing_candidate,extend_extraction_rules,0,no_matching_disclosure_in_text,,1,data/text/600027.SH/2025/annual_report.txt,False
1622,8,5140,61.803506,394,541,147,False,0.204918,1.0,0.275556,1.0,0.979167,12,0.992,920414.BJ,欧普泰,Q_E_SO2_INTENSITY,二氧化硫排放强度,E,True,0,,,0,missing_candidate,extend_extraction_rules,0,no_matching_disclosure_in_text,,1,data/text/920414.BJ/2025/annual_report.txt,False
1623,8,5152,61.741284,397,509,112,False,0.202429,1.0,0.275556,1.0,0.979167,12,0.992,300510.SZ,金冠股份,Q_E_SO2_INTENSITY,二氧化硫排放强度,E,True,0,,,0,missing_candidate,extend_extraction_rules,0,no_matching_disclosure_in_text,,1,data/text/300510.SZ/2025/annual_report.txt,False
1624,8,5256,61.700636,399,557,158,False,0.200803,1.0,0.275556,1.0,0.979167,12,0.992,000407.SZ,胜利股份,Q_E_SO2_INTENSITY,二氧化硫排放强度,E,True,0,,,0,missing_candidate,extend_extraction_rules,0,no_matching_disclosure_in_text,,1,data/text/000407.SZ/2025/annual_report.txt,False
1625,8,5323,61.663012,378,476,98,False,0.219298,0.98,0.275556,1.0,0.979167,12,0.992,301487.SZ,盟固利,Q_E_SO2_INTENSITY,二氧化硫排放强度,E,True,0,,,0,missing_candidate,extend_extraction_rules,0,no_matching_disclosure_in_text,,1,data/text/301487.SZ/2025/annual_report.txt,False
1626,8,5324,61.660635,401,513,112,False,0.199203,1.0,0.275556,1.0,0.979167,12,0.992,002700.SZ,万憬能源,Q_E_SO2_INTENSITY,二氧化硫排放强度,E,True,0,,,0,missing_candidate,extend_extraction_rules,0,no_matching_disclosure_in_text,,1,data/text/002700.SZ/2025/annual_report.txt,False
1627,8,5345,61.563368,406,519,113,False,0.195312,1.0,0.275556,1.0,0.979167,12,0.992,000637.SZ,茂化实华,Q_E_SO2_INTENSITY,二氧化硫排放强度,E,True,0,,,0,missing_candidate,extend_extraction_rules,0,no_matching_disclosure_in_text,,1,data/text/000637.SZ/2025/annual_report.txt,False
1628,8,5351,61.544192,66,140,74,False,0.454545,0.74,0.275556,1.0,0.979167,12,0.992,300001.SZ,特锐德,Q_E_SO2_INTENSITY,二氧化硫排放强度,E,True,0,,,0,missing_candidate,extend_extraction_rules,0,likely_methodology_compatible_rule_gap,"中，悬浮物 吨 1.20 配图待替换 社会类关键绩效指标 单位 2025年数据 劳动合同签订率 % 100 氨氮（NH₃-N） 吨 0.026 社保覆盖率 % 100 总磷（以 P 计） 吨 0.0070 员工总人数 人 9,030 废水回收利用率 % 19.71 残疾员工人数 人 18 无害废弃物产生量 吨 9,936.19 全职员工 人 9,030 无害废弃物循环利用率 % 100 按员工类别划分员工人数 劳务派遣 人 0 有害废弃物产生量 吨 1,401.71 兼职员工 人 0 无害废弃物密度 吨/万元营收 0.0063 女性 人 2,195 有害废弃物密度 吨/万元营收 0.00089 按性别划分员工人数 男性 人 6,835 氮氧化物（NOX） 吨 2.04 30岁以下（不含30岁） 人 3,852 二氧化硫 吨 0.20 30-39岁 人 3,813 按年龄划分员工人数 挥发性有机化合物（VOC） 吨 11.13 40-49岁 人 1,133 颗粒物（PM） 吨 17.85 50岁及以上 人 232 123 124 === PAGE 65 === 关于本报告 董事长致辞 公",2,data/text/300001.SZ/2025/annual_report.txt|data/text/300001.SZ/2025/esg_report.txt,False
1629,8,5353,61.523075,277,357,80,False,0.393701,0.8,0.275556,1.0,0.979167,12,0.992,688408.SH,中信博,Q_E_SO2_INTENSITY,二氧化硫排放强度,E,True,0,,,0,missing_candidate,extend_extraction_rules,0,no_matching_disclosure_in_text,,1,data/text/688408.SH/2025/annual_report.txt,False
1630,8,5382,61.362654,112,169,57,False,0.617284,0.57,0.275556,1.0,0.979167,12,0.992,603619.SH,中曼石油,Q_E_SO2_INTENSITY,二氧化硫排放强度,E,True,0,,,0,missing_candidate,extend_extraction_rules,0,no_matching_disclosure_in_text,,1,data/text/603619.SH/2025/annual_report.txt,False
1631,8,5390,61.327396,419,536,117,False,0.185874,1.0,0.275556,1.0,0.979167,12,0.992,00934.HK,SINOPEC KANTONS,Q_E_SO2_INTENSITY,二氧化硫排放强度,E,True,0,,,0,missing_candidate,extend_extraction_rules,0,no_matching_disclosure_in_text,,2,data/text/hkex_reports/00934.HK/2025/annual_report.txt|data/text/hkex_reports/00934.HK/2025/esg_report.txt,False
1632,8,5395,61.310185,420,540,120,False,0.185185,1.0,0.275556,1.0,0.979167,12,0.992,920167.BJ,同享科技,Q_E_SO2_INTENSITY,二氧化硫排放强度,E,True,0,,,0,missing_candidate,extend_extraction_rules,0,no_matching_disclosure_in_text,,1,data/text/920167.BJ/2025/annual_report.txt,False
1633,8,5397,61.305556,114,170,56,False,0.625,0.56,0.275556,1.0,0.979167,12,0.992,603530.SH,神马电力,Q_E_SO2_INTENSITY,二氧化硫排放强度,E,True,0,,,0,missing_candidate,extend_extraction_rules,0,no_matching_disclosure_in_text,,1,data/text/603530.SH/2025/annual_report.txt,False
1634,8,5411,61.244509,365,460,95,False,0.232558,0.95,0.275556,1.0,0.979167,12,0.992,301587.SZ,中瑞股份,Q_E_SO2_INTENSITY,二氧化硫排放强度,E,True,0,,,0,missing_candidate,extend_extraction_rules,0,no_matching_disclosure_in_text,,1,data/text/301587.SZ/2025/annual_report.txt,False
1635,8,5421,61.190924,367,462,95,False,0.230415,0.95,0.275556,1.0,0.979167,12,0.992,301179.SZ,泽宇智能,Q_E_SO2_INTENSITY,二氧化硫排放强度,E,True,0,,,0,missing_candidate,extend_extraction_rules,0,no_matching_disclosure_in_text,,1,data/text/301179.SZ/2025/annual_report.txt,False
1636,8,5429,61.128954,431,531,100,False,0.177936,1.0,0.275556,1.0,0.979167,12,0.992,000601.SZ,韶能股份,Q_E_SO2_INTENSITY,二氧化硫排放强度,E,True,0,,,0,missing_candidate,extend_extraction_rules,0,no_matching_disclosure_in_text,,1,data/text/000601.SZ/2025/annual_report.txt,False
1637,8,5532,61.061508,234,292,58,False,0.595238,0.58,0.275556,1.0,0.979167,12,0.992,301121.SZ,紫建电子,Q_E_SO2_INTENSITY,二氧化硫排放强度,E,True,0,,,0,missing_candidate,extend_extraction_rules,0,no_matching_disclosure_in_text,,1,data/text/301121.SZ/2025/annual_report.txt,False
1638,8,5541,61.035956,437,542,105,False,0.174216,1.0,0.275556,1.0,0.979167,12,0.992,08270.HK,CHINA CBM,Q_E_SO2_INTENSITY,二氧化硫排放强度,E,True,0,,,0,missing_candidate,extend_extraction_rules,0,ambiguous_intensity_disclosure,"O2-e A1.1 －溫室氣體排放（範圍3間接） 噸二氧化碳當量 A1.1 – Total GHG^ emissions 19,015.58 88,920.88 tCO2-e A1.1 －溫室氣體^總排放量 噸二氧化碳當量 A1.1 – GHG intensity per m2 0.063 0.296 Intensity ratio A1.1 －每平方米溫室氣體密度 密度比率 A1.1 – GHG intensity per million RMB revenue# 198.69 365.08 Intensity ratio A1.1 －每百萬人民幣收入溫室氣體密度# 密度比率 A1.2 – NOx Emissions Nitrogen Oxides (NOX) 202.03 173.71 Kilogram A1.2 －氮氧化物(NOX)排放 千克 A1.2 – SOx Emissions Sulphur Dioxide (SO2) 0.89 0.98 Kilogram A1.2 －硫氧化物(SO2)排放 千克 A1.2 – Particulate Matter (PM) 18.76 ",2,data/text/hkex_reports/08270.HK/2025/annual_report.txt|data/text/hkex_reports/08270.HK/2025/esg_report.txt,False
1639,8,5549,60.992199,21,104,83,False,0.342466,0.83,0.275556,1.0,0.979167,12,0.992,600917.SH,重庆燃气,Q_E_SO2_INTENSITY,二氧化硫排放强度,E,True,0,,,0,missing_candidate,extend_extraction_rules,0,no_matching_disclosure_in_text,,2,data/text/600917.SH/2025/annual_report.txt|data/text/600917.SH/2025/esg_report.txt,False
1640,8,5569,60.841846,152,188,36,False,0.806452,0.36,0.275556,1.0,0.979167,12,0.992,688611.SH,杭州柯林,Q_E_SO2_INTENSITY,二氧化硫排放强度,E,True,0,,,0,missing_candidate,extend_extraction_rules,0,no_matching_disclosure_in_text,,1,data/text/688611.SH/2025/annual_report.txt,False
1641,8,5579,60.771825,150,187,37,False,0.793651,0.37,0.275556,1.0,0.979167,12,0.992,688330.SH,宏力达,Q_E_SO2_INTENSITY,二氧化硫排放强度,E,True,0,,,0,missing_candidate,extend_extraction_rules,0,no_matching_disclosure_in_text,,1,data/text/688330.SH/2025/annual_report.txt,False
1642,8,5595,60.712814,460,562,102,False,0.16129,1.0,0.275556,1.0,0.979167,12,0.992,00276.HK,MONGOLIA ENERGY,Q_E_SO2_INTENSITY,二氧化硫排放强度,E,True,0,,,0,missing_candidate,extend_extraction_rules,0,no_matching_disclosure_in_text,,1,data/text/00276.HK/2025/annual_report.txt,False
1643,8,5602,60.666819,98,159,61,False,0.549451,0.61,0.275556,1.0,0.979167,12,0.992,688772.SH,珠海冠宇,Q_E_SO2_INTENSITY,二氧化硫排放强度,E,True,0,,,0,missing_candidate,extend_extraction_rules,0,related_disclosure_without_compatible_intensity,附散热；匹配多重高效安全 保护电路的多层 PCM 电池控制板， 节省空间， 有效降低 本体发热和实现对电池整体充电过程温升的精准管控， 从而实现手机电池秒充目标。该技术已完成技术发布并 获得客户验收通过。 汽 车 低 压 锂电池 自主研发 电池管理系统(BMS)性能，对汽车的安全至关重要。获 得 ISO26262:2018 标准认证是全球汽车供应链厂商的准 入门槛之一 ，也是汽车动力电池管理系统开发的必要条 件之一 。 公司 BMS 产品的功能安全开发流程满足全球公 认并普遍遵循的 ISO26262:2018 版标准，并达到该标准 认证体系下功能安全最高等级“ASILD”级别汽车安全完 整性认证。同时，所开发产品对应的功能安全目标满足 ASILB 的各项指标要求。 汽 车 低 压 锂电池 自主研发 随着汽车行业全面迈入电气化时代，48V 系统正逐步成 为推动产业升级的关键力量。基于公司长期战略布局及 市场实际需求，公司通过对电池体系设计的深度优化与 系统调配，成功开发出兼具高能量密度与高功率特性的 三元体系 48V 电芯产品，可为具有更高性能要求的应用 场景与客户提供有力支持。 汽 车,1,data/text/688772.SH/2025/annual_report.txt,False
1644,8,5619,60.528117,355,446,91,False,0.243902,0.91,0.275556,1.0,0.979167,12,0.992,002560.SZ,通达股份,Q_E_SO2_INTENSITY,二氧化硫排放强度,E,True,0,,,0,missing_candidate,extend_extraction_rules,0,no_matching_disclosure_in_text,,1,data/text/002560.SZ/2025/annual_report.txt,False
1645,8,5626,60.495072,305,388,83,False,0.322581,0.83,0.275556,1.0,0.979167,12,0.992,002733.SZ,雄韬股份,Q_E_SO2_INTENSITY,二氧化硫排放强度,E,True,0,,,0,missing_candidate,extend_extraction_rules,0,no_matching_disclosure_in_text,,1,data/text/002733.SZ/2025/annual_report.txt,False
1646,8,5646,60.423361,32,111,79,False,0.359712,0.79,0.275556,1.0,0.979167,12,0.992,601778.SH,晶科科技,Q_E_SO2_INTENSITY,二氧化硫排放强度,E,True,0,,,0,missing_candidate,extend_extraction_rules,0,no_matching_disclosure_in_text,,2,data/text/601778.SH/2025/annual_report.txt|data/text/601778.SH/2025/esg_report.txt,False
1647,8,5744,60.359127,290,369,79,False,0.357143,0.79,0.275556,1.0,0.979167,12,0.992,600758.SH,辽宁能源,Q_E_SO2_INTENSITY,二氧化硫排放强度,E,True,0,,,0,missing_candidate,extend_extraction_rules,0,no_matching_disclosure_in_text,,1,data/text/600758.SH/2025/annual_report.txt,False
1648,8,5746,60.341948,9,92,83,False,0.316456,0.83,0.275556,1.0,0.979167,12,0.992,603985.SH,恒润股份,Q_E_SO2_INTENSITY,二氧化硫排放强度,E,True,0,,,0,missing_candidate,extend_extraction_rules,0,related_disclosure_without_compatible_intensity,的应急储存或处置设施，以应对系统故障或异常 情况。 49 50 === PAGE 28 === 绿色发展，共绘绿水青山画卷 2025 可持续发展报告 江阴市恒润重工股份有限公司 废气管理 废弃物管理绩效 公司的废气主要来源于锻造加热炉工序中采用天然气为燃料加热产生的燃烧废气，主要污染物包括颗粒物、二氧化硫、氮 氧化物等。恒润传动建设项目中的废气主要来源于喷砂、喷漆工艺环节，涉及颗粒物、漆雾、挥发性有机物、二甲苯等污 染物排放。 公司强化顶层设计，落实全员责任，明确总经理为第一责任人，设立环保管理部门或专职岗位，并赋予其监督考核权，严 格遵循《中华人民共和国大气污染防治法》，按照《废气管理制度》要求，通过安置废气处理设施、设置布袋除尘装置、 喷淋塔除尘装置，对产生的废气进行管控，委托有资质的环境监测单位对废气进行定期监测和记录，持续减少生产环节的 废气排放。 报告期内，公司大气污染物均达标排放，未发生小时均值超标事件。 2025 年废气排放管理绩效 氮氧化物（NOx） 排放浓度 （mg/m3） 硫氧化物（SOx） 排放浓度 （mg/m3） 颗粒物（PM） 排放浓度 （mg/m3） 挥发性,2,data/text/603985.SH/2025/annual_report.txt|data/text/603985.SH/2025/esg_report.txt,False
1649,8,5748,60.336664,371,463,92,False,0.226244,0.92,0.275556,1.0,0.979167,12,0.992,000993.SZ,闽东电力,Q_E_SO2_INTENSITY,二氧化硫排放强度,E,True,0,,,0,missing_candidate,extend_extraction_rules,0,no_matching_disclosure_in_text,,1,data/text/000993.SZ/2025/annual_report.txt,False
1650,8,5751,60.319444,240,299,59,False,0.555556,0.59,0.275556,1.0,0.979167,12,0.992,600379.SH,宝光股份,Q_E_SO2_INTENSITY,二氧化硫排放强度,E,True,0,,,0,missing_candidate,extend_extraction_rules,0,no_matching_disclosure_in_text,,1,data/text/600379.SH/2025/annual_report.txt,False
1651,8,5775,60.194531,6,89,83,False,0.310559,0.83,0.275556,1.0,0.979167,12,0.992,600482.SH,中国动力,Q_E_SO2_INTENSITY,二氧化硫排放强度,E,True,0,,,0,missing_candidate,extend_extraction_rules,0,related_disclosure_without_compatible_intensity,"布局电池回收业务，依托物联网将 销售网络转化为回收网络，实现从原材料采购到产品回收的全生命周期绿色制造。 指标 单位 2024 年 2025 年 回收废铅酸蓄电池 吨 855 15,474.73 节约标煤 吨 384.5 6959.4 相当于节约用水 立方米 10,861 196,571 减少排放 SO2 吨 15 279 减少固废 吨 5,915.7 107,068.4 减少排放 CO2 吨 1,525 27,604 污染防治 中国动力严格遵守并贯彻《中华人民共和国大气污染防治法》以及国家环境保护法律法规，系统推进废气、废水、固体废 物规范化管理，通过源头削减、过程管控和末端治理相结合的方式，持续降低污染物排放，确保生产运营对环境的影响可控。 治理 战略与管理方式 废气管理 公司从排放监测、源头替代和技术革新三方面强化废气治理，确保废气合规排放。 排放监测 •  严格依据排污许可证制定年度监测方案，对铅烟尘、硫酸雾、VOCs 等特征污染物实施分类分级监控，每季度开 展自行监测，确保数据实时受控。 •  引入第三方专业机构定期检测，将在线监测数据接入监管平台，确保氮氧化物、二氧化硫",2,data/text/600482.SH/2025/annual_report.txt|data/text/600482.SH/2025/esg_report.txt,False
1652,8,5776,60.190359,183,199,16,False,0.980392,0.16,0.275556,1.0,0.979167,12,0.992,688345.SH,博力威,Q_E_SO2_INTENSITY,二氧化硫排放强度,E,True,0,,,0,missing_candidate,extend_extraction_rules,0,no_matching_disclosure_in_text,,1,data/text/688345.SH/2025/annual_report.txt,False
1653,8,5816,60.021825,153,187,34,False,0.793651,0.34,0.275556,1.0,0.979167,12,0.992,688226.SH,威腾电气,Q_E_SO2_INTENSITY,二氧化硫排放强度,E,True,0,,,0,missing_candidate,extend_extraction_rules,0,no_matching_disclosure_in_text,,1,data/text/688226.SH/2025/annual_report.txt,False
1654,8,5834,59.930556,52,125,73,False,0.4,0.73,0.275556,1.0,0.979167,12,0.992,688388.SH,嘉元科技,Q_E_SO2_INTENSITY,二氧化硫排放强度,E,True,0,,,0,missing_candidate,extend_extraction_rules,0,related_disclosure_without_compatible_intensity,公司在数据安全与隐私保护方面采取了多项措施：进行全面的数据安全风险评估，识别并应 对潜在威胁；加强技术防护，采用加密技术和多因素认证等限制敏感数据访问；实施本地异地双 备份， 提高数据冗余度和可用性； 组织数据安全事件应急演练， 提升应对能力； 公司通过 VPN 对 外部访问进行安全隔离； 通过 ISO27001 认证并定期进行合规性审计， 确保符合高标准要求。 在报 告期间内未发生重大数据安全事件，用户隐私权益得到有效保护，员工数据安全与隐私保护意识 显著提升。 (五)从事公益慈善活动的类型及贡献 类型 数量 情况说明 对外捐赠 其中：资金（万元） 12.21 向企业周边村落等捐赠资金 12.21 万元 物资折款（万元） 公益项目 其中：资金（万元） 11.84 投入 11.84 万元参与绿美生态建 设种树项目 救助人数（人） 乡村振兴 其中：资金（万元） 453.05 带动梅州 3 家企业参与“千企帮 千镇、万企兴万村”行动，实现 消费帮扶 453.05 万元 99 / 343 === PAGE 100 === 广东嘉元科技股份有限公司2025 年年度报告 物资折款（万元） 帮助就,2,data/text/688388.SH/2025/annual_report.txt|data/text/688388.SH/2025/esg_report.txt,False
1655,8,5856,59.797439,16,96,80,False,0.324675,0.8,0.275556,1.0,0.979167,12,0.992,603031.SH,安孚科技,Q_E_SO2_INTENSITY,二氧化硫排放强度,E,True,0,,,0,missing_candidate,extend_extraction_rules,0,related_disclosure_without_compatible_intensity,"折标）对应含镍废水年产生量同比减少 2%； 电镀含镍废水总镍内控加严排放浓度达标率不低于 90%。 氮氧化物（NOx） 吨 0.604 非甲烷总烃 吨 0.675 颗粒物（PM） 吨 3.891 废弃物减量 万只自产配件（折标）对应表面处理危险废物产生量不超出 2.5kg。 硫酸雾 吨 0.080 二氧化硫 吨 0.015 零投诉 内、外部相关方投诉所引发的环保行政处罚次数为 0； 减少外部相关方环境保护影响； 依法依规及时 100% 完成企业环境信息公开事项。 废水 废水排放总量 吨 99,400 废水回收利用量 吨 73,440 污染事故 防控 一般以上突发环境事件发生次数为 0； 内部环境风险隐患排查实施率、高风险隐患事项整改完成率 100%。 化学需氧量（COD） 吨 2.730 总镍 吨 3.272 总氮 吨 0.097 总磷 吨 0.041 氨氮（NH ₃ -N） 吨 0.003 关键绩效 环保投入 410.67万元 悬浮物 吨 1.380 石油类 吨 0.080 环保投入占营业收入比例 0.09% 缴纳环境保护税 2.33万元 PH / 7.50 废弃物 废弃物总量 吨 ",2,data/text/603031.SH/2025/annual_report.txt|data/text/603031.SH/2025/esg_report.txt,False
1656,8,5871,59.703027,328,412,84,False,0.280899,0.84,0.275556,1.0,0.979167,12,0.992,300593.SZ,新雷能,Q_E_SO2_INTENSITY,二氧化硫排放强度,E,True,0,,,0,missing_candidate,extend_extraction_rules,0,no_matching_disclosure_in_text,,1,data/text/300593.SZ/2025/annual_report.txt,False
1657,8,6110,59.287698,220,259,39,False,0.714286,0.39,0.275556,1.0,0.979167,12,0.992,600110.SH,诺德股份,Q_E_SO2_INTENSITY,二氧化硫排放强度,E,True,0,,,0,missing_candidate,extend_extraction_rules,0,no_matching_disclosure_in_text,,1,data/text/600110.SH/2025/annual_report.txt,False
1658,8,6208,59.147537,415,506,91,False,0.188679,0.91,0.275556,1.0,0.979167,12,0.992,300069.SZ,金利华电,Q_E_SO2_INTENSITY,二氧化硫排放强度,E,True,0,,,0,missing_candidate,extend_extraction_rules,0,no_matching_disclosure_in_text,,1,data/text/300069.SZ/2025/annual_report.txt,False
1659,8,6210,59.128954,431,523,92,False,0.177936,0.92,0.275556,1.0,0.979167,12,0.992,002616.SZ,长青集团,Q_E_SO2_INTENSITY,二氧化硫排放强度,E,True,0,,,0,missing_candidate,extend_extraction_rules,0,related_disclosure_without_compatible_intensity,年年度报告全文 公司需遵守《深圳证券交易所上市公司自律监管指引第 3 号——行业信息披露》中电力供应业的披露要求 2025 年烟气处理设施投运率 2025 年烟气污染物排污许可 允许排放量 2025 年烟气污染物实际排放量 2025 年烟气污染物年度减排量 项目 脱硫设施 除尘设 脱硝设施投 烟尘 二氧化硫 氮氧化物 烟尘 二氧化硫 氮氧化物 烟尘 二氧化硫 氮氧化物 投运率 施投运 运率 （t/a） （t/a） （t/a） （t/a） （t/a） （t/a） （t/a） （t/a） （t/a） （%） 率（%） （%） 满城热电 100 100 100 26.997 82.678 118.111 8.742 32.256 76.479 18.255 50.422 41.632 蠡县热电 100 100 100 10.21 52.926 75.608 2.946 7.1821 20.0042 7.264 45.74 55.6038 茂名热电 100 100 100 46.61 147.02 172.612 3.086 32.828 59.127 43.524 114.192 113.4,1,data/text/002616.SZ/2025/annual_report.txt,False
1660,8,6325,58.915404,414,504,90,False,0.189394,0.9,0.275556,1.0,0.979167,12,0.992,301152.SZ,天力锂能,Q_E_SO2_INTENSITY,二氧化硫排放强度,E,True,0,,,0,missing_candidate,extend_extraction_rules,0,no_matching_disclosure_in_text,,1,data/text/301152.SZ/2025/annual_report.txt,False
1661,8,6432,58.862654,122,169,47,False,0.617284,0.47,0.275556,1.0,0.979167,12,0.992,600681.SH,百川能源,Q_E_SO2_INTENSITY,二氧化硫排放强度,E,True,0,,,0,missing_candidate,extend_extraction_rules,0,no_matching_disclosure_in_text,,1,data/text/600681.SH/2025/annual_report.txt,False
1662,8,6434,58.851815,404,493,89,False,0.19685,0.89,0.275556,1.0,0.979167,12,0.992,300317.SZ,珈伟新能,Q_E_SO2_INTENSITY,二氧化硫排放强度,E,True,0,,,0,missing_candidate,extend_extraction_rules,0,no_matching_disclosure_in_text,,1,data/text/300317.SZ/2025/annual_report.txt,False
1663,8,6435,58.85119,55,124,69,False,0.396825,0.69,0.275556,1.0,0.979167,12,0.992,301325.SZ,曼恩斯特,Q_E_SO2_INTENSITY,二氧化硫排放强度,E,True,0,,,0,missing_candidate,extend_extraction_rules,0,related_disclosure_without_compatible_intensity,人隐私信息管理程序》《威胁情报管理程序》 等一系列信息安全规范，形成覆盖供应商安全、数据安全、 个人信息保护等多个领域的完善的信息安全管理体系。 报告期内，公司已完成 ISO/IEC 27001:2022 信息安全管理体 系年度认证审核工作并保持认证资质有效，全面达成“信息 安全事故为 0，通过 ISO27001 信息安全管理体系年度认证” 的核心目标，全年未发生任何信息安全事件，为公司业务持 续健康发展筑牢坚实的信息安全屏障。 信息安全管理体系认证证书 为掌握客户对产品质量、交付及服务的评价，公司定期开展客户满意度调查工作，通过网络、电话、邮件等多种方式开展 问卷调查。公司发放满意度调查问卷并汇总分析调查数据，判定客户满意等级，针对调查结果分析问题原因，制定改善预 防措施，并持续跟进措施的执行及效果。同时，公司通过建立完善的评价机制、开展客户服务相关培训等方式，保障满意 度调查工作有序推进并切实提升客户满意度。2025 年，公司客户满意度调查结果为 94.85%。 信息安全多维管控 风险管控 负责任营销 公司践行负责任营销的理念，严格遵守《中华人民共和国广告法》等国家法律法规和行业规,2,data/text/301325.SZ/2025/annual_report.txt|data/text/301325.SZ/2025/esg_report.txt,False
1664,8,6481,58.609127,38,110,72,False,0.357143,0.72,0.275556,1.0,0.979167,12,0.992,688390.SH,固德威,Q_E_SO2_INTENSITY,二氧化硫排放强度,E,True,0,,,0,missing_candidate,extend_extraction_rules,0,no_matching_disclosure_in_text,,2,data/text/688390.SH/2025/annual_report.txt|data/text/688390.SH/2025/esg_report.txt,False
1665,8,6584,58.544369,407,495,88,False,0.194553,0.88,0.275556,1.0,0.979167,12,0.992,300051.SZ,琏升科技,Q_E_SO2_INTENSITY,二氧化硫排放强度,E,True,0,,,0,missing_candidate,extend_extraction_rules,0,no_matching_disclosure_in_text,,1,data/text/300051.SZ/2025/annual_report.txt,False
1666,8,6594,58.441817,77,139,62,False,0.45045,0.62,0.275556,1.0,0.979167,12,0.992,002518.SZ,科士达,Q_E_SO2_INTENSITY,二氧化硫排放强度,E,True,0,,,0,missing_candidate,extend_extraction_rules,0,no_matching_disclosure_in_text,,1,data/text/002518.SZ/2025/annual_report.txt,False
1667,8,6615,58.312543,472,563,91,False,0.15528,0.91,0.275556,1.0,0.979167,12,0.992,920985.BJ,海泰新能,Q_E_SO2_INTENSITY,二氧化硫排放强度,E,True,0,,,0,missing_candidate,extend_extraction_rules,0,no_matching_disclosure_in_text,,1,data/text/920985.BJ/2025/annual_report.txt,False
1668,8,6618,58.303843,223,261,38,False,0.684932,0.38,0.275556,1.0,0.979167,12,0.992,603185.SH,弘元绿能,Q_E_SO2_INTENSITY,二氧化硫排放强度,E,True,0,,,0,missing_candidate,extend_extraction_rules,0,no_matching_disclosure_in_text,,1,data/text/603185.SH/2025/annual_report.txt,False
1669,8,6646,58.118674,352,433,81,False,0.247525,0.81,0.275556,1.0,0.979167,12,0.992,002623.SZ,亚玛顿,Q_E_SO2_INTENSITY,二氧化硫排放强度,E,True,0,,,0,missing_candidate,extend_extraction_rules,0,no_matching_disclosure_in_text,,1,data/text/002623.SZ/2025/annual_report.txt,False
1670,8,6762,57.817153,100,153,53,False,0.515464,0.53,0.275556,1.0,0.979167,12,0.992,600635.SH,大众公用,Q_E_SO2_INTENSITY,二氧化硫排放强度,E,True,0,,,0,missing_candidate,extend_extraction_rules,0,related_disclosure_without_compatible_intensity,——规范运作》《上市公司自律监管指 引第 14 号——可持续发展报告（试行）》《上海证券交易所上市公司自律监管指南第 4 号——可持续发展报告编制 （2026 年 1 月修订）》、香港联合交易所《环境、社会及管治报告守则》，并参考全球报告倡议组织（GRI）《可 持续发展报告标准》和国际标准化组织 ISO26000:2010《社会责任指南》国际标准等国际、国内通行 ESG、可持续 发展和社会责任相关框架编制。 信息说明 本报告中所涉及货币金额以人民币作为计量币种，特别说明的除外。 称谓说明 为便于表述和阅读，本报告中称谓指代如下： 公司名称 上海大众公用事业（集团）股份有限公司 简称 大众公用、集团、公司和我们 上海大众嘉定污水处理有限公司 大众嘉定 江苏大众水务集团有限公司 江苏大众 大众交通（集团）股份有限公司 1 大众交通 01 环境篇 前言 02 社会篇 03 治理篇 ESG 数据表和附注 公司名称 上海大众出行信息技术股份有限公司 2 上海大众运行物流股份有限公司 上海大众燃气有限公司 南通大众燃气有限公司 上海大众融资租赁有限公司 上海大众交通商务有限公司 深圳市创新投资集团,2,data/text/600635.SH/2025/annual_report.txt|data/text/600635.SH/2025/esg_report.txt,False
1671,8,6769,57.793102,421,507,86,False,0.184502,0.86,0.275556,1.0,0.979167,12,0.992,600397.SH,江钨装备,Q_E_SO2_INTENSITY,二氧化硫排放强度,E,True,0,,,0,missing_candidate,extend_extraction_rules,0,no_matching_disclosure_in_text,,1,data/text/600397.SH/2025/annual_report.txt,False
1672,8,6770,57.787698,147,180,33,False,0.714286,0.33,0.275556,1.0,0.979167,12,0.992,600642.SH,申能股份,Q_E_SO2_INTENSITY,二氧化硫排放强度,E,True,0,,,0,missing_candidate,extend_extraction_rules,0,related_disclosure_without_compatible_intensity,项目中国 区域电网基准线排放因子》及原中国银行保险监督管理委员会《 绿色融资统计制度》 （2020 版） 中的绿色信贷项目节能减排量测 算指引，计算了二氧化碳减排量；根据中国电力企业联合会在《 中国电力行业年度发展报告 2023》 中公布的火力发电标准煤耗及 单位火力发电量污染物排放量计算，计算了 SO2、NOX 及烟尘等 污染物的减排量。 募集资金所投向的绿色项目预 期与/或实际环境效益情况 （具 体环境效益情况原则上应当根 据《绿色债券存续期信息披露 指南》相关要求进行披露，对 于无法披露的环境效益指标应 当进行说明） 经测算，本期碳中和绿色债募集资金对应的募投项目 2023 年度 可实现 CO2 减排量为 21.58 万吨，标煤节约量为 8.09 万吨，SO2 减排量为 22.34 吨， NOX 的减排量为 35.80 吨， 烟尘减排量为 4.58 吨。 对于定量环境效益，若存续期 环境效益与注册发行时披露效 益发生重大变化（变动幅度超 15%）需披露说明原因 不适用 募集资金管理方式及具体安排 按照募集说明书约定开立募集资金专项账户，用于本期债券募集 资金的存放、使用及监管。 ,1,data/text/600642.SH/2025/annual_report.txt,False
1673,8,6776,57.740797,123,167,44,False,0.60241,0.44,0.275556,1.0,0.979167,12,0.992,002828.SZ,贝肯能源,Q_E_SO2_INTENSITY,二氧化硫排放强度,E,True,0,,,0,missing_candidate,extend_extraction_rules,0,no_matching_disclosure_in_text,,1,data/text/002828.SZ/2025/annual_report.txt,False
1674,8,6860,57.664322,227,266,39,False,0.649351,0.39,0.275556,1.0,0.979167,12,0.992,600982.SH,宁波能源,Q_E_SO2_INTENSITY,二氧化硫排放强度,E,True,0,,,0,missing_candidate,extend_extraction_rules,0,no_matching_disclosure_in_text,,1,data/text/600982.SH/2025/annual_report.txt,False
1675,8,6861,57.660842,429,515,86,False,0.179211,0.86,0.275556,1.0,0.979167,12,0.992,600212.SH,绿能慧充,Q_E_SO2_INTENSITY,二氧化硫排放强度,E,True,0,,,0,missing_candidate,extend_extraction_rules,0,no_matching_disclosure_in_text,,1,data/text/600212.SH/2025/annual_report.txt,False
1676,8,6869,57.612654,231,273,42,False,0.617284,0.42,0.275556,1.0,0.979167,12,0.992,002534.SZ,西子洁能,Q_E_SO2_INTENSITY,二氧化硫排放强度,E,True,0,,,0,missing_candidate,extend_extraction_rules,0,no_matching_disclosure_in_text,,1,data/text/002534.SZ/2025/annual_report.txt,False
1677,8,6874,57.585317,255,311,56,False,0.47619,0.56,0.275556,1.0,0.979167,12,0.992,000537.SZ,绿发电力,Q_E_SO2_INTENSITY,二氧化硫排放强度,E,True,0,,,0,missing_candidate,extend_extraction_rules,0,no_matching_disclosure_in_text,,1,data/text/000537.SZ/2025/annual_report.txt,False
1678,8,6914,57.40424,302,372,70,False,0.328947,0.7,0.275556,1.0,0.979167,12,0.992,002471.SZ,中超控股,Q_E_SO2_INTENSITY,二氧化硫排放强度,E,True,0,,,0,missing_candidate,extend_extraction_rules,0,no_matching_disclosure_in_text,,1,data/text/002471.SZ/2025/annual_report.txt,False
1679,8,6949,57.227166,386,467,81,False,0.211864,0.81,0.275556,1.0,0.979167,12,0.992,300772.SZ,运达股份,Q_E_SO2_INTENSITY,二氧化硫排放强度,E,True,0,,,0,missing_candidate,extend_extraction_rules,0,no_matching_disclosure_in_text,,1,data/text/300772.SZ/2025/annual_report.txt,False
1680,8,6961,57.174166,463,549,86,False,0.159744,0.86,0.275556,1.0,0.979167,12,0.992,002366.SZ,融发核电,Q_E_SO2_INTENSITY,二氧化硫排放强度,E,True,0,,,0,missing_candidate,extend_extraction_rules,0,no_matching_disclosure_in_text,,1,data/text/002366.SZ/2025/annual_report.txt,False
1681,8,7020,57.136438,122,165,43,False,0.588235,0.43,0.275556,1.0,0.979167,12,0.992,600777.SH,新潮能源,Q_E_SO2_INTENSITY,二氧化硫排放强度,E,True,0,,,0,missing_candidate,extend_extraction_rules,0,no_matching_disclosure_in_text,,2,data/text/600777.SH/2025/annual_report.txt|data/text/600777.SH/2025/esg_report.txt,False
1682,8,7026,57.127924,226,262,36,False,0.657895,0.36,0.275556,1.0,0.979167,12,0.992,600550.SH,保变电气,Q_E_SO2_INTENSITY,二氧化硫排放强度,E,True,0,,,0,missing_candidate,extend_extraction_rules,0,no_matching_disclosure_in_text,,1,data/text/600550.SH/2025/annual_report.txt,False
1683,8,7063,56.974034,334,408,74,False,0.271739,0.74,0.275556,1.0,0.979167,12,0.992,300410.SZ,正业科技,Q_E_SO2_INTENSITY,二氧化硫排放强度,E,True,0,,,0,missing_candidate,extend_extraction_rules,0,no_matching_disclosure_in_text,,1,data/text/300410.SZ/2025/annual_report.txt,False
1684,8,7082,56.914322,137,173,36,False,0.649351,0.36,0.275556,1.0,0.979167,12,0.992,603556.SH,海兴电力,Q_E_SO2_INTENSITY,二氧化硫排放强度,E,True,0,,,0,missing_candidate,extend_extraction_rules,0,no_matching_disclosure_in_text,,1,data/text/603556.SH/2025/annual_report.txt,False
1685,8,7093,56.831964,434,517,83,False,0.176056,0.83,0.275556,1.0,0.979167,12,0.992,603798.SH,康普顿,Q_E_SO2_INTENSITY,二氧化硫排放强度,E,True,0,,,0,missing_candidate,extend_extraction_rules,0,no_matching_disclosure_in_text,,1,data/text/603798.SH/2025/annual_report.txt,False
1686,8,7095,56.822447,143,176,33,False,0.675676,0.33,0.275556,1.0,0.979167,12,0.992,603706.SH,东方环宇,Q_E_SO2_INTENSITY,二氧化硫排放强度,E,True,0,,,0,missing_candidate,extend_extraction_rules,0,no_matching_disclosure_in_text,,2,data/text/603706.SH/2025/annual_report.txt|data/text/603706.SH/2025/esg_report.txt,False
1687,8,7113,56.75931,423,505,82,False,0.18315,0.82,0.275556,1.0,0.979167,12,0.992,300933.SZ,中辰股份,Q_E_SO2_INTENSITY,二氧化硫排放强度,E,True,0,,,0,missing_candidate,extend_extraction_rules,0,no_matching_disclosure_in_text,,1,data/text/300933.SZ/2025/annual_report.txt,False
1688,8,7138,56.665585,13,83,70,False,0.299401,0.7,0.275556,1.0,0.979167,12,0.992,601877.SH,正泰电器,Q_E_SO2_INTENSITY,二氧化硫排放强度,E,True,0,,,0,missing_candidate,extend_extraction_rules,0,no_matching_disclosure_in_text,,2,data/text/601877.SH/2025/annual_report.txt|data/text/601877.SH/2025/esg_report.txt,False
1689,8,7195,56.441817,85,139,54,False,0.45045,0.54,0.275556,1.0,0.979167,12,0.992,002893.SZ,京能热力,Q_E_SO2_INTENSITY,二氧化硫排放强度,E,True,0,,,0,missing_candidate,extend_extraction_rules,0,related_disclosure_without_compatible_intensity,"12 月 31 日，对小型微利企业年应纳税所得额减按 25%计入应纳税所得额，按 20%的税率缴 纳企业所得税。本公司之子公司华通绿源、京能未来等享有小微企业的企业所得税优惠政策。 3、其他 本公司根据 2018 年 1 月 1 日开始施行的《中华人民共和国环境保护税法》，本公司经营中向大气中排放二氧化硫和 氮氧化物，属于《环境保护税法》中“环境保护税税目税额表”涉及的应税污染物，本公司依法缴纳环境保护税。 七、合并财务报表项目注释 1、货币资金 单位：元 项目 期末余额 期初余额 库存现金 1,173.21 银行存款 18,733,841.62 38,343,120.62 其他货币资金 600,000.00 存放财务公司款项 882,353,543.41 896,715,296.19 合计 901,088,558.24 935,658,416.81 其他说明： 货币资金受限情况详见本节附注七、31 所有权或使用权受到限制的资产。 134 === PAGE 135 === 北京京能热力股份有限公司 2025 年年度报告全文 2、交易性金融资产 3、衍生金融资产 4、应收票据 （1） 应",1,data/text/002893.SZ/2025/annual_report.txt,False
1690,8,7261,56.242599,424,504,80,False,0.182482,0.8,0.275556,1.0,0.979167,12,0.992,001289.SZ,龙源电力,Q_E_SO2_INTENSITY,二氧化硫排放强度,E,True,0,,,0,missing_candidate,extend_extraction_rules,0,no_matching_disclosure_in_text,,1,data/text/001289.SZ/2025/annual_report.txt,False
1691,8,7319,56.006313,18,85,67,False,0.30303,0.67,0.275556,1.0,0.979167,12,0.992,03899.HK,CIMC ENRIC,Q_E_SO2_INTENSITY,二氧化硫排放强度,E,True,0,,,0,missing_candidate,extend_extraction_rules,0,related_disclosure_without_compatible_intensity,"the efficient and integrated utilisation of coke oven gas, the project is expected to reduce emissions by 400,000 tons of carbon dioxide, 226 tons of sulphur dioxide and 1,747 tons of nitrogen oxides per year, contributing to China’s “dual carbon” goals and energy transition objectives. Notably, the Linggang Steel project was delivered with a turnkey solution provided by CIMC Enric Engineering Technology Co., Ltd. (“CET”), a subsidiary of CIMC Enric, covering the project’s core process design as",2,data/text/hkex_reports/03899.HK/2025/annual_report.txt|data/text/hkex_reports/03899.HK/2025/esg_report.txt,False
1692,8,7333,55.914501,368,442,74,False,0.229358,0.74,0.275556,1.0,0.979167,12,0.992,300569.SZ,天能重工,Q_E_SO2_INTENSITY,二氧化硫排放强度,E,True,0,,,0,missing_candidate,extend_extraction_rules,0,related_disclosure_without_compatible_intensity,"统（山东） 公司需遵守《深圳证券交易所上市公司自律监管指引第 3 号——行业信息披露》中的“电力供应业”的披露要求 公司 2025 年 1 月 1 日至 12 月 31 日累计发电量 15.5280 亿千瓦时，节约标准煤 466,927.00 吨，减少二氧化碳排放 1,279,507.20 吨，减少二氧化硫排放 128.88 吨，减少氮氧化物排放 206.52 吨，减少烟尘排放 26.40 吨。 上市公司发生环境事故的相关情况：无 十八、社会责任情况 公司坚持“立足诚信，和谐共赢”的社会责任理念，统筹协调公司的各利益相关方，在为股东创造价值的同时，也 积极承担对客户、员工、供应商和社会等其他利益相关方的责任。报告期内社会责任履行情况详见公司于 2026 年 4 月 23 日在巨潮资讯网上披露的《青岛天能重工股份有限公司 2025 年度环境、社会及治理(ESG)报告》。 十九、巩固拓展脱贫攻坚成果、乡村振兴的情况 公司积极响应国家号召，通过青海项目，将持续巩固拓展脱贫攻坚成果、助力乡村振兴与公司发展相结合，以切实 行动落实国家巩固拓展脱贫攻坚成果与乡村振兴工作要求。 青海项目情况： 通过",1,data/text/300569.SZ/2025/annual_report.txt,False
1693,8,7342,55.871032,15,82,67,False,0.297619,0.67,0.275556,1.0,0.979167,12,0.992,603063.SH,禾望电气,Q_E_SO2_INTENSITY,二氧化硫排放强度,E,True,0,,,0,missing_candidate,extend_extraction_rules,0,related_disclosure_without_compatible_intensity,3、产品质量控制优势 公司建有完善的质量控制体系，通过 ISO9001 质量体系认证、ISO14001 环境管理体系认证、 ISO45001 职业健康安全管理体系认证；公司推行全面质量管理，涵盖设计质量、管理质量、供应 链质量、服务质量、运行产品数据及寿命管理质量等业务流程的各个环节。公司通过 ISO27001 信息安全管理体系认证、 ISO50001 能源管理体系认证， 系统化管理和守护数据信息安全，驱动绿 色低碳发展，构建负责任、可持续价值链。 目前，公司拥有经验丰富的专业测试团队，建立了与国际先进企业标准一致的测试规程和流 程体系，以及独立于研发的第三方品质保证体系。公司在产品开发过程中，集中将重大问题解决 在研发和中试阶段，有效避免了在生产阶段质量问题的出现。 4、全方位的营销和服务优势 除了提供产品销售合同约定的服务内容外，公司还依托企业研发优势资源，为客户提供了工 程建设期内和工程建设期外的全方位服务和技术支持工作，在努力提高常规服务质量的同时利用 自身优势给客户提供有价值的差异化服务，在国内市场，基于经济发展的程度、区域文化、售后 服务的保证及运输成本等方面的考虑，公司在,2,data/text/603063.SH/2025/annual_report.txt|data/text/603063.SH/2025/esg_report.txt,False
1694,8,7347,55.849051,469,550,81,False,0.15674,0.81,0.275556,1.0,0.979167,12,0.992,000722.SZ,湖南发展,Q_E_SO2_INTENSITY,二氧化硫排放强度,E,True,0,,,0,missing_candidate,extend_extraction_rules,0,no_matching_disclosure_in_text,,1,data/text/000722.SZ/2025/annual_report.txt,False
1695,8,7371,55.829052,58,117,59,False,0.37594,0.59,0.275556,1.0,0.979167,12,0.992,002259.SZ,升达林业,Q_E_SO2_INTENSITY,二氧化硫排放强度,E,True,0,,,0,missing_candidate,extend_extraction_rules,0,no_matching_disclosure_in_text,,1,data/text/002259.SZ/2025/annual_report.txt,False
1696,8,7372,55.823413,7,75,68,False,0.285714,0.68,0.275556,1.0,0.979167,12,0.992,603396.SH,金辰股份,Q_E_SO2_INTENSITY,二氧化硫排放强度,E,True,0,,,0,missing_candidate,extend_extraction_rules,0,no_matching_disclosure_in_text,,2,data/text/603396.SH/2025/annual_report.txt|data/text/603396.SH/2025/esg_report.txt,False
1697,8,7382,55.771677,364,437,73,False,0.233645,0.73,0.275556,1.0,0.979167,12,0.992,002805.SZ,丰元股份,Q_E_SO2_INTENSITY,二氧化硫排放强度,E,True,0,,,0,missing_candidate,extend_extraction_rules,0,no_matching_disclosure_in_text,,1,data/text/002805.SZ/2025/annual_report.txt,False
1698,8,7407,55.653529,446,525,79,False,0.168919,0.79,0.275556,1.0,0.979167,12,0.992,002218.SZ,拓日新能,Q_E_SO2_INTENSITY,二氧化硫排放强度,E,True,0,,,0,missing_candidate,extend_extraction_rules,0,no_matching_disclosure_in_text,,1,data/text/002218.SZ/2025/annual_report.txt,False
1699,8,7459,55.430556,275,330,55,False,0.4,0.55,0.275556,1.0,0.979167,12,0.992,301291.SZ,明阳电气,Q_E_SO2_INTENSITY,二氧化硫排放强度,E,True,0,,,0,missing_candidate,extend_extraction_rules,0,no_matching_disclosure_in_text,,1,data/text/301291.SZ/2025/annual_report.txt,False
1700,8,7513,55.128954,431,507,76,False,0.177936,0.76,0.275556,1.0,0.979167,12,0.992,000591.SZ,太阳能,Q_E_SO2_INTENSITY,二氧化硫排放强度,E,True,0,,,0,missing_candidate,extend_extraction_rules,0,related_disclosure_without_compatible_intensity,"入，预算将围绕零碳园区建设、环保设施升级及监测体系完善等方面合理 规划，确保合规运营与低碳发展协同推进。 作为央企控股上市企业，公司以“提供优质产品、奉献清洁能源、造福人类社会”为企业使命。2025 年度，公司产 出的绿色电力约相当于节约标准煤 102.86 万吨，减排二氧化碳 692.37 万吨、二氧化硫 644.41 吨、氮氧化物 1,046.13 吨、烟尘 108.80 吨。（折标煤参考《综合能耗计算通则（GB/T 2589-2020），二氧化碳参考生态环境部《2023 年电力 二氧化碳排放因子》，其余参考《2025 年中国电力行业年度发展报告》） 上市公司发生环境事故的相关情况 公司及所属下属单位未发生环境事故。 48 === PAGE 49 === 中节能太阳能股份有限公司 2025 年年度报告全文 十六、社会责任情况 详见公司于 2026 年 4 月 24 日披露的《中节能太阳能股份有限公司 2025 年度环境、社会和治理（ESG）报告》。 十七、巩固拓展脱贫攻坚成果、乡村振兴的情况 公司深入贯彻国家决策部署及上级工作要求，积极响应国家乡村振兴战略，秉持“生态优先、绿色发展",1,data/text/000591.SZ/2025/annual_report.txt,False
1701,8,7514,55.121732,57,114,57,False,0.367647,0.57,0.275556,1.0,0.979167,12,0.992,603080.SH,新疆火炬,Q_E_SO2_INTENSITY,二氧化硫排放强度,E,True,0,,,0,missing_candidate,extend_extraction_rules,0,no_matching_disclosure_in_text,,1,data/text/603080.SH/2025/annual_report.txt,False
1702,8,7534,55.054643,56,113,57,False,0.364964,0.57,0.275556,1.0,0.979167,12,0.992,300850.SZ,新强联,Q_E_SO2_INTENSITY,二氧化硫排放强度,E,True,0,,,0,missing_candidate,extend_extraction_rules,0,no_matching_disclosure_in_text,,2,data/text/300850.SZ/2025/annual_report.txt|data/text/300850.SZ/2025/esg_report.txt,False
1703,8,7589,54.835317,100,145,45,False,0.47619,0.45,0.275556,1.0,0.979167,12,0.992,603053.SH,成都燃气,Q_E_SO2_INTENSITY,二氧化硫排放强度,E,True,0,,,0,missing_candidate,extend_extraction_rules,0,no_matching_disclosure_in_text,,2,data/text/603053.SH/2025/annual_report.txt|data/text/603053.SH/2025/esg_report.txt,False
1704,8,7599,54.792191,30,91,61,False,0.314465,0.61,0.275556,1.0,0.979167,12,0.992,600956.SH,新天绿能,Q_E_SO2_INTENSITY,二氧化硫排放强度,E,True,0,,,0,missing_candidate,extend_extraction_rules,0,related_disclosure_without_compatible_intensity,"累计运营管道 天然气业务总输 / 售气量 其中售气量 光伏 158.93兆瓦 424.79兆瓦 594.79兆瓦 10兆瓦 新增光伏管理装机容量 累计控股装机容量 累计管理装机容量 光伏控股在建工程容量 绿电 152.1亿千瓦时 绿色电力发电量 相当于避免二氧化碳排放 1,258.32 万吨，避免二氧化硫排放 约 1,171.17 吨，避免氮氧化物排放约 1,901.25 吨，避免烟尘 排放约 197.73 吨 1 绿证 公司系统平价新能源项目全部 纳入绿证交易。2025 年，公 司合理制定策略，积极营销。 155万张 5.80元 / 张 交易绿证（已核发 194 万张） 均价 1 换算系数出自国家生态环境部《关于发布 2023 年电力二氧化碳排放因子的公告》全国化石能源电力二氧化碳排放因子；中电联《中 国电力行业年度发展报告 2025》全国火力发电每度电排放因子。 103 === PAGE 105 === 可持续发展管理 强化稳健治理 推进绿色运营 稳定能源供应 产业协同发展 共筑美好未来 附录 可持续供应链 新天高度重视供应链在公司可持续发展中的关键作用，持续完善供应链管理体系，将",2,data/text/600956.SH/2025/annual_report.txt|data/text/600956.SH/2025/esg_report.txt,False
1705,8,7603,54.778117,355,423,68,False,0.243902,0.68,0.275556,1.0,0.979167,12,0.992,000883.SZ,湖北能源,Q_E_SO2_INTENSITY,二氧化硫排放强度,E,True,0,,,0,missing_candidate,extend_extraction_rules,0,related_disclosure_without_compatible_intensity,5/index 公司需遵守《深圳证券交易所上市公司自律监管指引第 3 号——行业信息披露》中电力供应业的披露要求 报告期内湖北能源所属 4 家火电企业供电煤耗加权平均 308.37 克/千瓦时，鄂州发电公司、宜城发 电公司和新疆楚星公司 3 家燃煤电厂的脱硫和除尘设施投运率 100%。4 家火电企业二氧化硫排放量为 1074.22 吨，氮氧化物排放量为 2632.63 吨，烟尘排放量为 149.26 吨。 上市公司发生环境事故的相关情况 无。 十六、社会责任情况 2025 年，公司积极履行社会责任，有关情况详见《湖北能源集团股份有限公司 2025 环境、社会及 治理（ESG）报告》。 56 === PAGE 57 === 湖北能源集团股份有限公司 2025 年年度报告全文 十七、巩固拓展脱贫攻坚成果、乡村振兴的情况 2025 年，公司围绕全面推进乡村振兴、加强生态文明建设、促进区域协调发展等国家战略，结合 公司业务发展实际，开展帮扶项目 18 项，主要用于改善宜昌长阳、襄阳襄州、恩施巴东、黄冈罗田、 神农架林区等地区的教育、交通、产业基础设施等，为服务地方经济社会发展做出了积极贡献。具,1,data/text/000883.SZ/2025/annual_report.txt,False
1706,8,7640,54.583379,451,526,75,False,0.166113,0.75,0.275556,1.0,0.979167,12,0.992,300118.SZ,东方日升,Q_E_SO2_INTENSITY,二氧化硫排放强度,E,True,0,,,0,missing_candidate,extend_extraction_rules,0,no_matching_disclosure_in_text,,1,data/text/300118.SZ/2025/annual_report.txt,False
1707,8,7653,54.544312,339,404,65,False,0.26455,0.65,0.275556,1.0,0.979167,12,0.992,000720.SZ,新能泰山,Q_E_SO2_INTENSITY,二氧化硫排放强度,E,True,0,,,0,missing_candidate,extend_extraction_rules,0,no_matching_disclosure_in_text,,1,data/text/000720.SZ/2025/annual_report.txt,False
1708,8,7655,54.543102,421,494,73,False,0.184502,0.73,0.275556,1.0,0.979167,12,0.992,300332.SZ,天壕能源,Q_E_SO2_INTENSITY,二氧化硫排放强度,E,True,0,,,0,missing_candidate,extend_extraction_rules,0,no_matching_disclosure_in_text,,1,data/text/300332.SZ/2025/annual_report.txt,False
1709,8,7662,54.514911,476,552,76,False,0.153374,0.76,0.275556,1.0,0.979167,12,0.992,000539.SZ,粤电力Ａ,Q_E_SO2_INTENSITY,二氧化硫排放强度,E,True,0,,,0,missing_candidate,extend_extraction_rules,0,related_disclosure_without_compatible_intensity,"染防治法》 《中华人民共和国固体废物污染环境防治法》开展生产经营活动。2025 年公司火电厂执行环保政策、法规要求的经营性 支出主要是购买石灰石及脱硝材料合计约 27,749 万元，公司缴纳环境保护税达 2,416.75 万元。 2、2025 年，公司火电厂生产供电标煤耗 291.45 克/千瓦时，二氧化硫排放绩效值 0.052 克/千瓦时，氮氧化物排放绩效值 0.122 克/千瓦时，烟尘排放绩效值 0.008 克/千瓦时。其中脱硫装置投运率 100%，平均脱硫效率 98.97%；脱硝装置平均 投运率 99.94%，平均脱硝效率88.12%；干式除尘装置投运率99.99%，平均除尘效率 99.87%。 3、2025 年，公司统筹推进煤电机组“三改”和沙角 C 电厂服役期满停运处置，提升调节性能降低能耗，2025 年煤电机组 生产供电煤耗同比降低 2.37 克/千瓦时。 4、公司加快推进碳资产统筹管理，控排企业全面完成全国碳市场第二履约期配额清缴工作。 上市公司发生环境事故的相关情况 2025 年，公司未发生环境事故。 === PAGE 56 === 广东电力发展股份有限公司 2025 ",1,data/text/000539.SZ/2025/annual_report.txt,False
1710,8,7703,54.329052,64,117,53,False,0.37594,0.53,0.275556,1.0,0.979167,12,0.992,01713.HK,SICHUAN EN INV,Q_E_SO2_INTENSITY,二氧化硫排放强度,E,True,0,,,0,missing_candidate,extend_extraction_rules,0,no_matching_disclosure_in_text,,2,data/text/hkex_reports/01713.HK/2025/annual_report.txt|data/text/hkex_reports/01713.HK/2025/esg_report.txt,False
1711,8,7721,54.263889,43,100,57,False,0.333333,0.57,0.275556,1.0,0.979167,12,0.992,000533.SZ,顺钠股份,Q_E_SO2_INTENSITY,二氧化硫排放强度,E,True,0,,,0,missing_candidate,extend_extraction_rules,0,related_disclosure_without_compatible_intensity,压器的研究与产业化”获广东省机械工程学会/广东省机械行业协会科技进步三等奖。 （4）深耕 ESG 治理，赋能企业可持续发展升级 2025 年，公司将可持续发展理念深度融入战略布局与生产运营全流程，系统推进 ESG 管理体系规范化建设，全面呈 现相关实践与成效。公司持续维护 SA8000 社会责任、ISO27001 信息安全、ISO37001 反贿赂、ISO50001 能源管理等多项 关键管理体系的有效运行，并顺利通过多次客户 ESG 及社会责任专项审核，彰显了规范治理实力。 同时，公司持续探索贴合自身发展特点的 ESG 治理路径：科学制定公司碳中和中长期发展规划，系统构建碳抵消实 施路径与专项方案，完成 12 个产品型号碳足迹标识认证；引入 SGS 专业课程，组织关键岗位开展商业道德专项培训；连 续两年参与社区植树公益活动，积极投身乡村振兴与社区发展事业，通过结对帮扶、教育资助等方式落实惠民举措。凭 借绿色低碳与智能化深度融合的现代化生产体系，结合成熟完善的信息化管理能力，公司成功获评广东省“2025 年先进 级智能工厂” ，并顺利通过Ⅰ型四星零碳工厂及佛山市绿色工厂双认证，切实提升了,2,data/text/000533.SZ/2025/annual_report.txt|data/text/000533.SZ/2025/esg_report.txt,False
1712,8,7733,54.212814,460,534,74,False,0.16129,0.74,0.275556,1.0,0.979167,12,0.992,688560.SH,明冠新材,Q_E_SO2_INTENSITY,二氧化硫排放强度,E,True,0,,,0,missing_candidate,extend_extraction_rules,0,no_matching_disclosure_in_text,,1,data/text/688560.SH/2025/annual_report.txt,False
1713,8,7806,53.862799,101,143,42,False,0.46729,0.42,0.275556,1.0,0.979167,12,0.992,601311.SH,骆驼股份,Q_E_SO2_INTENSITY,二氧化硫排放强度,E,True,0,,,0,missing_candidate,extend_extraction_rules,0,related_disclosure_without_compatible_intensity,技术中心、CNAS 实验室、专家工作站、 湖北省工程技术研究中心等， 多家子公司被认定为高新技术企业， 多项产品与技术为行业内首创， 在汽车低压电池及再生资源领域具备领先的技术研发和产品优势。公司先后参与了 40 多项国家 及行业标准的制定， 已建立最高等级的锂离子电池管理系统产品开发流程体系 （ISO26262： 2018， D 级） ， 整体达国际领先水平， 并入围国家工信部“2023 年新一代信息与技术融合示范项目”“2024 年中国轻工业企业科技竞争力评价百强”等，充分展示了公司的创新能力和行业地位。 3、卓越的产品质量管理优势 公司始终坚持“质量第一”的发展理念，把产品品质作为企业发展的生命线，按照国际标准化 的质量体系进行品质管理， 制定了专门的产品质量管理程序和制度， 采用汽车电池质量管理 3C 模 型，严格管控外销产品、承接项目的质量，定期进行客户回访，不断提高公司质量管控水平。公 司配备了专业的产品检测设备，制定了严格的质量标准，不断推进质量管理体系建设，为实现全 面质量管理提供坚实的保障。 在生产过程中， 公司遵循 APQP 流程， 采用 QFD、 同步工程、 FM,1,data/text/601311.SH/2025/annual_report.txt,False
1714,8,7841,53.671814,54,107,53,False,0.34965,0.53,0.275556,1.0,0.979167,12,0.992,01798.HK,DATANG RENEW,Q_E_SO2_INTENSITY,二氧化硫排放强度,E,True,0,,,0,missing_candidate,extend_extraction_rules,0,related_disclosure_without_compatible_intensity,"the Group’s main source of atmospheric pollutants was exhaust emissions from company vehicles, which contained pollutants such as nitrogen oxides and sulfur dioxide. The emission reduction measures we implemented include: ➢ Reducing the impact on construction sites and surrounding environments during engineering construction. Based on the potential pollution and environmental hazards caused by polluted gases, wastewater, waste residue, dust, radioactive substances, as well as noise and vibration",1,data/text/hkex_reports/01798.HK/2025/annual_report.txt,False
1715,8,7846,53.665404,414,483,69,False,0.189394,0.69,0.275556,1.0,0.979167,12,0.992,002350.SZ,北京科锐,Q_E_SO2_INTENSITY,二氧化硫排放强度,E,True,0,,,0,missing_candidate,extend_extraction_rules,0,no_matching_disclosure_in_text,,1,data/text/002350.SZ/2025/annual_report.txt,False
1716,8,7873,53.535937,373,438,65,False,0.224215,0.65,0.275556,1.0,0.979167,12,0.992,300619.SZ,金银河,Q_E_SO2_INTENSITY,二氧化硫排放强度,E,True,0,,,0,missing_candidate,extend_extraction_rules,0,no_matching_disclosure_in_text,,1,data/text/300619.SZ/2025/annual_report.txt,False
1717,8,7899,53.456418,266,310,44,False,0.431034,0.44,0.275556,1.0,0.979167,12,0.992,300491.SZ,通合科技,Q_E_SO2_INTENSITY,二氧化硫排放强度,E,True,0,,,0,missing_candidate,extend_extraction_rules,0,no_matching_disclosure_in_text,,1,data/text/300491.SZ/2025/annual_report.txt,False
1718,8,7950,53.245072,305,359,54,False,0.322581,0.54,0.275556,1.0,0.979167,12,0.992,002498.SZ,汉缆股份,Q_E_SO2_INTENSITY,二氧化硫排放强度,E,True,0,,,0,missing_candidate,extend_extraction_rules,0,no_matching_disclosure_in_text,,1,data/text/002498.SZ/2025/annual_report.txt,False
1719,8,7966,53.193376,306,360,54,False,0.320513,0.54,0.275556,1.0,0.979167,12,0.992,000037.SZ,深南电A,Q_E_SO2_INTENSITY,二氧化硫排放强度,E,True,0,,,0,missing_candidate,extend_extraction_rules,0,related_disclosure_without_compatible_intensity,炉 烟 囱 集 中 排放 3 个 南 山 热 电 厂 厂 区内 〈15 mg/m³ 执行“深圳 蓝”排放标 准 〈15mg/m³ 36.82 吨 686.25 吨 无 46 === PAGE 47 === 深圳南山热电股份有限公司 2025 年年度报告全文 公司采用清洁能源天然气发电，不产生烟尘、二氧化硫排放；属于非水污染重点监管单位，污水排放口为一般排放口， 间断性排放，水污染物未作排放量限值要求。 上市公司发生环境事故的相关情况 无 十六、社会责任情况 2025 年度，公司虽然在生产、经营和管理等各方面均面临诸多挑战，但公司勇于承担社会责任，在机组老化、效率下 降、成本高企的情况下积极保障电力供应，在力所能及的范围内认真履行应尽的社会责任。在安全生产方面，公司持之以 恒抓实安全生产，全力确保电力生产安全稳定，积极探索建立与转型发展相适应的安全生产管理模式，优化、完善公司内 部安全生产管理体制机制，有序开展安全生产、技术监督、创新管理的各项工作，实现了安全生产“五无”目标。在环境保 护方面，公司严格遵守国家及地方的环保法规，始终坚持清洁发电发展理念，各项环保工作均得到有效落实，环保排,1,data/text/000037.SZ/2025/annual_report.txt,False
1720,8,7993,53.053506,394,459,65,False,0.204918,0.65,0.275556,1.0,0.979167,12,0.992,002309.SZ,中利集团,Q_E_SO2_INTENSITY,二氧化硫排放强度,E,True,0,,,0,missing_candidate,extend_extraction_rules,0,no_matching_disclosure_in_text,,1,data/text/002309.SZ/2025/annual_report.txt,False
1721,8,8011,52.988997,458,527,69,False,0.162338,0.69,0.275556,1.0,0.979167,12,0.992,920110.BJ,雷特科技,Q_E_SO2_INTENSITY,二氧化硫排放强度,E,True,0,,,0,missing_candidate,extend_extraction_rules,0,no_matching_disclosure_in_text,,1,data/text/920110.BJ/2025/annual_report.txt,False
1722,8,8032,52.900986,336,394,58,False,0.268817,0.58,0.275556,1.0,0.979167,12,0.992,300660.SZ,江苏雷利,Q_E_SO2_INTENSITY,二氧化硫排放强度,E,True,0,,,0,missing_candidate,extend_extraction_rules,0,no_matching_disclosure_in_text,,1,data/text/300660.SZ/2025/annual_report.txt,False
1723,8,8036,52.870478,75,121,46,False,0.387597,0.46,0.275556,1.0,0.979167,12,0.992,00451.HK,DYNASTY DIGITAL,Q_E_SO2_INTENSITY,二氧化硫排放强度,E,True,0,,,0,missing_candidate,extend_extraction_rules,0,no_matching_disclosure_in_text,,2,data/text/hkex_reports/00451.HK/2025/annual_report.txt|data/text/hkex_reports/00451.HK/2025/esg_report.txt,False
1724,8,8063,52.742502,97,137,40,False,0.442478,0.4,0.275556,1.0,0.979167,12,0.992,605580.SH,恒盛能源,Q_E_SO2_INTENSITY,二氧化硫排放强度,E,True,0,,,0,missing_candidate,extend_extraction_rules,0,no_matching_disclosure_in_text,,2,data/text/605580.SH/2025/annual_report.txt|data/text/605580.SH/2025/esg_report.txt,False
1725,8,8168,52.319628,452,518,66,False,0.165563,0.66,0.275556,1.0,0.979167,12,0.992,000421.SZ,南京公用,Q_E_SO2_INTENSITY,二氧化硫排放强度,E,True,0,,,0,missing_candidate,extend_extraction_rules,0,no_matching_disclosure_in_text,,1,data/text/000421.SZ/2025/annual_report.txt,False
1726,8,8172,52.298372,138,163,25,False,0.574713,0.25,0.275556,1.0,0.979167,12,0.992,688392.SH,骄成超声,Q_E_SO2_INTENSITY,二氧化硫排放强度,E,True,0,,,0,missing_candidate,extend_extraction_rules,0,no_matching_disclosure_in_text,,1,data/text/688392.SH/2025/annual_report.txt,False
1727,8,8220,52.117278,391,452,61,False,0.207469,0.61,0.275556,1.0,0.979167,12,0.992,002358.SZ,森源电气,Q_E_SO2_INTENSITY,二氧化硫排放强度,E,True,0,,,0,missing_candidate,extend_extraction_rules,0,no_matching_disclosure_in_text,,1,data/text/002358.SZ/2025/annual_report.txt,False
1728,8,8235,52.044192,104,140,36,False,0.454545,0.36,0.275556,1.0,0.979167,12,0.992,300450.SZ,先导智能,Q_E_SO2_INTENSITY,二氧化硫排放强度,E,True,0,,,0,missing_candidate,extend_extraction_rules,0,no_matching_disclosure_in_text,,1,data/text/300450.SZ/2025/annual_report.txt,False
1729,8,8279,51.924458,148,168,20,False,0.609756,0.2,0.275556,1.0,0.979167,12,0.992,688567.SH,孚能科技,Q_E_SO2_INTENSITY,二氧化硫排放强度,E,True,0,,,0,missing_candidate,extend_extraction_rules,0,no_matching_disclosure_in_text,,1,data/text/688567.SH/2025/annual_report.txt,False
1730,8,8322,51.773776,94,132,38,False,0.423729,0.38,0.275556,1.0,0.979167,12,0.992,688155.SH,先惠技术,Q_E_SO2_INTENSITY,二氧化硫排放强度,E,True,0,,,0,missing_candidate,extend_extraction_rules,0,no_matching_disclosure_in_text,,1,data/text/688155.SH/2025/annual_report.txt,False
1731,8,8367,51.604726,361,417,56,False,0.236967,0.56,0.275556,1.0,0.979167,12,0.992,301511.SZ,德福科技,Q_E_SO2_INTENSITY,二氧化硫排放强度,E,True,0,,,0,missing_candidate,extend_extraction_rules,0,no_matching_disclosure_in_text,,1,data/text/301511.SZ/2025/annual_report.txt,False
1732,8,8370,51.590812,345,399,54,False,0.25641,0.54,0.275556,1.0,0.979167,12,0.992,600868.SH,梅雁吉祥,Q_E_SO2_INTENSITY,二氧化硫排放强度,E,True,0,,,0,missing_candidate,extend_extraction_rules,0,no_matching_disclosure_in_text,,1,data/text/600868.SH/2025/annual_report.txt,False
1733,8,8384,51.551185,436,498,62,False,0.174825,0.62,0.275556,1.0,0.979167,12,0.992,301210.SZ,金杨精密,Q_E_SO2_INTENSITY,二氧化硫排放强度,E,True,0,,,0,missing_candidate,extend_extraction_rules,0,no_matching_disclosure_in_text,,1,data/text/301210.SZ/2025/annual_report.txt,False
1734,8,8402,51.451389,127,154,27,False,0.520833,0.27,0.275556,1.0,0.979167,12,0.992,605169.SH,洪通燃气,Q_E_SO2_INTENSITY,二氧化硫排放强度,E,True,0,,,0,missing_candidate,extend_extraction_rules,0,no_matching_disclosure_in_text,,1,data/text/605169.SH/2025/annual_report.txt,False
1735,8,8422,51.386438,235,255,20,False,0.588235,0.2,0.275556,1.0,0.979167,12,0.992,605066.SH,天正电气,Q_E_SO2_INTENSITY,二氧化硫排放强度,E,True,0,,,0,missing_candidate,extend_extraction_rules,0,no_matching_disclosure_in_text,,1,data/text/605066.SH/2025/annual_report.txt,False
1736,8,8432,51.361111,62,106,44,False,0.347222,0.44,0.275556,1.0,0.979167,12,0.992,02386.HK,SINOPEC SEG,Q_E_SO2_INTENSITY,二氧化硫排放强度,E,True,0,,,0,missing_candidate,extend_extraction_rules,0,likely_methodology_compatible_rule_gap,"ging the Group's environmental footprint. Environmental Management Targets for the 15th Five-Year Plan Period: Case GPEC further upgraded the LQSR energy-saving sulphur recovery tail-gas treatment technology, reducing pollutant emissions by lowering sulphur dioxide concentration to below 10 mg/m³ and particulate matter concentration to below 7 mg/m³. Energy Reduce comprehensive energy consumption intensity to coal per RMB 100 million of revenue by 2030. 80 tonnes of standard Water Reduce water c",2,data/text/hkex_reports/02386.HK/2025/annual_report.txt|data/text/hkex_reports/02386.HK/2025/esg_report.txt,False
1737,8,8443,51.340812,345,398,53,False,0.25641,0.53,0.275556,1.0,0.979167,12,0.992,301063.SZ,海锅股份,Q_E_SO2_INTENSITY,二氧化硫排放强度,E,True,0,,,0,missing_candidate,extend_extraction_rules,0,no_matching_disclosure_in_text,,1,data/text/301063.SZ/2025/annual_report.txt,False
1738,8,8504,51.115048,12,63,51,False,0.26738,0.51,0.275556,1.0,0.979167,12,0.992,300274.SZ,阳光电源,Q_E_SO2_INTENSITY,二氧化硫排放强度,E,True,0,,,0,missing_candidate,extend_extraction_rules,0,no_matching_disclosure_in_text,,2,data/text/300274.SZ/2025/annual_report.txt|data/text/300274.SZ/2025/esg_report.txt,False
1739,8,8513,51.067153,247,273,26,False,0.515464,0.26,0.275556,1.0,0.979167,12,0.992,300751.SZ,迈为股份,Q_E_SO2_INTENSITY,二氧化硫排放强度,E,True,0,,,0,missing_candidate,extend_extraction_rules,0,no_matching_disclosure_in_text,,1,data/text/300751.SZ/2025/annual_report.txt,False
1740,8,8543,50.988527,288,329,41,False,0.362319,0.41,0.275556,1.0,0.979167,12,0.992,300713.SZ,英可瑞,Q_E_SO2_INTENSITY,二氧化硫排放强度,E,True,0,,,0,missing_candidate,extend_extraction_rules,0,no_matching_disclosure_in_text,,1,data/text/300713.SZ/2025/annual_report.txt,False
1741,8,8557,50.934757,269,304,35,False,0.420168,0.35,0.275556,1.0,0.979167,12,0.992,600505.SH,西昌电力,Q_E_SO2_INTENSITY,二氧化硫排放强度,E,True,0,,,0,missing_candidate,extend_extraction_rules,0,no_matching_disclosure_in_text,,1,data/text/600505.SH/2025/annual_report.txt,False
1742,8,8579,50.836633,20,69,49,False,0.276243,0.49,0.275556,1.0,0.979167,12,0.992,688551.SH,科威尔,Q_E_SO2_INTENSITY,二氧化硫排放强度,E,True,0,,,0,missing_candidate,extend_extraction_rules,0,no_matching_disclosure_in_text,,2,data/text/688551.SH/2025/annual_report.txt|data/text/688551.SH/2025/esg_report.txt,False
1743,8,8611,50.758914,77,116,39,False,0.373134,0.39,0.275556,1.0,0.979167,12,0.992,000899.SZ,赣能股份,Q_E_SO2_INTENSITY,二氧化硫排放强度,E,True,0,,,0,missing_candidate,extend_extraction_rules,0,related_disclosure_without_compatible_intensity,用、添加燃烧促进剂试验，以科技创新赋能机组节能减碳。在剔除负荷率下降影 响因素后，2025 年，赣能丰电全年节约标煤量 1.2 万吨，减少 CO2 排放量 3.12 万吨。 2025 年，赣能上电两台机组分别于 9 月、12 月投产发电，机组运行效能与环保指标双优，实现污染治理设施全时段 稳定运行，二氧化硫、氮氧化物、烟尘年排放量均满足排污许可证许可限值。 2、剔除赣能上电机组调试期间影响后，公司所属燃煤电厂 2025 年平均供电煤耗 298.83 克/千瓦时，脱硫投运率 100%，除尘投运率 100%，脱硝投用率 100%，环保设施投用率 100%，电厂废水经处理后自行利用，不外排。 上市公司发生环境事故的相关情况 无 51 === PAGE 52 === 江西赣能股份有限公司 2025 年年度报告全文 十六、社会责任情况 公司作为省属国有企业， 一直以来积极践行国企社会责任，高度重视股东和债权人权益保护、职工权益保护、供应 商、客户和消费者权益保护、环境保护与可持续发展、公共关系、社会公益等社会责任。报告期内社会责任履行情况详 见公司于 2026 年 4 月 18 日在巨潮资讯网上,1,data/text/000899.SZ/2025/annual_report.txt,False
1744,8,8652,50.626502,298,340,42,False,0.337838,0.42,0.275556,1.0,0.979167,12,0.992,603333.SH,福华尚纬,Q_E_SO2_INTENSITY,二氧化硫排放强度,E,True,0,,,0,missing_candidate,extend_extraction_rules,0,no_matching_disclosure_in_text,,1,data/text/603333.SH/2025/annual_report.txt,False
1745,8,8678,50.523776,99,132,33,False,0.423729,0.33,0.275556,1.0,0.979167,12,0.992,688597.SH,煜邦电力,Q_E_SO2_INTENSITY,二氧化硫排放强度,E,True,0,,,0,missing_candidate,extend_extraction_rules,0,no_matching_disclosure_in_text,,1,data/text/688597.SH/2025/annual_report.txt,False
1746,8,8679,50.522436,384,438,54,False,0.213675,0.54,0.275556,1.0,0.979167,12,0.992,002339.SZ,积成电子,Q_E_SO2_INTENSITY,二氧化硫排放强度,E,True,0,,,0,missing_candidate,extend_extraction_rules,0,no_matching_disclosure_in_text,,1,data/text/002339.SZ/2025/annual_report.txt,False
1747,8,8787,50.123855,8,56,48,False,0.257732,0.48,0.275556,1.0,0.979167,12,0.992,688819.SH,天能股份,Q_E_SO2_INTENSITY,二氧化硫排放强度,E,True,0,,,0,missing_candidate,extend_extraction_rules,0,related_disclosure_without_compatible_intensity,污染物排放，提升资源利用效率。 公司严格按照排污许可证的规定组织生产与排放，所有排放口均依法设置并纳入管理。报告期内，公司各类污染物均实现 稳定达标排放，未发生超标排放情况，环保绩效整体表现良好。 环境篇 社会篇 治理篇 废气排放 ▲ 主要 污染物 铅及其化合物、硫酸雾、颗粒物、氮氧化物（NOx）、二氧化硫（SO2）、非甲烷总烃等。 2025 年度，公司废气中重点管控污染物实际排放总量均远低于排污许可证核定的许可排放总量。例如， 天能安徽废气中铅及其化合物、硫酸雾等特征污染物的实际排放量仅为许可量的 30%—60%，展现了 有效的排放控制。 排放总量与 核定总量 超标排放 情况 报告期内，公司所有废气排放口自行监测及监督性监测数据均未出现超标，各污染物排放浓度均满足《电 池工业污染物排放标准》（GB 30484）及地方更严格标准的要求。 针对含铅废气，采用布袋滤筒加高效除尘等组合工艺 ; 针对酸雾废气，采用碱液喷淋中和净化塔 ; 针对 有机废气等，配置 RTO、RCO 等处理设施。各治理设施运行正常，去除效率保持较高水平。自行监测 数据显示，所有有组织及无组织废气排放口的监测浓度均低于,2,data/text/688819.SH/2025/annual_report.txt|data/text/688819.SH/2025/esg_report.txt,False
1748,8,8822,49.993687,4,52,48,False,0.252525,0.48,0.275556,1.0,0.979167,12,0.992,688676.SH,金盘科技,Q_E_SO2_INTENSITY,二氧化硫排放强度,E,True,0,,,0,missing_candidate,extend_extraction_rules,0,likely_methodology_compatible_rule_gap,"表 ESG指标 2024年 2025年 单位 变动情况 ESG指标 2024年 2025年 单位 变动情况 环境指标 光伏自用电力 1,273.88 1,575.96 万度 23.71% 清洁能源发电量 1,694.80 2,036.18 万度 20.14% 清洁能源使用占比 61.35 89.17 % 45.35% 环保投入金额 770.47 224.99 万元 -70.80% 温室气体排放总量（范围一、范围二） 4,749.29 1,860.56 吨二氧化碳当量 -60.82% 温室气体排放强度（范围一、范围二） 0.007 0.0026 吨二氧化碳当量/万元收入 -62.86% 范围一温室气体排放量 1,679.76 1,369.82 吨二氧化碳当量 -18.45% 范围二温室气体排放量 3,069.53 490.74 吨二氧化碳当量 -84.01% 二氧化硫（SO2）排放量 0.00 0.00 吨 0.00% 用水密度 0.30 0.25 吨/万元收入 -14.88% 工业污水排放强度 0.03716 0.03371 吨/万元收入 -9.28% 社会指标 开展培训次数 252 ",2,data/text/688676.SH/2025/annual_report.txt|data/text/688676.SH/2025/esg_report.txt,False
1749,8,8872,49.808007,354,402,48,False,0.245098,0.48,0.275556,1.0,0.979167,12,0.992,002879.SZ,长缆科技,Q_E_SO2_INTENSITY,二氧化硫排放强度,E,True,0,,,0,missing_candidate,extend_extraction_rules,0,no_matching_disclosure_in_text,,1,data/text/002879.SZ/2025/annual_report.txt,False
1750,8,8874,49.7991,363,412,49,False,0.234742,0.49,0.275556,1.0,0.979167,12,0.992,605090.SH,九丰能源,Q_E_SO2_INTENSITY,二氧化硫排放强度,E,True,0,,,0,missing_candidate,extend_extraction_rules,0,no_matching_disclosure_in_text,,1,data/text/605090.SH/2025/annual_report.txt,False
1751,8,8890,49.742702,29,73,44,False,0.282486,0.44,0.275556,1.0,0.979167,12,0.992,000819.SZ,岳阳兴长,Q_E_SO2_INTENSITY,二氧化硫排放强度,E,True,0,,,0,missing_candidate,extend_extraction_rules,0,related_disclosure_without_compatible_intensity,境监测 次 / 12 12 环保培训人次 次 / 158 92 员工环保培训学时 小时 / 12 8 因环境事件受到生态环境等有关部门 重大行政处罚的处罚事件 件 0 0 0 环境管理目标 定性 定量 以 2024 年 排 放 为 基 数，2025—2030 年 每 2030 年实现 COD、氨氮、二氧化硫、氮氧 化物排放量明显下降，达到同行业先进行列。 年 COD、氨氮、SO2、NOx 排放量下降 5%— 10%，2030 年末达成同行业先进水平。 2025 年目标已达标 环境监测 公司建立“监测全覆盖、排查常态化、整改闭环化”的环境管理机制，通过科学监测掌握环境状态，以常态化 排查防范环境风险，确保生产运营环境合规可控。 全维度 监测覆盖 监测范围涵盖废气（SO2、NOx、VOCs 等）、废水（COD、氨氮、pH 等）、固废（一 般固废、危险废物）、噪声等关键环境指标，覆盖生产装置、污水排放口、危废 暂存间等核心区域，兼顾日常运营与异常工况。 多元化 监测方式 实行“日常自主监测 + 第三方专业检测 + 在线实时监控”相结合的模式，2025 年完成各季度常态化监测报告编制，在重点废,2,data/text/000819.SZ/2025/annual_report.txt|data/text/000819.SZ/2025/esg_report.txt,False
1752,8,8893,49.736111,375,425,50,False,0.222222,0.5,0.275556,1.0,0.979167,12,0.992,301516.SZ,中远通,Q_E_SO2_INTENSITY,二氧化硫排放强度,E,True,0,,,0,missing_candidate,extend_extraction_rules,0,no_matching_disclosure_in_text,,1,data/text/301516.SZ/2025/annual_report.txt,False
1753,8,8945,49.54594,280,313,33,False,0.384615,0.33,0.275556,1.0,0.979167,12,0.992,002125.SZ,湘潭电化,Q_E_SO2_INTENSITY,二氧化硫排放强度,E,True,0,,,0,missing_candidate,extend_extraction_rules,0,no_matching_disclosure_in_text,,1,data/text/002125.SZ/2025/annual_report.txt,False
1754,8,8964,49.506313,44,85,41,False,0.30303,0.41,0.275556,1.0,0.979167,12,0.992,688517.SH,金冠电气,Q_E_SO2_INTENSITY,二氧化硫排放强度,E,True,0,,,0,missing_candidate,extend_extraction_rules,0,related_disclosure_without_compatible_intensity,司凭借高效的售后响应和专业的服务能力，先 后收到国家电网、南方电网等客户发来的感谢信，对公司产品性能和服务质量高度认可。 (九)产品安全保障情况 公司以高品质产品与稳定质量为立身之本，建立了完善的全生命周期质量管理体系： 1.体系管理：持续优化 ISO9001、ISO14001、ISO45001、ISO22163 质量、环境、职业健康安 全、 国际轨道交通管理体系， 每年组织内部审核与第三方监督审核， 强化体系落地执行的有效性， 目前已制定 40 多项管理程序文件、60 多项作业文件及 142 项记录表格。 2.过程控制：公司在新产品开发阶段即识别质量风险、制造需求，推动设计改进优化，从研 发设计层面提升产品质量，满足客户对产品的不同需求； 以“不合格票” “QC 检查” “DR 评审” 为质量管理抓手，确保生产过程稳定可靠。 3.检测能力与国际接轨：检测中心通过 CNAS 实验室认可（证书编号 CNASL13530），铁路 避雷器产品通过 CRCC 认证，彰显检测权威性与产品可靠性。 4.自动化与信息化：引入先进自动化设备，实现电阻片自动化生产（压片、清洗、涂覆、喷 铝、电检）与充电,2,data/text/688517.SH/2025/annual_report.txt|data/text/688517.SH/2025/esg_report.txt,False
1755,8,8989,49.399461,3,49,46,False,0.248756,0.46,0.275556,1.0,0.979167,12,0.992,300776.SZ,帝尔激光,Q_E_SO2_INTENSITY,二氧化硫排放强度,E,True,0,,,0,missing_candidate,extend_extraction_rules,0,related_disclosure_without_compatible_intensity,尔激光为完善自身ESG信息披露体系建设，综合考虑当下利益相关方对企业管理与发展的 新期望，参考《深圳证券交易所上市公司自律监管指引第17号⸺可持续发展报告（试行）》、《深圳证券交易所创业板上市公司自律监管指南第3号⸺可持续发展报告编制》、联合国可持续发展目标（SDGs）、GRI通用准则2021、 ISO26000等可持续发展相关标准，结合所处行业特点和业务特点，开展ESG议题重要性评估工作。 梳理公司活动和业务背景关系 建立议题清单 议题重要性的评估与分析 确认重要性议题 ·了解公司活动和业务关系，包括公司 的产品和服务、战略规划、上游和下游 价值链等相关信息。 ·了解外部客观环境，分析公司相关的 法律和监管政策，以及媒体报道、同业 分析、特定行业标准、研究报告等特定 公开文件。 ·了解主要受影响利益相关方，分析现 有的利益相关者参与方式。 在交易所《指引》设置的21项议题基础 上，结合监管政策、区域法规、行业标准， 并参考可持续发展长期表现较为优异的 同业或价值链上下游公司，增加同业关 注度较高的特异性议题，最终形成共计 24项识别议题清单，其中包括： 9个环境议题； 9个社会议题；,2,data/text/300776.SZ/2025/annual_report.txt|data/text/300776.SZ/2025/esg_report.txt,False
1756,8,9011,49.331964,434,487,53,False,0.176056,0.53,0.275556,1.0,0.979167,12,0.992,001269.SZ,欧晶科技,Q_E_SO2_INTENSITY,二氧化硫排放强度,E,True,0,,,0,missing_candidate,extend_extraction_rules,0,no_matching_disclosure_in_text,,1,data/text/001269.SZ/2025/annual_report.txt,False
1757,8,9021,49.310185,420,472,52,False,0.185185,0.52,0.275556,1.0,0.979167,12,0.992,002112.SZ,三变科技,Q_E_SO2_INTENSITY,二氧化硫排放强度,E,True,0,,,0,missing_candidate,extend_extraction_rules,0,no_matching_disclosure_in_text,,1,data/text/002112.SZ/2025/annual_report.txt,False
1758,8,9122,48.946181,92,122,30,False,0.390625,0.3,0.275556,1.0,0.979167,12,0.992,600025.SH,华能水电,Q_E_SO2_INTENSITY,二氧化硫排放强度,E,True,0,,,0,missing_candidate,extend_extraction_rules,0,no_matching_disclosure_in_text,,1,data/text/600025.SH/2025/annual_report.txt,False
1759,8,9148,48.86318,432,483,51,False,0.177305,0.51,0.275556,1.0,0.979167,12,0.992,301327.SZ,华宝新能,Q_E_SO2_INTENSITY,二氧化硫排放强度,E,True,0,,,0,missing_candidate,extend_extraction_rules,0,no_matching_disclosure_in_text,,1,data/text/301327.SZ/2025/annual_report.txt,False
1760,8,9158,48.838191,353,397,44,False,0.246305,0.44,0.275556,1.0,0.979167,12,0.992,300390.SZ,天华新能,Q_E_SO2_INTENSITY,二氧化硫排放强度,E,True,0,,,0,missing_candidate,extend_extraction_rules,0,no_matching_disclosure_in_text,,1,data/text/300390.SZ/2025/annual_report.txt,False
1761,8,9187,48.743687,9,52,43,False,0.252525,0.43,0.275556,1.0,0.979167,12,0.992,603606.SH,东方电缆,Q_E_SO2_INTENSITY,二氧化硫排放强度,E,True,0,,,0,missing_candidate,extend_extraction_rules,0,no_matching_disclosure_in_text,,1,data/text/603606.SH/2025/annual_report.txt,False
1762,8,9234,48.604726,361,405,44,False,0.236967,0.44,0.275556,1.0,0.979167,12,0.992,300129.SZ,泰胜风能,Q_E_SO2_INTENSITY,二氧化硫排放强度,E,True,0,,,0,missing_candidate,extend_extraction_rules,0,no_matching_disclosure_in_text,,1,data/text/300129.SZ/2025/annual_report.txt,False
1763,8,9282,48.461529,376,421,45,False,0.221239,0.45,0.275556,1.0,0.979167,12,0.992,002493.SZ,荣盛石化,Q_E_SO2_INTENSITY,二氧化硫排放强度,E,True,0,,,0,missing_candidate,extend_extraction_rules,0,related_disclosure_without_compatible_intensity,石化 浙石化 浙石化 浙石化 浙石化 浙石化 浙石化 浙石化 浙石化 浙石化 浙石化 浙石化 浙石化 浙石化 浙石化 浙石化 浙石化 浙石化 浙石化 中金石化 中金石化 中金石化 计量标准考核证书（工作用廉金属热电偶标准装置） 计量标准考核证书（一等铂铑 10-铂热电偶标准装置） 计量标准考核证书（二氧化硫测定仪检定装置） 计量标准考核证书（硫化氢气体检测仪检定装置） 计量标准考核证书（挥发性有机化合物光离子化检测仪校准装置） 计量标准考核证书（可燃气体报警器检定装置） 计量标准考核证书（氧分析仪和氧气检测报警器检定装置） 计量标准考核证书（一氧化碳检测报警器检定装置） 计量标准考核证书（氨气检测报警器检定装置） 特种设备检验检测机构核准证（丙类检验机构） CNAS 实验室认可证书 质量管理体系认证证书 全国工业产品生产许可证 危险化学品登记证 安全生产许可证 排污许可证 港口经营许可证 技术标准规定项目批准书项目单（3#喷气燃料） 民用航空油料检测单位批准项目单（3#喷气燃料） 监控化学品生产特别许可证书（一期） 监控化学品生产特别许可证书（二期） 原油非国营贸易进口资格 成品油非国,1,data/text/002493.SZ/2025/annual_report.txt,False
1764,8,9292,48.423361,80,111,31,False,0.359712,0.31,0.275556,1.0,0.979167,12,0.992,600406.SH,国电南瑞,Q_E_SO2_INTENSITY,二氧化硫排放强度,E,True,0,,,0,missing_candidate,extend_extraction_rules,0,no_matching_disclosure_in_text,,1,data/text/600406.SH/2025/annual_report.txt,False
1765,8,9310,48.392339,307,342,35,False,0.318471,0.35,0.275556,1.0,0.979167,12,0.992,002812.SZ,恩捷股份,Q_E_SO2_INTENSITY,二氧化硫排放强度,E,True,0,,,0,missing_candidate,extend_extraction_rules,0,no_matching_disclosure_in_text,,1,data/text/002812.SZ/2025/annual_report.txt,False
1766,8,9318,48.364464,324,362,38,False,0.287356,0.38,0.275556,1.0,0.979167,12,0.992,002629.SZ,仁智股份,Q_E_SO2_INTENSITY,二氧化硫排放强度,E,True,0,,,0,missing_candidate,extend_extraction_rules,0,no_matching_disclosure_in_text,,1,data/text/002629.SZ/2025/annual_report.txt,False
1767,8,9326,48.343157,101,127,26,False,0.406504,0.26,0.275556,1.0,0.979167,12,0.992,688503.SH,聚和材料,Q_E_SO2_INTENSITY,二氧化硫排放强度,E,True,0,,,0,missing_candidate,extend_extraction_rules,0,no_matching_disclosure_in_text,,1,data/text/688503.SH/2025/annual_report.txt,False
1768,8,9340,48.305968,453,503,50,False,0.165017,0.5,0.275556,1.0,0.979167,12,0.992,002546.SZ,新联电子,Q_E_SO2_INTENSITY,二氧化硫排放强度,E,True,0,,,0,missing_candidate,extend_extraction_rules,0,no_matching_disclosure_in_text,,1,data/text/002546.SZ/2025/annual_report.txt,False
1769,8,9345,48.2991,363,406,43,False,0.234742,0.43,0.275556,1.0,0.979167,12,0.992,300360.SZ,炬华科技,Q_E_SO2_INTENSITY,二氧化硫排放强度,E,True,0,,,0,missing_candidate,extend_extraction_rules,0,no_matching_disclosure_in_text,,1,data/text/300360.SZ/2025/annual_report.txt,False
1770,8,9438,48.032596,395,440,45,False,0.204082,0.45,0.275556,1.0,0.979167,12,0.992,002576.SZ,通达动力,Q_E_SO2_INTENSITY,二氧化硫排放强度,E,True,0,,,0,missing_candidate,extend_extraction_rules,0,no_matching_disclosure_in_text,,1,data/text/002576.SZ/2025/annual_report.txt,False
1771,8,9557,47.687163,377,419,42,False,0.220264,0.42,0.275556,1.0,0.979167,12,0.992,000009.SZ,中国宝安,Q_E_SO2_INTENSITY,二氧化硫排放强度,E,True,0,,,0,missing_candidate,extend_extraction_rules,0,no_matching_disclosure_in_text,,2,data/text/000009.SZ/2025/annual_report.txt|data/text/000009.SZ/2025/esg_report.txt,False
1772,8,9579,47.609127,82,110,28,False,0.357143,0.28,0.275556,1.0,0.979167,12,0.992,300014.SZ,亿纬锂能,Q_E_SO2_INTENSITY,二氧化硫排放强度,E,True,0,,,0,missing_candidate,extend_extraction_rules,0,no_matching_disclosure_in_text,,1,data/text/300014.SZ/2025/annual_report.txt,False
1773,8,9596,47.558107,16,54,38,False,0.255102,0.38,0.275556,1.0,0.979167,12,0.992,000400.SZ,许继电气,Q_E_SO2_INTENSITY,二氧化硫排放强度,E,True,0,,,0,missing_candidate,extend_extraction_rules,0,no_matching_disclosure_in_text,,2,data/text/000400.SZ/2025/annual_report.txt|data/text/000400.SZ/2025/esg_report.txt,False
1774,8,9614,47.493056,58,90,32,False,0.3125,0.32,0.275556,1.0,0.979167,12,0.992,688778.SH,厦钨新能,Q_E_SO2_INTENSITY,二氧化硫排放强度,E,True,0,,,0,missing_candidate,extend_extraction_rules,0,related_disclosure_without_compatible_intensity,《业务连续性计划》中明确 应急响应和业务恢复的基本流程，并通过备用生产基地、关键资源保障和跨部门协同，支持关键业务尽快恢复 运行。 演练、评估与持续改进 : 我们定期组织业务连续性演练，并结合演练和事件复盘结果，对业务连续性计划进行 评估和更新，持续提升计划的适用性和有效性 我们三明厦钨已经获得 ISO22301:2019 业务连续性管理体系认证证书。 商业道德 道德行为规范 商业道德是企业可持续经营和长期价值创造的重要基础。我们始终将诚信、正直与合规作为开展各项经营活动 的基本准则，致力于在与员工、客户、供应商及其他利益相关方的合作中，构建公平、透明、值得信赖的商业 环境。 为此，公司制定并实施了《商业行为规则》，作为全体员工共同遵循的行为指引，对公司在日常经营和决策过程 中应秉持的道德标准作出明确规范。该规则适用于公司及其下属各单位。 围绕商业道德的核心要求，我们重点从以下方面加以规范和引导： 范畴 类别 管理方针 商业道德与廉洁合规 反腐败与廉洁从业 公司坚持廉洁从业原则，严禁任何形式的贿赂、回扣、 商业贿赂及不当利益输送行为，同时禁止员工收受或索 取不正当利益 反不正当竞争与反,2,data/text/688778.SH/2025/annual_report.txt|data/text/688778.SH/2025/esg_report.txt,False
1775,8,9665,47.346245,491,539,48,False,0.146628,0.48,0.275556,1.0,0.979167,12,0.992,600241.SH,时代万恒,Q_E_SO2_INTENSITY,二氧化硫排放强度,E,True,0,,,0,missing_candidate,extend_extraction_rules,0,no_matching_disclosure_in_text,,1,data/text/600241.SH/2025/annual_report.txt,False
1776,8,9719,47.190171,358,396,38,False,0.240385,0.38,0.275556,1.0,0.979167,12,0.992,301217.SZ,铜冠铜箔,Q_E_SO2_INTENSITY,二氧化硫排放强度,E,True,0,,,0,missing_candidate,extend_extraction_rules,0,no_matching_disclosure_in_text,,1,data/text/301217.SZ/2025/annual_report.txt,False
1777,8,9783,47.025517,408,450,42,False,0.193798,0.42,0.275556,1.0,0.979167,12,0.992,301040.SZ,中环海陆,Q_E_SO2_INTENSITY,二氧化硫排放强度,E,True,0,,,0,missing_candidate,extend_extraction_rules,0,no_matching_disclosure_in_text,,1,data/text/301040.SZ/2025/annual_report.txt,False
1778,8,9790,47.002217,457,502,45,False,0.162866,0.45,0.275556,1.0,0.979167,12,0.992,000692.SZ,惠天热电,Q_E_SO2_INTENSITY,二氧化硫排放强度,E,True,0,,,0,missing_candidate,extend_extraction_rules,0,no_matching_disclosure_in_text,,1,data/text/000692.SZ/2025/annual_report.txt,False
1779,8,9811,46.935658,248,258,10,False,0.510204,0.1,0.275556,1.0,0.979167,12,0.992,300222.SZ,科大智能,Q_E_SO2_INTENSITY,二氧化硫排放强度,E,True,0,,,0,missing_candidate,extend_extraction_rules,0,no_matching_disclosure_in_text,,1,data/text/300222.SZ/2025/annual_report.txt,False
1780,8,9834,46.867871,489,535,46,False,0.147493,0.46,0.275556,1.0,0.979167,12,0.992,300393.SZ,中来股份,Q_E_SO2_INTENSITY,二氧化硫排放强度,E,True,0,,,0,missing_candidate,extend_extraction_rules,0,no_matching_disclosure_in_text,,1,data/text/300393.SZ/2025/annual_report.txt,False
1781,8,9899,46.684309,483,528,45,False,0.15015,0.45,0.275556,1.0,0.979167,12,0.992,300670.SZ,大烨智能,Q_E_SO2_INTENSITY,二氧化硫排放强度,E,True,0,,,0,missing_candidate,extend_extraction_rules,0,no_matching_disclosure_in_text,,1,data/text/300670.SZ/2025/annual_report.txt,False
1782,8,9953,46.525733,19,53,34,False,0.253807,0.34,0.275556,1.0,0.979167,12,0.992,002028.SZ,思源电气,Q_E_SO2_INTENSITY,二氧化硫排放强度,E,True,0,,,0,missing_candidate,extend_extraction_rules,0,related_disclosure_without_compatible_intensity,品质服务 绿色运营 生态保护 以人为本 权益守护 践行社会责任 未来展望 ESG 绩效总览 指标索引 === PAGE 41 === 41 2025 年度可持续发展报告 思源东芝有组织废气产生环节是蒸汽锅炉废气，主要大气污染物为氮氧化物等。锅炉采用天然气为 燃料，并采用低氮燃烧技术，几乎无烟尘和二氧化硫排放，且氮氧化物产生浓度较低。 思源清能整个工艺过程中仅手工焊接岗位产生少量废气。公司配置集气罩、风管等废气收集装置， 并在排放末端加装废气净化处理装置，对废气进行吸附，控制废气的排放。 无组织废气防治措施 产污环节 污染物 防治措施 真空浇铸树脂浸渍纸，装料时 产生的有机废气 非甲烷总烃 加强真空浇铸工序设备密封效果，减少有 机废气无组织排放。 焊接工序产生的烟气 颗粒物 采用无/低烟尘焊接工艺，每台焊机配备移 动式烟气收集过滤处理器； 规范焊接操作，提高烟气捕集效果，减少 无组织烟尘排放。 生活污水处理设施产生的臭气 氨、硫化氢 提高池体密封性，加强周围绿化，定期清 运沉淀物，减少臭气排放。 废弃物治理 公司废弃物包括一般废弃物、危险废物和生活垃圾。公司制定完善的废弃物管理体系，从制,2,data/text/002028.SZ/2025/annual_report.txt|data/text/002028.SZ/2025/esg_report.txt,False
1783,8,9993,46.432256,444,486,42,False,0.170068,0.42,0.275556,1.0,0.979167,12,0.992,002857.SZ,三晖电气,Q_E_SO2_INTENSITY,二氧化硫排放强度,E,True,0,,,0,missing_candidate,extend_extraction_rules,0,no_matching_disclosure_in_text,,1,data/text/002857.SZ/2025/annual_report.txt,False
1784,8,10045,46.259503,28,60,32,False,0.263158,0.32,0.275556,1.0,0.979167,12,0.992,02236.HK,WISON ENGRG,Q_E_SO2_INTENSITY,二氧化硫排放强度,E,True,0,,,0,missing_candidate,extend_extraction_rules,0,no_matching_disclosure_in_text,,2,data/text/hkex_reports/02236.HK/2025/annual_report.txt|data/text/hkex_reports/02236.HK/2025/esg_report.txt,False
1785,8,10107,46.052507,59,86,27,False,0.304878,0.27,0.275556,1.0,0.979167,12,0.992,01600.HK,TIAN LUN GAS,Q_E_SO2_INTENSITY,二氧化硫排放强度,E,True,0,,,0,missing_candidate,extend_extraction_rules,0,related_disclosure_without_compatible_intensity,"and gas appliances in operation meet national high-standard requirements, thereby achieving effective control and clean emissions of nitrogen oxides, sulfur dioxide, particulate matter, and volatile organic compounds (VOCs) at the source. At the same time, Tian Lun Gas is committed to building a green and low-carbon transportation system by actively promoting the use of clean transportation tools such as electric vehicles and natural gas vehicles. These efforts systematically reduce emissions in",2,data/text/hkex_reports/01600.HK/2025/annual_report.txt|data/text/hkex_reports/01600.HK/2025/esg_report.txt,False
1786,8,10136,45.969203,357,390,33,False,0.241546,0.33,0.275556,1.0,0.979167,12,0.992,003816.SZ,中国广核,Q_E_SO2_INTENSITY,二氧化硫排放强度,E,True,0,,,0,missing_candidate,extend_extraction_rules,0,related_disclosure_without_compatible_intensity,"省），全国商运核电机组上网电量为 4,389.29 亿千瓦时。2025 年，公司管理的核电 站的总上网电量为 2,326.48 亿千瓦时，占全国核电机组上网电量的 53.00%。公司 2025 年累计上网电量等效减少标煤消 耗约 7,044.58 万吨、减排二氧化碳约 21,496.69 万吨、减排二氧化硫约 1.79 万吨、减排氮氧化物约 2.91 万吨，环保效益 显著。 2、核电运营管理保持较高水平 公司拥有超过 30 年的核电运营管理经验，且拥有十多年群堆、群厂管理经验，通过持续与国内国际同行对标等各种 方式，不断改进并提升运营管理水平。 公司始终坚守“核安全高于一切”的理念和“安全第一、质量第一、追求卓越”的基本原则，将核安全置于最高的 地位。通过引进、吸收世界先进的安全管理经验，建立了安全管理体系相关的制度和标准，在各核电站实施纵深防御的 核安全管理体系、独立的安全监督体系、经验反馈体系、核应急响应及处置体系，并建立了全员核安全文化。 公司持续与 WANO 压水堆的全部 12 项业绩指标一年值标杆对比，近年来，公司在运核电机组进入世界前 1/4 水平 （先进水平）和前 1/1",1,data/text/003816.SZ/2025/annual_report.txt,False
1787,8,10170,45.836633,331,360,29,False,0.276243,0.29,0.275556,1.0,0.979167,12,0.992,301266.SZ,宇邦新材,Q_E_SO2_INTENSITY,二氧化硫排放强度,E,True,0,,,0,missing_candidate,extend_extraction_rules,0,no_matching_disclosure_in_text,,1,data/text/301266.SZ/2025/annual_report.txt,False
1788,8,10175,45.824637,471,512,41,False,0.155763,0.41,0.275556,1.0,0.979167,12,0.992,000875.SZ,电投绿能,Q_E_SO2_INTENSITY,二氧化硫排放强度,E,True,0,,,0,missing_candidate,extend_extraction_rules,0,related_disclosure_without_compatible_intensity,"目运营效 益的重大不利 变化 化情况以及对 发行人偿债能 力和投资者权 益的影响、应 对措施 否 否 否 否 88 === PAGE 89 === 国电投绿色能源股份有限公司 2025 年年度报告全文 年可实现碳减 排量 100.71 万吨二氧化碳 当量，替代化 石能源量 40.75 万吨标 煤，二氧化硫 削减量 103.76 吨，氮氧化物 削减量 168.43 吨，颗粒物削 减量 17.52 吨。本期碳中 和绿色公司债 券募投项目的 总投资规模为 464,285.00 万 元，募集资金 中 9.475 亿元 用于清洁能源 发电类项目， 按照实际使用 资金和项目总 投资比例折算 后加和，2025 年度已建成项 目可实现碳减 排量 21.48 万 吨二氧化碳当 量，替代化石 能源量 8.55 万吨标煤，二 氧化硫削减量 21.77 吨，氮 氧化物削减量 35.34 吨，颗 粒物削减量 3.68 吨。 148096 22 吉电 G2 本期碳中和绿 色公司债券， 募集资金总规 模为 10 亿 元，募集资金 扣除发行费用 后已投放 7 亿 元用于乡村振 兴区域的光伏 发电和风电项 目，其余用于",1,data/text/000875.SZ/2025/annual_report.txt,False
1789,8,10185,45.7991,4,37,33,False,0.234742,0.33,0.275556,1.0,0.979167,12,0.992,600900.SH,长江电力,Q_E_SO2_INTENSITY,二氧化硫排放强度,E,True,0,,,0,missing_candidate,extend_extraction_rules,0,likely_methodology_compatible_rule_gap,第一财经 银柿财经 长江日报 长江日报 南方财经全媒体集团 《企业管理》杂志社 商道融绿 中国设备管理协会 === PAGE 14 === 营业总收入 862.42 亿元 利润总额 417.40 亿元 净利润 349.49 亿元 年度分红 230.74 亿元 加权平均净资产收益率 15.90% 资产负债率 58.27% 全员劳动生产率 992.27 万元/人 （二）环境 六座梯级电站发电总量 3071.94 亿千瓦时 相当于替代标准煤消耗 0.93 亿吨 减少二氧化碳排放 2.54 亿吨 减少二氧化硫排放 2.37 万吨 减少氮氧化物排放 3.84 万吨 获发绿证超 3.6 亿张 总耗水量 701.63 万立方米 水资源消耗强度 0.81 立方米/万元 环保投入 2.73 亿元 污水、噪声等污染物排放达标率 100% 危险废物合规处置率 100% 生产单位环境管理体系贯标率 100% （三）社会 安全生产实现“双零”目标 — 11 — === PAGE 15 === 员工总数 8482 人 公司劳动合同签订率 100% 员工培训覆盖率 100% 研发投入 24.55 亿元 荣获 28 ,2,data/text/600900.SH/2025/annual_report.txt|data/text/600900.SH/2025/esg_report.txt,False
1790,8,10230,45.650986,35,64,29,False,0.268817,0.29,0.275556,1.0,0.979167,12,0.992,601126.SH,四方股份,Q_E_SO2_INTENSITY,二氧化硫排放强度,E,True,0,,,0,missing_candidate,extend_extraction_rules,0,related_disclosure_without_compatible_intensity,理 管理 方针 顾客至上--以“聚焦客户满意度”为出发点 品质优先--以“精益管理”为主线 以人为本--以“培育专业人才”为支点 创新发展--以“创新服务模式”为驱动 四方股份锚定客户需求变化，完善客户满意度管理机制，提升客户体验与服务能力，打造敏捷高效的服务团 队，助力主营业绩提升。工程服务以 ISO20000 服务管理体系、ESP 信息化平台及数字化呼叫平台为支撑，推进 服务流程架构建设与可视化改造，严格践行 “首问责任制，问题不过夜” 服务承诺；通过 7×24 小时服务热线、 标准化投诉处理流程，实现客户需求全记录、闭环时间有监控、调查回访重感受、投诉事件必问责，确保快速响 应并解决用户需求，全面精准落实客户诉求，为用户产品和系统安全稳定运行提供重要保障，着力为客户打造更 优质的服务体验。同时，公司深化 AI 技术赋能，依托电子资料下载系统践行绿色运营、降低碳排放，借助大模型 技术提升服务问题定位精准度与首次解决率，全方位强化服务可持续性与数字化水平，助力敏捷高效服务团队建 设，以优质服务提升客户满意度，驱动主营业务高质量发展，彰显可持续治理效能。 2025年，公司服务能力与业务,2,data/text/601126.SH/2025/annual_report.txt|data/text/601126.SH/2025/esg_report.txt,False
1791,8,10347,45.292398,454,492,38,False,0.164474,0.38,0.275556,1.0,0.979167,12,0.992,001331.SZ,胜通能源,Q_E_SO2_INTENSITY,二氧化硫排放强度,E,True,0,,,0,missing_candidate,extend_extraction_rules,0,no_matching_disclosure_in_text,,1,data/text/001331.SZ/2025/annual_report.txt,False
1792,8,10365,45.219203,357,387,30,False,0.241546,0.3,0.275556,1.0,0.979167,12,0.992,002300.SZ,太阳电缆,Q_E_SO2_INTENSITY,二氧化硫排放强度,E,True,0,,,0,missing_candidate,extend_extraction_rules,0,no_matching_disclosure_in_text,,1,data/text/002300.SZ/2025/annual_report.txt,False
1793,8,10366,45.219203,357,387,30,False,0.241546,0.3,0.275556,1.0,0.979167,12,0.992,301439.SZ,泓淋电力,Q_E_SO2_INTENSITY,二氧化硫排放强度,E,True,0,,,0,missing_candidate,extend_extraction_rules,0,no_matching_disclosure_in_text,,1,data/text/301439.SZ/2025/annual_report.txt,False
1794,8,10417,45.083379,451,488,37,False,0.166113,0.37,0.275556,1.0,0.979167,12,0.992,300185.SZ,通裕重工,Q_E_SO2_INTENSITY,二氧化硫排放强度,E,True,0,,,0,missing_candidate,extend_extraction_rules,0,no_matching_disclosure_in_text,,1,data/text/300185.SZ/2025/annual_report.txt,False
1795,8,10517,44.759503,34,60,26,False,0.263158,0.26,0.275556,1.0,0.979167,12,0.992,601139.SH,深圳燃气,Q_E_SO2_INTENSITY,二氧化硫排放强度,E,True,0,,,0,missing_candidate,extend_extraction_rules,0,related_disclosure_without_compatible_intensity,效利用，深圳地 区新增管道天然气用户数 15.2 万户，向深圳市供应天然气 25.26 亿立方米；强化推 广海上 LNG 加注业务，累计加注 LNG 约 17.67 万吨，为航运绿色低碳转型注入新动能。 关键绩效 全年累计销售管道天然气 51.27亿立方米 相当于减排二氧化碳 274.36万吨 减排二氧化硫 1.33万吨 减排氮氧化物 4728.45吨 减排烟尘 472.09吨 减排 PM2.5 1470.02吨 案例 深圳燃气首个 9F 级燃气热电联产项目全面建成投产，助力区域绿色转型 2025 年 6 月 29 日，深圳燃气首个 9F 级燃气热电联产项目全面建成投 产，标志着东莞能源结构优化与绿 色低碳转型迈出关键一步。机组投 运后，2025 年发电量 20.06 亿千瓦 时，年供热量达 30.32 万吉焦，有 效提升东莞电力自给水平，保障周 边企业工业蒸汽稳定供应，为粤港 澳大湾区绿色发展注入强劲动能。 大力发展清洁能源 稳步推进光伏、储能以及生物质 / 蒸汽等清洁能源项目，光伏封装胶膜市场占有率全 球第二，建成多个光储充、园区综合供能项目。光明区人民医院东院区固体氧化物燃 料电,2,data/text/601139.SH/2025/annual_report.txt|data/text/601139.SH/2025/esg_report.txt,False
1796,8,10521,44.756313,315,337,22,False,0.30303,0.22,0.275556,1.0,0.979167,12,0.992,688348.SH,昱能科技,Q_E_SO2_INTENSITY,二氧化硫排放强度,E,True,0,,,0,missing_candidate,extend_extraction_rules,0,no_matching_disclosure_in_text,,1,data/text/688348.SH/2025/annual_report.txt,False
1797,8,10617,44.411417,14,41,27,False,0.239234,0.27,0.275556,1.0,0.979167,12,0.992,603689.SH,皖天然气,Q_E_SO2_INTENSITY,二氧化硫排放强度,E,True,0,,,0,missing_candidate,extend_extraction_rules,0,no_matching_disclosure_in_text,,2,data/text/603689.SH/2025/annual_report.txt|data/text/603689.SH/2025/esg_report.txt,False
1798,8,10655,44.255815,439,472,33,False,0.17301,0.33,0.275556,1.0,0.979167,12,0.992,003022.SZ,联泓新科,Q_E_SO2_INTENSITY,二氧化硫排放强度,E,True,0,,,0,missing_candidate,extend_extraction_rules,0,no_matching_disclosure_in_text,,1,data/text/003022.SZ/2025/annual_report.txt,False
1799,8,10662,44.243056,310,329,19,False,0.3125,0.19,0.275556,1.0,0.979167,12,0.992,301295.SZ,美硕科技,Q_E_SO2_INTENSITY,二氧化硫排放强度,E,True,0,,,0,missing_candidate,extend_extraction_rules,0,no_matching_disclosure_in_text,,1,data/text/301295.SZ/2025/annual_report.txt,False
1800,8,10667,44.229948,479,514,35,False,0.151976,0.35,0.275556,1.0,0.979167,12,0.992,000937.SZ,冀中能源,Q_E_SO2_INTENSITY,二氧化硫排放强度,E,True,0,,,0,missing_candidate,extend_extraction_rules,0,no_matching_disclosure_in_text,,1,data/text/000937.SZ/2025/annual_report.txt,False
1801,8,10711,44.104726,13,39,26,False,0.236967,0.26,0.275556,1.0,0.979167,12,0.992,600101.SH,明星电力,Q_E_SO2_INTENSITY,二氧化硫排放强度,E,True,0,,,0,missing_candidate,extend_extraction_rules,0,related_disclosure_without_compatible_intensity,低企业运营过程中的各类污染，减少企业环境足迹。报告期内，公司未 发生一般及以上环境污染事件，各类污染物稳定达标排放。 大气污染防治 严格遵循《中华人民共和国大气污染防治法》及地方性法规和相关标准要求，在施工 阶段严格把控作业单位，采用先进降尘工艺和物理覆盖等方式严控施工扬尘。日常运 营中，针对烟尘、二氧化硫、氮氧化物等主要大气污染物和车辆尾气，引入新型设备 与环保材料，为车辆加设尾气处理装置，定期进行车辆保养监测，多管齐下降低废气 排放，确保废气排放达标，全方位保障大气环境质量。 水污染防治 固体废弃物污染防治 扎实开展管网整治，减少成品水的跑、冒、滴、漏，减少地下水进入污水管网，确保 废水污染物排放达标，并设立河小青工作站，组织专业人员高频次开展水质监测，携 手各方力量开展河道治理工作，全方位守护水资源，为当地居民筑牢安全、清洁的饮 用水防线。 遵循《中华人民共和国环境保护法》《四川省固体废物污染环境防治条例》《危险废 物转移联单管理办法》及现行的其它法律法规，落实“统一管理、合理利用、集中处 置”以及“先利用，后处置”的原则。针对可回收废弃物、建筑垃圾、危险废弃物等 不同废弃物，有,2,data/text/600101.SH/2025/annual_report.txt|data/text/600101.SH/2025/esg_report.txt,False
1802,8,10761,43.954817,387,415,28,False,0.21097,0.28,0.275556,1.0,0.979167,12,0.992,301361.SZ,众智科技,Q_E_SO2_INTENSITY,二氧化硫排放强度,E,True,0,,,0,missing_candidate,extend_extraction_rules,0,no_matching_disclosure_in_text,,1,data/text/301361.SZ/2025/annual_report.txt,False
1803,8,10791,43.871032,318,337,19,False,0.297619,0.19,0.275556,1.0,0.979167,12,0.992,002580.SZ,圣阳股份,Q_E_SO2_INTENSITY,二氧化硫排放强度,E,True,0,,,0,missing_candidate,extend_extraction_rules,0,no_matching_disclosure_in_text,,1,data/text/002580.SZ/2025/annual_report.txt,False
1804,8,10810,43.794312,39,61,22,False,0.26455,0.22,0.275556,1.0,0.979167,12,0.992,601567.SH,三星电气,Q_E_SO2_INTENSITY,二氧化硫排放强度,E,True,0,,,0,missing_candidate,extend_extraction_rules,0,no_matching_disclosure_in_text,,2,data/text/601567.SH/2025/annual_report.txt|data/text/601567.SH/2025/esg_report.txt,False
1805,8,10813,43.785937,1,27,26,False,0.224215,0.26,0.275556,1.0,0.979167,12,0.992,600236.SH,桂冠电力,Q_E_SO2_INTENSITY,二氧化硫排放强度,E,True,0,,,0,missing_candidate,extend_extraction_rules,0,related_disclosure_without_compatible_intensity,供电煤耗确保≤324.3g/kWh。 水电发电耗水率≤9.3m³/kWh，力争9.25m³/kWh；水能利用率100%，实现电站侧责任“0”弃 水。 风电可控应发电量完成率≥98.07%，力争 99.3%；光伏可控应发电量完成率≥98.8%，力争 99.45%。 脱硫、脱硝环保设施投运率 100%；二氧化硫排放绩效≤0.15 克/千瓦时，氮氧化物排放绩效 ≤0.2克/千瓦时，烟尘排放绩效≤0.025克/千瓦时；废水“0”排放；固废综合利用率≥96.55%， 力争100%。 （3）经营目标 全年计划完成发电量 447.23 亿千瓦时；实现营业收入 103.11亿元；财务费用 6.58亿元。 2.2026 年重点工作 公司开启“多元转型、向新突破，打造国内一流、行业领先绿电企业”新战略，紧紧围绕“发 展攻坚年”各项任务目标，全面抓好发展提速、经营提效、改革深化、科技赋能、风险防控、党 建引领，确保“十五五”开好局、起好步，着力做好以下重点工作： 32 / 293 === PAGE 33 === 广西桂冠电力股份有限公司 2025 年年度报告 （一）扛好首要职责，增强保供稳定性，抓实安全生产,2,data/text/600236.SH/2025/annual_report.txt|data/text/600236.SH/2025/esg_report.txt,False
1806,8,10878,43.618674,25,48,23,False,0.247525,0.23,0.275556,1.0,0.979167,12,0.992,600674.SH,川投能源,Q_E_SO2_INTENSITY,二氧化硫排放强度,E,True,0,,,0,missing_candidate,extend_extraction_rules,0,related_disclosure_without_compatible_intensity,件应急预案，并常态化组织应急演练， 切实提升员工的应急响应能力和事故防范意识，筑牢环境安全防线。 废水管理 加强重要流域的入河排污管理。 攀水电银江水电站废水处理采取“机械预处理+辐流沉淀池（加药沉淀）+机械压滤脱水及清水 循环利用”工艺，实现生产废水零排放。 废气管理 槽渔滩炭素厂主要污染排放物为二氧化硫、颗粒物，按规定配套建设的烟气脱硫、除尘系统等 防治污染设施，在生产车间增设防尘网、车间门口和厂区围墙增设喷淋降尘系统，在厂区周围 栽种树木和厂区绿化，每周对地面冲洗2次以上，减少扬尘污染。 攀水电银江水电站砂石及混凝土生产系统采取“全封装”和设备“喷雾降尘”从源头抑制粉尘 污染。 2025年 公司开展环境应急演练 9次 污染物防控 川投能源及各子公司严格遵循《中华人民共和国水污染防治法》《中华人民共和国大气污染防治法》《中华人民共和国固 体废物污染环境防治法》等国家法律法规的要求，工程建设执行环境保护、水土保持“三同时”制度，确保施工期间产生 的污（废）水、粉尘符合国家和行业相关标准。公司各水电厂严格按《环境影响报告书》批复落实环境保护措施，定期委 托专业监测机构定期进行环境检测，,2,data/text/600674.SH/2025/annual_report.txt|data/text/600674.SH/2025/esg_report.txt,False
1807,8,10965,43.396605,312,328,16,False,0.308642,0.16,0.275556,1.0,0.979167,12,0.992,300018.SZ,中元股份,Q_E_SO2_INTENSITY,二氧化硫排放强度,E,True,0,,,0,missing_candidate,extend_extraction_rules,0,related_disclosure_without_compatible_intensity,限公司 13 公司 绿色环保企业管理体系 中祥标准认证有限公司 14 公司 安全生产许可证 湖北省住房和城乡建设厅 15 公司 质量管理体系 新世纪检验认证股份有限公司 16 公司 环境管理体系 新世纪检验认证股份有限公司 17 公司 职业健康安全管理体系 新世纪检验认证股份有限公司 18 公司 ISO20000 信息技术服务管理体系 北京中安质环认证中心有限公司 19 公司 ISO27001 信息安全管理体系 北京中安质环认证中心有限公司 20 公司 CMMI3 ISACA 21 公司 ISO50001 能源管理体系 新世纪检验认证股份有限公司 22 软件公司 质量管理体系 新世纪认证有限责任公司 23 软件公司 环境管理体系 新世纪认证有限责任公司 24 软件公司 职业健康安全管理体系 新世纪认证有限责任公司 25 电力设备 广西电网有限责任公司科技进步奖二等奖 广西电网有限责任公司 26 电力设备 AAA 级信用企业 中国诚信信用管理股份有限公司 中南分公司 27 成都智达 ISO 500114:2018 能源管理体系认证证书 北京中水卓越认证有限公司 28 成都智达 3A 信用,1,data/text/300018.SZ/2025/annual_report.txt,False
1808,8,11029,43.164501,9,32,23,False,0.229358,0.23,0.275556,1.0,0.979167,12,0.992,600098.SH,广州发展,Q_E_SO2_INTENSITY,二氧化硫排放强度,E,True,0,,,0,missing_candidate,extend_extraction_rules,0,related_disclosure_without_compatible_intensity,"的大气污染物排放标准远低于国家及地方排放标准，达到 超洁净或超低排放标准；工业废水和有机性挥发物有效治理，实现循环利用和达标排放；多家企 业连续被评为清洁生产企业。 新能源发电助力碳减排： 全年新能源发电量超 83 亿千瓦时， 相当于减排二氧化碳超 680 万吨， 节约标煤超 250 万吨，同时减少二氧化硫、氮氧化物、烟尘排放分别达 640 吨、1,040 吨和 116 吨，为区域能源结构优化和大气污染防治作出积极贡献。 循环经济助推“无废城市”建设：中电荔新公司大力开展污泥掺烧工作，年处理污泥量超 4 53 / 259 === PAGE 54 === 广州发展集团股份有限公司2025 年年度报告 万吨，实现固废资源化利用，有效缓解城市污泥处置压力，助力广州市“无废城市”试点建设。 未来，公司将继续深化环保技术创新，推进能源结构绿色转型，以实际行动守护绿水青山，为高 质量发展注入绿色动能。 十五、社会责任工作情况 (一) 是否单独披露社会责任报告、可持续发展报告或 ESG 报告 √适用 □不适用 公司根据上海证券交易所《上海证券交易所上市公司自律监管指引第 4 号——可持续发展报 告编",2,data/text/600098.SH/2025/annual_report.txt|data/text/600098.SH/2025/esg_report.txt,False
1809,8,11043,43.112374,7,30,23,False,0.227273,0.23,0.275556,1.0,0.979167,12,0.992,600885.SH,宏发股份,Q_E_SO2_INTENSITY,二氧化硫排放强度,E,True,0,,,0,missing_candidate,extend_extraction_rules,0,related_disclosure_without_compatible_intensity,战略与可持续发展管理委员会组织架构图 以人为本 大爱精神 做受社会尊重的企业 可持续发展承诺 宏发致力于践行联合国可持续发展目标，恪守道德经营与合规运营的准则，保障客户、员工、 股东、合作方等合法权益，促进公司可持续发展，以切实行动回馈客户与社会。 ◌ 加入的主要倡议和团体 宏发尊重世界人权宣言、ISO26000、经合组织跨国企业行为准则、ILO国际劳工标准以及联 合国工商业与人权指导原则（鲁格框架）等国际规范和标准，并以SDGs中提出的实现全球共 同目标为目的不断推进事业的发展。为响应以上要求，宏发坚持成为the UN Global Compact联合国全球契约组织的成员，始终支持 UNGC 关于人权、劳工、环境和反腐败四 个领域的十项原则。 此外，公司结合自身发展优势与经验，积极参与行业协会组织的标准制定、课题研究、技术 合作、专家库培育等活动，为行业高质量发展发挥带头作用。截至报告期末，公司共计加入98 家国内外行业协会，如中国电子元件行业协会等，并积极组织相关活动，推进行业健康发展。 可持续发展管理机制 公司可持续发展策略通过可持续发展工作小组传递给总部各职能管理部门及子公 司,2,data/text/600885.SH/2025/annual_report.txt|data/text/600885.SH/2025/esg_report.txt,False
1810,8,11110,42.915404,414,440,26,False,0.189394,0.26,0.275556,1.0,0.979167,12,0.992,002121.SZ,科陆电子,Q_E_SO2_INTENSITY,二氧化硫排放强度,E,True,0,,,0,missing_candidate,extend_extraction_rules,0,no_matching_disclosure_in_text,,1,data/text/002121.SZ/2025/annual_report.txt,False
1811,8,11228,42.528916,455,482,27,False,0.163934,0.27,0.275556,1.0,0.979167,12,0.992,301012.SZ,扬电科技,Q_E_SO2_INTENSITY,二氧化硫排放强度,E,True,0,,,0,missing_candidate,extend_extraction_rules,0,no_matching_disclosure_in_text,,1,data/text/301012.SZ/2025/annual_report.txt,False
1812,8,11400,41.961529,5,24,19,False,0.221239,0.19,0.275556,1.0,0.979167,12,0.992,605117.SH,德业股份,Q_E_SO2_INTENSITY,二氧化硫排放强度,E,True,0,,,0,missing_candidate,extend_extraction_rules,0,related_disclosure_without_compatible_intensity,法律 法规，确保运营活动对周边生态环境无负面影响，同时，公司计划在供应链管理中引入生态风险评估机制，持续关注供应商 的生态环境表现，推动产业链上下流共同实现生态友好发展。 废气管理 公司日常生产运营中，废气主要来源于车间回流焊、波峰焊、喷涂线、激光切割等关键工序，主要污染物包含颗粒物、非甲 烷总烃、二氧化硫等。针对不同的废气类型，公司配套建设了活性炭吸附、水喷淋、催化燃烧等处理设备，通过配套废气处 理系统进行专业化治理，全程遵循生态环保相关法律法规及排放标准要求。为确保废气排放合规，公司定期委托第三方专业 机构开展废气检测，持续强化废气排放全过程管控，保障排放指标稳定达标。 废水管理 公司日常运营产生的废水主要包括生活污水，以及车间涂装线、湿式打磨喷淋塔产出的生产废水，主要污染物为涵盖悬浮物、 氨氮、氮氧化物等。针对各类废水，公司采用 “预处理 + 园区污水处理厂深度处理” 模式，生产废水经车间预处理达标后排 入工业园区污水处理系统。为保障处理效果，公司定期委托第三方专业机构对废水水质进行检测，确保排放符合国家及地方 标准，持续筑牢废水排放合规防线。 51 52 === PAGE 29,2,data/text/605117.SH/2025/annual_report.txt|data/text/605117.SH/2025/esg_report.txt,False
1813,8,11439,41.838191,31,47,16,False,0.246305,0.16,0.275556,1.0,0.979167,12,0.992,600968.SH,海油发展,Q_E_SO2_INTENSITY,二氧化硫排放强度,E,True,0,,,0,missing_candidate,extend_extraction_rules,0,related_disclosure_without_compatible_intensity,STAINABLE OPERATION （一）环境监测 报告期内，公司重点排污单位均开展污染物环境监测工作。涉及污染物排放的单位均委托有资质的 检测机构对排放的废水、废气及噪声等进行监测，监测结果均符合相关排放标准。废水主要监测内容为 COD、氨氮、总磷、悬浮物、pH值、石油类等；废气主要监测内容为SO2、NOX、颗粒物、NMHC等；噪 声为等效连续A声级等。 （二）污染物排放 公司《生态环境保护管理办法》明确建设项目环境保护管理、生产经营过程中生态环境保护与污 染防治管理要求，严格执行国家生态环境保护法律法规，规范要求。公司注重在生产过程中尽量减少三 废的产生与排放，特别是危险废物的产生，严格按照规定对废气、废水进行收集、处理和排放，合规收 集、贮存、处置一般工业固体废物和危险废物。对于委托承包商处置的，公司严把承包商准入门槛，确 保废气、废水、噪声达标排放，固体废物均合规处置。2025年，公司未发生生态环境污染事件。 1.废水 公司重视水资源的节约使用和综合利用。公司排放的废水包括工业废水和办公活动中产生的生活污 水。其中，工业污水主要为生产过程中产生的生产废水、循环水排污水、设备,2,data/text/600968.SH/2025/annual_report.txt|data/text/600968.SH/2025/esg_report.txt,False
1814,8,11440,41.836664,11,29,18,False,0.226244,0.18,0.275556,1.0,0.979167,12,0.992,688248.SH,南网科技,Q_E_SO2_INTENSITY,二氧化硫排放强度,E,True,0,,,0,missing_candidate,extend_extraction_rules,0,no_matching_disclosure_in_text,,2,data/text/688248.SH/2025/annual_report.txt|data/text/688248.SH/2025/esg_report.txt,False
1815,8,11558,41.470878,398,417,19,False,0.201613,0.19,0.275556,1.0,0.979167,12,0.992,301120.SZ,新特电气,Q_E_SO2_INTENSITY,二氧化硫排放强度,E,True,0,,,0,missing_candidate,extend_extraction_rules,0,no_matching_disclosure_in_text,,1,data/text/301120.SZ/2025/annual_report.txt,False
1816,8,11598,41.300525,473,496,23,False,0.154799,0.23,0.275556,1.0,0.979167,12,0.992,300141.SZ,和顺电气,Q_E_SO2_INTENSITY,二氧化硫排放强度,E,True,0,,,0,missing_candidate,extend_extraction_rules,0,no_matching_disclosure_in_text,,1,data/text/300141.SZ/2025/annual_report.txt,False
1817,8,11627,41.211963,38,51,13,False,0.251256,0.13,0.275556,1.0,0.979167,12,0.992,001301.SZ,尚太科技,Q_E_SO2_INTENSITY,二氧化硫排放强度,E,True,0,,,0,missing_candidate,extend_extraction_rules,0,no_matching_disclosure_in_text,,1,data/text/001301.SZ/2025/annual_report.txt,False
1818,8,11643,41.161417,359,373,14,False,0.239234,0.14,0.275556,1.0,0.979167,12,0.992,301163.SZ,宏德股份,Q_E_SO2_INTENSITY,二氧化硫排放强度,E,True,0,,,0,missing_candidate,extend_extraction_rules,0,no_matching_disclosure_in_text,,1,data/text/301163.SZ/2025/annual_report.txt,False
1819,8,11750,40.827005,74,81,7,False,0.295858,0.07,0.275556,1.0,0.979167,12,0.992,601233.SH,桐昆股份,Q_E_SO2_INTENSITY,二氧化硫排放强度,E,True,0,,,0,missing_candidate,extend_extraction_rules,0,related_disclosure_without_compatible_intensity,BU.JG68b _ 2lK0sf*g4Ce2pCdwNtbCarryR6LKnXMuNsPWNqlIAtJVHsCn J5L2vOrrcJxEN0hmjnllTeP5flOfXL*APGTI2sgGUIPhq26BPO neqci4HmGPAWobDjyHuXu1a2UF8oKHMV19RBW9tSO22 WByH8AfWnMKlwwlSYUR _ l45S1Jv*rs1BaEQRzsAIYRtC2 C6ktZwDzw1qo01UeKcBjw80SB21sbBzP33GbSE8sYXArW.z WSVknhuoPjw1hZvzwECIoNTcGVCMea1 _ nAPWoZesp3rzAe HdZM _ 9wYQ04zNrOROTVv _ 5DrT6Iz9Aipd8zP68bCOvvfG _ uJDbJWe4NXW0bkga6LIKUfnD*3SRLrKMdBB09iLGwU05r LZ8RuY77 v i _ _ _ 1&year=2025 江苏桐昆恒阳化纤有限公 司 http://ywxt.sthjt.jiangsu.gov.cn:18181/spsarchive- webapp,2,data/text/601233.SH/2025/annual_report.txt|data/text/601233.SH/2025/esg_report.txt,False
1820,8,11787,40.687163,377,391,14,False,0.220264,0.14,0.275556,1.0,0.979167,12,0.992,002980.SZ,华盛昌,Q_E_SO2_INTENSITY,二氧化硫排放强度,E,True,0,,,0,missing_candidate,extend_extraction_rules,0,related_disclosure_without_compatible_intensity,职责时，就能够在相 当程度上获得内部控制有效运行的证据；另一方面通过外部沟通来证实内部产生的信息或者指出存在的问题。本公司管 理层高度重视内部控制的各职能部门和监管机构的报告及建议，并采取各种措施及时纠正控制运行中产生的偏差。 （2）公司主要内部控制制度及执行情况 本公司已通过了 ISO9001、ISO22000、ISO13485、ISO14001、ISO17025、ISO80079-34 体系认证，建立了较为完 整的部门职责条例，对部门职责分工及权限相互制衡监督机制作了明确规定。公司内部控制制度建设时充分考虑内部环 境、风险对策、控制活动、信息沟通、检查监督等要素，控制活动涵盖公司财务管理、固定资产管理、投资融资管理、 物资采购、信息披露等方面。公司制订并完善了《财务管理制度》、《采购管理制度》、《销售管理制度》、《存货管 理制度》、《人力资源管理制度》、《关联交易管理办法》、《对外投资管理制度》、《对外担保制度》、《重大信息 内部报告制度》、《内部审计制度》等一系列基本管理制度。 本公司已对内部会计控制制度设计和执行的有效性进行评估，现对公司主要内部会计控制制度及执行情况说明如 下,1,data/text/002980.SZ/2025/annual_report.txt,False
1821,8,11988,39.917844,445,461,16,False,0.169492,0.16,0.275556,1.0,0.979167,12,0.992,300427.SZ,红相股份,Q_E_SO2_INTENSITY,二氧化硫排放强度,E,True,0,,,0,missing_candidate,extend_extraction_rules,0,no_matching_disclosure_in_text,,1,data/text/300427.SZ/2025/annual_report.txt,False
1822,8,12630,36.711377,442,445,3,False,0.171233,0.03,0.275556,1.0,0.979167,12,0.992,301082.SZ,久盛电气,Q_E_SO2_INTENSITY,二氧化硫排放强度,E,True,0,,,0,missing_candidate,extend_extraction_rules,0,no_matching_disclosure_in_text,,1,data/text/301082.SZ/2025/annual_report.txt,False
