thin_batch_rank,population_deficit,impact_rank,impact_score,best_rank,worst_rank,rank_span,crosses_top_n,boundary_risk,instability_risk,weight_risk,key_indicator_risk,population_scarcity_risk,indicator_population,neutral_vs_zero_total_score_delta,company_code,company_name,indicator_code,indicator_name,dimension,key_indicator,candidate_count,report_years,source_pages,max_confidence,status,next_action,priority,diagnostic_category,diagnostic_excerpt,text_file_count,diagnostic_text_files,scoring_authorized
1,19,2966,67.065972,67,223,156,True,1.0,1.0,0.283333,0.0,0.998264,1,1.02,00002.HK,CLP HOLDINGS,Q_E_CLEAN_ENERGY_INTENSITY,绿色/可再生/清洁能源生产/使用强度,E,False,0,,,0,missing_candidate,extend_extraction_rules,2,related_fields_incomplete,,1,data/text/hkex_reports/00002.HK/2025/annual_report.txt,False
2,19,2967,67.065972,47,362,315,True,1.0,1.0,0.283333,0.0,0.998264,1,1.02,00003.HK,HK & CHINA GAS,Q_E_CLEAN_ENERGY_INTENSITY,绿色/可再生/清洁能源生产/使用强度,E,False,0,,,0,missing_candidate,extend_extraction_rules,2,related_fields_incomplete,,2,data/text/00003.HK/2025/annual_report.txt|data/text/hkex_reports/00003.HK/2025/esg_report.txt,False
3,19,2968,67.065972,54,439,385,True,1.0,1.0,0.283333,0.0,0.998264,1,1.02,00006.HK,POWER ASSETS,Q_E_CLEAN_ENERGY_INTENSITY,绿色/可再生/清洁能源生产/使用强度,E,False,0,,,0,missing_candidate,extend_extraction_rules,2,possible_clean_energy_revenue_closure,"revenue is derived from our interests in around 509,000 km of power, gas and oil networks, supplemented by investments in around 9,500 MW of power generation facilities. A global transition to green energy is underway to support the carbon neutrality ambitions of markets around the world. As a key player in the energy sector, we invest extensively in innovation and technology to catalyse this transition, with minimal compromise on reliability and affordability. Listed on the Stock Exchange of Ho",2,data/text/hkex_reports/00006.HK/2025/annual_report.txt|data/text/hkex_reports/00006.HK/2025/esg_report.txt,False
4,19,2969,67.065972,109,289,180,True,1.0,1.0,0.283333,0.0,0.998264,1,1.02,000096.SZ,广聚能源,Q_E_CLEAN_ENERGY_INTENSITY,绿色/可再生/清洁能源生产/使用强度,E,False,0,,,0,missing_candidate,extend_extraction_rules,2,related_fields_incomplete,,1,data/text/000096.SZ/2025/annual_report.txt,False
5,19,2970,67.065972,44,375,331,True,1.0,1.0,0.283333,0.0,0.998264,1,1.02,000531.SZ,穗恒运Ａ,Q_E_CLEAN_ENERGY_INTENSITY,绿色/可再生/清洁能源生产/使用强度,E,False,0,,,0,missing_candidate,extend_extraction_rules,2,related_fields_incomplete,,2,data/text/000531.SZ/2025/annual_report.txt|data/text/000531.SZ/2025/esg_report.txt,False
6,19,2971,67.065972,164,395,231,True,1.0,1.0,0.283333,0.0,0.998264,1,1.02,000543.SZ,皖能电力,Q_E_CLEAN_ENERGY_INTENSITY,绿色/可再生/清洁能源生产/使用强度,E,False,0,,,0,missing_candidate,extend_extraction_rules,2,related_fields_incomplete,,2,data/text/000543.SZ/2025/annual_report.txt|data/text/000543.SZ/2025/esg_report.txt,False
7,19,2972,67.065972,190,483,293,True,1.0,1.0,0.283333,0.0,0.998264,1,1.02,000554.SZ,泰山石油,Q_E_CLEAN_ENERGY_INTENSITY,绿色/可再生/清洁能源生产/使用强度,E,False,0,,,0,missing_candidate,extend_extraction_rules,2,related_fields_incomplete,,2,data/text/000554.SZ/2025/annual_report.txt|data/text/000554.SZ/2025/esg_report.txt,False
8,19,2973,67.065972,152,419,267,True,1.0,1.0,0.283333,0.0,0.998264,1,1.02,000682.SZ,东方电子,Q_E_CLEAN_ENERGY_INTENSITY,绿色/可再生/清洁能源生产/使用强度,E,False,0,,,0,missing_candidate,extend_extraction_rules,2,related_fields_incomplete,,1,data/text/000682.SZ/2025/annual_report.txt,False
9,19,2974,67.065972,128,304,176,True,1.0,1.0,0.283333,0.0,0.998264,1,1.02,000791.SZ,甘肃能源,Q_E_CLEAN_ENERGY_INTENSITY,绿色/可再生/清洁能源生产/使用强度,E,False,0,,,0,missing_candidate,extend_extraction_rules,2,related_fields_incomplete,,2,data/text/000791.SZ/2025/annual_report.txt|data/text/000791.SZ/2025/esg_report.txt,False
10,19,2975,67.065972,135,324,189,True,1.0,1.0,0.283333,0.0,0.998264,1,1.02,001208.SZ,华菱线缆,Q_E_CLEAN_ENERGY_INTENSITY,绿色/可再生/清洁能源生产/使用强度,E,False,0,,,0,missing_candidate,extend_extraction_rules,2,related_fields_incomplete,,1,data/text/001208.SZ/2025/annual_report.txt,False
11,19,2976,67.065972,123,262,139,True,1.0,1.0,0.283333,0.0,0.998264,1,1.02,001258.SZ,立新能源,Q_E_CLEAN_ENERGY_INTENSITY,绿色/可再生/清洁能源生产/使用强度,E,False,0,,,0,missing_candidate,extend_extraction_rules,2,related_fields_incomplete,,1,data/text/001258.SZ/2025/annual_report.txt,False
12,19,2977,67.065972,113,244,131,True,1.0,1.0,0.283333,0.0,0.998264,1,1.02,001299.SZ,美能能源,Q_E_CLEAN_ENERGY_INTENSITY,绿色/可再生/清洁能源生产/使用强度,E,False,0,,,0,missing_candidate,extend_extraction_rules,2,related_fields_incomplete,,1,data/text/001299.SZ/2025/annual_report.txt,False
13,19,2978,67.065972,134,291,157,True,1.0,1.0,0.283333,0.0,0.998264,1,1.02,00182.HK,CONCORD NE,Q_E_CLEAN_ENERGY_INTENSITY,绿色/可再生/清洁能源生产/使用强度,E,False,0,,,0,missing_candidate,extend_extraction_rules,2,related_fields_incomplete,,2,data/text/hkex_reports/00182.HK/2025/annual_report.txt|data/text/hkex_reports/00182.HK/2025/esg_report.txt,False
14,19,2979,67.065972,23,293,270,True,1.0,1.0,0.283333,0.0,0.998264,1,1.02,002039.SZ,黔源电力,Q_E_CLEAN_ENERGY_INTENSITY,绿色/可再生/清洁能源生产/使用强度,E,False,0,,,0,missing_candidate,extend_extraction_rules,2,related_fields_incomplete,,1,data/text/002039.SZ/2025/annual_report.txt,False
15,19,2980,67.065972,26,375,349,True,1.0,1.0,0.283333,0.0,0.998264,1,1.02,002056.SZ,横店东磁,Q_E_CLEAN_ENERGY_INTENSITY,绿色/可再生/清洁能源生产/使用强度,E,False,0,,,0,missing_candidate,extend_extraction_rules,2,related_fields_incomplete,,1,data/text/002056.SZ/2025/annual_report.txt,False
16,19,2981,67.065972,114,357,243,True,1.0,1.0,0.283333,0.0,0.998264,1,1.02,00206.HK,CM-ENERGY,Q_E_CLEAN_ENERGY_INTENSITY,绿色/可再生/清洁能源生产/使用强度,E,False,0,,,0,missing_candidate,extend_extraction_rules,2,related_fields_incomplete,,1,data/text/hkex_reports/00206.HK/2025/annual_report.txt,False
17,19,2982,67.065972,165,278,113,True,1.0,1.0,0.283333,0.0,0.998264,1,1.02,002074.SZ,国轩高科,Q_E_CLEAN_ENERGY_INTENSITY,绿色/可再生/清洁能源生产/使用强度,E,False,0,,,0,missing_candidate,extend_extraction_rules,2,related_fields_incomplete,,1,data/text/002074.SZ/2025/annual_report.txt,False
18,19,2983,67.065972,197,312,115,True,1.0,1.0,0.283333,0.0,0.998264,1,1.02,002090.SZ,金智科技,Q_E_CLEAN_ENERGY_INTENSITY,绿色/可再生/清洁能源生产/使用强度,E,False,0,,,0,missing_candidate,extend_extraction_rules,2,related_fields_incomplete,,1,data/text/002090.SZ/2025/annual_report.txt,False
19,19,2984,67.065972,122,316,194,True,1.0,1.0,0.283333,0.0,0.998264,1,1.02,002276.SZ,万马股份,Q_E_CLEAN_ENERGY_INTENSITY,绿色/可再生/清洁能源生产/使用强度,E,False,0,,,0,missing_candidate,extend_extraction_rules,2,related_fields_incomplete,,1,data/text/002276.SZ/2025/annual_report.txt,False
20,19,2985,67.065972,172,365,193,True,1.0,1.0,0.283333,0.0,0.998264,1,1.02,00228.HK,CHINA ENERGY,Q_E_CLEAN_ENERGY_INTENSITY,绿色/可再生/清洁能源生产/使用强度,E,False,0,,,0,missing_candidate,extend_extraction_rules,2,related_fields_incomplete,,2,data/text/hkex_reports/00228.HK/2025/annual_report.txt|data/text/hkex_reports/00228.HK/2025/esg_report.txt,False
21,19,2986,67.065972,76,290,214,True,1.0,1.0,0.283333,0.0,0.998264,1,1.02,002335.SZ,科华数据,Q_E_CLEAN_ENERGY_INTENSITY,绿色/可再生/清洁能源生产/使用强度,E,False,0,,,0,missing_candidate,extend_extraction_rules,2,related_fields_incomplete,,1,data/text/002335.SZ/2025/annual_report.txt,False
22,19,2987,67.065972,96,366,270,True,1.0,1.0,0.283333,0.0,0.998264,1,1.02,002459.SZ,晶澳科技,Q_E_CLEAN_ENERGY_INTENSITY,绿色/可再生/清洁能源生产/使用强度,E,False,0,,,0,missing_candidate,extend_extraction_rules,2,related_fields_incomplete,,2,data/text/002459.SZ/2025/annual_report.txt|data/text/002459.SZ/2025/esg_report.txt,False
23,19,2988,67.065972,135,256,121,True,1.0,1.0,0.283333,0.0,0.998264,1,1.02,002479.SZ,富春环保,Q_E_CLEAN_ENERGY_INTENSITY,绿色/可再生/清洁能源生产/使用强度,E,False,0,,,0,missing_candidate,extend_extraction_rules,2,related_fields_incomplete,,1,data/text/002479.SZ/2025/annual_report.txt,False
24,19,2989,67.065972,178,287,109,True,1.0,1.0,0.283333,0.0,0.998264,1,1.02,002487.SZ,大金重工,Q_E_CLEAN_ENERGY_INTENSITY,绿色/可再生/清洁能源生产/使用强度,E,False,0,,,0,missing_candidate,extend_extraction_rules,2,related_fields_incomplete,,1,data/text/002487.SZ/2025/annual_report.txt,False
25,19,2990,67.065972,157,406,249,True,1.0,1.0,0.283333,0.0,0.998264,1,1.02,002506.SZ,协鑫集成,Q_E_CLEAN_ENERGY_INTENSITY,绿色/可再生/清洁能源生产/使用强度,E,False,0,,,0,missing_candidate,extend_extraction_rules,2,related_fields_incomplete,,2,data/text/002506.SZ/2025/annual_report.txt|data/text/002506.SZ/2025/esg_report.txt,False
26,19,2991,67.065972,174,367,193,True,1.0,1.0,0.283333,0.0,0.998264,1,1.02,002531.SZ,天顺风能,Q_E_CLEAN_ENERGY_INTENSITY,绿色/可再生/清洁能源生产/使用强度,E,False,0,,,0,missing_candidate,extend_extraction_rules,2,related_fields_incomplete,,2,data/text/002531.SZ/2025/annual_report.txt|data/text/002531.SZ/2025/esg_report.txt,False
27,19,2992,67.065972,150,441,291,True,1.0,1.0,0.283333,0.0,0.998264,1,1.02,002608.SZ,江苏国信,Q_E_CLEAN_ENERGY_INTENSITY,绿色/可再生/清洁能源生产/使用强度,E,False,0,,,0,missing_candidate,extend_extraction_rules,2,related_fields_incomplete,,1,data/text/002608.SZ/2025/annual_report.txt,False
28,19,2993,67.065972,129,386,257,True,1.0,1.0,0.283333,0.0,0.998264,1,1.02,002692.SZ,远程股份,Q_E_CLEAN_ENERGY_INTENSITY,绿色/可再生/清洁能源生产/使用强度,E,False,0,,,0,missing_candidate,extend_extraction_rules,2,related_fields_incomplete,,1,data/text/002692.SZ/2025/annual_report.txt,False
29,19,2994,67.065972,87,213,126,True,1.0,1.0,0.283333,0.0,0.998264,1,1.02,002706.SZ,良信股份,Q_E_CLEAN_ENERGY_INTENSITY,绿色/可再生/清洁能源生产/使用强度,E,False,0,,,0,missing_candidate,extend_extraction_rules,2,related_fields_incomplete,,2,data/text/002706.SZ/2025/annual_report.txt|data/text/002706.SZ/2025/esg_report.txt,False
30,19,2995,67.065972,93,219,126,True,1.0,1.0,0.283333,0.0,0.998264,1,1.02,002709.SZ,天赐材料,Q_E_CLEAN_ENERGY_INTENSITY,绿色/可再生/清洁能源生产/使用强度,E,False,0,,,0,missing_candidate,extend_extraction_rules,2,related_fields_incomplete,,1,data/text/002709.SZ/2025/annual_report.txt,False
31,19,2996,67.065972,21,348,327,True,1.0,1.0,0.283333,0.0,0.998264,1,1.02,002850.SZ,科达利,Q_E_CLEAN_ENERGY_INTENSITY,绿色/可再生/清洁能源生产/使用强度,E,False,0,,,0,missing_candidate,extend_extraction_rules,2,related_fields_incomplete,,1,data/text/002850.SZ/2025/annual_report.txt,False
32,19,2997,67.065972,97,217,120,True,1.0,1.0,0.283333,0.0,0.998264,1,1.02,002911.SZ,佛燃能源,Q_E_CLEAN_ENERGY_INTENSITY,绿色/可再生/清洁能源生产/使用强度,E,False,0,,,0,missing_candidate,extend_extraction_rules,2,related_fields_incomplete,,1,data/text/002911.SZ/2025/annual_report.txt,False
33,19,2998,67.065972,5,541,536,True,1.0,1.0,0.283333,0.0,0.998264,1,1.02,00353.HK,ENERGY INTINV,Q_E_CLEAN_ENERGY_INTENSITY,绿色/可再生/清洁能源生产/使用强度,E,False,0,,,0,missing_candidate,extend_extraction_rules,2,related_fields_incomplete,,1,data/text/00353.HK/2025/annual_report.txt,False
34,19,2999,67.065972,45,349,304,True,1.0,1.0,0.283333,0.0,0.998264,1,1.02,00384.HK,CHINA GAS HOLD,Q_E_CLEAN_ENERGY_INTENSITY,绿色/可再生/清洁能源生产/使用强度,E,False,0,,,0,missing_candidate,extend_extraction_rules,2,related_fields_incomplete,,2,data/text/hkex_reports/00384.HK/2025/annual_report.txt|data/text/hkex_reports/00384.HK/2025/esg_report.txt,False
35,19,3000,67.065972,13,358,345,True,1.0,1.0,0.283333,0.0,0.998264,1,1.02,00467.HK,UNITEDENERGY GP,Q_E_CLEAN_ENERGY_INTENSITY,绿色/可再生/清洁能源生产/使用强度,E,False,0,,,0,missing_candidate,extend_extraction_rules,2,related_fields_incomplete,,2,data/text/hkex_reports/00467.HK/2025/annual_report.txt|data/text/hkex_reports/00467.HK/2025/esg_report.txt,False
36,19,3001,67.065972,72,509,437,True,1.0,1.0,0.283333,0.0,0.998264,1,1.02,00554.HK,HANS GP HLDGS,Q_E_CLEAN_ENERGY_INTENSITY,绿色/可再生/清洁能源生产/使用强度,E,False,0,,,0,missing_candidate,extend_extraction_rules,2,related_fields_incomplete,,2,data/text/hkex_reports/00554.HK/2025/annual_report.txt|data/text/hkex_reports/00554.HK/2025/esg_report.txt,False
37,19,3002,67.065972,46,204,158,True,1.0,1.0,0.283333,0.0,0.998264,1,1.02,00579.HK,JNCEC,Q_E_CLEAN_ENERGY_INTENSITY,绿色/可再生/清洁能源生产/使用强度,E,False,0,,,0,missing_candidate,extend_extraction_rules,2,related_fields_incomplete,,2,data/text/hkex_reports/00579.HK/2025/annual_report.txt|data/text/hkex_reports/00579.HK/2025/esg_report.txt,False
38,19,3003,67.065972,192,486,294,True,1.0,1.0,0.283333,0.0,0.998264,1,1.02,00600.HK,AXERA,Q_E_CLEAN_ENERGY_INTENSITY,绿色/可再生/清洁能源生产/使用强度,E,False,0,,,0,missing_candidate,extend_extraction_rules,2,related_fields_incomplete,,1,data/text/hkex_reports/00600.HK/2025/annual_report.txt,False
39,19,3004,67.065972,131,536,405,True,1.0,1.0,0.283333,0.0,0.998264,1,1.02,00607.HK,FULLSHARE,Q_E_CLEAN_ENERGY_INTENSITY,绿色/可再生/清洁能源生产/使用强度,E,False,0,,,0,missing_candidate,extend_extraction_rules,2,related_fields_incomplete,,2,data/text/hkex_reports/00607.HK/2025/annual_report.txt|data/text/hkex_reports/00607.HK/2025/esg_report.txt,False
40,19,3005,67.065972,121,462,341,True,1.0,1.0,0.283333,0.0,0.998264,1,1.02,00632.HK,CHK OIL,Q_E_CLEAN_ENERGY_INTENSITY,绿色/可再生/清洁能源生产/使用强度,E,False,0,,,0,missing_candidate,extend_extraction_rules,2,related_fields_incomplete,,1,data/text/hkex_reports/00632.HK/2025/annual_report.txt,False
41,19,3006,67.065972,27,501,474,True,1.0,1.0,0.283333,0.0,0.998264,1,1.02,00645.HK,ARES ASIA,Q_E_CLEAN_ENERGY_INTENSITY,绿色/可再生/清洁能源生产/使用强度,E,False,0,,,0,missing_candidate,extend_extraction_rules,2,related_fields_incomplete,,1,data/text/hkex_reports/00645.HK/2025/annual_report.txt,False
42,19,3007,67.065972,156,376,220,True,1.0,1.0,0.283333,0.0,0.998264,1,1.02,00650.HK,PRODUCTIVE TECH,Q_E_CLEAN_ENERGY_INTENSITY,绿色/可再生/清洁能源生产/使用强度,E,False,0,,,0,missing_candidate,extend_extraction_rules,2,related_fields_incomplete,,1,data/text/00650.HK/2025/annual_report.txt,False
43,19,3008,67.065972,29,232,203,True,1.0,1.0,0.283333,0.0,0.998264,1,1.02,00666.HK,REPT BATTERO,Q_E_CLEAN_ENERGY_INTENSITY,绿色/可再生/清洁能源生产/使用强度,E,False,0,,,0,missing_candidate,extend_extraction_rules,2,related_fields_incomplete,,2,data/text/hkex_reports/00666.HK/2025/annual_report.txt|data/text/hkex_reports/00666.HK/2025/esg_report.txt,False
44,19,3009,67.065972,97,271,174,True,1.0,1.0,0.283333,0.0,0.998264,1,1.02,00686.HK,BJ ENERGY INTL,Q_E_CLEAN_ENERGY_INTENSITY,绿色/可再生/清洁能源生产/使用强度,E,False,0,,,0,missing_candidate,extend_extraction_rules,2,related_fields_incomplete,,2,data/text/hkex_reports/00686.HK/2025/annual_report.txt|data/text/hkex_reports/00686.HK/2025/esg_report.txt,False
45,19,3010,67.065972,183,434,251,True,1.0,1.0,0.283333,0.0,0.998264,1,1.02,00704.HK,HUSCOKE HLDGS,Q_E_CLEAN_ENERGY_INTENSITY,绿色/可再生/清洁能源生产/使用强度,E,False,0,,,0,missing_candidate,extend_extraction_rules,2,related_fields_incomplete,,1,data/text/00704.HK/2025/annual_report.txt,False
46,19,3011,67.065972,76,301,225,True,1.0,1.0,0.283333,0.0,0.998264,1,1.02,00819.HK,TIANNENG POWER,Q_E_CLEAN_ENERGY_INTENSITY,绿色/可再生/清洁能源生产/使用强度,E,False,0,,,0,missing_candidate,extend_extraction_rules,2,related_fields_incomplete,,2,data/text/hkex_reports/00819.HK/2025/annual_report.txt|data/text/hkex_reports/00819.HK/2025/esg_report.txt,False
47,19,3012,67.065972,6,307,301,True,1.0,1.0,0.283333,0.0,0.998264,1,1.02,00836.HK,CHINA RES POWER,Q_E_CLEAN_ENERGY_INTENSITY,绿色/可再生/清洁能源生产/使用强度,E,False,0,,,0,missing_candidate,extend_extraction_rules,2,related_fields_incomplete,,2,data/text/hkex_reports/00836.HK/2025/annual_report.txt|data/text/hkex_reports/00836.HK/2025/esg_report.txt,False
48,19,3013,67.065972,42,339,297,True,1.0,1.0,0.283333,0.0,0.998264,1,1.02,00866.HK,CHINA QINFA,Q_E_CLEAN_ENERGY_INTENSITY,绿色/可再生/清洁能源生产/使用强度,E,False,0,,,0,missing_candidate,extend_extraction_rules,2,related_fields_incomplete,,1,data/text/hkex_reports/00866.HK/2025/annual_report.txt,False
49,19,3014,67.065972,41,316,275,True,1.0,1.0,0.283333,0.0,0.998264,1,1.02,00931.HK,CHINA HK POWER,Q_E_CLEAN_ENERGY_INTENSITY,绿色/可再生/清洁能源生产/使用强度,E,False,0,,,0,missing_candidate,extend_extraction_rules,2,related_fields_incomplete,,1,data/text/00931.HK/2025/annual_report.txt,False
50,19,3015,67.065972,19,248,229,True,1.0,1.0,0.283333,0.0,0.998264,1,1.02,00951.HK,CHAOWEI POWER,Q_E_CLEAN_ENERGY_INTENSITY,绿色/可再生/清洁能源生产/使用强度,E,False,0,,,0,missing_candidate,extend_extraction_rules,2,related_fields_incomplete,,2,data/text/hkex_reports/00951.HK/2025/annual_report.txt|data/text/hkex_reports/00951.HK/2025/esg_report.txt,False
51,19,3161,66.815972,67,223,156,True,1.0,1.0,0.273333,0.0,0.998264,1,0.984,00002.HK,CLP HOLDINGS,Q_E_ALTERNATIVE_WATER_RATE,再生水或其他替代水源占比,E,False,0,,,0,missing_candidate,extend_extraction_rules,2,requires_specialized_environmental_diagnostic,,1,data/text/hkex_reports/00002.HK/2025/annual_report.txt,False
52,19,3162,66.815972,47,362,315,True,1.0,1.0,0.273333,0.0,0.998264,1,0.984,00003.HK,HK & CHINA GAS,Q_E_ALTERNATIVE_WATER_RATE,再生水或其他替代水源占比,E,False,0,,,0,missing_candidate,extend_extraction_rules,2,requires_specialized_environmental_diagnostic,,2,data/text/00003.HK/2025/annual_report.txt|data/text/hkex_reports/00003.HK/2025/esg_report.txt,False
53,19,3163,66.815972,54,439,385,True,1.0,1.0,0.273333,0.0,0.998264,1,0.984,00006.HK,POWER ASSETS,Q_E_ALTERNATIVE_WATER_RATE,再生水或其他替代水源占比,E,False,0,,,0,missing_candidate,extend_extraction_rules,2,requires_specialized_environmental_diagnostic,,2,data/text/hkex_reports/00006.HK/2025/annual_report.txt|data/text/hkex_reports/00006.HK/2025/esg_report.txt,False
54,19,3164,66.815972,109,289,180,True,1.0,1.0,0.273333,0.0,0.998264,1,0.984,000096.SZ,广聚能源,Q_E_ALTERNATIVE_WATER_RATE,再生水或其他替代水源占比,E,False,0,,,0,missing_candidate,extend_extraction_rules,2,requires_specialized_environmental_diagnostic,,1,data/text/000096.SZ/2025/annual_report.txt,False
55,19,3165,66.815972,44,375,331,True,1.0,1.0,0.273333,0.0,0.998264,1,0.984,000531.SZ,穗恒运Ａ,Q_E_ALTERNATIVE_WATER_RATE,再生水或其他替代水源占比,E,False,0,,,0,missing_candidate,extend_extraction_rules,2,requires_specialized_environmental_diagnostic,,2,data/text/000531.SZ/2025/annual_report.txt|data/text/000531.SZ/2025/esg_report.txt,False
56,19,3166,66.815972,164,395,231,True,1.0,1.0,0.273333,0.0,0.998264,1,0.984,000543.SZ,皖能电力,Q_E_ALTERNATIVE_WATER_RATE,再生水或其他替代水源占比,E,False,0,,,0,missing_candidate,extend_extraction_rules,2,requires_specialized_environmental_diagnostic,,2,data/text/000543.SZ/2025/annual_report.txt|data/text/000543.SZ/2025/esg_report.txt,False
57,19,3167,66.815972,190,483,293,True,1.0,1.0,0.273333,0.0,0.998264,1,0.984,000554.SZ,泰山石油,Q_E_ALTERNATIVE_WATER_RATE,再生水或其他替代水源占比,E,False,0,,,0,missing_candidate,extend_extraction_rules,2,requires_specialized_environmental_diagnostic,,2,data/text/000554.SZ/2025/annual_report.txt|data/text/000554.SZ/2025/esg_report.txt,False
58,19,3168,66.815972,152,419,267,True,1.0,1.0,0.273333,0.0,0.998264,1,0.984,000682.SZ,东方电子,Q_E_ALTERNATIVE_WATER_RATE,再生水或其他替代水源占比,E,False,0,,,0,missing_candidate,extend_extraction_rules,2,requires_specialized_environmental_diagnostic,,1,data/text/000682.SZ/2025/annual_report.txt,False
59,19,3169,66.815972,128,304,176,True,1.0,1.0,0.273333,0.0,0.998264,1,0.984,000791.SZ,甘肃能源,Q_E_ALTERNATIVE_WATER_RATE,再生水或其他替代水源占比,E,False,0,,,0,missing_candidate,extend_extraction_rules,2,requires_specialized_environmental_diagnostic,,2,data/text/000791.SZ/2025/annual_report.txt|data/text/000791.SZ/2025/esg_report.txt,False
60,19,3170,66.815972,135,324,189,True,1.0,1.0,0.273333,0.0,0.998264,1,0.984,001208.SZ,华菱线缆,Q_E_ALTERNATIVE_WATER_RATE,再生水或其他替代水源占比,E,False,0,,,0,missing_candidate,extend_extraction_rules,2,requires_specialized_environmental_diagnostic,,1,data/text/001208.SZ/2025/annual_report.txt,False
61,19,3171,66.815972,123,262,139,True,1.0,1.0,0.273333,0.0,0.998264,1,0.984,001258.SZ,立新能源,Q_E_ALTERNATIVE_WATER_RATE,再生水或其他替代水源占比,E,False,0,,,0,missing_candidate,extend_extraction_rules,2,requires_specialized_environmental_diagnostic,,1,data/text/001258.SZ/2025/annual_report.txt,False
62,19,3172,66.815972,113,244,131,True,1.0,1.0,0.273333,0.0,0.998264,1,0.984,001299.SZ,美能能源,Q_E_ALTERNATIVE_WATER_RATE,再生水或其他替代水源占比,E,False,0,,,0,missing_candidate,extend_extraction_rules,2,requires_specialized_environmental_diagnostic,,1,data/text/001299.SZ/2025/annual_report.txt,False
63,19,3173,66.815972,134,291,157,True,1.0,1.0,0.273333,0.0,0.998264,1,0.984,00182.HK,CONCORD NE,Q_E_ALTERNATIVE_WATER_RATE,再生水或其他替代水源占比,E,False,0,,,0,missing_candidate,extend_extraction_rules,2,requires_specialized_environmental_diagnostic,,2,data/text/hkex_reports/00182.HK/2025/annual_report.txt|data/text/hkex_reports/00182.HK/2025/esg_report.txt,False
64,19,3174,66.815972,23,293,270,True,1.0,1.0,0.273333,0.0,0.998264,1,0.984,002039.SZ,黔源电力,Q_E_ALTERNATIVE_WATER_RATE,再生水或其他替代水源占比,E,False,0,,,0,missing_candidate,extend_extraction_rules,2,requires_specialized_environmental_diagnostic,,1,data/text/002039.SZ/2025/annual_report.txt,False
65,19,3175,66.815972,26,375,349,True,1.0,1.0,0.273333,0.0,0.998264,1,0.984,002056.SZ,横店东磁,Q_E_ALTERNATIVE_WATER_RATE,再生水或其他替代水源占比,E,False,0,,,0,missing_candidate,extend_extraction_rules,2,requires_specialized_environmental_diagnostic,,1,data/text/002056.SZ/2025/annual_report.txt,False
66,19,3176,66.815972,114,357,243,True,1.0,1.0,0.273333,0.0,0.998264,1,0.984,00206.HK,CM-ENERGY,Q_E_ALTERNATIVE_WATER_RATE,再生水或其他替代水源占比,E,False,0,,,0,missing_candidate,extend_extraction_rules,2,requires_specialized_environmental_diagnostic,,1,data/text/hkex_reports/00206.HK/2025/annual_report.txt,False
67,19,3177,66.815972,165,278,113,True,1.0,1.0,0.273333,0.0,0.998264,1,0.984,002074.SZ,国轩高科,Q_E_ALTERNATIVE_WATER_RATE,再生水或其他替代水源占比,E,False,0,,,0,missing_candidate,extend_extraction_rules,2,requires_specialized_environmental_diagnostic,,1,data/text/002074.SZ/2025/annual_report.txt,False
68,19,3178,66.815972,197,312,115,True,1.0,1.0,0.273333,0.0,0.998264,1,0.984,002090.SZ,金智科技,Q_E_ALTERNATIVE_WATER_RATE,再生水或其他替代水源占比,E,False,0,,,0,missing_candidate,extend_extraction_rules,2,requires_specialized_environmental_diagnostic,,1,data/text/002090.SZ/2025/annual_report.txt,False
69,19,3179,66.815972,122,316,194,True,1.0,1.0,0.273333,0.0,0.998264,1,0.984,002276.SZ,万马股份,Q_E_ALTERNATIVE_WATER_RATE,再生水或其他替代水源占比,E,False,0,,,0,missing_candidate,extend_extraction_rules,2,requires_specialized_environmental_diagnostic,,1,data/text/002276.SZ/2025/annual_report.txt,False
70,19,3180,66.815972,172,365,193,True,1.0,1.0,0.273333,0.0,0.998264,1,0.984,00228.HK,CHINA ENERGY,Q_E_ALTERNATIVE_WATER_RATE,再生水或其他替代水源占比,E,False,0,,,0,missing_candidate,extend_extraction_rules,2,requires_specialized_environmental_diagnostic,,2,data/text/hkex_reports/00228.HK/2025/annual_report.txt|data/text/hkex_reports/00228.HK/2025/esg_report.txt,False
71,19,3181,66.815972,76,290,214,True,1.0,1.0,0.273333,0.0,0.998264,1,0.984,002335.SZ,科华数据,Q_E_ALTERNATIVE_WATER_RATE,再生水或其他替代水源占比,E,False,0,,,0,missing_candidate,extend_extraction_rules,2,requires_specialized_environmental_diagnostic,,1,data/text/002335.SZ/2025/annual_report.txt,False
72,19,3183,66.815972,96,366,270,True,1.0,1.0,0.273333,0.0,0.998264,1,0.984,002459.SZ,晶澳科技,Q_E_ALTERNATIVE_WATER_RATE,再生水或其他替代水源占比,E,False,0,,,0,missing_candidate,extend_extraction_rules,2,requires_specialized_environmental_diagnostic,,2,data/text/002459.SZ/2025/annual_report.txt|data/text/002459.SZ/2025/esg_report.txt,False
73,19,3184,66.815972,135,256,121,True,1.0,1.0,0.273333,0.0,0.998264,1,0.984,002479.SZ,富春环保,Q_E_ALTERNATIVE_WATER_RATE,再生水或其他替代水源占比,E,False,0,,,0,missing_candidate,extend_extraction_rules,2,requires_specialized_environmental_diagnostic,,1,data/text/002479.SZ/2025/annual_report.txt,False
74,19,3185,66.815972,178,287,109,True,1.0,1.0,0.273333,0.0,0.998264,1,0.984,002487.SZ,大金重工,Q_E_ALTERNATIVE_WATER_RATE,再生水或其他替代水源占比,E,False,0,,,0,missing_candidate,extend_extraction_rules,2,requires_specialized_environmental_diagnostic,,1,data/text/002487.SZ/2025/annual_report.txt,False
75,19,3186,66.815972,157,406,249,True,1.0,1.0,0.273333,0.0,0.998264,1,0.984,002506.SZ,协鑫集成,Q_E_ALTERNATIVE_WATER_RATE,再生水或其他替代水源占比,E,False,0,,,0,missing_candidate,extend_extraction_rules,2,requires_specialized_environmental_diagnostic,,2,data/text/002506.SZ/2025/annual_report.txt|data/text/002506.SZ/2025/esg_report.txt,False
76,19,3187,66.815972,174,367,193,True,1.0,1.0,0.273333,0.0,0.998264,1,0.984,002531.SZ,天顺风能,Q_E_ALTERNATIVE_WATER_RATE,再生水或其他替代水源占比,E,False,0,,,0,missing_candidate,extend_extraction_rules,2,requires_specialized_environmental_diagnostic,,2,data/text/002531.SZ/2025/annual_report.txt|data/text/002531.SZ/2025/esg_report.txt,False
77,19,3188,66.815972,150,441,291,True,1.0,1.0,0.273333,0.0,0.998264,1,0.984,002608.SZ,江苏国信,Q_E_ALTERNATIVE_WATER_RATE,再生水或其他替代水源占比,E,False,0,,,0,missing_candidate,extend_extraction_rules,2,requires_specialized_environmental_diagnostic,,1,data/text/002608.SZ/2025/annual_report.txt,False
78,19,3189,66.815972,129,386,257,True,1.0,1.0,0.273333,0.0,0.998264,1,0.984,002692.SZ,远程股份,Q_E_ALTERNATIVE_WATER_RATE,再生水或其他替代水源占比,E,False,0,,,0,missing_candidate,extend_extraction_rules,2,requires_specialized_environmental_diagnostic,,1,data/text/002692.SZ/2025/annual_report.txt,False
79,19,3190,66.815972,87,213,126,True,1.0,1.0,0.273333,0.0,0.998264,1,0.984,002706.SZ,良信股份,Q_E_ALTERNATIVE_WATER_RATE,再生水或其他替代水源占比,E,False,0,,,0,missing_candidate,extend_extraction_rules,2,requires_specialized_environmental_diagnostic,,2,data/text/002706.SZ/2025/annual_report.txt|data/text/002706.SZ/2025/esg_report.txt,False
80,19,3191,66.815972,93,219,126,True,1.0,1.0,0.273333,0.0,0.998264,1,0.984,002709.SZ,天赐材料,Q_E_ALTERNATIVE_WATER_RATE,再生水或其他替代水源占比,E,False,0,,,0,missing_candidate,extend_extraction_rules,2,requires_specialized_environmental_diagnostic,,1,data/text/002709.SZ/2025/annual_report.txt,False
81,19,3192,66.815972,21,348,327,True,1.0,1.0,0.273333,0.0,0.998264,1,0.984,002850.SZ,科达利,Q_E_ALTERNATIVE_WATER_RATE,再生水或其他替代水源占比,E,False,0,,,0,missing_candidate,extend_extraction_rules,2,requires_specialized_environmental_diagnostic,,1,data/text/002850.SZ/2025/annual_report.txt,False
82,19,3193,66.815972,97,217,120,True,1.0,1.0,0.273333,0.0,0.998264,1,0.984,002911.SZ,佛燃能源,Q_E_ALTERNATIVE_WATER_RATE,再生水或其他替代水源占比,E,False,0,,,0,missing_candidate,extend_extraction_rules,2,requires_specialized_environmental_diagnostic,,1,data/text/002911.SZ/2025/annual_report.txt,False
83,19,3194,66.815972,5,541,536,True,1.0,1.0,0.273333,0.0,0.998264,1,0.984,00353.HK,ENERGY INTINV,Q_E_ALTERNATIVE_WATER_RATE,再生水或其他替代水源占比,E,False,0,,,0,missing_candidate,extend_extraction_rules,2,requires_specialized_environmental_diagnostic,,1,data/text/00353.HK/2025/annual_report.txt,False
84,19,3195,66.815972,45,349,304,True,1.0,1.0,0.273333,0.0,0.998264,1,0.984,00384.HK,CHINA GAS HOLD,Q_E_ALTERNATIVE_WATER_RATE,再生水或其他替代水源占比,E,False,0,,,0,missing_candidate,extend_extraction_rules,2,requires_specialized_environmental_diagnostic,,2,data/text/hkex_reports/00384.HK/2025/annual_report.txt|data/text/hkex_reports/00384.HK/2025/esg_report.txt,False
85,19,3196,66.815972,13,358,345,True,1.0,1.0,0.273333,0.0,0.998264,1,0.984,00467.HK,UNITEDENERGY GP,Q_E_ALTERNATIVE_WATER_RATE,再生水或其他替代水源占比,E,False,0,,,0,missing_candidate,extend_extraction_rules,2,requires_specialized_environmental_diagnostic,,2,data/text/hkex_reports/00467.HK/2025/annual_report.txt|data/text/hkex_reports/00467.HK/2025/esg_report.txt,False
86,19,3197,66.815972,72,509,437,True,1.0,1.0,0.273333,0.0,0.998264,1,0.984,00554.HK,HANS GP HLDGS,Q_E_ALTERNATIVE_WATER_RATE,再生水或其他替代水源占比,E,False,0,,,0,missing_candidate,extend_extraction_rules,2,requires_specialized_environmental_diagnostic,,2,data/text/hkex_reports/00554.HK/2025/annual_report.txt|data/text/hkex_reports/00554.HK/2025/esg_report.txt,False
87,19,3198,66.815972,46,204,158,True,1.0,1.0,0.273333,0.0,0.998264,1,0.984,00579.HK,JNCEC,Q_E_ALTERNATIVE_WATER_RATE,再生水或其他替代水源占比,E,False,0,,,0,missing_candidate,extend_extraction_rules,2,requires_specialized_environmental_diagnostic,,2,data/text/hkex_reports/00579.HK/2025/annual_report.txt|data/text/hkex_reports/00579.HK/2025/esg_report.txt,False
88,19,3199,66.815972,192,486,294,True,1.0,1.0,0.273333,0.0,0.998264,1,0.984,00600.HK,AXERA,Q_E_ALTERNATIVE_WATER_RATE,再生水或其他替代水源占比,E,False,0,,,0,missing_candidate,extend_extraction_rules,2,requires_specialized_environmental_diagnostic,,1,data/text/hkex_reports/00600.HK/2025/annual_report.txt,False
89,19,3200,66.815972,131,536,405,True,1.0,1.0,0.273333,0.0,0.998264,1,0.984,00607.HK,FULLSHARE,Q_E_ALTERNATIVE_WATER_RATE,再生水或其他替代水源占比,E,False,0,,,0,missing_candidate,extend_extraction_rules,2,requires_specialized_environmental_diagnostic,,2,data/text/hkex_reports/00607.HK/2025/annual_report.txt|data/text/hkex_reports/00607.HK/2025/esg_report.txt,False
90,19,3201,66.815972,121,462,341,True,1.0,1.0,0.273333,0.0,0.998264,1,0.984,00632.HK,CHK OIL,Q_E_ALTERNATIVE_WATER_RATE,再生水或其他替代水源占比,E,False,0,,,0,missing_candidate,extend_extraction_rules,2,requires_specialized_environmental_diagnostic,,1,data/text/hkex_reports/00632.HK/2025/annual_report.txt,False
91,19,3202,66.815972,27,501,474,True,1.0,1.0,0.273333,0.0,0.998264,1,0.984,00645.HK,ARES ASIA,Q_E_ALTERNATIVE_WATER_RATE,再生水或其他替代水源占比,E,False,0,,,0,missing_candidate,extend_extraction_rules,2,requires_specialized_environmental_diagnostic,,1,data/text/hkex_reports/00645.HK/2025/annual_report.txt,False
92,19,3203,66.815972,156,376,220,True,1.0,1.0,0.273333,0.0,0.998264,1,0.984,00650.HK,PRODUCTIVE TECH,Q_E_ALTERNATIVE_WATER_RATE,再生水或其他替代水源占比,E,False,0,,,0,missing_candidate,extend_extraction_rules,2,requires_specialized_environmental_diagnostic,,1,data/text/00650.HK/2025/annual_report.txt,False
93,19,3204,66.815972,29,232,203,True,1.0,1.0,0.273333,0.0,0.998264,1,0.984,00666.HK,REPT BATTERO,Q_E_ALTERNATIVE_WATER_RATE,再生水或其他替代水源占比,E,False,0,,,0,missing_candidate,extend_extraction_rules,2,requires_specialized_environmental_diagnostic,,2,data/text/hkex_reports/00666.HK/2025/annual_report.txt|data/text/hkex_reports/00666.HK/2025/esg_report.txt,False
94,19,3205,66.815972,97,271,174,True,1.0,1.0,0.273333,0.0,0.998264,1,0.984,00686.HK,BJ ENERGY INTL,Q_E_ALTERNATIVE_WATER_RATE,再生水或其他替代水源占比,E,False,0,,,0,missing_candidate,extend_extraction_rules,2,requires_specialized_environmental_diagnostic,,2,data/text/hkex_reports/00686.HK/2025/annual_report.txt|data/text/hkex_reports/00686.HK/2025/esg_report.txt,False
95,19,3206,66.815972,183,434,251,True,1.0,1.0,0.273333,0.0,0.998264,1,0.984,00704.HK,HUSCOKE HLDGS,Q_E_ALTERNATIVE_WATER_RATE,再生水或其他替代水源占比,E,False,0,,,0,missing_candidate,extend_extraction_rules,2,requires_specialized_environmental_diagnostic,,1,data/text/00704.HK/2025/annual_report.txt,False
96,19,3207,66.815972,76,301,225,True,1.0,1.0,0.273333,0.0,0.998264,1,0.984,00819.HK,TIANNENG POWER,Q_E_ALTERNATIVE_WATER_RATE,再生水或其他替代水源占比,E,False,0,,,0,missing_candidate,extend_extraction_rules,2,requires_specialized_environmental_diagnostic,,2,data/text/hkex_reports/00819.HK/2025/annual_report.txt|data/text/hkex_reports/00819.HK/2025/esg_report.txt,False
97,19,3208,66.815972,6,307,301,True,1.0,1.0,0.273333,0.0,0.998264,1,0.984,00836.HK,CHINA RES POWER,Q_E_ALTERNATIVE_WATER_RATE,再生水或其他替代水源占比,E,False,0,,,0,missing_candidate,extend_extraction_rules,2,requires_specialized_environmental_diagnostic,,2,data/text/hkex_reports/00836.HK/2025/annual_report.txt|data/text/hkex_reports/00836.HK/2025/esg_report.txt,False
98,19,3209,66.815972,42,339,297,True,1.0,1.0,0.273333,0.0,0.998264,1,0.984,00866.HK,CHINA QINFA,Q_E_ALTERNATIVE_WATER_RATE,再生水或其他替代水源占比,E,False,0,,,0,missing_candidate,extend_extraction_rules,2,requires_specialized_environmental_diagnostic,,1,data/text/hkex_reports/00866.HK/2025/annual_report.txt,False
99,19,3210,66.815972,41,316,275,True,1.0,1.0,0.273333,0.0,0.998264,1,0.984,00931.HK,CHINA HK POWER,Q_E_ALTERNATIVE_WATER_RATE,再生水或其他替代水源占比,E,False,0,,,0,missing_candidate,extend_extraction_rules,2,requires_specialized_environmental_diagnostic,,1,data/text/00931.HK/2025/annual_report.txt,False
100,19,3211,66.815972,19,248,229,True,1.0,1.0,0.273333,0.0,0.998264,1,0.984,00951.HK,CHAOWEI POWER,Q_E_ALTERNATIVE_WATER_RATE,再生水或其他替代水源占比,E,False,0,,,0,missing_candidate,extend_extraction_rules,2,requires_specialized_environmental_diagnostic,,2,data/text/hkex_reports/00951.HK/2025/annual_report.txt|data/text/hkex_reports/00951.HK/2025/esg_report.txt,False
101,11,726,81.732639,67,223,156,True,1.0,1.0,0.275556,1.0,0.984375,9,0.992,00002.HK,CLP HOLDINGS,Q_E_SO2_INTENSITY,二氧化硫排放强度,E,True,0,,,0,missing_candidate,extend_extraction_rules,0,disclosed_non_revenue_denominator,"Apraava Energy’s non-carbon investments3 2024 : 1.5GW >50 Innovation pilots in progress 2024 : >30 2,565 EV chargers under management4 2024 : 1,496 30,546RT* Total cooling capacity under CaaS5 2024 : 18,811RT* * refrigeration tonnes 12,133kWp# Total solar capacity under SaaS5 2024 : 8,311kWp# # kilowatt peak 0.50kg CO2e/kWh Greenhouse gas emissions intensity 2024 : 0.53kg CO2e/kWh 71% Operating earnings from non-carbon generation assets, transmission, distribution and retail operations 2024 : 68",1,data/text/hkex_reports/00002.HK/2025/annual_report.txt,False
102,11,727,81.732639,47,362,315,True,1.0,1.0,0.275556,1.0,0.984375,9,0.992,00003.HK,HK & CHINA GAS,Q_E_SO2_INTENSITY,二氧化硫排放强度,E,True,0,,,0,missing_candidate,extend_extraction_rules,0,related_disclosure_without_compatible_intensity,"2 === OUR MISSION To provide our customers with safe, reliable, clean and smart energy along with quality services, while committed to fulfilling our social responsibility, ensuring sustainable business growth, enhancing our shareholders’ return on investment, and bringing long-term benefit for our planet, society, and stakeholders. OUR VISION To be a leading clean and smart energy supplier, with a view to creating a sustainable world driven by green energy. === PAGE 3 === CONTENTS 2025 Awards a",2,data/text/00003.HK/2025/annual_report.txt|data/text/hkex_reports/00003.HK/2025/esg_report.txt,False
103,11,728,81.732639,54,439,385,True,1.0,1.0,0.275556,1.0,0.984375,9,0.992,00006.HK,POWER ASSETS,Q_E_SO2_INTENSITY,二氧化硫排放强度,E,True,0,,,0,missing_candidate,extend_extraction_rules,0,ambiguous_intensity_disclosure,"ng unit L13 progressed on schedule towards a targeted completion date in early 2029, when it will go into operation. Once commissioned, L13 is expected to increase gas-fired generation of LPS to about 80% of total output, further lowering our carbon intensity. Smart meters and the advanced metering infrastructure not only facilitate better energy management for customers, but also enhance HK Electric’s ability for monitoring of the power grid. enhanced electronic application forms that enabled r",2,data/text/hkex_reports/00006.HK/2025/annual_report.txt|data/text/hkex_reports/00006.HK/2025/esg_report.txt,False
104,11,729,81.732639,109,289,180,True,1.0,1.0,0.275556,1.0,0.984375,9,0.992,000096.SZ,广聚能源,Q_E_SO2_INTENSITY,二氧化硫排放强度,E,True,0,,,0,missing_candidate,extend_extraction_rules,0,no_matching_disclosure_in_text,,1,data/text/000096.SZ/2025/annual_report.txt,False
105,11,730,81.732639,164,395,231,True,1.0,1.0,0.275556,1.0,0.984375,9,0.992,000543.SZ,皖能电力,Q_E_SO2_INTENSITY,二氧化硫排放强度,E,True,0,,,0,missing_candidate,extend_extraction_rules,0,ambiguous_intensity_disclosure,"煤电机组节能降碳改造、灵活性改造、集中供热改造“三改联动”，持续提升 清洁生产水平。 运输污染防控 燃料运输采用皮带和火车方式。 对于灰渣、石膏及石粉等物料的运输车辆，新签约用户须使用国六标准车辆，原有用户车 辆须符合国五及以上排放标准。 入厂非道路移动机械（包括挖掘机、起重机、推土机、装载机、叉车等）须持有环保部门核 发的环保登记编码。 积极向运输单位宣贯柴油车尾气深度治理工作方案，有效推动国四、国五重中型柴油车 深度治理工作落实。 大气污染物排放信息 污染物名称 年度排放总量（吨） 排放强度（吨/百万营收） 案例 颗粒物 771.11 0.03 氮氧化物 9,437.47 0.35 淮北国安公司机组超净排放改造助力蓝天保卫战 二氧化硫 4,505.06 0.16 挥发性有机物 3.16 0.0001 2025年10月，淮北国安公司1号机组一次性并网成 功，该公司“脱硫提效”“超净排放”“运行灵活性”三 大改造项目全面完成。改造后，机组烟尘、二氧化硫、 氮氧化物排放浓度得到稳定控制，污染物排放总量 同比下降60%。 汞及其化合物 2.86 0.0001 一氧化碳 83.11 0.",2,data/text/000543.SZ/2025/annual_report.txt|data/text/000543.SZ/2025/esg_report.txt,False
106,11,731,81.732639,190,483,293,True,1.0,1.0,0.275556,1.0,0.984375,9,0.992,000554.SZ,泰山石油,Q_E_SO2_INTENSITY,二氧化硫排放强度,E,True,0,,,0,missing_candidate,extend_extraction_rules,0,related_disclosure_without_compatible_intensity,管理方法、工作进展与取得的成果。 可靠性保证 本公司董事会已于 2026 年 4 月 22 日审议批准本报告，保证本报告内容不存在虚假记载和误导性陈述。 编制依据 结合全球报告倡议组织（GRI）《GRI 可持续发展报告标准》《GRI 11：石油与天然气行业标准（2021 版）》； 国际标准化组织 ISO 26000：2010《社会责任指南》国际标准等国际相关要求； 参照国家标准 GB/T 36001-2015《社会责任报告编写指南》； 国务院国资委办公厅《央企控股上市公司 ESG 专项报告参考指标体系》； 深圳证券交易所《上市公司自律监管指引第 17 号——可持续发展报告（试行）》《上市公司自律监管指南 第 3 号——可持续发展报告》。 参考财政部《企业可持续披露准则——基本准则（试行）》； 参考并回应了联合国可持续发展目标（SDGs）。 报告说明 2025 年 报告范围 本报告披露信息的范围涵盖中国石化山东泰山石油股份有限公司及其附属公司，与泰山石油（000554.SZ） 2025 年年报合并财务报表范围一致。 数据说明 数据源于公司内部文件、报表和相关统计数据。除特别说明外，本报告,2,data/text/000554.SZ/2025/annual_report.txt|data/text/000554.SZ/2025/esg_report.txt,False
107,11,732,81.732639,152,419,267,True,1.0,1.0,0.275556,1.0,0.984375,9,0.992,000682.SZ,东方电子,Q_E_SO2_INTENSITY,二氧化硫排放强度,E,True,0,,,0,missing_candidate,extend_extraction_rules,0,related_disclosure_without_compatible_intensity,小企业股转系统挂牌，证券简称：海颐软件，证券编码： 832327。目前海颐软件为电力、能源、电子政务、交通运输等行业客户提供软件产品、技 术服务和大数据应用。拥有 CMMIL5 资质、ITSS 信息技术服务运行维护标准符合性三级认 证（ITSSL3）、电力需求侧管理服务机构能力一级认证，先后通过 ISO9001、ISO14001、 ISO45001、ISO27001 和 ISO20000 认证，通过软件企业认证、高新技术企业认定。 报告期内，受市场竞争加剧，产品交付周期增长，成本上升，毛利降低，自身业务转 型调整等多重因素影响，海颐软件实现营业收入 8.22 亿元，较去年同期减少 12.92%；净 利润 0.32 亿元，较去年同期减少 69.52%。 公司全资子公司威思顿产业聚焦数字电力、智慧能源、数智工厂三大业务领域，是集 产品研发、生产、服务和销售于一体的国家级重点高新技术企业。面向海内外市场，布局 用电、配电、新能源及综合能源管理、微电网、数字化智能工厂等八大业务方向，深入实 施“以技术创新为先导、以客户价值为目标”产品领先战略，创新发展推动产业升级，为 电网数字化转型、新型能源,1,data/text/000682.SZ/2025/annual_report.txt,False
108,11,733,81.732639,128,304,176,True,1.0,1.0,0.275556,1.0,0.984375,9,0.992,000791.SZ,甘肃能源,Q_E_SO2_INTENSITY,二氧化硫排放强度,E,True,0,,,0,missing_candidate,extend_extraction_rules,0,related_disclosure_without_compatible_intensity,"特征 主要污染 物及特征 排放方 式 排放口 数量 排放 口分 排放浓 度/强 执行的污染物排放 标准 排放总量 核定的排放总量 超标排 放情况 50 === PAGE 51 === 甘肃电投能源发展股份有限公司 2025 年年度报告全文 公司 名称 污染物的 种类 污染物的 名称 布情 况 度 二氧化硫 常乐 公司 大气污染 物 氮氧化物 烟气经 环保设 施处理 后通过 烟囱排 至大气 烟尘 1-2 号 机组、 3-4 号 机组、 5-6 号 机组、 启动锅 炉共 7 个排放 口 20.39m g/m³ 厂区 内 37.46m g/m³ 1.54mg /m³ 执行《火电厂大气 污染物排放标准》 GB13223-2011 的 标 准，按照超低排放 的 浓 度 限 值 执 行 （ 二 氧 化 硫 浓 度 35mg/m³ ，氮氧化物 浓 度 50mg/m ³ ， 烟 尘浓度 10mg/m³） 年 排 放 总 量 1,525.13 吨 年许可排放量限值 3,737 吨 年 排 放 总 量 2,708.82 吨 年许可排放量限值 5,397 吨 全 年 各 项 污 染 物 全 部 达 标 排 ",2,data/text/000791.SZ/2025/annual_report.txt|data/text/000791.SZ/2025/esg_report.txt,False
109,11,734,81.732639,135,324,189,True,1.0,1.0,0.275556,1.0,0.984375,9,0.992,001208.SZ,华菱线缆,Q_E_SO2_INTENSITY,二氧化硫排放强度,E,True,0,,,0,missing_candidate,extend_extraction_rules,0,no_matching_disclosure_in_text,,1,data/text/001208.SZ/2025/annual_report.txt,False
110,11,735,81.732639,123,262,139,True,1.0,1.0,0.275556,1.0,0.984375,9,0.992,001258.SZ,立新能源,Q_E_SO2_INTENSITY,二氧化硫排放强度,E,True,0,,,0,missing_candidate,extend_extraction_rules,0,related_disclosure_without_compatible_intensity,键 特性及影响因素进行 深入分析和确定。构 建储能电池海量数据 监测技术平台，深入 研究如何通过实时数 据 监 测 与 智 能 分 析， 降低储能系统的运维 风险和成本。 1. 完成“储能电站电池诊断 及运维系统”功能开发及数 据 采 集、 整 理 ；2. 完 成“ 电 芯不一致性诊断”、“高精度 SOH 估算”及“电池剩余寿 命预测”相关算法模型的开 发、 搭 建 和 训 练 工 作 ；3. 完 成“储能电站电池诊断及运 维系统”现场部署，接入全 站 BMS 电 池 数 据， 完 成 功 能调试及测试 ；4. 申请发明 专利 2 项、软著 2 项、论文 2 篇 ；5. 完 成 项 目 验 收、 结 题 工作。 开 发 储 能 电 池 海 量 数 据 监 测 及 储 能 电 站 智 慧 运 维 技 术， 构 建 储 能 电 站 电池诊断及运维系统，具 体 实 现 ：1. 储 能 PCS、 BMS、 电 芯 等 设 备 数 据 全 量 监 控 ；2.SOH 估 算 误 差 ≤ 5% ；3. 电 芯 不 一 致 性 诊 断 模 型 异 常 检 出 率 ≥ 90% ；4. 电池寿命预测 模型,1,data/text/001258.SZ/2025/annual_report.txt,False
111,11,736,81.732639,113,244,131,True,1.0,1.0,0.275556,1.0,0.984375,9,0.992,001299.SZ,美能能源,Q_E_SO2_INTENSITY,二氧化硫排放强度,E,True,0,,,0,missing_candidate,extend_extraction_rules,0,related_disclosure_without_compatible_intensity,效与个人绩效的紧密结合，确保绩效考核结果真正应 用于员工薪酬调整、职务晋升、岗位调整及不胜任退出等环节，刚性落实“能者上、平者让、庸者下、劣者汰”的用人 导向，充分调动全员干事创业积极性；三是持续推进集团及各事业部标准化建设工作，全面梳理、优化核心业务流程， 编制科学、务实、可操作的标准化作业程序（SOP）手册，不断推动运营管理与客户服务规范化、精细化升级，提升运 营效率与风险防控能力。 5.数字化管理转型：信息化应用促进业务数字化、智能化发展 加快完善信息化建设，促进数字化、智能化技术与公司经营管理及核心业务的深度融合，以技术创新驱动高质量发 展。 一是整合数据与业务中台，彻底打通各系统间的数据壁垒，完成内控管理平台建设并投入常态运营，实现核心业务 数据可视、可查询、可应用；二是以业务场景为导向、以痛点为目标，积极引入并部署人工智能（AI）工具，在决策支 持、投资分析、业绩预测、业务流程自动化、智能客服等领域开展试点与应用，推动人工智能从辅助工具向提升核心竞 争力的关键支撑转变；三是持续提升全员信息化、数字化应用能力，开展针对性的全员信息化工具能力培训与效果评估， 实现数字赋能与业务,1,data/text/001299.SZ/2025/annual_report.txt,False
112,11,737,81.732639,134,291,157,True,1.0,1.0,0.275556,1.0,0.984375,9,0.992,00182.HK,CONCORD NE,Q_E_SO2_INTENSITY,二氧化硫排放强度,E,True,0,,,0,missing_candidate,extend_extraction_rules,0,ambiguous_intensity_disclosure,"s"". 4 5  The financial effect of climate-related risks are highly interdependent with and influenced by multiple market and operational factors, including electricity price volatility, equipment O&M costs, grid dispatch requirements, policy subsidy intensity, and power technology iteration. Consequently, their standalone financial effect cannot be reliably isolated and quantified at present. The methods used to assess the current financial effect of climate-related risks or op- portunities invo",2,data/text/hkex_reports/00182.HK/2025/annual_report.txt|data/text/hkex_reports/00182.HK/2025/esg_report.txt,False
113,11,738,81.732639,23,293,270,True,1.0,1.0,0.275556,1.0,0.984375,9,0.992,002039.SZ,黔源电力,Q_E_SO2_INTENSITY,二氧化硫排放强度,E,True,0,,,0,missing_candidate,extend_extraction_rules,0,no_matching_disclosure_in_text,,1,data/text/002039.SZ/2025/annual_report.txt,False
114,11,739,81.732639,26,375,349,True,1.0,1.0,0.275556,1.0,0.984375,9,0.992,002056.SZ,横店东磁,Q_E_SO2_INTENSITY,二氧化硫排放强度,E,True,0,,,0,missing_candidate,extend_extraction_rules,0,related_disclosure_without_compatible_intensity,产品等已切 入新能源汽车、储能、AI 等领域。 公司深耕磁性材料行业近半个世纪，以技术领先、注重品质和服务而成为众多全球 500 强和行 业领先企业的战略合作伙伴，先后获得 Bosch 亚太区最佳供应商、Bosch 全球最佳供应商、Midea 战 略供应商，并多次被 Brose、Eaton、Panasonic、Nidec 等客户评为最佳供应商。 光伏方面，公司深耕行业 16 年，持续以差异化产品和市场入手，带动标准化产品销售，精准满 足不同区域不同客户的需求。截至 12 月底，公司拥有 5 类双玻标准产品和 9 类特殊应用场景产品， 凭借差异化产品及领先的质量和性能，公司光伏产品得到了 TÜV SÜD、EUPD Research 等第三方国 际权威机构的认可，是全球首批获得低碳认证的光伏组件制造企业，已连续 8 年获 EUPD Research “顶级光伏组件品牌”，连续7 年位列彭博新能源财经“全球一级太阳能组件制造商”，连续5 年获 Kiwa PVEL “全球组件最佳表现制造商”。 锂电方面，公司18650、21700 型的三元圆柱电池，出货量位列全国前三，产品覆盖能量型26E- ,1,data/text/002056.SZ/2025/annual_report.txt,False
115,11,740,81.732639,114,357,243,True,1.0,1.0,0.275556,1.0,0.984375,9,0.992,00206.HK,CM-ENERGY,Q_E_SO2_INTENSITY,二氧化硫排放强度,E,True,0,,,0,missing_candidate,extend_extraction_rules,0,ambiguous_intensity_disclosure,"動、張貼標語、現場培訓及鼓勵員工提交合理化建議等方式，營造全員參與的節水氛圍，確保節水意識深 入人心。 132 CM Energy Tech Co., Ltd. ‧ Annual Report 2025 === PAGE 135 === ENVIRONMENTAL, SOCIAL AND GOVERNANCE REPORT 環境、社會及管治報告 GREEN DRIVES THE FUTURE, LOW-CARBON LEADS THE WAY (Continued) Energy and Resource Management (Continued) Water Resource Management (Continued) The Group has established control targets for water consumption intensity, targeting a 3% year-on-year reduction in 2025 compared to 2024. During the Reporting Period, total water con",1,data/text/hkex_reports/00206.HK/2025/annual_report.txt,False
116,11,741,81.732639,165,278,113,True,1.0,1.0,0.275556,1.0,0.984375,9,0.992,002074.SZ,国轩高科,Q_E_SO2_INTENSITY,二氧化硫排放强度,E,True,0,,,0,missing_candidate,extend_extraction_rules,0,ambiguous_intensity_disclosure,"可靠的服务 保障。通过健全制度体系与完善全球服务网络，公司不断筑牢客户权益保护的坚实屏障，努力为客户创 造可持续的合作价值。 （四）环境保护与可持续发展 公司设立由经营管理层组成的 EHS（环境、健康安全）管理委员会，作为环境管理最高决策机构， 负责审阅 EHS 管理目标指标，规范 EHS 管理体系运行。公司推行 EHS 目标责任书机制，将 EHS 管理目 标深度融入各基地、各部门绩效考评，并将污染物减排列为核心绩效指标，层层分解落实，确保减排任 务落地。体系建设上，公司旗下控股子公司均通过 ISO 14001 环境管理体系认证，并定期开展内外部审计， 保障体系有效运行。2025 年，公司环保总投入达 5,543.47 万元，为各项环境管理工作提供坚实资金保障； 污染防治方面，通过持续优化废水、废气处理工艺，实现污染物排放强度逐年下降。国内 8 家基地已经 获批成为国家级/省级绿色工厂，标志着公司在环境管理与绿色发展方面的实践成果显著。 为响应国家“双碳”目标，公司于 2025 年正式发布《零碳战略》，明确提出 2027 年实现运营碳达峰、 2035 年实现运营碳中和的战略目标。围绕该",1,data/text/002074.SZ/2025/annual_report.txt,False
117,11,742,81.732639,197,312,115,True,1.0,1.0,0.275556,1.0,0.984375,9,0.992,002090.SZ,金智科技,Q_E_SO2_INTENSITY,二氧化硫排放强度,E,True,0,,,0,missing_candidate,extend_extraction_rules,0,related_disclosure_without_compatible_intensity,，控制风险，预防事故，减少伤 害，同时，公司注重对员工的安全教育与培训，不定期组织员工参加生产知识培训和消防 安全演练，提高员工安全生产意识和自我保护能力。公司以员工的健康安全为己任，遵守 安全法律法规，尊重及维护公众和相关方的健康与安全权益，努力为员工创造一个安全、 和谐的工作环境，已按照国际 ISO9001:2015 质量管理体系、ISO 14001:2015 环境管理体 系、OHSAS 18001：2007 职业健康安全管理体系的要求，结合公司实际，建立了质量环境 职业健康安全管理体系。 公司高度重视企业文化建设，积极开展各项文化娱乐活动，为员工提供才艺展示平台， 丰富员工的业余生活。公司每年积极组织、开展各种文体活动，包括组织迎春联欢会、 “三八节”春游、端午节包粽子、快乐健身等多种形式活动，有效促进了员工之间的沟通 与交流，增强员工的团队合作意识和集体荣誉感，提高凝聚力和向心力。公司内部还设有 “金智瑜伽”、“金智舞蹈”、“金智夜校”等多元化社团，涵盖书法、乐器、非遗等领 域，为员工间兴趣交流、相互了解、互助互爱提供良好平台。 3、供应商、客户和消费者权益保护方面 公司坚持平,1,data/text/002090.SZ/2025/annual_report.txt,False
118,11,743,81.732639,122,316,194,True,1.0,1.0,0.275556,1.0,0.984375,9,0.992,002276.SZ,万马股份,Q_E_SO2_INTENSITY,二氧化硫排放强度,E,True,0,,,0,missing_candidate,extend_extraction_rules,0,related_disclosure_without_compatible_intensity,筹推进经济效益、社会效益与环境效益协同平衡、高质量发展。在环境管理方面，公司全面推进绿色 生产工艺，推广使用环保原辅材料，大力实施节能减排、清洁生产与资源循环利用，持续降低生产活动 对生态环境的影响，持续加大环保节能设备投入，构建覆盖全流程的固废减量化、资源化、无害化综合 管理体系，持续有效运行 ISO14001 环境管理体系，环境管理规范化、系统化水平显著提升。在安全生 产领域，公司严格落实安全生产责任制，规范运行 ISO45001 职业健康安全管理体系，通过常态化安全 文化建设、专业化安全技能培训与实战化应急演练，全面提升全员安全意识与应急处置能力，有效防范 化解各类安全风险，保障生产经营持续安全稳定。 四、主营业务分析 1、概述 报告期，在外部挑战与机遇并存的背景下，公司以“一体两翼、南北联动”战略为指引，聚焦主营 业务竞争力与经营质量的提升，通过深化内部改革、构建全流程风控体系，保持经营业绩稳定。报告期， 公司实现营业收入 192.40 亿元，同比增长 8.33%；归属于上市公司股东的净利润 3.47 亿元，同比增长 1.74%。 (1) 电线电缆：外拓市场，内筑根基 报告期，,1,data/text/002276.SZ/2025/annual_report.txt,False
119,11,744,81.732639,172,365,193,True,1.0,1.0,0.275556,1.0,0.984375,9,0.992,00228.HK,CHINA ENERGY,Q_E_SO2_INTENSITY,二氧化硫排放强度,E,True,0,,,0,missing_candidate,extend_extraction_rules,0,ambiguous_intensity_disclosure,"ombination with activities such as Quality Month and Measurement Day to effectively promote quality awareness and strengthen management efforts. In terms of the quality management of nonoil products, the Company expands the scope and strengthens the intensity of its annual supervision on a continuous basis, paying close attention to critical periods such as the rainy season, extreme weather conditions and holidays based on different climatic characteristics and phased management priorities. We c",2,data/text/hkex_reports/00228.HK/2025/annual_report.txt|data/text/hkex_reports/00228.HK/2025/esg_report.txt,False
120,11,745,81.732639,76,290,214,True,1.0,1.0,0.275556,1.0,0.984375,9,0.992,002335.SZ,科华数据,Q_E_SO2_INTENSITY,二氧化硫排放强度,E,True,0,,,0,missing_candidate,extend_extraction_rules,0,related_disclosure_without_compatible_intensity,数据股份有限公司 2025 年年度报告全文 十、公司控制的结构化主体情况 □适用 不适用 十一、公司未来发展的展望 （一）行业格局和趋势 1、智算中心行业 数据中心行业在 AI 应用深化与算力需求增长的推动下，正进入以智能算力为核心的发展阶段。根据 McKinsey ＆ Company 以及 Resourcera 估计，全球数据中心总容量预计从 2025 年的 82GW 增长至 2030 年的 219GW。全球约 11%的人口 为 AI 活跃用户，约82%的企业已接入或测试 AI，应用端渗透率的提升带动了算力基础设施的持续投入。中国“东数西算” 工程、美国“星际之门”计划等政策引导，进一步推动了算力资源的集约化布局。 需求结构方面，数据中心负载从通用计算向智能计算转移。据 McKinsey ＆ Company 预估，2025 年至 2030 年，AI 工作负载预计从 44GW 增至 156GW（增幅 254%），而非 AI 负载仅从 38GW 增至 64GW（增幅 68%）。AI 负载占比将从 2025 年的 54%提升至 2030 年的71%，成为驱动数据中心扩张的核心引擎。 散热,1,data/text/002335.SZ/2025/annual_report.txt,False
121,11,746,81.732639,96,366,270,True,1.0,1.0,0.275556,1.0,0.984375,9,0.992,002459.SZ,晶澳科技,Q_E_SO2_INTENSITY,二氧化硫排放强度,E,True,0,,,0,missing_candidate,extend_extraction_rules,0,disclosed_non_revenue_denominator,作推动行业 规范发展与技术创新。 === PAGE 35 === 33 晶澳科技2025年度可持续发展暨ESG报告 前篇 产品服务篇 环境篇 社会篇 治理篇 后篇 产品研发与创新 标准引领 晶澳科技积极投身全球光伏标准体系建设，深度参与国际、国家、行业及团体标准的制定与实施，牵头或联合发布专项场景解决方案白皮书，以标准化建设与技术方案输出双轮驱动， 助力行业规范发展、技术创新迭代与可持续升级。2025年，公司主编及参编的标准如下： 标准类型 标准名称 国际标准 • • 主编国际标准2项，包括ISO标准《BIPV组件和系统端的EL及外观检测的AI技术应用》（立项中），以及 作为第二主编的IEC标准《光伏玻璃的物理及强度性能测试》； 参与IEC 63667-1《光伏产品碳足迹产品种类规则—第1部分：光伏组件》等4项在研IEC标准。 案例：政企研协同制定沙戈荒标 准，发布全球首个解决方案白皮书 国家标准 • • 主编国家标准2项，分别为20256274-Z-339《光伏器件 第13部分：光伏组件电致发光》、GB/T 39135-2020 《建筑光伏玻璃组件色差检测方法》外文版，均处于编制中；,2,data/text/002459.SZ/2025/annual_report.txt|data/text/002459.SZ/2025/esg_report.txt,False
122,11,747,81.732639,135,256,121,True,1.0,1.0,0.275556,1.0,0.984375,9,0.992,002479.SZ,富春环保,Q_E_SO2_INTENSITY,二氧化硫排放强度,E,True,0,,,0,missing_candidate,extend_extraction_rules,0,related_disclosure_without_compatible_intensity,5 === 浙江富春江环保热电股份有限公司 2025 年年度报告全文 制“热电联产+固废（危废）资源化+环境监测治理”的循环经济模式积聚先发优势，增强 公司抵御市场风险能力。 （二）技术创新、具有超前优势 公司与多家高校合作设立技术研发中心，进行工艺、技术、项目的研发，其中在生产中 对二噁英的防治、二氧化硫、氮氧化物的去除等方面和污泥干化等领域处于国内先进水平。 同时经过多年的研发投入和技术沉淀，公司目前已具备了一定的研发和创新能力。截至报告 期末，公司已经拥有 8 家高新技术企业、1 家国家鼓励发展的重大环保技术装备依托单位、 3 家省级“专精特新”企业、1 家中美政府间合作项目研究基地、1 家省级企业研究院。公 司各项目燃煤锅炉全部实现超净排放，达到行业先进水平，控股子公司研究院成功研制开发 出了国内外首台具有实用意义的二噁英在线快速检测仪器系统。 （三）管理科学、提质增效 公司狠抓制度创新建设，强化管理手段，以 ISO9001 质量管理体系、ISO14001 环境管 理体系为基础，对公司及其下属子公司制度进行新建、优化、梳理等工作，提高制度的科学 性与灵活性，增强员工的积极性与能,1,data/text/002479.SZ/2025/annual_report.txt,False
123,11,748,81.732639,178,287,109,True,1.0,1.0,0.275556,1.0,0.984375,9,0.992,002487.SZ,大金重工,Q_E_SO2_INTENSITY,二氧化硫排放强度,E,True,0,,,0,missing_candidate,extend_extraction_rules,0,no_matching_disclosure_in_text,,1,data/text/002487.SZ/2025/annual_report.txt,False
124,11,749,81.732639,157,406,249,True,1.0,1.0,0.275556,1.0,0.984375,9,0.992,002506.SZ,协鑫集成,Q_E_SO2_INTENSITY,二氧化硫排放强度,E,True,0,,,0,missing_candidate,extend_extraction_rules,0,disclosed_non_revenue_denominator,等包容 开篇 可持续发展战略与治理 年度专题 商业互信 附录 自然生态 85 卓越创新 披露议题 / 披露项 披露项标题 章节索引 披露议题 / 披露项 披露项标题 章节索引 302-1 组织内部的能源消耗量 能源管理与可再生能 源利用 305-1 直接（范畴 1）温室气体排放 应对气候变化 305-2 能源间接（范畴 2）温室气体排放 应对气候变化 302-2 组织外部的能源消耗量 能源管理与可再生能 源利用 305-3 其他间接（范畴 3）温室气体排放 应对气候变化 305-4 温室气体排放强度 应对气候变化 302-3 能源强度 能源管理与可再生能 源利用 305-5 温室气体减排量 应对气候变化 305-7 氮氧化物（NOx）、硫氧化物（SOx） 和其他重大气体排放 污染物排放 302-4 减少能源消耗量 能源管理与可再生能 源利用 GRI 306 废弃物 302-5 降低产品和服务的能源需求 能源管理与可再生能 源利用 3-3 实质性议题管理 废弃物管理 306-1 废弃物的产生及废弃物相关重大影响 废弃物管理 GRI 303 水资源与污水 306-2 废弃物相关重大影响的管,2,data/text/002506.SZ/2025/annual_report.txt|data/text/002506.SZ/2025/esg_report.txt,False
125,11,750,81.732639,174,367,193,True,1.0,1.0,0.275556,1.0,0.984375,9,0.992,002531.SZ,天顺风能,Q_E_SO2_INTENSITY,二氧化硫排放强度,E,True,0,,,0,missing_candidate,extend_extraction_rules,0,disclosed_non_revenue_denominator,动焊 技术研究与应用 工艺研发与方案应用，自动化创新改 进 研发论证阶段 1.自动化焊接工作站智能 自动焊，效率提升 50%， 焊接质量更加稳定； 2.船舶管系管道、弯头、 法兰、三通对接、角接自 动焊，焊枪在工件外部、 焊缝正上方进行平位置焊 接，通过焊接机床的机头 带动工件旋转而实现自动 焊接。采用 TIG+MIG 自动 焊接，用于管三通、管法 兰、管弯头环缝对接/角 接，管管环缝等应用的自 动焊接。 通过新设备新工艺的研 发，自动化创新，降低生 产成本，提升焊接效率和 质量稳定性，缩短 FSO 船 舶管系产品的制造周期， 提升公司的技术实力和船 舶市场竞争力。 基于大型化风电叶片材料 优化的研发 为应对风电大型化趋势，通过引入高 性能复合材料拉挤板工艺替代传统材 料，在保障结构强度的同时显著减少 树脂等原材料消耗，缩短产品制造周 期。 实施优化阶段 单支叶片平均减少树脂等 原材料消耗约 5%，制造周 期缩短约 15% 有效降低了风电叶片的制 造成本，为公司推进绿色 制造、提升大型化风电叶 片产品交付能力奠定了坚 实基础。 1Nm³/h AEM 制氢系统： 低成本抽屉式绿氢解决方 ,2,data/text/002531.SZ/2025/annual_report.txt|data/text/002531.SZ/2025/esg_report.txt,False
126,11,751,81.732639,150,441,291,True,1.0,1.0,0.275556,1.0,0.984375,9,0.992,002608.SZ,江苏国信,Q_E_SO2_INTENSITY,二氧化硫排放强度,E,True,0,,,0,missing_candidate,extend_extraction_rules,0,related_disclosure_without_compatible_intensity,攻坚战工作部署。2025 年，各控股发电子企业共投入约 40983.69 万元，用以购买环保运行耗 材，推进环保设施日常运行维护、环保设施升级改造、噪声治理、厂区及周边道路扬尘治理等项目，公司旗下电厂所有 机组均已完成超低排放改造，实现在线联网监控。脱硫、脱硝、除尘系统投运率均达到 99.9%以上，二氧化硫、氮氧化 物、烟尘等污染物排放均符合国家超低排放标准。2025 年公司江苏省内火电机组供电标准煤耗（含燃机）为 287.19 克/ 千瓦时；山西省内煤机（空冷机组）供电标准煤耗为 314.37 克/千瓦时。 更多节能减排相关信息可查阅本公司《2025 年度环境、社会及治理报告》。 上市公司发生环境事故的相关情况 无 十六、社会责任情况 详见公司披露的《2025 年度环境、社会及治理报告》。 十七、巩固拓展脱贫攻坚成果、乡村振兴的情况 公司深入贯彻习近平总书记关于持续加强消费帮促的重要指示精神，积极推动脱贫攻坚成果与乡村振兴的有效衔接。公 司及控股子公司通过采购脱贫地区特色农副产品，鼓励干部职工增加对脱贫地区农副产品的消费，充分发挥东西部协作、 对口支援、定点帮促等机制作用，助力欠发达,1,data/text/002608.SZ/2025/annual_report.txt,False
127,11,752,81.732639,129,386,257,True,1.0,1.0,0.275556,1.0,0.984375,9,0.992,002692.SZ,远程股份,Q_E_SO2_INTENSITY,二氧化硫排放强度,E,True,0,,,0,missing_candidate,extend_extraction_rules,0,related_disclosure_without_compatible_intensity,，并助建在埃塞俄比亚、安哥拉、越南等多个项目。 2、经营模式 公司线缆业务主要采用以销定产的经营模式。公司参与客户招标，中标后公司将根据交货日期、产品种类和运输距 离制定详细的生产计划并组织生产。公司通过技术创新、新产品的研发投入和人才引进等方式不断提升公司的销售能力 和创新能力，公司产品通过了 ISO9001：2015 质量管理体系认证、ISO14001：2015 环境管理体系认证、ISO45001：2018 职业健康安全管理体系认证、ISO50001：2018 能源管理体系认证、ISO10012：2003 测量管理体系认证、ISO14064 温室 气体核查，并获得了 CCC 国家强制性产品认证证书、阻燃 CCC 产品认证、PCCC 电能产品认证证书、民用核安全设备 设计和制造许可证，美国 UL 认证、荷兰 KEMA 认证、欧盟 CE 认证、环保 RoHS 认证、莱茵 TUV 认证、澳大利亚 SAA 认证、德凯 DEKRA 认证等，公司产品质量得到了客户的广泛认可。 二、报告期内公司所处行业情况 电线电缆制造业是国民经济中最大的配套行业之一 ，在我国机械工业的细分行业中位居第二，是现,1,data/text/002692.SZ/2025/annual_report.txt,False
128,11,753,81.732639,87,213,126,True,1.0,1.0,0.275556,1.0,0.984375,9,0.992,002706.SZ,良信股份,Q_E_SO2_INTENSITY,二氧化硫排放强度,E,True,0,,,0,missing_candidate,extend_extraction_rules,0,disclosed_non_revenue_denominator,04-1 组织在位于或邻近保护区和保护区外的生物多样性丰富区 域拥有、租赁、管理的运营点 环境合规管理 205-3 经确认的腐败事件和采取的行动 商业道德 GRI 206：反竞争行为 2016 GRI 305：排放 2016 206-1 针对反竞争行为、反托拉斯和反垄断实践的法律诉讼 商业道德 305-1 直接（范围 1）温室气体排放 应对气候变化 GRI 207：税收 2019 305-2 能源间接（范围 2）温室气体排放 应对气候变化 207-1 税务方针 风险合规 305-4 温室气体排放强度 应对气候变化 207-2 税务治理、控制和风险管理 风险合规 305-5 温室气体减排量 应对气候变化 207-3 与税务关切相关的利益相关方参与及管理 风险合规 305-7 氮氧化物（NOx）、硫氧化物（SOx）和其他重大气体排 放 污染物排放 GRI 301：物料 2016 GRI 306：废弃物 2020 301-2 所用循环利用的进料 资源管理 306-1 废弃物的产生及废弃物相关重大影响 废弃物管理 301-3 再生产品及其包装材料 资源管理 306-2 废弃物相关重大影响的管理,2,data/text/002706.SZ/2025/annual_report.txt|data/text/002706.SZ/2025/esg_report.txt,False
129,11,754,81.732639,93,219,126,True,1.0,1.0,0.275556,1.0,0.984375,9,0.992,002709.SZ,天赐材料,Q_E_SO2_INTENSITY,二氧化硫排放强度,E,True,0,,,0,missing_candidate,extend_extraction_rules,0,related_disclosure_without_compatible_intensity,"，为新加坡天赐的全资子 公司。 朱尔夫莱斯费尔天赐 指 TINCI MATERIALS JORF LASFAR，为摩洛哥天赐的全资子公司。 韩国天赐 指 Tinci Materials Tech. Korea, Ltd.，为新加坡天赐的全资子公司。 津巴布韦天赐 指 TINCI LITHIUM RESOURCES ZIMBABWE (PRIVATE) LIMITED，为新 加坡天赐的全资子公司。 上海天赐 指 上海天赐高研新材料科技有限公司，为公司的全资子公司。 天赐高研 指 天赐高研（上海）电子有限公司，为公司的全资子公司。 天赐香精香料 指 广州天赐香精香料有限公司，为公司的控股子公司。 毛里求斯天赐 指 Tinci Minerals (Mauritius) Co., Ltd.，为新加坡天赐的全资子公司 广州天赐特种 指 广州天赐特种材料科技有限公司，为公司的全资子公司。 印尼天赐 指 PT TINCI MATERIALS INDONESIA，为新加坡天赐的控股子公司 日化材料及特种化学品 指 公司生产的日化材料及特种化学品主要有表面活性剂、硅油、水溶性聚 合物、阳离子调理剂等系列",1,data/text/002709.SZ/2025/annual_report.txt,False
130,11,755,81.732639,21,348,327,True,1.0,1.0,0.275556,1.0,0.984375,9,0.992,002850.SZ,科达利,Q_E_SO2_INTENSITY,二氧化硫排放强度,E,True,0,,,0,missing_candidate,extend_extraction_rules,0,no_matching_disclosure_in_text,,1,data/text/002850.SZ/2025/annual_report.txt,False
131,11,756,81.732639,97,217,120,True,1.0,1.0,0.275556,1.0,0.984375,9,0.992,002911.SZ,佛燃能源,Q_E_SO2_INTENSITY,二氧化硫排放强度,E,True,0,,,0,missing_candidate,extend_extraction_rules,0,related_disclosure_without_compatible_intensity,中化新加坡国际石油有限公司 碧辟（中国）、bp 中国 指 碧辟（中国）投资有限公司 切尼尔能源 指 切尼尔能源国际销售公司（有限责任 合伙） LNG 指 液化天然气（英文 Liquefied Natural Gas 的缩写），是在深度冷 冻条件下呈液态的天然气，体积为气 态的 1/600，便于运输 SOFC 指 固体氧化物燃料电池 SOEC 指 固体氧化物电解池 门站 指 接收上游长输管线气源并进行计量、 调压、过滤、加臭、检测的场站，是 城市天然气利用工程的进气口 调压站 指 调压计量站的简称，指将管道燃气进 行调压并分输计量的场站，是高压管 道连接次高压或中压管道之间的枢纽 LNG 储配站 指 具有将槽车、槽船运输的液态天然气 进行卸气、气化、调压、储存、计 量、加臭，并送入城镇燃气输配管道 功能的场站 5 === PAGE 6 === 佛燃能源集团股份有限公司 2025 年年度报告全文 第二节 公司简介和主要财务指标 一 、公司信息 股票简称 佛燃能源 股票代码 002911 变更前的股票简称（如有） 佛燃股份 股票上市证券交易所 深圳证券交易所 公司的中文名称 佛燃能源集团股份,1,data/text/002911.SZ/2025/annual_report.txt,False
132,11,757,81.732639,5,541,536,True,1.0,1.0,0.275556,1.0,0.984375,9,0.992,00353.HK,ENERGY INTINV,Q_E_SO2_INTENSITY,二氧化硫排放强度,E,True,0,,,0,missing_candidate,extend_extraction_rules,0,related_disclosure_without_compatible_intensity,ical Details of Directors 董事履歷詳情 13 Corporate Governance Report 企業管治報告 17 Report of the Directors 董事會報告 31 Independent Auditor’s Report 獨立核數師報告 53 Consolidated Income Statement 綜合收益表 62 Consolidated Statement of Comprehensive Income 綜合全面收入表 64 Consolidated Statement of Financial Position 綜合財務狀況表 65 Consolidated Statement of Changes in Equity 綜合權益變動表 67 Consolidated Statement of Cash Flows 綜合現金流量表 68 Notes to the Consolidated Financial Statements 綜合財務報表附註 70 能源國際投資控股有限公司 / 二零二四╱二五年年報 1 === PAGE 3,1,data/text/00353.HK/2025/annual_report.txt,False
133,11,758,81.732639,45,349,304,True,1.0,1.0,0.275556,1.0,0.984375,9,0.992,00384.HK,CHINA GAS HOLD,Q_E_SO2_INTENSITY,二氧化硫排放强度,E,True,0,,,0,missing_candidate,extend_extraction_rules,0,disclosed_foreign_currency_denominator,"ITY CONSERVATION During project construction, 3,102 green plants including boxwood and red-osier dogwood were protectively transplanted, and over 7,000 m² of turf was transplanted and restored ENVIRONMENTAL MANAGEMENT 110 project companies obtained ISO 14001 Environmental Management System certification GREEN OPERATION Methane emissions amounted to 14,617 tonnes, with an emission intensity of 0.147%, representing a decrease of 3,724 tonnes and 20.30% compared to the previous financial year GREEN",2,data/text/hkex_reports/00384.HK/2025/annual_report.txt|data/text/hkex_reports/00384.HK/2025/esg_report.txt,False
134,11,759,81.732639,13,358,345,True,1.0,1.0,0.275556,1.0,0.984375,9,0.992,00467.HK,UNITEDENERGY GP,Q_E_SO2_INTENSITY,二氧化硫排放强度,E,True,0,,,0,missing_candidate,extend_extraction_rules,0,ambiguous_intensity_disclosure,"ng GHG emissions • Evaluating new clean energy projects for 2026 and setting goals for clean energy use UEG’s climate commitments apply across the entire group, covering all operated assets and activities. The Company is committed to reducing both absolute and intensity GHG emissions on a gross emissions basis reflecting its dual focus on lowering total emissions while improving carbon eﬃciency. UEG reviews its climate target annually considering production forecast and energy-related capital an",2,data/text/hkex_reports/00467.HK/2025/annual_report.txt|data/text/hkex_reports/00467.HK/2025/esg_report.txt,False
135,11,760,81.732639,72,509,437,True,1.0,1.0,0.275556,1.0,0.984375,9,0.992,00554.HK,HANS GP HLDGS,Q_E_SO2_INTENSITY,二氧化硫排放强度,E,True,0,,,0,missing_candidate,extend_extraction_rules,0,related_disclosure_without_compatible_intensity,董事及高級管理人員簡歷 Corporate Governance Report 企業管治報告 Directors’ Report 董事報告 Independent Auditor’s Report 獨立核數師報告 105 106 107-108 109 110-111 112-231 232 Consolidated Income Statement 綜合損益表 Consolidated Statement of Comprehensive Income 綜合全面收益表 Consolidated Balance Sheet 綜合資產負債表 Consolidated Statement of Changes in Equity 綜合權益變動表 Consolidated Cash Flow Statement 綜合現金流量表 Notes to the Financial Statements 財務報表附註 Five Year Financial Summary 五年財務概要 === PAGE 3 === Corporate Information 公司資料 BOARD OF DIRECTO,2,data/text/hkex_reports/00554.HK/2025/annual_report.txt|data/text/hkex_reports/00554.HK/2025/esg_report.txt,False
136,11,761,81.732639,46,204,158,True,1.0,1.0,0.275556,1.0,0.984375,9,0.992,00579.HK,JNCEC,Q_E_SO2_INTENSITY,二氧化硫排放强度,E,True,0,,,0,missing_candidate,extend_extraction_rules,0,disclosed_non_revenue_denominator,"tions. Through continuous optimization of the energy mix, systematic improvement of energy efficiency, and active promotion of research, development and large-scale application of low-carbon technologies, the Company worked to reduce carbon emission intensity in energy production and service processes at the source. The Company not only supplied green electricity but also practiced in-depth emission reduction internally. All new projects adopted industry-leading low-carbon technical standards, a",2,data/text/hkex_reports/00579.HK/2025/annual_report.txt|data/text/hkex_reports/00579.HK/2025/esg_report.txt,False
137,11,762,81.732639,192,486,294,True,1.0,1.0,0.275556,1.0,0.984375,9,0.992,00600.HK,AXERA,Q_E_SO2_INTENSITY,二氧化硫排放强度,E,True,0,,,0,missing_candidate,extend_extraction_rules,0,disclosed_non_revenue_denominator,"ve energy consumption kWh 1,343,273.70 1,282,200.00 Purchased electricity kWh 1,305,397.38 1,282,200.00 Gasoline consumption liters 3,500.00 0 Electricity consumption per unit area kWh/unit area 123.88 165.7 Electricity consumption per capita kWh/person 1,989.94 1,834.44 Comprehensive energy consumption intensity kWh/revenue of RMB in thousand 2.39 2.71 72 Axera Semiconductor Co., Ltd. === PAGE 74 === Environmental, Social and Governance Report (Continued) We have established an energy-saving ta",1,data/text/hkex_reports/00600.HK/2025/annual_report.txt,False
138,11,763,81.732639,131,536,405,True,1.0,1.0,0.275556,1.0,0.984375,9,0.992,00607.HK,FULLSHARE,Q_E_SO2_INTENSITY,二氧化硫排放强度,E,True,0,,,0,missing_candidate,extend_extraction_rules,0,ambiguous_intensity_disclosure,"imate mitigation measures. Greenhouse gas emissions surge continuously, leading to a global temperature rise of approximately 4.4°C by 2100. This corresponds to dramatic changes in the climate system, with a significant increase in the frequency and intensity of extreme weather events. 39 === PAGE 41 === Fullshare Holdings Limited Environmental, Social and Governance Report 2025 Healthy Environment: Low-Carbon Operations, Green Development Type of risk Risk Factor Key Risk Drivers Extratropical ",2,data/text/hkex_reports/00607.HK/2025/annual_report.txt|data/text/hkex_reports/00607.HK/2025/esg_report.txt,False
139,11,764,81.732639,121,462,341,True,1.0,1.0,0.275556,1.0,0.984375,9,0.992,00632.HK,CHK OIL,Q_E_SO2_INTENSITY,二氧化硫排放强度,E,True,0,,,0,missing_candidate,extend_extraction_rules,0,disclosed_foreign_currency_denominator,"Oil Limited 21 === PAGE 23 === Environmental, Social and Governance Report The Group has actively adopted various green commuting options, such as carpooling and taking public transport to reduce its air emissions. During the Reporting Period, the intensities1 of nitrogen oxides (“NOX”), sulphur oxides (“SOX”) and particulate matter (“PM”) have increased from 2.09g/million HK$ revenue, 0.02g/million HK$ revenue and 0.13g/million HK$ revenue in 2024 to 5.73g/million HK$ revenue, 0.08g/million HK$",1,data/text/hkex_reports/00632.HK/2025/annual_report.txt,False
140,11,765,81.732639,27,501,474,True,1.0,1.0,0.275556,1.0,0.984375,9,0.992,00645.HK,ARES ASIA,Q_E_SO2_INTENSITY,二氧化硫排放强度,E,True,0,,,0,missing_candidate,extend_extraction_rules,0,ambiguous_intensity_disclosure,"t produce hazardous waste and the Group’s operations mainly generated office- related waste, which has an insignificant impact on the environment. For the year ended 31 March 2026, the Group generated total non-hazardous waste of 0.2 tonnes, with an intensity of 0.04 tonnes per person (2025: 0.2 tonnes; an intensity of 0.04 tonnes per person). 39 === PAGE 41 === Ares Asia Limited Annual Report 2025-2026 ENVIRONMENTAL, SOCIAL AND GOVERNANCE REPORT Resources Consumption For the year ended 31 March",1,data/text/hkex_reports/00645.HK/2025/annual_report.txt,False
141,11,766,81.732639,156,376,220,True,1.0,1.0,0.275556,1.0,0.984375,9,0.992,00650.HK,PRODUCTIVE TECH,Q_E_SO2_INTENSITY,二氧化硫排放强度,E,True,0,,,0,missing_candidate,extend_extraction_rules,0,disclosed_foreign_currency_denominator,"產生總量 emissions (t) （噸） 50.57 68.70 Waste plastic products (t) 廢塑料製品 （噸） 3.00 2.00 Waste packaging materials (t) 廢棄包裝材料 （噸） 0.67 2.20 Scrap metal (t) 廢棄的金屬 （噸） 0.80 1.00 Domestic waste (t) 生活垃圾 （噸） 45.60 63.50 Intensity of non-hazardous wastes 無害廢棄物產生密度 (kg/HK$’000 of revenue from （千克╱千港元銷售和 sales and service) 服務收入） 0.182 0.110 普達特科技有限公司 / 年報 2025 143 === PAGE 145 === ENVIRONMENTAL, SOCIAL AND GOVERNANCE REPORT 環境、社會及管治報告 H azard ous W ast e Hazardous wastes generated by the Group’s pan- semicond",1,data/text/00650.HK/2025/annual_report.txt,False
142,11,767,81.732639,29,232,203,True,1.0,1.0,0.275556,1.0,0.984375,9,0.992,00666.HK,REPT BATTERO,Q_E_SO2_INTENSITY,二氧化硫排放强度,E,True,0,,,0,missing_candidate,extend_extraction_rules,0,disclosed_non_revenue_denominator,"ironmental indicators will be steadily met. Monitoring data from the Wenzhou and Jiashan bases show that the exhaust gas and wastewater discharge compliance rate, hazardous waste entrusted disposal rate, and comprehensive utilization rate of general solid waste have all achieved 100%, effectively fulfilling their compliance commitment to environmental protection. 1. The emission intensity per unit of production only includes Scope 1 (direct emissions) + Scope 2 (indirect emissions) data 53 54 ==",2,data/text/hkex_reports/00666.HK/2025/annual_report.txt|data/text/hkex_reports/00666.HK/2025/esg_report.txt,False
143,11,768,81.732639,97,271,174,True,1.0,1.0,0.275556,1.0,0.984375,9,0.992,00686.HK,BJ ENERGY INTL,Q_E_SO2_INTENSITY,二氧化硫排放强度,E,True,0,,,0,missing_candidate,extend_extraction_rules,0,disclosed_non_revenue_denominator,"ated with our business, which include: 處理風險是保護及創造價值不可或缺的一個組 成部分。我們的業務專注於發電站及其他清潔 能源項目的開發、投資、營運及管理。了解可 再生能源行業的新興風險，並建立有效的緩解 措施，體現了我們對可持續發展業務的承諾。 我們識別出多項與我們的業務相關的風險，其 中包括： Weather and climate risk – Renewable energy power plants rely on the amount and intensity of natural resources, which are affected by weather and climate conditions. Adverse meteorological conditions could have a material impact on the power plant’s output and could result in generation of electricity below expected output, whic",2,data/text/hkex_reports/00686.HK/2025/annual_report.txt|data/text/hkex_reports/00686.HK/2025/esg_report.txt,False
144,11,769,81.732639,183,434,251,True,1.0,1.0,0.275556,1.0,0.984375,9,0.992,00704.HK,HUSCOKE HLDGS,Q_E_SO2_INTENSITY,二氧化硫排放强度,E,True,0,,,0,missing_candidate,extend_extraction_rules,0,ambiguous_intensity_disclosure,"5 as the base year 以二零二五年為基準年，到二零三零年將用電密度降低5% Water Consumption 用水 Reduce 5 % in water consumption intensity by 2030, using 2025 as the base year 以二零二五年為基準年，到二零三零年將用水密度降低5% Greenhouse Gas (“GHG”) Emissions 溫室氣體 （「溫室氣體」）排放 Reduce 5 % in GHG emissions intensity by 2030, using 2025 as the base year 以二零二五年為基準年，到二零三零年將溫室氣體排放密度降低5% ANNUAL REPORT 2024/25年報 67 === PAGE 69 === ENVIRONMENTAL, SOCIAL AND GOVERNANCE REPORT 環境、社會及管治報告 A. ENVIRONMENTAL The overall sustainability commitment of the Group reinfo",1,data/text/00704.HK/2025/annual_report.txt,False
145,11,770,81.732639,76,301,225,True,1.0,1.0,0.275556,1.0,0.984375,9,0.992,00819.HK,TIANNENG POWER,Q_E_SO2_INTENSITY,二氧化硫排放强度,E,True,0,,,0,missing_candidate,extend_extraction_rules,0,ambiguous_intensity_disclosure,"dium-ion Golden Tripod Award ""Sodium Battery Cell Technology Leadership Brand"" and ""Sodium Battery Downstream Application Pioneer Brand,"" refl ecting the phased achievements and industry recognition of this business layout. 固������破 Breakthroughs in Solid-State Battery Innovation 本集團推出的新一代固液混合電池產品在電動兩輪車領域 於安全性、能量密度、低溫適應性及充電效率等方面表現 突出，相關產品已進入送樣及小批量試銷階段。在無人機 與機器人領域，本集團開發的長循環壽命的電池解決方案， 正與行業重要客戶共同推進產品驗證與小批量銷售，持續 積累應用經驗。本集團通過參與二零二五年中國國際電池 技術交流會╱展覽會、二零二六年矽基負極與固態電池高 峰論壇（「論壇」）等行業盛會，發佈新品並開展專題交流， 持續提升品牌影響",2,data/text/hkex_reports/00819.HK/2025/annual_report.txt|data/text/hkex_reports/00819.HK/2025/esg_report.txt,False
146,11,771,81.732639,6,307,301,True,1.0,1.0,0.275556,1.0,0.984375,9,0.992,00836.HK,CHINA RES POWER,Q_E_SO2_INTENSITY,二氧化硫排放强度,E,True,0,,,0,missing_candidate,extend_extraction_rules,0,ambiguous_intensity_disclosure,"lobal public resources improves and investments in education and healthcare accelerate demographic transitions. Disparities between and within nations will diminish, and consumption patterns will be oriented toward low material growth with reduced resource and energy intensity. Rapid economic growth and globalization driven by carbon-intensive energies, high energy demand, and dependence on fossil fuels will lead to a sharp rise in emissions. Education and technology will be invested heavily, bu",2,data/text/hkex_reports/00836.HK/2025/annual_report.txt|data/text/hkex_reports/00836.HK/2025/esg_report.txt,False
147,11,772,81.732639,42,339,297,True,1.0,1.0,0.275556,1.0,0.984375,9,0.992,00866.HK,CHINA QINFA,Q_E_SO2_INTENSITY,二氧化硫排放强度,E,True,0,,,0,missing_candidate,extend_extraction_rules,0,ambiguous_intensity_disclosure,"the reuse of single-sided used non-important document paper for draft purposes. • 鼓勵無紙化辦公室實踐及電子化行政程序， 減少浪費紙張  鼓勵使用線上OA 系統  鼓勵雙面影印，嚴格限制非重要文件 的單面複印  鼓勵重用已使用非重要文件單面紙 作草擬用途。 114 China Qinfa Group Limited / 中國秦發集團有限公司 === PAGE 116 === ENVIRONMENTAL, SOCIAL AND GOVERNANCE REPORT 環境、社會及管治報告 2025 2024 二零二五年 二零二四年 Total hazardous waste (Tonnes) 有害廢棄物總量（ 噸） 822.76 797.60 Total hazardous waste intensity (Tonnes/employee) 有害廢棄物總密度（噸╱僱員） 0.20 0.22 Total non-hazardous waste (Tonnes) 無害廢棄物總量（ 噸） N/A1 不適用1 T",1,data/text/hkex_reports/00866.HK/2025/annual_report.txt,False
148,11,773,81.732639,41,316,275,True,1.0,1.0,0.275556,1.0,0.984375,9,0.992,00931.HK,CHINA HK POWER,Q_E_SO2_INTENSITY,二氧化硫排放强度,E,True,0,,,0,missing_candidate,extend_extraction_rules,0,ambiguous_intensity_disclosure,"he Market-Oriented Allocation System of Resources and Environmental Elements, proposing the improvement of trading systems for carbon emission rights, water rights, and pollution discharge rights by 2027. It advocates shifting the carbon market from intensity control to total volume control and exploring paid allocation of quotas. The document also requires establishing a credit system for trading markets, strictly penalizing data fraud and market manipulation, and strengthening financial suppor",1,data/text/00931.HK/2025/annual_report.txt,False
149,11,774,81.732639,19,248,229,True,1.0,1.0,0.275556,1.0,0.984375,9,0.992,00951.HK,CHAOWEI POWER,Q_E_SO2_INTENSITY,二氧化硫排放强度,E,True,0,,,0,missing_candidate,extend_extraction_rules,0,ambiguous_intensity_disclosure,"the parties jointly promoted the optimisation of material performance, providing key support for the industrialisation of next-generation high-performance and low-cost battery technologies. 本集團與復旦大學圍繞鈉離子電池關鍵材料開展產學研合作，重點聚焦補鋰劑與新型正極材料的研發，致力於 從材料源頭提升電池能量密度與循環壽命。雙方通過技術協同與實驗驗證，共同推動材料性能優化，為下一代 高性能、低成本電池技術的產業化落地提供關鍵支撐。 30 Chaowei Power Holdings Limited / Environmental, Social and Governance Report 2025 === PAGE 33 === 2. Pioneering with Vision and Leading the Future with Intelligence 銳意開拓，智領未來 As the Na",2,data/text/hkex_reports/00951.HK/2025/annual_report.txt|data/text/hkex_reports/00951.HK/2025/esg_report.txt,False
150,11,775,81.732639,80,422,342,True,1.0,1.0,0.275556,1.0,0.984375,9,0.992,01080.HK,SHENGLI PIPE,Q_E_SO2_INTENSITY,二氧化硫排放强度,E,True,0,,,0,missing_candidate,extend_extraction_rules,0,ambiguous_intensity_disclosure,"alculated based on Scope 1 and Scope 2 greenhouse gas emissions. In setting the targets, reference has been made to international climate agreements, peer cases and the Group's actual operations. ANNUAL REPORT 2025 59 === PAGE 62 === ENVIRONMENTAL, SOCIAL AND GOVERNANCE REPORT We reviewed the achievement of our environmental targets for the year. Compared to 2021, the intensity of greenhouse gas emissions, non-hazardous waste, energy consumption, and water usage have all decreased. However, the ",1,data/text/hkex_reports/01080.HK/2025/annual_report.txt,False
151,9,2479,70.420139,67,223,156,True,1.0,1.0,0.424444,0.0,0.980903,11,1.528,00002.HK,CLP HOLDINGS,Q_E_HAZ_WASTE_INTENSITY,危险固体废物排放强度,E,False,0,,,0,missing_candidate,extend_extraction_rules,2,related_fields_incomplete,,1,data/text/hkex_reports/00002.HK/2025/annual_report.txt,False
152,9,2480,70.420139,47,362,315,True,1.0,1.0,0.424444,0.0,0.980903,11,1.528,00003.HK,HK & CHINA GAS,Q_E_HAZ_WASTE_INTENSITY,危险固体废物排放强度,E,False,0,,,0,missing_candidate,extend_extraction_rules,2,related_fields_incomplete,,2,data/text/00003.HK/2025/annual_report.txt|data/text/hkex_reports/00003.HK/2025/esg_report.txt,False
153,9,2481,70.420139,54,439,385,True,1.0,1.0,0.424444,0.0,0.980903,11,1.528,00006.HK,POWER ASSETS,Q_E_HAZ_WASTE_INTENSITY,危险固体废物排放强度,E,False,0,,,0,missing_candidate,extend_extraction_rules,2,related_fields_incomplete,,2,data/text/hkex_reports/00006.HK/2025/annual_report.txt|data/text/hkex_reports/00006.HK/2025/esg_report.txt,False
154,9,2482,70.420139,109,289,180,True,1.0,1.0,0.424444,0.0,0.980903,11,1.528,000096.SZ,广聚能源,Q_E_HAZ_WASTE_INTENSITY,危险固体废物排放强度,E,False,0,,,0,missing_candidate,extend_extraction_rules,2,related_fields_incomplete,,1,data/text/000096.SZ/2025/annual_report.txt,False
155,9,2483,70.420139,44,375,331,True,1.0,1.0,0.424444,0.0,0.980903,11,1.528,000531.SZ,穗恒运Ａ,Q_E_HAZ_WASTE_INTENSITY,危险固体废物排放强度,E,False,0,,,0,missing_candidate,extend_extraction_rules,2,related_fields_incomplete,,2,data/text/000531.SZ/2025/annual_report.txt|data/text/000531.SZ/2025/esg_report.txt,False
156,9,2484,70.420139,164,395,231,True,1.0,1.0,0.424444,0.0,0.980903,11,1.528,000543.SZ,皖能电力,Q_E_HAZ_WASTE_INTENSITY,危险固体废物排放强度,E,False,0,,,0,missing_candidate,extend_extraction_rules,2,related_fields_incomplete,,2,data/text/000543.SZ/2025/annual_report.txt|data/text/000543.SZ/2025/esg_report.txt,False
157,9,2485,70.420139,190,483,293,True,1.0,1.0,0.424444,0.0,0.980903,11,1.528,000554.SZ,泰山石油,Q_E_HAZ_WASTE_INTENSITY,危险固体废物排放强度,E,False,0,,,0,missing_candidate,extend_extraction_rules,2,related_fields_incomplete,,2,data/text/000554.SZ/2025/annual_report.txt|data/text/000554.SZ/2025/esg_report.txt,False
158,9,2486,70.420139,152,419,267,True,1.0,1.0,0.424444,0.0,0.980903,11,1.528,000682.SZ,东方电子,Q_E_HAZ_WASTE_INTENSITY,危险固体废物排放强度,E,False,0,,,0,missing_candidate,extend_extraction_rules,2,related_fields_incomplete,,1,data/text/000682.SZ/2025/annual_report.txt,False
159,9,2487,70.420139,128,304,176,True,1.0,1.0,0.424444,0.0,0.980903,11,1.528,000791.SZ,甘肃能源,Q_E_HAZ_WASTE_INTENSITY,危险固体废物排放强度,E,False,0,,,0,missing_candidate,extend_extraction_rules,2,related_fields_incomplete,,2,data/text/000791.SZ/2025/annual_report.txt|data/text/000791.SZ/2025/esg_report.txt,False
160,9,2488,70.420139,135,324,189,True,1.0,1.0,0.424444,0.0,0.980903,11,1.528,001208.SZ,华菱线缆,Q_E_HAZ_WASTE_INTENSITY,危险固体废物排放强度,E,False,0,,,0,missing_candidate,extend_extraction_rules,2,related_fields_incomplete,,1,data/text/001208.SZ/2025/annual_report.txt,False
161,9,2489,70.420139,123,262,139,True,1.0,1.0,0.424444,0.0,0.980903,11,1.528,001258.SZ,立新能源,Q_E_HAZ_WASTE_INTENSITY,危险固体废物排放强度,E,False,0,,,0,missing_candidate,extend_extraction_rules,2,related_fields_incomplete,,1,data/text/001258.SZ/2025/annual_report.txt,False
162,9,2490,70.420139,113,244,131,True,1.0,1.0,0.424444,0.0,0.980903,11,1.528,001299.SZ,美能能源,Q_E_HAZ_WASTE_INTENSITY,危险固体废物排放强度,E,False,0,,,0,missing_candidate,extend_extraction_rules,2,related_fields_incomplete,,1,data/text/001299.SZ/2025/annual_report.txt,False
163,9,2491,70.420139,134,291,157,True,1.0,1.0,0.424444,0.0,0.980903,11,1.528,00182.HK,CONCORD NE,Q_E_HAZ_WASTE_INTENSITY,危险固体废物排放强度,E,False,0,,,0,missing_candidate,extend_extraction_rules,2,related_fields_incomplete,,2,data/text/hkex_reports/00182.HK/2025/annual_report.txt|data/text/hkex_reports/00182.HK/2025/esg_report.txt,False
164,9,2492,70.420139,23,293,270,True,1.0,1.0,0.424444,0.0,0.980903,11,1.528,002039.SZ,黔源电力,Q_E_HAZ_WASTE_INTENSITY,危险固体废物排放强度,E,False,0,,,0,missing_candidate,extend_extraction_rules,2,related_fields_incomplete,,1,data/text/002039.SZ/2025/annual_report.txt,False
165,9,2493,70.420139,26,375,349,True,1.0,1.0,0.424444,0.0,0.980903,11,1.528,002056.SZ,横店东磁,Q_E_HAZ_WASTE_INTENSITY,危险固体废物排放强度,E,False,0,,,0,missing_candidate,extend_extraction_rules,2,related_fields_incomplete,,1,data/text/002056.SZ/2025/annual_report.txt,False
166,9,2494,70.420139,114,357,243,True,1.0,1.0,0.424444,0.0,0.980903,11,1.528,00206.HK,CM-ENERGY,Q_E_HAZ_WASTE_INTENSITY,危险固体废物排放强度,E,False,0,,,0,missing_candidate,extend_extraction_rules,2,related_fields_incomplete,,1,data/text/hkex_reports/00206.HK/2025/annual_report.txt,False
167,9,2495,70.420139,165,278,113,True,1.0,1.0,0.424444,0.0,0.980903,11,1.528,002074.SZ,国轩高科,Q_E_HAZ_WASTE_INTENSITY,危险固体废物排放强度,E,False,0,,,0,missing_candidate,extend_extraction_rules,2,related_fields_incomplete,,1,data/text/002074.SZ/2025/annual_report.txt,False
168,9,2496,70.420139,197,312,115,True,1.0,1.0,0.424444,0.0,0.980903,11,1.528,002090.SZ,金智科技,Q_E_HAZ_WASTE_INTENSITY,危险固体废物排放强度,E,False,0,,,0,missing_candidate,extend_extraction_rules,2,related_fields_incomplete,,1,data/text/002090.SZ/2025/annual_report.txt,False
169,9,2497,70.420139,122,316,194,True,1.0,1.0,0.424444,0.0,0.980903,11,1.528,002276.SZ,万马股份,Q_E_HAZ_WASTE_INTENSITY,危险固体废物排放强度,E,False,0,,,0,missing_candidate,extend_extraction_rules,2,related_fields_incomplete,,1,data/text/002276.SZ/2025/annual_report.txt,False
170,9,2498,70.420139,172,365,193,True,1.0,1.0,0.424444,0.0,0.980903,11,1.528,00228.HK,CHINA ENERGY,Q_E_HAZ_WASTE_INTENSITY,危险固体废物排放强度,E,False,0,,,0,missing_candidate,extend_extraction_rules,2,related_fields_incomplete,,2,data/text/hkex_reports/00228.HK/2025/annual_report.txt|data/text/hkex_reports/00228.HK/2025/esg_report.txt,False
171,9,2499,70.420139,76,290,214,True,1.0,1.0,0.424444,0.0,0.980903,11,1.528,002335.SZ,科华数据,Q_E_HAZ_WASTE_INTENSITY,危险固体废物排放强度,E,False,0,,,0,missing_candidate,extend_extraction_rules,2,related_fields_incomplete,,1,data/text/002335.SZ/2025/annual_report.txt,False
172,9,2500,70.420139,96,366,270,True,1.0,1.0,0.424444,0.0,0.980903,11,1.528,002459.SZ,晶澳科技,Q_E_HAZ_WASTE_INTENSITY,危险固体废物排放强度,E,False,0,,,0,missing_candidate,extend_extraction_rules,2,related_fields_incomplete,,2,data/text/002459.SZ/2025/annual_report.txt|data/text/002459.SZ/2025/esg_report.txt,False
173,9,2501,70.420139,135,256,121,True,1.0,1.0,0.424444,0.0,0.980903,11,1.528,002479.SZ,富春环保,Q_E_HAZ_WASTE_INTENSITY,危险固体废物排放强度,E,False,0,,,0,missing_candidate,extend_extraction_rules,2,related_fields_incomplete,,1,data/text/002479.SZ/2025/annual_report.txt,False
174,9,2502,70.420139,178,287,109,True,1.0,1.0,0.424444,0.0,0.980903,11,1.528,002487.SZ,大金重工,Q_E_HAZ_WASTE_INTENSITY,危险固体废物排放强度,E,False,0,,,0,missing_candidate,extend_extraction_rules,2,related_fields_incomplete,,1,data/text/002487.SZ/2025/annual_report.txt,False
175,9,2503,70.420139,157,406,249,True,1.0,1.0,0.424444,0.0,0.980903,11,1.528,002506.SZ,协鑫集成,Q_E_HAZ_WASTE_INTENSITY,危险固体废物排放强度,E,False,0,,,0,missing_candidate,extend_extraction_rules,2,related_fields_incomplete,,2,data/text/002506.SZ/2025/annual_report.txt|data/text/002506.SZ/2025/esg_report.txt,False
176,9,2504,70.420139,174,367,193,True,1.0,1.0,0.424444,0.0,0.980903,11,1.528,002531.SZ,天顺风能,Q_E_HAZ_WASTE_INTENSITY,危险固体废物排放强度,E,False,0,,,0,missing_candidate,extend_extraction_rules,2,related_fields_incomplete,,2,data/text/002531.SZ/2025/annual_report.txt|data/text/002531.SZ/2025/esg_report.txt,False
177,9,2505,70.420139,150,441,291,True,1.0,1.0,0.424444,0.0,0.980903,11,1.528,002608.SZ,江苏国信,Q_E_HAZ_WASTE_INTENSITY,危险固体废物排放强度,E,False,0,,,0,missing_candidate,extend_extraction_rules,2,related_fields_incomplete,,1,data/text/002608.SZ/2025/annual_report.txt,False
178,9,2506,70.420139,129,386,257,True,1.0,1.0,0.424444,0.0,0.980903,11,1.528,002692.SZ,远程股份,Q_E_HAZ_WASTE_INTENSITY,危险固体废物排放强度,E,False,0,,,0,missing_candidate,extend_extraction_rules,2,related_fields_incomplete,,1,data/text/002692.SZ/2025/annual_report.txt,False
179,9,2507,70.420139,87,213,126,True,1.0,1.0,0.424444,0.0,0.980903,11,1.528,002706.SZ,良信股份,Q_E_HAZ_WASTE_INTENSITY,危险固体废物排放强度,E,False,0,,,0,missing_candidate,extend_extraction_rules,2,related_fields_incomplete,,2,data/text/002706.SZ/2025/annual_report.txt|data/text/002706.SZ/2025/esg_report.txt,False
180,9,2508,70.420139,93,219,126,True,1.0,1.0,0.424444,0.0,0.980903,11,1.528,002709.SZ,天赐材料,Q_E_HAZ_WASTE_INTENSITY,危险固体废物排放强度,E,False,0,,,0,missing_candidate,extend_extraction_rules,2,related_fields_incomplete,,1,data/text/002709.SZ/2025/annual_report.txt,False
181,9,2509,70.420139,21,348,327,True,1.0,1.0,0.424444,0.0,0.980903,11,1.528,002850.SZ,科达利,Q_E_HAZ_WASTE_INTENSITY,危险固体废物排放强度,E,False,0,,,0,missing_candidate,extend_extraction_rules,2,related_fields_incomplete,,1,data/text/002850.SZ/2025/annual_report.txt,False
182,9,2510,70.420139,97,217,120,True,1.0,1.0,0.424444,0.0,0.980903,11,1.528,002911.SZ,佛燃能源,Q_E_HAZ_WASTE_INTENSITY,危险固体废物排放强度,E,False,0,,,0,missing_candidate,extend_extraction_rules,2,related_fields_incomplete,,1,data/text/002911.SZ/2025/annual_report.txt,False
183,9,2511,70.420139,5,541,536,True,1.0,1.0,0.424444,0.0,0.980903,11,1.528,00353.HK,ENERGY INTINV,Q_E_HAZ_WASTE_INTENSITY,危险固体废物排放强度,E,False,0,,,0,missing_candidate,extend_extraction_rules,2,related_fields_incomplete,,1,data/text/00353.HK/2025/annual_report.txt,False
184,9,2512,70.420139,45,349,304,True,1.0,1.0,0.424444,0.0,0.980903,11,1.528,00384.HK,CHINA GAS HOLD,Q_E_HAZ_WASTE_INTENSITY,危险固体废物排放强度,E,False,0,,,0,missing_candidate,extend_extraction_rules,2,possible_hazardous_waste_revenue_closure,"revenue growth with agile market responsiveness and precise customer engagement. As the Group’s “second growth curve,” integrated energy serves as the key for achieving strategic transformation. The Group will continue to take technological innovation as its primary driver, concentrating resource advantage on the prioritization of the development of biomass energy projects, with focus on the high-value customer base such as energy intensive industries, industrial parks and data centers. The Grou",2,data/text/hkex_reports/00384.HK/2025/annual_report.txt|data/text/hkex_reports/00384.HK/2025/esg_report.txt,False
185,9,2513,70.420139,13,358,345,True,1.0,1.0,0.424444,0.0,0.980903,11,1.528,00467.HK,UNITEDENERGY GP,Q_E_HAZ_WASTE_INTENSITY,危险固体废物排放强度,E,False,0,,,0,missing_candidate,extend_extraction_rules,2,related_fields_incomplete,,2,data/text/hkex_reports/00467.HK/2025/annual_report.txt|data/text/hkex_reports/00467.HK/2025/esg_report.txt,False
186,9,2514,70.420139,72,509,437,True,1.0,1.0,0.424444,0.0,0.980903,11,1.528,00554.HK,HANS GP HLDGS,Q_E_HAZ_WASTE_INTENSITY,危险固体废物排放强度,E,False,0,,,0,missing_candidate,extend_extraction_rules,2,related_fields_incomplete,,2,data/text/hkex_reports/00554.HK/2025/annual_report.txt|data/text/hkex_reports/00554.HK/2025/esg_report.txt,False
187,9,2515,70.420139,46,204,158,True,1.0,1.0,0.424444,0.0,0.980903,11,1.528,00579.HK,JNCEC,Q_E_HAZ_WASTE_INTENSITY,危险固体废物排放强度,E,False,0,,,0,missing_candidate,extend_extraction_rules,2,related_fields_incomplete,,2,data/text/hkex_reports/00579.HK/2025/annual_report.txt|data/text/hkex_reports/00579.HK/2025/esg_report.txt,False
188,9,2516,70.420139,192,486,294,True,1.0,1.0,0.424444,0.0,0.980903,11,1.528,00600.HK,AXERA,Q_E_HAZ_WASTE_INTENSITY,危险固体废物排放强度,E,False,0,,,0,missing_candidate,extend_extraction_rules,2,related_fields_incomplete,,1,data/text/hkex_reports/00600.HK/2025/annual_report.txt,False
189,9,2517,70.420139,131,536,405,True,1.0,1.0,0.424444,0.0,0.980903,11,1.528,00607.HK,FULLSHARE,Q_E_HAZ_WASTE_INTENSITY,危险固体废物排放强度,E,False,0,,,0,missing_candidate,extend_extraction_rules,2,related_fields_incomplete,,2,data/text/hkex_reports/00607.HK/2025/annual_report.txt|data/text/hkex_reports/00607.HK/2025/esg_report.txt,False
190,9,2518,70.420139,121,462,341,True,1.0,1.0,0.424444,0.0,0.980903,11,1.528,00632.HK,CHK OIL,Q_E_HAZ_WASTE_INTENSITY,危险固体废物排放强度,E,False,0,,,0,missing_candidate,extend_extraction_rules,2,related_fields_incomplete,,1,data/text/hkex_reports/00632.HK/2025/annual_report.txt,False
191,9,2519,70.420139,27,501,474,True,1.0,1.0,0.424444,0.0,0.980903,11,1.528,00645.HK,ARES ASIA,Q_E_HAZ_WASTE_INTENSITY,危险固体废物排放强度,E,False,0,,,0,missing_candidate,extend_extraction_rules,2,possible_hazardous_waste_revenue_closure,"revenue of approximately US$7.0 million, representing an increase of approximately 112.1%, as compared with the previous financial year; and (ii) gross profit of approximately US$11,000, representing a decrease of approximately 89.1%, as compared with the previous financial year. The Group recorded a consolidated net loss attributable to shareholders of the Company (the “Shareholders”) of approximately US$0.7 million for the year ended 31 March 2026, representing a decrease of approximately 68.9",1,data/text/hkex_reports/00645.HK/2025/annual_report.txt,False
192,9,2520,70.420139,156,376,220,True,1.0,1.0,0.424444,0.0,0.980903,11,1.528,00650.HK,PRODUCTIVE TECH,Q_E_HAZ_WASTE_INTENSITY,危险固体废物排放强度,E,False,0,,,0,missing_candidate,extend_extraction_rules,2,related_fields_incomplete,,1,data/text/00650.HK/2025/annual_report.txt,False
193,9,2521,70.420139,29,232,203,True,1.0,1.0,0.424444,0.0,0.980903,11,1.528,00666.HK,REPT BATTERO,Q_E_HAZ_WASTE_INTENSITY,危险固体废物排放强度,E,False,0,,,0,missing_candidate,extend_extraction_rules,2,related_fields_incomplete,,2,data/text/hkex_reports/00666.HK/2025/annual_report.txt|data/text/hkex_reports/00666.HK/2025/esg_report.txt,False
194,9,2522,70.420139,97,271,174,True,1.0,1.0,0.424444,0.0,0.980903,11,1.528,00686.HK,BJ ENERGY INTL,Q_E_HAZ_WASTE_INTENSITY,危险固体废物排放强度,E,False,0,,,0,missing_candidate,extend_extraction_rules,2,related_fields_incomplete,,2,data/text/hkex_reports/00686.HK/2025/annual_report.txt|data/text/hkex_reports/00686.HK/2025/esg_report.txt,False
195,9,2523,70.420139,183,434,251,True,1.0,1.0,0.424444,0.0,0.980903,11,1.528,00704.HK,HUSCOKE HLDGS,Q_E_HAZ_WASTE_INTENSITY,危险固体废物排放强度,E,False,0,,,0,missing_candidate,extend_extraction_rules,2,related_fields_incomplete,,1,data/text/00704.HK/2025/annual_report.txt,False
196,9,2524,70.420139,76,301,225,True,1.0,1.0,0.424444,0.0,0.980903,11,1.528,00819.HK,TIANNENG POWER,Q_E_HAZ_WASTE_INTENSITY,危险固体废物排放强度,E,False,0,,,0,missing_candidate,extend_extraction_rules,2,related_fields_incomplete,,2,data/text/hkex_reports/00819.HK/2025/annual_report.txt|data/text/hkex_reports/00819.HK/2025/esg_report.txt,False
197,9,2525,70.420139,6,307,301,True,1.0,1.0,0.424444,0.0,0.980903,11,1.528,00836.HK,CHINA RES POWER,Q_E_HAZ_WASTE_INTENSITY,危险固体废物排放强度,E,False,0,,,0,missing_candidate,extend_extraction_rules,2,related_fields_incomplete,,2,data/text/hkex_reports/00836.HK/2025/annual_report.txt|data/text/hkex_reports/00836.HK/2025/esg_report.txt,False
198,9,2526,70.420139,42,339,297,True,1.0,1.0,0.424444,0.0,0.980903,11,1.528,00866.HK,CHINA QINFA,Q_E_HAZ_WASTE_INTENSITY,危险固体废物排放强度,E,False,0,,,0,missing_candidate,extend_extraction_rules,2,related_fields_incomplete,,1,data/text/hkex_reports/00866.HK/2025/annual_report.txt,False
199,9,2527,70.420139,41,316,275,True,1.0,1.0,0.424444,0.0,0.980903,11,1.528,00931.HK,CHINA HK POWER,Q_E_HAZ_WASTE_INTENSITY,危险固体废物排放强度,E,False,0,,,0,missing_candidate,extend_extraction_rules,2,related_fields_incomplete,,1,data/text/00931.HK/2025/annual_report.txt,False
200,9,2528,70.420139,19,248,229,True,1.0,1.0,0.424444,0.0,0.980903,11,1.528,00951.HK,CHAOWEI POWER,Q_E_HAZ_WASTE_INTENSITY,危险固体废物排放强度,E,False,0,,,0,missing_candidate,extend_extraction_rules,2,related_fields_incomplete,,2,data/text/hkex_reports/00951.HK/2025/annual_report.txt|data/text/hkex_reports/00951.HK/2025/esg_report.txt,False
201,9,3332,66.697917,67,223,156,True,1.0,1.0,0.275556,0.0,0.980903,11,0.992,00002.HK,CLP HOLDINGS,Q_E_PM_INTENSITY,颗粒物排放强度,E,False,0,,,0,missing_candidate,extend_extraction_rules,2,requires_specialized_environmental_diagnostic,,1,data/text/hkex_reports/00002.HK/2025/annual_report.txt,False
202,9,3333,66.697917,47,362,315,True,1.0,1.0,0.275556,0.0,0.980903,11,0.992,00003.HK,HK & CHINA GAS,Q_E_PM_INTENSITY,颗粒物排放强度,E,False,0,,,0,missing_candidate,extend_extraction_rules,2,requires_specialized_environmental_diagnostic,,2,data/text/00003.HK/2025/annual_report.txt|data/text/hkex_reports/00003.HK/2025/esg_report.txt,False
203,9,3334,66.697917,54,439,385,True,1.0,1.0,0.275556,0.0,0.980903,11,0.992,00006.HK,POWER ASSETS,Q_E_PM_INTENSITY,颗粒物排放强度,E,False,0,,,0,missing_candidate,extend_extraction_rules,2,requires_specialized_environmental_diagnostic,,2,data/text/hkex_reports/00006.HK/2025/annual_report.txt|data/text/hkex_reports/00006.HK/2025/esg_report.txt,False
204,9,3335,66.697917,109,289,180,True,1.0,1.0,0.275556,0.0,0.980903,11,0.992,000096.SZ,广聚能源,Q_E_PM_INTENSITY,颗粒物排放强度,E,False,0,,,0,missing_candidate,extend_extraction_rules,2,requires_specialized_environmental_diagnostic,,1,data/text/000096.SZ/2025/annual_report.txt,False
205,9,3336,66.697917,164,395,231,True,1.0,1.0,0.275556,0.0,0.980903,11,0.992,000543.SZ,皖能电力,Q_E_PM_INTENSITY,颗粒物排放强度,E,False,0,,,0,missing_candidate,extend_extraction_rules,2,requires_specialized_environmental_diagnostic,,2,data/text/000543.SZ/2025/annual_report.txt|data/text/000543.SZ/2025/esg_report.txt,False
206,9,3337,66.697917,190,483,293,True,1.0,1.0,0.275556,0.0,0.980903,11,0.992,000554.SZ,泰山石油,Q_E_PM_INTENSITY,颗粒物排放强度,E,False,0,,,0,missing_candidate,extend_extraction_rules,2,requires_specialized_environmental_diagnostic,,2,data/text/000554.SZ/2025/annual_report.txt|data/text/000554.SZ/2025/esg_report.txt,False
207,9,3338,66.697917,152,419,267,True,1.0,1.0,0.275556,0.0,0.980903,11,0.992,000682.SZ,东方电子,Q_E_PM_INTENSITY,颗粒物排放强度,E,False,0,,,0,missing_candidate,extend_extraction_rules,2,requires_specialized_environmental_diagnostic,,1,data/text/000682.SZ/2025/annual_report.txt,False
208,9,3339,66.697917,128,304,176,True,1.0,1.0,0.275556,0.0,0.980903,11,0.992,000791.SZ,甘肃能源,Q_E_PM_INTENSITY,颗粒物排放强度,E,False,0,,,0,missing_candidate,extend_extraction_rules,2,requires_specialized_environmental_diagnostic,,2,data/text/000791.SZ/2025/annual_report.txt|data/text/000791.SZ/2025/esg_report.txt,False
209,9,3340,66.697917,135,324,189,True,1.0,1.0,0.275556,0.0,0.980903,11,0.992,001208.SZ,华菱线缆,Q_E_PM_INTENSITY,颗粒物排放强度,E,False,0,,,0,missing_candidate,extend_extraction_rules,2,requires_specialized_environmental_diagnostic,,1,data/text/001208.SZ/2025/annual_report.txt,False
210,9,3341,66.697917,123,262,139,True,1.0,1.0,0.275556,0.0,0.980903,11,0.992,001258.SZ,立新能源,Q_E_PM_INTENSITY,颗粒物排放强度,E,False,0,,,0,missing_candidate,extend_extraction_rules,2,requires_specialized_environmental_diagnostic,,1,data/text/001258.SZ/2025/annual_report.txt,False
211,9,3342,66.697917,113,244,131,True,1.0,1.0,0.275556,0.0,0.980903,11,0.992,001299.SZ,美能能源,Q_E_PM_INTENSITY,颗粒物排放强度,E,False,0,,,0,missing_candidate,extend_extraction_rules,2,requires_specialized_environmental_diagnostic,,1,data/text/001299.SZ/2025/annual_report.txt,False
212,9,3343,66.697917,134,291,157,True,1.0,1.0,0.275556,0.0,0.980903,11,0.992,00182.HK,CONCORD NE,Q_E_PM_INTENSITY,颗粒物排放强度,E,False,0,,,0,missing_candidate,extend_extraction_rules,2,requires_specialized_environmental_diagnostic,,2,data/text/hkex_reports/00182.HK/2025/annual_report.txt|data/text/hkex_reports/00182.HK/2025/esg_report.txt,False
213,9,3344,66.697917,23,293,270,True,1.0,1.0,0.275556,0.0,0.980903,11,0.992,002039.SZ,黔源电力,Q_E_PM_INTENSITY,颗粒物排放强度,E,False,0,,,0,missing_candidate,extend_extraction_rules,2,requires_specialized_environmental_diagnostic,,1,data/text/002039.SZ/2025/annual_report.txt,False
214,9,3345,66.697917,26,375,349,True,1.0,1.0,0.275556,0.0,0.980903,11,0.992,002056.SZ,横店东磁,Q_E_PM_INTENSITY,颗粒物排放强度,E,False,0,,,0,missing_candidate,extend_extraction_rules,2,requires_specialized_environmental_diagnostic,,1,data/text/002056.SZ/2025/annual_report.txt,False
215,9,3346,66.697917,114,357,243,True,1.0,1.0,0.275556,0.0,0.980903,11,0.992,00206.HK,CM-ENERGY,Q_E_PM_INTENSITY,颗粒物排放强度,E,False,0,,,0,missing_candidate,extend_extraction_rules,2,requires_specialized_environmental_diagnostic,,1,data/text/hkex_reports/00206.HK/2025/annual_report.txt,False
216,9,3347,66.697917,165,278,113,True,1.0,1.0,0.275556,0.0,0.980903,11,0.992,002074.SZ,国轩高科,Q_E_PM_INTENSITY,颗粒物排放强度,E,False,0,,,0,missing_candidate,extend_extraction_rules,2,requires_specialized_environmental_diagnostic,,1,data/text/002074.SZ/2025/annual_report.txt,False
217,9,3348,66.697917,197,312,115,True,1.0,1.0,0.275556,0.0,0.980903,11,0.992,002090.SZ,金智科技,Q_E_PM_INTENSITY,颗粒物排放强度,E,False,0,,,0,missing_candidate,extend_extraction_rules,2,requires_specialized_environmental_diagnostic,,1,data/text/002090.SZ/2025/annual_report.txt,False
218,9,3349,66.697917,122,316,194,True,1.0,1.0,0.275556,0.0,0.980903,11,0.992,002276.SZ,万马股份,Q_E_PM_INTENSITY,颗粒物排放强度,E,False,0,,,0,missing_candidate,extend_extraction_rules,2,requires_specialized_environmental_diagnostic,,1,data/text/002276.SZ/2025/annual_report.txt,False
219,9,3350,66.697917,172,365,193,True,1.0,1.0,0.275556,0.0,0.980903,11,0.992,00228.HK,CHINA ENERGY,Q_E_PM_INTENSITY,颗粒物排放强度,E,False,0,,,0,missing_candidate,extend_extraction_rules,2,requires_specialized_environmental_diagnostic,,2,data/text/hkex_reports/00228.HK/2025/annual_report.txt|data/text/hkex_reports/00228.HK/2025/esg_report.txt,False
220,9,3351,66.697917,76,290,214,True,1.0,1.0,0.275556,0.0,0.980903,11,0.992,002335.SZ,科华数据,Q_E_PM_INTENSITY,颗粒物排放强度,E,False,0,,,0,missing_candidate,extend_extraction_rules,2,requires_specialized_environmental_diagnostic,,1,data/text/002335.SZ/2025/annual_report.txt,False
221,9,3352,66.697917,96,366,270,True,1.0,1.0,0.275556,0.0,0.980903,11,0.992,002459.SZ,晶澳科技,Q_E_PM_INTENSITY,颗粒物排放强度,E,False,0,,,0,missing_candidate,extend_extraction_rules,2,requires_specialized_environmental_diagnostic,,2,data/text/002459.SZ/2025/annual_report.txt|data/text/002459.SZ/2025/esg_report.txt,False
222,9,3353,66.697917,135,256,121,True,1.0,1.0,0.275556,0.0,0.980903,11,0.992,002479.SZ,富春环保,Q_E_PM_INTENSITY,颗粒物排放强度,E,False,0,,,0,missing_candidate,extend_extraction_rules,2,requires_specialized_environmental_diagnostic,,1,data/text/002479.SZ/2025/annual_report.txt,False
223,9,3354,66.697917,178,287,109,True,1.0,1.0,0.275556,0.0,0.980903,11,0.992,002487.SZ,大金重工,Q_E_PM_INTENSITY,颗粒物排放强度,E,False,0,,,0,missing_candidate,extend_extraction_rules,2,requires_specialized_environmental_diagnostic,,1,data/text/002487.SZ/2025/annual_report.txt,False
224,9,3355,66.697917,174,367,193,True,1.0,1.0,0.275556,0.0,0.980903,11,0.992,002531.SZ,天顺风能,Q_E_PM_INTENSITY,颗粒物排放强度,E,False,0,,,0,missing_candidate,extend_extraction_rules,2,requires_specialized_environmental_diagnostic,,2,data/text/002531.SZ/2025/annual_report.txt|data/text/002531.SZ/2025/esg_report.txt,False
225,9,3356,66.697917,150,441,291,True,1.0,1.0,0.275556,0.0,0.980903,11,0.992,002608.SZ,江苏国信,Q_E_PM_INTENSITY,颗粒物排放强度,E,False,0,,,0,missing_candidate,extend_extraction_rules,2,requires_specialized_environmental_diagnostic,,1,data/text/002608.SZ/2025/annual_report.txt,False
226,9,3357,66.697917,129,386,257,True,1.0,1.0,0.275556,0.0,0.980903,11,0.992,002692.SZ,远程股份,Q_E_PM_INTENSITY,颗粒物排放强度,E,False,0,,,0,missing_candidate,extend_extraction_rules,2,requires_specialized_environmental_diagnostic,,1,data/text/002692.SZ/2025/annual_report.txt,False
227,9,3358,66.697917,87,213,126,True,1.0,1.0,0.275556,0.0,0.980903,11,0.992,002706.SZ,良信股份,Q_E_PM_INTENSITY,颗粒物排放强度,E,False,0,,,0,missing_candidate,extend_extraction_rules,2,requires_specialized_environmental_diagnostic,,2,data/text/002706.SZ/2025/annual_report.txt|data/text/002706.SZ/2025/esg_report.txt,False
228,9,3359,66.697917,93,219,126,True,1.0,1.0,0.275556,0.0,0.980903,11,0.992,002709.SZ,天赐材料,Q_E_PM_INTENSITY,颗粒物排放强度,E,False,0,,,0,missing_candidate,extend_extraction_rules,2,requires_specialized_environmental_diagnostic,,1,data/text/002709.SZ/2025/annual_report.txt,False
229,9,3360,66.697917,21,348,327,True,1.0,1.0,0.275556,0.0,0.980903,11,0.992,002850.SZ,科达利,Q_E_PM_INTENSITY,颗粒物排放强度,E,False,0,,,0,missing_candidate,extend_extraction_rules,2,requires_specialized_environmental_diagnostic,,1,data/text/002850.SZ/2025/annual_report.txt,False
230,9,3361,66.697917,97,217,120,True,1.0,1.0,0.275556,0.0,0.980903,11,0.992,002911.SZ,佛燃能源,Q_E_PM_INTENSITY,颗粒物排放强度,E,False,0,,,0,missing_candidate,extend_extraction_rules,2,requires_specialized_environmental_diagnostic,,1,data/text/002911.SZ/2025/annual_report.txt,False
231,9,3362,66.697917,5,541,536,True,1.0,1.0,0.275556,0.0,0.980903,11,0.992,00353.HK,ENERGY INTINV,Q_E_PM_INTENSITY,颗粒物排放强度,E,False,0,,,0,missing_candidate,extend_extraction_rules,2,requires_specialized_environmental_diagnostic,,1,data/text/00353.HK/2025/annual_report.txt,False
232,9,3363,66.697917,45,349,304,True,1.0,1.0,0.275556,0.0,0.980903,11,0.992,00384.HK,CHINA GAS HOLD,Q_E_PM_INTENSITY,颗粒物排放强度,E,False,0,,,0,missing_candidate,extend_extraction_rules,2,requires_specialized_environmental_diagnostic,,2,data/text/hkex_reports/00384.HK/2025/annual_report.txt|data/text/hkex_reports/00384.HK/2025/esg_report.txt,False
233,9,3364,66.697917,13,358,345,True,1.0,1.0,0.275556,0.0,0.980903,11,0.992,00467.HK,UNITEDENERGY GP,Q_E_PM_INTENSITY,颗粒物排放强度,E,False,0,,,0,missing_candidate,extend_extraction_rules,2,requires_specialized_environmental_diagnostic,,2,data/text/hkex_reports/00467.HK/2025/annual_report.txt|data/text/hkex_reports/00467.HK/2025/esg_report.txt,False
234,9,3365,66.697917,72,509,437,True,1.0,1.0,0.275556,0.0,0.980903,11,0.992,00554.HK,HANS GP HLDGS,Q_E_PM_INTENSITY,颗粒物排放强度,E,False,0,,,0,missing_candidate,extend_extraction_rules,2,requires_specialized_environmental_diagnostic,,2,data/text/hkex_reports/00554.HK/2025/annual_report.txt|data/text/hkex_reports/00554.HK/2025/esg_report.txt,False
235,9,3366,66.697917,46,204,158,True,1.0,1.0,0.275556,0.0,0.980903,11,0.992,00579.HK,JNCEC,Q_E_PM_INTENSITY,颗粒物排放强度,E,False,0,,,0,missing_candidate,extend_extraction_rules,2,requires_specialized_environmental_diagnostic,,2,data/text/hkex_reports/00579.HK/2025/annual_report.txt|data/text/hkex_reports/00579.HK/2025/esg_report.txt,False
236,9,3367,66.697917,192,486,294,True,1.0,1.0,0.275556,0.0,0.980903,11,0.992,00600.HK,AXERA,Q_E_PM_INTENSITY,颗粒物排放强度,E,False,0,,,0,missing_candidate,extend_extraction_rules,2,requires_specialized_environmental_diagnostic,,1,data/text/hkex_reports/00600.HK/2025/annual_report.txt,False
237,9,3368,66.697917,131,536,405,True,1.0,1.0,0.275556,0.0,0.980903,11,0.992,00607.HK,FULLSHARE,Q_E_PM_INTENSITY,颗粒物排放强度,E,False,0,,,0,missing_candidate,extend_extraction_rules,2,requires_specialized_environmental_diagnostic,,2,data/text/hkex_reports/00607.HK/2025/annual_report.txt|data/text/hkex_reports/00607.HK/2025/esg_report.txt,False
238,9,3369,66.697917,121,462,341,True,1.0,1.0,0.275556,0.0,0.980903,11,0.992,00632.HK,CHK OIL,Q_E_PM_INTENSITY,颗粒物排放强度,E,False,0,,,0,missing_candidate,extend_extraction_rules,2,requires_specialized_environmental_diagnostic,,1,data/text/hkex_reports/00632.HK/2025/annual_report.txt,False
239,9,3370,66.697917,27,501,474,True,1.0,1.0,0.275556,0.0,0.980903,11,0.992,00645.HK,ARES ASIA,Q_E_PM_INTENSITY,颗粒物排放强度,E,False,0,,,0,missing_candidate,extend_extraction_rules,2,requires_specialized_environmental_diagnostic,,1,data/text/hkex_reports/00645.HK/2025/annual_report.txt,False
240,9,3371,66.697917,156,376,220,True,1.0,1.0,0.275556,0.0,0.980903,11,0.992,00650.HK,PRODUCTIVE TECH,Q_E_PM_INTENSITY,颗粒物排放强度,E,False,0,,,0,missing_candidate,extend_extraction_rules,2,requires_specialized_environmental_diagnostic,,1,data/text/00650.HK/2025/annual_report.txt,False
241,9,3372,66.697917,29,232,203,True,1.0,1.0,0.275556,0.0,0.980903,11,0.992,00666.HK,REPT BATTERO,Q_E_PM_INTENSITY,颗粒物排放强度,E,False,0,,,0,missing_candidate,extend_extraction_rules,2,requires_specialized_environmental_diagnostic,,2,data/text/hkex_reports/00666.HK/2025/annual_report.txt|data/text/hkex_reports/00666.HK/2025/esg_report.txt,False
242,9,3373,66.697917,97,271,174,True,1.0,1.0,0.275556,0.0,0.980903,11,0.992,00686.HK,BJ ENERGY INTL,Q_E_PM_INTENSITY,颗粒物排放强度,E,False,0,,,0,missing_candidate,extend_extraction_rules,2,requires_specialized_environmental_diagnostic,,2,data/text/hkex_reports/00686.HK/2025/annual_report.txt|data/text/hkex_reports/00686.HK/2025/esg_report.txt,False
243,9,3374,66.697917,183,434,251,True,1.0,1.0,0.275556,0.0,0.980903,11,0.992,00704.HK,HUSCOKE HLDGS,Q_E_PM_INTENSITY,颗粒物排放强度,E,False,0,,,0,missing_candidate,extend_extraction_rules,2,requires_specialized_environmental_diagnostic,,1,data/text/00704.HK/2025/annual_report.txt,False
244,9,3375,66.697917,76,301,225,True,1.0,1.0,0.275556,0.0,0.980903,11,0.992,00819.HK,TIANNENG POWER,Q_E_PM_INTENSITY,颗粒物排放强度,E,False,0,,,0,missing_candidate,extend_extraction_rules,2,requires_specialized_environmental_diagnostic,,2,data/text/hkex_reports/00819.HK/2025/annual_report.txt|data/text/hkex_reports/00819.HK/2025/esg_report.txt,False
245,9,3376,66.697917,6,307,301,True,1.0,1.0,0.275556,0.0,0.980903,11,0.992,00836.HK,CHINA RES POWER,Q_E_PM_INTENSITY,颗粒物排放强度,E,False,0,,,0,missing_candidate,extend_extraction_rules,2,requires_specialized_environmental_diagnostic,,2,data/text/hkex_reports/00836.HK/2025/annual_report.txt|data/text/hkex_reports/00836.HK/2025/esg_report.txt,False
246,9,3377,66.697917,42,339,297,True,1.0,1.0,0.275556,0.0,0.980903,11,0.992,00866.HK,CHINA QINFA,Q_E_PM_INTENSITY,颗粒物排放强度,E,False,0,,,0,missing_candidate,extend_extraction_rules,2,requires_specialized_environmental_diagnostic,,1,data/text/hkex_reports/00866.HK/2025/annual_report.txt,False
247,9,3378,66.697917,41,316,275,True,1.0,1.0,0.275556,0.0,0.980903,11,0.992,00931.HK,CHINA HK POWER,Q_E_PM_INTENSITY,颗粒物排放强度,E,False,0,,,0,missing_candidate,extend_extraction_rules,2,requires_specialized_environmental_diagnostic,,1,data/text/00931.HK/2025/annual_report.txt,False
248,9,3379,66.697917,19,248,229,True,1.0,1.0,0.275556,0.0,0.980903,11,0.992,00951.HK,CHAOWEI POWER,Q_E_PM_INTENSITY,颗粒物排放强度,E,False,0,,,0,missing_candidate,extend_extraction_rules,2,requires_specialized_environmental_diagnostic,,2,data/text/hkex_reports/00951.HK/2025/annual_report.txt|data/text/hkex_reports/00951.HK/2025/esg_report.txt,False
249,9,3380,66.697917,80,422,342,True,1.0,1.0,0.275556,0.0,0.980903,11,0.992,01080.HK,SHENGLI PIPE,Q_E_PM_INTENSITY,颗粒物排放强度,E,False,0,,,0,missing_candidate,extend_extraction_rules,2,requires_specialized_environmental_diagnostic,,1,data/text/hkex_reports/01080.HK/2025/annual_report.txt,False
250,9,3381,66.697917,7,426,419,True,1.0,1.0,0.275556,0.0,0.980903,11,0.992,01083.HK,TG SMART ENERGY,Q_E_PM_INTENSITY,颗粒物排放强度,E,False,0,,,0,missing_candidate,extend_extraction_rules,2,requires_specialized_environmental_diagnostic,,2,data/text/hkex_reports/01083.HK/2025/annual_report.txt|data/text/hkex_reports/01083.HK/2025/esg_report.txt,False
251,3,889,81.59375,67,223,156,True,1.0,1.0,0.275556,1.0,0.970486,17,0.992,00002.HK,CLP HOLDINGS,Q_E_NOX_INTENSITY,氮氧化物排放强度,E,True,0,,,0,missing_candidate,extend_extraction_rules,0,related_disclosure_without_compatible_intensity,"on to decarbonisation, CLP has been strengthening efforts to cut air emissions and improve water and waste management. The Group reduced emissions of nitrogen oxides (NOx), sulphur dioxide (SO2) and particulate matter (PM) in 2025 by 12%, 0.2% and 14% respectively from 2024 due to diversification of fuel mix and improved air emissions controls for its generation assets across Hong Kong, the Chinese Mainland and Australia. CLP achieved its 2025 air emissions reduction targets and will focus on fu",1,data/text/hkex_reports/00002.HK/2025/annual_report.txt,False
252,3,890,81.59375,47,362,315,True,1.0,1.0,0.275556,1.0,0.970486,17,0.992,00003.HK,HK & CHINA GAS,Q_E_NOX_INTENSITY,氮氧化物排放强度,E,True,0,,,0,missing_candidate,extend_extraction_rules,0,related_disclosure_without_compatible_intensity,"Centred on multi-dimensional protection and precise early warning, this ecosystem encompasses foundational products such as gas, smoke, and carbon monoxide alarms. Furthermore, it has expanded into the smart fire protection series, relying on the AIoT platform to achieve smart monitoring and proactive alerts. By the end of 2025, the alarm monitoring platform had been adopted by over 70 enterprises, with revenue from home safety solutions recording a 10% year-on-year growth. In 2025, Towngas Life",2,data/text/00003.HK/2025/annual_report.txt|data/text/hkex_reports/00003.HK/2025/esg_report.txt,False
253,3,891,81.59375,54,439,385,True,1.0,1.0,0.275556,1.0,0.970486,17,0.992,00006.HK,POWER ASSETS,Q_E_NOX_INTENSITY,氮氧化物排放强度,E,True,0,,,0,missing_candidate,extend_extraction_rules,0,related_disclosure_without_compatible_intensity,"for customer satisfaction, NGN is one of the eight gas distribution networks in the UK. An NGN engineer explains to a customer the risks of carbon monoxide (CO) exposure and the importance of installing a CO alarm at home. In 2025, NGN achieved a throughput of 56,072 GWh (2024: 58,689 GWh) and a consistently high level of customer satisfaction. According to Ofgem survey scores, customer satisfaction remained strong, with an average score of 9.35 out of 10.0 across planned, repair and new connect",2,data/text/hkex_reports/00006.HK/2025/annual_report.txt|data/text/hkex_reports/00006.HK/2025/esg_report.txt,False
254,3,892,81.59375,109,289,180,True,1.0,1.0,0.275556,1.0,0.970486,17,0.992,000096.SZ,广聚能源,Q_E_NOX_INTENSITY,氮氧化物排放强度,E,True,0,,,0,missing_candidate,extend_extraction_rules,0,no_matching_disclosure_in_text,,1,data/text/000096.SZ/2025/annual_report.txt,False
255,3,893,81.59375,164,395,231,True,1.0,1.0,0.275556,1.0,0.970486,17,0.992,000543.SZ,皖能电力,Q_E_NOX_INTENSITY,氮氧化物排放强度,E,True,0,,,0,missing_candidate,extend_extraction_rules,0,ambiguous_intensity_disclosure,"煤电机组节能降碳改造、灵活性改造、集中供热改造“三改联动”，持续提升 清洁生产水平。 运输污染防控 燃料运输采用皮带和火车方式。 对于灰渣、石膏及石粉等物料的运输车辆，新签约用户须使用国六标准车辆，原有用户车 辆须符合国五及以上排放标准。 入厂非道路移动机械（包括挖掘机、起重机、推土机、装载机、叉车等）须持有环保部门核 发的环保登记编码。 积极向运输单位宣贯柴油车尾气深度治理工作方案，有效推动国四、国五重中型柴油车 深度治理工作落实。 大气污染物排放信息 污染物名称 年度排放总量（吨） 排放强度（吨/百万营收） 案例 颗粒物 771.11 0.03 氮氧化物 9,437.47 0.35 淮北国安公司机组超净排放改造助力蓝天保卫战 二氧化硫 4,505.06 0.16 挥发性有机物 3.16 0.0001 2025年10月，淮北国安公司1号机组一次性并网成 功，该公司“脱硫提效”“超净排放”“运行灵活性”三 大改造项目全面完成。改造后，机组烟尘、二氧化硫、 氮氧化物排放浓度得到稳定控制，污染物排放总量 同比下降60%。 汞及其化合物 2.86 0.0001 一氧化碳 83.11 0.",2,data/text/000543.SZ/2025/annual_report.txt|data/text/000543.SZ/2025/esg_report.txt,False
256,3,894,81.59375,190,483,293,True,1.0,1.0,0.275556,1.0,0.970486,17,0.992,000554.SZ,泰山石油,Q_E_NOX_INTENSITY,氮氧化物排放强度,E,True,0,,,0,missing_candidate,extend_extraction_rules,0,no_matching_disclosure_in_text,,2,data/text/000554.SZ/2025/annual_report.txt|data/text/000554.SZ/2025/esg_report.txt,False
257,3,895,81.59375,152,419,267,True,1.0,1.0,0.275556,1.0,0.970486,17,0.992,000682.SZ,东方电子,Q_E_NOX_INTENSITY,氮氧化物排放强度,E,True,0,,,0,missing_candidate,extend_extraction_rules,0,no_matching_disclosure_in_text,,1,data/text/000682.SZ/2025/annual_report.txt,False
258,3,896,81.59375,128,304,176,True,1.0,1.0,0.275556,1.0,0.970486,17,0.992,000791.SZ,甘肃能源,Q_E_NOX_INTENSITY,氮氧化物排放强度,E,True,0,,,0,missing_candidate,extend_extraction_rules,0,related_disclosure_without_compatible_intensity,"排放口 数量 排放 口分 排放浓 度/强 执行的污染物排放 标准 排放总量 核定的排放总量 超标排 放情况 50 === PAGE 51 === 甘肃电投能源发展股份有限公司 2025 年年度报告全文 公司 名称 污染物的 种类 污染物的 名称 布情 况 度 二氧化硫 常乐 公司 大气污染 物 氮氧化物 烟气经 环保设 施处理 后通过 烟囱排 至大气 烟尘 1-2 号 机组、 3-4 号 机组、 5-6 号 机组、 启动锅 炉共 7 个排放 口 20.39m g/m³ 厂区 内 37.46m g/m³ 1.54mg /m³ 执行《火电厂大气 污染物排放标准》 GB13223-2011 的 标 准，按照超低排放 的 浓 度 限 值 执 行 （ 二 氧 化 硫 浓 度 35mg/m³ ，氮氧化物 浓 度 50mg/m ³ ， 烟 尘浓度 10mg/m³） 年 排 放 总 量 1,525.13 吨 年许可排放量限值 3,737 吨 年 排 放 总 量 2,708.82 吨 年许可排放量限值 5,397 吨 全 年 各 项 污 染 物 全 部 达 标 排 放 ， 无 超 标 排 放 年 排 放",2,data/text/000791.SZ/2025/annual_report.txt|data/text/000791.SZ/2025/esg_report.txt,False
259,3,897,81.59375,135,324,189,True,1.0,1.0,0.275556,1.0,0.970486,17,0.992,001208.SZ,华菱线缆,Q_E_NOX_INTENSITY,氮氧化物排放强度,E,True,0,,,0,missing_candidate,extend_extraction_rules,0,no_matching_disclosure_in_text,,1,data/text/001208.SZ/2025/annual_report.txt,False
260,3,898,81.59375,123,262,139,True,1.0,1.0,0.275556,1.0,0.970486,17,0.992,001258.SZ,立新能源,Q_E_NOX_INTENSITY,氮氧化物排放强度,E,True,0,,,0,missing_candidate,extend_extraction_rules,0,no_matching_disclosure_in_text,,1,data/text/001258.SZ/2025/annual_report.txt,False
261,3,899,81.59375,113,244,131,True,1.0,1.0,0.275556,1.0,0.970486,17,0.992,001299.SZ,美能能源,Q_E_NOX_INTENSITY,氮氧化物排放强度,E,True,0,,,0,missing_candidate,extend_extraction_rules,0,no_matching_disclosure_in_text,,1,data/text/001299.SZ/2025/annual_report.txt,False
262,3,900,81.59375,134,291,157,True,1.0,1.0,0.275556,1.0,0.970486,17,0.992,00182.HK,CONCORD NE,Q_E_NOX_INTENSITY,氮氧化物排放强度,E,True,0,,,0,missing_candidate,extend_extraction_rules,0,related_disclosure_without_compatible_intensity,"Capacity MW 4,928 Attributable Power Generation GWh 8,586 CO2 Emission Reduction1 Kilotonnes 8,164 Standard Coal Saving1 Kilotonnes 3,326 Environment NOx Emission Reduction1 Tonnes 2,117 SO2 Emission Reduction1 Tonnes 2,030 Water Saving1 Kilotonnes 13,134 Proportion of Women in Total Workforce % 28.2 Training Hours per Employee Hour 22.97 Society Percentage of Total Employees Trained % 100 Total Amount of Community Donation Ten thousand RMB 119.70 Proportion of Female Directors % 33.3 Governance",2,data/text/hkex_reports/00182.HK/2025/annual_report.txt|data/text/hkex_reports/00182.HK/2025/esg_report.txt,False
263,3,901,81.59375,23,293,270,True,1.0,1.0,0.275556,1.0,0.970486,17,0.992,002039.SZ,黔源电力,Q_E_NOX_INTENSITY,氮氧化物排放强度,E,True,0,,,0,missing_candidate,extend_extraction_rules,0,no_matching_disclosure_in_text,,1,data/text/002039.SZ/2025/annual_report.txt,False
264,3,902,81.59375,26,375,349,True,1.0,1.0,0.275556,1.0,0.970486,17,0.992,002056.SZ,横店东磁,Q_E_NOX_INTENSITY,氮氧化物排放强度,E,True,0,,,0,missing_candidate,extend_extraction_rules,0,no_matching_disclosure_in_text,,1,data/text/002056.SZ/2025/annual_report.txt,False
265,3,903,81.59375,114,357,243,True,1.0,1.0,0.275556,1.0,0.970486,17,0.992,00206.HK,CM-ENERGY,Q_E_NOX_INTENSITY,氮氧化物排放强度,E,True,0,,,0,missing_candidate,extend_extraction_rules,0,related_disclosure_without_compatible_intensity,our main production and operation sites within the reporting scope are as follows: 綠動未來，低碳領航 （續） 排放物與廢棄物 （續） 空氣排放物 （續） 報告期內，我們在報告範圍內的主要生產運營地空 氣排放物如下： Nitrogen oxide 2025 Note 1 2025注1 Sulfur oxide Particulate matter Source Unit 來源 單位 氮氧化物 硫氧化物 顆粒物 Total mobile source emissions kg 748.70 0.97 70.92 流動源排放總計 千克 Gasoline kg 711.80 0.91 67.39 汽油 千克 Diesel kg 36.90 0.06 3.54 柴油 千克 Total fixed source emissions kg 279.66 0.61 21.33 固定源排放總計 千克 Diesel kg 142.73 0.61 17.00 柴油 千克 Propane kg 135.77 / 4.13 丙烷,1,data/text/hkex_reports/00206.HK/2025/annual_report.txt,False
266,3,904,81.59375,165,278,113,True,1.0,1.0,0.275556,1.0,0.970486,17,0.992,002074.SZ,国轩高科,Q_E_NOX_INTENSITY,氮氧化物排放强度,E,True,0,,,0,missing_candidate,extend_extraction_rules,0,no_matching_disclosure_in_text,,1,data/text/002074.SZ/2025/annual_report.txt,False
267,3,905,81.59375,197,312,115,True,1.0,1.0,0.275556,1.0,0.970486,17,0.992,002090.SZ,金智科技,Q_E_NOX_INTENSITY,氮氧化物排放强度,E,True,0,,,0,missing_candidate,extend_extraction_rules,0,no_matching_disclosure_in_text,,1,data/text/002090.SZ/2025/annual_report.txt,False
268,3,906,81.59375,122,316,194,True,1.0,1.0,0.275556,1.0,0.970486,17,0.992,002276.SZ,万马股份,Q_E_NOX_INTENSITY,氮氧化物排放强度,E,True,0,,,0,missing_candidate,extend_extraction_rules,0,no_matching_disclosure_in_text,,1,data/text/002276.SZ/2025/annual_report.txt,False
269,3,907,81.59375,172,365,193,True,1.0,1.0,0.275556,1.0,0.970486,17,0.992,00228.HK,CHINA ENERGY,Q_E_NOX_INTENSITY,氮氧化物排放强度,E,True,0,,,0,missing_candidate,extend_extraction_rules,0,related_disclosure_without_compatible_intensity,"of direct air and greenhouse gas emissions from gaseous fuel consumption was mainly from private cars. The air emissions of the private cars included nitrogen oxides (NOX), sulphur oxides (SOX) and respiratory suspended particles (RSP), while the greenhouse gas emissions of the private cars included carbon dioxide (CO2), methane (CH4) and nitrous oxide (N2O). Other major direct greenhouse gas emissions were hydrofluorocarbons (HFC) and perfluorocarbons (PFC), which were resulted from the use of ",2,data/text/hkex_reports/00228.HK/2025/annual_report.txt|data/text/hkex_reports/00228.HK/2025/esg_report.txt,False
270,3,908,81.59375,76,290,214,True,1.0,1.0,0.275556,1.0,0.970486,17,0.992,002335.SZ,科华数据,Q_E_NOX_INTENSITY,氮氧化物排放强度,E,True,0,,,0,missing_candidate,extend_extraction_rules,0,no_matching_disclosure_in_text,,1,data/text/002335.SZ/2025/annual_report.txt,False
271,3,909,81.59375,96,366,270,True,1.0,1.0,0.275556,1.0,0.970486,17,0.992,002459.SZ,晶澳科技,Q_E_NOX_INTENSITY,氮氧化物排放强度,E,True,0,,,0,missing_candidate,extend_extraction_rules,0,ambiguous_intensity_disclosure,025年度可持续发展暨ESG报告 前篇 产品服务篇 环境篇 社会篇 治理篇 后篇 GRI标准 披露项 位置 303-3 取水 践行绿色运营、关键绩效表 303-4 排水 践行绿色运营、关键绩效表 303-5 耗水 践行绿色运营、关键绩效表 GRI 305： 排放 305-1 直接（范围 1）温室气体排放 应对气候变化、关键绩效表 305-2 能源间接（范围 2）温室气体排放 应对气候变化、关键绩效表 305-3 其他间接（范围 3）温室气体排放 应对气候变化、关键绩效表 305-4 温室气体排放强度 应对气候变化、关键绩效表 305-5 温室气体减排量 应对气候变化 305-6 臭氧消耗物质（ODS）的排放 / 305-7 氮氧化物 (NOx)、硫氧化物 (SOx) 和其他重大气体排放 践行绿色运营、关键绩效表 GRI 306： 废弃物 306-1 废弃物的产生及废弃物相关重大影响 践行绿色运营 306-2 废弃物相关重大影响的管理 践行绿色运营 306-3 产生的废弃物 践行绿色运营、关键绩效表 306-4 从处置中转移的废弃物 践行绿色运营、关键绩效表 306-5 进入处置的废弃物,2,data/text/002459.SZ/2025/annual_report.txt|data/text/002459.SZ/2025/esg_report.txt,False
272,3,910,81.59375,135,256,121,True,1.0,1.0,0.275556,1.0,0.970486,17,0.992,002479.SZ,富春环保,Q_E_NOX_INTENSITY,氮氧化物排放强度,E,True,0,,,0,missing_candidate,extend_extraction_rules,0,related_disclosure_without_compatible_intensity,浙江富春江环保热电股份有限公司 2025 年年度报告全文 制“热电联产+固废（危废）资源化+环境监测治理”的循环经济模式积聚先发优势，增强 公司抵御市场风险能力。 （二）技术创新、具有超前优势 公司与多家高校合作设立技术研发中心，进行工艺、技术、项目的研发，其中在生产中 对二噁英的防治、二氧化硫、氮氧化物的去除等方面和污泥干化等领域处于国内先进水平。 同时经过多年的研发投入和技术沉淀，公司目前已具备了一定的研发和创新能力。截至报告 期末，公司已经拥有 8 家高新技术企业、1 家国家鼓励发展的重大环保技术装备依托单位、 3 家省级“专精特新”企业、1 家中美政府间合作项目研究基地、1 家省级企业研究院。公 司各项目燃煤锅炉全部实现超净排放，达到行业先进水平，控股子公司研究院成功研制开发 出了国内外首台具有实用意义的二噁英在线快速检测仪器系统。 （三）管理科学、提质增效 公司狠抓制度创新建设，强化管理手段，以 ISO9001 质量管理体系、ISO14001 环境管 理体系为基础，对公司及其下属子公司制度进行新建、优化、梳理等工作，提高制度的科学 性与灵活性，增强员工的积极性与能动性，优化组,1,data/text/002479.SZ/2025/annual_report.txt,False
273,3,911,81.59375,178,287,109,True,1.0,1.0,0.275556,1.0,0.970486,17,0.992,002487.SZ,大金重工,Q_E_NOX_INTENSITY,氮氧化物排放强度,E,True,0,,,0,missing_candidate,extend_extraction_rules,0,no_matching_disclosure_in_text,,1,data/text/002487.SZ/2025/annual_report.txt,False
274,3,912,81.59375,157,406,249,True,1.0,1.0,0.275556,1.0,0.970486,17,0.992,002506.SZ,协鑫集成,Q_E_NOX_INTENSITY,氮氧化物排放强度,E,True,0,,,0,missing_candidate,extend_extraction_rules,0,disclosed_non_revenue_denominator,等包容 开篇 可持续发展战略与治理 年度专题 商业互信 附录 自然生态 85 卓越创新 披露议题 / 披露项 披露项标题 章节索引 披露议题 / 披露项 披露项标题 章节索引 302-1 组织内部的能源消耗量 能源管理与可再生能 源利用 305-1 直接（范畴 1）温室气体排放 应对气候变化 305-2 能源间接（范畴 2）温室气体排放 应对气候变化 302-2 组织外部的能源消耗量 能源管理与可再生能 源利用 305-3 其他间接（范畴 3）温室气体排放 应对气候变化 305-4 温室气体排放强度 应对气候变化 302-3 能源强度 能源管理与可再生能 源利用 305-5 温室气体减排量 应对气候变化 305-7 氮氧化物（NOx）、硫氧化物（SOx） 和其他重大气体排放 污染物排放 302-4 减少能源消耗量 能源管理与可再生能 源利用 GRI 306 废弃物 302-5 降低产品和服务的能源需求 能源管理与可再生能 源利用 3-3 实质性议题管理 废弃物管理 306-1 废弃物的产生及废弃物相关重大影响 废弃物管理 GRI 303 水资源与污水 306-2 废弃物相关重大影响的管,2,data/text/002506.SZ/2025/annual_report.txt|data/text/002506.SZ/2025/esg_report.txt,False
275,3,913,81.59375,174,367,193,True,1.0,1.0,0.275556,1.0,0.970486,17,0.992,002531.SZ,天顺风能,Q_E_NOX_INTENSITY,氮氧化物排放强度,E,True,0,,,0,missing_candidate,extend_extraction_rules,0,no_matching_disclosure_in_text,,2,data/text/002531.SZ/2025/annual_report.txt|data/text/002531.SZ/2025/esg_report.txt,False
276,3,914,81.59375,150,441,291,True,1.0,1.0,0.275556,1.0,0.970486,17,0.992,002608.SZ,江苏国信,Q_E_NOX_INTENSITY,氮氧化物排放强度,E,True,0,,,0,missing_candidate,extend_extraction_rules,0,related_disclosure_without_compatible_intensity,改善燃烧效率，降 低煤耗与污染物排 放，实现节能降碳。 苏晋朔州锅炉脱硝系 统优化技术创新项目 在线监测各分离器出 口烟气成分，优化脱 硝及控制系统，以分 区控制实现机组全工 况达标排放及还原剂 精准智能投用。 已完成并结转固定资 产 分区精准喷氨，全工 况达标降耗。 1. 环保达标：确保全 工况下氮氧化物排放 稳定达标，规避环保 处罚风险，满足日益 严格的环保政策要 求。2. 成本节约：精 准投用还原剂，减少 氨耗与副产物生成， 降低运行成本与设备 腐蚀风险。3. 技术储 备：积累高效脱硝技 术经验，为公司其他 机组及新项目提供可 复制的技术方案。 国信股份数字化碳管 理平台及碳管理体系 建设 实现碳排放数据管 理、清洁能源碳项目 管理、碳资产管理、 碳交易管理、系统管 理、信息总览共 6 个 功能模块，提高碳管 理信息系统建设 已初步完成，正在调 试 六位一体，碳管全 链，智慧提效 1.合规先行：实现碳 排放数据全流程自动 化采集与核算，满足 国家碳披露、碳交易 等监管要求，规避合 规风险。 2. 碳资产增值：统筹 管理碳资产与碳交 易，优化碳履约策 略，挖掘碳减排项目 收益，培育,1,data/text/002608.SZ/2025/annual_report.txt,False
277,3,915,81.59375,129,386,257,True,1.0,1.0,0.275556,1.0,0.970486,17,0.992,002692.SZ,远程股份,Q_E_NOX_INTENSITY,氮氧化物排放强度,E,True,0,,,0,missing_candidate,extend_extraction_rules,0,no_matching_disclosure_in_text,,1,data/text/002692.SZ/2025/annual_report.txt,False
278,3,916,81.59375,87,213,126,True,1.0,1.0,0.275556,1.0,0.970486,17,0.992,002706.SZ,良信股份,Q_E_NOX_INTENSITY,氮氧化物排放强度,E,True,0,,,0,missing_candidate,extend_extraction_rules,0,likely_methodology_compatible_rule_gap,"80.34 木材 吨 1,439 1,507 范围 2 温室气体排放量 吨二氧化碳当量 18,716.38 20,986.29 塑料 吨 315 330 温室气体排放总量 吨二氧化碳当量 19,841.75 21,766.63 纸张 吨 78 82 温室气体排放强度 吨二氧化碳当量 / 万元 0.0512 0.0511 气体污染物排放 能源消耗 废气排放总量 立方米 588,960,000 485,130,000 综合能源消耗量 吨标煤 4,515 5,039 颗粒物 千克 2 2 综合能源使用强度 吨标煤 / 万元 0.0117 0.0118 非甲烷总烃 千克 991 816 天然气 立方米 100,705 82,332 氮氧化物 千克 0 0 汽油 升 28,258 29,589 硫氧化物 千克 0 0 外购蒸汽 吨 2,273 1,026 VOC 排放量 千克 3,964 2,870 外购电力 兆瓦时 33,621 39,028 水体污染物排放 直接能源消耗量 吨标煤 165 142 废水排放总量 吨 195,995 237,047 间接能源消耗量 吨标煤 4,350 4,897",2,data/text/002706.SZ/2025/annual_report.txt|data/text/002706.SZ/2025/esg_report.txt,False
279,3,917,81.59375,93,219,126,True,1.0,1.0,0.275556,1.0,0.970486,17,0.992,002709.SZ,天赐材料,Q_E_NOX_INTENSITY,氮氧化物排放强度,E,True,0,,,0,missing_candidate,extend_extraction_rules,0,no_matching_disclosure_in_text,,1,data/text/002709.SZ/2025/annual_report.txt,False
280,3,918,81.59375,21,348,327,True,1.0,1.0,0.275556,1.0,0.970486,17,0.992,002850.SZ,科达利,Q_E_NOX_INTENSITY,氮氧化物排放强度,E,True,0,,,0,missing_candidate,extend_extraction_rules,0,no_matching_disclosure_in_text,,1,data/text/002850.SZ/2025/annual_report.txt,False
281,3,919,81.59375,97,217,120,True,1.0,1.0,0.275556,1.0,0.970486,17,0.992,002911.SZ,佛燃能源,Q_E_NOX_INTENSITY,氮氧化物排放强度,E,True,0,,,0,missing_candidate,extend_extraction_rules,0,related_disclosure_without_compatible_intensity,，在全球积极应对气候变化的大背景下，绿色 甲醇作为低碳清洁能源，应用前景广阔。在“十五五”规划中，绿色甲醇作为清洁能源和低碳化工的关键领域，赋予了 重要使命。甲醇常温常压下为液体，无需低温防护，作为全球大宗化学品之一 ，具有产业链成熟、储运方便、环境友好 等突出优势。 在海运行业，绿色甲醇不含硫、低氮氧化物排放，减碳能力优于氨、氢、生物质柴油等绿色燃料，且具有安全性 高、可控性强、产业链成熟、储运便捷等优势，能适配现有船舶改造。在 IMO 净零框架、欧盟碳税政策、欧盟海运燃料 条例等减碳政策背景下，绿色甲醇获航运业广泛关注，马士基等航运巨头已重点布局，绿色甲醇已成为航运业脱碳核心 替代燃料。在道路交通领域，绿色甲醇不仅可以与汽油混合使用，适用于传统内燃机汽车，还可以直接用于混合动力汽 车和燃料电池汽车。在航空业，绿色甲醇通过转化，能够作为可持续的航空燃料，为航空领域提供环保的能源解决方案。 绿色甲醇依托现有成熟的基础设施，具备大规模推广应用的条件。绿色甲醇既能作为低碳环保的清洁燃料，直接 推动航运、电力、交通等领域降碳；亦可作为重要的化工母料，推动建筑材料、服装、饮料、化工工业制品等产,1,data/text/002911.SZ/2025/annual_report.txt,False
282,3,920,81.59375,5,541,536,True,1.0,1.0,0.275556,1.0,0.970486,17,0.992,00353.HK,ENERGY INTINV,Q_E_NOX_INTENSITY,氮氧化物排放强度,E,True,0,,,0,missing_candidate,extend_extraction_rules,0,no_matching_disclosure_in_text,,1,data/text/00353.HK/2025/annual_report.txt,False
283,3,921,81.59375,45,349,304,True,1.0,1.0,0.275556,1.0,0.970486,17,0.992,00384.HK,CHINA GAS HOLD,Q_E_NOX_INTENSITY,氮氧化物排放强度,E,True,0,,,0,missing_candidate,extend_extraction_rules,0,related_disclosure_without_compatible_intensity,"5.12 (Scope 1, Scope 2 and Scope 3) Direct gas emissions15 Particulate matter (PM) tonne 16.98 21.27 21.18 Sulphur dioxide (SO2) tonne 5.28 6.30 6.22 Nitrogen oxides (NOx) tonne 82.81 107.95 113.97 10 11 12 13 14 15 In FY2025/26, the data of the Group was calculated according to the Environmental, Social and Governance Reporting Code of the HKEX and other international references. Scope 2 GHG emissions primarily originate from the indirect GHG emissions generated by the non-renewable electricity",2,data/text/hkex_reports/00384.HK/2025/annual_report.txt|data/text/hkex_reports/00384.HK/2025/esg_report.txt,False
284,3,922,81.59375,13,358,345,True,1.0,1.0,0.275556,1.0,0.970486,17,0.992,00467.HK,UNITEDENERGY GP,Q_E_NOX_INTENSITY,氮氧化物排放强度,E,True,0,,,0,missing_candidate,extend_extraction_rules,0,related_disclosure_without_compatible_intensity,"ubsidiary of 泉州 東海開發有限公司, which is wholly-owned by China Point Investment Limited. China Point Investment Limited is a wholly-owned subsidiary of Equinox Investments Worldwide Limited, which is ultimately owned by Mr. Yiu Chi Shing. 2. Mr. Song Yu was appointed as an Executive director on 4 June 2025. As at the date of his appointment, Mr. Song holds 1,500,000 granted shares of the Company (representing 0.0058% of the issued share capital of the Company) under the PSU Scheme which were vested be",2,data/text/hkex_reports/00467.HK/2025/annual_report.txt|data/text/hkex_reports/00467.HK/2025/esg_report.txt,False
285,3,923,81.59375,72,509,437,True,1.0,1.0,0.275556,1.0,0.970486,17,0.992,00554.HK,HANS GP HLDGS,Q_E_NOX_INTENSITY,氮氧化物排放强度,E,True,0,,,0,missing_candidate,extend_extraction_rules,0,no_matching_disclosure_in_text,,2,data/text/hkex_reports/00554.HK/2025/annual_report.txt|data/text/hkex_reports/00554.HK/2025/esg_report.txt,False
286,3,924,81.59375,46,204,158,True,1.0,1.0,0.275556,1.0,0.970486,17,0.992,00579.HK,JNCEC,Q_E_NOX_INTENSITY,氮氧化物排放强度,E,True,0,,,0,missing_candidate,extend_extraction_rules,0,disclosed_non_revenue_denominator,"ernational standards, and established data statistics definitions, effectively enhancing the fine and scientific management of ESG data. Environmental performance Indicator Unit Year 2025 Year 2024 Year 2023 Freshwater and reclaimed water withdrawal intensity10 Ton/100 million kWh 40,967.9 48,165.9 / Indicator Unit Year 2025 Year 2024 Year 2023 Total nitrogen oxides (NOx) emissions 1,407.38 1,299.55 Ton 1,405 Total sulfur dioxide (SO2) emissions Ton 84.75 76.5 84 Total particulate matter emissio",2,data/text/hkex_reports/00579.HK/2025/annual_report.txt|data/text/hkex_reports/00579.HK/2025/esg_report.txt,False
287,3,925,81.59375,192,486,294,True,1.0,1.0,0.275556,1.0,0.970486,17,0.992,00600.HK,AXERA,Q_E_NOX_INTENSITY,氮氧化物排放强度,E,True,0,,,0,missing_candidate,extend_extraction_rules,0,no_matching_disclosure_in_text,,1,data/text/hkex_reports/00600.HK/2025/annual_report.txt,False
288,3,926,81.59375,131,536,405,True,1.0,1.0,0.275556,1.0,0.970486,17,0.992,00607.HK,FULLSHARE,Q_E_NOX_INTENSITY,氮氧化物排放强度,E,True,0,,,0,missing_candidate,extend_extraction_rules,0,related_disclosure_without_compatible_intensity,"or Unit Nanjing Headquarters and Hong Kong Office Property Business Tourism Business Total 2024 2025 2024 2025 2024 2025 2024 2025 Exhaust Emissions5 Nitrogen Oxides (NOx) kg 2.60 2.83 1.30 1.03 1,088.93 1,065.64 1,092.84 1,069.49 Sulphur Oxides (SOx) kg 0.04 0.04 0.02 0.02 261.15 248.95 261.21 249.02 Particulate Matters (PM) kg 0.15 0.17 0.08 0.06 191.23 184.85 191.46 185.08 GHG Emissions6 Total Emissions (Scope 1 and Scope 2) tonnes of CO2e 82.39 47.79 9,829.74 7,743.67 10,812.71 9,362.19 20,7",2,data/text/hkex_reports/00607.HK/2025/annual_report.txt|data/text/hkex_reports/00607.HK/2025/esg_report.txt,False
289,3,927,81.59375,121,462,341,True,1.0,1.0,0.275556,1.0,0.970486,17,0.992,00632.HK,CHK OIL,Q_E_NOX_INTENSITY,氮氧化物排放强度,E,True,0,,,0,missing_candidate,extend_extraction_rules,0,disclosed_foreign_currency_denominator,"Oil Limited 21 === PAGE 23 === Environmental, Social and Governance Report The Group has actively adopted various green commuting options, such as carpooling and taking public transport to reduce its air emissions. During the Reporting Period, the intensities1 of nitrogen oxides (“NOX”), sulphur oxides (“SOX”) and particulate matter (“PM”) have increased from 2.09g/million HK$ revenue, 0.02g/million HK$ revenue and 0.13g/million HK$ revenue in 2024 to 5.73g/million HK$ revenue, 0.08g/million HK$",1,data/text/hkex_reports/00632.HK/2025/annual_report.txt,False
290,3,928,81.59375,27,501,474,True,1.0,1.0,0.275556,1.0,0.970486,17,0.992,00645.HK,ARES ASIA,Q_E_NOX_INTENSITY,氮氧化物排放强度,E,True,0,,,0,missing_candidate,extend_extraction_rules,0,related_disclosure_without_compatible_intensity,"ion in its facilities. Emissions and waste produced As the Group did not use any gaseous fuel, it did not generate significant air pollutions such as NOx, SOx and respiratory suspended particles. The Group does not produce hazardous waste and the Group’s operations mainly generated office- related waste, which has an insignificant impact on the environment. For the year ended 31 March 2026, the Group generated total non-hazardous waste of 0.2 tonnes, with an intensity of 0.04 tonnes per person (",1,data/text/hkex_reports/00645.HK/2025/annual_report.txt,False
291,3,929,81.59375,156,376,220,True,1.0,1.0,0.275556,1.0,0.970486,17,0.992,00650.HK,PRODUCTIVE TECH,Q_E_NOX_INTENSITY,氮氧化物排放强度,E,True,0,,,0,missing_candidate,extend_extraction_rules,0,related_disclosure_without_compatible_intensity,"furnaces and generating units and petrol and diesel combustion. 此 外，本 公 司 附 屬 公 司 宏 博 礦業運營過程中產生的大氣 污染物主要為加熱鍋爐及發 電 機 組 燃 燒 天 然 氣，以 及 汽 油和柴油燃燒產生的二氧化 硫、氮氧化物和煙塵。 Waste Gas Emissions FY2024 FY2023 廢氣排放情況 二零二四財年 二零二三財年 Sulphur dioxide emissions (t) 二氧化硫排放量 （噸） 0.42 0.36 Oxynitride emissions (t) 氮氧化物排放量 （噸） 4.03 3.40 Particulate matter emissions (t) 顆粒物排放量 （噸） 0.62 0.52 To reduce the impact of its business operation on the atmospheric environment, Hongbo Mining has adopted the corresponding eco-friendl",1,data/text/00650.HK/2025/annual_report.txt,False
292,3,930,81.59375,29,232,203,True,1.0,1.0,0.275556,1.0,0.970486,17,0.992,00666.HK,REPT BATTERO,Q_E_NOX_INTENSITY,氮氧化物排放强度,E,True,0,,,0,missing_candidate,extend_extraction_rules,0,related_disclosure_without_compatible_intensity,"ieve efficient purification of volatile organic compounds (VOCs) and acid-alkali exhaust gases. For combustion exhaust gases, the company has reduced nitrogen oxide (NOx) emissions at the source by upgrading low-nitrogen combustion units and optimizing the air-fuel ratio. In addition, for the core excipient NMP, the company continues to optimize the closed-circuit circulation system, increasing the recycling efficiency to over 99%, effectively achieving the synergy between resource recycling and",2,data/text/hkex_reports/00666.HK/2025/annual_report.txt|data/text/hkex_reports/00666.HK/2025/esg_report.txt,False
293,3,931,81.59375,97,271,174,True,1.0,1.0,0.275556,1.0,0.970486,17,0.992,00686.HK,BJ ENERGY INTL,Q_E_NOX_INTENSITY,氮氧化物排放强度,E,True,0,,,0,missing_candidate,extend_extraction_rules,0,ambiguous_intensity_disclosure,"噸二氧化碳當量 �,���.�� ��� ��� Total indirect greenhouse gas emissions (Scope 2)(�) 間接溫室氣體排放 （範围�）總量(�) tCO2e 噸二氧化碳當量 �,���.�� ��,��� ��,��� Total indirect greenhouse gas emissions (Scope 3)(�) 間接溫室氣體排放 （範围�）總量(�) tCO2e 噸二氧化碳當量 �,���.�� ��� ��� Emissions intensity 排放強度 tCO2e per GWh electricity generated 噸二氧化碳當量╱吉瓦 時發電量 0.35 �.�� �.�� Air Emissions(�) 廢氣排放(�) Sulphur oxide 硫氧化物 kg 公斤 �.�� �.� �.� Nitrogen oxide 氮氧化物 kg 公斤 ���.�� ���.� �,���.� Particulate matter kg ��.�� ��.� 顆粒物 ���.� 公斤 Wastewater 廢水",2,data/text/hkex_reports/00686.HK/2025/annual_report.txt|data/text/hkex_reports/00686.HK/2025/esg_report.txt,False
294,3,932,81.59375,183,434,251,True,1.0,1.0,0.275556,1.0,0.970486,17,0.992,00704.HK,HUSCOKE HLDGS,Q_E_NOX_INTENSITY,氮氧化物排放强度,E,True,0,,,0,missing_candidate,extend_extraction_rules,0,no_matching_disclosure_in_text,,1,data/text/00704.HK/2025/annual_report.txt,False
295,3,933,81.59375,76,301,225,True,1.0,1.0,0.275556,1.0,0.970486,17,0.992,00819.HK,TIANNENG POWER,Q_E_NOX_INTENSITY,氮氧化物排放强度,E,True,0,,,0,missing_candidate,extend_extraction_rules,0,related_disclosure_without_compatible_intensity,"esource utilization efficiency and reduced the discharge of relevant pollutants. 廢氣管理 Exhaust Gas Management 主要污染物 Main Pollutants 鉛及其化合物、硫酸霧、顆粒物（PM）、氮氧化物（NOx）、 二氧化硫（SO2）、非甲烷總烴（NMHC）等。 排放達標情況 Emission Compliance Status 報告期內，集團所有有組織及無組織廢氣排放口的自行監 測及監督性監測數據均未出現超標。各污染物排放濃度均 滿足《電池工業污染物排放標準》（GB 30484）及地方 更嚴格標準的要求。實際排放總量遠低於排污許可證核 定的年度許可排放量，例如，位於安徽省某基地的鉛及 其化合物、硫酸霧等特徵污染物實際排放量僅為許可量的 30%-60%。 Lead and its compounds, sulfuric acid mist, particulate matter (PM), nitrogen oxides (NOx), sulfur dioxide (SO2), n",2,data/text/hkex_reports/00819.HK/2025/annual_report.txt|data/text/hkex_reports/00819.HK/2025/esg_report.txt,False
296,3,934,81.59375,6,307,301,True,1.0,1.0,0.275556,1.0,0.970486,17,0.992,00836.HK,CHINA RES POWER,Q_E_NOX_INTENSITY,氮氧化物排放强度,E,True,0,,,0,missing_candidate,extend_extraction_rules,0,disclosed_non_revenue_denominator,"tion (10,000 t) • Coal consumption (10,000 t) • Purchased electricity (MWh) • Standard coal consumption for power supply (subsidiary coal-fired power plants) (g/kWh) • Total greenhouse gas emissions (Scope 1 and Scope 2) (10,000 t) • Carbon emission intensity per kWh (g/kWh) • Carbon emission intensity per kWh (thermal power) (g/kWh) • Nitrogen oxides emissions (10,000 t) • Sulfur dioxide emissions (10,000 t) • Smoke emissions (10,000 t) • Nitrogen oxides emission rate (g/kWh) • Sulfur dioxide e",2,data/text/hkex_reports/00836.HK/2025/annual_report.txt|data/text/hkex_reports/00836.HK/2025/esg_report.txt,False
297,3,935,81.59375,42,339,297,True,1.0,1.0,0.275556,1.0,0.970486,17,0.992,00866.HK,CHINA QINFA,Q_E_NOX_INTENSITY,氮氧化物排放强度,E,True,0,,,0,missing_candidate,extend_extraction_rules,0,related_disclosure_without_compatible_intensity,"odern communication tools • 對車輛使用實行集中管理，並利用現代通 訊工具 Summary of our air, GHG emissions is listed below. 廢氣及溫室氣體排放量總結如下。 2025 2024 二零二五年 二零二四年 NO x (kg) 氮氧化物（千克） 19,625.68 2,630.83 SO x (kg) 硫氧化物（千克） 53.30 7.27 PM (kg) 顆粒物（千克） 1,554.72 182.57 Waste Management 廢棄物管理 The Group is committed to responsible waste management practices, including prioritising waste segregation and recycling to minimise environmental impact. Hazardous waste, such as waste mineral oil and waste oil drums, is collected for t",1,data/text/hkex_reports/00866.HK/2025/annual_report.txt,False
298,3,936,81.59375,41,316,275,True,1.0,1.0,0.275556,1.0,0.970486,17,0.992,00931.HK,CHINA HK POWER,Q_E_NOX_INTENSITY,氮氧化物排放强度,E,True,0,,,0,missing_candidate,extend_extraction_rules,0,related_disclosure_without_compatible_intensity,"ect A2. The Group’s air emissions performance is summarised as follows: Types of air emissions Unit 2025 2024 Sulphur oxides (SOx) tonnes 0.003 0.004 Nitrogen oxides (NOx) tonnes 15.92 21.64 Particulate matter tonnes 1.53 2.07 GHG Emissions The Group’s principal GHG emissions are generated from the fuel combustion of vehicles during transportation (Scope 1), stationary combustion of fossil fuels (Scope 1), purchased electricity (Scope 2) and business travel (Scope 3). The Group has adopted envir",1,data/text/00931.HK/2025/annual_report.txt,False
299,3,937,81.59375,19,248,229,True,1.0,1.0,0.275556,1.0,0.970486,17,0.992,00951.HK,CHAOWEI POWER,Q_E_NOX_INTENSITY,氮氧化物排放强度,E,True,0,,,0,missing_candidate,extend_extraction_rules,0,related_disclosure_without_compatible_intensity,"aust Gas Emission Management The major air pollutants generated by the Group during the production process include lead and its compounds, acid mist, nitrogen oxides, sulphur dioxide, greenhouse gases, particulate matter, volatile organic compounds, etc, all of which are discharged in accordance with the standards during the Reporting Period. The Group has adopted targeted treatment measures for lead dust, sulphuric acid mist and other exhaust gases generated during casting plate, cast welding, ",2,data/text/hkex_reports/00951.HK/2025/annual_report.txt|data/text/hkex_reports/00951.HK/2025/esg_report.txt,False
300,3,938,81.59375,80,422,342,True,1.0,1.0,0.275556,1.0,0.970486,17,0.992,01080.HK,SHENGLI PIPE,Q_E_NOX_INTENSITY,氮氧化物排放强度,E,True,0,,,0,missing_candidate,extend_extraction_rules,0,no_matching_disclosure_in_text,,1,data/text/hkex_reports/01080.HK/2025/annual_report.txt,False
