company_code,company_name,report_year,document_type,source_url,retrieval_url,local_path,sha256,size
000009.SZ,中国宝安,2025,annual_report,https://disc.static.szse.cn/disc/disk03/finalpage/2026-04-25/3d0cad8e-7fd7-4c96-9879-a7692046036f.PDF,https://disc.static.szse.cn/disc/disk03/finalpage/2026-04-25/3d0cad8e-7fd7-4c96-9879-a7692046036f.PDF,data/raw/000009.SZ/2025/annual_report.pdf,a72585593e269cc1d4ea07f7fe4199e405ab2f6f64a470344fedfbd642b221d4,1712233
000009.SZ,中国宝安,2025,esg_report,https://disc.static.szse.cn/disc/disk03/finalpage/2026-04-25/b002da8f-bdb7-4e8a-8eac-9ae9915cf23e.PDF,https://disc.static.szse.cn/disc/disk03/finalpage/2026-04-25/b002da8f-bdb7-4e8a-8eac-9ae9915cf23e.PDF,data/raw/000009.SZ/2025/esg_report.pdf,dd00fd3543b65052d9a87dd1b51c815214e8c6063484e2f1369447ddddcc740b,32548625
00002.HK,CLP HOLDINGS,2025,annual_report,https://www1.hkexnews.hk/listedco/listconews/sehk/2026/0311/2026031100298.pdf,https://www1.hkexnews.hk/listedco/listconews/sehk/2026/0311/2026031100298.pdf,data/raw/hkex_reports/00002.HK/2025/annual_report.pdf,23502639642536e08428a3662729a87c69490d9ea241ac5373817fe49f2afe55,23951688
000027.SZ,深圳能源,2025,annual_report,https://disc.static.szse.cn/disc/disk03/finalpage/2026-04-17/e81dfe3f-d725-44b0-a5a9-90166c2caba4.PDF,https://disc.static.szse.cn/disc/disk03/finalpage/2026-04-17/e81dfe3f-d725-44b0-a5a9-90166c2caba4.PDF,data/raw/000027.SZ/2025/annual_report.pdf,f44dd074f730046eb6775e90b183ebc5b625de3aa6a34ef6f78f35fbef7780ba,8396766
000027.SZ,深圳能源,2025,esg_report,https://disc.static.szse.cn/disc/disk03/finalpage/2026-04-17/6f7301c7-7dd9-417b-8c1d-c8e32fe5ab83.PDF,https://disc.static.szse.cn/disc/disk03/finalpage/2026-04-17/6f7301c7-7dd9-417b-8c1d-c8e32fe5ab83.PDF,data/raw/000027.SZ/2025/esg_report.pdf,ee35ef2f1a9d2cd6c3275b3e3a1c60951ea0b83adab46e962e5c1c8a7277e07b,72767284
00003.HK,HK & CHINA GAS,0,annual_report,https://www1.hkexnews.hk/listedco/listconews/sehk/2026/0428/2026042801254.pdf,https://www1.hkexnews.hk/listedco/listconews/sehk/2026/0428/2026042801254.pdf,data/raw/hkex_reports/00003.HK/0/annual_report.pdf,ee06bb6c48f34d3a3dd3cb568ab224ec98115b9aca9ec4f2095000906e5ca67f,32526596
00003.HK,HK & CHINA GAS,2025,esg_report,https://www1.hkexnews.hk/listedco/listconews/sehk/2026/0428/2026042801669.pdf,https://www1.hkexnews.hk/listedco/listconews/sehk/2026/0428/2026042801669.pdf,data/raw/hkex_reports/00003.HK/2025/esg_report.pdf,b52554fbd06fc83351803b4bd80a6c7fba0495cce1a962092ef7ab01559bb03c,30185976
000037.SZ,深南电A,2025,annual_report,https://disc.static.szse.cn/disc/disk03/finalpage/2026-04-15/ab7b9153-90c7-417a-8a30-591e987fe1b4.PDF,https://disc.static.szse.cn/disc/disk03/finalpage/2026-04-15/ab7b9153-90c7-417a-8a30-591e987fe1b4.PDF,data/raw/000037.SZ/2025/annual_report.pdf,0119ae1bd0cf86167b0c945f2a0f661c0b5d782a1204766caeec34f85c29c28e,4113562
000049.SZ,德赛电池,2025,annual_report,https://disc.static.szse.cn/disc/disk03/finalpage/2026-04-23/262ee139-e059-4704-8501-654892e27e40.PDF,https://disc.static.szse.cn/disc/disk03/finalpage/2026-04-23/262ee139-e059-4704-8501-654892e27e40.PDF,data/raw/000049.SZ/2025/annual_report.pdf,b6cb989e6e3432cf3c82dcdf1ebb32df7293fe702b01b7b139ebba61c0c6291b,1035776
00006.HK,POWER ASSETS,2025,annual_report,https://www1.hkexnews.hk/listedco/listconews/sehk/2026/0421/2026042100656.pdf,https://www1.hkexnews.hk/listedco/listconews/sehk/2026/0421/2026042100656.pdf,data/raw/hkex_reports/00006.HK/2025/annual_report.pdf,6ad234d47455253c90a1cfefea2c26f33b9aab4d554602e6fc31ea0da0647851,16529746
00006.HK,POWER ASSETS,2025,esg_report,https://www1.hkexnews.hk/listedco/listconews/sehk/2026/0421/2026042100680.pdf,https://www1.hkexnews.hk/listedco/listconews/sehk/2026/0421/2026042100680.pdf,data/raw/hkex_reports/00006.HK/2025/esg_report.pdf,f2869d76e1d079cd51a70e3bbe0b4737b82f07fd506a2a99d3a09a378786d38f,48231365
000096.SZ,广聚能源,2025,annual_report,https://disc.static.szse.cn/disc/disk03/finalpage/2026-04-28/9a42033d-f9c9-4f17-aff8-33d611a67e99.PDF,https://disc.static.szse.cn/disc/disk03/finalpage/2026-04-28/9a42033d-f9c9-4f17-aff8-33d611a67e99.PDF,data/raw/000096.SZ/2025/annual_report.pdf,628eb818aeba88c81ef7a10961618426e1a84d20ec181e27daa2cd4590d096d1,1286433
000155.SZ,川能动力,2025,annual_report,https://disc.static.szse.cn/disc/disk03/finalpage/2026-04-10/0b85e5a8-fab9-44e9-89ce-b4c5ff94c4a3.PDF,https://disc.static.szse.cn/disc/disk03/finalpage/2026-04-10/0b85e5a8-fab9-44e9-89ce-b4c5ff94c4a3.PDF,data/raw/000155.SZ/2025/annual_report.pdf,486d8c7c460d75a8da6a12fb36eb5b457f51deb101b6221ebcce42ece8151cdf,1483973
000400.SZ,许继电气,2025,annual_report,https://disc.static.szse.cn/disc/disk03/finalpage/2026-04-11/3ffe5f89-4106-4c37-889e-63181d32aef6.PDF,https://disc.static.szse.cn/disc/disk03/finalpage/2026-04-11/3ffe5f89-4106-4c37-889e-63181d32aef6.PDF,data/raw/000400.SZ/2025/annual_report.pdf,518288c88fd02a3d996a17048a258843f60ef9705dc05687ff795269cccdaa9b,2112317
000400.SZ,许继电气,2025,esg_report,https://disc.static.szse.cn/disc/disk03/finalpage/2026-04-11/0ec99d43-1ee6-4265-a9ac-eb924c3f937a.PDF,https://disc.static.szse.cn/disc/disk03/finalpage/2026-04-11/0ec99d43-1ee6-4265-a9ac-eb924c3f937a.PDF,data/raw/000400.SZ/2025/esg_report.pdf,2da24ae96ae8835d109883e8c71581035b308c09eedac857bfa59c8c273c178f,36144475
000407.SZ,胜利股份,2025,annual_report,https://disc.static.szse.cn/disc/disk03/finalpage/2026-03-25/21a25109-48ba-4146-9399-ea8549814972.PDF,https://disc.static.szse.cn/disc/disk03/finalpage/2026-03-25/21a25109-48ba-4146-9399-ea8549814972.PDF,data/raw/000407.SZ/2025/annual_report.pdf,414808bacb3044245002f151a139bd7dc5cba6c2b7963bae51a20001557da85b,4155777
00042.HK,NE ELECTRIC,2025,annual_report,https://www1.hkexnews.hk/listedco/listconews/sehk/2026/0429/2026042906260.pdf,https://www1.hkexnews.hk/listedco/listconews/sehk/2026/0429/2026042906260.pdf,data/raw/hkex_reports/00042.HK/2025/annual_report.pdf,21078a028f464310f4c928efe60cf9664d416f9a3e200f2a2c153b3c35e1b72e,7945868
00042.HK,NE ELECTRIC,2025,esg_report,https://www1.hkexnews.hk/listedco/listconews/sehk/2026/0429/2026042900377.pdf,https://www1.hkexnews.hk/listedco/listconews/sehk/2026/0429/2026042900377.pdf,data/raw/hkex_reports/00042.HK/2025/esg_report.pdf,14e4c842f9b1fd5b5440c36284067cec259e94f28825b4faa20d60e61a31cbf3,6287793
000421.SZ,南京公用,2025,annual_report,https://disc.static.szse.cn/disc/disk03/finalpage/2026-04-13/44f7ece0-cf60-4273-b742-ff17263172f4.PDF,https://disc.static.szse.cn/disc/disk03/finalpage/2026-04-13/44f7ece0-cf60-4273-b742-ff17263172f4.PDF,data/raw/000421.SZ/2025/annual_report.pdf,020bc6606fe2f27a760767b1c9409c45f4d3a0e1a76085a2b903eac3c6a2618e,5148996
000531.SZ,穗恒运Ａ,2025,annual_report,https://disc.static.szse.cn/disc/disk03/finalpage/2026-04-10/c6309277-b6b3-40a0-b88b-75d22262103b.PDF,https://disc.static.szse.cn/disc/disk03/finalpage/2026-04-10/c6309277-b6b3-40a0-b88b-75d22262103b.PDF,data/raw/000531.SZ/2025/annual_report.pdf,283499f28f05aa5b9f1110ae09b03688a143dffc65ed488646795a56c185f331,5158808
000531.SZ,穗恒运Ａ,2025,esg_report,https://disc.static.szse.cn/disc/disk03/finalpage/2026-04-10/866c66bc-5465-495f-ab60-3dc494cd71bc.PDF,https://disc.static.szse.cn/disc/disk03/finalpage/2026-04-10/866c66bc-5465-495f-ab60-3dc494cd71bc.PDF,data/raw/000531.SZ/2025/esg_report.pdf,a1df07ddb7d5ef04108f91157ee541ae8f50f211a103b1cb2cc43b8857a7c36f,67372961
000533.SZ,顺钠股份,2025,annual_report,https://disc.static.szse.cn/disc/disk03/finalpage/2026-04-16/4029358f-f034-49a5-8b81-32b9d55251d8.pdf,https://disc.static.szse.cn/disc/disk03/finalpage/2026-04-16/4029358f-f034-49a5-8b81-32b9d55251d8.pdf,data/raw/000533.SZ/2025/annual_report.pdf,80d523dc9f1d0adf918a531bd76cf614dc6ccc1285fc650db6e2947ff88f5cdf,2269809
000533.SZ,顺钠股份,2025,esg_report,https://disc.static.szse.cn/disc/disk03/finalpage/2026-04-16/88823c04-dc9b-4d4f-bc42-e8e2a9d96887.PDF,https://disc.static.szse.cn/disc/disk03/finalpage/2026-04-16/88823c04-dc9b-4d4f-bc42-e8e2a9d96887.PDF,data/raw/000533.SZ/2025/esg_report.pdf,6758c0cc7ef927463de249b4af8b5a0f66fda886585e52a41c5a23d031b21176,15953514
000537.SZ,绿发电力,2025,annual_report,https://disc.static.szse.cn/disc/disk03/finalpage/2026-04-28/b1bb7df3-3ace-455c-94b0-b2593b344572.PDF,https://disc.static.szse.cn/disc/disk03/finalpage/2026-04-28/b1bb7df3-3ace-455c-94b0-b2593b344572.PDF,data/raw/000537.SZ/2025/annual_report.pdf,7fd86920dfdcbfa4c6ac1c0fe49ae337204cec61b3bb1fb6985c47a4791247fe,2248825
000539.SZ,粤电力Ａ,2025,annual_report,https://disc.static.szse.cn/disc/disk03/finalpage/2026-03-31/07735727-f60a-4a65-b45a-d3bedb3a8192.PDF,https://disc.static.szse.cn/disc/disk03/finalpage/2026-03-31/07735727-f60a-4a65-b45a-d3bedb3a8192.PDF,data/raw/000539.SZ/2025/annual_report.pdf,14f52505dcf5c67201f89fa1c05924f009deffaae1244a1611d7283868823422,4736832
000543.SZ,皖能电力,2025,annual_report,https://disc.static.szse.cn/disc/disk03/finalpage/2026-04-24/3b3f544c-c39a-4da0-8493-880d50c9247f.PDF,https://disc.static.szse.cn/disc/disk03/finalpage/2026-04-24/3b3f544c-c39a-4da0-8493-880d50c9247f.PDF,data/raw/000543.SZ/2025/annual_report.pdf,1b0608ef0bf705db234250be1b99f5ec9bc47dd0cfc3bd6077046b7d1c36cf13,1453717
000543.SZ,皖能电力,2025,esg_report,https://disc.static.szse.cn/disc/disk03/finalpage/2026-04-24/07509de1-a0fd-43c0-b1fd-9c9d001f4d73.PDF,https://disc.static.szse.cn/disc/disk03/finalpage/2026-04-24/07509de1-a0fd-43c0-b1fd-9c9d001f4d73.PDF,data/raw/000543.SZ/2025/esg_report.pdf,83b9e3211cc38b1fbdb4665c3a67315106c54886b048a3e1c19daddbfaec7171,27764818
000554.SZ,泰山石油,2025,annual_report,https://disc.static.szse.cn/disc/disk03/finalpage/2026-04-24/f1293baa-82c3-4def-b2ce-2df13ac2a987.PDF,https://disc.static.szse.cn/disc/disk03/finalpage/2026-04-24/f1293baa-82c3-4def-b2ce-2df13ac2a987.PDF,data/raw/000554.SZ/2025/annual_report.pdf,af5fb64e276ee5a4fe4b4996a3d1e59b73497ba6693f9fa44ea3bdf2bdea7aa4,6315146
000554.SZ,泰山石油,2025,esg_report,https://disc.static.szse.cn/disc/disk03/finalpage/2026-04-24/ea8fc224-cd29-440d-9cc5-01f843455242.PDF,https://disc.static.szse.cn/disc/disk03/finalpage/2026-04-24/ea8fc224-cd29-440d-9cc5-01f843455242.PDF,data/raw/000554.SZ/2025/esg_report.pdf,217bf62eca707b6d71708d7f408668a7c1d6c6bfa3cc064cbacefffda4c5021d,38391275
000591.SZ,太阳能,2025,annual_report,https://disc.static.szse.cn/disc/disk03/finalpage/2026-04-24/e4246dbf-16d3-426d-853d-fb06a648fc88.PDF,https://disc.static.szse.cn/disc/disk03/finalpage/2026-04-24/e4246dbf-16d3-426d-853d-fb06a648fc88.PDF,data/raw/000591.SZ/2025/annual_report.pdf,bc5603ed96e5bc32d526988e69430631ecb61ac867db1bd466ae8bd49565d1fa,1384009
000593.SZ,德龙汇能,2025,annual_report,https://disc.static.szse.cn/disc/disk03/finalpage/2026-04-25/8f7b360b-3f11-4214-8d16-a78f575d9aa1.PDF,https://disc.static.szse.cn/disc/disk03/finalpage/2026-04-25/8f7b360b-3f11-4214-8d16-a78f575d9aa1.PDF,data/raw/000593.SZ/2025/annual_report.pdf,76f2092cc165813102f2278abfe33109dd953407c8afd0332603dfea961a3aab,3784214
000600.SZ,建投能源,2025,annual_report,https://disc.static.szse.cn/disc/disk03/finalpage/2026-04-29/c569a305-bce8-4d42-9786-6f96640344f6.PDF,https://disc.static.szse.cn/disc/disk03/finalpage/2026-04-29/c569a305-bce8-4d42-9786-6f96640344f6.PDF,data/raw/000600.SZ/2025/annual_report.pdf,a27e66779edff3c6e5332f1033d520eb12f3bdd03524125d3f807327f22235e4,9368864
000600.SZ,建投能源,2025,esg_report,https://disc.static.szse.cn/disc/disk03/finalpage/2026-04-29/ba6a9b6c-0794-4a84-90c5-1a1ebb80389c.PDF,https://disc.static.szse.cn/disc/disk03/finalpage/2026-04-29/ba6a9b6c-0794-4a84-90c5-1a1ebb80389c.PDF,data/raw/000600.SZ/2025/esg_report.pdf,a7ecee741aaf1ffa43df1cd48588eaac8a52f7dd0051328a15422b140000f3d5,43202820
000601.SZ,韶能股份,2025,annual_report,https://disc.static.szse.cn/disc/disk03/finalpage/2026-04-24/57934b65-1290-4228-a299-cc9b02ac080e.PDF,https://disc.static.szse.cn/disc/disk03/finalpage/2026-04-24/57934b65-1290-4228-a299-cc9b02ac080e.PDF,data/raw/000601.SZ/2025/annual_report.pdf,34e5fc8e900d6e1ae8b5c6aa17b023bfbe6537bde01c6f41908eea603299f84c,2941071
00061.HK,GREEN LEADER,2025,annual_report,https://www1.hkexnews.hk/listedco/listconews/sehk/2026/0424/2026042400838.pdf,https://www1.hkexnews.hk/listedco/listconews/sehk/2026/0424/2026042400838.pdf,data/raw/hkex_reports/00061.HK/2025/annual_report.pdf,0419f653af8367d701e63178a4aa6371317fdca3a2ca0d54333305dbed788068,2975098
00061.HK,GREEN LEADER,2025,esg_report,https://www1.hkexnews.hk/listedco/listconews/sehk/2026/0424/2026042400920.pdf,https://www1.hkexnews.hk/listedco/listconews/sehk/2026/0424/2026042400920.pdf,data/raw/hkex_reports/00061.HK/2025/esg_report.pdf,1cc69e9154b74a6e20b95494026e3e78153fb3bf6e132011eee21572b751e781,2629822
000637.SZ,茂化实华,2025,annual_report,https://disc.static.szse.cn/disc/disk03/finalpage/2026-04-29/9ee7b32c-9375-494b-a7df-e1467b8af59b.PDF,https://disc.static.szse.cn/disc/disk03/finalpage/2026-04-29/9ee7b32c-9375-494b-a7df-e1467b8af59b.PDF,data/raw/000637.SZ/2025/annual_report.pdf,18231670324fb8ab60c264dbaebf4972004a4c153aa5a046dc7be4d2e40646d9,1291103
00065.HK,GRAND OCEAN AR,2025,annual_report,https://www1.hkexnews.hk/listedco/listconews/sehk/2026/0428/2026042802772.pdf,https://www1.hkexnews.hk/listedco/listconews/sehk/2026/0428/2026042802772.pdf,data/raw/hkex_reports/00065.HK/2025/annual_report.pdf,9de6602fba6ef38da2e2f1321d6eab3773656d5cf73765c9c26ad4716cd08a73,1988455
000682.SZ,东方电子,2025,annual_report,https://disc.static.szse.cn/disc/disk03/finalpage/2026-04-24/a512cf37-75dd-4d0d-96e8-76bf6eb22bdf.PDF,https://disc.static.szse.cn/disc/disk03/finalpage/2026-04-24/a512cf37-75dd-4d0d-96e8-76bf6eb22bdf.PDF,data/raw/000682.SZ/2025/annual_report.pdf,4cbdcada558fa9e38e232120db50dafb4c33c4c7b522b1ffedb1c720d9360ef2,2111550
000690.SZ,宝新能源,2025,annual_report,https://disc.static.szse.cn/disc/disk03/finalpage/2026-04-21/4f9ccb95-957e-40e2-bc29-c80aed851941.PDF,https://disc.static.szse.cn/disc/disk03/finalpage/2026-04-21/4f9ccb95-957e-40e2-bc29-c80aed851941.PDF,data/raw/000690.SZ/2025/annual_report.pdf,eea8494bf556389c8b3bc469160906ce6e4f564799dea95a477d505be5e5df3d,1100603
000690.SZ,宝新能源,2025,esg_report,https://disc.static.szse.cn/disc/disk03/finalpage/2026-04-21/baccaf84-357b-41d7-9726-747eb93b7683.PDF,https://disc.static.szse.cn/disc/disk03/finalpage/2026-04-21/baccaf84-357b-41d7-9726-747eb93b7683.PDF,data/raw/000690.SZ/2025/esg_report.pdf,165cb4026e70096e54de03cf27a933c7cb2791ad7d62694829412b779c6efeb8,358376
000692.SZ,惠天热电,2025,annual_report,https://disc.static.szse.cn/disc/disk03/finalpage/2026-04-29/a0c3e46c-096c-4bae-b85e-34d7a86f0fde.PDF,https://disc.static.szse.cn/disc/disk03/finalpage/2026-04-29/a0c3e46c-096c-4bae-b85e-34d7a86f0fde.PDF,data/raw/000692.SZ/2025/annual_report.pdf,62eaa4d6bb8a8fc3b34abb6460a9f19dcd16cd2032c8bd393c569a85b34b6a5c,1314153
000703.SZ,恒逸石化,2025,annual_report,https://disc.static.szse.cn/disc/disk03/finalpage/2026-04-15/d1cf3d86-3007-4b83-80d3-0b837413c84e.PDF,https://disc.static.szse.cn/disc/disk03/finalpage/2026-04-15/d1cf3d86-3007-4b83-80d3-0b837413c84e.PDF,data/raw/000703.SZ/2025/annual_report.pdf,e0959767b909750630a3dbf6870b31711d2e835a1db82875ac0ad50e1d40b0ea,3101020
000720.SZ,新能泰山,2025,annual_report,https://disc.static.szse.cn/disc/disk03/finalpage/2026-04-29/59929986-3982-402a-922b-c4fa8af50167.PDF,https://disc.static.szse.cn/disc/disk03/finalpage/2026-04-29/59929986-3982-402a-922b-c4fa8af50167.PDF,data/raw/000720.SZ/2025/annual_report.pdf,1bc2c6ccfa4028e3ada3f26998829adc8e3682714306db861e098ac824bf1823,3085003
000722.SZ,湖南发展,2025,annual_report,https://disc.static.szse.cn/disc/disk03/finalpage/2026-04-04/50851f44-a53c-4649-9e1f-666e4ccf3b4f.PDF,https://disc.static.szse.cn/disc/disk03/finalpage/2026-04-04/50851f44-a53c-4649-9e1f-666e4ccf3b4f.PDF,data/raw/000722.SZ/2025/annual_report.pdf,82fb6364c2f56a398976ce8ed375b8ca8aa1a18f6541cc418f443832a69ffe71,1188510
000723.SZ,美锦能源,2025,annual_report,https://disc.static.szse.cn/disc/disk03/finalpage/2026-04-25/90902e19-f604-493b-bcde-74396cf3858a.PDF,https://disc.static.szse.cn/disc/disk03/finalpage/2026-04-25/90902e19-f604-493b-bcde-74396cf3858a.PDF,data/raw/000723.SZ/2025/annual_report.pdf,8d3fdc8de42f4da59369d5438a5c1adb7190d0d627bd48f69b6cd72f6494442e,1504518
000723.SZ,美锦能源,2025,esg_report,https://disc.static.szse.cn/disc/disk03/finalpage/2026-04-25/2570c948-eec5-4e4c-83c4-5f9c46e5f50f.PDF,https://disc.static.szse.cn/disc/disk03/finalpage/2026-04-25/2570c948-eec5-4e4c-83c4-5f9c46e5f50f.PDF,data/raw/000723.SZ/2025/esg_report.pdf,53dcaddfbf27220447873aa6322d1b9c8a44fa58d739e3e75bb9234da1162292,98315262
000767.SZ,晋控电力,2025,annual_report,https://disc.static.szse.cn/disc/disk03/finalpage/2026-04-23/2acf2511-82ce-4e87-8469-75e628a11616.PDF,https://disc.static.szse.cn/disc/disk03/finalpage/2026-04-23/2acf2511-82ce-4e87-8469-75e628a11616.PDF,data/raw/000767.SZ/2025/annual_report.pdf,de2b71d7c5a1eb76f9fccba18d52b8aa266fd1f543d8451cbad9759b8a02ebd4,1367653
000767.SZ,晋控电力,2025,esg_report,https://disc.static.szse.cn/disc/disk03/finalpage/2026-04-23/f72cd14a-6dfe-4039-9446-c09fd8e88366.PDF,https://disc.static.szse.cn/disc/disk03/finalpage/2026-04-23/f72cd14a-6dfe-4039-9446-c09fd8e88366.PDF,data/raw/000767.SZ/2025/esg_report.pdf,afd3f4c0b304e087744f92be7f507dc81dc7ba088b545efc1a6ff06b603f4140,47543156
000791.SZ,甘肃能源,2025,annual_report,https://disc.static.szse.cn/disc/disk03/finalpage/2026-03-28/10221d94-7e0e-445d-b125-c8ae644724cc.PDF,https://disc.static.szse.cn/disc/disk03/finalpage/2026-03-28/10221d94-7e0e-445d-b125-c8ae644724cc.PDF,data/raw/000791.SZ/2025/annual_report.pdf,bfe980a1233eeebda9d0870e0f171fc98a8f64adffe5fd63114926ff1bcd789f,1217257
000791.SZ,甘肃能源,2025,esg_report,https://disc.static.szse.cn/disc/disk03/finalpage/2026-03-28/003b10b9-e971-4620-a1de-7a6c8394afc1.PDF,https://disc.static.szse.cn/disc/disk03/finalpage/2026-03-28/003b10b9-e971-4620-a1de-7a6c8394afc1.PDF,data/raw/000791.SZ/2025/esg_report.pdf,821f32421d3907ed0f7d30f3cd559dc2f93a93b1403372545b0d53ab67dcea94,22878316
000819.SZ,岳阳兴长,2025,annual_report,https://disc.static.szse.cn/disc/disk03/finalpage/2026-05-07/a252f237-c704-4a63-94af-7d46e95aaa54.PDF,https://disc.static.szse.cn/disc/disk03/finalpage/2026-05-07/a252f237-c704-4a63-94af-7d46e95aaa54.PDF,data/raw/000819.SZ/2025/annual_report.pdf,6f7b12e1f54ffa254eec0cb9e1725835dcdcbd800b600b35598c444cc53171ba,124327
000819.SZ,岳阳兴长,2025,esg_report,https://disc.static.szse.cn/disc/disk03/finalpage/2026-04-21/5229fe4f-ff77-41be-b90a-fc9f3e290f67.PDF,https://disc.static.szse.cn/disc/disk03/finalpage/2026-04-21/5229fe4f-ff77-41be-b90a-fc9f3e290f67.PDF,data/raw/000819.SZ/2025/esg_report.pdf,0db859da852dd5915008850b389116d9687fd7f816cd732657ab587557715e1d,22830692
000862.SZ,银星能源,2025,annual_report,https://disc.static.szse.cn/disc/disk03/finalpage/2026-03-26/30eecae4-5a04-406a-840b-f367bb859c3c.PDF,https://disc.static.szse.cn/disc/disk03/finalpage/2026-03-26/30eecae4-5a04-406a-840b-f367bb859c3c.PDF,data/raw/000862.SZ/2025/annual_report.pdf,2b7b5f9e47e833592e64e1fc4ecee6224e4fb10f67c37d462a11dd53f4ab4ca5,1038968
000875.SZ,电投绿能,2025,annual_report,https://disc.static.szse.cn/disc/disk03/finalpage/2026-04-21/64af4bfa-5ad4-4edf-b789-beb9eee1d5e4.PDF,https://disc.static.szse.cn/disc/disk03/finalpage/2026-04-21/64af4bfa-5ad4-4edf-b789-beb9eee1d5e4.PDF,data/raw/000875.SZ/2025/annual_report.pdf,1661c3bbc9d7d1905421884a5d57c01b06b2fb2a27bb0541bbb90295524ac75f,1511578
000883.SZ,湖北能源,2025,annual_report,https://disc.static.szse.cn/disc/disk03/finalpage/2026-04-29/7cb29321-483e-4cc9-82de-4ecc59dbb3b6.PDF,https://disc.static.szse.cn/disc/disk03/finalpage/2026-04-29/7cb29321-483e-4cc9-82de-4ecc59dbb3b6.PDF,data/raw/000883.SZ/2025/annual_report.pdf,e9dc6572c45b306e1fdae8394bc7b4d6d21d846fc0fb1614a5272b786f34695c,1773763
000899.SZ,赣能股份,2025,annual_report,https://disc.static.szse.cn/disc/disk03/finalpage/2026-04-18/a7f2febb-f881-4856-b224-636c65c34b6f.PDF,https://disc.static.szse.cn/disc/disk03/finalpage/2026-04-18/a7f2febb-f881-4856-b224-636c65c34b6f.PDF,data/raw/000899.SZ/2025/annual_report.pdf,1063fd11f45f1190db6fbfb0db47c59088417410047b8676ccc38a11d96c2db4,1139425
000922.SZ,佳电股份,2025,annual_report,https://disc.static.szse.cn/disc/disk03/finalpage/2026-03-28/be00e823-5d01-4cb9-a50c-35ecc85e0f97.PDF,https://disc.static.szse.cn/disc/disk03/finalpage/2026-03-28/be00e823-5d01-4cb9-a50c-35ecc85e0f97.PDF,data/raw/000922.SZ/2025/annual_report.pdf,7818015c66e18bcfd39f61c882cdc7718ab4066b036c30a28de768283151adb3,1816460
000937.SZ,冀中能源,2025,annual_report,https://disc.static.szse.cn/disc/disk03/finalpage/2026-04-29/e44b0814-6036-40c4-a477-98173145ea75.PDF,https://disc.static.szse.cn/disc/disk03/finalpage/2026-04-29/e44b0814-6036-40c4-a477-98173145ea75.PDF,data/raw/000937.SZ/2025/annual_report.pdf,18d1e468333b6253c3e2407b6a390a8fc190b6cfde4afb10b48dcfb320254c0f,1362339
000966.SZ,长源电力,2025,annual_report,https://disc.static.szse.cn/disc/disk03/finalpage/2026-04-24/0ec1b7b3-9c73-4ebe-96cd-9782a630fda6.PDF,https://disc.static.szse.cn/disc/disk03/finalpage/2026-04-24/0ec1b7b3-9c73-4ebe-96cd-9782a630fda6.PDF,data/raw/000966.SZ/2025/annual_report.pdf,9c3b3bfa7ebc0b887e0e681a2daae6b855c2d618bc64d06e2b3762de90435775,1565745
000968.SZ,蓝焰控股,2025,annual_report,https://disc.static.szse.cn/disc/disk03/finalpage/2026-04-28/e8e58391-9f7d-4e3e-a20f-f91de853f3ff.PDF,https://disc.static.szse.cn/disc/disk03/finalpage/2026-04-28/e8e58391-9f7d-4e3e-a20f-f91de853f3ff.PDF,data/raw/000968.SZ/2025/annual_report.pdf,5b7e2680db59030685904ec0b5a79099207590f5f749285a786039b64bdfcc64,1387618
000993.SZ,闽东电力,2025,annual_report,https://disc.static.szse.cn/disc/disk03/finalpage/2026-03-31/bde59dd0-8054-47c4-aecb-bb7e0e860c7d.PDF,https://disc.static.szse.cn/disc/disk03/finalpage/2026-03-31/bde59dd0-8054-47c4-aecb-bb7e0e860c7d.PDF,data/raw/000993.SZ/2025/annual_report.pdf,423d5beef93a524dcb373973e5b757b8984dc7affd368465714fa1c1d9fd6b62,1055954
001208.SZ,华菱线缆,2025,annual_report,https://disc.static.szse.cn/disc/disk03/finalpage/2026-03-30/56775ab6-ab4a-48fc-8176-0ea4367b2869.pdf,https://disc.static.szse.cn/disc/disk03/finalpage/2026-03-30/56775ab6-ab4a-48fc-8176-0ea4367b2869.pdf,data/raw/001208.SZ/2025/annual_report.pdf,df519176f5a65033bc8f60995fc91eddcc02b9e8d297e96720e3a0fed858fe26,1809971
001258.SZ,立新能源,2025,annual_report,https://disc.static.szse.cn/disc/disk03/finalpage/2026-04-23/c4de7ed7-ade8-4b19-862a-a453dfedb428.PDF,https://disc.static.szse.cn/disc/disk03/finalpage/2026-04-23/c4de7ed7-ade8-4b19-862a-a453dfedb428.PDF,data/raw/001258.SZ/2025/annual_report.pdf,02a9e25acc0e49972a9dd4cc4ce3b6cc03f5fabf4a6963b61d80b49f211b0e32,7042167
001269.SZ,欧晶科技,2025,annual_report,https://disc.static.szse.cn/disc/disk03/finalpage/2026-04-25/902f94d2-33d3-4e7c-9c36-ecab85315b76.PDF,https://disc.static.szse.cn/disc/disk03/finalpage/2026-04-25/902f94d2-33d3-4e7c-9c36-ecab85315b76.PDF,data/raw/001269.SZ/2025/annual_report.pdf,5764b8303d7ac0da421529d2fd08ddb77f442b01c2b8cd5219a25156b564b246,1428134
001283.SZ,豪鹏科技,2025,annual_report,https://disc.static.szse.cn/disc/disk03/finalpage/2026-04-16/2b63f8cc-9b74-4cda-8d1b-f80d8ecb7c70.PDF,https://disc.static.szse.cn/disc/disk03/finalpage/2026-04-16/2b63f8cc-9b74-4cda-8d1b-f80d8ecb7c70.PDF,data/raw/001283.SZ/2025/annual_report.pdf,647a164fb2aa9449d59c282ef1cb60f2ee2a189735dc6314dbfdc53fe3f485b4,91986
001289.SZ,龙源电力,2025,annual_report,https://disc.static.szse.cn/disc/disk03/finalpage/2026-04-01/fac89145-0b4c-4e33-8bf0-d72fb2f548d4.PDF,https://disc.static.szse.cn/disc/disk03/finalpage/2026-04-01/fac89145-0b4c-4e33-8bf0-d72fb2f548d4.PDF,data/raw/001289.SZ/2025/annual_report.pdf,135764a1713c7bdcf9d0bd8f3dda9f7d04ee1722ab69272a917e514a3b1f6816,1676635
001299.SZ,美能能源,2025,annual_report,https://disc.static.szse.cn/disc/disk03/finalpage/2026-03-31/f7696a92-7048-415a-a1ea-5e606706c7e9.PDF,https://disc.static.szse.cn/disc/disk03/finalpage/2026-03-31/f7696a92-7048-415a-a1ea-5e606706c7e9.PDF,data/raw/001299.SZ/2025/annual_report.pdf,6fb1da082121d9ddeae18f7690f3b427b6243fb7badc2fb98fc3b2c9340ff1a2,1546247
001301.SZ,尚太科技,2025,annual_report,https://disc.static.szse.cn/disc/disk03/finalpage/2026-04-22/d209877c-7229-4b60-8107-63d0d7bdefeb.PDF,https://disc.static.szse.cn/disc/disk03/finalpage/2026-04-22/d209877c-7229-4b60-8107-63d0d7bdefeb.PDF,data/raw/001301.SZ/2025/annual_report.pdf,f114852f3b63afe21d7d6afb1d7deb63791a42229fe887e08b232e4a222e941b,1915926
001331.SZ,胜通能源,2025,annual_report,https://disc.static.szse.cn/disc/disk03/finalpage/2026-04-29/271cb7b4-b15b-4113-9501-fce9cef8707a.PDF,https://disc.static.szse.cn/disc/disk03/finalpage/2026-04-29/271cb7b4-b15b-4113-9501-fce9cef8707a.PDF,data/raw/001331.SZ/2025/annual_report.pdf,4cc3c5386320eb9f83d4a73390692237edcac94d83499e4061b66796e61282cf,1549180
00135.HK,KUNLUN ENERGY,2025,annual_report,https://www1.hkexnews.hk/listedco/listconews/sehk/2026/0430/2026043002625.pdf,https://www1.hkexnews.hk/listedco/listconews/sehk/2026/0430/2026043002625.pdf,data/raw/hkex_reports/00135.HK/2025/annual_report.pdf,374ac1be77650cad6e126652b03a869144422beefb60db1bc0c616230ef05fb8,10172828
00135.HK,KUNLUN ENERGY,2025,esg_report,https://www1.hkexnews.hk/listedco/listconews/sehk/2026/0430/2026043002783.pdf,https://www1.hkexnews.hk/listedco/listconews/sehk/2026/0430/2026043002783.pdf,data/raw/hkex_reports/00135.HK/2025/esg_report.pdf,b6bb0afbe285d892f3e923f3b13513589d228c2a8f3ccc8546f294270c8e2a67,26960396
001376.SZ,百通能源,2025,annual_report,https://disc.static.szse.cn/disc/disk03/finalpage/2026-04-28/137db815-42e3-4949-b832-a56948686385.PDF,https://disc.static.szse.cn/disc/disk03/finalpage/2026-04-28/137db815-42e3-4949-b832-a56948686385.PDF,data/raw/001376.SZ/2025/annual_report.pdf,9cd1dd0ce86c691c7481c6d6707eafe92e5c6554bd5e34ee564847c6bb0ca5a4,1224808
00182.HK,CONCORD NE,2025,annual_report,https://www1.hkexnews.hk/listedco/listconews/sehk/2026/0427/2026042702254.pdf,https://www1.hkexnews.hk/listedco/listconews/sehk/2026/0427/2026042702254.pdf,data/raw/hkex_reports/00182.HK/2025/annual_report.pdf,05edaebbd5e8c4f5143f07e26fee546ab29235f204dc1366e805e890276fba10,2846927
00182.HK,CONCORD NE,2025,esg_report,https://www1.hkexnews.hk/listedco/listconews/sehk/2026/0427/2026042702376.pdf,https://www1.hkexnews.hk/listedco/listconews/sehk/2026/0427/2026042702376.pdf,data/raw/hkex_reports/00182.HK/2025/esg_report.pdf,a5459997af9c8ca27bee92c9495d82325296ad7f952b387311098237d091ac56,17533258
001896.SZ,豫能控股,2025,annual_report,https://disc.static.szse.cn/disc/disk03/finalpage/2026-03-31/29426423-51db-4e0f-91b9-a1a8b18c2613.PDF,https://disc.static.szse.cn/disc/disk03/finalpage/2026-03-31/29426423-51db-4e0f-91b9-a1a8b18c2613.PDF,data/raw/001896.SZ/2025/annual_report.pdf,028a42e4bab4735b67342b0038dad7397add6c1860512c837aa36ec98b0d028d,1382869
00196.HK,HONGHUA GROUP,2025,annual_report,https://www1.hkexnews.hk/listedco/listconews/sehk/2026/0427/2026042703116.pdf,https://www1.hkexnews.hk/listedco/listconews/sehk/2026/0427/2026042703116.pdf,data/raw/hkex_reports/00196.HK/2025/annual_report.pdf,4d8e622cb72b32bc3244481c856f67e43378aabe12624c71883e63c59c68f59e,4637626
00196.HK,HONGHUA GROUP,2025,esg_report,https://www1.hkexnews.hk/listedco/listconews/sehk/2026/0427/2026042703134.pdf,https://www1.hkexnews.hk/listedco/listconews/sehk/2026/0427/2026042703134.pdf,data/raw/hkex_reports/00196.HK/2025/esg_report.pdf,c815ea1bdb599ac26f9713cbeb8dc7d38abc9966685bb1ec2f60844249a6f7f8,20696782
002015.SZ,协鑫能科,2025,annual_report,https://disc.static.szse.cn/disc/disk03/finalpage/2026-04-28/49b7a390-3785-4070-a59f-20d1f61bb728.PDF,https://disc.static.szse.cn/disc/disk03/finalpage/2026-04-28/49b7a390-3785-4070-a59f-20d1f61bb728.PDF,data/raw/002015.SZ/2025/annual_report.pdf,b04b314cfe26b038742e9123f96bdf4416a706ea120fc993e689e9bece264575,9222624
002028.SZ,思源电气,2025,annual_report,https://disc.static.szse.cn/disc/disk03/finalpage/2026-04-18/3c22416d-40f1-4579-a548-54ec921787e2.PDF,https://disc.static.szse.cn/disc/disk03/finalpage/2026-04-18/3c22416d-40f1-4579-a548-54ec921787e2.PDF,data/raw/002028.SZ/2025/annual_report.pdf,0896b776db4a598e8894d79b3f557e465d31d0533e039004abf9522de9615c7d,149157
002039.SZ,黔源电力,2025,annual_report,https://disc.static.szse.cn/disc/disk03/finalpage/2026-04-03/08b895dd-7fed-43d3-b09d-df7e6b89ba5b.PDF,https://disc.static.szse.cn/disc/disk03/finalpage/2026-04-03/08b895dd-7fed-43d3-b09d-df7e6b89ba5b.PDF,data/raw/002039.SZ/2025/annual_report.pdf,d4379608a8b527261255d3c6680183edc386bbd34129dc15f26b988ca623d9a3,1097036
002056.SZ,横店东磁,2025,annual_report,https://disc.static.szse.cn/disc/disk03/finalpage/2026-03-28/f1c580f0-6676-467e-aa2a-23596db5075f.PDF,https://disc.static.szse.cn/disc/disk03/finalpage/2026-03-28/f1c580f0-6676-467e-aa2a-23596db5075f.PDF,data/raw/002056.SZ/2025/annual_report.pdf,8076c0e60cacd697a818c20f77249c938cd2075b9d2602a115869c1fe00506d5,5048326
00206.HK,CM-ENERGY,2025,annual_report,https://www1.hkexnews.hk/listedco/listconews/sehk/2026/0430/2026043001000.pdf,https://www1.hkexnews.hk/listedco/listconews/sehk/2026/0430/2026043001000.pdf,data/raw/hkex_reports/00206.HK/2025/annual_report.pdf,7d56877ee5658fb2ea47b29ffb1d7cd0b42ccd187ed1c090bee66486378e8084,10098060
002060.SZ,广东建工,2025,annual_report,https://disc.static.szse.cn/disc/disk03/finalpage/2026-04-15/3d851b6f-2f82-4f32-836b-270005153d8e.PDF,https://disc.static.szse.cn/disc/disk03/finalpage/2026-04-15/3d851b6f-2f82-4f32-836b-270005153d8e.PDF,data/raw/002060.SZ/2025/annual_report.pdf,706262bf4e0b058236c072182cf74e46f03d5146e74079a49bd315d5554240ca,1758507
002074.SZ,国轩高科,2025,annual_report,https://disc.static.szse.cn/disc/disk03/finalpage/2026-04-29/24ee6bf9-6daa-4f4f-ae46-12dfbe099287.pdf,https://disc.static.szse.cn/disc/disk03/finalpage/2026-04-29/24ee6bf9-6daa-4f4f-ae46-12dfbe099287.pdf,data/raw/002074.SZ/2025/annual_report.pdf,2a255f70026f280deb60691a7937b662615a1b1addb2ce379a56e95698e358fb,1557390
002090.SZ,金智科技,2025,annual_report,https://disc.static.szse.cn/disc/disk03/finalpage/2026-04-17/da4335ae-ea0c-4a70-9871-ecab8a547187.PDF,https://disc.static.szse.cn/disc/disk03/finalpage/2026-04-17/da4335ae-ea0c-4a70-9871-ecab8a547187.PDF,data/raw/002090.SZ/2025/annual_report.pdf,1aa20dcb2ee09d96ecedec9c29429771c5d107b77f70b9bd6b3b7e3344247ef1,4974627
002112.SZ,三变科技,2025,annual_report,https://disc.static.szse.cn/disc/disk03/finalpage/2026-04-25/caf40685-d8e0-4f4b-8321-c015eb841be9.PDF,https://disc.static.szse.cn/disc/disk03/finalpage/2026-04-25/caf40685-d8e0-4f4b-8321-c015eb841be9.PDF,data/raw/002112.SZ/2025/annual_report.pdf,202d02214048b0c7db1d1910d7a7dfb76ffe1f1ca0dc52e8ade08693724e3210,1026989
002121.SZ,科陆电子,2025,annual_report,https://disc.static.szse.cn/disc/disk03/finalpage/2026-03-21/ed93f917-25f8-48f9-ab61-42295b09cb1f.PDF,https://disc.static.szse.cn/disc/disk03/finalpage/2026-03-21/ed93f917-25f8-48f9-ab61-42295b09cb1f.PDF,data/raw/002121.SZ/2025/annual_report.pdf,72300a0e8ef03645bbc9e51e05bf29e2b1ead16db7ce30dcfae472b02b0d3add,5633404
002125.SZ,湘潭电化,2025,annual_report,https://disc.static.szse.cn/disc/disk03/finalpage/2026-04-25/9814767f-89f7-43fb-8dcd-d31745ba9093.PDF,https://disc.static.szse.cn/disc/disk03/finalpage/2026-04-25/9814767f-89f7-43fb-8dcd-d31745ba9093.PDF,data/raw/002125.SZ/2025/annual_report.pdf,01c39e74315dbc38e3d7d7bf0d12dd439433e7ec2561f45eaadc835e57ec7859,1236623
002128.SZ,电投能源,2025,annual_report,https://disc.static.szse.cn/disc/disk03/finalpage/2026-04-15/3355aa03-a913-46f0-bfb2-14e9d92c7283.PDF,https://disc.static.szse.cn/disc/disk03/finalpage/2026-04-15/3355aa03-a913-46f0-bfb2-14e9d92c7283.PDF,data/raw/002128.SZ/2025/annual_report.pdf,d68752f707d0f3c55ec9841c133281cc9354130c1bfb11769a3af99e33e0c5fb,1599089
002129.SZ,TCL中环,2025,annual_report,https://disc.static.szse.cn/disc/disk03/finalpage/2026-03-25/8f0198a5-861c-4515-acfd-adc1f573d502.PDF,https://disc.static.szse.cn/disc/disk03/finalpage/2026-03-25/8f0198a5-861c-4515-acfd-adc1f573d502.PDF,data/raw/002129.SZ/2025/annual_report.pdf,f787f5489df911d12f8534f912fe7f71312413d1bec19e60ec9ee184e691c3b6,1532979
002169.SZ,智光电气,2025,annual_report,https://disc.static.szse.cn/disc/disk03/finalpage/2026-04-15/739e0342-3fa4-46b6-95af-7067be4980c4.PDF,https://disc.static.szse.cn/disc/disk03/finalpage/2026-04-15/739e0342-3fa4-46b6-95af-7067be4980c4.PDF,data/raw/002169.SZ/2025/annual_report.pdf,a43e07c015994883009a635d1aefb9ce1ce383500c6f671d22e87446da45762e,2034775
002196.SZ,方正电机,2025,annual_report,https://disc.static.szse.cn/disc/disk03/finalpage/2026-04-15/a456e582-fc19-4d59-8b58-e99ef54d92d5.PDF,https://disc.static.szse.cn/disc/disk03/finalpage/2026-04-15/a456e582-fc19-4d59-8b58-e99ef54d92d5.PDF,data/raw/002196.SZ/2025/annual_report.pdf,7cf30434f5c41659a8cec3dc3a098d3d04db55fd4009ad45f8950bbd8e08da34,1547533
002202.SZ,金风科技,2025,annual_report,https://disc.static.szse.cn/disc/disk03/finalpage/2026-03-28/7c7c2787-dabb-4ae2-8802-72b5b47a462a.PDF,https://disc.static.szse.cn/disc/disk03/finalpage/2026-03-28/7c7c2787-dabb-4ae2-8802-72b5b47a462a.PDF,data/raw/002202.SZ/2025/annual_report.pdf,ca8bba1f3ddd9a3a7baabbd190770baf4b6ed5b8da368d6555a6673a33164c9b,6288373
002218.SZ,拓日新能,2025,annual_report,https://disc.static.szse.cn/disc/disk03/finalpage/2026-04-23/d241f8a1-28ab-41f5-b48e-bd130c85cc84.PDF,https://disc.static.szse.cn/disc/disk03/finalpage/2026-04-23/d241f8a1-28ab-41f5-b48e-bd130c85cc84.PDF,data/raw/002218.SZ/2025/annual_report.pdf,c5dc322a9553459b7cdfcd43b6b9a76220f6104323b9af3781d75481c02159fb,1500208
002221.SZ,东华能源,2025,annual_report,https://disc.static.szse.cn/disc/disk03/finalpage/2026-04-29/ba4f5e7f-c222-4b3d-a472-0235e3269623.PDF,https://disc.static.szse.cn/disc/disk03/finalpage/2026-04-29/ba4f5e7f-c222-4b3d-a472-0235e3269623.PDF,data/raw/002221.SZ/2025/annual_report.pdf,bea40ef50e36f29902281b4cd0424c532f5c0661f6cd43870b3522c8844c378c,1276282
002245.SZ,蔚蓝锂芯,2025,annual_report,https://disc.static.szse.cn/disc/disk03/finalpage/2026-04-14/f2df9f6e-7c03-4781-93df-51c9a7e0d2da.PDF,https://disc.static.szse.cn/disc/disk03/finalpage/2026-04-14/f2df9f6e-7c03-4781-93df-51c9a7e0d2da.PDF,data/raw/002245.SZ/2025/annual_report.pdf,740d22d9f6b15ea70b6594d963ceaf3e796b2cf7a622bc4ff41d2c20cf3664fb,1076693
002249.SZ,大洋电机,2025,annual_report,https://disc.static.szse.cn/disc/disk03/finalpage/2026-03-24/1fc38dbb-a7f8-4434-ae5c-aee14648d4a2.PDF,https://disc.static.szse.cn/disc/disk03/finalpage/2026-03-24/1fc38dbb-a7f8-4434-ae5c-aee14648d4a2.PDF,data/raw/002249.SZ/2025/annual_report.pdf,89727539c2b37210eefe0ec27ab317ff7ddc977b4a625c31bfcc33bfdf9cc214,2670082
002255.SZ,海陆重工,2025,annual_report,https://disc.static.szse.cn/disc/disk03/finalpage/2026-03-28/c8b0aa4f-b20e-4f7b-bf2a-d18f555a44f9.PDF,https://disc.static.szse.cn/disc/disk03/finalpage/2026-03-28/c8b0aa4f-b20e-4f7b-bf2a-d18f555a44f9.PDF,data/raw/002255.SZ/2025/annual_report.pdf,82313c0686201b7e62ad189857d800cffc9f8e81386aa0b6fd1c169a3e19d792,3847668
002259.SZ,升达林业,2025,annual_report,https://disc.static.szse.cn/disc/disk03/finalpage/2026-04-15/4d6f83d6-74b7-443b-afd6-804de9cfe00d.PDF,https://disc.static.szse.cn/disc/disk03/finalpage/2026-04-15/4d6f83d6-74b7-443b-afd6-804de9cfe00d.PDF,data/raw/002259.SZ/2025/annual_report.pdf,f3c0be9d094b0ca265fba5387383ceddda0b75d7400de18b4477584a7ea9f047,3102405
002267.SZ,陕天然气,2025,annual_report,https://disc.static.szse.cn/disc/disk03/finalpage/2026-04-28/a57a38df-881c-4609-b9f0-b3944a2ab170.PDF,https://disc.static.szse.cn/disc/disk03/finalpage/2026-04-28/a57a38df-881c-4609-b9f0-b3944a2ab170.PDF,data/raw/002267.SZ/2025/annual_report.pdf,af285e3332557a2411deae988276dc8aaaf357708e63e0339b8b1db533600e6f,1449597
002270.SZ,华明装备,2025,annual_report,https://disc.static.szse.cn/disc/disk03/finalpage/2026-02-27/47d249dd-be14-44f2-9261-0cf1708f32db.PDF,https://disc.static.szse.cn/disc/disk03/finalpage/2026-02-27/47d249dd-be14-44f2-9261-0cf1708f32db.PDF,data/raw/002270.SZ/2025/annual_report.pdf,9cc125a5dd3ddae732ca2086a03b992a23f176bede735ca29c8fa42c22cbb286,2503642
002276.SZ,万马股份,2025,annual_report,https://disc.static.szse.cn/disc/disk03/finalpage/2026-04-23/a33f650e-46b9-4ed5-a58a-79e77f2f5592.PDF,https://disc.static.szse.cn/disc/disk03/finalpage/2026-04-23/a33f650e-46b9-4ed5-a58a-79e77f2f5592.PDF,data/raw/002276.SZ/2025/annual_report.pdf,43c3ef2056d7eac26a3a886ca475a69e1e240811e86499c319ccd69ffa3a3a78,2303632
00228.HK,CHINAENERGY-NEW,0,listing_document,https://www1.hkexnews.hk/listedco/listconews/sehk/2025/1202/2025120200196.pdf,https://www1.hkexnews.hk/listedco/listconews/sehk/2025/1202/2025120200196.pdf,data/raw/hkex_reports/00228.HK/0/listing_document.pdf,1976bdf855564c5a6f931915fbbd3685e08fa637a8cddc4fd5ebd7d56710a6a8,465063
00228.HK,CHINA ENERGY,2025,annual_report,https://www1.hkexnews.hk/listedco/listconews/sehk/2026/0429/2026042902276.pdf,https://www1.hkexnews.hk/listedco/listconews/sehk/2026/0429/2026042902276.pdf,data/raw/hkex_reports/00228.HK/2025/annual_report.pdf,2f2a15c659b138ad65f43f972bb28f5df29386dba894d19387728310a7c3bef5,9385789
00228.HK,CHINA ENERGY,2025,esg_report,https://www1.hkexnews.hk/listedco/listconews/sehk/2026/0429/2026042902658.pdf,https://www1.hkexnews.hk/listedco/listconews/sehk/2026/0429/2026042902658.pdf,data/raw/hkex_reports/00228.HK/2025/esg_report.pdf,242b25932a5f7be4844b1b7c449db298ca298c4c8e798aa3af8997a47f84d077,25062544
002300.SZ,太阳电缆,2025,annual_report,https://disc.static.szse.cn/disc/disk03/finalpage/2026-04-10/b39d04a8-fc3d-48eb-8961-559d9ecdf35b.PDF,https://disc.static.szse.cn/disc/disk03/finalpage/2026-04-10/b39d04a8-fc3d-48eb-8961-559d9ecdf35b.PDF,data/raw/002300.SZ/2025/annual_report.pdf,9352a63c9f39a10caca7e085e938c3f8e5f0caf95dfb4a71daa0dab112d46df8,4655200
002309.SZ,中利集团,2025,annual_report,https://disc.static.szse.cn/disc/disk03/finalpage/2026-04-25/dd120446-927f-4cfa-9751-d1ad3a6f504d.PDF,https://disc.static.szse.cn/disc/disk03/finalpage/2026-04-25/dd120446-927f-4cfa-9751-d1ad3a6f504d.PDF,data/raw/002309.SZ/2025/annual_report.pdf,76be49b70ac169ab5a3688ca0b5254ca60dda88b9b974beb2bb147748e6a17ac,14033361
002335.SZ,科华数据,2025,annual_report,https://disc.static.szse.cn/disc/disk03/finalpage/2026-04-27/ca319cfc-8b2d-47a0-b519-d422aed39d46.PDF,https://disc.static.szse.cn/disc/disk03/finalpage/2026-04-27/ca319cfc-8b2d-47a0-b519-d422aed39d46.PDF,data/raw/002335.SZ/2025/annual_report.pdf,e61c011f94bdfc892d2b4ec7714ec78fdcd18aec7807501dece2d523345a8da4,2151160
002339.SZ,积成电子,2025,annual_report,https://disc.static.szse.cn/disc/disk03/finalpage/2026-04-24/ce18e64d-c3ca-41a8-9efc-266b9a94bccc.PDF,https://disc.static.szse.cn/disc/disk03/finalpage/2026-04-24/ce18e64d-c3ca-41a8-9efc-266b9a94bccc.PDF,data/raw/002339.SZ/2025/annual_report.pdf,dea0e3d355d25eba2e69afd8c74edee940e7fe2327aeb1e0e929ce93974fe17a,1086715
002340.SZ,格林美,2025,annual_report,https://disc.static.szse.cn/disc/disk03/finalpage/2026-04-22/b4675097-7e47-4cc6-898b-281ace34ff8f.PDF,https://disc.static.szse.cn/disc/disk03/finalpage/2026-04-22/b4675097-7e47-4cc6-898b-281ace34ff8f.PDF,data/raw/002340.SZ/2025/annual_report.pdf,fdb3060c97bc4273571f75b85e39dd399c7e8c580f8d874892463fa5efd4b15f,10160104
002346.SZ,柘中股份,2025,annual_report,https://disc.static.szse.cn/disc/disk03/finalpage/2026-04-29/cb42deea-b6ed-4e79-9dee-3c41bb578c79.PDF,https://disc.static.szse.cn/disc/disk03/finalpage/2026-04-29/cb42deea-b6ed-4e79-9dee-3c41bb578c79.PDF,data/raw/002346.SZ/2025/annual_report.pdf,7d41432d50d532044462dd925d8f7fe7726e968f6165bd0a0d46898332a104d5,1204012
002350.SZ,北京科锐,2025,annual_report,https://disc.static.szse.cn/disc/disk03/finalpage/2026-04-29/1a9512d7-e08f-4e67-acbd-8076e88ce903.PDF,https://disc.static.szse.cn/disc/disk03/finalpage/2026-04-29/1a9512d7-e08f-4e67-acbd-8076e88ce903.PDF,data/raw/002350.SZ/2025/annual_report.pdf,6fec254cac6027c3360cb5901f4c54e6d16d6e4f641ee03f846cbe831f1aaa20,1213341
002358.SZ,森源电气,2025,annual_report,https://disc.static.szse.cn/disc/disk03/finalpage/2026-04-29/1a2d55d7-3411-490f-9bc1-873b435827a8.PDF,https://disc.static.szse.cn/disc/disk03/finalpage/2026-04-29/1a2d55d7-3411-490f-9bc1-873b435827a8.PDF,data/raw/002358.SZ/2025/annual_report.pdf,3845ff59fb7da200cb924b4fa2f5b22c5ac9df0d2cc2326f92a82e1d21ea232a,1103944
002364.SZ,中恒电气,2025,annual_report,https://disc.static.szse.cn/disc/disk03/finalpage/2026-04-21/d0543cb8-6de6-4606-9add-49a587d32b30.PDF,https://disc.static.szse.cn/disc/disk03/finalpage/2026-04-21/d0543cb8-6de6-4606-9add-49a587d32b30.PDF,data/raw/002364.SZ/2025/annual_report.pdf,ecc65f120a3cc4ff286f77ec9e7d9dffbdd9a198d681a9261bf6b84eda0f24e4,1998823
002366.SZ,融发核电,2025,annual_report,https://disc.static.szse.cn/disc/disk03/finalpage/2026-04-25/72e9b43b-d6a0-4207-899f-61221180fb4e.PDF,https://disc.static.szse.cn/disc/disk03/finalpage/2026-04-25/72e9b43b-d6a0-4207-899f-61221180fb4e.PDF,data/raw/002366.SZ/2025/annual_report.pdf,c3c6ef66c5caf62af733c6459c13b70800240b30fbd0212501121104850dfd88,1006706
002441.SZ,众业达,2025,annual_report,https://disc.static.szse.cn/disc/disk03/finalpage/2026-04-18/7b3bf95a-ae4a-4c12-8baf-b48ad7525844.PDF,https://disc.static.szse.cn/disc/disk03/finalpage/2026-04-18/7b3bf95a-ae4a-4c12-8baf-b48ad7525844.PDF,data/raw/002441.SZ/2025/annual_report.pdf,963263e1fd402cf82fa4ccbdfc8a3acba58e31a48488b2ce7cf16cb8b5a57303,150094
002451.SZ,摩恩电气,2025,annual_report,https://disc.static.szse.cn/disc/disk03/finalpage/2026-03-30/a37b075e-8c98-4835-9ecb-decb72feba74.PDF,https://disc.static.szse.cn/disc/disk03/finalpage/2026-03-30/a37b075e-8c98-4835-9ecb-decb72feba74.PDF,data/raw/002451.SZ/2025/annual_report.pdf,113569b59fe2f1208eb70c1449236ec4891a9e58e02737fa69e71a0f72505299,1396345
002452.SZ,长高电新,2025,annual_report,https://disc.static.szse.cn/disc/disk03/finalpage/2026-04-27/8394b347-a51f-43a9-b0bd-3a8cc0d14839.PDF,https://disc.static.szse.cn/disc/disk03/finalpage/2026-04-27/8394b347-a51f-43a9-b0bd-3a8cc0d14839.PDF,data/raw/002452.SZ/2025/annual_report.pdf,e73769f723baa7cded1474387a4fc943fc3ed61bf011d26948ff7173ef8d478f,1740753
002459.SZ,晶澳科技,2025,annual_report,https://disc.static.szse.cn/disc/disk03/finalpage/2026-06-27/02ab0b14-3199-4345-b062-aad38cbd48de.pdf,https://disc.static.szse.cn/disc/disk03/finalpage/2026-06-27/02ab0b14-3199-4345-b062-aad38cbd48de.pdf,data/raw/002459.SZ/2025/annual_report.pdf,178d018b090d0507f361e51b80e66187cc732a744cd487e0135005a0fcf4579d,1462372
002471.SZ,中超控股,2025,annual_report,https://disc.static.szse.cn/disc/disk03/finalpage/2026-03-31/ad27dfda-eebe-41ac-9525-3986e37f8d27.PDF,https://disc.static.szse.cn/disc/disk03/finalpage/2026-03-31/ad27dfda-eebe-41ac-9525-3986e37f8d27.PDF,data/raw/002471.SZ/2025/annual_report.pdf,fac8719284d685b8baecf2482c8a9d507f6253c4eb0233efcac48ef9953efc11,1615030
002479.SZ,富春环保,2025,annual_report,https://disc.static.szse.cn/disc/disk03/finalpage/2026-04-15/3cce9fc8-99a1-4baf-8427-45389448583c.PDF,https://disc.static.szse.cn/disc/disk03/finalpage/2026-04-15/3cce9fc8-99a1-4baf-8427-45389448583c.PDF,data/raw/002479.SZ/2025/annual_report.pdf,360af15d0da836a8cdd03402ab031ece226a9bc9651fa234d391d1e8f1bc2541,3680351
002487.SZ,大金重工,2025,annual_report,https://disc.static.szse.cn/disc/disk03/finalpage/2026-03-06/6aa612fb-1857-49fb-80ae-34252bd385b7.PDF,https://disc.static.szse.cn/disc/disk03/finalpage/2026-03-06/6aa612fb-1857-49fb-80ae-34252bd385b7.PDF,data/raw/002487.SZ/2025/annual_report.pdf,be11f9d8a30b23c2b4710120a851f839820242785e50fd6193e44c168e005241,1842153
002490.SZ,山东墨龙,2025,annual_report,https://disc.static.szse.cn/disc/disk03/finalpage/2026-04-01/6e2bee29-5946-4301-9895-ac7d1174e5b6.PDF,https://disc.static.szse.cn/disc/disk03/finalpage/2026-04-01/6e2bee29-5946-4301-9895-ac7d1174e5b6.PDF,data/raw/002490.SZ/2025/annual_report.pdf,bb709c5bfb380df527bbde03e0ce3bdea0677bb667cf2d1aeb595eec814470d5,1277966
002493.SZ,荣盛石化,2025,annual_report,https://disc.static.szse.cn/disc/disk03/finalpage/2026-04-28/7d9ecbc3-2a3e-4d91-bfff-35bff069056b.PDF,https://disc.static.szse.cn/disc/disk03/finalpage/2026-04-28/7d9ecbc3-2a3e-4d91-bfff-35bff069056b.PDF,data/raw/002493.SZ/2025/annual_report.pdf,5ada5b8f99729ab921788dd3790aa0aa4063bd6bd4d900911f1f6bf936eff99c,2084671
002498.SZ,汉缆股份,2025,annual_report,https://disc.static.szse.cn/disc/disk03/finalpage/2026-04-29/465426c4-26ef-49e5-abac-f7fce81521a1.PDF,https://disc.static.szse.cn/disc/disk03/finalpage/2026-04-29/465426c4-26ef-49e5-abac-f7fce81521a1.PDF,data/raw/002498.SZ/2025/annual_report.pdf,3f6579800fdb325a605eba764e02ab7cb9e5be7b26e4b75a0ae181eaec2bd295,4124599
002506.SZ,协鑫集成,2025,annual_report,https://disc.static.szse.cn/disc/disk03/finalpage/2026-04-29/ac31e6a4-4483-47d6-af86-1af648a92e57.PDF,https://disc.static.szse.cn/disc/disk03/finalpage/2026-04-29/ac31e6a4-4483-47d6-af86-1af648a92e57.PDF,data/raw/002506.SZ/2025/annual_report.pdf,c2231c498c30bc6bf3a8ffc69606290d844c89cb6c2f8639066785be5c027b69,5584947
002518.SZ,科士达,2025,annual_report,https://disc.static.szse.cn/disc/disk03/finalpage/2026-04-27/e54b4902-5747-4c1c-8dd5-a6112528cd82.PDF,https://disc.static.szse.cn/disc/disk03/finalpage/2026-04-27/e54b4902-5747-4c1c-8dd5-a6112528cd82.PDF,data/raw/002518.SZ/2025/annual_report.pdf,9283b09d034b3f375194c25cc70dd10d8cc645b3061bd6ee6739fffbd7b08114,5359040
002527.SZ,新时达,2025,annual_report,https://disc.static.szse.cn/disc/disk03/finalpage/2026-04-15/866891c2-bedd-49ee-b324-da2eb032f458.PDF,https://disc.static.szse.cn/disc/disk03/finalpage/2026-04-15/866891c2-bedd-49ee-b324-da2eb032f458.PDF,data/raw/002527.SZ/2025/annual_report.pdf,2e880730964687a97019096254e0fb200badaed8b18cd553f20aecb9c92c260f,6237650
002531.SZ,天顺风能,2025,annual_report,https://disc.static.szse.cn/disc/disk03/finalpage/2026-03-31/71506d41-34b8-48e6-8d9e-0de347776e7e.PDF,https://disc.static.szse.cn/disc/disk03/finalpage/2026-03-31/71506d41-34b8-48e6-8d9e-0de347776e7e.PDF,data/raw/002531.SZ/2025/annual_report.pdf,dbb81225b75cc4859f6cf5d28ac2e4e03959e09c74507b0c185dddd98b1974f5,1328187
002533.SZ,金杯电工,2025,annual_report,https://disc.static.szse.cn/disc/disk03/finalpage/2026-03-31/35d76772-6a6b-4dde-9439-b554040356ac.PDF,https://disc.static.szse.cn/disc/disk03/finalpage/2026-03-31/35d76772-6a6b-4dde-9439-b554040356ac.PDF,data/raw/002533.SZ/2025/annual_report.pdf,3eaf2e5a60b0248aa631ffb8914eb5d769fd0b41e0fd3168c6983558f17fb7ff,2162099
002534.SZ,西子洁能,2025,annual_report,https://disc.static.szse.cn/disc/disk03/finalpage/2026-04-10/3560cabc-efb7-4f50-95bc-6cf839c31719.PDF,https://disc.static.szse.cn/disc/disk03/finalpage/2026-04-10/3560cabc-efb7-4f50-95bc-6cf839c31719.PDF,data/raw/002534.SZ/2025/annual_report.pdf,1ffefef60930d9adf5912db941b46f09843430bec361110267699b994911c47a,4726326
002546.SZ,新联电子,2025,annual_report,https://disc.static.szse.cn/disc/disk03/finalpage/2026-03-25/6c71a32b-98f8-4ca5-abc1-98ead8ba3ea9.PDF,https://disc.static.szse.cn/disc/disk03/finalpage/2026-03-25/6c71a32b-98f8-4ca5-abc1-98ead8ba3ea9.PDF,data/raw/002546.SZ/2025/annual_report.pdf,95347047c5eadfd884e06ca92776ad3e377ef37560071f4e923ceed6317cc691,3258395
002560.SZ,通达股份,2025,annual_report,https://disc.static.szse.cn/disc/disk03/finalpage/2026-03-31/55376d06-ea54-4cdb-a847-9446ebc585a1.PDF,https://disc.static.szse.cn/disc/disk03/finalpage/2026-03-31/55376d06-ea54-4cdb-a847-9446ebc585a1.PDF,data/raw/002560.SZ/2025/annual_report.pdf,c7f02682cab65ca236b3813c65854a64d1fb5c2db47b6fa5724e2073256103de,4846033
002576.SZ,通达动力,2025,annual_report,https://disc.static.szse.cn/disc/disk03/finalpage/2026-03-31/4f84c761-ba1d-4a7e-9dd0-fb0d44d2ac0f.PDF,https://disc.static.szse.cn/disc/disk03/finalpage/2026-03-31/4f84c761-ba1d-4a7e-9dd0-fb0d44d2ac0f.PDF,data/raw/002576.SZ/2025/annual_report.pdf,102448cefcdce42ec2239c5c2477ab0ccc1d650b80cdc981a95ce622b35e0051,103393
002580.SZ,圣阳股份,2025,annual_report,https://disc.static.szse.cn/disc/disk03/finalpage/2026-04-24/67bf6f38-6389-41b3-8189-b84a008910b2.PDF,https://disc.static.szse.cn/disc/disk03/finalpage/2026-04-24/67bf6f38-6389-41b3-8189-b84a008910b2.PDF,data/raw/002580.SZ/2025/annual_report.pdf,b391b41fa0d2f61c49db090550c7ca3131549e47b950174f5e998d5f860254db,3192296
002606.SZ,大连电瓷,2025,annual_report,https://disc.static.szse.cn/disc/disk03/finalpage/2026-04-23/ecbc2b8f-2aac-4038-8ec6-07e0843517bb.PDF,https://disc.static.szse.cn/disc/disk03/finalpage/2026-04-23/ecbc2b8f-2aac-4038-8ec6-07e0843517bb.PDF,data/raw/002606.SZ/2025/annual_report.pdf,030a539c5fa2c429bd97a1dab16b8041d1a52d2a503db0735ad9ecf5f63b4d31,1576878
002608.SZ,江苏国信,2025,annual_report,https://disc.static.szse.cn/disc/disk03/finalpage/2026-04-21/c7d1055e-81f8-444a-97d4-e3c96c701add.PDF,https://disc.static.szse.cn/disc/disk03/finalpage/2026-04-21/c7d1055e-81f8-444a-97d4-e3c96c701add.PDF,data/raw/002608.SZ/2025/annual_report.pdf,c11d86a51900e8ae2d569606604803e1e1f795fef8bb10cb7edc52ab386bf5f9,2887800
002616.SZ,长青集团,2025,annual_report,https://disc.static.szse.cn/disc/disk03/finalpage/2026-03-31/6c1bc172-edf2-4c40-b9b4-5ae4e1fe7c88.PDF,https://disc.static.szse.cn/disc/disk03/finalpage/2026-03-31/6c1bc172-edf2-4c40-b9b4-5ae4e1fe7c88.PDF,data/raw/002616.SZ/2025/annual_report.pdf,3fe56d35341af72366388d9f860177790095b2c3fb9c9765a04231d58892b75d,6543981
002623.SZ,亚玛顿,2025,annual_report,https://disc.static.szse.cn/disc/disk03/finalpage/2026-04-29/fa2bb489-a63a-4f03-b9b2-35d2b6232f91.PDF,https://disc.static.szse.cn/disc/disk03/finalpage/2026-04-29/fa2bb489-a63a-4f03-b9b2-35d2b6232f91.PDF,data/raw/002623.SZ/2025/annual_report.pdf,3a49ba30872d403c2f55d15a5104193c64b5dc9dbd9d43770a40919dbb659c4b,4670303
002629.SZ,仁智股份,2025,annual_report,https://disc.static.szse.cn/disc/disk03/finalpage/2026-04-16/a3538fd0-f7d9-43d9-a326-7b6d0bc4dcfa.PDF,https://disc.static.szse.cn/disc/disk03/finalpage/2026-04-16/a3538fd0-f7d9-43d9-a326-7b6d0bc4dcfa.PDF,data/raw/002629.SZ/2025/annual_report.pdf,a47d58d5208a0b4061d32beb322a4720f1d8d7fc109cb65c022179d8a160ac79,108173
002692.SZ,远程股份,2025,annual_report,https://disc.static.szse.cn/disc/disk03/finalpage/2026-04-24/15d69e62-f6ac-4db7-bb27-b9e701f3eb78.PDF,https://disc.static.szse.cn/disc/disk03/finalpage/2026-04-24/15d69e62-f6ac-4db7-bb27-b9e701f3eb78.PDF,data/raw/002692.SZ/2025/annual_report.pdf,ced8ff385e71e3609aeed87dd276c441a0f8a67cec4e4d160aef35d34e4c4c13,1297262
002700.SZ,万憬能源,2025,annual_report,https://disc.static.szse.cn/disc/disk03/finalpage/2026-04-25/a7c9e1d6-7141-45ca-9af7-15a645c622a3.PDF,https://disc.static.szse.cn/disc/disk03/finalpage/2026-04-25/a7c9e1d6-7141-45ca-9af7-15a645c622a3.PDF,data/raw/002700.SZ/2025/annual_report.pdf,844d013c87e7d7c7bbbbb99202ee80fdcd47babdf59a139ff89900ef8b22df4e,1778518
002706.SZ,良信股份,2025,annual_report,https://disc.static.szse.cn/disc/disk03/finalpage/2026-04-11/6e5b941a-3c90-4bfa-916d-e46782edd6fa.PDF,https://disc.static.szse.cn/disc/disk03/finalpage/2026-04-11/6e5b941a-3c90-4bfa-916d-e46782edd6fa.PDF,data/raw/002706.SZ/2025/annual_report.pdf,2321b29c4955dc71c14bc8a0bbb068929c5e115375272c513a7f09b271b1da73,2859270
002709.SZ,天赐材料,2025,annual_report,https://disc.static.szse.cn/disc/disk03/finalpage/2026-03-10/ec4e9518-be76-457d-9a6d-9ef0ac247297.PDF,https://disc.static.szse.cn/disc/disk03/finalpage/2026-03-10/ec4e9518-be76-457d-9a6d-9ef0ac247297.PDF,data/raw/002709.SZ/2025/annual_report.pdf,81877607987489f2454c2128180e0427ad871e44f8cbc9fe3d3e931776b8e4a3,5156718
002733.SZ,雄韬股份,2025,annual_report,https://disc.static.szse.cn/disc/disk03/finalpage/2026-04-24/a8249934-67f9-47f8-a96d-08d0c2740f4b.PDF,https://disc.static.szse.cn/disc/disk03/finalpage/2026-04-24/a8249934-67f9-47f8-a96d-08d0c2740f4b.PDF,data/raw/002733.SZ/2025/annual_report.pdf,a4d4f9e767fbb1abdd639dfc6856777c1aabd4aca699de509760b167f961f56d,4245501
00276.HK,MONGOLIA ENERGY,2026,annual_report,https://www1.hkexnews.hk/listedco/listconews/sehk/2026/0723/2026072300316.pdf,https://www1.hkexnews.hk/listedco/listconews/sehk/2026/0723/2026072300316.pdf,data/raw/hkex_reports/00276.HK/2026/annual_report.pdf,1fe878d6abe77b1cdee9998c73971ce2a1ab34393f64cac35e8de50da356af5b,11608292
00276.HK,MONGOLIA ENERGY,2026,esg_report,https://www1.hkexnews.hk/listedco/listconews/sehk/2026/0723/2026072300568.pdf,https://www1.hkexnews.hk/listedco/listconews/sehk/2026/0723/2026072300568.pdf,data/raw/hkex_reports/00276.HK/2026/esg_report.pdf,ce58ea2dc9c685924338c75391730cbc42c732ba6aaf6317529dc282b0740af2,25378872
002801.SZ,微光股份,2025,annual_report,https://disc.static.szse.cn/disc/disk03/finalpage/2026-03-27/1bfc463d-2bad-4099-9de3-e3be2579d890.PDF,https://disc.static.szse.cn/disc/disk03/finalpage/2026-03-27/1bfc463d-2bad-4099-9de3-e3be2579d890.PDF,data/raw/002801.SZ/2025/annual_report.pdf,32975620373c58435c133c6ba453d83c9cc9d2168fe10ac3d5fdb0b1a3fb4b6b,1137224
002805.SZ,丰元股份,2025,annual_report,https://disc.static.szse.cn/disc/disk03/finalpage/2026-04-29/684325ed-93d0-4e74-a4ed-c2292dca0cb1.PDF,https://disc.static.szse.cn/disc/disk03/finalpage/2026-04-29/684325ed-93d0-4e74-a4ed-c2292dca0cb1.PDF,data/raw/002805.SZ/2025/annual_report.pdf,72bed03862a27cce55a588f25b9390f23b3b9f66ca9d45e9b975b58f551df6c8,1512830
002812.SZ,恩捷股份,2025,annual_report,https://disc.static.szse.cn/disc/disk03/finalpage/2026-05-19/a5848564-a512-4e91-804f-609e6cbcb48a.PDF,https://disc.static.szse.cn/disc/disk03/finalpage/2026-05-19/a5848564-a512-4e91-804f-609e6cbcb48a.PDF,data/raw/002812.SZ/2025/annual_report.pdf,b77391bd59f9f82f5ef2f6af3147e749ed8e81203ddcbf32c7728294aa367b92,2639249
002823.SZ,凯中精密,2025,annual_report,https://disc.static.szse.cn/disc/disk03/finalpage/2026-04-16/316221be-eb66-4537-80ad-340fe5d6ffc9.PDF,https://disc.static.szse.cn/disc/disk03/finalpage/2026-04-16/316221be-eb66-4537-80ad-340fe5d6ffc9.PDF,data/raw/002823.SZ/2025/annual_report.pdf,fd64b5d6dc88c10e3b0265c48e85eca964849c6db1b02248d5ee509bec24b28f,1294074
002828.SZ,贝肯能源,2025,annual_report,https://disc.static.szse.cn/disc/disk03/finalpage/2026-04-30/de118d83-ced2-4586-9090-d23a8fd12989.PDF,https://disc.static.szse.cn/disc/disk03/finalpage/2026-04-30/de118d83-ced2-4586-9090-d23a8fd12989.PDF,data/raw/002828.SZ/2025/annual_report.pdf,d932b4233ea003d15238290f6c78a719d7941719fc56deff903f0386003100e1,1208883
002850.SZ,科达利,2025,annual_report,https://disc.static.szse.cn/disc/disk03/finalpage/2026-03-28/fa698b1e-6f1c-4857-8646-be7cf69c8999.PDF,https://disc.static.szse.cn/disc/disk03/finalpage/2026-03-28/fa698b1e-6f1c-4857-8646-be7cf69c8999.PDF,data/raw/002850.SZ/2025/annual_report.pdf,cb1ef97611ef711531af9bc1abcd36e4a4280449099397887f3d576c86332fa3,5657967
002851.SZ,麦格米特,2025,annual_report,https://disc.static.szse.cn/disc/disk03/finalpage/2026-04-29/f3fc2c64-9b5e-42b2-b917-0705a696ae21.PDF,https://disc.static.szse.cn/disc/disk03/finalpage/2026-04-29/f3fc2c64-9b5e-42b2-b917-0705a696ae21.PDF,data/raw/002851.SZ/2025/annual_report.pdf,6f125c76b21cec147075000a7e99c2e54918c5d8297f75b10648651d752ec27e,152302
002857.SZ,三晖电气,2025,annual_report,https://disc.static.szse.cn/disc/disk03/finalpage/2026-04-29/05cd7c95-c5c4-418b-b356-3cf40b6423f7.PDF,https://disc.static.szse.cn/disc/disk03/finalpage/2026-04-29/05cd7c95-c5c4-418b-b356-3cf40b6423f7.PDF,data/raw/002857.SZ/2025/annual_report.pdf,1bbcc9b93916bd2611a9a2e20887fafade58d1799a894f4ed8a5af7eecba1a09,1170053
002865.SZ,钧达股份,2025,annual_report,https://disc.static.szse.cn/disc/disk03/finalpage/2026-03-31/8edee58e-306e-46f7-b994-87ee238e35a4.PDF,https://disc.static.szse.cn/disc/disk03/finalpage/2026-03-31/8edee58e-306e-46f7-b994-87ee238e35a4.PDF,data/raw/002865.SZ/2025/annual_report.pdf,45cf0ce4213e2cd5518037cfebc5ec4fc227c36e6531ff1b65ed996476e603ea,1321382
002879.SZ,长缆科技,2025,annual_report,https://disc.static.szse.cn/disc/disk03/finalpage/2026-03-17/1f279fac-93ad-4b11-aa7e-5dc9379bec13.PDF,https://disc.static.szse.cn/disc/disk03/finalpage/2026-03-17/1f279fac-93ad-4b11-aa7e-5dc9379bec13.PDF,data/raw/002879.SZ/2025/annual_report.pdf,941cffa45439c59db449d04d986b8237d5a5ae113821438528745c54aec03142,1593529
002882.SZ,金龙羽,2025,annual_report,https://disc.static.szse.cn/disc/disk03/finalpage/2026-03-27/c8023ac6-3e17-46bd-8cf0-c28947ead96f.PDF,https://disc.static.szse.cn/disc/disk03/finalpage/2026-03-27/c8023ac6-3e17-46bd-8cf0-c28947ead96f.PDF,data/raw/002882.SZ/2025/annual_report.pdf,700c3723c10d9713c077259cf821dfb342ae707b4915ad90418839082d0176d4,993997
002892.SZ,科力尔,2025,annual_report,https://disc.static.szse.cn/disc/disk03/finalpage/2026-04-27/1a63f133-e7e9-4bc3-bcdb-efa138571421.PDF,https://disc.static.szse.cn/disc/disk03/finalpage/2026-04-27/1a63f133-e7e9-4bc3-bcdb-efa138571421.PDF,data/raw/002892.SZ/2025/annual_report.pdf,afef7813ebad1c1ed1b871cb6bd44cd93da2cfea87776eb1b537331ae78ca22b,1570510
002893.SZ,京能热力,2025,annual_report,https://disc.static.szse.cn/disc/disk03/finalpage/2026-04-29/232612b7-b24b-4132-ae8c-adf86a213da0.PDF,https://disc.static.szse.cn/disc/disk03/finalpage/2026-04-29/232612b7-b24b-4132-ae8c-adf86a213da0.PDF,data/raw/002893.SZ/2025/annual_report.pdf,729210dabedc2e5a9fde432d43ea914e7fec3dbae29b60fb1af4a08b7ae8073d,1474464
002911.SZ,佛燃能源,2025,annual_report,https://disc.static.szse.cn/disc/disk03/finalpage/2026-03-25/421ea001-e587-4e69-9c11-4f96f88b41b8.PDF,https://disc.static.szse.cn/disc/disk03/finalpage/2026-03-25/421ea001-e587-4e69-9c11-4f96f88b41b8.PDF,data/raw/002911.SZ/2025/annual_report.pdf,61c79aa987cf0acf4b9bc2aa04bfd649c688a3446717162e5325e167aa9c6d36,1555801
002927.SZ,泰永长征,2025,annual_report,https://disc.static.szse.cn/disc/disk03/finalpage/2026-04-29/18388cfe-f141-484a-ac24-ef4424d7b339.PDF,https://disc.static.szse.cn/disc/disk03/finalpage/2026-04-29/18388cfe-f141-484a-ac24-ef4424d7b339.PDF,data/raw/002927.SZ/2025/annual_report.pdf,9485fae2088725886b743bacebf9e554b4f7d4e1a5ada983be44f0bac1634393,1995592
00295.HK,KONG SUN HOLD,2025,annual_report,https://www1.hkexnews.hk/listedco/listconews/sehk/2026/0428/2026042803631.pdf,https://www1.hkexnews.hk/listedco/listconews/sehk/2026/0428/2026042803631.pdf,data/raw/hkex_reports/00295.HK/2025/annual_report.pdf,f80250c8a5e728964a745d9a4654e2ddfc46b2d7803a70f784fef3e8cb4e5d7c,12658790
002953.SZ,日丰股份,2025,annual_report,https://disc.static.szse.cn/disc/disk03/finalpage/2026-04-24/b67246a5-0e3e-41ca-ba39-4a4877a88034.PDF,https://disc.static.szse.cn/disc/disk03/finalpage/2026-04-24/b67246a5-0e3e-41ca-ba39-4a4877a88034.PDF,data/raw/002953.SZ/2025/annual_report.pdf,91c9bbc60131ee4275dbff73eee5bf79149527f5b6a292bda90aa19b803f34ef,1680157
002980.SZ,华盛昌,2025,annual_report,https://disc.static.szse.cn/disc/disk03/finalpage/2026-04-28/925581b2-0afe-4728-8166-6b4dde2e149d.PDF,https://disc.static.szse.cn/disc/disk03/finalpage/2026-04-28/925581b2-0afe-4728-8166-6b4dde2e149d.PDF,data/raw/002980.SZ/2025/annual_report.pdf,d2220f2e5b60e2eecaeb63d98f9167253e825fa09859a779a32cba5b3a4e5c4a,3281943
002986.SZ,宇新股份,2025,annual_report,https://disc.static.szse.cn/disc/disk03/finalpage/2026-04-28/288a8f32-fd0f-425b-9ffb-4e37945b0cb0.PDF,https://disc.static.szse.cn/disc/disk03/finalpage/2026-04-28/288a8f32-fd0f-425b-9ffb-4e37945b0cb0.PDF,data/raw/002986.SZ/2025/annual_report.pdf,cc785f2134f991979e5f4ed628dee2a2c499b32b73d4c50edf5ec1993e9dc417,1335495
003021.SZ,兆威机电,2025,annual_report,https://disc.static.szse.cn/disc/disk03/finalpage/2026-03-31/6df2c5df-7140-4a1f-b246-2cb97c16d228.PDF,https://disc.static.szse.cn/disc/disk03/finalpage/2026-03-31/6df2c5df-7140-4a1f-b246-2cb97c16d228.PDF,data/raw/003021.SZ/2025/annual_report.pdf,911aa22c0a788b1872362f3d61da2f6435bbac3b819b8b80ed9d9827bba4263d,1838725
003022.SZ,联泓新科,2025,annual_report,https://disc.static.szse.cn/disc/disk03/finalpage/2026-03-28/4a537242-6263-4f8d-89c8-3c87f0aff562.PDF,https://disc.static.szse.cn/disc/disk03/finalpage/2026-03-28/4a537242-6263-4f8d-89c8-3c87f0aff562.PDF,data/raw/003022.SZ/2025/annual_report.pdf,e5cd2a07235bfd6ea9182c35fd6dfbca4d3e809e785459ae0288cecd943c4ef6,6095411
003035.SZ,南网能源,2025,annual_report,https://disc.static.szse.cn/disc/disk03/finalpage/2026-03-28/5f393f3c-af60-4cc7-83f6-ba2855765328.PDF,https://disc.static.szse.cn/disc/disk03/finalpage/2026-03-28/5f393f3c-af60-4cc7-83f6-ba2855765328.PDF,data/raw/003035.SZ/2025/annual_report.pdf,99717f87bed3ea43f593cbe8854e24e7dd0f8878d4d31ddd9da9a46f54ed1741,15943732
00332.HK,YUANHENGGAS-NEW,2025,esg_report,https://www1.hkexnews.hk/listedco/listconews/sehk/2026/0727/2026072700855.pdf,https://www1.hkexnews.hk/listedco/listconews/sehk/2026/0727/2026072700855.pdf,data/raw/hkex_reports/00332.HK/2025/esg_report.pdf,1e05372070bdd0b07588a8eaea8d9b5423e54b87a4c1ef99250ec8a8f0c57fbd,14456198
00332.HK,YUANHENGGAS-NEW,2026,annual_report,https://www1.hkexnews.hk/listedco/listconews/sehk/2026/0727/2026072700847.pdf,https://www1.hkexnews.hk/listedco/listconews/sehk/2026/0727/2026072700847.pdf,data/raw/hkex_reports/00332.HK/2026/annual_report.pdf,e57890db9687ed9aac522f0b44a61d782f4293a0dd738f51d5b868453eabf65a,4781396
00346.HK,YANCHANG PETRO,2025,annual_report,https://www1.hkexnews.hk/listedco/listconews/sehk/2026/0421/2026042101286.pdf,https://www1.hkexnews.hk/listedco/listconews/sehk/2026/0421/2026042101286.pdf,data/raw/hkex_reports/00346.HK/2025/annual_report.pdf,c23dae894e68b25505351ab7b6e04672a9c27f83271ac891864a5fa2ef74b6fe,27075771
00346.HK,YANCHANG PETRO,2025,esg_report,https://www1.hkexnews.hk/listedco/listconews/sehk/2026/0421/2026042101308.pdf,https://www1.hkexnews.hk/listedco/listconews/sehk/2026/0421/2026042101308.pdf,data/raw/hkex_reports/00346.HK/2025/esg_report.pdf,5bbb10bef7de3780482dafa2806bdc6945d1417e6b8e189f992d858f03536b6f,7161734
00353.HK,ENERGY INTINV,2024,annual_report,https://www1.hkexnews.hk/listedco/listconews/sehk/2025/0725/2025072500637.pdf,https://www1.hkexnews.hk/listedco/listconews/sehk/2025/0725/2025072500637.pdf,data/raw/hkex_reports/00353.HK/2024/annual_report.pdf,0bee045479e248fe6f55b0c60417bd1ca1c464614ca88a4b7fb04bafdc4601d7,4498840
00353.HK,ENERGY INTINV,2024,esg_report,https://www1.hkexnews.hk/listedco/listconews/sehk/2025/0725/2025072500817.pdf,https://www1.hkexnews.hk/listedco/listconews/sehk/2025/0725/2025072500817.pdf,data/raw/hkex_reports/00353.HK/2024/esg_report.pdf,3c58b6bfa48f8f150b4e8081b259178d95033336979afe49b85378773c35d7c8,3324154
003816.SZ,中国广核,2025,annual_report,https://disc.static.szse.cn/disc/disk03/finalpage/2026-04-16/d5d81427-7c31-4fed-9d3b-404d9c7679c4.PDF,https://disc.static.szse.cn/disc/disk03/finalpage/2026-04-16/d5d81427-7c31-4fed-9d3b-404d9c7679c4.PDF,data/raw/003816.SZ/2025/annual_report.pdf,c667b8dfecccb7b7916a57bc6b85a807b4a8fa25a46cbdaf00cd7caf8c435cae,14265262
00384.HK,CHINA GAS HOLD,2025,annual_report,https://www1.hkexnews.hk/listedco/listconews/sehk/2026/0727/2026072700334.pdf,https://www1.hkexnews.hk/listedco/listconews/sehk/2026/0727/2026072700334.pdf,data/raw/hkex_reports/00384.HK/2025/annual_report.pdf,fb0e6200a2521eadd9ec8c570d7187ec8ec44bf0f2a9bd57444bb6ef0f6e2c9e,6952100
00384.HK,CHINA GAS HOLD,2025,esg_report,https://www1.hkexnews.hk/listedco/listconews/sehk/2026/0727/2026072700594.pdf,https://www1.hkexnews.hk/listedco/listconews/sehk/2026/0727/2026072700594.pdf,data/raw/hkex_reports/00384.HK/2025/esg_report.pdf,8c7e3cec83d26a3d780b2a0b33acbfdf0b52d17f0dbade298e9f04c2a4f6ab3b,25720684
00392.HK,BEIJING ENT,2025,annual_report,https://www1.hkexnews.hk/listedco/listconews/sehk/2026/0429/2026042902244.pdf,https://www1.hkexnews.hk/listedco/listconews/sehk/2026/0429/2026042902244.pdf,data/raw/hkex_reports/00392.HK/2025/annual_report.pdf,d8b7a5d9daffd3817a8dbaadab424a2218b36f39026512e91de726f41cddb64c,5040458
00392.HK,BEIJING ENT,2025,esg_report,https://www1.hkexnews.hk/listedco/listconews/sehk/2026/0429/2026042902847.pdf,https://www1.hkexnews.hk/listedco/listconews/sehk/2026/0429/2026042902847.pdf,data/raw/hkex_reports/00392.HK/2025/esg_report.pdf,7fea1328a45fa2aa750788ba4134a6fefd21dac9e8fd826282851151574299f1,22862645
00451.HK,GCL NEWENERGY,0,name_change_announcement,https://www1.hkexnews.hk/listedco/listconews/sehk/2026/0617/2026061701556.pdf,https://www1.hkexnews.hk/listedco/listconews/sehk/2026/0617/2026061701556.pdf,data/raw/hkex_reports/00451.HK/0/name_change_announcement.pdf,e094bec74a397354821fcc3bc499750182b321032494c49b60b2222c23d2f9cc,38498
00451.HK,GCL NEWENERGY,2025,annual_report,https://www1.hkexnews.hk/listedco/listconews/sehk/2026/0428/2026042802107.pdf,https://www1.hkexnews.hk/listedco/listconews/sehk/2026/0428/2026042802107.pdf,data/raw/hkex_reports/00451.HK/2025/annual_report.pdf,b515db749731debd6b75572505cb50b104b9e86eea6c38a27d510facc6adbf6c,5580097
00451.HK,GCL NEWENERGY,2025,esg_report,https://www1.hkexnews.hk/listedco/listconews/sehk/2026/0428/2026042802561.pdf,https://www1.hkexnews.hk/listedco/listconews/sehk/2026/0428/2026042802561.pdf,data/raw/hkex_reports/00451.HK/2025/esg_report.pdf,391891fe893b81d0ef491bdc33cc64dff100d4122c08b08835910b84284723e3,14622956
00467.HK,UNITEDENERGY GP,2025,annual_report,https://www1.hkexnews.hk/listedco/listconews/sehk/2026/0430/2026043000239.pdf,https://www1.hkexnews.hk/listedco/listconews/sehk/2026/0430/2026043000239.pdf,data/raw/hkex_reports/00467.HK/2025/annual_report.pdf,d33c2df16f51ddc277dfc1411323299008aa8b8f188abc241711b696d46f26b9,1510252
00467.HK,UNITEDENERGY GP,2025,esg_report,https://www1.hkexnews.hk/listedco/listconews/sehk/2026/0430/2026043000243.pdf,https://www1.hkexnews.hk/listedco/listconews/sehk/2026/0430/2026043000243.pdf,data/raw/hkex_reports/00467.HK/2025/esg_report.pdf,b01339314a883d9a429c2d5f78586789e53eb5bb93b2162e19ca3404bbade4de,44129620
00554.HK,HANS GP HLDGS,2025,annual_report,https://www1.hkexnews.hk/listedco/listconews/sehk/2026/0423/2026042301297.pdf,https://www1.hkexnews.hk/listedco/listconews/sehk/2026/0423/2026042301297.pdf,data/raw/hkex_reports/00554.HK/2025/annual_report.pdf,008b419b64b3e7e79f3aff4975ce3bcc4c3143d98af93d0d5a96b8167af67df0,5237776
00554.HK,HANS GP HLDGS,2025,esg_report,https://www1.hkexnews.hk/listedco/listconews/sehk/2026/0423/2026042301739.pdf,https://www1.hkexnews.hk/listedco/listconews/sehk/2026/0423/2026042301739.pdf,data/raw/hkex_reports/00554.HK/2025/esg_report.pdf,88bfb23a9a22eb9d6dac2607ef626b1d3f6e32d8bde7443ca65c1eafc427025e,408310
00579.HK,JNCEC,2025,annual_report,https://www1.hkexnews.hk/listedco/listconews/sehk/2026/0428/2026042803989.pdf,https://www1.hkexnews.hk/listedco/listconews/sehk/2026/0428/2026042803989.pdf,data/raw/hkex_reports/00579.HK/2025/annual_report.pdf,149af51f67542100e9647786fccab2e3191bbbfc7ac285814665044375e646c2,2330362
00579.HK,JNCEC,2025,esg_report,https://www1.hkexnews.hk/listedco/listconews/sehk/2026/0428/2026042804003.pdf,https://www1.hkexnews.hk/listedco/listconews/sehk/2026/0428/2026042804003.pdf,data/raw/hkex_reports/00579.HK/2025/esg_report.pdf,4f4c7b3d4efac83148c245dd3f938cb8351fede70dda7eba3e7736bc060c3683,27975182
00600.HK,AXERA,0,listing_document,https://www1.hkexnews.hk/listedco/listconews/sehk/2026/0130/2026013000009.pdf,https://www1.hkexnews.hk/listedco/listconews/sehk/2026/0130/2026013000009.pdf,data/raw/hkex_reports/00600.HK/0/listing_document.pdf,e2fc6dd2c993c0d269f10fc54120875ec2662fdebdb46b4538a592f300fb5fbf,7370298
00600.HK,AXERA,2025,annual_report,https://www1.hkexnews.hk/listedco/listconews/sehk/2026/0428/2026042800542.pdf,https://www1.hkexnews.hk/listedco/listconews/sehk/2026/0428/2026042800542.pdf,data/raw/hkex_reports/00600.HK/2025/annual_report.pdf,7ddf143e42890fa4ff6b1eb53ad343b3d7dc17d6f06d2456ec37f86ec63197e0,2998123
00607.HK,FULLSHARE,2025,annual_report,https://www1.hkexnews.hk/listedco/listconews/sehk/2026/0626/2026062601793.pdf,https://www1.hkexnews.hk/listedco/listconews/sehk/2026/0626/2026062601793.pdf,data/raw/hkex_reports/00607.HK/2025/annual_report.pdf,6cf10ee447a9117dfd03a53df47cfd9656a3c696887672186a2152b375379552,4795653
00607.HK,FULLSHARE,2025,esg_report,https://www1.hkexnews.hk/listedco/listconews/sehk/2026/0626/2026062601805.pdf,https://www1.hkexnews.hk/listedco/listconews/sehk/2026/0626/2026062601805.pdf,data/raw/hkex_reports/00607.HK/2025/esg_report.pdf,0f79bcab8cea3c32c6397ff6125bc26611e27db98b591060305777e224bc9e33,12591908
00632.HK,CHK OIL,2025,annual_report,https://www1.hkexnews.hk/listedco/listconews/sehk/2026/0423/2026042300354.pdf,https://www1.hkexnews.hk/listedco/listconews/sehk/2026/0423/2026042300354.pdf,data/raw/hkex_reports/00632.HK/2025/annual_report.pdf,feab5d168f5ddb92299b282f79a0ecc52ffa39203aca137b656190afcc0b8683,2030391
00639.HK,SHOUGANG RES,2025,annual_report,https://www1.hkexnews.hk/listedco/listconews/sehk/2026/0430/2026043000571.pdf,https://www1.hkexnews.hk/listedco/listconews/sehk/2026/0430/2026043000571.pdf,data/raw/hkex_reports/00639.HK/2025/annual_report.pdf,4a6139df010364d7644519202390caf8bf423587e5ef6388c0a7721c57720433,9407291
00645.HK,ARES ASIA,2025,annual_report,https://www1.hkexnews.hk/listedco/listconews/sehk/2026/0720/2026072001465.pdf,https://www1.hkexnews.hk/listedco/listconews/sehk/2026/0720/2026072001465.pdf,data/raw/hkex_reports/00645.HK/2025/annual_report.pdf,1a39f40a26173ae4621505494347a89d4595029cca90fd1d30ab423631ee1f2d,10846957
00650.HK,PRODUCTIVE TECH,2024,annual_report,https://www1.hkexnews.hk/listedco/listconews/sehk/2025/0730/2025073000464.pdf,https://www1.hkexnews.hk/listedco/listconews/sehk/2025/0730/2025073000464.pdf,data/raw/hkex_reports/00650.HK/2024/annual_report.pdf,c26d20345f5b6492aeea9c67d3dc56b8b44bd04d65cbf664a5c563046939f448,7142331
00666.HK,REPT BATTERO,2025,annual_report,https://www1.hkexnews.hk/listedco/listconews/sehk/2026/0429/2026042902781.pdf,https://www1.hkexnews.hk/listedco/listconews/sehk/2026/0429/2026042902781.pdf,data/raw/hkex_reports/00666.HK/2025/annual_report.pdf,bb36db93c73d9161ecc3adf4d60840241fdd15c37e400ea3f76c39f7580529ed,2835841
00666.HK,REPT BATTERO,2025,esg_report,https://www1.hkexnews.hk/listedco/listconews/sehk/2026/0429/2026042903361.pdf,https://www1.hkexnews.hk/listedco/listconews/sehk/2026/0429/2026042903361.pdf,data/raw/hkex_reports/00666.HK/2025/esg_report.pdf,e30e7063b8c67502ef02454f8f84d42eb275f9cde64e8ce56ac512b5f772f55e,18253468
00686.HK,BJ ENERGY INTL,2025,annual_report,https://www1.hkexnews.hk/listedco/listconews/sehk/2026/0423/2026042300710.pdf,https://www1.hkexnews.hk/listedco/listconews/sehk/2026/0423/2026042300710.pdf,data/raw/hkex_reports/00686.HK/2025/annual_report.pdf,60f50659d36cd3283b5a3797d6edb299b9dd2b6962508ca2c4c3565d9b353a8e,66022182
00686.HK,BJ ENERGY INTL,2025,esg_report,https://www1.hkexnews.hk/listedco/listconews/sehk/2026/0423/2026042300780.pdf,https://www1.hkexnews.hk/listedco/listconews/sehk/2026/0423/2026042300780.pdf,data/raw/hkex_reports/00686.HK/2025/esg_report.pdf,c521d33d98a1862841b4cb16fe258ecbf06fe5d8d8e20cdddf205c3e722c2b6d,43233317
00689.HK,EPI (HOLDINGS),0,listing_document,https://www1.hkexnews.hk/listedco/listconews/sehk/2026/0318/2026031801140.pdf,https://www1.hkexnews.hk/listedco/listconews/sehk/2026/0318/2026031801140.pdf,data/raw/hkex_reports/00689.HK/0/listing_document.pdf,3e8b8440ad23e2f5b0feaf51985cde4f43c0a34db2d46b334dc964d6e3dcd367,439444
00689.HK,EPI (HOLDINGS),2025,annual_report,https://www1.hkexnews.hk/listedco/listconews/sehk/2026/0429/2026042902496.pdf,https://www1.hkexnews.hk/listedco/listconews/sehk/2026/0429/2026042902496.pdf,data/raw/hkex_reports/00689.HK/2025/annual_report.pdf,cb626d25677ea62f38808574374be59c2554984b9f5b46b0e3097a2e0645d75e,1766559
00702.HK,SINO OIL & GAS,2023,annual_report,https://www1.hkexnews.hk/listedco/listconews/sehk/2024/0426/2024042602791.pdf,https://www1.hkexnews.hk/listedco/listconews/sehk/2024/0426/2024042602791.pdf,data/raw/00702.HK/2023/annual_report.pdf,1dbfb2258efb3e67648d6e67c047c277afe8523a8ff0571f41488e7fd8c645fc,4974255
00702.HK,SINO OIL & GAS,2023,esg_report,https://www1.hkexnews.hk/listedco/listconews/sehk/2024/0426/2024042602887.pdf,https://www1.hkexnews.hk/listedco/listconews/sehk/2024/0426/2024042602887.pdf,data/raw/00702.HK/2023/esg_report.pdf,e29d83830e34160ac949eebfcf8e48db42018a07da96634c3a3268d90fcce48c,905188
00704.HK,HUSCOKE HLDGS,2024,annual_report,https://www1.hkexnews.hk/listedco/listconews/sehk/2025/0730/2025073000498.pdf,https://www1.hkexnews.hk/listedco/listconews/sehk/2025/0730/2025073000498.pdf,data/raw/hkex_reports/00704.HK/2024/annual_report.pdf,2f2fd7654656d7f33449edd236a12f1cef889d86866dbdfc874c34d873a00f7f,4440079
00819.HK,TIANNENG POWER,2025,annual_report,https://www1.hkexnews.hk/listedco/listconews/sehk/2026/0330/2026033000329.pdf,https://www1.hkexnews.hk/listedco/listconews/sehk/2026/0330/2026033000329.pdf,data/raw/hkex_reports/00819.HK/2025/annual_report.pdf,4749dcc42ee76164ea8901d53fad107305e35dda087b2a652f87c4a767ffd4ef,10108770
00819.HK,TIANNENG POWER,2025,esg_report,https://www1.hkexnews.hk/listedco/listconews/sehk/2026/0330/2026033000335.pdf,https://www1.hkexnews.hk/listedco/listconews/sehk/2026/0330/2026033000335.pdf,data/raw/hkex_reports/00819.HK/2025/esg_report.pdf,5301b43ac9cffa20106bdaf52c543bfb6231192c540f74cdaab16f23a7fbb95f,14670575
00836.HK,CHINA RES POWER,2025,annual_report,https://www1.hkexnews.hk/listedco/listconews/sehk/2026/0428/2026042801637.pdf,https://www1.hkexnews.hk/listedco/listconews/sehk/2026/0428/2026042801637.pdf,data/raw/hkex_reports/00836.HK/2025/annual_report.pdf,ff42db19472f97059413cfbe3ec6abad6157dd70e3d1890ffe5a5adca7749950,10763556
00836.HK,CHINA RES POWER,2025,esg_report,https://www1.hkexnews.hk/listedco/listconews/sehk/2026/0428/2026042802417.pdf,https://www1.hkexnews.hk/listedco/listconews/sehk/2026/0428/2026042802417.pdf,data/raw/hkex_reports/00836.HK/2025/esg_report.pdf,ff02ba8d2c2f36452940dc45726dfa38282ff7e198d600702de8398e0c06e667,14773273
00866.HK,CHINA QINFA,2025,annual_report,https://www1.hkexnews.hk/listedco/listconews/sehk/2026/0427/2026042701905.pdf,https://www1.hkexnews.hk/listedco/listconews/sehk/2026/0427/2026042701905.pdf,data/raw/hkex_reports/00866.HK/2025/annual_report.pdf,3ea809f8acb56a9ad0394e2c1f103686e1e3e5de3097f27299eb71f42e647e24,6863775
00931.HK,CHINA HK POWER,2026,annual_report,https://www1.hkexnews.hk/listedco/listconews/sehk/2026/0724/2026072400746.pdf,https://www1.hkexnews.hk/listedco/listconews/sehk/2026/0724/2026072400746.pdf,data/raw/hkex_reports/00931.HK/2026/annual_report.pdf,bb75e40b88cab54157f6fdb0ed26cfc29bed6443e5239a8189132a7cdf662786,2963687
00934.HK,SINOPEC KANTONS,2025,annual_report,https://www1.hkexnews.hk/listedco/listconews/sehk/2026/0417/2026041700608.pdf,https://www1.hkexnews.hk/listedco/listconews/sehk/2026/0417/2026041700608.pdf,data/raw/hkex_reports/00934.HK/2025/annual_report.pdf,a0d6d8f68cc0b5175db1c3469ba27f85908272274a04410bdf0176de6ee973e4,11196717
00934.HK,SINOPEC KANTONS,2025,esg_report,https://www1.hkexnews.hk/listedco/listconews/sehk/2026/0417/2026041700836.pdf,https://www1.hkexnews.hk/listedco/listconews/sehk/2026/0417/2026041700836.pdf,data/raw/hkex_reports/00934.HK/2025/esg_report.pdf,c7042406a75253af1c181d1f0125961751d77786d55b516af1ed4a9f53ded179,20162460
00951.HK,CHAOWEI POWER,2025,annual_report,https://www1.hkexnews.hk/listedco/listconews/sehk/2026/0424/2026042403282.pdf,https://www1.hkexnews.hk/listedco/listconews/sehk/2026/0424/2026042403282.pdf,data/raw/hkex_reports/00951.HK/2025/annual_report.pdf,3df8fd48e5c7c42416e93a8f764bd0657ab4fed1a925f93993e399798b8362fc,11937815
00951.HK,CHAOWEI POWER,2025,esg_report,https://www1.hkexnews.hk/listedco/listconews/sehk/2026/0424/2026042403288.pdf,https://www1.hkexnews.hk/listedco/listconews/sehk/2026/0424/2026042403288.pdf,data/raw/hkex_reports/00951.HK/2025/esg_report.pdf,a5d72f9f0e32b7120e0950048ff5ef1ac3f1811cdb6a820957f48b863405d9f7,14323669
00968.HK,XINYI SOLAR,2025,annual_report,https://www1.hkexnews.hk/listedco/listconews/sehk/2026/0430/2026043000976.pdf,https://www1.hkexnews.hk/listedco/listconews/sehk/2026/0430/2026043000976.pdf,data/raw/hkex_reports/00968.HK/2025/annual_report.pdf,9e97ef8306142fd76afa79e4e7e680261a78c65adbc63ab719a5555721e73fa8,2962402
00968.HK,XINYI SOLAR,2025,esg_report,https://www1.hkexnews.hk/listedco/listconews/sehk/2026/0430/2026043001048.pdf,https://www1.hkexnews.hk/listedco/listconews/sehk/2026/0430/2026043001048.pdf,data/raw/hkex_reports/00968.HK/2025/esg_report.pdf,42c25a3a39834049a69641d84754520bafd1ac34d0bf34563f22885f7060b43e,12230846
00975.HK,MONGOL MINING,0,esg_report,https://www1.hkexnews.hk/listedco/listconews/sehk/2025/1231/2025123101113.pdf,https://www1.hkexnews.hk/listedco/listconews/sehk/2025/1231/2025123101113.pdf,data/raw/hkex_reports/00975.HK/0/esg_report.pdf,61901c550425d7a9c5729b47520c9059b3b4779274b178f735ba481462d5fff4,509824
00975.HK,MONGOL MINING,2025,annual_report,https://www1.hkexnews.hk/listedco/listconews/sehk/2026/0428/2026042800522.pdf,https://www1.hkexnews.hk/listedco/listconews/sehk/2026/0428/2026042800522.pdf,data/raw/hkex_reports/00975.HK/2025/annual_report.pdf,908dcd642d7af6f8b021006451a44cfd58d1ee9af670ed7baef07ff52e037fdf,40198528
01080.HK,SHENGLI PIPE,2025,annual_report,https://www1.hkexnews.hk/listedco/listconews/sehk/2026/0417/2026041700264.pdf,https://www1.hkexnews.hk/listedco/listconews/sehk/2026/0417/2026041700264.pdf,data/raw/hkex_reports/01080.HK/2025/annual_report.pdf,09257dfa8c16b43ec86cfa9ccb873dba69ab45b24c42d51f2fd292e606e6a660,4753043
01083.HK,TG SMART ENERGY,2025,annual_report,https://www1.hkexnews.hk/listedco/listconews/sehk/2026/0420/2026042000330.pdf,https://www1.hkexnews.hk/listedco/listconews/sehk/2026/0420/2026042000330.pdf,data/raw/hkex_reports/01083.HK/2025/annual_report.pdf,ba6738b8ce89cb681e6d9073e319f7dc6360d7136ceb5da298579b2ad7c1dbfb,22582318
01083.HK,TG SMART ENERGY,2025,esg_report,https://www1.hkexnews.hk/listedco/listconews/sehk/2026/0420/2026042000372.pdf,https://www1.hkexnews.hk/listedco/listconews/sehk/2026/0420/2026042000372.pdf,data/raw/hkex_reports/01083.HK/2025/esg_report.pdf,47ac816487ddf54f359ca3a43004182b346e46b8323dabfbe502ed12f46876b7,23943394
01101.HK,HUARONG ENERGY,2023,annual_report,https://www1.hkexnews.hk/listedco/listconews/sehk/2024/0430/2024043001896.pdf,https://www1.hkexnews.hk/listedco/listconews/sehk/2024/0430/2024043001896.pdf,data/raw/01101.HK/2023/annual_report.pdf,2345310d56c77b254582c6101505966ddc8eb76ad6f223461ad43b66d51511b8,5012718
01193.HK,CHINA RES GAS,2025,annual_report,https://www1.hkexnews.hk/listedco/listconews/sehk/2026/0430/2026043001092.pdf,https://www1.hkexnews.hk/listedco/listconews/sehk/2026/0430/2026043001092.pdf,data/raw/hkex_reports/01193.HK/2025/annual_report.pdf,e4e178f9f977e7cd5e722fa636cbd69cfb4b71adec1464a0413b66feb66992cd,11480734
01193.HK,CHINA RES GAS,2025,esg_report,https://www1.hkexnews.hk/listedco/listconews/sehk/2026/0430/2026043001256.pdf,https://www1.hkexnews.hk/listedco/listconews/sehk/2026/0430/2026043001256.pdf,data/raw/hkex_reports/01193.HK/2025/esg_report.pdf,39e9ba84b5bb44040acbea4a97e2971dcdea70b6f292acdddfc883e26f25fa62,13154431
01205.HK,CITIC RESOURCES,2025,annual_report,https://www1.hkexnews.hk/listedco/listconews/sehk/2026/0429/2026042900718.pdf,https://www1.hkexnews.hk/listedco/listconews/sehk/2026/0429/2026042900718.pdf,data/raw/hkex_reports/01205.HK/2025/annual_report.pdf,8d00d419fa2eb84571a9737583a719b4d8ac84d333bafba0086dbbaa128cb455,7293524
01205.HK,CITIC RESOURCES,2025,esg_report,https://www1.hkexnews.hk/listedco/listconews/sehk/2026/0429/2026042901100.pdf,https://www1.hkexnews.hk/listedco/listconews/sehk/2026/0429/2026042901100.pdf,data/raw/hkex_reports/01205.HK/2025/esg_report.pdf,bc478e569fe9b9d29848bc267a30d25086f4160bb456eedc7d5e06f77252b1ab,19903431
01229.HK,NAN NAN RES,2025,esg_report,https://www1.hkexnews.hk/listedco/listconews/sehk/2026/0723/2026072300366.pdf,https://www1.hkexnews.hk/listedco/listconews/sehk/2026/0723/2026072300366.pdf,data/raw/hkex_reports/01229.HK/2025/esg_report.pdf,9e3d94279571e34a02de45963f51a0b92da9a92544ef02a3f089a923c082c8e4,2706385
01229.HK,NAN NAN RES,2026,annual_report,https://www1.hkexnews.hk/listedco/listconews/sehk/2026/0723/2026072300346.pdf,https://www1.hkexnews.hk/listedco/listconews/sehk/2026/0723/2026072300346.pdf,data/raw/hkex_reports/01229.HK/2026/annual_report.pdf,1407da4314807efcaf9baa86e33e93b7f871a0babb4d99b87300f3e1a4ac57b3,5658116
01250.HK,SDHS NEW ENERGY,2025,annual_report,https://www1.hkexnews.hk/listedco/listconews/sehk/2026/0423/2026042302466.pdf,https://www1.hkexnews.hk/listedco/listconews/sehk/2026/0423/2026042302466.pdf,data/raw/hkex_reports/01250.HK/2025/annual_report.pdf,23ec359f96b3154fdf6dde7ead46bf4eb5976efc84b280b0ea9deb46fb194e09,5405060
01250.HK,SDHS NEW ENERGY,2025,esg_report,https://www1.hkexnews.hk/listedco/listconews/sehk/2026/0423/2026042302482.pdf,https://www1.hkexnews.hk/listedco/listconews/sehk/2026/0423/2026042302482.pdf,data/raw/hkex_reports/01250.HK/2025/esg_report.pdf,ac1d5a49cc7d224c9393a3d1c472aad8b3698ef4b2136a9f722effcc31b6adad,23500095
01251.HK,SPT ENERGY,2025,annual_report,https://www1.hkexnews.hk/listedco/listconews/sehk/2026/0428/2026042800550.pdf,https://www1.hkexnews.hk/listedco/listconews/sehk/2026/0428/2026042800550.pdf,data/raw/hkex_reports/01251.HK/2025/annual_report.pdf,daf4125b60c40ecc31c74106d9245073656ad59add9a11f555bab6a8666af897,5372615
01277.HK,KINETIC DEV,2025,annual_report,https://www1.hkexnews.hk/listedco/listconews/sehk/2026/0331/2026033104131.pdf,https://www1.hkexnews.hk/listedco/listconews/sehk/2026/0331/2026033104131.pdf,data/raw/hkex_reports/01277.HK/2025/annual_report.pdf,4d25d336e38b4eee625729c451f1d5f545d322b9d35819f45e770c02730d91c0,8497119
01303.HK,HUILI RES,2025,annual_report,https://www1.hkexnews.hk/listedco/listconews/sehk/2026/0427/2026042701140.pdf,https://www1.hkexnews.hk/listedco/listconews/sehk/2026/0427/2026042701140.pdf,data/raw/hkex_reports/01303.HK/2025/annual_report.pdf,60727d5aaec20db547cec31e6f45216474a1dec5c057e12b3ab8231166927d93,4271796
01303.HK,HUILI RES,2025,esg_report,https://www1.hkexnews.hk/listedco/listconews/sehk/2026/0427/2026042701326.pdf,https://www1.hkexnews.hk/listedco/listconews/sehk/2026/0427/2026042701326.pdf,data/raw/hkex_reports/01303.HK/2025/esg_report.pdf,cf9184fbf422b070e4172294948abcf1ed63c46473c1da53e1f4d8b1df53a178,2737536
01393.HK,HIDILI INDUSTRY,2025,annual_report,https://www1.hkexnews.hk/listedco/listconews/sehk/2026/0430/2026043004226.pdf,https://www1.hkexnews.hk/listedco/listconews/sehk/2026/0430/2026043004226.pdf,data/raw/hkex_reports/01393.HK/2025/annual_report.pdf,92788c4a8995ba1ee35850df7dee70bc8dd084994dc984022b0e7001d6114996,2927510
01407.HK,JY GAS,2025,annual_report,https://www1.hkexnews.hk/listedco/listconews/sehk/2026/0423/2026042302956.pdf,https://www1.hkexnews.hk/listedco/listconews/sehk/2026/0423/2026042302956.pdf,data/raw/hkex_reports/01407.HK/2025/annual_report.pdf,d35e79aa5da259d54f10cbb96bc6f1c9245a74a43d2a6e682b33aa5733bb8ea1,2039767
01407.HK,JY GAS,2025,esg_report,https://www1.hkexnews.hk/listedco/listconews/sehk/2026/0423/2026042303182.pdf,https://www1.hkexnews.hk/listedco/listconews/sehk/2026/0423/2026042303182.pdf,data/raw/hkex_reports/01407.HK/2025/esg_report.pdf,7034490cfd371523bb1de9fb8ca4b777d6751560ba1ec9bfe9b315c8e018e3c7,1405768
01555.HK,MIE HOLDINGS,2025,annual_report,https://www1.hkexnews.hk/listedco/listconews/sehk/2026/0420/2026042000474.pdf,https://www1.hkexnews.hk/listedco/listconews/sehk/2026/0420/2026042000474.pdf,data/raw/hkex_reports/01555.HK/2025/annual_report.pdf,f359eabe956f7abe373fc6ebad7c3d38ac56ce5152b036ef87312c97d22bf699,6652828
01600.HK,TIAN LUN GAS,2025,annual_report,https://www1.hkexnews.hk/listedco/listconews/sehk/2026/0417/2026041701807.pdf,https://www1.hkexnews.hk/listedco/listconews/sehk/2026/0417/2026041701807.pdf,data/raw/hkex_reports/01600.HK/2025/annual_report.pdf,681ffa1a2be846a7665b39502193cf082ed459b6cac2ca76f738c3f13e8d40de,3982643
01600.HK,TIAN LUN GAS,2025,esg_report,https://www1.hkexnews.hk/listedco/listconews/sehk/2026/0417/2026041701823.pdf,https://www1.hkexnews.hk/listedco/listconews/sehk/2026/0417/2026041701823.pdf,data/raw/hkex_reports/01600.HK/2025/esg_report.pdf,a7f55fa33370cf46fe7ef1ae022fbfde31a0ca9a12d570a9a3530e003d879ae2,48770730
01608.HK,VPOWER GROUP,2025,annual_report,https://www1.hkexnews.hk/listedco/listconews/sehk/2026/0430/2026043004010.pdf,https://www1.hkexnews.hk/listedco/listconews/sehk/2026/0430/2026043004010.pdf,data/raw/hkex_reports/01608.HK/2025/annual_report.pdf,e515d3cc2b17b87465316dc91f84d9554b8f02e4fb7e3ed07fb3198091dfbaa8,9305440
01608.HK,VPOWER GROUP,2025,esg_report,https://www1.hkexnews.hk/listedco/listconews/sehk/2026/0430/2026043004014.pdf,https://www1.hkexnews.hk/listedco/listconews/sehk/2026/0430/2026043004014.pdf,data/raw/hkex_reports/01608.HK/2025/esg_report.pdf,be28ecd4b6179a1de5fbd934160c90a48e6c102c30cb447e1a6755ab8ef5c14e,8976227
01621.HK,VICO INTL HLDGS,2025,annual_report,https://www1.hkexnews.hk/listedco/listconews/sehk/2026/0723/2026072300494.pdf,https://www1.hkexnews.hk/listedco/listconews/sehk/2026/0723/2026072300494.pdf,data/raw/hkex_reports/01621.HK/2025/annual_report.pdf,98a6ed7cb3e204a579b169e7e0bd887c010f9b5bef95eaf8a7f1c2eb0ccd241e,3381477
01623.HK,HILONG,2025,annual_report,https://www1.hkexnews.hk/listedco/listconews/sehk/2026/0430/2026043000155.pdf,https://www1.hkexnews.hk/listedco/listconews/sehk/2026/0430/2026043000155.pdf,data/raw/hkex_reports/01623.HK/2025/annual_report.pdf,a5716c19970a5b4954584a8524662b1367838ee4d3b0580abcb5f85c8f3c8e31,3289566
01623.HK,HILONG,2025,esg_report,https://www1.hkexnews.hk/listedco/listconews/sehk/2026/0430/2026043000163.pdf,https://www1.hkexnews.hk/listedco/listconews/sehk/2026/0430/2026043000163.pdf,data/raw/hkex_reports/01623.HK/2025/esg_report.pdf,0045503d0ad8cd119f15f660b1d40b9c271b0f0ca7ab147f14101f45ecc5765b,2318897
01713.HK,SICHUAN EN INV,2025,annual_report,https://www1.hkexnews.hk/listedco/listconews/sehk/2026/0429/2026042904794.pdf,https://www1.hkexnews.hk/listedco/listconews/sehk/2026/0429/2026042904794.pdf,data/raw/hkex_reports/01713.HK/2025/annual_report.pdf,c9f90ed4e86680deb0716c4d7cc658d38184e1b46c49a2304f86dd4f0cc0b26b,9686040
01713.HK,SICHUAN EN INV,2025,esg_report,https://www1.hkexnews.hk/listedco/listconews/sehk/2026/0429/2026042904912.pdf,https://www1.hkexnews.hk/listedco/listconews/sehk/2026/0429/2026042904912.pdf,data/raw/hkex_reports/01713.HK/2025/esg_report.pdf,dd8ee252990f2b934b33ee7058aa833e04ecd8306ef3cb2f6cfff771c2e8a761,4921524
01733.HK,E-COMMODITIES,2025,annual_report,https://www1.hkexnews.hk/listedco/listconews/sehk/2026/0428/2026042803613.pdf,https://www1.hkexnews.hk/listedco/listconews/sehk/2026/0428/2026042803613.pdf,data/raw/hkex_reports/01733.HK/2025/annual_report.pdf,8b4d54940e6ab489a82776bc286f7d4a78b0f92197b4218671c65ec1958c2919,6723678
01733.HK,E-COMMODITIES,2025,esg_report,https://www1.hkexnews.hk/listedco/listconews/sehk/2026/0428/2026042803639.pdf,https://www1.hkexnews.hk/listedco/listconews/sehk/2026/0428/2026042803639.pdf,data/raw/hkex_reports/01733.HK/2025/esg_report.pdf,312eb5861e17ee35fa96a75ac55d5f465a6c11090e9ee9aba2f62f5a3f36f03e,42481860
01738.HK,FS ANTHRACITE,2025,annual_report,https://www1.hkexnews.hk/listedco/listconews/sehk/2026/0429/2026042902172.pdf,https://www1.hkexnews.hk/listedco/listconews/sehk/2026/0429/2026042902172.pdf,data/raw/hkex_reports/01738.HK/2025/annual_report.pdf,1fa2c6d561b42d6d56a3fc0f1ecab4de21d74f0b6dde8a9a47baf3d17c26665e,6428373
01738.HK,FS ANTHRACITE,2025,esg_report,https://www1.hkexnews.hk/listedco/listconews/sehk/2026/0429/2026042902240.pdf,https://www1.hkexnews.hk/listedco/listconews/sehk/2026/0429/2026042902240.pdf,data/raw/hkex_reports/01738.HK/2025/esg_report.pdf,43e66b279d19be25a2ab61eeae4f87d6527af854098f171ccf9f1376ffafdbf4,2097547
01798.HK,DATANG RENEW,2025,annual_report,https://www1.hkexnews.hk/listedco/listconews/sehk/2026/0428/2026042802732.pdf,https://www1.hkexnews.hk/listedco/listconews/sehk/2026/0428/2026042802732.pdf,data/raw/hkex_reports/01798.HK/2025/annual_report.pdf,c99d4e6813c4ff42e9f55b2f54feb35812f7164d0a68058a614929aba5e99030,6385221
01799.HK,XINTE ENERGY,2025,annual_report,https://www1.hkexnews.hk/listedco/listconews/sehk/2026/0428/2026042804301.pdf,https://www1.hkexnews.hk/listedco/listconews/sehk/2026/0428/2026042804301.pdf,data/raw/hkex_reports/01799.HK/2025/annual_report.pdf,af526f9c0fb568598b1ff8fcdc9b486a88988b7214b23714cc4affb4878322aa,4096819
01799.HK,XINTE ENERGY,2025,esg_report,https://www1.hkexnews.hk/listedco/listconews/sehk/2026/0428/2026042804331.pdf,https://www1.hkexnews.hk/listedco/listconews/sehk/2026/0428/2026042804331.pdf,data/raw/hkex_reports/01799.HK/2025/esg_report.pdf,8d1e26fc22572900e491390ddb361e2a749d4ee3c53c3267c5b82c0e5313ade4,7588276
01811.HK,CGN NEW ENERGY,2025,annual_report,https://www1.hkexnews.hk/listedco/listconews/sehk/2026/0429/2026042900758.pdf,https://www1.hkexnews.hk/listedco/listconews/sehk/2026/0429/2026042900758.pdf,data/raw/hkex_reports/01811.HK/2025/annual_report.pdf,05e6494397d0b9325e430ed84641b1c67fe5351acf751041b7e9d9c9314589b7,11986393
01811.HK,CGN NEW ENERGY,2025,esg_report,https://www1.hkexnews.hk/listedco/listconews/sehk/2026/0429/2026042901044.pdf,https://www1.hkexnews.hk/listedco/listconews/sehk/2026/0429/2026042901044.pdf,data/raw/hkex_reports/01811.HK/2025/esg_report.pdf,dd15f754aac68ff1324b71f420743063a281d235fa416dacca6fe6f571f9c842,31660521
01878.HK,SOUTHGOBI,2025,annual_report,https://www1.hkexnews.hk/listedco/listconews/sehk/2026/0429/2026042902945.pdf,https://www1.hkexnews.hk/listedco/listconews/sehk/2026/0429/2026042902945.pdf,data/raw/hkex_reports/01878.HK/2025/annual_report.pdf,b7890e2c9b994feb953aa94dc469b2e5bff85b2833f31c2624dfbc04441b387f,12234561
01921.HK,DALIPAL HLDG,2025,annual_report,https://www1.hkexnews.hk/listedco/listconews/sehk/2026/0429/2026042901611.pdf,https://www1.hkexnews.hk/listedco/listconews/sehk/2026/0429/2026042901611.pdf,data/raw/hkex_reports/01921.HK/2025/annual_report.pdf,daf864b0102069f62bdc52a5ec869c43e52d7f87adc3158e3c8bca031c9201c8,10722697
01938.HK,CHU KONG PIPE,2025,annual_report,https://www1.hkexnews.hk/listedco/listconews/sehk/2026/0423/2026042302216.pdf,https://www1.hkexnews.hk/listedco/listconews/sehk/2026/0423/2026042302216.pdf,data/raw/hkex_reports/01938.HK/2025/annual_report.pdf,d360e3e2d3e145edbd7ee94828ed86ba36c5aa8316abec527a8292ee0c993f37,13928238
01940.HK,CGII HLDGS,2025,annual_report,https://www1.hkexnews.hk/listedco/listconews/sehk/2026/0422/2026042200175.pdf,https://www1.hkexnews.hk/listedco/listconews/sehk/2026/0422/2026042200175.pdf,data/raw/hkex_reports/01940.HK/2025/annual_report.pdf,3d43696ba785d588b3b707028edf2910faec7cb6c72234a435f131c466188012,5878259
01940.HK,CGII HLDGS,2025,esg_report,https://www1.hkexnews.hk/listedco/listconews/sehk/2026/0422/2026042202040.pdf,https://www1.hkexnews.hk/listedco/listconews/sehk/2026/0422/2026042202040.pdf,data/raw/hkex_reports/01940.HK/2025/esg_report.pdf,5874d78141225ab4b1d8b64b27269441736a82b48f33626ea840d49600aebdd3,5082040
02012.HK,SUNSHINE OIL,2025,annual_report,https://www1.hkexnews.hk/listedco/listconews/sehk/2026/0430/2026043004834.pdf,https://www1.hkexnews.hk/listedco/listconews/sehk/2026/0430/2026043004834.pdf,data/raw/hkex_reports/02012.HK/2025/annual_report.pdf,8fc4e767269c7b71d503a508706402604e8403e6678c3221775224d457d4a6e3,13864253
02012.HK,SUNSHINE OIL,2025,esg_report,https://www1.hkexnews.hk/listedco/listconews/sehk/2026/0430/2026043004742.pdf,https://www1.hkexnews.hk/listedco/listconews/sehk/2026/0430/2026043004742.pdf,data/raw/hkex_reports/02012.HK/2025/esg_report.pdf,d6c46d257463f0f6ba26e039973c40c56c22029c43ca5bf596deb6e044de7f7a,796961
02178.HK,PETRO-KING,2025,annual_report,https://www1.hkexnews.hk/listedco/listconews/sehk/2026/0416/2026041601300.pdf,https://www1.hkexnews.hk/listedco/listconews/sehk/2026/0416/2026041601300.pdf,data/raw/hkex_reports/02178.HK/2025/annual_report.pdf,7fedb71d5ddb860bd35427d6e282febe5235b05f0628a67fdc0db4577198db3f,2161083
02236.HK,WISON ENGRG,2025,annual_report,https://www1.hkexnews.hk/listedco/listconews/sehk/2026/0424/2026042400107.pdf,https://www1.hkexnews.hk/listedco/listconews/sehk/2026/0424/2026042400107.pdf,data/raw/hkex_reports/02236.HK/2025/annual_report.pdf,709b040155342fc67dee178557a2b0fc04f8704770d2755794969987a479e516,15744420
02236.HK,WISON ENGRG,2025,esg_report,https://www1.hkexnews.hk/listedco/listconews/sehk/2026/0424/2026042400115.pdf,https://www1.hkexnews.hk/listedco/listconews/sehk/2026/0424/2026042400115.pdf,data/raw/hkex_reports/02236.HK/2025/esg_report.pdf,8d0c4cc76976fe7bf09bae4dd85126c060bf4d5d0b8b2d5f0d45baae7e4051cf,16612942
02380.HK,CHINA POWER,0,name_change_announcement,https://www1.hkexnews.hk/listedco/listconews/sehk/2026/0108/2026010800892.pdf,https://www1.hkexnews.hk/listedco/listconews/sehk/2026/0108/2026010800892.pdf,data/raw/hkex_reports/02380.HK/0/name_change_announcement.pdf,69c529a57bb0aa8ff6c8bcbb07935256ca9c2b611ebffe1a4b8a6561bf188926,305221
02380.HK,CHINA POWER,2025,annual_report,https://www1.hkexnews.hk/listedco/listconews/sehk/2026/0424/2026042400647.pdf,https://www1.hkexnews.hk/listedco/listconews/sehk/2026/0424/2026042400647.pdf,data/raw/hkex_reports/02380.HK/2025/annual_report.pdf,6066d589ff7530bd734059c2f7f66fe1ffaf2fc2e0be80a33c5316f37fb8c0ef,9072496
02380.HK,CHINA POWER,2025,esg_report,https://www1.hkexnews.hk/listedco/listconews/sehk/2026/0424/2026042400700.pdf,https://www1.hkexnews.hk/listedco/listconews/sehk/2026/0424/2026042400700.pdf,data/raw/hkex_reports/02380.HK/2025/esg_report.pdf,c4d922773ea9d06a43dac432921c8a66d72af9a8b3ad42641a5458ae583b7160,15523130
02386.HK,SINOPEC SEG,2025,annual_report,https://www1.hkexnews.hk/listedco/listconews/sehk/2026/0315/2026031500027.pdf,https://www1.hkexnews.hk/listedco/listconews/sehk/2026/0315/2026031500027.pdf,data/raw/hkex_reports/02386.HK/2025/annual_report.pdf,9851c66b64cdde9157d420c1e5e425f49f4b7d433763412b0c2a4d8e12aabeb7,21200297
02386.HK,SINOPEC SEG,2025,esg_report,https://www1.hkexnews.hk/listedco/listconews/sehk/2026/0315/2026031500031.pdf,https://www1.hkexnews.hk/listedco/listconews/sehk/2026/0315/2026031500031.pdf,data/raw/hkex_reports/02386.HK/2025/esg_report.pdf,86b0f4e22fda511baacb0864571f9f7fb606f4f350051af96813d0f7b70e97fe,21117022
02688.HK,ENN ENERGY,2025,annual_report,https://www1.hkexnews.hk/listedco/listconews/sehk/2026/0428/2026042802499.pdf,https://www1.hkexnews.hk/listedco/listconews/sehk/2026/0428/2026042802499.pdf,data/raw/hkex_reports/02688.HK/2025/annual_report.pdf,d258d93a319add6c4679b365e6ca1dc9a7c1b8465b612828bec68b691dd6c83c,16319373
02688.HK,ENN ENERGY,2025,esg_report,https://www1.hkexnews.hk/listedco/listconews/sehk/2026/0428/2026042802639.pdf,https://www1.hkexnews.hk/listedco/listconews/sehk/2026/0428/2026042802639.pdf,data/raw/hkex_reports/02688.HK/2025/esg_report.pdf,d8038132920ad85c07bbe3d57b75d98fc7afdbb863c202ef45de73db4a736437,18558891
02728.HK,JINTAI ENERGY H,2025,annual_report,https://www1.hkexnews.hk/listedco/listconews/sehk/2026/0714/2026071400996.pdf,https://www1.hkexnews.hk/listedco/listconews/sehk/2026/0714/2026071400996.pdf,data/raw/hkex_reports/02728.HK/2025/annual_report.pdf,8fc0842b5c0cc7ab47e60fd9fc12d137dda961c373e5f2ad198771db83d25763,4904455
02728.HK,JINTAI ENERGY H,2025,esg_report,https://www1.hkexnews.hk/listedco/listconews/sehk/2026/0714/2026071401002.pdf,https://www1.hkexnews.hk/listedco/listconews/sehk/2026/0714/2026071401002.pdf,data/raw/hkex_reports/02728.HK/2025/esg_report.pdf,a79f84b50287bca4ab25968b881e496b004bcec3ff94ed116a0838147ca229c5,3227645
02798.HK,PER ENERGY,2025,annual_report,https://www1.hkexnews.hk/listedco/listconews/sehk/2026/0423/2026042301563.pdf,https://www1.hkexnews.hk/listedco/listconews/sehk/2026/0423/2026042301563.pdf,data/raw/hkex_reports/02798.HK/2025/annual_report.pdf,e2a29cc6e762e69d820e14fe0a11042132d3eaa61728fbfde98ce0042fc99541,2424198
03303.HK,JUTAL OIL SER,0,listing_document,https://www1.hkexnews.hk/listedco/listconews/sehk/2026/0206/2026020600171.pdf,https://www1.hkexnews.hk/listedco/listconews/sehk/2026/0206/2026020600171.pdf,data/raw/hkex_reports/03303.HK/0/listing_document.pdf,784af89cd7e104be0818827f45affa21f681135efeca3dd7614cb631062d0608,775961
03303.HK,JUTAL OIL SER,2025,annual_report,https://www1.hkexnews.hk/listedco/listconews/sehk/2026/0429/2026042900381.pdf,https://www1.hkexnews.hk/listedco/listconews/sehk/2026/0429/2026042900381.pdf,data/raw/hkex_reports/03303.HK/2025/annual_report.pdf,52f59fdd012919fe00ddd23d008f6e61071208269accff04bf556e749a9e2aec,9964389
03303.HK,JUTAL OIL SER,2025,esg_report,https://www1.hkexnews.hk/listedco/listconews/sehk/2026/0429/2026042900393.pdf,https://www1.hkexnews.hk/listedco/listconews/sehk/2026/0429/2026042900393.pdf,data/raw/hkex_reports/03303.HK/2025/esg_report.pdf,a2ead0c4002e811199b8a3dc07fd78644b6b4a03208f25dddf9f83d31597f7d6,6807554
03337.HK,ANTON OILFIELD,2025,annual_report,https://www1.hkexnews.hk/listedco/listconews/sehk/2026/0429/2026042902044.pdf,https://www1.hkexnews.hk/listedco/listconews/sehk/2026/0429/2026042902044.pdf,data/raw/hkex_reports/03337.HK/2025/annual_report.pdf,af0ce9caedac34cd7d2b6effcb677d72fc4fccdc437ad27e56137131f4f40b05,3857078
03337.HK,ANTON OILFIELD,2025,esg_report,https://www1.hkexnews.hk/listedco/listconews/sehk/2026/0429/2026042903319.pdf,https://www1.hkexnews.hk/listedco/listconews/sehk/2026/0429/2026042903319.pdf,data/raw/hkex_reports/03337.HK/2025/esg_report.pdf,52b264e390ff9bfb9d12323e56bf92e2ef0cbdf6ff54d9be7af1f6d95bee333d,19202175
03395.HK,JX ENERGY,2025,annual_report,https://www1.hkexnews.hk/listedco/listconews/sehk/2026/0429/2026042901442.pdf,https://www1.hkexnews.hk/listedco/listconews/sehk/2026/0429/2026042901442.pdf,data/raw/hkex_reports/03395.HK/2025/annual_report.pdf,cbf6ec3898512b36000e96d53ba0040625d4e5df05ef137f6d5056870482d231,5994171
03633.HK,ZHONGYU ENERGY,2025,annual_report,https://www1.hkexnews.hk/listedco/listconews/sehk/2026/0424/2026042403734.pdf,https://www1.hkexnews.hk/listedco/listconews/sehk/2026/0424/2026042403734.pdf,data/raw/hkex_reports/03633.HK/2025/annual_report.pdf,5cf0a8897ccf54b2077a9d44912dc64a077fe7cf883324a8376ba84ef871f5ee,14826252
03633.HK,ZHONGYU ENERGY,2025,esg_report,https://www1.hkexnews.hk/listedco/listconews/sehk/2026/0424/2026042403948.pdf,https://www1.hkexnews.hk/listedco/listconews/sehk/2026/0424/2026042403948.pdf,data/raw/hkex_reports/03633.HK/2025/esg_report.pdf,48e3e2507f389f2ea88ee5b4974dcd05596fe5d253de459142d8a4131efd67f9,7302273
03668.HK,YANCOAL AUS,2025,annual_report,https://www1.hkexnews.hk/listedco/listconews/sehk/2026/0423/2026042301062.pdf,https://www1.hkexnews.hk/listedco/listconews/sehk/2026/0423/2026042301062.pdf,data/raw/hkex_reports/03668.HK/2025/annual_report.pdf,214def692c71794a3c3b16d359a8a35a453d7ec4cf13174fd535846d912c8303,4609591
03668.HK,YANCOAL AUS,2025,esg_report,https://www1.hkexnews.hk/listedco/listconews/sehk/2026/0423/2026042301072.pdf,https://www1.hkexnews.hk/listedco/listconews/sehk/2026/0423/2026042301072.pdf,data/raw/hkex_reports/03668.HK/2025/esg_report.pdf,0c1db2b9c65f66ca54d67d7c3de294ef0c304fcb644473359e3af423b59d13e2,5259190
03800.HK,GCL TECH,2025,annual_report,https://www1.hkexnews.hk/listedco/listconews/sehk/2026/0429/2026042903515.pdf,https://www1.hkexnews.hk/listedco/listconews/sehk/2026/0429/2026042903515.pdf,data/raw/hkex_reports/03800.HK/2025/annual_report.pdf,56ab9cd1e797b69994dee5b48ad250c596f405068e317ac12e744739d05c119b,6949654
03800.HK,GCL TECH,2025,esg_report,https://www1.hkexnews.hk/listedco/listconews/sehk/2026/0429/2026042903531.pdf,https://www1.hkexnews.hk/listedco/listconews/sehk/2026/0429/2026042903531.pdf,data/raw/hkex_reports/03800.HK/2025/esg_report.pdf,e2ed55200e72a232c5159ebf1b035361c78d59dcf0bffa4a4aa76faea41a1302,26468671
03868.HK,XINYI ENERGY,2025,annual_report,https://www1.hkexnews.hk/listedco/listconews/sehk/2026/0430/2026043001970.pdf,https://www1.hkexnews.hk/listedco/listconews/sehk/2026/0430/2026043001970.pdf,data/raw/hkex_reports/03868.HK/2025/annual_report.pdf,3bc76dca89d7b9c0b0adc2ad986c737452e374a3565c2df604cf1430c9c22b86,2467218
03868.HK,XINYI ENERGY,2025,esg_report,https://www1.hkexnews.hk/listedco/listconews/sehk/2026/0430/2026043002002.pdf,https://www1.hkexnews.hk/listedco/listconews/sehk/2026/0430/2026043002002.pdf,data/raw/hkex_reports/03868.HK/2025/esg_report.pdf,0e7a3ca81dd98d94fc989db600baac863fc0d1381dbc3d83c0a3d0f023c1a208,19000991
03899.HK,CIMC ENRIC,2025,annual_report,https://www1.hkexnews.hk/listedco/listconews/sehk/2026/0422/2026042202028.pdf,https://www1.hkexnews.hk/listedco/listconews/sehk/2026/0422/2026042202028.pdf,data/raw/hkex_reports/03899.HK/2025/annual_report.pdf,9187c67298e113c892b13384ec6451f3f5e4799e398a82680b77c475d089844d,4106324
03899.HK,CIMC ENRIC,2025,esg_report,https://www1.hkexnews.hk/listedco/listconews/sehk/2026/0422/2026042202032.pdf,https://www1.hkexnews.hk/listedco/listconews/sehk/2026/0422/2026042202032.pdf,data/raw/hkex_reports/03899.HK/2025/esg_report.pdf,0b4e200f4aba0c432eab1274c90672d63335c8fd8d7bc6aee05c64e477d10b2d,15426422
06828.HK,BG BLUE SKY,2025,annual_report,https://www1.hkexnews.hk/listedco/listconews/sehk/2026/0427/2026042702216.pdf,https://www1.hkexnews.hk/listedco/listconews/sehk/2026/0427/2026042702216.pdf,data/raw/hkex_reports/06828.HK/2025/annual_report.pdf,e33465d1fdfe49b161bed3ecbbfdd3b11140c6ebb3ca482d2a80a36d5336a967,2801730
06828.HK,BG BLUE SKY,2025,esg_report,https://www1.hkexnews.hk/listedco/listconews/sehk/2026/0427/2026042702274.pdf,https://www1.hkexnews.hk/listedco/listconews/sehk/2026/0427/2026042702274.pdf,data/raw/hkex_reports/06828.HK/2025/esg_report.pdf,15db3d721a4bc1b1d5278ad4fbc1d8631ebb39593f705fd6807e38803ce3e020,11879827
06885.HK,JINMA ENERGY,2025,annual_report,https://www1.hkexnews.hk/listedco/listconews/sehk/2026/0429/2026042901180.pdf,https://www1.hkexnews.hk/listedco/listconews/sehk/2026/0429/2026042901180.pdf,data/raw/hkex_reports/06885.HK/2025/annual_report.pdf,20e4f759287db7246fdc7cdd0388c8eeeefed30104305166f438b4ee17149d21,15981903
08132.HK,CENTURY EN INTL,2025,annual_report,https://www1.hkexnews.hk/listedco/listconews/gem/2025/0829/2025082901506.pdf,https://www1.hkexnews.hk/listedco/listconews/gem/2025/0829/2025082901506.pdf,data/raw/hkex_reports/08132.HK/2025/annual_report.pdf,0ab1d4cb4aeb061b3ba9f183466faa62cfc9d062d732e084758a807991214ff1,2903434
08270.HK,CHINA CBM,2025,annual_report,https://www1.hkexnews.hk/listedco/listconews/gem/2026/0429/2026042905326.pdf,https://www1.hkexnews.hk/listedco/listconews/gem/2026/0429/2026042905326.pdf,data/raw/hkex_reports/08270.HK/2025/annual_report.pdf,2dbd648df5bab60d35b953e341a589be6119c5d6973c7b25411ae18380f40a95,6510531
08270.HK,CHINA CBM,2025,esg_report,https://www1.hkexnews.hk/listedco/listconews/gem/2026/0429/2026042905354.pdf,https://www1.hkexnews.hk/listedco/listconews/gem/2026/0429/2026042905354.pdf,data/raw/hkex_reports/08270.HK/2025/esg_report.pdf,c53e6c73bd7a1a0ebabf9d6a771b203c98df0aa1a394c607166966eb6a42d001,1680555
08347.HK,F8 ENT,2026,annual_report,https://www1.hkexnews.hk/listedco/listconews/gem/2026/0727/2026072700454.pdf,https://www1.hkexnews.hk/listedco/listconews/gem/2026/0727/2026072700454.pdf,data/raw/hkex_reports/08347.HK/2026/annual_report.pdf,80d4679051b8c43f3b91c313e1613b7f87460ef6215cd48d41f07e7f41eee8d4,5009500
08536.HK,TL NATURAL GAS,2025,annual_report,https://www1.hkexnews.hk/listedco/listconews/gem/2026/0326/2026032600752.pdf,https://www1.hkexnews.hk/listedco/listconews/gem/2026/0326/2026032600752.pdf,data/raw/hkex_reports/08536.HK/2025/annual_report.pdf,423251e29533f05da0d561550e5cd066587332e1aa6c1ddc9d57b20f956178e2,1441225
08631.HK,YUFENGCHANG HLD,0,name_change_announcement,https://www1.hkexnews.hk/listedco/listconews/gem/2026/0213/2026021300996.pdf,https://www1.hkexnews.hk/listedco/listconews/gem/2026/0213/2026021300996.pdf,data/raw/hkex_reports/08631.HK/0/name_change_announcement.pdf,abd31809e5af39e72fbaa0193d050ad5c17a4ad88c27d60d0a0cdd2c83ccff39,124995
08631.HK,YUFENGCHANG HLD,2024,annual_report,https://www1.hkexnews.hk/listedco/listconews/gem/2025/0707/2025070701740.pdf,https://www1.hkexnews.hk/listedco/listconews/gem/2025/0707/2025070701740.pdf,data/raw/hkex_reports/08631.HK/2024/annual_report.pdf,df538aa4921a4a8c29ee50f8b9bd14fa76626db1d648074d21e9179a6e109235,4403079
09689.HK,JTF INTL,2025,annual_report,https://www1.hkexnews.hk/listedco/listconews/sehk/2026/0422/2026042201784.pdf,https://www1.hkexnews.hk/listedco/listconews/sehk/2026/0422/2026042201784.pdf,data/raw/hkex_reports/09689.HK/2025/annual_report.pdf,f504d804f27bc1fd37f88a46f057fdad4fd226f26351ee0bba0cb302fa28d340,4544194
300001.SZ,特锐德,2025,annual_report,https://disc.static.szse.cn/disc/disk03/finalpage/2026-04-09/6cbdf9ef-71c7-44fe-a2ce-da8276574db5.PDF,https://disc.static.szse.cn/disc/disk03/finalpage/2026-04-09/6cbdf9ef-71c7-44fe-a2ce-da8276574db5.PDF,data/raw/300001.SZ/2025/annual_report.pdf,f7e6a9f53ca12647499335d24ec84fdbd2ba5cfa1cd158ca2d45ad71785ba534,3526987
300014.SZ,亿纬锂能,2025,annual_report,https://disc.static.szse.cn/disc/disk03/finalpage/2026-03-28/5c838bd3-422f-423d-a98c-d47ba58a06bf.PDF,https://disc.static.szse.cn/disc/disk03/finalpage/2026-03-28/5c838bd3-422f-423d-a98c-d47ba58a06bf.PDF,data/raw/300014.SZ/2025/annual_report.pdf,3bee0ca9a6232c60c53f195d078446a45fd4941bd997258b474cebe835eea3b8,5815598
300018.SZ,中元股份,2025,annual_report,https://disc.static.szse.cn/disc/disk03/finalpage/2026-04-21/a43bf25a-4225-48bc-a8bd-ea0f0c8470dd.PDF,https://disc.static.szse.cn/disc/disk03/finalpage/2026-04-21/a43bf25a-4225-48bc-a8bd-ea0f0c8470dd.PDF,data/raw/300018.SZ/2025/annual_report.pdf,7ea149822a9ef3702f9c85521427af8b34c1e50a9703316f441f01c7302b38f3,2313393
300035.SZ,中科电气,2025,annual_report,https://disc.static.szse.cn/disc/disk03/finalpage/2026-04-29/9c764ac8-3e33-4e19-90e1-7882cd6e25df.PDF,https://disc.static.szse.cn/disc/disk03/finalpage/2026-04-29/9c764ac8-3e33-4e19-90e1-7882cd6e25df.PDF,data/raw/300035.SZ/2025/annual_report.pdf,b314a16ef993ead4f1c537bcb906dee02b73747ac7060d08d5d239aa1e06c979,2457926
300037.SZ,新宙邦,2025,annual_report,https://disc.static.szse.cn/disc/disk03/finalpage/2026-03-24/9902db8d-1e86-4a42-b85b-d8f0a721ddf9.PDF,https://disc.static.szse.cn/disc/disk03/finalpage/2026-03-24/9902db8d-1e86-4a42-b85b-d8f0a721ddf9.PDF,data/raw/300037.SZ/2025/annual_report.pdf,869370f748df99731c01040af0d0bebfc85e1dd82d2b42377f70888fe529b3ae,5370502
300040.SZ,九洲集团,2025,annual_report,https://disc.static.szse.cn/disc/disk03/finalpage/2026-04-27/8618a076-7295-4a44-b69f-9b8ab4b095ae.PDF,https://disc.static.szse.cn/disc/disk03/finalpage/2026-04-27/8618a076-7295-4a44-b69f-9b8ab4b095ae.PDF,data/raw/300040.SZ/2025/annual_report.pdf,8f7886363877dbdd1ed3f6c22e5a62f22e38fa1acaa64efe0a84987fb2e677cc,1848509
300051.SZ,琏升科技,2025,annual_report,https://disc.static.szse.cn/disc/disk03/finalpage/2026-04-29/ee073bba-a31d-4efc-ad6c-83bc9bb4a94e.PDF,https://disc.static.szse.cn/disc/disk03/finalpage/2026-04-29/ee073bba-a31d-4efc-ad6c-83bc9bb4a94e.PDF,data/raw/300051.SZ/2025/annual_report.pdf,bffd9f55316cf321a793b4132dee0189fbc383278c1c9cd299888df220faf4ff,1572843
300062.SZ,中能电气,2025,annual_report,https://disc.static.szse.cn/disc/disk03/finalpage/2026-04-25/8ee3e57c-7006-453e-8e3c-dcec8b3876f7.PDF,https://disc.static.szse.cn/disc/disk03/finalpage/2026-04-25/8ee3e57c-7006-453e-8e3c-dcec8b3876f7.PDF,data/raw/300062.SZ/2025/annual_report.pdf,20626443151ea1db0e41c2873b7db6f13b8c39d5338bade0a861331ac825f5f3,5549370
300069.SZ,金利华电,2025,annual_report,https://disc.static.szse.cn/disc/disk03/finalpage/2026-04-29/1977a0b2-bc04-4fb3-9033-abb16ceb5b09.PDF,https://disc.static.szse.cn/disc/disk03/finalpage/2026-04-29/1977a0b2-bc04-4fb3-9033-abb16ceb5b09.PDF,data/raw/300069.SZ/2025/annual_report.pdf,3091a0c4c67e72e3c89695db69da3a91690eb9f0f1fd9b02dd228672361d85ef,1200443
300073.SZ,当升科技,2025,annual_report,https://disc.static.szse.cn/disc/disk03/finalpage/2026-03-31/e9f731fc-2086-49fd-a7e1-3159502e033d.PDF,https://disc.static.szse.cn/disc/disk03/finalpage/2026-03-31/e9f731fc-2086-49fd-a7e1-3159502e033d.PDF,data/raw/300073.SZ/2025/annual_report.pdf,48d7ebcf4c26e46dc267b3a773d1a47637e6230d68df65ec537552b795bd5cce,1329146
300080.SZ,易成新能,2025,annual_report,https://disc.static.szse.cn/disc/disk03/finalpage/2026-04-23/360d5d77-d13d-424d-8ea2-4dfa09267954.PDF,https://disc.static.szse.cn/disc/disk03/finalpage/2026-04-23/360d5d77-d13d-424d-8ea2-4dfa09267954.PDF,data/raw/300080.SZ/2025/annual_report.pdf,d9c1e8667ff3789122783993dfca8548b35a97ab38e0c05867c2d4f4fe870c16,4953676
300105.SZ,龙源技术,2025,annual_report,https://disc.static.szse.cn/disc/disk03/finalpage/2026-04-11/e114a677-6cd4-42f3-a062-ecae830e1bda.PDF,https://disc.static.szse.cn/disc/disk03/finalpage/2026-04-11/e114a677-6cd4-42f3-a062-ecae830e1bda.PDF,data/raw/300105.SZ/2025/annual_report.pdf,97aec46e3eb6d540ac7d5abf620895d92a5edb764459ac4176c89f1cd18ca3fc,1275511
300118.SZ,东方日升,2025,annual_report,https://disc.static.szse.cn/disc/disk03/finalpage/2026-04-25/f158a04e-b7dc-498d-90d6-b5331a9e4ad6.PDF,https://disc.static.szse.cn/disc/disk03/finalpage/2026-04-25/f158a04e-b7dc-498d-90d6-b5331a9e4ad6.PDF,data/raw/300118.SZ/2025/annual_report.pdf,ed00db8928eb8fb25744b56b5bf52627ae2cd99e333663f9727a16a3278fa2d8,6486893
300129.SZ,泰胜风能,2025,annual_report,https://disc.static.szse.cn/disc/disk03/finalpage/2026-04-18/d0172629-73ff-4ed7-808a-aa270b34098f.PDF,https://disc.static.szse.cn/disc/disk03/finalpage/2026-04-18/d0172629-73ff-4ed7-808a-aa270b34098f.PDF,data/raw/300129.SZ/2025/annual_report.pdf,f13853aec3af1f7b8a6a5c03797f5e1559e28d2ef465e3d2c450ca0e220ec725,4175315
300140.SZ,节能环境,2025,annual_report,https://disc.static.szse.cn/disc/disk03/finalpage/2026-04-03/9693cad2-142d-4eb6-b8b5-a8e6c02cc299.PDF,https://disc.static.szse.cn/disc/disk03/finalpage/2026-04-03/9693cad2-142d-4eb6-b8b5-a8e6c02cc299.PDF,data/raw/300140.SZ/2025/annual_report.pdf,b26b39c20cbd7f41176abefed8a395e6c6bffde8dad8e29073785d4c6592c454,1660432
300141.SZ,和顺电气,2025,annual_report,https://disc.static.szse.cn/disc/disk03/finalpage/2026-04-27/03664a1b-40d5-4e6c-9ab1-fb013a9a8523.PDF,https://disc.static.szse.cn/disc/disk03/finalpage/2026-04-27/03664a1b-40d5-4e6c-9ab1-fb013a9a8523.PDF,data/raw/300141.SZ/2025/annual_report.pdf,aa236471703a482fc2d0e16da91898292711edb7d4c2157b8ed51b1946c2db27,3570781
300153.SZ,科泰电源,2025,annual_report,https://disc.static.szse.cn/disc/disk03/finalpage/2026-04-24/f2456f94-a34c-4fa9-8c51-5ba000ef62c2.PDF,https://disc.static.szse.cn/disc/disk03/finalpage/2026-04-24/f2456f94-a34c-4fa9-8c51-5ba000ef62c2.PDF,data/raw/300153.SZ/2025/annual_report.pdf,5fd0ba8ade5b5516195ffd7ab41219da5c1bc8f9c4388e1b2aff88511ad857f4,1298520
300185.SZ,通裕重工,2025,annual_report,https://disc.static.szse.cn/disc/disk03/finalpage/2026-04-22/c2477335-6c1f-45d0-8693-95c0a3593faf.PDF,https://disc.static.szse.cn/disc/disk03/finalpage/2026-04-22/c2477335-6c1f-45d0-8693-95c0a3593faf.PDF,data/raw/300185.SZ/2025/annual_report.pdf,5a043bf84c9a1938633c3eb6d6a9b1b272705f581d98e8a2531856248df5779f,5848259
300191.SZ,潜能恒信,2025,annual_report,https://disc.static.szse.cn/disc/disk03/finalpage/2026-04-21/573f8473-7c75-4fe0-a99d-1f9ff3bbf00f.PDF,https://disc.static.szse.cn/disc/disk03/finalpage/2026-04-21/573f8473-7c75-4fe0-a99d-1f9ff3bbf00f.PDF,data/raw/300191.SZ/2025/annual_report.pdf,b07b1574ee8387e0f3017749c4addf3f82da4ee1423bf37505204fb07e8843c5,1164436
300207.SZ,欣旺达,2025,annual_report,https://disc.static.szse.cn/disc/disk03/finalpage/2026-04-24/6fa721fa-cad9-4499-b2cc-a49e32e82f44.PDF,https://disc.static.szse.cn/disc/disk03/finalpage/2026-04-24/6fa721fa-cad9-4499-b2cc-a49e32e82f44.PDF,data/raw/300207.SZ/2025/annual_report.pdf,1bf90eb16fc3b0ba81928df909c06ae13d97d27da23216f37f4a7fc1198bec04,7172609
300222.SZ,科大智能,2025,annual_report,https://disc.static.szse.cn/disc/disk03/finalpage/2026-03-17/9aa5cc48-013d-4615-bc80-a8acd68ff677.PDF,https://disc.static.szse.cn/disc/disk03/finalpage/2026-03-17/9aa5cc48-013d-4615-bc80-a8acd68ff677.PDF,data/raw/300222.SZ/2025/annual_report.pdf,955cb16ade31b06425a344d8521a3118f22335081f03f714e90b09bd4cf3c0de,4045812
300265.SZ,通光线缆,2025,annual_report,https://disc.static.szse.cn/disc/disk03/finalpage/2026-04-18/288d9cbc-c998-4235-9980-75c4da88b9a1.PDF,https://disc.static.szse.cn/disc/disk03/finalpage/2026-04-18/288d9cbc-c998-4235-9980-75c4da88b9a1.PDF,data/raw/300265.SZ/2025/annual_report.pdf,436d08dfcfe56602501bafc4a3c863863dfa66bbf8158002433a9d59f042328e,5740179
300274.SZ,阳光电源,2025,annual_report,https://disc.static.szse.cn/disc/disk03/finalpage/2026-06-08/dd9511b4-6189-4c55-a829-82a3459e08c5.PDF,https://disc.static.szse.cn/disc/disk03/finalpage/2026-06-08/dd9511b4-6189-4c55-a829-82a3459e08c5.PDF,data/raw/300274.SZ/2025/annual_report.pdf,9d836589875243744e3920a47ecbc15221ef1dec6e27aaf2e7f3bddafdf0d40a,110675
300283.SZ,温州宏丰,2025,annual_report,https://disc.static.szse.cn/disc/disk03/finalpage/2026-03-31/3b51b8af-f6c4-49f6-a7c9-0c349fbebc87.PDF,https://disc.static.szse.cn/disc/disk03/finalpage/2026-03-31/3b51b8af-f6c4-49f6-a7c9-0c349fbebc87.PDF,data/raw/300283.SZ/2025/annual_report.pdf,15cd22b218d1fbac32d215fdc6c3e949f65f2b4340272da4cfe5ece33b3902c6,1646822
300286.SZ,安科瑞,2025,annual_report,https://disc.static.szse.cn/disc/disk03/finalpage/2026-03-28/55588a36-d5a4-4116-918a-575522739340.PDF,https://disc.static.szse.cn/disc/disk03/finalpage/2026-03-28/55588a36-d5a4-4116-918a-575522739340.PDF,data/raw/300286.SZ/2025/annual_report.pdf,9e5540d10a4579486346e2baabdfa4be7c72398c7427f4f653727280446dd843,3222515
300316.SZ,晶盛机电,2025,annual_report,https://disc.static.szse.cn/disc/disk03/finalpage/2026-04-11/abdb4926-b75d-4c90-b255-4efcc37ad6f8.PDF,https://disc.static.szse.cn/disc/disk03/finalpage/2026-04-11/abdb4926-b75d-4c90-b255-4efcc37ad6f8.PDF,data/raw/300316.SZ/2025/annual_report.pdf,12e7e79eea6589b461b1b1030a2cf2e00257dba8051d9491200469b837317163,1836306
300317.SZ,珈伟新能,2025,annual_report,https://disc.static.szse.cn/disc/disk03/finalpage/2026-04-25/971c922b-86e9-4bda-bea6-0421149e88e2.PDF,https://disc.static.szse.cn/disc/disk03/finalpage/2026-04-25/971c922b-86e9-4bda-bea6-0421149e88e2.PDF,data/raw/300317.SZ/2025/annual_report.pdf,c2f77891fa6d1d9485de98b30312bc764ff2931621f883fb6c73daf31fe29990,1369714
300332.SZ,天壕能源,2025,annual_report,https://disc.static.szse.cn/disc/disk03/finalpage/2026-04-24/911a156e-b658-48ad-8c98-59d5ef1ed8f1.PDF,https://disc.static.szse.cn/disc/disk03/finalpage/2026-04-24/911a156e-b658-48ad-8c98-59d5ef1ed8f1.PDF,data/raw/300332.SZ/2025/annual_report.pdf,313287738e3c3cb92065b6247a446023f54411b48d97c058856ebd3fdeaacfc1,4371255
300340.SZ,科恒股份,2025,annual_report,https://disc.static.szse.cn/disc/disk03/finalpage/2026-04-09/6d77b9e4-5902-45df-aa12-ece24dcd97ad.PDF,https://disc.static.szse.cn/disc/disk03/finalpage/2026-04-09/6d77b9e4-5902-45df-aa12-ece24dcd97ad.PDF,data/raw/300340.SZ/2025/annual_report.pdf,193b61feabe36e5a88db7f1f1730f757c662595a739ff8596b170396c0cdf961,4365649
300360.SZ,炬华科技,2025,annual_report,https://disc.static.szse.cn/disc/disk03/finalpage/2026-04-28/09608a55-3189-4285-8482-4c8145a853ee.PDF,https://disc.static.szse.cn/disc/disk03/finalpage/2026-04-28/09608a55-3189-4285-8482-4c8145a853ee.PDF,data/raw/300360.SZ/2025/annual_report.pdf,b2603ec410cb14e113a6768fdee84f345f3ad5969681a49b9e4b8b5da8043166,77347
300376.SZ,易事特,2025,annual_report,https://disc.static.szse.cn/disc/disk03/finalpage/2026-04-29/35d1b11a-0c81-4de8-91a4-fffa21f62804.PDF,https://disc.static.szse.cn/disc/disk03/finalpage/2026-04-29/35d1b11a-0c81-4de8-91a4-fffa21f62804.PDF,data/raw/300376.SZ/2025/annual_report.pdf,a2f8bddad69284ea550c41478c6bf5d15321116aeaf51efb33d6c8319307086b,1825801
300390.SZ,天华新能,2025,annual_report,https://disc.static.szse.cn/disc/disk03/finalpage/2026-04-02/55d79dd2-3f0d-426f-8896-a6816bbed1f4.PDF,https://disc.static.szse.cn/disc/disk03/finalpage/2026-04-02/55d79dd2-3f0d-426f-8896-a6816bbed1f4.PDF,data/raw/300390.SZ/2025/annual_report.pdf,42e146a61628adaf9fac45f5f486d4c2b25c3181d50638aad8e85f30a781980a,2197486
300393.SZ,中来股份,2025,annual_report,https://disc.static.szse.cn/disc/disk03/finalpage/2026-04-28/92abd42d-b9e7-4093-b2b2-128f48d9f2dd.PDF,https://disc.static.szse.cn/disc/disk03/finalpage/2026-04-28/92abd42d-b9e7-4093-b2b2-128f48d9f2dd.PDF,data/raw/300393.SZ/2025/annual_report.pdf,88258176ee12d77a074127fefe639ee72c64dd6effab1ea530efa9ae0a3c3f7d,3757883
300407.SZ,凯发电气,2025,annual_report,https://disc.static.szse.cn/disc/disk03/finalpage/2026-04-23/16ff4189-d456-4dd6-9380-ad7bd021700b.PDF,https://disc.static.szse.cn/disc/disk03/finalpage/2026-04-23/16ff4189-d456-4dd6-9380-ad7bd021700b.PDF,data/raw/300407.SZ/2025/annual_report.pdf,2b837581eb714997c6be895285923d9943207a8bfd1390fdfb81b929a9abbe7e,4268365
300409.SZ,道氏技术,2025,annual_report,https://disc.static.szse.cn/disc/disk03/finalpage/2026-04-15/789d582d-b38b-4d15-b1b4-4cea7c3c7d6d.PDF,https://disc.static.szse.cn/disc/disk03/finalpage/2026-04-15/789d582d-b38b-4d15-b1b4-4cea7c3c7d6d.PDF,data/raw/300409.SZ/2025/annual_report.pdf,10ba08aaf7463a1e91f2bcecf91915b304d68124b7ae6edb4d913546ed475d1f,1575856
300410.SZ,正业科技,2025,annual_report,https://disc.static.szse.cn/disc/disk03/finalpage/2026-04-15/d6fb6d5e-d713-43b0-9ba7-ca60a4e934b5.PDF,https://disc.static.szse.cn/disc/disk03/finalpage/2026-04-15/d6fb6d5e-d713-43b0-9ba7-ca60a4e934b5.PDF,data/raw/300410.SZ/2025/annual_report.pdf,ded401c432d21c5e0619fb8be87abd1c5551e2788718ecdb5219c9fbbc0fa964,1608891
300423.SZ,昇辉科技,2025,annual_report,https://disc.static.szse.cn/disc/disk03/finalpage/2026-04-28/e2c09a44-1385-49f9-8472-0c7892d81caf.PDF,https://disc.static.szse.cn/disc/disk03/finalpage/2026-04-28/e2c09a44-1385-49f9-8472-0c7892d81caf.PDF,data/raw/300423.SZ/2025/annual_report.pdf,08a6b29972d72e76b0e99d9fad51862793815a2688e93ee65e2eecbb8f5bf7d8,1410274
300427.SZ,红相股份,2025,annual_report,https://disc.static.szse.cn/disc/disk03/finalpage/2026-04-28/b7435b9b-f624-4523-9424-7b82f0d031b1.PDF,https://disc.static.szse.cn/disc/disk03/finalpage/2026-04-28/b7435b9b-f624-4523-9424-7b82f0d031b1.PDF,data/raw/300427.SZ/2025/annual_report.pdf,7bfbf4eac666d411694aba191199b79ef78efe6133af0c7a5707f0ab60926c9a,1323963
300432.SZ,富临精工,2025,annual_report,https://disc.static.szse.cn/disc/disk03/finalpage/2026-04-29/40831c7d-0f67-4d6c-ba32-5c1ca8197fab.PDF,https://disc.static.szse.cn/disc/disk03/finalpage/2026-04-29/40831c7d-0f67-4d6c-ba32-5c1ca8197fab.PDF,data/raw/300432.SZ/2025/annual_report.pdf,f6ea6fce39a11ea1033ce948d931d4006532e0559f18ed666ed79078b6c0a4af,6459955
300438.SZ,鹏辉能源,2025,annual_report,https://disc.static.szse.cn/disc/disk03/finalpage/2026-04-29/49bcf1bf-96a5-4397-be97-4a849a95530c.PDF,https://disc.static.szse.cn/disc/disk03/finalpage/2026-04-29/49bcf1bf-96a5-4397-be97-4a849a95530c.PDF,data/raw/300438.SZ/2025/annual_report.pdf,7e0b0011799bdb9ef6f6c391848ec78bcbf1107a8672cac53bd27fc958fb98a3,1710913
300443.SZ,金雷股份,2025,annual_report,https://disc.static.szse.cn/disc/disk03/finalpage/2026-03-20/731b571c-b999-45b0-b476-ed44462e4e4c.PDF,https://disc.static.szse.cn/disc/disk03/finalpage/2026-03-20/731b571c-b999-45b0-b476-ed44462e4e4c.PDF,data/raw/300443.SZ/2025/annual_report.pdf,8b598465b2ee12fb7be9423b943cdd6e8f19ae52a81caf253022fd68d013f936,3923119
300444.SZ,双杰电气,2025,annual_report,https://disc.static.szse.cn/disc/disk03/finalpage/2026-04-10/8a91313a-c7a1-4e2d-9b3d-6b942d005fa8.PDF,https://disc.static.szse.cn/disc/disk03/finalpage/2026-04-10/8a91313a-c7a1-4e2d-9b3d-6b942d005fa8.PDF,data/raw/300444.SZ/2025/annual_report.pdf,6985d4c3d770a037da9bf9499490c38ccc22ba4f09321548f26fcffc5c08c119,4451963
300450.SZ,先导智能,2025,annual_report,https://disc.static.szse.cn/disc/disk03/finalpage/2026-03-31/755ba159-8524-4374-912b-1f00b6e3d794.PDF,https://disc.static.szse.cn/disc/disk03/finalpage/2026-03-31/755ba159-8524-4374-912b-1f00b6e3d794.PDF,data/raw/300450.SZ/2025/annual_report.pdf,7ee3a049530870530cd0a0faab7ec6fa8ed0811e753bb27cb67b61cac0de9cda,1458612
300457.SZ,赢合科技,2025,annual_report,https://disc.static.szse.cn/disc/disk03/finalpage/2026-03-28/037d088c-70ae-4b8d-9d07-0e2f1ed0b13f.PDF,https://disc.static.szse.cn/disc/disk03/finalpage/2026-03-28/037d088c-70ae-4b8d-9d07-0e2f1ed0b13f.PDF,data/raw/300457.SZ/2025/annual_report.pdf,762e68881891c498c314a0c615aa61eb32eb2b36b85d27c902ae22f8a7e22e9d,6175492
300483.SZ,首华燃气,2025,annual_report,https://disc.static.szse.cn/disc/disk03/finalpage/2026-03-20/62957663-14a8-4395-b2c5-75dc632fd69b.PDF,https://disc.static.szse.cn/disc/disk03/finalpage/2026-03-20/62957663-14a8-4395-b2c5-75dc632fd69b.PDF,data/raw/300483.SZ/2025/annual_report.pdf,70ba96d4647b992e41debe134c5af316f958e2d2c7fdc7880d354b07118011b4,3353821
300490.SZ,华自科技,2025,annual_report,https://disc.static.szse.cn/disc/disk03/finalpage/2026-04-23/8f2bd4b9-7951-43c1-b827-76477a57572e.PDF,https://disc.static.szse.cn/disc/disk03/finalpage/2026-04-23/8f2bd4b9-7951-43c1-b827-76477a57572e.PDF,data/raw/300490.SZ/2025/annual_report.pdf,066678c6687419f65625cf8289e217025dc1ee699450ace3f384165dc66c0e25,1635424
300491.SZ,通合科技,2025,annual_report,https://disc.static.szse.cn/disc/disk03/finalpage/2026-03-26/c249129e-f4e8-4bda-8424-f500fa21de41.PDF,https://disc.static.szse.cn/disc/disk03/finalpage/2026-03-26/c249129e-f4e8-4bda-8424-f500fa21de41.PDF,data/raw/300491.SZ/2025/annual_report.pdf,8512c68e3d5aec24fafe46327aa78c5aba2db112b8a505af14b128cb0e50e0cf,5694663
300510.SZ,金冠股份,2025,annual_report,https://disc.static.szse.cn/disc/disk03/finalpage/2026-04-28/e2e31fa4-5b07-46d5-993d-1b4d4f69965e.PDF,https://disc.static.szse.cn/disc/disk03/finalpage/2026-04-28/e2e31fa4-5b07-46d5-993d-1b4d4f69965e.PDF,data/raw/300510.SZ/2025/annual_report.pdf,2eae46d53f9ddbbb8327c64dbd608a0acc93fb80005ea2f5ffaeeee31583b8a6,2077206
300514.SZ,友讯达,2025,annual_report,https://disc.static.szse.cn/disc/disk03/finalpage/2026-04-21/e21cdec4-cce4-4f7a-866c-17eaf500d8b0.PDF,https://disc.static.szse.cn/disc/disk03/finalpage/2026-04-21/e21cdec4-cce4-4f7a-866c-17eaf500d8b0.PDF,data/raw/300514.SZ/2025/annual_report.pdf,87876716a7974b7c9c70fe712fde6cadc4ddb341b2b50e4d8d2ac54a8b847c65,1775476
300568.SZ,星源材质,2025,annual_report,https://disc.static.szse.cn/disc/disk03/finalpage/2026-03-31/f95aef58-2557-4c28-bb37-acf90fc637cf.PDF,https://disc.static.szse.cn/disc/disk03/finalpage/2026-03-31/f95aef58-2557-4c28-bb37-acf90fc637cf.PDF,data/raw/300568.SZ/2025/annual_report.pdf,b2f89e89203be051346ab1560a5e1c313c6a99b95c43c837a6d5f5e9b43645c2,1520705
300569.SZ,天能重工,2025,annual_report,https://disc.static.szse.cn/disc/disk03/finalpage/2026-04-23/97f440c7-12c6-4f14-b2f1-f033bcc6a2f2.PDF,https://disc.static.szse.cn/disc/disk03/finalpage/2026-04-23/97f440c7-12c6-4f14-b2f1-f033bcc6a2f2.PDF,data/raw/300569.SZ/2025/annual_report.pdf,783e8ca45e3b9363468c69ff086c41d3a8f4221c75b83a5c2bea6a2a54b35080,1205665
300593.SZ,新雷能,2025,annual_report,https://disc.static.szse.cn/disc/disk03/finalpage/2026-04-21/c1f6bfdd-2e04-4b6f-905e-8145cdc92929.PDF,https://disc.static.szse.cn/disc/disk03/finalpage/2026-04-21/c1f6bfdd-2e04-4b6f-905e-8145cdc92929.PDF,data/raw/300593.SZ/2025/annual_report.pdf,7387129c247d5c3850b4f893257ff5d17c0f0f9f18bdc27ea169d413f726bf4d,1425760
300617.SZ,安靠智电,2025,annual_report,https://disc.static.szse.cn/disc/disk03/finalpage/2026-04-21/468f75e0-60f3-46d8-8ef9-cb228df11d08.PDF,https://disc.static.szse.cn/disc/disk03/finalpage/2026-04-21/468f75e0-60f3-46d8-8ef9-cb228df11d08.PDF,data/raw/300617.SZ/2025/annual_report.pdf,8caa3cc7d484d2c91dd92267ad8b9be7de6fa6c0c0c7473743b82e5dafdca06e,1310415
300619.SZ,金银河,2025,annual_report,https://disc.static.szse.cn/disc/disk03/finalpage/2026-04-24/2f992ab9-05bf-45f9-a9ed-7694b07d020f.PDF,https://disc.static.szse.cn/disc/disk03/finalpage/2026-04-24/2f992ab9-05bf-45f9-a9ed-7694b07d020f.PDF,data/raw/300619.SZ/2025/annual_report.pdf,2bdfaa169d979919e7fccee744fb1642fdc432448050f23ee38175fbfe6b0631,3908678
300626.SZ,华瑞股份,2025,annual_report,https://disc.static.szse.cn/disc/disk03/finalpage/2026-04-29/633dba24-c3a7-4acc-8ad2-03cdc9ecee06.PDF,https://disc.static.szse.cn/disc/disk03/finalpage/2026-04-29/633dba24-c3a7-4acc-8ad2-03cdc9ecee06.PDF,data/raw/300626.SZ/2025/annual_report.pdf,c999e91b78244e9dc0761b8ced309c85d13f8c73aa961ab904418a1186962645,1230032
300648.SZ,星云股份,2025,annual_report,https://disc.static.szse.cn/disc/disk03/finalpage/2026-04-25/b07d2af9-4bb8-4e97-b489-17af900a422e.PDF,https://disc.static.szse.cn/disc/disk03/finalpage/2026-04-25/b07d2af9-4bb8-4e97-b489-17af900a422e.PDF,data/raw/300648.SZ/2025/annual_report.pdf,df02fa4985538aec4af16ed4f569777ceb31dc9d86dba16f188f8f4c2d178f21,1442422
300660.SZ,江苏雷利,2025,annual_report,https://disc.static.szse.cn/disc/disk03/finalpage/2026-04-29/ce52df06-4033-4610-9662-208127e41746.PDF,https://disc.static.szse.cn/disc/disk03/finalpage/2026-04-29/ce52df06-4033-4610-9662-208127e41746.PDF,data/raw/300660.SZ/2025/annual_report.pdf,b5891868a130859ca55713e9394764f60fcdcbdd72719789f2501d2f3a37ebf9,2260028
300670.SZ,大烨智能,2025,annual_report,https://disc.static.szse.cn/disc/disk03/finalpage/2026-04-27/3a608edf-d090-473a-86cf-6ce0afdd1c50.pdf,https://disc.static.szse.cn/disc/disk03/finalpage/2026-04-27/3a608edf-d090-473a-86cf-6ce0afdd1c50.pdf,data/raw/300670.SZ/2025/annual_report.pdf,9d101e95399ec730ce42952effe9c30c5f13efdbf11ae06e334983d43e620dcb,1026776
300690.SZ,双一科技,2025,annual_report,https://disc.static.szse.cn/disc/disk03/finalpage/2026-04-21/f0398cf9-99d5-4bbf-a079-2a2a971e2ab5.PDF,https://disc.static.szse.cn/disc/disk03/finalpage/2026-04-21/f0398cf9-99d5-4bbf-a079-2a2a971e2ab5.PDF,data/raw/300690.SZ/2025/annual_report.pdf,6dc8315745d0cb45750ffdff91286cf8e12c08a0f26af5605cc95373003b1102,1466141
300693.SZ,盛弘股份,2025,annual_report,https://disc.static.szse.cn/disc/disk03/finalpage/2026-04-10/8580f872-63c3-4ebe-9493-4acc16b36a26.PDF,https://disc.static.szse.cn/disc/disk03/finalpage/2026-04-10/8580f872-63c3-4ebe-9493-4acc16b36a26.PDF,data/raw/300693.SZ/2025/annual_report.pdf,d3e11f7a3ffe6410679fb65f5cdb9d34f013688b7a9fc26147b3598dfd865954,2518412
300713.SZ,英可瑞,2025,annual_report,https://disc.static.szse.cn/disc/disk03/finalpage/2026-04-28/d293f14e-dee0-42a3-93e8-7e059d0ec8f3.PDF,https://disc.static.szse.cn/disc/disk03/finalpage/2026-04-28/d293f14e-dee0-42a3-93e8-7e059d0ec8f3.PDF,data/raw/300713.SZ/2025/annual_report.pdf,20ec7fb6844b76ff309ceb5a94e24fedf3eb167adcda4bc263e3de58b470713c,2901815
300724.SZ,捷佳伟创,2025,annual_report,https://disc.static.szse.cn/disc/disk03/finalpage/2026-04-27/558f22ef-ae51-403d-92a5-7b81fa54f68c.PDF,https://disc.static.szse.cn/disc/disk03/finalpage/2026-04-27/558f22ef-ae51-403d-92a5-7b81fa54f68c.PDF,data/raw/300724.SZ/2025/annual_report.pdf,d3a4858939cd3a5deaf5dba9364fcd86af222fd3a391439fbfd36df366b73d2c,1434881
300750.SZ,宁德时代,2025,annual_report,https://disc.static.szse.cn/disc/disk03/finalpage/2026-03-10/f019f96b-b960-410b-b88f-08838a36d81b.PDF,https://disc.static.szse.cn/disc/disk03/finalpage/2026-03-10/f019f96b-b960-410b-b88f-08838a36d81b.PDF,data/raw/300750.SZ/2025/annual_report.pdf,c15272977147dee7e6935a38ea0e4fd6855370aabb106f54cfe20f7cf6048ec9,2043710
300751.SZ,迈为股份,2025,annual_report,https://disc.static.szse.cn/disc/disk03/finalpage/2026-04-28/52da9817-c743-4a53-b653-ab57af2f031e.PDF,https://disc.static.szse.cn/disc/disk03/finalpage/2026-04-28/52da9817-c743-4a53-b653-ab57af2f031e.PDF,data/raw/300751.SZ/2025/annual_report.pdf,89da076566a494d66db5e7d18c84976440a51fded61fb760ddbc97bb280f816d,1601666
300763.SZ,锦浪科技,2025,annual_report,https://disc.static.szse.cn/disc/disk03/finalpage/2026-04-27/5896c519-14d0-4bdc-b47a-1ccc0aa7162a.PDF,https://disc.static.szse.cn/disc/disk03/finalpage/2026-04-27/5896c519-14d0-4bdc-b47a-1ccc0aa7162a.PDF,data/raw/300763.SZ/2025/annual_report.pdf,7b8ec8f77f1f61589b048b5fa80e40b0ae98ca125932ea313d08f209ce500a2c,1553428
300769.SZ,德方纳米,2025,annual_report,https://disc.static.szse.cn/disc/disk03/finalpage/2026-04-29/0093ce9f-ddf8-43fe-95d0-73e6de7ba8fe.PDF,https://disc.static.szse.cn/disc/disk03/finalpage/2026-04-29/0093ce9f-ddf8-43fe-95d0-73e6de7ba8fe.PDF,data/raw/300769.SZ/2025/annual_report.pdf,df178ed345257b722f2794deeb6e06bae83c4ce710db194cba4eca97bf237d27,1435112
300772.SZ,运达股份,2025,annual_report,https://disc.static.szse.cn/disc/disk03/finalpage/2026-03-24/44ea4bf8-1568-493a-99f4-9437957eaf50.PDF,https://disc.static.szse.cn/disc/disk03/finalpage/2026-03-24/44ea4bf8-1568-493a-99f4-9437957eaf50.PDF,data/raw/300772.SZ/2025/annual_report.pdf,83c1c143c9d6a685e5e3f5c915a76e2f39d110c3e5a95ae0ea3cdf1a246134b5,1719356
300776.SZ,帝尔激光,2025,annual_report,https://disc.static.szse.cn/disc/disk03/finalpage/2026-03-31/1c56ea9c-3ee6-4988-9914-9386995ef934.PDF,https://disc.static.szse.cn/disc/disk03/finalpage/2026-03-31/1c56ea9c-3ee6-4988-9914-9386995ef934.PDF,data/raw/300776.SZ/2025/annual_report.pdf,b54491f10fd490717e2abc9d8a1a83aeaa4a4738b6828bca8a238d001b3f2e5c,92331
300820.SZ,英杰电气,2025,annual_report,https://disc.static.szse.cn/disc/disk03/finalpage/2026-04-28/af04c9c4-1899-4f81-8cce-15ff9f0f82b8.PDF,https://disc.static.szse.cn/disc/disk03/finalpage/2026-04-28/af04c9c4-1899-4f81-8cce-15ff9f0f82b8.PDF,data/raw/300820.SZ/2025/annual_report.pdf,432553dd784c1e317856e9e3172ba0e68b88169a4528dec5544924f9ab1c3ef6,4842735
300827.SZ,上能电气,2025,annual_report,https://disc.static.szse.cn/disc/disk03/finalpage/2026-04-24/8c787c61-dc9b-4904-8fd7-256cc9836ce8.PDF,https://disc.static.szse.cn/disc/disk03/finalpage/2026-04-24/8c787c61-dc9b-4904-8fd7-256cc9836ce8.PDF,data/raw/300827.SZ/2025/annual_report.pdf,20ef529cc9c346f48103699bf0d491d474d37c12b98bd1b094c40d363b396153,4626436
300842.SZ,帝科股份,2025,annual_report,https://disc.static.szse.cn/disc/disk03/finalpage/2026-03-20/3a8c3fdc-8e6f-4ca7-a303-b560427b9d3d.PDF,https://disc.static.szse.cn/disc/disk03/finalpage/2026-03-20/3a8c3fdc-8e6f-4ca7-a303-b560427b9d3d.PDF,data/raw/300842.SZ/2025/annual_report.pdf,3c8310d0c2c831cf16d09d02d2f6c913a83db5813843d7ff92dcc24a463f7838,1452075
300850.SZ,新强联,2025,annual_report,https://disc.static.szse.cn/disc/disk03/finalpage/2026-03-27/0a71594d-4cb8-43c9-846c-b83746b2ffe1.PDF,https://disc.static.szse.cn/disc/disk03/finalpage/2026-03-27/0a71594d-4cb8-43c9-846c-b83746b2ffe1.PDF,data/raw/300850.SZ/2025/annual_report.pdf,26af742ee5cb8c3f60420f6c85dcd9226cbf6be8210cdb05062a4a8e2563235e,2067704
300853.SZ,申昊科技,2025,annual_report,https://disc.static.szse.cn/disc/disk03/finalpage/2026-04-29/061406df-1f2f-407f-9132-045290356fcc.PDF,https://disc.static.szse.cn/disc/disk03/finalpage/2026-04-29/061406df-1f2f-407f-9132-045290356fcc.PDF,data/raw/300853.SZ/2025/annual_report.pdf,c38038cff8c66cfa455006d476130652211b24549dbf73eaf93d2c60568555ec,5229140
300870.SZ,欧陆通,2025,annual_report,https://disc.static.szse.cn/disc/disk03/finalpage/2026-05-21/5efe142e-95f2-446a-84e2-35a67e8d3f36.PDF,https://disc.static.szse.cn/disc/disk03/finalpage/2026-05-21/5efe142e-95f2-446a-84e2-35a67e8d3f36.PDF,data/raw/300870.SZ/2025/annual_report.pdf,c8e05c58d0a27c07cfa0a21e5cacfecc568046955db6ae64ab0c1f5887a3ad6e,174190
300880.SZ,迦南智能,2025,annual_report,https://disc.static.szse.cn/disc/disk03/finalpage/2026-04-21/7c49d271-07d8-49c0-b5d6-e3ac6b01aa94.PDF,https://disc.static.szse.cn/disc/disk03/finalpage/2026-04-21/7c49d271-07d8-49c0-b5d6-e3ac6b01aa94.PDF,data/raw/300880.SZ/2025/annual_report.pdf,c9ffc3afc05488d8e3e208768dcc3a886445e016398261207a38e329bb13bd63,1221827
300882.SZ,万胜智能,2025,annual_report,https://disc.static.szse.cn/disc/disk03/finalpage/2026-04-28/8eb13c8f-e094-4832-b06e-5b2781ae875a.PDF,https://disc.static.szse.cn/disc/disk03/finalpage/2026-04-28/8eb13c8f-e094-4832-b06e-5b2781ae875a.PDF,data/raw/300882.SZ/2025/annual_report.pdf,39d8d86047d364ec5612be74a6eabfe71dc8300c4b07d75e8937066dbae1520a,2762061
300904.SZ,威力传动,2025,annual_report,https://disc.static.szse.cn/disc/disk03/finalpage/2026-06-19/205422d6-1857-4e5c-83da-08a911d4e1cf.PDF,https://disc.static.szse.cn/disc/disk03/finalpage/2026-06-19/205422d6-1857-4e5c-83da-08a911d4e1cf.PDF,data/raw/300904.SZ/2025/annual_report.pdf,b9e81b39e54cb2e781c4254cc01b4fcb02fda5ba98dcce4bc5820c87317fcb7f,1035574
300907.SZ,康平科技,2025,annual_report,https://disc.static.szse.cn/disc/disk03/finalpage/2026-04-24/be816371-b4b7-4b2d-a1dc-9ef7e7be799a.PDF,https://disc.static.szse.cn/disc/disk03/finalpage/2026-04-24/be816371-b4b7-4b2d-a1dc-9ef7e7be799a.PDF,data/raw/300907.SZ/2025/annual_report.pdf,bcaffede4476a7fc92a85511307ac2f162ed966922b1370b04db6474c4e15db2,1596976
300919.SZ,中伟新材,2025,annual_report,https://disc.static.szse.cn/disc/disk03/finalpage/2026-03-31/ee58a253-1568-473d-85fb-3cda554f3f1a.PDF,https://disc.static.szse.cn/disc/disk03/finalpage/2026-03-31/ee58a253-1568-473d-85fb-3cda554f3f1a.PDF,data/raw/300919.SZ/2025/annual_report.pdf,80641c0842f750ded20fa57838681e9ebda04134aeebe71a7206563e91382d54,1788117
300932.SZ,三友联众,2025,annual_report,https://disc.static.szse.cn/disc/disk03/finalpage/2026-03-31/39d98a94-5713-471e-bb8a-e8da8f9e0440.PDF,https://disc.static.szse.cn/disc/disk03/finalpage/2026-03-31/39d98a94-5713-471e-bb8a-e8da8f9e0440.PDF,data/raw/300932.SZ/2025/annual_report.pdf,1150a8336fc8098c1095447e2722819cfe1913445861eb57857237dee29304c8,1413479
300933.SZ,中辰股份,2025,annual_report,https://disc.static.szse.cn/disc/disk03/finalpage/2026-04-29/64bcee7c-4f98-49bb-bc7b-6af7b4b6d8af.PDF,https://disc.static.szse.cn/disc/disk03/finalpage/2026-04-29/64bcee7c-4f98-49bb-bc7b-6af7b4b6d8af.PDF,data/raw/300933.SZ/2025/annual_report.pdf,7db7a3088c5f489168fcbf55f2b84763ab4d6b2036eae96d1bf2a7868a630beb,1332189
300953.SZ,震裕科技,2025,annual_report,https://disc.static.szse.cn/disc/disk03/finalpage/2026-04-23/7ad61fbf-a95f-4079-9f8f-f78b5dea2779.PDF,https://disc.static.szse.cn/disc/disk03/finalpage/2026-04-23/7ad61fbf-a95f-4079-9f8f-f78b5dea2779.PDF,data/raw/300953.SZ/2025/annual_report.pdf,3f59ec6145facacdab81400bfe2271d28b73e49e0fa679d7d4b3f31e06d8970a,2034213
301002.SZ,崧盛股份,2025,annual_report,https://disc.static.szse.cn/disc/disk03/finalpage/2026-04-25/a65cd9ee-6f34-48a2-b196-b2cd930c72d8.PDF,https://disc.static.szse.cn/disc/disk03/finalpage/2026-04-25/a65cd9ee-6f34-48a2-b196-b2cd930c72d8.PDF,data/raw/301002.SZ/2025/annual_report.pdf,0b3779a7ccb8bb5c9d989c267987f857094638f0ae59a74a556be620459c3371,1395787
301012.SZ,扬电科技,2025,annual_report,https://disc.static.szse.cn/disc/disk03/finalpage/2026-04-28/efaf68a5-d72e-41bd-bf49-288d8124e847.PDF,https://disc.static.szse.cn/disc/disk03/finalpage/2026-04-28/efaf68a5-d72e-41bd-bf49-288d8124e847.PDF,data/raw/301012.SZ/2025/annual_report.pdf,bf913c4e571ddaff2ac935e56ea0adbd518e7bc8e6699c4dc8e1fab273ed37ef,1235728
301023.SZ,奕帆传动,2025,annual_report,https://disc.static.szse.cn/disc/disk03/finalpage/2026-04-25/e7e8284f-1eb8-47c5-b7ba-0d7b9012a15e.PDF,https://disc.static.szse.cn/disc/disk03/finalpage/2026-04-25/e7e8284f-1eb8-47c5-b7ba-0d7b9012a15e.PDF,data/raw/301023.SZ/2025/annual_report.pdf,9b444d1888cbcf6fc937957e59e4da1260dc4c41876ff5fb71727622bf76f8ad,1246578
301040.SZ,中环海陆,2025,annual_report,https://disc.static.szse.cn/disc/disk03/finalpage/2026-04-23/0eb1dc88-08c9-4444-97c0-fd3c64c30a01.PDF,https://disc.static.szse.cn/disc/disk03/finalpage/2026-04-23/0eb1dc88-08c9-4444-97c0-fd3c64c30a01.PDF,data/raw/301040.SZ/2025/annual_report.pdf,37678b1a617a8ad6f14b7db5ce4efc171c3b1cd4c4d340d5cc5b6fd40f82c005,4626700
301063.SZ,海锅股份,2025,annual_report,https://disc.static.szse.cn/disc/disk03/finalpage/2026-04-28/36667eb4-9e08-40f7-8f13-033592eba53a.PDF,https://disc.static.szse.cn/disc/disk03/finalpage/2026-04-28/36667eb4-9e08-40f7-8f13-033592eba53a.PDF,data/raw/301063.SZ/2025/annual_report.pdf,c23efaef9c83857ffe195fa891e8de2345fd5506f7a44bc8f94ba5d0caaae757,1490004
301082.SZ,久盛电气,2025,annual_report,https://disc.static.szse.cn/disc/disk03/finalpage/2026-03-20/eab54493-1383-4804-8feb-d564afbe3c2e.PDF,https://disc.static.szse.cn/disc/disk03/finalpage/2026-03-20/eab54493-1383-4804-8feb-d564afbe3c2e.PDF,data/raw/301082.SZ/2025/annual_report.pdf,b24d40710ac62acf42b4bafdfabbb7c952be70c2ec25c779f45a8ff1a982bb53,1121515
301120.SZ,新特电气,2025,annual_report,https://disc.static.szse.cn/disc/disk03/finalpage/2026-04-24/b2c84cea-d3ae-43c0-8efe-0cc90c8194b9.PDF,https://disc.static.szse.cn/disc/disk03/finalpage/2026-04-24/b2c84cea-d3ae-43c0-8efe-0cc90c8194b9.PDF,data/raw/301120.SZ/2025/annual_report.pdf,82a97fdab85512a3caa4f337016b25804447f85d7b858d6024cf55e8c2806629,4536449
301121.SZ,紫建电子,2025,annual_report,https://disc.static.szse.cn/disc/disk03/finalpage/2026-04-27/d15f2f81-6026-4afe-bff9-dce73688ab73.PDF,https://disc.static.szse.cn/disc/disk03/finalpage/2026-04-27/d15f2f81-6026-4afe-bff9-dce73688ab73.PDF,data/raw/301121.SZ/2025/annual_report.pdf,86dca6734c9b094260633f747a8f785f276e3e9fd86b5df7c763341f38b8c999,1372835
301150.SZ,中一科技,2025,annual_report,https://disc.static.szse.cn/disc/disk03/finalpage/2026-04-28/5229fecf-5dc7-4c24-bff3-12dc7ba488b5.PDF,https://disc.static.szse.cn/disc/disk03/finalpage/2026-04-28/5229fecf-5dc7-4c24-bff3-12dc7ba488b5.PDF,data/raw/301150.SZ/2025/annual_report.pdf,efd0a1a096331863f61c1ca032cbdf72680e0388ccc9924fca8743472f065736,1433750
301152.SZ,天力锂能,2025,annual_report,https://disc.static.szse.cn/disc/disk03/finalpage/2026-04-30/d7c209bb-5721-495a-b76c-0aca509039ce.PDF,https://disc.static.szse.cn/disc/disk03/finalpage/2026-04-30/d7c209bb-5721-495a-b76c-0aca509039ce.PDF,data/raw/301152.SZ/2025/annual_report.pdf,f781b4105d0ad63caa03bf51a535f1b9eb7f15c0fc27f582e8ed849771a973fe,1414081
301155.SZ,海力风电,2025,annual_report,https://disc.static.szse.cn/disc/disk03/finalpage/2026-04-29/5bf6125e-97a2-425f-a851-61a3ea09d647.PDF,https://disc.static.szse.cn/disc/disk03/finalpage/2026-04-29/5bf6125e-97a2-425f-a851-61a3ea09d647.PDF,data/raw/301155.SZ/2025/annual_report.pdf,448606fab1f312e4c6e2967a0f4d1d9ce335c1e8803a1523bdb3d286f74aa845,4184675
301157.SZ,华塑科技,2025,annual_report,https://disc.static.szse.cn/disc/disk03/finalpage/2026-04-28/2bb16132-6e78-4b3a-be69-a1863fce4ef5.PDF,https://disc.static.szse.cn/disc/disk03/finalpage/2026-04-28/2bb16132-6e78-4b3a-be69-a1863fce4ef5.PDF,data/raw/301157.SZ/2025/annual_report.pdf,d5df8edddcbcdb177eeabdd30b30209f2765a3d196ed1b489bc3108e6a406971,4344375
301163.SZ,宏德股份,2025,annual_report,https://disc.static.szse.cn/disc/disk03/finalpage/2026-04-23/b4d8a8f1-1ceb-415c-b6d9-d59c76401442.PDF,https://disc.static.szse.cn/disc/disk03/finalpage/2026-04-23/b4d8a8f1-1ceb-415c-b6d9-d59c76401442.PDF,data/raw/301163.SZ/2025/annual_report.pdf,8ca103c7568f37bb6ba051114b6cb217f26b604d00ce10bcde87d8b594140c18,1361042
301168.SZ,通灵股份,2025,annual_report,https://disc.static.szse.cn/disc/disk03/finalpage/2026-04-29/4ca2ec6e-aa21-48b1-9a12-fbdcec3abb13.PDF,https://disc.static.szse.cn/disc/disk03/finalpage/2026-04-29/4ca2ec6e-aa21-48b1-9a12-fbdcec3abb13.PDF,data/raw/301168.SZ/2025/annual_report.pdf,7f104a85319031b8d8ae66b1b654c9b5ab21fd83dc70de7fe62f1d85df57405e,4670190
301179.SZ,泽宇智能,2025,annual_report,https://disc.static.szse.cn/disc/disk03/finalpage/2026-04-29/d996e1a7-0d5b-4e71-bdd7-d86785e58acc.PDF,https://disc.static.szse.cn/disc/disk03/finalpage/2026-04-29/d996e1a7-0d5b-4e71-bdd7-d86785e58acc.PDF,data/raw/301179.SZ/2025/annual_report.pdf,63fc93249e0bc4c6d13c83363201624a7d6deda4e3e09c1b84fba43bb581e60b,1519709
301210.SZ,金杨精密,2025,annual_report,https://disc.static.szse.cn/disc/disk03/finalpage/2026-04-28/524313ec-3703-416d-8c9c-d31b93c83568.PDF,https://disc.static.szse.cn/disc/disk03/finalpage/2026-04-28/524313ec-3703-416d-8c9c-d31b93c83568.PDF,data/raw/301210.SZ/2025/annual_report.pdf,23b49d2f42544f1539045f97654488a3cc42a3b28008a7c578e9746180cd5a12,1396986
301217.SZ,铜冠铜箔,2025,annual_report,https://disc.static.szse.cn/disc/disk03/finalpage/2026-04-18/aae28b28-b0f3-4b00-8650-48cc80f07e5b.PDF,https://disc.static.szse.cn/disc/disk03/finalpage/2026-04-18/aae28b28-b0f3-4b00-8650-48cc80f07e5b.PDF,data/raw/301217.SZ/2025/annual_report.pdf,d3f36125542893772a2199c7fc77ca156aef20550242629771328d2c3ce05e49,2023479
301222.SZ,浙江恒威,2025,annual_report,https://disc.static.szse.cn/disc/disk03/finalpage/2026-04-27/61b796f1-eb4c-4f78-bbc5-d82e78736847.PDF,https://disc.static.szse.cn/disc/disk03/finalpage/2026-04-27/61b796f1-eb4c-4f78-bbc5-d82e78736847.PDF,data/raw/301222.SZ/2025/annual_report.pdf,23eb0a04936a925e35f8663788c646385f5e4ab2874d6676901e8ff460453bf4,1576127
301226.SZ,祥明智能,2025,annual_report,https://disc.static.szse.cn/disc/disk03/finalpage/2026-04-24/4272ebeb-593e-4e08-8c26-28441e680680.PDF,https://disc.static.szse.cn/disc/disk03/finalpage/2026-04-24/4272ebeb-593e-4e08-8c26-28441e680680.PDF,data/raw/301226.SZ/2025/annual_report.pdf,2336ad1cfa3ca8316dd15766e9ffae0cb3d0137c0656bac046e6abaddd30a7d3,1498489
301232.SZ,飞沃科技,2025,annual_report,https://disc.static.szse.cn/disc/disk03/finalpage/2026-04-14/ca30ce16-1ed1-4e90-999f-0f1d22aea541.PDF,https://disc.static.szse.cn/disc/disk03/finalpage/2026-04-14/ca30ce16-1ed1-4e90-999f-0f1d22aea541.PDF,data/raw/301232.SZ/2025/annual_report.pdf,5c4bb0bd3cb703205191e6329942d8c5cfd9ee26cb2f96681526bd159ee8dd13,1292293
301238.SZ,瑞泰新材,2025,annual_report,https://disc.static.szse.cn/disc/disk03/finalpage/2026-04-25/03b1bd7d-863f-4b1c-b438-d781bf8e2755.PDF,https://disc.static.szse.cn/disc/disk03/finalpage/2026-04-25/03b1bd7d-863f-4b1c-b438-d781bf8e2755.PDF,data/raw/301238.SZ/2025/annual_report.pdf,576a6defb866d28ceb47c8aa7f6ad70e2c21b17429fe60e2e04ba5de348435ba,1388876
301266.SZ,宇邦新材,2025,annual_report,https://disc.static.szse.cn/disc/disk03/finalpage/2026-04-17/a663ede0-8aa1-42d0-b7d2-c39b667df35d.PDF,https://disc.static.szse.cn/disc/disk03/finalpage/2026-04-17/a663ede0-8aa1-42d0-b7d2-c39b667df35d.PDF,data/raw/301266.SZ/2025/annual_report.pdf,74300c16ac64034013a8c6c34655ee1d8a909cd3de01f6bbe139eae972a4ea87,3682999
301278.SZ,快可电子,2025,annual_report,https://disc.static.szse.cn/disc/disk03/finalpage/2026-04-29/dd3e5270-426e-4925-8ea3-f2ed6658376d.PDF,https://disc.static.szse.cn/disc/disk03/finalpage/2026-04-29/dd3e5270-426e-4925-8ea3-f2ed6658376d.PDF,data/raw/301278.SZ/2025/annual_report.pdf,11e7891cf8752617630277bcbac5d53e028f3d4e395dcef565b59dd943d69389,1280526
301291.SZ,明阳电气,2025,annual_report,https://disc.static.szse.cn/disc/disk03/finalpage/2026-04-29/4ff5d54b-4663-444c-8e8f-7944125d8c6c.PDF,https://disc.static.szse.cn/disc/disk03/finalpage/2026-04-29/4ff5d54b-4663-444c-8e8f-7944125d8c6c.PDF,data/raw/301291.SZ/2025/annual_report.pdf,0becbd6eb03df50d9fb474f62072a35385f2e1293a2092e9d05969b86ddf2466,1417042
301292.SZ,海科新源,2025,annual_report,https://disc.static.szse.cn/disc/disk03/finalpage/2026-04-23/d1047623-c846-46b1-bf2d-a24e6479bfe8.PDF,https://disc.static.szse.cn/disc/disk03/finalpage/2026-04-23/d1047623-c846-46b1-bf2d-a24e6479bfe8.PDF,data/raw/301292.SZ/2025/annual_report.pdf,d5172e89f21810b99c7e880f8ab2938883d0829eb39040d4014daa0c5101c67e,1699960
301295.SZ,美硕科技,2025,annual_report,https://disc.static.szse.cn/disc/disk03/finalpage/2026-04-24/52d3b6b6-0a1f-43e3-95e0-d8dc6d8a7d57.PDF,https://disc.static.szse.cn/disc/disk03/finalpage/2026-04-24/52d3b6b6-0a1f-43e3-95e0-d8dc6d8a7d57.PDF,data/raw/301295.SZ/2025/annual_report.pdf,65e9ab5aba07f1d1d613827f9a433b2ae731826af21cb48026cc6fb69bb07fa9,4217481
301325.SZ,曼恩斯特,2025,annual_report,https://disc.static.szse.cn/disc/disk03/finalpage/2026-04-29/10ae0306-78b4-4bb6-925e-181334b8b7dd.PDF,https://disc.static.szse.cn/disc/disk03/finalpage/2026-04-29/10ae0306-78b4-4bb6-925e-181334b8b7dd.PDF,data/raw/301325.SZ/2025/annual_report.pdf,db3ebe250a082804328225921bb32ec036c1c7879757178cbb7752af54b11c98,5362264
301327.SZ,华宝新能,2025,annual_report,https://disc.static.szse.cn/disc/disk03/finalpage/2026-04-25/f4801973-f1fd-478a-a750-223ce1947dfc.PDF,https://disc.static.szse.cn/disc/disk03/finalpage/2026-04-25/f4801973-f1fd-478a-a750-223ce1947dfc.PDF,data/raw/301327.SZ/2025/annual_report.pdf,248597db88ec2f46b3e2be0c02d791d9c370489ff4d3f1fb46f67eef8c0d7f32,4015155
301349.SZ,信德新材,2025,annual_report,https://disc.static.szse.cn/disc/disk03/finalpage/2026-03-31/dc005327-6c2a-473d-880a-266df5a39477.PDF,https://disc.static.szse.cn/disc/disk03/finalpage/2026-03-31/dc005327-6c2a-473d-880a-266df5a39477.PDF,data/raw/301349.SZ/2025/annual_report.pdf,8f20049d794b792bea6a5df3627ecf1e5527e38dc1f35812a283cac03a1bfede,1216024
301358.SZ,湖南裕能,2025,annual_report,https://disc.static.szse.cn/disc/disk03/finalpage/2026-04-23/1fe1111e-0ff4-46b9-9d37-40e615de25cb.PDF,https://disc.static.szse.cn/disc/disk03/finalpage/2026-04-23/1fe1111e-0ff4-46b9-9d37-40e615de25cb.PDF,data/raw/301358.SZ/2025/annual_report.pdf,50f66313aa7c6e4c47f899cb684fcdc68928e712c4e9d3fcd1a3e6b2ddd90415,1216516
301361.SZ,众智科技,2025,annual_report,https://disc.static.szse.cn/disc/disk03/finalpage/2026-03-27/8f2c8958-d74f-4260-a4ff-411986daed1a.PDF,https://disc.static.szse.cn/disc/disk03/finalpage/2026-03-27/8f2c8958-d74f-4260-a4ff-411986daed1a.PDF,data/raw/301361.SZ/2025/annual_report.pdf,d9cddc8b989445f5e309408cfeaf1d7316793de1bd61bb31c700bbe959fb3f83,3571978
301386.SZ,未来电器,2025,annual_report,https://disc.static.szse.cn/disc/disk03/finalpage/2026-04-24/9ed92c04-4ee4-43f6-9d90-7d1cc8adc29e.PDF,https://disc.static.szse.cn/disc/disk03/finalpage/2026-04-24/9ed92c04-4ee4-43f6-9d90-7d1cc8adc29e.PDF,data/raw/301386.SZ/2025/annual_report.pdf,6633528c192cfdf4b04b1d9a5472fa42d8e82db48952b2329e3dacebb6e0dcb3,170823
301388.SZ,欣灵电气,2025,annual_report,https://disc.static.szse.cn/disc/disk03/finalpage/2026-03-31/53591b0c-a467-42a8-9a06-cadd380af23a.PDF,https://disc.static.szse.cn/disc/disk03/finalpage/2026-03-31/53591b0c-a467-42a8-9a06-cadd380af23a.PDF,data/raw/301388.SZ/2025/annual_report.pdf,4800aa1356a02af79f87b39abe26718adf2bbf62b5ca047fa9413ded39307619,1187900
301439.SZ,泓淋电力,2025,annual_report,https://disc.static.szse.cn/disc/disk03/finalpage/2026-04-28/ec348018-231a-4ced-ac70-b15aa00279a0.PDF,https://disc.static.szse.cn/disc/disk03/finalpage/2026-04-28/ec348018-231a-4ced-ac70-b15aa00279a0.PDF,data/raw/301439.SZ/2025/annual_report.pdf,f8e602018da3f6bba9d50cb5b4009ee5e7dbdc105c18784461625b3072df9f51,1752231
301456.SZ,盘古智能,2025,annual_report,https://disc.static.szse.cn/disc/disk03/finalpage/2026-04-25/b38a758b-782b-411b-a3fb-e7edaf26350e.PDF,https://disc.static.szse.cn/disc/disk03/finalpage/2026-04-25/b38a758b-782b-411b-a3fb-e7edaf26350e.PDF,data/raw/301456.SZ/2025/annual_report.pdf,a86746d2c11d06126040f8e0bad7740467bdde2c4857cd3916b30e0e9ba92fc3,2687593
301487.SZ,盟固利,2025,annual_report,https://disc.static.szse.cn/disc/disk03/finalpage/2026-04-18/d9c99bd9-93f4-4417-99bf-c728bafba2ab.PDF,https://disc.static.szse.cn/disc/disk03/finalpage/2026-04-18/d9c99bd9-93f4-4417-99bf-c728bafba2ab.PDF,data/raw/301487.SZ/2025/annual_report.pdf,5a73f48c17c1e494c2904f7d296c8f0dfc4dc46c4ccc1701ca92f576fc080ad8,1253886
301502.SZ,华阳智能,2025,annual_report,https://disc.static.szse.cn/disc/disk03/finalpage/2026-04-29/3808f977-0980-4df2-bb3e-4b7a45f18a7f.pdf,https://disc.static.szse.cn/disc/disk03/finalpage/2026-04-29/3808f977-0980-4df2-bb3e-4b7a45f18a7f.pdf,data/raw/301502.SZ/2025/annual_report.pdf,b9fb94ffba6d857fe3af79555b39205ca20e374ed2fa470a6e13d0fa07639ad7,1399912
301511.SZ,德福科技,2025,annual_report,https://disc.static.szse.cn/disc/disk03/finalpage/2026-04-25/4b627c1b-a564-4eb2-bca7-5b4c96d42c39.PDF,https://disc.static.szse.cn/disc/disk03/finalpage/2026-04-25/4b627c1b-a564-4eb2-bca7-5b4c96d42c39.PDF,data/raw/301511.SZ/2025/annual_report.pdf,ed19f7dadc739692e5d38021ebf16061d349be27d419caf81b0847127e253828,4738528
301516.SZ,中远通,2025,annual_report,https://disc.static.szse.cn/disc/disk03/finalpage/2026-04-28/a7a84969-dd9b-41b9-8df6-ef9986f34cbf.PDF,https://disc.static.szse.cn/disc/disk03/finalpage/2026-04-28/a7a84969-dd9b-41b9-8df6-ef9986f34cbf.PDF,data/raw/301516.SZ/2025/annual_report.pdf,3102fc24d09eb9fd5f22a6257dba4d195ef58cf779c2f134f73534aa8ed60d26,1663024
301587.SZ,中瑞股份,2025,annual_report,https://disc.static.szse.cn/disc/disk03/finalpage/2026-04-24/9b7dfa0e-da4b-4049-ae65-4ec8a12e558b.PDF,https://disc.static.szse.cn/disc/disk03/finalpage/2026-04-24/9b7dfa0e-da4b-4049-ae65-4ec8a12e558b.PDF,data/raw/301587.SZ/2025/annual_report.pdf,599c848ae095e7ad102a9a4d69813697514d81e77f2a14deb060ee1e29243057,1403029
600236.SH,桂冠电力,2025,annual_report,https://www.sse.com.cn/disclosure/listedinfo/announcement/c/new/2026-03-31/600236_20260331_HG2A.pdf,https://big5.sse.com.cn/site/cht/www.sse.com.cn/disclosure/listedinfo/announcement/c/new/2026-03-31/600236_20260331_HG2A.pdf,data/raw/600236.SH/2025/annual_report.pdf,c513b6061676c8e7bf6777e05f2c960b54c27f1d1c59eaec81f9441f147e2330,4868369
600236.SH,桂冠电力,2025,esg_report,https://www.sse.com.cn/disclosure/listedinfo/announcement/c/new/2026-03-31/600236_20260331_TYBB.pdf,https://big5.sse.com.cn/site/cht/www.sse.com.cn/disclosure/listedinfo/announcement/c/new/2026-03-31/600236_20260331_TYBB.pdf,data/raw/600236.SH/2025/esg_report.pdf,e1b879060d971b3e3a8da32fefe36ef56b3bfeb7c8c26afa457d78e03c9965a4,9403036
600339.SH,中油工程,2025,annual_report,https://www.sse.com.cn/disclosure/listedinfo/announcement/c/new/2026-04-11/600339_20260411_1IH9.pdf,https://big5.sse.com.cn/site/cht/www.sse.com.cn/disclosure/listedinfo/announcement/c/new/2026-04-11/600339_20260411_1IH9.pdf,data/raw/600339.SH/2025/annual_report.pdf,8b878ce01bcee79900cad0ce7802e23efe193160bab6239bb26faae8fc19bb54,1719196
600406.SH,国电南瑞,2025,annual_report,https://www.sse.com.cn/disclosure/listedinfo/announcement/c/new/2026-04-30/600406_20260430_JEME.pdf,https://big5.sse.com.cn/site/cht/www.sse.com.cn/disclosure/listedinfo/announcement/c/new/2026-04-30/600406_20260430_JEME.pdf,data/raw/600406.SH/2025/annual_report.pdf,263607df17b8f71f891ff2e046120f123f146039a9097b93aa9b2527d79fa25c,2945464
600803.SH,新奥股份,2025,annual_report,https://www.sse.com.cn/disclosure/listedinfo/announcement/c/new/2026-03-28/600803_20260328_HKOX.pdf,https://big5.sse.com.cn/site/cht/www.sse.com.cn/disclosure/listedinfo/announcement/c/new/2026-03-28/600803_20260328_HKOX.pdf,data/raw/600803.SH/2025/annual_report.pdf,bda488849cddfb5fd64583ee1e5615eb8cf2cb5ee618f1f1bc81a65fce9f6cc8,3233439
600803.SH,新奥股份,2025,esg_report,https://www.sse.com.cn/disclosure/listedinfo/announcement/c/new/2026-04-29/600803_20260429_H66N.pdf,https://big5.sse.com.cn/site/cht/www.sse.com.cn/disclosure/listedinfo/announcement/c/new/2026-04-29/600803_20260429_H66N.pdf,data/raw/600803.SH/2025/esg_report.pdf,607b952960de8c93afce4d46568cd7853e2ab0ba21cf0c3db2300361fe3b9b6c,38315714
600821.SH,金开新能,2025,annual_report,https://www.sse.com.cn/disclosure/listedinfo/announcement/c/new/2026-04-18/600821_20260418_U3DI.pdf,https://big5.sse.com.cn/site/cht/www.sse.com.cn/disclosure/listedinfo/announcement/c/new/2026-04-18/600821_20260418_U3DI.pdf,data/raw/600821.SH/2025/annual_report.pdf,0e72b60c2c07d50d9e849bfe3c57cb88a0f3f7eadf4993fa35a63aec591424a8,13528287
600821.SH,金开新能,2025,esg_report,https://www.sse.com.cn/disclosure/listedinfo/announcement/c/new/2026-04-18/600821_20260418_IEWB.pdf,https://big5.sse.com.cn/site/cht/www.sse.com.cn/disclosure/listedinfo/announcement/c/new/2026-04-18/600821_20260418_IEWB.pdf,data/raw/600821.SH/2025/esg_report.pdf,279ace45807bd5e508b3b0682c82d1c46cb7cd9627133bd0fa6dc849d88b8b9a,86961912
600875.SH,东方电气,2025,annual_report,https://www.sse.com.cn/disclosure/listedinfo/announcement/c/new/2026-04-01/600875_20260401_APQ8.pdf,https://big5.sse.com.cn/site/cht/www.sse.com.cn/disclosure/listedinfo/announcement/c/new/2026-04-01/600875_20260401_APQ8.pdf,data/raw/600875.SH/2025/annual_report.pdf,0108f13d8700ae8bfe916fb3fecdfec7bc29a15187aba6c0d0394ff221407f65,18275528
600885.SH,宏发股份,2025,annual_report,https://www.sse.com.cn/disclosure/listedinfo/announcement/c/new/2026-04-02/600885_20260402_GU3L.pdf,https://big5.sse.com.cn/site/cht/www.sse.com.cn/disclosure/listedinfo/announcement/c/new/2026-04-02/600885_20260402_GU3L.pdf,data/raw/600885.SH/2025/annual_report.pdf,aa43f25ae68d1f4fd15a42bb4e4c2f9db51615832370c5e07bf03541b1d1c590,1632634
600885.SH,宏发股份,2025,esg_report,https://www.sse.com.cn/disclosure/listedinfo/announcement/c/new/2026-05-30/600885_20260530_FZ6U.pdf,https://big5.sse.com.cn/site/cht/www.sse.com.cn/disclosure/listedinfo/announcement/c/new/2026-05-30/600885_20260530_FZ6U.pdf,data/raw/600885.SH/2025/esg_report.pdf,cc8c033dba14b5fb28a8e45724faa24518116ec923d63c9f5a45b3c94859bf6a,18511162
600900.SH,长江电力,2025,annual_report,https://www.sse.com.cn/disclosure/listedinfo/announcement/c/new/2026-04-30/600900_20260430_WC8R.pdf,https://big5.sse.com.cn/site/cht/www.sse.com.cn/disclosure/listedinfo/announcement/c/new/2026-04-30/600900_20260430_WC8R.pdf,data/raw/600900.SH/2025/annual_report.pdf,aa0cdb92e3aad81b1e6454594a64cacbcfeb9013b10dd31f47a93a94e7a70f91,1533692
600900.SH,长江电力,2025,esg_report,https://www.sse.com.cn/disclosure/listedinfo/announcement/c/new/2026-04-30/600900_20260430_0VWG.pdf,https://big5.sse.com.cn/site/cht/www.sse.com.cn/disclosure/listedinfo/announcement/c/new/2026-04-30/600900_20260430_0VWG.pdf,data/raw/600900.SH/2025/esg_report.pdf,9f01f77ecd3f9ca0e793abc980e16755cf5bd0afd6036debd1047cbd0f45481e,2685829
600956.SH,新天绿能,2025,annual_report,https://www.sse.com.cn/disclosure/listedinfo/announcement/c/new/2026-03-26/600956_20260326_L9M7.pdf,https://big5.sse.com.cn/site/cht/www.sse.com.cn/disclosure/listedinfo/announcement/c/new/2026-03-26/600956_20260326_L9M7.pdf,data/raw/600956.SH/2025/annual_report.pdf,da5943ff8f7c16f42852edba47d618909cfbe50d89e12c18f644f744ca01817b,2332785
600956.SH,新天绿能,2025,esg_report,https://www.sse.com.cn/disclosure/listedinfo/announcement/c/new/2026-03-26/600956_20260326_MT6N.pdf,https://big5.sse.com.cn/site/cht/www.sse.com.cn/disclosure/listedinfo/announcement/c/new/2026-03-26/600956_20260326_MT6N.pdf,data/raw/600956.SH/2025/esg_report.pdf,9ff72be47490831aa5a26f4a212d50cad1af6a670b418d0f0856c98a7252a6b3,14549562
600968.SH,海油发展,2025,annual_report,https://www.sse.com.cn/disclosure/listedinfo/announcement/c/new/2026-03-25/600968_20260325_PO84.pdf,https://big5.sse.com.cn/site/cht/www.sse.com.cn/disclosure/listedinfo/announcement/c/new/2026-03-25/600968_20260325_PO84.pdf,data/raw/600968.SH/2025/annual_report.pdf,5e5084479ebcac94e2bdb290f255a722e275e4dfd60c2a5004e1e699a0133961,1628788
600968.SH,海油发展,2025,esg_report,https://www.sse.com.cn/disclosure/listedinfo/announcement/c/new/2026-03-25/600968_20260325_5QKP.pdf,https://big5.sse.com.cn/site/cht/www.sse.com.cn/disclosure/listedinfo/announcement/c/new/2026-03-25/600968_20260325_5QKP.pdf,data/raw/600968.SH/2025/esg_report.pdf,12f3a02de6db0231a6acb9e233c2e0bcf9fc5cea730afec8a2e917b6e3c06c09,27478479
600995.SH,南网储能,2025,annual_report,https://www.sse.com.cn/disclosure/listedinfo/announcement/c/new/2026-03-31/600995_20260331_DFTM.pdf,https://big5.sse.com.cn/site/cht/www.sse.com.cn/disclosure/listedinfo/announcement/c/new/2026-03-31/600995_20260331_DFTM.pdf,data/raw/600995.SH/2025/annual_report.pdf,d0e94cbab95133cf290dbad84453bf14731ea5ab0909bf53b76d30e7a4a3b0f5,1683855
600995.SH,南网储能,2025,esg_report,https://www.sse.com.cn/disclosure/listedinfo/announcement/c/new/2026-03-31/600995_20260331_JL44.pdf,https://big5.sse.com.cn/site/cht/www.sse.com.cn/disclosure/listedinfo/announcement/c/new/2026-03-31/600995_20260331_JL44.pdf,data/raw/600995.SH/2025/esg_report.pdf,856c2756c66c5cd21f1d348094dd279754f8bf72dbc8439a507b0f66ea8b8acb,38679173
601126.SH,四方股份,2025,annual_report,https://www.sse.com.cn/disclosure/listedinfo/announcement/c/new/2026-03-24/601126_20260324_2K9N.pdf,https://big5.sse.com.cn/site/cht/www.sse.com.cn/disclosure/listedinfo/announcement/c/new/2026-03-24/601126_20260324_2K9N.pdf,data/raw/601126.SH/2025/annual_report.pdf,0b74f9f5d9551a7b1359d0e50c4813bbf9ab9c05be9460b6380e641fab15674b,1970737
601126.SH,四方股份,2025,esg_report,https://www.sse.com.cn/disclosure/listedinfo/announcement/c/new/2026-03-24/601126_20260324_8SN3.pdf,https://big5.sse.com.cn/site/cht/www.sse.com.cn/disclosure/listedinfo/announcement/c/new/2026-03-24/601126_20260324_8SN3.pdf,data/raw/601126.SH/2025/esg_report.pdf,1389cc738b6cd7480252c0ff916bd44f0f5d2b55fb609eaff4d8e12f715c442e,5521309
601179.SH,中国西电,2025,annual_report,https://www.sse.com.cn/disclosure/listedinfo/announcement/c/new/2026-04-11/601179_20260411_2SIN.pdf,https://big5.sse.com.cn/site/cht/www.sse.com.cn/disclosure/listedinfo/announcement/c/new/2026-04-11/601179_20260411_2SIN.pdf,data/raw/601179.SH/2025/annual_report.pdf,3e99e4105dde74de870e5a776a2cb607526fe6364ce0407338f2e7dabafce1ed,1573121
601567.SH,三星电气,2025,annual_report,https://www.sse.com.cn/disclosure/listedinfo/announcement/c/new/2026-04-25/601567_20260425_YPP2.pdf,https://big5.sse.com.cn/site/cht/www.sse.com.cn/disclosure/listedinfo/announcement/c/new/2026-04-25/601567_20260425_YPP2.pdf,data/raw/601567.SH/2025/annual_report.pdf,f0e53eec7e22468b99413e2f5f5e138a4ba21fa22fbd5d2fe9a29ff081640381,1718438
601567.SH,三星电气,2025,esg_report,https://www.sse.com.cn/disclosure/listedinfo/announcement/c/new/2026-04-25/601567_20260425_IJJK.pdf,https://big5.sse.com.cn/site/cht/www.sse.com.cn/disclosure/listedinfo/announcement/c/new/2026-04-25/601567_20260425_IJJK.pdf,data/raw/601567.SH/2025/esg_report.pdf,f529cde43b671ebccffb3af610a2a145aa32fabeaf22ce9a4440268332fd0603,31041801
601616.SH,广电电气,2025,annual_report,https://www.sse.com.cn/disclosure/listedinfo/announcement/c/new/2026-04-25/601616_20260425_B9I3.pdf,https://big5.sse.com.cn/site/cht/www.sse.com.cn/disclosure/listedinfo/announcement/c/new/2026-04-25/601616_20260425_B9I3.pdf,data/raw/601616.SH/2025/annual_report.pdf,2f97ae707e2841fc45e92588a463173886ba49e379c2a3fabded0a13a1b31a2a,1129481
601666.SH,平煤股份,2025,annual_report,https://www.sse.com.cn/disclosure/listedinfo/announcement/c/new/2026-04-30/601666_20260430_3LTR.pdf,https://big5.sse.com.cn/site/cht/www.sse.com.cn/disclosure/listedinfo/announcement/c/new/2026-04-30/601666_20260430_3LTR.pdf,data/raw/601666.SH/2025/annual_report.pdf,3834d08b2387a4532c3202882632f800be76bfbe5343340622794a32f5f89fdd,1732467
601666.SH,平煤股份,2025,esg_report,https://www.sse.com.cn/disclosure/listedinfo/announcement/c/new/2026-04-30/601666_20260430_JAIZ.pdf,https://big5.sse.com.cn/site/cht/www.sse.com.cn/disclosure/listedinfo/announcement/c/new/2026-04-30/601666_20260430_JAIZ.pdf,data/raw/601666.SH/2025/esg_report.pdf,e2778f9409c01b0c6841d2e1b66fd93ea2ae68699ccdf55b76e91ff90efb0468,16615359
601877.SH,正泰电器,2025,annual_report,https://www.sse.com.cn/disclosure/listedinfo/announcement/c/new/2026-04-16/601877_20260416_W1MG.pdf,https://big5.sse.com.cn/site/cht/www.sse.com.cn/disclosure/listedinfo/announcement/c/new/2026-04-16/601877_20260416_W1MG.pdf,data/raw/601877.SH/2025/annual_report.pdf,a7a1ac8e328bf6541e19c533786f51fed9d784c4b0ebc695fdfc727265baac6b,3011827
601877.SH,正泰电器,2025,esg_report,https://www.sse.com.cn/disclosure/listedinfo/announcement/c/new/2026-04-16/601877_20260416_SSC4.pdf,https://big5.sse.com.cn/site/cht/www.sse.com.cn/disclosure/listedinfo/announcement/c/new/2026-04-16/601877_20260416_SSC4.pdf,data/raw/601877.SH/2025/esg_report.pdf,2cf3a90daf6226b59f9cc30ac21148eabb991929b760797e564bcfc92e65e0e8,38638477
603031.SH,安孚科技,2025,annual_report,https://www.sse.com.cn/disclosure/listedinfo/announcement/c/new/2026-03-10/603031_20260310_BSPT.pdf,https://big5.sse.com.cn/site/cht/www.sse.com.cn/disclosure/listedinfo/announcement/c/new/2026-03-10/603031_20260310_BSPT.pdf,data/raw/603031.SH/2025/annual_report.pdf,8626067ba2f999810103393baca92ea533f52cb87db24e09365bd8f6618bcf12,1996459
603031.SH,安孚科技,2025,esg_report,https://www.sse.com.cn/disclosure/listedinfo/announcement/c/new/2026-03-10/603031_20260310_BJMG.pdf,https://big5.sse.com.cn/site/cht/www.sse.com.cn/disclosure/listedinfo/announcement/c/new/2026-03-10/603031_20260310_BJMG.pdf,data/raw/603031.SH/2025/esg_report.pdf,70e73e3e8f44470187af6140b3390c9d557bdb7be24440b6af522e9b8138bdee,57403985
603050.SH,科林电气,2025,annual_report,https://www.sse.com.cn/disclosure/listedinfo/announcement/c/new/2026-03-28/603050_20260328_R7WZ.pdf,https://big5.sse.com.cn/site/cht/www.sse.com.cn/disclosure/listedinfo/announcement/c/new/2026-03-28/603050_20260328_R7WZ.pdf,data/raw/603050.SH/2025/annual_report.pdf,495b18d056dc92fb225359e77bbb7a94af5ffe54d20e489542681a4be9780cdf,1369662
603606.SH,东方电缆,2025,annual_report,https://www.sse.com.cn/disclosure/listedinfo/announcement/c/new/2026-03-28/603606_20260328_DUN0.pdf,https://big5.sse.com.cn/site/cht/www.sse.com.cn/disclosure/listedinfo/announcement/c/new/2026-03-28/603606_20260328_DUN0.pdf,data/raw/603606.SH/2025/annual_report.pdf,51e7537a120a36d129743c9aa4412b7ad2d971af742c65f527befe35eb5cfeb9,2674136
605117.SH,德业股份,2025,annual_report,https://www.sse.com.cn/disclosure/listedinfo/announcement/c/new/2026-04-10/605117_20260410_RPXG.pdf,https://big5.sse.com.cn/site/cht/www.sse.com.cn/disclosure/listedinfo/announcement/c/new/2026-04-10/605117_20260410_RPXG.pdf,data/raw/605117.SH/2025/annual_report.pdf,f59647db168aa6bb30cc9934b011f80a8ff170ec11750bc57b69f54dd98e1339,1673336
605117.SH,德业股份,2025,esg_report,https://www.sse.com.cn/disclosure/listedinfo/announcement/c/new/2026-04-10/605117_20260410_772B.pdf,https://big5.sse.com.cn/site/cht/www.sse.com.cn/disclosure/listedinfo/announcement/c/new/2026-04-10/605117_20260410_772B.pdf,data/raw/605117.SH/2025/esg_report.pdf,f61869e55229fa76e4ba4663cda09eedf839c90e5c3aba9b0d4dcf96d4d06ffa,45338918
688155.SH,先惠技术,2025,annual_report,https://www.sse.com.cn/disclosure/listedinfo/announcement/c/new/2026-04-21/688155_20260421_D5YS.pdf,https://big5.sse.com.cn/site/cht/www.sse.com.cn/disclosure/listedinfo/announcement/c/new/2026-04-21/688155_20260421_D5YS.pdf,data/raw/688155.SH/2025/annual_report.pdf,ba27ce7426e781963a5004dd18b9231b2e8a1cc4a952cda0ca6b8f36fbe53c76,2161443
688248.SH,南网科技,2025,annual_report,https://www.sse.com.cn/disclosure/listedinfo/announcement/c/new/2026-03-31/688248_20260331_B0KW.pdf,https://big5.sse.com.cn/site/cht/www.sse.com.cn/disclosure/listedinfo/announcement/c/new/2026-03-31/688248_20260331_B0KW.pdf,data/raw/688248.SH/2025/annual_report.pdf,5238a0618c221be6fe17013e9adc10b67db55cca52550a0451fc4778852ddbe0,2487704
688248.SH,南网科技,2025,esg_report,https://www.sse.com.cn/disclosure/listedinfo/announcement/c/new/2026-03-31/688248_20260331_GK1A.pdf,https://big5.sse.com.cn/site/cht/www.sse.com.cn/disclosure/listedinfo/announcement/c/new/2026-03-31/688248_20260331_GK1A.pdf,data/raw/688248.SH/2025/esg_report.pdf,05beed0de3950d8214f696e2572a4398eb41ea50f0478dc6923d01d5d1fa6a97,28966520
688408.SH,中信博,2025,annual_report,https://www.sse.com.cn/disclosure/listedinfo/announcement/c/new/2026-04-17/688408_20260417_UUI3.pdf,https://big5.sse.com.cn/site/cht/www.sse.com.cn/disclosure/listedinfo/announcement/c/new/2026-04-17/688408_20260417_UUI3.pdf,data/raw/688408.SH/2025/annual_report.pdf,b1a8c99560dee0f8e5bf5f65de69982aeb9e3873985378cfeff45a11c57515db,2848569
688676.SH,金盘科技,2025,annual_report,https://www.sse.com.cn/disclosure/listedinfo/announcement/c/new/2026-03-21/688676_20260321_XTVS.pdf,https://big5.sse.com.cn/site/cht/www.sse.com.cn/disclosure/listedinfo/announcement/c/new/2026-03-21/688676_20260321_XTVS.pdf,data/raw/688676.SH/2025/annual_report.pdf,b4ed28f63fcaa6d85a8df448b87870cfc2aa9917dbac8124772b7777b6a3c797,3666815
688676.SH,金盘科技,2025,esg_report,https://www.sse.com.cn/disclosure/listedinfo/announcement/c/new/2026-03-21/688676_20260321_RGI3.pdf,https://big5.sse.com.cn/site/cht/www.sse.com.cn/disclosure/listedinfo/announcement/c/new/2026-03-21/688676_20260321_RGI3.pdf,data/raw/688676.SH/2025/esg_report.pdf,b0083aff51906c738345d6ce0d31ed6c280db46f7acadff0f8b2f79eaaee358a,74426559
