company_code,company_name,report_year,document_type,source_url,retrieval_url,local_path,sha256,size
600011.SH,华能国际,2025,annual_report,https://www.sse.com.cn/disclosure/listedinfo/announcement/c/new/2026-04-18/600011_20260418_OYK6.pdf,https://big5.sse.com.cn/site/cht/www.sse.com.cn/disclosure/listedinfo/announcement/c/new/2026-04-18/600011_20260418_OYK6.pdf,data/raw/600011.SH/2025/annual_report.pdf,a0e700f87e23e80090b80f0e55e8701e6c83594c57462d452f2a723de14e5c93,26201444
600021.SH,上海电力,2025,annual_report,https://www.sse.com.cn/disclosure/listedinfo/announcement/c/new/2026-04-14/600021_20260414_EJKO.pdf,https://big5.sse.com.cn/site/cht/www.sse.com.cn/disclosure/listedinfo/announcement/c/new/2026-04-14/600021_20260414_EJKO.pdf,data/raw/600021.SH/2025/annual_report.pdf,16be40cc1c4be0c398a0d8292f5172b1a610b0056727b4612910d76f1d400b5b,2630554
600023.SH,浙能电力,2025,annual_report,https://www.sse.com.cn/disclosure/listedinfo/announcement/c/new/2026-04-28/600023_20260428_3M3A.pdf,https://big5.sse.com.cn/site/cht/www.sse.com.cn/disclosure/listedinfo/announcement/c/new/2026-04-28/600023_20260428_3M3A.pdf,data/raw/600023.SH/2025/annual_report.pdf,72239dd644e8ba1dc1e78b66b406344562959a14b87362a98729d6045e7bcd40,1592655
600023.SH,浙能电力,2025,esg_report,https://www.sse.com.cn/disclosure/listedinfo/announcement/c/new/2026-04-28/600023_20260428_8L48.pdf,https://big5.sse.com.cn/site/cht/www.sse.com.cn/disclosure/listedinfo/announcement/c/new/2026-04-28/600023_20260428_8L48.pdf,data/raw/600023.SH/2025/esg_report.pdf,4b63b7057877079f5575fc1a58ff17a08039ed5115142c802cc4893ccf090c91,94036743
600025.SH,华能水电,2025,annual_report,https://www.sse.com.cn/disclosure/listedinfo/announcement/c/new/2026-04-29/600025_20260429_EN00.pdf,https://big5.sse.com.cn/site/cht/www.sse.com.cn/disclosure/listedinfo/announcement/c/new/2026-04-29/600025_20260429_EN00.pdf,data/raw/600025.SH/2025/annual_report.pdf,4de12e91314d22366e221f05cef4434e35ae32328d0bf4e9b88340cc77838bf5,1580993
600027.SH,华电国际,2025,annual_report,https://www.sse.com.cn/disclosure/listedinfo/announcement/c/new/2026-03-27/600027_20260327_VSUM.pdf,https://big5.sse.com.cn/site/cht/www.sse.com.cn/disclosure/listedinfo/announcement/c/new/2026-03-27/600027_20260327_VSUM.pdf,data/raw/600027.SH/2025/annual_report.pdf,0e5d4e7899f2e346c8fde7dd73fd6b60e0d5547df7f8205deb14df9d50fec251,5120159
600028.SH,中国石化,2025,annual_report,https://www.sse.com.cn/disclosure/listedinfo/announcement/c/new/2026-03-23/600028_20260323_J1IG.pdf,https://big5.sse.com.cn/site/cht/www.sse.com.cn/disclosure/listedinfo/announcement/c/new/2026-03-23/600028_20260323_J1IG.pdf,data/raw/600028.SH/2025/annual_report.pdf,4b425d76e97f8c151d986a7f1e83ae2d4b22d43f89b950c352240a5aaffea329,13112821
600028.SH,中国石化,2025,esg_report,https://www.sse.com.cn/disclosure/listedinfo/announcement/c/new/2026-03-23/600028_20260323_QZ7Y.pdf,https://big5.sse.com.cn/site/cht/www.sse.com.cn/disclosure/listedinfo/announcement/c/new/2026-03-23/600028_20260323_QZ7Y.pdf,data/raw/600028.SH/2025/esg_report.pdf,0556e4df58ddf41d063027f276ec628cd83407127d42c292973f23a416a55f09,17957911
600032.SH,浙江新能,2025,annual_report,https://www.sse.com.cn/disclosure/listedinfo/announcement/c/new/2026-04-28/600032_20260428_EBCT.pdf,https://big5.sse.com.cn/site/cht/www.sse.com.cn/disclosure/listedinfo/announcement/c/new/2026-04-28/600032_20260428_EBCT.pdf,data/raw/600032.SH/2025/annual_report.pdf,b0b98a6e8c68b710dc10867275073a90ba93971384d1a8f8ad898f5bed5fd5f8,2054929
600032.SH,浙江新能,2025,esg_report,https://www.sse.com.cn/disclosure/listedinfo/announcement/c/new/2026-04-28/600032_20260428_I4YS.pdf,https://big5.sse.com.cn/site/cht/www.sse.com.cn/disclosure/listedinfo/announcement/c/new/2026-04-28/600032_20260428_I4YS.pdf,data/raw/600032.SH/2025/esg_report.pdf,75df04b6e84ea6d105c251ada1785517270bc098b80cc75546f360f605bf99f6,18552839
600089.SH,特变电工,2025,annual_report,https://www.sse.com.cn/disclosure/listedinfo/announcement/c/new/2026-04-16/600089_20260416_7C7T.pdf,https://big5.sse.com.cn/site/cht/www.sse.com.cn/disclosure/listedinfo/announcement/c/new/2026-04-16/600089_20260416_7C7T.pdf,data/raw/600089.SH/2025/annual_report.pdf,84d08386c5ad48875d48aeb32d611f75832ab0c6cef9d7fc15df1f3bec186c17,4038937
600089.SH,特变电工,2025,esg_report,https://www.sse.com.cn/disclosure/listedinfo/announcement/c/new/2026-04-16/600089_20260416_4PXZ.pdf,https://big5.sse.com.cn/site/cht/www.sse.com.cn/disclosure/listedinfo/announcement/c/new/2026-04-16/600089_20260416_4PXZ.pdf,data/raw/600089.SH/2025/esg_report.pdf,4c5120e0d697d4cd3be13b910d4174a97d3df5300b00e6746da78d61ed296290,69128023
600098.SH,广州发展,2025,annual_report,https://www.sse.com.cn/disclosure/listedinfo/announcement/c/new/2026-04-15/600098_20260415_1WR7.pdf,https://big5.sse.com.cn/site/cht/www.sse.com.cn/disclosure/listedinfo/announcement/c/new/2026-04-15/600098_20260415_1WR7.pdf,data/raw/600098.SH/2025/annual_report.pdf,78decfc3152ce172bc3f1343abc1fb0110641cbbef9f92864c374ed296ab1c07,4141139
600098.SH,广州发展,2025,esg_report,https://www.sse.com.cn/disclosure/listedinfo/announcement/c/new/2026-04-15/600098_20260415_3Q3J.pdf,https://big5.sse.com.cn/site/cht/www.sse.com.cn/disclosure/listedinfo/announcement/c/new/2026-04-15/600098_20260415_3Q3J.pdf,data/raw/600098.SH/2025/esg_report.pdf,ad07512542083c52be9bbbde5dfdcc6cc6eab8b03206c15191182281e8963c3c,23185236
600101.SH,明星电力,2025,annual_report,https://www.sse.com.cn/disclosure/listedinfo/announcement/c/new/2026-03-27/600101_20260327_7MA5.pdf,https://big5.sse.com.cn/site/cht/www.sse.com.cn/disclosure/listedinfo/announcement/c/new/2026-03-27/600101_20260327_7MA5.pdf,data/raw/600101.SH/2025/annual_report.pdf,3975566d6ed34cf7d3ac1bd8b7157c37e01fac1927fe8d0f99cc43acf1cb548f,1601965
600101.SH,明星电力,2025,esg_report,https://www.sse.com.cn/disclosure/listedinfo/announcement/c/new/2026-03-27/600101_20260327_Q28W.pdf,https://big5.sse.com.cn/site/cht/www.sse.com.cn/disclosure/listedinfo/announcement/c/new/2026-03-27/600101_20260327_Q28W.pdf,data/raw/600101.SH/2025/esg_report.pdf,043cc4862e8de00c0c7346e7da822cbd22d42c1105539e48ab6ae1b6cbbfaf08,26974885
600110.SH,诺德股份,2025,annual_report,https://www.sse.com.cn/disclosure/listedinfo/announcement/c/new/2026-04-23/600110_20260423_QAU3.pdf,https://big5.sse.com.cn/site/cht/www.sse.com.cn/disclosure/listedinfo/announcement/c/new/2026-04-23/600110_20260423_QAU3.pdf,data/raw/600110.SH/2025/annual_report.pdf,08e177351e29f3cd8f8b3d6d356794249375dee292923c2fa5be75de5dd0abe4,2462807
600116.SH,三峡水利,2025,annual_report,https://www.sse.com.cn/disclosure/listedinfo/announcement/c/new/2026-04-23/600116_20260423_UG1L.pdf,https://big5.sse.com.cn/site/cht/www.sse.com.cn/disclosure/listedinfo/announcement/c/new/2026-04-23/600116_20260423_UG1L.pdf,data/raw/600116.SH/2025/annual_report.pdf,c2c7bfc3fdd348b9be15aeab6562b761c030d7db605c00f88a9c315854ee1486,2348410
600149.SH,廊坊发展,2025,annual_report,https://www.sse.com.cn/disclosure/listedinfo/announcement/c/new/2026-04-18/600149_20260418_GU51.pdf,https://big5.sse.com.cn/site/cht/www.sse.com.cn/disclosure/listedinfo/announcement/c/new/2026-04-18/600149_20260418_GU51.pdf,data/raw/600149.SH/2025/annual_report.pdf,c5df510b3e423d5f5777a07b4359a675c6e2e2b8585aadaa04d0b02671fe2331,1214621
600151.SH,航天机电,2025,annual_report,https://www.sse.com.cn/disclosure/listedinfo/announcement/c/new/2026-03-27/600151_20260327_3XSB.pdf,https://big5.sse.com.cn/site/cht/www.sse.com.cn/disclosure/listedinfo/announcement/c/new/2026-03-27/600151_20260327_3XSB.pdf,data/raw/600151.SH/2025/annual_report.pdf,d7a5e1d68caa504a336702afa2527d8b38a51c275a832b590a3ed9c5b14989ef,1686039
600152.SH,维科技术,2025,annual_report,https://www.sse.com.cn/disclosure/listedinfo/announcement/c/new/2026-04-14/600152_20260414_AG7Y.pdf,https://big5.sse.com.cn/site/cht/www.sse.com.cn/disclosure/listedinfo/announcement/c/new/2026-04-14/600152_20260414_AG7Y.pdf,data/raw/600152.SH/2025/annual_report.pdf,705a8f271829744c0ddff48cc2e11ebd72499b243e3681eea485d69cbd4ddcff,1417286
600157.SH,永泰能源,2025,annual_report,https://www.sse.com.cn/disclosure/listedinfo/announcement/c/new/2026-04-23/600157_20260423_334Q.pdf,https://big5.sse.com.cn/site/cht/www.sse.com.cn/disclosure/listedinfo/announcement/c/new/2026-04-23/600157_20260423_334Q.pdf,data/raw/600157.SH/2025/annual_report.pdf,0b286b849510b250c729f143d07157cb5e284cfb146686d06172f37e30a65113,1579935
600163.SH,中闽能源,2025,annual_report,https://www.sse.com.cn/disclosure/listedinfo/announcement/c/new/2026-04-29/600163_20260429_79IZ.pdf,https://big5.sse.com.cn/site/cht/www.sse.com.cn/disclosure/listedinfo/announcement/c/new/2026-04-29/600163_20260429_79IZ.pdf,data/raw/600163.SH/2025/annual_report.pdf,7490159ce0a0e480425765959996f86c6d5cb36b1c7e690ecb638b8763c0d846,1383099
600163.SH,中闽能源,2025,esg_report,https://www.sse.com.cn/disclosure/listedinfo/announcement/c/new/2026-04-29/600163_20260429_CZA3.pdf,https://big5.sse.com.cn/site/cht/www.sse.com.cn/disclosure/listedinfo/announcement/c/new/2026-04-29/600163_20260429_CZA3.pdf,data/raw/600163.SH/2025/esg_report.pdf,ab47141d7b2d1e1cbd7fddc0402f6ccb8fa0b9070f4b6572516afe3fb26dfc01,11352698
600167.SH,联美控股,2025,annual_report,https://www.sse.com.cn/disclosure/listedinfo/announcement/c/new/2026-04-29/600167_20260429_S3TO.pdf,https://big5.sse.com.cn/site/cht/www.sse.com.cn/disclosure/listedinfo/announcement/c/new/2026-04-29/600167_20260429_S3TO.pdf,data/raw/600167.SH/2025/annual_report.pdf,ffc5cc728404cd14d0491b22a8197de2f75be2392e5eb0bfa4cc804bfd034183,1354367
600167.SH,联美控股,2025,esg_report,https://www.sse.com.cn/disclosure/listedinfo/announcement/c/new/2026-04-29/600167_20260429_LEOL.pdf,https://big5.sse.com.cn/site/cht/www.sse.com.cn/disclosure/listedinfo/announcement/c/new/2026-04-29/600167_20260429_LEOL.pdf,data/raw/600167.SH/2025/esg_report.pdf,872c5d182ea2d15971378d7ea10c5c72bda43a3ca320af3410862e1006a89188,29942872
600188.SH,兖矿能源,2025,annual_report,https://www.sse.com.cn/disclosure/listedinfo/announcement/c/new/2026-03-28/600188_20260328_R5TM.pdf,https://big5.sse.com.cn/site/cht/www.sse.com.cn/disclosure/listedinfo/announcement/c/new/2026-03-28/600188_20260328_R5TM.pdf,data/raw/600188.SH/2025/annual_report.pdf,2b2585d4e6ea4677af4bbe89a720c6fca8909f695aeebc8d186d2ca2f70d82c6,2096383
600192.SH,长城电工,2025,annual_report,https://www.sse.com.cn/disclosure/listedinfo/announcement/c/new/2026-04-24/600192_20260424_L478.pdf,https://big5.sse.com.cn/site/cht/www.sse.com.cn/disclosure/listedinfo/announcement/c/new/2026-04-24/600192_20260424_L478.pdf,data/raw/600192.SH/2025/annual_report.pdf,ec90783a35f1baf7c57130f2a0171ec32eae461642bbeb6aa942245e8aa68862,1263665
600207.SH,安彩高科,2025,annual_report,https://www.sse.com.cn/disclosure/listedinfo/announcement/c/new/2026-04-18/600207_20260418_1X75.pdf,https://big5.sse.com.cn/site/cht/www.sse.com.cn/disclosure/listedinfo/announcement/c/new/2026-04-18/600207_20260418_1X75.pdf,data/raw/600207.SH/2025/annual_report.pdf,d136de3cd42d3b87644e2bc6f98df144f737c8fa46786df2b9db6b108f4eb94c,1325727
600207.SH,安彩高科,2025,esg_report,https://www.sse.com.cn/disclosure/listedinfo/announcement/c/new/2026-05-14/600207_20260514_WA3G.pdf,https://big5.sse.com.cn/site/cht/www.sse.com.cn/disclosure/listedinfo/announcement/c/new/2026-05-14/600207_20260514_WA3G.pdf,data/raw/600207.SH/2025/esg_report.pdf,df8820c6d31334f0cc02ad09f9d777fadf4bbd3912587eb6286c31639e5ddc76,23989941
600212.SH,绿能慧充,2025,annual_report,https://www.sse.com.cn/disclosure/listedinfo/announcement/c/new/2026-04-30/600212_20260430_DKNO.pdf,https://big5.sse.com.cn/site/cht/www.sse.com.cn/disclosure/listedinfo/announcement/c/new/2026-04-30/600212_20260430_DKNO.pdf,data/raw/600212.SH/2025/annual_report.pdf,9deb50a712a44551954d2b75fb88753324a08c85fc7fa7a776aed28f2efa08b4,2931305
600236.SH,桂冠电力,2025,annual_report,https://www.sse.com.cn/disclosure/listedinfo/announcement/c/new/2026-03-31/600236_20260331_HG2A.pdf,https://big5.sse.com.cn/site/cht/www.sse.com.cn/disclosure/listedinfo/announcement/c/new/2026-03-31/600236_20260331_HG2A.pdf,data/raw/600236.SH/2025/annual_report.pdf,c513b6061676c8e7bf6777e05f2c960b54c27f1d1c59eaec81f9441f147e2330,4868369
600236.SH,桂冠电力,2025,esg_report,https://www.sse.com.cn/disclosure/listedinfo/announcement/c/new/2026-03-31/600236_20260331_TYBB.pdf,https://big5.sse.com.cn/site/cht/www.sse.com.cn/disclosure/listedinfo/announcement/c/new/2026-03-31/600236_20260331_TYBB.pdf,data/raw/600236.SH/2025/esg_report.pdf,e1b879060d971b3e3a8da32fefe36ef56b3bfeb7c8c26afa457d78e03c9965a4,9403036
600241.SH,时代万恒,2025,annual_report,https://www.sse.com.cn/disclosure/listedinfo/announcement/c/new/2026-04-09/600241_20260409_OLEA.pdf,https://big5.sse.com.cn/site/cht/www.sse.com.cn/disclosure/listedinfo/announcement/c/new/2026-04-09/600241_20260409_OLEA.pdf,data/raw/600241.SH/2025/annual_report.pdf,824ec2f7f1d57424d9484eed7cbfe826e77b89817177aace696eb87c1b52ed02,1089958
600256.SH,广汇能源,2025,annual_report,https://www.sse.com.cn/disclosure/listedinfo/announcement/c/new/2026-04-24/600256_20260424_S4XO.pdf,https://big5.sse.com.cn/site/cht/www.sse.com.cn/disclosure/listedinfo/announcement/c/new/2026-04-24/600256_20260424_S4XO.pdf,data/raw/600256.SH/2025/annual_report.pdf,1f53ed723477c38ace30c7e23147a3067492f2d9812db6049b5e49fe9a4b0271,2225221
600256.SH,广汇能源,2025,esg_report,https://www.sse.com.cn/disclosure/listedinfo/announcement/c/new/2026-04-24/600256_20260424_F6OL.pdf,https://big5.sse.com.cn/site/cht/www.sse.com.cn/disclosure/listedinfo/announcement/c/new/2026-04-24/600256_20260424_F6OL.pdf,data/raw/600256.SH/2025/esg_report.pdf,0816e09b8e9098c95287b301090b6469d0676f64976698dcebbfed3f4e6e939b,25721700
600268.SH,国电南自,2025,annual_report,https://www.sse.com.cn/disclosure/listedinfo/announcement/c/new/2026-03-27/600268_20260327_Z6WE.pdf,https://big5.sse.com.cn/site/cht/www.sse.com.cn/disclosure/listedinfo/announcement/c/new/2026-03-27/600268_20260327_Z6WE.pdf,data/raw/600268.SH/2025/annual_report.pdf,929b83c56e844345f2c1b57089dca0ee3e4c52f79abe0f024216a12073696bbd,2412945
600310.SH,广西能源,2025,annual_report,https://www.sse.com.cn/disclosure/listedinfo/announcement/c/new/2026-03-27/600310_20260327_4GRM.pdf,https://big5.sse.com.cn/site/cht/www.sse.com.cn/disclosure/listedinfo/announcement/c/new/2026-03-27/600310_20260327_4GRM.pdf,data/raw/600310.SH/2025/annual_report.pdf,eb95860789347ef4e073ba7936a4fa98131c97860043e6f8df5a0f71d84ebc61,1487970
600312.SH,平高电气,2025,annual_report,https://www.sse.com.cn/disclosure/listedinfo/announcement/c/new/2026-04-11/600312_20260411_0SNQ.pdf,https://big5.sse.com.cn/site/cht/www.sse.com.cn/disclosure/listedinfo/announcement/c/new/2026-04-11/600312_20260411_0SNQ.pdf,data/raw/600312.SH/2025/annual_report.pdf,bcb9800bc6f23d9505b417549c8ab3e1959358f6e8999fd20e1ff70ae5b29961,3195932
600333.SH,长春燃气,2025,annual_report,https://www.sse.com.cn/disclosure/listedinfo/announcement/c/new/2026-04-24/600333_20260424_0I7C.pdf,https://big5.sse.com.cn/site/cht/www.sse.com.cn/disclosure/listedinfo/announcement/c/new/2026-04-24/600333_20260424_0I7C.pdf,data/raw/600333.SH/2025/annual_report.pdf,5523ff0cfb4dcafa54cb90ba414c11a713373a977945eec1e495bddcdcc8866a,1089382
600339.SH,中油工程,2025,annual_report,https://www.sse.com.cn/disclosure/listedinfo/announcement/c/new/2026-04-11/600339_20260411_1IH9.pdf,https://big5.sse.com.cn/site/cht/www.sse.com.cn/disclosure/listedinfo/announcement/c/new/2026-04-11/600339_20260411_1IH9.pdf,data/raw/600339.SH/2025/annual_report.pdf,8b878ce01bcee79900cad0ce7802e23efe193160bab6239bb26faae8fc19bb54,1719196
600346.SH,恒力石化,2025,annual_report,https://www.sse.com.cn/disclosure/listedinfo/announcement/c/new/2026-05-12/600346_20260512_QVZG.pdf,https://big5.sse.com.cn/site/cht/www.sse.com.cn/disclosure/listedinfo/announcement/c/new/2026-05-12/600346_20260512_QVZG.pdf,data/raw/600346.SH/2025/annual_report.pdf,8e83f88c1ebc46711ae22a658a66da0043828af095c458cf7377433a0d3d20c2,3433042
600346.SH,恒力石化,2025,esg_report,https://www.sse.com.cn/disclosure/listedinfo/announcement/c/new/2026-05-12/600346_20260512_9H2H.pdf,https://big5.sse.com.cn/site/cht/www.sse.com.cn/disclosure/listedinfo/announcement/c/new/2026-05-12/600346_20260512_9H2H.pdf,data/raw/600346.SH/2025/esg_report.pdf,b1c5814df7960ab0cceb49d4208616cbec1e0607169e013fe19e6060836ddedb,39824675
600379.SH,宝光股份,2025,annual_report,https://www.sse.com.cn/disclosure/listedinfo/announcement/c/new/2026-04-11/600379_20260411_H9EB.pdf,https://big5.sse.com.cn/site/cht/www.sse.com.cn/disclosure/listedinfo/announcement/c/new/2026-04-11/600379_20260411_H9EB.pdf,data/raw/600379.SH/2025/annual_report.pdf,51584732374fbac6e84071e372cdde9ea09af915cca0c193c11acb6fedfb1e27,1446809
600395.SH,盘江股份,2025,annual_report,https://www.sse.com.cn/disclosure/listedinfo/announcement/c/new/2026-04-23/600395_20260423_G5BQ.pdf,https://big5.sse.com.cn/site/cht/www.sse.com.cn/disclosure/listedinfo/announcement/c/new/2026-04-23/600395_20260423_G5BQ.pdf,data/raw/600395.SH/2025/annual_report.pdf,fa2a473dba53f911175c69111dadcd4037e1e7ef01975fd19e70f5740a89a1df,1549866
600395.SH,盘江股份,2025,esg_report,https://www.sse.com.cn/disclosure/listedinfo/announcement/c/new/2026-04-23/600395_20260423_OXEL.pdf,https://big5.sse.com.cn/site/cht/www.sse.com.cn/disclosure/listedinfo/announcement/c/new/2026-04-23/600395_20260423_OXEL.pdf,data/raw/600395.SH/2025/esg_report.pdf,608b2e987b080f043b7e4119c9f1682538fddea7af55d827e0f2acd124c7b93a,27804076
600396.SH,华电辽能,2025,annual_report,https://www.sse.com.cn/disclosure/listedinfo/announcement/c/new/2026-04-30/600396_20260430_SYVA.pdf,https://big5.sse.com.cn/site/cht/www.sse.com.cn/disclosure/listedinfo/announcement/c/new/2026-04-30/600396_20260430_SYVA.pdf,data/raw/600396.SH/2025/annual_report.pdf,8631933a8a6eb19d6aa721b1229c029ebcb48d7d0e3c4928e0d72bf4e63f2f7f,1325290
600397.SH,江钨装备,2025,annual_report,https://www.sse.com.cn/disclosure/listedinfo/announcement/c/new/2026-04-20/600397_20260420_D9ZM.pdf,https://big5.sse.com.cn/site/cht/www.sse.com.cn/disclosure/listedinfo/announcement/c/new/2026-04-20/600397_20260420_D9ZM.pdf,data/raw/600397.SH/2025/annual_report.pdf,90e206d546394b3f4cd41f3e04e1b9e0c93438846f68e53a6976fc3a3cbe16eb,1331550
600405.SH,动力源,2025,annual_report,https://www.sse.com.cn/disclosure/listedinfo/announcement/c/new/2026-04-25/600405_20260425_UNYQ.pdf,https://big5.sse.com.cn/site/cht/www.sse.com.cn/disclosure/listedinfo/announcement/c/new/2026-04-25/600405_20260425_UNYQ.pdf,data/raw/600405.SH/2025/annual_report.pdf,42f219da7560869f33b59489cf87c2a0a4bf3a4e11f914cc9a21382846d2189e,1538832
600406.SH,国电南瑞,2025,annual_report,https://www.sse.com.cn/disclosure/listedinfo/announcement/c/new/2026-04-30/600406_20260430_JEME.pdf,https://big5.sse.com.cn/site/cht/www.sse.com.cn/disclosure/listedinfo/announcement/c/new/2026-04-30/600406_20260430_JEME.pdf,data/raw/600406.SH/2025/annual_report.pdf,263607df17b8f71f891ff2e046120f123f146039a9097b93aa9b2527d79fa25c,2945464
600416.SH,湘电股份,2025,annual_report,https://www.sse.com.cn/disclosure/listedinfo/announcement/c/new/2026-04-10/600416_20260410_6NBL.pdf,https://big5.sse.com.cn/site/cht/www.sse.com.cn/disclosure/listedinfo/announcement/c/new/2026-04-10/600416_20260410_6NBL.pdf,data/raw/600416.SH/2025/annual_report.pdf,99e7ef37ca1bd65eb4702a733d69d6177a65f20df443ecc23fef682430510aca,1508038
600438.SH,通威股份,2025,annual_report,https://www.sse.com.cn/disclosure/listedinfo/announcement/c/new/2026-06-17/600438_20260617_MZ0P.pdf,https://big5.sse.com.cn/site/cht/www.sse.com.cn/disclosure/listedinfo/announcement/c/new/2026-06-17/600438_20260617_MZ0P.pdf,data/raw/600438.SH/2025/annual_report.pdf,80ea6954050340d5f10d816db2aeaf85721ce3953853974b49034f677f78eb85,2219970
600438.SH,通威股份,2025,esg_report,https://www.sse.com.cn/disclosure/listedinfo/announcement/c/new/2026-06-17/600438_20260617_PJQ9.pdf,https://big5.sse.com.cn/site/cht/www.sse.com.cn/disclosure/listedinfo/announcement/c/new/2026-06-17/600438_20260617_PJQ9.pdf,data/raw/600438.SH/2025/esg_report.pdf,40bcac685e95d94b399f73a91e45190fa9c112fd13015be1df733b9ed39b3f30,34813405
600452.SH,涪陵电力,2025,annual_report,https://www.sse.com.cn/disclosure/listedinfo/announcement/c/new/2026-04-17/600452_20260417_U9FG.pdf,https://big5.sse.com.cn/site/cht/www.sse.com.cn/disclosure/listedinfo/announcement/c/new/2026-04-17/600452_20260417_U9FG.pdf,data/raw/600452.SH/2025/annual_report.pdf,c24c4ab9009a24baba28cfa03e16dea831c1b50cc33c96a81a584211848f35d6,1108786
600458.SH,时代新材,2025,annual_report,https://www.sse.com.cn/disclosure/listedinfo/announcement/c/new/2026-03-28/600458_20260328_QCOJ.pdf,https://big5.sse.com.cn/site/cht/www.sse.com.cn/disclosure/listedinfo/announcement/c/new/2026-03-28/600458_20260328_QCOJ.pdf,data/raw/600458.SH/2025/annual_report.pdf,c4b7d146264a84a87ed0c3be29d3f228f4a995200a4acae9f4e90dce9d89860f,1945644
600468.SH,百利电气,2025,annual_report,https://www.sse.com.cn/disclosure/listedinfo/announcement/c/new/2026-04-22/600468_20260422_YTDU.pdf,https://big5.sse.com.cn/site/cht/www.sse.com.cn/disclosure/listedinfo/announcement/c/new/2026-04-22/600468_20260422_YTDU.pdf,data/raw/600468.SH/2025/annual_report.pdf,f50339e34673338b28c2eb5a25765223ccad196fb353b1a0328e418bf2caf195,1370375
600475.SH,华光环能,2025,annual_report,https://www.sse.com.cn/disclosure/listedinfo/announcement/c/new/2026-04-29/600475_20260429_GPHD.pdf,https://big5.sse.com.cn/site/cht/www.sse.com.cn/disclosure/listedinfo/announcement/c/new/2026-04-29/600475_20260429_GPHD.pdf,data/raw/600475.SH/2025/annual_report.pdf,a0600ea57b183b48c0f7d941a26988eedff35300e94f45841d242018e57ee2ff,2457341
600478.SH,科力远,2025,annual_report,https://www.sse.com.cn/disclosure/listedinfo/announcement/c/new/2026-04-25/600478_20260425_MLC6.pdf,https://big5.sse.com.cn/site/cht/www.sse.com.cn/disclosure/listedinfo/announcement/c/new/2026-04-25/600478_20260425_MLC6.pdf,data/raw/600478.SH/2025/annual_report.pdf,62899d3d78764ae2dba26ace01481d14b32d9310c49fdda012eb28dddb369dd5,1590370
600481.SH,双良节能,2025,annual_report,https://www.sse.com.cn/disclosure/listedinfo/announcement/c/new/2026-04-28/600481_20260428_47EB.pdf,https://big5.sse.com.cn/site/cht/www.sse.com.cn/disclosure/listedinfo/announcement/c/new/2026-04-28/600481_20260428_47EB.pdf,data/raw/600481.SH/2025/annual_report.pdf,b50cda8b74e6580836d9d52534ed9d401d23d558bfd9a209681eaec92c3b6f3e,2094073
600481.SH,双良节能,2025,esg_report,https://www.sse.com.cn/disclosure/listedinfo/announcement/c/new/2026-04-28/600481_20260428_Z2CC.pdf,https://big5.sse.com.cn/site/cht/www.sse.com.cn/disclosure/listedinfo/announcement/c/new/2026-04-28/600481_20260428_Z2CC.pdf,data/raw/600481.SH/2025/esg_report.pdf,7455584ef413f974201b13dd400da9ff361830ad4110b068e2ac75279dbff462,20613389
600482.SH,中国动力,2025,annual_report,https://www.sse.com.cn/disclosure/listedinfo/announcement/c/new/2026-04-30/600482_20260430_AK7F.pdf,https://big5.sse.com.cn/site/cht/www.sse.com.cn/disclosure/listedinfo/announcement/c/new/2026-04-30/600482_20260430_AK7F.pdf,data/raw/600482.SH/2025/annual_report.pdf,992a90a9ccb6c98840b3b160d716336478f8102509eaf96035628be4e51ddc6b,3714817
600482.SH,中国动力,2025,esg_report,https://www.sse.com.cn/disclosure/listedinfo/announcement/c/new/2026-04-30/600482_20260430_PH30.pdf,https://big5.sse.com.cn/site/cht/www.sse.com.cn/disclosure/listedinfo/announcement/c/new/2026-04-30/600482_20260430_PH30.pdf,data/raw/600482.SH/2025/esg_report.pdf,42d183c5c1785bd4420618b6a2f6dbd793c9e33ff7b37298f702ed0f3791ef59,9284219
600483.SH,福能股份,2025,annual_report,https://www.sse.com.cn/disclosure/listedinfo/announcement/c/new/2026-04-23/600483_20260423_GX9A.pdf,https://big5.sse.com.cn/site/cht/www.sse.com.cn/disclosure/listedinfo/announcement/c/new/2026-04-23/600483_20260423_GX9A.pdf,data/raw/600483.SH/2025/annual_report.pdf,26bd654da54d7610682eab64b7aec35b35b2c9d5901c7e56dee6ac5915139d2b,1424760
600483.SH,福能股份,2025,esg_report,https://www.sse.com.cn/disclosure/listedinfo/announcement/c/new/2026-04-23/600483_20260423_YT9Q.pdf,https://big5.sse.com.cn/site/cht/www.sse.com.cn/disclosure/listedinfo/announcement/c/new/2026-04-23/600483_20260423_YT9Q.pdf,data/raw/600483.SH/2025/esg_report.pdf,ce99f1717911a600fa4519720f34d061c7c4a0e237a488048b327e9cb62941d0,35480347
600505.SH,西昌电力,2025,annual_report,https://www.sse.com.cn/disclosure/listedinfo/announcement/c/new/2026-04-23/600505_20260423_O56I.pdf,https://big5.sse.com.cn/site/cht/www.sse.com.cn/disclosure/listedinfo/announcement/c/new/2026-04-23/600505_20260423_O56I.pdf,data/raw/600505.SH/2025/annual_report.pdf,dd02b2544084ef7357c4746cef2172c235ede365a1e0b317025d531a4a779f03,1294972
600508.SH,上海能源,2025,annual_report,https://www.sse.com.cn/disclosure/listedinfo/announcement/c/new/2026-03-28/600508_20260328_BPQ5.pdf,https://big5.sse.com.cn/site/cht/www.sse.com.cn/disclosure/listedinfo/announcement/c/new/2026-03-28/600508_20260328_BPQ5.pdf,data/raw/600508.SH/2025/annual_report.pdf,80d755fef9ded4b5109221270a5b2b6b8d33e1979bafab52d475cd01d0c8a553,1209280
600508.SH,上海能源,2025,esg_report,https://www.sse.com.cn/disclosure/listedinfo/announcement/c/new/2026-03-28/600508_20260328_MJBD.pdf,https://big5.sse.com.cn/site/cht/www.sse.com.cn/disclosure/listedinfo/announcement/c/new/2026-03-28/600508_20260328_MJBD.pdf,data/raw/600508.SH/2025/esg_report.pdf,f59e66a9b58b549d35885774fd3bbb2a46ba1b383a04a7bd403822cc2a4fcc30,100497738
600509.SH,天富能源,2025,annual_report,https://www.sse.com.cn/disclosure/listedinfo/announcement/c/new/2026-04-22/600509_20260422_2PIH.pdf,https://big5.sse.com.cn/site/cht/www.sse.com.cn/disclosure/listedinfo/announcement/c/new/2026-04-22/600509_20260422_2PIH.pdf,data/raw/600509.SH/2025/annual_report.pdf,ffee7f4d9de3ee1b867816dd78f88483ea863e007af3ff2381ff95a934f9e7f8,1801364
600550.SH,保变电气,2025,annual_report,https://www.sse.com.cn/disclosure/listedinfo/announcement/c/new/2026-04-11/600550_20260411_FDFQ.pdf,https://big5.sse.com.cn/site/cht/www.sse.com.cn/disclosure/listedinfo/announcement/c/new/2026-04-11/600550_20260411_FDFQ.pdf,data/raw/600550.SH/2025/annual_report.pdf,4dc5c63583fab5d36b8299706cec997cf9deaf77fdc5717d3442d0912696686d,1278900
600577.SH,精达股份,2025,annual_report,https://www.sse.com.cn/disclosure/listedinfo/announcement/c/new/2026-03-31/600577_20260331_23PP.pdf,https://big5.sse.com.cn/site/cht/www.sse.com.cn/disclosure/listedinfo/announcement/c/new/2026-03-31/600577_20260331_23PP.pdf,data/raw/600577.SH/2025/annual_report.pdf,2d3dee37263a663e651c95bb8d7f68972a604bb0fb7b043c8315f389b96e2b3a,1452982
600578.SH,京能电力,2025,annual_report,https://www.sse.com.cn/disclosure/listedinfo/announcement/c/new/2026-04-25/600578_20260425_KNWV.pdf,https://big5.sse.com.cn/site/cht/www.sse.com.cn/disclosure/listedinfo/announcement/c/new/2026-04-25/600578_20260425_KNWV.pdf,data/raw/600578.SH/2025/annual_report.pdf,e25638741dfaef06a80844a646e6329945040d6fbd758fc157a429a6920a6a7d,1630323
600578.SH,京能电力,2025,esg_report,https://www.sse.com.cn/disclosure/listedinfo/announcement/c/new/2026-04-25/600578_20260425_2RXP.pdf,https://big5.sse.com.cn/site/cht/www.sse.com.cn/disclosure/listedinfo/announcement/c/new/2026-04-25/600578_20260425_2RXP.pdf,data/raw/600578.SH/2025/esg_report.pdf,610bf699c195b708375d7d58ada2a692b2495d5c1388ef23c72b4c2eb6bd82ee,28696781
600580.SH,卧龙电驱,2025,annual_report,https://www.sse.com.cn/disclosure/listedinfo/announcement/c/new/2026-03-21/600580_20260321_1V1Z.pdf,https://big5.sse.com.cn/site/cht/www.sse.com.cn/disclosure/listedinfo/announcement/c/new/2026-03-21/600580_20260321_1V1Z.pdf,data/raw/600580.SH/2025/annual_report.pdf,85834c35ca6395faa7c02a9dcaeb4ee9cb4ecbe7f08a7c04f4ac9d44abab2f1c,1714342
600617.SH,国新能源,2025,annual_report,https://www.sse.com.cn/disclosure/listedinfo/announcement/c/new/2026-04-23/600617_20260423_937U.pdf,https://big5.sse.com.cn/site/cht/www.sse.com.cn/disclosure/listedinfo/announcement/c/new/2026-04-23/600617_20260423_937U.pdf,data/raw/600617.SH/2025/annual_report.pdf,25dd7fe2128f5fca10f0ebb1d2a35146e4fa1069fea83e8796afff4e9a798752,1517190
600635.SH,大众公用,2025,annual_report,https://www.sse.com.cn/disclosure/listedinfo/announcement/c/new/2026-03-31/600635_20260331_NVKM.pdf,https://big5.sse.com.cn/site/cht/www.sse.com.cn/disclosure/listedinfo/announcement/c/new/2026-03-31/600635_20260331_NVKM.pdf,data/raw/600635.SH/2025/annual_report.pdf,7f1d1dfb49600fb230009990038fa0ae1b4f1ababfe3998c450a4aa2b3caffe0,1390782
600635.SH,大众公用,2025,esg_report,https://www.sse.com.cn/disclosure/listedinfo/announcement/c/new/2026-03-31/600635_20260331_Q6AE.pdf,https://big5.sse.com.cn/site/cht/www.sse.com.cn/disclosure/listedinfo/announcement/c/new/2026-03-31/600635_20260331_Q6AE.pdf,data/raw/600635.SH/2025/esg_report.pdf,d63c88be2cb114d82e632278f7518d9821ff6064b6942787c29988bf524d83a3,19388516
600642.SH,申能股份,2025,annual_report,https://www.sse.com.cn/disclosure/listedinfo/announcement/c/new/2026-04-27/600642_20260427_ICB0.pdf,https://big5.sse.com.cn/site/cht/www.sse.com.cn/disclosure/listedinfo/announcement/c/new/2026-04-27/600642_20260427_ICB0.pdf,data/raw/600642.SH/2025/annual_report.pdf,bbc8a61bf5d9bffa2554c10d60419b8c8c1eaa71473eeac0a1a7261f42ff5aa7,1540840
600644.SH,乐山电力,2025,annual_report,https://www.sse.com.cn/disclosure/listedinfo/announcement/c/new/2026-04-18/600644_20260418_TGU7.pdf,https://big5.sse.com.cn/site/cht/www.sse.com.cn/disclosure/listedinfo/announcement/c/new/2026-04-18/600644_20260418_TGU7.pdf,data/raw/600644.SH/2025/annual_report.pdf,833389ede89eeff7688dbade1a4174496505f0596fdb14b3f58abffd26103d6d,1603788
600674.SH,川投能源,2025,annual_report,https://www.sse.com.cn/disclosure/listedinfo/announcement/c/new/2026-04-18/600674_20260418_SNNY.pdf,https://big5.sse.com.cn/site/cht/www.sse.com.cn/disclosure/listedinfo/announcement/c/new/2026-04-18/600674_20260418_SNNY.pdf,data/raw/600674.SH/2025/annual_report.pdf,f14725f59af1b0621157675d645c784f8117fc3eb85f5b7257f3875ba5f75dfa,1629047
600674.SH,川投能源,2025,esg_report,https://www.sse.com.cn/disclosure/listedinfo/announcement/c/new/2026-04-18/600674_20260418_KR2B.pdf,https://big5.sse.com.cn/site/cht/www.sse.com.cn/disclosure/listedinfo/announcement/c/new/2026-04-18/600674_20260418_KR2B.pdf,data/raw/600674.SH/2025/esg_report.pdf,fbdd9132d85ef1ea2513d16a9162149a6be2bd35b8e312bd6c4d0959ef8af28b,54941041
600681.SH,百川能源,2025,annual_report,https://www.sse.com.cn/disclosure/listedinfo/announcement/c/new/2026-04-29/600681_20260429_350L.pdf,https://big5.sse.com.cn/site/cht/www.sse.com.cn/disclosure/listedinfo/announcement/c/new/2026-04-29/600681_20260429_350L.pdf,data/raw/600681.SH/2025/annual_report.pdf,b30010056c6e2a57ad95f936512e27bc66c3e6fb6c525314591dd2acddc95493,1355046
600688.SH,上海石化,2025,annual_report,https://www.sse.com.cn/disclosure/listedinfo/announcement/c/new/2026-03-19/600688_20260319_YDIX.pdf,https://big5.sse.com.cn/site/cht/www.sse.com.cn/disclosure/listedinfo/announcement/c/new/2026-03-19/600688_20260319_YDIX.pdf,data/raw/600688.SH/2025/annual_report.pdf,e19f0d27d50978a7f126bc62022e91670bb6c2cfbf031d6b7eefcf46cac272eb,2203839
600688.SH,上海石化,2025,esg_report,https://www.sse.com.cn/disclosure/listedinfo/announcement/c/new/2026-03-19/600688_20260319_HSFZ.pdf,https://big5.sse.com.cn/site/cht/www.sse.com.cn/disclosure/listedinfo/announcement/c/new/2026-03-19/600688_20260319_HSFZ.pdf,data/raw/600688.SH/2025/esg_report.pdf,df2154e4f3e2ca2640f45545413f3121db0168090fe2520d7fe799b0e8043e80,4146609
600719.SH,大连热电,2025,annual_report,https://www.sse.com.cn/disclosure/listedinfo/announcement/c/new/2026-03-27/600719_20260327_Y12I.pdf,https://big5.sse.com.cn/site/cht/www.sse.com.cn/disclosure/listedinfo/announcement/c/new/2026-03-27/600719_20260327_Y12I.pdf,data/raw/600719.SH/2025/annual_report.pdf,eac35cb1104782d5a3211992ab62d41a08ff337055e5b6efecba6dfde2eb5d3b,1160340
600725.SH,云维股份,2025,annual_report,https://www.sse.com.cn/disclosure/listedinfo/announcement/c/new/2026-04-29/600725_20260429_FVLQ.pdf,https://big5.sse.com.cn/site/cht/www.sse.com.cn/disclosure/listedinfo/announcement/c/new/2026-04-29/600725_20260429_FVLQ.pdf,data/raw/600725.SH/2025/annual_report.pdf,41285503e7cae73a97e331d8414a6ca1e980a6bebb65a01458994bb8d2d1e51a,1201273
600725.SH,云维股份,2025,esg_report,https://www.sse.com.cn/disclosure/listedinfo/announcement/c/new/2026-04-29/600725_20260429_WQNU.pdf,https://big5.sse.com.cn/site/cht/www.sse.com.cn/disclosure/listedinfo/announcement/c/new/2026-04-29/600725_20260429_WQNU.pdf,data/raw/600725.SH/2025/esg_report.pdf,9e78abc3596ee1f5fa861aa2ac683d5d7246be00c3b00b95a7220d52763df8db,1715414
600726.SH,华电能源,2025,annual_report,https://www.sse.com.cn/disclosure/listedinfo/announcement/c/new/2026-04-23/600726_20260423_UOPF.pdf,https://big5.sse.com.cn/site/cht/www.sse.com.cn/disclosure/listedinfo/announcement/c/new/2026-04-23/600726_20260423_UOPF.pdf,data/raw/600726.SH/2025/annual_report.pdf,a60b725e56432aec13a6f61b8c51f3d5cadfbd35e2e54c5a2dfee1479eeb53f7,1914941
600732.SH,爱旭股份,2025,annual_report,https://www.sse.com.cn/disclosure/listedinfo/announcement/c/new/2026-04-28/600732_20260428_7N2Y.pdf,https://big5.sse.com.cn/site/cht/www.sse.com.cn/disclosure/listedinfo/announcement/c/new/2026-04-28/600732_20260428_7N2Y.pdf,data/raw/600732.SH/2025/annual_report.pdf,597c51d5c209ea353bdbe5ba818e0c7682c9412cff44c3ad70d3201f011a2a93,2894033
600732.SH,爱旭股份,2025,esg_report,https://www.sse.com.cn/disclosure/listedinfo/announcement/c/new/2026-04-28/600732_20260428_UOFA.pdf,https://big5.sse.com.cn/site/cht/www.sse.com.cn/disclosure/listedinfo/announcement/c/new/2026-04-28/600732_20260428_UOFA.pdf,data/raw/600732.SH/2025/esg_report.pdf,a4e421f236a710e77704f45fe2839dd1f3e3df0d2863f8ea8633ab56e90bb414,26573367
600744.SH,华银电力,2025,annual_report,https://www.sse.com.cn/disclosure/listedinfo/announcement/c/new/2026-04-23/600744_20260423_AN7O.pdf,https://big5.sse.com.cn/site/cht/www.sse.com.cn/disclosure/listedinfo/announcement/c/new/2026-04-23/600744_20260423_AN7O.pdf,data/raw/600744.SH/2025/annual_report.pdf,1d8013181a145c68ba7861305d54b921f43ee3e21becbf51f66a75a2fbbadd62,4228377
600744.SH,华银电力,2025,esg_report,https://www.sse.com.cn/disclosure/listedinfo/announcement/c/new/2026-04-23/600744_20260423_ZMP3.pdf,https://big5.sse.com.cn/site/cht/www.sse.com.cn/disclosure/listedinfo/announcement/c/new/2026-04-23/600744_20260423_ZMP3.pdf,data/raw/600744.SH/2025/esg_report.pdf,78a962c0ec1990a40f1627367bfa0e068b61186dfb315517437efc81172512bd,44795377
600758.SH,辽宁能源,2025,annual_report,https://www.sse.com.cn/disclosure/listedinfo/announcement/c/new/2026-04-23/600758_20260423_OTCO.pdf,https://big5.sse.com.cn/site/cht/www.sse.com.cn/disclosure/listedinfo/announcement/c/new/2026-04-23/600758_20260423_OTCO.pdf,data/raw/600758.SH/2025/annual_report.pdf,89291499cff0f3c4715b40c90603d06e4ab8841753d747bec90d63e24a5662b9,1215740
600777.SH,*ST新潮,2025,annual_report,https://www.sse.com.cn/disclosure/listedinfo/announcement/c/new/2026-04-24/600777_20260424_FL01.pdf,https://big5.sse.com.cn/site/cht/www.sse.com.cn/disclosure/listedinfo/announcement/c/new/2026-04-24/600777_20260424_FL01.pdf,data/raw/600777.SH/2025/annual_report.pdf,5cb063d448f14f06d399aabccdcef1ec097fbd3ea646446aacbf7f5e94a95e81,1413176
600777.SH,*ST新潮,2025,esg_report,https://www.sse.com.cn/disclosure/listedinfo/announcement/c/new/2026-04-24/600777_20260424_SO09.pdf,https://big5.sse.com.cn/site/cht/www.sse.com.cn/disclosure/listedinfo/announcement/c/new/2026-04-24/600777_20260424_SO09.pdf,data/raw/600777.SH/2025/esg_report.pdf,5a8b692016b92e7b06a65d75ed9dd7a625b24a15d902afa84f758dab0a703f1a,581917
600780.SH,通宝能源,2025,annual_report,https://www.sse.com.cn/disclosure/listedinfo/announcement/c/new/2026-04-25/600780_20260425_2QGG.pdf,https://big5.sse.com.cn/site/cht/www.sse.com.cn/disclosure/listedinfo/announcement/c/new/2026-04-25/600780_20260425_2QGG.pdf,data/raw/600780.SH/2025/annual_report.pdf,ff831e8e824eb1236a2f7ea5c47c87ce6e3b27577c7a2268a7ca5b3b3a5dcb8f,1264408
600780.SH,通宝能源,2025,esg_report,https://www.sse.com.cn/disclosure/listedinfo/announcement/c/new/2026-04-25/600780_20260425_W3GS.pdf,https://big5.sse.com.cn/site/cht/www.sse.com.cn/disclosure/listedinfo/announcement/c/new/2026-04-25/600780_20260425_W3GS.pdf,data/raw/600780.SH/2025/esg_report.pdf,d88a922e4891a00cf71715d423ae83bc8862681393b00a1a0e5da466a46d8614,28063327
600795.SH,国电电力,2025,annual_report,https://www.sse.com.cn/disclosure/listedinfo/announcement/c/new/2026-04-15/600795_20260415_9PNY.pdf,https://big5.sse.com.cn/site/cht/www.sse.com.cn/disclosure/listedinfo/announcement/c/new/2026-04-15/600795_20260415_9PNY.pdf,data/raw/600795.SH/2025/annual_report.pdf,107e82da33876289f6752ca4c3c4845c6a042a0e47f10cb44e1c157e733adb5c,1881101
600795.SH,国电电力,2025,esg_report,https://www.sse.com.cn/disclosure/listedinfo/announcement/c/new/2026-04-15/600795_20260415_TZB0.pdf,https://big5.sse.com.cn/site/cht/www.sse.com.cn/disclosure/listedinfo/announcement/c/new/2026-04-15/600795_20260415_TZB0.pdf,data/raw/600795.SH/2025/esg_report.pdf,38ea4fa6ae2ba48b1e249c73672928e54f95ca115b5a081c085e9e34e7c8b1b2,17368097
600803.SH,新奥股份,2025,annual_report,https://www.sse.com.cn/disclosure/listedinfo/announcement/c/new/2026-03-28/600803_20260328_HKOX.pdf,https://big5.sse.com.cn/site/cht/www.sse.com.cn/disclosure/listedinfo/announcement/c/new/2026-03-28/600803_20260328_HKOX.pdf,data/raw/600803.SH/2025/annual_report.pdf,bda488849cddfb5fd64583ee1e5615eb8cf2cb5ee618f1f1bc81a65fce9f6cc8,3233439
600803.SH,新奥股份,2025,esg_report,https://www.sse.com.cn/disclosure/listedinfo/announcement/c/new/2026-04-29/600803_20260429_H66N.pdf,https://big5.sse.com.cn/site/cht/www.sse.com.cn/disclosure/listedinfo/announcement/c/new/2026-04-29/600803_20260429_H66N.pdf,data/raw/600803.SH/2025/esg_report.pdf,607b952960de8c93afce4d46568cd7853e2ab0ba21cf0c3db2300361fe3b9b6c,38315714
600821.SH,金开新能,2025,annual_report,https://www.sse.com.cn/disclosure/listedinfo/announcement/c/new/2026-04-18/600821_20260418_U3DI.pdf,https://big5.sse.com.cn/site/cht/www.sse.com.cn/disclosure/listedinfo/announcement/c/new/2026-04-18/600821_20260418_U3DI.pdf,data/raw/600821.SH/2025/annual_report.pdf,0e72b60c2c07d50d9e849bfe3c57cb88a0f3f7eadf4993fa35a63aec591424a8,13528287
600821.SH,金开新能,2025,esg_report,https://www.sse.com.cn/disclosure/listedinfo/announcement/c/new/2026-04-18/600821_20260418_IEWB.pdf,https://big5.sse.com.cn/site/cht/www.sse.com.cn/disclosure/listedinfo/announcement/c/new/2026-04-18/600821_20260418_IEWB.pdf,data/raw/600821.SH/2025/esg_report.pdf,279ace45807bd5e508b3b0682c82d1c46cb7cd9627133bd0fa6dc849d88b8b9a,86961912
600847.SH,万里股份,2025,annual_report,https://www.sse.com.cn/disclosure/listedinfo/announcement/c/new/2026-04-30/600847_20260430_0GJO.pdf,https://big5.sse.com.cn/site/cht/www.sse.com.cn/disclosure/listedinfo/announcement/c/new/2026-04-30/600847_20260430_0GJO.pdf,data/raw/600847.SH/2025/annual_report.pdf,9e043ed16ce1147ba84801529ccd8c5a1701f06f47c7e533673d6a26b996569a,1089730
600847.SH,万里股份,2025,esg_report,https://www.sse.com.cn/disclosure/listedinfo/announcement/c/new/2026-04-30/600847_20260430_ASPO.pdf,https://big5.sse.com.cn/site/cht/www.sse.com.cn/disclosure/listedinfo/announcement/c/new/2026-04-30/600847_20260430_ASPO.pdf,data/raw/600847.SH/2025/esg_report.pdf,034927df00a9b1ad1d9931cda369c524ed630177b3d75a923b1bd79fd6380bb7,117714
600863.SH,华能蒙电,2025,annual_report,https://www.sse.com.cn/disclosure/listedinfo/announcement/c/new/2026-04-23/600863_20260423_G4VB.pdf,https://big5.sse.com.cn/site/cht/www.sse.com.cn/disclosure/listedinfo/announcement/c/new/2026-04-23/600863_20260423_G4VB.pdf,data/raw/600863.SH/2025/annual_report.pdf,e8edfe8e58c876ad706a5fdb4220d21be0fa2dde47d900be09d98ef39f476d01,1670208
600868.SH,梅雁吉祥,2025,annual_report,https://www.sse.com.cn/disclosure/listedinfo/announcement/c/new/2026-04-03/600868_20260403_9HUR.pdf,https://big5.sse.com.cn/site/cht/www.sse.com.cn/disclosure/listedinfo/announcement/c/new/2026-04-03/600868_20260403_9HUR.pdf,data/raw/600868.SH/2025/annual_report.pdf,d1453145d52251d8162bf6d31bb8e09f3653e556930e4c418bc1446e4b15290d,1316380
600869.SH,远东股份,2025,annual_report,https://www.sse.com.cn/disclosure/listedinfo/announcement/c/new/2026-04-22/600869_20260422_5Y24.pdf,https://big5.sse.com.cn/site/cht/www.sse.com.cn/disclosure/listedinfo/announcement/c/new/2026-04-22/600869_20260422_5Y24.pdf,data/raw/600869.SH/2025/annual_report.pdf,c964244b8fe12ffaac1743df5f4f57f13bdf6022220e839e2388b2710a13d372,1468020
600871.SH,石化油服,2025,annual_report,https://www.sse.com.cn/disclosure/listedinfo/announcement/c/new/2026-03-31/600871_20260331_OJP3.pdf,https://big5.sse.com.cn/site/cht/www.sse.com.cn/disclosure/listedinfo/announcement/c/new/2026-03-31/600871_20260331_OJP3.pdf,data/raw/600871.SH/2025/annual_report.pdf,a52c121270684878fde3fe50aa11074392538b9e66a8cebb95174c65528048fe,1972902
600871.SH,石化油服,2025,esg_report,https://www.sse.com.cn/disclosure/listedinfo/announcement/c/new/2026-03-17/600871_20260317_JNM6.pdf,https://big5.sse.com.cn/site/cht/www.sse.com.cn/disclosure/listedinfo/announcement/c/new/2026-03-17/600871_20260317_JNM6.pdf,data/raw/600871.SH/2025/esg_report.pdf,2aa43830a88a8b15bf511a0dfb8604a05046e8f85f0ae8907725ed7f9a928c5c,2290587
600875.SH,东方电气,2025,annual_report,https://www.sse.com.cn/disclosure/listedinfo/announcement/c/new/2026-04-01/600875_20260401_APQ8.pdf,https://big5.sse.com.cn/site/cht/www.sse.com.cn/disclosure/listedinfo/announcement/c/new/2026-04-01/600875_20260401_APQ8.pdf,data/raw/600875.SH/2025/annual_report.pdf,0108f13d8700ae8bfe916fb3fecdfec7bc29a15187aba6c0d0394ff221407f65,18275528
600884.SH,杉杉股份,2025,annual_report,https://www.sse.com.cn/disclosure/listedinfo/announcement/c/new/2026-04-30/600884_20260430_1PAF.pdf,https://big5.sse.com.cn/site/cht/www.sse.com.cn/disclosure/listedinfo/announcement/c/new/2026-04-30/600884_20260430_1PAF.pdf,data/raw/600884.SH/2025/annual_report.pdf,b9b84b2b2d05fc8be0103d7239eb685b9e255f48c165aa04e9266d41993310d1,3254108
600885.SH,宏发股份,2025,annual_report,https://www.sse.com.cn/disclosure/listedinfo/announcement/c/new/2026-04-02/600885_20260402_GU3L.pdf,https://big5.sse.com.cn/site/cht/www.sse.com.cn/disclosure/listedinfo/announcement/c/new/2026-04-02/600885_20260402_GU3L.pdf,data/raw/600885.SH/2025/annual_report.pdf,aa43f25ae68d1f4fd15a42bb4e4c2f9db51615832370c5e07bf03541b1d1c590,1632634
600885.SH,宏发股份,2025,esg_report,https://www.sse.com.cn/disclosure/listedinfo/announcement/c/new/2026-05-30/600885_20260530_FZ6U.pdf,https://big5.sse.com.cn/site/cht/www.sse.com.cn/disclosure/listedinfo/announcement/c/new/2026-05-30/600885_20260530_FZ6U.pdf,data/raw/600885.SH/2025/esg_report.pdf,cc8c033dba14b5fb28a8e45724faa24518116ec923d63c9f5a45b3c94859bf6a,18511162
600886.SH,国投电力,2025,annual_report,https://www.sse.com.cn/disclosure/listedinfo/announcement/c/new/2026-04-30/600886_20260430_T8HI.pdf,https://big5.sse.com.cn/site/cht/www.sse.com.cn/disclosure/listedinfo/announcement/c/new/2026-04-30/600886_20260430_T8HI.pdf,data/raw/600886.SH/2025/annual_report.pdf,8cc44c8a32470dd90401b9c5292e753385795ff208e0d59c2d3726a818edcd27,77748102
600900.SH,长江电力,2025,annual_report,https://www.sse.com.cn/disclosure/listedinfo/announcement/c/new/2026-04-30/600900_20260430_WC8R.pdf,https://big5.sse.com.cn/site/cht/www.sse.com.cn/disclosure/listedinfo/announcement/c/new/2026-04-30/600900_20260430_WC8R.pdf,data/raw/600900.SH/2025/annual_report.pdf,aa0cdb92e3aad81b1e6454594a64cacbcfeb9013b10dd31f47a93a94e7a70f91,1533692
600900.SH,长江电力,2025,esg_report,https://www.sse.com.cn/disclosure/listedinfo/announcement/c/new/2026-04-30/600900_20260430_0VWG.pdf,https://big5.sse.com.cn/site/cht/www.sse.com.cn/disclosure/listedinfo/announcement/c/new/2026-04-30/600900_20260430_0VWG.pdf,data/raw/600900.SH/2025/esg_report.pdf,9f01f77ecd3f9ca0e793abc980e16755cf5bd0afd6036debd1047cbd0f45481e,2685829
600903.SH,贵州燃气,2025,annual_report,https://www.sse.com.cn/disclosure/listedinfo/announcement/c/new/2026-04-23/600903_20260423_ZLVU.pdf,https://big5.sse.com.cn/site/cht/www.sse.com.cn/disclosure/listedinfo/announcement/c/new/2026-04-23/600903_20260423_ZLVU.pdf,data/raw/600903.SH/2025/annual_report.pdf,430613395bea5bc20709aa35acc6828f7330f4e5eed5e56ca92d4677d6e9f502,1720425
600903.SH,贵州燃气,2025,esg_report,https://www.sse.com.cn/disclosure/listedinfo/announcement/c/new/2026-04-23/600903_20260423_HO2U.pdf,https://big5.sse.com.cn/site/cht/www.sse.com.cn/disclosure/listedinfo/announcement/c/new/2026-04-23/600903_20260423_HO2U.pdf,data/raw/600903.SH/2025/esg_report.pdf,92ab083ab0b452a2774efec84bfb9ea27a28286ffcb056104b2d6b1c27076e77,35589181
600905.SH,三峡能源,2025,annual_report,https://www.sse.com.cn/disclosure/listedinfo/announcement/c/new/2026-04-30/600905_20260430_2G6K.pdf,https://big5.sse.com.cn/site/cht/www.sse.com.cn/disclosure/listedinfo/announcement/c/new/2026-04-30/600905_20260430_2G6K.pdf,data/raw/600905.SH/2025/annual_report.pdf,cd80c374b011ebd527fad6e092e078aeb8718a2db0b90337df6074c94e5049dc,2547665
600905.SH,三峡能源,2025,esg_report,https://www.sse.com.cn/disclosure/listedinfo/announcement/c/new/2026-04-30/600905_20260430_UP3C.pdf,https://big5.sse.com.cn/site/cht/www.sse.com.cn/disclosure/listedinfo/announcement/c/new/2026-04-30/600905_20260430_UP3C.pdf,data/raw/600905.SH/2025/esg_report.pdf,f79a7fab85c5a93ceb293422837205826130a1c4b974cda2e66e99e2453fdc52,41143695
600917.SH,重庆燃气,2025,annual_report,https://www.sse.com.cn/disclosure/listedinfo/announcement/c/new/2026-04-17/600917_20260417_R73M.pdf,https://big5.sse.com.cn/site/cht/www.sse.com.cn/disclosure/listedinfo/announcement/c/new/2026-04-17/600917_20260417_R73M.pdf,data/raw/600917.SH/2025/annual_report.pdf,eed9e3ac0eadf74852b4195247ef0b4d9eb6e2e382563c77308f0c242419c444,1389003
600917.SH,重庆燃气,2025,esg_report,https://www.sse.com.cn/disclosure/listedinfo/announcement/c/new/2026-04-17/600917_20260417_939A.pdf,https://big5.sse.com.cn/site/cht/www.sse.com.cn/disclosure/listedinfo/announcement/c/new/2026-04-17/600917_20260417_939A.pdf,data/raw/600917.SH/2025/esg_report.pdf,238ace6cc8c1b3ff3cc48306bd5581744b535cf5bca5f9764cb069836eb64908,29932842
600925.SH,苏能股份,2025,annual_report,https://www.sse.com.cn/disclosure/listedinfo/announcement/c/new/2026-04-22/600925_20260422_MQ8R.pdf,https://big5.sse.com.cn/site/cht/www.sse.com.cn/disclosure/listedinfo/announcement/c/new/2026-04-22/600925_20260422_MQ8R.pdf,data/raw/600925.SH/2025/annual_report.pdf,56085dec6d913435be5ef085ac5658c428ec435b671cb3ac7d2d3faa36c93a7e,1597728
600938.SH,中国海油,2025,annual_report,https://www.sse.com.cn/disclosure/listedinfo/announcement/c/new/2026-03-27/600938_20260327_B3QB.pdf,https://big5.sse.com.cn/site/cht/www.sse.com.cn/disclosure/listedinfo/announcement/c/new/2026-03-27/600938_20260327_B3QB.pdf,data/raw/600938.SH/2025/annual_report.pdf,8b8b0577c0f38a5a1d54582ed64f233521a986ce27c805679c7846a1bb475606,1511001
600956.SH,新天绿能,2025,annual_report,https://www.sse.com.cn/disclosure/listedinfo/announcement/c/new/2026-03-26/600956_20260326_L9M7.pdf,https://big5.sse.com.cn/site/cht/www.sse.com.cn/disclosure/listedinfo/announcement/c/new/2026-03-26/600956_20260326_L9M7.pdf,data/raw/600956.SH/2025/annual_report.pdf,da5943ff8f7c16f42852edba47d618909cfbe50d89e12c18f644f744ca01817b,2332785
600956.SH,新天绿能,2025,esg_report,https://www.sse.com.cn/disclosure/listedinfo/announcement/c/new/2026-03-26/600956_20260326_MT6N.pdf,https://big5.sse.com.cn/site/cht/www.sse.com.cn/disclosure/listedinfo/announcement/c/new/2026-03-26/600956_20260326_MT6N.pdf,data/raw/600956.SH/2025/esg_report.pdf,9ff72be47490831aa5a26f4a212d50cad1af6a670b418d0f0856c98a7252a6b3,14549562
600968.SH,海油发展,2025,annual_report,https://www.sse.com.cn/disclosure/listedinfo/announcement/c/new/2026-03-25/600968_20260325_PO84.pdf,https://big5.sse.com.cn/site/cht/www.sse.com.cn/disclosure/listedinfo/announcement/c/new/2026-03-25/600968_20260325_PO84.pdf,data/raw/600968.SH/2025/annual_report.pdf,5e5084479ebcac94e2bdb290f255a722e275e4dfd60c2a5004e1e699a0133961,1628788
600968.SH,海油发展,2025,esg_report,https://www.sse.com.cn/disclosure/listedinfo/announcement/c/new/2026-03-25/600968_20260325_5QKP.pdf,https://big5.sse.com.cn/site/cht/www.sse.com.cn/disclosure/listedinfo/announcement/c/new/2026-03-25/600968_20260325_5QKP.pdf,data/raw/600968.SH/2025/esg_report.pdf,12f3a02de6db0231a6acb9e233c2e0bcf9fc5cea730afec8a2e917b6e3c06c09,27478479
600969.SH,郴电国际,2025,annual_report,https://www.sse.com.cn/disclosure/listedinfo/announcement/c/new/2026-04-24/600969_20260424_0Y8J.pdf,https://big5.sse.com.cn/site/cht/www.sse.com.cn/disclosure/listedinfo/announcement/c/new/2026-04-24/600969_20260424_0Y8J.pdf,data/raw/600969.SH/2025/annual_report.pdf,07124d0851a929b5019165b5e991879690ba4492faf94dc335f04707411278aa,1359791
600969.SH,郴电国际,2025,esg_report,https://www.sse.com.cn/disclosure/listedinfo/announcement/c/new/2026-04-24/600969_20260424_8ELS.pdf,https://big5.sse.com.cn/site/cht/www.sse.com.cn/disclosure/listedinfo/announcement/c/new/2026-04-24/600969_20260424_8ELS.pdf,data/raw/600969.SH/2025/esg_report.pdf,1225d0c7a05a182741fee5a71e76aa0cbbe3fcad59a17be877344fdc9a3c2978,38753032
600973.SH,宝胜股份,2025,annual_report,https://www.sse.com.cn/disclosure/listedinfo/announcement/c/new/2026-03-14/600973_20260314_UP75.pdf,https://big5.sse.com.cn/site/cht/www.sse.com.cn/disclosure/listedinfo/announcement/c/new/2026-03-14/600973_20260314_UP75.pdf,data/raw/600973.SH/2025/annual_report.pdf,8e80336e512f240a1f29dbcc7b243765806d2f2f36463d919c5c5d394ee7fdd0,1504360
600979.SH,广安爱众,2025,annual_report,https://www.sse.com.cn/disclosure/listedinfo/announcement/c/new/2026-04-28/600979_20260428_LACM.pdf,https://big5.sse.com.cn/site/cht/www.sse.com.cn/disclosure/listedinfo/announcement/c/new/2026-04-28/600979_20260428_LACM.pdf,data/raw/600979.SH/2025/annual_report.pdf,32f119517833dda62a6b190744e954369bd0e6cd300ff02253d96a3a2da3c9ef,1584800
600982.SH,宁波能源,2025,annual_report,https://www.sse.com.cn/disclosure/listedinfo/announcement/c/new/2026-04-21/600982_20260421_IEK4.pdf,https://big5.sse.com.cn/site/cht/www.sse.com.cn/disclosure/listedinfo/announcement/c/new/2026-04-21/600982_20260421_IEK4.pdf,data/raw/600982.SH/2025/annual_report.pdf,b9e9c007b5b98dd59ce7a7a1cac772f110149b13d5dc4ca4e6ce6156eda79d7f,1760889
600995.SH,南网储能,2025,annual_report,https://www.sse.com.cn/disclosure/listedinfo/announcement/c/new/2026-03-31/600995_20260331_DFTM.pdf,https://big5.sse.com.cn/site/cht/www.sse.com.cn/disclosure/listedinfo/announcement/c/new/2026-03-31/600995_20260331_DFTM.pdf,data/raw/600995.SH/2025/annual_report.pdf,d0e94cbab95133cf290dbad84453bf14731ea5ab0909bf53b76d30e7a4a3b0f5,1683855
600995.SH,南网储能,2025,esg_report,https://www.sse.com.cn/disclosure/listedinfo/announcement/c/new/2026-03-31/600995_20260331_JL44.pdf,https://big5.sse.com.cn/site/cht/www.sse.com.cn/disclosure/listedinfo/announcement/c/new/2026-03-31/600995_20260331_JL44.pdf,data/raw/600995.SH/2025/esg_report.pdf,856c2756c66c5cd21f1d348094dd279754f8bf72dbc8439a507b0f66ea8b8acb,38679173
601001.SH,晋控煤业,2025,annual_report,https://www.sse.com.cn/disclosure/listedinfo/announcement/c/new/2026-04-28/601001_20260428_3BYK.pdf,https://big5.sse.com.cn/site/cht/www.sse.com.cn/disclosure/listedinfo/announcement/c/new/2026-04-28/601001_20260428_3BYK.pdf,data/raw/601001.SH/2025/annual_report.pdf,7c84831b6fe1bf6775ec0e6d644eaf8c2692c8c25087b948c2c45850740a7254,1313921
601001.SH,晋控煤业,2025,esg_report,https://www.sse.com.cn/disclosure/listedinfo/announcement/c/new/2026-04-28/601001_20260428_XF06.pdf,https://big5.sse.com.cn/site/cht/www.sse.com.cn/disclosure/listedinfo/announcement/c/new/2026-04-28/601001_20260428_XF06.pdf,data/raw/601001.SH/2025/esg_report.pdf,6764c6ed177e1b5690247a1b2288821e46dfdb05994c5a782effd52d8a91c9f6,77047491
601012.SH,隆基绿能,2025,annual_report,https://www.sse.com.cn/disclosure/listedinfo/announcement/c/new/2026-04-29/601012_20260429_OI5U.pdf,https://big5.sse.com.cn/site/cht/www.sse.com.cn/disclosure/listedinfo/announcement/c/new/2026-04-29/601012_20260429_OI5U.pdf,data/raw/601012.SH/2025/annual_report.pdf,10233740d54740b89dfd772eecac5f04d8fef639489acd3b18b1a35e81bce2c1,3311470
601012.SH,隆基绿能,2025,esg_report,https://www.sse.com.cn/disclosure/listedinfo/announcement/c/new/2026-04-29/601012_20260429_7BCR.pdf,https://big5.sse.com.cn/site/cht/www.sse.com.cn/disclosure/listedinfo/announcement/c/new/2026-04-29/601012_20260429_7BCR.pdf,data/raw/601012.SH/2025/esg_report.pdf,9786609033a1cf2183e06838361be83c23ff4f628965cd44f3eb6208de4e88ff,50192884
601016.SH,节能风电,2025,annual_report,https://www.sse.com.cn/disclosure/listedinfo/announcement/c/new/2026-04-22/601016_20260422_C6FW.pdf,https://big5.sse.com.cn/site/cht/www.sse.com.cn/disclosure/listedinfo/announcement/c/new/2026-04-22/601016_20260422_C6FW.pdf,data/raw/601016.SH/2025/annual_report.pdf,3b34f96d5ed46c30dc968ee25bf77213172878a6f1f89b9fc7460ade9a139e85,1950349
601088.SH,中国神华,2025,annual_report,https://www.sse.com.cn/disclosure/listedinfo/announcement/c/new/2026-03-31/601088_20260331_8EXD.pdf,https://big5.sse.com.cn/site/cht/www.sse.com.cn/disclosure/listedinfo/announcement/c/new/2026-03-31/601088_20260331_8EXD.pdf,data/raw/601088.SH/2025/annual_report.pdf,7068df1231922b8a2fcfd0336d9ae6550dabf7c7edc152d680089df8cc126bd2,6100255
601088.SH,中国神华,2025,esg_report,https://www.sse.com.cn/disclosure/listedinfo/announcement/c/new/2026-03-31/601088_20260331_K3HI.pdf,https://big5.sse.com.cn/site/cht/www.sse.com.cn/disclosure/listedinfo/announcement/c/new/2026-03-31/601088_20260331_K3HI.pdf,data/raw/601088.SH/2025/esg_report.pdf,b4cd1f703a329ba37ec048b2e1ea90787805d21e4e6909c5a54713442797d52a,22504400
601126.SH,四方股份,2025,annual_report,https://www.sse.com.cn/disclosure/listedinfo/announcement/c/new/2026-03-24/601126_20260324_2K9N.pdf,https://big5.sse.com.cn/site/cht/www.sse.com.cn/disclosure/listedinfo/announcement/c/new/2026-03-24/601126_20260324_2K9N.pdf,data/raw/601126.SH/2025/annual_report.pdf,0b74f9f5d9551a7b1359d0e50c4813bbf9ab9c05be9460b6380e641fab15674b,1970737
601126.SH,四方股份,2025,esg_report,https://www.sse.com.cn/disclosure/listedinfo/announcement/c/new/2026-03-24/601126_20260324_8SN3.pdf,https://big5.sse.com.cn/site/cht/www.sse.com.cn/disclosure/listedinfo/announcement/c/new/2026-03-24/601126_20260324_8SN3.pdf,data/raw/601126.SH/2025/esg_report.pdf,1389cc738b6cd7480252c0ff916bd44f0f5d2b55fb609eaff4d8e12f715c442e,5521309
601139.SH,深圳燃气,2025,annual_report,https://www.sse.com.cn/disclosure/listedinfo/announcement/c/new/2026-03-31/601139_20260331_R1J8.pdf,https://big5.sse.com.cn/site/cht/www.sse.com.cn/disclosure/listedinfo/announcement/c/new/2026-03-31/601139_20260331_R1J8.pdf,data/raw/601139.SH/2025/annual_report.pdf,b3d7e112f76f132938a54547a82fa5ca7e0fbd8bbffdb2c6735b8dc6a3662070,1380349
601139.SH,深圳燃气,2025,esg_report,https://www.sse.com.cn/disclosure/listedinfo/announcement/c/new/2026-03-31/601139_20260331_PRZY.pdf,https://big5.sse.com.cn/site/cht/www.sse.com.cn/disclosure/listedinfo/announcement/c/new/2026-03-31/601139_20260331_PRZY.pdf,data/raw/601139.SH/2025/esg_report.pdf,07f918287705acd249490512f5517411bfecbedf5763028e99713fb589d4ecfa,9814504
601179.SH,中国西电,2025,annual_report,https://www.sse.com.cn/disclosure/listedinfo/announcement/c/new/2026-04-11/601179_20260411_2SIN.pdf,https://big5.sse.com.cn/site/cht/www.sse.com.cn/disclosure/listedinfo/announcement/c/new/2026-04-11/601179_20260411_2SIN.pdf,data/raw/601179.SH/2025/annual_report.pdf,3e99e4105dde74de870e5a776a2cb607526fe6364ce0407338f2e7dabafce1ed,1573121
601218.SH,吉鑫科技,2025,annual_report,https://www.sse.com.cn/disclosure/listedinfo/announcement/c/new/2026-03-31/601218_20260331_VMHO.pdf,https://big5.sse.com.cn/site/cht/www.sse.com.cn/disclosure/listedinfo/announcement/c/new/2026-03-31/601218_20260331_VMHO.pdf,data/raw/601218.SH/2025/annual_report.pdf,3b889c66bcf9204dd81da55d21e34baed4beb2e0327457dcc54d4f0db5357a1b,1210822
601222.SH,林洋能源,2025,annual_report,https://www.sse.com.cn/disclosure/listedinfo/announcement/c/new/2026-04-30/601222_20260430_3J1N.pdf,https://big5.sse.com.cn/site/cht/www.sse.com.cn/disclosure/listedinfo/announcement/c/new/2026-04-30/601222_20260430_3J1N.pdf,data/raw/601222.SH/2025/annual_report.pdf,c252a763fc969fef029263fdcfd5f17d6b455a7d8d3a8071c609fc33bc9984f2,1703565
601225.SH,陕西煤业,2025,annual_report,https://www.sse.com.cn/disclosure/listedinfo/announcement/c/new/2026-04-25/601225_20260425_REK6.pdf,https://big5.sse.com.cn/site/cht/www.sse.com.cn/disclosure/listedinfo/announcement/c/new/2026-04-25/601225_20260425_REK6.pdf,data/raw/601225.SH/2025/annual_report.pdf,63f2a34ff83a7f9e47c654d4f8e27086c3c8b65ccc66789465f722bd329881b2,2489439
601225.SH,陕西煤业,2025,esg_report,https://www.sse.com.cn/disclosure/listedinfo/announcement/c/new/2026-04-25/601225_20260425_1SHP.pdf,https://big5.sse.com.cn/site/cht/www.sse.com.cn/disclosure/listedinfo/announcement/c/new/2026-04-25/601225_20260425_1SHP.pdf,data/raw/601225.SH/2025/esg_report.pdf,facc882028cb506bcb7bfa05396a9027e4d11d2e66993809ac6566772b640e4f,16570217
601233.SH,桐昆股份,2025,annual_report,https://www.sse.com.cn/disclosure/listedinfo/announcement/c/new/2026-04-29/601233_20260429_240P.pdf,https://big5.sse.com.cn/site/cht/www.sse.com.cn/disclosure/listedinfo/announcement/c/new/2026-04-29/601233_20260429_240P.pdf,data/raw/601233.SH/2025/annual_report.pdf,a2cadadd33ea92cc4ebfe1a9658758ec59d35c48e6a3d3c89d0956b6adf2dd2a,1895445
601233.SH,桐昆股份,2025,esg_report,https://www.sse.com.cn/disclosure/listedinfo/announcement/c/new/2026-04-29/601233_20260429_ZCGA.pdf,https://big5.sse.com.cn/site/cht/www.sse.com.cn/disclosure/listedinfo/announcement/c/new/2026-04-29/601233_20260429_ZCGA.pdf,data/raw/601233.SH/2025/esg_report.pdf,1a41efc9798cb9b058df8117a3d92493b9f485e7ef9c843fe2f2347daa28f80c,13074798
601311.SH,骆驼股份,2025,annual_report,https://www.sse.com.cn/disclosure/listedinfo/announcement/c/new/2026-04-22/601311_20260422_PG8J.pdf,https://big5.sse.com.cn/site/cht/www.sse.com.cn/disclosure/listedinfo/announcement/c/new/2026-04-22/601311_20260422_PG8J.pdf,data/raw/601311.SH/2025/annual_report.pdf,af1382abadc325da8dec71c5c51e70bf06f3b04e78a6af87bb4c20b90aa1f21a,1785080
601567.SH,三星电气,2025,annual_report,https://www.sse.com.cn/disclosure/listedinfo/announcement/c/new/2026-04-25/601567_20260425_YPP2.pdf,https://big5.sse.com.cn/site/cht/www.sse.com.cn/disclosure/listedinfo/announcement/c/new/2026-04-25/601567_20260425_YPP2.pdf,data/raw/601567.SH/2025/annual_report.pdf,f0e53eec7e22468b99413e2f5f5e138a4ba21fa22fbd5d2fe9a29ff081640381,1718438
601567.SH,三星电气,2025,esg_report,https://www.sse.com.cn/disclosure/listedinfo/announcement/c/new/2026-04-25/601567_20260425_IJJK.pdf,https://big5.sse.com.cn/site/cht/www.sse.com.cn/disclosure/listedinfo/announcement/c/new/2026-04-25/601567_20260425_IJJK.pdf,data/raw/601567.SH/2025/esg_report.pdf,f529cde43b671ebccffb3af610a2a145aa32fabeaf22ce9a4440268332fd0603,31041801
601611.SH,中国核建,2025,annual_report,https://www.sse.com.cn/disclosure/listedinfo/announcement/c/new/2026-04-25/601611_20260425_BMM9.pdf,https://big5.sse.com.cn/site/cht/www.sse.com.cn/disclosure/listedinfo/announcement/c/new/2026-04-25/601611_20260425_BMM9.pdf,data/raw/601611.SH/2025/annual_report.pdf,59fdd73ddacafe8f0a0dcf953b14132193034b3649e8e85bb5b5c01c2c36933f,1730668
601615.SH,明阳智能,2025,annual_report,https://www.sse.com.cn/disclosure/listedinfo/announcement/c/new/2026-04-29/601615_20260429_778X.pdf,https://big5.sse.com.cn/site/cht/www.sse.com.cn/disclosure/listedinfo/announcement/c/new/2026-04-29/601615_20260429_778X.pdf,data/raw/601615.SH/2025/annual_report.pdf,cb83dc2d7ac9dc65e0878c5f79b1d7e9aeb1cc5c93f2672922e8ffba8fe15a6e,2120426
601615.SH,明阳智能,2025,esg_report,https://www.sse.com.cn/disclosure/listedinfo/announcement/c/new/2026-04-29/601615_20260429_QGXQ.pdf,https://big5.sse.com.cn/site/cht/www.sse.com.cn/disclosure/listedinfo/announcement/c/new/2026-04-29/601615_20260429_QGXQ.pdf,data/raw/601615.SH/2025/esg_report.pdf,640430c6caa894ea207bcfb28a17e17ad1195ff8db75ecaf19f126ceac3970f3,76321726
601616.SH,广电电气,2025,annual_report,https://www.sse.com.cn/disclosure/listedinfo/announcement/c/new/2026-04-25/601616_20260425_B9I3.pdf,https://big5.sse.com.cn/site/cht/www.sse.com.cn/disclosure/listedinfo/announcement/c/new/2026-04-25/601616_20260425_B9I3.pdf,data/raw/601616.SH/2025/annual_report.pdf,2f97ae707e2841fc45e92588a463173886ba49e379c2a3fabded0a13a1b31a2a,1129481
601619.SH,嘉泽新能,2025,annual_report,https://www.sse.com.cn/disclosure/listedinfo/announcement/c/new/2026-03-28/601619_20260328_5SA3.pdf,https://big5.sse.com.cn/site/cht/www.sse.com.cn/disclosure/listedinfo/announcement/c/new/2026-03-28/601619_20260328_5SA3.pdf,data/raw/601619.SH/2025/annual_report.pdf,c1da961187ebf1184b538bd8ba470ff6406bacc76a702f35dfd1fd300e1991cc,3917342
601619.SH,嘉泽新能,2025,esg_report,https://www.sse.com.cn/disclosure/listedinfo/announcement/c/new/2026-03-28/601619_20260328_RJA2.pdf,https://big5.sse.com.cn/site/cht/www.sse.com.cn/disclosure/listedinfo/announcement/c/new/2026-03-28/601619_20260328_RJA2.pdf,data/raw/601619.SH/2025/esg_report.pdf,ae368ed34e7483589225a70433c4ee1ac3f219346af3d900955c6c4eae388867,16835698
601666.SH,平煤股份,2025,annual_report,https://www.sse.com.cn/disclosure/listedinfo/announcement/c/new/2026-04-30/601666_20260430_3LTR.pdf,https://big5.sse.com.cn/site/cht/www.sse.com.cn/disclosure/listedinfo/announcement/c/new/2026-04-30/601666_20260430_3LTR.pdf,data/raw/601666.SH/2025/annual_report.pdf,3834d08b2387a4532c3202882632f800be76bfbe5343340622794a32f5f89fdd,1732467
601666.SH,平煤股份,2025,esg_report,https://www.sse.com.cn/disclosure/listedinfo/announcement/c/new/2026-04-30/601666_20260430_JAIZ.pdf,https://big5.sse.com.cn/site/cht/www.sse.com.cn/disclosure/listedinfo/announcement/c/new/2026-04-30/601666_20260430_JAIZ.pdf,data/raw/601666.SH/2025/esg_report.pdf,e2778f9409c01b0c6841d2e1b66fd93ea2ae68699ccdf55b76e91ff90efb0468,16615359
601669.SH,中国电建,2025,annual_report,https://www.sse.com.cn/disclosure/listedinfo/announcement/c/new/2026-04-24/601669_20260424_6UT7.pdf,https://big5.sse.com.cn/site/cht/www.sse.com.cn/disclosure/listedinfo/announcement/c/new/2026-04-24/601669_20260424_6UT7.pdf,data/raw/601669.SH/2025/annual_report.pdf,b91e2e8ad4605d00c9e3d56eca9217f52e6ce89afdade7d4184e7d45e095aeea,1957556
601700.SH,风范股份,2025,annual_report,https://www.sse.com.cn/disclosure/listedinfo/announcement/c/new/2026-04-21/601700_20260421_JV17.pdf,https://big5.sse.com.cn/site/cht/www.sse.com.cn/disclosure/listedinfo/announcement/c/new/2026-04-21/601700_20260421_JV17.pdf,data/raw/601700.SH/2025/annual_report.pdf,31cb5218c00e749b18ef531b47a8dc4979d291aebea994c2db8c98f69d14e1c2,1695125
601727.SH,上海电气,2025,annual_report,https://www.sse.com.cn/disclosure/listedinfo/announcement/c/new/2026-03-31/601727_20260331_Z68Y.pdf,https://big5.sse.com.cn/site/cht/www.sse.com.cn/disclosure/listedinfo/announcement/c/new/2026-03-31/601727_20260331_Z68Y.pdf,data/raw/601727.SH/2025/annual_report.pdf,51a6009a3def94ef4c7e070733851849353a10f6d768620bc3127604a17e6ebf,1739637
601727.SH,上海电气,2025,esg_report,https://www.sse.com.cn/disclosure/listedinfo/announcement/c/new/2026-03-31/601727_20260331_BXF7.pdf,https://big5.sse.com.cn/site/cht/www.sse.com.cn/disclosure/listedinfo/announcement/c/new/2026-03-31/601727_20260331_BXF7.pdf,data/raw/601727.SH/2025/esg_report.pdf,b25410e8bbd4316ec812977f7889cb0e4cd03653ee103cd79b8f872fa68c5e65,11790358
601778.SH,晶科科技,2025,annual_report,https://www.sse.com.cn/disclosure/listedinfo/announcement/c/new/2026-04-29/601778_20260429_021B.pdf,https://big5.sse.com.cn/site/cht/www.sse.com.cn/disclosure/listedinfo/announcement/c/new/2026-04-29/601778_20260429_021B.pdf,data/raw/601778.SH/2025/annual_report.pdf,a63978eaded32e94bd4a11aa23bb2689e67c40bf59db8c477ef1c259d6e37b20,2202944
601778.SH,晶科科技,2025,esg_report,https://www.sse.com.cn/disclosure/listedinfo/announcement/c/new/2026-04-29/601778_20260429_5MBO.pdf,https://big5.sse.com.cn/site/cht/www.sse.com.cn/disclosure/listedinfo/announcement/c/new/2026-04-29/601778_20260429_5MBO.pdf,data/raw/601778.SH/2025/esg_report.pdf,b5bc5ae16da19f9a7c703a703ccc7f76cbe09e49ca2591bcf853163724a1f92f,46898838
601808.SH,中海油服,2025,annual_report,https://www.sse.com.cn/disclosure/listedinfo/announcement/c/new/2026-04-15/601808_20260415_QY9T.pdf,https://big5.sse.com.cn/site/cht/www.sse.com.cn/disclosure/listedinfo/announcement/c/new/2026-04-15/601808_20260415_QY9T.pdf,data/raw/601808.SH/2025/annual_report.pdf,5f7fde291fcdb58defc35d837a9ea723ad8fc2f7d907473ce2b378ad4d83d1be,16271619
601857.SH,中国石油,2025,annual_report,https://www.sse.com.cn/disclosure/listedinfo/announcement/c/new/2026-03-30/601857_20260330_6PPK.pdf,https://big5.sse.com.cn/site/cht/www.sse.com.cn/disclosure/listedinfo/announcement/c/new/2026-03-30/601857_20260330_6PPK.pdf,data/raw/601857.SH/2025/annual_report.pdf,840b15aa4dc38745a6b86a3656063e6a73081ce87407acb0ca93554f4e836e65,9416509
601857.SH,中国石油,2025,esg_report,https://www.sse.com.cn/disclosure/listedinfo/announcement/c/new/2026-03-30/601857_20260330_8NUL.pdf,https://big5.sse.com.cn/site/cht/www.sse.com.cn/disclosure/listedinfo/announcement/c/new/2026-03-30/601857_20260330_8NUL.pdf,data/raw/601857.SH/2025/esg_report.pdf,e8a417a3bfb756f126d3114b0f93d557769d9a131db31d0412061e8c2bb41de9,17601967
601865.SH,福莱特,2025,annual_report,https://www.sse.com.cn/disclosure/listedinfo/announcement/c/new/2026-03-27/601865_20260327_VLO0.pdf,https://big5.sse.com.cn/site/cht/www.sse.com.cn/disclosure/listedinfo/announcement/c/new/2026-03-27/601865_20260327_VLO0.pdf,data/raw/601865.SH/2025/annual_report.pdf,571e00ae2ee1b2bdb653f2c461757bfa0a92f62bdddb1ddb02297f118fb2ae72,1468436
601868.SH,中国能建,2025,annual_report,https://www.sse.com.cn/disclosure/listedinfo/announcement/c/new/2026-03-28/601868_20260328_S4N1.pdf,https://big5.sse.com.cn/site/cht/www.sse.com.cn/disclosure/listedinfo/announcement/c/new/2026-03-28/601868_20260328_S4N1.pdf,data/raw/601868.SH/2025/annual_report.pdf,67bd242929dc0c2c85727418d5e76caabcceecb071eadc56c701c2be61b5de6f,1930524
601877.SH,正泰电器,2025,annual_report,https://www.sse.com.cn/disclosure/listedinfo/announcement/c/new/2026-04-16/601877_20260416_W1MG.pdf,https://big5.sse.com.cn/site/cht/www.sse.com.cn/disclosure/listedinfo/announcement/c/new/2026-04-16/601877_20260416_W1MG.pdf,data/raw/601877.SH/2025/annual_report.pdf,a7a1ac8e328bf6541e19c533786f51fed9d784c4b0ebc695fdfc727265baac6b,3011827
601877.SH,正泰电器,2025,esg_report,https://www.sse.com.cn/disclosure/listedinfo/announcement/c/new/2026-04-16/601877_20260416_SSC4.pdf,https://big5.sse.com.cn/site/cht/www.sse.com.cn/disclosure/listedinfo/announcement/c/new/2026-04-16/601877_20260416_SSC4.pdf,data/raw/601877.SH/2025/esg_report.pdf,2cf3a90daf6226b59f9cc30ac21148eabb991929b760797e564bcfc92e65e0e8,38638477
601898.SH,中煤能源,2025,annual_report,https://www.sse.com.cn/disclosure/listedinfo/announcement/c/new/2026-03-28/601898_20260328_JP8H.pdf,https://big5.sse.com.cn/site/cht/www.sse.com.cn/disclosure/listedinfo/announcement/c/new/2026-03-28/601898_20260328_JP8H.pdf,data/raw/601898.SH/2025/annual_report.pdf,ba8ed0be37f962b1c2de57dc0d66cc9c69563c9d1fc0d3982eecf4602515ebb6,1660262
601908.SH,京运通,2025,annual_report,https://www.sse.com.cn/disclosure/listedinfo/announcement/c/new/2026-04-29/601908_20260429_K04T.pdf,https://big5.sse.com.cn/site/cht/www.sse.com.cn/disclosure/listedinfo/announcement/c/new/2026-04-29/601908_20260429_K04T.pdf,data/raw/601908.SH/2025/annual_report.pdf,ee565cc3d8b75bc31690a0ff0fd7db3f0bc11779e77633042cdcbb8f73bf38e8,1395779
601918.SH,新集能源,2025,annual_report,https://www.sse.com.cn/disclosure/listedinfo/announcement/c/new/2026-03-28/601918_20260328_FXJF.pdf,https://big5.sse.com.cn/site/cht/www.sse.com.cn/disclosure/listedinfo/announcement/c/new/2026-03-28/601918_20260328_FXJF.pdf,data/raw/601918.SH/2025/annual_report.pdf,610c76711e15c73e54816dfa72f2a89954f9559454d765094fc9d248324ff79e,1406046
601918.SH,新集能源,2025,esg_report,https://www.sse.com.cn/disclosure/listedinfo/announcement/c/new/2026-03-28/601918_20260328_YB4C.pdf,https://big5.sse.com.cn/site/cht/www.sse.com.cn/disclosure/listedinfo/announcement/c/new/2026-03-28/601918_20260328_YB4C.pdf,data/raw/601918.SH/2025/esg_report.pdf,8f9f1c86db110c6058efbe8a65ec3e77f51de14074acd053fc83799b4f390658,26971415
601985.SH,中国核电,2025,annual_report,https://www.sse.com.cn/disclosure/listedinfo/announcement/c/new/2026-04-30/601985_20260430_ZEB5.pdf,https://big5.sse.com.cn/site/cht/www.sse.com.cn/disclosure/listedinfo/announcement/c/new/2026-04-30/601985_20260430_ZEB5.pdf,data/raw/601985.SH/2025/annual_report.pdf,6dba7dd3b9e5b70ebecb9784c0b380558fde04d3c5b380decb4493b82bb4067f,2031785
601985.SH,中国核电,2025,esg_report,https://www.sse.com.cn/disclosure/listedinfo/announcement/c/new/2026-04-30/601985_20260430_ZF6U.pdf,https://big5.sse.com.cn/site/cht/www.sse.com.cn/disclosure/listedinfo/announcement/c/new/2026-04-30/601985_20260430_ZF6U.pdf,data/raw/601985.SH/2025/esg_report.pdf,386d244d94afb4597b61f690b0bba897974e6148435acf2134525f1ee0ef7250,41676939
601991.SH,大唐发电,2025,annual_report,https://www.sse.com.cn/disclosure/listedinfo/announcement/c/new/2026-03-28/601991_20260328_YKIX.pdf,https://big5.sse.com.cn/site/cht/www.sse.com.cn/disclosure/listedinfo/announcement/c/new/2026-03-28/601991_20260328_YKIX.pdf,data/raw/601991.SH/2025/annual_report.pdf,0e6beb6236b889683321f562f261d2a11b4e405a1601463c5387c24befd92b8c,1698388
601991.SH,大唐发电,2025,esg_report,https://www.sse.com.cn/disclosure/listedinfo/announcement/c/new/2026-03-28/601991_20260328_S4BK.pdf,https://big5.sse.com.cn/site/cht/www.sse.com.cn/disclosure/listedinfo/announcement/c/new/2026-03-28/601991_20260328_S4BK.pdf,data/raw/601991.SH/2025/esg_report.pdf,ddd1d79319ad26454cc1f57ffd1348bd4abc55e6216688fb345f22906062ef1b,51544243
603016.SH,新宏泰,2025,annual_report,https://www.sse.com.cn/disclosure/listedinfo/announcement/c/new/2026-04-24/603016_20260424_N6A8.pdf,https://big5.sse.com.cn/site/cht/www.sse.com.cn/disclosure/listedinfo/announcement/c/new/2026-04-24/603016_20260424_N6A8.pdf,data/raw/603016.SH/2025/annual_report.pdf,63c69c843533c7762e3057418b3ddb81ee8026ceef05854f25318ca02e645019,1316610
603026.SH,石大胜华,2025,annual_report,https://www.sse.com.cn/disclosure/listedinfo/announcement/c/new/2026-03-31/603026_20260331_LZOQ.pdf,https://big5.sse.com.cn/site/cht/www.sse.com.cn/disclosure/listedinfo/announcement/c/new/2026-03-31/603026_20260331_LZOQ.pdf,data/raw/603026.SH/2025/annual_report.pdf,95fb72d29f27fa957cf113199abf9f1b1a74735c13ff4f9a172708a4c124693d,1704692
603031.SH,安孚科技,2025,annual_report,https://www.sse.com.cn/disclosure/listedinfo/announcement/c/new/2026-03-10/603031_20260310_BSPT.pdf,https://big5.sse.com.cn/site/cht/www.sse.com.cn/disclosure/listedinfo/announcement/c/new/2026-03-10/603031_20260310_BSPT.pdf,data/raw/603031.SH/2025/annual_report.pdf,8626067ba2f999810103393baca92ea533f52cb87db24e09365bd8f6618bcf12,1996459
603031.SH,安孚科技,2025,esg_report,https://www.sse.com.cn/disclosure/listedinfo/announcement/c/new/2026-03-10/603031_20260310_BJMG.pdf,https://big5.sse.com.cn/site/cht/www.sse.com.cn/disclosure/listedinfo/announcement/c/new/2026-03-10/603031_20260310_BJMG.pdf,data/raw/603031.SH/2025/esg_report.pdf,70e73e3e8f44470187af6140b3390c9d557bdb7be24440b6af522e9b8138bdee,57403985
603032.SH,德新科技,2025,annual_report,https://www.sse.com.cn/disclosure/listedinfo/announcement/c/new/2026-04-14/603032_20260414_TP3F.pdf,https://big5.sse.com.cn/site/cht/www.sse.com.cn/disclosure/listedinfo/announcement/c/new/2026-04-14/603032_20260414_TP3F.pdf,data/raw/603032.SH/2025/annual_report.pdf,e139c56ef469501041db4f868de1be19adf857459d9d72d5c62a53aa60a4ee78,2739600
603032.SH,德新科技,2025,esg_report,https://www.sse.com.cn/disclosure/listedinfo/announcement/c/new/2026-04-14/603032_20260414_ZG0R.pdf,https://big5.sse.com.cn/site/cht/www.sse.com.cn/disclosure/listedinfo/announcement/c/new/2026-04-14/603032_20260414_ZG0R.pdf,data/raw/603032.SH/2025/esg_report.pdf,7affbfb02e49d6abf7518efbeeebc1e1719c27388a1954e554ab9d3d01ee6083,88842036
603050.SH,科林电气,2025,annual_report,https://www.sse.com.cn/disclosure/listedinfo/announcement/c/new/2026-03-28/603050_20260328_R7WZ.pdf,https://big5.sse.com.cn/site/cht/www.sse.com.cn/disclosure/listedinfo/announcement/c/new/2026-03-28/603050_20260328_R7WZ.pdf,data/raw/603050.SH/2025/annual_report.pdf,495b18d056dc92fb225359e77bbb7a94af5ffe54d20e489542681a4be9780cdf,1369662
603053.SH,成都燃气,2025,annual_report,https://www.sse.com.cn/disclosure/listedinfo/announcement/c/new/2026-04-18/603053_20260418_44Y2.pdf,https://big5.sse.com.cn/site/cht/www.sse.com.cn/disclosure/listedinfo/announcement/c/new/2026-04-18/603053_20260418_44Y2.pdf,data/raw/603053.SH/2025/annual_report.pdf,bf67f912ff83632092469efcb48f3789d3dcda4726efb18750c594cb9349245f,1332730
603053.SH,成都燃气,2025,esg_report,https://www.sse.com.cn/disclosure/listedinfo/announcement/c/new/2026-04-18/603053_20260418_PC96.pdf,https://big5.sse.com.cn/site/cht/www.sse.com.cn/disclosure/listedinfo/announcement/c/new/2026-04-18/603053_20260418_PC96.pdf,data/raw/603053.SH/2025/esg_report.pdf,1c51b7fa2a77c2e436f84550fa4e0bb8fb718c02e98fb3703a8c1bb847334d48,13222473
603063.SH,禾望电气,2025,annual_report,https://www.sse.com.cn/disclosure/listedinfo/announcement/c/new/2026-03-26/603063_20260326_UMRL.pdf,https://big5.sse.com.cn/site/cht/www.sse.com.cn/disclosure/listedinfo/announcement/c/new/2026-03-26/603063_20260326_UMRL.pdf,data/raw/603063.SH/2025/annual_report.pdf,59b96cd82372856a236c782d3ac57c8a63256572a41f1b96b13348c6dfff9ac3,2132877
603063.SH,禾望电气,2025,esg_report,https://www.sse.com.cn/disclosure/listedinfo/announcement/c/new/2026-03-26/603063_20260326_F1ED.pdf,https://big5.sse.com.cn/site/cht/www.sse.com.cn/disclosure/listedinfo/announcement/c/new/2026-03-26/603063_20260326_F1ED.pdf,data/raw/603063.SH/2025/esg_report.pdf,5a3bf6b47f6cfc0a76487cdcd042f198eca77d813b4ed356e388c7da11b06eba,39870167
603070.SH,万控智造,2025,annual_report,https://www.sse.com.cn/disclosure/listedinfo/announcement/c/new/2026-04-22/603070_20260422_PMWG.pdf,https://big5.sse.com.cn/site/cht/www.sse.com.cn/disclosure/listedinfo/announcement/c/new/2026-04-22/603070_20260422_PMWG.pdf,data/raw/603070.SH/2025/annual_report.pdf,f9027248ec79abfb76fd50184c0727c53936a63b3a256b6a9fd7f9d2c458b5b2,1633839
603080.SH,新疆火炬,2025,annual_report,https://www.sse.com.cn/disclosure/listedinfo/announcement/c/new/2026-04-25/603080_20260425_GR2N.pdf,https://big5.sse.com.cn/site/cht/www.sse.com.cn/disclosure/listedinfo/announcement/c/new/2026-04-25/603080_20260425_GR2N.pdf,data/raw/603080.SH/2025/annual_report.pdf,69e1359610db222e749197c841b0efa9672e9d631b79024b51fc9aead3899397,1395534
603097.SH,江苏华辰,2025,annual_report,https://www.sse.com.cn/disclosure/listedinfo/announcement/c/new/2026-04-24/603097_20260424_IGU5.pdf,https://big5.sse.com.cn/site/cht/www.sse.com.cn/disclosure/listedinfo/announcement/c/new/2026-04-24/603097_20260424_IGU5.pdf,data/raw/603097.SH/2025/annual_report.pdf,b732419814161aef6f69f02db8c286a72d46bbb187e4753a98af09753dcfaea6,2198491
603105.SH,芯能科技,2025,annual_report,https://www.sse.com.cn/disclosure/listedinfo/announcement/c/new/2026-04-25/603105_20260425_S0E8.pdf,https://big5.sse.com.cn/site/cht/www.sse.com.cn/disclosure/listedinfo/announcement/c/new/2026-04-25/603105_20260425_S0E8.pdf,data/raw/603105.SH/2025/annual_report.pdf,7eb2af4d8f8aa277614c54f456a725287716653b3d8888dbcb9f260eccabb8a5,1747435
603185.SH,弘元绿能,2025,annual_report,https://www.sse.com.cn/disclosure/listedinfo/announcement/c/new/2026-04-29/603185_20260429_47FB.pdf,https://big5.sse.com.cn/site/cht/www.sse.com.cn/disclosure/listedinfo/announcement/c/new/2026-04-29/603185_20260429_47FB.pdf,data/raw/603185.SH/2025/annual_report.pdf,5d7c086b63aaa93957a82fb9361c467389d17cb2f83aad5270ef92a59589984b,1524348
603191.SH,望变电气,2025,annual_report,https://www.sse.com.cn/disclosure/listedinfo/announcement/c/new/2026-04-04/603191_20260404_7I5A.pdf,https://big5.sse.com.cn/site/cht/www.sse.com.cn/disclosure/listedinfo/announcement/c/new/2026-04-04/603191_20260404_7I5A.pdf,data/raw/603191.SH/2025/annual_report.pdf,1e72c633a479173e4a7d711ad53ab8ef7b94a10c0d84834b464a587721ec93e9,2121094
603212.SH,赛伍技术,2025,annual_report,https://www.sse.com.cn/disclosure/listedinfo/announcement/c/new/2026-04-30/603212_20260430_9GCI.pdf,https://big5.sse.com.cn/site/cht/www.sse.com.cn/disclosure/listedinfo/announcement/c/new/2026-04-30/603212_20260430_9GCI.pdf,data/raw/603212.SH/2025/annual_report.pdf,1d825975ba33b5d636672c834f1b85f47250531d7ffd00925d06cb52a2be5985,1837729
603218.SH,日月股份,2025,annual_report,https://www.sse.com.cn/disclosure/listedinfo/announcement/c/new/2026-05-23/603218_20260523_GGLR.pdf,https://big5.sse.com.cn/site/cht/www.sse.com.cn/disclosure/listedinfo/announcement/c/new/2026-05-23/603218_20260523_GGLR.pdf,data/raw/603218.SH/2025/annual_report.pdf,aa30fb878cd671e735aef1fb0510debe21205b0f27397ef7838dcc585783aa44,24066457
603312.SH,西典新能,2025,annual_report,https://www.sse.com.cn/disclosure/listedinfo/announcement/c/new/2026-03-28/603312_20260328_Y2ZH.pdf,https://big5.sse.com.cn/site/cht/www.sse.com.cn/disclosure/listedinfo/announcement/c/new/2026-03-28/603312_20260328_Y2ZH.pdf,data/raw/603312.SH/2025/annual_report.pdf,67fc13b518ab59972ede90ec16e40fc8cdb2d7e4b47d702347a90551a6cc5354,1472555
603318.SH,水发燃气,2025,annual_report,https://www.sse.com.cn/disclosure/listedinfo/announcement/c/new/2026-04-24/603318_20260424_893T.pdf,https://big5.sse.com.cn/site/cht/www.sse.com.cn/disclosure/listedinfo/announcement/c/new/2026-04-24/603318_20260424_893T.pdf,data/raw/603318.SH/2025/annual_report.pdf,18a81e6f86f64b4c33b6e5db73db884fd79fc93be7ac1a537e2f183b17f9a87f,1680021
603320.SH,迪贝电气,2025,annual_report,https://www.sse.com.cn/disclosure/listedinfo/announcement/c/new/2026-04-17/603320_20260417_N000.pdf,https://big5.sse.com.cn/site/cht/www.sse.com.cn/disclosure/listedinfo/announcement/c/new/2026-04-17/603320_20260417_N000.pdf,data/raw/603320.SH/2025/annual_report.pdf,ebfbfdd5fb05643b85b9a89c1bfd2054edde805cac5c3f69fd3c36cbea4a4ad5,1213221
603320.SH,迪贝电气,2025,esg_report,https://www.sse.com.cn/disclosure/listedinfo/announcement/c/new/2026-04-17/603320_20260417_1NGI.pdf,https://big5.sse.com.cn/site/cht/www.sse.com.cn/disclosure/listedinfo/announcement/c/new/2026-04-17/603320_20260417_1NGI.pdf,data/raw/603320.SH/2025/esg_report.pdf,57ea4fc5eab0bcf821a544f1b16359cda52f45e8138bc992ab9e287ed9ec26f7,1171023
603333.SH,尚纬股份,2025,annual_report,https://www.sse.com.cn/disclosure/listedinfo/announcement/c/new/2026-03-17/603333_20260317_UYP8.pdf,https://big5.sse.com.cn/site/cht/www.sse.com.cn/disclosure/listedinfo/announcement/c/new/2026-03-17/603333_20260317_UYP8.pdf,data/raw/603333.SH/2025/annual_report.pdf,4b4e1f0f735c727dc428e6f3e6c99a39439a1235e253a0feb70bfc311d33ec74,2132529
603344.SH,星德胜,2025,annual_report,https://www.sse.com.cn/disclosure/listedinfo/announcement/c/new/2026-04-25/603344_20260425_87C1.pdf,https://big5.sse.com.cn/site/cht/www.sse.com.cn/disclosure/listedinfo/announcement/c/new/2026-04-25/603344_20260425_87C1.pdf,data/raw/603344.SH/2025/annual_report.pdf,e78e74b5442fdd19cf55779b11c35411fdace463ab86aac5a589b3b07dc48063,1401655
603353.SH,和顺石油,2025,annual_report,https://www.sse.com.cn/disclosure/listedinfo/announcement/c/new/2026-04-24/603353_20260424_WECX.pdf,https://big5.sse.com.cn/site/cht/www.sse.com.cn/disclosure/listedinfo/announcement/c/new/2026-04-24/603353_20260424_WECX.pdf,data/raw/603353.SH/2025/annual_report.pdf,62b07c49e27a71b9b217d47f97a47dab2b688221fbca25bb19e88dd71a44fc99,1306047
603393.SH,新天然气,2025,annual_report,https://www.sse.com.cn/disclosure/listedinfo/announcement/c/new/2026-03-28/603393_20260328_TGM1.pdf,https://big5.sse.com.cn/site/cht/www.sse.com.cn/disclosure/listedinfo/announcement/c/new/2026-03-28/603393_20260328_TGM1.pdf,data/raw/603393.SH/2025/annual_report.pdf,840ab0d53f8db1e9c456f975a1eda11607cba3953e4d9047da30e5a1c5c7931b,1441630
603396.SH,金辰股份,2025,annual_report,https://www.sse.com.cn/disclosure/listedinfo/announcement/c/new/2026-04-28/603396_20260428_YY47.pdf,https://big5.sse.com.cn/site/cht/www.sse.com.cn/disclosure/listedinfo/announcement/c/new/2026-04-28/603396_20260428_YY47.pdf,data/raw/603396.SH/2025/annual_report.pdf,022b189e7f6a8f5b1cf5ac93fcde0bc694250140d0d9259c7be981df96035def,1892313
603396.SH,金辰股份,2025,esg_report,https://www.sse.com.cn/disclosure/listedinfo/announcement/c/new/2026-04-28/603396_20260428_DB7U.pdf,https://big5.sse.com.cn/site/cht/www.sse.com.cn/disclosure/listedinfo/announcement/c/new/2026-04-28/603396_20260428_DB7U.pdf,data/raw/603396.SH/2025/esg_report.pdf,d51720a26d5120a3ae9f82ee457f8a4240a11d735680dc9f650fc14bec880eff,46195072
603489.SH,八方股份,2025,annual_report,https://www.sse.com.cn/disclosure/listedinfo/announcement/c/new/2026-04-29/603489_20260429_GNBR.pdf,https://big5.sse.com.cn/site/cht/www.sse.com.cn/disclosure/listedinfo/announcement/c/new/2026-04-29/603489_20260429_GNBR.pdf,data/raw/603489.SH/2025/annual_report.pdf,c230cf28bd80c93ac50ff177ca108a7e2e4bcbf00d4eff004bfc1d87bc6177b5,1320155
603507.SH,振江股份,2025,annual_report,https://www.sse.com.cn/disclosure/listedinfo/announcement/c/new/2026-04-01/603507_20260401_S7WL.pdf,https://big5.sse.com.cn/site/cht/www.sse.com.cn/disclosure/listedinfo/announcement/c/new/2026-04-01/603507_20260401_S7WL.pdf,data/raw/603507.SH/2025/annual_report.pdf,184216f9d307caed65ace8d170b8f643a298acc183ac310ea3393af008e3f0da,1846501
603507.SH,振江股份,2025,esg_report,https://www.sse.com.cn/disclosure/listedinfo/announcement/c/new/2026-04-30/603507_20260430_0310.pdf,https://big5.sse.com.cn/site/cht/www.sse.com.cn/disclosure/listedinfo/announcement/c/new/2026-04-30/603507_20260430_0310.pdf,data/raw/603507.SH/2025/esg_report.pdf,7bed95629cc3189875daccde4c101f56a9ff6bc3c05702f609ebaeb151df5031,47541410
603530.SH,神马电力,2025,annual_report,https://www.sse.com.cn/disclosure/listedinfo/announcement/c/new/2026-04-17/603530_20260417_96RZ.pdf,https://big5.sse.com.cn/site/cht/www.sse.com.cn/disclosure/listedinfo/announcement/c/new/2026-04-17/603530_20260417_96RZ.pdf,data/raw/603530.SH/2025/annual_report.pdf,c0369b1945448c288174e506869117c0603de875b1acaceefdccdb8bf34bb835,1604997
603556.SH,海兴电力,2025,annual_report,https://www.sse.com.cn/disclosure/listedinfo/announcement/c/new/2026-04-21/603556_20260421_208Y.pdf,https://big5.sse.com.cn/site/cht/www.sse.com.cn/disclosure/listedinfo/announcement/c/new/2026-04-21/603556_20260421_208Y.pdf,data/raw/603556.SH/2025/annual_report.pdf,20245167961254c82d0bbc9db0d1990856f072bf7872371261f85f061a0aec96,1457981
603577.SH,汇金通,2025,annual_report,https://www.sse.com.cn/disclosure/listedinfo/announcement/c/new/2026-03-28/603577_20260328_IGCI.pdf,https://big5.sse.com.cn/site/cht/www.sse.com.cn/disclosure/listedinfo/announcement/c/new/2026-03-28/603577_20260328_IGCI.pdf,data/raw/603577.SH/2025/annual_report.pdf,798a8007859b5e15557a64f9293ed9cc7cce76000f1d87687804ea34fd1ceb30,2050296
603606.SH,东方电缆,2025,annual_report,https://www.sse.com.cn/disclosure/listedinfo/announcement/c/new/2026-03-28/603606_20260328_DUN0.pdf,https://big5.sse.com.cn/site/cht/www.sse.com.cn/disclosure/listedinfo/announcement/c/new/2026-03-28/603606_20260328_DUN0.pdf,data/raw/603606.SH/2025/annual_report.pdf,51e7537a120a36d129743c9aa4412b7ad2d971af742c65f527befe35eb5cfeb9,2674136
603618.SH,杭电股份,2025,annual_report,https://www.sse.com.cn/disclosure/listedinfo/announcement/c/new/2026-04-22/603618_20260422_UH1W.pdf,https://big5.sse.com.cn/site/cht/www.sse.com.cn/disclosure/listedinfo/announcement/c/new/2026-04-22/603618_20260422_UH1W.pdf,data/raw/603618.SH/2025/annual_report.pdf,630ce1c089b3c23a9b6ee21d0dbffa8bc4fa595379c9248b1650da9a585927ee,1391242
603618.SH,杭电股份,2025,esg_report,https://www.sse.com.cn/disclosure/listedinfo/announcement/c/new/2026-04-22/603618_20260422_1TT7.pdf,https://big5.sse.com.cn/site/cht/www.sse.com.cn/disclosure/listedinfo/announcement/c/new/2026-04-22/603618_20260422_1TT7.pdf,data/raw/603618.SH/2025/esg_report.pdf,99d1e300dfc9abf6af88a569789b6f6329d157abcb8f77a59d8b681bda96ac00,5964966
603619.SH,中曼石油,2025,annual_report,https://www.sse.com.cn/disclosure/listedinfo/announcement/c/new/2026-04-15/603619_20260415_U7ZU.pdf,https://big5.sse.com.cn/site/cht/www.sse.com.cn/disclosure/listedinfo/announcement/c/new/2026-04-15/603619_20260415_U7ZU.pdf,data/raw/603619.SH/2025/annual_report.pdf,3c7a96bed16bd79ddf7622e2dd2bb0178cf5b97d89a826526097f873200dc3a2,2437263
603628.SH,清源股份,2025,annual_report,https://www.sse.com.cn/disclosure/listedinfo/announcement/c/new/2026-04-30/603628_20260430_3P8W.pdf,https://big5.sse.com.cn/site/cht/www.sse.com.cn/disclosure/listedinfo/announcement/c/new/2026-04-30/603628_20260430_3P8W.pdf,data/raw/603628.SH/2025/annual_report.pdf,14b4f7c41786338a406806cf1154f750a7c3de8bcb7cdd6d0fe86c8009263653,2235712
603659.SH,璞泰来,2025,annual_report,https://www.sse.com.cn/disclosure/listedinfo/announcement/c/new/2026-03-06/603659_20260306_9A3C.pdf,https://big5.sse.com.cn/site/cht/www.sse.com.cn/disclosure/listedinfo/announcement/c/new/2026-03-06/603659_20260306_9A3C.pdf,data/raw/603659.SH/2025/annual_report.pdf,4e81f5539046ba1eee733100f38442a4abd5037afe3881115ba7f48678fa35b6,1740667
603689.SH,皖天然气,2025,annual_report,https://www.sse.com.cn/disclosure/listedinfo/announcement/c/new/2026-04-10/603689_20260410_L4SG.pdf,https://big5.sse.com.cn/site/cht/www.sse.com.cn/disclosure/listedinfo/announcement/c/new/2026-04-10/603689_20260410_L4SG.pdf,data/raw/603689.SH/2025/annual_report.pdf,9d0e357651bc082856cfc3d32ec4aa5f46217e97717a607857e68d2028343f91,1463514
603689.SH,皖天然气,2025,esg_report,https://www.sse.com.cn/disclosure/listedinfo/announcement/c/new/2026-04-10/603689_20260410_1GH4.pdf,https://big5.sse.com.cn/site/cht/www.sse.com.cn/disclosure/listedinfo/announcement/c/new/2026-04-10/603689_20260410_1GH4.pdf,data/raw/603689.SH/2025/esg_report.pdf,d8d3d867be1fd31901cc6f4d70bcaa9fa46ae8cf00ea3d46143d2a2d9acec48b,53543797
603693.SH,江苏新能,2025,annual_report,https://www.sse.com.cn/disclosure/listedinfo/announcement/c/new/2026-04-25/603693_20260425_50IZ.pdf,https://big5.sse.com.cn/site/cht/www.sse.com.cn/disclosure/listedinfo/announcement/c/new/2026-04-25/603693_20260425_50IZ.pdf,data/raw/603693.SH/2025/annual_report.pdf,8632f414a0280144cd79951ff5d6c044d08746295ed876dd9db10e512386c23d,1561703
603693.SH,江苏新能,2025,esg_report,https://www.sse.com.cn/disclosure/listedinfo/announcement/c/new/2026-04-25/603693_20260425_8IFT.pdf,https://big5.sse.com.cn/site/cht/www.sse.com.cn/disclosure/listedinfo/announcement/c/new/2026-04-25/603693_20260425_8IFT.pdf,data/raw/603693.SH/2025/esg_report.pdf,b6ec49cc17ca9405b8d8c77e54dcf74ccee338281c95dd24e0de586f4438a64d,51840834
603706.SH,东方环宇,2025,annual_report,https://www.sse.com.cn/disclosure/listedinfo/announcement/c/new/2026-04-20/603706_20260420_9FNC.pdf,https://big5.sse.com.cn/site/cht/www.sse.com.cn/disclosure/listedinfo/announcement/c/new/2026-04-20/603706_20260420_9FNC.pdf,data/raw/603706.SH/2025/annual_report.pdf,2792e660bf98b3609cb16389475bae8aa8045679b2909fd1fa19e4306736f493,1340943
603706.SH,东方环宇,2025,esg_report,https://www.sse.com.cn/disclosure/listedinfo/announcement/c/new/2026-04-20/603706_20260420_D1P5.pdf,https://big5.sse.com.cn/site/cht/www.sse.com.cn/disclosure/listedinfo/announcement/c/new/2026-04-20/603706_20260420_D1P5.pdf,data/raw/603706.SH/2025/esg_report.pdf,171ceac2df47d102e0c629ed0fa835d136ca2804e684ce5d0ec12864afdfbe46,372285
603727.SH,博迈科,2025,annual_report,https://www.sse.com.cn/disclosure/listedinfo/announcement/c/new/2026-03-21/603727_20260321_7AOY.pdf,https://big5.sse.com.cn/site/cht/www.sse.com.cn/disclosure/listedinfo/announcement/c/new/2026-03-21/603727_20260321_7AOY.pdf,data/raw/603727.SH/2025/annual_report.pdf,0b8e3313082c2749831c3c8da15fea868313d302ed563766003a13d3b608dca3,2749405
603728.SH,鸣志电器,2025,annual_report,https://www.sse.com.cn/disclosure/listedinfo/announcement/c/new/2026-04-25/603728_20260425_KFH8.pdf,https://big5.sse.com.cn/site/cht/www.sse.com.cn/disclosure/listedinfo/announcement/c/new/2026-04-25/603728_20260425_KFH8.pdf,data/raw/603728.SH/2025/annual_report.pdf,271a2c8b898a93f0830df37177fac3e3227dc7a890b9c1ff3bf48c27156b6732,1757833
603798.SH,康普顿,2025,annual_report,https://www.sse.com.cn/disclosure/listedinfo/announcement/c/new/2026-04-24/603798_20260424_T3JY.pdf,https://big5.sse.com.cn/site/cht/www.sse.com.cn/disclosure/listedinfo/announcement/c/new/2026-04-24/603798_20260424_T3JY.pdf,data/raw/603798.SH/2025/annual_report.pdf,4ef636d2139fe8478cce964ab4b93f989ce8f5a3110132946c95f7f282788ffa,1462250
603806.SH,福斯特,2025,annual_report,https://www.sse.com.cn/disclosure/listedinfo/announcement/c/new/2026-04-09/603806_20260409_G9Z9.pdf,https://big5.sse.com.cn/site/cht/www.sse.com.cn/disclosure/listedinfo/announcement/c/new/2026-04-09/603806_20260409_G9Z9.pdf,data/raw/603806.SH/2025/annual_report.pdf,f03f391618846603cb19e43538185d72a851e3dea7a6268fa2206768125292ad,2507556
603819.SH,神力股份,2025,annual_report,https://www.sse.com.cn/disclosure/listedinfo/announcement/c/new/2026-04-29/603819_20260429_MASZ.pdf,https://big5.sse.com.cn/site/cht/www.sse.com.cn/disclosure/listedinfo/announcement/c/new/2026-04-29/603819_20260429_MASZ.pdf,data/raw/603819.SH/2025/annual_report.pdf,d1aceeb2a89d91031d09ff2565ea2c7867f8968ceee1d2fdee2b722d663aadba,1297570
603829.SH,洛凯股份,2025,annual_report,https://www.sse.com.cn/disclosure/listedinfo/announcement/c/new/2026-04-30/603829_20260430_8OVI.pdf,https://big5.sse.com.cn/site/cht/www.sse.com.cn/disclosure/listedinfo/announcement/c/new/2026-04-30/603829_20260430_8OVI.pdf,data/raw/603829.SH/2025/annual_report.pdf,5b2b3c37130dc731c4e8bc141ee1cf3b3c690ffa94f57298e7bd72f1c1dede0b,1930014
603861.SH,白云电器,2025,annual_report,https://www.sse.com.cn/disclosure/listedinfo/announcement/c/new/2026-04-25/603861_20260425_O9K5.pdf,https://big5.sse.com.cn/site/cht/www.sse.com.cn/disclosure/listedinfo/announcement/c/new/2026-04-25/603861_20260425_O9K5.pdf,data/raw/603861.SH/2025/annual_report.pdf,98c90e4faa072196dd34b16a81f6f01012ddb803600eff01884ad59753da0dac,9258751
603861.SH,白云电器,2025,esg_report,https://www.sse.com.cn/disclosure/listedinfo/announcement/c/new/2026-04-25/603861_20260425_WKKL.pdf,https://big5.sse.com.cn/site/cht/www.sse.com.cn/disclosure/listedinfo/announcement/c/new/2026-04-25/603861_20260425_WKKL.pdf,data/raw/603861.SH/2025/esg_report.pdf,9cb11607650b800564495ee7e6981ccfd8812fb3ac81e4bf35529ff05f01609c,33084674
603897.SH,长城科技,2025,annual_report,https://www.sse.com.cn/disclosure/listedinfo/announcement/c/new/2026-04-22/603897_20260422_V8T6.pdf,https://big5.sse.com.cn/site/cht/www.sse.com.cn/disclosure/listedinfo/announcement/c/new/2026-04-22/603897_20260422_V8T6.pdf,data/raw/603897.SH/2025/annual_report.pdf,04c7a325ae9b45d6f3ecfd49f68c84ad290d73aa72510e7c1f6cd565adc13186,1118385
603906.SH,龙蟠科技,2025,annual_report,https://www.sse.com.cn/disclosure/listedinfo/announcement/c/new/2026-04-25/603906_20260425_SRVT.pdf,https://big5.sse.com.cn/site/cht/www.sse.com.cn/disclosure/listedinfo/announcement/c/new/2026-04-25/603906_20260425_SRVT.pdf,data/raw/603906.SH/2025/annual_report.pdf,36e83fb849e122b82401f013b542b2429f5788e38d48d57901dd4fc1e138282d,1884999
603985.SH,恒润股份,2025,annual_report,https://www.sse.com.cn/disclosure/listedinfo/announcement/c/new/2026-03-26/603985_20260326_RW3C.pdf,https://big5.sse.com.cn/site/cht/www.sse.com.cn/disclosure/listedinfo/announcement/c/new/2026-03-26/603985_20260326_RW3C.pdf,data/raw/603985.SH/2025/annual_report.pdf,ca0e80d16b246c36ef6da4db7fb1f909a6efbf7ebd0d977b7866c4c700baf28c,1564314
603985.SH,恒润股份,2025,esg_report,https://www.sse.com.cn/disclosure/listedinfo/announcement/c/new/2026-03-26/603985_20260326_HQ6M.pdf,https://big5.sse.com.cn/site/cht/www.sse.com.cn/disclosure/listedinfo/announcement/c/new/2026-03-26/603985_20260326_HQ6M.pdf,data/raw/603985.SH/2025/esg_report.pdf,da6e022c4765e07485e32dd035014e4a289986e09ce041a4334ef96f4169c4c7,16207955
603988.SH,中电电机,2025,annual_report,https://www.sse.com.cn/disclosure/listedinfo/announcement/c/new/2026-04-18/603988_20260418_9Z36.pdf,https://big5.sse.com.cn/site/cht/www.sse.com.cn/disclosure/listedinfo/announcement/c/new/2026-04-18/603988_20260418_9Z36.pdf,data/raw/603988.SH/2025/annual_report.pdf,e42c30d05269af3280f1a1866bd2730069616977ac728f0a8bf890f0c10a058a,1280171
605011.SH,杭州热电,2025,annual_report,https://www.sse.com.cn/disclosure/listedinfo/announcement/c/new/2026-04-18/605011_20260418_0WA1.pdf,https://big5.sse.com.cn/site/cht/www.sse.com.cn/disclosure/listedinfo/announcement/c/new/2026-04-18/605011_20260418_0WA1.pdf,data/raw/605011.SH/2025/annual_report.pdf,462a72ffa251a2dbc8e64c5c31a722ceb2b86589a9963a51257de704254a2da5,1276603
605011.SH,杭州热电,2025,esg_report,https://www.sse.com.cn/disclosure/listedinfo/announcement/c/new/2026-04-18/605011_20260418_K6N4.pdf,https://big5.sse.com.cn/site/cht/www.sse.com.cn/disclosure/listedinfo/announcement/c/new/2026-04-18/605011_20260418_K6N4.pdf,data/raw/605011.SH/2025/esg_report.pdf,6d146b83e6e5d616bfdb4092cd56ef0f06e3f711f3becdd8c4bbb171059e5d8c,34645779
605028.SH,世茂能源,2025,annual_report,https://www.sse.com.cn/disclosure/listedinfo/announcement/c/new/2026-03-18/605028_20260318_EEK9.pdf,https://big5.sse.com.cn/site/cht/www.sse.com.cn/disclosure/listedinfo/announcement/c/new/2026-03-18/605028_20260318_EEK9.pdf,data/raw/605028.SH/2025/annual_report.pdf,ec4fc549c66bc6775e2ae49445e0ff59ab2eb321868760d9e0fd5f62436707e9,1211062
605028.SH,世茂能源,2025,esg_report,https://www.sse.com.cn/disclosure/listedinfo/announcement/c/new/2026-03-18/605028_20260318_KIII.pdf,https://big5.sse.com.cn/site/cht/www.sse.com.cn/disclosure/listedinfo/announcement/c/new/2026-03-18/605028_20260318_KIII.pdf,data/raw/605028.SH/2025/esg_report.pdf,f58e6afde2f17c20f0caef435bb818a0e3ea72c3279b6026246f90e093c211df,1436213
605066.SH,天正电气,2025,annual_report,https://www.sse.com.cn/disclosure/listedinfo/announcement/c/new/2026-04-18/605066_20260418_VT63.pdf,https://big5.sse.com.cn/site/cht/www.sse.com.cn/disclosure/listedinfo/announcement/c/new/2026-04-18/605066_20260418_VT63.pdf,data/raw/605066.SH/2025/annual_report.pdf,7b330ca612dfec4df62dedcc307dd16f57a779267056eaa2b43f664290980859,2794150
605090.SH,九丰能源,2025,annual_report,https://www.sse.com.cn/disclosure/listedinfo/announcement/c/new/2026-04-24/605090_20260424_S5VO.pdf,https://big5.sse.com.cn/site/cht/www.sse.com.cn/disclosure/listedinfo/announcement/c/new/2026-04-24/605090_20260424_S5VO.pdf,data/raw/605090.SH/2025/annual_report.pdf,a85a9b4e2e2b8224f16a0404d63991e65a9f45122570e0dea8691da7cbfd1d19,8160488
605117.SH,德业股份,2025,annual_report,https://www.sse.com.cn/disclosure/listedinfo/announcement/c/new/2026-04-10/605117_20260410_RPXG.pdf,https://big5.sse.com.cn/site/cht/www.sse.com.cn/disclosure/listedinfo/announcement/c/new/2026-04-10/605117_20260410_RPXG.pdf,data/raw/605117.SH/2025/annual_report.pdf,f59647db168aa6bb30cc9934b011f80a8ff170ec11750bc57b69f54dd98e1339,1673336
605117.SH,德业股份,2025,esg_report,https://www.sse.com.cn/disclosure/listedinfo/announcement/c/new/2026-04-10/605117_20260410_772B.pdf,https://big5.sse.com.cn/site/cht/www.sse.com.cn/disclosure/listedinfo/announcement/c/new/2026-04-10/605117_20260410_772B.pdf,data/raw/605117.SH/2025/esg_report.pdf,f61869e55229fa76e4ba4663cda09eedf839c90e5c3aba9b0d4dcf96d4d06ffa,45338918
605162.SH,新中港,2025,annual_report,https://www.sse.com.cn/disclosure/listedinfo/announcement/c/new/2026-04-25/605162_20260425_T7P9.pdf,https://big5.sse.com.cn/site/cht/www.sse.com.cn/disclosure/listedinfo/announcement/c/new/2026-04-25/605162_20260425_T7P9.pdf,data/raw/605162.SH/2025/annual_report.pdf,a7ea5e006063802056353ce8df3a0de1a0c5c482ced01c1efccd1b378514c221,1355025
605162.SH,新中港,2025,esg_report,https://www.sse.com.cn/disclosure/listedinfo/announcement/c/new/2026-04-25/605162_20260425_PWMB.pdf,https://big5.sse.com.cn/site/cht/www.sse.com.cn/disclosure/listedinfo/announcement/c/new/2026-04-25/605162_20260425_PWMB.pdf,data/raw/605162.SH/2025/esg_report.pdf,83324a15a4668fd1ac0e39e1d5f9ecc9bcd203eac98084329050ac8fbd452040,3750025
605169.SH,洪通燃气,2025,annual_report,https://www.sse.com.cn/disclosure/listedinfo/announcement/c/new/2026-04-22/605169_20260422_BL46.pdf,https://big5.sse.com.cn/site/cht/www.sse.com.cn/disclosure/listedinfo/announcement/c/new/2026-04-22/605169_20260422_BL46.pdf,data/raw/605169.SH/2025/annual_report.pdf,1245489ae9fa215195e784091c7696f9a25ade4bfe0d27297a1f6fd3f5ede8c7,1430419
605196.SH,华通线缆,2025,annual_report,https://www.sse.com.cn/disclosure/listedinfo/announcement/c/new/2026-04-28/605196_20260428_PXYX.pdf,https://big5.sse.com.cn/site/cht/www.sse.com.cn/disclosure/listedinfo/announcement/c/new/2026-04-28/605196_20260428_PXYX.pdf,data/raw/605196.SH/2025/annual_report.pdf,e03933e73409b59f8dec395450f91fc716580035a46986aff5acfc5fc0debb4c,1835445
605196.SH,华通线缆,2025,esg_report,https://www.sse.com.cn/disclosure/listedinfo/announcement/c/new/2026-04-28/605196_20260428_JEKN.pdf,https://big5.sse.com.cn/site/cht/www.sse.com.cn/disclosure/listedinfo/announcement/c/new/2026-04-28/605196_20260428_JEKN.pdf,data/raw/605196.SH/2025/esg_report.pdf,825379186cd3b59b05039fe272eef45cf6e78cc76a56c53ec862ca027d9b30a4,149611
605222.SH,起帆电缆,2025,annual_report,https://www.sse.com.cn/disclosure/listedinfo/announcement/c/new/2026-04-24/605222_20260424_D8VC.pdf,https://big5.sse.com.cn/site/cht/www.sse.com.cn/disclosure/listedinfo/announcement/c/new/2026-04-24/605222_20260424_D8VC.pdf,data/raw/605222.SH/2025/annual_report.pdf,05bc39a2fcd4496586b5b23f061e930cee9dfe3bb8fd43c84f01b7bc3cfa85f4,1377263
605368.SH,蓝天燃气,2025,annual_report,https://www.sse.com.cn/disclosure/listedinfo/announcement/c/new/2026-07-09/605368_20260709_DEEC.pdf,https://big5.sse.com.cn/site/cht/www.sse.com.cn/disclosure/listedinfo/announcement/c/new/2026-07-09/605368_20260709_DEEC.pdf,data/raw/605368.SH/2025/annual_report.pdf,e1139109277af1ab76324d6cec3d2f39e4702e461676db1bc14356fba54a3c36,128987
605378.SH,野马电池,2025,annual_report,https://www.sse.com.cn/disclosure/listedinfo/announcement/c/new/2026-04-28/605378_20260428_TOCE.pdf,https://big5.sse.com.cn/site/cht/www.sse.com.cn/disclosure/listedinfo/announcement/c/new/2026-04-28/605378_20260428_TOCE.pdf,data/raw/605378.SH/2025/annual_report.pdf,6685d288de83ac211a5822840a917071e585d4df52d8c4acb7fe0de5ee23b664,1239308
605580.SH,恒盛能源,2025,annual_report,https://www.sse.com.cn/disclosure/listedinfo/announcement/c/new/2026-04-16/605580_20260416_5484.pdf,https://big5.sse.com.cn/site/cht/www.sse.com.cn/disclosure/listedinfo/announcement/c/new/2026-04-16/605580_20260416_5484.pdf,data/raw/605580.SH/2025/annual_report.pdf,1b93c71f352386a16bd62595cc7b17245e881c1076ee6e0c13c70db226a5aabd,1423449
605580.SH,恒盛能源,2025,esg_report,https://www.sse.com.cn/disclosure/listedinfo/announcement/c/new/2026-04-16/605580_20260416_D9YD.pdf,https://big5.sse.com.cn/site/cht/www.sse.com.cn/disclosure/listedinfo/announcement/c/new/2026-04-16/605580_20260416_D9YD.pdf,data/raw/605580.SH/2025/esg_report.pdf,eeaa97f4e33857c5e04e97393aa3da56134cb0fb8c32115e0b76cd2edc925f95,3439067
688005.SH,容百科技,2025,annual_report,https://www.sse.com.cn/disclosure/listedinfo/announcement/c/new/2026-04-30/688005_20260430_GIVI.pdf,https://big5.sse.com.cn/site/cht/www.sse.com.cn/disclosure/listedinfo/announcement/c/new/2026-04-30/688005_20260430_GIVI.pdf,data/raw/688005.SH/2025/annual_report.pdf,bb9f6fcd8ac75dadac12ba81037652e0136cef25e1d6e1ba36b98ac08d395b24,74772
688005.SH,容百科技,2025,esg_report,https://www.sse.com.cn/disclosure/listedinfo/announcement/c/new/2026-04-30/688005_20260430_1ZUI.pdf,https://big5.sse.com.cn/site/cht/www.sse.com.cn/disclosure/listedinfo/announcement/c/new/2026-04-30/688005_20260430_1ZUI.pdf,data/raw/688005.SH/2025/esg_report.pdf,b551dd87b224ec903a34fbe4cec8a0b49cf04bd9d1d0dff8c1dee10f20788b9f,8799688
688006.SH,杭可科技,2025,annual_report,https://www.sse.com.cn/disclosure/listedinfo/announcement/c/new/2026-04-15/688006_20260415_Q382.pdf,https://big5.sse.com.cn/site/cht/www.sse.com.cn/disclosure/listedinfo/announcement/c/new/2026-04-15/688006_20260415_Q382.pdf,data/raw/688006.SH/2025/annual_report.pdf,a71cd297187f5528e7426b71e5dfa4e0703774da3ebdd97398f6f92b3e4a0415,4190894
688006.SH,杭可科技,2025,esg_report,https://www.sse.com.cn/disclosure/listedinfo/announcement/c/new/2026-04-15/688006_20260415_9W9C.pdf,https://big5.sse.com.cn/site/cht/www.sse.com.cn/disclosure/listedinfo/announcement/c/new/2026-04-15/688006_20260415_9W9C.pdf,data/raw/688006.SH/2025/esg_report.pdf,12a62ac44be9163cda56956a01c7dace637c12a16074c9ec9e1253c15a03f9bf,17322609
688032.SH,禾迈股份,2025,annual_report,https://www.sse.com.cn/disclosure/listedinfo/announcement/c/new/2026-04-30/688032_20260430_6GAT.pdf,https://big5.sse.com.cn/site/cht/www.sse.com.cn/disclosure/listedinfo/announcement/c/new/2026-04-30/688032_20260430_6GAT.pdf,data/raw/688032.SH/2025/annual_report.pdf,214e2b28308deb25e9691f638aa30c23cd2e9525a84959372ca09662abe604e1,1963517
688032.SH,禾迈股份,2025,esg_report,https://www.sse.com.cn/disclosure/listedinfo/announcement/c/new/2026-04-30/688032_20260430_L080.pdf,https://big5.sse.com.cn/site/cht/www.sse.com.cn/disclosure/listedinfo/announcement/c/new/2026-04-30/688032_20260430_L080.pdf,data/raw/688032.SH/2025/esg_report.pdf,ec7723465a9537fba1d1291ac2a80926868d0b7f369c7915e2d2524d5189d4f8,47371138
688063.SH,派能科技,2025,annual_report,https://www.sse.com.cn/disclosure/listedinfo/announcement/c/new/2026-04-01/688063_20260401_F453.pdf,https://big5.sse.com.cn/site/cht/www.sse.com.cn/disclosure/listedinfo/announcement/c/new/2026-04-01/688063_20260401_F453.pdf,data/raw/688063.SH/2025/annual_report.pdf,eec677b662f06c6fdb6b6bf1bc6fb609afb96d3d9ce3934d16bee004f71366a3,1521067
688063.SH,派能科技,2025,esg_report,https://www.sse.com.cn/disclosure/listedinfo/announcement/c/new/2026-04-01/688063_20260401_PB9P.pdf,https://big5.sse.com.cn/site/cht/www.sse.com.cn/disclosure/listedinfo/announcement/c/new/2026-04-01/688063_20260401_PB9P.pdf,data/raw/688063.SH/2025/esg_report.pdf,09c622ec214bf1b8e7084402f32ce7f9f3c96064abd2f23053f7a0c9bb0aff13,9621314
688116.SH,天奈科技,2025,annual_report,https://www.sse.com.cn/disclosure/listedinfo/announcement/c/new/2026-04-30/688116_20260430_6L1G.pdf,https://big5.sse.com.cn/site/cht/www.sse.com.cn/disclosure/listedinfo/announcement/c/new/2026-04-30/688116_20260430_6L1G.pdf,data/raw/688116.SH/2025/annual_report.pdf,3c6bdaaca94bb6ed1da36c3ab63f189f2e3ca8b3cae518565893cdbf8fc833dc,2071926
688116.SH,天奈科技,2025,esg_report,https://www.sse.com.cn/disclosure/listedinfo/announcement/c/new/2026-04-30/688116_20260430_NCW3.pdf,https://big5.sse.com.cn/site/cht/www.sse.com.cn/disclosure/listedinfo/announcement/c/new/2026-04-30/688116_20260430_NCW3.pdf,data/raw/688116.SH/2025/esg_report.pdf,e1757d4aeb3c75e80db295e485d8de45c3f099648c43e77f6e8fcf50e4988ac2,10723277
688147.SH,微导纳米,2025,annual_report,https://www.sse.com.cn/disclosure/listedinfo/announcement/c/new/2026-04-29/688147_20260429_V9ZU.pdf,https://big5.sse.com.cn/site/cht/www.sse.com.cn/disclosure/listedinfo/announcement/c/new/2026-04-29/688147_20260429_V9ZU.pdf,data/raw/688147.SH/2025/annual_report.pdf,39a0dd34789bb452a5022aca8a5e7a812d9b90f3814b74cfe38b826910ad00f0,2508729
688148.SH,芳源股份,2025,annual_report,https://www.sse.com.cn/disclosure/listedinfo/announcement/c/new/2026-04-17/688148_20260417_54DK.pdf,https://big5.sse.com.cn/site/cht/www.sse.com.cn/disclosure/listedinfo/announcement/c/new/2026-04-17/688148_20260417_54DK.pdf,data/raw/688148.SH/2025/annual_report.pdf,61115b88b62d116cee1e4beceeb84f12ce91dc817b5d9b24c2c6c1804a11ce75,1441694
688155.SH,先惠技术,2025,annual_report,https://www.sse.com.cn/disclosure/listedinfo/announcement/c/new/2026-04-21/688155_20260421_D5YS.pdf,https://big5.sse.com.cn/site/cht/www.sse.com.cn/disclosure/listedinfo/announcement/c/new/2026-04-21/688155_20260421_D5YS.pdf,data/raw/688155.SH/2025/annual_report.pdf,ba27ce7426e781963a5004dd18b9231b2e8a1cc4a952cda0ca6b8f36fbe53c76,2161443
688191.SH,智洋创新,2025,annual_report,https://www.sse.com.cn/disclosure/listedinfo/announcement/c/new/2026-04-23/688191_20260423_YSVF.pdf,https://big5.sse.com.cn/site/cht/www.sse.com.cn/disclosure/listedinfo/announcement/c/new/2026-04-23/688191_20260423_YSVF.pdf,data/raw/688191.SH/2025/annual_report.pdf,6d4ec6fcca4186be8df7df4143ae4f8ef2cfa68f9eb8275f2090239d2d83c8db,2505068
688223.SH,晶科能源,2025,annual_report,https://www.sse.com.cn/disclosure/listedinfo/announcement/c/new/2026-04-30/688223_20260430_ECZS.pdf,https://big5.sse.com.cn/site/cht/www.sse.com.cn/disclosure/listedinfo/announcement/c/new/2026-04-30/688223_20260430_ECZS.pdf,data/raw/688223.SH/2025/annual_report.pdf,e03b15dc6cb705c1e73fe430fe6ae6180f248f551e5ac26fc9e086b39d399dac,1942177
688226.SH,威腾电气,2025,annual_report,https://www.sse.com.cn/disclosure/listedinfo/announcement/c/new/2026-04-29/688226_20260429_85XN.pdf,https://big5.sse.com.cn/site/cht/www.sse.com.cn/disclosure/listedinfo/announcement/c/new/2026-04-29/688226_20260429_85XN.pdf,data/raw/688226.SH/2025/annual_report.pdf,fd569b555a797e245803a7576edceee9fed0a8e18e87f1423b75d7c7189f4e2a,2081323
688248.SH,南网科技,2025,annual_report,https://www.sse.com.cn/disclosure/listedinfo/announcement/c/new/2026-03-31/688248_20260331_B0KW.pdf,https://big5.sse.com.cn/site/cht/www.sse.com.cn/disclosure/listedinfo/announcement/c/new/2026-03-31/688248_20260331_B0KW.pdf,data/raw/688248.SH/2025/annual_report.pdf,5238a0618c221be6fe17013e9adc10b67db55cca52550a0451fc4778852ddbe0,2487704
688248.SH,南网科技,2025,esg_report,https://www.sse.com.cn/disclosure/listedinfo/announcement/c/new/2026-03-31/688248_20260331_GK1A.pdf,https://big5.sse.com.cn/site/cht/www.sse.com.cn/disclosure/listedinfo/announcement/c/new/2026-03-31/688248_20260331_GK1A.pdf,data/raw/688248.SH/2025/esg_report.pdf,05beed0de3950d8214f696e2572a4398eb41ea50f0478dc6923d01d5d1fa6a97,28966520
688275.SH,万润新能,2025,annual_report,https://www.sse.com.cn/disclosure/listedinfo/announcement/c/new/2026-04-25/688275_20260425_M1WW.pdf,https://big5.sse.com.cn/site/cht/www.sse.com.cn/disclosure/listedinfo/announcement/c/new/2026-04-25/688275_20260425_M1WW.pdf,data/raw/688275.SH/2025/annual_report.pdf,adb3e887d5f6b3852ef9920bf4d1d804bdd566bfd2f44b6721f2a239c126319f,1872672
688303.SH,大全能源,2025,annual_report,https://www.sse.com.cn/disclosure/listedinfo/announcement/c/new/2026-04-21/688303_20260421_0NTF.pdf,https://big5.sse.com.cn/site/cht/www.sse.com.cn/disclosure/listedinfo/announcement/c/new/2026-04-21/688303_20260421_0NTF.pdf,data/raw/688303.SH/2025/annual_report.pdf,0b9514bb6b8e59ac0355c364005d040ead6055cf074c0dbc8527e78071665a77,1660821
688303.SH,大全能源,2025,esg_report,https://www.sse.com.cn/disclosure/listedinfo/announcement/c/new/2026-04-21/688303_20260421_KK1K.pdf,https://big5.sse.com.cn/site/cht/www.sse.com.cn/disclosure/listedinfo/announcement/c/new/2026-04-21/688303_20260421_KK1K.pdf,data/raw/688303.SH/2025/esg_report.pdf,0c2f6fec0f5b36a8d826ef33130b6c5f52e63caaaae35844892a86e13e526029,37458618
688330.SH,宏力达,2025,annual_report,https://www.sse.com.cn/disclosure/listedinfo/announcement/c/new/2026-04-23/688330_20260423_NFH2.pdf,https://big5.sse.com.cn/site/cht/www.sse.com.cn/disclosure/listedinfo/announcement/c/new/2026-04-23/688330_20260423_NFH2.pdf,data/raw/688330.SH/2025/annual_report.pdf,7f47002486085fba96a297b8cbc817046c40ba27cde56f9e306e7891a05bfbf3,1863575
688339.SH,亿华通,2025,annual_report,https://www.sse.com.cn/disclosure/listedinfo/announcement/c/new/2026-04-30/688339_20260430_N47R.pdf,https://big5.sse.com.cn/site/cht/www.sse.com.cn/disclosure/listedinfo/announcement/c/new/2026-04-30/688339_20260430_N47R.pdf,data/raw/688339.SH/2025/annual_report.pdf,f1a4f01128d3089a4036faf27a9e6ef119b51bf67bb39463581bc05c5605625c,1507304
688339.SH,亿华通,2025,esg_report,https://www.sse.com.cn/disclosure/listedinfo/announcement/c/new/2026-04-30/688339_20260430_CIJ3.pdf,https://big5.sse.com.cn/site/cht/www.sse.com.cn/disclosure/listedinfo/announcement/c/new/2026-04-30/688339_20260430_CIJ3.pdf,data/raw/688339.SH/2025/esg_report.pdf,9bc20de961682f96efa366ec015c04ccdd7ba2c9aaaec46af8e9948a0d00f911,8612319
688345.SH,博力威,2025,annual_report,https://www.sse.com.cn/disclosure/listedinfo/announcement/c/new/2026-03-10/688345_20260310_E38H.pdf,https://big5.sse.com.cn/site/cht/www.sse.com.cn/disclosure/listedinfo/announcement/c/new/2026-03-10/688345_20260310_E38H.pdf,data/raw/688345.SH/2025/annual_report.pdf,0d3c4b05f2bbbe1fcc36409f83eb8dc8176c0ef1393496227eb54e074b1be849,2213705
688348.SH,昱能科技,2025,annual_report,https://www.sse.com.cn/disclosure/listedinfo/announcement/c/new/2026-04-30/688348_20260430_T36F.pdf,https://big5.sse.com.cn/site/cht/www.sse.com.cn/disclosure/listedinfo/announcement/c/new/2026-04-30/688348_20260430_T36F.pdf,data/raw/688348.SH/2025/annual_report.pdf,4c6cf2a86d5e5f9e3d1fcd81a7f7dbd1b5855d01d10be85d1de3c0a2762e6149,2236446
688349.SH,三一重能,2025,annual_report,https://www.sse.com.cn/disclosure/listedinfo/announcement/c/new/2026-04-23/688349_20260423_BQYJ.pdf,https://big5.sse.com.cn/site/cht/www.sse.com.cn/disclosure/listedinfo/announcement/c/new/2026-04-23/688349_20260423_BQYJ.pdf,data/raw/688349.SH/2025/annual_report.pdf,d9d78d0d6cb00f52bf69fa4a8aa54b71d43890b76aa4c590815c228b732c1210,1943327
688353.SH,华盛锂电,2025,annual_report,https://www.sse.com.cn/disclosure/listedinfo/announcement/c/new/2026-05-28/688353_20260528_7HPP.pdf,https://big5.sse.com.cn/site/cht/www.sse.com.cn/disclosure/listedinfo/announcement/c/new/2026-05-28/688353_20260528_7HPP.pdf,data/raw/688353.SH/2025/annual_report.pdf,40935c5e09c9f0e94edbc5bfdacd72f96fabe0655966c7081dfe8fa1714fb827,2604997
688388.SH,嘉元科技,2025,annual_report,https://www.sse.com.cn/disclosure/listedinfo/announcement/c/new/2026-04-21/688388_20260421_LIPN.pdf,https://big5.sse.com.cn/site/cht/www.sse.com.cn/disclosure/listedinfo/announcement/c/new/2026-04-21/688388_20260421_LIPN.pdf,data/raw/688388.SH/2025/annual_report.pdf,fdd0348b73f41da3d8ee7adae7fdbaba2f71130c44169df33041595977372cea,2040820
688388.SH,嘉元科技,2025,esg_report,https://www.sse.com.cn/disclosure/listedinfo/announcement/c/new/2026-04-21/688388_20260421_EGKV.pdf,https://big5.sse.com.cn/site/cht/www.sse.com.cn/disclosure/listedinfo/announcement/c/new/2026-04-21/688388_20260421_EGKV.pdf,data/raw/688388.SH/2025/esg_report.pdf,38be4fd42f65a0c9b7f9f80ac4edae95780a2225c40332463f9279396b330dd5,16404897
688390.SH,固德威,2025,annual_report,https://www.sse.com.cn/disclosure/listedinfo/announcement/c/new/2026-04-29/688390_20260429_RP84.pdf,https://big5.sse.com.cn/site/cht/www.sse.com.cn/disclosure/listedinfo/announcement/c/new/2026-04-29/688390_20260429_RP84.pdf,data/raw/688390.SH/2025/annual_report.pdf,533104b8f163727d53b4b05803f141023cbfd7fa958411b748de439e75577d8c,1909628
688390.SH,固德威,2025,esg_report,https://www.sse.com.cn/disclosure/listedinfo/announcement/c/new/2026-04-29/688390_20260429_KYTL.pdf,https://big5.sse.com.cn/site/cht/www.sse.com.cn/disclosure/listedinfo/announcement/c/new/2026-04-29/688390_20260429_KYTL.pdf,data/raw/688390.SH/2025/esg_report.pdf,872d5166ecb89222f7e72418b1cc4c6218425b333ea484ad3c5ef95139b7ae68,23373991
688392.SH,骄成超声,2025,annual_report,https://www.sse.com.cn/disclosure/listedinfo/announcement/c/new/2026-03-31/688392_20260331_TAYM.pdf,https://big5.sse.com.cn/site/cht/www.sse.com.cn/disclosure/listedinfo/announcement/c/new/2026-03-31/688392_20260331_TAYM.pdf,data/raw/688392.SH/2025/annual_report.pdf,06d69f7b2bbf04c1f0d69d2b883b549feb6d3b70095c359ac517dee978068863,1797532
688408.SH,中信博,2025,annual_report,https://www.sse.com.cn/disclosure/listedinfo/announcement/c/new/2026-04-17/688408_20260417_UUI3.pdf,https://big5.sse.com.cn/site/cht/www.sse.com.cn/disclosure/listedinfo/announcement/c/new/2026-04-17/688408_20260417_UUI3.pdf,data/raw/688408.SH/2025/annual_report.pdf,b1a8c99560dee0f8e5bf5f65de69982aeb9e3873985378cfeff45a11c57515db,2848569
688429.SH,时创能源,2025,annual_report,https://www.sse.com.cn/disclosure/listedinfo/announcement/c/new/2026-04-29/688429_20260429_ORTO.pdf,https://big5.sse.com.cn/site/cht/www.sse.com.cn/disclosure/listedinfo/announcement/c/new/2026-04-29/688429_20260429_ORTO.pdf,data/raw/688429.SH/2025/annual_report.pdf,7a5fd52c54003952337d78ecaf79564c2727eff34e7aba3f859739363b9e1c04,1724614
688472.SH,阿特斯,2025,annual_report,https://www.sse.com.cn/disclosure/listedinfo/announcement/c/new/2026-04-28/688472_20260428_28E3.pdf,https://big5.sse.com.cn/site/cht/www.sse.com.cn/disclosure/listedinfo/announcement/c/new/2026-04-28/688472_20260428_28E3.pdf,data/raw/688472.SH/2025/annual_report.pdf,60d0880dc76093ffafce1eeeb5356b4a12e6bd7ed0a826f335bb8d1a9b53a0a3,3924927
688472.SH,阿特斯,2025,esg_report,https://www.sse.com.cn/disclosure/listedinfo/announcement/c/new/2026-04-28/688472_20260428_1HMS.pdf,https://big5.sse.com.cn/site/cht/www.sse.com.cn/disclosure/listedinfo/announcement/c/new/2026-04-28/688472_20260428_1HMS.pdf,data/raw/688472.SH/2025/esg_report.pdf,56daad873cdc430f2501a7d76c039968441d8bcd375bf312ca09531e33f1a320,16491718
688499.SH,利元亨,2025,annual_report,https://www.sse.com.cn/disclosure/listedinfo/announcement/c/new/2026-04-16/688499_20260416_D8ZN.pdf,https://big5.sse.com.cn/site/cht/www.sse.com.cn/disclosure/listedinfo/announcement/c/new/2026-04-16/688499_20260416_D8ZN.pdf,data/raw/688499.SH/2025/annual_report.pdf,a98e34bd7cc9a3b89dd9de72ea61370bdd68c8f3f10536c817bfcfa9a5631d56,3917235
688503.SH,聚和材料,2025,annual_report,https://www.sse.com.cn/disclosure/listedinfo/announcement/c/new/2026-03-31/688503_20260331_5PHS.pdf,https://big5.sse.com.cn/site/cht/www.sse.com.cn/disclosure/listedinfo/announcement/c/new/2026-03-31/688503_20260331_5PHS.pdf,data/raw/688503.SH/2025/annual_report.pdf,88717c7148780bdf6bd3eccf1f8a0fa2791f544f0c1505f97f2bc7796b66d3f7,1914554
688516.SH,奥特维,2025,annual_report,https://www.sse.com.cn/disclosure/listedinfo/announcement/c/new/2026-04-23/688516_20260423_ZGN5.pdf,https://big5.sse.com.cn/site/cht/www.sse.com.cn/disclosure/listedinfo/announcement/c/new/2026-04-23/688516_20260423_ZGN5.pdf,data/raw/688516.SH/2025/annual_report.pdf,b8060cf0a98504d7f1fde3621ebb2cc55dd83304cb978aacd0dec19d6f473ad0,1746950
688517.SH,金冠电气,2025,annual_report,https://www.sse.com.cn/disclosure/listedinfo/announcement/c/new/2026-04-24/688517_20260424_3XLR.pdf,https://big5.sse.com.cn/site/cht/www.sse.com.cn/disclosure/listedinfo/announcement/c/new/2026-04-24/688517_20260424_3XLR.pdf,data/raw/688517.SH/2025/annual_report.pdf,34c5f134c85f771a649ecf0a605986f7b472f3e20420f21a4c85b3a3d5256444,2082119
688517.SH,金冠电气,2025,esg_report,https://www.sse.com.cn/disclosure/listedinfo/announcement/c/new/2026-04-24/688517_20260424_F8SI.pdf,https://big5.sse.com.cn/site/cht/www.sse.com.cn/disclosure/listedinfo/announcement/c/new/2026-04-24/688517_20260424_F8SI.pdf,data/raw/688517.SH/2025/esg_report.pdf,99a300f8dd4aa4464760d3bed9a2dbba4cd77b58528c60d32b05a90e4798f490,23515185
688551.SH,科威尔,2025,annual_report,https://www.sse.com.cn/disclosure/listedinfo/announcement/c/new/2026-04-24/688551_20260424_I9OO.pdf,https://big5.sse.com.cn/site/cht/www.sse.com.cn/disclosure/listedinfo/announcement/c/new/2026-04-24/688551_20260424_I9OO.pdf,data/raw/688551.SH/2025/annual_report.pdf,1201d376c09199413a9ecfecf31cca5a727a5b7b84ae9ea72239df828f9c6db8,2393043
688551.SH,科威尔,2025,esg_report,https://www.sse.com.cn/disclosure/listedinfo/announcement/c/new/2026-04-24/688551_20260424_AJVK.pdf,https://big5.sse.com.cn/site/cht/www.sse.com.cn/disclosure/listedinfo/announcement/c/new/2026-04-24/688551_20260424_AJVK.pdf,data/raw/688551.SH/2025/esg_report.pdf,d5afb4625132f087357399b83e938239ad7c4f6cd8f513853f5ddd49b1165fe1,8670409
688556.SH,高测股份,2025,annual_report,https://www.sse.com.cn/disclosure/listedinfo/announcement/c/new/2026-03-31/688556_20260331_S27I.pdf,https://big5.sse.com.cn/site/cht/www.sse.com.cn/disclosure/listedinfo/announcement/c/new/2026-03-31/688556_20260331_S27I.pdf,data/raw/688556.SH/2025/annual_report.pdf,527e16edac1bcdb36dbebe3c6cae06625039d6a33ccbc02a1b37e7dfe2b8e67f,1738898
688560.SH,明冠新材,2025,annual_report,https://www.sse.com.cn/disclosure/listedinfo/announcement/c/new/2026-04-28/688560_20260428_B4LP.pdf,https://big5.sse.com.cn/site/cht/www.sse.com.cn/disclosure/listedinfo/announcement/c/new/2026-04-28/688560_20260428_B4LP.pdf,data/raw/688560.SH/2025/annual_report.pdf,a08934feb5d3df12493748f243e821f8feb3a674349b6b0ffb3bf0fe2e2c6811,1844251
688567.SH,孚能科技,2025,annual_report,https://www.sse.com.cn/disclosure/listedinfo/announcement/c/new/2026-04-30/688567_20260430_T7JY.pdf,https://big5.sse.com.cn/site/cht/www.sse.com.cn/disclosure/listedinfo/announcement/c/new/2026-04-30/688567_20260430_T7JY.pdf,data/raw/688567.SH/2025/annual_report.pdf,b91a893cb6141987797d1638794f22e391600d01efbc47fbd3a520094eca2e83,1620482
688573.SH,信宇人,2025,annual_report,https://www.sse.com.cn/disclosure/listedinfo/announcement/c/new/2026-04-30/688573_20260430_UFR1.pdf,https://big5.sse.com.cn/site/cht/www.sse.com.cn/disclosure/listedinfo/announcement/c/new/2026-04-30/688573_20260430_UFR1.pdf,data/raw/688573.SH/2025/annual_report.pdf,82025b229d652e01a760912c8c7a73d98098b329bc23f991c277c1d9435ce776,2044454
688597.SH,煜邦电力,2025,annual_report,https://www.sse.com.cn/disclosure/listedinfo/announcement/c/new/2026-04-25/688597_20260425_PCYB.pdf,https://big5.sse.com.cn/site/cht/www.sse.com.cn/disclosure/listedinfo/announcement/c/new/2026-04-25/688597_20260425_PCYB.pdf,data/raw/688597.SH/2025/annual_report.pdf,da2848b399271ec98bc4404d31a151870636641c42db21a02cf0d1e5cec518fd,3150803
688598.SH,金博股份,2025,annual_report,https://www.sse.com.cn/disclosure/listedinfo/announcement/c/new/2026-04-29/688598_20260429_IEVZ.pdf,https://big5.sse.com.cn/site/cht/www.sse.com.cn/disclosure/listedinfo/announcement/c/new/2026-04-29/688598_20260429_IEVZ.pdf,data/raw/688598.SH/2025/annual_report.pdf,f3184a8a5077f78c4eff0909ba4f924530e296afd921c79bf6318af46e8a6aa9,1596725
688599.SH,天合光能,2025,annual_report,https://www.sse.com.cn/disclosure/listedinfo/announcement/c/new/2026-04-30/688599_20260430_VKTH.pdf,https://big5.sse.com.cn/site/cht/www.sse.com.cn/disclosure/listedinfo/announcement/c/new/2026-04-30/688599_20260430_VKTH.pdf,data/raw/688599.SH/2025/annual_report.pdf,6d9789cced23c58dda26cddb174eda7e4e9431e17727bc501853cf7534491c99,2216545
688599.SH,天合光能,2025,esg_report,https://www.sse.com.cn/disclosure/listedinfo/announcement/c/new/2026-04-30/688599_20260430_UOP9.pdf,https://big5.sse.com.cn/site/cht/www.sse.com.cn/disclosure/listedinfo/announcement/c/new/2026-04-30/688599_20260430_UOP9.pdf,data/raw/688599.SH/2025/esg_report.pdf,afa6c2cb3b73d3160238e74fb6c97d3b3366f1b379d1d0c65a89ed4a3a1fcab5,25361337
688611.SH,杭州柯林,2025,annual_report,https://www.sse.com.cn/disclosure/listedinfo/announcement/c/new/2026-04-22/688611_20260422_6XZZ.pdf,https://big5.sse.com.cn/site/cht/www.sse.com.cn/disclosure/listedinfo/announcement/c/new/2026-04-22/688611_20260422_6XZZ.pdf,data/raw/688611.SH/2025/annual_report.pdf,c75eb5cc05d1efba9ae14b7695043583ec7c110aa1d78f875d674b77f3fec83f,1838159
688616.SH,西力科技,2025,annual_report,https://www.sse.com.cn/disclosure/listedinfo/announcement/c/new/2026-04-28/688616_20260428_Y7P3.pdf,https://big5.sse.com.cn/site/cht/www.sse.com.cn/disclosure/listedinfo/announcement/c/new/2026-04-28/688616_20260428_Y7P3.pdf,data/raw/688616.SH/2025/annual_report.pdf,8f548faaa73da4345d7a499ba04b42a167310c08ba73c7ac5c2891162f311061,1419937
688638.SH,誉辰智能,2025,annual_report,https://www.sse.com.cn/disclosure/listedinfo/announcement/c/new/2026-04-25/688638_20260425_UKMM.pdf,https://big5.sse.com.cn/site/cht/www.sse.com.cn/disclosure/listedinfo/announcement/c/new/2026-04-25/688638_20260425_UKMM.pdf,data/raw/688638.SH/2025/annual_report.pdf,ad37188e80fb0689d54e69d5c7baabc19b6933f3bc561ad84a8082193b845a2f,2119421
688660.SH,电气风电,2025,annual_report,https://www.sse.com.cn/disclosure/listedinfo/announcement/c/new/2026-05-13/688660_20260513_J48O.pdf,https://big5.sse.com.cn/site/cht/www.sse.com.cn/disclosure/listedinfo/announcement/c/new/2026-05-13/688660_20260513_J48O.pdf,data/raw/688660.SH/2025/annual_report.pdf,14626deac07bf87193eecc76af20c24782ee3a57eece14cad9011091c0f18b83,1655363
688660.SH,电气风电,2025,esg_report,https://www.sse.com.cn/disclosure/listedinfo/announcement/c/new/2026-04-21/688660_20260421_KRBF.pdf,https://big5.sse.com.cn/site/cht/www.sse.com.cn/disclosure/listedinfo/announcement/c/new/2026-04-21/688660_20260421_KRBF.pdf,data/raw/688660.SH/2025/esg_report.pdf,dc219367e61e81707cb6fa6d945fd7bf57f6250ea28956e252f308c3a28f4c65,16668573
688663.SH,新风光,2025,annual_report,https://www.sse.com.cn/disclosure/listedinfo/announcement/c/new/2026-04-09/688663_20260409_XD1N.pdf,https://big5.sse.com.cn/site/cht/www.sse.com.cn/disclosure/listedinfo/announcement/c/new/2026-04-09/688663_20260409_XD1N.pdf,data/raw/688663.SH/2025/annual_report.pdf,0c20105077c59920b2742e0863a5cfb4222740c7c9cc4c6633cd8c9224e4134d,2275785
688676.SH,金盘科技,2025,annual_report,https://www.sse.com.cn/disclosure/listedinfo/announcement/c/new/2026-03-21/688676_20260321_XTVS.pdf,https://big5.sse.com.cn/site/cht/www.sse.com.cn/disclosure/listedinfo/announcement/c/new/2026-03-21/688676_20260321_XTVS.pdf,data/raw/688676.SH/2025/annual_report.pdf,b4ed28f63fcaa6d85a8df448b87870cfc2aa9917dbac8124772b7777b6a3c797,3666815
688676.SH,金盘科技,2025,esg_report,https://www.sse.com.cn/disclosure/listedinfo/announcement/c/new/2026-03-21/688676_20260321_RGI3.pdf,https://big5.sse.com.cn/site/cht/www.sse.com.cn/disclosure/listedinfo/announcement/c/new/2026-03-21/688676_20260321_RGI3.pdf,data/raw/688676.SH/2025/esg_report.pdf,b0083aff51906c738345d6ce0d31ed6c280db46f7acadff0f8b2f79eaaee358a,74426559
688680.SH,海优新材,2025,annual_report,https://www.sse.com.cn/disclosure/listedinfo/announcement/c/new/2026-04-18/688680_20260418_MT8E.pdf,https://big5.sse.com.cn/site/cht/www.sse.com.cn/disclosure/listedinfo/announcement/c/new/2026-04-18/688680_20260418_MT8E.pdf,data/raw/688680.SH/2025/annual_report.pdf,8d04ecbd5608fbf417ef623b54ab55199e24f16a6f7a5765719134a9995d6e96,1813157
688681.SH,科汇股份,2025,annual_report,https://www.sse.com.cn/disclosure/listedinfo/announcement/c/new/2026-04-16/688681_20260416_UXOJ.pdf,https://big5.sse.com.cn/site/cht/www.sse.com.cn/disclosure/listedinfo/announcement/c/new/2026-04-16/688681_20260416_UXOJ.pdf,data/raw/688681.SH/2025/annual_report.pdf,ac979d5ac2d1f10dde3ae98ab3fccdbb3b4840ac2a362604506287de10c9de8a,2232994
688707.SH,振华新材,2025,annual_report,https://www.sse.com.cn/disclosure/listedinfo/announcement/c/new/2026-04-25/688707_20260425_QS2E.pdf,https://big5.sse.com.cn/site/cht/www.sse.com.cn/disclosure/listedinfo/announcement/c/new/2026-04-25/688707_20260425_QS2E.pdf,data/raw/688707.SH/2025/annual_report.pdf,8df88082fccbb0976e27c3318731987c5ea0e869e6990d4e49c4b5974b0c4263,1375198
688717.SH,艾罗能源,2025,annual_report,https://www.sse.com.cn/disclosure/listedinfo/announcement/c/new/2026-04-29/688717_20260429_MVI3.pdf,https://big5.sse.com.cn/site/cht/www.sse.com.cn/disclosure/listedinfo/announcement/c/new/2026-04-29/688717_20260429_MVI3.pdf,data/raw/688717.SH/2025/annual_report.pdf,3bab40f51f9e78af928e40768458a31bd193cc94bf0f67d066018cf93df83770,1794376
688719.SH,爱科赛博,2025,annual_report,https://www.sse.com.cn/disclosure/listedinfo/announcement/c/new/2026-04-22/688719_20260422_4510.pdf,https://big5.sse.com.cn/site/cht/www.sse.com.cn/disclosure/listedinfo/announcement/c/new/2026-04-22/688719_20260422_4510.pdf,data/raw/688719.SH/2025/annual_report.pdf,93327bacfddd341fbf7f6b980923c6e1cbc644b2aef509b21163a97cae8aba08,2333465
688733.SH,壹石通,2025,annual_report,https://www.sse.com.cn/disclosure/listedinfo/announcement/c/new/2026-04-17/688733_20260417_W6XA.pdf,https://big5.sse.com.cn/site/cht/www.sse.com.cn/disclosure/listedinfo/announcement/c/new/2026-04-17/688733_20260417_W6XA.pdf,data/raw/688733.SH/2025/annual_report.pdf,f880848256ec163a505c02eebc98d6470811aa47cbe434d718a48084da2cb4c3,1628639
688772.SH,珠海冠宇,2025,annual_report,https://www.sse.com.cn/disclosure/listedinfo/announcement/c/new/2026-03-31/688772_20260331_W55T.pdf,https://big5.sse.com.cn/site/cht/www.sse.com.cn/disclosure/listedinfo/announcement/c/new/2026-03-31/688772_20260331_W55T.pdf,data/raw/688772.SH/2025/annual_report.pdf,962c3570df4de388333df17cefd5c4c8204c95136c6b90511ba0d05b91d0252e,1916604
688778.SH,厦钨新能,2025,annual_report,https://www.sse.com.cn/disclosure/listedinfo/announcement/c/new/2026-04-23/688778_20260423_IURT.pdf,https://big5.sse.com.cn/site/cht/www.sse.com.cn/disclosure/listedinfo/announcement/c/new/2026-04-23/688778_20260423_IURT.pdf,data/raw/688778.SH/2025/annual_report.pdf,2c6c319daab12a7bcb170c57732bc32293b64d4f0608e0288c88dddff1f98f1f,1709962
688778.SH,厦钨新能,2025,esg_report,https://www.sse.com.cn/disclosure/listedinfo/announcement/c/new/2026-04-23/688778_20260423_RJYM.pdf,https://big5.sse.com.cn/site/cht/www.sse.com.cn/disclosure/listedinfo/announcement/c/new/2026-04-23/688778_20260423_RJYM.pdf,data/raw/688778.SH/2025/esg_report.pdf,20062deac21862bdbb24cc365cc618a34c4c28802fcc601afd34d55fbd624090,38342334
688779.SH,五矿新能,2025,annual_report,https://www.sse.com.cn/disclosure/listedinfo/announcement/c/new/2026-04-29/688779_20260429_6XCV.pdf,https://big5.sse.com.cn/site/cht/www.sse.com.cn/disclosure/listedinfo/announcement/c/new/2026-04-29/688779_20260429_6XCV.pdf,data/raw/688779.SH/2025/annual_report.pdf,237d6c853db76a1e853390e6b2c1e1321b45b411fa3a8aa466262be1baabfbc2,1494134
688819.SH,天能股份,2025,annual_report,https://www.sse.com.cn/disclosure/listedinfo/announcement/c/new/2026-03-28/688819_20260328_AAOL.pdf,https://big5.sse.com.cn/site/cht/www.sse.com.cn/disclosure/listedinfo/announcement/c/new/2026-03-28/688819_20260328_AAOL.pdf,data/raw/688819.SH/2025/annual_report.pdf,e38e6e50b5281b44d5d3f8e781f915ee1b1849e3b82a676fe28014f3eafc0023,2032178
688819.SH,天能股份,2025,esg_report,https://www.sse.com.cn/disclosure/listedinfo/announcement/c/new/2026-03-28/688819_20260328_76I5.pdf,https://big5.sse.com.cn/site/cht/www.sse.com.cn/disclosure/listedinfo/announcement/c/new/2026-03-28/688819_20260328_76I5.pdf,data/raw/688819.SH/2025/esg_report.pdf,75062e0e3769106be608503ead7a749c06f8f43f3c86299de2eaef0cb4a9c98a,60056080
